simple.classes,simple.attributes,simple.nominal,simple.samples,simple.dimensionality,simple.numeric_rate,simple.symbols_max,simple.class_prob_min,simple.class_prob_max,simple.class_prob_mean,statistical.skewness,statistical.skewness_prep,statistical.kurtosis,statistical.abs_cor,statistical.cancor_1,statistical.fract_1,inftheo.attribute_entropy,inftheo.normalized_attribute_entropy,inftheo.mutual_information,inftheo.equivalent_attributes,inftheo.noise_signal_ratio,modelbased.nodes,modelbased.nodes_per_attribute,modelbased.nodes_per_instance,modelbased.leaf_corrobation,modelbased.level_min,modelbased.branch_min,modelbased.branch_max,modelbased.attribute_min,modelbased.attribute_max,landmarking.naive_bayes,landmarking.stump_sd,landmarking.nn_1,f1,f1v,f2,f3,f4,l1,l2,l3,n2,n4,t1,t2,density,closeness,clsCoef,hubs,avgPath,ela_meta.lin_simple.adj_r2,ela_meta.lin_simple.intercept,ela_meta.lin_w_interact.coef_min,ela_meta.lin_w_interact.coef_max,ela_disp.ratio_mean_02,ela_disp.dist_all_mean,ela_ic.h_max,ela_ic.eps_s,ela_ic.eps_ratio,ela_cm.mean_ofs_10,ela_lc.r_pearson_dist_centroid,ela_lc.r_pearson_nn,ela_lc.y_skewness,ela_lc.y_kurtosis,nbc.nn_nb.dist.ratio.mean,nbc.nn_nb.dist.ratio.sd,nbc.nb.fitness.ratio.mean,nbc.nb.fitness.ratio.sd,nbc.n_candidates,nbc.dist.ratio.coeff_var,fdc.r,fdc.p_value,fdc.dist.mean,gh.mean,gh.norm.mean,gh.norm.sd,ls.mean,ls.min,ls.ratio,sample.y_max,sample.y_mean
2.0,14.0,8.0,4562.0,0.003069,0.428571,39.0,0.248137,0.751863,0.5,3.304282,13.855256,57.613233,0.184244,0.609164,1.0,1.300331,0.498574,0.04622,12.122069,27.133671,7.0,0.5,0.001534,0.125,2.0,3.0,5.0,0.0,3.0,0.821131,0.011272,0.767646,0.365,3.302,0.267,0.026,0.04,0.781,0.196,0.389,0.603,0.271,0.996,325.857,0.109348,0.0,0.202783,0.786903,4.324817,0.5474536068046802,0.21054538764862,-0.0213703415907439,0.0186888063043636,1.4528120706763574,15.60387502878943,2.035435030662306,0.001,499.9999995,0.3146245653832256,-0.0166499115851079,0.9984762758476936,1.2759223801110369,-0.0789380472959968,77.95122168870132,176.48559849987362,0.8869149468470168,0.1002195527157057,6.666666666666667e-05,2.264051732308541,-0.0969497234358578,1.449721813336901e-63,16.068543106638753,0.0105789990816533,0.066973311730492,0.11988722940153,2.964956606729298,0.8247788880655063,6.18970053581371,0.768105969737242,0.5555292019982596
2.0,47.0,0.0,4562.0,0.010302,1.0,2.0,0.248137,0.751863,0.5,6.494871,6.494871,158.014522,0.054273,0.597873,1.0,0.417184,0.09887,0.014956,37.462413,26.894542,5.0,0.106383,0.001096,0.166667,2.0,3.0,5.0,0.0,2.0,0.680842,0.00627,0.770715,0.693,2.976,0.0,0.026,0.046,0.988,0.178,0.248,0.485,0.25,0.998,97.064,0.144943,0.0,0.280013,0.595926,1.941041,0.5407523101705337,0.2269018073238234,-0.0218160832815181,0.0200713523455415,1.4576187920402737,15.601169165331752,2.0439520707626033,0.001,499.9999995,0.3287243959358661,-0.0702406751995137,0.9984637982858916,1.1561539418584583,-0.4136663532597393,72.14660715982016,163.98174348946048,0.8620100692825665,0.1115608860574749,3.3333333333333335e-05,2.272896120065682,0.246792219322832,0.0,12.45572763763691,0.0088431558258881,0.0709851020222513,0.1305897216250334,4.37098457085005,2.938961792290366,1.9745092857724464,0.772032814857485,0.5611535100631267
2.0,8.0,0.0,369.0,0.02168,1.0,2.0,0.447154,0.552846,0.5,3.699077,3.699077,29.002704,0.29935,0.340004,1.0,0.694714,0.235941,0.019753,34.808049,34.170662,6.0,0.75,0.01626,0.142857,2.0,2.0,6.0,0.0,3.0,0.539295,0.021822,0.688347,0.156,0.566,0.004,0.049,0.079,0.876,0.447,0.5,0.777,0.411,0.995,46.125,0.103172,1.5e-05,0.189859,0.759316,2.967594,0.4869040850154396,0.2473969333988752,-0.0070229512407303,0.0166930227431573,1.165917082300194,15.639520927555113,2.361246183619143,0.01,49.999999995,0.1987806980931503,-0.2650932392148524,0.9190297255439988,0.8498732194940203,-0.8271808348824683,54.19710150143419,164.06586547350312,0.757850969122225,0.1889914907151207,3.3333333333333335e-05,3.0272073769324823,-0.4880381349064588,0.0,15.556420904858768,0.0005897210806292,0.3191664115654986,0.5477717160646055,1.4878149550732986,1.1441934566765877,1.6006353145804386,0.695407466265195,0.5368438394870699
2.0,37.0,0.0,1458.0,0.025377,1.0,2.0,0.122085,0.877915,0.5,4.278449,4.278449,46.50384,0.3649,0.568092,1.0,0.675501,0.1857,0.014632,25.3587,45.164711,21.0,0.567568,0.014403,0.045455,2.0,2.0,13.0,0.0,3.0,0.879287,0.0,0.874486,0.592,5.899,0.0,0.123,0.349,0.265,0.122,0.5,0.446,0.287,0.998,39.405,0.147984,3e-06,0.24485,0.779664,4.031724,0.4394076879758155,0.1413769741998195,-0.0118908092656433,0.014551060252187,1.6266781834738384,15.64657917703875,2.276868387311106,0.001,499.9999995,0.2273348716218868,0.0247364246997953,0.9910974170526936,1.7201049076848078,1.341297090193554,76.62263859721106,191.97531485067853,0.8523433590367883,0.1258175363889944,6.666666666666667e-05,2.5054646820484674,-0.4541738301690006,0.0,17.53931618938924,0.0017203676767731,0.0935361135316042,0.1919182953621441,3.6185584274257945,2.6227006333234626,1.75941400360247,0.78696515922931,0.5365553848713597
2.0,37.0,0.0,1563.0,0.023672,1.0,2.0,0.102367,0.897633,0.5,6.428958,6.428958,124.244943,0.419897,0.444716,1.0,0.566095,0.15346,0.009452,34.941598,58.894161,21.0,0.567568,0.013436,0.045455,2.0,3.0,12.0,0.0,4.0,0.458093,0.0,0.873321,0.505,0.417,0.0,0.065,0.137,0.205,0.102,0.5,0.489,0.363,1.0,42.243,0.153051,4e-06,0.259441,0.777148,4.042278,0.236511753779365,0.0969346774655647,-0.0046617832772323,0.0078114787107757,0.5393008542416584,15.646981477492249,2.1692652915446855,0.001,499.9999995,0.1416180625677806,-0.0056579650389834,0.953263433680808,2.789838893160495,6.910209117902879,69.76786948936638,185.0971739320383,0.8542826254754171,0.1316596381346743,0.0001,2.6530432316017207,-0.2822807829765783,0.0,12.001775710213597,0.0001292309150802,0.1163602146174412,0.2968111165148043,2.6516600540029085,1.6548938909909168,2.204628488191525,0.652641477151502,0.5096457226838086
2.0,39.0,0.0,161.0,0.242236,1.0,2.0,0.322981,0.677019,0.5,2.327212,2.327212,11.197692,0.507705,0.635978,1.0,0.720494,0.2809,0.03882,16.205318,17.559686,7.0,0.179487,0.043478,0.125,2.0,2.0,8.0,0.0,1.0,0.73913,0.029015,0.695652,0.295,6.46,1e-06,0.161,0.988,0.609,0.292,0.478,0.772,0.273,1.0,4.128,0.114363,9.5e-05,0.184703,0.779501,3.876147,0.3987893815973247,0.3257311402291003,-0.0072562208843623,0.0065831383465469,0.5523660690726991,15.697220922452244,2.3212604032642266,0.0001,4999.99995,0.1196410153183309,0.090261431591068,0.8640984231725155,2.035540713736246,3.0818034504546308,63.76008170900131,131.3942176773922,0.9159437331000684,0.0906275309632455,3.3333333333333335e-05,2.060759869742146,-0.3274838640230758,0.0,12.316132882787429,0.0001142755419134,0.196829151594176,0.4100912177055703,1.4021150072135526,0.9369446392190212,1.992951661223596,0.733378136200717,0.5192147744922342
2.0,38.0,0.0,9466.0,0.004014,1.0,2.0,0.007184,0.992816,0.5,11.008148,11.008148,445.882156,0.452292,0.358243,1.0,0.425107,0.092925,0.004162,10.238068,101.128397,8.0,0.210526,0.000845,0.111111,2.0,2.0,8.0,0.0,2.0,0.938306,0.0,0.99419,1.738,10.56,0.0,0.535,0.631,0.015,0.007,0.5,0.021,0.378,0.999,249.105,0.20415,1e-06,0.412297,0.750416,2.865985,0.2161697500820728,0.0739438796649783,-0.0027248436767035,0.0049810290466742,0.5291318512449982,15.669740490412774,2.166026954227669,0.001,499.9999995,0.0841728944498291,-0.0371601194345281,0.7740627470375113,3.188359890783263,11.18154411779797,71.6944149316996,146.0100789956247,0.8223669731401348,0.2012680293048284,0.0001,2.036561413252631,-0.5391547845048157,0.0,18.043244679221143,3.970245514072166e-05,0.1735064843345397,0.4358538993685161,1.455966742739094,1.0511214445567958,1.7703111762734811,0.663700935274539,0.5065905064572577
2.0,29.0,0.0,107.0,0.271028,1.0,2.0,0.186916,0.813084,0.5,2.632114,2.632114,14.16589,0.542723,0.716624,1.0,0.508659,0.220908,0.069946,6.887068,6.272207,1.0,0.034483,0.009346,0.5,2.0,2.0,2.0,0.0,1.0,0.859813,0.027918,0.766355,0.974,7.332,0.0,0.439,0.981,0.409,0.178,0.5,0.731,0.257,0.991,3.69,0.141069,0.000346,0.231281,0.771435,3.977279,0.3640478598571791,0.2636370454001221,-0.0075042358676336,0.0072733890080473,2.016633863361571,15.6684162978934,1.4523398026463492,0.01,49.999999995,0.1307423092250038,0.0941721392789893,0.8652157962304222,2.182949424517036,3.6078090667328873,121.47652717278568,236.33244091925008,0.8780067475313498,0.0941734053314925,3.3333333333333335e-05,1.9454988253252732,-0.3666528339581695,0.0,12.328037311776994,6.896412828868248e-05,0.1920594163040959,0.4537638058498243,1.530456481752554,0.8147755969877863,2.7567558169617525,0.783000949667616,0.5232513691041469
2.0,21.0,0.0,522.0,0.04023,1.0,2.0,0.204981,0.795019,0.5,4.42648,4.42648,32.985683,0.742975,0.598582,1.0,0.304279,0.097043,0.041356,12.265086,6.357616,7.0,0.333333,0.01341,0.125,2.0,2.0,6.0,0.0,2.0,0.837165,0.018381,0.808429,0.85,6.758,0.0,0.042,0.151,0.42,0.197,0.492,0.75,0.241,1.0,24.857,0.158625,1.5e-05,0.269719,0.767708,3.334102,0.446656200522492,0.2593748831827601,-0.0121985463855827,0.0114659024278756,0.4405513374878522,15.655763694622076,2.390026395536823,0.01,49.999999995,0.19694152162793,-0.1377733811090141,0.961083557038992,1.21346683876616,-0.2221668194785269,56.73910566575869,186.6052901731572,0.8972130100031718,0.0949682752913588,3.3333333333333335e-05,3.288830304665302,-0.341428425262484,0.0,12.564818828946716,0.0001770791415363,0.191299814122843,0.3453180905489497,1.782828667452487,1.2971453895993896,1.7488494069307392,0.737834776981282,0.5341641183653038
2.0,29.0,0.0,101.0,0.287129,1.0,2.0,0.148515,0.851485,0.5,1.583703,1.583703,5.716994,0.50794,0.693683,1.0,0.649516,0.282081,0.028968,14.503265,21.422194,1.0,0.034483,0.009901,0.5,2.0,2.0,2.0,0.0,1.0,0.871287,0.007893,0.841584,0.53,20.095,0.0,0.218,0.99,0.29,0.149,0.5,0.589,0.252,0.921,3.483,0.149109,0.00048,0.23928,0.748891,3.763064,0.240631080421475,0.2938080694378738,-0.004116744078226,0.0037016357132119,2.2054570166206946,15.696682150645309,1.5356354854405736,0.01,49.999999995,0.0717312096755488,0.1319341028087689,0.6479395099494096,2.87660483517975,8.873711409830419,105.60657173191474,190.87774263379913,0.8876269169818752,0.1195293876831487,3.3333333333333335e-05,1.8074418997176225,-0.4464206050769974,0.0,15.45996435527602,-1.5258925710995451e-06,0.1996960233655701,0.5109574804299013,1.716447457741705,0.7896091539937572,3.3475875350695383,0.786594202898551,0.5125540720611916
2.0,39.0,0.0,458.0,0.085153,1.0,2.0,0.093886,0.906114,0.5,2.587199,2.587199,14.705653,0.564353,0.537445,1.0,0.73937,0.242853,0.030952,10.062047,22.887771,6.0,0.153846,0.0131,0.142857,2.0,3.0,5.0,0.0,1.0,0.847162,0.001067,0.884279,0.708,8.929,1.3e-05,0.286,0.644,0.19,0.094,0.5,0.413,0.332,0.998,11.744,0.164477,4.3e-05,0.303781,0.787374,3.894442,0.3050011074429019,0.181424815902618,-0.0052302608902555,0.0056852678932072,0.5787486629120826,15.676455979677897,2.190344579152593,1e-05,49999.9950000005,0.1050347378772332,0.1160308381771818,0.8811905208302241,2.678998982323134,6.567824478743008,70.55639543474715,221.33548978477856,0.9032643051461868,0.1051211392806412,3.3333333333333335e-05,3.1370010956621743,-0.4330049912932023,0.0,14.290494899459356,-7.669974402544951e-06,0.1447342762229541,0.357446630065198,1.7318255793113726,1.295446518297648,1.6737121986113874,0.724016016663075,0.5117359741075918
2.0,86.0,0.0,145.0,0.593103,1.0,2.0,0.413793,0.586207,0.5,2.319703,2.319703,10.788349,0.421319,0.910263,1.0,0.735869,0.296136,0.055605,12.19701,12.233972,4.0,0.046512,0.027586,0.2,2.0,2.0,5.0,0.0,1.0,0.682759,0.069455,0.717241,0.917,11.311,0.0,0.359,1.0,0.644,0.262,0.203,0.78,0.224,1.0,1.686,0.137644,9.8e-05,0.236058,0.760179,3.367507,0.4569950788752299,0.2108956417547865,-0.0151250082952506,0.0120277463646701,1.752834201566603,15.594453849694156,1.8084463686460133,0.01,49.999999995,0.2311926072369328,0.0377415762362022,0.9583559632711928,1.5186808115945098,0.6170653860710473,85.30560625304308,295.9377600301206,0.755154161760421,0.1553286250186117,6.666666666666667e-05,3.4691478441906067,-0.3549995535358633,0.0,12.430013054630273,0.000131809373503,0.1929258027172108,0.41716489461299,2.4226181705638763,1.2609067994161214,2.84266017390703,0.818518518518519,0.5457542283950617
2.0,21.0,0.0,2109.0,0.009957,1.0,2.0,0.154576,0.845424,0.5,3.796243,3.796243,34.634973,0.707575,0.467723,1.0,0.747348,0.195199,0.04141,10.397722,17.047733,7.0,0.333333,0.003319,0.125,2.0,2.0,5.0,0.0,1.0,0.825036,0.0,0.84495,0.533,3.934,0.001,0.009,0.042,0.31,0.155,0.5,0.679,0.414,0.986,100.429,0.162952,1e-06,0.274453,0.734393,3.295469,0.3696568736868102,0.2299239851115328,-0.0091126079391357,0.0102041057084179,0.403032879096205,15.643538508733547,2.3209255831033415,0.01,49.999999995,0.1736732097879784,-0.1219569980523537,0.9668177195448272,1.5966339931585094,1.364499355270646,58.0488535223429,163.18723177617468,0.8966305544733545,0.1092432798228877,3.3333333333333335e-05,2.811205077691352,-0.3310340882954723,0.0,16.043116575001,0.0002828387967625,0.1583251109704685,0.2822797390474332,2.206142804442192,1.8533986543889855,1.380645738807667,0.644892580921047,0.5159433943112924
2.0,21.0,0.0,1109.0,0.018936,1.0,2.0,0.069432,0.930568,0.5,5.560927,5.560927,69.03357,0.667721,0.386223,1.0,0.363026,0.103825,0.013649,18.475103,25.597212,5.0,0.238095,0.004509,0.166667,2.0,3.0,5.0,0.0,1.0,0.889991,0.001293,0.920649,0.248,5.838,4e-06,0.053,0.237,0.14,0.069,0.5,0.517,0.387,0.993,52.81,0.165028,1e-05,0.318676,0.773848,3.981515,0.3676905879145902,0.1476427916254524,-0.00370935369285,0.0088944532555635,0.500238189898806,15.694899180970497,2.2031537721543,0.001,499.9999995,0.115573669238848,-0.0566402925393117,0.8184296780368545,1.9199995409608464,3.008922863570459,68.96794648156684,209.45600587965728,0.8511795849325926,0.1698412686913582,3.3333333333333335e-05,3.03700510983948,-0.4722469814422663,0.0,12.104287567385464,0.0002700989677606,0.2409525313118469,0.4729743190692388,1.3722934709748034,0.6728048053540746,3.079321253512961,0.657809618385587,0.5124084572279757
2.0,36.0,0.0,5589.0,0.006441,1.0,2.0,0.004115,0.995885,0.5,10.228512,10.228512,377.406224,0.511614,0.341067,1.0,0.401288,0.092945,0.002956,9.036328,134.750946,0.0,0.0,0.0,1.0,0.0,1.0,1.0,0.0,0.0,0.972088,0.0,0.992127,1.066,18.799,0.0,0.336,0.618,0.009,0.004,0.5,0.057,0.424,0.988,155.25,0.194872,7e-06,0.325794,0.777504,2.994354,0.0801595932557759,0.1317345907399782,-0.0013377806147312,0.0016692611761891,0.4172909193185624,15.6341623259509,2.17939952861862,0.0,500000000000.0,0.0421886686956292,0.0783766224481373,0.5899817480606504,5.274997120606924,34.256895058316694,76.04584172919878,309.31477590962396,0.9394855975722196,0.1225290828817845,3.3333333333333335e-05,4.067477838053234,-0.3071736894374751,0.0,18.383809722307028,0.0001680162866579,0.0959740280780418,0.3374258982168507,1.27460801335869,1.2049884388995082,1.115552269567343,0.614629948364888,0.5014865247278509
2.0,37.0,0.0,403.0,0.091811,1.0,2.0,0.076923,0.923077,0.5,1.991251,1.991251,11.087073,0.480686,0.510496,1.0,0.930843,0.310723,0.027158,9.985627,33.275129,2.0,0.054054,0.004963,0.333333,2.0,2.0,3.0,0.0,1.0,0.833747,0.000902,0.873449,0.658,7.521,3e-06,0.362,0.851,0.156,0.077,0.5,0.582,0.357,1.0,10.892,0.158179,6.6e-05,0.251653,0.772783,4.068936,0.2661207854481929,0.1912451675260564,-0.0059340004529824,0.0059775349498237,0.5659194409483858,15.640491156171745,2.2160020856768874,0.001,499.9999995,0.1144174915314731,0.1133302849644236,0.8536025481039421,2.8421466717295756,7.472667113345473,69.8938430258048,157.6272060826685,0.9041515687606756,0.1228150695240871,3.3333333333333335e-05,2.255237360814032,-0.4297300371332929,0.0,14.89464245725491,1.1913826624906082e-05,0.1862284698348537,0.4797995414232482,1.7351172856328378,1.3818032298053329,1.511381140535507,0.707996406109614,0.5116697717214069
2.0,8.0,0.0,274.0,0.029197,1.0,2.0,0.489051,0.510949,0.5,4.213328,4.213328,33.820364,0.306971,0.52327,1.0,0.655495,0.231361,0.039057,17.740802,15.78291,5.0,0.625,0.018248,0.166667,2.0,2.0,6.0,0.0,2.0,0.69708,0.059999,0.664234,0.298,14.17,0.051,0.018,0.066,0.795,0.358,0.359,0.794,0.305,1.0,34.25,0.121681,2.6e-05,0.201067,0.770793,3.004008,0.4616523966827662,0.3252695579490839,-0.0095943223759255,0.0214354590906384,1.0647430177194088,15.661408597127323,2.902841663942329,0.01,49.999999995,0.2747832200249926,-0.3954336210158841,0.9411083663678604,0.37286188014127,-1.5622716908748575,11.984582983998708,49.50922819379758,0.7495214625407493,0.2263039778951337,0.0001666666666666,4.131076422091283,-0.2515537364025568,0.0,20.58922920404636,0.0014577896827064,0.4417799884900685,0.502969298038772,1.7265719352477256,1.486865231482092,1.3224323209522293,0.815142276422764,0.594157445799458
2.0,8.0,0.0,130.0,0.061538,1.0,2.0,0.084615,0.915385,0.5,1.330007,1.330007,5.277147,0.618744,0.421726,1.0,0.957921,0.399484,0.034667,8.362505,26.632409,1.0,0.125,0.007692,0.5,2.0,2.0,2.0,0.0,1.0,0.846154,0.00272,0.892308,0.733,8.533,0.125,0.208,0.9,0.17,0.085,0.5,0.209,0.346,0.923,16.25,0.149672,0.000481,0.289092,0.749117,4.230736,0.103932507009713,0.197353496787087,-0.0017624304344503,0.0030984123313461,0.5341623309381468,15.639497041439997,1.381194025219487,0.01,49.999999995,0.0647261331837197,0.0090467297785269,0.6240563936730023,3.9624864670720146,17.23559524407369,107.9632280532333,262.9364708191425,0.8833789849718683,0.1273241482346758,0.0001,2.435426168338486,-0.3539976444655511,0.0,15.665554425086937,1.0107180720067903e-05,0.1649092594927448,0.4823703881468902,1.2053587314832388,0.5884708176644666,3.096579457467542,0.786772486772487,0.5080871604938272
3.0,10.0,4.0,478.0,0.020921,0.6,9.0,0.188285,0.516736,0.333333,0.44569,1.678991,2.202891,0.248379,0.328771,0.524743,1.17905,0.581071,0.02075,48.948155,55.821113,8.0,0.8,0.016736,0.111111,2.0,2.0,6.0,0.0,3.0,0.543933,0.0,0.560669,0.084,0.315,1.917,0.013,0.013,0.638667,0.316333,0.474333,1.404,0.526,0.995,39.2,0.081235,7e-06,0.16743,0.600961,2.262664,0.3409219963431094,0.3174488517360292,-0.0118535397446943,-0.0023495113181765,0.5042622424458695,15.65675419100505,2.2931547113845707,0.01,49.999999995,0.1499461856479446,0.0274487099833939,0.8941885563570293,0.3206417975118676,0.2471465237042434,60.55050392607792,138.77300786333856,0.7736805095759973,0.2245521233324502,3.3333333333333335e-05,2.291855539844144,0.1758007627548567,8.463752025651105e-207,12.468822038358642,7.163180003059276e-05,0.2632246651820136,0.4869824352900299,0.9660519561510822,0.7759322900867593,1.4900418979659165,0.451567632363156,0.3284178923975539
3.0,6.0,4.0,151.0,0.039735,0.333333,26.0,0.324503,0.344371,0.333333,0.285015,4.177003,2.076022,0.489219,0.767461,0.517663,1.588005,0.710919,0.133606,8.220498,10.88575,9.0,1.5,0.059603,0.1,2.0,2.0,6.0,0.0,3.0,0.701987,0.052717,0.609272,8.251,0.662333,1.285,0.338,0.563,0.657,0.333333,0.5,0.735,0.45,0.914,25.167,0.064018,5e-05,0.089136,0.793922,2.547619,0.465922363304855,0.2965621616036328,-0.011710803385809,0.0150787903828912,1.153492171205392,15.690417703860254,2.7210989481833505,0.01,49.999999995,0.2168416180144803,-0.1642504234146743,0.9187333905886576,1.0813056070641975,-0.4728448406110623,23.627677597803363,74.18259992973188,0.8254402759173401,0.1251728173836101,6.666666666666667e-05,3.1396483900146586,-0.3386835928711229,0.0,15.176551700543218,0.0001960807752457,0.3948436466080514,0.5012099052873478,3.0577328154592425,0.2890555792101331,20.156711963869764,0.662830687830688,0.3973191424162255
2.0,11.0,3.0,294.0,0.037415,0.727273,2.0,0.285714,0.714286,0.5,0.879203,1.170131,3.591574,0.238791,1.0,1.0,0.960701,0.4973,0.076856,7.784264,11.499966,1.0,0.090909,0.003401,0.5,2.0,2.0,2.0,0.0,1.0,1.0,0.085833,1.0,0.061,1.547,0.07,0.973,0.973,0.000231,0.0,0.0,0.16,0.0,0.721,26.727,0.101646,3.1e-05,0.27774,0.795673,4.453224,0.483890864122133,0.2651639067649304,-0.0227589592640264,0.0254005305047768,1.7749926519279473,15.632994511934507,0.9581927375751,0.01,49.999999995,0.387983937800672,-0.1226542123755821,0.9978584567118514,1.033236966746701,-0.866594695065869,27.80666048878858,55.45638017450994,0.8675440782927732,0.2132503203934599,0.7002333333333334,1.994355999594684,0.3772557265911386,0.0,15.070625226022392,0.0017159452840492,0.0614255031649995,0.2549464435783892,1.9675663522435265,1.6905493807649434,1.327724199754016,1.0,0.6331929203331164
2.0,8.0,1.0,320.0,0.025,0.875,3.0,0.334375,0.665625,0.5,2.13844,3.919587,11.674521,0.291523,0.322516,1.0,0.658517,0.233067,0.010621,59.999957,61.003957,5.0,0.625,0.015625,0.166667,2.0,3.0,4.0,0.0,2.0,0.665625,0.0,0.634375,0.163,0.242,0.0,0.024,0.063,0.777,0.389,0.5,0.891,0.313,0.984,15.75,0.116007,2.4e-05,0.220617,0.655555,2.473425,0.4168705598401749,0.4667194868753306,-0.00710091237708,-0.0061398021238079,0.5588234295616616,15.679600867558683,2.261051034264441,0.01,49.999999995,0.1023863997276899,0.0405548068690491,0.7868656550454892,-0.5523243909317602,-0.095521831708087,64.16144387795327,141.85164442713778,0.8491728303727866,0.1403191620133312,3.3333333333333335e-05,2.210854928654087,0.317960255474117,0.0,17.88128062501962,0.000108589041056,0.2716646360767615,0.4401768456905343,1.2497087543699397,0.6231066395822825,3.011219508770481,0.668495514147688,0.4781400161030595
3.0,4.0,0.0,625.0,0.0064,1.0,3.0,0.0784,0.4608,0.333333,0.373424,0.373424,2.003462,0.236134,0.822601,0.999058,1.609438,0.5,0.09382,9.738265,16.154444,12.0,3.0,0.0192,0.076923,2.0,4.0,6.0,1.0,4.0,0.9088,0.0,0.8064,0.204,0.161356,3.0,0.0,0.0,0.625,0.333333,0.5,0.677,0.327,0.914,156.25,0.119503,5e-06,0.238548,0.585038,1.819396,0.4667405309611968,0.3453418499306552,-0.016214279227784,0.0134453593281695,0.7089097399511756,15.604015555462516,2.827050772905821,0.01,49.999999995,0.2302645069939921,-0.2091555652203929,0.8808902147936728,0.6768757404281971,-0.2104996413848474,2.919718278196374,13.220152699865531,0.8490854765727923,0.2313531000989864,0.1466666666666666,4.527886405543078,0.5765415410822642,0.0,20.4063876573161,0.001206882081276,0.5255959192310208,0.6478065649180923,1.3717577994666454,1.0484225239718294,1.61680337478651,1.0,0.5636039367144284
2.0,9.0,9.0,286.0,0.031469,0.0,11.0,0.297203,0.702797,0.5,0.0,3.143176,3.0,0.286746,0.468648,1.0,1.043799,0.797878,0.023474,25.921312,43.466269,8.0,0.888889,0.027972,0.111111,2.0,3.0,5.0,0.0,3.0,0.758741,0.009378,0.678322,0.021,0.849,0.667,0.003,0.007,0.586,0.297,0.5,0.865,0.392,1.0,31.778,0.145405,1.6e-05,0.233062,0.693721,1.455446,0.2873723030906667,0.2568092372871933,-0.0076124096748648,0.0049432461472897,0.5766809009737691,15.66241673672155,2.30536994303032,0.01,49.999999995,0.1209900211985573,0.1240230335437198,0.8656388338249552,2.3977543368352716,4.893530260602116,66.93612168367183,160.54260395986452,0.8734649124936114,0.1086302106721772,3.3333333333333335e-05,2.3984449639696463,-0.2653263578254726,0.0,12.099163918660029,1.5931707910413073e-05,0.196253424051599,0.4561561416985192,1.3884210779699069,1.294559951489084,1.145008543439468,0.685793002621496,0.5100279566948982
2.0,37.0,0.0,253.0,0.146245,1.0,2.0,0.106719,0.893281,0.5,1.707479,1.707479,8.381491,0.458417,0.521175,1.0,1.003954,0.3621,0.030069,11.294025,32.388261,2.0,0.054054,0.007905,0.333333,2.0,2.0,3.0,0.0,1.0,0.798419,0.001437,0.814229,0.578,2.621,2e-06,0.237,1.0,0.216,0.107,0.5,0.694,0.356,1.0,6.838,0.142449,0.000116,0.278352,0.781078,4.263284,0.2489181265338323,0.2144983532075214,-0.0049227423062855,0.0055154283766704,2.203128609050236,15.668985673167189,1.600091496052107,0.001,499.9999995,0.1016976178705013,0.1056879988755136,0.7920591983951353,3.0064217275879153,8.790473903249497,97.92755583668348,367.26166183839314,0.9050765294063752,0.1209597711589458,3.3333333333333335e-05,3.75034032760791,-0.3840260689480835,0.0,13.40089409187582,0.0001449846396183,0.1911038802497582,0.5091370450967513,2.4501492454009988,0.8951810504874913,4.474086485777323,0.728276509608819,0.5122138785240464
2.0,37.0,0.0,661.0,0.055976,1.0,2.0,0.078669,0.921331,0.5,3.313726,3.313726,19.602723,0.495604,0.496889,1.0,0.609075,0.186942,0.017856,15.429559,33.110947,6.0,0.162162,0.009077,0.142857,2.0,2.0,7.0,0.0,1.0,0.889561,0.002261,0.907716,0.438,3.404,0.0,0.389,0.852,0.163,0.079,0.5,0.499,0.365,1.0,17.865,0.157145,2.5e-05,0.37733,0.778236,4.102854,0.3876206218772199,0.0866828898215243,-0.0052601187903987,0.0093625697665579,1.5999396232317646,15.616874813906357,1.868486678737284,0.01,49.999999995,0.1334472192875518,-0.0304953863984014,0.8982326912749539,2.2165990806288827,4.716029235238626,84.42886534520785,162.89667306463056,0.6230287596775514,0.2020561356712754,3.3333333333333335e-05,1.9293955023389944,-0.2018635724194369,2.342483891395358e-273,11.919782771864162,0.0002522683160685,0.1958161127850411,0.3831416980456985,1.359051216900371,0.9688161060452724,1.8055917081047377,0.783044221261434,0.5222616175430519
2.0,37.0,0.0,1043.0,0.035475,1.0,2.0,0.121764,0.878236,0.5,5.895785,5.895785,96.625446,0.396921,0.466118,1.0,0.615253,0.177525,0.009414,39.350222,64.358292,11.0,0.297297,0.010547,0.083333,2.0,2.0,10.0,0.0,3.0,0.310642,0.0,0.853308,0.499,1.965,0.0,0.236,0.46,0.244,0.122,0.5,0.592,0.355,0.999,28.189,0.144092,7e-06,0.271755,0.78201,4.128425,0.2416139774912049,0.0925057634507099,-0.0043381501995287,0.0075512064099188,1.9659144887845983,15.645940646493166,1.5388803858721076,0.001,499.9999995,0.1350691670030441,-0.010450625080246,0.9464151297952356,2.843903120166922,7.350454405031666,98.9919022783622,229.1539327028155,0.8497520301688477,0.1185652462367937,3.3333333333333335e-05,2.314875534550688,-0.5241194956891548,0.0,19.319282828485463,0.000311174579882,0.1132473935845427,0.2943588555654373,2.176486335861928,1.4306613813567348,2.0426296036548997,0.68151480226778,0.5111551855796058
2.0,37.0,0.0,296.0,0.125,1.0,2.0,0.128378,0.871622,0.5,2.951975,2.951975,22.359202,0.519389,0.514031,1.0,0.633829,0.223714,0.018062,21.221512,34.092807,10.0,0.27027,0.033784,0.090909,2.0,3.0,6.0,0.0,2.0,0.807432,0.001666,0.780405,0.344,1.59,0.0,0.267,0.973,0.258,0.128,0.5,0.693,0.326,0.986,8.0,0.141434,7.3e-05,0.350544,0.769651,4.11284,0.2403041506594264,0.1289707745771514,-0.0040977913255398,0.0062994465784856,2.198814638295643,15.664759599802265,1.285105457842831,0.001,499.9999995,0.1118620507835254,0.0663413223220167,0.8644652775407458,3.150992343416778,9.77367910749686,126.3136782274244,227.5881258854712,0.8360591044020641,0.1175484003314727,3.3333333333333335e-05,1.801769444760393,-0.3633644853738222,0.0,13.461829149358657,4.635119829594484e-05,0.150943302945189,0.4284304785786574,1.653424718768325,0.262749455214412,11.58556153742191,0.719710844710845,0.5113945374070374
2.0,37.0,0.0,327.0,0.11315,1.0,2.0,0.12844,0.87156,0.5,3.026812,3.026812,19.027262,0.537719,0.496736,1.0,0.663316,0.229491,0.017318,22.13949,37.302153,6.0,0.162162,0.018349,0.142857,2.0,2.0,5.0,0.0,1.0,0.825688,0.001005,0.767584,0.232,1.542,2e-06,0.242,0.982,0.258,0.128,0.5,0.699,0.381,0.991,8.838,0.143393,6e-05,0.33146,0.773642,4.077094,0.188919322431379,0.1801418022957606,-0.0026460996765123,0.0041383838007162,2.274173774594133,15.695686296004924,1.3404080996351724,0.001,499.9999995,0.0796601048093433,0.0805707902185279,0.7755918084650981,3.7771795434141513,15.244755691339254,119.23925618674194,257.2898660248785,0.9044600870091288,0.1114419562051488,3.3333333333333335e-05,2.1577614139250567,-0.4589945556323241,0.0,16.347460676831318,5.4037299780967226e-05,0.1417046987216553,0.4198612967898801,2.003278445148855,1.3197956071133177,2.03574043488362,0.68772346744303,0.506609077328407
2.0,37.0,0.0,705.0,0.052482,1.0,2.0,0.086525,0.913475,0.5,3.834355,3.834355,33.609222,0.477759,0.483184,1.0,0.609319,0.184875,0.017662,16.670305,33.499781,12.0,0.324324,0.017021,0.076923,2.0,3.0,9.0,0.0,2.0,0.883688,0.001556,0.896454,0.451,2.873,0.0,0.372,0.82,0.176,0.087,0.5,0.513,0.385,1.0,19.054,0.154787,2e-05,0.347781,0.778379,4.105576,0.3543540526126888,0.1007918153597537,-0.0049688019833621,0.009835439941342,1.6167957607885295,15.6759082162762,1.8322011113349324,0.01,49.999999995,0.143790118710266,-0.0396817258968146,0.9210199534529464,2.2966126255242236,4.8582158564475115,83.14496348571109,170.05217154315378,0.7836425495398339,0.1637795534431195,3.3333333333333335e-05,2.0452492179201704,-0.4066907554334822,0.0,13.984288405990297,0.0002420108297147,0.1829007987110822,0.3756039541451992,3.908223797419791,0.8652583486995955,8.033657527348865,0.761816300569572,0.5214725869891241
2.0,36.0,0.0,745.0,0.048322,1.0,2.0,0.021477,0.978523,0.5,5.615619,5.615619,80.174624,0.535228,0.388561,1.0,0.480302,0.14573,0.005765,17.993813,82.315981,2.0,0.055556,0.002685,0.333333,2.0,2.0,3.0,0.0,1.0,0.932886,0.0,0.957047,0.709,3.343,0.0,0.642,1.0,0.044,0.021,0.5,0.366,0.358,0.993,20.694,0.176496,6.6e-05,0.26987,0.77912,4.103235,0.0877569362534496,0.1376514261893027,-0.0014273660139002,0.0021557452875849,0.5150741679311247,15.66110590791001,1.367277300716543,1e-05,49999.9950000005,0.0467732314705688,0.0724276017877387,0.5280242336698986,5.207812540855285,30.8292899460632,114.61057957495136,213.81619161837216,0.9294582044580152,0.1349990728125759,3.3333333333333335e-05,1.865588608061631,-0.3549184390643217,0.0,18.80143869115772,3.989580997732361e-05,0.1152432226456161,0.4289771391884353,1.9570060141597223,0.3392766100412666,10.53634501309372,0.641614650971192,0.5024333433757372
2.0,37.0,0.0,1077.0,0.034355,1.0,2.0,0.12442,0.87558,0.5,5.700726,5.700726,90.680765,0.39994,0.472092,1.0,0.607104,0.173632,0.009756,38.503155,61.228376,12.0,0.324324,0.011142,0.076923,2.0,3.0,9.0,0.0,4.0,0.318477,0.0,0.849582,0.473,1.884,0.0,0.228,0.455,0.249,0.124,0.5,0.592,0.36,0.999,29.108,0.143582,6e-06,0.259783,0.781819,4.123266,0.2392373639996402,0.102512684154779,-0.0044063282391774,0.0076379188263844,1.971179585160865,15.67348091024379,1.5279147918447014,0.001,499.9999995,0.1381343437400144,-0.0084168237381857,0.9436906710710756,2.85315783449154,7.379804912048986,98.27082525453469,215.7594297123567,0.8772943485390445,0.121541242286987,3.3333333333333335e-05,2.1955593550121164,-0.496561014155673,0.0,16.090933181831012,0.0002205073029976,0.1230556391841836,0.3333893617394166,2.0061416408144335,1.539737634595704,1.6058227008790262,0.676158105662329,0.5110508317387652
2.0,6.0,5.0,120.0,0.05,0.166667,2.0,0.416667,0.583333,0.5,1.233305,0.749793,3.758493,0.506774,0.961077,1.0,0.736995,0.861363,0.174892,3.88349,3.21399,2.0,0.333333,0.016667,0.333333,2.0,2.0,3.0,0.0,1.0,0.958333,0.142441,1.0,2.276,13.794,0.0,0.465,0.818,0.262,0.0,0.005,0.015,0.0,1.0,16.5,0.153221,0.000123,0.243489,0.782241,2.30113,0.5405134292196406,0.4092867321156676,-0.0148519180788466,0.0369994844546724,1.3756550285029263,15.698450880046916,1.0383966161158296,0.01,49.999999995,0.4445266586120138,-0.3319220805299997,0.9958845210603106,0.3502634732638691,-1.811503394440966,45.90855705807718,86.3330573975201,0.9174514444880858,0.1569887027113296,0.5434666666666667,1.8805439101102988,-0.2029248014636728,2.8167351190760787e-276,14.07317278115905,0.0013294387135767,0.093054365370513,0.3010414261474034,4.028942360428263,1.2228658719146828,5.589344674599866,1.0,0.7051001710299505
2.0,7.0,0.0,106.0,0.066038,1.0,2.0,0.198113,0.801887,0.5,1.180186,1.180186,5.230625,0.452904,0.613146,1.0,1.05518,0.458259,0.108488,4.588316,8.726268,4.0,0.571429,0.037736,0.2,2.0,2.0,5.0,0.0,1.0,0.858491,0.034325,0.801887,0.852,1.093,0.045,0.292,0.755,0.418,0.198,0.5,0.639,0.189,0.972,15.143,0.155256,0.000355,0.37943,0.561833,2.136415,0.4074790547975778,0.197278402010313,-0.0116474481546211,0.0149272717624991,1.8495335139242808,15.67908891445194,1.5506876486651189,0.01,49.999999995,0.223202076537361,-0.1114196813243829,0.9436132473112352,1.4123179426379473,0.3173765778632598,106.06676689287622,209.9173579343367,0.6973298002818462,0.12243110194245,6.666666666666667e-05,1.9791058413833245,-0.3604209718958787,0.0,13.61863638994708,0.0001202439400848,0.2270790282641562,0.5032988442807836,2.750214615982619,0.3874273608828782,13.197317451760604,0.845592185592186,0.5524900773300774
10.0,7.0,0.0,4891.0,0.001431,1.0,10.0,0.060519,0.143324,0.1,0.593622,0.593622,2.770189,0.338574,0.662662,0.477219,2.123806,0.499896,0.158588,14.300239,12.391955,12.0,1.714286,0.002453,0.076923,2.0,2.0,8.0,0.0,4.0,0.278675,0.020998,0.552648,0.365,0.4094,3.508,0.469,1.79,0.2005,0.1001,0.5,0.666,0.63,0.994,698.714,0.031881,0.0,0.057224,0.707328,2.010699,0.4833969389415281,0.2751429534252674,-0.0129489011505081,0.0254342743422632,0.9937143926325376,15.66220733043193,2.5019816081283395,0.001,499.9999995,0.3379865486676081,-0.3369820689725856,0.9995360528356724,0.8346733212251747,-1.0013966657225049,93.8461968671138,262.9469826043398,0.813061257571613,0.1789492467245045,3.3333333333333335e-05,2.8018927924875836,0.2715768429889089,0.0,15.577306312390576,0.0187938835189827,0.0580929273853463,0.0827722058096397,4.743726494124068,3.799349335553996,1.497125731362431,0.647070833665962,0.2507062543795679
2.0,2.0,0.0,5300.0,0.000377,1.0,2.0,0.448302,0.551698,0.5,0.142119,0.142119,2.245302,0.202706,0.083539,1.0,2.446841,0.570298,0.065544,10.493522,36.331015,6.0,3.0,0.001132,0.142857,2.0,3.0,5.0,2.0,4.0,0.613962,0.005737,0.872264,0.01,0.003,0.626,0.004,0.008,0.897,0.448,0.5,0.152,0.344,0.837,2646.0,0.113067,0.0,0.151652,0.764875,2.858089,0.3549699914764718,0.3684618063809169,0.0096387919132022,0.0273422089901686,1.217354099791399,15.64849181005482,2.3758469306027865,0.001,499.9999995,0.380634742351663,-0.5211694446785688,0.9993364662765132,0.4833267641666208,-1.5880649498267465,68.3252768855888,182.68446391331923,0.8562432701556852,0.138247279837007,3.3333333333333335e-05,2.673746411876575,0.0177933471211279,0.0020564087620221,12.549618894604055,0.0037591137946824,0.0773077344720528,0.1606552903235703,3.6188849461292465,2.7677285196864747,1.6150577416735818,0.905494072564488,0.6501730518042874
2.0,4.0,0.0,1372.0,0.002915,1.0,2.0,0.444606,0.555394,0.5,0.64085,0.64085,2.843861,0.446389,0.929974,1.0,2.103905,0.582651,0.153973,4.461802,12.6641,9.0,2.25,0.00656,0.1,2.0,3.0,7.0,1.0,4.0,0.841108,0.127796,0.998542,2.259,0.838,0.156,0.339,0.647,0.4,0.054,0.052,0.11,0.067,0.731,343.0,0.152805,1e-06,0.213893,0.733529,2.204935,0.5201046312199733,0.4454216769044251,-0.018707591922768,0.0342858441536963,1.1304440254941426,15.617073264061732,2.387459398015685,0.001,499.9999995,0.4309522122576319,-0.4283984291374967,0.9995512558565356,0.199777061961051,-1.8885739821939147,2.925035153020787,6.650721394485141,0.9015511506238392,0.2453411393842999,0.4238333333333333,2.2737235781985157,-0.0220945827557081,0.0001296418980362,15.372561885343208,0.0104861265046958,0.0561858846558502,0.1564444644333238,4.771649883033817,4.710467115029396,1.0259773676409691,1.0,0.7228322067171392
2.0,5.0,5.0,100.0,0.05,0.0,5.0,0.32,0.68,0.5,0.0,1.715738,3.0,0.399556,0.557849,1.0,0.894711,0.834218,0.034063,18.403046,25.266083,3.0,0.6,0.03,0.25,2.0,2.0,4.0,0.0,1.0,0.77,0.027928,0.78,0.412,0.425,1.0,0.0,0.0,0.825,0.415,0.5,1.24,0.402,1.0,8.2,0.0,0.000101,1.0,0.745433,0.0,0.2278049892518202,0.5188956992679976,-0.003997345938114,-0.0030399114540142,0.7189575241964761,15.692371988976076,2.262173644037188,0.01,49.999999995,0.0521044555510771,0.0432183854522484,0.4244914515782148,-0.1693707216835106,1.823454126057186,69.62823952233789,180.27104704454743,0.8434182334092759,0.1183375915874086,6.666666666666667e-05,2.58905076849905,-0.0236158096490167,4.300545074634499e-05,18.67007267778185,6.725761438321033e-05,0.3073443897414655,0.5480883303588032,3.5838506591008175,0.0513287854657747,138.64291679650788,0.699404761904762,0.4811769246031746
2.0,4.0,0.0,748.0,0.005348,1.0,2.0,0.237968,0.762032,0.5,2.040092,2.040092,10.227575,0.472525,0.359244,1.0,1.216929,0.369232,0.026031,21.079797,45.749399,8.0,2.0,0.010695,0.111111,2.0,2.0,7.0,0.0,4.0,0.751337,0.0,0.715241,0.29,0.771,0.271,0.009,0.013,0.477,0.238,0.5,0.606,0.423,0.985,187.0,0.11614,6e-06,0.161769,0.792492,3.751919,0.1487955234061997,0.3076619504951524,-0.0044928927656571,0.0045218251678,0.4302737186848531,15.611236738175506,2.2969456935306973,0.01,49.999999995,0.118429841447965,-0.3164288133289408,0.909720434725824,1.9489096770945185,3.797685530471745,57.53618056638886,121.76630516309324,0.9050900355439352,0.1114059313933075,3.3333333333333335e-05,2.116343211600386,-0.1281313775976133,5.32803165606647e-110,12.501972164515117,4.479761631418374e-05,0.1831017853729259,0.3431934518987643,1.719419011257977,1.3129819579968072,1.6191053133440676,0.671384004967213,0.510190016713024
6.0,9.0,0.0,106.0,0.084906,1.0,6.0,0.132075,0.207547,0.166667,0.424758,0.424758,2.241524,0.231231,0.702341,0.494257,1.385337,0.601644,0.153297,11.596143,8.036964,6.0,0.666667,0.056604,0.142857,2.0,3.0,4.0,0.0,2.0,0.632075,0.046217,0.311321,0.397,0.567667,2.098,0.667,0.981,0.334167,0.166667,0.5,1.136,0.286,1.0,11.667,0.045642,0.000105,0.10037,0.52145,1.900433,0.4545095961607416,0.1941781755451004,-0.0132400852736943,0.0078898240101955,0.926385943544833,15.687401218564077,2.844714109866661,0.01,49.999999995,0.162227949488289,-0.0847618021933067,0.8528998290340526,1.1773713499481189,0.348438934302242,52.522500035041055,188.81278047050972,0.5826501636742076,0.3288244338558329,0.0005666666666666,3.5948932427918945,0.1021566971426097,2.0795765102325948e-70,11.827344548254397,0.0006584811011067,0.4375882162273224,0.5245514928216133,1.3778305258506964,1.1675429051144484,1.360222514846175,0.51957671957672,0.2278932363315697
10.0,35.0,0.0,2126.0,0.016463,1.0,10.0,0.024929,0.272342,0.1,1.478155,1.478155,9.884095,0.215097,1.0,0.111111,1.207218,0.315312,0.248655,8.121226,3.85499,9.0,0.257143,0.004233,0.1,2.0,2.0,10.0,0.0,1.0,0.988711,0.055773,1.0,1.815,8.9538,0.001,0.957,0.957,0.000498,0.0,0.0,0.168,0.0,0.845,60.743,0.110818,1e-06,0.190914,0.756429,3.048691,0.530057299296643,0.2730986992408357,-0.02695430573316,0.0228672919962616,1.1877427033214558,15.655739214053463,2.14815953115515,0.0001,4999.99995,0.3892529303712199,-0.0909574025209767,0.9996120638206436,1.026623731382943,-0.8388525057658902,6.629123852806074,43.041045625797054,0.8324909411765488,0.2839006235250123,0.4733666666666666,6.492720091143192,0.0203257436280045,0.0004304411296115,15.09691667211711,0.0221682182868346,0.0448899928653258,0.1340752017870676,4.751127016989784,3.931858589159016,1.416733414619213,1.0,0.3475456004793883
9.0,856.0,0.0,1080.0,0.792593,1.0,9.0,0.111111,0.111111,0.111111,7.932292,7.932292,75.308206,0.054548,0.995248,0.130186,0.035551,0.010167,0.011369,193.26791,2.127023,15.0,0.017523,0.013889,0.0625,2.0,2.0,15.0,0.0,1.0,0.185185,0.011249,0.861111,2.944,180.111556,0.0,0.317,1.099,0.160222,0.062444,0.272778,0.768,0.061,1.0,1.262,0.065869,1e-06,0.090551,0.753552,1.220308,0.5259863610768887,0.1790691631785345,-0.0218895771022599,0.0137980948204751,0.4629572354482973,15.659715882214911,2.7138906786838235,0.001,499.9999995,0.2898510732849737,0.1563881152315214,0.9988527926787772,1.726210161386431,1.3506831006534863,2.665620513433845,8.847195986694425,0.7301367676546953,0.2939358232046334,0.0362666666666666,3.3190005636977085,0.6355122863027711,0.0,13.879373180039694,0.0247048173671181,0.0714902293605694,0.0982491999230767,4.1237972221706025,3.625928741048821,1.2746157007912586,0.950335442819103,0.2610068523391399
2.0,9.0,0.0,100.0,0.09,1.0,2.0,0.12,0.88,0.5,0.641454,0.641454,2.75136,0.194426,0.344723,1.0,0.86304,0.374813,0.014072,26.073973,60.328257,3.0,0.333333,0.03,0.25,2.0,2.0,4.0,0.0,1.0,0.87,0.0,0.84,0.194,0.77,0.384,0.02,0.05,0.24,0.12,0.5,0.577,0.375,0.98,11.111,0.145859,0.000644,0.455149,0.525339,2.225967,0.0862241123731574,0.2796064842533373,-0.0015381721115649,0.0022182682804332,0.7193174419536705,15.69799645487634,2.0618215414741563,0.0,500000000000.0,0.0478219715816602,-0.0246672415936548,0.5283552682805153,3.708686219436952,15.532462167742352,92.49176136474766,201.9049963669734,0.8985842363997865,0.1152213998003148,6.666666666666667e-05,2.182951144921383,-0.3825262708797619,0.0,16.414101959233506,1.4801740092568038e-05,0.1634586944370439,0.4579929252440873,1.1693193527093722,1.1677792439876808,1.00263767099667,0.767094017094017,0.5060932652738208
6.0,51.0,0.0,5636.0,0.009049,1.0,6.0,0.080021,0.411994,0.166667,4.123905,4.123905,49.889011,0.256059,0.443804,0.456559,1.140462,0.264149,0.03572,44.822517,30.927605,6.0,0.117647,0.001065,0.142857,2.0,2.0,6.0,0.0,1.0,0.178495,0.003476,0.559439,0.082,0.428667,9.9e-05,0.036,0.415,0.3335,0.166667,0.5,0.917,0.75,0.998,110.51,0.057631,0.0,0.126611,0.708,1.942496,0.5226064413789208,0.271017011276472,-0.0089680416579805,0.0259031557462291,0.9908138949465372,15.67531365879787,2.4771260603002028,0.01,49.999999995,0.3092598330420935,-0.2961967049829926,0.997831601322424,0.8931397572746224,-0.7585574738701775,52.33578422363582,139.31225675666508,0.8898109104436098,0.1036400204502809,3.3333333333333335e-05,2.6618929824643076,0.2256213510820025,0.0,16.798630765976203,0.014812619973921,0.0941306340819724,0.1285644199545605,4.350513214363855,3.7393729739565127,1.326867763479635,0.430183799926448,0.237698821309718
2.0,100.0,0.0,1212.0,0.082508,1.0,2.0,0.5,0.5,0.5,3.008036,3.008036,12.615729,0.992225,0.421947,1.0,0.81382,0.2289,0.005216,132.881469,155.015375,3.0,0.03,0.002475,0.25,2.0,2.0,4.0,0.0,1.0,0.510726,0.001582,0.60066,0.003,0.0,0.001,0.007,0.705,0.986,0.498,0.499,0.951,0.457,1.0,12.12,0.101054,1e-06,0.200553,0.77248,3.706407,0.7652078819425434,0.3330472122026044,0.0045425593192771,0.0232496730845324,0.8131995520363372,15.641337200698606,2.91151593472116,0.01,49.999999995,0.223227571024912,0.1543857374590118,0.9771460334513442,0.8652807514169439,-0.6635473659596034,2.646998446587153,6.705099374108544,0.8727483110979354,0.1281979296438358,3.3333333333333335e-05,2.5330953188699747,0.3750524164043637,0.0,12.928573337732542,0.007854399401726,0.2480649960930009,0.2146185739526852,1.9671201608608475,1.8156768791251203,1.1668174370410185,0.744449841134924,0.5594620260187939
2.0,10.0,1.0,583.0,0.017153,0.9,2.0,0.286449,0.713551,0.5,2.674483,2.518022,20.318655,0.198598,0.34665,1.0,0.940207,0.358468,0.018592,32.215811,49.571757,19.0,1.9,0.03259,0.05,2.0,2.0,11.0,0.0,6.0,0.555746,0.0,0.655232,0.222,0.436,1.9e-05,0.111,0.228,0.573,0.286,0.5,0.7,0.38,0.998,58.3,0.132883,8e-06,0.297297,0.657358,2.220239,0.2085986095060279,0.1589879820078131,-0.0023766449581009,0.0080846799727995,2.0095232092329782,15.684456465928692,1.5672086430595376,0.001,499.9999995,0.1383026593131224,-0.183750689258588,0.8987501314758398,2.3056872294393176,4.246589295576167,88.75713934585488,183.7976612559417,0.8494734654059467,0.1170524723633953,3.3333333333333335e-05,2.0707929819565924,-0.2235985130632982,0.0,12.15651025957069,0.0001973016973128,0.1781890547294833,0.4423580863536229,1.8275481458667135,1.1817627919916982,2.0929187452002727,0.665490130478421,0.51253940280969
2.0,310.0,0.0,126.0,2.460317,1.0,2.0,0.333333,0.666667,0.5,2.591995,2.591995,15.644969,0.294537,1.0,1.0,0.740077,0.308636,0.031295,20.339452,22.648734,2.0,0.006452,0.015873,0.333333,2.0,2.0,3.0,0.0,1.0,0.531746,0.03934,0.753968,0.959,77.979,0.0,0.302,0.984,0.56,0.119,0.115,0.887,0.056,1.0,0.41,0.099556,0.000147,0.184319,0.756645,4.12249,0.3951944064447943,0.1247206372255284,-0.0144361051390128,0.011447787078046,2.1992673644702574,15.683614020872062,1.133725853678763,0.01,49.999999995,0.2180408607457087,0.1633050167434885,0.984455652838006,1.9990470062463963,2.2192045277004144,210.88171373784493,425.68242623530926,0.1515483100777719,0.3345523665658669,6.666666666666667e-05,2.018583871925895,-0.4544942773318926,0.0,13.130814116763668,0.0004120397281576,0.1013291901824135,0.276980032436952,2.551323907535664,1.0571455362923885,3.826816781503389,0.91991452991453,0.547108037037037
2.0,72.0,0.0,2526.0,0.028504,1.0,2.0,0.063341,0.936659,0.5,0.71679,0.71679,4.447025,0.326277,0.420737,1.0,2.078224,0.53124,0.018969,12.444653,108.558406,31.0,0.430556,0.012272,0.03125,2.0,2.0,10.0,0.0,3.0,0.686461,0.000233,0.921219,0.808,2.194,0.0,0.256,0.719,0.132,0.063,0.5,0.673,0.242,1.0,35.083,0.17652,2e-06,0.444656,0.610732,2.181126,0.3083583037616157,0.0908263030701449,-0.0092164466766156,0.0110873344841194,2.1668356199771437,15.64686933906715,1.197519283832402,0.01,49.999999995,0.2071744508323161,0.0865531281962357,0.9862617922594362,2.38447929138217,4.137690789434128,193.40381605287695,416.5055143884943,0.5453566250303126,0.1676013332680332,3.3333333333333335e-05,2.1535537554989026,-0.5328452851899989,0.0,17.50048238738381,0.0005270683878546,0.0821181584794296,0.2264509251945405,3.707716795785584,0.6256685904208983,10.852015116456178,0.739750119191879,0.5215148199728985
2.0,22.0,0.0,195.0,0.112821,1.0,2.0,0.246154,0.753846,0.5,1.414976,1.414976,6.623472,0.443076,0.701957,1.0,1.007683,0.381834,0.081545,6.843701,11.357375,4.0,0.181818,0.020513,0.2,2.0,3.0,4.0,0.0,1.0,0.697436,0.039396,0.964103,1.517,3.641,0.0,0.359,0.99,0.555,0.246,0.5,0.469,0.192,1.0,8.864,0.131906,8.6e-05,0.261527,0.715863,2.535738,0.4372931958710072,0.1631995242762367,-0.0133742030992375,0.0172394476391783,1.7500215415118636,15.689040926605475,1.722198481528748,0.01,49.999999995,0.2553107022432392,-0.0977442582233745,0.9856535415775036,1.4064006837212937,0.3268234004838382,2.478980732740467,6.406824728002102,0.8143346450776169,0.2553529952374516,0.6947333333333333,2.5844592672234654,-0.0810045821290208,7.416929486973729e-45,14.27716506223069,0.0006538826316074,0.1383381292507658,0.2897978249548617,2.507591455846615,0.7563266720396762,5.630974547231764,0.954256854256854,0.5747717937309604
2.0,5.0,0.0,5404.0,0.000925,1.0,2.0,0.293486,0.706514,0.5,0.81705,0.81705,3.709803,0.153697,0.497794,1.0,2.247152,0.5221,0.092708,6.528499,23.239042,15.0,3.0,0.002776,0.0625,2.0,3.0,7.0,2.0,5.0,0.761658,0.02287,0.907661,0.27,0.174,0.271,0.122,0.135,0.667,0.257,0.346,0.269,0.27,0.986,1080.8,0.129953,0.0,0.297209,0.689367,2.030064,0.4855002813695548,0.3107314268394059,-0.0104697638806438,0.026636164445861,1.0259235830506503,15.626703104049597,2.424799525497675,0.01,49.999999995,0.330232217669353,-0.4009871347120921,0.9986215919301888,0.6252103003638396,-1.2942088981155184,79.67813421823355,220.03542042318833,0.7709830317117122,0.2534609144627115,3.3333333333333335e-05,2.7615533744869323,0.1964347620569768,1.116635805146503e-258,12.230011068457737,0.0072023585901441,0.0857440974161896,0.1248482870157014,4.0004976938225765,3.4873500976222114,1.2942908408017872,0.869138063395686,0.6136740584804824
2.0,12.0,0.0,182.0,0.065934,1.0,2.0,0.285714,0.714286,0.5,0.307841,0.307841,3.345649,0.223603,0.146523,1.0,1.327449,0.517534,0.007753,77.169498,170.224712,8.0,0.666667,0.043956,0.111111,2.0,2.0,8.0,0.0,5.0,0.708791,0.0,0.631868,0.006,0.045,0.072,0.102,0.438,0.568,0.284,0.5,0.963,0.347,1.0,14.667,0.12434,8.6e-05,0.282775,0.473324,1.955754,0.0919691503053785,0.617351820795796,-0.0020549884084835,0.0012936509395107,0.3998284998519848,15.661679542438634,0.9804033594778236,0.01,49.999999995,0.044349085004338,-0.0171198713506482,0.5805071003131907,-3.715928521161286,18.408808064292216,133.70420407325005,378.834093545422,0.936736713358252,0.0892674304823432,3.3333333333333335e-05,2.833374583628457,0.377559342081646,0.0,18.095659076604935,2.302405828353001e-05,0.1164843239999009,0.3981580046154187,0.9614490058477444,0.6959390084439563,1.7630266278550988,0.584850640113798,0.4963993050945682
100.0,64.0,0.0,1600.0,0.04,1.0,100.0,0.01,0.01,0.01,0.818981,0.818981,3.421019,0.239439,0.987148,0.046158,1.356927,0.367843,0.64422,7.148441,1.106309,5.0,0.078125,0.003125,0.166667,2.0,2.0,6.0,0.0,1.0,0.970625,0.003504,0.736875,7.907,7.57436,0.0,1.0,1.0,0.02219,0.01,0.5,0.86,0.018,1.0,25.0,0.00919,0.0,0.72,0.988633,1.125,0.7056178336483124,0.4120785629558022,-0.0327116212570203,0.0078600761506301,0.7753633508690143,15.658865360541242,2.76073572933927,0.01,49.999999995,0.3155634274299214,-0.0653133778914956,0.997029648289724,0.2477026428845417,-1.2058733109487725,2.4344181217861727,6.470470794543931,0.9265752939487212,0.1490823024448963,0.2496666666666666,2.657912680092022,0.7370014503990231,0.0,16.179704110867174,0.0139554044032887,0.1304943527002727,0.1586965883671427,3.349570412716191,1.836230594022839,2.648311299918582,0.8405,0.3527679611111111
100.0,64.0,0.0,1600.0,0.04,1.0,100.0,0.01,0.01,0.01,0.527716,0.527716,2.833357,0.582035,0.976942,0.09082,1.65931,0.449814,1.046318,4.401312,0.585857,5.0,0.078125,0.003125,0.166667,2.0,2.0,5.0,0.0,1.0,0.6275,0.0,0.645,12.665,2.60016,0.0,1.0,1.0,0.02062,0.01,0.5,0.861,0.257,1.0,25.0,0.008546,0.0,0.35,0.963659,1.0,0.5759145010580475,0.4351915969092188,-0.0223918557214864,0.0111256054387303,0.6823775400329757,15.660182054180044,3.0390821827676073,0.01,49.999999995,0.2632014422687351,-0.1952269997438291,0.9953116870198058,0.419981509158903,-0.6325155935386215,2.5525254753171076,8.518912167211512,0.92745535927974,0.1239008125449903,0.0544666666666666,3.337444522918952,0.649138714963968,0.0,16.886735801296332,0.0218851822536599,0.1417388764786697,0.123624884593237,3.5927319138836817,3.454965402590891,1.07974986446402,0.718166666666667,0.3178061222222222
2.0,41.0,0.0,1052.0,0.038973,1.0,2.0,0.336502,0.663498,0.5,3.710539,3.710539,37.876992,0.166348,0.703039,1.0,0.892581,0.257544,0.037345,17.102447,22.901061,16.0,0.390244,0.015209,0.058824,2.0,3.0,9.0,0.0,2.0,0.707224,0.023878,0.840304,0.419,3.395,0.0,0.08,0.336,0.685,0.197,0.26,0.597,0.159,0.999,25.659,0.120316,2e-06,0.194854,0.690475,2.206369,0.5143074803215864,0.243026285163673,-0.0218329087557856,0.0211416510029209,1.4881758539996417,15.664172784255902,2.1541177386723267,0.001,499.9999995,0.3434574326974723,-0.0975808518501341,0.9983156141981726,1.070612460444296,-0.7259380479416984,69.60555003613905,170.5972066119088,0.7553573711311298,0.1705866500521006,6.666666666666667e-05,2.450913849877383,0.2352253839282985,0.0,12.87881405904708,0.0044833290070494,0.0793115456765594,0.1495911656916516,2.55420718233938,2.2810295662124354,1.239521328590165,0.875293866455733,0.5892804072686281
2.0,6.0,6.0,250.0,0.024,0.0,3.0,0.428,0.572,0.5,0.0,1.71359,3.0,0.235517,0.979367,1.0,1.070792,0.974677,0.257621,2.650181,3.156456,1.0,0.166667,0.004,0.5,2.0,2.0,2.0,0.0,1.0,1.0,0.165204,0.992,0.056,0.276,0.5,0.515,0.515,0.486,0.243,0.5,0.613,0.024,1.0,17.167,0.127839,3.3e-05,0.212391,0.590019,2.443219,0.4192010580578028,0.1840559679824213,-0.0197983190971098,0.0188707987928223,2.03463121602606,15.699454071162906,1.306157206399959,0.001,499.9999995,0.3419083023735144,0.0298287502736313,0.9966667295065188,1.5215318147207793,0.3651762232230688,3.2540829039923356,6.948251840145797,0.9209222918008582,0.1661161036406118,0.7882333333333333,2.1352411862706577,-0.0618689429909264,7.712983906431037e-27,16.779071206834658,0.0006614054386775,0.0697906501411085,0.2197377190972459,3.140132378971535,2.803781899628884,1.2399262791350147,1.0,0.5923850485967334
2.0,20.0,0.0,7400.0,0.002703,1.0,2.0,0.495135,0.504865,0.5,0.08585,0.08585,3.303942,0.012855,0.537062,1.0,2.088017,0.468759,0.083291,8.321465,24.069051,10.0,0.5,0.001351,0.090909,2.0,2.0,11.0,0.0,1.0,0.98,0.007231,0.754054,0.05,0.012,1e-06,0.054,0.406,0.721,0.232,0.2,0.866,0.28,1.0,370.0,0.120922,0.0,0.224257,0.510606,1.596722,0.4771291578631492,0.302579530713551,-0.0277222152615692,0.0201835631841195,1.539572499512961,15.609362222245077,1.8942800061876643,0.001,499.9999995,0.3818036443864541,-0.1856618394579539,0.9980467795353324,0.779226827376868,-1.2881332956760772,131.9617220294188,417.60045089642426,0.3438551491419052,0.4682712376887497,0.0001666666666666,3.16455745252645,-0.2318434495827085,0.0,11.557167269729584,0.0069554435971216,0.0613336896765742,0.2755986411678296,2.7911898096696492,2.196098128969634,1.5419536339010946,0.981430402416467,0.6463013259236873
4.0,4.0,0.0,5406.0,0.00074,1.0,4.0,0.060673,0.407325,0.25,1.771276,1.771276,11.509324,0.188209,0.688241,0.54302,1.740969,0.404494,0.310324,3.81824,4.610164,3.0,0.75,0.000555,0.25,2.0,2.0,4.0,0.0,2.0,0.891232,0.165172,0.973363,0.878,0.3005,0.004,1.0,1.0,0.49875,0.25,0.5,0.116,0.114,0.967,1351.5,0.130602,0.0,0.240631,0.809149,2.155249,0.5660091690468176,0.288786992409218,-0.0177223145110902,0.0254076667210953,0.9387433885352644,15.632567517793804,2.5577517686655313,0.001,499.9999995,0.3422583167974933,-0.2497782558316199,0.9996157327602772,0.8673169062723265,-0.8662009220617697,2.084370435779895,3.156148519250887,0.936936645156852,0.1314340329911978,0.376,1.5141975078285246,0.5112144671942661,0.0,14.089628514347838,0.0338563707626068,0.0557293659229946,0.0777449518478363,4.213701356356447,3.408363606339392,1.4725656315062332,0.920123181488129,0.4426925617065259
2.0,9.0,1.0,462.0,0.019481,0.888889,2.0,0.34632,0.65368,0.5,1.044785,0.994834,5.015073,0.180293,0.485813,1.0,1.32992,0.520865,0.03136,20.571869,41.40783,8.0,0.888889,0.017316,0.111111,2.0,3.0,6.0,0.0,2.0,0.718615,0.016161,0.645022,0.392,0.495,0.359,0.05,0.091,0.726,0.346,0.5,0.886,0.311,0.998,51.333,0.118188,1.1e-05,0.235734,0.594436,2.056676,0.4179450658587381,0.2643962453748293,-0.0128362516475211,0.0122788198128791,1.8568293185403997,15.693808097582414,1.5772670137126217,0.01,49.999999995,0.2132270038124114,0.0014315266374008,0.9737653469466614,1.6339032602601395,1.027059621162623,100.20980412839432,177.60978989815624,0.9364381861156544,0.0830115183637457,3.3333333333333335e-05,1.772379373884326,-0.2197659743996908,0.0,12.06331424704624,0.0002495015613052,0.1433136455588761,0.3247234694900815,2.6027856345114975,2.5415956563624142,1.0481508362633385,0.708679283679284,0.5298767621421788
10.0,76.0,0.0,2000.0,0.038,1.0,10.0,0.1,0.1,0.1,0.447565,0.447565,3.117321,0.153904,0.970848,0.184534,2.09383,0.550043,0.201015,11.454774,9.416269,13.0,0.171053,0.0065,0.071429,2.0,2.0,8.0,0.0,3.0,0.7965,0.019783,0.8015,2.412,22.0059,0.000227,0.979,0.979,0.5999,0.0479,0.2236,0.801,0.043,1.0,26.316,0.070867,0.0,0.099675,0.873041,1.003467,0.6940639636606983,0.3645530944291182,-0.0348023557180157,0.0068948988345785,0.7872601391402,15.687284278975737,2.644794858176718,0.001,499.9999995,0.3422405429436616,0.0577731953771665,0.9961925398354814,0.4506739254914747,-1.3829366020520923,2.4062954892216903,6.0423668346517525,0.8995741922235748,0.1647342918033244,0.2705666666666667,2.51106601899654,0.5961821586567877,0.0,18.677758678683503,0.0304688199949151,0.1365012627990278,0.1947568977287185,6.4863374938813445,1.184285976268501,9.954005407230772,0.855922787193974,0.3747092084118016
2.0,33.0,0.0,1941.0,0.017002,1.0,2.0,0.346728,0.653272,0.5,2.768141,2.768141,46.516907,0.238996,1.0,1.0,1.219939,0.322378,0.029387,21.962181,40.513195,6.0,0.181818,0.003091,0.142857,2.0,2.0,7.0,0.0,1.0,0.410098,0.010202,0.997424,0.464,26.962,0.0,0.207,0.878,0.000325,0.0,0.05,0.265,0.126,0.682,58.818,0.106261,1e-06,0.288079,0.721733,2.603068,0.4892211098145932,0.2618658959403187,-0.0249083877442739,0.0233368414497321,1.429861973878461,15.636059369352594,1.9619274614523012,0.0,500000000000.0,0.3854619921695436,-0.0965137524711963,0.9995479527334225,1.0739504681883338,-0.7810867594489714,9.073076968340551,34.42441602641281,0.7916318540880748,0.3613738659909387,0.5880666666666666,3.794128072155566,0.1491013645186648,1.1128607950902153e-148,14.766996370980774,0.0150992874326096,0.0435617972508937,0.1657833445116144,3.7696294387846487,3.3307581518077236,1.2635263606504132,1.0,0.630903515231166
2.0,16.0,13.0,470.0,0.034043,0.1875,7.0,0.148936,0.851064,0.5,2.476082,3.358267,18.300993,0.118813,0.350963,1.0,0.538157,0.436201,0.004668,90.168024,114.298731,0.0,0.0,0.0,1.0,0.0,1.0,1.0,0.0,0.0,0.823404,0.0,0.770213,0.009,0.71,0.0,0.077,0.109,0.298,0.149,0.5,0.683,0.381,0.97,29.375,0.137722,2.6e-05,0.282766,0.710675,2.620652,0.0868820511292204,0.3862300054072258,-0.0015258878813142,0.0018167312529046,0.654534486610081,15.697268617431986,2.010927325279104,1e-05,49999.9950000005,0.0330274309193917,0.0425726277089298,0.4553799875970167,2.7440755832018513,13.335045717704944,71.81426184816227,147.2121227506202,0.9233485752149134,0.1010762324683749,3.3333333333333335e-05,2.049900938366121,-0.2642010943123968,0.0,17.82841034485387,2.088273735085412e-05,0.1980449719262066,0.4215897019670487,1.015269137223976,0.3676131104665822,4.523574150732076,0.602777777777778,0.5025410251322752
2.0,20.0,0.0,7400.0,0.002703,1.0,2.0,0.499595,0.500405,0.5,0.03794,0.03794,2.983385,0.012862,0.895009,1.0,2.359483,0.529703,0.090767,7.636551,24.994946,9.0,0.45,0.001216,0.1,2.0,3.0,5.0,0.0,2.0,0.978919,0.006284,0.947838,0.435,0.085,0.004,0.01,0.105,0.831,0.023,0.007,0.782,0.017,1.0,370.0,0.177693,0.0,0.200642,0.489029,1.644003,0.5360153281479253,0.3432738970153895,-0.0345969466899637,0.0188893909797457,1.4640163490105558,15.610036587012894,1.932735226399206,0.001,499.9999995,0.4198385722533616,-0.1312869244313015,0.9988839061877132,0.6383561757739461,-1.574764161280296,2.4285461182533297,6.014127611175306,0.9409589177135186,0.1901417973635362,0.6157333333333334,2.4764312960621635,0.576023779195423,0.0,18.715083856216083,0.003003307871607,0.0509007983169177,0.2647686168128281,2.604693347837364,2.0331587177909176,1.5622134908057284,0.980480739078709,0.6650828825552519
5.0,5.0,0.0,403.0,0.012407,1.0,5.0,0.059553,0.320099,0.2,0.458011,0.458011,2.503316,0.172811,0.968019,0.910601,1.840614,0.614412,0.276247,5.13651,5.662941,8.0,1.6,0.019851,0.111111,2.0,3.0,5.0,0.0,4.0,0.863524,0.092971,0.80397,6.001,0.6236,1.312,0.429,0.429,0.4018,0.2002,0.5,0.692,0.166,0.99,80.6,0.089639,8e-06,0.139704,0.605075,1.75327,0.4914231605318817,0.2162338761310176,-0.0162549088815323,0.0222610416792512,1.5584790821321004,15.656267551756573,1.9165032654593048,0.001,499.9999995,0.3175696108044997,-0.1500775845912013,0.996689087384134,1.13799841754689,-0.4612503925159679,2.3378795909966454,5.243039984466975,0.8810223832910221,0.2064146646332962,0.6089333333333333,2.2426475703265827,-0.1196034055998713,5.40156399870581e-96,18.3980750024366,0.0062447746903078,0.0926720760805856,0.169014584483994,2.927824713629433,2.0810052170770197,1.8138561975745064,0.870350191139665,0.3462554114989011
2.0,30.0,0.0,569.0,0.052724,1.0,2.0,0.372583,0.627417,0.5,1.342335,1.342335,8.157269,0.31973,0.879957,1.0,1.34376,0.422825,0.191514,3.447878,6.016516,3.0,0.1,0.005272,0.25,2.0,2.0,4.0,0.0,1.0,0.940246,0.110846,0.952548,3.405,17.077,0.0,0.517,0.998,0.539,0.049,0.022,0.558,0.018,0.998,18.967,0.152516,7e-06,0.196982,0.789984,2.890001,0.5047689668547084,0.2568824076402084,-0.0262931887524786,0.0208552635587437,1.671327570070577,15.677564959829022,1.7020536056394648,0.001,499.9999995,0.3709998431364982,-0.0831624092081686,0.9991398568292496,1.007588770249347,-0.9313398883470668,2.3609122796678355,5.004366421408858,0.9278505129263576,0.1812001859270251,0.6805666666666667,2.1196748665777703,-0.2580870950751171,0.0,17.87437948504377,0.0022501493820394,0.0597945015658609,0.1614532185405481,3.459468586070946,2.3611999440561036,1.9302631441937577,0.983781229911487,0.6248770076880628
2.0,8.0,1.0,440.0,0.018182,0.875,3.0,0.322727,0.677273,0.5,3.438873,3.157683,26.353041,0.230427,0.66699,1.0,0.56184,0.241386,0.057993,10.844563,8.688068,4.0,0.5,0.009091,0.2,2.0,2.0,5.0,0.0,2.0,0.906818,0.103629,0.868182,1.036,0.398,0.000481,0.418,0.62,0.568,0.309,0.492,0.521,0.083,0.982,55.0,0.162342,1.3e-05,0.353046,0.695152,2.146295,0.5082308569305394,0.256030538702467,-0.018678153777548,0.0227884516195848,1.5651065594614575,15.642210993587994,1.9857945189239337,0.01,49.999999995,0.3395384353589064,-0.1953182919309034,0.9963351572593746,0.9380608052481,-0.94061463522572,81.32940708187371,183.46502150887264,0.7607231035383153,0.1532555668383067,6.666666666666667e-05,2.2558263743909692,-0.0529955289387883,4.114745372543047e-20,12.74062321286254,0.0035471860639033,0.1035893193558576,0.2118469377337412,3.730708484257449,1.6913412374290089,3.4115384899226564,0.928961928818213,0.6059149555764781
5.0,13.0,0.0,200.0,0.065,1.0,5.0,0.05,0.28,0.2,0.983174,0.983174,4.628512,0.205267,0.501362,0.535807,0.996816,0.377717,0.048429,31.12382,19.583238,9.0,0.692308,0.045,0.1,2.0,3.0,6.0,0.0,2.0,0.1,0.023493,0.345,0.101,0.529,1.559,0.307,1.296,0.4002,0.1998,0.5,1.19,0.509,1.0,15.308,0.042663,3.3e-05,0.081356,0.655172,2.684416,0.3659962770903838,0.1819453793275617,-0.0060942758850581,0.0079496596778394,1.7757060794799706,15.661252420922052,1.678715631815611,0.01,49.999999995,0.1155294211980228,-0.0658083911313301,0.8179920877427792,1.843576673111064,2.2999650939737544,96.65480562306466,198.01559803678032,0.8028697929143785,0.1258078661829875,3.3333333333333335e-05,2.0486885960849315,-0.542340428238113,0.0,16.052475087516402,0.0001396306370962,0.2372217853698854,0.5195275326734006,1.1492794360566354,0.4302067130279835,4.342917259311605,0.408662644544997,0.2173827935729848
3.0,90.0,0.0,117.0,0.769231,1.0,3.0,0.179487,0.615385,0.333333,1.490739,1.490739,9.130304,0.268852,0.997654,0.520228,0.395209,0.164815,0.093732,9.943472,3.216391,5.0,0.055556,0.042735,0.166667,2.0,2.0,5.0,0.0,2.0,0.91453,0.033325,0.863248,1.082,6.313,0.0,0.94,1.362,0.513333,0.258667,0.5,0.869,0.113,0.948,1.289,0.155615,0.000149,0.290096,0.653706,1.866588,0.4824822757345133,0.1902114944466091,-0.0125307291628069,0.0190629787388848,1.590361814001796,15.69027507185747,1.7392605821012728,0.001,499.9999995,0.2661728964856818,-0.1825215630392074,0.9859747652169712,1.1508342262928246,-0.0762279460719796,3.2228734689679452,9.47588205883774,0.8762220531137437,0.1897888946879085,0.6399333333333334,2.940196737499981,0.2844849401058997,0.0,13.613024518075676,0.000443578511113,0.1263096252790368,0.2963530079566752,2.6758236553730823,2.186012873738254,1.4481316533113453,0.939393939393939,0.4488647607022605
5.0,90.0,0.0,164.0,0.54878,1.0,5.0,0.128049,0.286585,0.2,1.322368,1.322368,6.606508,0.289924,0.98969,0.355993,0.408323,0.159193,0.108791,14.323709,2.753263,7.0,0.077778,0.042683,0.125,2.0,3.0,5.0,0.0,1.0,0.707317,0.030867,0.646341,1.207,2.6758,0.0,0.957,1.331,0.3996,0.2002,0.5,0.954,0.185,0.969,1.811,0.08387,4.6e-05,0.141526,0.865714,2.428307,0.4974728198393278,0.1830427409648165,-0.0129096905566887,0.0163681022454878,1.2349327307059812,15.697437654807208,2.8233967520791023,0.001,499.9999995,0.2426722881199881,-0.1222001428556108,0.9833944926206784,1.3978477346830689,0.6599116051476988,43.48691289512146,135.99127005511684,0.5794391189109843,0.3313138489003839,0.0001666666666666,3.1271769137323555,0.1319685742554205,1.2613556027411592e-116,22.018715112510183,0.0014530977309952,0.1845531512675747,0.2452536472270942,2.241943669338329,1.6005113507736846,1.801534232485981,0.721672771672772,0.2905543722018722
3.0,6.0,0.0,310.0,0.019355,1.0,3.0,0.193548,0.483871,0.333333,0.773325,0.773325,6.471457,0.334149,0.772152,0.755814,1.183229,0.409369,0.161346,6.409085,6.333496,4.0,0.666667,0.012903,0.2,2.0,2.0,5.0,0.0,2.0,0.835484,0.107294,0.770968,0.776,1.697,0.047,0.706,2.371,0.663,0.333667,0.5,0.671,0.209,1.0,51.667,0.139806,1.7e-05,0.263128,0.661421,1.779687,0.5005302757458131,0.2423335609706167,-0.0170434580277756,0.0220284222609958,1.5808284729880562,15.639370173277229,1.9349198971660095,0.01,49.999999995,0.3236595785022592,-0.1911888333858287,0.9960450603652145,0.957177320641113,-0.8712960583801834,96.14160507887856,226.46375985779807,0.5368458864858766,0.363797946380237,0.0001,2.3555229775079733,-0.1134888617235764,1.468558797343088e-86,12.71728417415576,0.0028283636669919,0.1024947486387814,0.195829080856205,2.7383341711005293,0.9778872090512328,4.6005112772771,0.877777777777778,0.4610846502057611
5.0,3.0,0.0,3252.0,0.000923,1.0,5.0,0.017835,0.907749,0.2,0.295738,0.295738,2.298713,0.123768,0.643607,0.986762,2.427129,0.600321,0.075197,5.775353,31.276858,14.0,4.666667,0.004305,0.066667,2.0,2.0,8.0,4.0,6.0,0.911439,0.00142,1.0,0.704,1.3794,6.617,0.691,0.823,0.0752,0.0368,0.5,0.299,0.607,0.871,542.0,0.139542,1e-06,0.418341,0.684568,2.621666,0.2872356713941273,0.1374829072788638,-0.0041478225346313,0.0104314616434522,1.782855498050578,15.677147182641184,1.659820688479032,0.0001,4999.99995,0.1605184052925634,-0.2030299065361703,0.9364172615499616,1.8921991402907248,2.403341707817467,86.36157831414384,187.12649542017672,0.9238809850049274,0.1382334913605583,3.3333333333333335e-05,2.1667794761635104,-0.5188103607663219,0.0,15.814829553167128,0.0003391270166744,0.172837425890443,0.3800488513862325,1.743824083278327,1.1979499295630591,1.9113471944748384,0.395896935603482,0.2190431337171945
5.0,3.0,0.0,1623.0,0.001848,1.0,5.0,0.017868,0.906346,0.2,0.308114,0.308114,2.309065,0.137433,0.646678,0.987686,2.181351,0.591332,0.069975,6.27937,30.17347,6.0,2.0,0.003697,0.142857,2.0,2.0,5.0,1.0,3.0,0.909427,0.0,0.877388,0.717,1.3436,6.255,0.795,0.888,0.0762,0.0376,0.5,0.302,0.599,0.893,541.0,0.138924,4e-06,0.417851,0.683073,2.619494,0.27767726952201,0.1387100414734263,-0.0042577528587341,0.0107158947009187,1.7905715509847215,15.704487038073772,1.6846727026006785,0.0001,4999.99995,0.1688938122523643,-0.2119684182955702,0.9366083490183704,1.8725165187592665,2.2486180509745184,85.90544861851035,198.2293230611762,0.9209318097400332,0.1380925148407223,3.3333333333333335e-05,2.307529106116102,-0.5045786263065646,0.0,15.302020093887052,0.0003927840106752,0.1795133233480926,0.3909039789817682,2.6380727136333424,1.3799719895436429,2.823371392493759,0.390532453851782,0.2191411281209194
5.0,3.0,0.0,1521.0,0.001972,1.0,5.0,0.019066,0.900066,0.2,0.287709,0.287709,2.279028,0.139463,0.640834,0.98667,2.19188,0.598292,0.072898,6.338168,29.0677,9.0,3.0,0.005917,0.1,2.0,2.0,8.0,2.0,5.0,0.904668,0.0,0.872452,0.694,1.2608,6.036,0.792,0.919,0.0814,0.04,0.5,0.317,0.609,0.895,507.0,0.137553,4e-06,0.38001,0.683824,2.619359,0.2689771242593953,0.1508941802744406,-0.0032629235676788,0.0105007121313626,1.746046719169488,15.668454271747231,1.6857817327070528,0.01,49.999999995,0.1579201342142548,-0.2346999193263562,0.9272302444328052,1.9458144969822468,2.7174144062091266,89.10231732647357,204.6718488269395,0.9175406309848064,0.1448921206863394,3.3333333333333335e-05,2.2970429385917477,-0.5411414049181831,0.0,15.032307964954132,0.0003501502342031,0.2012474050753963,0.4126487042856075,2.021414647340566,1.1789942246084346,2.429049278016099,0.37296799472427,0.2174053921220435
5.0,3.0,0.0,1515.0,0.00198,1.0,5.0,0.019142,0.90099,0.2,0.305621,0.305621,2.33899,0.159103,0.611125,0.986273,2.186017,0.596692,0.067981,6.745458,31.156239,7.0,2.333333,0.00462,0.125,2.0,2.0,6.0,2.0,3.0,0.90429,0.0,0.868647,0.591,1.205,6.773,0.683,0.806,0.0804,0.0396,0.5,0.344,0.626,0.888,505.0,0.137711,4e-06,0.40631,0.683045,2.619103,0.2041241535010789,0.1137215617337945,-0.0022014922760495,0.0080830799976607,1.880394990436448,15.663253262478918,1.5979609750788115,0.0001,4999.99995,0.1401506303317153,-0.2457107866611051,0.9326059160960808,2.226304187235229,3.876728140571734,91.11208410369451,282.63538820970876,0.919742581344732,0.1424570418798562,3.3333333333333335e-05,3.1020625967466486,-0.4881363170128642,0.0,14.93956202196162,0.0002613376587834,0.1556913583194941,0.3646150747861056,1.887381341565982,0.472058472565406,6.996387952981728,0.389837296678492,0.214476553632904
5.0,3.0,0.0,10176.0,0.000295,1.0,5.0,0.002555,0.962166,0.2,0.270716,0.270716,2.675037,0.104143,0.481281,0.997886,2.536671,0.549643,0.025321,8.070028,99.18093,2.0,0.666667,0.000197,0.333333,2.0,2.0,3.0,0.0,2.0,0.960888,0.001475,0.944182,0.294,0.2364,6.504,0.372,0.499,0.0302,0.0148,0.5,0.263,0.698,0.902,3390.0,0.156442,0.0,0.593925,0.677461,2.569753,0.2830731510621139,0.1464683982044362,-0.0047593216115862,0.0102025816603973,1.6271565921969309,15.630012100580782,1.9564936224139688,0.0001,4999.99995,0.1630569935989589,-0.3197453260197817,0.9605760786089572,1.5106869635933893,0.8229437421657289,83.69332871913191,191.70755416824187,0.9300269332970658,0.1339521314119876,3.3333333333333335e-05,2.290595404701786,-0.4506024395447056,0.0,16.351259193469282,0.0005129457899748,0.1473719347782956,0.2998712226661002,2.739453193580494,1.5595804421039663,2.513064308351485,0.303657615839053,0.2113928593443966
5.0,3.0,0.0,10386.0,0.000289,1.0,5.0,0.002407,0.963412,0.2,0.269776,0.269776,2.628335,0.093734,0.459873,0.997538,2.543579,0.549966,0.023494,8.462327,107.265514,2.0,0.666667,0.000193,0.333333,2.0,2.0,3.0,0.0,2.0,0.961775,0.0,0.947622,0.261,0.235,6.11,0.747,0.795,0.0294,0.0144,0.5,0.266,0.704,0.914,3460.0,0.156982,0.0,0.599656,0.676646,2.567293,0.2451975204317869,0.1341604410152894,-0.0037672704630953,0.0104675579294612,1.729615972953156,15.60017159574948,1.8685492835389057,0.0001,4999.99995,0.171496501901582,-0.3410951435342361,0.9531363390226996,1.668056357945984,1.479467384523776,72.23426979990919,172.59909086834807,0.920877603673856,0.1466680537497424,6.666666666666667e-05,2.3894349779744393,-0.5252801417500786,0.0,16.61706921574627,0.0008533260449408,0.1655425959848055,0.371506243705676,2.955761495383781,0.8240722608746788,6.17354930074559,0.295924729651521,0.2104618213577659
5.0,3.0,0.0,9989.0,0.0003,1.0,5.0,0.002603,0.960957,0.2,0.277794,0.277794,2.727043,0.105282,0.47388,0.997781,2.534083,0.550269,0.025215,8.310625,99.498194,3.0,1.0,0.0003,0.25,2.0,2.0,4.0,0.0,2.0,0.959856,0.0,0.943938,0.281,0.2314,6.638,0.142,0.315,0.031,0.0154,0.5,0.274,0.704,0.95,3327.333,0.156401,0.0,0.591547,0.676109,2.564742,0.2531297315556167,0.125617971232912,-0.003471160531761,0.0096055437522314,0.3960185295591275,15.669997344905427,2.0162553496719786,0.0001,4999.99995,0.158019922292845,-0.3258409274030482,0.949376824979626,1.6672431761089912,1.532833373578698,75.82943347323916,159.8831824668211,0.9273658125213904,0.139499948066366,3.3333333333333335e-05,2.1084580900006737,-0.3520747278986081,0.0,12.9829655204388,0.002496858951302,0.1486198237060474,0.3235123057455116,3.3458364307491957,0.5277670355828457,11.67921717410161,0.303332239613796,0.2102401050641838
5.0,3.0,0.0,10130.0,0.000296,1.0,5.0,0.002567,0.962093,0.2,0.269459,0.269459,2.674903,0.103049,0.479134,0.997975,2.5278,0.547721,0.024943,8.203199,100.344146,2.0,0.666667,0.000197,0.333333,2.0,2.0,3.0,0.0,2.0,0.960809,0.00114,0.945903,0.29,0.2374,6.467,0.358,0.489,0.0302,0.0148,0.5,0.265,0.697,0.887,3374.667,0.156514,0.0,0.599875,0.677107,2.568158,0.2748421020487372,0.1622223710883579,-0.0049791454771325,0.0116067615898917,1.6536588326061488,15.684370765094108,1.8809295687985637,0.0001,4999.99995,0.1875332484737363,-0.3276113239549857,0.960634986640176,1.5361227906101296,0.9216161290995482,84.70537753916204,192.20351959625495,0.9266120491791956,0.1469914852458043,3.3333333333333335e-05,2.2690828514091774,-0.5344261873123122,0.0,15.817635952588576,0.0008425536563816,0.1638723896123587,0.3429833379470783,1.8246534330744093,1.4209556757581223,1.5682059816540268,0.29046448545955,0.2112428587561944
5.0,3.0,0.0,9172.0,0.000327,1.0,5.0,0.006106,0.945268,0.2,0.25215,0.25215,2.170199,0.055672,0.361476,0.990662,2.605932,0.570932,0.020684,13.555971,124.987656,0.0,0.0,0.0,1.0,0.0,1.0,1.0,0.0,0.0,0.9372,0.0,0.912451,0.15,0.389,7.074,0.048,0.12,0.044,0.022,0.5,0.358,0.743,0.961,3057.0,0.15082,0.0,0.646564,0.678253,2.578111,0.1201162912389361,0.0796780709262041,0.0005074483166627,0.0046725036837875,2.388135229638806,15.647207489442792,1.5116870475772866,0.0001,4999.99995,0.0977794209781167,-0.1967453087386088,0.9195935849090768,3.201823843775485,10.191708961310342,102.78233013411092,253.97855011095825,0.9440988622920612,0.1312822683948364,3.3333333333333335e-05,2.471033199768513,-0.4101646220767955,0.0,14.218988290514703,0.0005591901059643,0.0946378587345375,0.289850689710553,2.172463700390733,1.1882028825441102,2.6567218146077085,0.277811149371411,0.2032720704476004
5.0,3.0,0.0,9285.0,0.000323,1.0,5.0,0.006247,0.944642,0.2,0.24407,0.24407,2.173388,0.05679,0.368458,0.991582,2.687218,0.588741,0.021186,13.376093,125.83865,0.0,0.0,0.0,1.0,0.0,1.0,1.0,0.0,0.0,0.936349,0.0,0.909962,0.156,0.3704,7.013,0.048,0.109,0.0448,0.022,0.5,0.36,0.742,0.967,3094.667,0.15027,0.0,0.648239,0.678804,2.581289,0.1060808611301357,0.1177659173466637,0.0003230825907951,0.0045239546753273,2.403568790338777,15.65046616650256,1.4996058689351075,0.0001,4999.99995,0.0998874263301562,-0.2254397971413365,0.917951620109104,3.2864201009645972,10.8306075028675,99.89810995201525,337.64178558439016,0.952230831510478,0.1174039093569865,3.3333333333333335e-05,3.3798615984483455,-0.4201870034257629,0.0,18.29636551143257,0.0004025431785983,0.10560046027958,0.3220283682387605,4.181189251609576,0.5334275168706708,14.676691281810887,0.26603071237102,0.2029356015891887
2.0,20.0,0.0,1000.0,0.02,1.0,2.0,0.259,0.741,0.5,0.369451,0.369451,1.329708,0.056196,0.309874,1.0,0.664875,0.191842,0.002597,220.293091,255.058228,13.0,0.65,0.013,0.071429,2.0,3.0,9.0,0.0,2.0,0.726,0.0,0.668,0.056,0.552,1.0,0.0,0.0,0.518,0.259,0.5,0.908,0.241,1.0,50.0,0.112418,3e-06,0.435401,0.337827,1.82636,0.2044024277922044,0.0824382099300954,-0.0057084863384008,0.0080090522100782,2.3594396265859077,15.613917995499158,0.9913045483297052,0.01,49.999999995,0.1603288014725239,-0.0254915015661758,0.972404613726252,2.684191923844918,5.769547194880271,195.75928238731856,1350.6185064607018,0.6790590691414875,0.1485874268564697,6.666666666666667e-05,6.89938423348138,-0.272240272562695,0.0,12.627529457362716,0.0002371689867104,0.0903725365971929,0.2795191079268259,1.726277975707522,1.6134376771417491,1.139875621059132,0.656480774127833,0.5107273377464554
8.0,40.0,3.0,750.0,0.053333,0.925,8.0,0.076,0.22,0.125,0.459041,0.459818,2.242774,0.089966,0.317274,0.257062,1.913625,0.636615,0.039566,50.692915,47.365101,8.0,0.2,0.010667,0.111111,2.0,3.0,6.0,0.0,3.0,0.358667,0.007602,0.164,0.027,0.39675,9.531,0.093,2.555,0.25025,0.125,0.5,1.09,0.091,1.0,18.75,0.025246,2e-06,0.058452,0.717404,2.855211,0.1154212574497971,0.4261713608479637,-0.0023805744647496,0.0020353880187718,2.1715723346496247,15.670409467501337,1.1642071925924973,0.01,49.999999995,0.0427667699827379,-0.0043627585325869,0.4201595883392558,2.572591781828864,9.913016855504477,147.5743888694874,300.838582727626,0.925696255501086,0.1182848527591262,3.3333333333333335e-05,2.0385555043272525,-0.3551520220839537,0.0,17.33041980026378,3.80319143635147e-05,0.1816698581768568,0.5129393267715427,1.2381513685218666,0.2631519857387376,8.410161698319252,0.166110806255658,0.1264970037812993
8.0,40.0,3.0,400.0,0.1,0.925,8.0,0.0625,0.2775,0.125,0.463551,0.476722,2.305182,0.13168,0.435642,0.242234,1.693068,0.619173,0.058749,32.669398,27.818522,18.0,0.45,0.045,0.052632,2.0,4.0,7.0,0.0,4.0,0.5,0.013264,0.1525,0.058,0.813,2.326,0.303,2.062,0.250875,0.124875,0.5,1.093,0.033,1.0,10.0,0.029724,8e-06,0.070345,0.757519,3.379361,0.217483834005698,0.4208743553712688,-0.0025829474772217,0.0024244852016293,2.261010273655078,15.653818527725436,1.1194422845912588,0.01,49.999999995,0.0442691046706808,0.0901936742730201,0.56830279963563,2.911136172296173,10.3138545382146,168.44414354034635,1661.2560770686334,0.9467528565537224,0.0842564489178286,6.666666666666667e-05,9.86235580621842,-0.5148287325886769,0.0,16.871965328388722,0.0001194918611384,0.1234020792133263,0.3820409109709686,1.1783582112464943,0.355810258824215,5.6235201600853255,0.206318200680946,0.1279616434222398
5.0,12.0,4.0,1100.0,0.010909,0.666667,5.0,0.139091,0.277273,0.2,0.216319,0.537835,1.670058,0.085926,0.416891,0.528524,1.386924,0.623861,0.028965,54.576657,46.882147,10.0,0.833333,0.009091,0.090909,2.0,3.0,6.0,0.0,2.0,0.380909,0.012177,0.32,0.1,0.3546,9.655,0.032,0.092,0.4004,0.2,0.5,1.157,0.539,1.0,91.667,0.039603,1e-06,0.062733,0.764461,3.712101,0.4339628990694931,0.1887566038414292,-0.0134924480328832,0.0134521849096094,1.8163552622151335,15.64497687601496,1.5852783513149509,0.01,49.999999995,0.2272097491977054,-0.0061428896093668,0.98515650917906,1.538954088580375,0.6995416838748265,121.33924435727032,296.0708503757492,0.914802459496258,0.0628160516901669,3.3333333333333335e-05,2.4400254999445856,-0.3202962668904937,0.0,12.067306154081718,0.0009397178049795,0.1183632285583203,0.2674329081279341,2.5446872641130502,1.3600602259943262,2.742021442103837,0.388550564671271,0.2266612126860815
3.0,12.0,4.0,700.0,0.017143,0.666667,3.0,0.305714,0.35,0.333333,0.322953,0.761887,1.757332,0.086544,0.348964,0.900179,1.294131,0.600272,0.014056,78.032302,91.067527,10.0,0.833333,0.014286,0.090909,2.0,3.0,7.0,0.0,3.0,0.458571,0.029832,0.364286,0.088,0.177,2.601,0.17,0.201,0.667,0.333333,0.5,1.092,0.467,1.0,58.333,0.062784,3e-06,0.092305,0.755646,3.585045,0.4619307907699187,0.2551319539158227,-0.011971246652037,0.011853634330649,1.6349021958576706,15.661333181006192,1.848940498311136,0.01,49.999999995,0.1929460757619958,-0.0452974740776473,0.9378864840392124,1.385352330154132,0.2993916327995651,86.2730320690241,184.01681144987504,0.8954698846589308,0.0876461919300706,3.3333333333333335e-05,2.1329586666508646,-0.3953787937251797,0.0,14.004340208496664,0.0004065717731576,0.2134677965820061,0.4249839979801327,2.3077888434617715,1.0926269183286217,3.2242943217806803,0.475895415963909,0.3536601200173872
5.0,12.0,4.0,500.0,0.024,0.666667,5.0,0.086,0.384,0.2,0.228863,0.66606,1.719741,0.117783,0.40278,0.525837,1.229821,0.60579,0.026077,57.100803,46.161631,13.0,1.083333,0.026,0.071429,2.0,3.0,8.0,0.0,4.0,0.44,0.005078,0.388,0.064,0.331,9.107,0.052,0.188,0.4,0.2,0.5,1.129,0.524,1.0,41.667,0.046798,5e-06,0.100937,0.739004,3.864911,0.3714484820455248,0.1414787391528876,-0.0093579111911051,0.0112338303542743,1.7640462449858785,15.64209749619809,1.631790965952122,0.01,49.999999995,0.186872363226588,0.0125524080870814,0.9568928079956136,1.9316285451008464,2.274870673184438,103.26015975207837,187.0605338793338,0.8117493268499074,0.091897212528711,0.0001,1.8115460437835216,-0.1984255818585799,5.192861060978017e-264,11.641328782264225,0.0004589582096626,0.1525681636410199,0.3818867520420655,2.971567047802305,1.5823065858135985,2.7559940335747153,0.369396554141563,0.2175444478684655
8.0,40.0,3.0,1000.0,0.04,0.925,8.0,0.089,0.24,0.125,0.445611,0.445446,2.221474,0.076461,0.283419,0.259678,1.911111,0.608487,0.030353,66.718447,61.962973,1.0,0.025,0.001,0.5,2.0,2.0,2.0,0.0,1.0,0.333,0.007742,0.143,0.034,0.342875,14.408,0.106,1.665,0.25,0.125,0.5,1.091,0.068,1.0,25.0,0.02418,1e-06,0.072702,0.714722,2.78037,0.1145957084931842,0.35184740793777,-0.0020251274966967,0.0020099415701005,2.4473561174355014,15.617534157448256,0.9664030174199508,0.01,49.999999995,0.0370273501967561,0.0842260806935979,0.3534960842396442,3.4760079431510396,15.662207312886697,168.46012010598886,1163.2797990624429,0.9351026743409566,0.1177623356040644,3.3333333333333335e-05,6.905372015231519,-0.2539172015954775,0.0,12.946121985617884,-7.381466582950139e-07,0.1551378801166049,0.4996934956625989,0.6052800841885118,0.1260623633282745,8.602867472951019,0.167532760991707,0.1260699920876825
2.0,6.0,5.0,120.0,0.05,0.166667,2.0,0.491667,0.508333,0.5,0.477373,0.984708,1.72979,0.415111,0.962168,1.0,0.736995,0.861363,0.132507,5.229982,4.561942,3.0,0.5,0.025,0.25,2.0,2.0,4.0,0.0,1.0,1.0,0.115109,1.0,0.128,8.616,0.0,0.343,1.0,0.333,0.0,0.01,0.018,0.051,0.899,16.5,0.106022,0.000116,0.210565,0.787264,4.764481,0.5449050404634302,0.4150381996511448,-0.0141162850617472,0.0374311752341142,1.3649639915294354,15.697040793771896,1.1485171619978407,0.01,49.999999995,0.443904760378818,-0.3338199581330272,0.9953693024485256,0.3177517792066416,-1.8296164925404803,25.615399950382884,51.9263153214828,0.8519719300855627,0.1361510070529459,0.5389333333333334,2.0271522374064905,-0.1904708122760698,4.744784251388708e-243,14.075030639942158,0.0012628249962839,0.1113230146134363,0.3233571937789837,2.2324911915644656,1.2011527151397408,2.7172478793479335,1.0,0.7079152892246642
2.0,16.0,9.0,4521.0,0.003539,0.4375,12.0,0.11524,0.88476,0.5,2.887663,3.457236,23.957828,0.137689,0.538575,1.0,1.111311,0.522922,0.012161,29.383136,90.382117,9.0,0.5625,0.001991,0.1,2.0,3.0,6.0,0.0,3.0,0.868834,0.002046,0.854899,0.543,0.592,0.082,0.047,0.054,0.231,0.115,0.5,0.567,0.327,0.993,282.562,0.164078,0.0,0.30248,0.708465,2.603889,0.4188307213299113,0.1254960278779574,-0.0125658562553019,0.0123940396906987,1.8607055139062476,15.704799351905518,1.4786571204959666,0.01,49.999999995,0.2221131167017043,0.1044885880708654,0.9939022677092668,2.0128671887707537,2.6483424752109173,113.54285072017764,707.4694245817013,0.9238407402188676,0.0882867836646644,3.3333333333333335e-05,6.230858394820725,-0.0480364979865412,8.469572214288435e-17,11.592402330600676,0.0011249802654047,0.0686930543445296,0.1618889230856075,2.854837413951517,2.7327646352484627,1.0893401335248256,0.7167400239534,0.524471408920373
4.0,9.0,0.0,106.0,0.084906,1.0,4.0,0.132075,0.462264,0.25,0.411984,0.411984,2.254075,0.206208,0.694128,0.557569,1.385337,0.601644,0.124524,10.207998,10.125083,6.0,0.666667,0.056604,0.142857,2.0,3.0,6.0,0.0,2.0,0.726415,0.035543,0.481132,0.384,0.6535,0.786,0.667,2.095,0.50075,0.25,0.5,1.0,0.288,1.0,11.667,0.075292,0.000133,0.175896,0.473726,2.016156,0.3566226483056628,0.1419477522683219,-0.0092482103754677,0.0113096797687186,2.0297164761644235,15.68441988728324,1.459014432493131,0.01,49.999999995,0.1836109966899309,0.0164084424702061,0.944220448843619,1.9507591057427205,2.319040339899372,106.17596564992982,192.91382334640855,0.6923992772460459,0.1090385658287667,6.666666666666667e-05,1.8169255364482224,-0.3878684714972509,0.0,12.968723858164628,0.0002341040589374,0.1694128755517818,0.4565732310185443,2.8548194493505528,1.0165461744622168,4.616703935477458,0.618055555555556,0.2877564814814815
2.0,100.0,0.0,1212.0,0.082508,1.0,2.0,0.49505,0.50495,0.5,3.243431,3.243431,14.130003,0.995614,0.428559,1.0,0.734004,0.206451,0.004701,147.444688,155.146721,1.0,0.01,0.000825,0.5,2.0,2.0,2.0,0.0,1.0,0.514026,0.006701,0.659241,0.004,0.244,0.000159,0.006,0.672,0.978,0.49,0.495,0.878,0.439,0.998,12.12,0.101461,1e-06,0.258085,0.774471,3.603832,0.7652582498352689,0.2775337459332335,0.005628351911785,0.0217387362034133,0.958201734876064,15.642124474161973,2.642838174401554,0.01,49.999999995,0.2126476253167947,0.2060888626006704,0.9859009481495355,1.054457844423669,-0.2191196628441356,35.26560510765209,112.67341243591652,0.8693603281315259,0.1559675726569609,3.3333333333333335e-05,3.1949944454934345,0.2402492725915203,0.0,13.417037837043376,0.0091633000525339,0.1436478787389104,0.1974793891647427,3.466777937310713,0.938659124803474,6.386660067963127,0.812404635569283,0.5596863921996955
2.0,5.0,0.0,4839.0,0.001033,1.0,2.0,0.053937,0.946063,0.5,1.882682,1.882682,25.973316,0.313347,0.390824,1.0,1.235048,0.290702,0.008563,24.51789,143.230148,13.0,2.6,0.002687,0.071429,2.0,4.0,6.0,0.0,6.0,0.893366,0.0,0.950196,0.216,0.439,6.1e-05,0.151,0.348,0.108,0.054,0.5,0.315,0.269,0.987,967.8,0.164697,1e-06,0.276365,0.716307,2.524554,0.3520800096768732,0.1982320046461841,-0.0088391035045379,0.0219800313179702,1.7191902138610862,15.685588152677632,1.6652790685466945,0.001,499.9999995,0.3200577137467608,-0.2112769207327449,0.9985329249448324,1.3359300928934896,-0.031331202764198,123.65687816203436,246.934137194608,0.7072619415381585,0.1966258424103856,3.3333333333333335e-05,1.9969300605424851,-0.5672776691158958,0.0,21.0195627649934,0.0040915761243083,0.065170904324324,0.1446114846442867,3.676695190319428,2.7923646714664487,1.6333918545013992,0.951723158693287,0.5893632449300804
2.0,9.0,0.0,699.0,0.012876,1.0,2.0,0.344778,0.655222,0.5,2.298203,2.298203,17.17466,0.236391,0.914745,1.0,1.321626,0.405644,0.340976,1.889148,2.876009,6.0,0.666667,0.008584,0.142857,2.0,3.0,5.0,0.0,2.0,0.958512,0.0427,0.955651,3.477,0.068,0.248,0.119,0.232,0.464,0.034,0.008,0.339,0.046,0.804,77.667,0.188919,5e-06,0.36249,0.650851,1.829838,0.5199597164766585,0.3578253287796098,-0.0250070003804907,0.0263867507140968,1.4967421278278688,15.689318492964636,2.0995261074349365,0.001,499.9999995,0.4009332843557371,-0.3386778391343782,0.9984387700506222,0.4520153483030437,-1.7293152130733729,2.580041022472761,15.208632335762193,0.9516533680065616,0.1376851750023288,0.5673666666666667,5.894725007581488,-0.5424357967510272,0.0,17.09386742977717,0.007456316433825,0.0818453491686309,0.2463949171184156,3.4877138577188087,3.257041058161543,1.1416456197128195,0.96826508129325,0.6689033934900954
2.0,44.0,0.0,349.0,0.126074,1.0,2.0,0.272206,0.727794,0.5,1.076297,1.076297,5.541645,0.225627,0.576361,1.0,1.305576,0.443404,0.046984,12.460432,26.787667,11.0,0.25,0.031519,0.083333,2.0,3.0,6.0,0.0,1.0,0.733524,0.002618,0.862464,0.553,0.74,0.0,0.296,0.993,0.437,0.206,0.5,0.826,0.101,1.0,6.068,0.154003,2.5e-05,0.294259,0.514905,1.872335,0.3351095302436533,0.1251532562991791,-0.0083333560333735,0.009501965585828,2.238797826056904,15.654630504349518,1.1235105967124477,0.01,49.999999995,0.1694452765823489,0.0955064693869661,0.933670611426546,2.278243015537283,3.792702843241284,138.54591953764202,272.59280243399235,0.7492977207400399,0.1488383351835967,3.3333333333333335e-05,1.9675267474039804,-0.4734464700938293,0.0,14.555583676920618,6.505162119764749e-05,0.1472710138419501,0.4204514813340175,1.7913172952696794,1.0846295159753878,2.303095239221161,0.770573159819483,0.522086816902687
2.0,58.0,58.0,106.0,0.54717,0.0,106.0,0.5,0.5,0.5,0.0,2.739602,3.0,0.381624,1.0,1.0,1.406238,0.973629,0.053871,12.866895,25.10401,1.0,0.017241,0.009434,0.5,2.0,2.0,2.0,0.0,1.0,0.990566,0.083794,0.698113,1431.51,32.612,0.006,1.0,1.0,0.313,0.047,0.009,0.937,0.0,1.0,1.828,0.081402,0.000132,0.334678,0.795089,2.425254,0.5804541544668762,0.2431717097095348,-0.0273801577543624,0.0046902640141211,1.0357028224024836,15.688867172036824,2.3661442900563663,0.01,49.999999995,0.2619575156583438,0.21273820123355,0.8719373254437487,1.1073245582798783,-0.4510663389451395,74.59849760286647,160.73589897796953,0.3135496068306208,0.3876897910278954,0.0002333333333333,2.1546801094261054,0.3142006519675582,0.0,11.575059996006212,0.0004658021415333,0.5283218979681368,0.8985032924826306,1.1473997963185831,0.5459827825015707,3.2030621956972816,0.96875,0.6061675000000001
10.0,64.0,0.0,2000.0,0.032,1.0,10.0,0.1,0.1,0.1,0.253555,0.253555,3.114504,0.163703,0.95692,0.152426,2.021402,0.531017,0.188849,12.192699,9.703772,11.0,0.171875,0.0055,0.083333,2.0,3.0,7.0,0.0,2.0,0.948,0.018343,0.9645,2.462,5.2863,1e-06,0.808,1.494,0.2027,0.1,0.5,0.724,0.005,1.0,31.25,0.074116,0.0,0.089455,0.852419,1.138342,0.7007179986962244,0.3632575375401506,-0.0362758412517839,0.0078860841828905,0.7349482006816498,15.68951847969819,2.826874845653829,0.001,499.9999995,0.3629973575544143,0.0601748840489623,0.9954747558134152,0.5388550383760312,-1.291446815541863,2.55265739099631,10.388637561698795,0.8368671089622118,0.2364872734574253,0.1879333333333333,4.069734386736487,0.587274850965816,0.0,18.678279188057953,0.0178572561400174,0.1434474081734673,0.227364741954326,2.98640793636133,2.4904716095138455,1.3982669988706236,0.979896421845574,0.4185955881983678
6.0,36.0,0.0,6430.0,0.005599,1.0,6.0,0.097201,0.238103,0.166667,0.732322,0.732322,4.181557,0.568604,0.936557,0.358578,2.517218,0.574442,0.621475,2.769758,3.050394,11.0,0.305556,0.001711,0.083333,2.0,2.0,7.0,0.0,4.0,0.797667,0.008384,0.905288,3.601,2.253667,0.000376,0.789,2.407,0.433833,0.102667,0.303667,0.549,0.128,1.0,178.611,0.114018,0.0,0.159898,0.833931,1.541003,0.5584150471821316,0.3342158508720445,-0.029121641496989,0.0217370163924271,1.4048828689786648,15.618106516393564,2.1877894765159236,0.001,499.9999995,0.391677294036546,-0.2319681200280361,0.999793670588728,0.5959966481635081,-1.51331860860891,2.077150876319784,3.449574362881435,0.9487576747681388,0.1498129005815935,0.5480666666666667,1.6607240245309465,0.3987009454616261,0.0,14.118616725665609,0.016784520568401,0.0479706110398123,0.1055180996889519,4.722088389561804,4.306628883249593,1.1929395439330852,0.907306779365977,0.4133318499804439
3.0,16.0,1.0,1340.0,0.01194,0.9375,7.0,0.042537,0.906716,0.333333,0.555327,1.075642,3.434887,0.415431,0.740796,0.813001,1.7304,0.504114,0.100527,3.724062,16.21335,10.0,0.625,0.007463,0.090909,2.0,3.0,6.0,0.0,2.0,0.842537,0.006087,0.922388,0.559,3.78,0.000845,0.766,1.082,0.131667,0.062333,0.5,0.377,0.3,0.93,83.75,0.152445,5e-06,0.381125,0.739081,3.340026,0.4396500932531879,0.1505558711276553,-0.0157978333984326,0.0160247886538888,1.9226604966075471,15.655148884648048,1.4642392710739207,0.01,49.999999995,0.2794160217091911,0.0641469863757605,0.9927011386354732,1.7041451012960596,1.157382349165326,147.76068953925991,338.42577246410036,0.7751629192396827,0.1085363979908733,3.3333333333333335e-05,2.2903640577163022,-0.4642482196223013,0.0,16.595809312718632,0.0012854623793603,0.0946907710156408,0.2174250620368311,3.5651056218381796,3.4896257118694307,1.0432596021467253,0.735468035709776,0.3922383353340813
3.0,13.0,0.0,178.0,0.073034,1.0,3.0,0.269663,0.398876,0.333333,0.627705,0.627705,3.439784,0.206138,0.949111,0.528081,1.360413,0.530386,0.323849,3.353531,3.200761,4.0,0.307692,0.022472,0.2,2.0,3.0,4.0,0.0,1.0,0.988764,0.071105,0.949438,2.673,16.258333,6.1e-05,0.809,0.809,0.664,0.333333,0.5,0.575,0.014,0.994,13.692,0.110836,4.8e-05,0.18209,0.806834,3.389537,0.4702371724217721,0.2464607516887909,-0.0229872024423977,0.0225904925728674,1.7653121830050291,15.65138884592265,1.5977844051840235,0.001,499.9999995,0.3681991794071288,-0.0898964087187623,0.9988881743391568,1.109514098097645,-0.7171154794997583,2.442799528736765,5.227182649529709,0.9360377111000102,0.1611477312910309,0.7094,2.139832838526329,0.291011492808374,0.0,15.04885204878581,0.0019553884089087,0.0634410147696134,0.1821296363035179,3.891600080940859,1.8880892516552088,3.1222628406233395,1.0,0.4978975910049764
5.0,19.0,5.0,736.0,0.025815,0.736842,27.0,0.142663,0.290761,0.2,0.785544,3.813211,5.599323,0.40967,0.925783,0.622652,1.655496,0.548179,0.177165,8.850258,8.34437,12.0,0.631579,0.016304,0.076923,2.0,3.0,8.0,0.0,4.0,0.5625,0.041722,0.509511,2.235,2.2308,0.157,0.406,1.103,0.4056,0.1904,0.4922,0.818,0.393,0.997,38.737,0.048939,2e-06,0.083663,0.793297,2.873854,0.5470594847188429,0.1821753328249681,-0.0188777180431814,0.0178684499941212,1.2046062690103845,15.67940440960776,2.389406432642823,0.001,499.9999995,0.2906972585065829,0.035733188355492,0.9967113774860676,1.4136295073306728,0.3644262735358032,2.281460067084466,4.81936187383391,0.6961109001163956,0.3899859664134801,0.5268333333333334,2.112402466895061,0.3990479525545052,0.0,17.810279758749783,0.0073318284706037,0.0838793368299953,0.1529095250274176,3.801580446432646,2.2309810799841485,2.407989857501125,0.65594825077352,0.2827401725331037
10.0,6.0,0.0,2000.0,0.003,1.0,10.0,0.1,0.1,0.1,2.937997,2.937997,25.42458,0.494403,0.987718,0.353173,1.631065,0.428476,0.841051,2.737747,0.939317,9.0,1.5,0.0045,0.1,2.0,3.0,6.0,1.0,2.0,0.6165,0.001463,0.714,38.451,4.7449,0.958,1.0,1.0,0.2363,0.1,0.5,0.224,0.311,0.987,333.333,0.058487,0.0,0.096083,0.893839,1.959648,0.545245642957238,0.6154227479311761,-0.0232798275125101,0.0134834921671358,0.6362463166199492,15.688407243366006,3.0025474830223575,0.01,49.999999995,0.3002292060102742,-0.4681308641119525,0.9954335010253396,-0.6505382445729349,-0.8579469158823434,2.4811241358871454,7.740607445463675,0.937641886415952,0.1203289750901139,0.0001666666666666,3.1197985354702293,0.6343346037982623,0.0,20.78086564821069,0.0223249030417262,0.1407713107455349,0.151205641786519,4.085819107964493,0.9685155829103996,7.437281092954321,0.765517890772128,0.5109597576898933
4.0,6.0,6.0,1728.0,0.003472,0.0,4.0,0.037616,0.700231,0.25,0.0,0.869484,3.0,0.110074,0.755165,0.790555,1.242453,1.0,0.079307,10.538249,14.666395,16.0,2.666667,0.009259,0.058824,2.0,2.0,9.0,0.0,4.0,0.873843,0.0,0.624421,0.006,1.16375,0.389,0.667,1.704,0.42725,0.109,0.4145,0.902,0.729,1.0,288.0,0.124141,1e-06,0.259918,0.641878,2.324559,0.4030218694054267,0.1623230790060245,-0.0168917643228988,0.0178020545213062,1.987342568016482,15.63405902683163,1.2895510540112685,0.01,49.999999995,0.3165741220034392,0.0502592389061752,0.9988123556173568,1.725705617998916,1.1359719894266007,2.353360266716459,8.1379606593464,0.9209640433901136,0.1744457475648127,0.7816333333333333,3.4580173611486535,0.1795308953345403,1.0079987363928211e-215,12.26045592849145,0.0020617645300336,0.0502667102262287,0.1427959684799509,2.70508847888377,2.7043772125239545,1.0005260112058492,0.998816225496067,0.3705258353316032
10.0,47.0,0.0,2000.0,0.0235,1.0,10.0,0.1,0.1,0.1,0.650399,0.650399,3.642905,0.257498,0.937188,0.170927,2.062877,0.541912,0.272377,8.453684,6.573622,12.0,0.255319,0.006,0.076923,2.0,2.0,8.0,0.0,2.0,0.763,0.016444,0.7885,1.647,3.0824,0.238,0.686,1.217,0.2054,0.1,0.5,0.768,0.139,1.0,42.553,0.061706,0.0,0.095949,0.830833,1.064171,0.7006614283869993,0.41481021851397,-0.0356803928391395,0.0071613549481531,0.7049102652591093,15.68805162316458,2.8119202796188967,0.001,499.9999995,0.3467852416208347,-0.0118716479187929,0.9951948382860364,0.2577476070760491,-1.5400791554670374,23.71861327210546,102.9583948752347,0.8773575191933911,0.1743047997921585,6.666666666666667e-05,4.340826914881897,0.3880225275884296,0.0,12.740909679867544,0.0252856150278415,0.153133459935021,0.2257714300274011,3.3017105357874037,2.006585638679798,2.2908742813075924,0.851129943502825,0.4066452382297551
2.0,14.0,0.0,690.0,0.023672,1.0,4.0,0.166667,0.605955,0.5,0.834146,1.563584,4.196345,0.236391,0.646678,1.0,1.207218,0.519381,0.046984,12.192699,22.648734,7.0,0.444444,0.009901,0.125,2.0,2.0,6.0,0.0,2.0,0.821131,0.013331,0.814229,0.533,1.59,0.004,0.237,0.644,0.409,0.155,0.5,0.641,0.273,0.998,40.714,0.117107,6e-06,0.235896,0.745433,2.487831,0.5906928284109882,0.3002737687277013,-0.024711179204835,0.025956805789157,1.2475236145332045,15.658251931514853,2.244658638183924,0.001,499.9999995,0.383313910218551,-0.1466894862401588,0.9994796379862404,0.845768132677416,-1.0737622831320233,2.333315820028852,4.8375074189293725,0.9205919930927934,0.1731144641532777,0.4873666666666666,2.073233026323664,0.363941843261485,0.0,14.672352326770907,0.0578533469747633,0.0477201993110452,0.1512182729641372,4.445558294180693,2.9642620420393864,1.9994367779450348,1.0,0.4167439092095058
3.0,9.0,7.0,1473.0,0.00611,0.222222,4.0,0.226069,0.42702,0.333333,0.703944,2.087794,3.609567,0.200809,0.403878,0.6797,1.105452,0.697779,0.025651,41.588344,42.096072,6.0,0.666667,0.004073,0.142857,2.0,2.0,5.0,0.0,3.0,0.507807,0.009885,0.477257,0.045,0.365333,2.298,0.068,0.084,0.648667,0.319,0.476,1.104,0.526,0.974,163.667,0.069068,1e-06,0.101969,0.699807,3.010936,0.4858294721662866,0.2307398852061877,-0.0143013285829754,0.015597206315228,0.4232591103173624,15.628373120758717,2.2520886337841333,0.01,49.999999995,0.2443515298057043,-0.1225774999194786,0.984640283428853,1.2155745820460235,-0.0748164015305965,59.75445204732562,252.5503845631613,0.8543933224132092,0.1679318357620493,3.3333333333333335e-05,4.2264697593266645,-0.1469642673746759,1.8468513185141372e-144,18.31993049498385,0.0012491099566524,0.1539127427532761,0.269877993739786,2.748929535551609,2.6023146827663317,1.1126803408947186,0.529736207265272,0.3666824133784411
2.0,27.0,20.0,368.0,0.07337,0.259259,337.0,0.369565,0.630435,0.5,1.016099,10.417572,6.753301,0.291882,1.0,1.0,1.207442,0.626789,0.072029,9.145306,15.763355,1.0,0.037037,0.002717,0.5,2.0,2.0,2.0,0.0,1.0,0.894022,0.086955,0.747283,1.301,3.836,0.0,0.038,0.122,0.45,0.185,0.182,0.798,0.106,0.995,13.63,0.117033,1.7e-05,0.191146,0.768149,2.563554,0.3982729407053785,0.1284676492516374,-0.0179255565180857,0.0131114837292697,1.8408783941976576,15.646125125493995,1.6092647199106966,0.01,49.999999995,0.2616351380104358,0.173978050387867,0.9967275656515376,2.01049570239125,2.1394275770483286,2.348074387948492,4.485824903955791,0.6987898616041592,0.3943718953030073,0.7476,1.9104270831356145,0.5424877789843083,0.0,17.622752202609156,0.0008347522019557,0.0710004422661169,0.1979102120726734,3.3667246795568317,2.7432083787541455,1.4545890903739034,0.884991962497265,0.5505464580773395
10.0,62.0,0.0,5620.0,0.011032,1.0,10.0,0.098577,0.101779,0.1,3.109568,3.109568,35.900592,0.162119,0.93281,0.149164,1.729143,0.400497,0.231358,9.952199,6.473889,17.0,0.274194,0.003025,0.055556,2.0,3.0,8.0,0.0,3.0,0.833274,0.032819,0.987544,1.628,0.2991,7.5e-05,0.773,1.684,0.2314,0.1001,0.5,0.552,0.01,1.0,90.645,0.075923,0.0,0.096625,0.875822,1.205669,0.5502296697250482,0.2941455129505286,-0.0305271738278519,0.0199175051230441,0.8943242737167598,15.67556495256676,2.763722043528378,0.001,499.9999995,0.3944552707698057,-0.0622509750767052,0.9991679111038928,0.9084508318605924,-1.1114543382864157,2.097833379792412,4.508256050965056,0.6949390620025406,0.3917375124010201,0.2669,2.149005776335303,0.4353506895728498,0.0,16.0663543589823,0.021012664897422,0.0711583090197321,0.1531331369485748,2.987131327501616,1.8922255559518744,2.157267713782542,0.989100095136191,0.361516571441687
2.0,14.0,0.0,690.0,0.02029,1.0,2.0,0.444928,0.555072,0.5,1.978819,1.978819,12.628641,0.091896,0.771296,1.0,0.823817,0.252852,0.049631,13.843599,15.598913,4.0,0.285714,0.005797,0.2,2.0,2.0,5.0,0.0,1.0,0.802899,0.088796,0.794203,2.28,2.326,0.001,0.033,0.067,0.291,0.145,0.137,0.553,0.164,0.999,49.286,0.137035,4e-06,0.237156,0.577425,1.921206,0.4924704298292275,0.268696560445362,-0.022995991813264,0.0197060169367302,1.64517977323902,15.66686974003643,1.9903169550955029,0.001,499.9999995,0.3369825467252527,-0.1202974134509392,0.9978426818726124,1.0014307886290816,-0.900898544921298,93.21018873648802,206.57106580971305,0.8906830305737926,0.0850244029739515,0.0001,2.21618546866912,-0.1030333743291582,1.349243931062033e-71,12.055704138164616,0.0009926963058176,0.0808420900544102,0.1819808368926251,3.0735783480644487,2.089246298515739,1.94228435416833,0.886816679379608,0.5954762316311661
6.0,36.0,0.0,6435.0,0.005594,1.0,6.0,0.09728,0.238228,0.166667,0.732841,0.732841,4.182673,0.568587,0.936567,0.358588,2.517258,0.574451,0.621582,2.769206,3.049758,11.0,0.305556,0.001709,0.083333,2.0,2.0,7.0,0.0,4.0,0.797358,0.008406,0.905361,3.602,2.254333,0.000376,0.789,2.406,0.433833,0.1025,0.302167,0.549,0.128,1.0,178.75,0.111745,0.0,0.15928,0.831076,1.62313,0.5596352874293962,0.3346361364664241,-0.0289762291311964,0.0219094031673033,1.4020515433886531,15.63296178968571,2.177520990246675,0.001,499.9999995,0.3922999871114113,-0.2276773619326827,0.9997851558504752,0.5981914927732255,-1.5097878464956465,2.10190887312529,4.416683933159056,0.9480742379254457,0.1510872414051416,0.5480666666666667,2.1012727952329664,-0.2321671635424492,0.0,16.595573625413337,0.014926306818289,0.0487732244232569,0.1073143860633196,3.4583967205628343,3.3678104409961485,1.0537953552631454,0.905802236382784,0.412965034957328
15.0,90.0,0.0,360.0,0.25,1.0,15.0,0.066667,0.066667,0.066667,0.433146,0.433146,2.458045,0.496556,0.96147,0.134574,1.788973,0.607577,0.458317,5.908689,2.903355,20.0,0.222222,0.055556,0.047619,2.0,3.0,7.0,0.0,3.0,0.752778,0.011977,0.866667,2.894,5.157867,0.0,0.991,0.991,0.1418,0.067,0.5,0.635,0.255,1.0,3.667,0.038332,8e-06,0.053335,0.833733,1.807971,0.5264163763486831,0.2180771168360742,-0.0213335769611876,0.0169205273281618,0.7889740078194183,15.695717093058676,2.8969412007494446,0.01,49.999999995,0.308010133519241,-0.0045239236334311,0.9928707523897264,1.315592062842042,-0.0144411093568725,2.873158190579243,12.597236890252644,0.6363436372077421,0.3397742751843867,0.2288,4.384456425529634,0.3520683474673339,0.0,17.897901913353902,0.0043824834102701,0.1722436795752088,0.1988376574197325,2.917296867598447,2.171073629207349,1.6874232438286283,0.876984126984127,0.2449318077601411
2.0,15.0,9.0,690.0,0.021739,0.4,14.0,0.444928,0.555072,0.5,3.268713,4.301262,24.184493,0.174478,0.783072,1.0,0.846678,0.546065,0.047967,14.323661,16.651108,4.0,0.266667,0.005797,0.2,2.0,2.0,5.0,0.0,1.0,0.775362,0.088861,0.805797,0.364,8.595,0.001,0.032,0.068,0.29,0.145,0.13,0.563,0.125,0.999,46.0,0.116661,4e-06,0.162052,0.749435,2.323869,0.5071196183719321,0.2336769527335332,-0.0228921733646298,0.0175787022270433,1.65163107605631,15.66440052338567,1.981688073238982,0.001,499.9999995,0.3228857760189298,-0.0389049733278933,0.99746066332486,1.167502018947094,-0.4989593244918575,82.50673272859935,229.46829337711853,0.8633644037353889,0.0939146789938865,3.3333333333333335e-05,2.7812068880722394,-0.2645231695730452,0.0,15.38713739183954,0.0027763205725724,0.0832068154679476,0.1856894798141637,3.481736997869508,2.210811148037388,2.149737145987606,0.890579710144928,0.5850051567656088
11.0,12.0,2.0,990.0,0.012121,0.833333,15.0,0.090909,0.090909,0.090909,0.384278,2.104718,2.584839,0.479015,0.913364,0.393796,1.87728,0.630592,0.250975,9.554312,6.479944,20.0,1.666667,0.020202,0.047619,2.0,3.0,9.0,0.0,6.0,0.714141,0.030595,0.993939,2.039,1.049727,1.253,0.982,1.589,0.183727,0.091,0.5,0.305,0.299,0.974,82.5,0.04365,1e-06,0.063015,0.748111,1.646941,0.328829333965777,0.4398869942710888,-0.0182974842698577,0.0124338939855917,0.7436925913876682,15.612487206023577,3.067571356490715,0.01,49.999999995,0.3074037509843856,-0.2802971766217527,0.9957829484184196,0.4291585029211475,-1.2704709580265094,2.729560733757734,14.106095183149089,0.909284301281207,0.11828762581942,6.666666666666667e-05,5.167899365156946,0.4715396812855871,0.0,22.00300507848885,0.012616157701546,0.1621993825321561,0.1605785366411949,3.0774933026229956,1.7627146610240454,2.491765707370796,0.991021324354658,0.4880189300411522
5.0,10.0,0.0,5473.0,0.001827,1.0,5.0,0.005116,0.89768,0.2,4.023052,4.023052,39.413637,0.411485,0.720885,0.400764,0.821363,0.190834,0.048657,9.052527,15.880654,9.0,0.9,0.001644,0.1,2.0,3.0,6.0,0.0,4.0,0.900055,0.011116,0.962543,0.509,5.1472,0.003,0.991,0.991,0.1014,0.0408,0.5,0.188,0.28,0.99,547.3,0.160968,0.0,0.329009,0.766805,3.185013,0.5821413060384906,0.2379113319251222,-0.0144286699522572,0.0230345275219486,1.2396207589879715,15.684457351186664,2.3093646421662903,0.0001,4999.99995,0.2983173346788367,-0.1879689375546069,0.9960550979856656,0.8821178737589106,-0.9079528572903096,67.60354179778852,183.0777468870816,0.855216425543511,0.1807023407899144,0.0007333333333333,2.708108806409723,0.1640918893918597,4.4937326752844625e-180,16.451785240107682,0.010278162975072,0.1032858286903028,0.1575230547114581,2.908145216498791,2.021381327472499,1.877384070955229,0.810618079135069,0.343362673866336
2.0,6.0,0.0,11183.0,0.000537,1.0,2.0,0.02325,0.97675,0.5,3.296356,3.296356,35.511294,0.254207,0.51317,1.0,1.008009,0.216151,0.016191,6.820585,61.258699,11.0,1.833333,0.000984,0.083333,2.0,3.0,8.0,0.0,4.0,0.954932,0.000913,0.984262,0.955,1.566,0.005,0.027,0.051,0.111,0.023,0.5,0.228,0.22,0.942,1863.833,0.204989,0.0,0.265934,0.7121,2.303561,0.4603171009398116,0.2124897878468661,-0.0118470834661928,0.020830005064229,1.369624315202843,15.622810912320222,2.295475112130513,0.0001,4999.99995,0.2897432314815549,-0.2622354216125958,0.994778197652708,1.058324625505356,-0.5188331227728433,111.11163411648502,251.92021086713913,0.8900108630152268,0.150135242971993,3.3333333333333335e-05,2.2672712256489156,-0.3895325710635113,0.0,17.823046097396006,0.0043932604427006,0.1088094656977181,0.1794833426057167,3.882935037798658,3.5818058612659036,1.1681437733901876,0.818704398855631,0.5671610329059402
2.0,48.0,0.0,937.0,0.051227,1.0,2.0,0.043757,0.956243,0.5,2.655341,2.655341,29.67961,0.282854,0.652479,1.0,1.080843,0.314749,0.006972,25.776275,154.032862,5.0,0.104167,0.005336,0.166667,2.0,3.0,4.0,0.0,2.0,0.568837,0.00077,0.959445,1.373,6.847,0.0,0.255,1.0,0.109,0.044,0.5,0.451,0.225,0.998,19.521,0.169362,2.3e-05,0.288298,0.779804,3.808926,0.3597997333823878,0.1001669144707197,-0.0106094547477658,0.0114865904336276,2.2170964714428796,15.689890597401654,1.1692056528927437,0.01,49.999999995,0.2053774467431996,0.1341501804249677,0.9700991642890688,2.2331146170203136,3.428989964721973,142.46119788968034,273.40532631341307,0.6867660701795526,0.1106821932937476,3.3333333333333335e-05,1.919156446551375,-0.2200294580941614,0.0,11.9233198726034,0.0002467396553377,0.1228287702768706,0.3384350699394992,2.5038276477949575,1.3123041141963194,2.8159259286128844,0.822922965005304,0.5306315793048073
2.0,116.0,13.0,2417.0,0.047993,0.887931,2.0,0.014067,0.985933,0.5,0.589857,0.747086,4.016826,0.131234,0.318181,1.0,1.672593,0.499907,0.002458,30.082899,679.427032,6.0,0.051724,0.002482,0.142857,2.0,2.0,5.0,0.0,1.0,0.944973,0.0,0.974762,1.878,8.102,0.0,0.643,1.0,0.069,0.014,0.5,0.583,0.03,0.995,20.836,0.18515,1.1e-05,0.57565,0.530344,1.878082,0.1652895224467466,0.0573992798364182,-0.00274341941853,0.0025418410101522,3.557779336556879,15.63152859910234,0.7031634504277087,0.001,499.9999995,0.0617277288549509,0.2403011227788079,0.7448868722446014,5.355821181293499,31.373645602261227,193.99970559164117,445.1284015733137,0.932058460653211,0.1250826316645139,3.3333333333333335e-05,2.2944797788007083,-0.3852748924183138,0.0,17.626368632904793,7.180230876482231e-06,0.0826072944506037,0.3659757024423151,0.5383532343955542,0.4828727022213875,1.2297936160744698,0.640207504913387,0.502571335287806
2.0,20.0,13.0,1000.0,0.02,0.35,10.0,0.3,0.7,0.5,1.13237,2.646456,3.819414,0.158644,0.530518,1.0,1.078412,0.591541,0.011869,51.466276,89.857906,11.0,0.55,0.011,0.083333,2.0,2.0,9.0,0.0,3.0,0.772,0.003801,0.7,0.107,1.929,0.662,0.014,0.024,0.688,0.295,0.495,0.885,0.238,1.0,50.0,0.104118,3e-06,0.240844,0.779652,4.132712,0.4007957981862222,0.1249755019584004,-0.0141891611534256,0.0126112107184016,1.809060866323853,15.619234290292251,1.6015537749891082,1e-05,49999.9950000005,0.2362331535055185,0.1344226727076348,0.9895035212853358,1.9674649984528865,2.080474826631236,127.6175941289154,857.4709763072409,0.5543667749746832,0.1893185449899073,0.0033,6.7190655188268416,-0.176364683481663,3.9011511449843165e-208,11.813324847593575,0.0006632736616913,0.0956017997450392,0.2410605107263977,4.704866000719672,1.0901458071387953,7.631627017057989,0.716402116402116,0.5250990299823634
3.0,4.0,0.0,160.0,0.025,1.0,3.0,0.19375,0.40625,0.333333,0.32705,0.32705,1.78722,0.133631,0.727786,0.996062,1.204292,0.469519,0.144124,7.288468,7.355959,10.0,2.5,0.0625,0.090909,2.0,2.0,8.0,0.0,4.0,0.80625,0.040625,0.76875,0.228,0.087333,1.593,0.081,1.0,0.667667,0.333333,0.5,0.491,0.252,1.0,40.0,0.088208,6.2e-05,0.283247,0.574819,2.315865,0.3459067112578036,0.3437045752446709,-0.0112376741454474,0.0068669661709158,0.8133318871611686,15.694670507119172,2.967181004931602,0.05,9.9999999998,0.15834320124292,-0.2131722137051532,0.8227746027887474,0.8904618343173134,0.2882112400439092,3.3623424627803087,14.224432465266522,0.7377698789523748,0.2085085382643474,0.0008666666666666,4.230512692481705,-0.1227627696184548,4.562004615399862e-101,13.243952628986731,0.0002561782362651,0.5446713344168127,0.4834562329682489,2.191861257019018,0.6335767215056556,5.919008172545345,0.848148148148148,0.4452399588477366
10.0,16.0,0.0,10992.0,0.001456,1.0,10.0,0.095979,0.104076,0.1,1.039332,1.039332,7.860413,0.36772,0.932867,0.194537,2.690219,0.578049,0.497297,4.628589,4.409683,15.0,0.9375,0.001365,0.0625,2.0,4.0,8.0,0.0,2.0,0.857624,0.011259,0.993723,2.597,0.001,2.061,0.87,0.87,0.2006,0.1,0.5,0.324,0.105,0.995,687.0,0.07197,0.0,0.094051,0.921616,1.113265,0.56274107260879,0.4082243974811385,-0.0300984649491702,0.0225485525108073,0.739682670272753,15.653895555631138,2.963880052410671,0.001,499.9999995,0.4105855512761369,-0.3113430645266779,0.99245436622728,0.4018651027357178,-1.702764449353433,3.0633895818416375,18.66500118429146,0.735894404492048,0.3415220806064938,0.0535666666666666,6.092924417750487,0.4436760848818956,0.0,17.31368002457222,0.023454194293877,0.1711289772794215,0.2959976162285701,3.5893244154249624,0.8493776637150254,7.451657180910964,0.996832310524455,0.4671040893477922
2.0,6.0,6.0,556.0,0.010791,0.0,4.0,0.5,0.5,0.5,0.0,0.649782,3.0,0.066878,0.575092,1.0,1.011248,0.999835,0.035939,19.28693,27.138145,9.0,1.5,0.016187,0.1,2.0,2.0,8.0,0.0,3.0,0.746403,0.09572,1.0,0.068,0.694,0.667,0.246,0.246,0.668,0.335,0.29,0.536,0.398,1.0,92.667,0.112477,6e-06,0.178596,0.559043,1.988676,0.3412289938355295,0.3701869590693789,-0.0194024632462297,0.0132680375899119,0.7997343180464155,15.642787399527954,2.632330130791704,0.01,49.999999995,0.277925186131068,-0.2790219336392537,0.8169519176544806,0.6652949633216374,-0.8985400651073769,6.467814611939209,24.584727253449422,0.8412087283260319,0.2363588249120684,0.2794,3.801087187635782,0.2084535366022039,9.30161674138064e-292,19.840250280174885,0.0002744269607011,0.7559807760733465,1.1451790906308632,2.764026111147677,0.7003542726980171,6.8932226699958745,1.0,0.6844838581730769
2.0,6.0,6.0,601.0,0.009983,0.0,4.0,0.342762,0.657238,0.5,0.0,0.720046,3.0,0.146636,0.173318,1.0,1.011254,0.999875,0.002518,255.348447,400.682867,27.0,4.5,0.044925,0.035714,2.0,4.0,7.0,1.0,8.0,0.637271,0.0,0.718802,0.029,0.023,1.0,0.0,0.0,0.686,0.343,0.5,0.401,0.482,1.0,100.167,0.10203,7e-06,0.251649,0.502673,1.997276,0.1186661652674252,0.2906317452792177,-0.0033870900205001,0.0052551933380915,2.9598049135899154,15.642019711163767,0.7587677475374746,0.001,499.9999995,0.1282651792115533,0.079051996243095,0.9938592741209842,3.83994609005722,13.731751853239771,147.75546369533717,283.3692162227719,0.9429501303633004,0.0671272035351954,3.3333333333333335e-05,1.917825636600892,-0.3405413645655346,0.0,16.717662948195326,8.591650300197537e-05,0.0379943940780143,0.1493270551852359,3.30748165836859,2.1544200361663877,2.0704148706794845,1.0,0.524568338828002
2.0,6.0,6.0,554.0,0.01083,0.0,4.0,0.480144,0.519856,0.5,0.0,0.774157,3.0,0.09447,0.860048,1.0,1.011274,0.999871,0.073379,9.435363,12.781491,4.0,0.666667,0.00722,0.2,2.0,3.0,4.0,0.0,2.0,0.963899,0.135577,0.98556,0.031,1.896,1.0,0.0,0.0,0.641,0.2,0.158,0.581,0.237,1.0,92.333,0.129605,7e-06,0.279444,0.555076,1.77756,0.4490722821371085,0.2497504342149676,-0.0224703446952947,0.0205885979924771,0.535332395881739,15.637369740545813,2.436438238558181,0.001,499.9999995,0.3545518775105643,-0.0553156744020721,0.998345145053902,1.1976784633095263,-0.5301662215931042,73.43352813541111,189.9142381365924,0.7384851192620628,0.2565957115829518,0.0051333333333333,2.586206096299619,-0.3355012006933502,0.0,13.94381838396291,0.000200608963604,0.0668395194984307,0.2302120812797334,2.8351834569603067,2.6144512908181015,1.1688554435240983,0.99221534491933,0.6120928217232559
2.0,22.0,22.0,267.0,0.082397,0.0,2.0,0.205993,0.794007,0.5,0.0,1.563584,3.0,0.180748,0.530374,1.0,0.598646,0.863663,0.029877,17.022795,19.036673,6.0,0.272727,0.022472,0.142857,2.0,2.0,7.0,0.0,1.0,0.808989,0.0,0.801498,0.017,2.114,0.0,0.142,0.21,0.583,0.206,0.5,0.785,0.493,1.0,12.136,0.149362,5.6e-05,0.372528,0.504313,1.941831,0.1786197485677007,0.1736741397639829,-0.0042734464555162,0.0021625916464697,0.5904368992691115,15.674090783884756,2.178627285654758,0.001,499.9999995,0.0758882816852818,0.1263848721782274,0.7043378123019505,3.1179146012805488,10.893791153777162,73.30063399993433,203.3492631992662,0.8287270952802833,0.1413635074003668,3.3333333333333335e-05,2.7741815057076535,-0.1840280592551242,9.524304590236796e-227,12.26853524641536,4.386990922770798e-05,0.179655956074854,0.4752636354428249,1.995454615680562,0.5653056321538947,6.059737254251534,0.740151957919345,0.50390259634464
4.0,8.0,6.0,155.0,0.051613,0.25,21.0,0.122581,0.316129,0.25,0.428448,2.662366,2.35627,0.549889,0.730165,0.495679,1.614486,0.823698,0.157813,8.45074,9.230387,8.0,1.0,0.051613,0.111111,2.0,3.0,5.0,0.0,3.0,0.658065,0.047776,0.335484,1.106,0.99525,1.752,0.219,0.819,0.50525,0.25025,0.5,1.169,0.503,1.0,19.375,0.066695,5.7e-05,0.177469,0.664091,2.136905,0.3647225923613378,0.2650860291745787,-0.0083913728747255,0.0069507793242599,1.9112347892843455,15.695381107920475,1.7671114037327758,0.01,49.999999995,0.1355567765323112,0.064500728875448,0.8763446839170752,2.008086395469499,2.878225758697634,91.15822293813738,199.26864259327388,0.8687757497499476,0.0957665888501779,6.666666666666667e-05,2.1859645369403613,-0.4171241929211063,0.0,17.749728604143872,4.41522319311268e-05,0.205290030134064,0.4612044314258304,1.9085498132334149,0.6951790406490229,4.490815176042525,0.503159340659341,0.2724422105209605
6.0,34.0,33.0,366.0,0.092896,0.029412,6.0,0.054645,0.306011,0.166667,0.500278,2.75028,3.008872,0.268973,0.998407,0.219052,0.857814,0.609291,0.30719,5.488933,1.792449,6.0,0.176471,0.016393,0.142857,2.0,2.0,7.0,0.0,1.0,0.991803,0.070095,0.953552,0.501,127.647833,0.0,0.861,0.861,0.340333,0.037833,0.124667,0.747,0.008,1.0,10.765,0.058537,9e-06,0.124525,0.78089,2.785232,0.4537345003437285,0.1695640444501944,-0.0220310166422938,0.0156204606871415,1.845022276525377,15.648155506673216,1.5454478016405209,0.001,499.9999995,0.313057072600084,0.1323462425444862,0.9993818420361372,1.6894637192228656,0.9978541920420944,2.495796065964927,16.830667703436866,0.8596686746049093,0.2887870543058013,0.7409333333333333,6.743606952887408,0.2374351186699646,0.0,16.157380334744836,0.0039931507868716,0.0453469302905273,0.1210181718453057,4.47024838930178,3.8283325039262577,1.3353501216085693,0.987816764132554,0.3071450143859601
7.0,18.0,0.0,2310.0,0.007792,1.0,7.0,0.142857,0.142857,0.142857,2.075717,2.075717,16.444051,0.363027,0.981184,0.261,1.565814,0.404478,0.551521,3.528263,1.839085,8.0,0.444444,0.003463,0.111111,2.0,2.0,8.0,0.0,3.0,0.799567,0.039986,0.974026,15.614,13.195857,0.000165,0.994,0.994,0.323286,0.142857,0.499571,0.181,0.072,0.981,128.333,0.080402,0.0,0.132684,0.845063,1.3811,0.6334319911060544,0.4550976679956671,-0.0295934789289915,0.0185433549902164,0.6854860310838289,15.652213400070131,2.6577951412462677,0.001,499.9999995,0.3629315496790987,-0.3196915847221121,0.9982641571432262,0.2340903440001324,-1.5538313859263249,2.4194916890440865,5.656520416866954,0.890139578241075,0.1823505843583218,0.0005333333333333,2.337896196328511,0.6339205823822172,0.0,17.308836872893924,0.0372575751320447,0.1050674132826783,0.1242104581761239,3.3178763013443646,2.3139537077523995,1.867711908174832,0.970245391312807,0.5199223196349142
6.0,60.0,0.0,600.0,0.1,1.0,6.0,0.166667,0.166667,0.166667,0.175323,0.175323,2.193135,0.218184,0.972352,0.334702,1.884407,0.592944,0.587036,3.052216,2.210038,7.0,0.116667,0.011667,0.125,2.0,2.0,6.0,0.0,2.0,0.951667,0.038006,0.968333,5.755,1.502667,0.0,0.975,0.975,0.354833,0.167,0.5,0.726,0.015,1.0,10.0,0.106778,3e-06,0.158423,0.86556,1.050707,0.6023772202689195,0.5203386751835365,-0.0381829022393508,0.0032711112612231,0.8177229026077654,15.650741583262231,2.6660761762332976,1e-05,49999.9950000005,0.3441182605494632,-0.1233362834109829,0.997427979263516,-0.2202073592950571,-1.788653526971273,2.752569380125145,7.433724467920288,0.9372572903078004,0.1376933255142962,0.2975,2.7006492630458654,0.5034924375411443,0.0,13.312555913923353,0.009151515874143,0.129578606631037,0.2976565920096868,6.620275952189366,1.275272478299092,9.382527757541723,1.0,0.6019722222222224
2.0,8.0,0.0,768.0,0.010417,1.0,2.0,0.348958,0.651042,0.5,1.062997,1.062997,5.859499,0.159899,0.550684,1.0,1.489415,0.446976,0.045772,14.13087,31.539808,15.0,1.875,0.019531,0.0625,2.0,3.0,9.0,0.0,4.0,0.761719,0.030103,0.705729,0.576,1.426,0.252,0.007,0.022,0.689,0.35,0.5,0.84,0.293,0.999,96.0,0.118953,4e-06,0.242249,0.692239,2.502236,0.4630682240345465,0.2333397411421579,-0.0184093673842779,0.0184318535283729,1.7325017953788426,15.65819861213015,1.7153463986462072,0.01,49.999999995,0.3002939997522452,-0.0945983639521182,0.9923874243787504,1.204868514558936,-0.3920238972140342,87.4639171106389,162.98816128208907,0.8732096085079477,0.0875954800516462,3.3333333333333335e-05,1.86349030167392,-0.3891806145524258,0.0,17.741214949575436,0.0010023542818148,0.1216996965870022,0.2553803423266566,3.2108348784865033,2.213378687453916,1.901297366497213,0.746440329218107,0.55045034739369
2.0,27.0,21.0,3772.0,0.007158,0.222222,5.0,0.061241,0.938759,0.5,2.952836,5.233405,38.268637,0.078661,0.474999,1.0,0.455806,0.307482,0.008855,26.014577,50.472465,8.0,0.296296,0.002121,0.111111,2.0,2.0,6.0,0.0,2.0,0.928685,0.005153,0.963415,2.018,4.17,0.0,0.138,0.3,0.143,0.061,0.5,0.177,0.124,0.974,139.704,0.178665,1e-06,0.539885,0.619157,2.131995,0.4638052119145568,0.1872142019916048,-0.0149006504177967,0.0206264644695731,1.6902743054758922,15.68930686892629,1.7650111555473422,0.01,49.999999995,0.2998101496979916,-0.0685252758222975,0.9972786277354776,1.354707532892333,0.068000590761164,94.16886250156934,256.4085396538482,0.594375498942024,0.2560078785130325,0.0003666666666666,2.7228590517335007,-0.1536384001747762,7.527985321257865e-158,12.439317613481384,0.0040760030508818,0.0766615908302765,0.1520638441810102,3.3911732512369177,3.3685267785892106,1.0134459211018565,0.877831917374646,0.5706449336442889
2.0,36.0,36.0,3196.0,0.011264,0.0,3.0,0.477785,0.522215,0.5,0.0,3.648712,3.0,0.098612,0.799823,1.0,0.40906,0.580578,0.013275,52.140402,29.814463,8.0,0.222222,0.002503,0.111111,2.0,2.0,9.0,0.0,1.0,0.88204,0.043965,0.90363,0.002,6.842,0.0,0.183,0.433,0.766,0.062,0.082,0.714,0.262,1.0,88.778,0.0,0.0,1.0,0.745433,0.0,0.5233316728997426,0.2537022633123767,-0.0271856942798023,0.0202150904320299,1.6850606524783815,15.627951938405028,1.688991043828206,0.001,499.9999995,0.3764548664373254,-0.0319012840612582,0.9995634246733832,1.0404704340193829,-0.8408168654708459,2.266058750058257,5.596697819290162,0.9478440379678624,0.1622289606237433,0.6973666666666667,2.469793785860057,0.5220933932838964,0.0,17.503216174717206,0.0043621495783609,0.0434239424853915,0.1540225496828459,3.01256290923218,2.455587569560058,1.453639158770609,0.995455354211519,0.625263349530533
5.0,26.0,20.0,2800.0,0.009286,0.230769,5.0,0.011071,0.582857,0.2,2.348961,5.473472,25.939293,0.094178,0.61556,0.404247,0.424523,0.296134,0.027401,38.644951,14.493184,4.0,0.153846,0.001429,0.2,2.0,3.0,4.0,0.0,1.0,0.578214,0.013331,0.608571,0.164,4.4078,0.0,0.322,1.282,0.3388,0.1378,0.4066,0.482,0.553,0.997,105.808,0.08985,0.0,0.282605,0.637578,2.163629,0.5499838899409751,0.2172975101881598,-0.0186974868776601,0.0187636426146449,1.4676971208061935,15.675043458726035,2.0485718267671342,0.001,499.9999995,0.293928634850072,-0.137209656788414,0.9945411859583904,0.9813161407300236,-0.7861753960966191,65.95224544312106,154.3974775778263,0.8776430163026513,0.1074066298723923,3.3333333333333335e-05,2.3410495964232236,0.2119463579212802,9.004961791437212e-302,12.248808270030954,0.0054504864152875,0.104854346870642,0.1951248776534292,2.2939093259575003,2.143565908603051,1.1402741261656442,0.494347564916945,0.262969907517446
5.0,26.0,20.0,2800.0,0.009286,0.230769,5.0,0.011071,0.582857,0.2,2.348961,5.473472,25.939293,0.094178,0.61556,0.404247,0.424523,0.296134,0.027401,38.644951,14.493184,4.0,0.153846,0.001429,0.2,2.0,3.0,4.0,0.0,1.0,0.578214,0.013331,0.608571,0.164,4.4078,0.0,0.322,1.282,0.3388,0.1378,0.4066,0.482,0.553,0.997,105.808,0.08985,0.0,0.282605,0.637578,2.163629,0.5499838899409751,0.2172975101881598,-0.0186974868776601,0.0187636426146449,1.4676971208061935,15.675043458726035,2.0485718267671342,0.001,499.9999995,0.293928634850072,-0.137209656788414,0.9945411859583904,0.9813161407300236,-0.7861753960966191,65.95224544312106,154.3974775778263,0.8776430163026513,0.1074066298723923,3.3333333333333335e-05,2.3410495964232236,0.2119463579212802,9.004961791437212e-302,12.248808270030954,0.0054504864152875,0.104854346870642,0.1951248776534292,2.9209661264598497,2.5181007986064285,1.319975537179223,0.494347564916945,0.262969907517446
10.0,7.0,0.0,500.0,0.014,1.0,10.0,0.074,0.114,0.1,2.927699,2.927699,10.535559,0.117919,0.886641,0.238067,0.608992,0.197018,0.292546,7.848062,1.081698,9.0,1.285714,0.018,0.1,2.0,4.0,5.0,1.0,2.0,0.748,0.004821,0.692,0.632,1.5326,45.0,0.0,0.0,0.2027,0.1001,0.5,3.005,0.572,1.0,20.857,0.074701,4e-06,0.094792,0.864375,1.412281,0.3324604539327855,0.1804309866220561,-0.0110404961104573,0.0069298953543537,0.5194663947145542,15.6405312752216,2.316645184448496,0.01,49.999999995,0.1643036300106374,0.0238043406507128,0.9615739591539992,1.881291457671826,2.4645331136449027,75.65349910400467,178.13005684631605,0.7766593045322514,0.1983438150351961,0.0023,2.354551461016091,-0.1396333592410991,1.824972201123058e-130,13.351518065245738,1.7010242682728088e-05,0.1661555067551207,0.3115897196165296,1.7773510137791264,0.9427580410830996,2.770534827230557,0.434365079365079,0.1251229259259259
11.0,40.0,0.0,5500.0,0.007273,1.0,11.0,0.090909,0.090909,0.090909,0.45987,0.45987,3.753873,0.651381,0.989646,0.130702,2.235449,0.519381,0.781005,3.070271,1.862275,13.0,0.325,0.002364,0.071429,2.0,2.0,9.0,0.0,2.0,0.776364,0.009137,0.991091,10.29,5.633909,5e-06,0.942,0.942,0.224455,0.091,0.5,0.358,0.017,0.987,136.825,0.07031,0.0,0.090497,0.919364,1.449627,0.6063631419742045,0.4185829475795811,-0.0313688002635359,0.0204278537000401,0.8035073068968297,15.598898247514342,2.961944876916601,0.001,499.9999995,0.3943841460675331,-0.2712867806004432,0.9922825926253324,0.3978567177696595,-1.617655490835972,2.2113112740862815,5.0370621296275555,0.7564400781775524,0.3104956740193263,0.0323,2.2778620941579573,0.2424214377763405,0.0,21.613276094645315,0.0334387303934674,0.172673493455238,0.2985444979359421,3.0058653582123394,2.38317292405464,1.5225742772350004,0.999187851671073,0.4718768367342327
2.0,60.0,0.0,208.0,0.288462,1.0,2.0,0.466346,0.533654,0.5,1.077616,1.077616,4.66891,0.23788,0.788122,1.0,1.241146,0.470299,0.032362,21.348651,37.352233,6.0,0.1,0.028846,0.142857,2.0,3.0,4.0,0.0,1.0,0.730769,0.055737,0.875,0.466,5.595,1e-06,0.053,1.0,0.647,0.183,0.127,0.741,0.06,1.0,3.467,0.115292,4.6e-05,0.239549,0.578358,2.051106,0.4513123602299678,0.1520331153102369,-0.016202402968898,0.0144850515996701,1.8793179508669624,15.66698016199902,1.5083860801068845,0.01,49.999999995,0.2651215677426207,0.007965375210406,0.9906314265942636,1.4670052299372327,0.3912935169574543,2.469757881955903,5.537903848086842,0.8761459663809225,0.1682320936562834,0.7401666666666666,2.2422861319907623,0.4925542120585595,0.0,15.962242855338202,0.0011362494945718,0.1069882095297504,0.2407211228497913,3.231382789962919,2.4208020584906755,1.6696794796818626,0.925080418792386,0.564594065468751
2.0,3.0,1.0,306.0,0.009804,0.666667,12.0,0.264706,0.735294,0.5,1.567859,2.89112,8.503495,0.22775,0.364375,1.0,1.546318,0.586095,0.029385,19.667423,51.623191,9.0,3.0,0.029412,0.1,2.0,3.0,7.0,1.0,5.0,0.764706,0.003774,0.683007,1.515,0.005,0.718,0.029,0.033,0.53,0.265,0.5,0.641,0.415,0.859,102.0,0.122662,3.3e-05,0.310033,0.658016,2.53881,0.2219952618441207,0.3482876239464711,-0.0045467081673322,0.0041950929982834,0.5422879074793365,15.657210052108416,2.2514621204985805,0.01,49.999999995,0.0889923572731403,-0.0289387882935146,0.7280813836165458,2.1076239026878683,4.809636715336939,66.14268942374284,239.5706246203567,0.8654438878908426,0.1195598937103745,6.666666666666667e-05,3.622027267224425,-0.2369150857368481,0.0,12.954468316988793,-1.614680008941297e-05,0.2548585729274186,0.4822280942488914,1.2337563228733794,0.2269786312593362,9.871123118711608,0.646509086726478,0.5072218349819799
2.0,3.0,3.0,132.0,0.022727,0.0,12.0,0.462121,0.537879,0.5,0.0,3.402631,3.0,0.598171,0.734259,1.0,1.822918,0.94845,0.107584,6.416172,15.944202,4.0,1.333333,0.030303,0.2,2.0,2.0,5.0,0.0,2.0,0.848485,0.148904,0.431818,1.203,0.313,1.0,0.0,0.0,0.894,0.462,0.5,1.0,0.443,1.0,44.0,0.126417,0.000102,0.17414,0.774024,3.36786,0.3894237944459333,0.169275326738587,-0.0139084534801212,0.0133884728772567,2.108722637665038,15.642788834021664,1.244840073257262,0.01,49.999999995,0.2435566038450631,0.0497456325840716,0.9795280095339752,1.7135699374649582,1.1195642899876264,135.7882461768766,226.10538980900577,0.5880307053105548,0.1545334148371376,6.666666666666667e-05,1.665132264205557,-0.1385815725005044,1.6151676948921659e-128,12.155333484813005,0.0001642583294789,0.1331947079969335,0.3580879369416548,2.4146772400185705,1.8841930457185216,1.563089005667115,0.86294650768335,0.5485624258457592
2.0,7.0,1.0,200.0,0.035,0.857143,2.0,0.5,0.5,0.5,0.082815,0.070985,2.341924,0.726402,0.962822,1.0,1.376084,0.626766,0.051319,13.506593,25.814225,7.0,1.0,0.035,0.125,2.0,3.0,6.0,0.0,3.0,0.62,0.082332,0.97,0.475,1.692,0.384,0.08,0.395,0.793,0.35,0.29,0.303,0.155,0.98,28.571,0.10608,4.9e-05,0.178678,0.744774,3.242222,0.2560457279120798,0.4952448242048091,-0.012481792408209,0.0160653942247439,0.6561602733742027,15.671366858918368,2.814257317033543,1e-05,49999.9950000005,0.2939810338692106,-0.2959797879230675,0.973960771604194,0.170138603064687,-1.4953020306023943,3.0306677390852936,9.07399216778348,0.8088020074336829,0.266746198267595,0.0380333333333333,2.9940570689280404,0.2797579543704857,0.0,13.952059603849987,0.0042795767601365,0.3302408380191639,0.4161417987620139,3.257439072588753,0.873593717101936,6.457560668800981,1.0,0.7474401851851852
2.0,3.0,3.0,120.0,0.025,0.0,12.0,0.35,0.65,0.5,0.0,3.02374,3.0,0.591952,0.788346,1.0,1.799452,0.96043,0.132089,4.901591,12.623019,3.0,1.0,0.025,0.25,2.0,2.0,4.0,0.0,2.0,0.891667,0.091793,0.616667,4.958,0.305,0.727,0.25,0.25,0.698,0.35,0.5,1.0,0.425,1.0,40.0,0.138796,0.00012,0.165493,0.836848,3.256478,0.3824170575624983,0.1493616695968971,-0.0126935621042377,0.0126811826116937,2.1948372876822932,15.677959174181693,1.162683727532533,0.01,49.999999995,0.2339388162238678,0.0989299658978798,0.9775630814076164,1.907268283040106,1.8518558089824648,189.7269108834297,339.2712038909413,0.5650357755629302,0.1962715425144457,3.3333333333333335e-05,1.788208126676302,-0.5451273151193592,0.0,16.100432698224118,0.0002129964378911,0.1232574739495638,0.3479083159819631,3.369113084557201,0.4517387382998789,13.916201772865076,0.892256596060944,0.5458194072835376
2.0,57.0,0.0,4601.0,0.012389,1.0,2.0,0.394045,0.605955,0.5,12.193151,12.193151,281.314146,0.041485,0.748289,1.0,0.333445,0.079025,0.023999,27.940007,12.8943,6.0,0.105263,0.001304,0.142857,2.0,3.0,6.0,0.0,1.0,0.713541,0.057612,0.91328,0.347,9.662,0.0,0.091,0.383,0.55,0.17,0.162,0.42,0.13,0.961,80.719,0.117182,0.0,0.182715,0.789205,3.141214,0.6354702902933165,0.3171478482926473,-0.0235648794927684,0.0256613393381178,0.9151010328667408,15.631391376552164,2.4955435091608553,0.001,499.9999995,0.3577482274541961,-0.1468804626947802,0.9994923981519628,0.7773667998500452,-1.068040466916074,118.3367582000543,658.16699873455,0.5872243202124328,0.4658412664579172,3.3333333333333335e-05,5.561813664202966,-0.3959803737222829,0.0,16.632965040266626,0.0274894143561813,0.0611926232692614,0.0975961225910335,4.393955610497105,4.080417819289964,1.1536792579055664,0.93106814716567,0.6372919587781204
2.0,4.0,1.0,264.0,0.015152,0.75,2.0,0.07197,0.92803,0.5,0.847833,0.900964,3.709865,0.278857,0.543498,1.0,1.321028,0.654337,0.064047,4.039263,19.625782,2.0,0.5,0.007576,0.333333,2.0,2.0,3.0,0.0,1.0,0.969697,0.015152,0.958333,3.859,1.128,0.1,0.735,0.92,0.195,0.072,0.5,0.127,0.03,0.659,66.0,0.172543,0.000167,0.610728,0.644061,2.409267,0.4245088477490588,0.1792359617939869,-0.0105046612831429,0.0197810765988216,1.757722908027898,15.649948798223772,1.6404007363745492,0.01,49.999999995,0.2725151363497133,-0.105269063190139,0.9738341298684632,1.3879771339407438,0.2639742943751297,121.11122054337464,318.4801025566948,0.5896906956311423,0.1847350812912815,0.0008,2.6296498468746923,-0.0725321455382632,2.7628878620877375e-36,12.313366403374776,0.0006772401739483,0.1903222891599738,0.4001465336827862,1.684984506480614,1.6190535316163643,1.0814438479966595,1.0,0.5863446617165111
2.0,5.0,3.0,500.0,0.01,0.4,10.0,0.444,0.556,0.5,0.259291,1.932891,2.679918,0.235244,0.97673,1.0,1.403138,0.749861,0.200239,3.430213,6.007322,1.0,0.2,0.002,0.5,2.0,2.0,2.0,0.0,1.0,0.982,0.166359,0.986,0.418,0.672,0.311,0.128,0.204,0.651,0.206,0.208,0.079,0.188,0.97,100.0,0.114798,8e-06,0.223802,0.680938,2.309456,0.5553943475855397,0.3744184081941358,-0.0227932461490699,0.0310331667559763,1.3840710172884942,15.695081710527674,1.5945350058497425,0.001,499.9999995,0.4190389265258337,-0.3044879060732551,0.9988352714599412,0.5113289763596366,-1.6271531373087165,17.498926140564965,60.770339297362355,0.9352149844903884,0.1562300564032627,0.5320666666666667,3.472803920035111,0.4311546992283295,0.0,13.039415820017538,0.0097922022526521,0.0676529669213104,0.2251470731624875,4.288323188798637,3.8432432296348966,1.2316168572059942,1.0,0.6861215149151991
2.0,14.0,0.0,690.0,0.023672,1.0,4.0,0.166667,0.605955,0.5,0.834146,1.563584,4.196345,0.236391,0.646678,1.0,1.207218,0.519381,0.046984,12.192699,22.648734,7.0,0.444444,0.009901,0.125,2.0,2.0,6.0,0.0,2.0,0.821131,0.013331,0.814229,1.412,0.544,8.628,0.421,1.242,0.284714,0.142857,0.5,1.053,0.617,1.0,40.714,0.049296,1.6e-05,0.129992,0.424867,1.818141,0.3496271560089223,0.1644914440878038,-0.0096844251875559,0.0088143380270298,2.181959301764272,15.673173206342453,1.1922657618350356,0.01,49.999999995,0.1687265977392652,0.2260323877548579,0.97849730807442,2.6677750979058237,5.692544875260378,148.74248400338152,293.56557684352254,0.9272468039287048,0.0908927918234596,3.3333333333333335e-05,1.9736498204295596,-0.2769659381527922,0.0,12.655924347053071,0.0003197718497542,0.0910329315861481,0.2515925209937901,4.287368497123363,2.880394443625928,1.9769315147860824,0.535789871504157,0.1739959977324263
2.0,30.0,30.0,11055.0,0.002714,0.0,3.0,0.443057,0.556943,0.5,0.0,1.900061,3.0,0.140391,0.868603,1.0,0.578775,0.706846,0.03603,19.057465,15.063524,2.0,0.066667,0.000181,0.333333,2.0,2.0,3.0,0.0,1.0,0.930258,0.08273,0.973134,1.852,3.322,0.0,0.133,0.133,1.312,0.101,0.071,0.203,0.132,0.995,368.5,0.145577,0.0,0.222487,0.512107,1.721295,0.5311360996874268,0.2858928520919679,-0.0306111855600256,0.0179931049807919,0.5316191657906911,15.594885801436048,2.587424315014988,0.001,499.9999995,0.3895574132341526,-0.0386145519894979,0.999480114260734,0.9210433819121622,-1.1094113197102873,63.048386829970035,161.9892413377355,0.7173288328373336,0.3252023090283537,0.0023333333333333,2.569284473123607,0.5169978048442616,0.0,14.645027496354771,0.0011984971664531,0.0507939690606817,0.1832320415197081,3.5274772720584746,2.6422963125409296,1.6700088520090974,0.957315459734224,0.625067892616768
2.0,14.0,0.0,690.0,0.023672,1.0,4.0,0.166667,0.605955,0.5,0.834146,1.563584,4.196345,0.236391,0.646678,1.0,1.207218,0.519381,0.046984,12.192699,22.648734,7.0,0.444444,0.009901,0.125,2.0,2.0,6.0,0.0,2.0,0.821131,0.013331,0.814229,0.533,1.59,0.004,0.237,0.644,0.409,0.155,0.5,0.641,0.273,0.998,40.714,0.051768,1e-06,0.098127,0.746092,1.926622,0.5106667498227961,0.1698721080320913,-0.0215562367866491,0.0100610519230192,0.9937347880076686,15.70027875829784,1.770695831912685,0.001,499.9999995,0.2640610215672865,0.1922564346488744,0.9993652509704238,2.0192751829071183,2.631919838916623,10.8123634318179,43.71476086098788,0.9712283047161272,0.0972728399515928,0.4907666666666667,4.043034729330588,0.6179005157147783,0.0,18.365894627959417,0.0026786773723207,0.0337535924220451,0.1248369583225526,4.0715111223825105,3.5226173757925645,1.3116397201474612,0.997942073170732,0.2742680212901647
2.0,14.0,0.0,690.0,0.023672,1.0,4.0,0.166667,0.605955,0.5,0.834146,1.563584,4.196345,0.236391,0.646678,1.0,1.207218,0.519381,0.046984,12.192699,22.648734,7.0,0.444444,0.009901,0.125,2.0,2.0,6.0,0.0,2.0,0.821131,0.013331,0.814229,0.755,2.200667,0.172,0.493,0.719,0.442,0.194,0.381,0.263,0.38,1.0,58.0,0.099009,1.3e-05,0.195501,0.798019,3.894494,0.4883514036417412,0.1470171784543756,-0.0149414790001852,0.0154895919696997,1.732317557456959,15.646043639931335,1.7247912307794415,0.01,49.999999995,0.2398742616794526,0.0253442710839447,0.9785359681387136,1.5521853006385034,0.8506791191064247,2.6294270373755846,12.348730367231674,0.7979209695052103,0.2345334971045345,0.6903,4.69635787253187,0.1659918014366612,2.8070642962981036e-184,20.585550535917047,0.0008088416211722,0.1542025233952955,0.3301437538961279,2.38583152955749,1.916050852532193,1.4903634748563217,0.682702309132515,0.3849660070291742
4.0,70.0,0.0,841.0,0.083234,1.0,4.0,0.065398,0.376932,0.25,1.026614,1.026614,5.315292,0.108066,0.960383,0.350674,1.553712,0.461412,0.169282,7.318823,8.178265,8.0,0.114286,0.009512,0.111111,2.0,3.0,5.0,0.0,2.0,0.992866,0.070038,0.996433,1.613,9.64125,0.0,0.869,7.319,0.49625,0.25,0.5,0.782,0.0,1.0,12.014,0.161055,2e-06,0.206838,0.700033,1.520205,0.4825915954576502,0.2094183060439849,-0.0255639123781519,0.0177085178964908,1.793976977931779,15.671648334786084,1.4784497933423637,0.001,499.9999995,0.3645985195701465,0.0914113206202185,0.9996255905222696,1.425503609130711,0.1284423938397707,2.483394818377212,5.849404127742785,0.9477924963109494,0.1579677315049382,0.7509333333333333,2.355406431733942,0.1845721761689873,4.218980780572532e-228,18.113589753873303,0.0024868633777916,0.0379259325283996,0.1391852002766714,3.496635659743782,2.8206035155251428,1.479352833886003,1.0,0.4061652370619175
2.0,6.0,3.0,100.0,0.06,0.5,6.0,0.27,0.73,0.5,1.421093,2.634047,6.369309,0.229752,0.603196,1.0,0.663072,0.445502,0.0302,19.313423,20.956264,1.0,0.166667,0.01,0.5,2.0,2.0,2.0,0.0,1.0,0.95,0.101669,0.76,0.675,1.606,0.0,0.72,1.0,0.538,0.27,0.5,0.769,0.24,0.96,16.667,0.173131,0.000276,0.266752,0.777579,3.07903,0.3928030137039671,0.1948950745186997,-0.0079831265707088,0.0115210907251439,1.8212664441465112,15.697943387364722,1.6745440570815122,0.01,49.999999995,0.1762667912104182,0.0544449829269534,0.9444985140184944,2.173947685898276,3.656761980547161,93.49790719734,219.9203484657564,0.8286855530340425,0.0990380815674894,3.3333333333333335e-05,2.3521419361995166,-0.6195119369770461,0.0,19.690210833814614,0.0002825284618809,0.1735145771524506,0.3750818228112076,2.4594350607163955,1.145932511530322,3.2924605698294145,0.966329966329966,0.5480715949174282
2.0,32.0,26.0,180.0,0.177778,0.1875,10.0,0.138889,0.861111,0.5,0.5389,2.656518,3.366348,0.184767,0.662427,1.0,0.659327,0.521411,0.01063,37.90582,61.024738,2.0,0.0625,0.011111,0.333333,2.0,2.0,3.0,0.0,1.0,0.866667,0.0,0.761111,1.185,3.875,0.0,0.172,0.394,0.298,0.139,0.5,0.783,0.128,1.0,5.625,0.136127,0.000178,0.277112,0.668608,3.18517,0.2100834449998526,0.2134734367711419,-0.0035154887323887,0.0032191316254148,2.659931096574702,15.642769327116516,1.015721310342896,0.01,49.999999995,0.0611011556176141,0.1843638128822874,0.6502888087143539,3.8282456991265335,15.639086180884725,161.32882268428065,306.6698775886808,0.8983187074546144,0.1122490073556085,3.3333333333333335e-05,1.90089949511892,-0.4379112200170177,0.0,15.807788716024485,3.77958504957256e-05,0.142785828508799,0.4717933296613444,1.0579001133587007,0.5751729142312154,2.678546354260671,0.722099246729219,0.5070487860299839
2.0,2.0,0.0,250.0,0.008,1.0,2.0,0.5,0.5,0.5,0.056267,0.056267,2.207184,0.168718,0.722538,1.0,1.608564,0.580167,0.231677,2.991872,5.943142,2.0,1.0,0.008,0.333333,2.0,2.0,3.0,1.0,1.0,0.844,0.10748,0.872,1.947,3.433,0.3,0.244,0.368,0.707,0.188,0.138,0.252,0.176,0.916,125.0,0.14188,3.2e-05,0.176154,0.767974,2.909806,0.472930753676285,0.5019065114877146,-0.0190192922145098,0.0163778434242897,0.6415102320971289,15.659742409711024,2.7787725492602235,0.01,49.999999995,0.2803740312989075,-0.437252156977508,0.8825033264350957,-0.1425149578805532,-1.589445694259869,3.229495877057971,15.646212419473573,0.83370560978879,0.1934345604079909,6.666666666666667e-05,4.8447847636586,0.4216912143954524,0.0,16.63730652366961,0.0028181927538521,0.5934970205453767,0.7703030740880533,1.8068705913698184,0.4933417333425825,6.325026322522538,0.911095305832148,0.7016916943259048
2.0,14.0,2.0,340.0,0.041176,0.857143,3.0,0.479412,0.520588,0.5,0.419733,0.47479,4.196345,0.417058,0.341149,1.0,1.218107,0.512951,0.015947,43.413368,75.386243,12.0,0.857143,0.035294,0.076923,2.0,2.0,9.0,0.0,9.0,0.588235,0.02272,0.623529,0.063,0.492,0.031,0.094,0.294,0.855,0.412,0.393,0.91,0.328,1.0,24.286,0.088617,1.1e-05,0.143842,0.872305,2.391538,0.3842454998354372,0.3185284430358691,-0.0098539021764489,0.0092399609513397,1.8541946352397256,15.699941752579074,1.6065472307844808,0.01,49.999999995,0.1571827271136432,-0.0638998367630563,0.9086165057817964,1.5068827059091194,0.7133581599197516,99.66646670871768,231.6517658339869,0.8945542305764151,0.099543441928462,3.3333333333333335e-05,2.3242698721426867,-0.2487327800574398,0.0,11.832822689939457,6.212249954396563e-05,0.2165575527438065,0.474012124731819,1.0860134588893815,1.0749421960053651,1.0205988060095663,0.668078552175587,0.5212981447759047
6.0,4.0,4.0,797.0,0.005019,0.0,9.0,0.154329,0.194479,0.166667,0.0,2.147105,3.0,0.305395,0.282917,0.36082,1.398061,0.946594,0.029023,61.624215,47.17133,8.0,2.0,0.010038,0.111111,2.0,3.0,5.0,1.0,3.0,0.276035,0.009739,0.340025,0.199,0.088667,15.0,0.0,0.0,0.3335,0.166667,0.5,3.786,0.828,1.0,199.25,0.033628,2e-06,0.055907,0.729777,2.82451,0.6746509482994254,0.5261483139677081,-0.0272833664181772,-0.012407757893237,0.5740334281621464,15.669852854875598,2.9591928780840293,0.01,49.999999995,0.2873675989300273,0.1342673576138078,0.9781159083068208,-0.3567532291081501,-1.7434258236772353,3.7433639788951782,17.49690900808727,0.8451663409178981,0.1834160270969539,3.3333333333333335e-05,4.674113740135592,0.4362191980100678,0.0,12.33561015168021,0.0008450879083159,0.3113655017080566,0.3225568546708715,2.7536166543201177,0.795486995092891,5.923096596935841,0.197067012288786,0.1185722321841032
2.0,8.0,3.0,672.0,0.011905,0.625,28.0,0.333333,0.666667,0.5,0.375297,5.289662,2.668021,0.22157,0.576661,1.0,1.885313,0.593674,0.014674,43.375953,127.476709,18.0,2.25,0.026786,0.052632,2.0,3.0,9.0,0.0,8.0,0.744048,0.004429,0.471726,0.651,0.114,0.536,0.009,0.016,0.667,0.333,0.5,1.03,0.405,1.0,84.0,0.107968,6e-06,0.368979,0.565927,2.141129,0.3307962901602643,0.2520557868152336,-0.0092138734275369,0.0083316905959188,2.260507887969634,15.624324422770922,1.344879336549036,0.01,49.999999995,0.1583403931428792,0.2013106069800491,0.9810375075025726,2.276589964310656,3.6113239816280274,124.86817764917838,325.8261250265887,0.9516853728080676,0.0756033440284363,3.3333333333333335e-05,2.609360776786591,-0.4254097882709604,0.0,17.946565592301702,0.0002351079089482,0.0872384957679263,0.2255048109202487,1.8232888821404656,1.4590554497684716,1.4992729130740607,0.73208494564216,0.519617929994183
4.0,5.0,4.0,400.0,0.0125,0.2,5.0,0.25,0.25,0.25,2.346828,1.304257,9.462476,0.119149,0.539321,1.0,1.041575,0.840238,0.024296,57.059425,41.870888,11.0,2.2,0.0275,0.083333,2.0,3.0,7.0,0.0,4.0,0.3825,0.060374,0.1175,0.289,7.1e-05,1.948,0.185,0.185,0.5,0.25,0.5,22.455,0.602,1.0,80.0,0.06792,8e-06,0.108659,0.789799,3.058182,0.4966485897911142,0.3378391809073944,-0.016875906570757,0.006942761401132,0.5889403979012042,15.657939473904,2.88592581470928,0.01,49.999999995,0.2106948243474158,0.4016476684986235,0.9695407646428176,0.2785579615672884,-1.2501995444831593,2.953881512658895,7.696406558686531,0.8454963192440539,0.1456039680089118,0.0001,2.605523114485426,0.6473699761214935,0.0,17.533889591995706,0.0003625492311153,0.2714598806425892,0.2369373836348154,4.306480632472251,0.5053290452722436,16.044263229097123,0.416666666666667,0.14455
2.0,8.0,1.0,209.0,0.038278,0.875,7.0,0.358852,0.641148,0.5,0.850477,2.521076,4.529968,0.196335,0.772583,1.0,1.042058,0.413225,0.104204,6.264183,9.000142,5.0,0.625,0.023923,0.166667,2.0,2.0,6.0,0.0,1.0,0.894737,0.082309,0.894737,0.989,12.035,0.000343,0.33,0.928,0.607,0.344,0.49,0.59,0.139,0.976,26.125,0.107195,5.2e-05,0.183666,0.811051,3.828527,0.4650756516774126,0.2195186303092998,-0.0187363216048779,0.0206566650881626,1.7669125230408194,15.668680946572188,1.6939624822089077,0.01,49.999999995,0.3161333672563685,-0.1100989522661678,0.9932609433405692,1.1428072894629115,-0.6136750527832966,128.87590715265242,257.3280963917999,0.4734585356042639,0.413434682946331,3.3333333333333335e-05,1.9967122022814936,-0.0387394929443215,1.9196817953608248e-11,11.51096477584258,0.0007482799096751,0.1246295839553958,0.2719507679649559,3.2239188097687363,0.8394403506525937,6.681114702811397,0.909656479964009,0.5883826978694688
3.0,5.0,2.0,151.0,0.033113,0.6,3.0,0.324503,0.344371,0.333333,0.461777,1.17899,2.287681,0.196687,0.421226,0.684125,1.045097,0.611133,0.059515,18.454336,16.56029,7.0,1.4,0.046358,0.125,2.0,3.0,5.0,1.0,2.0,0.582781,0.025819,0.668874,0.097,0.365333,1.692,0.106,0.238,0.655667,0.333333,0.5,0.701,0.437,0.974,30.2,0.067196,6.5e-05,0.082628,0.675044,2.951735,0.3386466811851584,0.3708590574244986,-0.0086352940906423,0.0031949155407094,0.6375919802381187,15.65449298535026,2.851906497247727,0.05,9.9999999998,0.1073718610613561,-0.0790571670397214,0.7368339041545353,1.3045512206432217,1.3316772210225445,3.442507494280143,11.766124167036274,0.8506056027366136,0.1265417524494559,3.3333333333333335e-05,3.4178935518899287,-0.085960598236886,2.610889541862651e-50,15.048894737298198,0.0001569375379177,0.4547252705550202,0.4357793297418288,1.347383663751083,0.1207459437106897,21.317663390312937,0.625420875420875,0.3610718069584736
2.0,13.0,7.0,303.0,0.042904,0.461538,4.0,0.455446,0.544554,0.5,0.854331,1.258032,4.423601,0.143743,0.749812,1.0,1.009726,0.638819,0.069473,9.919943,13.534007,5.0,0.384615,0.016502,0.166667,2.0,3.0,4.0,0.0,2.0,0.844884,0.076332,0.755776,0.522,4.053,0.209,0.017,0.059,0.557,0.182,0.134,0.677,0.083,1.0,23.308,0.107206,2.2e-05,0.232042,0.617908,2.340429,0.4893193355003857,0.2308011406588818,-0.0205121400495823,0.016782366504739,1.716449901114854,15.640741815736131,1.7437802434094003,0.01,49.999999995,0.3047619523081196,-0.0388571726176579,0.9936144121654074,1.2034892160644075,-0.4007421013174781,131.46147352717114,250.6376543627056,0.785670633832056,0.1145067759007069,6.666666666666667e-05,1.9065483417915636,-0.3658891327836173,0.0,14.781414406715308,0.0019523610594362,0.1167666016617668,0.248495993171473,2.633914766569659,0.8082319558468605,5.5177199379777075,0.872765886842542,0.5762054844864775
2.0,9.0,9.0,958.0,0.009395,0.0,3.0,0.346555,0.653445,0.5,0.0,0.997124,3.0,0.173804,0.966025,1.0,1.066086,0.970393,0.013049,49.450451,80.697486,19.0,2.111111,0.019833,0.05,2.0,4.0,7.0,1.0,3.0,0.69833,0.01531,0.796451,0.004,0.141,1.0,0.0,0.0,0.693,0.347,0.5,0.965,0.43,1.0,106.444,0.0,1e-06,1.0,0.745433,0.0,0.4103697551963581,0.1678113068784289,-0.0181741352261548,0.0186004159205044,2.0529554798484466,15.692249183600262,1.2780719068240871,0.001,499.9999995,0.3315737895591123,0.0675168461768955,0.9987476956510044,1.7128323090740194,1.034079159170287,2.422360322987008,5.164780572053449,0.9246065729500844,0.1865008051663723,0.7920666666666667,2.132127298750764,0.4797341569976956,0.0,12.63164241824631,0.001167425470174,0.0433490963127676,0.1689539642251171,3.6276020319375233,1.6786775922503732,3.321975879922044,1.0,0.5837042158597517
2.0,12.0,7.0,294.0,0.040816,0.416667,4.0,0.360544,0.639456,0.5,0.760603,2.995527,4.245005,0.126547,0.74712,1.0,0.855279,0.516552,0.060695,10.770831,13.091525,5.0,0.416667,0.017007,0.166667,2.0,2.0,6.0,0.0,2.0,0.860544,0.068796,0.751701,0.768,4.574,0.0,0.044,0.133,0.45,0.187,0.202,0.661,0.17,0.969,24.5,0.11286,2.7e-05,0.23467,0.62176,2.345546,0.4981708519469713,0.2193603717554489,-0.0196383070505335,0.0169687287125647,1.7262493534556247,15.64895963715869,1.7348088144074527,0.01,49.999999995,0.2955638785005059,-0.0488697076695218,0.9919562667483875,1.1756570038153913,-0.434234460334034,114.80992455975462,207.6709460778385,0.736906054077495,0.139320472463919,0.0010333333333333,1.808823992125795,-0.0133278041824834,0.020976273681565,11.757270056759586,0.0017113845166705,0.1216087543096262,0.2538308338395156,2.832279704222776,2.803641882429749,1.0204290155401,0.856659878863826,0.5714666625541227
2.0,13.0,0.0,270.0,0.048148,1.0,2.0,0.444444,0.555556,0.5,0.966648,0.966648,3.703976,0.115723,0.738409,1.0,1.002562,0.361598,0.06795,10.109829,13.754442,6.0,0.461538,0.022222,0.142857,2.0,3.0,5.0,0.0,2.0,0.859259,0.074336,0.755556,0.76,4.594,0.196,0.015,0.093,0.532,0.156,0.124,0.672,0.172,1.0,20.769,0.108302,2.8e-05,0.220743,0.618714,2.362595,0.4605832256471776,0.2044296095374375,-0.0203107609231667,0.0179572118427156,1.74330009542139,15.660409104178775,1.7018889133262487,0.01,49.999999995,0.3123551559346781,-0.078102645612333,0.994649492835922,1.21261593190414,-0.3997032489122456,2.567283403964756,6.914511316940098,0.8713157061100236,0.2129441319755617,0.7000666666666666,2.6933182780907843,0.1156709300265973,7.2138748406204475e-90,15.899324694578494,0.0014141686201633,0.1103795364661729,0.2427447948617936,2.6073267688135404,2.1837305428138163,1.3879564970989604,0.873148148148148,0.5760049691358025
4.0,18.0,0.0,846.0,0.021277,1.0,4.0,0.235225,0.257683,0.25,0.834146,0.834146,5.22981,0.45422,0.841999,0.469645,1.755756,0.521414,0.17613,7.867195,8.968532,10.0,0.555556,0.01182,0.090909,2.0,3.0,7.0,0.0,2.0,0.472813,0.037164,0.6974,0.35,0.525,0.169,0.639,3.846,0.5005,0.25025,0.5,0.801,0.375,0.999,47.0,0.068664,2e-06,0.104649,0.795105,2.971336,0.5250318212587648,0.267993135880324,-0.02137546363261,0.0208172210116123,0.95765857380267,15.624716742183104,2.879155447824666,0.01,49.999999995,0.3325484837474,-0.154029959395245,0.9926330433289504,0.9568858166450868,-0.8479899148077368,2.0396410424306826,4.417396405625418,0.6486931496679146,0.3992501630386018,0.2278,2.165771483181643,0.6147368623829834,0.0,20.98912648836663,0.0087932323131458,0.1762570058793969,0.2354330792598389,2.467857555472051,1.1775849597594672,3.191387695669175,0.863261911699412,0.4146242867673071
2.0,19.0,13.0,155.0,0.122581,0.315789,2.0,0.206452,0.793548,0.5,1.256735,1.407936,6.746277,0.155182,0.693476,1.0,0.678909,0.653635,0.042557,11.965523,14.952914,4.0,0.210526,0.025806,0.2,2.0,2.0,5.0,0.0,1.0,0.851613,0.01891,0.812903,0.789,5.5,0.0,0.232,0.568,0.459,0.194,0.494,0.638,0.071,1.0,8.158,0.139171,0.000162,0.310616,0.581805,2.314008,0.3824009341524037,0.138554132839257,-0.0106389625992827,0.0099220980289858,2.1822651305139185,15.698141545976304,1.2091244382395594,0.01,49.999999995,0.1828789291688977,0.101124488809486,0.946036022301258,1.9798922031713608,2.358044706924109,141.19293737178873,259.0005676600414,0.7367456678398727,0.1110321846177367,3.3333333333333335e-05,1.8343733934654267,-0.5472962981893068,0.0,16.644314517746633,0.0001879606057215,0.1547901684273812,0.4150288795121282,1.352478358162558,1.1261477269217492,1.4019554909705627,0.866066066066066,0.5353761102769437
2.0,16.0,16.0,435.0,0.036782,0.0,2.0,0.386207,0.613793,0.5,0.0,1.854946,3.0,0.208557,0.927884,1.0,0.659486,0.951437,0.168154,3.966733,2.92192,1.0,0.0625,0.002299,0.5,2.0,2.0,2.0,0.0,1.0,0.903448,0.099559,0.933333,0.055,24.77,1.0,0.0,0.0,0.315,0.044,0.023,0.393,0.006,1.0,27.188,0.0,5e-06,1.0,0.745433,0.0,0.4781780080670337,0.2004323220871305,-0.0229659216023952,0.0177836695175289,1.868983587250939,15.701161558541775,1.492725591309148,0.01,49.999999995,0.3466876313974275,0.0375590808740127,0.9981452479777632,1.349278171405118,-0.0933842278076588,2.3798071795995925,4.335138548587428,0.9262542995653495,0.1672767561599256,0.7465666666666667,1.8216343684260177,-0.1883971484575256,9.748826804459653e-238,15.918908481798372,0.0031241850962392,0.064466439025744,0.1774972776196153,3.800488846357159,2.931721533309323,1.5926670068602158,0.968447677578494,0.5936387398480676
2.0,33.0,0.0,351.0,0.094017,1.0,2.0,0.358974,0.641026,0.5,0.485182,0.485182,2.782163,0.277007,0.787396,1.0,1.561869,0.530447,0.103646,6.29862,14.069283,5.0,0.151515,0.014245,0.166667,2.0,2.0,6.0,0.0,1.0,0.905983,0.043157,0.868946,0.614,3.728,0.0,0.191,0.994,0.455,0.117,0.151,0.631,0.167,0.946,10.636,0.151567,1.9e-05,0.26163,0.666693,2.090238,0.4428080416583133,0.2215198275727491,-0.0196417762316842,0.0200036656534038,1.6638572091486148,15.671713419103988,1.7368331780210953,0.001,499.9999995,0.3255204343484034,-0.1115684150475687,0.9952109754932452,1.1893415788781825,-0.4967632992885598,109.41353306885388,261.86158292897596,0.2942698541694172,0.4297177983836869,0.0002666666666666,2.393319871721757,-0.0702740332278125,3.6829961507119023e-34,12.07899605043691,0.0009177830350901,0.0872969990121512,0.2689058621039535,2.062622966231755,1.6774478048346209,1.4592395188527236,0.961506062691313,0.5999747855949383
3.0,40.0,0.0,5000.0,0.008,1.0,3.0,0.3306,0.3384,0.333333,0.049835,0.049835,2.890532,0.073386,0.694791,0.516974,2.349993,0.551295,0.085911,12.78717,26.353907,8.0,0.2,0.0016,0.111111,2.0,3.0,5.0,0.0,2.0,0.8022,0.09517,0.7348,0.63,0.291,0.001,0.312,2.082,0.668333,0.333333,0.5,0.95,0.034,1.0,125.0,0.121524,0.0,0.160256,0.589699,1.77475,0.5106737901778018,0.2622238524395712,-0.0296455090256385,0.0180445514117256,1.6477581262029664,15.650851970323783,1.6504583436539673,0.001,499.9999995,0.3920041118793296,-0.0259092137453058,0.9989906132435966,0.9975134189378272,-0.9730205706259872,2.383169807869777,8.596195249867165,0.9383508316789648,0.1932059433478725,0.6976666666666667,3.6070426964444313,0.1551268715597767,6.3937880116283695e-161,11.617652117733988,0.0015553793560854,0.0540998375215522,0.2469911129600944,4.072591131844833,1.6575930211895198,3.91386133964332,0.871366377722565,0.4747074683822644
3.0,4.0,0.0,150.0,0.026667,1.0,3.0,0.333333,0.333333,0.333333,0.30426,0.30426,3.029515,0.486321,0.984858,0.816997,1.416684,0.570116,0.626413,1.753816,1.261583,2.0,0.5,0.013333,0.333333,2.0,2.0,3.0,0.0,1.0,0.96,0.066081,0.953333,16.041,6.848333,0.054,0.573,0.573,0.657333,0.333,0.5,0.212,0.03,0.893,37.5,0.167427,6.6e-05,0.219462,0.761778,1.462857,0.4900537541331443,0.397983792015573,-0.0193704505248323,0.0241791068888969,0.7121516537278298,15.63735324295431,2.8606817847525465,0.01,49.999999995,0.3517801696112597,-0.3242312251813779,0.9739159860174122,0.4776332882784193,-1.56932745831127,2.991744427579549,16.673114410256293,0.7201651749683211,0.3278078538014698,0.0804333333333333,5.5730410179923,0.5505012329075926,0.0,19.06133772674131,0.0039321199757127,0.3782669312722361,0.4487429088710961,1.8191613195405325,0.515607969119061,6.056373944900896,0.992592592592593,0.5949962433862434
2.0,37.0,19.0,540.0,0.068519,0.486486,429.0,0.422222,0.577778,0.5,1.652178,13.00314,15.692958,0.276148,1.0,1.0,1.358279,0.52394,0.052206,13.044377,25.01752,2.0,0.054054,0.003704,0.333333,2.0,2.0,3.0,0.0,1.0,0.942593,0.080944,0.798148,0.296,3.037,0.0,0.124,0.352,0.697,0.285,0.261,0.8,0.208,0.998,14.595,0.097087,7e-06,0.153532,0.774462,3.339022,0.346185198372221,0.076164729724743,-0.0110946633317929,0.007342817410411,2.148579796051512,15.637807944108625,1.172291101666934,0.001,499.9999995,0.1825945835261082,0.2538395030004668,0.9904776504913112,2.7290387475835316,6.0807505411562595,175.11177219906668,338.92752236973234,0.1535523481918452,0.3240995100664669,0.0001,1.9354925035219128,-0.4121201640020779,0.0,15.876848345705564,0.0017900482958906,0.0578239568637914,0.1746826934885013,3.0598813161002627,0.998120285738876,5.131287701126254,0.77716715982246,0.5197487759270865
4.0,2.0,0.0,1024.0,0.001953,1.0,4.0,0.091797,0.394531,0.25,0.438369,0.438369,2.481855,0.459035,0.275209,0.929021,2.015424,0.581528,0.092962,13.789481,20.680165,6.0,3.0,0.005859,0.142857,2.0,3.0,5.0,2.0,4.0,0.458008,0.009667,0.5625,0.067,0.0345,4.279,0.032,0.063,0.5,0.25,0.5,1.013,0.666,0.947,512.0,0.058752,1e-06,0.183077,0.77523,3.837592,0.1914584629910237,0.4423418974867092,-0.0093755568518677,0.0008411998684522,0.3985846535885837,15.58879751951028,2.3755577802817136,0.01,49.999999995,0.1702763087701207,-0.3880795631481105,0.9627865977621248,-0.0834563053792886,0.5976577117864177,55.98277524778663,156.18626203308486,0.8925761334318078,0.15596648865067,0.0008,2.789898523997471,0.3471394144449508,0.0,20.490345471501435,0.0001367003713099,0.1825531237586892,0.2824953234175191,1.790903744621699,1.1866779922039865,2.0183482905830097,0.386354891308163,0.2534240786948392
5.0,2.0,1.0,130.0,0.015385,0.5,26.0,0.2,0.2,0.2,2.313199,4.704354,8.667827,1.0,0.606171,1.0,1.755331,0.552664,0.046595,34.54119,36.672305,9.0,4.5,0.069231,0.1,2.0,3.0,6.0,4.0,5.0,0.323077,0.125104,0.0,0.409,0.0,2.323,0.862,1.0,0.52,0.2,0.5,29.161,0.646,1.0,65.0,0.065474,7.1e-05,0.120355,0.859889,3.224615,0.0178224620958351,0.2116581389912153,-0.0004610754792912,0.0023771530117272,0.588789905053139,15.64261180094543,3.0045302829695997,0.05,9.9999999998,0.1086250387260306,0.4581737804418155,0.6790147338507997,0.8664488612861864,0.6430319794473025,3.198719039876652,12.576249692908664,0.5699296421629925,0.2964784887156808,0.0460666666666666,3.931651869427611,0.388535408449368,0.0,11.74825514571677,0.0001737909869296,0.6123578489187358,0.5380603358893774,1.1992504998608464,0.4498930658410125,4.331269098877303,0.35,0.0740043253968253
9.0,8.0,0.0,310.0,0.025806,1.0,9.0,0.058065,0.132258,0.111111,0.529363,0.529363,2.380352,0.697621,1.0,0.300021,1.617647,0.559667,1.011733,2.138157,0.598886,8.0,1.0,0.025806,0.111111,2.0,3.0,5.0,0.0,8.0,0.887097,0.04562,1.0,68.665,8.536111,0.123,1.0,1.0,0.230889,0.111222,0.5,0.145,0.028,0.765,38.75,0.102412,1.2e-05,0.121951,0.943198,1.092683,0.486563347685048,0.3942576955569782,-0.0123623196574723,0.0287584010557749,0.6667840816419215,15.637117920250931,3.05600843186527,0.01,49.999999995,0.366752136428101,-0.3244364148855879,0.9903354285284514,0.6065876486331657,-1.3993392425649194,3.0697211250630914,19.376425611075824,0.8089005752958901,0.2347610780782793,0.0052,6.312112671365635,0.4888286997624712,0.0,17.321282961129224,0.0086721423766012,0.2333890509413831,0.2643971958675088,3.213553422419431,2.0338144353277636,2.160124509491412,1.0,0.4599175497136609
