simple.classes,simple.attributes,simple.nominal,simple.samples,simple.dimensionality,simple.numeric_rate,simple.symbols_max,simple.class_prob_min,simple.class_prob_max,simple.class_prob_mean,statistical.skewness,statistical.skewness_prep,statistical.kurtosis,statistical.abs_cor,statistical.cancor_1,statistical.fract_1,inftheo.attribute_entropy,inftheo.normalized_attribute_entropy,inftheo.mutual_information,inftheo.equivalent_attributes,inftheo.noise_signal_ratio,modelbased.nodes,modelbased.nodes_per_attribute,modelbased.nodes_per_instance,modelbased.leaf_corrobation,modelbased.level_min,modelbased.branch_min,modelbased.branch_max,modelbased.attribute_min,modelbased.attribute_max,landmarking.naive_bayes,landmarking.stump_sd,landmarking.nn_1,f1,f1v,f2,f3,f4,l1,l2,l3,n2,n4,t1,t2,density,closeness,clsCoef,hubs,avgPath,ela_meta.lin_simple.adj_r2,ela_meta.lin_simple.intercept,ela_meta.lin_w_interact.coef_min,ela_meta.lin_w_interact.coef_max,ela_disp.ratio_mean_02,ela_disp.dist_all_mean,ela_ic.h_max,ela_ic.eps_s,ela_ic.eps_ratio,ela_cm.mean_ofs_10,ela_lc.r_pearson_dist_centroid,ela_lc.r_pearson_nn,ela_lc.y_skewness,ela_lc.y_kurtosis,nbc.nn_nb.dist.ratio.mean,nbc.nn_nb.dist.ratio.sd,nbc.nb.fitness.ratio.mean,nbc.nb.fitness.ratio.sd,nbc.n_candidates,nbc.dist.ratio.coeff_var,fdc.r,fdc.p_value,fdc.dist.mean,gh.mean,gh.norm.mean,gh.norm.sd,ls.mean,ls.min,ls.ratio,sample.y_max,sample.y_mean
0.0,-0.053254146,0.0,0.4387907,0.30966118,0.0,-0.053746402,0.35890538,0.15853325,0.0,0.0,0.2054912,0.0,-0.12773639,-0.079839095,0.0,0.0,0.22506043,-0.049887188,0.14446476,0.043622717,0.16070962,-0.30086327,0.8584579,0.0,0.0,0.0,0.009086503,0.0,0.113180876,0.055258773,1.031149,0.0,-0.048759144,0.016579222,-0.09711909,-0.01787493,-0.18337883,0.024728166,-0.08289964,-0.32382438,0.047859695,-0.007594453,0.0,0.0,-0.028823538,0.006379824,0.01004274,-0.075873666,-0.027162427,-0.030113949,0.084849946,-0.14626285,0.016968608,0.038369432,0.20005919,0.0,0.14211307,0.0,0.0824673,-0.27851638,0.18931411,-0.24277577,-0.03233392,-0.03858506,-0.064800724,0.017740404,-0.15931728,-0.19863853,0.021588756,0.3849955,0.0,0.032673795,-0.04477231,0.48735538,0.5812225,0.094957635,-0.04484333,-0.0061646886,0.4165833,-0.017300434
0.0,0.091454424,0.0,0.3154266,0.3141098,0.0,0.062638745,0.3015291,0.16726491,0.0,0.0,0.2054912,0.0,-0.12303853,-0.047665752,0.0,0.0,0.31668675,0.039205566,0.15927589,0.105917215,-0.05366484,0.17394438,0.80322933,0.0,0.0,0.0,0.0044592978,0.0,-0.04539974,0.055258773,0.8400194,0.0,0.03041703,0.08273752,0.090903,-0.016066235,-0.18337883,0.024728166,0.048305314,-0.29004252,-0.045611314,-0.017659215,0.0,0.0,0.037798252,0.016376223,0.16920593,0.054597873,0.041532192,-0.030113949,-0.0070712883,-0.14626285,0.016968608,0.038369432,0.19870584,0.0,0.13474847,0.0,0.0824673,-0.26773065,0.17520148,-0.27365828,-0.020150308,-0.03858506,-0.05005274,0.017740404,-0.19551525,-0.17375663,0.037477802,0.46186674,0.0,-0.09938996,-0.015653022,0.4222807,0.5679896,0.0597733,0.04452329,-0.0061646886,0.46322268,-0.012050649
0.0,-0.02590413,0.0,-0.34524643,0.01002894,0.0,0.060359623,-0.45190257,0.033053562,0.0,0.0,0.15439054,0.0,0.015061738,-0.021619026,0.0,0.0,0.18558641,0.074996755,0.0546638,0.107424684,0.0899333,-0.6057171,-0.6991175,0.0,0.0,0.0,-0.0048830016,0.0,0.060395177,0.07139615,-0.89238834,0.0,-0.050467785,0.042645305,0.112275064,-0.027126465,-0.12673499,0.032836147,-0.079230934,0.1409088,0.021928031,-0.010371937,0.0,0.0,-0.014170495,0.0060259434,-0.12003163,-0.06411599,-0.026336035,-0.030113949,-0.48595944,0.15000762,0.0047140345,0.014752143,0.2379667,0.0,-0.11127328,0.0,0.028151728,-0.07522675,-0.3215511,-0.668625,-0.043515738,-0.03949699,-0.13709424,0.01374558,0.4365849,-0.36113086,0.027089914,-0.6627816,0.0,-0.033901077,0.009196964,-0.26344103,-1.0222294,-0.12318887,-0.04484333,-0.042395208,0.088362955,-0.043540612
0.0,0.091454424,0.0,0.34987265,-0.046934247,0.0,0.062638745,0.44181052,0.19445635,0.0,0.0,0.24854143,0.0,0.10970697,-0.014809893,0.0,0.0,0.20616364,0.045918234,0.102788195,0.06816522,0.16982141,-0.258902,-0.58403563,0.0,0.0,0.0,-0.011677239,0.0,0.113180876,0.063985504,0.944512,0.0,0.028192818,-0.02593515,0.11974156,-0.0061513875,0.058324948,0.099315554,0.10005361,0.13993464,-0.045611314,-0.007594453,0.0,0.0,0.14584307,0.015077618,0.13085029,-0.003294818,-0.027162427,0.020836022,0.31505495,0.15000762,0.016968608,0.038369432,-0.09560719,0.0,0.23322728,0.0,0.16217098,-0.3361238,0.15465863,0.101177014,-0.030444484,-0.03949699,-0.05275003,0.02483925,-0.18367726,-0.22030964,0.042978957,-0.4388158,0.0,0.032673795,-0.015653022,0.38874483,0.6920418,0.09914456,0.04452329,-0.0061646886,0.47508222,-0.017300434
0.0,0.05551423,0.0,0.0682339,-0.021832682,0.0,0.057831164,0.3486776,0.19024518,0.0,0.0,0.23880063,0.0,0.17020176,-0.06158543,0.0,0.0,0.19600286,0.11424388,0.102788195,0.05685962,0.14361599,-0.26942936,-0.51563257,0.0,0.0,0.0,-0.011677239,0.0,0.07754586,0.11883752,1.436418,0.0,0.028192818,0.0642654,0.16451079,0.035429418,-0.13993675,0.10444656,0.09592345,0.18873526,-0.045611314,-0.004884422,0.0,0.0,0.026896134,0.05786886,0.124896675,-0.008624791,-0.027162427,0.020836022,0.29253513,0.15000762,0.04214276,0.038369432,-0.16494076,0.0,0.32519642,0.0,0.16217098,-0.2635412,-0.09518401,1.1157018,0.14701562,-0.030629203,-0.056220643,0.03833711,-0.15393418,0.22306281,0.07837634,-0.04007692,0.0,-0.07827052,0.011464402,0.16840489,0.18217525,0.14391993,0.0163839,-0.002982734,0.35491306,-0.010030036
0.0,0.013858526,0.0,-0.071504235,-0.34402668,0.0,0.057967182,0.1863491,-0.032778885,0.0,0.0,0.16521378,0.0,0.5526331,-0.06317408,0.0,0.0,0.24844277,0.27708268,0.11184305,0.10255995,0.14182386,0.12765148,-0.03399384,0.0,0.0,0.0,-0.0048830016,0.0,-0.024731858,0.04848124,-0.6614286,0.0,-0.026223958,-0.08459516,0.13567221,-0.0129322875,0.25079796,0.0028981846,-0.020042755,-0.13991216,0.04631973,-0.005956213,0.0,0.0,-0.033220902,-0.012456273,-0.027990164,-0.03377616,-0.051655672,0.020836022,0.2461235,0.15000762,0.0152083635,0.038369432,0.20078783,0.0,0.33495635,0.0,0.14419173,0.4952469,-0.1599678,1.5707746,-0.014083447,-0.030629203,-0.086205296,0.02483925,-0.2120179,-0.1690967,-0.022733752,-0.08944148,0.0,-0.035772394,0.0053590704,-0.16916874,-0.27157593,-0.32351208,-0.01650167,-0.012577478,0.1387381,-0.016610906
0.0,0.05551423,0.0,0.24261034,0.12521227,0.0,0.057831164,0.30608696,0.195412,0.0,0.0,0.28385833,0.0,0.17672959,0.00907312,0.0,0.0,0.2656821,0.1325287,0.09291781,0.05685962,0.18469971,-0.17943928,0.68515396,0.0,0.0,0.0,-0.011677239,0.0,-0.020474184,-0.07310984,1.2336115,0.0,0.036039032,-0.06159386,0.14111362,-0.019775428,0.002719134,0.045728642,0.09742166,0.13993464,-0.022403188,-0.0040003294,0.0,0.0,0.009395145,0.007495982,0.11230865,0.0098664705,-0.013496511,0.020836022,0.17548151,0.15000762,0.04214276,0.038369432,-0.08859848,0.0,0.37731615,0.0,0.13293904,-0.12878613,-0.15481672,1.1536461,0.13641712,-0.026223427,-0.060865,0.010546386,0.25810617,0.11862896,-0.05297276,-0.4006666,0.0,0.034938894,0.011464402,-0.1575267,-0.59941554,-0.17908652,-0.01650167,-0.0039591435,0.35039067,-0.009433178
0.0,-0.0016818773,0.0,-0.257298,-0.37412637,0.0,0.025994603,0.21491072,0.012574868,0.0,0.0,0.2129652,0.0,0.4187663,0.009219654,0.0,0.0,0.19249454,-0.4513029,-0.123760805,-0.14710513,-0.18210264,0.094783,-0.54359,0.0,0.0,0.0,0.003799649,0.0,-0.019520594,0.032892145,-0.87008584,0.0,-0.009312481,-0.09666623,0.06703071,-0.020786356,-0.019104818,-0.13639899,-0.029100794,0.12052642,0.02032709,-0.005956213,0.0,0.0,-0.033220902,-0.007666567,-0.01816961,-0.04159872,-0.042512685,0.020836022,-0.433315,0.15000762,0.0152083635,-0.034819923,-0.26160645,0.0,-0.22344592,0.0,0.037355088,0.44083408,-0.23255198,1.167153,-0.04571051,0.022307917,-0.081326835,0.010546386,-0.2857452,-0.15566316,-0.053835757,-0.42757228,0.0,-0.029402334,0.0053590704,-0.18862174,-0.84039813,-0.38415107,-0.01650167,-0.0063699386,0.13695925,-0.0265838
0.0,-0.07146244,0.0,-0.27065796,-0.1293322,0.0,0.025994603,0.31150338,-0.015231106,0.0,0.0,0.17297149,0.0,0.4116115,-0.0045809783,0.0,0.0,0.29524133,-0.07898525,0.11184305,-0.14877468,0.11950547,-0.5467703,-0.65589195,0.0,0.0,0.0,-0.0048830016,0.0,-0.05132007,0.06628335,-0.9628228,0.0,0.011748772,-0.02952402,0.09042786,-0.067633666,-0.18601434,-0.13843048,-0.12534261,-0.12762225,0.04471879,-0.010371937,0.0,0.0,0.14584307,0.015077618,0.078355,-0.054405674,-0.09017888,0.020836022,-0.46306416,0.15000762,0.0047140345,0.038369432,-0.2929039,0.0,-0.24909665,0.0,0.052053783,-0.11410958,-0.24539213,-0.59090275,-0.043515738,-0.03949699,-0.1654973,0.017740404,-0.2820656,-0.20867941,0.0067094173,-0.6244377,0.0,-0.035783768,0.0053590704,-0.28553626,-0.42974404,-0.06328061,-0.04484333,-0.012588564,0.13713586,-0.043540612
0.0,-0.0016818773,0.0,-0.14492604,-0.32287133,0.0,0.056942377,0.32637644,0.03727247,0.0,0.0,0.15020637,0.0,0.2598125,-0.063065335,0.0,0.0,0.29221326,0.32996187,0.102788195,0.05685962,-0.14755024,0.0026748031,-0.4519566,0.0,0.0,0.0,0.009086503,0.0,-0.024731858,0.032892145,1.1049098,0.0,-0.0010084817,-0.1358007,0.14111362,-0.01525995,0.11111152,0.030939762,0.045677155,0.17135328,-0.011673653,-0.005956213,0.0,0.0,0.035992913,-0.014665447,0.04534012,-0.007261361,-0.018543469,0.020836022,0.21673197,0.15000762,0.0343177,-0.034819923,0.21300623,0.0,-0.15281749,0.0,0.037355088,0.54168904,-0.15326712,1.5149451,0.06402972,0.022307917,-0.055301316,0.010546386,-0.13621385,-0.12811697,-0.053835757,-0.35579234,0.0,0.0030338066,0.0053590704,-0.15988109,-0.582166,-0.08154896,-0.01650167,-0.0063699386,0.3970425,-0.016610906
0.0,0.04219395,0.0,-0.095330715,0.05982917,0.0,0.056942377,0.3603085,0.03589104,0.0,0.0,0.23580872,0.0,0.25063294,-0.052202657,0.0,0.0,0.26942894,0.30345765,-0.09252533,0.05685962,0.14182386,0.05799052,-0.41731367,0.0,0.0,0.0,0.009086503,0.0,-0.024731858,0.050702475,1.1868209,0.0,0.028192818,-0.09270104,0.16451079,-0.0074058827,0.0047912225,0.10444656,0.04763454,0.13993464,-0.042589966,-0.005956213,0.0,0.0,0.035992913,0.0077715544,0.055546947,-0.023284879,-0.01649787,0.020836022,0.22481456,0.15000762,0.0343177,0.038369432,0.04943345,0.0,0.39864287,0.0,0.14419173,0.65477675,-0.15326712,1.6321084,0.22073485,-0.030629203,-0.055572964,0.02483925,-0.19137561,-0.113335565,0.017411642,-0.38111615,0.0,0.0030338066,0.011464402,-0.1555874,-0.20685652,0.014951155,-0.01650167,-0.0063699386,0.3485152,-0.016610906
0.0,0.049390517,0.0,-0.30456537,-0.16971621,0.0,0.057967182,-0.5309206,-0.072644085,0.0,0.0,0.09403628,0.0,0.13606173,-0.035013296,0.0,0.0,0.22938406,-0.06865863,0.11184305,-0.05795174,-0.14984453,0.1059901,-0.23958871,0.0,0.0,0.0,0.003799649,0.0,-0.040188476,0.036212824,-0.91246784,0.0,0.025073098,-0.16590826,0.06703071,-0.022546887,0.20586261,-0.004263634,-0.01969729,-0.22339416,0.028908521,-0.010371937,0.0,0.0,-0.056192316,-0.028452482,-0.023230122,-0.0831408,-0.09017888,0.020836022,0.12787968,-0.14626285,0.0047140345,-0.01338744,0.21350168,0.0,-0.0956764,0.0,0.026655447,-0.39828947,-0.11473332,-0.66276246,-0.043515738,-0.03949699,-0.038431853,0.010546386,-0.25711668,-0.34200427,0.0067094173,-0.62374115,0.0,-0.06633721,0.011464402,-0.17581418,-0.7929479,0.025404345,-0.04484333,-0.042395208,0.12808567,-0.08539145
0.0,0.056233764,0.0,0.3437963,0.16978258,0.0,0.057831164,0.43957332,0.014341526,0.0,0.0,0.25915605,0.0,0.23258209,-0.070472255,0.0,0.0,0.39804223,-0.063723385,0.14446476,0.06816522,0.1590462,-0.2822866,0.75007355,0.0,0.0,0.0,0.009086503,0.0,-0.05132007,0.10244571,1.3152198,0.0,0.011748772,-0.009626185,0.16451079,-0.024256691,-0.170845,0.04059762,0.10005361,0.18873526,0.04471879,-0.011739994,0.0,0.0,0.037798252,0.016376223,0.13774778,0.09003719,-0.027162427,0.020836022,-0.15704909,0.15000762,0.016968608,0.038369432,-0.2579577,0.0,-0.23183748,0.0,0.052053783,0.03450118,0.13238402,-0.28662178,-0.043515738,-0.0296431,-0.09359898,0.017740404,-0.20840302,-0.16723096,0.037477802,-0.33709714,0.0,0.032673795,0.011464402,-0.13244148,0.38229436,-0.067276545,0.04452329,-0.0061646886,0.39759123,-0.0079197185
0.0,0.05551423,0.0,0.17859368,0.18691355,0.0,0.057831164,0.34097418,0.19533594,0.0,0.0,0.2866842,0.0,0.24962014,0.031879626,0.0,0.0,0.36270234,0.09184156,0.14446476,0.0598386,-0.03508243,-0.29396763,0.5930346,0.0,0.0,0.0,0.009086503,0.0,-0.042416837,0.048187997,1.2751139,0.0,-0.049900234,-0.046270877,0.14111362,0.013314355,-0.0862139,0.044267762,0.09565486,0.13993464,-0.022403188,-0.0040003294,0.0,0.0,0.037798252,0.007495982,0.11230865,0.007154571,-0.018543469,0.020836022,0.16976662,0.15000762,0.04214276,0.038369432,0.14489579,0.0,0.3117895,0.0,0.13293904,-0.16092168,-0.24972527,0.5861879,-0.030444484,-0.0296431,-0.05870053,0.010546386,-0.09969553,-0.1431417,0.021588756,-0.44781473,0.0,-0.09712486,0.011464402,-0.16998407,-0.5022024,-0.10456486,-0.01650167,-0.0039591435,0.2517894,-0.009433178
0.0,0.05551423,0.0,0.24261034,0.23695073,0.0,0.057831164,0.33557832,0.039955802,0.0,0.0,0.28385833,0.0,0.2098888,0.019423887,0.0,0.0,0.24652894,0.12932418,-0.05084877,0.05685962,-0.17503504,0.11964632,0.47287944,0.0,0.0,0.0,0.009086503,0.0,-0.019520594,-0.15532021,1.0344676,0.0,0.04988064,-0.13603234,0.11974156,-0.01576787,0.007001955,0.045728642,0.04763454,0.18873526,-0.042589966,-0.0040003294,0.0,0.0,0.013060581,0.008273571,0.07332796,-0.007561858,-0.01649787,0.020836022,0.18282431,0.15000762,-0.4002022,0.038369432,0.2002971,0.0,0.12029183,0.0,0.07716443,0.43522283,-0.14377053,1.1919496,0.14701562,-0.026223427,0.004723455,-0.06081355,-0.18319923,-0.10025446,0.02437175,-0.1016563,0.0,0.034938894,0.011464402,0.383348,-0.17355582,-0.28168738,-0.01650167,-0.0039591435,0.2779482,-0.009433178
0.0,0.04219395,0.0,-0.14492604,0.05982917,0.0,0.056942377,0.3603085,0.033321656,0.0,0.0,0.23580872,0.0,0.17774239,-0.02939615,0.0,0.0,0.2664939,0.29674497,-0.05084877,0.05685962,-0.15250018,0.08094886,0.28519392,0.0,0.0,0.0,0.009086503,0.0,-0.024731858,0.04848124,1.2364879,0.0,0.03041703,-0.10477211,0.14111362,-0.01587174,0.0047912225,0.10444656,0.045677155,0.13993464,-0.011673653,-0.005956213,0.0,0.0,0.039941985,-0.014665447,0.049086787,-0.023284879,-0.01649787,0.020836022,0.11411464,0.15000762,0.0343177,0.038369432,0.09403504,0.0,0.19366243,0.0,0.047932494,0.7085021,-0.15326712,1.6450874,0.22073485,-0.030629203,-0.051009923,0.010546386,-0.17186147,-0.12811697,0.037659783,-0.48827115,0.0,0.0030338066,0.011464402,-0.18862174,-0.57829344,0.049853984,-0.01650167,-0.0063699386,0.35167646,-0.016610906
0.0,-0.02864406,0.0,-0.3407131,-0.084089056,0.0,0.057967182,-0.44303828,0.05690667,0.0,0.0,0.09576832,0.0,0.015997069,-0.03866566,0.0,0.0,0.25067395,-0.101829246,0.0546638,0.059270874,-0.0933031,-0.6028871,-0.3626672,0.0,0.0,0.0,-0.0048830016,0.0,-0.03852741,0.09592994,-0.89875793,0.0,-0.066344276,-0.09451988,-0.09900821,-0.0489203,-0.11856722,0.015837295,-0.10451955,-0.3369522,0.021928031,-0.010371937,0.0,0.0,-0.03131862,0.012220484,-0.16307972,-0.086445406,-0.026336035,-0.030113949,0.2927981,0.15000762,0.0047140345,0.014752143,-0.24673457,0.0,-0.24909665,0.0,0.040801097,-0.09853523,-0.30140537,-0.49712208,-0.014083447,-0.03949699,-0.10596401,0.008411626,0.52399707,0.18947744,-0.08039943,-0.07405028,0.0,-0.033901077,-0.0125571545,-0.2733085,-0.910732,-0.06111117,-0.04484333,-0.042395208,0.122272715,-0.043540612
0.0,-0.052068137,0.0,-0.14492604,-0.046214208,0.0,0.056942377,0.29998887,0.19134724,0.0,0.0,0.15020637,0.0,0.2730647,0.015148104,0.0,0.0,0.24951366,0.2763692,-0.116326824,0.04519046,-0.14672257,0.014974058,-0.30614632,0.0,0.0,0.0,0.009086503,0.0,-0.019520594,0.10052269,1.1850537,0.0,0.025073098,-0.10477211,-0.13320246,-0.01587174,0.0047912225,0.10444656,0.045677155,0.13993464,-0.022403188,-0.005956213,0.0,0.0,0.026896134,-0.028452482,0.040691145,-0.0047286274,-0.01649787,0.020836022,0.20073316,0.15000762,0.0343177,0.038369432,0.23419921,0.0,-0.1016869,0.0,0.026655447,-0.24197608,-0.15326712,1.5430421,0.21013635,0.022307917,0.019008344,0.010546386,-0.17186147,0.22023058,0.07837634,-0.500833,0.0,0.0030338066,0.032791603,-0.18490785,-0.5956222,-0.15826018,-0.01650167,-0.0063699386,0.3970425,-0.016610906
0.0,-0.10288125,0.0,-0.21107915,-0.07607007,0.0,-0.04063439,0.24928313,-0.0075724684,0.0,0.0,0.10173547,0.0,-0.1436246,-0.08666696,0.0,0.0,-0.20494963,0.14280239,0.051241256,0.04324443,0.093300074,-0.59611386,-0.66780216,0.0,0.0,0.0,-0.01743799,0.0,0.13035105,0.04132563,0.7130826,0.0,-0.06126851,0.03346381,-0.12885787,0.05505172,-0.07468953,0.028730324,-0.14279273,-0.36911947,0.028908521,-0.012348633,0.0,0.0,-0.014170495,0.012220484,-0.16503073,-0.048562344,-0.013496511,0.020836022,0.1721347,0.15000762,-0.4080273,0.038369432,-0.27102172,0.0,-0.24043179,0.0,0.040801097,-0.44905627,-0.38346016,-0.5805192,-0.009080026,-0.078438014,-0.10883338,0.009710375,0.24582043,-0.3892372,0.027089914,0.2257372,0.0,-0.035783768,0.009196964,-0.22768946,-0.829517,-0.14369817,-0.04484333,-0.012588564,-0.348575,0.016786756
0.0,0.013220509,0.0,-0.20475452,-0.05769241,0.0,-0.041005358,0.16334623,0.035012297,0.0,0.0,0.29869193,0.0,0.7915485,0.13159424,0.0,0.0,-0.14336094,-0.08803476,-0.123760805,-0.0052464157,0.14481902,1.2481279,0.0063071437,0.0,0.0,0.0,-0.0048830016,0.0,0.21292114,0.06628335,-0.6425375,0.0,0.1561887,0.04968133,-0.044836186,-0.008588802,0.01910668,0.024126614,-0.03578821,0.22112805,0.021928031,-0.007910885,0.0,0.0,0.08339044,0.0060259434,0.008627009,-0.0028587803,-0.003989476,-0.030113949,0.45402646,0.15000762,0.0047140345,0.038369432,0.3974006,0.0,-0.15458669,0.0,0.040801097,-0.051565476,-0.26352295,-0.3253634,-0.014083447,-0.03949699,-0.047739908,0.01374558,-0.2358289,-0.21114652,0.0067094173,-0.2076376,0.0,-0.003074443,0.009196964,-0.20531979,-0.62061244,0.13864966,-0.04484333,0.16901988,0.10585132,0.22727044
0.0,-0.01977582,0.0,-0.2946064,-0.11368136,0.0,0.057967182,0.2153813,-0.036200326,0.0,0.0,0.16390769,0.0,-0.028953392,0.017130207,0.0,0.0,0.327135,-0.06865863,-0.10280806,-0.005171884,-0.19691989,0.11281547,0.72549963,0.0,0.0,0.0,0.003799649,0.0,-0.032607082,-0.31002083,-0.3963893,0.0,-0.027090158,0.17642684,0.03111925,0.1922272,0.08254876,0.096101224,0.10007331,-0.30317035,-0.05191552,0.016787617,0.0,0.0,0.011501454,0.016376223,0.1646257,-0.14186226,-0.01607262,-0.030113949,0.34791347,-0.14626285,0.002947772,-0.034819923,0.4869881,0.0,-0.058490913,0.0,-0.11937024,-0.0031126663,0.2414441,-0.32511985,-0.011571269,-0.078438014,-0.026986519,0.03833711,0.6432008,0.35224953,-0.021870758,0.36172363,0.0,-0.005174185,-0.0125571545,0.43262845,0.7787441,-0.017663686,0.04452329,-0.0143686645,0.139889,-0.08219072
0.0,-0.02590413,0.0,-0.2841701,-0.1334067,0.0,-0.030547993,-0.5071193,-0.12000284,0.0,0.0,0.17723402,0.0,0.122812465,0.0036411574,0.0,0.0,0.23916827,0.099788114,0.102788195,0.093283996,-0.06656197,-0.5275954,-0.65796655,0.0,0.0,0.0,0.0044592978,0.0,-0.042416837,0.04132563,1.0978533,0.0,-0.05804028,0.05915191,0.112275064,-0.014350231,-0.12518634,-0.0013163108,-0.19708434,0.20911765,0.028908521,-0.03419589,0.0,0.0,-0.056192316,0.012220484,-0.16503073,0.038814336,-0.018543469,0.020836022,-0.45868832,0.15000762,-0.4080273,0.014752143,-0.049441513,0.0,-0.2347192,0.0,0.040801097,-0.44905627,-0.2643819,-0.6338086,-0.009080026,-0.078438014,-0.10734093,0.009710375,-0.17726725,-0.41613898,0.027089914,0.2608191,0.0,-0.033901077,0.009196964,-0.15988109,-0.6316929,-0.069888234,-0.04484333,-0.042395208,0.21170047,-0.0065627145
0.0,0.11690607,0.0,-0.19751188,0.15966779,0.0,-0.030547993,0.39885974,0.03534708,0.0,0.0,-0.2707787,0.0,-0.06097007,0.040201694,0.0,0.0,0.3178966,-0.09150263,-0.03739849,0.030396162,0.11678984,0.76482016,-0.14105293,0.0,0.0,0.0,-0.005730729,0.0,0.060395177,0.09592994,0.9961859,0.0,-0.053019956,0.03346381,-0.06913285,-0.011942029,-0.08632177,-0.0027628783,-0.1736175,0.18467917,0.030021656,-0.03419589,0.0,0.0,-0.10902232,0.05786886,0.2742839,0.100650616,0.0144730965,-0.030113949,0.37331527,-0.14626285,0.02382337,0.038369432,0.39679122,0.0,-0.11584379,0.0,0.028151728,-0.022529252,-0.15326217,-0.18183991,-0.009080026,0.00081730634,0.07399437,0.009710375,0.2790153,0.2161062,-0.08039943,0.46179053,0.0,-0.0033476287,-0.0125571545,-0.24035016,-0.5914185,-0.083362125,-0.017440012,-0.012588564,0.39580768,-0.048413556
0.0,-0.017560296,0.0,-0.060133927,0.09434055,0.0,-0.03821034,0.18891147,-0.036081113,0.0,0.0,0.3137777,0.0,0.18984257,-0.0661907,0.0,0.0,-0.10942744,0.37297612,0.11759933,0.03134454,0.08996495,0.5850917,-0.09490983,0.0,0.0,0.0,0.009086503,0.0,0.13569622,0.032892145,1.1265364,0.0,-0.06126851,0.03346381,-0.05844184,-0.008586662,-0.08938081,0.02400849,0.00040823966,0.20911765,0.021928031,-0.012154197,0.0,0.0,-0.045101445,0.006600863,-0.06487508,0.063714996,0.041532192,0.020836022,-0.24556729,0.15000762,0.0343177,0.038369432,-0.22572064,0.0,-0.24043179,0.0,0.040801097,0.7827278,-0.22264002,1.4857172,0.21013635,-0.030629203,-0.08118092,0.009710375,-0.12956226,-0.14155048,0.021770738,-0.11239815,0.0,-0.035772394,0.009196964,-0.15924114,-0.46345833,-0.3388399,-0.01650167,-0.012577478,0.26378393,-0.008061543
0.0,0.04219395,0.0,-0.13847896,-0.32287133,0.0,0.056942377,0.32637644,0.03829848,0.0,0.0,0.15020637,0.0,0.17774239,-0.02939615,0.0,0.0,0.25412273,0.24621454,0.102788195,0.05685962,-0.15343836,0.10856561,-0.28098133,0.0,0.0,0.0,0.009086503,0.0,-0.019520594,0.04635743,1.2290921,0.0,0.028192818,0.082510054,0.14111362,-0.01525995,0.11433086,0.030939762,0.045677155,0.13993464,0.02032709,-0.005956213,0.0,0.0,0.035992913,-0.014665447,0.049086787,-0.023284879,-0.027162427,0.020836022,0.22481456,0.15000762,0.0343177,-0.034819923,-0.12158549,0.0,0.26996475,0.0,0.11080593,0.48006964,-0.15326712,1.6608227,0.22073485,0.022307917,0.020501575,0.010546386,-0.14474952,-0.11590496,0.017411642,-0.36530918,0.0,0.0030338066,0.011464402,-0.18862174,-0.6296978,0.11160998,-0.01650167,-0.0063699386,0.3970425,-0.016610906
0.0,0.04219395,0.0,-0.10466688,-0.085929036,0.0,0.056942377,0.31161264,0.19134724,0.0,0.0,0.23580872,0.0,0.2730647,-0.056983195,0.0,0.0,0.25837415,0.3051705,0.051241256,0.05685962,0.0899333,0.12175447,-0.42585814,0.0,0.0,0.0,-0.011677239,0.0,-0.020474184,0.04132563,0.99563944,0.0,0.006564015,0.03466104,0.16451079,-0.008017672,0.00050840154,0.10444656,0.056085642,0.18873526,-0.045611314,-0.005956213,0.0,0.0,0.14584307,0.05786886,0.124896675,-0.032335564,-0.013496511,0.020836022,0.29253513,0.15000762,0.0343177,0.038369432,0.3404606,0.0,-0.11127328,0.0,0.039404415,-0.2155228,-0.1643133,1.4704186,0.14701562,-0.040996805,-0.056020014,0.02483925,0.25635514,-0.21915613,-0.04851658,0.100409776,0.0,0.0009168759,0.011464402,-0.21071695,-0.22386569,-0.18754622,-0.01650167,-0.004270306,0.38053262,-0.016610906
0.0,0.06001494,0.0,0.18140754,-0.07438561,0.0,0.056942377,0.35106108,0.18572469,0.0,0.0,0.23880063,0.0,0.10970697,-0.012260638,0.0,0.0,0.19600286,0.11424388,0.102788195,0.05685962,0.11895358,-0.22616056,-0.4169154,0.0,0.0,0.0,-0.011677239,0.0,0.07754586,0.063985504,1.1657429,0.0,0.028192818,0.07253006,0.16451079,0.002339635,0.058324948,0.10444656,0.09592345,0.13993464,-0.031740878,-0.0040003294,0.0,0.0,0.14584307,0.015077618,0.13085029,-0.011688084,-0.027162427,0.020836022,0.31187138,0.15000762,0.04214276,-0.034819923,-0.1361468,0.0,0.3600975,0.0,0.16217098,-0.33253095,-0.09518401,1.1734264,0.14701562,0.022307917,-0.059745513,0.03833711,-0.15168568,-0.22701667,0.042978957,-0.42434403,0.0,0.034938894,0.011464402,0.16840489,0.4144101,-0.013810873,-0.01650167,-0.0039591435,0.44064677,-0.009433178
0.0,0.04219395,0.0,-0.090456605,-0.3290533,0.0,0.056942377,0.32324433,0.033321656,0.0,0.0,0.23580872,0.0,0.27189413,-0.052202657,0.0,0.0,0.31120554,0.30345765,0.102788195,0.05685962,0.11561846,-0.27134702,-0.052146062,0.0,0.0,0.0,-0.011677239,0.0,-0.030652184,0.052826285,1.1954644,0.0,-0.023970436,0.041575447,0.14111362,-0.016227484,0.0047912225,0.10444656,0.09396608,0.13993464,0.02032709,-0.005956213,0.0,0.0,-0.033220902,-0.014665447,0.049086787,-0.027411107,-0.027162427,0.020836022,0.283995,0.15000762,0.0343177,-0.034819923,-0.11952536,0.0,0.39864287,0.0,0.13293904,0.51639867,-0.15326712,1.5559913,0.14701562,0.022307917,-0.06398227,0.01374558,-0.14474952,-0.14366737,-0.022733752,-0.35077035,0.0,0.00529493,0.011464402,-0.1393223,-0.5659051,-0.08563198,-0.01650167,0.025395455,0.38054615,-0.016610906
0.0,0.04219395,0.0,-0.088883646,-0.32287133,0.0,0.056942377,0.33759218,0.03829848,0.0,0.0,0.28385833,0.0,0.25063294,-0.052202657,0.0,0.0,0.25412273,0.24621454,0.102788195,0.05685962,0.11561846,0.10856561,-0.076181576,0.0,0.0,0.0,0.009086503,0.0,-0.019520594,0.052826285,1.0862415,0.0,-0.049900234,0.082045645,0.14111362,-0.011712007,0.11433086,0.030939762,0.045677155,0.13993464,0.02032709,-0.005956213,0.0,0.0,0.035992913,0.0077715544,0.055546947,-0.023284879,-0.018543469,0.020836022,0.22481456,0.15000762,0.0343177,-0.034819923,0.17118713,0.0,0.3117895,0.0,0.13293904,0.39935097,-0.15326712,1.6591816,0.22073485,0.022307917,-0.016955066,0.01374558,-0.13621385,-0.12811697,0.021770738,-0.38111615,0.0,0.0030338066,0.011464402,-0.12068463,-0.57374597,0.050011765,-0.01650167,-0.0063699386,0.31259012,-0.016610906
0.0,0.04219395,0.0,-0.080466405,-0.07438561,0.0,0.056942377,0.34015453,0.19134724,0.0,0.0,0.23580872,0.0,0.20017417,-0.0076584034,0.0,0.0,0.31990698,0.27271876,0.102788195,0.05685962,0.11796249,-0.32173833,-0.19842495,0.0,0.0,0.0,-0.011677239,0.0,-0.030652184,0.045670673,1.3680718,0.0,-0.0010084817,-0.0058091553,0.16451079,-0.011921359,0.0047912225,0.10444656,0.09592345,0.13993464,-0.045611314,-0.007810443,0.0,0.0,0.14584307,0.015077618,0.056457493,-0.018759351,-0.027162427,0.020836022,0.29253513,0.15000762,0.02382337,0.038369432,-0.038952094,0.0,-0.21354659,0.0,0.052053783,-0.3290037,-0.15326712,1.6363416,0.14701562,-0.030629203,-0.08715823,0.02483925,-0.107720375,-0.21909077,-0.04851658,-0.42434403,0.0,0.00529493,0.011464402,-0.14277986,-0.28759724,0.18113823,-0.01650167,0.025395455,0.38579333,-0.01787989
0.0,0.04219395,0.0,-0.13962923,0.066011176,0.0,0.056942377,0.3343484,0.040867865,0.0,0.0,0.28385833,0.0,0.2098888,0.013124035,0.0,0.0,0.28351182,0.24621454,0.14446476,0.05685962,-0.17597324,0.15735424,0.4433954,0.0,0.0,0.0,0.009086503,0.0,-0.024731858,0.025127234,1.1578933,0.0,0.0071315663,0.08770762,0.14111362,-0.017590584,0.11433086,0.030939762,0.045677155,0.13993464,-0.019381836,-0.005956213,0.0,0.0,0.013060581,-0.009134627,0.06286641,-0.023284879,-0.027162427,0.020836022,0.16846333,0.15000762,0.0343177,0.038369432,-0.11602075,0.0,0.35903725,0.0,0.11534853,0.57049805,-0.15326712,1.6406687,0.14701562,0.022307917,-0.055572964,-0.02582055,-0.14474952,-0.10219085,-0.057295043,-0.34673807,0.0,0.00529493,0.011464402,0.12923223,-0.5724802,0.07929781,-0.01650167,0.025395455,0.26101887,-0.016610906
0.0,0.05551423,0.0,0.22218582,-0.07438561,0.0,0.056942377,0.31866813,0.18261558,0.0,0.0,0.28385833,0.0,0.1267809,-0.012260638,0.0,0.0,0.19600286,0.12769368,0.102788195,0.05685962,0.11895358,-0.31656894,-0.42605028,0.0,0.0,0.0,-0.011677239,0.0,0.07754586,0.06125977,1.3643899,0.0,0.028192818,0.06645065,0.16451079,0.0029514246,0.0047912225,0.10444656,0.09592345,0.13993464,-0.031740878,-0.0040003294,0.0,0.0,0.14584307,0.015077618,0.13085029,-0.011688084,-0.027162427,0.020836022,0.31187138,0.15000762,0.04214276,-0.034819923,0.04943345,0.0,0.39864287,0.0,0.14419173,-0.33253095,-0.11560929,1.2488483,0.14701562,0.022307917,-0.059026815,0.03833711,-0.14936584,-0.22701667,0.042978957,-0.42434403,0.0,0.034938894,0.011464402,-0.1555874,-0.21367455,-0.013810873,-0.01650167,-0.0039591435,0.4348415,-0.009433178
0.0,0.010480577,0.0,-0.3111303,-0.10551293,0.0,0.025994603,-0.664604,-0.04375558,0.0,0.0,0.060993172,0.0,0.50101984,0.011193283,0.0,0.0,-0.2595894,-0.072982155,-0.123760805,-0.18332052,-0.21982077,-0.49508116,-0.5453955,0.0,0.0,0.0,0.003799649,0.0,-0.1399617,-0.42411816,-0.9497807,0.0,0.13512745,-0.14809433,0.04565864,-0.034758605,0.012958067,-0.059078474,0.092678994,-0.25787523,-0.05191552,0.024823133,0.0,0.0,0.026896134,-0.10920243,0.057229277,-0.15578683,-0.003989476,-0.030113949,-0.2576656,-0.14626285,0.0047140345,0.014752143,0.21590416,0.0,-0.025553618,0.0,-0.13656674,-0.14924654,0.13183607,-0.59907013,-0.014083447,-0.078438014,-0.16568127,0.02483925,-0.38894704,0.11833913,-0.045899224,-0.03506558,0.0,-0.033901077,-0.0125571545,0.29594687,-0.33987498,0.113725424,-0.04484333,-0.042395208,0.1398293,-0.08338529
0.0,0.10067856,0.0,-0.21393755,-0.1293322,0.0,0.025994603,0.30575746,0.13766876,0.0,0.0,0.1351206,0.0,0.069128305,-0.101716176,0.0,0.0,0.29524133,-0.09403785,-0.17811036,-0.09803732,-0.11662494,-0.5753943,-0.11887027,0.0,0.0,0.0,0.0024566827,0.0,-0.05132007,0.04132563,-0.98358035,0.0,-0.009312481,0.07536943,-0.04536137,-0.03906473,-0.019104818,-0.13843048,-0.09439641,0.1409088,0.023467993,-0.065226674,0.0,0.0,0.14584307,-0.028452482,-0.023230122,0.045882292,0.00610004,0.020836022,0.07682194,0.15000762,0.0047140345,-0.034819923,-0.01135483,0.0,-0.20227331,0.0,0.037355088,-0.17164826,-0.2861276,-0.4516817,-0.043515738,0.013440128,-0.16343519,0.01374558,-0.24729219,-0.2701536,-0.04851658,-0.6469331,0.0,0.002882584,0.032791603,-0.18995452,-1.0691725,0.07122625,-0.04484333,0.050187692,0.1984999,-0.028744154
0.0,0.0010193735,0.0,0.34067634,0.2365498,0.0,-0.10920918,0.33593005,0.048360534,0.0,0.0,-0.34767613,0.0,0.09189905,-0.08560756,0.0,0.0,0.2540859,-0.052683286,0.21971934,-0.005774962,0.23684558,0.46845213,0.8133918,0.0,0.0,0.0,-0.0048830016,0.0,0.0997061,0.11014238,-0.501668,0.0,-0.05215375,0.11026855,-0.07056351,0.015650112,0.22537047,0.007372791,0.039744355,0.1600116,0.04631973,-0.008804493,0.0,0.0,0.06425102,0.006379824,-0.003144756,0.03723821,0.13788632,-0.030113949,0.3563985,0.15000762,-0.0021407288,0.038369432,-0.09832931,0.0,0.24176951,0.0,0.16217098,0.07020873,0.09394581,-0.20354357,-0.009080026,0.014352061,-0.021216853,0.03833711,-0.15341088,-0.18866561,0.021588756,0.33093232,0.0,0.032673795,-0.0125571545,0.37401703,0.8627747,0.100978106,0.04452329,-0.0061646886,0.23139204,0.030824337
0.0,-0.0057574874,0.0,0.55977213,0.2130371,0.0,0.062638745,-0.33780977,0.026296964,0.0,0.0,-0.22143254,0.0,-0.16910936,-0.0066681113,0.0,0.0,-0.15348761,-0.056517497,0.14446476,0.06167955,0.21338546,0.3721244,0.8566508,0.0,0.0,0.0,0.009086503,0.0,0.28000194,0.11014238,0.94336104,0.0,-0.055125758,0.041863646,-0.065412715,-0.04865305,-0.16874284,0.11531366,-0.16928715,0.18467917,-0.044129968,-0.007594453,0.0,0.0,-0.07942094,0.006379824,-0.0054157134,-0.024059886,-0.027162427,0.020836022,0.37382203,0.15000762,0.016968608,0.014752143,-0.183505,0.0,0.1475412,0.0,-0.29179853,0.07632097,0.15135749,-0.23522826,-0.009080026,-0.03858506,-0.056921713,0.020949898,-0.21542358,-0.17771398,0.021588756,0.28097856,0.0,-0.10541019,-0.0125571545,0.36877713,0.46488005,0.101837516,0.04452329,-0.012031175,0.2792102,-0.017300434
0.0,-0.0057574874,0.0,0.40483534,0.18954197,0.0,0.082974434,-0.37075618,0.05133777,0.0,0.0,-0.13094597,0.0,0.48974526,0.04142581,0.0,0.0,-0.09038873,-0.049401995,-0.05941371,-0.025651563,0.14937818,0.45591718,-0.25080928,0.0,0.0,0.0,-0.0048830016,0.0,0.19743186,0.17372112,-0.41715673,0.0,0.057444025,0.11026855,0.022784442,0.01660426,0.09008099,-0.1142395,0.10007331,-0.1902484,-0.05191552,0.02858253,0.0,0.0,-0.07041248,0.012220484,-0.06878194,0.047304153,-0.01607262,-0.030113949,-0.32599217,-0.14626285,-0.0021407288,0.014752143,0.32118765,0.0,0.094834045,0.0,-0.16252959,0.03656477,0.159456,-0.38336232,-0.009080026,0.00081730634,0.16252251,0.03833711,0.67514133,0.19598964,0.07837634,0.4042459,0.0,0.026653565,-0.0125571545,0.33524126,0.81532216,0.094447926,0.017315546,-0.012031175,0.23494591,-0.01505841
0.0,0.013220509,0.0,-0.25976855,-0.13983798,0.0,-0.030411977,0.10783785,-0.091849305,0.0,0.0,0.14405666,0.0,0.18353577,-0.031099264,0.0,0.0,-0.22122467,0.011006065,0.17804277,0.04017847,-0.14805539,-0.7198594,-0.15420629,0.0,0.0,0.0,0.003799649,0.0,-0.097414024,0.04132563,-0.792145,0.0,-0.08042714,0.062407017,-0.12885787,-0.056578465,-0.15020882,0.043063015,-0.093212895,0.18970941,0.028908521,-0.015336546,0.0,0.0,-0.014170495,-0.10920243,0.14450936,-0.037743613,0.07898313,0.020836022,-0.41957772,0.15000762,-0.132853,0.038369432,0.15060303,0.0,-0.17007513,0.0,0.037355088,-0.46016946,-0.32619518,-0.6487291,-0.009080026,-0.078438014,-0.16568127,0.009710375,-0.22603425,-0.39970425,0.027089914,0.2430815,0.0,-0.003074443,0.009196964,-0.17985153,-0.77805024,0.101175636,-0.04484333,0.16901988,0.054942768,-0.046999633
0.0,0.0231702,0.0,-0.10247255,0.2682411,0.0,0.057831164,0.30550864,0.03220813,0.0,0.0,0.2866842,0.0,0.4004835,-0.01264875,0.0,0.0,0.22032227,0.2577287,0.102788195,0.04846421,0.09690685,0.8273181,-0.4483746,0.0,0.0,0.0,-0.011677239,0.0,0.09914402,0.10055428,1.2789448,0.0,-0.024537988,0.03942232,-0.07978654,-0.053339295,-0.09874772,-0.0062788893,-0.0135477185,0.24053629,0.04471879,-0.005956213,0.0,0.0,-0.119056866,0.012220484,-0.075392395,-0.0331972,-0.027162427,0.020836022,0.28346232,0.15000762,0.0343177,0.038369432,0.38283217,0.0,-0.11127328,0.0,0.039404415,-0.06051769,-0.16202316,0.6897018,0.05587735,-0.03858506,-0.055931367,0.020949898,-0.14211243,-0.19893786,-0.017414577,0.2978669,0.0,-0.029402334,0.009196964,-0.105765454,-0.1937918,-0.0780008,-0.01650167,-0.0063699386,0.24424364,-0.016610906
0.0,-0.121848695,0.0,-0.23029694,-0.10551293,0.0,-0.011124631,0.16461325,-0.0023284443,0.0,0.0,-0.28452134,0.0,-0.23242202,-0.13872965,0.0,0.0,-0.33721593,-0.11974646,0.068917826,-0.05120796,0.093300074,-0.63740593,-0.13636138,0.0,0.0,0.0,0.005100663,0.0,-0.0701541,0.06585942,-0.65404,0.0,-0.08042714,0.04968133,-0.15005182,-0.045476317,0.009761369,-0.017623803,-0.031049397,0.12859298,0.028908521,-0.012348633,0.0,0.0,0.0107032005,-0.023060879,-0.033922702,0.051729683,0.027585665,0.020836022,0.3563822,-0.14626285,0.0152083635,0.038369432,-0.07592364,0.0,-0.27314943,0.0,0.040801097,-0.37667766,-0.31496444,-0.37453237,-0.020150308,-0.078438014,-0.18912888,0.01374558,0.39433002,0.16371652,-0.08039943,0.40229252,0.0,0.02408538,0.032791603,-0.20634723,-1.2517575,-0.15155117,-0.04484333,-0.0068033226,-0.09397523,0.016786756
0.0,0.018696003,0.0,0.28245437,0.26641205,0.0,-0.08992183,0.5445913,0.026762268,0.0,0.0,0.16390769,0.0,-0.14441729,0.06156913,0.0,0.0,0.37300548,-0.04986968,-0.10280806,-0.06816982,0.21275854,-0.19581735,1.0017518,0.0,0.0,0.0,-0.0048830016,0.0,-0.03852741,-0.19087315,-0.47146094,0.0,0.06441507,-0.008908276,0.10877744,0.11731322,0.08906801,0.030644502,0.14836223,-0.30317035,-0.09784387,0.007983163,0.0,0.0,-0.022883995,0.006379824,-0.0024041869,0.0014785016,-0.01607262,-0.030113949,0.24404949,-0.14626285,-0.0021407288,0.038369432,-0.16841008,0.0,0.044773728,0.0,-0.29179853,-0.28932464,0.2291604,-0.1608624,-0.009080026,-0.03858506,-0.019971026,0.02483925,0.69926685,0.20412835,0.01567529,0.31841555,0.0,0.032673795,-0.007317054,0.35658976,0.93189305,0.1047523,0.04452329,-0.0061646886,0.26563412,0.06360421
0.0,0.091454424,0.0,0.19353631,-0.3563898,0.0,-0.024237413,0.51494837,-0.0054092193,0.0,0.0,0.18337677,0.0,-0.12840088,0.0518946,0.0,0.0,0.33116964,0.03916354,0.056839548,-0.06816982,0.1933428,0.015901774,-0.50852895,0.0,0.0,0.0,-0.011677239,0.0,-0.032607082,0.06225288,0.6818543,0.0,0.05710029,-0.13475059,0.10877744,-0.0028389432,0.13901892,0.015591089,0.118286386,-0.29004252,0.05441336,0.007983163,0.0,0.0,0.015037408,0.006600863,-0.048520662,0.038239084,0.020636586,-0.030113949,0.30132428,-0.14626285,0.016968608,0.038369432,-0.12255438,0.0,0.21190059,0.0,0.16217098,0.43716943,0.15325291,-0.008448001,-0.020150308,0.03697897,0.09931542,0.02483925,0.33877727,0.1858393,6.500818e-05,0.3030577,0.0,0.032673795,-0.015653022,0.4222807,0.6515739,0.15476705,0.017315546,-0.0061646886,0.47508222,0.06360421
0.0,-0.0331007,0.0,-0.08998479,-0.07438561,0.0,0.056942377,0.22987556,0.18151352,0.0,0.0,-0.253502,0.0,-0.16564481,0.06704895,0.0,0.0,0.4053563,0.30345765,0.102788195,0.04519046,-0.15780818,-0.42160895,-0.18260805,0.0,0.0,0.0,0.0044592978,0.0,-0.030652184,0.06125977,1.3266531,0.0,-0.049900234,0.05915191,-0.16305211,-0.014350231,-0.09164397,0.10444656,0.09396608,0.11549617,-0.008532748,-0.012154197,0.0,0.0,0.14584307,-0.028452482,0.19891964,0.021231793,-0.018543469,0.020836022,0.24962893,0.15000762,0.0343177,0.038369432,0.15790747,0.0,0.27218392,0.0,0.11080593,-0.2930972,-0.13691399,1.4748313,0.06402972,0.022307917,-0.05870053,0.009710375,-0.13642867,-0.2292297,0.027089914,-0.35668406,0.0,0.0030338066,0.009196964,-0.15975237,-0.42264882,-0.14684711,-0.01650167,-0.0063699386,0.36109567,-0.008061543
0.0,0.018696003,0.0,0.3412792,0.24852094,0.0,-0.025740415,0.47408232,0.030470548,0.0,0.0,0.28127047,0.0,-0.029337604,-0.08879061,0.0,0.0,0.41856122,0.008503178,0.15927589,0.054024532,0.15750322,0.15092777,1.047322,0.0,0.0,0.0,-0.06983863,0.0,-0.04539974,0.10244571,0.53444374,0.0,-0.066344276,0.08815717,0.11974156,0.022151887,0.0648442,0.033858825,0.0065985103,0.2201539,0.04631973,-0.008804493,0.0,0.0,0.0055619115,0.006379824,-0.0054157134,0.09463837,0.041532192,-0.030113949,0.30816588,0.15000762,0.016968608,0.038369432,-0.08912623,0.0,-0.15110064,0.0,0.07003303,0.102155544,0.17037903,-0.23296525,-0.009080026,-0.03858506,-0.058358178,0.020949898,-0.19605327,-0.19115798,0.021588756,0.2862828,0.0,0.032673795,-0.007317054,0.40447494,0.852095,0.12915581,0.04452329,-0.0061646886,-0.071351394,0.030824337
0.0,0.023597678,0.0,0.5946038,-0.0059008617,0.0,0.05889093,-0.56760794,0.060749542,0.0,0.0,0.16966352,0.0,0.23592639,-0.05144965,0.0,0.0,0.20873752,0.0476311,0.14446476,0.11875427,-0.13117294,0.08925987,0.63860273,0.0,0.0,0.0,0.009086503,0.0,-0.04539974,0.03983316,0.80264306,0.0,-0.050467785,0.113845274,0.13567221,-0.04666508,0.03958845,0.066821605,-0.16928715,0.24053629,0.04631973,-0.0058118347,0.0,0.0,0.010734953,0.004249966,-0.016984483,-0.066808395,-0.027162427,-0.030113949,0.36695692,0.15000762,0.016968608,0.014752143,0.33695155,0.0,-0.074094124,0.0,0.037908133,0.68442625,0.13236184,-0.29879606,-0.011571269,0.03697897,0.09943937,0.020949898,-0.1962204,-0.16292603,0.01948877,0.32549128,0.0,0.026653565,-0.007317054,-0.20061396,0.5706845,0.026285049,0.017315546,-0.012031175,0.38064522,-0.016081061
0.0,-0.036527734,0.0,-0.059711218,0.27881762,0.0,0.057831164,0.18170479,-0.037712216,0.0,0.0,0.28385833,0.0,-0.17043841,-0.00508235,0.0,0.0,0.269398,0.24621454,0.102788195,0.057697766,0.11895358,0.57747155,-0.0935978,0.0,0.0,0.0,-0.005730729,0.0,0.063509,0.116143376,1.119758,0.0,-0.023970436,0.0393902,0.052888013,-0.010463916,-0.09874772,-0.004818009,0.00040823966,0.20911765,0.021928031,-0.012154197,0.0,0.0,-0.119056866,0.05786886,0.19928946,0.0051236586,-0.018543469,0.020836022,0.12520212,0.15000762,0.0343177,-0.034819923,0.08453338,0.0,0.39864287,0.0,0.13293904,0.049748503,-0.13499473,1.3372021,0.21013635,-0.03022147,-0.052275755,0.01374558,-0.13096528,-0.21237138,-0.017414577,0.08820884,0.0,-0.035772394,0.032791603,-0.06984516,-0.5003419,0.00717929,-0.01650167,-0.012577478,0.3287086,-0.008061543
0.0,0.061014544,0.0,-0.07768886,-0.34402668,0.0,0.057967182,-0.06595586,-0.031820238,0.0,0.0,0.15700187,0.0,0.09929235,0.009219654,0.0,0.0,0.19944243,0.20313758,0.0546638,0.1193431,-0.18210264,0.1397377,-0.38929486,0.0,0.0,0.0,0.003799649,0.0,-0.024166148,0.04785535,-0.60896075,0.0,-0.0010084817,-0.32071382,0.090903,-0.0129322875,0.26751244,-0.0046278443,0.048711017,-0.1896123,0.04631973,0.009640496,0.0,0.0,0.008800917,-0.007666567,-0.022860153,-0.01527286,-0.018041272,0.020836022,0.35739562,-0.14626285,0.0047140345,-0.01338744,0.01740035,0.0,-0.13555229,0.0,0.06658702,0.64981693,0.13222359,1.4678978,-0.028249709,0.022307917,0.050667383,0.02483925,0.4588977,-0.1690967,-0.053835757,-0.3844316,0.0,-0.0033362545,0.011464402,0.3506738,0.54986143,0.13974139,-0.01650167,-0.012577478,0.13109215,-0.02522795
0.0,0.06001494,0.0,0.15471524,0.06693256,0.0,0.056942377,0.2804325,0.042141013,0.0,0.0,0.14136757,0.0,0.16109742,-0.05680489,0.0,0.0,-0.104600295,0.18376237,0.102788195,0.06039179,0.11462736,-0.25310767,-0.33561352,0.0,0.0,0.0,-0.005730729,0.0,0.13501525,0.04785535,1.1364723,0.0,-0.0042367075,0.07253006,0.11974156,0.002339635,0.06630394,-0.011252528,0.09592345,0.13993464,0.04471879,-0.008688268,0.0,0.0,0.035992913,0.0077715544,0.07683805,0.010990437,-0.027162427,0.020836022,0.3091026,0.15000762,0.016968608,-0.034819923,-0.13487585,0.0,-0.13296406,0.0,0.07003303,0.66128653,0.15245093,1.040831,0.13641712,0.022307917,0.0328286,0.03833711,-0.11004779,-0.12525494,-0.053835757,-0.40016764,0.0,0.035990402,0.011464402,0.38874483,0.5952648,0.2247972,-0.01650167,0.015784185,0.5462622,-0.007610862
0.0,0.044382248,0.0,-0.14536615,-0.15990312,0.0,0.057967182,0.40428975,0.13691929,0.0,0.0,0.21165912,0.0,0.19653612,-0.055509593,0.0,0.0,0.23844819,-0.06861737,-0.05941371,-0.05590926,-0.08677492,0.022891305,-0.1369145,0.0,0.0,0.0,0.003799649,0.0,-0.032607082,0.11114085,-0.37382293,0.0,0.11047663,0.104167044,0.09042786,-0.007067645,0.31890917,-0.005447155,-0.064490765,0.18970941,-0.057516165,-0.03419589,0.0,0.0,-0.03131862,-0.10920243,0.030756552,0.15386637,-0.0077778576,0.020836022,0.22594467,-0.14626285,0.002947772,-0.034819923,0.18650404,0.0,-0.10568985,0.0,0.048607774,-0.07317928,0.21569347,-0.24688789,-0.020150308,0.03697897,0.4410162,0.02483925,0.5563671,0.35563016,0.07837634,0.36299458,0.0,0.0023730155,0.011464402,-0.14277986,0.7938508,0.10207106,-0.017440012,-0.007013416,0.13672772,-0.0065627145
0.0,-0.0057574874,0.0,0.5077758,0.33332714,0.0,0.082974434,0.20307684,-0.056813676,0.0,0.0,0.105558276,0.0,-0.13378726,-0.06087824,0.0,0.0,0.032167852,-0.057795133,-0.11451052,0.05679083,0.2078253,0.39698192,0.6064715,0.0,0.0,0.0,-0.0048830016,0.0,0.08706261,0.10244571,-0.4877357,0.0,-0.056432128,0.07538107,-0.065412715,0.011929899,-0.27627727,-0.0099490285,-0.089779384,-0.3369522,-0.044129968,-0.017659215,0.0,0.0,-0.07942094,0.016376223,0.16920593,0.046684258,0.024575535,-0.030113949,0.32297042,0.15000762,-0.0021407288,0.038369432,0.3584409,0.0,-0.08525912,0.0,0.057383664,0.09082464,0.18725178,-0.20326772,-0.009080026,-0.03858506,-0.07592533,0.03833711,0.6804058,-0.18830249,0.021588756,0.3772522,0.0,-0.10541019,-0.0125571545,0.4075529,0.92494214,0.09645623,0.04452329,-0.012031175,0.2446952,-0.012050649
0.0,-0.02590413,0.0,-0.2841701,-0.15778823,0.0,0.056942377,0.0378351,-0.11890078,0.0,0.0,-0.31439847,0.0,-0.2171139,-0.011598952,0.0,0.0,0.040478237,0.14280239,0.11759933,0.057385117,0.093300074,-0.55404896,-0.26830402,0.0,0.0,0.0,-0.01743799,0.0,0.08566924,0.045670673,0.7037292,0.0,-0.06126851,0.041835457,-0.075611055,-0.058745757,-0.028751146,-0.036915332,-0.059833705,0.15326053,0.053300224,-0.03419589,0.0,0.0,-0.056192316,-0.10920243,0.20361412,0.020248327,0.041532192,0.020836022,-0.5245002,0.15000762,-0.4080273,0.038369432,-0.22208768,0.0,-0.20534739,0.0,0.052053783,-0.4522608,-0.23637806,-0.6250658,0.04384721,-0.025500897,0.05477622,-0.09386016,-0.12991631,-0.41613898,0.027089914,0.24424984,0.0,-0.033901077,0.009196964,-0.20048523,-0.34961453,-0.099174276,-0.04484333,-0.042395208,-0.48318136,-0.0065627145
0.0,0.018696003,0.0,0.21449074,-0.081490695,0.0,-0.024237413,0.55331373,-0.011013884,0.0,0.0,0.14623384,0.0,-0.079158455,0.010603668,0.0,0.0,0.38682398,-0.053355515,-0.17188102,-0.06816982,-0.12513836,-0.004597321,0.64835477,0.0,0.0,0.0,-0.011677239,0.0,-0.04539974,-0.17466867,0.9176735,0.0,0.11047663,-0.10203657,0.15354666,0.025800725,0.15601881,0.015591089,0.057957444,0.18873526,0.1021591,0.007983163,0.0,0.0,0.011501454,0.016376223,-0.082766816,-0.028542342,0.025225762,-0.030113949,-0.38310084,-0.14626285,0.04214276,0.038369432,-0.17637844,0.0,-0.11601314,0.0,0.052053783,-0.25248727,0.17123447,-0.35294655,-0.011571269,0.03697897,0.08261294,-0.06081355,-0.23792362,0.33507365,0.03852278,0.28452203,0.0,0.032673795,-0.007317054,-0.18591164,0.6949632,0.110396594,0.017315546,-0.0061646886,0.44926226,0.06360421
0.0,0.018696003,0.0,0.28746617,-0.081490695,0.0,-0.024237413,0.47538358,0.0013775267,0.0,0.0,-0.37291786,0.0,0.28200817,0.010603668,0.0,0.0,0.36100373,-0.053355515,-0.17188102,-0.06816982,-0.09142366,0.053758435,0.7084732,0.0,0.0,0.0,0.009086503,0.0,-0.04539974,0.108839646,0.88307965,0.0,0.11047663,0.085245594,0.15354666,0.024423033,0.15601881,0.015591089,0.057957444,0.13287815,0.05441336,-0.0049322583,0.0,0.0,0.011501454,0.016376223,0.13429388,-0.019404331,0.025225762,-0.030113949,-0.3069006,-0.14626285,0.016968608,0.038369432,-0.16948998,0.0,-0.12802733,0.0,0.052053783,0.06696553,0.13308978,-0.20312636,-0.011571269,0.03697897,0.08123525,-0.06081355,-0.23792362,0.2440018,0.0012683757,0.28452203,0.0,0.032673795,-0.007317054,-0.12233849,0.7131444,0.109372616,0.017315546,-0.0061646886,0.4722364,0.068615995
0.0,0.023597678,0.0,0.32379138,-0.29708335,0.0,0.0632123,-0.60821444,-0.11433271,0.0,0.0,0.099068604,0.0,-0.19016105,-0.05453554,0.0,0.0,0.28915483,0.019543279,0.11184305,0.1671788,0.09549345,-0.42432362,-0.7392518,0.0,0.0,0.0,-0.0048830016,0.0,-0.05132007,0.063985504,-0.822001,0.0,-0.05215375,0.0031212596,0.090903,-0.005581757,-0.44738603,-0.0600269,-0.10111272,-0.2916571,-0.02630035,0.019001905,0.0,0.0,-0.056192316,0.012220484,-0.15726654,0.059307754,-0.09017888,-0.030113949,-0.36089906,-0.14626285,-0.0021407288,0.014752143,-0.21761453,0.0,0.10878414,0.0,-0.29179853,-0.47853833,0.13694732,-0.34765458,-0.020150308,-0.078438014,-0.0840985,0.02483925,-0.38363245,-0.39012042,0.027089914,0.3820964,0.0,-0.10541019,-0.007317054,0.38350493,0.7328175,-0.021198854,0.04452329,-0.012031175,0.21128714,-0.013675782
0.0,-0.018007807,0.0,-0.23214713,0.023475941,0.0,0.013882616,-0.51235116,0.045234703,0.0,0.0,0.12761903,0.0,-0.0672373,0.019899208,0.0,0.0,-0.2054934,-0.07177936,-0.16715516,-0.09546392,-0.2740186,0.20523599,0.6229657,0.0,0.0,0.0,0.0024566827,0.0,-0.11025086,-0.20581782,-0.4863777,0.0,-0.02919596,0.17642684,-0.043472253,0.01755929,0.15297703,-0.017328054,-0.024036152,0.18970941,0.1021591,0.10557337,0.0,0.0,-0.022883995,0.006379824,0.013497239,0.24909537,-0.003989476,0.020836022,0.13825583,-0.14626285,0.002947772,-0.01338744,0.08545816,0.0,0.2038913,0.0,0.14003786,-0.19377558,0.12695822,-0.38186994,-0.020150308,0.03697897,0.13761058,0.03833711,-0.29038805,0.4628531,-0.021870758,0.4094263,0.0,-0.005174185,0.032791603,0.4438875,0.83333516,0.07576937,0.017315546,-0.0143686645,0.140513,-0.036360655
0.0,0.023597678,0.0,0.42615575,0.24030602,0.0,0.057831164,-0.3182803,0.035623133,0.0,0.0,-0.13249962,0.0,-0.13401234,-0.073428124,0.0,0.0,0.24294154,-0.049887188,-0.104594335,0.11875427,0.15508881,-0.30640265,1.0058779,0.0,0.0,0.0,-0.005730729,0.0,-0.029980697,-0.3262253,0.8838871,0.0,-0.048759144,0.07253006,0.090903,0.035429418,0.042982534,0.083820455,-0.106619425,-0.2764276,0.04631973,-0.017659215,0.0,0.0,-0.022883995,0.006379824,-0.0054157134,0.05033601,0.0144730965,-0.030113949,0.36719576,-0.14626285,0.016968608,0.014752143,0.3089939,0.0,0.08401639,0.0,-0.16252959,-0.0122499615,0.15741725,-0.23857422,-0.013259488,0.014352061,0.0044449028,0.03833711,0.35995665,0.14609116,-0.0002137553,0.0055401437,0.0,-0.048189748,-0.007317054,0.36755377,0.41261333,0.08769263,0.04452329,-0.006574023,0.46940207,-0.012050649
0.0,0.0010193735,0.0,0.349093,0.22553173,0.0,0.013882616,0.5865521,0.052079268,0.0,0.0,0.24781238,0.0,-0.13362813,-0.06557006,0.0,0.0,0.38829693,-0.049887188,-0.22150472,-0.06816982,-0.19613613,-0.28737435,0.6296549,0.0,0.0,0.0,0.003799649,0.0,-0.05132007,0.12315903,-0.54205596,0.0,0.008272656,0.11134146,0.10877744,0.06766346,0.31592423,0.0024948213,-0.057490937,0.22112805,-0.05191552,0.007983163,0.0,0.0,-0.022883995,0.016376223,0.1646257,-0.0348315,0.06500323,-0.030113949,0.40883183,-0.14626285,-0.0021407288,0.038369432,0.42641214,0.0,0.09803069,0.0,-0.023739308,0.13112615,0.17842364,-0.15903075,-0.011571269,0.00081730634,0.14196506,-0.09386016,-0.31718966,0.18255505,-0.045812294,0.3943728,0.0,0.032673795,-0.0125571545,0.44254598,0.83192784,0.07264604,0.017315546,-0.0061646886,0.25067222,0.03924096
0.0,-0.02590413,0.0,-0.19302697,0.3553435,0.0,0.060359623,-0.27875158,-0.095122024,0.0,0.0,0.13945809,0.0,-0.16564481,-0.06349979,0.0,0.0,0.2204421,0.12650312,0.17804277,0.06167955,0.11796249,0.78583145,-0.22671507,0.0,0.0,0.0,-0.0031571304,0.0,-0.05132007,0.056288835,0.49453577,0.0,-0.03533871,0.03965021,-0.07978654,0.0053063324,-0.09874772,0.080304444,-0.04144579,0.24053629,0.053300224,-0.03419589,0.0,0.0,-0.13728666,0.05786886,0.2831252,0.19156612,0.07898313,0.020836022,0.4687695,0.15000762,0.02382337,-0.01338744,0.30619302,0.0,-0.14574903,0.0,0.052053783,-0.4418105,0.12629583,-0.39970258,-0.013259488,0.014352061,-0.07235699,-0.09386016,-0.15904042,-0.36025202,-0.017414577,0.09114838,0.0,0.13501294,0.009196964,-0.13249654,-0.13810882,0.19902863,0.04452329,-0.013770258,0.20593269,-0.0065627145
0.0,0.018696003,0.0,0.27284038,-0.041100256,0.0,-0.05531069,0.4265545,-0.003611248,0.0,0.0,-0.30506772,0.0,-0.20086063,0.061488625,0.0,0.0,-0.14448638,-0.0514832,0.17804277,-0.02189769,0.1933428,-0.06589628,-0.28786662,0.0,0.0,0.0,-0.0048830016,0.0,0.23315975,0.06922138,-0.6409919,0.0,0.074062005,-0.21388334,0.15354666,0.05384741,0.09474281,0.018482031,0.06861995,-0.23554352,0.05441336,0.007983163,0.0,0.0,0.015037408,0.006600863,-0.062493168,-0.03602907,0.07898313,-0.030113949,0.23687929,-0.14626285,0.023033425,0.038369432,0.045546073,0.0,0.2288623,0.0,0.14419173,0.6852513,0.19735678,-0.21001792,-0.011571269,0.03697897,0.16442516,0.02483925,-0.22401929,0.20990759,0.046281338,0.27251583,0.0,0.034831934,-0.007317054,-0.16187713,0.6465949,0.15746,-0.017440012,0.024577178,0.23102732,0.06360421
0.0,0.023597678,0.0,0.4701207,0.24446568,0.0,0.062638745,-0.55299765,-0.07884371,0.0,0.0,0.104498856,0.0,-0.018363792,0.030680645,0.0,0.0,0.29630402,0.039205566,0.09291781,0.1671788,0.20815074,-0.021392211,0.8228984,0.0,0.0,0.0,-0.011677239,0.0,-0.032607082,0.061652713,0.61400807,0.0,0.03041703,-0.1463103,0.090903,-0.0061513875,0.043933608,0.021156188,0.118286386,-0.29004252,-0.09784387,0.02858253,0.0,0.0,0.011501454,0.016376223,0.16575202,0.08406474,-0.013496511,-0.030113949,-0.22207928,-0.14626285,0.008368582,0.014752143,0.3381684,0.0,0.094585,0.0,-0.16252959,-0.2686581,0.14160961,-0.28328755,-0.020150308,-0.03858506,-0.030280888,0.02483925,0.39108625,0.021107923,0.0012683757,0.458394,0.0,0.026653565,-0.007317054,0.38350493,0.61084664,0.09175497,0.04452329,-0.012031175,0.46907145,-0.01505841
0.0,-0.0331007,0.0,-0.13958012,-0.07438561,0.0,-0.031436782,0.35450238,0.18151352,0.0,0.0,0.28385833,0.0,-0.19673167,0.011386582,0.0,0.0,0.3294144,0.30345765,0.14446476,0.042718932,-0.20961618,0.11096672,0.73264766,0.0,0.0,0.0,0.009086503,0.0,-0.024731858,0.048187997,1.1057144,0.0,-0.023970436,0.105548486,0.14111362,-0.011712007,-0.09164397,0.10444656,0.045677155,0.18873526,0.023467993,-0.012154197,0.0,0.0,-0.028823538,0.016376223,0.16920593,0.061182264,-0.018543469,0.020836022,-0.43334866,0.15000762,-0.4080273,0.038369432,0.10023326,0.0,0.27218392,0.0,0.11080593,-0.14370726,-0.15326712,1.4229046,0.06402972,-0.030629203,-0.050291225,0.01374558,-0.1407822,-0.20735927,-0.022915736,-0.07572839,0.0,0.0030338066,0.009196964,-0.1762738,-0.5758171,-0.14684711,-0.01650167,-0.0063699386,0.2206074,-0.008061543
0.0,0.023597678,0.0,0.47672606,0.19259319,0.0,0.057831164,-0.27283803,0.03657829,0.0,0.0,-0.13804823,0.0,-0.13401234,0.033449646,0.0,0.0,0.14402305,-0.051510498,-0.104594335,0.11875427,0.18194535,-0.2560179,0.9750117,0.0,0.0,0.0,0.0044592978,0.0,-0.042697307,-0.34116998,0.6197127,0.0,0.02808692,0.036010694,0.090903,-0.009562788,-0.1556418,0.083820455,0.16657531,-0.24264577,0.05441336,0.019001905,0.0,0.0,0.009395145,0.006379824,-0.003144756,0.06696805,0.0144730965,-0.030113949,0.24724752,-0.14626285,0.008368582,0.014752143,0.37785253,0.0,0.10544733,0.0,-0.16252959,-0.073790886,0.16281904,-0.19059415,-0.009080026,0.00081730634,0.15873523,-0.051291317,0.48464397,-0.045495816,0.03852278,0.34968558,0.0,0.026653565,-0.007317054,0.36755377,0.38566178,0.10774179,0.017315546,-0.012031175,0.4629423,-0.013675782
0.0,-0.014048524,0.0,-0.10266894,0.26983705,0.0,0.013882616,0.5069025,0.053498678,0.0,0.0,-0.3656772,0.0,-0.18973279,0.1382832,0.0,0.0,-0.16857205,-0.06674506,-0.07111617,-0.052047092,0.17047253,0.5226586,-0.14573404,0.0,0.0,0.0,0.0024566827,0.0,0.19743186,0.17372112,-0.3284142,0.0,0.074062005,0.11026855,-0.07056351,0.01660426,0.09008099,-0.0784294,-0.064490765,0.14897536,0.05441336,0.030286046,0.0,0.0,0.09342499,0.012220484,-0.0862016,0.07846699,0.024575535,-0.030113949,0.22713658,-0.14626285,0.002947772,0.038369432,-0.14120595,0.0,0.2288623,0.0,0.16217098,-0.0022071153,0.17793868,-0.2108505,-0.020150308,0.00081730634,0.16011256,0.03833711,0.5496801,0.16043627,0.07837634,0.39644137,0.0,-0.0033476287,-0.04477231,0.40313882,0.91546786,0.10723919,0.017315546,-0.012588564,0.14764163,0.09300686
0.0,0.020720994,0.0,-0.3749915,-0.18515432,0.0,0.031239718,-0.6959409,-0.058478966,0.0,0.0,0.076892234,0.0,0.046499074,0.018281346,0.0,0.0,0.2495444,-0.065131545,-0.16715516,-0.18332052,-0.21970853,0.008758552,0.06879811,0.0,0.0,0.0,0.003799649,0.0,-0.04539974,-0.18448143,-0.66763616,0.0,0.04335382,-0.29878452,0.04565864,-0.0050636926,0.23294264,-0.037603214,0.044390064,-0.25787523,-0.09784387,0.024823133,0.0,0.0,0.030845208,0.012220484,-0.15726654,-0.11706748,-0.042512685,-0.030113949,-0.45594716,-0.14626285,0.002947772,-0.01338744,-0.12093623,0.0,0.062579915,0.0,-0.25425476,-0.40580204,0.12424279,-0.51935166,-0.04571051,0.0016447734,0.14769629,-0.06081355,-0.19976455,0.09160707,-0.045899224,-0.3743465,0.0,-0.033901077,-0.007317054,0.30650118,0.6133048,0.082854755,0.017315546,-0.042395208,0.1295991,-0.08338529
0.0,-0.01977582,0.0,-0.2833934,0.38338348,0.0,0.013882616,0.15690857,-0.038557567,0.0,0.0,0.20006095,0.0,-0.03854092,-0.055509593,0.0,0.0,0.36242133,-0.06547215,0.17804277,-0.116322085,-0.11142744,-0.4142354,-0.46188137,0.0,0.0,0.0,0.003799649,0.0,-0.05132007,0.11117244,-0.4801834,0.0,0.06722671,0.13595665,0.04565864,0.008628681,0.14120413,-0.0131633505,-0.1241591,-0.07882162,-0.044129968,0.10557337,0.0,0.0,0.14584307,0.05786886,0.27131662,0.17419583,0.13788632,-0.030113949,-0.27670988,-0.14626285,0.0047140345,0.038369432,0.33492267,0.0,-0.0657262,0.0,0.055887382,0.06740131,0.18683179,-0.37194258,-0.020150308,-0.03858506,-0.08475252,0.03833711,-0.21492028,-0.23447353,0.042978957,0.56749034,0.0,-0.06633721,-0.0125571545,0.4640643,1.15846,0.07765308,0.04452329,-0.042395208,0.12569498,0.0054901857
0.0,-0.121848695,0.0,-0.27828407,-0.09559719,0.0,-0.030411977,0.32541934,-0.014870097,0.0,0.0,0.10920544,0.0,-0.31101692,-0.12183343,0.0,0.0,0.43364236,-0.101829246,0.11184305,0.03402875,0.093300074,-0.63408947,-0.19446617,0.0,0.0,0.0,-0.00655496,0.0,-0.042416837,0.04132563,-0.8065593,0.0,-0.040414482,0.04968133,-0.16305211,-0.045476317,0.21622817,-0.095183924,-0.09657451,0.1409088,0.028908521,-0.012348633,0.0,0.0,-0.014170495,0.0060259434,-0.06490922,-0.024773883,-0.09017888,0.020836022,0.2455014,0.15000762,0.0152083635,-0.034819923,-0.25961468,0.0,-0.24909665,0.0,0.040801097,-0.40197042,-0.2649524,0.036173988,-0.043515738,0.013440128,-0.16343519,0.01374558,-0.24675685,-0.36203817,-0.017414577,-0.5148202,0.0,-0.0033476287,0.032791603,-0.22498488,-1.1435574,-0.15155117,-0.04484333,-0.012588564,-0.09497097,0.016786756
0.0,0.044382248,0.0,-0.11411707,-0.15626784,0.0,-0.011124631,0.545364,-0.0134004615,0.0,0.0,0.21165912,0.0,0.121122435,0.0925927,0.0,0.0,0.2356447,-0.065131545,-0.047314674,-0.116322085,-0.13902555,0.11020461,-0.14570014,0.0,0.0,0.0,0.0024566827,0.0,-0.032607082,0.17372112,-0.29668784,0.0,0.06441507,0.018041559,0.09042786,0.083041854,0.28433937,-0.0017931256,-0.064490765,0.18970941,0.05441336,0.030286046,0.0,0.0,0.026896134,-0.10920243,0.08372287,0.056009177,0.011892589,-0.030113949,0.24932095,0.15000762,0.002947772,0.038369432,0.11421004,0.0,0.22433114,0.0,0.14419173,0.08119578,0.2414441,-0.21640392,-0.020150308,0.03697897,0.17339872,0.02483925,0.60221833,0.19969705,0.07837634,0.4649665,0.0,-0.0033476287,0.011464402,-0.100996256,0.7982328,0.0820128,0.017315546,-0.012588564,0.14764163,0.09300686
0.0,0.07960291,0.0,-0.12912491,-0.18030019,0.0,-0.011124631,0.7419545,0.050300673,0.0,0.0,0.21165912,0.0,0.102645755,0.1382832,0.0,0.0,0.27438486,-0.065131545,0.0546638,-0.06816982,0.14581013,0.121681795,-0.15217353,0.0,0.0,0.0,0.003799649,0.0,-0.032607082,0.17372112,-0.38460433,0.0,0.06441507,0.07847895,0.15354666,0.16484311,0.23358878,0.015591089,-0.064490765,0.18970941,0.04631973,-0.0060230317,0.0,0.0,0.0107032005,0.012220484,-0.0862016,-0.09323594,-0.018041272,-0.030113949,0.33559528,0.15000762,0.0047140345,0.038369432,0.11417499,0.0,0.22929373,0.0,0.14419173,0.14014095,0.2414441,-0.24109852,-0.03233392,-0.078438014,-0.07692022,0.02483925,0.51418227,0.29846844,0.07837634,0.38270196,0.0,-0.0033476287,-0.015653022,-0.100996256,0.92385185,-0.045020737,0.04452329,-0.012588564,0.14111394,0.21842262
0.0,0.017404808,0.0,-0.12592627,0.2903755,0.0,0.013882616,0.58931416,0.05030504,0.0,0.0,0.12339035,0.0,0.09344447,0.0925927,0.0,0.0,0.29416588,-0.06865863,-0.07111617,-0.065584704,-0.14597985,-0.39687347,-0.41584623,0.0,0.0,0.0,0.0024566827,0.0,-0.03852741,0.16602445,-0.41231135,0.0,0.025073098,0.13595665,0.03111925,0.13218601,0.25016508,0.0024948213,-0.13932508,0.18970941,0.04631973,-0.018711705,0.0,0.0,-0.03131862,0.05786886,0.27131662,0.041705932,0.024575535,-0.030113949,-0.29413342,-0.14626285,0.0047140345,0.038369432,0.3246254,0.0,-0.07265413,0.0,0.055887382,0.079677954,0.21569347,-0.22511162,-0.020150308,0.014352061,-0.09177891,0.03833711,0.518806,0.24468675,0.07837634,0.5434501,0.0,-0.035783768,-0.0125571545,0.4956031,1.0659121,0.07663467,-0.04484333,-0.012588564,0.14663066,0.18057482
0.0,-0.014213338,0.0,0.4205702,0.12315306,0.0,-0.030547993,0.17862684,0.043153517,0.0,0.0,-0.3034151,0.0,-0.18865542,-0.09594035,0.0,0.0,-0.22439931,-0.11942636,-0.15972118,0.030396162,0.1584943,0.5234267,0.6474005,0.0,0.0,0.0,-0.06983863,0.0,0.28000194,0.107416645,0.8684453,0.0,0.022967296,0.06645065,-0.09047754,0.029294655,0.0144310575,-0.020776317,0.038933486,0.084077545,-0.042589966,-0.004434967,0.0,0.0,-0.07942094,0.007495982,0.12031349,0.11799784,-0.01649787,0.020836022,0.13512169,0.15000762,0.016968608,-0.034819923,0.024991184,0.0,0.4605668,0.0,0.14419173,0.024548735,-0.042484444,0.47827277,-0.028249709,-0.0296431,-0.055454813,0.03833711,-0.21732172,-0.137116,0.037477802,-0.498679,0.0,0.034938894,0.032791603,-0.11362349,-0.21617219,-0.08210047,-0.01650167,-0.0039591435,-0.16792053,0.015706094
0.0,-0.014213338,0.0,0.3504997,0.12315306,0.0,-0.030547993,0.17862684,0.043153517,0.0,0.0,-0.3034151,0.0,-0.18865542,-0.09594035,0.0,0.0,-0.22439931,-0.10642523,-0.15972118,0.030396162,0.1831567,0.5234267,0.6474005,0.0,0.0,0.0,0.05434408,0.0,0.28000194,0.107416645,0.8651945,0.0,0.022967296,0.06645065,-0.09047754,0.029294655,0.0144310575,-0.020776317,0.038933486,0.084077545,-0.042589966,-0.0054838927,0.0,0.0,-0.07942094,0.007495982,0.12031349,0.08071359,-0.0078789145,0.020836022,0.13512169,0.15000762,0.016968608,-0.034819923,0.14933379,0.0,0.33881235,0.0,0.14419173,0.024548735,-0.042484444,0.49244642,-0.028249709,-0.0296431,-0.050173074,0.03833711,-0.20878607,-0.137116,0.037477802,-0.5374102,0.0,0.034938894,0.032791603,-0.11362349,-0.21141547,0.11627978,-0.01650167,-0.0039591435,-0.0965325,0.019467808
0.0,-0.014213338,0.0,0.0050336756,0.12315306,0.0,-0.030547993,0.17862684,0.043153517,0.0,0.0,-0.3034151,0.0,-0.19490482,-0.3935236,0.0,0.0,-0.2992991,-0.13154835,-0.116326824,0.030396162,0.093300074,0.6402456,-0.3731206,0.0,0.0,0.0,-0.06983863,0.0,0.21292114,0.07139615,0.66346484,0.0,-0.002334088,0.041575447,-0.06913285,0.010115746,0.0144310575,-0.020776317,0.038933486,0.084077545,-0.019381836,-0.004434967,0.0,0.0,-0.119056866,0.015077618,0.0727168,0.04591535,-0.01649787,0.020836022,0.03633035,0.15000762,-0.065894365,-0.034819923,-0.23335542,0.0,-0.27314943,0.0,0.040801097,-0.14614016,-0.18674165,0.4776074,-0.043515738,-0.0296431,-0.078630775,0.01374558,-0.21732172,-0.20361258,0.042978957,-0.69002306,0.0,0.009751306,0.032791603,-0.26326072,-0.59343576,-0.06568884,-0.01650167,-0.0039591435,-1.5347736,0.015706094
0.0,-0.014213338,0.0,0.3490227,0.106507726,0.0,-0.030547993,0.16879702,0.043153517,0.0,0.0,-0.2971218,0.0,-0.18865542,-0.09594035,0.0,0.0,-0.20403819,-0.20518778,-0.15972118,0.027417183,0.1584943,0.4609714,0.678504,0.0,0.0,0.0,-0.06983863,0.0,0.13501525,0.107416645,0.8946675,0.0,0.022967296,0.06645065,-0.09047754,-0.03399961,0.0144310575,-0.019315436,0.03480333,0.084077545,-0.042589966,-0.004434967,0.0,0.0,-0.07942094,0.007495982,0.12031349,0.064424895,-0.01649787,0.020836022,0.13500822,0.15000762,0.04214276,-0.034819923,-0.07754066,0.0,0.40639535,0.0,0.14419173,0.024548735,-0.0364083,0.9084506,0.13641712,0.026713694,0.035360843,0.03833711,-0.18827522,-0.13646701,0.037477802,-0.41993898,0.0,0.035990402,0.032791603,-0.13226116,-0.22399539,-0.0017794222,-0.01650167,0.015784185,-0.20252734,0.015706094
0.0,0.0026348662,0.0,0.039629757,0.15607843,0.0,-0.030547993,0.22025576,0.01895348,0.0,0.0,-0.3034151,0.0,-0.18865542,-0.3078209,0.0,0.0,-0.335709,0.04310269,-0.15972118,0.03402875,-0.27515885,-0.41645303,0.35513425,0.0,0.0,0.0,0.013569161,0.0,-0.1399617,-0.3117969,0.7567815,0.0,-0.048317358,0.067523554,-0.1843968,-0.05935754,0.0144310575,-0.020776317,0.08722241,0.084077545,-0.042589966,-0.008804493,0.0,0.0,0.037798252,0.007495982,-0.11605007,-0.18014202,-0.01649787,0.020836022,0.12765937,0.15000762,-0.065894365,-0.034819923,0.0880244,0.0,0.1222748,0.0,0.05918518,-0.24867749,-0.17237474,-0.5076796,-0.028249709,-0.0296431,-0.105295636,-0.09386016,-0.2521797,-0.15418419,0.019381728,-0.73147506,0.0,0.0074862065,0.032791603,-0.21782862,-0.2948362,0.06617887,-0.04484333,-0.0061646886,-1.6139987,0.030824337
0.0,-0.01259096,0.0,0.039629757,0.15607843,0.0,-0.030547993,0.22025576,0.01895348,0.0,0.0,-0.3034151,0.0,-0.18865542,-0.3078209,0.0,0.0,-0.335709,0.04310269,-0.15972118,0.03402875,-0.27515885,-0.40640268,0.35513425,0.0,0.0,0.0,0.013569161,0.0,-0.1399617,-0.3007656,0.6066411,0.0,-0.048317358,0.09213875,-0.1843968,0.07460147,0.0144310575,-0.020776317,0.08722241,0.084077545,-0.042589966,-0.008804493,0.0,0.0,0.037798252,0.007495982,-0.11605007,-0.18014202,-0.01649787,0.020836022,0.09634362,0.15000762,-0.065894365,-0.034819923,0.09029984,0.0,0.1333061,0.0,0.05918518,-0.26623547,-0.17237474,-0.4180432,-0.028249709,-0.0296431,-0.09854021,0.03833711,-0.2521797,-0.15418419,0.019381728,-0.73147506,0.0,0.0074862065,-0.04477231,-0.21782862,-0.27365586,0.06617887,-0.04484333,-0.0061646886,-1.6139987,0.030824337
0.0,-0.01259096,0.0,0.106839865,0.12315306,0.0,-0.030547993,0.20823073,0.01785142,0.0,0.0,-0.3034151,0.0,-0.18865542,-0.3078209,0.0,0.0,-0.3378057,0.05512311,-0.15972118,0.030396162,-0.30981174,0.30029982,0.3216982,0.0,0.0,0.0,0.013569161,0.0,-0.1399617,-0.3117969,0.6610254,0.0,-0.02516381,0.06533831,-0.09047754,-0.05298218,-0.08200413,-0.020776317,0.038933486,0.084077545,-0.042589966,-0.008804493,0.0,0.0,-0.016850082,0.007495982,-0.11605007,-0.18014202,-0.01649787,0.020836022,0.06597471,0.15000762,0.100207075,0.038369432,-0.09302241,0.0,0.26796407,0.0,0.122058615,-0.26623547,-0.17237474,-0.38629454,-0.028249709,-0.0296431,-0.10310762,-0.09386016,-0.2649244,-0.15284146,-0.025122762,-0.60851306,0.0,0.009644346,-0.04477231,-0.16847758,-0.179207,0.07305876,-0.04484333,0.024577178,-1.5076782,0.030824337
0.0,-0.01259096,0.0,0.029063256,0.15607843,0.0,-0.030547993,0.22025576,0.01895348,0.0,0.0,-0.3034151,0.0,-0.18865542,-0.3078209,0.0,0.0,-0.3378057,0.05512311,-0.15972118,0.03402875,-0.27996174,-0.42630515,0.32403076,0.0,0.0,0.0,0.013569161,0.0,-0.1399617,-0.3007656,0.7257782,0.0,-0.05109361,0.067523554,-0.1843968,-0.058745757,0.0144310575,-0.020776317,0.08722241,0.084077545,-0.042589966,-0.0066194506,0.0,0.0,0.037798252,0.007495982,-0.11605007,-0.17695072,-0.0078789145,0.020836022,-0.05182206,0.15000762,-0.065894365,-0.034819923,0.053666625,0.0,0.31389645,0.0,0.122058615,-0.24867749,-0.17237474,-0.5060192,-0.043515738,-0.0296431,-0.10985868,-0.09386016,-0.25182042,-0.15418419,0.019381728,-0.658151,0.0,0.0074862065,-0.04477231,-0.19919096,-0.32065338,-0.023772279,-0.04484333,-0.0061646886,-1.6139987,0.020257832
0.0,-0.020435836,0.0,0.0047342028,0.13943309,0.0,-0.030547993,0.22367853,0.043282665,0.0,0.0,-0.3056081,0.0,-0.15580077,0.28258646,0.0,0.0,-0.24905334,0.13689856,0.14446476,0.031049771,-0.20961618,0.17088929,0.52959734,0.0,0.0,0.0,0.05434408,0.0,-0.021470264,0.07510053,0.9371096,0.0,-0.05109361,0.10824983,-0.13131335,0.09097607,-0.16663523,-0.019315436,0.03480333,0.084077545,-0.042589966,-0.004434967,0.0,0.0,0.037798252,0.007495982,-0.11605007,0.10078522,-0.027162427,0.020836022,0.1797381,0.15000762,0.100207075,-0.034819923,-0.11204741,0.0,0.32969677,0.0,0.14003786,0.018714648,-0.13664635,1.2312694,0.13641712,0.026713694,0.020078095,-0.09386016,-0.17883661,-0.12356925,0.019381728,-0.4084474,0.0,0.009751306,0.032791603,0.529139,0.32301188,0.016019713,-0.01650167,-0.0039591435,-0.83814687,0.015706094
0.0,-0.014213338,0.0,0.015661828,0.13943309,0.0,-0.030547993,0.1786856,0.042051457,0.0,0.0,-0.2971218,0.0,-0.16869925,0.28258646,0.0,0.0,-0.24905334,0.13689856,0.14446476,0.031049771,-0.23946619,0.1643705,0.5303648,0.0,0.0,0.0,0.05434408,0.0,-0.021470264,0.07970684,1.0269576,0.0,-0.05109361,0.1058085,-0.13131335,0.09097607,-0.08200413,-0.019315436,0.03480333,0.084077545,-0.042589966,-0.0054838927,0.0,0.0,0.037798252,0.007495982,-0.11605007,0.099223144,-0.027162427,0.020836022,0.1797381,0.15000762,0.100207075,-0.034819923,-0.10082791,0.0,0.24062423,0.0,0.14003786,0.017948154,-0.13664635,1.2967649,0.13641712,0.026713694,0.06281647,-0.09386016,-0.16909319,-0.11831395,0.0063293036,-0.4084474,0.0,0.010802815,0.032791603,0.529139,-0.13604483,0.118272886,-0.01650167,0.015784185,-0.86239076,0.019467808
0.0,0.062434565,0.0,0.15529872,0.22911832,0.0,0.057831164,0.11709439,0.18273327,0.0,0.0,-0.3000846,0.0,-0.12695314,0.005174581,0.0,0.0,0.29539812,0.12754644,0.11759933,0.057938308,0.0899333,-0.35464522,-0.42955953,0.0,0.0,0.0,-0.005730729,0.0,-0.031008702,0.051176034,1.1145273,0.0,-0.050467785,0.041863646,-0.09711909,-0.056359287,-0.18337883,-0.0065501723,-0.03556408,0.15326053,0.047859695,-0.00654299,0.0,0.0,-0.056192316,0.05786886,0.19928946,0.014124706,0.041532192,0.020836022,0.34629667,0.15000762,0.04214276,-0.034819923,0.33172587,0.0,-0.086429715,0.0,0.057383664,-0.33210573,0.06972922,1.1156015,0.13641712,0.026713694,0.027976708,0.020949898,-0.13673899,-0.21860789,-0.0091796275,-0.064278916,0.0,-0.099385925,0.011464402,0.48735538,0.3663829,-0.0288761,0.0163839,-0.006160754,0.32639223,-0.006140234
0.0,-0.0016818773,0.0,-0.17486519,-0.06258799,0.0,-0.03821034,0.17626756,-0.02663102,0.0,0.0,-0.2971218,0.0,-0.2891378,0.15334298,0.0,0.0,-0.28016207,-0.4692201,0.102788195,0.031049771,0.093300074,-0.41452047,-0.64480823,0.0,0.0,0.0,-0.06983863,0.0,0.056158975,0.045670673,0.95190275,0.0,-0.054497346,0.035741277,-0.16305211,-0.06334755,0.093583,-0.024164334,0.08113487,0.084077545,0.028908521,0.010995785,0.0,0.0,-0.014170495,0.0060259434,-0.12003163,0.0981332,-0.027162427,0.020836022,-0.58461237,0.15000762,0.028650936,-0.034819923,-0.20186426,0.0,-0.23806506,0.0,0.040801097,-0.47591087,-0.28250593,0.95329773,0.06402972,0.022307917,0.08291419,-0.03365309,-0.14164914,-0.35383266,-0.017414577,-0.35138866,0.0,0.0014759297,0.0053590704,-0.19119757,-0.61988586,-0.27813745,-0.01650167,0.025395455,-0.784603,0.010528786
0.0,-0.0016818773,0.0,-0.09960629,-0.32800466,0.0,-0.041005358,0.1964215,0.006578749,0.0,0.0,-0.2971218,0.0,-0.25447947,-0.253955,0.0,0.0,-0.2837869,-0.4692201,0.11184305,0.031049771,0.08996495,-0.5001017,-0.1592927,0.0,0.0,0.0,-0.013853187,0.0,0.06793444,0.03511338,0.10695668,0.0,-0.08042714,0.041835457,-0.1843968,-0.047040507,0.093583,-0.024164334,0.057495143,0.084077545,0.04631973,0.006658744,0.0,0.0,0.008800917,0.0040626884,-0.053260975,0.002576721,-0.09017888,0.020836022,-0.5446135,0.15000762,0.028650936,-0.034819923,-0.25260872,0.0,-0.23806506,0.0,0.052053783,0.62631327,-0.2892066,0.98986804,0.06402972,0.022307917,0.054152966,-0.09386016,-0.20838973,-0.15009657,0.0015225969,-0.36826232,0.0,-0.0007851939,0.0053590704,-0.20048523,-0.38480556,-0.41735408,-0.01650167,-0.0063699386,-0.78299636,0.039020874
0.0,-0.053254146,0.0,0.079644755,0.18442363,0.0,-0.028019536,0.2509374,-0.006341256,0.0,0.0,-0.35094026,0.0,-0.20795743,-0.11975916,0.0,0.0,-0.2490872,0.11543673,0.11184305,0.042355366,0.093300074,-0.47845563,-0.5057502,0.0,0.0,0.0,-0.013853187,0.0,-0.0969821,0.056288835,0.057073645,0.0,-0.06126851,0.041863646,-0.1843968,-0.089227006,-0.16874284,-0.07521509,-0.03569913,0.15326053,0.053300224,-0.004035013,0.0,0.0,-0.014170495,0.012220484,-0.109908305,0.036565572,-0.09017888,0.020836022,0.17635442,-0.14626285,-0.065894365,-0.034819923,-0.25479805,0.0,-0.16691561,0.0,0.052053783,-0.4936182,0.13746987,-0.4312077,-0.043515738,0.02329402,0.11979171,0.020949898,-0.29362088,-0.35443607,0.027089914,-0.38355455,0.0,-0.009966059,-0.04477231,-0.22339578,0.30607408,0.006564431,-0.04484333,-0.0041606864,-0.99415374,0.04113372
0.0,-0.02590413,0.0,-0.3088137,0.18442363,0.0,-0.028019536,0.10913183,-0.005930852,0.0,0.0,0.12244843,0.0,-0.30568865,-0.089120634,0.0,0.0,-0.1656066,0.13585684,0.11184305,0.04324443,0.093300074,-0.594026,-0.69760513,0.0,0.0,0.0,-0.013853187,0.0,0.28000194,0.04132563,-0.87174416,0.0,-0.03533871,0.042645305,-0.12885787,-0.045476317,-0.14493974,0.028730324,-0.054038815,0.1409088,0.028908521,-0.0060230317,0.0,0.0,-0.014170495,0.0060259434,-0.11808062,0.020507263,-0.09017888,-0.030113949,-0.48367295,0.15000762,0.0047140345,-0.034819923,-0.2547701,0.0,-0.24043179,0.0,0.040801097,-0.4886319,-0.22737245,-0.63432163,-0.043515738,-0.0296431,-0.16420893,0.01374558,-0.24916542,-0.38960487,-0.017414577,-0.61116827,0.0,-0.033901077,0.009196964,-0.23779245,-0.86214525,-0.07710771,-0.04484333,-0.042395208,-0.07659711,0.11137243
0.0,-0.052068137,0.0,0.058239814,-0.03967318,0.0,-0.030547993,0.21583945,-0.022082184,0.0,0.0,0.14036007,0.0,-0.2208559,0.14620264,0.0,0.0,-0.13475788,0.14146364,0.102788195,0.030396162,0.114595704,0.70405227,-0.15278807,0.0,0.0,0.0,-0.06983863,0.0,0.28000194,0.10052269,0.97133243,0.0,-0.025872225,0.0642654,-0.09047754,0.10846315,-0.08697484,-0.07490878,-0.020252625,0.20911765,0.053300224,-0.009069146,0.0,0.0,0.090034336,0.012220484,-0.109908305,0.09378894,-0.027162427,0.020836022,0.2813763,0.15000762,-0.0032111108,-0.034819923,0.30652365,0.0,-0.10768134,0.0,0.039404415,-0.42048264,-0.031507183,0.7477121,-0.028249709,-0.025500897,-0.058135703,0.03833711,-0.1502499,0.23065123,0.017982801,0.019947002,0.0,0.01002646,0.032791603,-0.16123718,-0.21662506,0.1125505,0.0163839,-0.004270306,-0.7097496,0.031729452
0.0,0.0116384085,0.0,0.038390785,0.0716268,0.0,-0.03821034,0.17034951,0.006578749,0.0,0.0,-0.2971218,0.0,-0.19188167,0.26856646,0.0,0.0,-0.25443727,0.15155552,0.14446476,0.031049771,-0.13117294,0.05690624,0.63266563,0.0,0.0,0.0,0.05434408,0.0,-0.021470264,0.032471143,0.8631679,0.0,-0.05180202,0.10189958,-0.16305211,-0.059443854,0.093583,-0.024164334,0.032845948,0.16429679,0.021928031,0.0071782656,0.0,0.0,0.010734953,0.004249966,-0.02560454,0.12615763,-0.027162427,0.020836022,0.3028161,0.15000762,0.100207075,-0.034819923,0.33790123,0.0,-0.09953496,0.0,0.026655447,0.5596346,-0.13664635,1.1602796,0.06402972,0.022307917,0.06204194,-0.03365309,-0.14501074,-0.13095081,0.0061139353,0.024955386,0.0,0.010802815,0.0053590704,-0.19119757,-0.5743063,-0.2898471,-0.01650167,0.015784185,-0.9294878,0.0117375795
0.0,0.010480577,0.0,-0.30952528,-0.10414159,0.0,0.025994603,-0.67071825,0.031135624,0.0,0.0,0.07322159,0.0,0.10661799,0.018281346,0.0,0.0,-0.29374692,-0.09690247,-0.123760805,-0.18332052,-0.18997076,-0.5477101,-0.25428647,0.0,0.0,0.0,0.003799649,0.0,-0.1399617,-0.42411816,-0.9858496,0.0,-0.054497346,-0.07885228,0.09042786,-0.034758605,0.15173304,-0.06831977,0.092678994,-0.25787523,-0.05191552,0.016787617,0.0,0.0,0.0107032005,-0.023060879,-0.10498764,-0.16382232,-0.003989476,-0.030113949,-0.304806,-0.14626285,0.0047140345,0.014752143,0.21700206,0.0,-0.08786541,0.0,-0.13656674,-0.20496377,0.13183607,-0.58506215,-0.014083447,-0.078438014,-0.108210094,0.02483925,-0.38894704,0.19452548,-0.014797219,-0.072680056,0.0,-0.033901077,-0.0125571545,0.13800454,-0.58480996,-0.041328847,-0.04484333,-0.042395208,0.1398293,-0.08219072
0.0,-0.04947297,0.0,0.09102987,0.264906,0.0,-0.053746402,0.30074224,0.041110955,0.0,0.0,0.26578957,0.0,-0.1181024,-0.07014263,0.0,0.0,0.07062279,0.18376237,0.14446476,0.034581944,0.13182634,-0.23670655,0.49265876,0.0,0.0,0.0,-0.011677239,0.0,0.07893299,0.043089304,1.0252707,0.0,0.016824545,0.06670673,-0.05672185,0.042118162,-0.170845,0.04399648,0.10211621,0.18873526,-0.042589966,-0.008688268,0.0,0.0,0.013060581,0.008273571,0.082590654,0.06782207,-0.018543469,0.020836022,0.13073713,0.15000762,0.016968608,-0.034819923,0.028633356,0.0,-0.12289859,0.0,0.07003303,0.42303726,0.10572788,0.78402275,-0.017068796,0.02271565,0.006983554,0.03833711,-0.16622442,-0.096473694,0.02200298,0.26064497,0.0,-0.07827052,-0.04477231,0.44928434,0.59220946,0.2247972,0.0163839,-0.002982734,0.4276753,-0.007610862
0.0,-0.052068137,0.0,-0.18744439,-0.090749234,0.0,-0.030411977,0.18303114,-0.020866133,0.0,0.0,-0.273538,0.0,-0.33709675,-0.08748577,0.0,0.0,-0.33980295,-0.3062433,-0.15430887,-0.004935829,0.11796249,-0.63452977,-0.17401741,0.0,0.0,0.0,-0.0031571304,0.0,-0.1399617,0.045670673,-0.89439654,0.0,-0.054497346,0.04968133,-0.15005182,-0.03906473,0.16157909,0.028948314,-0.027863448,0.100174755,0.028908521,-0.009069146,0.0,0.0,-0.014170495,-0.011371362,0.0015737973,0.004696764,0.00610004,0.020836022,0.4285187,0.15000762,0.0047140345,-0.034819923,-0.022804093,0.0,-0.25197685,0.0,0.040801097,-0.4838877,-0.27086768,0.6221923,-0.028249709,0.013440128,-0.16894618,0.01374558,-0.27826867,-0.3563713,-0.017414577,-0.43538576,0.0,0.0030338066,0.032791603,-0.16985536,-0.97037905,0.19827281,-0.01650167,-0.0063699386,0.095413126,0.031729452
0.0,0.023597678,0.0,0.51281434,-0.034202665,0.0,0.05889093,-0.5573997,0.060749542,0.0,0.0,0.16966352,0.0,0.21876943,-0.049885377,0.0,0.0,0.20873752,0.0476311,0.14446476,0.11875427,-0.16102295,0.09979918,0.6228442,0.0,0.0,0.0,0.009086503,0.0,-0.04539974,0.043089304,0.83794767,0.0,-0.050467785,0.113845274,0.13567221,-0.04816883,0.03958845,0.066821605,-0.16928715,0.24053629,0.04631973,-0.007594453,0.0,0.0,0.010734953,0.008273571,0.07803315,-0.058569156,-0.027162427,-0.030113949,0.36931852,0.15000762,0.016968608,0.014752143,0.2940489,0.0,-0.06808362,0.0,0.037908133,0.6278308,0.15319291,-0.33604228,-0.011571269,-0.078438014,-0.06679941,0.020949898,-0.20731315,-0.1544068,0.0061139353,0.308964,0.0,0.03253045,-0.007317054,-0.16412209,0.5948863,0.12850958,-0.04484333,0.0479655,0.38064522,-0.017300434
0.0,-0.030433958,0.0,0.37148923,0.14980057,0.0,0.062638745,0.39787236,0.01989089,0.0,0.0,0.27065587,0.0,0.115956366,0.006523866,0.0,0.0,0.19231747,0.045918234,0.09291781,0.057836406,0.1831567,0.21323997,0.63256526,0.0,0.0,0.0,-0.011677239,0.0,0.06095726,0.11014238,0.6896146,0.0,-0.023970436,0.07253006,0.07317918,0.011201579,0.05251261,0.04059762,0.08321804,0.13993464,-0.042589966,-0.017659215,0.0,0.0,-0.03622181,0.007495982,0.13246879,0.080479145,-0.010238726,0.020836022,-0.08525356,0.15000762,0.016968608,-0.034819923,0.045026407,0.0,0.23322728,0.0,0.16217098,0.05001659,0.13049558,-0.2868313,-0.043515738,0.02329402,-0.0246686,0.03833711,0.30632162,-0.15891472,-0.022915736,-0.6404341,0.0,0.032673795,-0.04477231,0.33984354,0.64959174,0.09187956,0.04452329,-0.0061646886,0.40979475,-0.012050649
0.0,-0.01977582,0.0,-0.313706,0.2128487,0.0,0.028387044,-0.74521405,-0.054467898,0.0,0.0,0.099068604,0.0,-0.03854092,0.0035891384,0.0,0.0,0.33220884,-0.065131545,-0.17811036,-0.13258316,0.15398598,-0.45634335,-0.5017163,0.0,0.0,0.0,0.0024566827,0.0,-0.05132007,-0.38685185,-0.7650342,0.0,0.06441507,0.050765872,-0.043472253,-0.038868394,-0.42094743,-0.1492487,0.092678994,-0.23490742,-0.05191552,0.10557337,0.0,0.0,0.026896134,0.015077618,0.15358524,0.04314015,0.00610004,-0.030113949,0.3384273,-0.14626285,0.002947772,0.014752143,0.068540975,0.0,0.019951012,0.0,-0.29179853,-0.15537408,0.12424279,-0.44072452,-0.013259488,-0.0072964253,-0.061392352,-0.09386016,-0.43921882,0.026833188,0.0014432743,-0.65324783,0.0,-0.033901077,-0.0125571545,0.39455742,0.336469,0.10099575,0.04452329,-0.042395208,0.13655823,-0.036360655
0.0,0.05773435,0.0,-0.19957487,-0.32945788,0.0,0.056942377,0.11477583,0.03299597,0.0,0.0,0.15020637,0.0,-0.059784237,-0.052202657,0.0,0.0,0.31750882,-0.38708863,0.11759933,0.10255995,0.08996495,-0.30950573,-0.06005165,0.0,0.0,0.0,-0.005730729,0.0,-0.031008702,0.03723719,1.1905252,0.0,-0.009312481,0.041575447,0.112275064,-0.016839273,0.19264793,-0.09737708,-0.033046544,0.16031703,0.02032709,0.01967232,0.0,0.0,0.035992913,0.0077715544,0.07683805,0.038419843,0.041532192,0.020836022,0.31216517,0.15000762,0.0343177,-0.034819923,-0.19903342,0.0,-0.21401227,0.0,0.040801097,0.42064208,-0.2116797,1.2983905,0.13641712,0.022307917,0.09130625,0.01374558,-0.12374077,-0.13377371,-0.053835757,-0.38131258,0.0,-0.0033362545,0.011464402,-0.15571502,-0.627566,0.08223039,-0.01650167,-0.012577478,0.46790707,-0.0041161883
0.0,0.0055146925,0.0,-0.31000715,-0.37296298,0.0,-0.041005358,-0.3752858,0.025941366,0.0,0.0,0.103102095,0.0,0.14332171,0.016914418,0.0,0.0,-0.20386913,-0.09582615,0.0546638,0.055215426,-0.18210264,-0.09590726,-0.4509773,0.0,0.0,0.0,0.003799649,0.0,-0.04044324,-0.12311496,-0.77638435,0.0,0.13512745,-0.16590826,-0.09900821,0.15698905,0.1278052,-0.030901695,0.07198681,-0.25787523,0.021928031,0.016787617,0.0,0.0,0.015037408,-0.03248987,0.092456006,-0.20180807,-0.018041272,-0.030113949,-0.3649247,-0.14626285,0.0152083635,0.014752143,-0.04747319,0.0,-0.18202558,0.0,0.037355088,0.5084917,-0.31873766,-0.39675805,-0.03233392,-0.078438014,-0.13398752,0.010546386,0.503121,0.110408396,-0.05274853,0.31254172,0.0,0.13501294,0.0053590704,-0.19309826,-0.94201744,-0.27025896,-0.04484333,-0.013770258,0.1259998,-0.08219072
0.0,0.018696003,0.0,0.29188704,0.0442213,0.0,-0.041005358,0.4161098,-0.08368631,0.0,0.0,-0.3656772,0.0,-0.1886505,0.061488625,0.0,0.0,-0.20622665,-0.0514832,0.110594384,-0.02189769,0.16988268,0.09956803,0.23275438,0.0,0.0,0.0,-0.0048830016,0.0,-0.08299093,-0.056793764,-0.42619345,0.0,0.074062005,0.03272779,0.15354666,0.083041854,0.19017807,-0.032509677,0.0711977,0.1600116,0.05441336,0.007983163,0.0,0.0,0.011350112,0.006600863,-0.062493168,-0.03303077,0.027585665,-0.030113949,0.3398619,-0.14626285,0.023033425,0.038369432,0.022809416,0.0,0.056429576,0.0,-0.24913068,0.89076144,0.19860898,-0.1982057,-0.011571269,0.03697897,0.16255637,0.02483925,0.5543363,0.17958519,0.015224133,0.33417308,0.0,0.032673795,-0.007317054,-0.14540263,0.7795516,0.15746,0.017315546,-0.0061646886,0.23102732,0.06360421
0.0,0.018696003,0.0,0.28245437,0.16403614,0.0,-0.006453071,0.53743994,0.030101059,0.0,0.0,0.11098853,0.0,0.31494513,0.051975105,0.0,0.0,-0.1293704,-0.049401995,-0.17188102,-0.06816982,0.18194535,-0.1913634,0.7238003,0.0,0.0,0.0,-0.011677239,0.0,0.28000194,0.12315903,0.6900481,0.0,0.036382772,0.022199526,0.10877744,0.033029933,0.15027778,-0.075504124,0.13512196,-0.33533764,-0.05191552,0.007983163,0.0,0.0,-0.022883995,0.006379824,0.017539134,-0.028542342,0.025225762,-0.030113949,0.2848424,-0.14626285,0.016968608,0.038369432,0.3618203,0.0,0.094834045,0.0,-0.16252959,0.10693516,0.22831231,-0.14674206,-0.011571269,0.00081730634,0.09461788,-0.06081355,-0.2176894,0.21875423,-0.045812294,0.31797647,0.0,0.032673795,-0.007317054,0.37023434,0.54648876,0.09787242,0.017315546,-0.0061646886,0.50426733,0.06360421
0.0,-0.053254146,0.0,0.27403772,0.2717438,0.0,-0.025740415,0.4200342,0.045898154,0.0,0.0,0.21238817,0.0,0.11568639,0.03879086,0.0,0.0,0.34504232,-0.063723385,-0.116326824,0.054024532,0.16768932,-0.24929929,-0.20410013,0.0,0.0,0.0,-0.011677239,0.0,-0.04277335,0.04785535,0.8907982,0.0,0.011748772,-0.02593515,0.11974156,0.057090968,0.15518607,0.0131302215,0.10005361,0.13993464,-0.042589966,-0.008804493,0.0,0.0,0.035992913,0.0077715544,0.0639118,0.06803479,-0.01649787,0.020836022,0.20480675,-0.14626285,0.016968608,-0.034819923,-0.13599256,0.0,-0.14162894,0.0,0.07003303,0.68894655,0.1495838,-0.17158204,-0.028249709,0.02329402,0.03529699,0.02483925,-0.23916093,-0.14607878,0.037659783,-0.59517044,0.0,0.032673795,-0.04477231,0.38874483,0.7811116,0.18455647,0.04452329,-0.0061646886,0.50426733,0.055187583
0.0,-0.01977582,0.0,-0.2466161,-0.20528677,0.0,-0.005879516,0.073197216,0.012547608,0.0,0.0,-0.3656772,0.0,-0.21304795,0.018281346,0.0,0.0,-0.20790574,-0.06674506,-0.123760805,-0.116322085,-0.18827808,-0.40169072,-0.3319046,0.0,0.0,0.0,0.003799649,0.0,-0.1399617,-0.31991515,-0.6193737,0.0,0.053000752,-0.25880966,0.04565864,0.064023055,0.101580285,0.018482031,-0.09887048,0.14897536,-0.09784387,0.024823133,0.0,0.0,-0.03131862,0.012220484,-0.15726654,-0.18406224,-0.042512685,-0.030113949,-0.36147997,-0.14626285,0.002947772,-0.034819923,-0.23200008,0.0,0.04539521,0.0,-0.25425476,-0.41591844,0.16015594,-0.38885513,-0.03233392,0.03697897,0.113861404,-0.06081355,-0.39809304,0.44047847,-0.045899224,0.38103136,0.0,-0.005174185,-0.0125571545,0.35217568,0.6012368,0.082854755,0.017315546,-0.0143686645,0.13134408,-0.08338529
0.0,-0.06510566,0.0,-0.13085994,0.0032779835,0.0,-0.08992183,0.63394403,0.0412032,0.0,0.0,0.24059494,0.0,0.15319157,0.1382832,0.0,0.0,-0.11547892,-0.06674506,-0.03561221,-0.05587458,0.17047253,-0.3845652,-0.45077315,0.0,0.0,0.0,-0.0048830016,0.0,0.19743186,0.11883752,-0.3377834,0.0,0.053000752,0.038008746,-0.043721557,0.00052191317,0.22969028,-0.07697153,-0.0464558,-0.07882162,0.1021591,-0.007910885,0.0,0.0,0.0107032005,0.012220484,-0.0862016,-0.08558568,-0.0077778576,-0.030113949,0.2914814,-0.14626285,0.0047140345,0.038369432,0.029637963,0.0,0.2288623,0.0,0.16217098,-0.33685338,0.29852197,-0.21513703,-0.03233392,0.03697897,0.17863698,0.02483925,0.62141323,0.45226747,-0.013119202,0.42635515,0.0,-0.0033476287,-0.04477231,0.41574848,1.071231,0.10777898,0.017315546,-0.012588564,0.1170402,0.22727044
0.0,0.0010193735,0.0,0.31603426,0.1277782,0.0,-0.03445906,0.4553912,-0.005069293,0.0,0.0,0.27065587,0.0,0.3231764,0.033449646,0.0,0.0,0.37177706,-0.053355515,-0.17188102,-0.052047092,0.264254,0.48438177,0.4561472,0.0,0.0,0.0,-0.011677239,0.0,-0.05132007,0.11546236,0.82548964,0.0,0.11047663,-0.0071181105,-0.084937334,0.023295695,0.1478005,0.007372791,0.057957444,0.18873526,-0.044129968,-0.007594453,0.0,0.0,0.06749335,0.006379824,0.017539134,-0.032762706,0.012047111,-0.030113949,-0.24564056,-0.14626285,0.016968608,0.038369432,-0.01745294,0.0,-0.12802733,0.0,0.052053783,0.103621244,0.114546545,-0.33330104,-0.011571269,0.00081730634,0.11714105,-0.06081355,-0.2347075,0.1678769,0.045683242,0.28482407,0.0,0.034831934,-0.0125571545,-0.08712779,0.6590824,0.13270819,-0.017440012,0.024577178,0.47384727,-0.026825145
0.0,-0.030433958,0.0,0.16855238,0.23709896,0.0,-0.025740415,0.30994654,-0.022340916,0.0,0.0,0.17714287,0.0,-0.15607074,0.048990313,0.0,0.0,-0.18229924,-0.057795133,0.102788195,0.022102136,0.13811713,0.29642868,-0.31733423,0.0,0.0,0.0,-0.005730729,0.0,0.28000194,0.05455621,0.6252217,0.0,-0.056432128,0.07253006,-0.07056351,0.011800816,0.1411557,-0.07283896,0.086833045,-0.29004252,0.05441336,-0.008804493,0.0,0.0,-0.10667032,0.017217122,0.0908793,0.021309908,-0.027162427,0.020836022,0.10600132,-0.14626285,0.008368582,-0.034819923,0.3629347,0.0,-0.08525912,0.0,0.057383664,0.53813964,0.15149584,0.09871055,-0.020150308,0.00081730634,0.09894926,0.03833711,-0.09471081,-0.025530215,-0.015824037,0.42187902,0.0,-0.097429775,-0.04477231,0.38728762,0.6814437,0.15556951,0.017315546,-0.004255897,0.50437206,0.055187583
0.0,0.018696003,0.0,0.15047407,-0.089395165,0.0,-0.028243065,0.3213442,-0.12083122,0.0,0.0,-0.3656772,0.0,-0.17010322,0.059951268,0.0,0.0,-0.2791072,-0.0514832,-0.17811036,-0.05587458,0.14701241,-0.5471061,-0.45622292,0.0,0.0,0.0,-0.0048830016,0.0,-0.1399617,0.0588727,-0.7167355,0.0,0.074062005,0.018463,-0.17139652,-0.034758605,0.19017807,-0.032509677,0.08803329,0.12859298,0.053300224,0.007983163,0.0,0.0,-0.014170495,0.012220484,-0.15921755,-0.03303077,0.00610004,-0.030113949,-0.50678355,-0.14626285,0.023033425,0.038369432,0.010586042,0.0,0.08125229,0.0,-0.24913068,-0.54216784,0.14787222,-0.44599146,-0.011571269,-0.078438014,-0.1469672,0.02483925,-0.27281854,-0.33463457,0.0067094173,0.29664916,0.0,-0.09938996,-0.007317054,-0.17278378,0.6128068,0.1047523,0.04452329,-0.0061646886,0.18969008,0.06360421
0.0,-0.033652328,0.0,-0.22686398,0.0052242912,0.0,-0.0054047294,0.5207137,-0.0083064325,0.0,0.0,0.26442197,0.0,-0.028115418,-0.15541174,0.0,0.0,0.18316752,-0.07177936,0.11184305,0.09972485,0.12015586,-0.3337848,-0.43698135,0.0,0.0,0.0,-0.0048830016,0.0,-0.05132007,0.17372112,0.20427284,0.0,0.0019060429,0.07253006,0.090903,0.0150368465,0.028346047,-0.12370713,0.08803329,0.2201539,0.05441336,-0.007910885,0.0,0.0,-0.03131862,0.05786886,0.2742839,-0.003839218,-0.09017888,-0.030113949,0.2823647,-0.14626285,0.02382337,0.038369432,-0.22008495,0.0,0.1475412,0.0,-0.29179853,0.021551514,0.19513187,-0.2582296,-0.009080026,0.03697897,0.16611485,0.03833711,-0.21000484,0.36242127,-0.013119202,0.41056457,0.0,-0.0033476287,-0.0125571545,0.4037702,0.92981577,0.10777898,0.017315546,-0.012588564,0.21624655,0.12022026
0.0,-0.053254146,0.0,0.35011402,0.23301911,0.0,-0.030547993,0.37520564,0.026868515,0.0,0.0,0.24602519,0.0,-0.18906556,-0.06188271,0.0,0.0,-0.14794044,0.058190353,0.14446476,0.05157105,0.15413642,-0.403407,1.0727799,0.0,0.0,0.0,0.05434408,0.0,0.21224017,0.10040443,1.0350581,0.0,-0.05180202,0.06670673,-0.15020256,0.105443165,-0.16874284,0.025060184,-0.13233608,-0.12678432,0.04631973,-0.008804493,0.0,0.0,0.0055619115,0.006379824,-0.0054157134,0.16027254,-0.027162427,-0.030113949,-0.12086286,-0.14626285,0.016968608,0.038369432,0.34157208,0.0,-0.090422176,0.0,0.039404415,0.100651614,0.22593474,-0.28484234,-0.020150308,-0.03858506,-0.020297691,0.03833711,-0.119087875,-0.17953536,0.0018887455,0.13151784,0.0,0.032673795,-0.04477231,-0.1816122,0.42661023,0.100168854,0.04452329,-0.0061646886,0.03497813,0.030824337
0.0,0.0962352,0.0,-0.16741884,-0.02039496,0.0,-0.05531069,-0.4188213,-0.009421067,0.0,0.0,0.099546656,0.0,0.17633839,0.012816597,0.0,0.0,-0.117367774,-0.2691109,0.00606435,0.105202414,-0.23448752,0.24344096,0.4854248,0.0,0.0,0.0,0.003799649,0.0,-0.07744691,0.04966298,-0.49110177,0.0,0.13512745,0.0052863583,0.090903,-0.028785875,-0.2645044,-0.08097392,0.03441318,-0.25787523,0.05441336,0.012641681,0.0,0.0,-0.02113758,0.004249966,-0.017513603,-0.002420254,-0.01607262,0.020836022,0.20036247,-0.14626285,0.002947772,-0.01338744,-0.16591159,0.0,-0.108363524,0.0,0.06658702,0.5422273,0.27090433,0.88841325,-0.017068796,0.0030056667,0.107927725,0.017740404,0.84431773,0.15522915,-0.052713975,0.29318735,0.0,0.0023778607,-0.015653022,0.38874483,0.73847365,0.26747102,0.009751853,-0.0070087006,0.11879493,-0.025814652
0.0,0.018696003,0.0,0.28245437,0.21096832,0.0,-0.08992183,0.5494573,-0.110724315,0.0,0.0,0.24781238,0.0,-0.14441729,0.06156913,0.0,0.0,0.27463633,-0.04986968,-0.005638117,-0.06816982,0.18655312,-0.23761362,0.8959737,0.0,0.0,0.0,-0.0048830016,0.0,0.07443204,0.06827542,-0.4373263,0.0,0.04335382,0.09072281,0.10877744,0.08410296,0.1957043,0.007372791,0.11948663,0.20074566,-0.09784387,0.007983163,0.0,0.0,0.011501454,0.006379824,-0.0024041869,-0.03303077,0.024575535,-0.030113949,0.35095647,-0.14626285,-0.0021407288,0.038369432,-0.082869545,0.0,0.071605355,0.0,-0.29179853,-0.3358064,0.23951519,-0.14282139,-0.011571269,0.00081730634,0.14196749,0.03833711,0.62728757,0.25738293,-0.045812294,0.35177284,0.0,0.032673795,-0.007317054,0.32391557,0.82432187,0.1047523,0.017315546,-0.0061646886,0.25561234,0.06360421
0.0,-0.01977582,0.0,-0.21966043,0.26387423,0.0,0.082974434,-0.5660085,0.031357944,0.0,0.0,0.099068604,0.0,-0.14321566,0.011193283,0.0,0.0,0.3869052,-0.065131545,0.21971934,0.1671788,-0.19078015,-0.27916935,0.25929168,0.0,0.0,0.0,0.0024566827,0.0,-0.05132007,0.17372112,-0.7535753,0.0,0.06441507,0.050941657,0.090903,-0.036696285,-0.40732443,0.014417391,0.11690888,-0.30317035,-0.044129968,0.10557337,0.0,0.0,-0.027369546,0.05786886,0.27131662,0.21982151,0.13788632,-0.030113949,0.2605433,-0.14626285,0.0047140345,-0.01338744,-0.1360054,0.0,0.17960979,0.0,0.14003786,0.083212666,0.15063542,-0.31709918,-0.009080026,0.014352061,-0.0840985,0.017740404,-0.34162018,0.27043062,0.07837634,0.38463494,0.0,0.13501294,-0.0125571545,0.44254598,0.8973748,0.07576937,0.04452329,-0.013770258,0.13092025,-0.036360655
0.0,0.018696003,0.0,0.28245437,0.16403614,0.0,-0.006453071,0.53743994,0.030101059,0.0,0.0,0.11098853,0.0,0.31494513,0.051975105,0.0,0.0,-0.1293704,-0.049401995,-0.17188102,-0.06816982,0.18194535,-0.1913634,0.7238003,0.0,0.0,0.0,-0.011677239,0.0,0.28000194,0.12315903,0.7580932,0.0,0.036382772,0.022199526,0.10877744,0.033029933,0.15027778,-0.075504124,0.12892921,-0.33533764,-0.05191552,0.007983163,0.0,0.0,-0.022883995,0.006379824,0.017539134,-0.017571425,0.025225762,-0.030113949,0.36758375,-0.14626285,0.016968608,0.038369432,0.3166968,0.0,0.094834045,0.0,-0.16252959,0.10693516,0.22679019,-0.16952008,-0.014083447,0.00081730634,0.09461788,-0.06081355,-0.21194896,0.21875423,-0.045812294,-0.0028165318,0.0,0.032673795,-0.007317054,0.37023434,0.5394827,0.09787242,0.017315546,-0.0061646886,0.50426733,0.06360421
0.0,0.07960291,0.0,-0.13085994,-0.15357013,0.0,-0.024237413,0.61347306,-0.013274472,0.0,0.0,-0.39555433,0.0,0.5246502,0.12868917,0.0,0.0,-0.16653942,-0.072982155,-0.061199985,-0.06816982,0.17102444,-0.25327232,-0.14345141,0.0,0.0,0.0,-0.011677239,0.0,0.15058967,0.080822624,0.66079676,0.0,0.1561887,-0.029047381,0.15354666,0.05490938,0.13103187,-0.032509677,0.13769971,0.13287815,0.1021591,-0.007910885,0.0,0.0,0.0107032005,0.012220484,-0.069579214,-0.07809895,0.009491839,-0.030113949,0.13494226,-0.14626285,0.02382337,0.038369432,0.09168255,0.0,-0.117937714,0.0,0.052053783,-0.27574548,0.2143028,-0.25406379,-0.03233392,0.03697897,0.043454096,0.02483925,0.40125653,0.4063775,-0.06451039,0.36486372,0.0,-0.0033476287,-0.015653022,-0.14277986,0.773924,0.13864966,0.017315546,-0.012588564,0.3846873,0.22727044
0.0,-0.01977582,0.0,-0.3749915,-0.010080654,0.0,-0.10920918,-0.6564476,-0.0038481914,0.0,0.0,0.10640238,0.0,-0.22525807,0.018281346,0.0,0.0,-0.30461186,-0.07177936,0.15351962,0.1530381,-0.22449484,-0.3105601,0.112653,0.0,0.0,0.0,0.003799649,0.0,-0.1399617,0.063985504,-0.8528234,0.0,-0.055125758,-0.055895448,0.090903,-0.036696285,-0.4049576,-0.03949549,0.092678994,-0.25787523,-0.050844755,0.024823133,0.0,0.0,-0.052243244,0.012220484,-0.15726654,-0.105940305,-0.09017888,-0.030113949,-0.38695833,-0.14626285,0.0047140345,-0.01338744,-0.15581591,0.0,0.25554565,0.0,0.14003786,-0.5471672,0.15822871,-0.53408223,-0.043515738,-0.03949699,-0.10979221,0.017740404,-0.4653065,-0.35767123,0.027089914,-0.36234355,0.0,-0.033901077,-0.0125571545,0.4222807,0.8118736,0.082854755,0.04452329,-0.042395208,0.12318115,-0.08338529
0.0,-0.021800812,0.0,0.3565339,0.26519722,0.0,-0.08992183,0.45096067,-0.08899596,0.0,0.0,0.27773175,0.0,0.51971763,0.04142581,0.0,0.0,-0.16268873,-0.05201426,-0.15430887,-0.052047092,0.14145225,0.80878043,-0.2960293,0.0,0.0,0.0,-0.0048830016,0.0,0.28000194,0.10605964,-0.5834539,0.0,0.078302406,0.09072281,-0.084937334,0.10872571,0.25312477,-0.035322115,0.039744355,0.16932702,-0.044129968,-0.007594453,0.0,0.0,0.08339044,0.012220484,-0.06878194,-0.005740165,0.06500323,0.020836022,-0.32452726,-0.14626285,-0.0021407288,0.038369432,0.311434,0.0,-0.07481067,0.0,0.039404415,0.0486413,0.17881353,-0.17505997,-0.009080026,0.00081730634,0.054839473,0.03833711,-0.3333073,-0.18985604,0.0067094173,0.41676268,0.0,0.032673795,-0.0125571545,-0.0929579,0.7895957,0.10372123,0.017315546,-0.0061646886,0.23644896,-0.026825145
0.0,-0.021800812,0.0,0.28746617,0.18248278,0.0,-0.025740415,0.4071791,0.021698117,0.0,0.0,0.27065587,0.0,0.11362159,0.049206104,0.0,0.0,0.2322121,-0.052683286,-0.05084877,0.043695718,0.23621866,0.15498571,0.5760174,0.0,0.0,0.0,-0.011677239,0.0,0.113180876,0.12315903,0.7645135,0.0,0.025939299,-0.02593515,0.07317918,0.039465427,0.14394367,0.0131302215,0.057957444,0.18873526,-0.042589966,-0.0049322583,0.0,0.0,-0.045253195,0.016376223,0.16575202,0.043250866,-0.0078789145,-0.030113949,-0.18964204,-0.14626285,0.016968608,0.038369432,0.0030344687,0.0,0.25639415,0.0,0.16217098,0.063966826,0.18601377,-0.1764224,-0.020150308,-0.03858506,-0.048461616,0.02483925,-0.121502355,0.16771251,0.045683242,0.41978422,0.0,0.032673795,-0.0125571545,0.33984354,0.6113386,0.103728324,0.04452329,-0.0061646886,0.4942456,0.068615995
0.0,-0.030433958,0.0,0.36265442,0.14980057,0.0,0.062638745,0.43073663,0.016910918,0.0,0.0,0.27065587,0.0,-0.016029019,-0.060236145,0.0,0.0,0.26075178,0.039205566,-0.15972118,0.052863467,0.16070962,0.27701008,0.62233394,0.0,0.0,0.0,-0.011677239,0.0,0.0997061,-0.3117969,1.0629559,0.0,0.03041703,0.041863646,-0.0015122183,-0.04865305,-0.170845,0.04059762,0.051764693,0.13993464,-0.042589966,-0.017659215,0.0,0.0,-0.03622181,0.007495982,0.13246879,0.07748084,-0.01649787,0.020836022,-0.06783,0.15000762,0.016968608,0.038369432,0.03681249,0.0,0.10791684,0.0,0.0824673,-0.076214574,0.12252376,-0.29924232,-0.043515738,0.02329402,-0.023615064,0.020949898,-0.22278109,-0.13898018,0.035270773,-0.75422204,0.0,0.032673795,-0.04477231,0.39285478,0.51094353,0.08499968,0.04452329,-0.0061646886,0.44861424,-0.012050649
0.0,0.05551423,0.0,0.12847002,0.054467756,0.0,0.056942377,0.3310897,0.040867865,0.0,0.0,0.24349292,0.0,0.13276032,-0.05746812,0.0,0.0,0.2459257,0.11585771,0.14446476,0.06039179,-0.10361178,0.06606293,0.21241874,0.0,0.0,0.0,0.009086503,0.0,-0.028423823,0.03723719,1.1656731,0.0,0.06246112,-0.12693302,0.16451079,-0.0074058827,0.11433086,0.029207598,0.04763454,0.18873526,-0.042589966,-0.0040003294,0.0,0.0,0.039941985,0.017217122,0.0908793,-0.023383066,-0.018543469,0.020836022,0.22611085,0.15000762,0.016968608,-0.034819923,0.12349418,0.0,-0.13647577,0.0,0.052053783,0.59803694,0.0781733,1.1200345,-0.030444484,0.011940317,0.019727042,0.02483925,-0.1475516,-0.122715324,-0.053835757,0.055340562,0.0,-0.07827052,0.011464402,-0.1555874,-0.2302067,0.1313657,-0.01650167,-0.002982734,0.45240355,-0.009433178
0.0,0.05551423,0.0,0.21272899,0.066011176,0.0,0.056942377,0.24214292,0.03829848,0.0,0.0,0.107614845,0.0,-0.13100088,0.0005744584,0.0,0.0,0.3095848,0.12932418,0.15927589,0.05685962,0.13657576,0.10251535,0.50440955,0.0,0.0,0.0,0.0044592978,0.0,-0.019520594,-0.036100723,1.0881034,0.0,0.04988064,-0.07077177,0.11974156,-0.01576787,0.11433086,0.030939762,0.04763454,0.13993464,-0.03488178,0.010590232,0.0,0.0,0.013060581,0.004840647,-0.010719581,0.011044402,0.041532192,0.020836022,0.20704347,0.15000762,0.04214276,-0.034819923,0.05893045,0.0,0.18478568,0.0,0.0824673,0.52590716,-0.14377053,1.2207283,0.13641712,0.022307917,0.004723455,-0.06081355,-0.12999761,-0.103954494,0.034200497,-0.497195,0.0,0.034938894,0.011464402,0.41688386,-0.22093222,-0.3106462,-0.01650167,-0.0039591435,0.36227107,-0.0045887586
0.0,0.062434565,0.0,0.12298709,0.33044818,0.0,-0.04063439,0.20292157,-0.02682767,0.0,0.0,0.2784608,0.0,-0.15607074,-0.06769265,0.0,0.0,-0.13051432,0.063986495,0.051241256,0.05157105,0.117833786,-0.37538913,-0.3270881,0.0,0.0,0.0,-0.011677239,0.0,0.1296701,0.06225288,0.97567105,0.0,-0.048317358,0.041863646,-0.09711909,-0.056359287,-0.14491765,0.023988111,-0.081330806,0.20911765,0.05441336,-0.004884422,0.0,0.0,0.015037408,0.017217122,0.09450196,-0.067615144,-0.013496511,0.020836022,0.27864602,-0.14626285,0.016968608,-0.034819923,0.111242294,0.0,0.13330226,0.0,0.0824673,0.54474694,0.21513338,0.5006972,-0.029252412,0.014352061,0.008117715,0.020949898,0.2930749,0.17988282,-0.015824037,0.11685477,0.0,-0.077889696,0.011464402,0.48735538,0.38892573,0.15104134,-0.01650167,0.016579308,0.4276753,-0.010030036
0.0,0.119646005,0.0,-0.15865609,-0.006152438,0.0,-0.00873219,0.37959385,0.03640528,0.0,0.0,-0.24090156,0.0,-0.29057965,0.13119513,0.0,0.0,0.3656809,-0.09403785,-0.05941371,-0.051518545,0.12015661,1.1630485,-0.060249276,0.0,0.0,0.0,-0.0031571304,0.0,0.060395177,0.09592994,-0.6223234,0.0,-0.066344276,0.04968133,-0.044836186,-0.008588802,0.20266591,0.0038514566,-0.069746055,0.180394,-0.020921841,-0.012348633,0.0,0.0,0.09342499,0.05786886,0.27131662,0.04581399,-0.0077778576,0.020836022,0.34585392,0.15000762,0.0152083635,0.038369432,0.27938253,0.0,-0.19284569,0.0,0.040801097,-0.0008746926,-0.1728553,-0.21666181,-0.009080026,0.03697897,0.086200364,0.01374558,0.42966166,0.18603471,-0.08039943,0.35716158,0.0,-0.0033476287,0.009196964,-0.2217125,-0.99403656,-0.06012476,-0.017440012,-0.012588564,0.18974036,0.123836964
0.0,-0.021800812,0.0,0.3971926,0.1169393,0.0,-0.021347046,0.39755657,-0.0030915923,0.0,0.0,0.26442197,0.0,0.25321347,0.033449646,0.0,0.0,-0.2396439,-0.0514832,-0.104594335,-0.052047092,0.240242,0.38724694,0.7367816,0.0,0.0,0.0,-0.011677239,0.0,-0.11270178,0.11653632,0.7465036,0.0,0.074062005,0.06941783,-0.084937334,0.09585434,0.05233071,-0.029715514,0.08941078,0.18873526,-0.05191552,0.012292086,0.0,0.0,0.06613963,0.006379824,-0.003144756,-0.042791106,0.0144730965,-0.030113949,-0.2546704,-0.14626285,0.016968608,0.038369432,-0.20085232,0.0,0.1732214,0.0,-0.24913068,0.05268194,0.19067924,-0.17214288,-0.011571269,0.00081730634,-0.080196515,0.03833711,0.4730334,0.2070047,0.0012683757,0.28305,0.0,0.034831934,-0.0125571545,-0.08389411,0.46124315,0.10387193,-0.04484333,0.024577178,0.50426733,-0.02486581
0.0,0.013220509,0.0,-0.2485753,0.17897606,0.0,-0.028019536,-0.28084525,0.029053146,0.0,0.0,-0.11035424,0.0,-0.3465271,-0.06147217,0.0,0.0,-0.21900319,0.011006065,0.068917826,0.046294518,0.11796249,0.8327298,-0.60914487,0.0,0.0,0.0,-0.0031571304,0.0,0.13035105,0.09592994,-0.80419874,0.0,-0.08042714,0.042645305,-0.05844184,-0.028446026,-0.11510274,0.023453843,-0.095034674,-0.22403023,-0.028707393,-0.065226674,0.0,0.0,-0.10902232,0.012220484,-0.16307972,0.10280364,0.04026861,0.020836022,-0.45718074,-0.14626285,0.0047140345,0.014752143,-0.38041046,0.0,-0.25197685,0.0,0.040801097,-0.10392142,-0.24431658,-0.4774954,-0.009080026,-0.03858506,-0.094338864,0.01374558,0.37180492,0.16255134,-0.08039943,0.2682378,0.0,-0.003074443,0.009196964,-0.2531577,-0.945251,0.08956869,-0.04484333,0.16901988,0.14892568,-0.028744154
0.0,-0.0028504087,0.0,-0.08596469,0.21308166,0.0,-0.025740415,-0.34958357,-0.031334355,0.0,0.0,0.11935106,0.0,-0.16147059,-0.00030181184,0.0,0.0,-0.1156784,0.17381781,0.11759933,0.048127703,0.117833786,0.59888905,-0.114850506,0.0,0.0,0.0,-0.005730729,0.0,0.13501525,0.05555202,0.8434076,0.0,-0.02238756,0.036010694,-0.065412715,-0.0076795723,-0.16965096,0.0215931,-0.15784873,0.24053629,-0.044129968,-0.018374206,0.0,0.0,0.0923927,0.0077715544,0.09808884,0.09701141,0.041532192,0.020836022,0.31464583,0.15000762,0.0343177,-0.01338744,0.024593292,0.0,0.13330226,0.0,0.0824673,0.74408334,0.13967036,1.3990875,0.06402972,0.026713694,0.021392556,-0.051291317,-0.15014273,-0.13119249,-0.022733752,-0.31718886,0.0,-0.0033362545,0.009196964,0.3398369,0.38797033,0.18846662,0.0163839,-0.012577478,0.27906603,-0.012404503
0.0,0.00095963106,0.0,-0.35544944,0.15649864,0.0,-0.028019536,-0.5942102,0.022851154,0.0,0.0,0.05561185,0.0,-0.17831267,-0.035013296,0.0,0.0,-0.22686748,-0.06677236,-0.047314674,-0.049191788,-0.1474501,-0.4817602,-0.43230066,0.0,0.0,0.0,0.0024566827,0.0,-0.11270178,-0.31991515,-0.7171401,0.0,-0.050006133,0.076226085,-0.043472253,-0.09973626,-0.2616413,-0.013964228,-0.099264264,-0.2916571,0.022558525,-0.065226674,0.0,0.0,-0.03131862,0.015077618,0.15358524,0.07124569,0.024575535,0.020836022,-0.3992689,-0.14626285,0.0047140345,0.014752143,0.20304583,0.0,0.08091943,0.0,-0.15353447,-0.33862263,0.16069776,-0.50598186,-0.043515738,-0.0296431,-0.14661936,0.020949898,0.71414787,0.27695808,0.029707272,-0.8130247,0.0,-0.033901077,0.009196964,0.44318277,0.40874064,0.033475686,0.04452329,-0.042395208,0.13804983,-0.070594996
0.0,0.04219395,0.0,-0.04190239,0.050300557,0.0,0.056942377,0.18703365,0.03383924,0.0,0.0,0.18012574,0.0,-0.1889254,-0.063090414,0.0,0.0,-0.20252468,0.2554194,0.11759933,0.10255995,0.11561846,-0.3508018,-0.056809142,0.0,0.0,0.0,-0.005730729,0.0,-0.07191876,0.052826285,1.2516515,0.0,-0.05109361,0.0393902,0.112275064,-0.016227484,-0.08938081,0.02400849,-0.033046544,0.20911765,0.02032709,-0.012154197,0.0,0.0,0.035992913,0.017217122,0.09450196,0.04661685,0.041532192,0.020836022,0.276564,0.15000762,0.0343177,0.038369432,0.022927199,0.0,0.40784773,0.0,0.13293904,0.58660346,-0.16249606,1.6353605,0.097305335,-0.040996805,-0.08967598,0.01374558,-0.1367467,-0.12811697,0.021770738,0.117804736,0.0,-0.029402334,0.011464402,-0.13707735,-0.55220836,0.05988699,-0.01650167,-0.0063699386,0.46473223,-0.008061543
0.0,-0.0331007,0.0,-0.18070737,0.08639589,0.0,-0.041005358,0.27770713,0.016375143,0.0,0.0,0.2909342,0.0,0.62380034,0.067219265,0.0,0.0,-0.13498498,-0.38108554,-0.17811036,0.0005612159,0.11682149,0.87251794,0.08963549,0.0,0.0,0.0,0.005100663,0.0,0.13569622,0.032892145,-0.49039286,0.0,0.1561887,0.04968133,-0.063592635,-0.015000384,0.01910668,0.026158102,0.005585311,0.17232743,0.021928031,-0.0067935544,0.0,0.0,0.088132046,0.0040626884,-0.022417195,-0.030813534,0.00610004,0.020836022,0.39953133,0.15000762,0.0152083635,-0.034819923,0.3159341,0.0,-0.1757593,0.0,0.040801097,0.89116246,-0.30192488,1.0401543,-0.013259488,0.022307917,-0.085028395,0.01374558,-0.24512592,-0.15628457,0.037659783,-0.3672917,0.0,0.0030338066,0.009196964,-0.13050048,-0.6172605,0.08270186,-0.01650167,-0.0063699386,-0.067133516,0.04613027
0.0,0.07960291,0.0,-0.111243054,-0.08795403,0.0,-0.005879516,0.5553636,0.017137954,0.0,0.0,0.20786588,0.0,0.17045957,0.13982055,0.0,0.0,-0.20129673,-0.07177936,-0.05941371,-0.06816982,0.1933428,0.08365375,-0.3842052,0.0,0.0,0.0,-0.0048830016,0.0,-0.08299093,-0.19222748,-0.48418352,0.0,0.022967296,-0.28648183,0.10877744,0.08203314,0.04003811,-0.023268385,0.10007331,-0.25787523,0.05441336,0.012804254,0.0,0.0,0.015037408,0.006600863,-0.044839002,-0.099565044,-0.01607262,0.020836022,0.24663341,-0.14626285,0.002947772,-0.034819923,-0.14328784,0.0,0.26831958,0.0,0.16217098,0.81309396,0.22448432,-0.15644848,-0.03233392,0.03697897,-0.026780324,0.02483925,0.7473469,0.17253694,0.015224133,0.37932223,0.0,0.0023730155,-0.015653022,0.383348,0.90444183,0.16264118,0.04452329,-0.007013416,0.13164604,0.2132911
0.0,-0.021800812,0.0,0.338843,0.21729493,0.0,0.013882616,0.5494573,0.030068949,0.0,0.0,0.24781238,0.0,0.14166892,0.04304367,0.0,0.0,0.21465087,-0.04986968,-0.11451052,-0.06816982,0.2664474,-0.247163,0.8376045,0.0,0.0,0.0,-0.0048830016,0.0,0.07443204,0.12315903,-0.44787997,0.0,0.06441507,-0.24650694,0.10877744,0.07177325,0.17397374,0.007372791,0.11948663,0.16932702,-0.044129968,0.012292086,0.0,0.0,0.011501454,0.006379824,-0.0024041869,-0.050277837,0.024575535,-0.030113949,-0.29504797,-0.14626285,-0.0021407288,0.038369432,-0.1612633,0.0,0.071605355,0.0,-0.29179853,0.090090506,0.23951519,-0.3213049,-0.011571269,0.00081730634,0.14451057,0.02483925,0.62728757,0.17068058,0.045683242,0.35177284,0.0,0.032673795,-0.0125571545,0.37023434,0.84249365,0.10387193,0.017315546,-0.0061646886,0.23521402,-0.02486581
0.0,-0.06512437,0.0,-0.28738636,-0.15133014,0.0,-0.011124631,0.17104155,0.034816463,0.0,0.0,-0.34084302,0.0,-0.3465271,0.056883782,0.0,0.0,-0.2964301,-0.06674506,-0.17811036,-0.116322085,0.14701241,0.03513402,-0.5781828,0.0,0.0,0.0,-0.0048830016,0.0,-0.11025086,-0.4552673,-0.7762375,0.0,0.074062005,0.09041154,0.09042786,0.08416584,0.023323635,-0.023268385,0.0012166332,0.12859298,0.05441336,0.024823133,0.0,0.0,0.0107032005,0.012220484,-0.15726654,-0.13802262,0.06500323,-0.030113949,-0.5219206,-0.14626285,0.0152083635,0.038369432,-0.239464,0.0,0.14638975,0.0,-0.24913068,-0.13009927,0.16015594,-0.48492357,-0.011571269,0.03697897,0.20100552,-0.09386016,-0.3926876,0.26112854,0.045596316,0.2912551,0.0,0.002882584,-0.007317054,-0.15307628,-0.6347237,0.10808113,-0.017440012,0.050187692,0.18708211,-0.08338529
0.0,-0.01977582,0.0,-0.31393123,0.20251465,0.0,0.060359623,-0.6524995,-0.0894519,0.0,0.0,0.12464367,0.0,-0.16317184,-0.0045809783,0.0,0.0,0.23958385,-0.07898525,0.11184305,0.11010409,0.11796249,0.7723943,-0.21395272,0.0,0.0,0.0,-0.0048830016,0.0,0.113180876,0.056288835,-0.85110986,0.0,-0.009312481,0.05053798,-0.07978654,-0.08735703,-0.42094743,-0.029390454,-0.04144579,0.1409088,0.053300224,-0.065226674,0.0,0.0,-0.119056866,0.015077618,0.21171872,0.07403168,-0.09017888,-0.030113949,-0.33124092,-0.14626285,0.0047140345,-0.01338744,-0.37249726,0.0,-0.21066487,0.0,0.052053783,-0.400013,0.104302295,-0.48895687,-0.043515738,-0.0296431,-0.13162018,0.020949898,-0.38595915,-0.3348615,-0.04851658,-0.72013766,0.0,-0.033901077,-0.0125571545,-0.16123718,0.31220645,0.09645262,0.04452329,-0.042395208,0.12353111,-0.028744154
0.0,0.091454424,0.0,0.23539048,0.22733474,0.0,-0.025740415,0.42991802,0.17236713,0.0,0.0,0.27065587,0.0,-0.12070376,-0.070472255,0.0,0.0,0.3107263,0.047532067,0.09851611,0.054024532,0.18370861,-0.17441285,0.6612297,0.0,0.0,0.0,-0.005730729,0.0,-0.029980697,-0.016852822,0.78887886,0.0,0.08352237,-0.03175848,0.11974156,-0.005844405,-0.14611171,0.04059762,0.13150696,0.18873526,-0.045611314,0.02858253,0.0,0.0,0.009395145,0.016376223,0.14914905,0.044084467,0.015655328,-0.030113949,0.10398512,-0.14626285,0.016968608,-0.034819923,0.050532654,0.0,-0.107411206,0.0,0.07003303,-0.25852278,0.17682871,-0.27972847,-0.020150308,0.014352061,-0.010031259,0.02483925,0.34888887,0.13616225,0.03852278,0.1226725,0.0,-0.09938996,-0.015653022,0.38420966,0.71852803,0.12950553,0.04452329,-0.0061646886,0.5153016,-0.0055337
0.0,0.023597678,0.0,0.47778642,0.2395983,0.0,-0.0054047294,-0.49683598,0.041107267,0.0,0.0,0.10640238,0.0,-0.16872515,0.04027467,0.0,0.0,-0.2231311,0.04310269,0.21971934,0.10461358,0.20815074,-0.14905769,0.61888677,0.0,0.0,0.0,-0.0048830016,0.0,-0.11025086,0.06827542,-0.3495601,0.0,-0.048317358,0.013020995,0.090903,-0.007586135,0.15584014,0.11531366,0.11690888,-0.25787523,0.1021591,-0.007594453,0.0,0.0,0.011501454,0.016376223,-0.08389314,-0.0063989945,0.13788632,-0.030113949,-0.2232056,-0.14626285,-0.0039069913,-0.01338744,0.4126186,0.0,0.09848212,0.0,-0.16252959,-0.30828866,0.16797537,-0.28656358,-0.020150308,0.00081730634,0.17710055,-0.06081355,-0.28560215,0.31584576,0.0297942,0.50057364,0.0,0.03204792,-0.007317054,0.38350493,0.8240298,0.09226468,0.017315546,-0.0067741517,0.24700324,-0.026825145
0.0,0.091454424,0.0,0.26669604,0.29293272,0.0,-0.0054047294,0.5385505,0.02807393,0.0,0.0,0.21610583,0.0,-0.12303853,-0.07516408,0.0,0.0,0.38062155,0.045918234,0.21971934,0.0059794076,-0.120551705,0.14919922,0.7340355,0.0,0.0,0.0,0.005100663,0.0,-0.04539974,0.11014238,0.42261493,0.0,-0.049900234,-0.01969694,0.10877744,-0.0070289,0.15264297,0.010587115,0.06644186,-0.29004252,-0.044129968,-0.0066194506,0.0,0.0,0.0055619115,0.016376223,0.16575202,0.009843214,0.13788632,-0.030113949,0.11388252,-0.14626285,0.016968608,0.038369432,-0.055103928,0.0,0.22852279,0.0,0.14003786,0.121292196,0.1775682,-0.24517201,-0.020150308,-0.03858506,-0.057544276,0.02483925,-0.24132586,-0.18544763,0.021588756,0.4423394,0.0,-0.09938996,-0.015653022,0.42599326,0.81890404,-0.023772279,0.04452329,-0.0061646886,0.10959126,0.020257832
0.0,0.091454424,0.0,0.27726254,0.29293272,0.0,-0.0054047294,0.5385505,0.02807393,0.0,0.0,0.21610583,0.0,-0.12303853,-0.07516408,0.0,0.0,0.38062155,0.045918234,0.21971934,0.0059794076,-0.15040173,0.14919922,0.7340355,0.0,0.0,0.0,0.005100663,0.0,-0.04539974,0.11014238,0.42261493,0.0,-0.049900234,-0.01969694,0.10877744,-0.0070289,0.15264297,0.010587115,0.06644186,-0.29004252,-0.044129968,-0.008804493,0.0,0.0,0.0055619115,0.016376223,0.16575202,0.006651926,0.13788632,-0.030113949,0.11388252,-0.14626285,0.016968608,0.038369432,-0.052515015,0.0,0.19362171,0.0,0.14003786,0.121292196,0.1775682,-0.24683242,-0.020150308,-0.03858506,-0.057544276,0.02483925,-0.24132586,-0.18544763,0.021588756,0.4423394,0.0,-0.09938996,-0.015653022,0.42599326,0.81890404,0.07305876,0.04452329,-0.0061646886,0.10959126,0.030824337
0.0,0.0042027626,0.0,-0.14504565,0.2539673,0.0,-0.021347046,0.37324297,-0.012079132,0.0,0.0,0.30421376,0.0,-0.18575887,0.058828633,0.0,0.0,0.3822342,-0.23023906,-0.061199985,-0.052047092,0.11678984,0.5544715,-0.16891664,0.0,0.0,0.0,0.05434408,0.0,-0.03852741,0.11114085,0.9807084,0.0,0.025073098,0.038847752,-0.084937334,0.016674444,-0.07176263,0.030644502,0.070386834,0.18873526,0.1021591,-0.00411399,0.0,0.0,0.090034336,0.012220484,-0.10409512,0.0179053,0.0144730965,0.020836022,0.18565956,0.15000762,0.0343177,0.038369432,0.39679122,0.0,-0.09858462,0.0,0.039404415,-0.3276625,0.17918663,0.44774088,-0.03233392,-0.03858506,-0.060886823,0.020949898,0.38965395,0.42079392,0.07837634,0.24970733,0.0,0.0030338066,0.032791603,-0.16123718,-0.064664744,-0.14527,-0.01650167,-0.0063699386,-0.13059586,0.06799866
0.0,0.0057902355,0.0,0.47935525,0.15888476,0.0,-0.021347046,0.37195507,0.01215986,0.0,0.0,-0.37072012,0.0,0.34897336,0.033449646,0.0,0.0,0.1458025,-0.049401995,-0.104594335,-0.06816982,0.20815074,-0.3295715,0.6738578,0.0,0.0,0.0,-0.011677239,0.0,-0.03852741,0.12315903,0.77484864,0.0,0.057444025,-0.03314628,0.15354666,0.061061688,0.0052368045,0.030644502,0.13769971,0.13287815,-0.05191552,0.012292086,0.0,0.0,0.011501454,0.006379824,0.017539134,-0.042791106,0.0144730965,-0.030113949,-0.31129673,-0.14626285,0.016968608,0.038369432,0.3405314,0.0,0.115443036,0.0,-0.11986173,0.10693516,0.14494124,-0.4159954,-0.011571269,0.00081730634,0.11828604,0.02483925,0.40096477,0.21875423,0.045683242,0.35328943,0.0,0.032673795,-0.007317054,-0.100467145,-0.17553234,0.096992046,0.017315546,-0.0061646886,0.5303411,-0.02486581
0.0,0.09347942,0.0,-0.17518829,-0.15626784,0.0,0.057967182,-0.49899772,0.047199234,0.0,0.0,0.07253381,0.0,-0.031484347,0.049795717,0.0,0.0,0.31798622,0.08348885,0.17804277,0.1671788,0.17102444,0.18414387,-0.16368264,0.0,0.0,0.0,0.0024566827,0.0,-0.04539974,0.11114085,-0.45801303,0.0,0.020052772,0.05227354,0.090903,0.012277198,0.35009852,-0.018020228,0.03009223,-0.25787523,0.1021591,0.10557337,0.0,0.0,-0.03131862,0.05786886,0.16323389,0.24909537,0.13788632,0.020836022,0.28879765,-0.14626285,0.002947772,-0.01338744,-0.18393444,0.0,-0.13672319,0.0,0.07003303,-0.24267025,0.13547285,-0.44067177,-0.020150308,0.03697897,0.24634339,0.02483925,-0.24895501,0.59649074,0.07837634,0.50428736,0.0,-0.005174185,-0.015653022,0.3963483,0.93430495,0.12498249,0.017315546,-0.0143686645,0.13050233,-0.036360655
0.0,0.0016846536,0.0,-0.08574945,0.13473043,0.0,-0.04063439,0.18679327,0.18722026,0.0,0.0,0.3137777,0.0,-0.0960671,-0.00508235,0.0,0.0,-0.18285094,0.3155501,0.102788195,0.03134454,0.093300074,0.72771835,-0.14887175,0.0,0.0,0.0,-0.005730729,0.0,0.06793444,0.036212824,1.3184327,0.0,0.094000995,0.03346381,-0.05844184,-0.011942029,-0.08501984,0.02911913,0.00040823966,0.24053629,0.023467993,-0.012154197,0.0,0.0,-0.119056866,0.05786886,0.2831252,0.002590923,-0.027162427,0.020836022,0.32331923,0.15000762,0.0343177,0.038369432,-0.27909803,0.0,-0.22388774,0.0,0.040801097,-0.2251465,-0.19178234,1.1198895,0.06402972,-0.03022147,-0.034480758,0.009710375,-0.14312202,-0.16579598,0.0067094173,0.12054731,0.0,0.0028868867,0.009196964,-0.16553086,-0.47848085,-0.20133618,-0.01650167,0.050143477,0.28625202,-0.008061543
0.0,-0.005746929,0.0,-0.29624617,-0.06387709,0.0,-0.047530413,-0.4944621,-0.020440567,0.0,0.0,0.15332502,0.0,0.52440864,0.018281346,0.0,0.0,-0.19762921,-0.072982155,-0.123760805,0.04753886,-0.121327326,0.5322248,-0.30042416,0.0,0.0,0.0,0.003799649,0.0,-0.1399617,0.045670673,-0.8981211,0.0,0.13512745,0.06836553,-0.07978654,-0.08735703,-0.14780284,0.111949824,-0.04144579,0.18970941,0.053300224,-0.010371937,0.0,0.0,-0.13728666,-0.023060879,0.0009029098,-0.19119541,-0.042512685,0.020836022,0.04757187,-0.14626285,0.0047140345,-0.01338744,-0.42038476,0.0,-0.20635954,0.0,0.048607774,-0.462002,0.1200977,-0.40058783,-0.03233392,-0.025500897,-0.16226935,0.020949898,-0.41342038,-0.3921429,-0.04851658,0.052891023,0.0,-0.06633721,0.032791603,-0.14484449,-0.28626415,-0.033994563,0.04452329,-0.042395208,0.11585265,-0.08539145
0.0,0.010480577,0.0,-0.1884551,-0.050321717,0.0,0.057967182,-0.28602725,0.036786526,0.0,0.0,-0.12556465,0.0,0.84097457,0.056883782,0.0,0.0,-0.072656915,-0.07177936,0.0546638,0.06167955,0.17047253,0.7591192,0.039897535,0.0,0.0,0.0,-0.0048830016,0.0,0.19743186,0.14183727,-0.51609504,0.0,0.022967296,0.04968133,-0.05844184,-0.0041048415,0.0055444147,0.111949824,-0.13115892,-0.22403023,-0.028707393,0.10557337,0.0,0.0,0.090034336,0.012220484,-0.06878194,0.1340141,-0.026336035,0.020836022,-0.30873185,0.15000762,0.0047140345,0.014752143,0.033115897,0.0,0.4256657,0.0,0.13293904,-0.03548933,0.119232655,-0.3455519,-0.009080026,0.03697897,0.22399077,0.01374558,0.51701653,0.30886638,0.07837634,0.2440594,0.0,-0.003074443,-0.0125571545,-0.20531979,-0.53799784,0.10099575,-0.017440012,0.16901988,0.13938576,-0.036360655
0.0,-0.017282784,0.0,-0.12591259,0.11055821,0.0,-0.047530413,-0.35785583,-0.034439497,0.0,0.0,0.15332502,0.0,0.4596278,0.009219654,0.0,0.0,-0.08307332,-0.17034833,-0.05941371,-0.012652902,-0.17823796,0.6507558,-0.17711578,0.0,0.0,0.0,0.003799649,0.0,-0.069722176,0.03723719,-0.6856588,0.0,0.13512745,0.09320861,-0.066180885,0.010590106,-0.12037182,0.16511184,-0.081900395,0.1409088,0.04631973,-0.007810443,0.0,0.0,-0.11431526,-0.007666567,-0.011172658,-0.020042405,-0.0077778576,0.020836022,0.14709675,0.15000762,0.0047140345,-0.01338744,0.1607466,0.0,-0.15010253,0.0,0.048607774,0.8361302,0.2087144,0.8223277,-0.030444484,0.013440128,0.15996708,0.03833711,0.62750363,-0.15802404,-0.053835757,-0.3582681,0.0,0.0028868867,0.032791603,-0.12620682,-0.27549988,0.22664851,-0.01650167,0.050143477,0.12587684,-0.027852783
0.0,0.023597678,0.0,0.58029157,0.27791423,0.0,0.082974434,-0.62741345,-0.018224468,0.0,0.0,0.099068604,0.0,-0.14441729,0.040430583,0.0,0.0,0.2206114,0.039205566,0.09634036,-0.08578847,0.20815074,0.093370505,1.1081104,0.0,0.0,0.0,-0.0048830016,0.0,-0.027395818,0.1081011,-0.47426954,0.0,-0.04767602,-0.04888314,0.04565864,-0.0012796614,0.07844875,-0.04545743,0.03731569,-0.23490742,-0.044129968,0.012292086,0.0,0.0,-0.028823538,0.0039598867,0.014284382,-0.02449844,-0.026336035,-0.030113949,0.37277946,-0.14626285,-0.0021407288,0.014752143,0.18983983,0.0,0.08924167,0.0,-0.16252959,0.102198906,0.13554081,-0.3498466,-0.014083447,0.02329402,-0.024165858,0.02483925,0.5716136,-0.1643734,0.0018887455,-0.63084275,0.0,0.026653565,-0.007317054,0.4037702,0.88874686,0.09429909,0.04452329,-0.012031175,0.25138944,-0.02486581
0.0,0.10067856,0.0,-0.18719262,0.2246255,0.0,0.060359623,0.48658717,0.17440969,0.0,0.0,0.2225956,0.0,0.19794811,-0.04069329,0.0,0.0,-0.19035399,-0.08077355,-0.05941371,0.056496058,-0.11820538,-0.37725255,-0.25070366,0.0,0.0,0.0,0.0024566827,0.0,-0.069722176,-0.23507768,0.326707,0.0,0.1561887,0.09213875,-0.10980531,0.34733707,0.0101482365,-0.024446456,0.11948663,0.18873526,-0.045611314,0.05534815,0.0,0.0,0.026896134,-0.10920243,0.06364094,0.1488433,-0.01607262,0.020836022,0.20722672,0.15000762,0.02382337,-0.034819923,-0.23674743,0.0,-0.1469412,0.0,0.048607774,-0.12131306,0.13012102,-0.23589174,-0.020150308,0.014352061,0.16756533,0.03833711,0.5502237,0.11132471,0.045596316,0.41210154,0.0,-0.035783768,0.032791603,-0.23383115,-0.38110426,-0.07591474,0.04452329,-0.012588564,0.2655176,0.009516547
0.0,-0.0017803004,0.0,-0.35544944,0.20906165,0.0,-0.028243065,-0.7273455,0.03308166,0.0,0.0,0.10640238,0.0,-0.11567804,0.019899208,0.0,0.0,-0.23066114,-0.07177936,-0.16715516,-0.09546392,-0.30814737,-0.29379705,0.80033064,0.0,0.0,0.0,0.003799649,0.0,-0.11025086,-0.3262253,-0.8987646,0.0,-0.055125758,0.07645397,-0.043472253,-0.038868394,-0.40631145,-0.013964228,-0.08277956,-0.2916571,-0.05191552,-0.065226674,0.0,0.0,-0.022883995,0.006379824,-0.0024041869,0.032833435,-0.003989476,-0.030113949,-0.39808223,-0.14626285,0.0047140345,0.014752143,0.059481874,0.0,0.0868614,0.0,-0.25425476,-0.17773259,0.13571163,-0.43471244,-0.009080026,-0.03858506,-0.070770726,-0.09386016,-0.46410576,0.12215405,-0.0002137553,0.29035535,0.0,-0.033901077,-0.0125571545,0.39455742,0.375449,0.04035557,0.04452329,-0.042395208,0.13003054,-0.070594996
0.0,-0.0383802,0.0,-0.11948949,0.09851819,0.0,-0.028019536,0.26142162,-0.018205458,0.0,0.0,0.22500092,0.0,-0.023726147,-0.08885348,0.0,0.0,0.16104762,-0.2691109,0.17804277,0.04379762,0.11462736,-0.42997816,-0.35187733,0.0,0.0,0.0,-0.00655496,0.0,-0.031008702,0.04785535,0.2611055,0.0,0.13512745,0.047914866,-0.09711909,-0.04527998,0.16086125,0.022204269,0.057495143,0.18873526,0.04631973,-0.009069146,0.0,0.0,0.008800917,0.006600863,-0.048520662,0.0077612326,0.13788632,0.020836022,0.25664073,0.15000762,0.0343177,-0.034819923,-0.023286726,0.0,-0.12454255,0.0,0.07003303,0.8890675,0.18993394,0.98927087,0.21013635,0.022307917,-0.0040671034,-0.09386016,-0.14610949,-0.15285142,-0.053835757,-0.19145755,0.0,-0.029402334,0.032791603,0.44928434,0.56173635,0.28968686,0.0163839,-0.0063699386,-0.0037093759,0.031729452
0.0,0.023597678,0.0,0.4701207,0.2701802,0.0,-0.0054047294,-0.4530639,0.0078840945,0.0,0.0,0.10640238,0.0,-0.1795143,0.0044412334,0.0,0.0,-0.18750297,0.02282457,0.110594384,0.10461358,-0.23068854,0.22452387,0.96580803,0.0,0.0,0.0,0.0024566827,0.0,-0.08299093,-0.0091561545,-0.5145345,0.0,0.057444025,0.06927955,0.090903,-0.0012796614,-0.2616413,0.11531366,0.10007331,-0.30317035,-0.09784387,0.02858253,0.0,0.0,0.009395145,0.006379824,-0.0024041869,0.08029062,0.04026861,-0.030113949,0.24404949,-0.14626285,-0.0021407288,0.014752143,0.3588936,0.0,0.09091513,0.0,-0.15353447,-0.31968474,0.21871212,-0.26014918,-0.009080026,-0.03858506,-0.086027645,0.02483925,0.658215,0.18577749,0.03852278,0.4059186,0.0,0.026653565,-0.007317054,0.3619866,0.8204681,0.06652859,0.04452329,-0.012031175,0.25736326,-0.01505841
0.0,-0.053606022,0.0,-0.15329552,0.13226081,0.0,-0.0054047294,0.3016894,0.015893603,0.0,0.0,0.22963634,0.0,-0.023726147,-0.08885348,0.0,0.0,0.14268316,-0.2679081,0.17804277,0.09195143,0.14028087,-0.3281682,-0.34359145,0.0,0.0,0.0,-0.0048830016,0.0,-0.039555416,0.06225288,0.2251975,0.0,0.022967296,0.047914866,0.090903,-0.009691544,0.03958845,-0.12030828,0.083903134,0.18873526,0.05441336,-0.005041187,0.0,0.0,0.015037408,0.006600863,-0.048520662,0.029393926,0.07898313,-0.030113949,0.22705403,-0.14626285,0.02382337,0.038369432,0.07283442,0.0,0.2703285,0.0,0.16217098,0.6778138,0.22254571,0.83762556,-0.020150308,-0.040996805,-0.03292456,-0.09386016,-0.19513312,0.18565091,6.500818e-05,0.35452393,0.0,0.0030338066,-0.04477231,0.38420966,0.8949827,0.2616783,0.0163839,-0.0063699386,0.21624655,0.045734935
0.0,-0.13707452,0.0,-0.30411395,-0.053054444,0.0,-0.028019536,0.14440003,-0.03877402,0.0,0.0,0.1143332,0.0,-0.08108413,-0.14832367,0.0,0.0,0.11366065,-0.09690247,0.0546638,0.05157105,0.093300074,-0.5145514,-0.479431,0.0,0.0,0.0,-0.0048830016,0.0,-0.03852741,0.07020447,0.08293714,0.0,-0.002334088,-0.0058091553,-0.15020256,-0.036519133,-0.018228091,-0.12370713,-0.14156733,-0.32382438,-0.09784387,-0.0060230317,0.0,0.0,0.0107032005,0.012220484,-0.10409512,-0.09443351,-0.026336035,-0.030113949,0.32321092,-0.14626285,0.015223346,-0.034819923,-0.30259153,0.0,-0.27314943,0.0,0.052053783,-0.42530563,0.062293172,-0.48720428,-0.029252412,0.03697897,-0.037919603,0.02483925,0.3845146,0.19854167,-0.06451039,0.28725636,0.0,0.0023730155,-0.04477231,-0.22339578,-0.64381623,-0.07022376,0.017315546,-0.007013416,0.1368093,0.11137243
0.0,0.091454424,0.0,0.23268816,-0.09289172,0.0,-0.005879516,0.49798355,0.059590645,0.0,0.0,0.1895447,0.0,-0.13736777,0.061488625,0.0,0.0,0.3389645,-0.04986968,-0.17811036,-0.06816982,0.16988268,0.100607775,-0.30961746,0.0,0.0,0.0,0.003799649,0.0,-0.04539974,-0.20795241,-0.5216336,0.0,0.06441507,-0.026953869,0.10877744,0.046097215,0.35009852,-0.0017931256,-0.024036152,0.18970941,0.05441336,0.014250609,0.0,0.0,0.006169797,0.006600863,-0.044839002,0.069839224,0.06500323,-0.030113949,0.27878398,-0.14626285,-0.0039069913,-0.034819923,-0.079758525,0.0,0.044773728,0.0,-0.29179853,0.76040083,0.15387057,-0.28722557,-0.020150308,0.03697897,0.124746546,-0.06081355,-0.34088182,0.123180024,0.03874701,0.41138354,0.0,0.03463398,-0.015653022,0.34003705,0.74050796,0.15617947,0.017315546,-0.004255897,0.2563078,0.03851789
0.0,-0.017282784,0.0,-0.14196973,0.044855814,0.0,-0.030411977,0.15651911,0.037141465,0.0,0.0,0.2129652,0.0,-0.10692282,-0.053471312,0.0,0.0,0.30062068,0.27271876,0.11184305,0.08841926,-0.11383556,0.1515665,-0.36977193,0.0,0.0,0.0,0.003799649,0.0,-0.033635087,-0.05998759,-0.86003387,0.0,0.020052772,0.14071482,0.13567221,0.1797159,0.25079796,0.0028981846,0.0052458663,0.1409088,0.04471879,-0.005956213,0.0,0.0,0.035992913,-0.014665447,0.0518522,-0.03370027,-0.051655672,0.020836022,0.21780431,0.15000762,0.0047140345,-0.034819923,0.279318,0.0,-0.13164487,0.0,0.048607774,0.84272295,-0.14216134,1.7053734,0.22073485,0.022307917,-0.07786156,0.03833711,-0.2120179,-0.11627275,0.03536352,-0.37594315,0.0,-0.0033362545,0.032791603,-0.17737697,-0.45914128,0.14248066,-0.01650167,-0.012577478,0.14538124,-0.016610906
0.0,0.04219395,0.0,-0.12830377,-0.3267955,0.0,-0.03821034,0.3275245,0.033321656,0.0,0.0,0.26572806,0.0,-0.15382838,-0.063065335,0.0,0.0,0.10539526,0.30185148,0.102788195,0.042718932,-0.14235274,0.11305237,-0.4123919,0.0,0.0,0.0,0.0044592978,0.0,-0.02442715,0.03723719,1.2109792,0.0,0.042212117,-0.003615439,0.14111362,-0.01587174,0.0047912225,0.10444656,0.045677155,0.13993464,0.02032709,0.01967232,0.0,0.0,-0.033220902,-0.014665447,0.05745164,-0.0013153423,-0.027162427,0.020836022,0.25298476,0.15000762,0.0343177,-0.034819923,0.18642874,0.0,-0.09386902,0.0,0.026655447,0.47166163,-0.15326712,1.5421335,0.21013635,0.022307917,0.019008344,0.010546386,-0.14501074,-0.14507465,-0.053835757,-0.52224433,0.0,0.0030338066,0.011464402,-0.16852257,-0.6307261,-0.2950776,-0.01650167,-0.0063699386,0.41925478,-0.0041161883
0.0,0.010480577,0.0,-0.33726037,0.15918821,0.0,0.028387044,-0.35832024,0.03031331,0.0,0.0,-0.11035424,0.0,-0.3465271,0.018281346,0.0,0.0,-0.24578033,-0.08803476,-0.05941371,-0.08969465,-0.16189484,0.5291467,-0.5215505,0.0,0.0,0.0,0.003799649,0.0,-0.0701541,0.06628335,-0.83294344,0.0,0.1561887,0.050145738,-0.044836186,-0.03199397,0.00840752,0.07598834,-0.041087523,-0.22403023,-0.020921841,-0.010371937,0.0,0.0,-0.13728666,0.012220484,-0.15726654,-0.08922658,-0.01607262,-0.030113949,-0.4326867,-0.14626285,0.0047140345,0.014752143,-0.37612173,0.0,-0.20635954,0.0,0.037355088,-0.13379064,-0.33792824,-0.48379388,-0.009080026,0.00081730634,-0.11925883,0.010546386,0.64447314,-0.25196913,0.0067094173,0.28279933,0.0,-0.033901077,-0.0125571545,-0.2531577,-1.0848747,-0.033994563,-0.04484333,-0.042395208,0.14132732,-0.08539145
0.0,-0.02590413,0.0,-0.25644803,-0.112260476,0.0,-0.030411977,-0.22028585,0.024970204,0.0,0.0,-0.111244224,0.0,-0.0518717,-0.028759375,0.0,0.0,0.03842124,0.14280239,0.11184305,0.045130186,0.093300074,-0.5862674,-0.26818395,0.0,0.0,0.0,-0.0048830016,0.0,0.08566924,0.04132563,-0.94382167,0.0,-0.06126851,0.042645305,-0.09900821,-0.03906473,-0.17120847,0.015837295,-0.09453161,-0.26932535,0.028908521,-0.010371937,0.0,0.0,-0.014170495,0.012220484,-0.16503073,-0.106667764,-0.051655672,0.020836022,0.2834411,0.15000762,0.0152083635,-0.01338744,0.24366859,0.0,-0.18418081,0.0,0.040801097,-0.44905627,-0.2631664,-0.5799256,-0.014083447,0.013440128,-0.10986464,0.01374558,-0.23689753,-0.39876592,0.027089914,-0.06546794,0.0,0.13501294,0.009196964,-0.17985153,-0.7168265,-0.14685403,-0.04484333,-0.013770258,0.081435956,-0.043540612
0.0,0.018862372,0.0,0.19179557,0.27639058,0.0,-0.04063439,0.3452232,0.02406622,0.0,0.0,0.35624757,0.0,0.23926865,0.23505464,0.0,0.0,-0.1531832,0.11543673,0.051241256,0.038722776,0.11462736,0.79463476,-0.37759918,0.0,0.0,0.0,0.05434408,0.0,0.19743186,0.041386496,0.7126161,0.0,-0.06126851,0.03942232,-0.09047754,0.020029813,-0.07213114,-0.026501192,0.03805186,0.18873526,0.04631973,-0.008804493,0.0,0.0,0.0923927,0.006600863,-0.06487508,0.13399698,-0.013496511,-0.030113949,-0.32050514,-0.14626285,-0.07946331,0.038369432,-0.22194836,0.0,-0.202,0.0,0.052053783,0.8993557,0.13351582,-0.3326867,-0.009080026,-0.03858506,-0.07946625,0.020949898,0.32837966,-0.1593667,0.0015225969,0.2799778,0.0,-0.03930919,-0.0125571545,-0.18404093,-0.11098037,0.1818635,-0.04484333,-0.0061646886,-0.46100074,0.030824337
0.0,-0.014280103,0.0,-0.075566605,0.27937838,0.0,-0.04063439,-0.06573727,-0.030762803,0.0,0.0,0.25751615,0.0,-0.15851766,-0.052202657,0.0,0.0,-0.13415428,0.18890548,0.11759933,0.048127703,0.08659817,0.6611171,-0.123709336,0.0,0.0,0.0,-0.005730729,0.0,0.13501525,0.04785535,0.98722214,0.0,0.026291031,0.036010694,-0.065412715,-0.012365818,-0.16965096,0.0215931,-0.15784873,0.16031703,0.04631973,-0.012154197,0.0,0.0,0.0923927,0.0077715544,0.09808884,0.030212015,0.041532192,0.020836022,-0.2031168,0.15000762,0.0343177,-0.01338744,0.1670576,0.0,-0.07962455,0.0,0.057383664,0.738373,0.13967036,1.4474658,0.21013635,0.026713694,0.018178148,-0.051291317,-0.14110005,-0.13690284,0.037659783,-0.5520989,0.0,-0.0033362545,0.009196964,0.36135522,0.38446265,0.05834913,-0.01650167,-0.012577478,0.3340667,-0.008061543
0.0,0.020144738,0.0,-0.12987399,0.31542617,0.0,-0.028019536,0.49374804,0.031307433,0.0,0.0,0.23694307,0.0,-0.20049928,-0.13061488,0.0,0.0,-0.1656066,0.12650312,0.11184305,0.04265014,0.11462736,0.7651533,-0.093107,0.0,0.0,0.0,-0.013853187,0.0,0.28000194,0.057179663,-0.63883173,0.0,-0.06126851,0.07538107,-0.07978654,0.0043803826,-0.40631145,0.025060184,-0.026214248,0.22112805,0.04631973,-0.007910885,0.0,0.0,0.09577699,0.006600863,-0.06409757,-0.031462334,-0.09017888,-0.030113949,0.3893314,-0.14626285,0.0152083635,0.038369432,-0.27737552,0.0,-0.14243577,0.0,0.052053783,0.79819137,0.14337954,-0.33806777,-0.011571269,0.00081730634,0.36088142,0.03833711,-0.33840084,0.12263752,0.030392291,0.30100518,0.0,0.002882584,0.009196964,-0.1876261,0.7874508,0.18447341,-0.017440012,0.050187692,-0.054937452,0.12022026
0.0,-0.051229153,0.0,-0.21680133,-0.15528531,0.0,-0.011124631,-0.64356047,-0.043456316,0.0,0.0,0.099068604,0.0,-0.21011724,0.018281346,0.0,0.0,0.25022927,-0.07898525,-0.05941371,-0.1462013,-0.16467907,-0.58019155,-0.3217984,0.0,0.0,0.0,-0.0048830016,0.0,-0.029980697,0.056288835,-0.67351866,0.0,-0.009312481,-0.28073892,0.09042786,-0.034758605,0.012415534,-0.06245628,-0.16461371,-0.07882162,-0.02630035,0.024823133,0.0,0.0,-0.014170495,0.012220484,-0.15726654,-0.19497013,-0.01607262,-0.030113949,-0.26504475,-0.14626285,0.0047140345,-0.01338744,-0.24896412,0.0,-0.21066487,0.0,0.052053783,-0.38218042,0.15310447,-0.44648027,-0.03233392,-0.025500897,-0.11624622,0.02483925,0.66616124,-0.36897177,-0.04851658,0.2697,0.0,0.02309354,-0.04477231,-0.17781022,0.42620003,0.113725424,-0.04484333,0.054898802,0.123250924,-0.08338529
0.0,0.013220509,0.0,-0.24778095,-0.10679492,0.0,-0.030411977,0.12168438,-0.001803413,0.0,0.0,0.14405666,0.0,-0.41346052,-0.12897378,0.0,0.0,-0.2925874,-0.11974646,0.11184305,0.03432352,0.093300074,1.0601437,-0.19609931,0.0,0.0,0.0,0.0024566827,0.0,-0.097414024,0.036212824,-0.9299022,0.0,-0.08042714,0.042645305,-0.05844184,-0.028446026,-0.14780284,0.025366493,-0.05975811,0.18970941,0.028908521,-0.012348633,0.0,0.0,0.08339044,-0.023060879,-0.110800825,0.0184866,-0.09017888,0.020836022,-0.47297612,0.15000762,0.0152083635,0.038369432,-0.4413665,0.0,-0.27314943,0.0,0.040801097,-0.4302345,-0.21194771,-0.2801946,-0.009080026,-0.078438014,0.008952236,0.01374558,-0.29219976,-0.2929333,-0.0091796275,0.24748582,0.0,-0.003074443,0.009196964,-0.16553086,-0.76528084,-0.15155117,-0.017440012,0.16901988,0.082911044,0.016786756
0.0,-0.01977582,0.0,-0.26411065,-0.09400882,0.0,-0.030411977,-0.60808283,0.0022250973,0.0,0.0,0.08422601,0.0,-0.24521427,0.011592394,0.0,0.0,-0.19023643,-0.073056996,-0.099959314,-0.049191788,-0.16804585,-0.5733684,-0.654103,0.0,0.0,0.0,0.0024566827,0.0,-0.0969821,0.056288835,-0.9310459,0.0,0.0005996693,-0.035183832,-0.096555725,-0.067633666,-0.40917456,-0.017328054,-0.02759244,-0.1896123,0.053300224,0.10557337,0.0,0.0,-0.014170495,0.0060259434,-0.07985758,0.19013482,-0.042512685,-0.030113949,-0.44338349,-0.14626285,0.0047140345,-0.01338744,0.2138371,0.0,-0.08525912,0.0,0.039404415,-0.5451119,0.13183607,-0.52923465,-0.043515738,0.013440128,-0.0019972157,0.017740404,-0.45156378,-0.3921429,-0.04851658,-0.6916314,0.0,-0.033901077,-0.0125571545,-0.22339578,0.49374467,0.07765308,-0.04484333,-0.042395208,0.13488854,-0.036360655
0.0,-0.04835247,0.0,0.3410377,0.29882005,0.0,-0.0054047294,-0.36754426,-0.02682767,0.0,0.0,0.15046252,0.0,-0.15607074,0.030464854,0.0,0.0,-0.12875202,0.05512311,0.068917826,0.04753886,0.16713741,0.48006305,-0.17058702,0.0,0.0,0.0,-0.0048830016,0.0,0.19743186,0.06922138,0.25339696,0.0,-0.02516381,0.041863646,-0.065412715,-0.060073536,-0.14491765,0.114241585,-0.1058703,0.20911765,0.05441336,-0.007594453,0.0,0.0,0.09577699,0.017217122,0.057207756,0.0138233695,0.027585665,0.020836022,0.07563421,-0.14626285,0.008368582,-0.01338744,0.074815825,0.0,0.21760944,0.0,0.16217098,0.48129022,0.2066309,-0.099025525,-0.020150308,0.00081730634,0.11850011,0.020949898,0.40783387,0.040343814,-0.014112201,0.4727294,0.0,-0.100015834,-0.04477231,0.32328418,0.535041,0.15185227,0.017315546,-0.0067741517,0.24908885,-0.026825145
0.0,-0.051229153,0.0,-0.2145873,-0.1271139,0.0,-0.030411977,-0.68149525,-0.043992393,0.0,0.0,0.10640238,0.0,-0.21011724,0.018281346,0.0,0.0,0.17283913,-0.09690247,0.11184305,-0.09992916,-0.16467907,-0.487268,-0.5856854,0.0,0.0,0.0,-0.0031571304,0.0,-0.05132007,0.11114085,-0.9463711,0.0,-0.02339534,-0.035183832,0.09042786,-0.067633666,-0.43258017,-0.16273154,-0.0033625476,-0.25787523,0.053300224,-0.065226674,0.0,0.0,-0.03131862,0.012220484,-0.15726654,0.04349371,-0.09017888,-0.030113949,-0.21872692,-0.14626285,0.0047140345,-0.01338744,-0.33995736,0.0,-0.23471767,0.0,0.052053783,-0.48094985,0.12811834,-0.43137804,-0.020150308,-0.025500897,-0.15103666,0.017740404,-0.46017486,0.20832092,-0.013119202,0.39936003,0.0,0.13501294,-0.04477231,-0.19061778,0.4290024,0.07122625,0.04452329,-0.013770258,0.12963024,-0.070594996
0.0,-0.051229153,0.0,-0.20101938,-0.0988121,0.0,0.057967182,-0.51124704,0.05375221,0.0,0.0,0.076892234,0.0,-0.15463577,0.056883782,0.0,0.0,0.3106594,-0.07898525,-0.03561221,0.076018475,0.17102444,-0.3244096,-0.20301086,0.0,0.0,0.0,0.0024566827,0.0,-0.03852741,0.11114085,-0.4636333,0.0,0.011748772,-0.00095184986,-0.043472253,-0.038182177,-0.28791,-0.042873293,0.14836223,-0.25787523,0.1021591,-0.03419589,0.0,0.0,-0.03131862,0.012220484,-0.0862016,0.17294666,-0.01607262,0.020836022,0.3552228,-0.14626285,0.002947772,-0.01338744,-0.1744581,0.0,-0.15110064,0.0,0.07003303,-0.3466911,0.20524773,-0.31553608,-0.020150308,0.03697897,0.39574513,0.017740404,0.84652865,0.59649074,0.07837634,0.4468299,0.0,-0.005174185,-0.04477231,0.46142298,0.8362881,0.20591258,0.017315546,-0.0143686645,0.13050233,-0.048413556
0.0,-0.021800812,0.0,0.28434712,-0.008670192,0.0,-0.00873219,0.354552,0.05424017,0.0,0.0,0.15330972,0.0,0.39912432,0.059951268,0.0,0.0,0.08666797,-0.057795133,-0.05941371,-0.065584704,0.11678984,-0.5014193,-0.43101484,0.0,0.0,0.0,-0.0048830016,0.0,-0.042697307,0.16602445,-0.40479624,0.0,-0.056432128,0.11026855,-0.021964218,0.007068664,0.25016508,0.0024948213,-0.09794555,0.22112805,0.05441336,-0.004035013,0.0,0.0,0.0107032005,0.012220484,-0.06878194,-0.031138012,-0.01607262,-0.030113949,0.32208893,-0.14626285,-0.0021407288,0.038369432,0.33363414,0.0,-0.08525912,0.0,0.039404415,0.011056298,0.2291604,-0.16522777,-0.011571269,0.03697897,0.45462358,0.03833711,0.6475484,0.357688,0.062487293,0.39360484,0.0,0.032673795,-0.0125571545,-0.1551165,0.7937826,-0.019729584,-0.017440012,-0.0061646886,0.26563412,0.065496966
0.0,-0.052068137,0.0,-0.2236144,-0.35148084,0.0,0.057967182,0.14613485,0.039086796,0.0,0.0,0.11235668,0.0,-0.24725007,-0.053471312,0.0,0.0,-0.19628601,-0.37045756,0.11184305,-0.036358774,-0.12382473,-0.44537327,-0.09438646,0.0,0.0,0.0,0.0024566827,0.0,-0.08951321,0.03723719,-0.9721403,0.0,-0.02339534,-0.035979748,0.06703071,-0.042612676,0.016700706,-0.07772766,-0.12534261,-0.12762225,0.02032709,0.01967232,0.0,0.0,-0.033220902,-0.014665447,0.05745164,0.02973751,-0.051655672,0.020836022,0.27701634,0.15000762,0.0047140345,-0.034819923,0.20278645,0.0,-0.18366334,0.0,0.037355088,0.45979887,-0.3167418,0.51983774,-0.028249709,0.013440128,0.0013743471,0.010546386,-0.25603977,-0.15566316,-0.053835757,-0.469586,0.0,0.0030338066,0.032791603,-0.13707735,-0.93299973,-0.33822915,-0.01650167,-0.0063699386,0.1984999,-0.0041161883
0.0,-0.051229153,0.0,-0.29621142,-0.20193745,0.0,0.031239718,-0.62112314,-0.06878214,0.0,0.0,0.10640238,0.0,-0.16602246,0.017130207,0.0,0.0,-0.29362613,-0.09690247,-0.22150472,-0.13258316,-0.2624917,0.07808917,0.28818932,0.0,0.0,0.0,0.003799649,0.0,-0.11025086,0.060578756,-0.78186524,0.0,-0.054497346,-0.16378513,-0.043472253,-0.011699386,-0.29188472,-0.059078474,0.044390064,-0.25787523,-0.09784387,0.024823133,0.0,0.0,0.011501454,0.016376223,-0.10807765,-0.1334574,0.00610004,-0.030113949,-0.019072417,-0.14626285,0.002947772,-0.01338744,0.013414599,0.0,-0.059317183,0.0,-0.13656674,-0.33959904,0.13183607,-0.45699552,-0.043515738,0.03697897,0.13532457,-0.04343356,-0.42182842,0.42392197,-0.014710292,-0.20137322,0.0,-0.005174185,-0.04477231,0.41050857,0.51602334,0.113725424,0.017315546,-0.0143686645,0.11879493,-0.08338529
0.0,0.09347942,0.0,-0.16473563,-0.1797217,0.0,0.057967182,-0.40102106,-0.023331627,0.0,0.0,-0.13094597,0.0,0.1388555,0.011193283,0.0,0.0,-0.112847865,-0.07177936,-0.07111617,0.025281101,-0.075460866,0.17221543,-0.4409237,0.0,0.0,0.0,-0.0031571304,0.0,-0.06225329,0.17372112,-0.4397746,0.0,0.022967296,0.104167044,0.04565864,-0.0129322875,0.22969028,-0.09319864,0.10007331,-0.1902484,0.04631973,0.05534815,0.0,0.0,0.026896134,0.05786886,0.27131662,0.13800597,0.024575535,0.020836022,-0.109066956,-0.14626285,0.0047140345,-0.01338744,-0.009238668,0.0,0.36784998,0.0,0.16217098,0.16741768,0.1795851,-0.35260385,-0.020150308,-0.025500897,0.021899054,0.02483925,0.7173407,0.21414459,0.07837634,0.4212497,0.0,0.13501294,-0.015653022,0.3924574,0.71707904,-0.0069539826,0.04452329,-0.013770258,0.14043441,-0.032334294
0.0,0.023597678,0.0,0.29482722,0.1579001,0.0,-0.028019536,0.07558514,0.03958561,0.0,0.0,-0.3656772,0.0,-0.1795143,-0.07024507,0.0,0.0,-0.24743484,-0.056517497,0.110594384,0.09972485,0.15969658,-0.18080577,1.0016496,0.0,0.0,0.0,0.0024566827,0.0,-0.08299093,0.061652713,-0.31168777,0.0,0.022967296,0.08565336,0.090903,-0.011913907,0.2230053,0.027985463,-0.13932508,0.14897536,0.1021591,0.02858253,0.0,0.0,-0.022883995,0.006379824,-0.0024041869,0.07636949,0.04026861,-0.030113949,-0.25113943,-0.14626285,-0.0039069913,-0.034819923,-0.1717757,0.0,0.1475412,0.0,-0.29179853,-0.29597083,0.20303352,-0.21789522,-0.020150308,0.00081730634,0.40497085,-0.09386016,0.51681036,0.25568727,0.0012683757,0.47081718,0.0,-0.06777454,-0.007317054,0.38350493,0.6960653,0.10132782,0.017315546,-0.0044789384,0.24089913,-0.0055337
0.0,0.010480577,0.0,-0.32758898,-0.080560446,0.0,-0.011124631,-0.29544345,0.036786526,0.0,0.0,-0.2602171,0.0,0.45924324,0.018281346,0.0,0.0,-0.19018288,-0.06727612,-0.07111617,-0.09546392,-0.18796365,-0.53219163,-0.52610487,0.0,0.0,0.0,0.003799649,0.0,-0.11270178,-0.24082118,-0.85771155,0.0,0.078302406,-0.056691367,-0.04536137,-0.044373203,0.0055444147,-0.017328054,-0.10320084,0.14897536,-0.028707393,0.016787617,0.0,0.0,0.026896134,-0.023060879,-0.016503043,-0.10735299,0.024575535,-0.030113949,-0.39821756,-0.14626285,0.0047140345,0.014752143,0.41497016,0.0,-0.059014373,0.0,-0.049997807,-0.1705462,0.019920684,-0.51574683,-0.009080026,0.03697897,-0.110272236,0.010546386,0.48632064,0.10534283,0.0014432743,0.34386823,0.0,-0.033901077,-0.0125571545,-0.21573956,-1.0210422,-0.017663686,-0.04484333,-0.042395208,0.18220235,-0.08219072
0.0,0.0962352,0.0,-0.192215,-0.034755357,0.0,-0.05531069,-0.42071286,0.061827444,0.0,0.0,0.099546656,0.0,0.105171174,0.011433728,0.0,0.0,-0.0035350807,-0.26290107,0.09634036,0.09399834,-0.20572278,0.1827325,0.5136622,0.0,0.0,0.0,0.003799649,0.0,-0.026021693,-0.04575181,-0.54042625,0.0,-0.024076335,0.104167044,0.090903,-0.0012796614,0.06381226,0.018091833,-0.03091238,-0.22339416,0.04631973,-0.007810443,0.0,0.0,0.01324787,0.0029693118,-0.010872193,-0.034758832,-0.026336035,0.020836022,0.20744994,0.15000762,0.0152083635,-0.01338744,0.08975912,0.0,0.13634199,0.0,0.07716443,0.7079825,0.2441772,1.2045859,0.14701562,0.022307917,-0.018443812,0.02483925,0.51397187,0.08644927,-0.02445829,-0.47313607,0.0,-0.0033362545,-0.015653022,0.383348,0.7085805,0.22760433,-0.01650167,-0.012577478,0.124783374,-0.027852783
0.0,0.003759305,0.0,0.1789813,0.17216876,0.0,-0.030547993,0.2919377,0.026868515,0.0,0.0,-0.40018973,0.0,0.5339753,0.23669577,0.0,0.0,-0.1382702,-0.057795133,0.14446476,0.038722776,0.09690685,0.61929107,0.15809944,0.0,0.0,0.0,0.05434408,0.0,0.28000194,0.16602445,0.89550704,0.0,-0.056432128,0.041863646,-0.09047754,0.016674444,-0.16874284,0.025060184,-0.026378928,0.15326053,0.04631973,-0.004035013,0.0,0.0,0.065044746,0.012220484,-0.075392395,0.06262248,-0.027162427,0.020836022,-0.2886027,0.15000762,-0.07946331,0.038369432,0.47298193,0.0,-0.10461713,0.0,0.039404415,0.06984721,0.11707315,-0.29239556,-0.011571269,-0.03858506,-0.08184327,0.020949898,-0.16210246,0.21314496,0.062487293,0.34043437,0.0,0.0074862065,0.009196964,-0.105765454,0.3749656,-0.05546333,-0.04484333,-0.0061646886,-0.5247532,0.04113372
0.0,0.10067856,0.0,-0.06351802,0.30629787,0.0,-0.047530413,0.33268368,0.033298336,0.0,0.0,0.29869193,0.0,0.59349465,-0.1870746,0.0,0.0,-0.17748383,-0.09590099,0.0546638,0.03432352,0.08659817,0.7922645,0.09873104,0.0,0.0,0.0,-0.013853187,0.0,0.13035105,0.039593004,-0.16246286,0.0,-0.056432128,0.04968133,-0.05844184,0.23377286,0.14133184,0.031655602,-0.03054461,0.18970941,0.030021656,-0.0060230317,0.0,0.0,0.09577699,-0.012456273,-0.020993214,-0.084549055,-0.026336035,0.020836022,0.05026618,0.15000762,0.023006465,0.038369432,0.44336742,0.0,-0.12187629,0.0,0.028151728,0.48895726,-0.3477655,-0.20449144,-0.03233392,0.00081730634,0.08059082,0.01374558,0.37794402,0.1600807,-0.015824037,0.429594,0.0,0.033194963,0.032791603,-0.15924114,-0.790575,-0.2754887,-0.017440012,-0.0068033226,-0.3809039,0.11137243
0.0,-0.033652328,0.0,-0.12807201,-0.0026832223,0.0,-0.028243065,0.50135887,-0.085847214,0.0,0.0,-0.3656772,0.0,0.58615893,0.1382832,0.0,0.0,-0.1688827,-0.06727612,-0.07111617,-0.052047092,0.17304522,0.65905005,-0.16562009,0.0,0.0,0.0,0.003799649,0.0,0.19743186,0.1065481,-0.41614044,0.0,0.078302406,-0.02845402,-0.010345828,0.24449056,0.19017807,-0.032509677,0.0711977,0.12859298,-0.05191552,0.012804254,0.0,0.0,0.090034336,0.012220484,-0.06878194,-0.051130287,0.024575535,-0.030113949,-0.27853864,0.15000762,0.0047140345,0.038369432,0.3540419,0.0,-0.062616765,0.0,-0.07924048,-0.06258393,0.26037726,-0.233384,-0.011571269,0.03697897,-0.033159584,0.02483925,0.5838521,0.28518537,-0.06451039,0.4143584,0.0,-0.0033476287,-0.0125571545,-0.22418132,0.68785655,0.111817196,0.04452329,-0.012588564,0.14111394,0.2132911
