ela_meta.lin_simple.adj_r2,ela_meta.lin_simple.intercept,ela_meta.lin_w_interact.coef_min,ela_meta.lin_w_interact.coef_max,ela_meta.quad_simple.adj_r2,ela_disp.ratio_mean_02,ela_disp.ratio_median_02,ela_disp.diff_mean_02,ela_disp.dist_all_mean,ela_ic.h_max,ela_ic.eps_s,ela_ic.eps_ratio,ela_ic.h_zero,ela_ic.m0,ela_cm.mean_ofs_10,ela_cm.sd_ofs_10,ela_cm.n_cells,ela_cm.coverage,ela_lc.r_pearson_dist_centroid,ela_lc.r_pearson_nn,ela_lc.y_std,ela_lc.y_skewness,ela_lc.y_kurtosis,nbc.nn_nb.dist.ratio.mean,nbc.nn_nb.dist.ratio.sd,nbc.nb.fitness.ratio.mean,nbc.nb.fitness.ratio.sd,nbc.n_candidates,nbc.dist.ratio.coeff_var,fdc.r,fdc.p_value,fdc.dist.mean,fdc.dist.sd,fdc.slope,gh.mean,gh.sd,gh.norm.mean,gh.norm.sd,gh.angle.mean,gh.neg_ratio,ls.mean,ls.min,ls.max,ls.ratio,ls.log_mean,ls.lml,sample.n,sample.y_min,sample.y_max,sample.y_mean,dataset
0.08015959325577593,0.13173459073997823,-0.0013377806147312065,0.0016692611761891603,0.15134865499692585,0.4172909193185624,0.3922697898609725,-9.183947044036902,15.6341623259509,2.17939952861862,0.0,500000000000.0,2.17939952861862,0.6312210407013568,0.04218866869562921,0.008731268747414552,25.0,1.0,0.07837662244813737,0.5899817480606504,0.06579009201342283,5.274997120606924,34.256895058316694,76.04584172919878,309.31477590962396,0.9394855975722197,0.12252908288178456,3.3333333333333335e-05,4.067477838053234,-0.30717368943747514,0.0,18.383809722307028,7.865146074796054,-0.0025693068788979704,0.0001680162866579121,0.33511965422247986,0.09597402807804183,0.3374258982168507,78.56436252187422,0.245,1.27460801335869,1.2049884388995082,1.3442275878178715,1.115552269567343,0.10537664452746162,-227.1117816129696,30000.0,0.48433734939759,0.614629948364888,0.5014865247278509,1069_pc2
0.46165239668276625,0.32526955794908397,-0.009594322375925538,0.021435459090638462,0.7345565241457811,1.0647430177194088,1.0329116287659719,0.9061622684548976,15.661408597127325,2.902841663942329,0.01,49.999999994999996,2.7449569567241996,0.20314010467015567,0.2747832200249926,0.029421218493563755,25.0,1.0,-0.3954336210158841,0.9411083663678603,0.298876713189904,0.37286188014127,-1.5622716908748577,11.984582983998708,49.50922819379758,0.7495214625407493,0.22630397789513376,0.00016666666666666666,4.131076422091283,-0.2515537364025568,0.0,20.58922920404636,8.45194898979283,-0.008895382877076793,0.0014577896827064523,0.6916494896790387,0.44177998849006855,0.502969298038772,65.58729275888751,0.4727,1.7265719352477256,1.486865231482092,1.966278639013359,1.3224323209522293,0.23718467734562854,-160.90626040876845,30000.0,0.48760162601626,0.815142276422764,0.594157445799458,1073_jEdit_4.0_4.2
0.3543540526126888,0.1007918153597537,-0.00496880198336213,0.009835439941342096,0.5520571350477015,1.6167957607885295,1.6035107953086052,5.711853960333441,15.6759082162762,1.8322011113349324,0.01,49.999999994999996,1.7753985682754398,0.6561552051735058,0.14379011871026603,0.023715852705346523,25.0,1.0,-0.039681725896814644,0.9210199534529464,0.1610312520308164,2.2966126255242236,4.8582158564475115,83.14496348571109,170.05217154315378,0.7836425495398339,0.1637795534431195,3.3333333333333335e-05,2.0452492179201704,-0.4066907554334822,0.0,13.984288405990295,6.4068558888062235,-0.010221955152055609,0.0002420108297147028,0.25903514243081494,0.18290079871108228,0.3756039541451992,81.07948072671522,0.17956666666666668,3.9082237974197915,0.8652583486995955,6.951189246139988,8.033657527348865,0.5919794248527849,-113.89647195398999,30000.0,0.494818652849741,0.761816300569572,0.5214725869891241,1451_PieChart1
0.4892211098145932,0.2618658959403187,-0.024908387744273914,0.023336841449732172,0.6790910059397219,1.429861973878461,1.390687603122768,4.481931890502059,15.636059369352594,1.9619274614523012,0.0,500000000000.0,1.9619274614523012,0.684556151871729,0.38546199216954363,0.04166620482358963,25.0,1.0,-0.0965137524711963,0.9995479527334223,0.4212400437965564,1.0739504681883338,-0.7810867594489714,9.073076968340553,34.42441602641281,0.7916318540880748,0.36137386599093874,0.5880666666666666,3.794128072155566,0.14910136451866482,1.112860795090215e-148,14.766996370980774,6.920824536518856,0.009075234811808053,0.015099287432609694,0.2868367869092593,0.04356179725089375,0.16578334451161442,73.57158680469105,0.24896666666666667,3.7696294387846487,3.3307581518077236,4.208500725761573,1.2635263606504132,0.5762986603913832,53.329690445753045,30000.0,0.5,1.0,0.630903515231166,1504_steel-plates-fault
0.5264163763486831,0.2180771168360742,-0.02133357696118762,0.016920527328161846,0.7081352725227424,0.7889740078194183,0.7365744295358979,-2.9857165012486053,15.695717093058676,2.8969412007494446,0.01,49.999999994999996,2.582976456017794,0.21924064135471183,0.30801013351924106,0.03721916746987199,25.0,1.0,-0.004523923633431173,0.9928707523897264,0.32648059539763835,1.315592062842042,-0.014441109356872595,2.873158190579243,12.597236890252644,0.6363436372077421,0.33977427518438674,0.2288,4.384456425529634,0.35206834746733395,0.0,17.897901913353902,7.919640947852241,0.014513856163632646,0.004382483410270197,0.5862412062922167,0.17224367957520886,0.19883765741973256,67.4534443229729,0.4343666666666667,2.917296867598447,2.171073629207349,3.6635201059895453,1.6874232438286283,0.4649806256936017,-30.056644353936548,30000.0,0.0666666666666667,0.876984126984127,0.24493180776014112,299_libras_move
0.45373450034372853,0.16956404445019446,-0.022031016642293868,0.015620460687141504,0.6953590530689822,1.845022276525377,1.8184553482802817,6.778878775027335,15.648155506673215,1.5454478016405209,0.001,499.9999995,1.5116454551324237,0.7401913397113237,0.313057072600084,0.04018204901691147,25.0,1.0,0.13234624254448624,0.9993818420361373,0.348456441025261,1.6894637192228656,0.9978541920420945,2.495796065964927,16.830667703436866,0.8596686746049093,0.2887870543058013,0.7409333333333333,6.743606952887408,0.23743511866996467,0.0,16.157380334744836,7.3578615411459145,0.011244686046732287,0.003993150786871607,0.2029966297063052,0.04534693029052737,0.12101817184530571,78.31775218791921,0.13896666666666666,4.47024838930178,3.8283325039262577,5.112164274677302,1.3353501216085693,0.6503316553705257,117.86203257912749,30000.0,0.166666666666667,0.987816764132554,0.30714501438596015,35_dermatology
0.49664858979111426,0.3378391809073944,-0.01687590657075705,0.006942761401132096,0.711887521544684,0.5889403979012042,0.5228019731247284,-6.569733523150777,15.657939473904,2.88592581470928,0.01,49.999999994999996,2.428502975598587,0.05700190006333544,0.21069482434741588,0.027761967555477985,25.0,1.0,0.40164766849862354,0.9695407646428175,0.22434616969990753,0.2785579615672884,-1.2501995444831593,2.953881512658895,7.6964065586865305,0.8454963192440539,0.14560396800891182,0.0001,2.605523114485426,0.6473699761214935,0.0,17.533889591995706,7.793606834828886,0.01863474774153917,0.00036254923111534327,0.7072745502674278,0.2714598806425892,0.2369373836348154,65.30154262000185,0.5159333333333334,4.306480632472251,0.5053290452722436,8.107632219672258,16.044263229097123,0.634122498404873,-141.7876343409896,30000.0,0.0055555555555555,0.416666666666667,0.14455,475_analcatdata_germangss
0.5660091690468176,0.28878699240921807,-0.017722314511090236,0.02540766672109535,0.778724835102579,0.9387433885352644,0.8724626547786742,-0.7811915956991076,15.632567517793804,2.5577517686655313,0.001,499.9999995,2.2361731600304546,0.3739124637487916,0.34225831679749336,0.04047129728294343,25.0,1.0,-0.24977825583161994,0.9996157327602773,0.3577633889809916,0.8673169062723265,-0.8662009220617697,2.084370435779895,3.156148519250887,0.936936645156852,0.13143403299119788,0.376,1.5141975078285246,0.5112144671942661,0.0,14.089628514347838,6.555700048601352,0.027898607010852235,0.033856370762606836,0.4536984769123842,0.05572936592299469,0.07774495184783634,58.052329894220115,0.4082,4.213701356356447,3.408363606339392,5.019039106373502,1.4725656315062332,0.6246637519929906,90.112731994097,30000.0,0.25,0.920123181488129,0.4426925617065259,1497_wall-robot-navigation
0.4650756516774126,0.21951863030929986,-0.01873632160487792,0.020656665088162652,0.6562949651173704,1.7669125230408194,1.7326744847051878,6.538697343045371,15.668680946572188,1.6939624822089077,0.01,49.999999994999996,1.546359985524463,0.6957898596619887,0.3161333672563685,0.03573618557787881,25.0,1.0,-0.11009895226616784,0.9932609433405691,0.3551095920375163,1.1428072894629115,-0.6136750527832966,128.87590715265242,257.3280963917999,0.47345853560426393,0.413434682946331,3.3333333333333335e-05,1.9967122022814936,-0.03873949294432158,1.9196817953608248e-11,11.51096477584258,4.288090196292376,-0.003208165733519328,0.000748279909675178,0.22071360868691212,0.12462958395539588,0.2719507679649559,80.34841222042982,0.17566666666666667,3.2239188097687363,0.8394403506525937,5.608397268884879,6.681114702811397,0.5083840961253052,-122.3740228195335,30000.0,0.495934959349594,0.909656479964009,0.5883826978694688,481_biomed
0.3824009341524037,0.138554132839257,-0.010638962599282778,0.009922098028985877,0.5906191940999941,2.1822651305139185,2.1880577881652274,8.157504484012627,15.698141545976304,1.2091244382395594,0.01,49.999999994999996,1.1574742222629317,0.8059935331177706,0.18287892916889772,0.02275389038169608,25.0,1.0,0.10112448880948605,0.946036022301258,0.2051747590930084,1.9798922031713606,2.358044706924109,141.19293737178873,259.0005676600414,0.7367456678398727,0.1110321846177367,3.3333333333333335e-05,1.8343733934654267,-0.5472962981893068,0.0,16.644314517746633,7.551009722224115,-0.014871176519807587,0.00018796060572155517,0.14371905382186978,0.1547901684273812,0.4150288795121282,84.80501289599772,0.0934,1.352478358162558,1.1261477269217492,1.5788089894033663,1.4019554909705627,0.13113032442160621,-193.27085421807675,30000.0,0.481981981981982,0.866066066066066,0.5353761102769437,55_hepatitis
0.3386466811851584,0.37085905742449865,-0.008635294090642377,0.0031949155407094564,0.45580044909901696,0.6375919802381187,0.5987034788181147,-5.655803447379293,15.65449298535026,2.851906497247727,0.05,9.9999999998,2.493097221090232,0.0727024234141138,0.10737186106135613,0.015343384260765374,25.0,1.0,-0.0790571670397214,0.7368339041545353,0.13700752207742803,1.3045512206432215,1.3316772210225443,3.442507494280143,11.766124167036274,0.8506056027366136,0.12654175244945595,3.3333333333333335e-05,3.4178935518899287,-0.08596059823688608,2.610889541862651e-50,15.048894737298198,6.910613605326104,-0.001704046390143204,0.00015693753791775117,0.7068661346681164,0.4547252705550202,0.43577932974182887,66.69224615831382,0.49546666666666667,1.347383663751083,0.12074594371068978,2.574021383791476,21.317663390312937,0.12949127747907976,-265.5074105032837,30000.0,0.205218855218855,0.625420875420875,0.3610718069584736,48_tae
0.38241705756249833,0.14936166959689715,-0.012693562104237756,0.012681182611693749,0.5984718388909462,2.1948372876822932,2.2048287523162458,8.208037145495991,15.677959174181693,1.162683727532533,0.01,49.999999994999996,1.1019625191263187,0.8163938797959932,0.2339388162238678,0.02948187114628495,25.0,1.0,0.09892996589787982,0.9775630814076164,0.25191712655552295,1.907268283040106,1.8518558089824646,189.7269108834297,339.2712038909413,0.5650357755629302,0.19627154251444576,3.3333333333333335e-05,1.7882081266763021,-0.5451273151193592,0.0,16.100432698224118,7.359085636662314,-0.018661066863227237,0.00021299643789114508,0.13498016309440755,0.12325747394956388,0.3479083159819631,84.70343816782055,0.0898,3.369113084557201,0.4517387382998789,6.286487430814523,13.916201772865076,0.5275155883558253,-135.74930196320562,30000.0,0.484903381642512,0.892256596060944,0.5458194072835376,448_analcatdata_boxing1
0.21748383400569804,0.4208743553712688,-0.0025829474772217594,0.0024244852016293956,0.3376759651694019,2.261010273655078,2.275009561363908,8.461742521324798,15.653818527725436,1.1194422845912588,0.01,49.999999994999996,1.0538714245010425,0.8232941098036601,0.044269104670680834,0.005404716485902056,25.0,1.0,0.09019367427302011,0.56830279963563,0.06596783742389802,2.911136172296173,10.313854538214601,168.44414354034635,1661.2560770686334,0.9467528565537225,0.08425644891782864,6.666666666666667e-05,9.86235580621842,-0.5148287325886769,0.0,16.871965328388722,7.767350021710583,-0.004369526856994439,0.00011949186113849779,0.12851914699305134,0.1234020792133263,0.3820409109709686,85.58743789849947,0.0833,1.1783582112464945,0.355810258824215,2.000906163668774,5.6235201600853255,0.07127733248832353,-263.3662712200711,30000.0,0.0709941383960991,0.206318200680946,0.1279616434222398,1551_autoUniv-au6-400
0.2560457279120798,0.49524482420480914,-0.012481792408209041,0.01606539422474392,0.608440880025884,0.6561602733742027,0.5876666857669125,-5.304056922871723,15.671366858918368,2.8142573170335434,1e-05,49999.9950000005,2.813052359161934,0.15450515017167238,0.29398103386921065,0.0373311375231408,25.0,1.0,-0.29597978792306756,0.9739607716041939,0.3489692866922814,0.17013860306468703,-1.4953020306023943,3.0306677390852936,9.07399216778348,0.8088020074336829,0.26674619826759505,0.038033333333333336,2.9940570689280404,0.27975795437048573,0.0,13.952059603849987,6.4202667126216335,0.015205799518318313,0.00427957676013651,0.7009087964680385,0.33024083801916393,0.41614179876201396,63.554349861679825,0.5351666666666667,3.257439072588753,0.873593717101936,5.64128442807557,6.457560668800981,0.512876301380624,-127.22518798673048,30000.0,0.5,1.0,0.7474401851851852,446_prnn_crabs
0.545245642957238,0.6154227479311761,-0.02327982751251016,0.013483492167135899,0.9021010254009544,0.6362463166199492,0.5414533811337132,-5.438403866412083,15.688407243366006,3.0025474830223575,0.01,49.999999994999996,1.9943194034664997,0.0029667655588519618,0.3002292060102742,0.03840469310605404,25.0,1.0,-0.4681308641119525,0.9954335010253397,0.3168055706134839,-0.6505382445729349,-0.8579469158823434,2.4811241358871454,7.740607445463675,0.9376418864159519,0.12032897509011392,0.00016666666666666666,3.1197985354702293,0.6343346037982623,0.0,20.78086564821069,8.438015836750967,0.023815009273665914,0.022324903041726244,0.708671056463846,0.14077131074553495,0.15120564178651907,59.43140013680513,0.5887666666666667,4.085819107964493,0.9685155829103997,7.2031226330185865,7.437281092954321,0.6112791351423811,-62.702177268624524,30000.0,0.102768361581921,0.765517890772128,0.5109597576898933,18_mfeat-morphological
0.40747905479757784,0.197278402010313,-0.011647448154621196,0.014927271762499156,0.5967104232830269,1.8495335139242808,1.851537668387215,7.008770711174513,15.67908891445194,1.5506876486651189,0.01,49.999999994999996,1.4812317657959515,0.7242908096936564,0.22320207653736107,0.02786058638545912,25.0,1.0,-0.1114196813243829,0.9436132473112353,0.25714716639342894,1.4123179426379473,0.3173765778632598,106.06676689287622,209.9173579343367,0.6973298002818462,0.12243110194245001,6.666666666666667e-05,1.9791058413833245,-0.3604209718958787,0.0,13.618636389947081,6.226157737012368,-0.01488588420169551,0.00012024394008481058,0.2031983526959671,0.22707902826415627,0.5032988442807836,83.02365419621036,0.14153333333333334,2.750214615982619,0.38742736088287827,5.11300187108236,13.197317451760604,0.4393665857941109,-205.05320496869174,30000.0,0.48025641025641,0.845592185592186,0.5524900773300774,1456_appendicitis
0.3351095302436533,0.12515325629917914,-0.008333356033373514,0.009501965585828076,0.5394379006955263,2.238797826056904,2.2630530973440854,8.377759539705544,15.654630504349518,1.1235105967124475,0.01,49.999999994999996,1.0903995220087606,0.8184939497983266,0.1694452765823489,0.022335765733082533,25.0,1.0,0.09550646938696611,0.9336706114265461,0.18867169562151523,2.278243015537283,3.792702843241284,138.54591953764202,272.59280243399235,0.7492977207400399,0.14883833518359674,3.3333333333333335e-05,1.9675267474039804,-0.4734464700938293,0.0,14.555583676920618,6.70082163317514,-0.013330719717798326,6.505162119764749e-05,0.13374751546338423,0.14727101384195013,0.42045148133401755,85.10889035664931,0.08923333333333333,1.7913172952696794,1.0846295159753878,2.498005074563971,2.303095239221161,0.25317251905968396,-175.18349373644176,30000.0,0.486325085589791,0.770573159819483,0.522086816902687,1600_SPECTF
0.35208000967687325,0.19823200464618418,-0.00883910350453795,0.021980031317970276,0.5812280460564927,1.7191902138610862,1.7547118933487496,6.521919644041171,15.685588152677632,1.6652790685466945,0.001,499.9999995,1.577450949960892,0.6879562652088403,0.32005771374676084,0.03937795919944251,25.0,1.0,-0.21127692073274493,0.9985329249448325,0.3467286498472028,1.3359300928934896,-0.031331202764198096,123.65687816203437,246.934137194608,0.7072619415381585,0.1966258424103856,3.3333333333333335e-05,1.9969300605424853,-0.5672776691158958,0.0,21.0195627649934,8.452776642087516,-0.023269705369890707,0.004091576124308326,0.2285877729838972,0.06517090432432408,0.14461148464428675,76.87785286359089,0.12726666666666667,3.676695190319428,2.7923646714664487,4.561025709172407,1.6333918545013992,0.5654576269727623,6.444048442674841,30000.0,0.499512937546366,0.951723158693287,0.5893632449300804,1570_wilt
0.26612078544819295,0.19124516752605647,-0.005934000452982455,0.005977534949823754,0.4529501472521337,0.5659194409483858,0.5559771921824851,-6.825969770771364,15.640491156171743,2.2160020856768874,0.001,499.9999995,2.184605366709983,0.568952298409947,0.11441749153147317,0.0168541053410091,25.0,1.0,0.11333028496442368,0.8536025481039421,0.14216084994425363,2.8421466717295756,7.472667113345473,69.8938430258048,157.6272060826685,0.9041515687606757,0.12281506952408716,3.3333333333333335e-05,2.255237360814032,-0.42973003713329294,0.0,14.89464245725491,6.9458430744173265,-0.008795182287313496,1.1913826624906082e-05,0.34026407299774375,0.1862284698348537,0.4797995414232482,78.67391623077486,0.24183333333333334,1.7351172856328378,1.3818032298053327,2.088431341460343,1.5113811405355073,0.2393288363499539,-174.41917094609238,30000.0,0.465139263252471,0.707996406109614,0.5116697717214069,1071_mw1
0.5201046312199733,0.4454216769044251,-0.018707591922768038,0.03428584415369636,0.7683125568617721,1.1304440254941426,1.0629518401159346,1.5745692808276583,15.617073264061732,2.387459398015685,0.001,499.9999995,2.360572761281746,0.5403513450448348,0.4309522122576319,0.041643430325812,25.0,1.0,-0.4283984291374967,0.9995512558565356,0.46967942436982024,0.199777061961051,-1.8885739821939147,2.9250351530207874,6.650721394485141,0.9015511506238393,0.24534113938429997,0.42383333333333334,2.2737235781985157,-0.022094582755708116,0.00012964189803624688,15.372561885343208,7.178694161663185,-0.001445581592782583,0.010486126504695856,0.39909127583733983,0.05618588465585026,0.15644446443332388,67.92670228186061,0.2774,4.771649883033817,4.710467115029396,4.8328326510382364,1.0259773676409691,0.6786685700686533,125.09257179953372,30000.0,0.5,1.0,0.7228322067171392,1462_banknote-authentication
0.3676905879145902,0.14764279162545246,-0.003709353692850034,0.008894453255563555,0.558068598186728,0.500238189898806,0.4551907766821652,-7.618549709921759,15.694899180970495,2.2031537721543,0.001,499.9999995,2.1433784750684044,0.5421847394913164,0.11557366923884806,0.01746962941809499,25.0,1.0,-0.05664029253931172,0.8184296780368545,0.13791703942778494,1.9199995409608464,3.008922863570459,68.96794648156684,209.45600587965728,0.8511795849325926,0.16984126869135824,3.3333333333333335e-05,3.03700510983948,-0.4722469814422663,0.0,12.104287567385464,4.895035133967067,-0.013305474208781677,0.00027009896776063896,0.34750936187771125,0.24095253131184693,0.4729743190692388,78.61615261793186,0.23546666666666666,1.3722934709748034,0.6728048053540746,2.071782136595532,3.079321253512961,0.13744699708228234,-225.11825181961711,30000.0,0.487421383647799,0.657809618385587,0.5124084572279757,1068_pc1
0.28737230309066675,0.25680923728719335,-0.007612409674864816,0.004943246147289736,0.5007255399772764,0.5766809009737691,0.5730454399635095,-6.6258027063913385,15.66241673672155,2.30536994303032,0.01,49.999999994999996,2.2005094465916266,0.5300510017000567,0.12099002119855738,0.017938247729413284,25.0,1.0,0.12402303354371985,0.8656388338249552,0.14684749820791526,2.3977543368352716,4.893530260602116,66.93612168367183,160.54260395986452,0.8734649124936114,0.10863021067217728,3.3333333333333335e-05,2.3984449639696463,-0.26532635782547265,0.0,12.099163918660029,4.960364777376706,-0.0078544981261073,1.5931707910413073e-05,0.3568325341581741,0.19625342405159907,0.4561561416985192,78.16289054548005,0.24926666666666666,1.3884210779699067,1.294559951489084,1.4822822044507293,1.145008543439468,0.14252119818359307,-192.81204953377727,30000.0,0.449308328291994,0.685793002621496,0.5100279566948982,13_breast-cancer
0.5143074803215864,0.24302628516367306,-0.021832908755785644,0.021141651002920907,0.7099520976304896,1.4881758539996417,1.4324108542033787,4.879482565121821,15.664172784255902,2.1541177386723267,0.001,499.9999995,2.084941663781994,0.5463515450515017,0.34345743269747236,0.038199132785496616,25.0,1.0,-0.0975808518501341,0.9983156141981726,0.3693554027273108,1.0706124604442961,-0.7259380479416984,69.60555003613905,170.5972066119088,0.7553573711311298,0.17058665005210066,6.666666666666667e-05,2.450913849877383,0.23522538392829856,0.0,12.87881405904708,5.657246923918806,0.015357750914303503,0.004483329007049499,0.34074638136528795,0.07931154567655946,0.14959116569165165,74.53981240368199,0.26153333333333334,2.55420718233938,2.2810295662124354,2.827384798466325,1.239521328590165,0.40725612178324055,-59.85657775101862,30000.0,0.497607655502392,0.875293866455733,0.5892804072686281,1494_qsar-biodeg
0.1786197485677007,0.17367413976398294,-0.004273446455516237,0.0021625916464697564,0.36933084523353865,0.5904368992691115,0.5785249684665992,-6.42081594094882,15.674090783884756,2.178627285654758,0.001,499.9999995,2.055630859771474,0.5616520550685022,0.07588828168528182,0.011386492926402689,25.0,1.0,0.1263848721782274,0.7043378123019505,0.09864547854059251,3.1179146012805488,10.893791153777162,73.30063399993433,203.3492631992662,0.8287270952802833,0.14136350740036682,3.3333333333333335e-05,2.7741815057076535,-0.18402805925512428,9.524304590236796e-227,12.26853524641536,5.077028921664693,-0.003575497203474218,4.386990922770798e-05,0.32792926129663696,0.179655956074854,0.47526363544282496,79.0737190279842,0.22666666666666666,1.9954546156805621,0.5653056321538947,3.4256035992072293,6.059737254251534,0.30004185470425493,-221.27071060760053,30000.0,0.454315215273719,0.740151957919345,0.50390259634464,336_SPECT
0.3876206218772199,0.08668288982152438,-0.00526011879039878,0.009362569766557997,0.5871752908890835,1.5999396232317646,1.5828471367206973,5.5852417146135505,15.616874813906357,1.8684866787372842,0.01,49.999999994999996,1.7905611845609832,0.6532884429480983,0.1334472192875518,0.021725148305733202,25.0,1.0,-0.03049538639840143,0.8982326912749539,0.14890169133805564,2.2165990806288827,4.716029235238626,84.42886534520785,162.89667306463056,0.6230287596775514,0.20205613567127542,3.3333333333333335e-05,1.9293955023389946,-0.2018635724194369,2.342483891395358e-273,11.919782771864162,4.83934633280517,-0.0062112015334032915,0.00025226831606853576,0.2624692985602486,0.19581611278504119,0.3831416980456985,81.09650882106838,0.18606666666666666,1.359051216900371,0.9688161060452725,1.7492863277554698,1.8055917081047377,0.13323582376598506,-211.81539717810466,30000.0,0.497257751356112,0.783044221261434,0.5222616175430519,1443_PizzaCutter1
0.0877569362534496,0.1376514261893027,-0.0014273660139002139,0.0021557452875849447,0.15828504855509007,0.5150741679311247,0.5250580246439411,-7.536620246988365,15.66110590791001,1.367277300716543,1e-05,49999.9950000005,1.3668903595273165,0.7994933164438814,0.0467732314705688,0.008715120239929796,25.0,1.0,0.07242760178773879,0.5280242336698986,0.07582751418904203,5.207812540855285,30.8292899460632,114.61057957495136,213.81619161837216,0.9294582044580152,0.13499907281257592,3.3333333333333335e-05,1.865588608061631,-0.35491843906432174,0.0,18.80143869115772,8.080428722168387,-0.003330460621918911,3.989580997732361e-05,0.17370735142363292,0.11524322264561618,0.42897713918843533,84.2717555211578,0.1249,1.9570060141597225,0.33927661004126664,3.5747354182781783,10.536345013093719,0.29159216030940727,-239.55638051709096,30000.0,0.480185161911943,0.641614650971192,0.5024333433757372,1452_PieChart2
0.43965009325318793,0.1505558711276553,-0.015797833398432694,0.01602478865388881,0.6604075174295356,1.9226604966075471,1.8942239396289455,7.186772512599402,15.655148884648048,1.4642392710739207,0.01,49.999999994999996,1.3477945051176485,0.7545918197273243,0.2794160217091911,0.03419587033937374,25.0,1.0,0.0641469863757605,0.9927011386354732,0.2929704364179336,1.7041451012960596,1.1573823491653261,147.76068953925991,338.42577246410036,0.7751629192396827,0.10853639799087335,3.3333333333333335e-05,2.2903640577163022,-0.46424821962230134,0.0,16.595809312718632,7.383398156361455,-0.018421420691045156,0.001285462379360396,0.17991001991249164,0.09469077101564087,0.21742506203683118,81.74086512186139,0.10276666666666667,3.5651056218381796,3.4896257118694307,3.6405855318069285,1.0432596021467253,0.5520724010328824,44.994143031521105,30000.0,0.332114004716744,0.735468035709776,0.39223833533408137,185_baseball
0.48656334768504805,0.3942576955569782,-0.012362319657472347,0.028758401055774967,0.7469831280497256,0.6667840816419215,0.5959817314797605,-5.061167306411859,15.637117920250931,3.05600843186527,0.01,49.999999994999996,2.4146568168266,0.0584352811760392,0.36675213642810106,0.03969075387842507,25.0,1.0,-0.32443641488558794,0.9903354285284514,0.3889904944064843,0.6065876486331657,-1.3993392425649194,3.0697211250630914,19.376425611075824,0.8089005752958901,0.23476107807827934,0.0052,6.312112671365635,0.48882869976247123,0.0,17.321282961129224,7.88010995569054,0.02413033100330987,0.008672142376601253,0.7064039061518316,0.23338905094138312,0.26439719586750887,60.804891542464816,0.5442333333333333,3.213553422419431,2.0338144353277636,4.393292409511099,2.160124509491412,0.5069855240595676,-24.76986282163037,30000.0,0.111111111111111,1.0,0.4599175497136609,694_diggle_table_a2
0.472930753676285,0.5019065114877146,-0.019019292214509827,0.01637784342428972,0.7418636894386301,0.6415102320971289,0.5457431553841926,-5.3547106192994995,15.659742409711024,2.7787725492602235,0.01,49.999999994999996,2.2172086244462874,0.028000933364445483,0.2803740312989075,0.03403544486365288,25.0,1.0,-0.437252156977508,0.8825033264350957,0.3162352342662506,-0.1425149578805532,-1.589445694259869,3.229495877057971,15.646212419473573,0.83370560978879,0.1934345604079909,6.666666666666667e-05,4.8447847636586,0.4216912143954524,0.0,16.63730652366961,7.3780206325221425,0.01807398736494234,0.0028181927538521293,0.7067374390915211,0.5934970205453767,0.7703030740880533,65.75130301516158,0.5308,1.8068705913698184,0.4933417333425825,3.120399449397054,6.325026322522538,0.256927049369953,-220.5840490768432,30000.0,0.490990990990991,0.911095305832148,0.7016916943259048,464_prnn_synth
0.5474536068046802,0.21054538764862007,-0.021370341590743906,0.018688806304363655,0.7660288076326441,1.4528120706763574,1.3944248321115558,4.592518735913808,15.60387502878943,2.035435030662306,0.001,499.9999995,1.9393970721259652,0.5607186906230208,0.31462456538322564,0.03805229774422952,25.0,1.0,-0.016649911585107986,0.9984762758476935,0.332228552152294,1.2759223801110369,-0.07893804729599685,77.95122168870132,176.48559849987362,0.8869149468470168,0.10021955271570578,6.666666666666667e-05,2.264051732308541,-0.09694972343585789,1.449721813336901e-63,16.068543106638753,7.355293728390917,-0.004379129767091298,0.010578999081653336,0.31845235653955983,0.06697331173049205,0.11988722940153007,74.2461645780123,0.21893333333333334,2.964956606729298,0.8247788880655063,5.10513432539309,6.18970053581371,0.4720183416815671,-110.05724663012717,30000.0,0.498542274052478,0.768105969737242,0.5555292019982596,1037_ada_prior
0.5407523101705337,0.2269018073238234,-0.021816083281518163,0.020071352345541554,0.7485782437039319,1.4576187920402737,1.3999696830262174,4.651322591355365,15.601169165331752,2.0439520707626033,0.001,499.9999995,1.9250249303572713,0.5547184906163539,0.32872439593586616,0.03870825046549731,25.0,1.0,-0.07024067519951377,0.9984637982858917,0.34888248997809396,1.1561539418584583,-0.41366635325973933,72.14660715982016,163.98174348946048,0.8620100692825665,0.11156088605747493,3.3333333333333335e-05,2.272896120065682,0.24679221932283202,0.0,12.45572763763691,5.270261374545014,0.016337387272513614,0.00884315582588815,0.32165239768912696,0.07098510202225139,0.1305897216250334,74.03910079462256,0.26456666666666667,4.37098457085005,2.938961792290366,5.803007349409734,1.9745092857724462,0.640579273475222,93.36741989928973,30000.0,0.498541958936623,0.772032814857485,0.5611535100631267,1043_ada_agnostic
0.24891812653383238,0.21449835320752142,-0.004922742306285526,0.005515428376670437,0.41578181359240196,2.203128609050236,2.2277555378693,8.296457916350901,15.668985673167187,1.6000914960521073,0.001,499.9999995,1.5879220355743406,0.7321910730357679,0.1016976178705013,0.014226139717694744,25.0,1.0,0.10568799887551367,0.7920591983951353,0.1288176831758707,3.0064217275879153,8.790473903249497,97.92755583668347,367.26166183839314,0.9050765294063753,0.1209597711589458,3.3333333333333335e-05,3.75034032760791,-0.38402606894808355,0.0,13.40089409187582,6.073886446906798,-0.00814435524415528,0.00014498463961835938,0.21379237296589912,0.1911038802497582,0.5091370450967513,82.66365987039893,0.15193333333333334,2.4501492454009988,0.8951810504874913,4.005117440314506,4.474086485777323,0.3891925392545007,-157.05649105710043,30000.0,0.45324846356453,0.728276509608819,0.5122138785240464,1442_MegaWatt1
0.20412415350107893,0.11372156173379452,-0.00220149227604957,0.008083079997660747,0.3905594488863322,1.8803949904364479,1.9306473417578063,7.344798319265243,15.663253262478918,1.5979609750788115,0.0001,4999.99995,1.5810539634944263,0.703956798559952,0.14015063033171535,0.018722699386538047,25.0,1.0,-0.24571078666110518,0.9326059160960808,0.16068464097154425,2.226304187235229,3.8767281405717346,91.11208410369453,282.63538820970876,0.9197425813447321,0.1424570418798562,3.3333333333333335e-05,3.1020625967466486,-0.4881363170128642,0.0,14.93956202196162,6.953091642869325,-0.011280831491934519,0.00026133765878340597,0.22383383134323284,0.1556913583194941,0.36461507478610566,82.03991799461144,0.14883333333333335,1.8873813415659821,0.472058472565406,3.3027042105665583,6.996387952981728,0.2758596573488705,-199.62696323350946,30000.0,0.191856401693601,0.389837296678492,0.21447655363290402,1530_volcanoes-a4
0.4630682240345465,0.23333974114215797,-0.018409367384277946,0.01843185352837291,0.6556246275288351,1.7325017953788426,1.7094276527443284,6.395100235544289,15.65819861213015,1.7153463986462072,0.01,49.999999994999996,1.627673948154782,0.6738557951931731,0.3002939997522452,0.035416726759814665,25.0,1.0,-0.0945983639521182,0.9923874243787505,0.3322364754247064,1.204868514558936,-0.3920238972140342,87.4639171106389,162.98816128208907,0.8732096085079477,0.08759548005164629,3.3333333333333335e-05,1.86349030167392,-0.38918061455242586,0.0,17.741214949575436,7.646763130606599,-0.016909257147738676,0.0010023542818148724,0.23868098388773906,0.12169969658700222,0.2553803423266566,80.0349855220109,0.1575,3.2108348784865033,2.213378687453916,4.20829106951909,1.901297366497213,0.5066179719615147,-22.58589828550126,30000.0,0.490668724279835,0.746440329218107,0.55045034739369,37_diabetes
0.6023772202689195,0.5203386751835365,-0.038182902239350835,0.0032711112612231327,0.6473615162219374,0.8177229026077654,0.7423467119304035,-2.44429313621114,15.650741583262233,2.6660761762332976,1e-05,49999.9950000005,2.664565318691632,0.35054501816727224,0.3441182605494632,0.041133395110708744,25.0,1.0,-0.12333628341098293,0.9974279792635161,0.42826794106157845,-0.22020735929505716,-1.788653526971273,2.752569380125145,7.433724467920288,0.9372572903078004,0.13769332551429625,0.2975,2.7006492630458654,0.5034924375411443,0.0,13.312555913923351,6.038038107393686,0.03571158590300609,0.009151515874143066,0.5103357037714982,0.12957860663103704,0.2976565920096868,63.153060956803074,0.3940666666666667,6.620275952189366,1.275272478299092,11.96527942607964,9.382527757541723,0.8208760924632313,62.714744263497806,30000.0,0.166666666666667,1.0,0.6019722222222224,377_synthetic_control
0.43396289906949315,0.18875660384142928,-0.013492448032883284,0.013452184909609491,0.6283992257877704,1.8163552622151335,1.7905979294985517,6.739957216780107,15.64497687601496,1.5852783513149509,0.01,49.999999994999996,1.4907279587115896,0.7068902296743225,0.22720974919770542,0.028349277750502083,25.0,1.0,-0.006142889609366811,0.98515650917906,0.2518396818196149,1.538954088580375,0.6995416838748265,121.33924435727033,296.0708503757492,0.9148024594962579,0.06281605169016691,3.3333333333333335e-05,2.4400254999445856,-0.32029626689049373,0.0,12.067306154081718,4.9427655407038875,-0.016319590624457484,0.0009397178049795892,0.21216253962738613,0.11836322855832035,0.2674329081279341,81.20177331668607,0.13003333333333333,2.5446872641130502,1.3600602259943262,3.7293143022317747,2.742021442103837,0.4056344162149541,-81.65716354169767,30000.0,0.189334973926993,0.388550564671271,0.2266612126860815,1552_autoUniv-au7-1100
0.4825915954576502,0.2094183060439849,-0.02556391237815195,0.017708517896490805,0.6916355573523703,1.7939769779317787,1.795350851961981,6.535556235107878,15.671648334786084,1.4784497933423635,0.001,499.9999995,1.422132749286865,0.7595919863995466,0.3645985195701465,0.041491473965270365,25.0,1.0,0.09141132062021856,0.9996255905222695,0.38893622458077337,1.425503609130711,0.12844239383977074,2.483394818377212,5.849404127742785,0.9477924963109494,0.15796773150493823,0.7509333333333333,2.355406431733942,0.1845721761689873,4.218980780572532e-228,18.113589753873303,7.886143872865739,0.009103011568866146,0.002486863377791664,0.18291917004457792,0.037925932528399604,0.1391852002766714,79.02842327181186,0.12626666666666667,3.496635659743782,2.8206035155251428,4.172667803962422,1.479352833886003,0.5436503823219083,19.499391552565555,30000.0,0.25,1.0,0.40616523706191754,458_analcatdata_authorship
0.5821413060384906,0.23791133192512223,-0.014428669952257224,0.023034527521948643,0.8028224551754801,1.2396207589879717,1.1689466185657749,2.744052291506714,15.684457351186664,2.3093646421662903,0.0001,4999.99995,2.209111029376377,0.4183806126870896,0.29831733467883675,0.03447397083245729,25.0,1.0,-0.18796893755460692,0.9960550979856657,0.31183352313465773,0.8821178737589106,-0.9079528572903097,67.60354179778852,183.07774688708162,0.855216425543511,0.18070234078991448,0.0007333333333333333,2.708108806409723,0.16409188939185976,4.4937326752844625e-180,16.451785240107682,7.435268815538636,0.006882026767669012,0.010278162975072044,0.4192359378066946,0.10328582869030288,0.15752305471145814,71.11138397564072,0.2895333333333333,2.908145216498791,2.021381327472499,3.794909105525083,1.877384070955229,0.4636160889648251,-10.383368969595551,30000.0,0.199545433832631,0.810618079135069,0.343362673866336,30_page-blocks
0.4188307213299113,0.1254960278779574,-0.012565856255301938,0.012394039690698706,0.6406515493976235,1.8607055139062476,1.820672783272426,6.915591521074257,15.704799351905518,1.4786571204959666,0.01,49.999999994999996,1.470959665380068,0.7245908196939898,0.22211311670170436,0.027768296266116013,25.0,1.0,0.10448858807086547,0.9939022677092668,0.23686002262427705,2.0128671887707537,2.6483424752109173,113.54285072017763,707.4694245817013,0.9238407402188675,0.08828678366466444,3.3333333333333335e-05,6.230858394820725,-0.04803649798654122,8.469572214288436e-17,11.592402330600677,4.337254342840457,-0.002623333254548569,0.0011249802654047208,0.20300722229875073,0.06869305434452969,0.16188892308560757,80.67935198894443,0.12286666666666667,2.854837413951517,2.7327646352484627,2.976910192654571,1.0893401335248256,0.45558137975038454,-47.425676691882785,30000.0,0.497222222222222,0.7167400239534,0.524471408920373,1558_bank-marketing
0.12011629123893619,0.07967807092620416,0.0005074483166627493,0.004672503683787535,0.25623913595687076,2.388135229638806,2.470820422084151,9.270664086863153,15.647207489442792,1.5116870475772866,0.0001,4999.99995,1.510664619339314,0.7522584086136205,0.0977794209781167,0.015865530445096237,25.0,1.0,-0.19674530873860882,0.9195935849090768,0.11724781988233368,3.201823843775485,10.191708961310342,102.78233013411092,253.97855011095825,0.9440988622920612,0.1312822683948364,3.3333333333333335e-05,2.471033199768513,-0.4101646220767955,0.0,14.218988290514703,6.573277683077402,-0.007316189853410357,0.000559190105964369,0.19983931226379936,0.09463785873453753,0.28985068971055306,82.43097037720435,0.1322,2.1724637003907326,1.1882028825441102,3.1567245182373553,2.6567218146077085,0.33695252857236296,-142.01856957114737,30000.0,0.196898628732539,0.277811149371411,0.20327207044760046,1539_volcanoes-d2
0.188919322431379,0.18014180229576063,-0.0026460996765123603,0.004138383800716205,0.3292036861114891,2.274173774594133,2.3190098272906288,8.575092371178878,15.695686296004924,1.3404080996351724,0.001,499.9999995,1.3270655879830486,0.7827594253141772,0.07966010480934335,0.014831305634082567,25.0,1.0,0.0805707902185279,0.7755918084650981,0.09833478360279971,3.7771795434141513,15.244755691339254,119.23925618674194,257.2898660248785,0.9044600870091288,0.11144195620514884,3.3333333333333335e-05,2.1577614139250567,-0.4589945556323241,0.0,16.347460676831318,7.588992982122645,-0.005947213185897339,5.4037299780967226e-05,0.17276214536630236,0.14170469872165534,0.41986129678988016,84.1313090826131,0.12383333333333334,2.003278445148855,1.3197956071133177,2.6867612831843926,2.03574043488362,0.3017413181341075,-200.98488312920477,30000.0,0.466826265389877,0.68772346744303,0.506609077328407,1447_CastMetal1
0.2451975204317869,0.1341604410152894,-0.0037672704630953434,0.010467557929461295,0.4629764990433727,1.729615972953156,1.734843554580526,6.605024602018558,15.60017159574948,1.8685492835389057,0.0001,4999.99995,1.8438126913943307,0.6161205373512451,0.17149650190158208,0.021709717765171138,25.0,1.0,-0.34109514353423614,0.9531363390226995,0.1939890946477173,1.668056357945984,1.479467384523776,72.23426979990919,172.59909086834807,0.920877603673856,0.14666805374974246,6.666666666666667e-05,2.3894349779744393,-0.5252801417500786,0.0,16.61706921574627,7.476348906499499,-0.013629580913565068,0.000853326044940887,0.2849865471058985,0.16554259598480556,0.37150624370567603,78.93288592508796,0.18396666666666667,2.955761495383781,0.8240722608746788,5.0874507298928835,6.17354930074559,0.4706693872947622,-137.0065739234863,30000.0,0.197193197590078,0.295924729651521,0.21046182135776592,1533_volcanoes-b3
0.21616975008207284,0.07394387966497835,-0.0027248436767035762,0.0049810290466742605,0.37154413418232224,0.5291318512449982,0.5171739355237073,-7.294010865793373,15.669740490412774,2.166026954227669,0.001,499.9999995,2.1520631700599098,0.5892196406546885,0.08417289444982914,0.015292044527352285,25.0,1.0,-0.0371601194345281,0.7740627470375113,0.10610566931014144,3.188359890783263,11.18154411779797,71.6944149316996,146.0100789956247,0.8223669731401348,0.20126802930482843,0.0001,2.036561413252631,-0.5391547845048157,0.0,18.043244679221146,8.048716251882784,-0.007107701413838003,3.970245514072166e-05,0.3316874729874645,0.1735064843345397,0.4358538993685161,78.81966236245783,0.2337,1.455966742739094,1.0511214445567958,1.8608120409213924,1.7703111762734813,0.16315145491560493,-210.247190290529,30000.0,0.494077834179357,0.663700935274539,0.5065905064572577,1056_mc1
0.4824822757345133,0.19021149444660915,-0.012530729162806904,0.019062978738884868,0.6965857636380277,1.5903618140017959,1.551972960055439,5.577990652984145,15.69027507185747,1.7392605821012728,0.001,499.9999995,1.7097334536890574,0.6888562952098404,0.2661728964856818,0.03418030149739367,25.0,1.0,-0.1825215630392074,0.9859747652169711,0.28573280566991444,1.1508342262928246,-0.07622794607197969,3.2228734689679452,9.475882058837739,0.8762220531137437,0.18978889468790855,0.6399333333333334,2.940196737499981,0.28448494010589975,0.0,13.613024518075676,6.179889691495519,0.013153540911957945,0.00044357851111305626,0.24485334354196053,0.1263096252790368,0.29635300795667524,80.01505598190258,0.17153333333333334,2.6758236553730823,2.186012873738254,3.165634437007911,1.4481316533113453,0.4274574887589027,-63.40655811176225,30000.0,0.333333333333333,0.939393939393939,0.44886476070226056,1519_robot-failures-lp4
0.446656200522492,0.25937488318276014,-0.012198546385582789,0.011465902427875608,0.6527243625023293,0.44055133748785225,0.4372827806522109,-8.569660594510319,15.655763694622076,2.390026395536823,0.01,49.999999994999996,2.3309234855223675,0.4835161172039068,0.19694152162793,0.023287009714361376,25.0,1.0,-0.1377733811090141,0.961083557038992,0.217175276336205,1.21346683876616,-0.2221668194785269,56.73910566575869,186.6052901731572,0.8972130100031718,0.09496827529135887,3.3333333333333335e-05,3.2888303046653014,-0.34142842526248407,0.0,12.564818828946715,5.42458338638745,-0.013669120281153462,0.00017707914153638083,0.3960829635149121,0.191299814122843,0.34531809054894974,76.32466794036623,0.27323333333333333,1.782828667452487,1.2971453895993896,2.268511945305584,1.7488494069307392,0.25110960882044436,-133.16477338310423,30000.0,0.462759690694278,0.737834776981282,0.5341641183653038,1063_kc2
0.5470594847188429,0.18217533282496817,-0.018877718043181446,0.017868449994121224,0.779629699994526,1.2046062690103843,1.1771811202930722,2.391788582331838,15.679404409607761,2.389406432642823,0.001,499.9999995,2.368356315872073,0.5367178905963532,0.2906972585065829,0.036912175373615984,25.0,1.0,0.03573318835549209,0.9967113774860676,0.30627262479597306,1.4136295073306728,0.36442627353580326,2.281460067084466,4.81936187383391,0.6961109001163956,0.38998596641348016,0.5268333333333334,2.112402466895061,0.3990479525545052,0.0,17.810279758749783,7.706857332957969,0.015858446632385243,0.007331828470603783,0.3957074215586494,0.08387933682999532,0.15290952502741761,72.64877481513957,0.3061,3.801580446432646,2.2309810799841485,5.372179812881144,2.407989857501125,0.5799641851614695,17.95251424376312,30000.0,0.2,0.65594825077352,0.28274017253310374,188_eucalyptus
0.5047689668547084,0.2568824076402084,-0.026293188752478686,0.020855263558743745,0.6862547144652205,1.671327570070577,1.6321877961906068,5.981233732909768,15.677564959829022,1.7020536056394648,0.001,499.9999995,1.6192253286076894,0.6800226674222474,0.3709998431364982,0.039805600417305645,25.0,1.0,-0.08316240920816867,0.9991398568292496,0.4087355361152877,1.0075887702493467,-0.9313398883470669,2.3609122796678355,5.004366421408858,0.9278505129263575,0.18120018592702516,0.6805666666666667,2.1196748665777703,-0.2580870950751171,0.0,17.87437948504377,7.740886095203293,-0.01362769363080692,0.002250149382039411,0.2346912385474235,0.059794501565860914,0.16145321854054812,78.11911916376137,0.1457,3.4594685860709466,2.3611999440561036,4.55773722808579,1.9302631441937577,0.53900939131831,-9.199744729984218,30000.0,0.5,0.983781229911487,0.6248770076880628,1510_wdbc
0.16528952244674666,0.05739927983641822,-0.0027434194185300747,0.0025418410101522423,0.3784129581104341,3.557779336556879,3.6873192528565415,10.929520124315111,15.631528599102339,0.7031634504277087,0.001,499.9999995,0.6967233097225471,0.9086302876762559,0.06172772885495092,0.012778058553720347,25.0,1.0,0.24030112277880794,0.7448868722446014,0.07992672110973917,5.355821181293499,31.373645602261227,193.99970559164117,445.1284015733137,0.932058460653211,0.1250826316645139,3.3333333333333335e-05,2.2944797788007083,-0.3852748924183138,0.0,17.626368632904793,7.922228238597358,-0.0038870385029045576,7.180230876482231e-06,0.07226779132827614,0.08260729445060376,0.36597570244231514,87.47364374421502,0.04923333333333333,0.5383532343955542,0.48287270222138756,0.5938337665697206,1.2297936160744698,-0.2689326733859352,-269.4267053777762,30000.0,0.494169555934262,0.640207504913387,0.502571335287806,316_yeast_ml8
0.5005302757458131,0.24233356097061673,-0.017043458027775692,0.022028422260995852,0.7163183599466503,1.5808284729880562,1.5549239586351296,5.565702975726724,15.639370173277227,1.9349198971660095,0.01,49.999999994999996,1.815136296888794,0.6349878329277643,0.32365957850225924,0.036494545918022196,25.0,1.0,-0.19118883338582876,0.9960450603652145,0.3427801207843787,0.957177320641113,-0.8712960583801834,96.14160507887856,226.46375985779807,0.5368458864858766,0.36379794638023705,0.0001,2.3555229775079733,-0.11348886172357642,1.468558797343088e-86,12.717284174155761,5.527689387322629,-0.007037669715571775,0.002828363666991922,0.2702727492829957,0.10249474863878148,0.19582908085620504,77.729269753972,0.187,2.7383341711005293,0.9778872090512327,4.4987811331498255,4.6005112772771,0.4374864459198474,-114.96898553634895,30000.0,0.328395061728395,0.877777777777778,0.4610846502057611,1523_vertebra-column
0.5311360996874268,0.28589285209196796,-0.03061118556002564,0.017993104980791954,0.6966523066446217,0.5316191657906911,0.5316926088020101,-7.287433164466631,15.594885801436048,2.587424315014988,0.001,499.9999995,2.223619717410721,0.40274675822527417,0.38955741323415266,0.04028233251455495,25.0,1.0,-0.0386145519894979,0.9994801142607339,0.42005309463892376,0.9210433819121622,-1.1094113197102873,63.048386829970035,161.9892413377355,0.7173288328373336,0.3252023090283537,0.0023333333333333335,2.569284473123607,0.5169978048442616,0.0,14.645027496354773,6.734947093089358,0.03224501370431017,0.0011984971664531984,0.4292062417851159,0.0507939690606817,0.18323204151970818,70.35815605965588,0.31493333333333334,3.5274772720584746,2.6422963125409296,4.412658231576019,1.6700088520090974,0.5474642242262567,12.645917618726173,30000.0,0.491534236662479,0.957315459734224,0.625067892616768,4534_PhishingWebsites
0.34962715600892236,0.16449144408780386,-0.009684425187555959,0.008814338027029823,0.6331751804668544,2.1819593017642718,2.1904119261217665,8.14120206329262,15.673173206342451,1.1922657618350356,0.01,49.999999994999996,1.1112625645152414,0.8094603153438448,0.16872659773926527,0.028718845605706034,25.0,1.0,0.2260323877548579,0.9784973080744199,0.1928687530077669,2.6677750979058237,5.692544875260378,148.74248400338152,293.56557684352254,0.9272468039287048,0.09089279182345969,3.3333333333333335e-05,1.9736498204295596,-0.2769659381527922,0.0,12.655924347053073,5.486458289305963,-0.00973639449268489,0.0003197718497542901,0.13818370221076393,0.09103293158614816,0.25159252099379015,84.71013243022695,0.08626666666666667,4.287368497123363,2.880394443625928,5.694342550620798,1.9769315147860824,0.6321908125029334,-20.675939201265976,30000.0,0.103061224489796,0.535789871504157,0.17399599773242638,452_analcatdata_broadwaymult
0.3842454998354372,0.3185284430358691,-0.009853902176448943,0.009239960951339783,0.5425113506291273,1.8541946352397258,1.826774822643299,6.944723345856769,15.699941752579074,1.6065472307844808,0.01,49.999999994999996,1.4990259582054055,0.7077235907863595,0.15718272711364328,0.01840350776427643,25.0,1.0,-0.06389983676305633,0.9086165057817963,0.18867131414123064,1.5068827059091194,0.7133581599197516,99.66646670871769,231.6517658339869,0.8945542305764151,0.09954344192846205,3.3333333333333335e-05,2.3242698721426867,-0.24873278005743982,0.0,11.832822689939455,4.622973568189292,-0.01015089006877973,6.212249954396563e-05,0.21271040798318944,0.2165575527438065,0.47401212473181903,82.330620910894,0.14503333333333332,1.0860134588893815,1.0749421960053653,1.0970847217733977,1.0205988060095663,0.035835207467934976,-246.60722061734106,30000.0,0.452766012065203,0.668078552175587,0.5212981447759047,466_schizo
0.3987893815973247,0.3257311402291003,-0.007256220884362396,0.006583138346546971,0.6167337623584871,0.5523660690726991,0.5476313525053919,-6.945300508610789,15.697220922452244,2.3212604032642266,0.0001,4999.99995,2.3205978747738683,0.5720524017467249,0.11964101531833092,0.01580811838512702,25.0,1.0,0.09026143159106803,0.8640984231725155,0.13489658909704166,2.035540713736246,3.0818034504546308,63.76008170900131,131.3942176773922,0.9159437331000684,0.09062753096324556,3.3333333333333335e-05,2.060759869742146,-0.32748386402307583,0.0,12.316132882787429,5.14173550506105,-0.008591047461618737,0.00011427554191342897,0.37432118150631777,0.19682915159417602,0.4100912177055703,77.68428680852179,0.25993333333333335,1.4021150072135526,0.9369446392190212,1.867285375208084,1.992951661223596,0.14678363770351763,-211.14401556935493,30000.0,0.415658602150538,0.733378136200717,0.5192147744922342,1054_mc2
0.36404785985717913,0.2636370454001221,-0.0075042358676336955,0.007273389008047397,0.564945137112312,2.016633863361571,1.9975694526676004,7.555009822346523,15.6684162978934,1.4523398026463492,0.01,49.999999994999996,1.4268265155833242,0.7630587686256208,0.13074230922500385,0.017490572063035833,25.0,1.0,0.09417213927898932,0.8652157962304222,0.15041280035117296,2.182949424517036,3.6078090667328873,121.47652717278567,236.33244091925008,0.8780067475313498,0.09417340533149253,3.3333333333333335e-05,1.9454988253252732,-0.36665283395816956,0.0,12.328037311776994,5.199954185054222,-0.010605357330889157,6.896412828868248e-05,0.18444474093675986,0.1920594163040959,0.4537638058498243,84.16022707391235,0.12596666666666667,1.5304564817525539,0.8147755969877863,2.2461373665173214,2.7567558169617525,0.18482098502580932,-203.45711673982967,30000.0,0.43019943019943,0.783000949667616,0.5232513691041469,1061_ar4
0.42450884774905884,0.1792359617939869,-0.010504661283142959,0.01978107659882166,0.6492204430519548,1.757722908027898,1.767214936170365,6.587768011069153,15.649948798223772,1.6404007363745492,0.01,49.999999994999996,1.5542629439949953,0.7085236174539151,0.27251513634971336,0.033614712389896974,25.0,1.0,-0.10526906319013904,0.9738341298684633,0.2981442841367162,1.3879771339407438,0.26397429437512976,121.11122054337463,318.4801025566948,0.5896906956311423,0.1847350812912815,0.0008,2.6296498468746923,-0.07253214553826329,2.7628878620877375e-36,12.313366403374776,5.189214084599476,-0.004167350401687359,0.0006772401739483149,0.21631092286857853,0.19032228915997387,0.4001465336827862,81.9408747418277,0.14806666666666668,1.684984506480614,1.6190535316163643,1.7509154813448637,1.0814438479966595,0.22659591186582875,-138.8846759758996,30000.0,0.495433789954338,1.0,0.5863446617165111,450_analcatdata_lawsuit
0.41687055984017496,0.4667194868753306,-0.007100912377080046,-0.006139802123807983,0.5961318625028171,0.5588234295616616,0.5488386869422958,-6.868277002863648,15.679600867558683,2.261051034264441,0.01,49.999999994999996,2.121015713339706,0.5186172872429081,0.10238639972768997,0.014024711530096214,25.0,1.0,0.04055480686904918,0.7868656550454892,0.12589796120953584,-0.5523243909317602,-0.09552183170808703,64.16144387795327,141.85164442713778,0.8491728303727866,0.14031916201333128,3.3333333333333335e-05,2.210854928654087,0.317960255474117,0.0,17.88128062501962,7.711618355362425,0.005189836130075618,0.0001085890410560261,0.35570182714816373,0.2716646360767615,0.44017684569053434,78.20561628296241,0.2541,1.2497087543699397,0.6231066395822825,1.876310869157597,3.011219508770481,0.09680881212220882,-235.23134158186923,30000.0,0.311387163561077,0.668495514147688,0.47814001610305956,1167_pc1_req
0.43729319587100723,0.16319952427623677,-0.01337420309923753,0.01723944763917832,0.6343381162556552,1.7500215415118636,1.73018360290742,6.51332336998707,15.689040926605475,1.7221984815287479,0.01,49.999999994999996,1.6067772696147413,0.6947231574385813,0.2553107022432392,0.03284951028397567,25.0,1.0,-0.09774425822337453,0.9856535415775035,0.28696109026321653,1.4064006837212937,0.3268234004838382,2.478980732740467,6.406824728002102,0.8143346450776169,0.2553529952374516,0.6947333333333333,2.5844592672234654,-0.08100458212902081,7.416929486973728e-45,14.27716506223069,6.665173153870341,-0.0034875947885800026,0.0006538826316074359,0.226696999970575,0.1383381292507658,0.2897978249548617,81.07802468550321,0.15633333333333332,2.507591455846615,0.7563266720396762,4.258856239653554,5.630974547231764,0.39925678139161613,-152.45905687373062,30000.0,0.5,0.954256854256854,0.5747717937309604,1488_parkinsons
0.22199526184412077,0.3482876239464711,-0.00454670816733229,0.004195092998283436,0.39551647238374177,0.5422879074793365,0.5257177695053789,-7.10875301880214,15.657210052108416,2.2514621204985805,0.01,49.999999994999996,2.181491120397832,0.549551651721724,0.08899235727314031,0.01507650011399137,25.0,1.0,-0.028938788293514685,0.7280813836165458,0.11409846105684736,2.1076239026878683,4.809636715336939,66.14268942374284,239.5706246203567,0.8654438878908426,0.11955989371037459,6.666666666666667e-05,3.6220272672244245,-0.23691508573684816,0.0,12.954468316988791,5.696882151690426,-0.0047443320978289615,-1.614680008941297e-05,0.3508532919795083,0.2548585729274186,0.48222809424889146,78.36769990121141,0.24746666666666667,1.2337563228733794,0.22697863125933623,2.2405340144874226,9.871123118711608,0.09122939139799006,-258.962437683554,30000.0,0.432812859443294,0.646509086726478,0.5072218349819799,43_haberman
0.5259863610768887,0.17906916317853455,-0.02188957710225996,0.013798094820475145,0.7757711241044423,0.46295723544829737,0.423477694525816,-8.03021142102466,15.659715882214913,2.7138906786838235,0.001,499.9999995,2.403779580009001,0.05413513783792793,0.2898510732849737,0.03989099265693711,25.0,1.0,0.15638811523152144,0.9988527926787771,0.31035307648988264,1.7262101613864307,1.3506831006534865,2.665620513433845,8.847195986694425,0.7301367676546953,0.2939358232046334,0.03626666666666667,3.3190005636977085,0.6355122863027711,0.0,13.879373180039694,6.368363140921408,0.03097112826387267,0.024704817367118118,0.707731052231173,0.07149022936056945,0.09824919992307672,60.27305964257374,0.5903333333333334,4.1237972221706025,3.625928741048821,4.621665703292384,1.2746157007912586,0.6152973017479751,88.68262365780313,30000.0,0.111111111111111,0.950335442819103,0.2610068523391399,1468_cnae-9
0.3566226483056628,0.14194775226832196,-0.009248210375467763,0.011309679768718656,0.5510110369209843,2.0297164761644235,2.0438260383845663,7.722823278463346,15.68441988728324,1.459014432493131,0.01,49.999999994999996,1.415343127190984,0.7585919530651022,0.18361099668993097,0.023825841705962598,25.0,1.0,0.016408442470206182,0.944220448843619,0.21236667694782435,1.9507591057427203,2.319040339899372,106.17596564992982,192.91382334640858,0.6923992772460459,0.1090385658287667,6.666666666666667e-05,1.8169255364482224,-0.38786847149725096,0.0,12.968723858164628,5.736341764241049,-0.014359516539327249,0.00023410405893742025,0.1852468267387787,0.1694128755517818,0.4565732310185443,83.29459057919524,0.1204,2.8548194493505528,1.0165461744622168,4.6930927242388885,4.616703935477458,0.4555786468621374,-130.15039179642616,30000.0,0.232936507936508,0.618055555555556,0.28775648148148153,1559_breast-tissue
0.4103697551963581,0.16781130687842896,-0.018174135226154853,0.01860041592050445,0.6220754866508282,2.0529554798484466,2.0612508858352765,7.723361775796903,15.692249183600262,1.2780719068240871,0.001,499.9999995,1.2156595656314506,0.7933597786592886,0.3315737895591123,0.03997573225834048,25.0,1.0,0.0675168461768955,0.9987476956510044,0.35127907745858006,1.7128323090740194,1.034079159170287,2.422360322987008,5.164780572053449,0.9246065729500845,0.18650080516637232,0.7920666666666667,2.132127298750764,0.4797341569976956,0.0,12.63164241824631,5.4441932436312435,0.03095458507230722,0.0011674254701740175,0.15268153846658494,0.04334909631276769,0.16895396422511716,82.05940524863452,0.12693333333333334,3.6276020319375233,1.6786775922503732,5.576526471624674,3.321975879922044,0.5596196364880511,-33.918694030396324,30000.0,0.5,1.0,0.5837042158597517,50_tic-tac-toe
0.5405134292196406,0.40928673211566763,-0.014851918078846614,0.03699948445467243,0.7400430521664204,1.3756550285029265,1.3291424608561602,4.04909935093756,15.698450880046916,1.0383966161158296,0.01,49.999999994999996,1.0242091929432529,0.8592286409546985,0.44452665861201385,0.04166666666658333,25.0,1.0,-0.3319220805299997,0.9958845210603106,0.47205996635466485,0.35026347326386914,-1.811503394440966,45.90855705807718,86.3330573975201,0.9174514444880858,0.1569887027113296,0.5434666666666667,1.8805439101102988,-0.20292480146367284,2.8167351190760787e-276,14.07317278115905,6.42464781959231,-0.014910243896010447,0.0013294387135767897,0.11963091959156809,0.09305436537051301,0.3010414261474034,84.29010756013376,0.07553333333333333,4.028942360428263,1.2228658719146828,6.835018848941844,5.589344674599866,0.6051910542519737,-37.19579294875885,30000.0,0.5,1.0,0.7051001710299505,1455_acute-inflammations
0.5499838899409751,0.21729751018815982,-0.0186974868776601,0.018763642614644957,0.7571488545681501,1.4676971208061937,1.417679167954961,4.7878757198026545,15.675043458726035,2.0485718267671342,0.001,499.9999995,1.9455216454660866,0.5554518483949465,0.293928634850072,0.032868485270267464,25.0,1.0,-0.13720965678841404,0.9945411859583904,0.3106574490416173,0.9813161407300237,-0.7861753960966191,65.95224544312106,154.39747757782627,0.8776430163026513,0.10740662987239231,3.3333333333333335e-05,2.3410495964232236,0.21194635792128025,9.004961791437212e-302,12.248808270030954,5.127037892457001,0.012842362196060565,0.005450486415287524,0.32219980684793126,0.104854346870642,0.19512487765342926,75.81856966357824,0.25693333333333335,2.9209661264598497,2.5181007986064285,3.323831454313271,1.319975537179223,0.4655265206242053,0.6672229943910963,30000.0,0.198906299185791,0.494347564916945,0.262969907517446,40475_thyroid-allhyper
0.49005375413314434,0.39798379201557305,-0.019370450524832356,0.024179106888896927,0.7177670418735109,0.7121516537278298,0.6449176512052346,-4.358150540045045,15.63735324295431,2.8606817847525465,0.01,49.999999994999996,2.5642461883256247,0.08520284009466982,0.35178016961125974,0.038209201941195016,25.0,1.0,-0.3242312251813779,0.9739159860174122,0.3842029958345705,0.4776332882784193,-1.56932745831127,2.991744427579549,16.673114410256293,0.7201651749683211,0.3278078538014698,0.08043333333333333,5.5730410179923,0.5505012329075926,0.0,19.06133772674131,8.149438023870294,0.025953198885205277,0.003932119975712792,0.7067591218854693,0.37826693127223615,0.4487429088710961,63.627182462847216,0.5381333333333334,1.8191613195405323,0.515607969119061,3.1227146699620034,6.056373944900896,0.2598712131262769,-207.05876050305392,30000.0,0.333333333333333,0.992592592592593,0.5949962433862434,61_iris
0.38942379444593334,0.16927532673858708,-0.0139084534801212,0.013388472877256728,0.5748937487329566,2.108722637665038,2.105581867280556,7.892768466741255,15.642788834021665,1.244840073257262,0.01,49.999999994999996,1.1711445008374062,0.7981599386646222,0.24355660384506317,0.028451450420215418,25.0,1.0,0.049745632584071664,0.9795280095339753,0.26887375128453433,1.7135699374649582,1.1195642899876264,135.7882461768766,226.10538980900577,0.5880307053105548,0.1545334148371376,6.666666666666667e-05,1.665132264205557,-0.1385815725005044,1.615167694892166e-128,12.155333484813005,5.020131486849989,-0.0074223792416509525,0.00016425832947892523,0.14767752259826025,0.13319470799693356,0.3580879369416548,84.22773006701571,0.09763333333333334,2.4146772400185705,1.8841930457185214,2.94516143431862,1.563089005667115,0.3828590886087614,-80.40030889488848,30000.0,0.484126984126984,0.86294650768335,0.5485624258457592,444_analcatdata_boxing2
0.4603171009398116,0.21248978784686615,-0.011847083466192808,0.02083000506422907,0.6884557406214055,1.369624315202843,1.3171004693578239,3.9584045753828345,15.622810912320222,2.295475112130513,0.0001,4999.99995,2.262621178744721,0.4803826794226474,0.2897432314815549,0.034342674635598425,25.0,1.0,-0.26223542161259583,0.9947781976527079,0.3054227103021228,1.058324625505356,-0.5188331227728433,111.11163411648502,251.92021086713913,0.8900108630152268,0.15013524297199302,3.3333333333333335e-05,2.2672712256489156,-0.3895325710635113,0.0,17.823046097396006,7.844707785705435,-0.015166035019799646,0.004393260442700639,0.3929292684137649,0.10880946569771818,0.17948334260571677,73.34247627714382,0.2449,3.8829350377986573,3.5818058612659036,4.1840642143314115,1.1681437733901876,0.5891601247821687,53.71717153996303,30000.0,0.499122229494707,0.818704398855631,0.5671610329059402,310_mammography
0.5553943475855397,0.37441840819413585,-0.022793246149069916,0.031033166755976376,0.7635057214197725,1.3840710172884942,1.332981919823021,4.1557166136959065,15.695081710527674,1.5945350058497425,0.001,499.9999995,1.547924978054716,0.7293243108103603,0.41903892652583374,0.041666666666583335,25.0,1.0,-0.30448790607325515,0.9988352714599411,0.44895179455131473,0.5113289763596366,-1.6271531373087165,17.498926140564965,60.770339297362355,0.9352149844903884,0.15623005640326273,0.5320666666666667,3.472803920035111,0.43115469922832955,0.0,13.039415820017538,5.834239447245482,0.033178049327084166,0.009792202252652132,0.21202506051240785,0.0676529669213104,0.2251470731624875,78.60247575913773,0.2069,4.288323188798637,3.8432432296348966,4.733403147962378,1.2316168572059942,0.6322875084531584,91.4734864016431,30000.0,0.5,1.0,0.6861215149151991,451_irish
0.08688205112922043,0.3862300054072258,-0.001525887881314286,0.0018167312529046558,0.13714380911953372,0.654534486610081,0.641750759091456,-5.478402704663971,15.697268617431986,2.010927325279104,1e-05,49999.9950000005,2.0107893328596953,0.6343878129270976,0.033027430919391795,0.004897128117999065,25.0,1.0,0.0425726277089298,0.4553799875970167,0.07011800373349152,2.7440755832018513,13.335045717704944,71.81426184816227,147.2121227506202,0.9233485752149134,0.10107623246837498,3.3333333333333335e-05,2.049900938366121,-0.2642010943123968,0.0,17.82841034485387,7.7382147362383025,-0.0023928251494479335,2.088273735085412e-05,0.30463067994106785,0.19804497192620663,0.42158970196704876,79.94989413766449,0.2204,1.015269137223976,0.36761311046658224,1.6629251639813698,4.523574150732076,0.006581184434298149,-266.688886624162,30000.0,0.439484126984127,0.602777777777778,0.5025410251322752,1506_thoracic-surgery
0.6940639636606983,0.36455309442911826,-0.03480235571801571,0.006894898834578507,0.7372522755791555,0.7872601391402,0.7087918536482536,-2.904990747370542,15.687284278975737,2.644794858176718,0.001,499.9999995,2.3701696257161498,0.27140904696823226,0.34224054294366163,0.03946760163719705,25.0,1.0,0.05777319537716652,0.9961925398354814,0.37088185848563937,0.4506739254914747,-1.3829366020520923,2.4062954892216903,6.0423668346517525,0.8995741922235748,0.1647342918033244,0.2705666666666667,2.51106601899654,0.5961821586567877,0.0,18.677758678683503,8.163243307227642,0.027086451496322543,0.03046881999491513,0.5346252458065694,0.13650126279902788,0.19475689772871854,60.33927948718949,0.44726666666666665,6.4863374938813445,1.184285976268501,11.788389011494187,9.954005407230772,0.8119995419190599,23.15352391413765,30000.0,0.1,0.855922787193974,0.3747092084118016,14_mfeat-fourier
0.5804541544668762,0.2431717097095348,-0.02738015775436247,0.0046902640141211595,0.6936188118189641,1.0357028224024836,1.0395175624641864,0.4392309718424716,15.688867172036824,2.3661442900563663,0.01,49.999999994999996,2.3085769882049916,0.5047168238941298,0.26195751565834385,0.03403535777584088,25.0,1.0,0.21273820123355003,0.8719373254437487,0.3166811965172555,1.1073245582798783,-0.4510663389451395,74.59849760286647,160.73589897796953,0.31354960683062083,0.3876897910278954,0.00023333333333333333,2.1546801094261054,0.3142006519675582,0.0,11.575059996006212,4.348480430568484,0.022882043381055865,0.0004658021415333157,0.38287904272330886,0.5283218979681368,0.8985032924826306,76.57516454973161,0.2785666666666667,1.1473997963185831,0.5459827825015707,1.7488168101355954,3.2030621956972816,0.05971476845274176,-254.27417667413235,30000.0,0.489583333333333,0.96875,0.6061675000000001,164_molecular-biology_promoters
0.34618519837222106,0.07616472972474307,-0.011094663331792962,0.007342817410411073,0.6745812291655477,2.148579796051512,2.1564039385289044,7.9387594284720135,15.637807944108625,1.172291101666934,0.001,499.9999995,1.1504635367190972,0.8143938131271042,0.1825945835261082,0.027973502498372712,25.0,1.0,0.25383950300046687,0.9904776504913113,0.19508494536852264,2.7290387475835316,6.0807505411562595,175.11177219906668,338.92752236973234,0.15355234819184527,0.3240995100664669,0.0001,1.9354925035219126,-0.41212016400207796,0.0,15.876848345705563,7.351374053931148,-0.010936672402575787,0.001790048295890614,0.13931162889413026,0.05782395686379147,0.17468269348850135,84.03526160755641,0.07456666666666667,3.0598813161002627,0.9981202857388761,5.121642346461649,5.131287701126254,0.48570458178814346,-111.93393278648023,30000.0,0.49820788530466,0.77716715982246,0.5197487759270865,6332_cylinder-bands
0.4974728198393278,0.1830427409648165,-0.012909690556688799,0.016368102245487876,0.7222704355766125,1.2349327307059812,1.2509014437379071,2.9524867211272667,15.697437654807207,2.8233967520791023,0.001,499.9999995,2.8056530904085553,0.3463782126070869,0.24267228811998812,0.03320238657355904,25.0,1.0,-0.12220014285561089,0.9833944926206784,0.257166749236428,1.3978477346830687,0.6599116051476988,43.48691289512146,135.99127005511684,0.5794391189109843,0.33131384890038396,0.00016666666666666666,3.1271769137323555,0.13196857425542058,1.2613556027411592e-116,22.018715112510186,8.545357236025456,0.003971537581212741,0.0014530977309952686,0.6118518586583349,0.18455315126757474,0.24525364722709428,67.86305081251311,0.44083333333333335,2.241943669338329,1.6005113507736846,2.883375987902973,1.8015342324859813,0.35062469639346416,-120.9391478678922,30000.0,0.193772893772894,0.721672771672772,0.2905543722018722,1520_robot-failures-lp5
0.14879552340619973,0.3076619504951524,-0.004492892765657186,0.004521825167800065,0.39492504369382964,0.4302737186848531,0.41591095232216524,-8.6439370068998,15.611236738175506,2.2969456935306973,0.01,49.999999994999996,2.084341270568795,0.505416847228241,0.11842984144796505,0.018040597673862787,25.0,1.0,-0.3164288133289408,0.9097204347258239,0.14220152081473297,1.9489096770945182,3.797685530471745,57.53618056638886,121.76630516309324,0.9050900355439352,0.11140593139330757,3.3333333333333335e-05,2.116343211600386,-0.12813137759761337,5.328031656066469e-110,12.501972164515115,5.371786727972729,-0.003391675424385514,4.479761631418374e-05,0.361741470588167,0.18310178537292596,0.3431934518987643,77.79857849677423,0.25516666666666665,1.719419011257977,1.3129819579968072,2.125856064519147,1.6191053133440676,0.23538172433269072,-159.45426627068736,30000.0,0.438493631971893,0.671384004967213,0.510190016713024,1464_blood-transfusion-service-center
0.08622411237315741,0.27960648425333734,-0.001538172111564966,0.002218268280433277,0.16239538173483858,0.7193174419536705,0.6764369989882251,-4.376510967567363,15.69799645487634,2.0618215414741563,0.0,500000000000.0,2.0618215414741563,0.6767225574185807,0.04782197158166025,0.009267246733422432,25.0,1.0,-0.024667241593654896,0.5283552682805153,0.07997857525669984,3.708686219436952,15.532462167742352,92.49176136474766,201.9049963669734,0.8985842363997865,0.11522139980031484,6.666666666666667e-05,2.182951144921383,-0.3825262708797619,0.0,16.414101959233506,7.538817317247594,-0.0040574246861896784,1.4801740092568038e-05,0.3059388238965288,0.16345869443704392,0.4579929252440873,79.97572337232674,0.2199,1.1693193527093722,1.1677792439876808,1.1708594614310632,1.00263767099667,0.06793313749112834,-239.04545552016782,30000.0,0.404795821462488,0.767094017094017,0.5060932652738208,1473_fertility
0.48339693894152813,0.27514295342526746,-0.01294890115050818,0.025434274342263266,0.732062300278834,0.9937143926325375,0.9344107253787749,-0.07828458180849829,15.66220733043193,2.5019816081283395,0.001,499.9999995,2.1935127295867,0.4043134771159039,0.33798654866760813,0.039118923904372535,25.0,1.0,-0.33698206897258565,0.9995360528356724,0.3567874248613636,0.8346733212251747,-1.0013966657225049,93.84619686711379,262.9469826043398,0.813061257571613,0.17894924672450452,3.3333333333333335e-05,2.8018927924875836,0.27157684298890894,0.0,15.577306312390576,7.1247550207090455,0.013599885180900741,0.01879388351898278,0.4306409750488962,0.0580929273853463,0.08277220580963975,61.68928071779079,0.3158,4.743726494124068,3.799349335553996,5.68810365269414,1.497125731362431,0.676119641250714,123.26218037362813,30000.0,0.0995238095238096,0.647070833665962,0.2507062543795679,1459_artificial-characters
0.5082308569305394,0.25603053870246706,-0.018678153777548005,0.02278845161958485,0.7212943805046794,1.5651065594614575,1.5223510063572274,5.459978087494186,15.642210993587994,1.9857945189239337,0.01,49.999999994999996,1.909141110615689,0.5934197806593553,0.3395384353589064,0.03781911992348957,25.0,1.0,-0.19531829193090344,0.9963351572593746,0.35730229893624316,0.9380608052481,-0.9406146352257201,81.32940708187371,183.46502150887264,0.7607231035383153,0.15325556683830677,6.666666666666667e-05,2.2558263743909692,-0.05299552893878834,4.114745372543047e-20,12.74062321286254,5.59150912141693,-0.00338648774010377,0.003547186063903384,0.3010164810300984,0.1035893193558576,0.21184693773374125,76.45768460155499,0.19593333333333332,3.730708484257449,1.6913412374290089,5.77007573108589,3.4115384899226564,0.5717913148075968,-8.677060453594805,30000.0,0.49438202247191,0.928961928818213,0.6059149555764781,1511_wholesale-customers
0.27484210204873727,0.16222237108835794,-0.004979145477132517,0.011606761589891714,0.49748190294380423,1.6536588326061488,1.650823873990151,6.143658793615328,15.684370765094107,1.8809295687985637,0.0001,4999.99995,1.8574498995155133,0.6111537051235041,0.18753324847373634,0.022606752511032946,25.0,1.0,-0.3276113239549857,0.960634986640176,0.20923342419491098,1.5361227906101296,0.9216161290995482,84.70537753916204,192.20351959625495,0.9266120491791956,0.1469914852458043,3.3333333333333335e-05,2.2690828514091774,-0.5344261873123122,0.0,15.817635952588576,7.177405955867266,-0.01557952424099531,0.0008425536563816425,0.2904386656036499,0.16387238961235878,0.3429833379470783,79.15348835140742,0.1882,1.8246534330744093,1.4209556757581225,2.228351190390696,1.5682059816540268,0.2611803885755785,-140.13672526908098,30000.0,0.195948300834239,0.29046448545955,0.21124285875619442,1536_volcanoes-b6
0.3412289938355295,0.37018695906937893,-0.01940246324622975,0.0132680375899119,0.5852880814812935,0.7997343180464155,0.723126668110493,-2.7155423299589216,15.642787399527954,2.632330130791704,0.01,49.999999994999996,2.380932699072162,0.3891463048768292,0.277925186131068,0.04166385084601817,25.0,1.0,-0.27902193363925376,0.8169519176544806,0.3490927476217706,0.6652949633216374,-0.8985400651073769,6.467814611939209,24.584727253449426,0.8412087283260319,0.23635882491206844,0.2794,3.801087187635782,0.2084535366022039,9.301616741380641e-292,19.840250280174885,8.25322739470369,0.008817093275426045,0.0002744269607011384,0.45155405752913635,0.7559807760733465,1.1451790906308632,73.21525800126784,0.3178,2.764026111147677,0.7003542726980171,4.827697949597337,6.8932226699958745,0.4415421414062938,-152.7711476511648,30000.0,0.5,1.0,0.6844838581730769,333_monks-problems-1
0.37144848204552483,0.14147873915288767,-0.00935791119110514,0.011233830354274396,0.5586709483080989,1.7640462449858785,1.7493568264034685,6.54159699094836,15.64209749619809,1.631790965952122,0.01,49.999999994999996,1.5857496434965979,0.7121237374579152,0.186872363226588,0.024911757313823123,25.0,1.0,0.012552408087081416,0.9568928079956136,0.20796139236565792,1.9316285451008464,2.274870673184438,103.26015975207837,187.0605338793338,0.8117493268499074,0.09189721252871105,0.0001,1.8115460437835218,-0.19842558185857995,5.192861060978017e-264,11.641328782264223,4.461867967950792,-0.00924842127944131,0.00045895820966260556,0.21762242001630666,0.1525681636410199,0.3818867520420655,81.78959989823478,0.1392,2.971567047802305,1.5823065858135983,4.360827509791012,2.7559940335747153,0.47298553374028074,-70.29467359278509,30000.0,0.192746773543053,0.369396554141563,0.2175444478684655,1554_autoUniv-au7-500
0.6354702902933165,0.31714784829264736,-0.02356487949276849,0.025661339338117876,0.7949197882499603,0.9151010328667407,0.8593152249910655,-1.0830232940226523,15.631391376552163,2.4955435091608553,0.001,499.9999995,2.225218337757458,0.3780459348644955,0.3577482274541961,0.04075105902488071,25.0,1.0,-0.1468804626947802,0.9994923981519627,0.3772403380710084,0.7773667998500452,-1.068040466916074,118.3367582000543,658.16699873455,0.5872243202124328,0.46584126645791724,3.3333333333333335e-05,5.561813664202966,-0.3959803737222829,0.0,16.632965040266626,7.432062370446332,-0.020099465498896702,0.02748941435618135,0.44466684060205564,0.061192623269261476,0.09759612259103352,65.15247187523354,0.24896666666666667,4.393955610497105,4.080417819289964,4.707493401704248,1.1536792579055664,0.6428556651896111,102.71493828830003,30000.0,0.499780412823891,0.93106814716567,0.6372919587781204,44_spambase
0.33079629016026435,0.25205578681523366,-0.00921387342753694,0.008331690595918883,0.5817642315613316,2.260507887969634,2.279981480453318,8.352708175478957,15.624324422770922,1.3448793365490361,0.01,49.999999994999996,1.285945580956091,0.7687256241874729,0.15834039314287926,0.02609554902676106,25.0,1.0,0.2013106069800491,0.9810375075025726,0.1870470422070621,2.276589964310656,3.6113239816280274,124.86817764917838,325.8261250265887,0.9516853728080676,0.07560334402843637,3.3333333333333335e-05,2.609360776786591,-0.42540978827096043,0.0,17.946565592301702,7.719432431554606,-0.010307823759816493,0.00023510790894822202,0.16895682494356262,0.0872384957679263,0.2255048109202487,83.24472493286676,0.1094,1.8232888821404656,1.4590554497684716,2.1875223145124596,1.4992729130740607,0.26085548378415374,-205.67293428108127,30000.0,0.447789917514822,0.73208494564216,0.519617929994183,470_profb
0.4702371724217721,0.24646075168879092,-0.022987202442397797,0.022590492572867403,0.6561542611621877,1.7653121830050291,1.7414840218174552,6.517126569918226,15.65138884592265,1.5977844051840235,0.001,499.9999995,1.5264040461864874,0.7115237174572486,0.3681991794071288,0.04008676311329735,25.0,1.0,-0.08989640871876232,0.9988881743391567,0.40917537892876876,1.109514098097645,-0.7171154794997583,2.442799528736765,5.227182649529709,0.9360377111000102,0.16114773129103094,0.7094,2.1398328385263286,0.291011492808374,0.0,15.04885204878581,6.928698905992963,0.017185910626620973,0.001955388408908799,0.21180466672633358,0.06344101476961343,0.18212963630351794,79.62656465077937,0.15173333333333333,3.891600080940859,1.8880892516552086,5.895110910226509,3.1222628406233395,0.5901282037535409,-20.33701273561664,30000.0,0.333333333333333,1.0,0.4978975910049764,187_wine
0.5499838899409751,0.21729751018815982,-0.0186974868776601,0.018763642614644957,0.7571488545681501,1.4676971208061937,1.417679167954961,4.7878757198026545,15.675043458726035,2.0485718267671342,0.001,499.9999995,1.9455216454660866,0.5554518483949465,0.293928634850072,0.032868485270267464,25.0,1.0,-0.13720965678841404,0.9945411859583904,0.3106574490416173,0.9813161407300237,-0.7861753960966191,65.95224544312106,154.39747757782627,0.8776430163026513,0.10740662987239231,3.3333333333333335e-05,2.3410495964232236,0.21194635792128025,9.004961791437212e-302,12.248808270030954,5.127037892457001,0.012842362196060565,0.005450486415287524,0.32219980684793126,0.104854346870642,0.19512487765342926,75.81856966357824,0.25693333333333335,2.2939093259575003,2.143565908603051,2.4442527433119494,1.1402741261656442,0.3605762470377164,-84.84598295506112,30000.0,0.198906299185791,0.494347564916945,0.262969907517446,40474_thyroid-allbp
0.30835830376161577,0.09082630307014491,-0.009216446676615683,0.011087334484119485,0.5000526489972918,2.1668356199771437,2.2013441023197946,8.182512091228762,15.64686933906715,1.197519283832402,0.01,49.999999994999996,1.148357484540843,0.8168605620187339,0.2071744508323161,0.02938030666322723,25.0,1.0,0.08655312819623573,0.9862617922594362,0.2252509073931307,2.38447929138217,4.137690789434128,193.40381605287698,416.5055143884943,0.5453566250303126,0.16760133326803323,3.3333333333333335e-05,2.1535537554989026,-0.5328452851899989,0.0,17.50048238738381,7.846635036722483,-0.015296436452993938,0.0005270683878546807,0.14138006924311003,0.08211815847942965,0.22645092519454052,83.90848292303724,0.0892,3.7077167957855837,0.6256685904208983,6.789765001150269,10.852015116456178,0.569106554295462,-151.91339773009875,30000.0,0.499530516431925,0.739750119191879,0.5215148199728985,1487_ozone-level-8hr
0.21008344499985265,0.21347343677114192,-0.003515488732388714,0.0032191316254148233,0.385715999219687,2.659931096574702,2.709634261012386,9.429790661604098,15.642769327116515,1.015721310342896,0.01,49.999999994999996,0.9907518351225081,0.8498616620554018,0.06110115561761418,0.01087673746740415,25.0,1.0,0.18436381288228743,0.6502888087143539,0.09042793970445762,3.8282456991265335,15.639086180884725,161.32882268428065,306.6698775886808,0.8983187074546144,0.11224900735560857,3.3333333333333335e-05,1.9008994951189202,-0.43791122001701777,0.0,15.807788716024483,7.392009840398932,-0.005356647447763099,3.77958504957256e-05,0.11570903289942096,0.14278582850879906,0.4717933296613444,86.05374552547062,0.07816666666666666,1.0579001133587007,0.5751729142312154,1.540627312486186,2.678546354260671,0.024444663668347046,-256.3983599384335,30000.0,0.448677921677459,0.722099246729219,0.5070487860299839,463_backache
0.36472259236133786,0.26508602917457874,-0.008391372874725578,0.006950779324259955,0.5427219442539777,1.9112347892843458,1.895475086354231,7.180389569354445,15.695381107920475,1.7671114037327758,0.01,49.999999994999996,1.6937012589877436,0.6842561418713957,0.13555677653231127,0.017017088416821813,25.0,1.0,0.06450072887544808,0.8763446839170752,0.15712841462830845,2.008086395469499,2.878225758697634,91.15822293813738,199.26864259327388,0.8687757497499476,0.09576658885017797,6.666666666666667e-05,2.1859645369403613,-0.41712419292110636,0.0,17.749728604143872,7.673427151970824,-0.008541168109713459,4.41522319311268e-05,0.2417912130606712,0.20529003013406402,0.46120443142583045,81.68298949693191,0.16683333333333333,1.9085498132334147,0.6951790406490229,3.1219205858178065,4.490815176042525,0.2807034995382014,-204.56270013372023,30000.0,0.188949938949939,0.503159340659341,0.2724422105209605,338_grub-damage
0.49142316053188173,0.21623387613101766,-0.016254908881532328,0.022261041679251276,0.7118930258309237,1.5584790821321004,1.5291288132671599,5.445502067280955,15.656267551756573,1.9165032654593048,0.001,499.9999995,1.8328505550284317,0.609353645121504,0.31756961080449975,0.03625386017041304,25.0,1.0,-0.1500775845912013,0.9966890873841341,0.3412565597849258,1.13799841754689,-0.4612503925159679,2.3378795909966454,5.243039984466975,0.8810223832910221,0.20641466463329622,0.6089333333333333,2.2426475703265827,-0.11960340559987136,5.40156399870581e-96,18.3980750024366,7.847140201539144,-0.0052013660886974025,0.0062447746903078125,0.28550689042158334,0.09267207608058561,0.16901458448399403,74.91951140642304,0.19726666666666667,2.927824713629433,2.0810052170770197,3.774644210181847,1.8138561975745062,0.4665450723242618,-27.854076112884485,30000.0,0.2,0.870350191139665,0.3462554114989011,1508_user-knowledge
0.017822462095835157,0.21165813899121538,-0.0004610754792912393,0.002377153011727236,0.2758914644171738,0.588789905053139,0.504834325431759,-6.5784606912760335,15.64261180094543,3.0045302829695997,0.05,9.9999999998,2.4015218133528697,0.05513517117237241,0.10862503872603066,0.018594036344855708,25.0,1.0,0.45817378044181556,0.6790147338507997,0.15743427901690576,0.8664488612861864,0.6430319794473025,3.198719039876652,12.576249692908663,0.5699296421629925,0.29647848871568083,0.046066666666666665,3.931651869427611,0.38853540844936807,0.0,11.74825514571677,4.575600652403336,0.013368293484078092,0.00017379098692967742,0.7070611583980574,0.6123578489187358,0.5380603358893774,66.67906666944171,0.4972666666666667,1.1992504998608464,0.4498930658410125,1.9486079338806803,4.331269098877303,0.07890990815706872,-260.101238938017,30000.0,0.0,0.35,0.07400432539682539,685_visualizing_livestock
0.24030415065942645,0.1289707745771514,-0.004097791325539872,0.006299446578485601,0.40158436471940484,2.198814638295643,2.2232125741589286,8.281865824056823,15.664759599802263,1.285105457842831,0.001,499.9999995,1.278644503244406,0.7882596086536218,0.1118620507835254,0.019475238242127105,25.0,1.0,0.06634132232201671,0.8644652775407458,0.13390029059849634,3.150992343416778,9.773679107496859,126.3136782274244,227.5881258854712,0.8360591044020641,0.1175484003314727,3.3333333333333335e-05,1.801769444760393,-0.36336448537382227,0.0,13.461829149358657,6.114759694921389,-0.007956923407956212,4.635119829594484e-05,0.1621937750793943,0.15094330294518907,0.4284304785786574,84.58198439768198,0.11066666666666666,1.653424718768325,0.26274945521441206,3.0440999823222383,11.58556153742191,0.21838442606111955,-247.73920237686085,30000.0,0.480685980685981,0.719710844710845,0.5113945374070374,1446_CostaMadre1
0.40079579818622224,0.12497550195840042,-0.014189161153425636,0.012611210718401648,0.6352466873134484,1.809060866323853,1.789681664552865,6.686198689781305,15.619234290292253,1.6015537749891082,1e-05,49999.9950000005,1.601368645624025,0.7370245674855829,0.2362331535055185,0.031480735859886554,25.0,1.0,0.13442267270763486,0.9895035212853358,0.2587460042982739,1.9674649984528862,2.080474826631236,127.6175941289154,857.4709763072409,0.5543667749746832,0.1893185449899073,0.0033,6.7190655188268416,-0.17636468348166304,3.901151144984317e-208,11.813324847593575,4.654206022530544,-0.00980494787894496,0.0006632736616913957,0.21577681450155456,0.09560179974503928,0.24106051072639778,81.41881139748709,0.13553333333333334,4.704866000719672,1.0901458071387953,8.31958619430055,7.631627017057989,0.6725472587991288,-62.04099396903945,30000.0,0.498412698412698,0.716402116402116,0.5250990299823634,31_credit-g
0.6334319911060544,0.4550976679956671,-0.029593478928991543,0.018543354990216497,0.8067871624310847,0.6854860310838289,0.6059089304321644,-4.8037751862724605,15.652213400070133,2.6577951412462677,0.001,499.9999995,2.0484570208689528,0.006000200006666889,0.3629315496790987,0.040333054667930406,25.0,1.0,-0.3196915847221121,0.9982641571432262,0.3802329346693934,0.23409034400013248,-1.5538313859263249,2.4194916890440865,5.656520416866954,0.890139578241075,0.18235058435832188,0.0005333333333333334,2.3378961963285114,0.6339205823822172,0.0,17.308836872893924,7.548905519686991,0.031929890873927856,0.03725757513204477,0.7110308421802849,0.1050674132826783,0.12421045817612397,54.39540947608562,0.5969666666666666,3.3178763013443646,2.3139537077523995,4.32179889493633,1.8677119081748321,0.5208601904151193,22.050898428142318,30000.0,0.142857142857143,0.970245391312807,0.5199223196349142,36_segment
0.4030218694054267,0.16232307900602458,-0.016891764322898854,0.017802054521306204,0.6096319221801365,1.987342568016482,1.983722989436793,7.452176516794014,15.63405902683163,1.2895510540112685,0.01,49.999999994999996,1.2301873517491588,0.7801593386446215,0.3165741220034392,0.03964110244565745,25.0,1.0,0.0502592389061752,0.9988123556173569,0.3343255754805647,1.7257056179989159,1.1359719894266007,2.353360266716459,8.1379606593464,0.9209640433901137,0.17444574756481276,0.7816333333333333,3.4580173611486535,0.17953089533454036,1.0079987363928211e-215,12.26045592849145,5.142965827838267,0.011670802494724823,0.002061764530033656,0.16040233245373897,0.050266710226228736,0.1427959684799509,80.97254951726904,0.1336,2.70508847888377,2.7043772125239545,2.705799745243586,1.0005260112058492,0.4321814747154129,-44.10262083592747,30000.0,0.25,0.998816225496067,0.3705258353316032,21_car
0.46674053096119683,0.3453418499306552,-0.016214279227784012,0.01344535932816959,0.7169023811674187,0.7089097399511756,0.6317376413592138,-4.2133078824889,15.604015555462516,2.827050772905821,0.01,49.999999994999996,2.4246439334176295,0.15867195573185772,0.23026450699399215,0.036593696743250075,25.0,1.0,-0.20915556522039297,0.8808902147936728,0.2649979747878761,0.6768757404281971,-0.21049964138484745,2.919718278196374,13.220152699865533,0.8490854765727923,0.23135310009898644,0.14666666666666667,4.527886405543078,0.5765415410822642,0.0,20.4063876573161,8.334650006413915,0.01833077102351319,0.0012068820812760502,0.6075786079064658,0.5255959192310208,0.6478065649180923,67.4020300846604,0.4493666666666667,1.3717577994666454,1.0484225239718294,1.6950930749614614,1.61680337478651,0.13727743816363772,-218.98893716662127,30000.0,0.333333333333333,1.0,0.5636039367144284,11_balance-scale
0.4545095961607416,0.19417817554510042,-0.013240085273694325,0.007889824010195563,0.566812410851018,0.926385943544833,0.8825263600240976,-1.0387649801855812,15.687401218564077,2.844714109866661,0.01,49.999999994999996,2.7225022672730557,0.2732424414147138,0.16222794948828906,0.021869879866743245,25.0,1.0,-0.08476180219330673,0.8528998290340526,0.1983057495351866,1.1773713499481189,0.34843893430224204,52.522500035041055,188.81278047050972,0.5826501636742076,0.3288244338558329,0.0005666666666666667,3.5948932427918945,0.10215669714260978,2.079576510232595e-70,11.827344548254397,4.665051605877188,0.0043425613536791354,0.0006584811011067563,0.5692716650841753,0.43758821622732247,0.5245514928216133,70.77394220415881,0.41173333333333334,1.3778305258506964,1.1675429051144484,1.5881181465869445,1.360222514846175,0.13919580232213083,-202.7390575812529,30000.0,0.157407407407407,0.51957671957672,0.22789323633156972,1465_breast-tissue
0.20859860950602793,0.15898798200781317,-0.0023766449581009595,0.008084679972799576,0.38437207313422805,2.0095232092329782,2.0704613873520517,7.939555668678699,15.684456465928692,1.5672086430595376,0.001,499.9999995,1.5522540260697832,0.7221240708023601,0.13830265931312247,0.01777580371086779,25.0,1.0,-0.18375068925858806,0.8987501314758398,0.15993180233439272,2.3056872294393176,4.246589295576167,88.75713934585488,183.7976612559417,0.8494734654059467,0.11705247236339537,3.3333333333333335e-05,2.0707929819565924,-0.2235985130632982,0.0,12.15651025957069,5.019720450720392,-0.007124005956953145,0.00019730169731283748,0.21581994003616556,0.1781890547294833,0.44235808635362295,82.2952754464638,0.14726666666666666,1.8275481458667135,1.1817627919916982,2.473333499741729,2.0929187452002727,0.26186882705766656,-181.82453363272134,30000.0,0.483572686627828,0.665490130478421,0.51253940280969,1480_ilpd
0.39827294070537855,0.1284676492516374,-0.017925556518085715,0.013111483729269775,0.6564837692815264,1.8408783941976576,1.8112139291402574,6.8250478817806215,15.646125125493997,1.6092647199106966,0.01,49.999999994999996,1.5986645725577258,0.7394913163772125,0.26163513801043586,0.037514735340697665,25.0,1.0,0.173978050387867,0.9967275656515376,0.30412325435349225,2.01049570239125,2.1394275770483286,2.348074387948492,4.485824903955791,0.6987898616041592,0.39437189530300737,0.7476,1.9104270831356143,0.5424877789843083,0.0,17.622752202609156,7.618531854608234,0.021655797892980784,0.000834752201955726,0.21327773618407728,0.0710004422661169,0.1979102120726734,81.76487315871677,0.1671,3.3667246795568317,2.7432083787541455,3.9902409803595176,1.4545890903739034,0.5272076025663791,-18.690676061488233,30000.0,0.5,0.884991962497265,0.5505464580773395,25_colic
0.11459570849318423,0.35184740793777003,-0.0020251274966967656,0.0020099415701005786,0.1888665011250329,2.4473561174355014,2.4780433704413305,9.021206457668228,15.617534157448256,0.9664030174199507,0.01,49.999999994999996,0.9619793232437283,0.8474282476082536,0.037027350196756195,0.0050663446823446924,25.0,1.0,0.08422608069359794,0.3534960842396442,0.07272138553057865,3.4760079431510396,15.662207312886697,168.46012010598886,1163.2797990624429,0.9351026743409566,0.11776233560406446,3.3333333333333335e-05,6.905372015231519,-0.2539172015954775,0.0,12.946121985617884,5.719241811404216,-0.0032274071126111824,-7.381466582950139e-07,0.11248416224674701,0.1551378801166049,0.4996934956625989,86.18854654730848,0.07866666666666666,0.6052800841885118,0.1260623633282745,1.084497805048749,8.602867472951019,-0.21804361564451474,-275.21202529004813,30000.0,0.103584290379633,0.167532760991707,0.12606999208768255,1555_autoUniv-au6-1000
0.19145846299102376,0.44234189748670927,-0.009375556851867705,0.0008411998684522317,0.581771530882639,0.39858465358858375,0.3649365798794082,-9.018951306235845,15.588797519510281,2.3755577802817136,0.01,49.999999994999996,2.098603030466056,0.4718823960798693,0.17027630877012073,0.02817032869645485,25.0,1.0,-0.38807956314811054,0.9627865977621249,0.1858856113072107,-0.08345630537928869,0.5976577117864177,55.98277524778663,156.18626203308486,0.8925761334318078,0.15596648865067006,0.0008,2.789898523997471,0.3471394144449508,0.0,20.490345471501435,8.33808708804821,0.0077383711851812444,0.0001367003713099552,0.3806188992495667,0.18255312375868923,0.28249532341751915,76.2247393484482,0.2725666666666667,1.790903744621699,1.1866779922039863,2.395129497039412,2.0183482905830097,0.2530722445298863,-165.32425493729465,30000.0,0.148071184995737,0.386354891308163,0.25342407869483924,679_rmftsa_sleepdata
0.5250318212587648,0.26799313588032403,-0.021375463632610087,0.020817221011612392,0.7270470689796599,0.9576585738026699,0.9029850208080877,-0.6187187234504687,15.624716742183105,2.879155447824666,0.01,49.999999994999996,2.5761859226425186,0.15237174572485748,0.33254848374740004,0.03861712553620796,25.0,1.0,-0.154029959395245,0.9926330433289505,0.3557831343982233,0.9568858166450867,-0.8479899148077368,2.0396410424306826,4.417396405625418,0.6486931496679146,0.39925016303860184,0.2278,2.165771483181643,0.6147368623829834,0.0,20.98912648836663,8.420412779253803,0.025974329704690706,0.008793232313145898,0.643106962638248,0.17625700587939697,0.2354330792598389,63.45062343530844,0.5145333333333333,2.4678575554720514,1.1775849597594672,3.758130151184636,3.191387695669175,0.3923200886442849,-97.2080315277928,30000.0,0.25,0.863261911699412,0.41462428676730717,54_vehicle
0.3597997333823878,0.10016691447071978,-0.010609454747765812,0.011486590433627647,0.5862473529109531,2.2170964714428796,2.2329301454199237,8.291054861310926,15.689890597401654,1.1692056528927437,0.01,49.999999994999996,1.111549322588387,0.8169272309076969,0.20537744674319966,0.02912153475092093,25.0,1.0,0.13415018042496776,0.9700991642890688,0.2268921023642224,2.2331146170203136,3.428989964721973,142.46119788968034,273.40532631341307,0.6867660701795526,0.11068219329374762,3.3333333333333335e-05,1.919156446551375,-0.2200294580941614,0.0,11.9233198726034,4.742630703848707,-0.01052656631747611,0.00024673965533770424,0.13535335978211677,0.1228287702768706,0.33843506993949923,84.8999105998382,0.08693333333333333,2.5038276477949575,1.3123041141963194,3.6953511813935958,2.8159259286128844,0.39860443069361406,-135.5755616619408,30000.0,0.49813895207975,0.822922965005304,0.5306315793048073,311_oil_spill
0.43940768797581553,0.14137697419981957,-0.011890809265643332,0.014551060252187024,0.6623774221585875,1.6266781834738384,1.585426810143007,5.75581368932591,15.64657917703875,2.276868387311106,0.001,499.9999995,2.266732115181725,0.5664188806293543,0.22733487162188687,0.03132374853750452,25.0,1.0,0.024736424699795326,0.9910974170526937,0.24399536029737898,1.7201049076848078,1.341297090193554,76.62263859721106,191.97531485067853,0.8523433590367883,0.1258175363889944,6.666666666666667e-05,2.5054646820484674,-0.4541738301690006,0.0,17.53931618938924,7.577128784595151,-0.014625268678879411,0.001720367676773131,0.36440701248318524,0.0935361135316042,0.19191829536214416,76.44912397433035,0.23223333333333335,3.6185584274257945,2.6227006333234626,4.614416221528127,1.7594140036024701,0.5585355893993226,11.406624487305322,30000.0,0.495715642382309,0.78696515922931,0.5365553848713597,1049_pc4
0.48835140364174123,0.1470171784543756,-0.014941479000185259,0.015489591969699774,0.7001358941473153,1.732317557456959,1.6948010317205529,6.338659929730063,15.646043639931335,1.7247912307794417,0.01,49.999999994999996,1.6151735739794673,0.6892229740991367,0.23987426167945267,0.029108352659682906,25.0,1.0,0.025344271083944752,0.9785359681387135,0.2667775337146491,1.5521853006385034,0.8506791191064247,2.6294270373755846,12.348730367231674,0.7979209695052103,0.23453349710453458,0.6903,4.69635787253187,0.16599180143666128,2.8070642962981036e-184,20.585550535917047,8.400809875823521,0.005271324504909942,0.0008088416211722008,0.22997448961078368,0.1542025233952955,0.33014375389612793,81.50088817014264,0.16423333333333334,2.38583152955749,1.916050852532193,2.855612206582787,1.4903634748563215,0.3776397736317773,-99.8572441701992,30000.0,0.333333333333333,0.682702309132515,0.3849660070291742,455_cars
0.48931933550038575,0.23080114065888183,-0.020512140049582392,0.01678236650473907,0.6783726993991092,1.716449901114854,1.6777668199937081,6.249242998354786,15.640741815736133,1.7437802434094003,0.01,49.999999994999996,1.5898142937269644,0.6853895129837662,0.3047619523081196,0.035158042496658146,25.0,1.0,-0.038857172617657976,0.9936144121654074,0.3304390229518569,1.2034892160644075,-0.4007421013174781,131.46147352717114,250.63765436270558,0.785670633832056,0.11450677590070694,6.666666666666667e-05,1.9065483417915636,-0.36588913278361734,0.0,14.781414406715308,6.781956888739343,-0.017827461883171095,0.0019523610594362956,0.22907437401173047,0.11676660166176686,0.24849599317147306,80.60333058846551,0.15123333333333333,2.633914766569659,0.8082319558468605,4.459597577292458,5.5177199379777075,0.4206017170923728,-153.93122925714593,30000.0,0.487126265140202,0.872765886842542,0.5762054844864775,49_heart-c
0.7652582498352689,0.27753374593323354,0.005628351911785021,0.02173873620341333,0.9551622603022975,0.9582017348760639,0.9143800747983727,-0.5254999271236276,15.642124474161971,2.642838174401554,0.01,49.999999994999996,2.24488744222729,0.35947864928830964,0.2126476253167947,0.026590003789284066,25.0,1.0,0.20608886260067044,0.9859009481495355,0.22281626919039474,1.054457844423669,-0.21911966284413564,35.26560510765209,112.67341243591653,0.8693603281315259,0.15596757265696093,3.3333333333333335e-05,3.1949944454934345,0.24024927259152032,0.0,13.417037837043376,6.045395728167583,0.008854828740047962,0.009163300052533995,0.4600079753268685,0.14364787873891044,0.19747938916474272,73.30421175041168,0.3314666666666667,3.466777937310713,0.9386591248034741,5.9948967498179515,6.386660067963127,0.5399260240363158,-72.36801757133566,30000.0,0.462086534146406,0.812404635569283,0.5596863921996955,1566_hill-valley
0.4490722821371085,0.24975043421496765,-0.0224703446952947,0.020588597992477146,0.6383513962886196,0.535332395881739,0.537366225044525,-7.237845219664814,15.637369740545811,2.436438238558181,0.001,499.9999995,2.282064163023691,0.4848828294276476,0.3545518775105643,0.03994324341743594,25.0,1.0,-0.055315674402072135,0.998345145053902,0.3948947688036916,1.1976784633095265,-0.5301662215931042,73.43352813541111,189.9142381365924,0.7384851192620628,0.2565957115829518,0.0051333333333333335,2.586206096299619,-0.3355012006933502,0.0,13.94381838396291,6.385904977793734,-0.020747097488399233,0.00020060896360401772,0.38626995184111007,0.06683951949843071,0.23021208127973347,75.02281906910389,0.26603333333333334,2.8351834569603067,2.6144512908181015,3.0559156231025124,1.1688554435240983,0.4525811661453812,-49.51754793455643,30000.0,0.485471724921853,0.99221534491933,0.6120928217232559,335_monks-problems-3
0.41920105805780283,0.18405596798242135,-0.019798319097109895,0.018870798792822385,0.6177482280471973,2.03463121602606,2.0341461431442034,7.679299261918641,15.699454071162906,1.306157206399959,0.001,499.9999995,1.3057976634710744,0.8271609053635122,0.3419083023735144,0.03896512145810551,25.0,1.0,0.029828750273631327,0.9966667295065189,0.36682515467963317,1.5215318147207793,0.36517622322306886,3.2540829039923356,6.948251840145797,0.9209222918008582,0.16611610364061183,0.7882333333333333,2.1352411862706577,-0.06186894299092646,7.712983906431037e-27,16.779071206834658,7.650652052196323,-0.0029664617755061832,0.0006614054386775217,0.15506941632633264,0.06979065014110858,0.21973771909724593,83.29602079844692,0.10823333333333333,3.140132378971535,2.803781899628884,3.476482858314186,1.2399262791350147,0.4969479570685772,-12.422896798124128,30000.0,0.5,1.0,0.5923850485967334,1495_qualitative-bankruptcy
0.4855002813695548,0.3107314268394059,-0.010469763880643895,0.026636164445861032,0.7189609127507549,1.0259235830506503,0.9676957769650957,0.31849963574341267,15.626703104049597,2.424799525497675,0.01,49.999999994999996,2.2075215698168087,0.4159805326844228,0.330232217669353,0.038678142998374465,25.0,1.0,-0.40098713471209213,0.9986215919301887,0.35642840196131187,0.6252103003638396,-1.2942088981155184,79.67813421823355,220.03542042318833,0.7709830317117122,0.2534609144627115,3.3333333333333335e-05,2.7615533744869323,0.1964347620569768,1.1166358051465027e-258,12.230011068457735,5.083991338587001,0.013771703457661854,0.007202358590144116,0.42072083184544473,0.08574409741618967,0.12484828701570146,68.53863012094813,0.3590333333333333,4.0004976938225765,3.4873500976222114,4.513645290022941,1.2942908408017872,0.6021140243868562,74.76503555025695,30000.0,0.499709133216987,0.869138063395686,0.6136740584804824,1489_phoneme
0.44280804165831333,0.22151982757274916,-0.019641776231684217,0.02000366565340385,0.6165739025533161,1.6638572091486148,1.6205652627578182,5.997599438743146,15.671713419103988,1.7368331780210953,0.001,499.9999995,1.664520444959201,0.6705223507450249,0.32552043434840344,0.03730568391667277,25.0,1.0,-0.11156841504756879,0.9952109754932453,0.3645490073752032,1.1893415788781823,-0.4967632992885598,109.41353306885388,261.86158292897596,0.2942698541694172,0.42971779838368696,0.0002666666666666667,2.393319871721757,-0.07027403322781256,3.6829961507119023e-34,12.07899605043691,4.941002736571996,-0.005184898840475353,0.0009177830350901059,0.24245411255259833,0.08729699901215124,0.26890586210395356,79.83855606713077,0.1835,2.062622966231755,1.6774478048346209,2.447798127628889,1.4592395188527236,0.3144198490835139,-97.40829391388237,30000.0,0.497512437810945,0.961506062691313,0.5999747855949383,59_ionosphere
0.3459067112578036,0.34370457524467096,-0.011237674145447457,0.0068669661709158695,0.5488314026466321,0.8133318871611686,0.7397121602788239,-2.8734332599720407,15.694670507119172,2.967181004931602,0.05,9.9999999998,2.5551577115981328,0.08870295676522551,0.15834320124292006,0.026203193653772525,25.0,1.0,-0.21317221370515324,0.8227746027887474,0.19507310035004977,0.8904618343173134,0.2882112400439092,3.3623424627803087,14.224432465266522,0.7377698789523748,0.20850853826434743,0.0008666666666666666,4.230512692481705,-0.12276276961845488,4.5620046153998626e-101,13.243952628986733,5.968638836855522,-0.004012116881328995,0.00025617823626519016,0.705088287645873,0.5446713344168127,0.4834562329682489,66.61508062290544,0.49423333333333336,2.191861257019018,0.6335767215056556,3.7501457925323805,5.919008172545345,0.3408130602057512,-198.52678046124794,30000.0,0.234567901234568,0.848148148148148,0.4452399588477366,329_hayes-roth
0.22780498925182024,0.5188956992679976,-0.003997345938114069,-0.003039911454014292,0.2780957005316719,0.7189575241964761,0.6839426660214625,-4.385554161165949,15.692371988976076,2.262173644037188,0.01,49.999999994999996,2.2081071340887495,0.5544851495049835,0.052104455551077136,0.00551252760658625,25.0,1.0,0.04321838545224843,0.4244914515782148,0.09168559745326837,-0.16937072168351067,1.823454126057186,69.62823952233789,180.27104704454743,0.8434182334092759,0.1183375915874086,6.666666666666667e-05,2.58905076849905,-0.02361580964901672,4.300545074634499e-05,18.670072677781846,8.153886929587301,-0.00026540845438100983,6.725761438321033e-05,0.34805194276164214,0.3073443897414655,0.5480883303588032,78.1922532097824,0.24933333333333332,3.5838506591008175,0.051328785465774796,7.11637253273586,138.64291679650788,0.554349904092957,-269.95512934800166,30000.0,0.246031746031746,0.699404761904762,0.4811769246031746,1463_blogger
0.32882933396577707,0.43988699427108885,-0.018297484269857764,0.012433893985591723,0.6228974784300729,0.7436925913876682,0.6787106034382322,-3.8977743316725224,15.612487206023575,3.067571356490715,0.01,49.999999994999996,2.243066051506127,0.026467548918297275,0.30740375098438566,0.03697244005922862,25.0,1.0,-0.2802971766217527,0.9957829484184196,0.33305481701627726,0.4291585029211475,-1.2704709580265094,2.729560733757734,14.106095183149089,0.909284301281207,0.11828762581942004,6.666666666666667e-05,5.167899365156946,0.4715396812855871,0.0,22.00300507848885,8.47677642932098,0.0185266907823292,0.01261615770154608,0.7145192241553613,0.1621993825321561,0.16057853664119498,54.47448094221714,0.5705,3.0774933026229956,1.7627146610240454,4.392271944221946,2.491765707370796,0.4881971164736685,-28.22284361301709,30000.0,0.0931537598204265,0.991021324354658,0.48801893004115227,307_vowel
0.530057299296643,0.27309869924083574,-0.02695430573316004,0.02286729199626168,0.7145774427975107,1.1877427033214558,1.1242567980283231,2.1950270584689697,15.655739214053465,2.14815953115515,0.0001,4999.99995,2.1000828702866206,0.5653855128504284,0.3892529303712199,0.04166469510348059,25.0,1.0,-0.09095740252097677,0.9996120638206436,0.41992896343782943,1.026623731382943,-0.8388525057658902,6.629123852806074,43.041045625797054,0.8324909411765488,0.2839006235250123,0.47336666666666666,6.492720091143192,0.020325743628004576,0.00043044112961156014,15.09691667211711,7.108982797565917,0.001200656960650451,0.022168218286834667,0.33799937625857057,0.04488999286532584,0.1340752017870676,70.56585657635631,0.1914,4.751127016989784,3.9318585891590163,5.5703954448205515,1.416733414619213,0.6767966410360937,122.3240724723407,30000.0,0.1,1.0,0.3475456004793883,1466_cardiotocography
0.3696568736868102,0.22992398511153286,-0.009112607939135726,0.010204105708417911,0.583145868846239,0.403032879096205,0.39072381038040677,-9.243726426651474,15.643538508733547,2.3209255831033415,0.01,49.999999994999996,2.1595617867572163,0.4795493183106104,0.17367320978797848,0.025936124485974165,25.0,1.0,-0.12195699805235378,0.9668177195448272,0.19459421584626377,1.5966339931585094,1.3644993552706461,58.0488535223429,163.18723177617468,0.8966305544733545,0.10924327982288774,3.3333333333333335e-05,2.8112050776913518,-0.3310340882954723,0.0,16.043116575001,7.317333416270345,-0.008803328368755236,0.0002828387967625791,0.3809791563678013,0.15832511097046856,0.28227973904743325,76.65393250595952,0.2601333333333333,2.206142804442192,1.8533986543889855,2.5588869544953976,1.380645738807667,0.3436336210571926,-80.93866891117116,30000.0,0.477364563429455,0.644892580921047,0.5159433943112924,1067_kc1
0.3549699914764718,0.36846180638091697,0.009638791913202261,0.02734220899016867,0.6817475068466061,1.217354099791399,1.1769989160633147,2.552599873670152,15.64849181005482,2.3758469306027865,0.001,499.9999995,2.1351783827773914,0.4491483049434981,0.380634742351663,0.04082982040689,25.0,1.0,-0.5211694446785688,0.9993364662765133,0.42096338890892193,0.4833267641666208,-1.5880649498267465,68.3252768855888,182.68446391331923,0.8562432701556852,0.13824727983700708,3.3333333333333335e-05,2.673746411876575,0.017793347121127963,0.0020564087620221745,12.549618894604055,5.4525245830175,0.001373744434893349,0.003759113794682489,0.4078310448062491,0.07730773447205286,0.16065529032357034,64.58802863259947,0.2874,3.6188849461292465,2.7677285196864747,4.470041372572019,1.6150577416735818,0.5585747759639489,36.18457117949163,30000.0,0.499238747553816,0.905494072564488,0.6501730518042874,1460_banana
0.483890864122133,0.26516390676493046,-0.02275895926402644,0.025400530504776895,0.6753348585381169,1.7749926519279473,1.752156471326244,6.58605101598263,15.632994511934509,0.9581927375751,0.01,49.999999994999996,0.952415182756422,0.8773959131971065,0.387983937800672,0.04166666666658333,25.0,1.0,-0.12265421237558216,0.9978584567118514,0.4261098635800151,1.033236966746701,-0.866594695065869,27.80666048878858,55.45638017450994,0.8675440782927732,0.21325032039345992,0.7002333333333334,1.9943559995946838,0.3772557265911386,0.0,15.070625226022393,6.865486712870885,0.02341480291787009,0.0017159452840492782,0.10622102445516751,0.06142550316499951,0.25494644357838925,84.75481956119488,0.08223333333333334,1.9675663522435265,1.6905493807649434,2.2445833237221096,1.327724199754016,0.29392938699184745,-151.52234046144014,30000.0,0.5,1.0,0.6331929203331164,1121_badges2
0.45699507887522994,0.2108956417547865,-0.015125008295250689,0.012027746364670138,0.6569010872412027,1.752834201566603,1.7109818232400278,6.330822979629932,15.594453849694155,1.8084463686460133,0.01,49.999999994999996,1.735986361965538,0.6737557918597287,0.23119260723693286,0.0264405807939667,25.0,1.0,0.03774157623620228,0.9583559632711927,0.24772044392377018,1.5186808115945098,0.6170653860710473,85.30560625304308,295.9377600301206,0.755154161760421,0.15532862501861172,6.666666666666667e-05,3.4691478441906067,-0.3549995535358633,0.0,12.430013054630273,5.328148422809168,-0.016504991074418024,0.0001318093735030003,0.24912024134973126,0.19292580271721083,0.41716489461299006,81.41838223802395,0.1704,2.4226181705638763,1.2609067994161214,3.5843295417116314,2.84266017390703,0.38428497027288105,-113.7568776041189,30000.0,0.4725,0.818518518518519,0.5457542283950617,1066_kc1-binary
0.09196915030537856,0.617351820795796,-0.0020549884084835215,0.001293650939510746,0.15667350575815542,0.3998284998519848,0.3812311244093747,-9.383577528661148,15.661679542438634,0.9804033594778236,0.01,49.999999994999996,0.9511695536149107,0.8574619153971799,0.044349085004338006,0.008045927444447397,25.0,1.0,-0.017119871350648207,0.5805071003131907,0.0692389335704883,-3.715928521161286,18.408808064292216,133.70420407325005,378.834093545422,0.9367367133582519,0.08926743048234327,3.3333333333333335e-05,2.833374583628457,0.377559342081646,0.0,18.095659076604935,7.934605831722012,0.003290346090628285,2.302405828353001e-05,0.1104044395047576,0.11648432399990091,0.3981580046154187,85.90070940101576,0.07773333333333333,0.9614490058477443,0.6959390084439563,1.2269590032515323,1.7630266278550988,-0.01707374529528939,-242.51377788770498,30000.0,0.353801169590643,0.584850640113798,0.49639930509456826,1490_planning-relax
0.7006614283869993,0.41481021851397,-0.035680392839139576,0.007161354948153168,0.7382806163274069,0.7049102652591093,0.6392650288542251,-4.37383198337006,15.68805162316458,2.8119202796188967,0.001,499.9999995,2.5058561991798443,0.12553751791726392,0.3467852416208347,0.039614534037670235,25.0,1.0,-0.011871647918792982,0.9951948382860364,0.3783700797870372,0.2577476070760491,-1.5400791554670374,23.71861327210546,102.9583948752347,0.8773575191933911,0.1743047997921585,6.666666666666667e-05,4.340826914881897,0.38802252758842964,0.0,12.740909679867544,5.561800486200348,0.0263971442687361,0.025285615027841598,0.6523741713554579,0.15313345993502103,0.22577143002740116,58.225955852574366,0.5203333333333333,3.3017105357874037,2.006585638679798,4.596835432895009,2.2908742813075924,0.5187389955711351,-12.683354006618003,30000.0,0.0942467043314501,0.851129943502825,0.4066452382297551,22_mfeat-zernike
0.10393250700971302,0.19735349678708702,-0.0017624304344503144,0.0030984123313461255,0.17682367905398544,0.5341623309381468,0.5446798695509145,-7.336557141526628,15.639497041439997,1.381194025219487,0.01,49.999999994999996,1.365795096696289,0.7862262075402513,0.06472613318371978,0.012094025812986806,25.0,1.0,0.009046729778526965,0.6240563936730023,0.09597794639392417,3.9624864670720146,17.23559524407369,107.9632280532333,262.9364708191425,0.8833789849718683,0.12732414823467586,0.0001,2.435426168338486,-0.3539976444655511,0.0,15.665554425086937,7.118475845438562,-0.004772670263244787,1.0107180720067905e-05,0.17254533801241764,0.16490925949274485,0.48237038814689026,84.07318488118875,0.1205,1.2053587314832388,0.5884708176644666,1.8222466453020112,3.096579457467542,0.08111631821246168,-257.8135057762464,30000.0,0.439550264550265,0.786772486772487,0.5080871604938272,1075_datatrieve
0.5502296697250482,0.2941455129505286,-0.030527173827851934,0.019917505123044126,0.7117907049496677,0.8943242737167598,0.8425705609568378,-1.490763374581599,15.675564952566761,2.763722043528378,0.001,499.9999995,2.665137755326419,0.23227440914697156,0.3944552707698057,0.0412831751130519,25.0,1.0,-0.062250975076705295,0.9991679111038929,0.42710883457914023,0.9084508318605923,-1.1114543382864155,2.0978333797924122,4.5082560509650556,0.6949390620025406,0.3917375124010201,0.2669,2.1490057763353034,0.4353506895728498,0.0,16.0663543589823,7.320847169175257,0.025399212773187997,0.021012664897422092,0.5880064120110484,0.07115830901973211,0.15313313694857486,59.74395443065633,0.4651666666666667,2.987131327501616,1.8922255559518744,4.082037099051357,2.157267713782542,0.47525431652978567,-40.1358860119247,30000.0,0.1,0.989100095136191,0.361516571441687,28_optdigits
0.4781780080670337,0.2004323220871305,-0.022965921602395252,0.01778366951752896,0.6810950582438989,1.868983587250939,1.8490942397924603,6.95554244372056,15.701161558541777,1.492725591309148,0.01,49.999999994999996,1.378211815097652,0.7470915697189906,0.3466876313974275,0.0388164130174298,25.0,1.0,0.037559080874012704,0.9981452479777633,0.3646237643055909,1.3492781714051179,-0.09338422780765887,2.3798071795995925,4.335138548587428,0.9262542995653495,0.16727675615992565,0.7465666666666667,1.8216343684260174,-0.18839714845752564,9.748826804459651e-238,15.918908481798372,7.24394086968443,-0.009483081035119955,0.003124185096239233,0.18570920565804772,0.06446643902574402,0.17749727761961537,80.95362554519821,0.12356666666666667,3.800488846357159,2.931721533309323,4.669256159404995,1.5926670068602158,0.5798394623066181,49.005748543351075,30000.0,0.5,0.968447677578494,0.5936387398480676,56_vote
0.23651175377936506,0.09693467746556478,-0.004661783277232377,0.007811478710775704,0.3979489861943116,0.5393008542416584,0.503740488779402,-7.194711166478346,15.646981477492247,2.1692652915446855,0.001,499.9999995,2.121915157275588,0.5733857795259842,0.14161806256778062,0.025372208862596807,25.0,1.0,-0.005657965038983494,0.953263433680808,0.16249515841672055,2.789838893160495,6.910209117902879,69.76786948936638,185.0971739320383,0.8542826254754171,0.13165963813467432,0.0001,2.6530432316017207,-0.2822807829765783,0.0,12.001775710213595,4.85484954858247,-0.009448234268668107,0.00012923091508023062,0.33321580774112664,0.11636021461744128,0.2968111165148043,78.75979389262122,0.22883333333333333,2.6516600540029085,1.6548938909909168,3.6484262170149,2.204628488191525,0.423517846228421,-100.48785267768457,30000.0,0.494386873920553,0.652641477151502,0.5096457226838086,1050_pc3
0.5106737901778018,0.26222385243957125,-0.029645509025638502,0.018044551411725607,0.6782921946932392,1.6477581262029664,1.6387603966718385,5.7970776083531685,15.650851970323783,1.6504583436539673,0.001,499.9999995,1.537543036183225,0.6960232007733591,0.3920041118793296,0.040816237501541286,25.0,1.0,-0.025909213745305824,0.9989906132435966,0.41954584907185105,0.9975134189378271,-0.9730205706259873,2.383169807869777,8.596195249867165,0.9383508316789649,0.19320594334787256,0.6976666666666667,3.6070426964444313,0.15512687155977678,6.3937880116283695e-161,11.617652117733988,4.413784821722734,0.01474550684057315,0.0015553793560854324,0.2226324386028743,0.05409983752155228,0.2469911129600944,77.75795764075679,0.19096666666666667,4.072591131844833,1.6575930211895198,6.487589242500147,3.9138613396433204,0.6098708112408173,4.723042221599286,30000.0,0.333333333333333,0.871366377722565,0.47470746838226446,60_waveform-5000
0.24063108042147507,0.29380806943787385,-0.004116744078226013,0.0037016357132119326,0.40906728995623487,2.2054570166206946,2.2114813680855328,8.301063481571035,15.696682150645309,1.5356354854405736,0.01,49.999999994999996,1.525903902443417,0.75989199639988,0.07173120967554884,0.01205328412458446,25.0,1.0,0.13193410280876894,0.6479395099494096,0.09824907263336907,2.8766048351797506,8.873711409830419,105.60657173191474,190.87774263379913,0.8876269169818752,0.11952938768314872,3.3333333333333335e-05,1.8074418997176223,-0.44642060507699743,0.0,15.459964355276021,7.209013280770895,-0.006083301909898397,-1.5258925710995453e-06,0.20152995882952374,0.19969602336557013,0.5109574804299013,83.37983171393397,0.14213333333333333,1.716447457741705,0.7896091539937572,2.6432857614896528,3.3475875350695383,0.2346305137555585,-239.6439930458726,30000.0,0.398550724637681,0.786594202898551,0.5125540720611916,1064_ar6
0.3409219963431094,0.3174488517360292,-0.011853539744694365,-0.0023495113181765115,0.6005170620991122,0.5042622424458695,0.5057812618622669,-7.70575080642582,15.65675419100505,2.2931547113845707,0.01,49.999999994999996,2.0866139681437166,0.49611653721790727,0.1499461856479446,0.02338665771059431,25.0,1.0,0.02744870998339397,0.8941885563570293,0.17917870797444235,0.3206417975118676,0.2471465237042434,60.550503926077916,138.77300786333856,0.7736805095759973,0.2245521233324502,3.3333333333333335e-05,2.291855539844144,0.17580076275485676,8.463752025651106e-207,12.468822038358642,5.3016527578526045,0.005941286451162472,7.163180003059276e-05,0.36450147166144037,0.2632246651820136,0.4869824352900299,77.49123332556498,0.25883333333333336,0.9660519561510822,0.7759322900867593,1.156171622215405,1.4900418979659165,-0.014999515754937114,-254.43533234008402,30000.0,0.271324863883848,0.451567632363156,0.3284178923975539,1100_PopularKids
0.56274107260879,0.4082243974811385,-0.030098464949170217,0.022548552510807337,0.7506202687594289,0.739682670272753,0.6705994353832493,-3.9660987971857242,15.653895555631138,2.963880052410671,0.001,499.9999995,2.2781867061120518,0.0314343811460382,0.4105855512761369,0.04124256933233165,25.0,1.0,-0.3113430645266779,0.99245436622728,0.43362177421322057,0.4018651027357178,-1.702764449353433,3.0633895818416375,18.66500118429146,0.735894404492048,0.34152208060649386,0.053566666666666665,6.092924417750487,0.4436760848818956,0.0,17.31368002457222,7.58146648230217,0.025376087937977163,0.023454194293877,0.7171460688999476,0.17112897727942153,0.2959976162285701,48.51733030634055,0.5221,3.5893244154249624,0.8493776637150254,6.329271167134899,7.451657180910964,0.5550127131290061,-103.58735434954681,30000.0,0.1,0.996832310524455,0.4671040893477922,32_pendigits
0.26897712425939535,0.15089418027444063,-0.0032629235676788996,0.010500712131362685,0.470958245033649,1.746046719169488,1.7698151758120824,6.6004204708183245,15.668454271747233,1.6857817327070528,0.01,49.999999994999996,1.6379094672522603,0.6841228040934698,0.15792013421425485,0.01980743850295777,25.0,1.0,-0.23469991932635623,0.9272302444328051,0.18410714662505764,1.9458144969822468,2.7174144062091266,89.10231732647357,204.67184882693954,0.9175406309848063,0.14489212068633942,3.3333333333333335e-05,2.2970429385917477,-0.5411414049181831,0.0,15.032307964954132,6.97501679342923,-0.014283626584811403,0.0003501502342031515,0.23702676973865824,0.20124740507539635,0.4126487042856075,81.59775484542939,0.15423333333333333,2.021414647340566,1.1789942246084346,2.8638350700726978,2.429049278016099,0.30565540831072685,-149.79528664696988,30000.0,0.189618815896188,0.37296799472427,0.21740539212204354,1529_volcanoes-a3
0.7056178336483124,0.41207856295580225,-0.03271162125702037,0.007860076150630101,0.7666698899610843,0.7753633508690143,0.696546473157866,-3.095340787438312,15.658865360541242,2.76073572933927,0.01,49.999999994999996,2.431154000511057,0.2520084002800093,0.3155634274299214,0.040578560695013074,25.0,1.0,-0.0653133778914956,0.9970296482897241,0.3469072128096024,0.24770264288454175,-1.2058733109487725,2.4344181217861727,6.470470794543931,0.9265752939487213,0.14908230244489637,0.24966666666666668,2.657912680092022,0.7370014503990231,0.0,16.179704110867174,7.410962974893413,0.03449880255580557,0.013955404403288787,0.5502740015226748,0.1304943527002727,0.1586965883671427,61.46837539488247,0.44803333333333334,3.349570412716191,1.836230594022839,4.862910231409543,2.648311299918582,0.5249891117085832,-5.773464755661394,30000.0,0.01,0.8405,0.3527679611111111,1491_one-hundred-plants-margin
0.5596352874293962,0.3346361364664241,-0.028976229131196456,0.02190940316730338,0.7351885923387539,1.4020515433886533,1.3432329250932373,4.2542980700611235,15.63296178968571,2.177520990246675,0.001,499.9999995,1.9446683355116317,0.5461182039401313,0.3922999871114113,0.04031551300663485,25.0,1.0,-0.22767736193268276,0.9997851558504753,0.42063877601799793,0.5981914927732255,-1.5097878464956465,2.1019088731252906,4.416683933159056,0.9480742379254455,0.15108724140514168,0.5480666666666667,2.1012727952329664,-0.23216716354244926,0.0,16.595573625413337,7.466335934240739,-0.01307992548755482,0.014926306818289032,0.33564309023570527,0.04877322442325695,0.10731438606331961,64.88515854810211,0.17183333333333334,3.4583967205628343,3.3678104409961485,3.54898300012952,1.0537953552631454,0.5388748107046071,25.112467149842075,30000.0,0.166666666666667,0.905802236382784,0.412965034957328,294_satellite_image
0.2531297315556167,0.12561797123291205,-0.0034711605317610376,0.009605543752231443,0.47242696012142726,0.3960185295591275,0.36747365828212875,-9.337329584103065,15.669997344905429,2.0162553496719786,0.0001,4999.99995,1.9903591939980774,0.5853528450948365,0.158019922292845,0.020030892639704655,25.0,1.0,-0.32584092740304826,0.9493768249796259,0.17657431309101512,1.6672431761089912,1.5328333735786979,75.82943347323916,159.8831824668211,0.9273658125213903,0.13949994806636604,3.3333333333333335e-05,2.1084580900006737,-0.35207472789860816,0.0,12.982965520438801,5.748339819983647,-0.010814926214351888,0.0024968589513020174,0.31479859462998405,0.14861982370604745,0.32351230574551165,77.59544699734236,0.194,3.3458364307491957,0.5277670355828457,6.1639058259155455,11.67921717410161,0.5245047056165182,-161.68958837366773,30000.0,0.196954432106927,0.303332239613796,0.2102401050641838,1535_volcanoes-b5
0.2044024277922044,0.08243820993009547,-0.005708486338400835,0.00800905221007828,0.3235148056486993,2.3594396265859077,2.4503188731424492,8.942552977209093,15.613917995499158,0.9913045483297052,0.01,49.999999994999996,0.9376862099739767,0.8527284242808093,0.16032880147252399,0.023856510909766176,25.0,1.0,-0.025491501566175814,0.9724046137262521,0.18776623851155125,2.684191923844918,5.769547194880271,195.75928238731856,1350.6185064607018,0.6790590691414875,0.14858742685646975,6.666666666666667e-05,6.89938423348138,-0.272240272562695,0.0,12.627529457362716,5.494002022882259,-0.009304369043835399,0.0002371689867104657,0.10993580300418493,0.0903725365971929,0.2795191079268259,84.73050625619437,0.07163333333333333,1.726277975707522,1.6134376771417491,1.8391182742732948,1.139875621059132,0.23711072973144667,-161.37418127964588,30000.0,0.497747747747748,0.656480774127833,0.5107273377464554,1547_autoUniv-au1-1000
0.4638052119145568,0.18721420199160485,-0.014900650417796715,0.020626464469573124,0.6882758292682212,1.6902743054758922,1.6862169257383328,6.247714843045701,15.68930686892629,1.7650111555473422,0.01,49.999999994999996,1.6303227063126347,0.672955765192173,0.2998101496979916,0.03739043264864023,25.0,1.0,-0.0685252758222975,0.9972786277354775,0.3244222641836229,1.354707532892333,0.06800059076116405,94.16886250156934,256.4085396538482,0.594375498942024,0.2560078785130325,0.00036666666666666667,2.7228590517335007,-0.15363840017477629,7.527985321257865e-158,12.439317613481384,5.304581275122983,-0.009396457107089548,0.00407600305088186,0.23918762620606968,0.07666159083027654,0.15206384418101027,78.62101760440925,0.15566666666666668,3.3911732512369177,3.3685267785892106,3.4138197238846253,1.0134459211018565,0.5303499779628583,27.535711840964268,30000.0,0.499680715197957,0.877831917374646,0.5706449336442889,38_sick
0.5906928284109882,0.30027376872770134,-0.024711179204835076,0.025956805789157066,0.7790349191558299,1.2475236145332045,1.1763696939256987,2.811375901854273,15.658251931514851,2.244658638183924,0.001,499.9999995,2.177025348783202,0.5025500850028334,0.38331391021855105,0.041594585099930435,25.0,1.0,-0.14668948624015882,0.9994796379862405,0.4063491423695869,0.845768132677416,-1.0737622831320233,2.333315820028852,4.8375074189293725,0.9205919930927934,0.17311446415327778,0.48736666666666667,2.0732330263236642,0.36394184326148504,0.0,14.672352326770909,6.7915817858715295,0.021775277252918248,0.057853346974763326,0.3713374456086552,0.047720199311045236,0.15121827296413723,66.56730560525885,0.26266666666666666,4.445558294180693,2.9642620420393864,5.926854546322,1.9994367779450348,0.6479263094810039,90.20380152143375,30000.0,0.166666666666667,1.0,0.4167439092095058,23380_cjs
0.28307315106211395,0.1464683982044362,-0.00475932161158627,0.0102025816603973,0.49803337269511416,1.6271565921969307,1.623792976318406,5.971293660579155,15.630012100580782,1.9564936224139688,0.0001,4999.99995,1.9294400552990951,0.5903196773225774,0.16305699359895895,0.019017582276891234,25.0,1.0,-0.3197453260197817,0.9605760786089572,0.18345917250175622,1.5106869635933893,0.8229437421657289,83.69332871913191,191.70755416824187,0.9300269332970658,0.13395213141198764,3.3333333333333335e-05,2.290595404701786,-0.4506024395447056,0.0,16.351259193469282,7.380025506630831,-0.011201539222291773,0.0005129457899748782,0.3065480360169441,0.14737193477829566,0.2998712226661002,78.58346730772149,0.20243333333333333,2.739453193580494,1.5595804421039665,3.9193259450570213,2.513064308351485,0.43766388445938187,-91.14184189129327,30000.0,0.195506274684956,0.303657615839053,0.2113928593443966,1531_volcanoes-b1
0.4619307907699187,0.2551319539158227,-0.011971246652037065,0.011853634330649074,0.6480834860292704,1.6349021958576706,1.6004110250043286,5.836153393808338,15.661333181006192,1.8489404983111362,0.01,49.999999994999996,1.774919705156115,0.6476549218307277,0.19294607576199585,0.022218254151453776,25.0,1.0,-0.04529747407764734,0.9378864840392123,0.21568998809162263,1.385352330154132,0.29939163279956515,86.2730320690241,184.01681144987506,0.8954698846589308,0.08764619193007067,3.3333333333333335e-05,2.1329586666508646,-0.3953787937251797,0.0,14.004340208496663,6.377021914069489,-0.013372807405704073,0.0004065717731576651,0.2634991978469169,0.21346779658200613,0.42498399798013275,80.58205082804436,0.17923333333333333,2.3077888434617715,1.0926269183286215,3.5229507685949217,3.2242943217806803,0.3631960695122252,-131.25525816651665,30000.0,0.311876946537335,0.475895415963909,0.3536601200173872,1553_autoUniv-au7-700
0.23923736399964024,0.10251268415477904,-0.004406328239177481,0.007637918826384485,0.3946003262212652,1.9711795851608653,1.9928712378050284,7.570772431528873,15.67348091024379,1.5279147918447014,0.001,499.9999995,1.5059370116424495,0.7335577852595087,0.13813434374001446,0.024291479294737937,25.0,1.0,-0.008416823738185704,0.9436906710710755,0.15672001009392966,2.85315783449154,7.379804912048986,98.27082525453467,215.75942971235673,0.8772943485390445,0.12154124228698708,3.3333333333333335e-05,2.1955593550121164,-0.496561014155673,0.0,16.090933181831012,7.46440759698855,-0.010425716411890456,0.00022050730299760682,0.20517227521455622,0.12305563918418365,0.3333893617394166,82.6478557271546,0.14186666666666667,2.0061416408144335,1.5397376345957041,2.472545647033163,1.6058227008790262,0.30236159251937206,-144.70264622011442,30000.0,0.492335580449256,0.676158105662329,0.5110508317387652,1453_PieChart3
0.5233316728997426,0.2537022633123767,-0.02718569427980236,0.020215090432029986,0.7031582089881094,1.6850606524783815,1.6563775109221677,5.993369337645168,15.627951938405028,1.6889910438282059,0.001,499.9999995,1.5287583661406732,0.6963565452181739,0.37645486643732545,0.04069201450334212,25.0,1.0,-0.03190128406125824,0.9995634246733831,0.4056583558208346,1.0404704340193829,-0.8408168654708459,2.266058750058257,5.596697819290162,0.9478440379678624,0.16222896062374334,0.6973666666666667,2.469793785860057,0.5220933932838964,0.0,17.503216174717206,7.711750922192505,0.027463763857985744,0.004362149578360939,0.22179356300614034,0.04342394248539153,0.15402254968284593,75.49426391990102,0.21093333333333333,3.01256290923218,2.4555875695600586,3.5695382489043017,1.453639158770609,0.4789361247439422,-12.481405980249917,30000.0,0.5,0.995455354211519,0.625263349530533,3_kr-vs-kp
0.5360153281479253,0.3432738970153895,-0.03459694668996371,0.018889390979745797,0.668714539051232,1.4640163490105558,1.4225852529235308,4.634108610497355,15.610036587012894,1.932735226399206,0.001,499.9999995,1.7848773786395324,0.6144871495716524,0.41983857225336163,0.04143014838367488,25.0,1.0,-0.13128692443130158,0.9988839061877133,0.46521429079191934,0.6383561757739461,-1.574764161280296,2.4285461182533297,6.014127611175306,0.9409589177135186,0.19014179736353626,0.6157333333333334,2.4764312960621635,0.576023779195423,0.0,18.715083856216083,8.133881094658705,0.03294571446988076,0.003003307871607011,0.28072166065856174,0.05090079831691772,0.26476861681282815,76.55610643535763,0.23013333333333333,2.604693347837364,2.0331587177909176,3.1762279778838103,1.5622134908057284,0.415756600886645,-76.40915643516243,30000.0,0.5,0.980480739078709,0.6650828825552519,1507_twonorm
0.2872356713941273,0.13748290727886386,-0.0041478225346313815,0.010431461643452229,0.48139424747542003,1.782855498050578,1.7997992553465711,6.742151227892114,15.677147182641185,1.6598206884790319,0.0001,4999.99995,1.6387133604877253,0.6814227140904697,0.16051840529256342,0.019945778900056277,25.0,1.0,-0.20302990653617034,0.9364172615499616,0.18170813282107065,1.8921991402907248,2.403341707817467,86.36157831414384,187.12649542017672,0.9238809850049274,0.13823349136055835,3.3333333333333335e-05,2.1667794761635104,-0.5188103607663219,0.0,15.814829553167128,7.219440407927882,-0.013058179413196246,0.0003391270166744472,0.23759342238431416,0.17283742589044307,0.38004885138623257,81.52881051019942,0.15606666666666666,1.743824083278327,1.1979499295630591,2.289698236993595,1.9113471944748386,0.24150267124188868,-183.87879960980854,30000.0,0.191116036621282,0.395896935603482,0.21904313371719455,1527_volcanoes-a1
0.11866616526742524,0.29063174527921776,-0.0033870900205001456,0.0052551933380915895,0.2104930077223086,2.9598049135899154,3.118933140208669,10.283484466261967,15.642019711163769,0.7587677475374746,0.001,499.9999995,0.7479370271442097,0.8949964998833294,0.1282651792115533,0.025301090899972317,25.0,1.0,0.07905199624309503,0.9938592741209842,0.1575497825957101,3.83994609005722,13.731751853239771,147.75546369533717,283.3692162227719,0.9429501303633004,0.06712720353519548,3.3333333333333335e-05,1.9178256366008921,-0.34054136456553463,0.0,16.717662948195326,7.468263079433351,-0.007183742647202917,8.591650300197537e-05,0.08326222288091642,0.03799439407801436,0.1493270551852359,85.04038330213444,0.05006666666666667,3.30748165836859,2.1544200361663877,4.460543280570793,2.0704148706794845,0.5194974444873653,-80.53889713345231,30000.0,0.330275200162931,1.0,0.524568338828002,334_monks-problems-2
0.46592236330485504,0.2965621616036328,-0.011710803385809012,0.015078790382891208,0.6395903268153745,1.153492171205392,1.1552557583238012,1.975977531778895,15.690417703860254,2.7210989481833505,0.01,49.999999994999996,2.6794491473941715,0.4101470049001633,0.2168416180144803,0.02355057516429462,25.0,1.0,-0.1642504234146743,0.9187333905886577,0.24379808732541897,1.0813056070641975,-0.47284484061106236,23.627677597803363,74.18259992973188,0.8254402759173401,0.1251728173836101,6.666666666666667e-05,3.1396483900146586,-0.33868359287112293,0.0,15.176551700543218,7.021161186439371,-0.011760125259940349,0.00019608077524571529,0.6029436040026215,0.3948436466080514,0.5012099052873478,68.18123727092441,0.41946666666666665,3.0577328154592425,0.28905557921013314,5.8264100517083515,20.156711963869764,0.4853995341041749,-211.49277203439536,30000.0,0.284722222222222,0.662830687830688,0.39731914241622557,1115_teachingAssistant
0.4981708519469713,0.21936037175544895,-0.01963830705053359,0.016968728712564787,0.6912898899460203,1.7262493534556247,1.692936328796289,6.302339918624124,15.64895963715869,1.7348088144074527,0.01,49.999999994999996,1.6138118011991378,0.6802893429780993,0.29556387850050597,0.033754343153703056,25.0,1.0,-0.048869707669521825,0.9919562667483875,0.3218822041228211,1.1756570038153913,-0.434234460334034,114.80992455975462,207.6709460778385,0.736906054077495,0.13932047246391907,0.0010333333333333334,1.808823992125795,-0.013327804182483444,0.020976273681565027,11.757270056759586,4.602471561718285,-0.0009321124652826508,0.0017113845166705983,0.23352451996614637,0.12160875430962621,0.2538308338395156,80.4322255134025,0.17156666666666667,2.832279704222776,2.803641882429749,2.8609175260158026,1.0204290155401001,0.45213614026159393,-47.840106925945776,30000.0,0.491071428571429,0.856659878863826,0.5714666625541227,51_heart-h
0.24161397749120495,0.09250576345070995,-0.0043381501995287345,0.007551206409918884,0.39774460650409693,1.9659144887845983,1.9841340515018364,7.52390837554936,15.645940646493166,1.5388803858721076,0.001,499.9999995,1.5183317869083182,0.7308243608120271,0.13506916700304414,0.023898792955041253,25.0,1.0,-0.010450625080246034,0.9464151297952356,0.15376664898834388,2.8439031201669214,7.350454405031666,98.9919022783622,229.1539327028155,0.8497520301688477,0.1185652462367937,3.3333333333333335e-05,2.314875534550688,-0.5241194956891548,0.0,19.319282828485466,8.274984340166357,-0.009739349249158107,0.00031117457988207736,0.20749151867611415,0.11324739358454275,0.29435885556543734,82.5224257201362,0.13953333333333334,2.176486335861928,1.4306613813567348,2.9223112903671216,2.0426296036548997,0.3377559449701191,-147.5110851417487,30000.0,0.493926122539261,0.68151480226778,0.5111551855796058,1444_PizzaCutter3
0.11542125744979714,0.42617136084796375,-0.0023805744647496445,0.002035388018771835,0.16317418186225519,2.1715723346496247,2.173215940233733,8.282096051440384,15.670409467501335,1.1642071925924973,0.01,49.999999994999996,1.1004606782368243,0.8098936631221041,0.04276676998273793,0.005085952265393656,25.0,1.0,-0.004362758532586964,0.4201595883392558,0.07969046942213415,2.572591781828864,9.913016855504477,147.5743888694874,300.838582727626,0.9256962555010861,0.1182848527591262,3.3333333333333335e-05,2.0385555043272525,-0.3551520220839537,0.0,17.33041980026378,7.739292198022,-0.003655271031883817,3.80319143635147e-05,0.13732893053461157,0.1816698581768568,0.5129393267715427,85.1274446452625,0.09283333333333334,1.2381513685218666,0.26315198573873766,2.2131507513049953,8.410161698319252,0.09277374201500746,-261.64672735025994,30000.0,0.0970800401959822,0.166110806255658,0.12649700378129938,1549_autoUniv-au6-750
0.4858294721662866,0.23073988520618774,-0.014301328582975455,0.015597206315228047,0.7112233941908037,0.4232591103173624,0.4032021560917888,-8.737092081374453,15.628373120758715,2.2520886337841333,0.01,49.999999994999996,2.1239554013358957,0.4735824527484249,0.24435152980570435,0.031930930023896235,25.0,1.0,-0.12257749991947862,0.984640283428853,0.26426809091397246,1.2155745820460235,-0.07481640153059654,59.75445204732562,252.55038456316126,0.8543933224132092,0.1679318357620493,3.3333333333333335e-05,4.2264697593266645,-0.14696426737467594,1.8468513185141366e-144,18.31993049498385,7.898183786044567,-0.004917348298259307,0.0012491099566524528,0.38073527675682856,0.15391274275327615,0.269877993739786,76.18573192001232,0.2652,2.748929535551609,2.6023146827663317,2.8955443883368863,1.1126803408947186,0.439163607536124,-56.821056590928464,30000.0,0.317800810731946,0.529736207265272,0.36668241337844115,23_cmc
0.36599627709038385,0.18194537932756172,-0.006094275885058108,0.00794965967783944,0.5310222969098722,1.7757060794799706,1.7606946636081988,6.609568825313469,15.661252420922052,1.678715631815611,0.01,49.999999994999996,1.588654529955874,0.6923230774359145,0.11552942119802287,0.013803636786061876,25.0,1.0,-0.06580839113133011,0.8179920877427792,0.14430180136146725,1.8435766731110639,2.2999650939737544,96.65480562306466,198.01559803678032,0.8028697929143785,0.1258078661829875,3.3333333333333335e-05,2.0486885960849315,-0.542340428238113,0.0,16.052475087516402,7.394038854960136,-0.010584193098162395,0.00013963063709627606,0.22675022386351562,0.23722178536988547,0.5195275326734006,82.15401116496167,0.15883333333333333,1.1492794360566354,0.4302067130279835,1.8683521590852872,4.342917259311605,0.06042563598439541,-249.19853575911273,30000.0,0.174885620915033,0.408662644544997,0.2173827935729848,1512_heart-long-beach
0.5071196183719321,0.2336769527335332,-0.02289217336462984,0.017578702227043375,0.6933013965435224,1.65163107605631,1.5988954348851678,5.872538716515699,15.66440052338567,1.981688073238982,0.001,499.9999995,1.9202882544860926,0.6059201973399113,0.3228857760189298,0.03746282372402352,25.0,1.0,-0.03890497332789335,0.9974606633248599,0.3512662230693844,1.167502018947094,-0.49895932449185754,82.50673272859935,229.46829337711853,0.8633644037353889,0.09391467899388653,3.3333333333333335e-05,2.7812068880722394,-0.2645231695730452,0.0,15.387137391839541,7.033972947362941,-0.013210017742540785,0.0027763205725724782,0.2962252065827097,0.08320681546794761,0.18568947981416373,77.31604063660365,0.20323333333333332,3.481736997869508,2.210811148037388,4.752662847701628,2.149737145987606,0.5417959624483354,25.662537110779937,30000.0,0.490891177218408,0.890579710144928,0.5850051567656088,29_credit-a
0.4605832256471776,0.20442960953743752,-0.02031076092316672,0.017957211842715624,0.6437171553546015,1.74330009542139,1.7140544153250217,6.429210180911088,15.660409104178775,1.7018889133262487,0.01,49.999999994999996,1.5926580871549825,0.7046568218940631,0.31235515593467816,0.0352891620392251,25.0,1.0,-0.07810264561233304,0.9946494928359219,0.34553527281401303,1.2126159319041399,-0.3997032489122456,2.567283403964756,6.914511316940098,0.8713157061100236,0.21294413197556172,0.7000666666666666,2.6933182780907843,0.11567093002659731,7.213874840620445e-90,15.899324694578494,7.418557916895617,0.0053876806626620855,0.001414168620163389,0.2195402672624402,0.11037953646617296,0.24274479486179362,80.46563370395428,0.1512,2.6073267688135404,2.1837305428138163,3.030922994813264,1.3879564970989604,0.41619546346591624,-60.68028214594696,30000.0,0.5,0.873148148148148,0.5760049691358025,53_heart-statlog
0.47712915786314924,0.302579530713551,-0.027722215261569285,0.020183563184119586,0.6419681579997216,1.539572499512961,1.517722427958821,5.214689889684978,15.609362222245075,1.8942800061876643,0.001,499.9999995,1.6936337581894736,0.6419880662688756,0.38180364438645414,0.04093137475516525,25.0,1.0,-0.18566183945795395,0.9980467795353324,0.42845609993675815,0.779226827376868,-1.2881332956760772,131.9617220294188,417.60045089642426,0.34385514914190524,0.4682712376887497,0.00016666666666666666,3.16455745252645,-0.23184344958270858,0.0,11.557167269729584,4.404439625002081,-0.022553507417170503,0.006955443597121674,0.2770301036337097,0.06133368967657426,0.2755986411678296,70.64599550789335,0.1403,2.7911898096696492,2.196098128969634,3.3862814903696643,1.5419536339010946,0.4457893708811964,-50.024881837756396,30000.0,0.499851323223312,0.981430402416467,0.6463013259236873,1496_ringnorm
0.41794506585873814,0.26439624537482936,-0.012836251647521134,0.012278819812879115,0.6161827464353156,1.8568293185403997,1.84191687418055,6.978955946520159,15.693808097582414,1.5772670137126215,0.01,49.999999994999996,1.5049641401561136,0.7122904096803226,0.21322700381241147,0.028301833089623713,25.0,1.0,0.0014315266374008572,0.9737653469466614,0.23909432270261355,1.6339032602601395,1.027059621162623,100.20980412839432,177.60978989815624,0.9364381861156545,0.0830115183637457,3.3333333333333335e-05,1.7723793738843259,-0.21976597439969084,0.0,12.06331424704624,4.872299424574688,-0.010784355539374967,0.0002495015613052905,0.21046531600428098,0.14331364555887618,0.3247234694900815,82.26395977195959,0.14003333333333334,2.6027856345114975,2.5415956563624142,2.663975612660581,1.0481508362633383,0.41543840107812013,-60.618280927583825,30000.0,0.465923890923891,0.708679283679284,0.5298767621421788,1498_sa-heart
0.5199597164766585,0.3578253287796098,-0.025007000380490755,0.026386750714096827,0.7306386440626458,1.4967421278278688,1.4614378500224474,5.078884834527475,15.689318492964635,2.0995261074349365,0.001,499.9999995,1.9055087122457641,0.5672522417413913,0.4009332843557371,0.03979372780252462,25.0,1.0,-0.3386778391343782,0.9984387700506222,0.4375004204845233,0.4520153483030437,-1.7293152130733729,2.580041022472761,15.208632335762191,0.9516533680065616,0.13768517500232888,0.5673666666666667,5.894725007581488,-0.5424357967510272,0.0,17.09386742977717,7.5444105328126,-0.031456023613150426,0.0074563164338250386,0.313157008591831,0.08184534916863094,0.24639491711841563,74.88152958501762,0.17263333333333333,3.4877138577188087,3.257041058161543,3.718386657276074,1.1416456197128195,0.542540846928269,15.884094229985607,30000.0,0.5,0.96826508129325,0.6689033934900954,15_breast-w
0.3928030137039671,0.1948950745186997,-0.007983126570708802,0.011521090725143946,0.6287836352103935,1.8212664441465114,1.812467385960302,6.8424662539319705,15.697943387364722,1.6745440570815122,0.01,49.999999994999996,1.6132484687616708,0.7008233607786927,0.1762667912104182,0.027157809785615605,25.0,1.0,0.054444982926953434,0.9444985140184943,0.1950375546928186,2.173947685898276,3.656761980547161,93.49790719734,219.92034846575638,0.8286855530340425,0.0990380815674894,3.3333333333333335e-05,2.3521419361995166,-0.6195119369770461,0.0,19.690210833814618,8.297533835943135,-0.014561929276142223,0.00028252846188096435,0.22592040226118948,0.17351457715245067,0.37508182281120767,81.99543469166993,0.15596666666666667,2.4594350607163955,1.145932511530322,3.7729376099024687,3.2924605698294145,0.39083535987179835,-139.9160774781741,30000.0,0.446969696969697,0.966329966329966,0.5480715949174282,461_analcatdata_creditscore
0.5226064413789208,0.27101701127647204,-0.008968041657980552,0.025903155746229187,0.7304386799416336,0.9908138949465372,0.9288942145426355,-0.11414725226205746,15.67531365879787,2.4771260603002028,0.01,49.999999994999996,2.1966703059544805,0.4005800193339778,0.30925983304209353,0.037590954642484624,25.0,1.0,-0.2961967049829926,0.997831601322424,0.33021604121529974,0.8931397572746224,-0.7585574738701775,52.33578422363582,139.31225675666508,0.8898109104436098,0.10364002045028098,3.3333333333333335e-05,2.6618929824643076,0.2256213510820025,0.0,16.798630765976203,7.435526265735341,0.010020029719173536,0.014812619973921052,0.42885412718762184,0.09413063408197249,0.1285644199545605,68.13213379345653,0.33143333333333336,4.350513214363855,3.7393729739565127,4.961653454771197,1.326867763479635,0.6385404921315647,83.98380910136424,30000.0,0.166108376347455,0.430183799926448,0.23769882130971803,1475_first-order-theorem-proving
0.4869040850154396,0.24739693339887522,-0.007022951240730345,0.01669302274315738,0.6543701910307063,1.165917082300194,1.1226399334626629,1.9220641884505074,15.639520927555111,2.361246183619143,0.01,49.999999994999996,2.1924836823310248,0.47841594719823993,0.19878069809315035,0.022133847652095168,25.0,1.0,-0.2650932392148524,0.9190297255439988,0.22488235250519717,0.8498732194940203,-0.8271808348824683,54.19710150143419,164.06586547350312,0.757850969122225,0.18899149071512075,3.3333333333333335e-05,3.0272073769324823,-0.48803813490645886,0.0,15.556420904858768,7.139888569895869,-0.015371493498111585,0.0005897210806292515,0.38624125551696464,0.31916641156549863,0.5477717160646055,76.81481138820891,0.26266666666666666,1.4878149550732986,1.1441934566765875,1.8314364534700098,1.6006353145804386,0.17254891979352313,-180.91141956472723,30000.0,0.484275677484108,0.695407466265195,0.5368438394870699,1048_jEdit_4.2_4.3
0.3050011074429019,0.181424815902618,-0.005230260890255543,0.005685267893207217,0.5105185132439178,0.5787486629120826,0.5684165527172753,-6.552309987530311,15.676455979677895,2.190344579152593,1e-05,49999.9950000005,2.190118641673205,0.6299209973665789,0.10503473787723328,0.014598488157757696,25.0,1.0,0.11603083817718186,0.8811905208302241,0.12116472584805006,2.678998982323134,6.567824478743008,70.55639543474715,221.33548978477856,0.9032643051461868,0.10512113928064129,3.3333333333333335e-05,3.1370010956621743,-0.4330049912932023,0.0,14.290494899459356,6.538796986540455,-0.00802347023304527,-7.669974402544951e-06,0.3445410359713488,0.14473427622295415,0.357446630065198,78.82652911899656,0.24436666666666668,1.7318255793113726,1.295446518297648,2.168204640325097,1.6737121986113874,0.2385041499465627,-166.11319283931175,30000.0,0.464659197012138,0.724016016663075,0.5117359741075918,1065_kc3
0.7652078819425434,0.3330472122026044,0.004542559319277158,0.02324967308453242,0.9372402947907261,0.8131995520363372,0.7108416152979248,-2.8755139200031277,15.641337200698606,2.91151593472116,0.01,49.999999994999996,2.008462997676898,0.0055335177839261306,0.223227571024912,0.026710760849555048,25.0,1.0,0.15438573745901185,0.9771460334513442,0.23505893560485866,0.8652807514169439,-0.6635473659596034,2.6469984465871526,6.705099374108544,0.8727483110979354,0.12819792964383583,3.3333333333333335e-05,2.5330953188699747,0.3750524164043637,0.0,12.928573337732542,5.735365422333007,0.015370931345492573,0.007854399401726019,0.7070689003977718,0.24806499609300092,0.2146185739526852,66.13914173528042,0.5273,1.9671201608608477,1.8156768791251203,2.118563442596575,1.1668174370410185,0.2938308894594238,-124.76530740440569,30000.0,0.466309473215551,0.744449841134924,0.5594620260187939,1479_hill-valley
0.3951944064447943,0.1247206372255284,-0.014436105139012802,0.011447787078046098,0.6366081702206463,2.1992673644702574,2.2234825714931867,8.158073725260826,15.683614020872062,1.1337258536787633,0.01,49.999999994999996,1.0705053217445826,0.8233941131371045,0.2180408607457087,0.030118629016840193,25.0,1.0,0.16330501674348857,0.984455652838006,0.2547683638638224,1.9990470062463963,2.2192045277004144,210.88171373784493,425.68242623530926,0.1515483100777719,0.33455236656586695,6.666666666666667e-05,2.018583871925895,-0.4544942773318926,0.0,13.130814116763668,5.895263493264289,-0.01964156901121361,0.00041203972815767213,0.12969103030484244,0.10132919018241356,0.276980032436952,84.74875824990221,0.07813333333333333,2.551323907535664,1.0571455362923885,4.045502278778939,3.826816781503389,0.4067655986826503,-120.29385123252962,30000.0,0.493589743589744,0.91991452991453,0.547108037037037,1484_lsvt
0.7007179986962244,0.3632575375401506,-0.03627584125178396,0.007886084182890593,0.7487608829529214,0.7349482006816498,0.6554903010801602,-3.7857400319194063,15.68951847969819,2.826874845653829,0.001,499.9999995,2.510463045947053,0.19443981466048868,0.3629973575544143,0.040553015650063,25.0,1.0,0.060174884048962374,0.9954747558134152,0.38502611348095006,0.5388550383760312,-1.291446815541863,2.55265739099631,10.388637561698797,0.8368671089622118,0.23648727345742535,0.18793333333333334,4.069734386736487,0.587274850965816,0.0,18.678279188057953,8.157313127738444,0.027719493603162296,0.017857256140017458,0.5955665116815073,0.14344740817346732,0.22736474195432604,60.95208702929541,0.4741666666666667,2.98640793636133,2.4904716095138455,3.4823442632088146,1.3982669988706236,0.47514913105492995,-29.53985880047273,30000.0,0.1,0.979896421845574,0.41859558819836784,16_mfeat-karhunen
0.5759145010580475,0.4351915969092188,-0.022391855721486494,0.01112560543873037,0.788683900290922,0.6823775400329757,0.6075654410280569,-4.727654782157522,15.660182054180044,3.0390821827676073,0.01,49.999999994999996,2.264007004270368,0.05883529450981699,0.26320144226873515,0.036776955236867935,25.0,1.0,-0.19522699974382918,0.9953116870198058,0.2838616365492063,0.41998150915890303,-0.6325155935386215,2.5525254753171076,8.518912167211512,0.9274553592797401,0.12390081254499033,0.05446666666666666,3.3374445229189518,0.649138714963968,0.0,16.886735801296332,7.4870571298481545,0.0246106641024651,0.021885182253659968,0.6785356783149401,0.14173887647866973,0.12362488459323707,57.60763249652116,0.5599,3.5927319138836817,3.454965402590891,3.7304984251764726,1.07974986446402,0.5554248117873568,19.859319730083342,30000.0,0.01,0.718166666666667,0.3178061222222222,1492_one-hundred-plants-shape
0.5449050404634302,0.4150381996511448,-0.014116285061747294,0.03743117523411428,0.7407474251168575,1.3649639915294354,1.3178771408094425,3.9583628470420624,15.697040793771896,1.1485171619978407,0.01,49.999999994999996,1.1338120605232598,0.8426614220474016,0.443904760378818,0.041666666666583335,25.0,1.0,-0.33381995813302723,0.9953693024485255,0.47150614514809147,0.3177517792066416,-1.8296164925404803,25.615399950382884,51.9263153214828,0.8519719300855627,0.1361510070529459,0.5389333333333334,2.0271522374064905,-0.19047081227606988,4.744784251388708e-243,14.075030639942158,6.4249843996639,-0.013978009199791157,0.0012628249962839547,0.1411015477050303,0.11132301461343634,0.3233571937789837,83.57302420388248,0.08896666666666667,2.2324911915644656,1.2011527151397408,3.2638296679891905,2.7172478793479335,0.34878975402774676,-118.30700302342177,30000.0,0.5,1.0,0.7079152892246642,1556_acute-inflammations
0.1060808611301357,0.1177659173466637,0.00032308259079510634,0.004523954675327341,0.23621597563352137,2.4035687903387766,2.4960972725902963,9.342288564716496,15.650466166502559,1.4996058689351075,0.0001,4999.99995,1.474107993002972,0.7382912763758792,0.09988742633015629,0.015902792590495787,25.0,1.0,-0.22543979714133655,0.9179516201091041,0.1206589195622348,3.2864201009645972,10.830607502867501,99.89810995201523,337.64178558439016,0.952230831510478,0.11740390935698651,3.3333333333333335e-05,3.3798615984483455,-0.4201870034257629,0.0,18.29636551143257,7.848035274392623,-0.006460132829355896,0.00040254317859839757,0.19830901347725333,0.10560046027958005,0.3220283682387605,82.41678575072618,0.13316666666666666,4.181189251609576,0.5334275168706708,7.828950986348481,14.676691281810887,0.6212998253045519,-173.21871211950713,30000.0,0.194516048680997,0.26603071237102,0.2029356015891887,1540_volcanoes-d3
0.33246045393278556,0.18043098662205617,-0.011040496110457373,0.006929895354353736,0.5490499643701487,0.5194663947145542,0.5202691685291773,-7.478273511300163,15.640531275221601,2.316645184448496,0.01,49.999999994999996,2.1224488925320477,0.5173839127970933,0.16430363001063747,0.02489107196327023,25.0,1.0,0.02380434065071288,0.9615739591539992,0.19613733880408263,1.881291457671826,2.4645331136449027,75.65349910400467,178.13005684631605,0.7766593045322514,0.1983438150351961,0.0023,2.354551461016091,-0.1396333592410991,1.8249722011230574e-130,13.351518065245738,6.036251883829363,-0.004537151053273284,1.7010242682728088e-05,0.3549251902001081,0.16615550675512078,0.3115897196165296,77.03988305008129,0.2495,1.7773510137791264,0.9427580410830995,2.6119439864751532,2.7705348272305566,0.24977320624850283,-174.2323649415298,30000.0,0.0571428571428572,0.434365079365079,0.12512292592592594,40496_LED-display-domain-7digit
0.5584150471821316,0.3342158508720445,-0.02912164149698908,0.021737016392427182,0.7350504924486683,1.4048828689786648,1.346793877980012,4.2742561053229124,15.618106516393564,2.1877894765159236,0.001,499.9999995,1.9472268814232996,0.5454515150505017,0.391677294036546,0.040222227381079285,25.0,1.0,-0.23196812002803618,0.9997936705887281,0.42013233133056627,0.5959966481635081,-1.51331860860891,2.077150876319784,3.449574362881435,0.9487576747681389,0.14981290058159355,0.5480666666666667,1.6607240245309465,0.39870094546162616,0.0,14.118616725665607,6.494161321224211,0.02579366093084584,0.016784520568401094,0.3358788721618422,0.04797061103981238,0.10551809968895198,64.94844266110834,0.3485666666666667,4.722088389561804,4.306628883249593,5.1375478958740155,1.1929395439330852,0.6741341120819946,129.93412295621064,30000.0,0.166666666666667,0.907306779365977,0.4133318499804439,182_satimage
0.5106667498227961,0.16987210803209132,-0.02155623678664918,0.010061051923019223,0.7432106244478227,0.9937347880076686,0.9906133517058522,-0.076187756917804,15.700278758297841,1.7706958319126853,0.001,499.9999995,1.7353944705512574,0.7010233674455815,0.26406102156728656,0.03983641575564153,25.0,1.0,0.19225643464887446,0.9993652509704238,0.2904518271511728,2.0192751829071183,2.631919838916623,10.8123634318179,43.71476086098788,0.9712283047161272,0.0972728399515928,0.4907666666666667,4.043034729330588,0.6179005157147783,0.0,18.365894627959417,8.182476616106605,0.02193373677588435,0.0026786773723207844,0.243013251828165,0.03375359242204511,0.12483695832255261,77.29491206345422,0.20376666666666668,4.0715111223825105,3.5226173757925645,4.6204048689724555,1.3116397201474612,0.6097556255179476,34.15634659473804,30000.0,0.125,0.997942073170732,0.27426802129016475,4550_MiceProtein
0.6063631419742045,0.41858294757958114,-0.03136880026353595,0.020427853700040115,0.767272576027514,0.8035073068968297,0.7296672001277466,-2.9577677827398006,15.598898247514342,2.961944876916601,0.001,499.9999995,2.208672410386212,0.021634054468482284,0.39438414606753314,0.041124173693894255,25.0,1.0,-0.27128678060044326,0.9922825926253325,0.41647899710960085,0.3978567177696595,-1.617655490835972,2.2113112740862815,5.0370621296275555,0.7564400781775524,0.3104956740193263,0.0323,2.2778620941579573,0.24242143777634054,0.0,21.613276094645315,8.444129219412046,0.011956640003486823,0.0334387303934674,0.7121979801832669,0.172673493455238,0.2985444979359421,50.591427874248,0.5323666666666667,3.0058653582123394,2.38317292405464,3.6285577923700387,1.5225742772350004,0.4779695233252146,-34.398739257415,30000.0,0.0909090909090909,0.999187851671073,0.4718768367342327,40499_texture
0.6746509482994254,0.5261483139677081,-0.027283366418177243,-0.012407757893237096,0.7522753145020313,0.5740334281621464,0.5669734850999608,-6.678226889116514,15.669852854875598,2.9591928780840293,0.01,49.999999994999996,2.7765948203446644,0.2013400446681556,0.2873675989300273,0.02879996557721388,25.0,1.0,0.13426735761380784,0.9781159083068209,0.316681262393183,-0.35675322910815016,-1.7434258236772353,3.7433639788951782,17.49690900808727,0.8451663409178981,0.1834160270969539,3.3333333333333335e-05,4.674113740135592,0.4362191980100678,0.0,12.33561015168021,5.229857794357315,0.026413411462727125,0.0008450879083159048,0.6940551478945172,0.31136550170805666,0.32255685467087153,66.19925054703239,0.4996,2.7536166543201177,0.795486995092891,4.711746313547344,5.923096596935841,0.4399034796750482,-136.3841927220483,30000.0,0.0313131764570863,0.197067012288786,0.11857223218410325,469_analcatdata_dmft
0.27767726952201,0.1387100414734263,-0.0042577528587341516,0.0107158947009187,0.4694697304196854,1.7905715509847215,1.8152143849791103,6.810118911038101,15.704487038073772,1.6846727026006785,0.0001,4999.99995,1.6671437697486142,0.675022500750025,0.1688938122523643,0.020989292687423933,25.0,1.0,-0.21196841829557028,0.9366083490183703,0.19001286616141957,1.8725165187592663,2.2486180509745184,85.90544861851035,198.2293230611762,0.9209318097400332,0.13809251484072238,3.3333333333333335e-05,2.307529106116102,-0.5045786263065646,0.0,15.302020093887052,7.068500056051174,-0.013564007179618962,0.0003927840106752923,0.242681033602682,0.17951332334809267,0.3909039789817682,81.02986798734572,0.15886666666666666,2.6380727136333424,1.3799719895436429,3.896173437723042,2.823371392493759,0.42128676190592634,-141.30358009435716,30000.0,0.191692061439961,0.390532453851782,0.21914112812091946,1528_volcanoes-a2
0.4924704298292275,0.268696560445362,-0.02299599181326405,0.019706016936730207,0.6730621330342246,1.6451797732390199,1.599841262110815,5.8708609674988175,15.66686974003643,1.9903169550955027,0.001,499.9999995,1.928612263436495,0.6065535517850595,0.33698254672525274,0.037698023046070187,25.0,1.0,-0.12029741345093925,0.9978426818726125,0.3748701620833806,1.0014307886290816,-0.9008985449212981,93.21018873648802,206.57106580971302,0.8906830305737926,0.08502440297395156,0.0001,2.21618546866912,-0.10303337432915821,1.349243931062033e-71,12.055704138164616,4.901831546769152,-0.007879595668793517,0.0009926963058176429,0.29863212013817336,0.08084209005441023,0.18198083689262515,77.1661479439259,0.21716666666666667,3.0735783480644487,2.089246298515739,4.057910397613158,1.94228435416833,0.48764428812510835,-16.58048418177208,30000.0,0.488405797101449,0.886816679379608,0.5954762316311661,292_Australian
0.4513123602299678,0.15203311531023697,-0.01620240296889801,0.014485051599670156,0.6349781732682294,1.8793179508669622,1.848417545141968,6.984152646620515,15.66698016199902,1.5083860801068845,0.01,49.999999994999996,1.4038157935375435,0.7419913997133237,0.2651215677426207,0.03155140950127042,25.0,1.0,0.007965375210406035,0.9906314265942635,0.2812842247504652,1.4670052299372327,0.3912935169574543,2.469757881955903,5.537903848086842,0.8761459663809225,0.1682320936562834,0.7401666666666666,2.2422861319907623,0.49255421205855954,0.0,15.962242855338202,7.235165392777203,0.019149439910282055,0.001136249494571885,0.18880830593925363,0.1069882095297504,0.24072112284979133,82.06030126415833,0.1497,3.231382789962919,2.4208020584906755,4.041963521435163,1.6696794796818626,0.5093884076375924,-9.42327072779355,30000.0,0.5,0.925080418792386,0.564594065468751,40_sonar
