dataset,Class,ela_meta.lin_simple.adj_r2,ela_meta.lin_simple.intercept,ela_meta.lin_w_interact.coef_min,ela_meta.lin_w_interact.coef_max,ela_meta.quad_simple.adj_r2,ela_disp.ratio_mean_02,ela_disp.ratio_median_02,ela_disp.diff_mean_02,ela_disp.dist_all_mean,ela_ic.h_max,ela_ic.eps_s,ela_ic.eps_ratio,ela_ic.h_zero,ela_ic.m0,ela_cm.mean_ofs_10,ela_cm.sd_ofs_10,ela_cm.n_cells,ela_cm.coverage,ela_lc.r_pearson_dist_centroid,ela_lc.r_pearson_nn,ela_lc.y_std,ela_lc.y_skewness,ela_lc.y_kurtosis,nbc.nn_nb.dist.ratio.mean,nbc.nn_nb.dist.ratio.sd,nbc.nb.fitness.ratio.mean,nbc.nb.fitness.ratio.sd,nbc.n_candidates,nbc.dist.ratio.coeff_var,fdc.r,fdc.p_value,fdc.dist.mean,fdc.dist.sd,fdc.slope,gh.mean,gh.sd,gh.norm.mean,gh.norm.sd,gh.angle.mean,gh.neg_ratio,ls.mean,ls.min,ls.max,ls.ratio,ls.log_mean,ls.lml,sample.n,sample.y_min,sample.y_max,sample.y_mean
1037_ada_prior,Tuning,0.5474536068046802,0.21054538764862,-0.0213703415907439,0.0186888063043636,0.7660288076326441,1.4528120706763574,1.3944248321115558,4.592518735913808,15.60387502878943,2.035435030662306,0.001,499.9999995,1.9393970721259652,0.5607186906230208,0.3146245653832256,0.0380522977442295,25.0,1.0,-0.0166499115851079,0.9984762758476936,0.332228552152294,1.2759223801110369,-0.0789380472959968,77.95122168870132,176.48559849987362,0.8869149468470168,0.1002195527157057,6.666666666666667e-05,2.264051732308541,-0.0969497234358578,1.449721813336901e-63,16.068543106638753,7.355293728390917,-0.0043791297670912,0.0105789990816533,0.3184523565395598,0.066973311730492,0.11988722940153,74.2461645780123,0.2189333333333333,2.964956606729298,0.8247788880655063,5.10513432539309,6.18970053581371,0.4720183416815671,-110.05724663012715,30000.0,0.498542274052478,0.768105969737242,0.5555292019982596
1043_ada_agnostic,Tuning,0.5407523101705337,0.2269018073238234,-0.0218160832815181,0.0200713523455415,0.7485782437039319,1.4576187920402737,1.3999696830262174,4.651322591355365,15.601169165331752,2.0439520707626033,0.001,499.9999995,1.9250249303572713,0.5547184906163539,0.3287243959358661,0.0387082504654973,25.0,1.0,-0.0702406751995137,0.9984637982858916,0.3488824899780939,1.1561539418584583,-0.4136663532597393,72.14660715982016,163.98174348946048,0.8620100692825665,0.1115608860574749,3.3333333333333335e-05,2.272896120065682,0.246792219322832,0.0,12.45572763763691,5.270261374545014,0.0163373872725136,0.0088431558258881,0.3216523976891269,0.0709851020222513,0.1305897216250334,74.03910079462256,0.2645666666666666,4.37098457085005,2.938961792290366,5.803007349409734,1.9745092857724464,0.640579273475222,93.36741989928971,30000.0,0.498541958936623,0.772032814857485,0.5611535100631267
1048_jEdit_4.2_4.3,Defaults,0.4869040850154396,0.2473969333988752,-0.0070229512407303,0.0166930227431573,0.6543701910307063,1.165917082300194,1.1226399334626629,1.9220641884505072,15.639520927555113,2.361246183619143,0.01,49.999999995,2.1924836823310248,0.4784159471982399,0.1987806980931503,0.0221338476520951,25.0,1.0,-0.2650932392148524,0.9190297255439988,0.2248823525051971,0.8498732194940203,-0.8271808348824683,54.19710150143419,164.06586547350312,0.757850969122225,0.1889914907151207,3.3333333333333335e-05,3.0272073769324823,-0.4880381349064588,0.0,15.556420904858768,7.139888569895869,-0.0153714934981115,0.0005897210806292,0.3862412555169646,0.3191664115654986,0.5477717160646055,76.81481138820891,0.2626666666666666,1.4878149550732986,1.1441934566765877,1.8314364534700096,1.6006353145804386,0.1725489197935231,-180.91141956472725,30000.0,0.484275677484108,0.695407466265195,0.5368438394870699
1049_pc4,Tuning,0.4394076879758155,0.1413769741998195,-0.0118908092656433,0.014551060252187,0.6623774221585875,1.6266781834738384,1.585426810143007,5.75581368932591,15.64657917703875,2.276868387311106,0.001,499.9999995,2.266732115181725,0.5664188806293543,0.2273348716218868,0.0313237485375045,25.0,1.0,0.0247364246997953,0.9910974170526936,0.2439953602973789,1.7201049076848078,1.341297090193554,76.62263859721106,191.97531485067853,0.8523433590367883,0.1258175363889944,6.666666666666667e-05,2.5054646820484674,-0.4541738301690006,0.0,17.53931618938924,7.577128784595151,-0.0146252686788794,0.0017203676767731,0.3644070124831852,0.0935361135316042,0.1919182953621441,76.44912397433035,0.2322333333333333,3.6185584274257945,2.6227006333234626,4.614416221528127,1.75941400360247,0.5585355893993226,11.406624487305322,30000.0,0.495715642382309,0.78696515922931,0.5365553848713597
1050_pc3,Tuning,0.236511753779365,0.0969346774655647,-0.0046617832772323,0.0078114787107757,0.3979489861943116,0.5393008542416584,0.503740488779402,-7.194711166478346,15.646981477492249,2.1692652915446855,0.001,499.9999995,2.121915157275588,0.5733857795259842,0.1416180625677806,0.0253722088625968,25.0,1.0,-0.0056579650389834,0.953263433680808,0.1624951584167205,2.789838893160495,6.910209117902879,69.76786948936638,185.0971739320383,0.8542826254754171,0.1316596381346743,0.0001,2.6530432316017207,-0.2822807829765783,0.0,12.001775710213597,4.85484954858247,-0.0094482342686681,0.0001292309150802,0.3332158077411266,0.1163602146174412,0.2968111165148043,78.75979389262122,0.2288333333333333,2.6516600540029085,1.6548938909909168,3.6484262170149,2.204628488191525,0.423517846228421,-100.48785267768456,30000.0,0.494386873920553,0.652641477151502,0.5096457226838086
1054_mc2,Tuning,0.3987893815973247,0.3257311402291003,-0.0072562208843623,0.0065831383465469,0.6167337623584871,0.5523660690726991,0.5476313525053919,-6.945300508610789,15.697220922452244,2.3212604032642266,0.0001,4999.99995,2.3205978747738683,0.5720524017467249,0.1196410153183309,0.015808118385127,25.0,1.0,0.090261431591068,0.8640984231725155,0.1348965890970416,2.035540713736246,3.0818034504546308,63.76008170900131,131.3942176773922,0.9159437331000684,0.0906275309632455,3.3333333333333335e-05,2.060759869742146,-0.3274838640230758,0.0,12.316132882787429,5.14173550506105,-0.0085910474616187,0.0001142755419134,0.3743211815063177,0.196829151594176,0.4100912177055703,77.68428680852179,0.2599333333333333,1.4021150072135526,0.9369446392190212,1.867285375208084,1.992951661223596,0.1467836377035176,-211.1440155693549,30000.0,0.415658602150538,0.733378136200717,0.5192147744922342
1056_mc1,Tuning,0.2161697500820728,0.0739438796649783,-0.0027248436767035,0.0049810290466742,0.3715441341823222,0.5291318512449982,0.5171739355237073,-7.294010865793373,15.669740490412774,2.166026954227669,0.001,499.9999995,2.1520631700599098,0.5892196406546885,0.0841728944498291,0.0152920445273522,25.0,1.0,-0.0371601194345281,0.7740627470375113,0.1061056693101414,3.188359890783263,11.18154411779797,71.6944149316996,146.0100789956247,0.8223669731401348,0.2012680293048284,0.0001,2.036561413252631,-0.5391547845048157,0.0,18.043244679221143,8.048716251882784,-0.007107701413838,3.970245514072166e-05,0.3316874729874645,0.1735064843345397,0.4358538993685161,78.81966236245783,0.2337,1.455966742739094,1.0511214445567958,1.8608120409213924,1.7703111762734811,0.1631514549156049,-210.247190290529,30000.0,0.494077834179357,0.663700935274539,0.5065905064572577
1061_ar4,Defaults,0.3640478598571791,0.2636370454001221,-0.0075042358676336,0.0072733890080473,0.564945137112312,2.016633863361571,1.9975694526676004,7.555009822346523,15.6684162978934,1.4523398026463492,0.01,49.999999995,1.4268265155833242,0.7630587686256208,0.1307423092250038,0.0174905720630358,25.0,1.0,0.0941721392789893,0.8652157962304222,0.1504128003511729,2.182949424517036,3.6078090667328873,121.47652717278568,236.33244091925008,0.8780067475313498,0.0941734053314925,3.3333333333333335e-05,1.9454988253252732,-0.3666528339581695,0.0,12.328037311776994,5.199954185054222,-0.0106053573308891,6.896412828868248e-05,0.1844447409367598,0.1920594163040959,0.4537638058498243,84.16022707391235,0.1259666666666666,1.530456481752554,0.8147755969877863,2.2461373665173214,2.7567558169617525,0.1848209850258093,-203.45711673982967,30000.0,0.43019943019943,0.783000949667616,0.5232513691041469
1063_kc2,Defaults,0.446656200522492,0.2593748831827601,-0.0121985463855827,0.0114659024278756,0.6527243625023293,0.4405513374878522,0.4372827806522109,-8.569660594510319,15.655763694622076,2.390026395536823,0.01,49.999999995,2.3309234855223675,0.4835161172039068,0.19694152162793,0.0232870097143613,25.0,1.0,-0.1377733811090141,0.961083557038992,0.217175276336205,1.21346683876616,-0.2221668194785269,56.73910566575869,186.6052901731572,0.8972130100031718,0.0949682752913588,3.3333333333333335e-05,3.288830304665302,-0.341428425262484,0.0,12.564818828946716,5.42458338638745,-0.0136691202811534,0.0001770791415363,0.3960829635149121,0.191299814122843,0.3453180905489497,76.32466794036623,0.2732333333333333,1.782828667452487,1.2971453895993896,2.268511945305584,1.7488494069307392,0.2511096088204443,-133.16477338310423,30000.0,0.462759690694278,0.737834776981282,0.5341641183653038
1064_ar6,Tuning,0.240631080421475,0.2938080694378738,-0.004116744078226,0.0037016357132119,0.4090672899562348,2.2054570166206946,2.2114813680855328,8.301063481571035,15.696682150645309,1.5356354854405736,0.01,49.999999995,1.525903902443417,0.75989199639988,0.0717312096755488,0.0120532841245844,25.0,1.0,0.1319341028087689,0.6479395099494096,0.098249072633369,2.87660483517975,8.873711409830419,105.60657173191474,190.87774263379913,0.8876269169818752,0.1195293876831487,3.3333333333333335e-05,1.8074418997176225,-0.4464206050769974,0.0,15.45996435527602,7.209013280770895,-0.0060833019098983,-1.5258925710995451e-06,0.2015299588295237,0.1996960233655701,0.5109574804299013,83.37983171393397,0.1421333333333333,1.716447457741705,0.7896091539937572,2.6432857614896528,3.3475875350695383,0.2346305137555585,-239.6439930458726,30000.0,0.398550724637681,0.786594202898551,0.5125540720611916
1065_kc3,Tuning,0.3050011074429019,0.181424815902618,-0.0052302608902555,0.0056852678932072,0.5105185132439178,0.5787486629120826,0.5684165527172753,-6.552309987530311,15.676455979677897,2.190344579152593,1e-05,49999.9950000005,2.190118641673205,0.6299209973665789,0.1050347378772332,0.0145984881577576,25.0,1.0,0.1160308381771818,0.8811905208302241,0.12116472584805,2.678998982323134,6.567824478743008,70.55639543474715,221.33548978477856,0.9032643051461868,0.1051211392806412,3.3333333333333335e-05,3.1370010956621743,-0.4330049912932023,0.0,14.290494899459356,6.538796986540455,-0.0080234702330452,-7.669974402544951e-06,0.3445410359713488,0.1447342762229541,0.357446630065198,78.82652911899656,0.2443666666666666,1.7318255793113726,1.295446518297648,2.168204640325097,1.6737121986113874,0.2385041499465627,-166.11319283931175,30000.0,0.464659197012138,0.724016016663075,0.5117359741075918
1066_kc1-binary,Defaults,0.4569950788752299,0.2108956417547865,-0.0151250082952506,0.0120277463646701,0.6569010872412027,1.752834201566603,1.7109818232400278,6.330822979629932,15.594453849694156,1.8084463686460133,0.01,49.999999995,1.735986361965538,0.6737557918597287,0.2311926072369328,0.0264405807939667,25.0,1.0,0.0377415762362022,0.9583559632711928,0.2477204439237701,1.5186808115945098,0.6170653860710473,85.30560625304308,295.9377600301206,0.755154161760421,0.1553286250186117,6.666666666666667e-05,3.4691478441906067,-0.3549995535358633,0.0,12.430013054630273,5.328148422809168,-0.016504991074418,0.000131809373503,0.2491202413497312,0.1929258027172108,0.41716489461299,81.41838223802395,0.1704,2.4226181705638763,1.2609067994161214,3.584329541711631,2.84266017390703,0.384284970272881,-113.7568776041189,30000.0,0.4725,0.818518518518519,0.5457542283950617
1067_kc1,Tuning,0.3696568736868102,0.2299239851115328,-0.0091126079391357,0.0102041057084179,0.583145868846239,0.403032879096205,0.3907238103804067,-9.243726426651474,15.643538508733547,2.3209255831033415,0.01,49.999999995,2.1595617867572163,0.4795493183106104,0.1736732097879784,0.0259361244859741,25.0,1.0,-0.1219569980523537,0.9668177195448272,0.1945942158462637,1.5966339931585094,1.364499355270646,58.0488535223429,163.18723177617468,0.8966305544733545,0.1092432798228877,3.3333333333333335e-05,2.811205077691352,-0.3310340882954723,0.0,16.043116575001,7.317333416270345,-0.0088033283687552,0.0002828387967625,0.3809791563678013,0.1583251109704685,0.2822797390474332,76.65393250595952,0.2601333333333333,2.206142804442192,1.8533986543889855,2.5588869544953976,1.380645738807667,0.3436336210571926,-80.93866891117116,30000.0,0.477364563429455,0.644892580921047,0.5159433943112924
1068_pc1,Tuning,0.3676905879145902,0.1476427916254524,-0.00370935369285,0.0088944532555635,0.558068598186728,0.500238189898806,0.4551907766821652,-7.618549709921759,15.694899180970497,2.2031537721543,0.001,499.9999995,2.1433784750684044,0.5421847394913164,0.115573669238848,0.0174696294180949,25.0,1.0,-0.0566402925393117,0.8184296780368545,0.1379170394277849,1.9199995409608464,3.008922863570459,68.96794648156684,209.45600587965728,0.8511795849325926,0.1698412686913582,3.3333333333333335e-05,3.03700510983948,-0.4722469814422663,0.0,12.104287567385464,4.895035133967067,-0.0133054742087816,0.0002700989677606,0.3475093618777112,0.2409525313118469,0.4729743190692388,78.61615261793186,0.2354666666666666,1.3722934709748034,0.6728048053540746,2.071782136595532,3.079321253512961,0.1374469970822823,-225.11825181961711,30000.0,0.487421383647799,0.657809618385587,0.5124084572279757
1069_pc2,Tuning,0.0801595932557759,0.1317345907399782,-0.0013377806147312,0.0016692611761891,0.1513486549969258,0.4172909193185624,0.3922697898609725,-9.183947044036902,15.6341623259509,2.17939952861862,0.0,500000000000.0,2.17939952861862,0.6312210407013568,0.0421886686956292,0.0087312687474145,25.0,1.0,0.0783766224481373,0.5899817480606504,0.0657900920134228,5.274997120606924,34.256895058316694,76.04584172919878,309.31477590962396,0.9394855975722196,0.1225290828817845,3.3333333333333335e-05,4.067477838053234,-0.3071736894374751,0.0,18.383809722307028,7.865146074796054,-0.0025693068788979,0.0001680162866579,0.3351196542224798,0.0959740280780418,0.3374258982168507,78.56436252187422,0.245,1.27460801335869,1.2049884388995082,1.3442275878178715,1.115552269567343,0.1053766445274616,-227.1117816129696,30000.0,0.48433734939759,0.614629948364888,0.5014865247278509
1071_mw1,Tuning,0.2661207854481929,0.1912451675260564,-0.0059340004529824,0.0059775349498237,0.4529501472521337,0.5659194409483858,0.5559771921824851,-6.825969770771364,15.640491156171745,2.2160020856768874,0.001,499.9999995,2.184605366709983,0.568952298409947,0.1144174915314731,0.0168541053410091,25.0,1.0,0.1133302849644236,0.8536025481039421,0.1421608499442536,2.8421466717295756,7.472667113345473,69.8938430258048,157.6272060826685,0.9041515687606756,0.1228150695240871,3.3333333333333335e-05,2.255237360814032,-0.4297300371332929,0.0,14.89464245725491,6.9458430744173265,-0.0087951822873134,1.1913826624906082e-05,0.3402640729977437,0.1862284698348537,0.4797995414232482,78.67391623077486,0.2418333333333333,1.7351172856328378,1.3818032298053329,2.088431341460343,1.511381140535507,0.2393288363499539,-174.41917094609238,30000.0,0.465139263252471,0.707996406109614,0.5116697717214069
1073_jEdit_4.0_4.2,Defaults,0.4616523966827662,0.3252695579490839,-0.0095943223759255,0.0214354590906384,0.7345565241457811,1.0647430177194088,1.032911628765972,0.9061622684548976,15.661408597127323,2.902841663942329,0.01,49.999999995,2.7449569567241996,0.2031401046701556,0.2747832200249926,0.0294212184935637,25.0,1.0,-0.3954336210158841,0.9411083663678604,0.298876713189904,0.37286188014127,-1.5622716908748575,11.984582983998708,49.50922819379758,0.7495214625407493,0.2263039778951337,0.0001666666666666,4.131076422091283,-0.2515537364025568,0.0,20.58922920404636,8.45194898979283,-0.0088953828770767,0.0014577896827064,0.6916494896790387,0.4417799884900685,0.502969298038772,65.58729275888751,0.4727,1.7265719352477256,1.486865231482092,1.966278639013359,1.3224323209522293,0.2371846773456285,-160.90626040876845,30000.0,0.48760162601626,0.815142276422764,0.594157445799458
1075_datatrieve,Tuning,0.103932507009713,0.197353496787087,-0.0017624304344503,0.0030984123313461,0.1768236790539854,0.5341623309381468,0.5446798695509145,-7.336557141526628,15.639497041439997,1.381194025219487,0.01,49.999999995,1.365795096696289,0.7862262075402513,0.0647261331837197,0.0120940258129868,25.0,1.0,0.0090467297785269,0.6240563936730023,0.0959779463939241,3.9624864670720146,17.23559524407369,107.9632280532333,262.9364708191425,0.8833789849718683,0.1273241482346758,0.0001,2.435426168338486,-0.3539976444655511,0.0,15.665554425086937,7.118475845438562,-0.0047726702632447,1.0107180720067903e-05,0.1725453380124176,0.1649092594927448,0.4823703881468902,84.07318488118875,0.1205,1.2053587314832388,0.5884708176644666,1.8222466453020112,3.096579457467542,0.0811163182124616,-257.8135057762464,30000.0,0.439550264550265,0.786772486772487,0.5080871604938272
1100_PopularKids,Defaults,0.3409219963431094,0.3174488517360292,-0.0118535397446943,-0.0023495113181765,0.6005170620991122,0.5042622424458695,0.5057812618622669,-7.70575080642582,15.65675419100505,2.2931547113845707,0.01,49.999999995,2.0866139681437166,0.4961165372179072,0.1499461856479446,0.0233866577105943,25.0,1.0,0.0274487099833939,0.8941885563570293,0.1791787079744423,0.3206417975118676,0.2471465237042434,60.55050392607792,138.77300786333856,0.7736805095759973,0.2245521233324502,3.3333333333333335e-05,2.291855539844144,0.1758007627548567,8.463752025651105e-207,12.468822038358642,5.3016527578526045,0.0059412864511624,7.163180003059276e-05,0.3645014716614403,0.2632246651820136,0.4869824352900299,77.49123332556498,0.2588333333333333,0.9660519561510822,0.7759322900867593,1.156171622215405,1.4900418979659165,-0.0149995157549371,-254.435332340084,30000.0,0.271324863883848,0.451567632363156,0.3284178923975539
1115_teachingAssistant,Tuning,0.465922363304855,0.2965621616036328,-0.011710803385809,0.0150787903828912,0.6395903268153745,1.153492171205392,1.1552557583238012,1.975977531778895,15.690417703860254,2.7210989481833505,0.01,49.999999995,2.6794491473941715,0.4101470049001633,0.2168416180144803,0.0235505751642946,25.0,1.0,-0.1642504234146743,0.9187333905886576,0.2437980873254189,1.0813056070641975,-0.4728448406110623,23.627677597803363,74.18259992973188,0.8254402759173401,0.1251728173836101,6.666666666666667e-05,3.1396483900146586,-0.3386835928711229,0.0,15.176551700543218,7.021161186439371,-0.0117601252599403,0.0001960807752457,0.6029436040026215,0.3948436466080514,0.5012099052873478,68.18123727092441,0.4194666666666666,3.0577328154592425,0.2890555792101331,5.8264100517083515,20.156711963869764,0.4853995341041749,-211.49277203439536,30000.0,0.284722222222222,0.662830687830688,0.3973191424162255
1121_badges2,Tuning,0.483890864122133,0.2651639067649304,-0.0227589592640264,0.0254005305047768,0.6753348585381169,1.7749926519279473,1.752156471326244,6.58605101598263,15.632994511934507,0.9581927375751,0.01,49.999999995,0.952415182756422,0.8773959131971065,0.387983937800672,0.0416666666665833,25.0,1.0,-0.1226542123755821,0.9978584567118514,0.4261098635800151,1.033236966746701,-0.866594695065869,27.80666048878858,55.45638017450994,0.8675440782927732,0.2132503203934599,0.7002333333333334,1.994355999594684,0.3772557265911386,0.0,15.070625226022392,6.865486712870885,0.02341480291787,0.0017159452840492,0.1062210244551675,0.0614255031649995,0.2549464435783892,84.75481956119488,0.0822333333333333,1.9675663522435265,1.6905493807649434,2.2445833237221096,1.327724199754016,0.2939293869918474,-151.52234046144014,30000.0,0.5,1.0,0.6331929203331164
1167_pc1_req,Defaults,0.4168705598401749,0.4667194868753306,-0.00710091237708,-0.0061398021238079,0.5961318625028171,0.5588234295616616,0.5488386869422958,-6.868277002863648,15.679600867558683,2.261051034264441,0.01,49.999999995,2.121015713339706,0.5186172872429081,0.1023863997276899,0.0140247115300962,25.0,1.0,0.0405548068690491,0.7868656550454892,0.1258979612095358,-0.5523243909317602,-0.095521831708087,64.16144387795327,141.85164442713778,0.8491728303727866,0.1403191620133312,3.3333333333333335e-05,2.210854928654087,0.317960255474117,0.0,17.88128062501962,7.711618355362425,0.0051898361300756,0.000108589041056,0.3557018271481637,0.2716646360767615,0.4401768456905343,78.20561628296241,0.2541,1.2497087543699397,0.6231066395822825,1.876310869157597,3.011219508770481,0.0968088121222088,-235.23134158186923,30000.0,0.311387163561077,0.668495514147688,0.4781400161030595
11_balance-scale,Tuning,0.4667405309611968,0.3453418499306552,-0.016214279227784,0.0134453593281695,0.7169023811674187,0.7089097399511756,0.6317376413592138,-4.2133078824889,15.604015555462516,2.827050772905821,0.01,49.999999995,2.4246439334176295,0.1586719557318577,0.2302645069939921,0.03659369674325,25.0,1.0,-0.2091555652203929,0.8808902147936728,0.2649979747878761,0.6768757404281971,-0.2104996413848474,2.919718278196374,13.220152699865531,0.8490854765727923,0.2313531000989864,0.1466666666666666,4.527886405543078,0.5765415410822642,0.0,20.4063876573161,8.334650006413915,0.0183307710235131,0.001206882081276,0.6075786079064658,0.5255959192310208,0.6478065649180923,67.4020300846604,0.4493666666666667,1.3717577994666454,1.0484225239718294,1.6950930749614614,1.61680337478651,0.1372774381636377,-218.98893716662127,30000.0,0.333333333333333,1.0,0.5636039367144284
13_breast-cancer,Tuning,0.2873723030906667,0.2568092372871933,-0.0076124096748648,0.0049432461472897,0.5007255399772764,0.5766809009737691,0.5730454399635095,-6.6258027063913385,15.66241673672155,2.30536994303032,0.01,49.999999995,2.2005094465916266,0.5300510017000567,0.1209900211985573,0.0179382477294132,25.0,1.0,0.1240230335437198,0.8656388338249552,0.1468474982079152,2.3977543368352716,4.893530260602116,66.93612168367183,160.54260395986452,0.8734649124936114,0.1086302106721772,3.3333333333333335e-05,2.3984449639696463,-0.2653263578254726,0.0,12.099163918660029,4.960364777376706,-0.0078544981261073,1.5931707910413073e-05,0.3568325341581741,0.196253424051599,0.4561561416985192,78.16289054548005,0.2492666666666666,1.3884210779699069,1.294559951489084,1.4822822044507291,1.145008543439468,0.142521198183593,-192.81204953377727,30000.0,0.449308328291994,0.685793002621496,0.5100279566948982
1442_MegaWatt1,Tuning,0.2489181265338323,0.2144983532075214,-0.0049227423062855,0.0055154283766704,0.4157818135924019,2.203128609050236,2.2277555378693,8.296457916350901,15.668985673167189,1.600091496052107,0.001,499.9999995,1.5879220355743406,0.7321910730357679,0.1016976178705013,0.0142261397176947,25.0,1.0,0.1056879988755136,0.7920591983951353,0.1288176831758707,3.0064217275879153,8.790473903249497,97.92755583668348,367.26166183839314,0.9050765294063752,0.1209597711589458,3.3333333333333335e-05,3.75034032760791,-0.3840260689480835,0.0,13.40089409187582,6.073886446906798,-0.0081443552441552,0.0001449846396183,0.2137923729658991,0.1911038802497582,0.5091370450967513,82.66365987039893,0.1519333333333333,2.4501492454009988,0.8951810504874913,4.005117440314506,4.474086485777323,0.3891925392545007,-157.05649105710043,30000.0,0.45324846356453,0.728276509608819,0.5122138785240464
1443_PizzaCutter1,Tuning,0.3876206218772199,0.0866828898215243,-0.0052601187903987,0.0093625697665579,0.5871752908890835,1.5999396232317646,1.582847136720697,5.5852417146135505,15.616874813906357,1.868486678737284,0.01,49.999999995,1.7905611845609832,0.6532884429480983,0.1334472192875518,0.0217251483057332,25.0,1.0,-0.0304953863984014,0.8982326912749539,0.1489016913380556,2.2165990806288827,4.716029235238626,84.42886534520785,162.89667306463056,0.6230287596775514,0.2020561356712754,3.3333333333333335e-05,1.9293955023389944,-0.2018635724194369,2.342483891395358e-273,11.919782771864162,4.83934633280517,-0.0062112015334032,0.0002522683160685,0.2624692985602486,0.1958161127850411,0.3831416980456985,81.09650882106838,0.1860666666666666,1.359051216900371,0.9688161060452724,1.7492863277554698,1.8055917081047377,0.133235823765985,-211.81539717810463,30000.0,0.497257751356112,0.783044221261434,0.5222616175430519
1444_PizzaCutter3,Tuning,0.2416139774912049,0.0925057634507099,-0.0043381501995287,0.0075512064099188,0.3977446065040969,1.9659144887845983,1.9841340515018364,7.52390837554936,15.645940646493166,1.5388803858721076,0.001,499.9999995,1.5183317869083182,0.7308243608120271,0.1350691670030441,0.0238987929550412,25.0,1.0,-0.010450625080246,0.9464151297952356,0.1537666489883438,2.843903120166922,7.350454405031666,98.9919022783622,229.1539327028155,0.8497520301688477,0.1185652462367937,3.3333333333333335e-05,2.314875534550688,-0.5241194956891548,0.0,19.319282828485463,8.274984340166357,-0.0097393492491581,0.000311174579882,0.2074915186761141,0.1132473935845427,0.2943588555654373,82.5224257201362,0.1395333333333333,2.176486335861928,1.4306613813567348,2.9223112903671216,2.0426296036548997,0.3377559449701191,-147.5110851417487,30000.0,0.493926122539261,0.68151480226778,0.5111551855796058
1446_CostaMadre1,Tuning,0.2403041506594264,0.1289707745771514,-0.0040977913255398,0.0062994465784856,0.4015843647194048,2.198814638295643,2.2232125741589286,8.281865824056823,15.664759599802265,1.285105457842831,0.001,499.9999995,1.278644503244406,0.7882596086536218,0.1118620507835254,0.0194752382421271,25.0,1.0,0.0663413223220167,0.8644652775407458,0.1339002905984963,3.150992343416778,9.77367910749686,126.3136782274244,227.5881258854712,0.8360591044020641,0.1175484003314727,3.3333333333333335e-05,1.801769444760393,-0.3633644853738222,0.0,13.461829149358657,6.114759694921389,-0.0079569234079562,4.635119829594484e-05,0.1621937750793943,0.150943302945189,0.4284304785786574,84.58198439768198,0.1106666666666666,1.653424718768325,0.262749455214412,3.0440999823222383,11.58556153742191,0.2183844260611195,-247.73920237686085,30000.0,0.480685980685981,0.719710844710845,0.5113945374070374
1447_CastMetal1,Tuning,0.188919322431379,0.1801418022957606,-0.0026460996765123,0.0041383838007162,0.3292036861114891,2.274173774594133,2.3190098272906288,8.575092371178878,15.695686296004924,1.3404080996351724,0.001,499.9999995,1.3270655879830486,0.7827594253141772,0.0796601048093433,0.0148313056340825,25.0,1.0,0.0805707902185279,0.7755918084650981,0.0983347836027997,3.7771795434141513,15.244755691339254,119.23925618674194,257.2898660248785,0.9044600870091288,0.1114419562051488,3.3333333333333335e-05,2.1577614139250567,-0.4589945556323241,0.0,16.347460676831318,7.588992982122645,-0.0059472131858973,5.4037299780967226e-05,0.1727621453663023,0.1417046987216553,0.4198612967898801,84.1313090826131,0.1238333333333333,2.003278445148855,1.3197956071133177,2.686761283184393,2.03574043488362,0.3017413181341075,-200.98488312920475,30000.0,0.466826265389877,0.68772346744303,0.506609077328407
1451_PieChart1,Tuning,0.3543540526126888,0.1007918153597537,-0.0049688019833621,0.009835439941342,0.5520571350477015,1.6167957607885295,1.6035107953086052,5.711853960333441,15.6759082162762,1.8322011113349324,0.01,49.999999995,1.7753985682754398,0.6561552051735058,0.143790118710266,0.0237158527053465,25.0,1.0,-0.0396817258968146,0.9210199534529464,0.1610312520308164,2.2966126255242236,4.8582158564475115,83.14496348571109,170.05217154315378,0.7836425495398339,0.1637795534431195,3.3333333333333335e-05,2.0452492179201704,-0.4066907554334822,0.0,13.984288405990297,6.4068558888062235,-0.0102219551520556,0.0002420108297147,0.2590351424308149,0.1829007987110822,0.3756039541451992,81.07948072671522,0.1795666666666666,3.908223797419791,0.8652583486995955,6.951189246139988,8.033657527348865,0.5919794248527849,-113.89647195399,30000.0,0.494818652849741,0.761816300569572,0.5214725869891241
1452_PieChart2,Tuning,0.0877569362534496,0.1376514261893027,-0.0014273660139002,0.0021557452875849,0.15828504855509,0.5150741679311247,0.5250580246439411,-7.536620246988365,15.66110590791001,1.367277300716543,1e-05,49999.9950000005,1.3668903595273163,0.7994933164438814,0.0467732314705688,0.0087151202399297,25.0,1.0,0.0724276017877387,0.5280242336698986,0.075827514189042,5.207812540855285,30.8292899460632,114.61057957495136,213.81619161837216,0.9294582044580152,0.1349990728125759,3.3333333333333335e-05,1.865588608061631,-0.3549184390643217,0.0,18.80143869115772,8.080428722168387,-0.0033304606219189,3.989580997732361e-05,0.1737073514236329,0.1152432226456161,0.4289771391884353,84.2717555211578,0.1249,1.9570060141597223,0.3392766100412666,3.5747354182781783,10.53634501309372,0.2915921603094072,-239.55638051709096,30000.0,0.480185161911943,0.641614650971192,0.5024333433757372
1453_PieChart3,Tuning,0.2392373639996402,0.102512684154779,-0.0044063282391774,0.0076379188263844,0.3946003262212652,1.971179585160865,1.9928712378050284,7.570772431528873,15.67348091024379,1.5279147918447014,0.001,499.9999995,1.5059370116424495,0.7335577852595087,0.1381343437400144,0.0242914792947379,25.0,1.0,-0.0084168237381857,0.9436906710710756,0.1567200100939296,2.85315783449154,7.379804912048986,98.27082525453469,215.7594297123567,0.8772943485390445,0.121541242286987,3.3333333333333335e-05,2.1955593550121164,-0.496561014155673,0.0,16.090933181831012,7.46440759698855,-0.0104257164118904,0.0002205073029976,0.2051722752145562,0.1230556391841836,0.3333893617394166,82.6478557271546,0.1418666666666666,2.0061416408144335,1.539737634595704,2.472545647033163,1.6058227008790262,0.302361592519372,-144.70264622011442,30000.0,0.492335580449256,0.676158105662329,0.5110508317387652
1455_acute-inflammations,Defaults,0.5405134292196406,0.4092867321156676,-0.0148519180788466,0.0369994844546724,0.7400430521664204,1.3756550285029263,1.3291424608561602,4.04909935093756,15.698450880046916,1.0383966161158296,0.01,49.999999995,1.0242091929432529,0.8592286409546985,0.4445266586120138,0.0416666666665833,25.0,1.0,-0.3319220805299997,0.9958845210603106,0.4720599663546648,0.3502634732638691,-1.811503394440966,45.90855705807718,86.3330573975201,0.9174514444880858,0.1569887027113296,0.5434666666666667,1.8805439101102988,-0.2029248014636728,2.8167351190760787e-276,14.07317278115905,6.42464781959231,-0.0149102438960104,0.0013294387135767,0.119630919591568,0.093054365370513,0.3010414261474034,84.29010756013376,0.0755333333333333,4.028942360428263,1.2228658719146828,6.835018848941844,5.589344674599866,0.6051910542519737,-37.19579294875885,30000.0,0.5,1.0,0.7051001710299505
1456_appendicitis,Defaults,0.4074790547975778,0.197278402010313,-0.0116474481546211,0.0149272717624991,0.5967104232830269,1.8495335139242808,1.851537668387215,7.008770711174513,15.67908891445194,1.5506876486651189,0.01,49.999999995,1.4812317657959515,0.7242908096936564,0.223202076537361,0.0278605863854591,25.0,1.0,-0.1114196813243829,0.9436132473112352,0.2571471663934289,1.4123179426379473,0.3173765778632598,106.06676689287622,209.9173579343367,0.6973298002818462,0.12243110194245,6.666666666666667e-05,1.9791058413833245,-0.3604209718958787,0.0,13.61863638994708,6.226157737012368,-0.0148858842016955,0.0001202439400848,0.2031983526959671,0.2270790282641562,0.5032988442807836,83.02365419621036,0.1415333333333333,2.750214615982619,0.3874273608828782,5.11300187108236,13.197317451760604,0.4393665857941109,-205.05320496869177,30000.0,0.48025641025641,0.845592185592186,0.5524900773300774
1459_artificial-characters,Tuning,0.4833969389415281,0.2751429534252674,-0.0129489011505081,0.0254342743422632,0.732062300278834,0.9937143926325376,0.9344107253787748,-0.0782845818084982,15.66220733043193,2.5019816081283395,0.001,499.9999995,2.1935127295867,0.4043134771159039,0.3379865486676081,0.0391189239043725,25.0,1.0,-0.3369820689725856,0.9995360528356724,0.3567874248613636,0.8346733212251747,-1.0013966657225049,93.8461968671138,262.9469826043398,0.813061257571613,0.1789492467245045,3.3333333333333335e-05,2.8018927924875836,0.2715768429889089,0.0,15.577306312390576,7.1247550207090455,0.0135998851809007,0.0187938835189827,0.4306409750488962,0.0580929273853463,0.0827722058096397,61.68928071779079,0.3158,4.743726494124068,3.799349335553996,5.68810365269414,1.497125731362431,0.676119641250714,123.26218037362813,30000.0,0.0995238095238096,0.647070833665962,0.2507062543795679
1460_banana,Tuning,0.3549699914764718,0.3684618063809169,0.0096387919132022,0.0273422089901686,0.6817475068466061,1.217354099791399,1.1769989160633147,2.552599873670152,15.64849181005482,2.3758469306027865,0.001,499.9999995,2.1351783827773914,0.4491483049434981,0.380634742351663,0.04082982040689,25.0,1.0,-0.5211694446785688,0.9993364662765132,0.4209633889089219,0.4833267641666208,-1.5880649498267465,68.3252768855888,182.68446391331923,0.8562432701556852,0.138247279837007,3.3333333333333335e-05,2.673746411876575,0.0177933471211279,0.0020564087620221,12.549618894604055,5.4525245830175,0.0013737444348933,0.0037591137946824,0.4078310448062491,0.0773077344720528,0.1606552903235703,64.58802863259947,0.2874,3.6188849461292465,2.7677285196864747,4.470041372572019,1.6150577416735818,0.5585747759639489,36.18457117949163,30000.0,0.499238747553816,0.905494072564488,0.6501730518042874
1462_banknote-authentication,Tuning,0.5201046312199733,0.4454216769044251,-0.018707591922768,0.0342858441536963,0.7683125568617721,1.1304440254941426,1.0629518401159346,1.5745692808276583,15.617073264061732,2.387459398015685,0.001,499.9999995,2.360572761281746,0.5403513450448348,0.4309522122576319,0.041643430325812,25.0,1.0,-0.4283984291374967,0.9995512558565356,0.4696794243698202,0.199777061961051,-1.8885739821939147,2.925035153020787,6.650721394485141,0.9015511506238392,0.2453411393842999,0.4238333333333333,2.2737235781985157,-0.0220945827557081,0.0001296418980362,15.372561885343208,7.178694161663185,-0.0014455815927825,0.0104861265046958,0.3990912758373398,0.0561858846558502,0.1564444644333238,67.92670228186061,0.2774,4.771649883033817,4.710467115029396,4.8328326510382364,1.0259773676409691,0.6786685700686533,125.09257179953372,30000.0,0.5,1.0,0.7228322067171392
1463_blogger,Defaults,0.2278049892518202,0.5188956992679976,-0.003997345938114,-0.0030399114540142,0.2780957005316719,0.7189575241964761,0.6839426660214625,-4.385554161165949,15.692371988976076,2.262173644037188,0.01,49.999999995,2.2081071340887495,0.5544851495049835,0.0521044555510771,0.0055125276065862,25.0,1.0,0.0432183854522484,0.4244914515782148,0.0916855974532683,-0.1693707216835106,1.823454126057186,69.62823952233789,180.27104704454743,0.8434182334092759,0.1183375915874086,6.666666666666667e-05,2.58905076849905,-0.0236158096490167,4.300545074634499e-05,18.67007267778185,8.153886929587301,-0.000265408454381,6.725761438321033e-05,0.3480519427616421,0.3073443897414655,0.5480883303588032,78.1922532097824,0.2493333333333333,3.5838506591008175,0.0513287854657747,7.11637253273586,138.64291679650788,0.554349904092957,-269.95512934800166,30000.0,0.246031746031746,0.699404761904762,0.4811769246031746
1464_blood-transfusion-service-center,Tuning,0.1487955234061997,0.3076619504951524,-0.0044928927656571,0.0045218251678,0.3949250436938296,0.4302737186848531,0.4159109523221652,-8.6439370068998,15.611236738175506,2.2969456935306973,0.01,49.999999995,2.084341270568795,0.505416847228241,0.118429841447965,0.0180405976738627,25.0,1.0,-0.3164288133289408,0.909720434725824,0.1422015208147329,1.9489096770945185,3.797685530471745,57.53618056638886,121.76630516309324,0.9050900355439352,0.1114059313933075,3.3333333333333335e-05,2.116343211600386,-0.1281313775976133,5.32803165606647e-110,12.501972164515117,5.371786727972729,-0.0033916754243855,4.479761631418374e-05,0.361741470588167,0.1831017853729259,0.3431934518987643,77.79857849677423,0.2551666666666666,1.719419011257977,1.3129819579968072,2.125856064519147,1.6191053133440676,0.2353817243326907,-159.45426627068736,30000.0,0.438493631971893,0.671384004967213,0.510190016713024
1465_breast-tissue,Defaults,0.4545095961607416,0.1941781755451004,-0.0132400852736943,0.0078898240101955,0.566812410851018,0.926385943544833,0.8825263600240976,-1.0387649801855812,15.687401218564077,2.844714109866661,0.01,49.999999995,2.7225022672730557,0.2732424414147138,0.162227949488289,0.0218698798667432,25.0,1.0,-0.0847618021933067,0.8528998290340526,0.1983057495351866,1.1773713499481189,0.348438934302242,52.522500035041055,188.81278047050972,0.5826501636742076,0.3288244338558329,0.0005666666666666,3.5948932427918945,0.1021566971426097,2.0795765102325948e-70,11.827344548254397,4.665051605877188,0.0043425613536791,0.0006584811011067,0.5692716650841753,0.4375882162273224,0.5245514928216133,70.77394220415881,0.4117333333333333,1.3778305258506964,1.1675429051144484,1.5881181465869445,1.360222514846175,0.1391958023221308,-202.7390575812529,30000.0,0.157407407407407,0.51957671957672,0.2278932363315697
1466_cardiotocography,Tuning,0.530057299296643,0.2730986992408357,-0.02695430573316,0.0228672919962616,0.7145774427975107,1.1877427033214558,1.1242567980283231,2.1950270584689697,15.655739214053463,2.14815953115515,0.0001,4999.99995,2.100082870286621,0.5653855128504284,0.3892529303712199,0.0416646951034805,25.0,1.0,-0.0909574025209767,0.9996120638206436,0.4199289634378294,1.026623731382943,-0.8388525057658902,6.629123852806074,43.041045625797054,0.8324909411765488,0.2839006235250123,0.4733666666666666,6.492720091143192,0.0203257436280045,0.0004304411296115,15.09691667211711,7.108982797565917,0.0012006569606504,0.0221682182868346,0.3379993762585705,0.0448899928653258,0.1340752017870676,70.56585657635631,0.1914,4.751127016989784,3.931858589159016,5.5703954448205515,1.416733414619213,0.6767966410360937,122.3240724723407,30000.0,0.1,1.0,0.3475456004793883
1468_cnae-9,Tuning,0.5259863610768887,0.1790691631785345,-0.0218895771022599,0.0137980948204751,0.7757711241044423,0.4629572354482973,0.423477694525816,-8.03021142102466,15.659715882214911,2.7138906786838235,0.001,499.9999995,2.403779580009001,0.0541351378379279,0.2898510732849737,0.0398909926569371,25.0,1.0,0.1563881152315214,0.9988527926787772,0.3103530764898826,1.726210161386431,1.3506831006534863,2.665620513433845,8.847195986694425,0.7301367676546953,0.2939358232046334,0.0362666666666666,3.3190005636977085,0.6355122863027711,0.0,13.879373180039694,6.368363140921408,0.0309711282638726,0.0247048173671181,0.707731052231173,0.0714902293605694,0.0982491999230767,60.27305964257374,0.5903333333333334,4.1237972221706025,3.625928741048821,4.621665703292384,1.2746157007912586,0.6152973017479751,88.68262365780313,30000.0,0.111111111111111,0.950335442819103,0.2610068523391399
1473_fertility,Tuning,0.0862241123731574,0.2796064842533373,-0.0015381721115649,0.0022182682804332,0.1623953817348385,0.7193174419536705,0.6764369989882251,-4.376510967567363,15.69799645487634,2.0618215414741563,0.0,500000000000.0,2.0618215414741563,0.6767225574185807,0.0478219715816602,0.0092672467334224,25.0,1.0,-0.0246672415936548,0.5283552682805153,0.0799785752566998,3.708686219436952,15.532462167742352,92.49176136474766,201.9049963669734,0.8985842363997865,0.1152213998003148,6.666666666666667e-05,2.182951144921383,-0.3825262708797619,0.0,16.414101959233506,7.538817317247594,-0.0040574246861896,1.4801740092568038e-05,0.3059388238965288,0.1634586944370439,0.4579929252440873,79.97572337232674,0.2199,1.1693193527093722,1.1677792439876808,1.1708594614310632,1.00263767099667,0.0679331374911283,-239.04545552016785,30000.0,0.404795821462488,0.767094017094017,0.5060932652738208
1475_first-order-theorem-proving,Tuning,0.5226064413789208,0.271017011276472,-0.0089680416579805,0.0259031557462291,0.7304386799416336,0.9908138949465372,0.9288942145426357,-0.1141472522620574,15.67531365879787,2.4771260603002028,0.01,49.999999995,2.1966703059544805,0.4005800193339778,0.3092598330420935,0.0375909546424846,25.0,1.0,-0.2961967049829926,0.997831601322424,0.3302160412152997,0.8931397572746224,-0.7585574738701775,52.33578422363582,139.31225675666508,0.8898109104436098,0.1036400204502809,3.3333333333333335e-05,2.6618929824643076,0.2256213510820025,0.0,16.798630765976203,7.435526265735341,0.0100200297191735,0.014812619973921,0.4288541271876218,0.0941306340819724,0.1285644199545605,68.13213379345653,0.3314333333333333,4.350513214363855,3.7393729739565127,4.961653454771197,1.326867763479635,0.6385404921315647,83.98380910136424,30000.0,0.166108376347455,0.430183799926448,0.237698821309718
1479_hill-valley,Tuning,0.7652078819425434,0.3330472122026044,0.0045425593192771,0.0232496730845324,0.937240294790726,0.8131995520363372,0.7108416152979248,-2.8755139200031277,15.641337200698606,2.91151593472116,0.01,49.999999995,2.008462997676898,0.0055335177839261,0.223227571024912,0.026710760849555,25.0,1.0,0.1543857374590118,0.9771460334513442,0.2350589356048586,0.8652807514169439,-0.6635473659596034,2.646998446587153,6.705099374108544,0.8727483110979354,0.1281979296438358,3.3333333333333335e-05,2.5330953188699747,0.3750524164043637,0.0,12.928573337732542,5.735365422333007,0.0153709313454925,0.007854399401726,0.7070689003977718,0.2480649960930009,0.2146185739526852,66.13914173528042,0.5273,1.9671201608608475,1.8156768791251203,2.118563442596575,1.1668174370410185,0.2938308894594238,-124.76530740440568,30000.0,0.466309473215551,0.744449841134924,0.5594620260187939
1480_ilpd,Tuning,0.2085986095060279,0.1589879820078131,-0.0023766449581009,0.0080846799727995,0.384372073134228,2.0095232092329782,2.0704613873520517,7.939555668678699,15.684456465928692,1.5672086430595376,0.001,499.9999995,1.5522540260697832,0.7221240708023601,0.1383026593131224,0.0177758037108677,25.0,1.0,-0.183750689258588,0.8987501314758398,0.1599318023343927,2.3056872294393176,4.246589295576167,88.75713934585488,183.7976612559417,0.8494734654059467,0.1170524723633953,3.3333333333333335e-05,2.0707929819565924,-0.2235985130632982,0.0,12.15651025957069,5.019720450720392,-0.0071240059569531,0.0001973016973128,0.2158199400361655,0.1781890547294833,0.4423580863536229,82.2952754464638,0.1472666666666666,1.8275481458667135,1.1817627919916982,2.473333499741729,2.0929187452002727,0.2618688270576665,-181.82453363272137,30000.0,0.483572686627828,0.665490130478421,0.51253940280969
1484_lsvt,Tuning,0.3951944064447943,0.1247206372255284,-0.0144361051390128,0.011447787078046,0.6366081702206463,2.1992673644702574,2.2234825714931867,8.158073725260826,15.683614020872062,1.133725853678763,0.01,49.999999995,1.0705053217445826,0.8233941131371045,0.2180408607457087,0.0301186290168401,25.0,1.0,0.1633050167434885,0.984455652838006,0.2547683638638224,1.9990470062463963,2.2192045277004144,210.88171373784493,425.68242623530926,0.1515483100777719,0.3345523665658669,6.666666666666667e-05,2.018583871925895,-0.4544942773318926,0.0,13.130814116763668,5.895263493264289,-0.0196415690112136,0.0004120397281576,0.1296910303048424,0.1013291901824135,0.276980032436952,84.74875824990221,0.0781333333333333,2.551323907535664,1.0571455362923885,4.045502278778939,3.826816781503389,0.4067655986826503,-120.29385123252962,30000.0,0.493589743589744,0.91991452991453,0.547108037037037
1487_ozone-level-8hr,Tuning,0.3083583037616157,0.0908263030701449,-0.0092164466766156,0.0110873344841194,0.5000526489972918,2.1668356199771437,2.2013441023197946,8.182512091228762,15.64686933906715,1.197519283832402,0.01,49.999999995,1.148357484540843,0.8168605620187339,0.2071744508323161,0.0293803066632272,25.0,1.0,0.0865531281962357,0.9862617922594362,0.2252509073931307,2.38447929138217,4.137690789434128,193.40381605287695,416.5055143884943,0.5453566250303126,0.1676013332680332,3.3333333333333335e-05,2.1535537554989026,-0.5328452851899989,0.0,17.50048238738381,7.846635036722483,-0.0152964364529939,0.0005270683878546,0.14138006924311,0.0821181584794296,0.2264509251945405,83.90848292303724,0.0892,3.707716795785584,0.6256685904208983,6.789765001150269,10.852015116456178,0.569106554295462,-151.91339773009875,30000.0,0.499530516431925,0.739750119191879,0.5215148199728985
1488_parkinsons,Tuning,0.4372931958710072,0.1631995242762367,-0.0133742030992375,0.0172394476391783,0.6343381162556552,1.7500215415118636,1.73018360290742,6.51332336998707,15.689040926605475,1.722198481528748,0.01,49.999999995,1.606777269614741,0.6947231574385813,0.2553107022432392,0.0328495102839756,25.0,1.0,-0.0977442582233745,0.9856535415775036,0.2869610902632165,1.4064006837212937,0.3268234004838382,2.478980732740467,6.406824728002102,0.8143346450776169,0.2553529952374516,0.6947333333333333,2.5844592672234654,-0.0810045821290208,7.416929486973729e-45,14.27716506223069,6.665173153870341,-0.00348759478858,0.0006538826316074,0.226696999970575,0.1383381292507658,0.2897978249548617,81.07802468550321,0.1563333333333333,2.507591455846615,0.7563266720396762,4.258856239653554,5.630974547231764,0.3992567813916161,-152.45905687373062,30000.0,0.5,0.954256854256854,0.5747717937309604
1489_phoneme,Tuning,0.4855002813695548,0.3107314268394059,-0.0104697638806438,0.026636164445861,0.7189609127507549,1.0259235830506503,0.9676957769650956,0.3184996357434126,15.626703104049597,2.424799525497675,0.01,49.999999995,2.2075215698168087,0.4159805326844228,0.330232217669353,0.0386781429983744,25.0,1.0,-0.4009871347120921,0.9986215919301888,0.3564284019613118,0.6252103003638396,-1.2942088981155184,79.67813421823355,220.03542042318833,0.7709830317117122,0.2534609144627115,3.3333333333333335e-05,2.7615533744869323,0.1964347620569768,1.116635805146503e-258,12.230011068457737,5.083991338587001,0.0137717034576618,0.0072023585901441,0.4207208318454447,0.0857440974161896,0.1248482870157014,68.53863012094813,0.3590333333333333,4.0004976938225765,3.4873500976222114,4.513645290022941,1.2942908408017872,0.6021140243868562,74.76503555025695,30000.0,0.499709133216987,0.869138063395686,0.6136740584804824
1490_planning-relax,Defaults,0.0919691503053785,0.617351820795796,-0.0020549884084835,0.0012936509395107,0.1566735057581554,0.3998284998519848,0.3812311244093747,-9.383577528661148,15.661679542438634,0.9804033594778236,0.01,49.999999995,0.9511695536149108,0.8574619153971799,0.044349085004338,0.0080459274444473,25.0,1.0,-0.0171198713506482,0.5805071003131907,0.0692389335704883,-3.715928521161286,18.408808064292216,133.70420407325005,378.834093545422,0.936736713358252,0.0892674304823432,3.3333333333333335e-05,2.833374583628457,0.377559342081646,0.0,18.095659076604935,7.934605831722012,0.0032903460906282,2.302405828353001e-05,0.1104044395047576,0.1164843239999009,0.3981580046154187,85.90070940101576,0.0777333333333333,0.9614490058477444,0.6959390084439563,1.2269590032515325,1.7630266278550988,-0.0170737452952893,-242.51377788770495,30000.0,0.353801169590643,0.584850640113798,0.4963993050945682
1491_one-hundred-plants-margin,Tuning,0.7056178336483124,0.4120785629558022,-0.0327116212570203,0.0078600761506301,0.7666698899610843,0.7753633508690143,0.696546473157866,-3.095340787438312,15.658865360541242,2.76073572933927,0.01,49.999999995,2.431154000511057,0.2520084002800093,0.3155634274299214,0.040578560695013,25.0,1.0,-0.0653133778914956,0.997029648289724,0.3469072128096024,0.2477026428845417,-1.2058733109487725,2.4344181217861727,6.470470794543931,0.9265752939487212,0.1490823024448963,0.2496666666666666,2.657912680092022,0.7370014503990231,0.0,16.179704110867174,7.410962974893413,0.0344988025558055,0.0139554044032887,0.5502740015226748,0.1304943527002727,0.1586965883671427,61.46837539488247,0.4480333333333333,3.349570412716191,1.836230594022839,4.862910231409543,2.648311299918582,0.5249891117085832,-5.773464755661394,30000.0,0.01,0.8405,0.3527679611111111
1492_one-hundred-plants-shape,Tuning,0.5759145010580475,0.4351915969092188,-0.0223918557214864,0.0111256054387303,0.788683900290922,0.6823775400329757,0.6075654410280569,-4.727654782157522,15.660182054180044,3.0390821827676073,0.01,49.999999995,2.264007004270368,0.0588352945098169,0.2632014422687351,0.0367769552368679,25.0,1.0,-0.1952269997438291,0.9953116870198058,0.2838616365492063,0.419981509158903,-0.6325155935386215,2.5525254753171076,8.518912167211512,0.92745535927974,0.1239008125449903,0.0544666666666666,3.337444522918952,0.649138714963968,0.0,16.886735801296332,7.487057129848155,0.0246106641024651,0.0218851822536599,0.6785356783149401,0.1417388764786697,0.123624884593237,57.60763249652116,0.5599,3.5927319138836817,3.454965402590891,3.730498425176473,1.07974986446402,0.5554248117873568,19.859319730083342,30000.0,0.01,0.718166666666667,0.3178061222222222
1494_qsar-biodeg,Defaults,0.5143074803215864,0.243026285163673,-0.0218329087557856,0.0211416510029209,0.7099520976304896,1.4881758539996417,1.4324108542033789,4.879482565121821,15.664172784255902,2.1541177386723267,0.001,499.9999995,2.084941663781994,0.5463515450515017,0.3434574326974723,0.0381991327854966,25.0,1.0,-0.0975808518501341,0.9983156141981726,0.3693554027273108,1.070612460444296,-0.7259380479416984,69.60555003613905,170.5972066119088,0.7553573711311298,0.1705866500521006,6.666666666666667e-05,2.450913849877383,0.2352253839282985,0.0,12.87881405904708,5.657246923918806,0.0153577509143035,0.0044833290070494,0.3407463813652879,0.0793115456765594,0.1495911656916516,74.53981240368199,0.2615333333333333,2.55420718233938,2.2810295662124354,2.827384798466325,1.239521328590165,0.4072561217832405,-59.85657775101862,30000.0,0.497607655502392,0.875293866455733,0.5892804072686281
1495_qualitative-bankruptcy,Tuning,0.4192010580578028,0.1840559679824213,-0.0197983190971098,0.0188707987928223,0.6177482280471973,2.03463121602606,2.0341461431442034,7.679299261918641,15.699454071162906,1.306157206399959,0.001,499.9999995,1.3057976634710744,0.8271609053635122,0.3419083023735144,0.0389651214581055,25.0,1.0,0.0298287502736313,0.9966667295065188,0.3668251546796331,1.5215318147207793,0.3651762232230688,3.2540829039923356,6.948251840145797,0.9209222918008582,0.1661161036406118,0.7882333333333333,2.1352411862706577,-0.0618689429909264,7.712983906431037e-27,16.779071206834658,7.650652052196323,-0.0029664617755061,0.0006614054386775,0.1550694163263326,0.0697906501411085,0.2197377190972459,83.29602079844692,0.1082333333333333,3.140132378971535,2.803781899628884,3.476482858314186,1.2399262791350147,0.4969479570685772,-12.422896798124128,30000.0,0.5,1.0,0.5923850485967334
1496_ringnorm,Tuning,0.4771291578631492,0.302579530713551,-0.0277222152615692,0.0201835631841195,0.6419681579997216,1.539572499512961,1.517722427958821,5.214689889684978,15.609362222245077,1.8942800061876643,0.001,499.9999995,1.6936337581894736,0.6419880662688756,0.3818036443864541,0.0409313747551652,25.0,1.0,-0.1856618394579539,0.9980467795353324,0.4284560999367581,0.779226827376868,-1.2881332956760772,131.9617220294188,417.60045089642426,0.3438551491419052,0.4682712376887497,0.0001666666666666,3.16455745252645,-0.2318434495827085,0.0,11.557167269729584,4.404439625002081,-0.0225535074171705,0.0069554435971216,0.2770301036337097,0.0613336896765742,0.2755986411678296,70.64599550789335,0.1403,2.7911898096696492,2.196098128969634,3.3862814903696643,1.5419536339010946,0.4457893708811964,-50.0248818377564,30000.0,0.499851323223312,0.981430402416467,0.6463013259236873
1497_wall-robot-navigation,Tuning,0.5660091690468176,0.288786992409218,-0.0177223145110902,0.0254076667210953,0.778724835102579,0.9387433885352644,0.8724626547786742,-0.7811915956991076,15.632567517793804,2.5577517686655313,0.001,499.9999995,2.236173160030454,0.3739124637487916,0.3422583167974933,0.0404712972829434,25.0,1.0,-0.2497782558316199,0.9996157327602772,0.3577633889809916,0.8673169062723265,-0.8662009220617697,2.084370435779895,3.156148519250887,0.936936645156852,0.1314340329911978,0.376,1.5141975078285246,0.5112144671942661,0.0,14.089628514347838,6.555700048601352,0.0278986070108522,0.0338563707626068,0.4536984769123842,0.0557293659229946,0.0777449518478363,58.052329894220115,0.4082,4.213701356356447,3.408363606339392,5.019039106373502,1.4725656315062332,0.6246637519929906,90.112731994097,30000.0,0.25,0.920123181488129,0.4426925617065259
1498_sa-heart,Tuning,0.4179450658587381,0.2643962453748293,-0.0128362516475211,0.0122788198128791,0.6161827464353156,1.8568293185403997,1.84191687418055,6.978955946520159,15.693808097582414,1.5772670137126217,0.01,49.999999995,1.5049641401561136,0.7122904096803226,0.2132270038124114,0.0283018330896237,25.0,1.0,0.0014315266374008,0.9737653469466614,0.2390943227026135,1.6339032602601395,1.027059621162623,100.20980412839432,177.60978989815624,0.9364381861156544,0.0830115183637457,3.3333333333333335e-05,1.772379373884326,-0.2197659743996908,0.0,12.06331424704624,4.872299424574688,-0.0107843555393749,0.0002495015613052,0.2104653160042809,0.1433136455588761,0.3247234694900815,82.26395977195959,0.1400333333333333,2.6027856345114975,2.5415956563624142,2.663975612660581,1.0481508362633385,0.4154384010781201,-60.618280927583825,30000.0,0.465923890923891,0.708679283679284,0.5298767621421788
14_mfeat-fourier,Tuning,0.6940639636606983,0.3645530944291182,-0.0348023557180157,0.0068948988345785,0.7372522755791555,0.7872601391402,0.7087918536482536,-2.904990747370542,15.687284278975737,2.644794858176718,0.001,499.9999995,2.3701696257161498,0.2714090469682322,0.3422405429436616,0.039467601637197,25.0,1.0,0.0577731953771665,0.9961925398354814,0.3708818584856393,0.4506739254914747,-1.3829366020520923,2.4062954892216903,6.0423668346517525,0.8995741922235748,0.1647342918033244,0.2705666666666667,2.51106601899654,0.5961821586567877,0.0,18.677758678683503,8.163243307227642,0.0270864514963225,0.0304688199949151,0.5346252458065694,0.1365012627990278,0.1947568977287185,60.33927948718949,0.4472666666666666,6.4863374938813445,1.184285976268501,11.788389011494187,9.954005407230772,0.8119995419190599,23.15352391413765,30000.0,0.1,0.855922787193974,0.3747092084118016
1504_steel-plates-fault,Tuning,0.4892211098145932,0.2618658959403187,-0.0249083877442739,0.0233368414497321,0.6790910059397219,1.429861973878461,1.390687603122768,4.481931890502059,15.636059369352594,1.9619274614523012,0.0,500000000000.0,1.9619274614523012,0.684556151871729,0.3854619921695436,0.0416662048235896,25.0,1.0,-0.0965137524711963,0.9995479527334225,0.4212400437965564,1.0739504681883338,-0.7810867594489714,9.073076968340551,34.42441602641281,0.7916318540880748,0.3613738659909387,0.5880666666666666,3.794128072155566,0.1491013645186648,1.1128607950902151e-148,14.766996370980774,6.920824536518856,0.009075234811808,0.0150992874326096,0.2868367869092593,0.0435617972508937,0.1657833445116144,73.57158680469105,0.2489666666666666,3.7696294387846487,3.3307581518077236,4.208500725761573,1.2635263606504132,0.5762986603913832,53.329690445753045,30000.0,0.5,1.0,0.630903515231166
1506_thoracic-surgery,Tuning,0.0868820511292204,0.3862300054072258,-0.0015258878813142,0.0018167312529046,0.1371438091195337,0.654534486610081,0.641750759091456,-5.478402704663971,15.697268617431986,2.010927325279104,1e-05,49999.9950000005,2.0107893328596953,0.6343878129270976,0.0330274309193917,0.004897128117999,25.0,1.0,0.0425726277089298,0.4553799875970167,0.0701180037334915,2.7440755832018513,13.335045717704944,71.81426184816227,147.2121227506202,0.9233485752149134,0.1010762324683749,3.3333333333333335e-05,2.049900938366121,-0.2642010943123968,0.0,17.82841034485387,7.7382147362383025,-0.0023928251494479,2.088273735085412e-05,0.3046306799410678,0.1980449719262066,0.4215897019670487,79.94989413766449,0.2204,1.015269137223976,0.3676131104665822,1.6629251639813698,4.523574150732076,0.0065811844342981,-266.688886624162,30000.0,0.439484126984127,0.602777777777778,0.5025410251322752
1507_twonorm,Tuning,0.5360153281479253,0.3432738970153895,-0.0345969466899637,0.0188893909797457,0.668714539051232,1.4640163490105558,1.4225852529235308,4.634108610497355,15.610036587012894,1.932735226399206,0.001,499.9999995,1.7848773786395324,0.6144871495716524,0.4198385722533616,0.0414301483836748,25.0,1.0,-0.1312869244313015,0.9988839061877132,0.4652142907919193,0.6383561757739461,-1.574764161280296,2.4285461182533297,6.014127611175306,0.9409589177135186,0.1901417973635362,0.6157333333333334,2.4764312960621635,0.576023779195423,0.0,18.715083856216083,8.133881094658705,0.0329457144698807,0.003003307871607,0.2807216606585617,0.0509007983169177,0.2647686168128281,76.55610643535763,0.2301333333333333,2.604693347837364,2.0331587177909176,3.1762279778838103,1.5622134908057284,0.415756600886645,-76.40915643516243,30000.0,0.5,0.980480739078709,0.6650828825552519
1508_user-knowledge,Tuning,0.4914231605318817,0.2162338761310176,-0.0162549088815323,0.0222610416792512,0.7118930258309237,1.5584790821321004,1.52912881326716,5.445502067280955,15.656267551756573,1.9165032654593048,0.001,499.9999995,1.8328505550284315,0.609353645121504,0.3175696108044997,0.036253860170413,25.0,1.0,-0.1500775845912013,0.996689087384134,0.3412565597849258,1.13799841754689,-0.4612503925159679,2.3378795909966454,5.243039984466975,0.8810223832910221,0.2064146646332962,0.6089333333333333,2.2426475703265827,-0.1196034055998713,5.40156399870581e-96,18.3980750024366,7.847140201539144,-0.0052013660886974,0.0062447746903078,0.2855068904215833,0.0926720760805856,0.169014584483994,74.91951140642304,0.1972666666666666,2.927824713629433,2.0810052170770197,3.774644210181847,1.8138561975745064,0.4665450723242618,-27.854076112884485,30000.0,0.2,0.870350191139665,0.3462554114989011
1510_wdbc,Defaults,0.5047689668547084,0.2568824076402084,-0.0262931887524786,0.0208552635587437,0.6862547144652205,1.671327570070577,1.6321877961906068,5.981233732909768,15.677564959829022,1.7020536056394648,0.001,499.9999995,1.6192253286076894,0.6800226674222474,0.3709998431364982,0.0398056004173056,25.0,1.0,-0.0831624092081686,0.9991398568292496,0.4087355361152877,1.007588770249347,-0.9313398883470668,2.3609122796678355,5.004366421408858,0.9278505129263576,0.1812001859270251,0.6805666666666667,2.1196748665777703,-0.2580870950751171,0.0,17.87437948504377,7.740886095203293,-0.0136276936308069,0.0022501493820394,0.2346912385474235,0.0597945015658609,0.1614532185405481,78.11911916376137,0.1457,3.459468586070946,2.3611999440561036,4.55773722808579,1.9302631441937577,0.53900939131831,-9.199744729984218,30000.0,0.5,0.983781229911487,0.6248770076880628
1511_wholesale-customers,Tuning,0.5082308569305394,0.256030538702467,-0.018678153777548,0.0227884516195848,0.7212943805046794,1.5651065594614575,1.5223510063572274,5.459978087494186,15.642210993587994,1.9857945189239337,0.01,49.999999995,1.909141110615689,0.5934197806593553,0.3395384353589064,0.0378191199234895,25.0,1.0,-0.1953182919309034,0.9963351572593746,0.3573022989362431,0.9380608052481,-0.94061463522572,81.32940708187371,183.46502150887264,0.7607231035383153,0.1532555668383067,6.666666666666667e-05,2.2558263743909692,-0.0529955289387883,4.114745372543047e-20,12.74062321286254,5.59150912141693,-0.0033864877401037,0.0035471860639033,0.3010164810300984,0.1035893193558576,0.2118469377337412,76.45768460155499,0.1959333333333333,3.730708484257449,1.6913412374290089,5.77007573108589,3.4115384899226564,0.5717913148075968,-8.677060453594805,30000.0,0.49438202247191,0.928961928818213,0.6059149555764781
1512_heart-long-beach,Defaults,0.3659962770903838,0.1819453793275617,-0.0060942758850581,0.0079496596778394,0.5310222969098722,1.7757060794799706,1.7606946636081988,6.609568825313469,15.661252420922052,1.678715631815611,0.01,49.999999995,1.588654529955874,0.6923230774359145,0.1155294211980228,0.0138036367860618,25.0,1.0,-0.0658083911313301,0.8179920877427792,0.1443018013614672,1.843576673111064,2.2999650939737544,96.65480562306466,198.01559803678032,0.8028697929143785,0.1258078661829875,3.3333333333333335e-05,2.0486885960849315,-0.542340428238113,0.0,16.052475087516402,7.394038854960136,-0.0105841930981623,0.0001396306370962,0.2267502238635156,0.2372217853698854,0.5195275326734006,82.15401116496167,0.1588333333333333,1.1492794360566354,0.4302067130279835,1.8683521590852872,4.342917259311605,0.0604256359843954,-249.19853575911273,30000.0,0.174885620915033,0.408662644544997,0.2173827935729848
1519_robot-failures-lp4,Tuning,0.4824822757345133,0.1902114944466091,-0.0125307291628069,0.0190629787388848,0.6965857636380277,1.590361814001796,1.551972960055439,5.577990652984145,15.69027507185747,1.7392605821012728,0.001,499.9999995,1.7097334536890574,0.6888562952098404,0.2661728964856818,0.0341803014973936,25.0,1.0,-0.1825215630392074,0.9859747652169712,0.2857328056699144,1.1508342262928246,-0.0762279460719796,3.2228734689679452,9.47588205883774,0.8762220531137437,0.1897888946879085,0.6399333333333334,2.940196737499981,0.2844849401058997,0.0,13.613024518075676,6.179889691495519,0.0131535409119579,0.000443578511113,0.2448533435419605,0.1263096252790368,0.2963530079566752,80.01505598190258,0.1715333333333333,2.6758236553730823,2.186012873738254,3.165634437007911,1.4481316533113453,0.4274574887589027,-63.40655811176225,30000.0,0.333333333333333,0.939393939393939,0.4488647607022605
1520_robot-failures-lp5,Tuning,0.4974728198393278,0.1830427409648165,-0.0129096905566887,0.0163681022454878,0.7222704355766125,1.2349327307059812,1.2509014437379071,2.9524867211272667,15.697437654807208,2.8233967520791023,0.001,499.9999995,2.8056530904085553,0.3463782126070869,0.2426722881199881,0.033202386573559,25.0,1.0,-0.1222001428556108,0.9833944926206784,0.257166749236428,1.3978477346830689,0.6599116051476988,43.48691289512146,135.99127005511684,0.5794391189109843,0.3313138489003839,0.0001666666666666,3.1271769137323555,0.1319685742554205,1.2613556027411592e-116,22.018715112510183,8.545357236025456,0.0039715375812127,0.0014530977309952,0.6118518586583349,0.1845531512675747,0.2452536472270942,67.86305081251311,0.4408333333333333,2.241943669338329,1.6005113507736846,2.883375987902973,1.801534232485981,0.3506246963934641,-120.9391478678922,30000.0,0.193772893772894,0.721672771672772,0.2905543722018722
1523_vertebra-column,Tuning,0.5005302757458131,0.2423335609706167,-0.0170434580277756,0.0220284222609958,0.7163183599466503,1.5808284729880562,1.5549239586351296,5.565702975726724,15.639370173277229,1.9349198971660095,0.01,49.999999995,1.815136296888794,0.6349878329277643,0.3236595785022592,0.0364945459180221,25.0,1.0,-0.1911888333858287,0.9960450603652145,0.3427801207843787,0.957177320641113,-0.8712960583801834,96.14160507887856,226.46375985779807,0.5368458864858766,0.363797946380237,0.0001,2.3555229775079733,-0.1134888617235764,1.468558797343088e-86,12.71728417415576,5.527689387322629,-0.0070376697155717,0.0028283636669919,0.2702727492829957,0.1024947486387814,0.195829080856205,77.729269753972,0.187,2.7383341711005293,0.9778872090512328,4.4987811331498255,4.6005112772771,0.4374864459198474,-114.96898553634897,30000.0,0.328395061728395,0.877777777777778,0.4610846502057611
1527_volcanoes-a1,Tuning,0.2872356713941273,0.1374829072788638,-0.0041478225346313,0.0104314616434522,0.48139424747542,1.782855498050578,1.7997992553465711,6.742151227892114,15.677147182641184,1.659820688479032,0.0001,4999.99995,1.638713360487725,0.6814227140904697,0.1605184052925634,0.0199457789000562,25.0,1.0,-0.2030299065361703,0.9364172615499616,0.1817081328210706,1.8921991402907248,2.403341707817467,86.36157831414384,187.12649542017672,0.9238809850049274,0.1382334913605583,3.3333333333333335e-05,2.1667794761635104,-0.5188103607663219,0.0,15.814829553167128,7.219440407927882,-0.0130581794131962,0.0003391270166744,0.2375934223843141,0.172837425890443,0.3800488513862325,81.52881051019942,0.1560666666666666,1.743824083278327,1.1979499295630591,2.289698236993595,1.9113471944748384,0.2415026712418886,-183.87879960980857,30000.0,0.191116036621282,0.395896935603482,0.2190431337171945
1528_volcanoes-a2,Tuning,0.27767726952201,0.1387100414734263,-0.0042577528587341,0.0107158947009187,0.4694697304196854,1.7905715509847215,1.8152143849791105,6.810118911038101,15.704487038073772,1.6846727026006785,0.0001,4999.99995,1.6671437697486142,0.675022500750025,0.1688938122523643,0.0209892926874239,25.0,1.0,-0.2119684182955702,0.9366083490183704,0.1900128661614195,1.8725165187592665,2.2486180509745184,85.90544861851035,198.2293230611762,0.9209318097400332,0.1380925148407223,3.3333333333333335e-05,2.307529106116102,-0.5045786263065646,0.0,15.302020093887052,7.068500056051174,-0.0135640071796189,0.0003927840106752,0.242681033602682,0.1795133233480926,0.3909039789817682,81.02986798734572,0.1588666666666666,2.6380727136333424,1.3799719895436429,3.896173437723042,2.823371392493759,0.4212867619059263,-141.30358009435716,30000.0,0.191692061439961,0.390532453851782,0.2191411281209194
1529_volcanoes-a3,Defaults,0.2689771242593953,0.1508941802744406,-0.0032629235676788,0.0105007121313626,0.470958245033649,1.746046719169488,1.7698151758120824,6.6004204708183245,15.668454271747231,1.6857817327070528,0.01,49.999999995,1.6379094672522605,0.6841228040934698,0.1579201342142548,0.0198074385029577,25.0,1.0,-0.2346999193263562,0.9272302444328052,0.1841071466250576,1.9458144969822468,2.7174144062091266,89.10231732647357,204.6718488269395,0.9175406309848064,0.1448921206863394,3.3333333333333335e-05,2.2970429385917477,-0.5411414049181831,0.0,15.032307964954132,6.97501679342923,-0.0142836265848114,0.0003501502342031,0.2370267697386582,0.2012474050753963,0.4126487042856075,81.59775484542939,0.1542333333333333,2.021414647340566,1.1789942246084346,2.8638350700726978,2.429049278016099,0.3056554083107268,-149.79528664696988,30000.0,0.189618815896188,0.37296799472427,0.2174053921220435
1530_volcanoes-a4,Tuning,0.2041241535010789,0.1137215617337945,-0.0022014922760495,0.0080830799976607,0.3905594488863322,1.880394990436448,1.9306473417578065,7.344798319265243,15.663253262478918,1.5979609750788115,0.0001,4999.99995,1.5810539634944265,0.703956798559952,0.1401506303317153,0.018722699386538,25.0,1.0,-0.2457107866611051,0.9326059160960808,0.1606846409715442,2.226304187235229,3.876728140571734,91.11208410369451,282.63538820970876,0.919742581344732,0.1424570418798562,3.3333333333333335e-05,3.1020625967466486,-0.4881363170128642,0.0,14.93956202196162,6.953091642869325,-0.0112808314919345,0.0002613376587834,0.2238338313432328,0.1556913583194941,0.3646150747861056,82.03991799461144,0.1488333333333333,1.887381341565982,0.472058472565406,3.3027042105665583,6.996387952981728,0.2758596573488705,-199.62696323350943,30000.0,0.191856401693601,0.389837296678492,0.214476553632904
1531_volcanoes-b1,Defaults,0.2830731510621139,0.1464683982044362,-0.0047593216115862,0.0102025816603973,0.4980333726951141,1.6271565921969309,1.623792976318406,5.971293660579155,15.630012100580782,1.9564936224139688,0.0001,4999.99995,1.9294400552990951,0.5903196773225774,0.1630569935989589,0.0190175822768912,25.0,1.0,-0.3197453260197817,0.9605760786089572,0.1834591725017562,1.5106869635933893,0.8229437421657289,83.69332871913191,191.70755416824187,0.9300269332970658,0.1339521314119876,3.3333333333333335e-05,2.290595404701786,-0.4506024395447056,0.0,16.351259193469282,7.380025506630831,-0.0112015392222917,0.0005129457899748,0.3065480360169441,0.1473719347782956,0.2998712226661002,78.58346730772149,0.2024333333333333,2.739453193580494,1.5595804421039663,3.9193259450570217,2.513064308351485,0.4376638844593818,-91.14184189129328,30000.0,0.195506274684956,0.303657615839053,0.2113928593443966
1533_volcanoes-b3,Defaults,0.2451975204317869,0.1341604410152894,-0.0037672704630953,0.0104675579294612,0.4629764990433727,1.729615972953156,1.734843554580526,6.605024602018558,15.60017159574948,1.8685492835389057,0.0001,4999.99995,1.843812691394331,0.6161205373512451,0.171496501901582,0.0217097177651711,25.0,1.0,-0.3410951435342361,0.9531363390226996,0.1939890946477173,1.668056357945984,1.479467384523776,72.23426979990919,172.59909086834807,0.920877603673856,0.1466680537497424,6.666666666666667e-05,2.3894349779744393,-0.5252801417500786,0.0,16.61706921574627,7.476348906499499,-0.013629580913565,0.0008533260449408,0.2849865471058985,0.1655425959848055,0.371506243705676,78.93288592508796,0.1839666666666666,2.955761495383781,0.8240722608746788,5.0874507298928835,6.17354930074559,0.4706693872947622,-137.0065739234863,30000.0,0.197193197590078,0.295924729651521,0.2104618213577659
1535_volcanoes-b5,Defaults,0.2531297315556167,0.125617971232912,-0.003471160531761,0.0096055437522314,0.4724269601214272,0.3960185295591275,0.3674736582821287,-9.337329584103063,15.669997344905427,2.0162553496719786,0.0001,4999.99995,1.9903591939980776,0.5853528450948365,0.158019922292845,0.0200308926397046,25.0,1.0,-0.3258409274030482,0.949376824979626,0.1765743130910151,1.6672431761089912,1.532833373578698,75.82943347323916,159.8831824668211,0.9273658125213904,0.139499948066366,3.3333333333333335e-05,2.1084580900006737,-0.3520747278986081,0.0,12.9829655204388,5.748339819983647,-0.0108149262143518,0.002496858951302,0.314798594629984,0.1486198237060474,0.3235123057455116,77.59544699734236,0.194,3.3458364307491957,0.5277670355828457,6.1639058259155455,11.67921717410161,0.5245047056165182,-161.68958837366773,30000.0,0.196954432106927,0.303332239613796,0.2102401050641838
1536_volcanoes-b6,Defaults,0.2748421020487372,0.1622223710883579,-0.0049791454771325,0.0116067615898917,0.4974819029438042,1.6536588326061488,1.650823873990151,6.143658793615328,15.684370765094108,1.8809295687985637,0.0001,4999.99995,1.857449899515513,0.6111537051235041,0.1875332484737363,0.0226067525110329,25.0,1.0,-0.3276113239549857,0.960634986640176,0.2092334241949109,1.5361227906101296,0.9216161290995482,84.70537753916204,192.20351959625495,0.9266120491791956,0.1469914852458043,3.3333333333333335e-05,2.2690828514091774,-0.5344261873123122,0.0,15.817635952588576,7.177405955867266,-0.0155795242409953,0.0008425536563816,0.2904386656036499,0.1638723896123587,0.3429833379470783,79.15348835140742,0.1882,1.8246534330744093,1.4209556757581223,2.228351190390696,1.5682059816540268,0.2611803885755785,-140.13672526908098,30000.0,0.195948300834239,0.29046448545955,0.2112428587561944
1539_volcanoes-d2,Tuning,0.1201162912389361,0.0796780709262041,0.0005074483166627,0.0046725036837875,0.2562391359568707,2.388135229638806,2.470820422084151,9.270664086863151,15.647207489442792,1.5116870475772866,0.0001,4999.99995,1.510664619339314,0.7522584086136205,0.0977794209781167,0.0158655304450962,25.0,1.0,-0.1967453087386088,0.9195935849090768,0.1172478198823336,3.201823843775485,10.191708961310342,102.78233013411092,253.97855011095825,0.9440988622920612,0.1312822683948364,3.3333333333333335e-05,2.471033199768513,-0.4101646220767955,0.0,14.218988290514703,6.573277683077402,-0.0073161898534103,0.0005591901059643,0.1998393122637993,0.0946378587345375,0.289850689710553,82.43097037720435,0.1322,2.172463700390733,1.1882028825441102,3.1567245182373553,2.6567218146077085,0.3369525285723629,-142.01856957114737,30000.0,0.196898628732539,0.277811149371411,0.2032720704476004
1540_volcanoes-d3,Tuning,0.1060808611301357,0.1177659173466637,0.0003230825907951,0.0045239546753273,0.2362159756335213,2.403568790338777,2.4960972725902963,9.342288564716496,15.65046616650256,1.4996058689351075,0.0001,4999.99995,1.474107993002972,0.7382912763758792,0.0998874263301562,0.0159027925904957,25.0,1.0,-0.2254397971413365,0.917951620109104,0.1206589195622348,3.2864201009645972,10.8306075028675,99.89810995201525,337.64178558439016,0.952230831510478,0.1174039093569865,3.3333333333333335e-05,3.3798615984483455,-0.4201870034257629,0.0,18.29636551143257,7.848035274392623,-0.0064601328293558,0.0004025431785983,0.1983090134772533,0.10560046027958,0.3220283682387605,82.41678575072618,0.1331666666666666,4.181189251609576,0.5334275168706708,7.828950986348481,14.676691281810887,0.6212998253045519,-173.21871211950713,30000.0,0.194516048680997,0.26603071237102,0.2029356015891887
1547_autoUniv-au1-1000,Tuning,0.2044024277922044,0.0824382099300954,-0.0057084863384008,0.0080090522100782,0.3235148056486993,2.3594396265859077,2.4503188731424492,8.942552977209093,15.613917995499158,0.9913045483297052,0.01,49.999999995,0.9376862099739768,0.8527284242808093,0.1603288014725239,0.0238565109097661,25.0,1.0,-0.0254915015661758,0.972404613726252,0.1877662385115512,2.684191923844918,5.769547194880271,195.75928238731856,1350.6185064607018,0.6790590691414875,0.1485874268564697,6.666666666666667e-05,6.89938423348138,-0.272240272562695,0.0,12.627529457362716,5.494002022882259,-0.0093043690438353,0.0002371689867104,0.1099358030041849,0.0903725365971929,0.2795191079268259,84.73050625619437,0.0716333333333333,1.726277975707522,1.6134376771417491,1.8391182742732948,1.139875621059132,0.2371107297314466,-161.37418127964588,30000.0,0.497747747747748,0.656480774127833,0.5107273377464554
1549_autoUniv-au6-750,Defaults,0.1154212574497971,0.4261713608479637,-0.0023805744647496,0.0020353880187718,0.1631741818622551,2.1715723346496247,2.173215940233733,8.282096051440384,15.670409467501337,1.1642071925924973,0.01,49.999999995,1.1004606782368245,0.8098936631221041,0.0427667699827379,0.0050859522653936,25.0,1.0,-0.0043627585325869,0.4201595883392558,0.0796904694221341,2.572591781828864,9.913016855504477,147.5743888694874,300.838582727626,0.925696255501086,0.1182848527591262,3.3333333333333335e-05,2.0385555043272525,-0.3551520220839537,0.0,17.33041980026378,7.739292198022,-0.0036552710318838,3.80319143635147e-05,0.1373289305346115,0.1816698581768568,0.5129393267715427,85.1274446452625,0.0928333333333333,1.2381513685218666,0.2631519857387376,2.2131507513049953,8.410161698319252,0.0927737420150074,-261.64672735025994,30000.0,0.0970800401959822,0.166110806255658,0.1264970037812993
1551_autoUniv-au6-400,Defaults,0.217483834005698,0.4208743553712688,-0.0025829474772217,0.0024244852016293,0.3376759651694019,2.261010273655078,2.275009561363908,8.461742521324798,15.653818527725436,1.1194422845912588,0.01,49.999999995,1.0538714245010423,0.8232941098036601,0.0442691046706808,0.005404716485902,25.0,1.0,0.0901936742730201,0.56830279963563,0.065967837423898,2.911136172296173,10.3138545382146,168.44414354034635,1661.2560770686334,0.9467528565537224,0.0842564489178286,6.666666666666667e-05,9.86235580621842,-0.5148287325886769,0.0,16.871965328388722,7.767350021710583,-0.0043695268569944,0.0001194918611384,0.1285191469930513,0.1234020792133263,0.3820409109709686,85.58743789849947,0.0833,1.1783582112464943,0.355810258824215,2.000906163668774,5.6235201600853255,0.0712773324883235,-263.3662712200711,30000.0,0.0709941383960991,0.206318200680946,0.1279616434222398
1552_autoUniv-au7-1100,Defaults,0.4339628990694931,0.1887566038414292,-0.0134924480328832,0.0134521849096094,0.6283992257877704,1.8163552622151335,1.7905979294985517,6.739957216780107,15.64497687601496,1.5852783513149509,0.01,49.999999995,1.4907279587115896,0.7068902296743225,0.2272097491977054,0.028349277750502,25.0,1.0,-0.0061428896093668,0.98515650917906,0.2518396818196149,1.538954088580375,0.6995416838748265,121.33924435727032,296.0708503757492,0.914802459496258,0.0628160516901669,3.3333333333333335e-05,2.4400254999445856,-0.3202962668904937,0.0,12.067306154081718,4.9427655407038875,-0.0163195906244574,0.0009397178049795,0.2121625396273861,0.1183632285583203,0.2674329081279341,81.20177331668607,0.1300333333333333,2.5446872641130502,1.3600602259943262,3.7293143022317743,2.742021442103837,0.4056344162149541,-81.65716354169767,30000.0,0.189334973926993,0.388550564671271,0.2266612126860815
1553_autoUniv-au7-700,Defaults,0.4619307907699187,0.2551319539158227,-0.011971246652037,0.011853634330649,0.6480834860292704,1.6349021958576706,1.6004110250043286,5.836153393808338,15.661333181006192,1.848940498311136,0.01,49.999999995,1.774919705156115,0.6476549218307277,0.1929460757619958,0.0222182541514537,25.0,1.0,-0.0452974740776473,0.9378864840392124,0.2156899880916226,1.385352330154132,0.2993916327995651,86.2730320690241,184.01681144987504,0.8954698846589308,0.0876461919300706,3.3333333333333335e-05,2.1329586666508646,-0.3953787937251797,0.0,14.004340208496664,6.377021914069489,-0.013372807405704,0.0004065717731576,0.2634991978469169,0.2134677965820061,0.4249839979801327,80.58205082804436,0.1792333333333333,2.3077888434617715,1.0926269183286217,3.5229507685949217,3.2242943217806803,0.3631960695122252,-131.25525816651663,30000.0,0.311876946537335,0.475895415963909,0.3536601200173872
1554_autoUniv-au7-500,Tuning,0.3714484820455248,0.1414787391528876,-0.0093579111911051,0.0112338303542743,0.5586709483080989,1.7640462449858785,1.7493568264034685,6.54159699094836,15.64209749619809,1.631790965952122,0.01,49.999999995,1.585749643496598,0.7121237374579152,0.186872363226588,0.0249117573138231,25.0,1.0,0.0125524080870814,0.9568928079956136,0.2079613923656579,1.9316285451008464,2.274870673184438,103.26015975207837,187.0605338793338,0.8117493268499074,0.091897212528711,0.0001,1.8115460437835216,-0.1984255818585799,5.192861060978017e-264,11.641328782264225,4.461867967950792,-0.0092484212794413,0.0004589582096626,0.2176224200163066,0.1525681636410199,0.3818867520420655,81.78959989823478,0.1392,2.971567047802305,1.5823065858135985,4.360827509791012,2.7559940335747153,0.4729855337402807,-70.29467359278509,30000.0,0.192746773543053,0.369396554141563,0.2175444478684655
1555_autoUniv-au6-1000,Tuning,0.1145957084931842,0.35184740793777,-0.0020251274966967,0.0020099415701005,0.1888665011250329,2.4473561174355014,2.4780433704413305,9.021206457668228,15.617534157448256,0.9664030174199508,0.01,49.999999995,0.9619793232437284,0.8474282476082536,0.0370273501967561,0.0050663446823446,25.0,1.0,0.0842260806935979,0.3534960842396442,0.0727213855305786,3.4760079431510396,15.662207312886697,168.46012010598886,1163.2797990624429,0.9351026743409566,0.1177623356040644,3.3333333333333335e-05,6.905372015231519,-0.2539172015954775,0.0,12.946121985617884,5.719241811404216,-0.0032274071126111,-7.381466582950139e-07,0.112484162246747,0.1551378801166049,0.4996934956625989,86.18854654730848,0.0786666666666666,0.6052800841885118,0.1260623633282745,1.084497805048749,8.602867472951019,-0.2180436156445147,-275.21202529004813,30000.0,0.103584290379633,0.167532760991707,0.1260699920876825
1556_acute-inflammations,Defaults,0.5449050404634302,0.4150381996511448,-0.0141162850617472,0.0374311752341142,0.7407474251168575,1.3649639915294354,1.3178771408094423,3.9583628470420624,15.697040793771896,1.1485171619978407,0.01,49.999999995,1.1338120605232598,0.8426614220474016,0.443904760378818,0.0416666666665833,25.0,1.0,-0.3338199581330272,0.9953693024485256,0.4715061451480914,0.3177517792066416,-1.8296164925404803,25.615399950382884,51.9263153214828,0.8519719300855627,0.1361510070529459,0.5389333333333334,2.0271522374064905,-0.1904708122760698,4.744784251388708e-243,14.075030639942158,6.4249843996639,-0.0139780091997911,0.0012628249962839,0.1411015477050303,0.1113230146134363,0.3233571937789837,83.57302420388248,0.0889666666666666,2.2324911915644656,1.2011527151397408,3.2638296679891905,2.7172478793479335,0.3487897540277467,-118.30700302342176,30000.0,0.5,1.0,0.7079152892246642
1558_bank-marketing,Tuning,0.4188307213299113,0.1254960278779574,-0.0125658562553019,0.0123940396906987,0.6406515493976235,1.8607055139062476,1.820672783272426,6.915591521074257,15.704799351905518,1.4786571204959666,0.01,49.999999995,1.470959665380068,0.7245908196939898,0.2221131167017043,0.027768296266116,25.0,1.0,0.1044885880708654,0.9939022677092668,0.236860022624277,2.0128671887707537,2.6483424752109173,113.54285072017764,707.4694245817013,0.9238407402188676,0.0882867836646644,3.3333333333333335e-05,6.230858394820725,-0.0480364979865412,8.469572214288435e-17,11.592402330600676,4.337254342840457,-0.0026233332545485,0.0011249802654047,0.2030072222987507,0.0686930543445296,0.1618889230856075,80.67935198894443,0.1228666666666666,2.854837413951517,2.7327646352484627,2.976910192654571,1.0893401335248256,0.4555813797503845,-47.425676691882785,30000.0,0.497222222222222,0.7167400239534,0.524471408920373
1559_breast-tissue,Defaults,0.3566226483056628,0.1419477522683219,-0.0092482103754677,0.0113096797687186,0.5510110369209843,2.0297164761644235,2.0438260383845663,7.722823278463346,15.68441988728324,1.459014432493131,0.01,49.999999995,1.415343127190984,0.7585919530651022,0.1836109966899309,0.0238258417059625,25.0,1.0,0.0164084424702061,0.944220448843619,0.2123666769478243,1.9507591057427205,2.319040339899372,106.17596564992982,192.91382334640855,0.6923992772460459,0.1090385658287667,6.666666666666667e-05,1.8169255364482224,-0.3878684714972509,0.0,12.968723858164628,5.736341764241049,-0.0143595165393272,0.0002341040589374,0.1852468267387787,0.1694128755517818,0.4565732310185443,83.29459057919524,0.1204,2.8548194493505528,1.0165461744622168,4.6930927242388885,4.616703935477458,0.4555786468621374,-130.15039179642616,30000.0,0.232936507936508,0.618055555555556,0.2877564814814815
1566_hill-valley,Tuning,0.7652582498352689,0.2775337459332335,0.005628351911785,0.0217387362034133,0.9551622603022976,0.958201734876064,0.9143800747983728,-0.5254999271236276,15.642124474161973,2.642838174401554,0.01,49.999999995,2.24488744222729,0.3594786492883096,0.2126476253167947,0.026590003789284,25.0,1.0,0.2060888626006704,0.9859009481495355,0.2228162691903947,1.054457844423669,-0.2191196628441356,35.26560510765209,112.67341243591652,0.8693603281315259,0.1559675726569609,3.3333333333333335e-05,3.1949944454934345,0.2402492725915203,0.0,13.417037837043376,6.045395728167583,0.0088548287400479,0.0091633000525339,0.4600079753268685,0.1436478787389104,0.1974793891647427,73.30421175041168,0.3314666666666667,3.466777937310713,0.938659124803474,5.9948967498179515,6.386660067963127,0.5399260240363158,-72.36801757133566,30000.0,0.462086534146406,0.812404635569283,0.5596863921996955
1570_wilt,Tuning,0.3520800096768732,0.1982320046461841,-0.0088391035045379,0.0219800313179702,0.5812280460564927,1.7191902138610862,1.7547118933487496,6.521919644041171,15.685588152677632,1.6652790685466945,0.001,499.9999995,1.577450949960892,0.6879562652088403,0.3200577137467608,0.0393779591994425,25.0,1.0,-0.2112769207327449,0.9985329249448324,0.3467286498472028,1.3359300928934896,-0.031331202764198,123.65687816203436,246.934137194608,0.7072619415381585,0.1966258424103856,3.3333333333333335e-05,1.9969300605424851,-0.5672776691158958,0.0,21.0195627649934,8.452776642087516,-0.0232697053698907,0.0040915761243083,0.2285877729838972,0.065170904324324,0.1446114846442867,76.87785286359089,0.1272666666666666,3.676695190319428,2.7923646714664487,4.561025709172407,1.6333918545013992,0.5654576269727623,6.444048442674841,30000.0,0.499512937546366,0.951723158693287,0.5893632449300804
15_breast-w,Defaults,0.5199597164766585,0.3578253287796098,-0.0250070003804907,0.0263867507140968,0.7306386440626458,1.4967421278278688,1.4614378500224474,5.078884834527475,15.689318492964636,2.0995261074349365,0.001,499.9999995,1.905508712245764,0.5672522417413913,0.4009332843557371,0.0397937278025246,25.0,1.0,-0.3386778391343782,0.9984387700506222,0.4375004204845233,0.4520153483030437,-1.7293152130733729,2.580041022472761,15.208632335762193,0.9516533680065616,0.1376851750023288,0.5673666666666667,5.894725007581488,-0.5424357967510272,0.0,17.09386742977717,7.5444105328126,-0.0314560236131504,0.007456316433825,0.313157008591831,0.0818453491686309,0.2463949171184156,74.88152958501762,0.1726333333333333,3.4877138577188087,3.257041058161543,3.718386657276074,1.1416456197128195,0.542540846928269,15.884094229985608,30000.0,0.5,0.96826508129325,0.6689033934900954
1600_SPECTF,Tuning,0.3351095302436533,0.1251532562991791,-0.0083333560333735,0.009501965585828,0.5394379006955263,2.238797826056904,2.2630530973440854,8.377759539705544,15.654630504349518,1.1235105967124477,0.01,49.999999995,1.0903995220087606,0.8184939497983266,0.1694452765823489,0.0223357657330825,25.0,1.0,0.0955064693869661,0.933670611426546,0.1886716956215152,2.278243015537283,3.792702843241284,138.54591953764202,272.59280243399235,0.7492977207400399,0.1488383351835967,3.3333333333333335e-05,1.9675267474039804,-0.4734464700938293,0.0,14.555583676920618,6.70082163317514,-0.0133307197177983,6.505162119764749e-05,0.1337475154633842,0.1472710138419501,0.4204514813340175,85.10889035664931,0.0892333333333333,1.7913172952696794,1.0846295159753878,2.498005074563971,2.303095239221161,0.2531725190596839,-175.18349373644176,30000.0,0.486325085589791,0.770573159819483,0.522086816902687
164_molecular-biology_promoters,Defaults,0.5804541544668762,0.2431717097095348,-0.0273801577543624,0.0046902640141211,0.6936188118189641,1.0357028224024836,1.0395175624641864,0.4392309718424716,15.688867172036824,2.3661442900563663,0.01,49.999999995,2.3085769882049916,0.5047168238941298,0.2619575156583438,0.0340353577758408,25.0,1.0,0.21273820123355,0.8719373254437487,0.3166811965172555,1.1073245582798783,-0.4510663389451395,74.59849760286647,160.73589897796953,0.3135496068306208,0.3876897910278954,0.0002333333333333,2.1546801094261054,0.3142006519675582,0.0,11.575059996006212,4.348480430568484,0.0228820433810558,0.0004658021415333,0.3828790427233088,0.5283218979681368,0.8985032924826306,76.57516454973161,0.2785666666666667,1.1473997963185831,0.5459827825015707,1.7488168101355954,3.2030621956972816,0.0597147684527417,-254.27417667413235,30000.0,0.489583333333333,0.96875,0.6061675000000001
16_mfeat-karhunen,Tuning,0.7007179986962244,0.3632575375401506,-0.0362758412517839,0.0078860841828905,0.7487608829529214,0.7349482006816498,0.6554903010801602,-3.7857400319194063,15.68951847969819,2.826874845653829,0.001,499.9999995,2.510463045947053,0.1944398146604886,0.3629973575544143,0.040553015650063,25.0,1.0,0.0601748840489623,0.9954747558134152,0.38502611348095,0.5388550383760312,-1.291446815541863,2.55265739099631,10.388637561698795,0.8368671089622118,0.2364872734574253,0.1879333333333333,4.069734386736487,0.587274850965816,0.0,18.678279188057953,8.157313127738444,0.0277194936031622,0.0178572561400174,0.5955665116815073,0.1434474081734673,0.227364741954326,60.95208702929541,0.4741666666666667,2.98640793636133,2.4904716095138455,3.482344263208814,1.3982669988706236,0.4751491310549299,-29.53985880047273,30000.0,0.1,0.979896421845574,0.4185955881983678
182_satimage,Tuning,0.5584150471821316,0.3342158508720445,-0.029121641496989,0.0217370163924271,0.7350504924486683,1.4048828689786648,1.346793877980012,4.274256105322912,15.618106516393564,2.1877894765159236,0.001,499.9999995,1.9472268814232996,0.5454515150505017,0.391677294036546,0.0402222273810792,25.0,1.0,-0.2319681200280361,0.999793670588728,0.4201323313305662,0.5959966481635081,-1.51331860860891,2.077150876319784,3.449574362881435,0.9487576747681388,0.1498129005815935,0.5480666666666667,1.6607240245309465,0.3987009454616261,0.0,14.118616725665609,6.494161321224211,0.0257936609308458,0.016784520568401,0.3358788721618422,0.0479706110398123,0.1055180996889519,64.94844266110834,0.3485666666666667,4.722088389561804,4.306628883249593,5.1375478958740155,1.1929395439330852,0.6741341120819946,129.93412295621064,30000.0,0.166666666666667,0.907306779365977,0.4133318499804439
185_baseball,Tuning,0.4396500932531879,0.1505558711276553,-0.0157978333984326,0.0160247886538888,0.6604075174295356,1.9226604966075471,1.8942239396289455,7.186772512599402,15.655148884648048,1.4642392710739207,0.01,49.999999995,1.3477945051176483,0.7545918197273243,0.2794160217091911,0.0341958703393737,25.0,1.0,0.0641469863757605,0.9927011386354732,0.2929704364179336,1.7041451012960596,1.157382349165326,147.76068953925991,338.42577246410036,0.7751629192396827,0.1085363979908733,3.3333333333333335e-05,2.2903640577163022,-0.4642482196223013,0.0,16.595809312718632,7.383398156361455,-0.0184214206910451,0.0012854623793603,0.1799100199124916,0.0946907710156408,0.2174250620368311,81.74086512186139,0.1027666666666666,3.5651056218381796,3.4896257118694307,3.640585531806929,1.0432596021467253,0.5520724010328824,44.994143031521105,30000.0,0.332114004716744,0.735468035709776,0.3922383353340813
187_wine,Defaults,0.4702371724217721,0.2464607516887909,-0.0229872024423977,0.0225904925728674,0.6561542611621877,1.7653121830050291,1.7414840218174552,6.517126569918226,15.65138884592265,1.5977844051840235,0.001,499.9999995,1.5264040461864874,0.7115237174572486,0.3681991794071288,0.0400867631132973,25.0,1.0,-0.0898964087187623,0.9988881743391568,0.4091753789287687,1.109514098097645,-0.7171154794997583,2.442799528736765,5.227182649529709,0.9360377111000102,0.1611477312910309,0.7094,2.139832838526329,0.291011492808374,0.0,15.04885204878581,6.928698905992963,0.0171859106266209,0.0019553884089087,0.2118046667263335,0.0634410147696134,0.1821296363035179,79.62656465077937,0.1517333333333333,3.891600080940859,1.8880892516552088,5.895110910226509,3.1222628406233395,0.5901282037535409,-20.33701273561664,30000.0,0.333333333333333,1.0,0.4978975910049764
188_eucalyptus,Tuning,0.5470594847188429,0.1821753328249681,-0.0188777180431814,0.0178684499941212,0.779629699994526,1.2046062690103845,1.1771811202930722,2.391788582331838,15.67940440960776,2.389406432642823,0.001,499.9999995,2.368356315872073,0.5367178905963532,0.2906972585065829,0.0369121753736159,25.0,1.0,0.035733188355492,0.9967113774860676,0.306272624795973,1.4136295073306728,0.3644262735358032,2.281460067084466,4.81936187383391,0.6961109001163956,0.3899859664134801,0.5268333333333334,2.112402466895061,0.3990479525545052,0.0,17.810279758749783,7.706857332957969,0.0158584466323852,0.0073318284706037,0.3957074215586494,0.0838793368299953,0.1529095250274176,72.64877481513957,0.3061,3.801580446432646,2.2309810799841485,5.372179812881144,2.407989857501125,0.5799641851614695,17.95251424376312,30000.0,0.2,0.65594825077352,0.2827401725331037
18_mfeat-morphological,Tuning,0.545245642957238,0.6154227479311761,-0.0232798275125101,0.0134834921671358,0.9021010254009544,0.6362463166199492,0.5414533811337132,-5.438403866412083,15.688407243366006,3.0025474830223575,0.01,49.999999995,1.9943194034664995,0.0029667655588519,0.3002292060102742,0.038404693106054,25.0,1.0,-0.4681308641119525,0.9954335010253396,0.3168055706134839,-0.6505382445729349,-0.8579469158823434,2.4811241358871454,7.740607445463675,0.937641886415952,0.1203289750901139,0.0001666666666666,3.1197985354702293,0.6343346037982623,0.0,20.78086564821069,8.438015836750967,0.0238150092736659,0.0223249030417262,0.708671056463846,0.1407713107455349,0.151205641786519,59.43140013680513,0.5887666666666667,4.085819107964493,0.9685155829103996,7.2031226330185865,7.437281092954321,0.6112791351423811,-62.70217726862453,30000.0,0.102768361581921,0.765517890772128,0.5109597576898933
21_car,Tuning,0.4030218694054267,0.1623230790060245,-0.0168917643228988,0.0178020545213062,0.6096319221801365,1.987342568016482,1.983722989436793,7.452176516794014,15.63405902683163,1.2895510540112685,0.01,49.999999995,1.2301873517491588,0.7801593386446215,0.3165741220034392,0.0396411024456574,25.0,1.0,0.0502592389061752,0.9988123556173568,0.3343255754805647,1.725705617998916,1.1359719894266007,2.353360266716459,8.1379606593464,0.9209640433901136,0.1744457475648127,0.7816333333333333,3.4580173611486535,0.1795308953345403,1.0079987363928211e-215,12.26045592849145,5.142965827838267,0.0116708024947248,0.0020617645300336,0.1604023324537389,0.0502667102262287,0.1427959684799509,80.97254951726904,0.1336,2.70508847888377,2.7043772125239545,2.705799745243586,1.0005260112058492,0.4321814747154129,-44.10262083592747,30000.0,0.25,0.998816225496067,0.3705258353316032
22_mfeat-zernike,Defaults,0.7006614283869993,0.41481021851397,-0.0356803928391395,0.0071613549481531,0.7382806163274069,0.7049102652591093,0.6392650288542251,-4.37383198337006,15.68805162316458,2.8119202796188967,0.001,499.9999995,2.5058561991798443,0.1255375179172639,0.3467852416208347,0.0396145340376702,25.0,1.0,-0.0118716479187929,0.9951948382860364,0.3783700797870372,0.2577476070760491,-1.5400791554670374,23.71861327210546,102.9583948752347,0.8773575191933911,0.1743047997921585,6.666666666666667e-05,4.340826914881897,0.3880225275884296,0.0,12.740909679867544,5.561800486200348,0.0263971442687361,0.0252856150278415,0.6523741713554579,0.153133459935021,0.2257714300274011,58.225955852574366,0.5203333333333333,3.3017105357874037,2.006585638679798,4.596835432895009,2.2908742813075924,0.5187389955711351,-12.683354006618003,30000.0,0.0942467043314501,0.851129943502825,0.4066452382297551
23380_cjs,Tuning,0.5906928284109882,0.3002737687277013,-0.024711179204835,0.025956805789157,0.7790349191558299,1.2475236145332045,1.176369693925699,2.811375901854273,15.658251931514853,2.244658638183924,0.001,499.9999995,2.177025348783202,0.5025500850028334,0.383313910218551,0.0415945850999304,25.0,1.0,-0.1466894862401588,0.9994796379862404,0.4063491423695869,0.845768132677416,-1.0737622831320233,2.333315820028852,4.8375074189293725,0.9205919930927934,0.1731144641532777,0.4873666666666666,2.073233026323664,0.363941843261485,0.0,14.672352326770907,6.7915817858715295,0.0217752772529182,0.0578533469747633,0.3713374456086552,0.0477201993110452,0.1512182729641372,66.56730560525885,0.2626666666666666,4.445558294180693,2.9642620420393864,5.926854546322,1.9994367779450348,0.6479263094810039,90.20380152143376,30000.0,0.166666666666667,1.0,0.4167439092095058
23_cmc,Tuning,0.4858294721662866,0.2307398852061877,-0.0143013285829754,0.015597206315228,0.7112233941908037,0.4232591103173624,0.4032021560917888,-8.737092081374453,15.628373120758717,2.2520886337841333,0.01,49.999999995,2.1239554013358957,0.4735824527484249,0.2443515298057043,0.0319309300238962,25.0,1.0,-0.1225774999194786,0.984640283428853,0.2642680909139724,1.2155745820460235,-0.0748164015305965,59.75445204732562,252.5503845631613,0.8543933224132092,0.1679318357620493,3.3333333333333335e-05,4.2264697593266645,-0.1469642673746759,1.846851318514137e-144,18.31993049498385,7.898183786044567,-0.0049173482982593,0.0012491099566524,0.3807352767568285,0.1539127427532761,0.269877993739786,76.18573192001232,0.2652,2.748929535551609,2.6023146827663317,2.8955443883368863,1.1126803408947186,0.439163607536124,-56.821056590928464,30000.0,0.317800810731946,0.529736207265272,0.3666824133784411
25_colic,Tuning,0.3982729407053785,0.1284676492516374,-0.0179255565180857,0.0131114837292697,0.6564837692815264,1.8408783941976576,1.8112139291402576,6.8250478817806215,15.646125125493995,1.6092647199106966,0.01,49.999999995,1.5986645725577258,0.7394913163772125,0.2616351380104358,0.0375147353406976,25.0,1.0,0.173978050387867,0.9967275656515376,0.3041232543534922,2.01049570239125,2.1394275770483286,2.348074387948492,4.485824903955791,0.6987898616041592,0.3943718953030073,0.7476,1.9104270831356145,0.5424877789843083,0.0,17.622752202609156,7.618531854608234,0.0216557978929807,0.0008347522019557,0.2132777361840772,0.0710004422661169,0.1979102120726734,81.76487315871677,0.1671,3.3667246795568317,2.7432083787541455,3.9902409803595176,1.4545890903739034,0.5272076025663791,-18.690676061488233,30000.0,0.5,0.884991962497265,0.5505464580773395
28_optdigits,Tuning,0.5502296697250482,0.2941455129505286,-0.0305271738278519,0.0199175051230441,0.7117907049496677,0.8943242737167598,0.8425705609568378,-1.490763374581599,15.67556495256676,2.763722043528378,0.001,499.9999995,2.665137755326419,0.2322744091469715,0.3944552707698057,0.0412831751130519,25.0,1.0,-0.0622509750767052,0.9991679111038928,0.4271088345791402,0.9084508318605924,-1.1114543382864157,2.097833379792412,4.508256050965056,0.6949390620025406,0.3917375124010201,0.2669,2.149005776335303,0.4353506895728498,0.0,16.0663543589823,7.320847169175257,0.0253992127731879,0.021012664897422,0.5880064120110484,0.0711583090197321,0.1531331369485748,59.74395443065633,0.4651666666666667,2.987131327501616,1.8922255559518744,4.082037099051357,2.157267713782542,0.4752543165297856,-40.1358860119247,30000.0,0.1,0.989100095136191,0.361516571441687
292_Australian,Tuning,0.4924704298292275,0.268696560445362,-0.022995991813264,0.0197060169367302,0.6730621330342246,1.64517977323902,1.599841262110815,5.8708609674988175,15.66686974003643,1.9903169550955029,0.001,499.9999995,1.928612263436495,0.6065535517850595,0.3369825467252527,0.0376980230460701,25.0,1.0,-0.1202974134509392,0.9978426818726124,0.3748701620833806,1.0014307886290816,-0.900898544921298,93.21018873648802,206.57106580971305,0.8906830305737926,0.0850244029739515,0.0001,2.21618546866912,-0.1030333743291582,1.349243931062033e-71,12.055704138164616,4.901831546769152,-0.0078795956687935,0.0009926963058176,0.2986321201381733,0.0808420900544102,0.1819808368926251,77.1661479439259,0.2171666666666666,3.0735783480644487,2.089246298515739,4.057910397613158,1.94228435416833,0.4876442881251083,-16.58048418177208,30000.0,0.488405797101449,0.886816679379608,0.5954762316311661
294_satellite_image,Tuning,0.5596352874293962,0.3346361364664241,-0.0289762291311964,0.0219094031673033,0.7351885923387539,1.4020515433886531,1.343232925093237,4.2542980700611235,15.63296178968571,2.177520990246675,0.001,499.9999995,1.9446683355116317,0.5461182039401313,0.3922999871114113,0.0403155130066348,25.0,1.0,-0.2276773619326827,0.9997851558504752,0.4206387760179979,0.5981914927732255,-1.5097878464956465,2.10190887312529,4.416683933159056,0.9480742379254457,0.1510872414051416,0.5480666666666667,2.1012727952329664,-0.2321671635424492,0.0,16.595573625413337,7.466335934240739,-0.0130799254875548,0.014926306818289,0.3356430902357052,0.0487732244232569,0.1073143860633196,64.88515854810211,0.1718333333333333,3.4583967205628343,3.3678104409961485,3.54898300012952,1.0537953552631454,0.5388748107046071,25.112467149842075,30000.0,0.166666666666667,0.905802236382784,0.412965034957328
299_libras_move,Tuning,0.5264163763486831,0.2180771168360742,-0.0213335769611876,0.0169205273281618,0.7081352725227424,0.7889740078194183,0.7365744295358979,-2.9857165012486053,15.695717093058676,2.8969412007494446,0.01,49.999999995,2.582976456017794,0.2192406413547118,0.308010133519241,0.0372191674698719,25.0,1.0,-0.0045239236334311,0.9928707523897264,0.3264805953976383,1.315592062842042,-0.0144411093568725,2.873158190579243,12.597236890252644,0.6363436372077421,0.3397742751843867,0.2288,4.384456425529634,0.3520683474673339,0.0,17.897901913353902,7.919640947852241,0.0145138561636326,0.0043824834102701,0.5862412062922167,0.1722436795752088,0.1988376574197325,67.4534443229729,0.4343666666666667,2.917296867598447,2.171073629207349,3.6635201059895457,1.6874232438286283,0.4649806256936017,-30.056644353936548,30000.0,0.0666666666666667,0.876984126984127,0.2449318077601411
29_credit-a,Defaults,0.5071196183719321,0.2336769527335332,-0.0228921733646298,0.0175787022270433,0.6933013965435224,1.65163107605631,1.5988954348851678,5.872538716515699,15.66440052338567,1.981688073238982,0.001,499.9999995,1.9202882544860929,0.6059201973399113,0.3228857760189298,0.0374628237240235,25.0,1.0,-0.0389049733278933,0.99746066332486,0.3512662230693844,1.167502018947094,-0.4989593244918575,82.50673272859935,229.46829337711853,0.8633644037353889,0.0939146789938865,3.3333333333333335e-05,2.7812068880722394,-0.2645231695730452,0.0,15.38713739183954,7.033972947362941,-0.0132100177425407,0.0027763205725724,0.2962252065827097,0.0832068154679476,0.1856894798141637,77.31604063660365,0.2032333333333333,3.481736997869508,2.210811148037388,4.752662847701628,2.149737145987606,0.5417959624483354,25.662537110779937,30000.0,0.490891177218408,0.890579710144928,0.5850051567656088
307_vowel,Tuning,0.328829333965777,0.4398869942710888,-0.0182974842698577,0.0124338939855917,0.6228974784300729,0.7436925913876682,0.6787106034382322,-3.8977743316725224,15.612487206023577,3.067571356490715,0.01,49.999999995,2.243066051506127,0.0264675489182972,0.3074037509843856,0.0369724400592286,25.0,1.0,-0.2802971766217527,0.9957829484184196,0.3330548170162772,0.4291585029211475,-1.2704709580265094,2.729560733757734,14.106095183149089,0.909284301281207,0.11828762581942,6.666666666666667e-05,5.167899365156946,0.4715396812855871,0.0,22.00300507848885,8.47677642932098,0.0185266907823292,0.012616157701546,0.7145192241553613,0.1621993825321561,0.1605785366411949,54.47448094221714,0.5705,3.0774933026229956,1.7627146610240454,4.392271944221946,2.491765707370796,0.4881971164736685,-28.22284361301709,30000.0,0.0931537598204265,0.991021324354658,0.4880189300411522
30_page-blocks,Tuning,0.5821413060384906,0.2379113319251222,-0.0144286699522572,0.0230345275219486,0.8028224551754801,1.2396207589879715,1.1689466185657749,2.744052291506714,15.684457351186664,2.3093646421662903,0.0001,4999.99995,2.209111029376377,0.4183806126870896,0.2983173346788367,0.0344739708324572,25.0,1.0,-0.1879689375546069,0.9960550979856656,0.3118335231346577,0.8821178737589106,-0.9079528572903096,67.60354179778852,183.0777468870816,0.855216425543511,0.1807023407899144,0.0007333333333333,2.708108806409723,0.1640918893918597,4.4937326752844625e-180,16.451785240107682,7.435268815538636,0.006882026767669,0.010278162975072,0.4192359378066946,0.1032858286903028,0.1575230547114581,71.11138397564072,0.2895333333333333,2.908145216498791,2.021381327472499,3.794909105525083,1.877384070955229,0.4636160889648251,-10.383368969595551,30000.0,0.199545433832631,0.810618079135069,0.343362673866336
310_mammography,Tuning,0.4603171009398116,0.2124897878468661,-0.0118470834661928,0.020830005064229,0.6884557406214055,1.369624315202843,1.317100469357824,3.9584045753828345,15.622810912320222,2.295475112130513,0.0001,4999.99995,2.262621178744721,0.4803826794226474,0.2897432314815549,0.0343426746355984,25.0,1.0,-0.2622354216125958,0.994778197652708,0.3054227103021228,1.058324625505356,-0.5188331227728433,111.11163411648502,251.92021086713913,0.8900108630152268,0.150135242971993,3.3333333333333335e-05,2.2672712256489156,-0.3895325710635113,0.0,17.823046097396006,7.844707785705435,-0.0151660350197996,0.0043932604427006,0.3929292684137649,0.1088094656977181,0.1794833426057167,73.34247627714382,0.2449,3.882935037798658,3.5818058612659036,4.1840642143314115,1.1681437733901876,0.5891601247821687,53.71717153996303,30000.0,0.499122229494707,0.818704398855631,0.5671610329059402
311_oil_spill,Tuning,0.3597997333823878,0.1001669144707197,-0.0106094547477658,0.0114865904336276,0.5862473529109531,2.2170964714428796,2.2329301454199237,8.291054861310926,15.689890597401654,1.1692056528927437,0.01,49.999999995,1.111549322588387,0.8169272309076969,0.2053774467431996,0.0291215347509209,25.0,1.0,0.1341501804249677,0.9700991642890688,0.2268921023642224,2.2331146170203136,3.428989964721973,142.46119788968034,273.40532631341307,0.6867660701795526,0.1106821932937476,3.3333333333333335e-05,1.919156446551375,-0.2200294580941614,0.0,11.9233198726034,4.742630703848707,-0.0105265663174761,0.0002467396553377,0.1353533597821167,0.1228287702768706,0.3384350699394992,84.8999105998382,0.0869333333333333,2.5038276477949575,1.3123041141963194,3.695351181393596,2.8159259286128844,0.398604430693614,-135.5755616619408,30000.0,0.49813895207975,0.822922965005304,0.5306315793048073
316_yeast_ml8,Tuning,0.1652895224467466,0.0573992798364182,-0.00274341941853,0.0025418410101522,0.3784129581104341,3.557779336556879,3.6873192528565415,10.929520124315111,15.63152859910234,0.7031634504277087,0.001,499.9999995,0.6967233097225471,0.908630287676256,0.0617277288549509,0.0127780585537203,25.0,1.0,0.2403011227788079,0.7448868722446014,0.0799267211097391,5.355821181293499,31.373645602261227,193.99970559164117,445.1284015733137,0.932058460653211,0.1250826316645139,3.3333333333333335e-05,2.2944797788007083,-0.3852748924183138,0.0,17.626368632904793,7.922228238597358,-0.0038870385029045,7.180230876482231e-06,0.0722677913282761,0.0826072944506037,0.3659757024423151,87.47364374421502,0.0492333333333333,0.5383532343955542,0.4828727022213875,0.5938337665697206,1.2297936160744698,-0.2689326733859352,-269.4267053777762,30000.0,0.494169555934262,0.640207504913387,0.502571335287806
31_credit-g,Tuning,0.4007957981862222,0.1249755019584004,-0.0141891611534256,0.0126112107184016,0.6352466873134484,1.809060866323853,1.789681664552865,6.686198689781305,15.619234290292251,1.6015537749891082,1e-05,49999.9950000005,1.601368645624025,0.7370245674855829,0.2362331535055185,0.0314807358598865,25.0,1.0,0.1344226727076348,0.9895035212853358,0.2587460042982739,1.9674649984528865,2.080474826631236,127.6175941289154,857.4709763072409,0.5543667749746832,0.1893185449899073,0.0033,6.7190655188268416,-0.176364683481663,3.9011511449843165e-208,11.813324847593575,4.654206022530544,-0.0098049478789449,0.0006632736616913,0.2157768145015545,0.0956017997450392,0.2410605107263977,81.41881139748709,0.1355333333333333,4.704866000719672,1.0901458071387953,8.31958619430055,7.631627017057989,0.6725472587991288,-62.04099396903945,30000.0,0.498412698412698,0.716402116402116,0.5250990299823634
329_hayes-roth,Tuning,0.3459067112578036,0.3437045752446709,-0.0112376741454474,0.0068669661709158,0.5488314026466321,0.8133318871611686,0.7397121602788239,-2.8734332599720407,15.694670507119172,2.967181004931602,0.05,9.9999999998,2.5551577115981328,0.0887029567652255,0.15834320124292,0.0262031936537725,25.0,1.0,-0.2131722137051532,0.8227746027887474,0.1950731003500497,0.8904618343173134,0.2882112400439092,3.3623424627803087,14.224432465266522,0.7377698789523748,0.2085085382643474,0.0008666666666666,4.230512692481705,-0.1227627696184548,4.562004615399862e-101,13.243952628986731,5.968638836855522,-0.0040121168813289,0.0002561782362651,0.705088287645873,0.5446713344168127,0.4834562329682489,66.61508062290544,0.4942333333333333,2.191861257019018,0.6335767215056556,3.750145792532381,5.919008172545345,0.3408130602057512,-198.5267804612479,30000.0,0.234567901234568,0.848148148148148,0.4452399588477366
32_pendigits,Tuning,0.56274107260879,0.4082243974811385,-0.0300984649491702,0.0225485525108073,0.7506202687594289,0.739682670272753,0.6705994353832493,-3.966098797185724,15.653895555631138,2.963880052410671,0.001,499.9999995,2.278186706112052,0.0314343811460382,0.4105855512761369,0.0412425693323316,25.0,1.0,-0.3113430645266779,0.99245436622728,0.4336217742132205,0.4018651027357178,-1.702764449353433,3.0633895818416375,18.66500118429146,0.735894404492048,0.3415220806064938,0.0535666666666666,6.092924417750487,0.4436760848818956,0.0,17.31368002457222,7.58146648230217,0.0253760879379771,0.023454194293877,0.7171460688999476,0.1711289772794215,0.2959976162285701,48.51733030634055,0.5221,3.5893244154249624,0.8493776637150254,6.329271167134899,7.451657180910964,0.5550127131290061,-103.5873543495468,30000.0,0.1,0.996832310524455,0.4671040893477922
333_monks-problems-1,Defaults,0.3412289938355295,0.3701869590693789,-0.0194024632462297,0.0132680375899119,0.5852880814812935,0.7997343180464155,0.723126668110493,-2.7155423299589216,15.642787399527954,2.632330130791704,0.01,49.999999995,2.380932699072162,0.3891463048768292,0.277925186131068,0.0416638508460181,25.0,1.0,-0.2790219336392537,0.8169519176544806,0.3490927476217706,0.6652949633216374,-0.8985400651073769,6.467814611939209,24.584727253449422,0.8412087283260319,0.2363588249120684,0.2794,3.801087187635782,0.2084535366022039,9.30161674138064e-292,19.840250280174885,8.25322739470369,0.008817093275426,0.0002744269607011,0.4515540575291363,0.7559807760733465,1.1451790906308632,73.21525800126784,0.3178,2.764026111147677,0.7003542726980171,4.827697949597337,6.8932226699958745,0.4415421414062938,-152.7711476511648,30000.0,0.5,1.0,0.6844838581730769
334_monks-problems-2,Tuning,0.1186661652674252,0.2906317452792177,-0.0033870900205001,0.0052551933380915,0.2104930077223086,2.9598049135899154,3.118933140208669,10.283484466261967,15.642019711163767,0.7587677475374746,0.001,499.9999995,0.7479370271442097,0.8949964998833294,0.1282651792115533,0.0253010908999723,25.0,1.0,0.079051996243095,0.9938592741209842,0.1575497825957101,3.83994609005722,13.731751853239771,147.75546369533717,283.3692162227719,0.9429501303633004,0.0671272035351954,3.3333333333333335e-05,1.917825636600892,-0.3405413645655346,0.0,16.717662948195326,7.468263079433351,-0.0071837426472029,8.591650300197537e-05,0.0832622228809164,0.0379943940780143,0.1493270551852359,85.04038330213444,0.0500666666666666,3.30748165836859,2.1544200361663877,4.460543280570793,2.0704148706794845,0.5194974444873653,-80.53889713345231,30000.0,0.330275200162931,1.0,0.524568338828002
335_monks-problems-3,Defaults,0.4490722821371085,0.2497504342149676,-0.0224703446952947,0.0205885979924771,0.6383513962886196,0.535332395881739,0.537366225044525,-7.237845219664814,15.637369740545813,2.436438238558181,0.001,499.9999995,2.282064163023691,0.4848828294276476,0.3545518775105643,0.0399432434174359,25.0,1.0,-0.0553156744020721,0.998345145053902,0.3948947688036916,1.1976784633095263,-0.5301662215931042,73.43352813541111,189.9142381365924,0.7384851192620628,0.2565957115829518,0.0051333333333333,2.586206096299619,-0.3355012006933502,0.0,13.94381838396291,6.385904977793734,-0.0207470974883992,0.000200608963604,0.38626995184111,0.0668395194984307,0.2302120812797334,75.02281906910389,0.2660333333333333,2.8351834569603067,2.6144512908181015,3.0559156231025124,1.1688554435240983,0.4525811661453812,-49.51754793455643,30000.0,0.485471724921853,0.99221534491933,0.6120928217232559
336_SPECT,Tuning,0.1786197485677007,0.1736741397639829,-0.0042734464555162,0.0021625916464697,0.3693308452335386,0.5904368992691115,0.5785249684665992,-6.42081594094882,15.674090783884756,2.178627285654758,0.001,499.9999995,2.055630859771474,0.5616520550685022,0.0758882816852818,0.0113864929264026,25.0,1.0,0.1263848721782274,0.7043378123019505,0.0986454785405925,3.1179146012805488,10.893791153777162,73.30063399993433,203.3492631992662,0.8287270952802833,0.1413635074003668,3.3333333333333335e-05,2.7741815057076535,-0.1840280592551242,9.524304590236796e-227,12.26853524641536,5.077028921664693,-0.0035754972034742,4.386990922770798e-05,0.3279292612966369,0.179655956074854,0.4752636354428249,79.0737190279842,0.2266666666666666,1.995454615680562,0.5653056321538947,3.4256035992072293,6.059737254251534,0.3000418547042549,-221.2707106076005,30000.0,0.454315215273719,0.740151957919345,0.50390259634464
338_grub-damage,Tuning,0.3647225923613378,0.2650860291745787,-0.0083913728747255,0.0069507793242599,0.5427219442539777,1.9112347892843455,1.895475086354231,7.180389569354445,15.695381107920475,1.7671114037327758,0.01,49.999999995,1.6937012589877436,0.6842561418713957,0.1355567765323112,0.0170170884168218,25.0,1.0,0.064500728875448,0.8763446839170752,0.1571284146283084,2.008086395469499,2.878225758697634,91.15822293813738,199.26864259327388,0.8687757497499476,0.0957665888501779,6.666666666666667e-05,2.1859645369403613,-0.4171241929211063,0.0,17.749728604143872,7.673427151970824,-0.0085411681097134,4.41522319311268e-05,0.2417912130606712,0.205290030134064,0.4612044314258304,81.68298949693191,0.1668333333333333,1.9085498132334149,0.6951790406490229,3.1219205858178065,4.490815176042525,0.2807034995382014,-204.56270013372023,30000.0,0.188949938949939,0.503159340659341,0.2724422105209605
35_dermatology,Tuning,0.4537345003437285,0.1695640444501944,-0.0220310166422938,0.0156204606871415,0.6953590530689822,1.845022276525377,1.8184553482802817,6.778878775027335,15.648155506673216,1.5454478016405209,0.001,499.9999995,1.5116454551324237,0.7401913397113237,0.313057072600084,0.0401820490169114,25.0,1.0,0.1323462425444862,0.9993818420361372,0.348456441025261,1.6894637192228656,0.9978541920420944,2.495796065964927,16.830667703436866,0.8596686746049093,0.2887870543058013,0.7409333333333333,6.743606952887408,0.2374351186699646,0.0,16.157380334744836,7.357861541145915,0.0112446860467322,0.0039931507868716,0.2029966297063052,0.0453469302905273,0.1210181718453057,78.31775218791921,0.1389666666666666,4.47024838930178,3.8283325039262577,5.112164274677302,1.3353501216085693,0.6503316553705257,117.86203257912749,30000.0,0.166666666666667,0.987816764132554,0.3071450143859601
36_segment,Tuning,0.6334319911060544,0.4550976679956671,-0.0295934789289915,0.0185433549902164,0.8067871624310847,0.6854860310838289,0.6059089304321644,-4.8037751862724605,15.652213400070131,2.6577951412462677,0.001,499.9999995,2.0484570208689528,0.0060002000066668,0.3629315496790987,0.0403330546679304,25.0,1.0,-0.3196915847221121,0.9982641571432262,0.3802329346693934,0.2340903440001324,-1.5538313859263249,2.4194916890440865,5.656520416866954,0.890139578241075,0.1823505843583218,0.0005333333333333,2.337896196328511,0.6339205823822172,0.0,17.308836872893924,7.548905519686991,0.0319298908739278,0.0372575751320447,0.7110308421802849,0.1050674132826783,0.1242104581761239,54.39540947608562,0.5969666666666666,3.3178763013443646,2.3139537077523995,4.32179889493633,1.867711908174832,0.5208601904151193,22.05089842814232,30000.0,0.142857142857143,0.970245391312807,0.5199223196349142
377_synthetic_control,Defaults,0.6023772202689195,0.5203386751835365,-0.0381829022393508,0.0032711112612231,0.6473615162219374,0.8177229026077654,0.7423467119304035,-2.44429313621114,15.650741583262231,2.6660761762332976,1e-05,49999.9950000005,2.664565318691632,0.3505450181672722,0.3441182605494632,0.0411333951107087,25.0,1.0,-0.1233362834109829,0.997427979263516,0.4282679410615784,-0.2202073592950571,-1.788653526971273,2.752569380125145,7.433724467920288,0.9372572903078004,0.1376933255142962,0.2975,2.7006492630458654,0.5034924375411443,0.0,13.312555913923353,6.038038107393686,0.035711585903006,0.009151515874143,0.5103357037714982,0.129578606631037,0.2976565920096868,63.153060956803074,0.3940666666666667,6.620275952189366,1.275272478299092,11.96527942607964,9.382527757541723,0.8208760924632313,62.714744263497806,30000.0,0.166666666666667,1.0,0.6019722222222224
37_diabetes,Defaults,0.4630682240345465,0.2333397411421579,-0.0184093673842779,0.0184318535283729,0.6556246275288351,1.7325017953788426,1.7094276527443284,6.395100235544289,15.65819861213015,1.7153463986462072,0.01,49.999999995,1.627673948154782,0.6738557951931731,0.3002939997522452,0.0354167267598146,25.0,1.0,-0.0945983639521182,0.9923874243787504,0.3322364754247064,1.204868514558936,-0.3920238972140342,87.4639171106389,162.98816128208907,0.8732096085079477,0.0875954800516462,3.3333333333333335e-05,1.86349030167392,-0.3891806145524258,0.0,17.741214949575436,7.646763130606599,-0.0169092571477386,0.0010023542818148,0.238680983887739,0.1216996965870022,0.2553803423266566,80.0349855220109,0.1575,3.2108348784865033,2.213378687453916,4.20829106951909,1.901297366497213,0.5066179719615147,-22.58589828550126,30000.0,0.490668724279835,0.746440329218107,0.55045034739369
38_sick,Tuning,0.4638052119145568,0.1872142019916048,-0.0149006504177967,0.0206264644695731,0.6882758292682212,1.6902743054758922,1.6862169257383328,6.247714843045701,15.68930686892629,1.7650111555473422,0.01,49.999999995,1.6303227063126349,0.672955765192173,0.2998101496979916,0.0373904326486402,25.0,1.0,-0.0685252758222975,0.9972786277354776,0.3244222641836229,1.354707532892333,0.068000590761164,94.16886250156934,256.4085396538482,0.594375498942024,0.2560078785130325,0.0003666666666666,2.7228590517335007,-0.1536384001747762,7.527985321257865e-158,12.439317613481384,5.304581275122983,-0.0093964571070895,0.0040760030508818,0.2391876262060696,0.0766615908302765,0.1520638441810102,78.62101760440925,0.1556666666666666,3.3911732512369177,3.3685267785892106,3.4138197238846253,1.0134459211018565,0.5303499779628583,27.535711840964268,30000.0,0.499680715197957,0.877831917374646,0.5706449336442889
3_kr-vs-kp,Tuning,0.5233316728997426,0.2537022633123767,-0.0271856942798023,0.0202150904320299,0.7031582089881094,1.6850606524783815,1.6563775109221677,5.993369337645168,15.627951938405028,1.688991043828206,0.001,499.9999995,1.5287583661406732,0.6963565452181739,0.3764548664373254,0.0406920145033421,25.0,1.0,-0.0319012840612582,0.9995634246733832,0.4056583558208346,1.0404704340193829,-0.8408168654708459,2.266058750058257,5.596697819290162,0.9478440379678624,0.1622289606237433,0.6973666666666667,2.469793785860057,0.5220933932838964,0.0,17.503216174717206,7.711750922192505,0.0274637638579857,0.0043621495783609,0.2217935630061403,0.0434239424853915,0.1540225496828459,75.49426391990102,0.2109333333333333,3.01256290923218,2.455587569560058,3.5695382489043017,1.453639158770609,0.4789361247439422,-12.481405980249916,30000.0,0.5,0.995455354211519,0.625263349530533
40474_thyroid-allbp,Tuning,0.5499838899409751,0.2172975101881598,-0.0186974868776601,0.0187636426146449,0.7571488545681501,1.4676971208061935,1.417679167954961,4.7878757198026545,15.675043458726035,2.0485718267671342,0.001,499.9999995,1.9455216454660864,0.5554518483949465,0.293928634850072,0.0328684852702674,25.0,1.0,-0.137209656788414,0.9945411859583904,0.3106574490416173,0.9813161407300236,-0.7861753960966191,65.95224544312106,154.3974775778263,0.8776430163026513,0.1074066298723923,3.3333333333333335e-05,2.3410495964232236,0.2119463579212802,9.004961791437212e-302,12.248808270030954,5.127037892457001,0.0128423621960605,0.0054504864152875,0.3221998068479312,0.104854346870642,0.1951248776534292,75.81856966357824,0.2569333333333333,2.2939093259575003,2.143565908603051,2.4442527433119494,1.1402741261656442,0.3605762470377164,-84.84598295506112,30000.0,0.198906299185791,0.494347564916945,0.262969907517446
40475_thyroid-allhyper,Tuning,0.5499838899409751,0.2172975101881598,-0.0186974868776601,0.0187636426146449,0.7571488545681501,1.4676971208061935,1.417679167954961,4.7878757198026545,15.675043458726035,2.0485718267671342,0.001,499.9999995,1.9455216454660864,0.5554518483949465,0.293928634850072,0.0328684852702674,25.0,1.0,-0.137209656788414,0.9945411859583904,0.3106574490416173,0.9813161407300236,-0.7861753960966191,65.95224544312106,154.3974775778263,0.8776430163026513,0.1074066298723923,3.3333333333333335e-05,2.3410495964232236,0.2119463579212802,9.004961791437212e-302,12.248808270030954,5.127037892457001,0.0128423621960605,0.0054504864152875,0.3221998068479312,0.104854346870642,0.1951248776534292,75.81856966357824,0.2569333333333333,2.9209661264598497,2.5181007986064285,3.323831454313271,1.319975537179223,0.4655265206242053,0.6672229943910963,30000.0,0.198906299185791,0.494347564916945,0.262969907517446
40496_LED-display-domain-7digit,Tuning,0.3324604539327855,0.1804309866220561,-0.0110404961104573,0.0069298953543537,0.5490499643701487,0.5194663947145542,0.5202691685291773,-7.478273511300163,15.6405312752216,2.316645184448496,0.01,49.999999995,2.1224488925320477,0.5173839127970933,0.1643036300106374,0.0248910719632702,25.0,1.0,0.0238043406507128,0.9615739591539992,0.1961373388040826,1.881291457671826,2.4645331136449027,75.65349910400467,178.13005684631605,0.7766593045322514,0.1983438150351961,0.0023,2.354551461016091,-0.1396333592410991,1.824972201123058e-130,13.351518065245738,6.036251883829363,-0.0045371510532732,1.7010242682728088e-05,0.3549251902001081,0.1661555067551207,0.3115897196165296,77.03988305008129,0.2495,1.7773510137791264,0.9427580410830996,2.6119439864751532,2.770534827230557,0.2497732062485028,-174.2323649415298,30000.0,0.0571428571428572,0.434365079365079,0.1251229259259259
40499_texture,Tuning,0.6063631419742045,0.4185829475795811,-0.0313688002635359,0.0204278537000401,0.767272576027514,0.8035073068968297,0.7296672001277466,-2.957767782739801,15.598898247514342,2.961944876916601,0.001,499.9999995,2.208672410386212,0.0216340544684822,0.3943841460675331,0.0411241736938942,25.0,1.0,-0.2712867806004432,0.9922825926253324,0.4164789971096008,0.3978567177696595,-1.617655490835972,2.2113112740862815,5.0370621296275555,0.7564400781775524,0.3104956740193263,0.0323,2.2778620941579573,0.2424214377763405,0.0,21.613276094645315,8.444129219412046,0.0119566400034868,0.0334387303934674,0.7121979801832669,0.172673493455238,0.2985444979359421,50.591427874248,0.5323666666666667,3.0058653582123394,2.38317292405464,3.6285577923700383,1.5225742772350004,0.4779695233252146,-34.398739257415,30000.0,0.0909090909090909,0.999187851671073,0.4718768367342327
40_sonar,Tuning,0.4513123602299678,0.1520331153102369,-0.016202402968898,0.0144850515996701,0.6349781732682294,1.8793179508669624,1.848417545141968,6.984152646620515,15.66698016199902,1.5083860801068845,0.01,49.999999995,1.4038157935375437,0.7419913997133237,0.2651215677426207,0.0315514095012704,25.0,1.0,0.007965375210406,0.9906314265942636,0.2812842247504652,1.4670052299372327,0.3912935169574543,2.469757881955903,5.537903848086842,0.8761459663809225,0.1682320936562834,0.7401666666666666,2.2422861319907623,0.4925542120585595,0.0,15.962242855338202,7.235165392777203,0.019149439910282,0.0011362494945718,0.1888083059392536,0.1069882095297504,0.2407211228497913,82.06030126415833,0.1497,3.231382789962919,2.4208020584906755,4.041963521435163,1.6696794796818626,0.5093884076375924,-9.42327072779355,30000.0,0.5,0.925080418792386,0.564594065468751
43_haberman,Tuning,0.2219952618441207,0.3482876239464711,-0.0045467081673322,0.0041950929982834,0.3955164723837417,0.5422879074793365,0.5257177695053789,-7.10875301880214,15.657210052108416,2.2514621204985805,0.01,49.999999995,2.181491120397832,0.549551651721724,0.0889923572731403,0.0150765001139913,25.0,1.0,-0.0289387882935146,0.7280813836165458,0.1140984610568473,2.1076239026878683,4.809636715336939,66.14268942374284,239.5706246203567,0.8654438878908426,0.1195598937103745,6.666666666666667e-05,3.622027267224425,-0.2369150857368481,0.0,12.954468316988793,5.696882151690426,-0.0047443320978289,-1.614680008941297e-05,0.3508532919795083,0.2548585729274186,0.4822280942488914,78.36769990121141,0.2474666666666666,1.2337563228733794,0.2269786312593362,2.2405340144874226,9.871123118711608,0.09122939139799,-258.962437683554,30000.0,0.432812859443294,0.646509086726478,0.5072218349819799
444_analcatdata_boxing2,Defaults,0.3894237944459333,0.169275326738587,-0.0139084534801212,0.0133884728772567,0.5748937487329566,2.108722637665038,2.105581867280556,7.892768466741255,15.642788834021664,1.244840073257262,0.01,49.999999995,1.1711445008374062,0.7981599386646222,0.2435566038450631,0.0284514504202154,25.0,1.0,0.0497456325840716,0.9795280095339752,0.2688737512845343,1.7135699374649582,1.1195642899876264,135.7882461768766,226.10538980900577,0.5880307053105548,0.1545334148371376,6.666666666666667e-05,1.665132264205557,-0.1385815725005044,1.6151676948921659e-128,12.155333484813005,5.020131486849989,-0.0074223792416509,0.0001642583294789,0.1476775225982602,0.1331947079969335,0.3580879369416548,84.22773006701571,0.0976333333333333,2.4146772400185705,1.8841930457185216,2.94516143431862,1.563089005667115,0.3828590886087614,-80.40030889488848,30000.0,0.484126984126984,0.86294650768335,0.5485624258457592
446_prnn_crabs,Tuning,0.2560457279120798,0.4952448242048091,-0.012481792408209,0.0160653942247439,0.608440880025884,0.6561602733742027,0.5876666857669125,-5.304056922871723,15.671366858918368,2.814257317033543,1e-05,49999.9950000005,2.813052359161934,0.1545051501716723,0.2939810338692106,0.0373311375231408,25.0,1.0,-0.2959797879230675,0.973960771604194,0.3489692866922814,0.170138603064687,-1.4953020306023943,3.0306677390852936,9.07399216778348,0.8088020074336829,0.266746198267595,0.0380333333333333,2.9940570689280404,0.2797579543704857,0.0,13.952059603849987,6.4202667126216335,0.0152057995183183,0.0042795767601365,0.7009087964680385,0.3302408380191639,0.4161417987620139,63.554349861679825,0.5351666666666667,3.257439072588753,0.873593717101936,5.64128442807557,6.457560668800981,0.512876301380624,-127.22518798673048,30000.0,0.5,1.0,0.7474401851851852
448_analcatdata_boxing1,Tuning,0.3824170575624983,0.1493616695968971,-0.0126935621042377,0.0126811826116937,0.5984718388909462,2.1948372876822932,2.2048287523162458,8.208037145495991,15.677959174181693,1.162683727532533,0.01,49.999999995,1.1019625191263187,0.8163938797959932,0.2339388162238678,0.0294818711462849,25.0,1.0,0.0989299658978798,0.9775630814076164,0.2519171265555229,1.907268283040106,1.8518558089824648,189.7269108834297,339.2712038909413,0.5650357755629302,0.1962715425144457,3.3333333333333335e-05,1.788208126676302,-0.5451273151193592,0.0,16.100432698224118,7.359085636662314,-0.0186610668632272,0.0002129964378911,0.1349801630944075,0.1232574739495638,0.3479083159819631,84.70343816782055,0.0898,3.369113084557201,0.4517387382998789,6.286487430814523,13.916201772865076,0.5275155883558253,-135.74930196320562,30000.0,0.484903381642512,0.892256596060944,0.5458194072835376
44_spambase,Tuning,0.6354702902933165,0.3171478482926473,-0.0235648794927684,0.0256613393381178,0.7949197882499603,0.9151010328667408,0.8593152249910655,-1.0830232940226523,15.631391376552164,2.4955435091608553,0.001,499.9999995,2.225218337757458,0.3780459348644955,0.3577482274541961,0.0407510590248807,25.0,1.0,-0.1468804626947802,0.9994923981519628,0.3772403380710084,0.7773667998500452,-1.068040466916074,118.3367582000543,658.16699873455,0.5872243202124328,0.4658412664579172,3.3333333333333335e-05,5.561813664202966,-0.3959803737222829,0.0,16.632965040266626,7.432062370446332,-0.0200994654988967,0.0274894143561813,0.4446668406020556,0.0611926232692614,0.0975961225910335,65.15247187523354,0.2489666666666666,4.393955610497105,4.080417819289964,4.707493401704248,1.1536792579055664,0.6428556651896111,102.71493828830005,30000.0,0.499780412823891,0.93106814716567,0.6372919587781204
450_analcatdata_lawsuit,Tuning,0.4245088477490588,0.1792359617939869,-0.0105046612831429,0.0197810765988216,0.6492204430519548,1.757722908027898,1.767214936170365,6.587768011069153,15.649948798223772,1.6404007363745492,0.01,49.999999995,1.554262943994995,0.7085236174539151,0.2725151363497133,0.0336147123898969,25.0,1.0,-0.105269063190139,0.9738341298684632,0.2981442841367162,1.3879771339407438,0.2639742943751297,121.11122054337464,318.4801025566948,0.5896906956311423,0.1847350812912815,0.0008,2.6296498468746923,-0.0725321455382632,2.7628878620877375e-36,12.313366403374776,5.189214084599476,-0.0041673504016873,0.0006772401739483,0.2163109228685785,0.1903222891599738,0.4001465336827862,81.9408747418277,0.1480666666666666,1.684984506480614,1.6190535316163643,1.7509154813448635,1.0814438479966595,0.2265959118658287,-138.8846759758996,30000.0,0.495433789954338,1.0,0.5863446617165111
451_irish,Defaults,0.5553943475855397,0.3744184081941358,-0.0227932461490699,0.0310331667559763,0.7635057214197725,1.3840710172884942,1.332981919823021,4.1557166136959065,15.695081710527674,1.5945350058497425,0.001,499.9999995,1.547924978054716,0.7293243108103603,0.4190389265258337,0.0416666666665833,25.0,1.0,-0.3044879060732551,0.9988352714599412,0.4489517945513147,0.5113289763596366,-1.6271531373087165,17.498926140564965,60.770339297362355,0.9352149844903884,0.1562300564032627,0.5320666666666667,3.472803920035111,0.4311546992283295,0.0,13.039415820017538,5.834239447245482,0.0331780493270841,0.0097922022526521,0.2120250605124078,0.0676529669213104,0.2251470731624875,78.60247575913773,0.2069,4.288323188798637,3.8432432296348966,4.733403147962378,1.2316168572059942,0.6322875084531584,91.4734864016431,30000.0,0.5,1.0,0.6861215149151991
452_analcatdata_broadwaymult,Tuning,0.3496271560089223,0.1644914440878038,-0.0096844251875559,0.0088143380270298,0.6331751804668544,2.181959301764272,2.1904119261217665,8.14120206329262,15.673173206342453,1.1922657618350356,0.01,49.999999995,1.1112625645152414,0.8094603153438448,0.1687265977392652,0.028718845605706,25.0,1.0,0.2260323877548579,0.97849730807442,0.1928687530077669,2.6677750979058237,5.692544875260378,148.74248400338152,293.56557684352254,0.9272468039287048,0.0908927918234596,3.3333333333333335e-05,1.9736498204295596,-0.2769659381527922,0.0,12.655924347053071,5.486458289305963,-0.0097363944926848,0.0003197718497542,0.1381837022107639,0.0910329315861481,0.2515925209937901,84.71013243022695,0.0862666666666666,4.287368497123363,2.880394443625928,5.694342550620798,1.9769315147860824,0.6321908125029334,-20.675939201265976,30000.0,0.103061224489796,0.535789871504157,0.1739959977324263
4534_PhishingWebsites,Tuning,0.5311360996874268,0.2858928520919679,-0.0306111855600256,0.0179931049807919,0.6966523066446217,0.5316191657906911,0.5316926088020101,-7.287433164466631,15.594885801436048,2.587424315014988,0.001,499.9999995,2.223619717410721,0.4027467582252741,0.3895574132341526,0.0402823325145549,25.0,1.0,-0.0386145519894979,0.999480114260734,0.4200530946389237,0.9210433819121622,-1.1094113197102873,63.048386829970035,161.9892413377355,0.7173288328373336,0.3252023090283537,0.0023333333333333,2.569284473123607,0.5169978048442616,0.0,14.645027496354771,6.734947093089358,0.0322450137043101,0.0011984971664531,0.4292062417851159,0.0507939690606817,0.1832320415197081,70.35815605965588,0.3149333333333333,3.5274772720584746,2.6422963125409296,4.412658231576019,1.6700088520090974,0.5474642242262567,12.645917618726171,30000.0,0.491534236662479,0.957315459734224,0.625067892616768
4550_MiceProtein,Tuning,0.5106667498227961,0.1698721080320913,-0.0215562367866491,0.0100610519230192,0.7432106244478227,0.9937347880076686,0.9906133517058522,-0.076187756917804,15.70027875829784,1.770695831912685,0.001,499.9999995,1.7353944705512574,0.7010233674455815,0.2640610215672865,0.0398364157556415,25.0,1.0,0.1922564346488744,0.9993652509704238,0.2904518271511728,2.0192751829071183,2.631919838916623,10.8123634318179,43.71476086098788,0.9712283047161272,0.0972728399515928,0.4907666666666667,4.043034729330588,0.6179005157147783,0.0,18.365894627959417,8.182476616106605,0.0219337367758843,0.0026786773723207,0.243013251828165,0.0337535924220451,0.1248369583225526,77.29491206345422,0.2037666666666666,4.0715111223825105,3.5226173757925645,4.6204048689724555,1.3116397201474612,0.6097556255179476,34.15634659473804,30000.0,0.125,0.997942073170732,0.2742680212901647
455_cars,Defaults,0.4883514036417412,0.1470171784543756,-0.0149414790001852,0.0154895919696997,0.7001358941473153,1.732317557456959,1.6948010317205529,6.338659929730063,15.646043639931335,1.7247912307794415,0.01,49.999999995,1.6151735739794673,0.6892229740991367,0.2398742616794526,0.0291083526596829,25.0,1.0,0.0253442710839447,0.9785359681387136,0.2667775337146491,1.5521853006385034,0.8506791191064247,2.6294270373755846,12.348730367231674,0.7979209695052103,0.2345334971045345,0.6903,4.69635787253187,0.1659918014366612,2.8070642962981036e-184,20.585550535917047,8.400809875823521,0.0052713245049099,0.0008088416211722,0.2299744896107836,0.1542025233952955,0.3301437538961279,81.50088817014264,0.1642333333333333,2.38583152955749,1.916050852532193,2.855612206582787,1.4903634748563217,0.3776397736317773,-99.8572441701992,30000.0,0.333333333333333,0.682702309132515,0.3849660070291742
458_analcatdata_authorship,Tuning,0.4825915954576502,0.2094183060439849,-0.0255639123781519,0.0177085178964908,0.6916355573523703,1.793976977931779,1.795350851961981,6.535556235107878,15.671648334786084,1.4784497933423637,0.001,499.9999995,1.422132749286865,0.7595919863995466,0.3645985195701465,0.0414914739652703,25.0,1.0,0.0914113206202185,0.9996255905222696,0.3889362245807733,1.425503609130711,0.1284423938397707,2.483394818377212,5.849404127742785,0.9477924963109494,0.1579677315049382,0.7509333333333333,2.355406431733942,0.1845721761689873,4.218980780572532e-228,18.113589753873303,7.886143872865739,0.0091030115688661,0.0024868633777916,0.1829191700445779,0.0379259325283996,0.1391852002766714,79.02842327181186,0.1262666666666666,3.496635659743782,2.8206035155251428,4.172667803962422,1.479352833886003,0.5436503823219083,19.499391552565555,30000.0,0.25,1.0,0.4061652370619175
461_analcatdata_creditscore,Tuning,0.3928030137039671,0.1948950745186997,-0.0079831265707088,0.0115210907251439,0.6287836352103935,1.8212664441465112,1.812467385960302,6.8424662539319705,15.697943387364722,1.6745440570815122,0.01,49.999999995,1.6132484687616708,0.7008233607786927,0.1762667912104182,0.0271578097856156,25.0,1.0,0.0544449829269534,0.9444985140184944,0.1950375546928186,2.173947685898276,3.656761980547161,93.49790719734,219.9203484657564,0.8286855530340425,0.0990380815674894,3.3333333333333335e-05,2.3521419361995166,-0.6195119369770461,0.0,19.690210833814614,8.297533835943135,-0.0145619292761422,0.0002825284618809,0.2259204022611894,0.1735145771524506,0.3750818228112076,81.99543469166993,0.1559666666666666,2.4594350607163955,1.145932511530322,3.7729376099024687,3.2924605698294145,0.3908353598717983,-139.9160774781741,30000.0,0.446969696969697,0.966329966329966,0.5480715949174282
463_backache,Tuning,0.2100834449998526,0.2134734367711419,-0.0035154887323887,0.0032191316254148,0.385715999219687,2.659931096574702,2.709634261012386,9.429790661604098,15.642769327116516,1.015721310342896,0.01,49.999999995,0.990751835122508,0.8498616620554018,0.0611011556176141,0.0108767374674041,25.0,1.0,0.1843638128822874,0.6502888087143539,0.0904279397044576,3.8282456991265335,15.639086180884725,161.32882268428065,306.6698775886808,0.8983187074546144,0.1122490073556085,3.3333333333333335e-05,1.90089949511892,-0.4379112200170177,0.0,15.807788716024485,7.392009840398932,-0.005356647447763,3.77958504957256e-05,0.1157090328994209,0.142785828508799,0.4717933296613444,86.05374552547062,0.0781666666666666,1.0579001133587007,0.5751729142312154,1.540627312486186,2.678546354260671,0.024444663668347,-256.3983599384335,30000.0,0.448677921677459,0.722099246729219,0.5070487860299839
464_prnn_synth,Defaults,0.472930753676285,0.5019065114877146,-0.0190192922145098,0.0163778434242897,0.7418636894386301,0.6415102320971289,0.5457431553841926,-5.3547106192994995,15.659742409711024,2.7787725492602235,0.01,49.999999995,2.2172086244462874,0.0280009333644454,0.2803740312989075,0.0340354448636528,25.0,1.0,-0.437252156977508,0.8825033264350957,0.3162352342662506,-0.1425149578805532,-1.589445694259869,3.229495877057971,15.646212419473573,0.83370560978879,0.1934345604079909,6.666666666666667e-05,4.8447847636586,0.4216912143954524,0.0,16.63730652366961,7.3780206325221425,0.0180739873649423,0.0028181927538521,0.7067374390915211,0.5934970205453767,0.7703030740880533,65.75130301516158,0.5308,1.8068705913698184,0.4933417333425825,3.120399449397054,6.325026322522538,0.256927049369953,-220.5840490768432,30000.0,0.490990990990991,0.911095305832148,0.7016916943259048
466_schizo,Defaults,0.3842454998354372,0.3185284430358691,-0.0098539021764489,0.0092399609513397,0.5425113506291273,1.8541946352397256,1.826774822643299,6.944723345856769,15.699941752579074,1.6065472307844808,0.01,49.999999995,1.4990259582054055,0.7077235907863595,0.1571827271136432,0.0184035077642764,25.0,1.0,-0.0638998367630563,0.9086165057817964,0.1886713141412306,1.5068827059091194,0.7133581599197516,99.66646670871768,231.6517658339869,0.8945542305764151,0.099543441928462,3.3333333333333335e-05,2.3242698721426867,-0.2487327800574398,0.0,11.832822689939457,4.622973568189292,-0.0101508900687797,6.212249954396563e-05,0.2127104079831894,0.2165575527438065,0.474012124731819,82.330620910894,0.1450333333333333,1.0860134588893815,1.0749421960053651,1.0970847217733977,1.0205988060095663,0.0358352074679349,-246.60722061734103,30000.0,0.452766012065203,0.668078552175587,0.5212981447759047
469_analcatdata_dmft,Tuning,0.6746509482994254,0.5261483139677081,-0.0272833664181772,-0.012407757893237,0.7522753145020313,0.5740334281621464,0.5669734850999608,-6.678226889116514,15.669852854875598,2.9591928780840293,0.01,49.999999995,2.7765948203446644,0.2013400446681556,0.2873675989300273,0.0287999655772138,25.0,1.0,0.1342673576138078,0.9781159083068208,0.316681262393183,-0.3567532291081501,-1.7434258236772353,3.7433639788951782,17.49690900808727,0.8451663409178981,0.1834160270969539,3.3333333333333335e-05,4.674113740135592,0.4362191980100678,0.0,12.33561015168021,5.229857794357315,0.0264134114627271,0.0008450879083159,0.6940551478945172,0.3113655017080566,0.3225568546708715,66.19925054703239,0.4996,2.7536166543201177,0.795486995092891,4.711746313547344,5.923096596935841,0.4399034796750482,-136.3841927220483,30000.0,0.0313131764570863,0.197067012288786,0.1185722321841032
470_profb,Tuning,0.3307962901602643,0.2520557868152336,-0.0092138734275369,0.0083316905959188,0.5817642315613316,2.260507887969634,2.279981480453318,8.352708175478957,15.624324422770922,1.344879336549036,0.01,49.999999995,1.285945580956091,0.7687256241874729,0.1583403931428792,0.026095549026761,25.0,1.0,0.2013106069800491,0.9810375075025726,0.1870470422070621,2.276589964310656,3.6113239816280274,124.86817764917838,325.8261250265887,0.9516853728080676,0.0756033440284363,3.3333333333333335e-05,2.609360776786591,-0.4254097882709604,0.0,17.946565592301702,7.719432431554606,-0.0103078237598164,0.0002351079089482,0.1689568249435626,0.0872384957679263,0.2255048109202487,83.24472493286676,0.1094,1.8232888821404656,1.4590554497684716,2.1875223145124596,1.4992729130740607,0.2608554837841537,-205.67293428108127,30000.0,0.447789917514822,0.73208494564216,0.519617929994183
475_analcatdata_germangss,Tuning,0.4966485897911142,0.3378391809073944,-0.016875906570757,0.006942761401132,0.711887521544684,0.5889403979012042,0.5228019731247284,-6.569733523150777,15.657939473904,2.88592581470928,0.01,49.999999995,2.428502975598587,0.0570019000633354,0.2106948243474158,0.0277619675554779,25.0,1.0,0.4016476684986235,0.9695407646428176,0.2243461696999075,0.2785579615672884,-1.2501995444831593,2.953881512658895,7.696406558686531,0.8454963192440539,0.1456039680089118,0.0001,2.605523114485426,0.6473699761214935,0.0,17.533889591995706,7.793606834828886,0.0186347477415391,0.0003625492311153,0.7072745502674278,0.2714598806425892,0.2369373836348154,65.30154262000185,0.5159333333333334,4.306480632472251,0.5053290452722436,8.107632219672258,16.044263229097123,0.634122498404873,-141.7876343409896,30000.0,0.0055555555555555,0.416666666666667,0.14455
481_biomed,Defaults,0.4650756516774126,0.2195186303092998,-0.0187363216048779,0.0206566650881626,0.6562949651173704,1.7669125230408194,1.7326744847051878,6.538697343045371,15.668680946572188,1.6939624822089077,0.01,49.999999995,1.546359985524463,0.6957898596619887,0.3161333672563685,0.0357361855778788,25.0,1.0,-0.1100989522661678,0.9932609433405692,0.3551095920375163,1.1428072894629115,-0.6136750527832966,128.87590715265242,257.3280963917999,0.4734585356042639,0.413434682946331,3.3333333333333335e-05,1.9967122022814936,-0.0387394929443215,1.9196817953608248e-11,11.51096477584258,4.288090196292376,-0.0032081657335193,0.0007482799096751,0.2207136086869121,0.1246295839553958,0.2719507679649559,80.34841222042982,0.1756666666666666,3.2239188097687363,0.8394403506525937,5.608397268884879,6.681114702811397,0.5083840961253052,-122.3740228195335,30000.0,0.495934959349594,0.909656479964009,0.5883826978694688
48_tae,Defaults,0.3386466811851584,0.3708590574244986,-0.0086352940906423,0.0031949155407094,0.4558004490990169,0.6375919802381187,0.5987034788181147,-5.655803447379293,15.65449298535026,2.851906497247727,0.05,9.9999999998,2.493097221090232,0.0727024234141138,0.1073718610613561,0.0153433842607653,25.0,1.0,-0.0790571670397214,0.7368339041545353,0.137007522077428,1.3045512206432217,1.3316772210225445,3.442507494280143,11.766124167036274,0.8506056027366136,0.1265417524494559,3.3333333333333335e-05,3.4178935518899287,-0.085960598236886,2.610889541862651e-50,15.048894737298198,6.910613605326104,-0.0017040463901432,0.0001569375379177,0.7068661346681164,0.4547252705550202,0.4357793297418288,66.69224615831382,0.4954666666666666,1.347383663751083,0.1207459437106897,2.574021383791476,21.317663390312937,0.1294912774790797,-265.5074105032837,30000.0,0.205218855218855,0.625420875420875,0.3610718069584736
49_heart-c,Defaults,0.4893193355003857,0.2308011406588818,-0.0205121400495823,0.016782366504739,0.6783726993991092,1.716449901114854,1.677766819993708,6.249242998354786,15.640741815736131,1.7437802434094003,0.01,49.999999995,1.5898142937269644,0.6853895129837662,0.3047619523081196,0.0351580424966581,25.0,1.0,-0.0388571726176579,0.9936144121654074,0.3304390229518569,1.2034892160644075,-0.4007421013174781,131.46147352717114,250.6376543627056,0.785670633832056,0.1145067759007069,6.666666666666667e-05,1.9065483417915636,-0.3658891327836173,0.0,14.781414406715308,6.781956888739343,-0.017827461883171,0.0019523610594362,0.2290743740117304,0.1167666016617668,0.248495993171473,80.60333058846551,0.1512333333333333,2.633914766569659,0.8082319558468605,4.459597577292458,5.5177199379777075,0.4206017170923728,-153.93122925714593,30000.0,0.487126265140202,0.872765886842542,0.5762054844864775
50_tic-tac-toe,Tuning,0.4103697551963581,0.1678113068784289,-0.0181741352261548,0.0186004159205044,0.6220754866508282,2.0529554798484466,2.0612508858352765,7.723361775796903,15.692249183600262,1.2780719068240871,0.001,499.9999995,1.2156595656314506,0.7933597786592886,0.3315737895591123,0.0399757322583404,25.0,1.0,0.0675168461768955,0.9987476956510044,0.35127907745858,1.7128323090740194,1.034079159170287,2.422360322987008,5.164780572053449,0.9246065729500844,0.1865008051663723,0.7920666666666667,2.132127298750764,0.4797341569976956,0.0,12.63164241824631,5.4441932436312435,0.0309545850723072,0.001167425470174,0.1526815384665849,0.0433490963127676,0.1689539642251171,82.05940524863452,0.1269333333333333,3.6276020319375233,1.6786775922503732,5.576526471624674,3.321975879922044,0.5596196364880511,-33.918694030396324,30000.0,0.5,1.0,0.5837042158597517
51_heart-h,Defaults,0.4981708519469713,0.2193603717554489,-0.0196383070505335,0.0169687287125647,0.6912898899460203,1.7262493534556247,1.692936328796289,6.302339918624124,15.64895963715869,1.7348088144074527,0.01,49.999999995,1.6138118011991378,0.6802893429780993,0.2955638785005059,0.033754343153703,25.0,1.0,-0.0488697076695218,0.9919562667483875,0.3218822041228211,1.1756570038153913,-0.434234460334034,114.80992455975462,207.6709460778385,0.736906054077495,0.139320472463919,0.0010333333333333,1.808823992125795,-0.0133278041824834,0.020976273681565,11.757270056759586,4.602471561718285,-0.0009321124652826,0.0017113845166705,0.2335245199661463,0.1216087543096262,0.2538308338395156,80.4322255134025,0.1715666666666666,2.832279704222776,2.803641882429749,2.860917526015802,1.0204290155401,0.4521361402615939,-47.840106925945776,30000.0,0.491071428571429,0.856659878863826,0.5714666625541227
53_heart-statlog,Tuning,0.4605832256471776,0.2044296095374375,-0.0203107609231667,0.0179572118427156,0.6437171553546015,1.74330009542139,1.7140544153250217,6.429210180911088,15.660409104178775,1.7018889133262487,0.01,49.999999995,1.5926580871549825,0.7046568218940631,0.3123551559346781,0.0352891620392251,25.0,1.0,-0.078102645612333,0.994649492835922,0.345535272814013,1.21261593190414,-0.3997032489122456,2.567283403964756,6.914511316940098,0.8713157061100236,0.2129441319755617,0.7000666666666666,2.6933182780907843,0.1156709300265973,7.213874840620446e-90,15.899324694578494,7.418557916895617,0.005387680662662,0.0014141686201633,0.2195402672624402,0.1103795364661729,0.2427447948617936,80.46563370395428,0.1512,2.6073267688135404,2.1837305428138163,3.030922994813264,1.3879564970989604,0.4161954634659162,-60.68028214594696,30000.0,0.5,0.873148148148148,0.5760049691358025
54_vehicle,Tuning,0.5250318212587648,0.267993135880324,-0.02137546363261,0.0208172210116123,0.7270470689796599,0.95765857380267,0.9029850208080876,-0.6187187234504687,15.624716742183104,2.879155447824666,0.01,49.999999995,2.5761859226425186,0.1523717457248574,0.3325484837474,0.0386171255362079,25.0,1.0,-0.154029959395245,0.9926330433289504,0.3557831343982233,0.9568858166450868,-0.8479899148077368,2.0396410424306826,4.417396405625418,0.6486931496679146,0.3992501630386018,0.2278,2.165771483181643,0.6147368623829834,0.0,20.98912648836663,8.420412779253803,0.0259743297046907,0.0087932323131458,0.643106962638248,0.1762570058793969,0.2354330792598389,63.45062343530844,0.5145333333333333,2.467857555472051,1.1775849597594672,3.758130151184636,3.191387695669175,0.3923200886442849,-97.2080315277928,30000.0,0.25,0.863261911699412,0.4146242867673071
55_hepatitis,Defaults,0.3824009341524037,0.138554132839257,-0.0106389625992827,0.0099220980289858,0.5906191940999941,2.1822651305139185,2.188057788165227,8.157504484012627,15.698141545976304,1.2091244382395594,0.01,49.999999995,1.1574742222629315,0.8059935331177706,0.1828789291688977,0.022753890381696,25.0,1.0,0.101124488809486,0.946036022301258,0.2051747590930084,1.9798922031713608,2.358044706924109,141.19293737178873,259.0005676600414,0.7367456678398727,0.1110321846177367,3.3333333333333335e-05,1.8343733934654267,-0.5472962981893068,0.0,16.644314517746633,7.551009722224115,-0.0148711765198075,0.0001879606057215,0.1437190538218697,0.1547901684273812,0.4150288795121282,84.80501289599772,0.0934,1.352478358162558,1.1261477269217492,1.5788089894033663,1.4019554909705627,0.1311303244216062,-193.27085421807675,30000.0,0.481981981981982,0.866066066066066,0.5353761102769437
56_vote,Defaults,0.4781780080670337,0.2004323220871305,-0.0229659216023952,0.0177836695175289,0.6810950582438989,1.868983587250939,1.8490942397924603,6.95554244372056,15.701161558541775,1.492725591309148,0.01,49.999999995,1.378211815097652,0.7470915697189906,0.3466876313974275,0.0388164130174298,25.0,1.0,0.0375590808740127,0.9981452479777632,0.3646237643055909,1.349278171405118,-0.0933842278076588,2.3798071795995925,4.335138548587428,0.9262542995653495,0.1672767561599256,0.7465666666666667,1.8216343684260177,-0.1883971484575256,9.748826804459653e-238,15.918908481798372,7.24394086968443,-0.0094830810351199,0.0031241850962392,0.1857092056580477,0.064466439025744,0.1774972776196153,80.95362554519821,0.1235666666666666,3.800488846357159,2.931721533309323,4.669256159404995,1.5926670068602158,0.5798394623066181,49.005748543351075,30000.0,0.5,0.968447677578494,0.5936387398480676
59_ionosphere,Tuning,0.4428080416583133,0.2215198275727491,-0.0196417762316842,0.0200036656534038,0.6165739025533161,1.6638572091486148,1.6205652627578182,5.997599438743146,15.671713419103988,1.7368331780210953,0.001,499.9999995,1.664520444959201,0.6705223507450249,0.3255204343484034,0.0373056839166727,25.0,1.0,-0.1115684150475687,0.9952109754932452,0.3645490073752032,1.1893415788781825,-0.4967632992885598,109.41353306885388,261.86158292897596,0.2942698541694172,0.4297177983836869,0.0002666666666666,2.393319871721757,-0.0702740332278125,3.6829961507119023e-34,12.07899605043691,4.941002736571996,-0.0051848988404753,0.0009177830350901,0.2424541125525983,0.0872969990121512,0.2689058621039535,79.83855606713077,0.1835,2.062622966231755,1.6774478048346209,2.447798127628889,1.4592395188527236,0.3144198490835139,-97.40829391388236,30000.0,0.497512437810945,0.961506062691313,0.5999747855949383
60_waveform-5000,Tuning,0.5106737901778018,0.2622238524395712,-0.0296455090256385,0.0180445514117256,0.6782921946932392,1.6477581262029664,1.6387603966718385,5.7970776083531685,15.650851970323783,1.6504583436539673,0.001,499.9999995,1.537543036183225,0.6960232007733591,0.3920041118793296,0.0408162375015412,25.0,1.0,-0.0259092137453058,0.9989906132435966,0.419545849071851,0.9975134189378272,-0.9730205706259872,2.383169807869777,8.596195249867165,0.9383508316789648,0.1932059433478725,0.6976666666666667,3.6070426964444313,0.1551268715597767,6.3937880116283695e-161,11.617652117733988,4.413784821722734,0.0147455068405731,0.0015553793560854,0.2226324386028743,0.0540998375215522,0.2469911129600944,77.75795764075679,0.1909666666666666,4.072591131844833,1.6575930211895198,6.487589242500147,3.91386133964332,0.6098708112408173,4.723042221599286,30000.0,0.333333333333333,0.871366377722565,0.4747074683822644
61_iris,Defaults,0.4900537541331443,0.397983792015573,-0.0193704505248323,0.0241791068888969,0.7177670418735109,0.7121516537278298,0.6449176512052346,-4.358150540045045,15.63735324295431,2.8606817847525465,0.01,49.999999995,2.5642461883256247,0.0852028400946698,0.3517801696112597,0.038209201941195,25.0,1.0,-0.3242312251813779,0.9739159860174122,0.3842029958345705,0.4776332882784193,-1.56932745831127,2.991744427579549,16.673114410256293,0.7201651749683211,0.3278078538014698,0.0804333333333333,5.5730410179923,0.5505012329075926,0.0,19.06133772674131,8.149438023870294,0.0259531988852052,0.0039321199757127,0.7067591218854693,0.3782669312722361,0.4487429088710961,63.627182462847216,0.5381333333333334,1.8191613195405325,0.515607969119061,3.1227146699620034,6.056373944900896,0.2598712131262769,-207.05876050305392,30000.0,0.333333333333333,0.992592592592593,0.5949962433862434
6332_cylinder-bands,Tuning,0.346185198372221,0.076164729724743,-0.0110946633317929,0.007342817410411,0.6745812291655477,2.148579796051512,2.1564039385289044,7.938759428472013,15.637807944108625,1.172291101666934,0.001,499.9999995,1.1504635367190972,0.8143938131271042,0.1825945835261082,0.0279735024983727,25.0,1.0,0.2538395030004668,0.9904776504913112,0.1950849453685226,2.7290387475835316,6.0807505411562595,175.11177219906668,338.92752236973234,0.1535523481918452,0.3240995100664669,0.0001,1.9354925035219128,-0.4121201640020779,0.0,15.876848345705564,7.351374053931148,-0.0109366724025757,0.0017900482958906,0.1393116288941302,0.0578239568637914,0.1746826934885013,84.03526160755641,0.0745666666666666,3.0598813161002627,0.998120285738876,5.121642346461649,5.131287701126254,0.4857045817881434,-111.93393278648024,30000.0,0.49820788530466,0.77716715982246,0.5197487759270865
679_rmftsa_sleepdata,Tuning,0.1914584629910237,0.4423418974867092,-0.0093755568518677,0.0008411998684522,0.581771530882639,0.3985846535885837,0.3649365798794082,-9.018951306235843,15.58879751951028,2.3755577802817136,0.01,49.999999995,2.098603030466056,0.4718823960798693,0.1702763087701207,0.0281703286964548,25.0,1.0,-0.3880795631481105,0.9627865977621248,0.1858856113072107,-0.0834563053792886,0.5976577117864177,55.98277524778663,156.18626203308486,0.8925761334318078,0.15596648865067,0.0008,2.789898523997471,0.3471394144449508,0.0,20.490345471501435,8.33808708804821,0.0077383711851812,0.0001367003713099,0.3806188992495667,0.1825531237586892,0.2824953234175191,76.2247393484482,0.2725666666666667,1.790903744621699,1.1866779922039865,2.395129497039412,2.0183482905830097,0.2530722445298863,-165.32425493729465,30000.0,0.148071184995737,0.386354891308163,0.2534240786948392
685_visualizing_livestock,Tuning,0.0178224620958351,0.2116581389912153,-0.0004610754792912,0.0023771530117272,0.2758914644171738,0.588789905053139,0.504834325431759,-6.5784606912760335,15.64261180094543,3.0045302829695997,0.05,9.9999999998,2.4015218133528697,0.0551351711723724,0.1086250387260306,0.0185940363448557,25.0,1.0,0.4581737804418155,0.6790147338507997,0.1574342790169057,0.8664488612861864,0.6430319794473025,3.198719039876652,12.576249692908664,0.5699296421629925,0.2964784887156808,0.0460666666666666,3.931651869427611,0.388535408449368,0.0,11.74825514571677,4.575600652403336,0.013368293484078,0.0001737909869296,0.7070611583980574,0.6123578489187358,0.5380603358893774,66.67906666944171,0.4972666666666667,1.1992504998608464,0.4498930658410125,1.9486079338806803,4.331269098877303,0.0789099081570687,-260.101238938017,30000.0,0.0,0.35,0.0740043253968253
694_diggle_table_a2,Tuning,0.486563347685048,0.3942576955569782,-0.0123623196574723,0.0287584010557749,0.7469831280497256,0.6667840816419215,0.5959817314797605,-5.061167306411859,15.637117920250931,3.05600843186527,0.01,49.999999995,2.4146568168266,0.0584352811760392,0.366752136428101,0.039690753878425,25.0,1.0,-0.3244364148855879,0.9903354285284514,0.3889904944064843,0.6065876486331657,-1.3993392425649194,3.0697211250630914,19.376425611075824,0.8089005752958901,0.2347610780782793,0.0052,6.312112671365635,0.4888286997624712,0.0,17.321282961129224,7.88010995569054,0.0241303310033098,0.0086721423766012,0.7064039061518316,0.2333890509413831,0.2643971958675088,60.804891542464816,0.5442333333333333,3.213553422419431,2.0338144353277636,4.393292409511099,2.160124509491412,0.5069855240595676,-24.76986282163037,30000.0,0.111111111111111,1.0,0.4599175497136609
