Dataset,Algorithm,CorrelationThreshold,TrueLabel,PredictedLabel,Prob_Defaults,Prob_Tuning
Baseline,SVM_Linear,0.8,Tuning,Tuning,0.15912630915546758,0.8408736908445326
Baseline,SVM_Linear,0.8,Tuning,Tuning,0.22877356139181854,0.7712264386081815
Baseline,SVM_Linear,0.8,Defaults,Tuning,0.41060600336751363,0.5893939966324863
Baseline,SVM_Linear,0.8,Tuning,Tuning,0.1806259419655946,0.8193740580344054
Baseline,SVM_Linear,0.8,Tuning,Tuning,0.16818036395500854,0.8318196360449917
Baseline,SVM_Linear,0.8,Tuning,Tuning,0.4236846586355707,0.5763153413644294
Baseline,SVM_Linear,0.8,Tuning,Tuning,0.05544170484245949,0.9445582951575406
Baseline,SVM_Linear,0.8,Defaults,Tuning,0.17282476663255875,0.8271752333674411
Baseline,SVM_Linear,0.8,Defaults,Tuning,0.15020390085298163,0.8497960991470183
Baseline,SVM_Linear,0.8,Tuning,Tuning,0.2150713542828132,0.7849286457171869
Baseline,SVM_Linear,0.8,Tuning,Tuning,0.2224680752610673,0.7775319247389327
Baseline,SVM_Linear,0.8,Defaults,Tuning,0.2827122940682977,0.7172877059317022
Baseline,SVM_Linear,0.8,Tuning,Tuning,0.1715350744738797,0.8284649255261204
Baseline,SVM_Linear,0.8,Tuning,Tuning,0.17851809573414754,0.8214819042658524
Baseline,SVM_Linear,0.8,Tuning,Tuning,0.02254707757655035,0.9774529224234496
Baseline,SVM_Linear,0.8,Tuning,Tuning,0.22321938829872445,0.7767806117012757
Baseline,SVM_Linear,0.8,Defaults,Tuning,0.47642623317305555,0.5235737668269443
Baseline,SVM_Linear,0.8,Tuning,Tuning,0.23423424932261086,0.7657657506773892
Baseline,SVM_Linear,0.8,Defaults,Tuning,0.3378517314054496,0.6621482685945504
Baseline,SVM_Linear,0.8,Tuning,Tuning,0.309533004112137,0.6904669958878629
Baseline,SVM_Linear,0.8,Tuning,Tuning,0.2694320228800323,0.730567977119968
Baseline,SVM_Linear,0.8,Defaults,Tuning,0.27650445698727544,0.7234955430127243
Baseline,SVM_Linear,0.8,Tuning,Tuning,0.08261712992355162,0.9173828700764483
Baseline,SVM_Linear,0.8,Tuning,Tuning,0.28889353277855334,0.7111064672214467
Baseline,SVM_Linear,0.8,Tuning,Tuning,0.27352935869006373,0.7264706413099363
Baseline,SVM_Linear,0.8,Tuning,Tuning,0.2218656460692241,0.7781343539307756
Baseline,SVM_Linear,0.8,Tuning,Tuning,0.23478851258116512,0.765211487418835
Baseline,SVM_Linear,0.8,Tuning,Tuning,0.2605144107402063,0.7394855892597938
Baseline,SVM_Linear,0.8,Tuning,Tuning,0.27425379982511394,0.7257462001748863
Baseline,SVM_Linear,0.8,Tuning,Tuning,0.2077136541881688,0.7922863458118312
Baseline,SVM_Linear,0.8,Tuning,Tuning,0.14739380648693712,0.8526061935130628
Baseline,SVM_Linear,0.8,Tuning,Tuning,0.21196706063843235,0.7880329393615674
Baseline,SVM_Linear,0.8,Defaults,Tuning,0.3518115491280905,0.6481884508719095
Baseline,SVM_Linear,0.8,Defaults,Tuning,0.250857372322829,0.7491426276771709
Baseline,SVM_Linear,0.8,Tuning,Tuning,0.1378869281190221,0.8621130718809779
Baseline,SVM_Linear,0.8,Tuning,Tuning,0.4806666600937514,0.5193333399062486
Baseline,SVM_Linear,0.8,Tuning,Tuning,0.18177046215777137,0.8182295378422287
Baseline,SVM_Linear,0.8,Defaults,Tuning,0.3155168516455748,0.6844831483544253
Baseline,SVM_Linear,0.8,Tuning,Tuning,0.22985860582924927,0.7701413941707508
Baseline,SVM_Linear,0.8,Defaults,Tuning,0.4451440392866668,0.5548559607133332
Baseline,SVM_Linear,0.8,Tuning,Tuning,0.3053353913440512,0.694664608655949
Baseline,SVM_Linear,0.8,Tuning,Tuning,0.0066779760090211115,0.9933220239909788
Baseline,SVM_Linear,0.8,Tuning,Defaults,0.7085312700182553,0.2914687299817446
Baseline,SVM_Linear,0.8,Tuning,Tuning,0.27183743770394436,0.7281625622960555
Baseline,SVM_Linear,0.8,Tuning,Tuning,0.14845199272780168,0.8515480072721983
Baseline,SVM_Linear,0.8,Tuning,Tuning,0.34931318636302966,0.6506868136369705
Baseline,SVM_Linear,0.8,Tuning,Tuning,0.4054787968068074,0.5945212031931927
Baseline,SVM_Linear,0.8,Tuning,Tuning,0.12146550979169232,0.8785344902083077
Baseline,SVM_Linear,0.8,Tuning,Tuning,0.2735042921604255,0.7264957078395746
Baseline,SVM_Linear,0.8,Tuning,Tuning,0.11129783190810663,0.8887021680918933
Baseline,SVM_Linear,0.8,Defaults,Tuning,0.32123351213943396,0.6787664878605661
Baseline,SVM_Linear,0.8,Tuning,Tuning,0.16287051216344045,0.8371294878365598
Baseline,SVM_Linear,0.8,Tuning,Tuning,0.18498315931273093,0.815016840687269
Baseline,SVM_Linear,0.8,Defaults,Tuning,0.2775374853646402,0.7224625146353599
Baseline,SVM_Linear,0.8,Tuning,Tuning,0.3838201075924562,0.6161798924075439
Baseline,SVM_Linear,0.8,Tuning,Tuning,0.3726814821562812,0.6273185178437188
Baseline,SVM_Linear,0.8,Tuning,Tuning,0.29123179277231515,0.7087682072276846
Baseline,SVM_Linear,0.8,Tuning,Tuning,0.41145156589563503,0.5885484341043649
Baseline,SVM_Linear,0.8,Tuning,Tuning,0.3555600736254749,0.6444399263745252
Baseline,SVM_Linear,0.8,Tuning,Tuning,0.25559908802354386,0.7444009119764561
Baseline,SVM_Linear,0.8,Tuning,Tuning,0.03910455649593644,0.9608954435040633
Baseline,SVM_Linear,0.8,Tuning,Tuning,0.17422691549804373,0.8257730845019563
Baseline,SVM_Linear,0.8,Tuning,Tuning,0.2261768223178292,0.7738231776821709
Baseline,SVM_Linear,0.8,Defaults,Tuning,0.4383629313718295,0.5616370686281704
Baseline,SVM_Linear,0.8,Tuning,Tuning,0.3137190505183114,0.6862809494816886
Baseline,SVM_Linear,0.8,Defaults,Tuning,0.3350284155579763,0.6649715844420238
Baseline,SVM_Linear,0.8,Tuning,Tuning,0.20291227646080215,0.7970877235391979
Baseline,SVM_Linear,0.8,Tuning,Tuning,0.31491342370627434,0.6850865762937257
Baseline,SVM_Linear,0.8,Tuning,Tuning,0.3089494055147816,0.6910505944852187
Baseline,SVM_Linear,0.8,Tuning,Tuning,0.03232630365007822,0.967673696349922
Baseline,SVM_Linear,0.8,Tuning,Tuning,0.3119608438240969,0.6880391561759034
Baseline,SVM_Linear,0.8,Defaults,Tuning,0.08402477406851586,0.9159752259314843
Baseline,SVM_Linear,0.8,Tuning,Tuning,0.2176804059106706,0.7823195940893294
Baseline,SVM_Linear,0.8,Defaults,Tuning,0.4286363989775532,0.5713636010224469
Baseline,SVM_Linear,0.8,Defaults,Tuning,0.3821178943478611,0.6178821056521391
Baseline,SVM_Linear,0.8,Defaults,Tuning,0.44495211181563166,0.5550478881843683
Baseline,SVM_Linear,0.8,Defaults,Tuning,0.4279509065932286,0.5720490934067715
Baseline,SVM_Linear,0.8,Tuning,Tuning,0.25847697289413374,0.7415230271058664
Baseline,SVM_Linear,0.8,Tuning,Tuning,0.26260144667491125,0.7373985533250887
Baseline,SVM_Linear,0.8,Tuning,Tuning,0.2347696873350444,0.7652303126649556
Baseline,SVM_Linear,0.8,Defaults,Tuning,0.30869366709806617,0.6913063329019338
Baseline,SVM_Linear,0.8,Defaults,Tuning,0.36126743211134404,0.6387325678886561
Baseline,SVM_Linear,0.8,Defaults,Tuning,0.3388823459832256,0.6611176540167745
Baseline,SVM_Linear,0.8,Defaults,Tuning,0.4609960508310951,0.5390039491689048
Baseline,SVM_Linear,0.8,Tuning,Tuning,0.4732858032298469,0.5267141967701532
Baseline,SVM_Linear,0.8,Tuning,Defaults,0.6323072522846809,0.367692747715319
Baseline,SVM_Linear,0.8,Defaults,Tuning,0.4449486634944318,0.5550513365055681
Baseline,SVM_Linear,0.8,Tuning,Tuning,0.09393092514770832,0.9060690748522917
Baseline,SVM_Linear,0.8,Defaults,Tuning,0.3820065717852262,0.6179934282147738
Baseline,SVM_Linear,0.8,Tuning,Tuning,0.07835378090198736,0.9216462190980127
Baseline,SVM_Linear,0.8,Tuning,Tuning,0.03589273908589055,0.9641072609141093
Baseline,SVM_Linear,0.8,Defaults,Tuning,0.32262959119839596,0.6773704088016042
Baseline,SVM_Linear,0.8,Tuning,Tuning,0.27479237635844556,0.7252076236415544
Baseline,SVM_Linear,0.8,Defaults,Tuning,3.0000008999999776e-14,0.9999999999999699
Baseline,SVM_Linear,0.8,Tuning,Tuning,0.11854798966476525,0.881452010335235
Baseline,SVM_Linear,0.8,Tuning,Tuning,0.07824484794527824,0.9217551520547219
Baseline,SVM_Linear,0.8,Tuning,Tuning,0.1805433999219221,0.8194566000780782
Baseline,SVM_Linear,0.8,Defaults,Tuning,0.40343291740843845,0.5965670825915615
Baseline,SVM_Linear,0.8,Tuning,Tuning,0.22264691187863936,0.7773530881213605
Baseline,SVM_Linear,0.8,Tuning,Tuning,0.40476995134483695,0.5952300486551632
Baseline,SVM_Linear,0.8,Tuning,Tuning,0.15933670489769902,0.8406632951023009
Baseline,SVM_Linear,0.8,Defaults,Tuning,0.18136188742365325,0.8186381125763467
Baseline,SVM_Linear,0.8,Tuning,Tuning,0.2951353343389138,0.704864665661086
Baseline,SVM_Linear,0.8,Tuning,Tuning,0.3688343776310398,0.6311656223689601
Baseline,SVM_Linear,0.8,Tuning,Tuning,0.07516728919527922,0.9248327108047207
Baseline,SVM_Linear,0.8,Tuning,Tuning,0.04920592605225181,0.9507940739477482
Baseline,SVM_Linear,0.8,Tuning,Defaults,0.615472789365562,0.38452721063443795
Baseline,SVM_Linear,0.8,Tuning,Tuning,0.08249663113969959,0.9175033688603005
Baseline,SVM_Linear,0.8,Tuning,Tuning,0.27123391768971356,0.7287660823102865
Baseline,SVM_Linear,0.8,Defaults,Tuning,0.35386369292737896,0.6461363070726212
Baseline,SVM_Linear,0.8,Tuning,Tuning,0.05099507849332102,0.9490049215066789
Baseline,SVM_Linear,0.8,Tuning,Tuning,0.0952872570710636,0.9047127429289366
Baseline,SVM_Linear,0.8,Tuning,Tuning,0.03215215805584629,0.9678478419441536
Baseline,SVM_Linear,0.8,Tuning,Tuning,0.1780240481126043,0.8219759518873957
Baseline,SVM_Linear,0.8,Tuning,Tuning,0.0892733444819423,0.9107266555180578
Baseline,SVM_Linear,0.8,Tuning,Tuning,0.33855745560334244,0.6614425443966574
Baseline,SVM_Linear,0.8,Tuning,Tuning,0.4911350114230358,0.5088649885769642
Baseline,SVM_Linear,0.8,Tuning,Tuning,0.025689245515088905,0.9743107544849112
Baseline,SVM_Linear,0.8,Defaults,Tuning,0.3176842419752316,0.6823157580247683
Baseline,SVM_Linear,0.8,Tuning,Tuning,0.04351545153092224,0.9564845484690777
Baseline,SVM_Linear,0.8,Defaults,Tuning,0.43406063372605347,0.5659393662739465
Baseline,SVM_Linear,0.8,Tuning,Tuning,0.36202287519441156,0.6379771248055884
Baseline,SVM_Linear,0.8,Tuning,Tuning,0.3231390234114699,0.6768609765885304
Baseline,SVM_Linear,0.8,Tuning,Tuning,0.4460749947133477,0.5539250052866523
Baseline,SVM_Linear,0.8,Tuning,Tuning,0.22100319935643156,0.7789968006435686
Baseline,SVM_Linear,0.8,Defaults,Tuning,0.3312956935523565,0.6687043064476437
Baseline,SVM_Linear,0.8,Defaults,Tuning,0.2638588717407555,0.7361411282592447
Baseline,SVM_Linear,0.8,Tuning,Tuning,0.04946988634343454,0.9505301136565653
Baseline,SVM_Linear,0.8,Tuning,Tuning,0.2181006653378305,0.7818993346621695
Baseline,SVM_Linear,0.8,Tuning,Tuning,0.132070472015372,0.867929527984628
Baseline,SVM_Linear,0.8,Tuning,Tuning,0.132070472015372,0.867929527984628
Baseline,SVM_Linear,0.8,Tuning,Tuning,0.10266692532452741,0.8973330746754725
Baseline,SVM_Linear,0.8,Tuning,Tuning,0.09771289122260376,0.9022871087773963
Baseline,SVM_Linear,0.8,Tuning,Defaults,0.5574506841051606,0.4425493158948393
Baseline,SVM_Linear,0.8,Tuning,Tuning,0.13190322979043168,0.8680967702095683
Baseline,SVM_Linear,0.8,Defaults,Tuning,0.30851347555739334,0.6914865244426068
Baseline,SVM_Linear,0.8,Tuning,Tuning,0.34814555407742254,0.6518544459225777
Baseline,SVM_Linear,0.8,Tuning,Tuning,0.34152160123508013,0.6584783987649199
Baseline,SVM_Linear,0.8,Tuning,Tuning,0.4017479316152831,0.5982520683847169
Baseline,SVM_Linear,0.8,Tuning,Tuning,0.16917760630284467,0.8308223936971553
Baseline,SVM_Linear,0.8,Defaults,Tuning,0.3419001334033082,0.658099866596692
Baseline,SVM_Linear,0.8,Tuning,Tuning,0.1503747493192422,0.8496252506807579
Baseline,SVM_Linear,0.8,Tuning,Tuning,0.03248994882256676,0.9675100511774334
Baseline,SVM_Linear,0.8,Tuning,Tuning,0.32775743500259275,0.6722425649974073
Baseline,SVM_Linear,0.8,Defaults,Tuning,0.30700292484684183,0.6929970751531582
Baseline,SVM_Linear,0.8,Tuning,Tuning,0.06614405486472791,0.933855945135272
Baseline,SVM_Linear,0.8,Tuning,Tuning,0.32515266042000585,0.674847339579994
Baseline,SVM_Linear,0.8,Tuning,Tuning,0.10209654831563382,0.8979034516843661
Baseline,SVM_Linear,0.8,Defaults,Defaults,0.5454174925775365,0.4545825074224637
Baseline,SVM_Linear,0.8,Defaults,Tuning,0.42839251171522924,0.5716074882847706
Baseline,SVM_Linear,0.8,Tuning,Tuning,0.219644129162838,0.780355870837162
Baseline,SVM_Linear,0.8,Tuning,Tuning,0.13850196690385408,0.861498033096146
Baseline,SVM_Linear,0.8,Tuning,Defaults,0.534948244037281,0.46505175596271875
Baseline,SVM_Linear,0.8,Defaults,Tuning,0.36705085299266543,0.6329491470073347
Baseline,SVM_Linear,0.8,Defaults,Tuning,0.36321167720577024,0.6367883227942297
Baseline,SVM_Linear,0.8,Defaults,Tuning,0.4683309405174965,0.5316690594825035
Baseline,SVM_Linear,0.8,Tuning,Tuning,0.19849900647962468,0.8015009935203754
Baseline,SVM_Linear,0.8,Defaults,Tuning,0.35340357923682914,0.646596420763171
Baseline,SVM_Linear,0.8,Tuning,Defaults,0.6654951598276986,0.33450484017230137
Baseline,SVM_Linear,0.8,Tuning,Tuning,0.20711513357998979,0.7928848664200102
Baseline,SVM_Linear,0.8,Defaults,Tuning,0.21450458484737783,0.7854954151526221
Baseline,SVM_Linear,0.8,Defaults,Defaults,0.5403283933012489,0.45967160669875107
Baseline,SVM_Linear,0.8,Tuning,Defaults,0.5092888631135305,0.4907111368864695
Baseline,SVM_Linear,0.8,Tuning,Tuning,0.1636995673204865,0.8363004326795136
Baseline,SVM_Linear,0.8,Defaults,Tuning,0.31473141873550353,0.6852685812644964
Baseline,SVM_Linear,0.8,Tuning,Tuning,0.06098216087054448,0.9390178391294554
Baseline,SVM_Linear,0.8,Tuning,Tuning,0.17761040250736035,0.8223895974926395
Baseline,SVM_Linear,0.8,Tuning,Tuning,0.012462520201739059,0.9875374797982609
Baseline,SVM_Linear,0.8,Tuning,Tuning,0.34837721802875465,0.6516227819712455
Baseline,SVM_Linear,0.85,Tuning,Tuning,0.18639161345505006,0.8136083865449498
Baseline,SVM_Linear,0.85,Tuning,Tuning,0.21894361178071003,0.7810563882192899
Baseline,SVM_Linear,0.85,Defaults,Tuning,0.3989920450852071,0.601007954914793
Baseline,SVM_Linear,0.85,Tuning,Tuning,0.20322204480628614,0.7967779551937137
Baseline,SVM_Linear,0.85,Tuning,Tuning,0.17136587636653267,0.8286341236334672
Baseline,SVM_Linear,0.85,Tuning,Tuning,0.4275403134798537,0.5724596865201461
Baseline,SVM_Linear,0.85,Tuning,Tuning,0.039645612463458026,0.9603543875365418
Baseline,SVM_Linear,0.85,Defaults,Tuning,0.1690651367222169,0.8309348632777832
Baseline,SVM_Linear,0.85,Defaults,Tuning,0.15220350359491802,0.8477964964050821
Baseline,SVM_Linear,0.85,Tuning,Tuning,0.26672370606542584,0.7332762939345739
Baseline,SVM_Linear,0.85,Tuning,Tuning,0.2185750046807264,0.7814249953192736
Baseline,SVM_Linear,0.85,Defaults,Tuning,0.2960035977152259,0.7039964022847741
Baseline,SVM_Linear,0.85,Tuning,Tuning,0.18020153276196815,0.8197984672380317
Baseline,SVM_Linear,0.85,Tuning,Tuning,0.17086014637964508,0.829139853620355
Baseline,SVM_Linear,0.85,Tuning,Tuning,0.01930211322400963,0.9806978867759903
Baseline,SVM_Linear,0.85,Tuning,Tuning,0.21870210192205744,0.7812978980779427
Baseline,SVM_Linear,0.85,Defaults,Tuning,0.4475370154621543,0.5524629845378459
Baseline,SVM_Linear,0.85,Tuning,Tuning,0.2716213024815814,0.7283786975184185
Baseline,SVM_Linear,0.85,Defaults,Tuning,0.3121599408457359,0.6878400591542638
Baseline,SVM_Linear,0.85,Tuning,Tuning,0.3101438067510016,0.6898561932489983
Baseline,SVM_Linear,0.85,Tuning,Tuning,0.3143230938857745,0.6856769061142254
Baseline,SVM_Linear,0.85,Defaults,Tuning,0.2646067232641209,0.735393276735879
Baseline,SVM_Linear,0.85,Tuning,Tuning,0.10706540812487053,0.8929345918751294
Baseline,SVM_Linear,0.85,Tuning,Tuning,0.3151715579459643,0.6848284420540359
Baseline,SVM_Linear,0.85,Tuning,Tuning,0.26540911527434685,0.7345908847256535
Baseline,SVM_Linear,0.85,Tuning,Tuning,0.21941511565055966,0.7805848843494402
Baseline,SVM_Linear,0.85,Tuning,Tuning,0.22824000027502164,0.7717599997249782
Baseline,SVM_Linear,0.85,Tuning,Tuning,0.26606936339006976,0.7339306366099302
Baseline,SVM_Linear,0.85,Tuning,Tuning,0.2820878686102297,0.7179121313897702
Baseline,SVM_Linear,0.85,Tuning,Tuning,0.2102274466766574,0.7897725533233426
Baseline,SVM_Linear,0.85,Tuning,Tuning,0.15933153084412693,0.840668469155873
Baseline,SVM_Linear,0.85,Tuning,Tuning,0.2104797030593021,0.789520296940698
Baseline,SVM_Linear,0.85,Defaults,Tuning,0.36041148893614583,0.6395885110638541
Baseline,SVM_Linear,0.85,Defaults,Tuning,0.24672791629968846,0.7532720837003115
Baseline,SVM_Linear,0.85,Tuning,Tuning,0.1472812508498048,0.8527187491501951
Baseline,SVM_Linear,0.85,Tuning,Tuning,0.49002321777232183,0.5099767822276782
Baseline,SVM_Linear,0.85,Tuning,Tuning,0.18043088665585327,0.8195691133441466
Baseline,SVM_Linear,0.85,Defaults,Tuning,0.3194637839378769,0.6805362160621232
Baseline,SVM_Linear,0.85,Tuning,Tuning,0.22059159297571324,0.7794084070242867
Baseline,SVM_Linear,0.85,Defaults,Tuning,0.4150377239639551,0.5849622760360449
Baseline,SVM_Linear,0.85,Tuning,Tuning,0.37166094448106607,0.6283390555189341
Baseline,SVM_Linear,0.85,Tuning,Tuning,0.007507595039062522,0.9924924049609375
Baseline,SVM_Linear,0.85,Tuning,Defaults,0.6967431792595543,0.30325682074044574
Baseline,SVM_Linear,0.85,Tuning,Tuning,0.3220468163131315,0.6779531836868687
Baseline,SVM_Linear,0.85,Tuning,Tuning,0.18894778624507735,0.8110522137549225
Baseline,SVM_Linear,0.85,Tuning,Tuning,0.3817835898025697,0.6182164101974303
Baseline,SVM_Linear,0.85,Tuning,Tuning,0.35025461603143293,0.649745383968567
Baseline,SVM_Linear,0.85,Tuning,Tuning,0.1543318391828166,0.8456681608171833
Baseline,SVM_Linear,0.85,Tuning,Tuning,0.27792296963304636,0.7220770303669536
Baseline,SVM_Linear,0.85,Tuning,Tuning,0.13528995830429644,0.8647100416957035
Baseline,SVM_Linear,0.85,Defaults,Tuning,0.29451009716418347,0.7054899028358167
Baseline,SVM_Linear,0.85,Tuning,Tuning,0.09507611303086977,0.9049238869691303
Baseline,SVM_Linear,0.85,Tuning,Tuning,0.11359555082664592,0.886404449173354
Baseline,SVM_Linear,0.85,Defaults,Tuning,0.28367843672646437,0.7163215632735357
Baseline,SVM_Linear,0.85,Tuning,Tuning,0.3781429261883465,0.6218570738116533
Baseline,SVM_Linear,0.85,Tuning,Tuning,0.3636615693697708,0.6363384306302293
Baseline,SVM_Linear,0.85,Tuning,Tuning,0.30077266190988744,0.6992273380901126
Baseline,SVM_Linear,0.85,Tuning,Tuning,0.40600160042123506,0.593998399578765
Baseline,SVM_Linear,0.85,Tuning,Tuning,0.3390377334363607,0.6609622665636394
Baseline,SVM_Linear,0.85,Tuning,Tuning,0.2583718911318878,0.741628108868112
Baseline,SVM_Linear,0.85,Tuning,Tuning,0.04658639455194294,0.9534136054480571
Baseline,SVM_Linear,0.85,Tuning,Tuning,0.17689719227282652,0.8231028077271734
Baseline,SVM_Linear,0.85,Tuning,Tuning,0.23399349211896034,0.7660065078810399
Baseline,SVM_Linear,0.85,Defaults,Tuning,0.39276948021128144,0.6072305197887184
Baseline,SVM_Linear,0.85,Tuning,Tuning,0.30454671089354896,0.6954532891064511
Baseline,SVM_Linear,0.85,Defaults,Tuning,0.28181777552615045,0.7181822244738495
Baseline,SVM_Linear,0.85,Tuning,Tuning,0.22197149858674706,0.778028501413253
Baseline,SVM_Linear,0.85,Tuning,Tuning,0.24838413364340098,0.7516158663565989
Baseline,SVM_Linear,0.85,Tuning,Tuning,0.30793112404430545,0.6920688759556949
Baseline,SVM_Linear,0.85,Tuning,Tuning,0.04990019169550209,0.9500998083044979
Baseline,SVM_Linear,0.85,Tuning,Tuning,0.3031920469987862,0.6968079530012139
Baseline,SVM_Linear,0.85,Defaults,Tuning,0.05820257091418879,0.9417974290858113
Baseline,SVM_Linear,0.85,Tuning,Tuning,0.23398891706022423,0.7660110829397757
Baseline,SVM_Linear,0.85,Defaults,Tuning,0.4093596174480426,0.5906403825519573
Baseline,SVM_Linear,0.85,Defaults,Tuning,0.369774424461888,0.6302255755381122
Baseline,SVM_Linear,0.85,Defaults,Tuning,0.4205121116904255,0.5794878883095745
Baseline,SVM_Linear,0.85,Defaults,Tuning,0.40758351306180346,0.5924164869381966
Baseline,SVM_Linear,0.85,Tuning,Tuning,0.25898075477467125,0.7410192452253288
Baseline,SVM_Linear,0.85,Tuning,Tuning,0.2642910064345674,0.7357089935654325
Baseline,SVM_Linear,0.85,Tuning,Tuning,0.2409116625004587,0.7590883374995413
Baseline,SVM_Linear,0.85,Defaults,Tuning,0.29136908213481716,0.708630917865183
Baseline,SVM_Linear,0.85,Defaults,Tuning,0.3253438235772735,0.6746561764227266
Baseline,SVM_Linear,0.85,Defaults,Tuning,0.3380708230345639,0.6619291769654361
Baseline,SVM_Linear,0.85,Defaults,Tuning,0.4350619771331335,0.5649380228668665
Baseline,SVM_Linear,0.85,Tuning,Tuning,0.44599990820995056,0.5540000917900496
Baseline,SVM_Linear,0.85,Tuning,Defaults,0.5521356732550552,0.44786432674494486
Baseline,SVM_Linear,0.85,Defaults,Tuning,0.41606998527432,0.5839300147256801
Baseline,SVM_Linear,0.85,Tuning,Tuning,0.12000741368400752,0.8799925863159922
Baseline,SVM_Linear,0.85,Defaults,Tuning,0.37956482987241175,0.6204351701275882
Baseline,SVM_Linear,0.85,Tuning,Tuning,0.10530714486038928,0.8946928551396106
Baseline,SVM_Linear,0.85,Tuning,Tuning,0.037455635014830645,0.9625443649851694
Baseline,SVM_Linear,0.85,Defaults,Tuning,0.3038797593807204,0.6961202406192797
Baseline,SVM_Linear,0.85,Tuning,Tuning,0.27703004354614125,0.7229699564538585
Baseline,SVM_Linear,0.85,Defaults,Tuning,3.0000008999999776e-14,0.9999999999999699
Baseline,SVM_Linear,0.85,Tuning,Tuning,0.12488471894874016,0.87511528105126
Baseline,SVM_Linear,0.85,Tuning,Tuning,0.11353349622497362,0.8864665037750267
Baseline,SVM_Linear,0.85,Tuning,Tuning,0.1675213961182191,0.8324786038817809
Baseline,SVM_Linear,0.85,Defaults,Tuning,0.4049045637485359,0.5950954362514641
Baseline,SVM_Linear,0.85,Tuning,Tuning,0.2173137071707517,0.7826862928292482
Baseline,SVM_Linear,0.85,Tuning,Tuning,0.4184294024929678,0.5815705975070321
Baseline,SVM_Linear,0.85,Tuning,Tuning,0.1749801233638671,0.8250198766361329
Baseline,SVM_Linear,0.85,Defaults,Tuning,0.17623082977493987,0.8237691702250599
Baseline,SVM_Linear,0.85,Tuning,Tuning,0.2953903397480293,0.7046096602519706
Baseline,SVM_Linear,0.85,Tuning,Tuning,0.4008976291726083,0.5991023708273917
Baseline,SVM_Linear,0.85,Tuning,Tuning,0.05325986800906116,0.946740131990939
Baseline,SVM_Linear,0.85,Tuning,Tuning,0.07477570876260124,0.9252242912373987
Baseline,SVM_Linear,0.85,Tuning,Defaults,0.6046515792090217,0.39534842079097837
Baseline,SVM_Linear,0.85,Tuning,Tuning,0.12234952991822312,0.8776504700817768
Baseline,SVM_Linear,0.85,Tuning,Tuning,0.3210562259790787,0.6789437740209213
Baseline,SVM_Linear,0.85,Defaults,Tuning,0.37137564917264315,0.6286243508273568
Baseline,SVM_Linear,0.85,Tuning,Tuning,0.054970863321246254,0.9450291366787534
Baseline,SVM_Linear,0.85,Tuning,Tuning,0.10128992262668932,0.8987100773733108
Baseline,SVM_Linear,0.85,Tuning,Tuning,0.039920227686171664,0.9600797723138285
Baseline,SVM_Linear,0.85,Tuning,Tuning,0.1849665208444454,0.8150334791555548
Baseline,SVM_Linear,0.85,Tuning,Tuning,0.17277670600258846,0.8272232939974115
Baseline,SVM_Linear,0.85,Tuning,Tuning,0.34803072507598504,0.6519692749240151
Baseline,SVM_Linear,0.85,Tuning,Tuning,0.46855814994737954,0.5314418500526206
Baseline,SVM_Linear,0.85,Tuning,Tuning,0.039375342427005834,0.9606246575729942
Baseline,SVM_Linear,0.85,Defaults,Tuning,0.3219805275663465,0.6780194724336533
Baseline,SVM_Linear,0.85,Tuning,Tuning,0.07653851046491192,0.923461489535088
Baseline,SVM_Linear,0.85,Defaults,Tuning,0.40379506620865135,0.5962049337913486
Baseline,SVM_Linear,0.85,Tuning,Tuning,0.3382951314582122,0.6617048685417874
Baseline,SVM_Linear,0.85,Tuning,Tuning,0.3411291411235297,0.6588708588764705
Baseline,SVM_Linear,0.85,Tuning,Tuning,0.4631292676863376,0.5368707323136623
Baseline,SVM_Linear,0.85,Tuning,Tuning,0.22271977739563636,0.7772802226043635
Baseline,SVM_Linear,0.85,Defaults,Tuning,0.33021523872974945,0.6697847612702506
Baseline,SVM_Linear,0.85,Defaults,Tuning,0.2536237760045949,0.746376223995405
Baseline,SVM_Linear,0.85,Tuning,Tuning,0.06102082429212536,0.9389791757078746
Baseline,SVM_Linear,0.85,Tuning,Tuning,0.20537483351313382,0.7946251664868661
Baseline,SVM_Linear,0.85,Tuning,Tuning,0.13993675218884688,0.8600632478111533
Baseline,SVM_Linear,0.85,Tuning,Tuning,0.13993675218884688,0.8600632478111533
Baseline,SVM_Linear,0.85,Tuning,Tuning,0.2880331864850664,0.7119668135149337
Baseline,SVM_Linear,0.85,Tuning,Tuning,0.1114347508976232,0.8885652491023769
Baseline,SVM_Linear,0.85,Tuning,Defaults,0.5819053885133242,0.41809461148667576
Baseline,SVM_Linear,0.85,Tuning,Tuning,0.1313563631885708,0.8686436368114292
Baseline,SVM_Linear,0.85,Defaults,Tuning,0.2961695436846209,0.7038304563153789
Baseline,SVM_Linear,0.85,Tuning,Tuning,0.3637419613263584,0.6362580386736417
Baseline,SVM_Linear,0.85,Tuning,Tuning,0.37653156486930767,0.6234684351306923
Baseline,SVM_Linear,0.85,Tuning,Tuning,0.4502528369667507,0.5497471630332492
Baseline,SVM_Linear,0.85,Tuning,Tuning,0.1742370033662754,0.8257629966337248
Baseline,SVM_Linear,0.85,Defaults,Tuning,0.34602723720324113,0.6539727627967589
Baseline,SVM_Linear,0.85,Tuning,Tuning,0.17805570401682252,0.8219442959831774
Baseline,SVM_Linear,0.85,Tuning,Tuning,0.03862265093700655,0.9613773490629935
Baseline,SVM_Linear,0.85,Tuning,Tuning,0.29672506714223085,0.7032749328577691
Baseline,SVM_Linear,0.85,Defaults,Tuning,0.3095131800526194,0.6904868199473806
Baseline,SVM_Linear,0.85,Tuning,Tuning,0.10015049973822665,0.8998495002617731
Baseline,SVM_Linear,0.85,Tuning,Tuning,0.32584480562191703,0.6741551943780831
Baseline,SVM_Linear,0.85,Tuning,Tuning,0.12408791166111335,0.8759120883388868
Baseline,SVM_Linear,0.85,Defaults,Tuning,0.4806632332683746,0.5193367667316254
Baseline,SVM_Linear,0.85,Defaults,Tuning,0.40992830821915743,0.5900716917808426
Baseline,SVM_Linear,0.85,Tuning,Tuning,0.23983168027404408,0.7601683197259559
Baseline,SVM_Linear,0.85,Tuning,Tuning,0.1510675385137717,0.8489324614862284
Baseline,SVM_Linear,0.85,Tuning,Defaults,0.5375923876120767,0.46240761238792316
Baseline,SVM_Linear,0.85,Defaults,Tuning,0.3401261258966553,0.659873874103345
Baseline,SVM_Linear,0.85,Defaults,Tuning,0.34119457541569553,0.6588054245843046
Baseline,SVM_Linear,0.85,Defaults,Tuning,0.43597050757510625,0.5640294924248938
Baseline,SVM_Linear,0.85,Tuning,Tuning,0.2435315513719654,0.7564684486280344
Baseline,SVM_Linear,0.85,Defaults,Tuning,0.3501820744878429,0.6498179255121569
Baseline,SVM_Linear,0.85,Tuning,Defaults,0.6595677274143898,0.3404322725856102
Baseline,SVM_Linear,0.85,Tuning,Tuning,0.21462322357267707,0.7853767764273228
Baseline,SVM_Linear,0.85,Defaults,Tuning,0.2177038668023527,0.7822961331976472
Baseline,SVM_Linear,0.85,Defaults,Tuning,0.4812842339461304,0.5187157660538696
Baseline,SVM_Linear,0.85,Tuning,Defaults,0.5158735322841905,0.48412646771580964
Baseline,SVM_Linear,0.85,Tuning,Tuning,0.18295897979858639,0.8170410202014139
Baseline,SVM_Linear,0.85,Defaults,Tuning,0.291016792591167,0.708983207408833
Baseline,SVM_Linear,0.85,Tuning,Tuning,0.02954806519178806,0.9704519348082121
Baseline,SVM_Linear,0.85,Tuning,Tuning,0.17131592673207754,0.8286840732679223
Baseline,SVM_Linear,0.85,Tuning,Tuning,0.016804685520119857,0.98319531447988
Baseline,SVM_Linear,0.85,Tuning,Tuning,0.3518441247239633,0.6481558752760367
Baseline,SVM_Linear,0.9,Tuning,Tuning,0.16886576575152282,0.8311342342484771
Baseline,SVM_Linear,0.9,Tuning,Tuning,0.2344821743364963,0.7655178256635037
Baseline,SVM_Linear,0.9,Defaults,Tuning,0.4012535382844917,0.5987464617155083
Baseline,SVM_Linear,0.9,Tuning,Tuning,0.23203104872442507,0.7679689512755751
Baseline,SVM_Linear,0.9,Tuning,Tuning,0.2203119504638283,0.7796880495361717
Baseline,SVM_Linear,0.9,Tuning,Tuning,0.391378813299268,0.6086211867007318
Baseline,SVM_Linear,0.9,Tuning,Tuning,0.04462364052959643,0.9553763594704036
Baseline,SVM_Linear,0.9,Defaults,Tuning,0.15056411097067096,0.849435889029329
Baseline,SVM_Linear,0.9,Defaults,Tuning,0.14890925447625925,0.851090745523741
Baseline,SVM_Linear,0.9,Tuning,Tuning,0.25059414294837473,0.7494058570516253
Baseline,SVM_Linear,0.9,Tuning,Tuning,0.23283156334615895,0.767168436653841
Baseline,SVM_Linear,0.9,Defaults,Tuning,0.30384914938302815,0.6961508506169717
Baseline,SVM_Linear,0.9,Tuning,Tuning,0.18190829101319,0.8180917089868104
Baseline,SVM_Linear,0.9,Tuning,Tuning,0.18790749170654472,0.8120925082934555
Baseline,SVM_Linear,0.9,Tuning,Tuning,0.019794734971259463,0.9802052650287404
Baseline,SVM_Linear,0.9,Tuning,Tuning,0.23024835082641384,0.7697516491735862
Baseline,SVM_Linear,0.9,Defaults,Tuning,0.489097601686199,0.5109023983138011
Baseline,SVM_Linear,0.9,Tuning,Tuning,0.2675123957299995,0.7324876042700005
Baseline,SVM_Linear,0.9,Defaults,Tuning,0.3068656567667805,0.6931343432332193
Baseline,SVM_Linear,0.9,Tuning,Tuning,0.37194543206611136,0.6280545679338887
Baseline,SVM_Linear,0.9,Tuning,Tuning,0.2415042569048029,0.7584957430951971
Baseline,SVM_Linear,0.9,Defaults,Tuning,0.2862335323832351,0.713766467616765
Baseline,SVM_Linear,0.9,Tuning,Tuning,0.13920715022402327,0.8607928497759767
Baseline,SVM_Linear,0.9,Tuning,Tuning,0.31056844750057855,0.6894315524994215
Baseline,SVM_Linear,0.9,Tuning,Tuning,0.2788216502355899,0.7211783497644103
Baseline,SVM_Linear,0.9,Tuning,Tuning,0.22989008112786063,0.7701099188721393
Baseline,SVM_Linear,0.9,Tuning,Tuning,0.2792408971680872,0.7207591028319129
Baseline,SVM_Linear,0.9,Tuning,Tuning,0.2699416756673487,0.7300583243326513
Baseline,SVM_Linear,0.9,Tuning,Tuning,0.2746938440723451,0.7253061559276549
Baseline,SVM_Linear,0.9,Tuning,Tuning,0.23096542085172334,0.7690345791482767
Baseline,SVM_Linear,0.9,Tuning,Tuning,0.17671714635792654,0.8232828536420734
Baseline,SVM_Linear,0.9,Tuning,Tuning,0.2501972328518348,0.7498027671481651
Baseline,SVM_Linear,0.9,Defaults,Tuning,0.38057538137241653,0.6194246186275835
Baseline,SVM_Linear,0.9,Defaults,Tuning,0.25746325533989767,0.7425367446601022
Baseline,SVM_Linear,0.9,Tuning,Tuning,0.11214433732943553,0.8878556626705646
Baseline,SVM_Linear,0.9,Tuning,Tuning,0.4605962569854312,0.5394037430145688
Baseline,SVM_Linear,0.9,Tuning,Tuning,0.18455105670424224,0.8154489432957578
Baseline,SVM_Linear,0.9,Defaults,Tuning,0.30132209119923864,0.6986779088007614
Baseline,SVM_Linear,0.9,Tuning,Tuning,0.19724368523487465,0.8027563147651253
Baseline,SVM_Linear,0.9,Defaults,Tuning,0.40388585227003393,0.596114147729966
Baseline,SVM_Linear,0.9,Tuning,Tuning,0.32967056071540635,0.6703294392845937
Baseline,SVM_Linear,0.9,Tuning,Tuning,0.05261026811833702,0.9473897318816628
Baseline,SVM_Linear,0.9,Tuning,Defaults,0.6628919908448176,0.3371080091551823
Baseline,SVM_Linear,0.9,Tuning,Tuning,0.25457785651019127,0.745422143489809
Baseline,SVM_Linear,0.9,Tuning,Tuning,0.2056642816690916,0.7943357183309085
Baseline,SVM_Linear,0.9,Tuning,Tuning,0.3263235514978525,0.6736764485021475
Baseline,SVM_Linear,0.9,Tuning,Tuning,0.27227181863909417,0.7277281813609059
Baseline,SVM_Linear,0.9,Tuning,Tuning,0.22020883207401376,0.7797911679259864
Baseline,SVM_Linear,0.9,Tuning,Tuning,0.2662332552169758,0.7337667447830242
Baseline,SVM_Linear,0.9,Tuning,Tuning,0.15161916462357772,0.8483808353764223
Baseline,SVM_Linear,0.9,Defaults,Tuning,0.27713791912362673,0.7228620808763734
Baseline,SVM_Linear,0.9,Tuning,Tuning,0.14042431049101464,0.8595756895089856
Baseline,SVM_Linear,0.9,Tuning,Tuning,0.2075213616686267,0.7924786383313732
Baseline,SVM_Linear,0.9,Defaults,Tuning,0.31262216063781495,0.6873778393621853
Baseline,SVM_Linear,0.9,Tuning,Tuning,0.3316666971217367,0.6683333028782634
Baseline,SVM_Linear,0.9,Tuning,Tuning,0.4141535769979278,0.5858464230020722
Baseline,SVM_Linear,0.9,Tuning,Tuning,0.3734060018147695,0.6265939981852303
Baseline,SVM_Linear,0.9,Tuning,Tuning,0.4330998235791906,0.5669001764208095
Baseline,SVM_Linear,0.9,Tuning,Tuning,0.35594142901331716,0.6440585709866828
Baseline,SVM_Linear,0.9,Tuning,Tuning,0.26640721076223456,0.7335927892377654
Baseline,SVM_Linear,0.9,Tuning,Tuning,0.04491987959691338,0.9550801204030867
Baseline,SVM_Linear,0.9,Tuning,Tuning,0.15947249523342538,0.8405275047665746
Baseline,SVM_Linear,0.9,Tuning,Tuning,0.21289020143365145,0.7871097985663486
Baseline,SVM_Linear,0.9,Defaults,Tuning,0.3759817182853516,0.6240182817146485
Baseline,SVM_Linear,0.9,Tuning,Tuning,0.28463136327257305,0.7153686367274271
Baseline,SVM_Linear,0.9,Defaults,Tuning,0.2801027125275958,0.7198972874724042
Baseline,SVM_Linear,0.9,Tuning,Tuning,0.20796872829856117,0.7920312717014389
Baseline,SVM_Linear,0.9,Tuning,Tuning,0.20881118242506055,0.7911888175749394
Baseline,SVM_Linear,0.9,Tuning,Tuning,0.2841242025364179,0.7158757974635821
Baseline,SVM_Linear,0.9,Tuning,Tuning,0.061202110723539635,0.9387978892764602
Baseline,SVM_Linear,0.9,Tuning,Tuning,0.3150704805311027,0.6849295194688974
Baseline,SVM_Linear,0.9,Defaults,Tuning,0.1243932494667941,0.8756067505332056
Baseline,SVM_Linear,0.9,Tuning,Tuning,0.3299080461907923,0.6700919538092075
Baseline,SVM_Linear,0.9,Defaults,Tuning,0.40990423976645823,0.5900957602335417
Baseline,SVM_Linear,0.9,Defaults,Tuning,0.3642394639287184,0.6357605360712816
Baseline,SVM_Linear,0.9,Defaults,Tuning,0.45233618919620633,0.5476638108037937
Baseline,SVM_Linear,0.9,Defaults,Tuning,0.40771186495076484,0.5922881350492349
Baseline,SVM_Linear,0.9,Tuning,Tuning,0.25776017222504966,0.7422398277749503
Baseline,SVM_Linear,0.9,Tuning,Tuning,0.26371761453905407,0.7362823854609458
Baseline,SVM_Linear,0.9,Tuning,Tuning,0.28066984344474083,0.7193301565552588
Baseline,SVM_Linear,0.9,Defaults,Tuning,0.2969173077268166,0.7030826922731835
Baseline,SVM_Linear,0.9,Defaults,Tuning,0.3911243631889084,0.6088756368110917
Baseline,SVM_Linear,0.9,Defaults,Tuning,0.3029535973571622,0.6970464026428381
Baseline,SVM_Linear,0.9,Defaults,Tuning,0.46780703303436827,0.5321929669656318
Baseline,SVM_Linear,0.9,Tuning,Tuning,0.42815776560517677,0.5718422343948232
Baseline,SVM_Linear,0.9,Tuning,Tuning,0.48579389451853944,0.5142061054814607
Baseline,SVM_Linear,0.9,Defaults,Tuning,0.44647740539021175,0.5535225946097885
Baseline,SVM_Linear,0.9,Tuning,Tuning,0.13652315804370896,0.8634768419562909
Baseline,SVM_Linear,0.9,Defaults,Tuning,0.4008723795127772,0.5991276204872227
Baseline,SVM_Linear,0.9,Tuning,Tuning,0.11584697143177168,0.8841530285682283
Baseline,SVM_Linear,0.9,Tuning,Tuning,0.039855320767105074,0.9601446792328948
Baseline,SVM_Linear,0.9,Defaults,Tuning,0.30352359814624713,0.6964764018537529
Baseline,SVM_Linear,0.9,Tuning,Tuning,0.2673051476193631,0.732694852380637
Baseline,SVM_Linear,0.9,Defaults,Tuning,3.0000008999999776e-14,0.9999999999999699
Baseline,SVM_Linear,0.9,Tuning,Tuning,0.10872018580259846,0.8912798141974015
Baseline,SVM_Linear,0.9,Tuning,Tuning,0.13319729581886536,0.8668027041811348
Baseline,SVM_Linear,0.9,Tuning,Tuning,0.20505425492784443,0.7949457450721555
Baseline,SVM_Linear,0.9,Defaults,Tuning,0.4504497824452804,0.5495502175547197
Baseline,SVM_Linear,0.9,Tuning,Tuning,0.21573400200103462,0.7842659979989653
Baseline,SVM_Linear,0.9,Tuning,Tuning,0.438415780814638,0.5615842191853619
Baseline,SVM_Linear,0.9,Tuning,Tuning,0.2105653706326408,0.7894346293673592
Baseline,SVM_Linear,0.9,Defaults,Tuning,0.13080714271131613,0.8691928572886839
Baseline,SVM_Linear,0.9,Tuning,Tuning,0.2677420693771636,0.7322579306228364
Baseline,SVM_Linear,0.9,Tuning,Tuning,0.4338836867396827,0.5661163132603171
Baseline,SVM_Linear,0.9,Tuning,Tuning,0.06118708839098966,0.9388129116090103
Baseline,SVM_Linear,0.9,Tuning,Tuning,0.05344913150259781,0.946550868497402
Baseline,SVM_Linear,0.9,Tuning,Defaults,0.5533734284668529,0.4466265715331472
Baseline,SVM_Linear,0.9,Tuning,Tuning,0.12452042203123635,0.8754795779687635
Baseline,SVM_Linear,0.9,Tuning,Tuning,0.21940394099117563,0.7805960590088244
Baseline,SVM_Linear,0.9,Defaults,Tuning,0.3942141099018968,0.6057858900981034
Baseline,SVM_Linear,0.9,Tuning,Tuning,0.02927119744550113,0.9707288025544988
Baseline,SVM_Linear,0.9,Tuning,Tuning,0.09291285862271322,0.9070871413772869
Baseline,SVM_Linear,0.9,Tuning,Tuning,0.04749723756481252,0.9525027624351875
Baseline,SVM_Linear,0.9,Tuning,Tuning,0.25846769128175834,0.7415323087182414
Baseline,SVM_Linear,0.9,Tuning,Tuning,0.1559978279407551,0.844002172059245
Baseline,SVM_Linear,0.9,Tuning,Tuning,0.31176239073329143,0.6882376092667085
Baseline,SVM_Linear,0.9,Tuning,Tuning,0.3932034322400337,0.6067965677599664
Baseline,SVM_Linear,0.9,Tuning,Tuning,0.025847940585438964,0.9741520594145611
Baseline,SVM_Linear,0.9,Defaults,Tuning,0.3347827095737572,0.6652172904262428
Baseline,SVM_Linear,0.9,Tuning,Tuning,0.09674848580107225,0.9032515141989277
Baseline,SVM_Linear,0.9,Defaults,Tuning,0.45369220022192325,0.5463077997780768
Baseline,SVM_Linear,0.9,Tuning,Tuning,0.2974727942049042,0.7025272057950958
Baseline,SVM_Linear,0.9,Tuning,Tuning,0.35375086786353316,0.6462491321364668
Baseline,SVM_Linear,0.9,Tuning,Tuning,0.3251772379293857,0.6748227620706143
Baseline,SVM_Linear,0.9,Tuning,Tuning,0.2207699895305309,0.7792300104694692
Baseline,SVM_Linear,0.9,Defaults,Tuning,0.3245517973693544,0.6754482026306455
Baseline,SVM_Linear,0.9,Defaults,Tuning,0.2661788333932799,0.7338211666067204
Baseline,SVM_Linear,0.9,Tuning,Tuning,0.07015091570458604,0.9298490842954142
Baseline,SVM_Linear,0.9,Tuning,Tuning,0.12315721503178681,0.8768427849682131
Baseline,SVM_Linear,0.9,Tuning,Tuning,0.16491152374219267,0.8350884762578071
Baseline,SVM_Linear,0.9,Tuning,Tuning,0.16491152374219267,0.8350884762578071
Baseline,SVM_Linear,0.9,Tuning,Tuning,0.13003676850115123,0.8699632314988489
Baseline,SVM_Linear,0.9,Tuning,Tuning,0.09992254573880817,0.900077454261192
Baseline,SVM_Linear,0.9,Tuning,Defaults,0.6049704262770655,0.39502957372293435
Baseline,SVM_Linear,0.9,Tuning,Tuning,0.10497320132401078,0.8950267986759892
Baseline,SVM_Linear,0.9,Defaults,Tuning,0.23113234583191847,0.7688676541680816
Baseline,SVM_Linear,0.9,Tuning,Tuning,0.3952177599513608,0.6047822400486393
Baseline,SVM_Linear,0.9,Tuning,Tuning,0.24304661215473025,0.7569533878452699
Baseline,SVM_Linear,0.9,Tuning,Tuning,0.33829981905813716,0.6617001809418632
Baseline,SVM_Linear,0.9,Tuning,Tuning,0.19568017754836564,0.8043198224516344
Baseline,SVM_Linear,0.9,Defaults,Tuning,0.3258849067060613,0.6741150932939387
Baseline,SVM_Linear,0.9,Tuning,Tuning,0.1671451295348498,0.8328548704651502
Baseline,SVM_Linear,0.9,Tuning,Tuning,0.022081926878984918,0.9779180731210152
Baseline,SVM_Linear,0.9,Tuning,Tuning,0.2979727329854559,0.7020272670145442
Baseline,SVM_Linear,0.9,Defaults,Tuning,0.29310713850725034,0.7068928614927498
Baseline,SVM_Linear,0.9,Tuning,Tuning,0.14676449664147959,0.8532355033585205
Baseline,SVM_Linear,0.9,Tuning,Tuning,0.31340303635634936,0.6865969636436506
Baseline,SVM_Linear,0.9,Tuning,Tuning,0.10482870641989826,0.895171293580102
Baseline,SVM_Linear,0.9,Defaults,Defaults,0.5139986618820735,0.48600133811792645
Baseline,SVM_Linear,0.9,Defaults,Tuning,0.4029499941203096,0.5970500058796905
Baseline,SVM_Linear,0.9,Tuning,Tuning,0.19681574668948665,0.8031842533105134
Baseline,SVM_Linear,0.9,Tuning,Tuning,0.13237900268519925,0.8676209973148009
Baseline,SVM_Linear,0.9,Tuning,Defaults,0.744398462555262,0.2556015374447379
Baseline,SVM_Linear,0.9,Defaults,Tuning,0.3336170861162385,0.6663829138837613
Baseline,SVM_Linear,0.9,Defaults,Tuning,0.32879017009359357,0.6712098299064064
Baseline,SVM_Linear,0.9,Defaults,Tuning,0.439908654020516,0.560091345979484
Baseline,SVM_Linear,0.9,Tuning,Tuning,0.261072145874627,0.7389278541253729
Baseline,SVM_Linear,0.9,Defaults,Tuning,0.3762729054867989,0.6237270945132011
Baseline,SVM_Linear,0.9,Tuning,Defaults,0.6393318859322512,0.3606681140677488
Baseline,SVM_Linear,0.9,Tuning,Tuning,0.22571900156281172,0.7742809984371885
Baseline,SVM_Linear,0.9,Defaults,Tuning,0.256629041122552,0.7433709588774479
Baseline,SVM_Linear,0.9,Defaults,Tuning,0.4755745257929928,0.5244254742070072
Baseline,SVM_Linear,0.9,Tuning,Tuning,0.47155427455779536,0.5284457254422046
Baseline,SVM_Linear,0.9,Tuning,Tuning,0.21262368017254768,0.7873763198274524
Baseline,SVM_Linear,0.9,Defaults,Tuning,0.35243799343376486,0.6475620065662351
Baseline,SVM_Linear,0.9,Tuning,Tuning,0.043417437005534146,0.956582562994466
Baseline,SVM_Linear,0.9,Tuning,Tuning,0.14671556869337482,0.8532844313066253
Baseline,SVM_Linear,0.9,Tuning,Tuning,0.007143385080238755,0.9928566149197612
Baseline,SVM_Linear,0.9,Tuning,Tuning,0.24088527664174814,0.7591147233582519
Baseline,SVM_Linear,0.95,Tuning,Tuning,0.14901649410998144,0.8509835058900185
Baseline,SVM_Linear,0.95,Tuning,Tuning,0.2447724189965177,0.7552275810034822
Baseline,SVM_Linear,0.95,Defaults,Tuning,0.4499067864906003,0.5500932135093997
Baseline,SVM_Linear,0.95,Tuning,Tuning,0.22455297969028618,0.775447020309714
Baseline,SVM_Linear,0.95,Tuning,Tuning,0.2174182707133093,0.7825817292866907
Baseline,SVM_Linear,0.95,Tuning,Tuning,0.41201659911595445,0.5879834008840455
Baseline,SVM_Linear,0.95,Tuning,Tuning,0.11129074234224402,0.8887092576577561
Baseline,SVM_Linear,0.95,Defaults,Tuning,0.14286009951033624,0.8571399004896637
Baseline,SVM_Linear,0.95,Defaults,Tuning,0.15371149534998194,0.8462885046500178
Baseline,SVM_Linear,0.95,Tuning,Tuning,0.21935093134909991,0.7806490686509
Baseline,SVM_Linear,0.95,Tuning,Tuning,0.2451343756234533,0.7548656243765468
Baseline,SVM_Linear,0.95,Defaults,Tuning,0.31081674570797724,0.6891832542920229
Baseline,SVM_Linear,0.95,Tuning,Tuning,0.20327970899249875,0.796720291007501
Baseline,SVM_Linear,0.95,Tuning,Tuning,0.21297075043463523,0.7870292495653648
Baseline,SVM_Linear,0.95,Tuning,Tuning,0.031053254647259478,0.9689467453527407
Baseline,SVM_Linear,0.95,Tuning,Tuning,0.23645754387795445,0.7635424561220459
Baseline,SVM_Linear,0.95,Defaults,Tuning,0.49283255318486346,0.5071674468151364
Baseline,SVM_Linear,0.95,Tuning,Tuning,0.23704600386694427,0.7629539961330557
Baseline,SVM_Linear,0.95,Defaults,Tuning,0.32098159860446857,0.6790184013955317
Baseline,SVM_Linear,0.95,Tuning,Tuning,0.35262188858353555,0.6473781114164644
Baseline,SVM_Linear,0.95,Tuning,Tuning,0.29847631409868897,0.7015236859013111
Baseline,SVM_Linear,0.95,Defaults,Tuning,0.2794754461985852,0.7205245538014148
Baseline,SVM_Linear,0.95,Tuning,Tuning,0.1616201875958949,0.8383798124041052
Baseline,SVM_Linear,0.95,Tuning,Tuning,0.3077822319439813,0.6922177680560186
Baseline,SVM_Linear,0.95,Tuning,Tuning,0.2852296068900392,0.7147703931099607
Baseline,SVM_Linear,0.95,Tuning,Tuning,0.23224899112309647,0.7677510088769037
Baseline,SVM_Linear,0.95,Tuning,Tuning,0.2851897292814787,0.7148102707185215
Baseline,SVM_Linear,0.95,Tuning,Tuning,0.26250204009204686,0.7374979599079532
Baseline,SVM_Linear,0.95,Tuning,Tuning,0.2670355555624376,0.7329644444375625
Baseline,SVM_Linear,0.95,Tuning,Tuning,0.22869157628218428,0.7713084237178157
Baseline,SVM_Linear,0.95,Tuning,Tuning,0.1748692343325239,0.825130765667476
Baseline,SVM_Linear,0.95,Tuning,Tuning,0.24668705955066533,0.7533129404493345
Baseline,SVM_Linear,0.95,Defaults,Tuning,0.3696439764330053,0.6303560235669947
Baseline,SVM_Linear,0.95,Defaults,Tuning,0.26325090512926214,0.7367490948707377
Baseline,SVM_Linear,0.95,Tuning,Tuning,0.11068626415792579,0.8893137358420742
Baseline,SVM_Linear,0.95,Tuning,Tuning,0.32975728041574254,0.6702427195842575
Baseline,SVM_Linear,0.95,Tuning,Tuning,0.23673074762386795,0.7632692523761319
Baseline,SVM_Linear,0.95,Defaults,Tuning,0.3346911509324646,0.6653088490675352
Baseline,SVM_Linear,0.95,Tuning,Tuning,0.22624402086566858,0.7737559791343315
Baseline,SVM_Linear,0.95,Defaults,Tuning,0.3794612410829673,0.6205387589170328
Baseline,SVM_Linear,0.95,Tuning,Tuning,0.29062686676242844,0.7093731332375715
Baseline,SVM_Linear,0.95,Tuning,Tuning,0.16194433832182567,0.8380556616781744
Baseline,SVM_Linear,0.95,Tuning,Defaults,0.6588692072978733,0.34113079270212676
Baseline,SVM_Linear,0.95,Tuning,Tuning,0.24103007523773076,0.7589699247622694
Baseline,SVM_Linear,0.95,Tuning,Tuning,0.23334575801546836,0.7666542419845316
Baseline,SVM_Linear,0.95,Tuning,Tuning,0.337685705693185,0.6623142943068152
Baseline,SVM_Linear,0.95,Tuning,Tuning,0.3306898877329899,0.6693101122670101
Baseline,SVM_Linear,0.95,Tuning,Tuning,0.20663164399585482,0.793368356004145
Baseline,SVM_Linear,0.95,Tuning,Tuning,0.28627773738734325,0.7137222626126565
Baseline,SVM_Linear,0.95,Tuning,Tuning,0.15870280352304153,0.8412971964769584
Baseline,SVM_Linear,0.95,Defaults,Tuning,0.2803287382519587,0.7196712617480413
Baseline,SVM_Linear,0.95,Tuning,Tuning,0.06669261680445604,0.9333073831955438
Baseline,SVM_Linear,0.95,Tuning,Tuning,0.11210828627663881,0.887891713723361
Baseline,SVM_Linear,0.95,Defaults,Tuning,0.2781462420876913,0.7218537579123085
Baseline,SVM_Linear,0.95,Tuning,Tuning,0.3351739486911822,0.6648260513088176
Baseline,SVM_Linear,0.95,Tuning,Tuning,0.4343744273127269,0.5656255726872731
Baseline,SVM_Linear,0.95,Tuning,Tuning,0.3606527861221682,0.6393472138778317
Baseline,SVM_Linear,0.95,Tuning,Tuning,0.4748626490184571,0.5251373509815429
Baseline,SVM_Linear,0.95,Tuning,Tuning,0.37350127984845244,0.6264987201515475
Baseline,SVM_Linear,0.95,Tuning,Tuning,0.23786653148236975,0.7621334685176304
Baseline,SVM_Linear,0.95,Tuning,Tuning,0.053654052035143736,0.9463459479648564
Baseline,SVM_Linear,0.95,Tuning,Tuning,0.17491944572252982,0.8250805542774703
Baseline,SVM_Linear,0.95,Tuning,Tuning,0.21851767748830367,0.7814823225116966
Baseline,SVM_Linear,0.95,Defaults,Tuning,0.37510019434371134,0.6248998056562887
Baseline,SVM_Linear,0.95,Tuning,Tuning,0.28791183946723853,0.7120881605327614
Baseline,SVM_Linear,0.95,Defaults,Tuning,0.2917171471603527,0.7082828528396473
Baseline,SVM_Linear,0.95,Tuning,Tuning,0.2142095973789285,0.7857904026210716
Baseline,SVM_Linear,0.95,Tuning,Tuning,0.24506025392609448,0.7549397460739055
Baseline,SVM_Linear,0.95,Tuning,Tuning,0.3021242970226199,0.6978757029773802
Baseline,SVM_Linear,0.95,Tuning,Tuning,0.08335667521996636,0.9166433247800335
Baseline,SVM_Linear,0.95,Tuning,Tuning,0.24931791917867474,0.7506820808213253
Baseline,SVM_Linear,0.95,Defaults,Tuning,0.14513583989051723,0.8548641601094827
Baseline,SVM_Linear,0.95,Tuning,Tuning,0.3360469671794167,0.6639530328205834
Baseline,SVM_Linear,0.95,Defaults,Tuning,0.42674186681309884,0.5732581331869011
Baseline,SVM_Linear,0.95,Defaults,Tuning,0.37851667364369973,0.6214833263563003
Baseline,SVM_Linear,0.95,Defaults,Tuning,0.4645694203534518,0.5354305796465482
Baseline,SVM_Linear,0.95,Defaults,Tuning,0.42568690413047966,0.5743130958695205
Baseline,SVM_Linear,0.95,Tuning,Tuning,0.2524464748785648,0.7475535251214351
Baseline,SVM_Linear,0.95,Tuning,Tuning,0.26257812219034843,0.7374218778096515
Baseline,SVM_Linear,0.95,Tuning,Tuning,0.2865889425406732,0.7134110574593271
Baseline,SVM_Linear,0.95,Defaults,Tuning,0.3053437553992765,0.6946562446007233
Baseline,SVM_Linear,0.95,Defaults,Tuning,0.38021449659468526,0.6197855034053148
Baseline,SVM_Linear,0.95,Defaults,Tuning,0.3047490289209153,0.6952509710790847
Baseline,SVM_Linear,0.95,Defaults,Tuning,0.4554981254041487,0.5445018745958513
Baseline,SVM_Linear,0.95,Tuning,Tuning,0.44402031443881235,0.5559796855611877
Baseline,SVM_Linear,0.95,Tuning,Tuning,0.4456027427123723,0.5543972572876276
Baseline,SVM_Linear,0.95,Defaults,Tuning,0.43985553578465103,0.5601444642153488
Baseline,SVM_Linear,0.95,Tuning,Tuning,0.1370007061682129,0.8629992938317873
Baseline,SVM_Linear,0.95,Defaults,Tuning,0.40075427994327345,0.5992457200567267
Baseline,SVM_Linear,0.95,Tuning,Tuning,0.1337964089850529,0.8662035910149471
Baseline,SVM_Linear,0.95,Tuning,Tuning,0.04162980375040473,0.9583701962495955
Baseline,SVM_Linear,0.95,Defaults,Tuning,0.32414497530885805,0.6758550246911419
Baseline,SVM_Linear,0.95,Tuning,Tuning,0.22751604741979634,0.7724839525802036
Baseline,SVM_Linear,0.95,Defaults,Tuning,3.0000008999999776e-14,0.9999999999999699
Baseline,SVM_Linear,0.95,Tuning,Tuning,0.10771603652808291,0.8922839634719172
Baseline,SVM_Linear,0.95,Tuning,Tuning,0.13082427416202477,0.8691757258379753
Baseline,SVM_Linear,0.95,Tuning,Tuning,0.19497146640485685,0.8050285335951431
Baseline,SVM_Linear,0.95,Defaults,Tuning,0.4423841228248736,0.5576158771751263
Baseline,SVM_Linear,0.95,Tuning,Tuning,0.2318439523137496,0.7681560476862506
Baseline,SVM_Linear,0.95,Tuning,Tuning,0.4151389482235745,0.5848610517764253
Baseline,SVM_Linear,0.95,Tuning,Tuning,0.21222669926736523,0.787773300732635
Baseline,SVM_Linear,0.95,Defaults,Tuning,0.13844790964822715,0.861552090351773
Baseline,SVM_Linear,0.95,Tuning,Tuning,0.2757115413910521,0.7242884586089479
Baseline,SVM_Linear,0.95,Tuning,Tuning,0.4061936012008826,0.5938063987991173
Baseline,SVM_Linear,0.95,Tuning,Tuning,0.043845229530578005,0.9561547704694219
Baseline,SVM_Linear,0.95,Tuning,Tuning,0.04367067087821422,0.9563293291217857
Baseline,SVM_Linear,0.95,Tuning,Defaults,0.5363242813738088,0.4636757186261911
Baseline,SVM_Linear,0.95,Tuning,Tuning,0.12031834546378763,0.8796816545362123
Baseline,SVM_Linear,0.95,Tuning,Tuning,0.19243780682672615,0.8075621931732738
Baseline,SVM_Linear,0.95,Defaults,Tuning,0.3755276722411584,0.6244723277588418
Baseline,SVM_Linear,0.95,Tuning,Tuning,0.04234925201463682,0.957650747985363
Baseline,SVM_Linear,0.95,Tuning,Tuning,0.09573786020127181,0.904262139798728
Baseline,SVM_Linear,0.95,Tuning,Tuning,0.284170883968488,0.715829116031512
Baseline,SVM_Linear,0.95,Tuning,Tuning,0.203546128683764,0.796453871316236
Baseline,SVM_Linear,0.95,Tuning,Tuning,0.10824581499056281,0.8917541850094372
Baseline,SVM_Linear,0.95,Tuning,Tuning,0.32515884358202296,0.674841156417977
Baseline,SVM_Linear,0.95,Tuning,Tuning,0.37068873867219604,0.629311261327804
Baseline,SVM_Linear,0.95,Tuning,Tuning,0.03388344839452113,0.966116551605479
Baseline,SVM_Linear,0.95,Defaults,Tuning,0.3401176568130044,0.6598823431869958
Baseline,SVM_Linear,0.95,Tuning,Tuning,0.07489430234056987,0.9251056976594304
Baseline,SVM_Linear,0.95,Defaults,Tuning,0.4456315053178298,0.5543684946821702
Baseline,SVM_Linear,0.95,Tuning,Tuning,0.28648834731072004,0.7135116526892801
Baseline,SVM_Linear,0.95,Tuning,Tuning,0.3293810344900564,0.6706189655099436
Baseline,SVM_Linear,0.95,Tuning,Tuning,0.4701012433213843,0.5298987566786157
Baseline,SVM_Linear,0.95,Tuning,Tuning,0.2135136284369854,0.7864863715630147
Baseline,SVM_Linear,0.95,Defaults,Tuning,0.30878649271937575,0.6912135072806244
Baseline,SVM_Linear,0.95,Defaults,Tuning,0.27526209238690175,0.7247379076130983
Baseline,SVM_Linear,0.95,Tuning,Tuning,0.07609518890208487,0.9239048110979151
Baseline,SVM_Linear,0.95,Tuning,Tuning,0.10812810667685276,0.8918718933231473
Baseline,SVM_Linear,0.95,Tuning,Tuning,0.16486611432279386,0.8351338856772061
Baseline,SVM_Linear,0.95,Tuning,Tuning,0.16486611432279386,0.8351338856772061
Baseline,SVM_Linear,0.95,Tuning,Tuning,0.09687327423469926,0.9031267257653008
Baseline,SVM_Linear,0.95,Tuning,Tuning,0.10219751366107838,0.8978024863389217
Baseline,SVM_Linear,0.95,Tuning,Defaults,0.5662601979427969,0.4337398020572029
Baseline,SVM_Linear,0.95,Tuning,Tuning,0.1486726374458815,0.8513273625541186
Baseline,SVM_Linear,0.95,Defaults,Tuning,0.23527386306713255,0.7647261369328675
Baseline,SVM_Linear,0.95,Tuning,Tuning,0.3718841751991822,0.6281158248008178
Baseline,SVM_Linear,0.95,Tuning,Tuning,0.2610617475534941,0.7389382524465059
Baseline,SVM_Linear,0.95,Tuning,Tuning,0.3104900033723599,0.6895099966276403
Baseline,SVM_Linear,0.95,Tuning,Tuning,0.20564442601512492,0.794355573984875
Baseline,SVM_Linear,0.95,Defaults,Tuning,0.29835665980799375,0.7016433401920061
Baseline,SVM_Linear,0.95,Tuning,Tuning,0.17600083928508764,0.8239991607149124
Baseline,SVM_Linear,0.95,Tuning,Tuning,0.0580562893605069,0.9419437106394932
Baseline,SVM_Linear,0.95,Tuning,Tuning,0.30903493247229824,0.6909650675277016
Baseline,SVM_Linear,0.95,Defaults,Tuning,0.29478006440785876,0.7052199355921411
Baseline,SVM_Linear,0.95,Tuning,Tuning,0.06122680199964937,0.9387731980003504
Baseline,SVM_Linear,0.95,Tuning,Tuning,0.3287785825128997,0.6712214174871003
Baseline,SVM_Linear,0.95,Tuning,Tuning,0.10889877795336904,0.8911012220466311
Baseline,SVM_Linear,0.95,Defaults,Defaults,0.5352081919758412,0.46479180802415876
Baseline,SVM_Linear,0.95,Defaults,Tuning,0.3652567645951778,0.6347432354048224
Baseline,SVM_Linear,0.95,Tuning,Tuning,0.2048117342765594,0.7951882657234407
Baseline,SVM_Linear,0.95,Tuning,Tuning,0.12042288058727829,0.8795771194127214
Baseline,SVM_Linear,0.95,Tuning,Defaults,0.7747177049094681,0.22528229509053174
Baseline,SVM_Linear,0.95,Defaults,Tuning,0.3207435269862072,0.679256473013793
Baseline,SVM_Linear,0.95,Defaults,Tuning,0.3402849283194521,0.6597150716805479
Baseline,SVM_Linear,0.95,Defaults,Tuning,0.43133790072202116,0.5686620992779787
Baseline,SVM_Linear,0.95,Tuning,Tuning,0.24506856563139362,0.7549314343686064
Baseline,SVM_Linear,0.95,Defaults,Tuning,0.40112366129473925,0.5988763387052607
Baseline,SVM_Linear,0.95,Tuning,Defaults,0.6301115018136504,0.3698884981863496
Baseline,SVM_Linear,0.95,Tuning,Tuning,0.17868492768566865,0.8213150723143313
Baseline,SVM_Linear,0.95,Defaults,Tuning,0.23967397229992474,0.7603260277000752
Baseline,SVM_Linear,0.95,Defaults,Tuning,0.4519350746048109,0.5480649253951893
Baseline,SVM_Linear,0.95,Tuning,Tuning,0.4656124862953879,0.5343875137046122
Baseline,SVM_Linear,0.95,Tuning,Tuning,0.1768514545949188,0.8231485454050811
Baseline,SVM_Linear,0.95,Defaults,Tuning,0.3581727125314942,0.6418272874685058
Baseline,SVM_Linear,0.95,Tuning,Tuning,0.018619072576491976,0.9813809274235081
Baseline,SVM_Linear,0.95,Tuning,Tuning,0.20381754060628807,0.796182459393712
Baseline,SVM_Linear,0.95,Tuning,Tuning,0.01103059220545032,0.9889694077945497
Baseline,SVM_Linear,0.95,Tuning,Tuning,0.26062938741649694,0.739370612583503
Baseline,SVM_RBF,0.8,Tuning,Tuning,0.15234475619226942,0.8476552438077305
Baseline,SVM_RBF,0.8,Tuning,Tuning,0.2241847502583295,0.7758152497416705
Baseline,SVM_RBF,0.8,Defaults,Tuning,0.41274067310770296,0.587259326892297
Baseline,SVM_RBF,0.8,Tuning,Tuning,0.1011262072856523,0.8988737927143476
Baseline,SVM_RBF,0.8,Tuning,Tuning,0.1197387173995898,0.8802612826004103
Baseline,SVM_RBF,0.8,Tuning,Tuning,0.4833320718219286,0.5166679281780714
Baseline,SVM_RBF,0.8,Tuning,Tuning,0.10704957519622982,0.8929504248037701
Baseline,SVM_RBF,0.8,Defaults,Tuning,0.17648801129185074,0.8235119887081493
Baseline,SVM_RBF,0.8,Defaults,Tuning,0.11008797777448906,0.8899120222255111
Baseline,SVM_RBF,0.8,Tuning,Tuning,0.19514179098458942,0.8048582090154107
Baseline,SVM_RBF,0.8,Tuning,Tuning,0.11144095803689297,0.888559041963107
Baseline,SVM_RBF,0.8,Defaults,Tuning,0.3853152745610307,0.6146847254389695
Baseline,SVM_RBF,0.8,Tuning,Tuning,0.11751591713141032,0.8824840828685896
Baseline,SVM_RBF,0.8,Tuning,Tuning,0.13244096736644143,0.8675590326335585
Baseline,SVM_RBF,0.8,Tuning,Tuning,0.14950573819172522,0.8504942618082746
Baseline,SVM_RBF,0.8,Tuning,Tuning,0.11401749063230852,0.8859825093676915
Baseline,SVM_RBF,0.8,Defaults,Defaults,0.5897584589438568,0.4102415410561432
Baseline,SVM_RBF,0.8,Tuning,Tuning,0.11704992781643361,0.8829500721835666
Baseline,SVM_RBF,0.8,Defaults,Tuning,0.20989294039460266,0.7901070596053975
Baseline,SVM_RBF,0.8,Tuning,Tuning,0.3046722470801626,0.6953277529198374
Baseline,SVM_RBF,0.8,Tuning,Tuning,0.3836968389100867,0.6163031610899133
Baseline,SVM_RBF,0.8,Defaults,Tuning,0.2696283347179019,0.7303716652820981
Baseline,SVM_RBF,0.8,Tuning,Tuning,0.07424009567595104,0.9257599043240488
Baseline,SVM_RBF,0.8,Tuning,Tuning,0.25778177908904437,0.7422182209109558
Baseline,SVM_RBF,0.8,Tuning,Tuning,0.1482453751089892,0.8517546248910108
Baseline,SVM_RBF,0.8,Tuning,Tuning,0.10653260149393348,0.8934673985060665
Baseline,SVM_RBF,0.8,Tuning,Tuning,0.13077815531159956,0.8692218446884004
Baseline,SVM_RBF,0.8,Tuning,Tuning,0.13796487249184228,0.8620351275081579
Baseline,SVM_RBF,0.8,Tuning,Tuning,0.1294296381078044,0.8705703618921956
Baseline,SVM_RBF,0.8,Tuning,Tuning,0.09772736416734094,0.9022726358326592
Baseline,SVM_RBF,0.8,Tuning,Tuning,0.10280766958952317,0.8971923304104766
Baseline,SVM_RBF,0.8,Tuning,Tuning,0.1353138174806112,0.864686182519389
Baseline,SVM_RBF,0.8,Defaults,Defaults,0.8835510214462696,0.11644897855373054
Baseline,SVM_RBF,0.8,Defaults,Tuning,0.20467434525660336,0.7953256547433967
Baseline,SVM_RBF,0.8,Tuning,Tuning,0.13790795906798126,0.862092040932019
Baseline,SVM_RBF,0.8,Tuning,Tuning,0.23021878165611578,0.769781218343884
Baseline,SVM_RBF,0.8,Tuning,Tuning,0.3538087990873062,0.6461912009126938
Baseline,SVM_RBF,0.8,Defaults,Tuning,0.2364937205944392,0.7635062794055607
Baseline,SVM_RBF,0.8,Tuning,Tuning,0.20908236853664774,0.7909176314633523
Baseline,SVM_RBF,0.8,Defaults,Tuning,0.44761603429629776,0.5523839657037022
Baseline,SVM_RBF,0.8,Tuning,Tuning,0.17831358721186175,0.8216864127881384
Baseline,SVM_RBF,0.8,Tuning,Tuning,0.16533617733298345,0.8346638226670167
Baseline,SVM_RBF,0.8,Tuning,Tuning,0.2633449644574246,0.7366550355425754
Baseline,SVM_RBF,0.8,Tuning,Tuning,0.21590299802409318,0.7840970019759069
Baseline,SVM_RBF,0.8,Tuning,Tuning,0.15146848281368355,0.8485315171863166
Baseline,SVM_RBF,0.8,Tuning,Tuning,0.2911866194113359,0.7088133805886639
Baseline,SVM_RBF,0.8,Tuning,Tuning,0.16913763099885856,0.8308623690011413
Baseline,SVM_RBF,0.8,Tuning,Tuning,0.0698353034811818,0.9301646965188182
Baseline,SVM_RBF,0.8,Tuning,Tuning,0.2496334573323979,0.7503665426676022
Baseline,SVM_RBF,0.8,Tuning,Tuning,0.1011903574890724,0.8988096425109274
Baseline,SVM_RBF,0.8,Defaults,Tuning,0.2216131219587658,0.778386878041234
Baseline,SVM_RBF,0.8,Tuning,Tuning,0.14225439200939863,0.8577456079906013
Baseline,SVM_RBF,0.8,Tuning,Tuning,0.1409334622615259,0.859066537738474
Baseline,SVM_RBF,0.8,Defaults,Tuning,0.19568724815481445,0.8043127518451856
Baseline,SVM_RBF,0.8,Tuning,Defaults,0.8630917468159051,0.136908253184095
Baseline,SVM_RBF,0.8,Tuning,Tuning,0.18679343091080686,0.8132065690891934
Baseline,SVM_RBF,0.8,Tuning,Tuning,0.22389660886423182,0.7761033911357682
Baseline,SVM_RBF,0.8,Tuning,Tuning,0.38761309870693417,0.6123869012930658
Baseline,SVM_RBF,0.8,Tuning,Tuning,0.21127696131849483,0.788723038681505
Baseline,SVM_RBF,0.8,Tuning,Tuning,0.12612203389049573,0.8738779661095042
Baseline,SVM_RBF,0.8,Tuning,Tuning,0.12378264932208682,0.8762173506779133
Baseline,SVM_RBF,0.8,Tuning,Tuning,0.14246332833621828,0.8575366716637818
Baseline,SVM_RBF,0.8,Tuning,Tuning,0.2250115096188451,0.7749884903811549
Baseline,SVM_RBF,0.8,Defaults,Defaults,0.66583146284831,0.3341685371516901
Baseline,SVM_RBF,0.8,Tuning,Tuning,0.43212857828555445,0.5678714217144454
Baseline,SVM_RBF,0.8,Defaults,Tuning,0.4539391315219578,0.5460608684780422
Baseline,SVM_RBF,0.8,Tuning,Tuning,0.12653875000914272,0.8734612499908573
Baseline,SVM_RBF,0.8,Tuning,Tuning,0.25164571972898764,0.7483542802710121
Baseline,SVM_RBF,0.8,Tuning,Tuning,0.1710361801682291,0.828963819831771
Baseline,SVM_RBF,0.8,Tuning,Tuning,0.15787248077632174,0.8421275192236782
Baseline,SVM_RBF,0.8,Tuning,Tuning,0.14352405705679472,0.8564759429432054
Baseline,SVM_RBF,0.8,Defaults,Tuning,0.09365896855987536,0.9063410314401247
Baseline,SVM_RBF,0.8,Tuning,Tuning,0.12989744615540216,0.870102553844598
Baseline,SVM_RBF,0.8,Defaults,Defaults,0.9044041055586678,0.09559589444133221
Baseline,SVM_RBF,0.8,Defaults,Defaults,0.8869991829891096,0.11300081701089025
Baseline,SVM_RBF,0.8,Defaults,Defaults,0.874406635896416,0.12559336410358388
Baseline,SVM_RBF,0.8,Defaults,Defaults,0.9001971546706402,0.09980284532936001
Baseline,SVM_RBF,0.8,Tuning,Tuning,0.12509130024952303,0.874908699750477
Baseline,SVM_RBF,0.8,Tuning,Tuning,0.12569843993458338,0.8743015600654167
Baseline,SVM_RBF,0.8,Tuning,Tuning,0.22606971817085325,0.7739302818291467
Baseline,SVM_RBF,0.8,Defaults,Tuning,0.3521348442854784,0.6478651557145217
Baseline,SVM_RBF,0.8,Defaults,Tuning,0.4605762030963038,0.5394237969036961
Baseline,SVM_RBF,0.8,Defaults,Tuning,0.307184940739971,0.6928150592600291
Baseline,SVM_RBF,0.8,Defaults,Tuning,0.4455101915424952,0.5544898084575047
Baseline,SVM_RBF,0.8,Tuning,Defaults,0.6613586647147165,0.3386413352852834
Baseline,SVM_RBF,0.8,Tuning,Defaults,0.6801289578012324,0.3198710421987675
Baseline,SVM_RBF,0.8,Defaults,Defaults,0.8352288645597638,0.16477113544023625
Baseline,SVM_RBF,0.8,Tuning,Tuning,0.06442098437186998,0.9355790156281301
Baseline,SVM_RBF,0.8,Defaults,Tuning,0.33732232003228135,0.6626776799677188
Baseline,SVM_RBF,0.8,Tuning,Tuning,0.11921394085257732,0.8807860591474226
Baseline,SVM_RBF,0.8,Tuning,Tuning,0.0707965115429757,0.9292034884570244
Baseline,SVM_RBF,0.8,Defaults,Tuning,0.25087787066747913,0.7491221293325209
Baseline,SVM_RBF,0.8,Tuning,Tuning,0.1478758154868643,0.8521241845131358
Baseline,SVM_RBF,0.8,Defaults,Tuning,0.1455974636653498,0.8544025363346501
Baseline,SVM_RBF,0.8,Tuning,Tuning,0.11469140199575636,0.8853085980042436
Baseline,SVM_RBF,0.8,Tuning,Tuning,0.08781520701273214,0.9121847929872677
Baseline,SVM_RBF,0.8,Tuning,Tuning,0.0518400058167327,0.9481599941832674
Baseline,SVM_RBF,0.8,Defaults,Tuning,0.3825212157514003,0.6174787842485996
Baseline,SVM_RBF,0.8,Tuning,Tuning,0.13752240593017157,0.8624775940698284
Baseline,SVM_RBF,0.8,Tuning,Tuning,0.13063800171242962,0.8693619982875704
Baseline,SVM_RBF,0.8,Tuning,Tuning,0.06177366039857288,0.9382263396014271
Baseline,SVM_RBF,0.8,Defaults,Tuning,0.08734828099708575,0.9126517190029143
Baseline,SVM_RBF,0.8,Tuning,Tuning,0.1697740668956695,0.8302259331043306
Baseline,SVM_RBF,0.8,Tuning,Tuning,0.38181891488203756,0.6181810851179623
Baseline,SVM_RBF,0.8,Tuning,Tuning,0.15959101564839756,0.8404089843516026
Baseline,SVM_RBF,0.8,Tuning,Tuning,0.06765944219835966,0.9323405578016404
Baseline,SVM_RBF,0.8,Tuning,Defaults,0.7723214261765181,0.22767857382348183
Baseline,SVM_RBF,0.8,Tuning,Tuning,0.08765412329353688,0.9123458767064633
Baseline,SVM_RBF,0.8,Tuning,Tuning,0.14188391843180412,0.8581160815681957
Baseline,SVM_RBF,0.8,Defaults,Defaults,0.7534042293875741,0.2465957706124259
Baseline,SVM_RBF,0.8,Tuning,Tuning,0.05109555652284564,0.9489044434771545
Baseline,SVM_RBF,0.8,Tuning,Tuning,0.05162420229983283,0.9483757977001672
Baseline,SVM_RBF,0.8,Tuning,Tuning,0.1378465725414001,0.8621534274586
Baseline,SVM_RBF,0.8,Tuning,Tuning,0.07611989688851883,0.9238801031114812
Baseline,SVM_RBF,0.8,Tuning,Tuning,0.15744788093118375,0.8425521190688161
Baseline,SVM_RBF,0.8,Tuning,Tuning,0.35484971362415185,0.6451502863758481
Baseline,SVM_RBF,0.8,Tuning,Tuning,0.43813011646783123,0.5618698835321686
Baseline,SVM_RBF,0.8,Tuning,Tuning,0.10479348656603558,0.8952065134339645
Baseline,SVM_RBF,0.8,Defaults,Defaults,0.5432579353709691,0.4567420646290309
Baseline,SVM_RBF,0.8,Tuning,Tuning,0.15528775970391273,0.8447122402960875
Baseline,SVM_RBF,0.8,Defaults,Defaults,0.7980885829944315,0.20191141700556872
Baseline,SVM_RBF,0.8,Tuning,Tuning,0.21583086247138522,0.7841691375286148
Baseline,SVM_RBF,0.8,Tuning,Tuning,0.33233146359523497,0.6676685364047652
Baseline,SVM_RBF,0.8,Tuning,Tuning,0.23477188728545687,0.7652281127145428
Baseline,SVM_RBF,0.8,Tuning,Tuning,0.14688047635846574,0.8531195236415341
Baseline,SVM_RBF,0.8,Defaults,Tuning,0.2046400597156273,0.7953599402843727
Baseline,SVM_RBF,0.8,Defaults,Tuning,0.14378429053648362,0.8562157094635164
Baseline,SVM_RBF,0.8,Tuning,Tuning,0.06373799122324958,0.9362620087767505
Baseline,SVM_RBF,0.8,Tuning,Tuning,0.47461288408738195,0.5253871159126181
Baseline,SVM_RBF,0.8,Tuning,Tuning,0.08556937609553489,0.9144306239044648
Baseline,SVM_RBF,0.8,Tuning,Tuning,0.08556937609553489,0.9144306239044648
Baseline,SVM_RBF,0.8,Tuning,Tuning,0.15491511870995023,0.8450848812900498
Baseline,SVM_RBF,0.8,Tuning,Tuning,0.14071791747370474,0.8592820825262952
Baseline,SVM_RBF,0.8,Tuning,Defaults,0.6860978888203803,0.31390211117961964
Baseline,SVM_RBF,0.8,Tuning,Tuning,0.11631052142648554,0.8836894785735145
Baseline,SVM_RBF,0.8,Defaults,Tuning,0.24474559347803823,0.7552544065219617
Baseline,SVM_RBF,0.8,Tuning,Defaults,0.6410898940373051,0.3589101059626948
Baseline,SVM_RBF,0.8,Tuning,Defaults,0.6257997883667693,0.37420021163323064
Baseline,SVM_RBF,0.8,Tuning,Tuning,0.22533132956048016,0.7746686704395198
Baseline,SVM_RBF,0.8,Tuning,Tuning,0.10909084024596355,0.8909091597540364
Baseline,SVM_RBF,0.8,Defaults,Defaults,0.8293926117641119,0.17060738823588814
Baseline,SVM_RBF,0.8,Tuning,Tuning,0.10828843720944796,0.8917115627905521
Baseline,SVM_RBF,0.8,Tuning,Tuning,0.31716681058913204,0.6828331894108681
Baseline,SVM_RBF,0.8,Tuning,Tuning,0.20812289098005485,0.791877109019945
Baseline,SVM_RBF,0.8,Defaults,Tuning,0.19129145915448487,0.8087085408455151
Baseline,SVM_RBF,0.8,Tuning,Tuning,0.12214381098415539,0.8778561890158447
Baseline,SVM_RBF,0.8,Tuning,Defaults,0.5418637441157111,0.4581362558842888
Baseline,SVM_RBF,0.8,Tuning,Tuning,0.14918691811986642,0.8508130818801335
Baseline,SVM_RBF,0.8,Defaults,Defaults,0.7521825149204485,0.24781748507955134
Baseline,SVM_RBF,0.8,Defaults,Tuning,0.19118224416078872,0.8088177558392113
Baseline,SVM_RBF,0.8,Tuning,Tuning,0.24680392464240208,0.7531960753575978
Baseline,SVM_RBF,0.8,Tuning,Tuning,0.12672573232695064,0.8732742676730493
Baseline,SVM_RBF,0.8,Tuning,Tuning,0.17944630775151216,0.8205536922484878
Baseline,SVM_RBF,0.8,Defaults,Tuning,0.45937917155384594,0.5406208284461541
Baseline,SVM_RBF,0.8,Defaults,Tuning,0.43501055011848566,0.5649894498815143
Baseline,SVM_RBF,0.8,Defaults,Defaults,0.7752982733307529,0.22470172666924704
Baseline,SVM_RBF,0.8,Tuning,Tuning,0.2233289390026354,0.7766710609973645
Baseline,SVM_RBF,0.8,Defaults,Defaults,0.6519007933542158,0.3480992066457841
Baseline,SVM_RBF,0.8,Tuning,Defaults,0.8729310777927809,0.12706892220721897
Baseline,SVM_RBF,0.8,Tuning,Tuning,0.17267512560187398,0.8273248743981261
Baseline,SVM_RBF,0.8,Defaults,Tuning,0.2517957218268754,0.7482042781731246
Baseline,SVM_RBF,0.8,Defaults,Tuning,0.48241446737729826,0.5175855326227018
Baseline,SVM_RBF,0.8,Tuning,Defaults,0.5777594592414536,0.4222405407585465
Baseline,SVM_RBF,0.8,Tuning,Tuning,0.16379407225660086,0.836205927743399
Baseline,SVM_RBF,0.8,Defaults,Tuning,0.3433664831778627,0.6566335168221374
Baseline,SVM_RBF,0.8,Tuning,Tuning,0.13623175484922703,0.8637682451507732
Baseline,SVM_RBF,0.8,Tuning,Tuning,0.16139933268942175,0.8386006673105785
Baseline,SVM_RBF,0.8,Tuning,Tuning,0.1651541334948133,0.8348458665051867
Baseline,SVM_RBF,0.8,Tuning,Tuning,0.13638728352004986,0.8636127164799502
Baseline,SVM_RBF,0.85,Tuning,Tuning,0.18065943445025018,0.8193405655497501
Baseline,SVM_RBF,0.85,Tuning,Tuning,0.22959012808003815,0.7704098719199616
Baseline,SVM_RBF,0.85,Defaults,Tuning,0.4593146236384277,0.5406853763615723
Baseline,SVM_RBF,0.85,Tuning,Tuning,0.09583263084510793,0.9041673691548922
Baseline,SVM_RBF,0.85,Tuning,Tuning,0.11617313109320963,0.8838268689067904
Baseline,SVM_RBF,0.85,Tuning,Tuning,0.47135646173977963,0.5286435382602204
Baseline,SVM_RBF,0.85,Tuning,Tuning,0.1374340233789214,0.8625659766210785
Baseline,SVM_RBF,0.85,Defaults,Tuning,0.17875537716952003,0.8212446228304799
Baseline,SVM_RBF,0.85,Defaults,Tuning,0.11763227748601017,0.8823677225139899
Baseline,SVM_RBF,0.85,Tuning,Tuning,0.19437636644330544,0.8056236335566944
Baseline,SVM_RBF,0.85,Tuning,Tuning,0.11554574726492356,0.8844542527350764
Baseline,SVM_RBF,0.85,Defaults,Tuning,0.39341615477586855,0.6065838452241316
Baseline,SVM_RBF,0.85,Tuning,Tuning,0.12631731421996142,0.8736826857800387
Baseline,SVM_RBF,0.85,Tuning,Tuning,0.13823564569326277,0.8617643543067371
Baseline,SVM_RBF,0.85,Tuning,Tuning,0.15872715206414384,0.841272847935856
Baseline,SVM_RBF,0.85,Tuning,Tuning,0.11927747768628015,0.8807225223137196
Baseline,SVM_RBF,0.85,Defaults,Defaults,0.6053891208206417,0.39461087917935833
Baseline,SVM_RBF,0.85,Tuning,Tuning,0.11799186683336801,0.8820081331666321
Baseline,SVM_RBF,0.85,Defaults,Tuning,0.2310096388961212,0.7689903611038788
Baseline,SVM_RBF,0.85,Tuning,Tuning,0.3329965171692117,0.6670034828307883
Baseline,SVM_RBF,0.85,Tuning,Tuning,0.4601566531091164,0.5398433468908835
Baseline,SVM_RBF,0.85,Defaults,Tuning,0.2939275927668655,0.7060724072331344
Baseline,SVM_RBF,0.85,Tuning,Tuning,0.0800749222553334,0.9199250777446667
Baseline,SVM_RBF,0.85,Tuning,Tuning,0.2725384130660129,0.7274615869339869
Baseline,SVM_RBF,0.85,Tuning,Tuning,0.15122838896124738,0.8487716110387525
Baseline,SVM_RBF,0.85,Tuning,Tuning,0.10662684168116889,0.8933731583188311
Baseline,SVM_RBF,0.85,Tuning,Tuning,0.12338554340302282,0.8766144565969773
Baseline,SVM_RBF,0.85,Tuning,Tuning,0.13458645784723217,0.8654135421527678
Baseline,SVM_RBF,0.85,Tuning,Tuning,0.1321312052180843,0.8678687947819157
Baseline,SVM_RBF,0.85,Tuning,Tuning,0.09670597849376306,0.9032940215062368
Baseline,SVM_RBF,0.85,Tuning,Tuning,0.11080600295418545,0.8891939970458146
Baseline,SVM_RBF,0.85,Tuning,Tuning,0.12788815857722977,0.8721118414227702
Baseline,SVM_RBF,0.85,Defaults,Defaults,0.8537199736055975,0.14628002639440263
Baseline,SVM_RBF,0.85,Defaults,Tuning,0.2014991380519194,0.7985008619480806
Baseline,SVM_RBF,0.85,Tuning,Tuning,0.14301922686387855,0.8569807731361216
Baseline,SVM_RBF,0.85,Tuning,Tuning,0.24101792003810152,0.7589820799618986
Baseline,SVM_RBF,0.85,Tuning,Tuning,0.34123973408567626,0.6587602659143239
Baseline,SVM_RBF,0.85,Defaults,Tuning,0.25497746483211625,0.7450225351678836
Baseline,SVM_RBF,0.85,Tuning,Tuning,0.20283546872968258,0.7971645312703173
Baseline,SVM_RBF,0.85,Defaults,Tuning,0.4179689975645445,0.5820310024354556
Baseline,SVM_RBF,0.85,Tuning,Tuning,0.16158008699462426,0.8384199130053758
Baseline,SVM_RBF,0.85,Tuning,Tuning,0.16349332942255232,0.8365066705774478
Baseline,SVM_RBF,0.85,Tuning,Tuning,0.26289941082776874,0.7371005891722312
Baseline,SVM_RBF,0.85,Tuning,Tuning,0.2258999558408598,0.7741000441591404
Baseline,SVM_RBF,0.85,Tuning,Tuning,0.16287515252183823,0.8371248474781617
Baseline,SVM_RBF,0.85,Tuning,Tuning,0.28536179650386395,0.7146382034961359
Baseline,SVM_RBF,0.85,Tuning,Tuning,0.16803796708482602,0.8319620329151739
Baseline,SVM_RBF,0.85,Tuning,Tuning,0.06901767586797258,0.9309823241320275
Baseline,SVM_RBF,0.85,Tuning,Tuning,0.2598369344124165,0.7401630655875834
Baseline,SVM_RBF,0.85,Tuning,Tuning,0.09982874605122657,0.9001712539487735
Baseline,SVM_RBF,0.85,Defaults,Tuning,0.21630937650825413,0.7836906234917459
Baseline,SVM_RBF,0.85,Tuning,Tuning,0.14143853411341126,0.8585614658865889
Baseline,SVM_RBF,0.85,Tuning,Tuning,0.13976415287285066,0.8602358471271496
Baseline,SVM_RBF,0.85,Defaults,Tuning,0.17936863142053974,0.8206313685794602
Baseline,SVM_RBF,0.85,Tuning,Defaults,0.8516253904793442,0.1483746095206558
Baseline,SVM_RBF,0.85,Tuning,Tuning,0.17034785949313208,0.8296521405068681
Baseline,SVM_RBF,0.85,Tuning,Tuning,0.23578243110766242,0.7642175688923376
Baseline,SVM_RBF,0.85,Tuning,Tuning,0.4274935587743507,0.5725064412256492
Baseline,SVM_RBF,0.85,Tuning,Tuning,0.19414317520829122,0.8058568247917085
Baseline,SVM_RBF,0.85,Tuning,Tuning,0.1428356877785988,0.8571643122214014
Baseline,SVM_RBF,0.85,Tuning,Tuning,0.12167866548259214,0.8783213345174079
Baseline,SVM_RBF,0.85,Tuning,Tuning,0.17969521228325158,0.8203047877167486
Baseline,SVM_RBF,0.85,Tuning,Tuning,0.22326066464518657,0.7767393353548132
Baseline,SVM_RBF,0.85,Defaults,Defaults,0.6490554078987727,0.35094459210122714
Baseline,SVM_RBF,0.85,Tuning,Tuning,0.48812563044762497,0.511874369552375
Baseline,SVM_RBF,0.85,Defaults,Tuning,0.4273421286679566,0.5726578713320433
Baseline,SVM_RBF,0.85,Tuning,Tuning,0.14243831958840472,0.8575616804115953
Baseline,SVM_RBF,0.85,Tuning,Tuning,0.2571109349452059,0.7428890650547941
Baseline,SVM_RBF,0.85,Tuning,Tuning,0.18449046370920014,0.8155095362907999
Baseline,SVM_RBF,0.85,Tuning,Tuning,0.16542167426181456,0.8345783257381855
Baseline,SVM_RBF,0.85,Tuning,Tuning,0.15573988639405742,0.8442601136059427
Baseline,SVM_RBF,0.85,Defaults,Tuning,0.08675477117613874,0.9132452288238612
Baseline,SVM_RBF,0.85,Tuning,Tuning,0.13572775523716454,0.8642722447628355
Baseline,SVM_RBF,0.85,Defaults,Defaults,0.9007335786805925,0.09926642131940766
Baseline,SVM_RBF,0.85,Defaults,Defaults,0.8842646152093467,0.11573538479065316
Baseline,SVM_RBF,0.85,Defaults,Defaults,0.8699536987300265,0.13004630126997346
Baseline,SVM_RBF,0.85,Defaults,Defaults,0.8970868480270812,0.1029131519729189
Baseline,SVM_RBF,0.85,Tuning,Tuning,0.12802187376019947,0.8719781262398005
Baseline,SVM_RBF,0.85,Tuning,Tuning,0.12861629619316792,0.8713837038068322
Baseline,SVM_RBF,0.85,Tuning,Tuning,0.2225729713614841,0.7774270286385161
Baseline,SVM_RBF,0.85,Defaults,Tuning,0.34905631367383916,0.6509436863261607
Baseline,SVM_RBF,0.85,Defaults,Tuning,0.43247298654129795,0.567527013458702
Baseline,SVM_RBF,0.85,Defaults,Tuning,0.3009201313279736,0.6990798686720265
Baseline,SVM_RBF,0.85,Defaults,Tuning,0.4114618654030858,0.5885381345969142
Baseline,SVM_RBF,0.85,Tuning,Defaults,0.6357855190840428,0.36421448091595726
Baseline,SVM_RBF,0.85,Tuning,Defaults,0.6362731155755745,0.3637268844244255
Baseline,SVM_RBF,0.85,Defaults,Defaults,0.794612863049821,0.2053871369501787
Baseline,SVM_RBF,0.85,Tuning,Tuning,0.06935621983391566,0.9306437801660843
Baseline,SVM_RBF,0.85,Defaults,Tuning,0.31883041133916334,0.6811695886608368
Baseline,SVM_RBF,0.85,Tuning,Tuning,0.11900227947263568,0.8809977205273646
Baseline,SVM_RBF,0.85,Tuning,Tuning,0.07075260335171768,0.9292473966482822
Baseline,SVM_RBF,0.85,Defaults,Tuning,0.26427387080360737,0.7357261291963928
Baseline,SVM_RBF,0.85,Tuning,Tuning,0.14129726566416004,0.8587027343358402
Baseline,SVM_RBF,0.85,Defaults,Tuning,0.14802043953956645,0.8519795604604335
Baseline,SVM_RBF,0.85,Tuning,Tuning,0.13330116919657706,0.8666988308034228
Baseline,SVM_RBF,0.85,Tuning,Tuning,0.09483581662552129,0.9051641833744787
Baseline,SVM_RBF,0.85,Tuning,Tuning,0.05673093821940112,0.9432690617805988
Baseline,SVM_RBF,0.85,Defaults,Tuning,0.3613634555371161,0.638636544462884
Baseline,SVM_RBF,0.85,Tuning,Tuning,0.1285190603685865,0.8714809396314136
Baseline,SVM_RBF,0.85,Tuning,Tuning,0.14211984919449117,0.8578801508055088
Baseline,SVM_RBF,0.85,Tuning,Tuning,0.06312233235826065,0.9368776676417392
Baseline,SVM_RBF,0.85,Defaults,Tuning,0.1034707799970357,0.8965292200029642
Baseline,SVM_RBF,0.85,Tuning,Tuning,0.1643931005272767,0.8356068994727234
Baseline,SVM_RBF,0.85,Tuning,Tuning,0.42865719762547494,0.5713428023745251
Baseline,SVM_RBF,0.85,Tuning,Tuning,0.16749895856411906,0.8325010414358809
Baseline,SVM_RBF,0.85,Tuning,Tuning,0.07934507125840785,0.9206549287415922
Baseline,SVM_RBF,0.85,Tuning,Defaults,0.7991683796081719,0.2008316203918283
Baseline,SVM_RBF,0.85,Tuning,Tuning,0.09493642402658022,0.9050635759734197
Baseline,SVM_RBF,0.85,Tuning,Tuning,0.16820266528299607,0.8317973347170038
Baseline,SVM_RBF,0.85,Defaults,Defaults,0.750895096322735,0.24910490367726495
Baseline,SVM_RBF,0.85,Tuning,Tuning,0.0575637796040521,0.9424362203959478
Baseline,SVM_RBF,0.85,Tuning,Tuning,0.0618754193675652,0.9381245806324349
Baseline,SVM_RBF,0.85,Tuning,Tuning,0.1451660138130069,0.8548339861869929
Baseline,SVM_RBF,0.85,Tuning,Tuning,0.0784265109081985,0.9215734890918016
Baseline,SVM_RBF,0.85,Tuning,Tuning,0.15830860420774653,0.8416913957922533
Baseline,SVM_RBF,0.85,Tuning,Tuning,0.350455061932632,0.6495449380673681
Baseline,SVM_RBF,0.85,Tuning,Tuning,0.419112490972937,0.5808875090270631
Baseline,SVM_RBF,0.85,Tuning,Tuning,0.10718037424876573,0.8928196257512344
Baseline,SVM_RBF,0.85,Defaults,Tuning,0.47354636507665954,0.5264536349233405
Baseline,SVM_RBF,0.85,Tuning,Tuning,0.15566381836348256,0.8443361816365175
Baseline,SVM_RBF,0.85,Defaults,Defaults,0.7712997328514758,0.22870026714852412
Baseline,SVM_RBF,0.85,Tuning,Tuning,0.20926875008096013,0.7907312499190399
Baseline,SVM_RBF,0.85,Tuning,Tuning,0.3611960332101261,0.638803966789874
Baseline,SVM_RBF,0.85,Tuning,Tuning,0.22747112186309523,0.7725288781369046
Baseline,SVM_RBF,0.85,Tuning,Tuning,0.1445698762521996,0.8554301237478006
Baseline,SVM_RBF,0.85,Defaults,Tuning,0.19467474586177963,0.8053252541382203
Baseline,SVM_RBF,0.85,Defaults,Tuning,0.14949914556178995,0.8505008544382099
Baseline,SVM_RBF,0.85,Tuning,Tuning,0.07240334322666428,0.9275966567733359
Baseline,SVM_RBF,0.85,Tuning,Tuning,0.4004451869675984,0.5995548130324017
Baseline,SVM_RBF,0.85,Tuning,Tuning,0.099043886474223,0.9009561135257769
Baseline,SVM_RBF,0.85,Tuning,Tuning,0.099043886474223,0.9009561135257769
Baseline,SVM_RBF,0.85,Tuning,Tuning,0.1557966748300443,0.8442033251699557
Baseline,SVM_RBF,0.85,Tuning,Tuning,0.1354263637877328,0.8645736362122673
Baseline,SVM_RBF,0.85,Tuning,Defaults,0.6857150806289858,0.3142849193710142
Baseline,SVM_RBF,0.85,Tuning,Tuning,0.1200600382635377,0.8799399617364623
Baseline,SVM_RBF,0.85,Defaults,Tuning,0.20750979670903844,0.7924902032909613
Baseline,SVM_RBF,0.85,Tuning,Defaults,0.6347760371460055,0.3652239628539946
Baseline,SVM_RBF,0.85,Tuning,Defaults,0.6355637202043252,0.36443627979567483
Baseline,SVM_RBF,0.85,Tuning,Tuning,0.16582461695157247,0.8341753830484276
Baseline,SVM_RBF,0.85,Tuning,Tuning,0.1164894064016021,0.8835105935983978
Baseline,SVM_RBF,0.85,Defaults,Defaults,0.8037327849125128,0.19626721508748723
Baseline,SVM_RBF,0.85,Tuning,Tuning,0.10784713141926316,0.8921528685807368
Baseline,SVM_RBF,0.85,Tuning,Tuning,0.3531072120937937,0.6468927879062064
Baseline,SVM_RBF,0.85,Tuning,Tuning,0.20105157485579758,0.7989484251442025
Baseline,SVM_RBF,0.85,Defaults,Tuning,0.19607572270260024,0.8039242772973997
Baseline,SVM_RBF,0.85,Tuning,Tuning,0.11694689171757112,0.8830531082824291
Baseline,SVM_RBF,0.85,Tuning,Defaults,0.5313811158410386,0.46861888415896147
Baseline,SVM_RBF,0.85,Tuning,Tuning,0.16677702722017215,0.8332229727798278
Baseline,SVM_RBF,0.85,Defaults,Defaults,0.734297407807131,0.2657025921928689
Baseline,SVM_RBF,0.85,Defaults,Tuning,0.19891227678697432,0.8010877232130258
Baseline,SVM_RBF,0.85,Tuning,Tuning,0.2530135459305307,0.7469864540694693
Baseline,SVM_RBF,0.85,Tuning,Tuning,0.13327861531519572,0.8667213846848044
Baseline,SVM_RBF,0.85,Tuning,Tuning,0.1823083476594538,0.8176916523405463
Baseline,SVM_RBF,0.85,Defaults,Tuning,0.42782566439946484,0.5721743356005352
Baseline,SVM_RBF,0.85,Defaults,Tuning,0.4339168457394439,0.5660831542605561
Baseline,SVM_RBF,0.85,Defaults,Defaults,0.7602675401322504,0.23973245986774958
Baseline,SVM_RBF,0.85,Tuning,Tuning,0.2315470047953427,0.768452995204657
Baseline,SVM_RBF,0.85,Defaults,Defaults,0.6308028243502463,0.3691971756497538
Baseline,SVM_RBF,0.85,Tuning,Defaults,0.8557835127259305,0.14421648727406944
Baseline,SVM_RBF,0.85,Tuning,Tuning,0.16852604251698267,0.8314739574830173
Baseline,SVM_RBF,0.85,Defaults,Tuning,0.26095690628648566,0.7390430937135142
Baseline,SVM_RBF,0.85,Defaults,Defaults,0.5083428052532555,0.4916571947467445
Baseline,SVM_RBF,0.85,Tuning,Defaults,0.5480763277055924,0.45192367229440766
Baseline,SVM_RBF,0.85,Tuning,Tuning,0.1889551361960666,0.8110448638039333
Baseline,SVM_RBF,0.85,Defaults,Tuning,0.3227299445865497,0.6772700554134501
Baseline,SVM_RBF,0.85,Tuning,Tuning,0.1355126830915209,0.864487316908479
Baseline,SVM_RBF,0.85,Tuning,Tuning,0.1605699938607513,0.8394300061392486
Baseline,SVM_RBF,0.85,Tuning,Tuning,0.16403282983636325,0.8359671701636368
Baseline,SVM_RBF,0.85,Tuning,Tuning,0.1400587508657249,0.8599412491342752
Baseline,SVM_RBF,0.9,Tuning,Tuning,0.13670226551874679,0.8632977344812534
Baseline,SVM_RBF,0.9,Tuning,Tuning,0.22580625801174628,0.7741937419882537
Baseline,SVM_RBF,0.9,Defaults,Tuning,0.4609466250292982,0.5390533749707019
Baseline,SVM_RBF,0.9,Tuning,Tuning,0.09044779352752039,0.9095522064724796
Baseline,SVM_RBF,0.9,Tuning,Tuning,0.11130054707329513,0.8886994529267048
Baseline,SVM_RBF,0.9,Tuning,Defaults,0.5358338858895284,0.4641661141104716
Baseline,SVM_RBF,0.9,Tuning,Tuning,0.13924434359125004,0.8607556564087502
Baseline,SVM_RBF,0.9,Defaults,Tuning,0.17860593864244195,0.8213940613575579
Baseline,SVM_RBF,0.9,Defaults,Tuning,0.11790495020921277,0.8820950497907871
Baseline,SVM_RBF,0.9,Tuning,Tuning,0.19242600426066658,0.8075739957393334
Baseline,SVM_RBF,0.9,Tuning,Tuning,0.1132730374395778,0.8867269625604223
Baseline,SVM_RBF,0.9,Defaults,Tuning,0.43715591798300685,0.5628440820169932
Baseline,SVM_RBF,0.9,Tuning,Tuning,0.11848696288554311,0.8815130371144569
Baseline,SVM_RBF,0.9,Tuning,Tuning,0.1365044461845326,0.8634955538154673
Baseline,SVM_RBF,0.9,Tuning,Tuning,0.15103631264262452,0.8489636873573755
Baseline,SVM_RBF,0.9,Tuning,Tuning,0.11838856805302918,0.8816114319469708
Baseline,SVM_RBF,0.9,Defaults,Defaults,0.6409955439560698,0.3590044560439301
Baseline,SVM_RBF,0.9,Tuning,Tuning,0.1137005380905884,0.8862994619094118
Baseline,SVM_RBF,0.9,Defaults,Tuning,0.2147249150147917,0.7852750849852081
Baseline,SVM_RBF,0.9,Tuning,Tuning,0.321805617544987,0.6781943824550131
Baseline,SVM_RBF,0.9,Tuning,Tuning,0.4503668445150082,0.5496331554849917
Baseline,SVM_RBF,0.9,Defaults,Tuning,0.30130669017174616,0.6986933098282535
Baseline,SVM_RBF,0.9,Tuning,Tuning,0.08753907371858988,0.9124609262814102
Baseline,SVM_RBF,0.9,Tuning,Tuning,0.284038719407642,0.715961280592358
Baseline,SVM_RBF,0.9,Tuning,Tuning,0.15079253607152532,0.8492074639284748
Baseline,SVM_RBF,0.9,Tuning,Tuning,0.10876328362895389,0.8912367163710464
Baseline,SVM_RBF,0.9,Tuning,Tuning,0.11872412457470734,0.8812758754252926
Baseline,SVM_RBF,0.9,Tuning,Tuning,0.1238429335711606,0.8761570664288394
Baseline,SVM_RBF,0.9,Tuning,Tuning,0.12658969116694715,0.873410308833053
Baseline,SVM_RBF,0.9,Tuning,Tuning,0.09671975180185895,0.9032802481981411
Baseline,SVM_RBF,0.9,Tuning,Tuning,0.11371270458928283,0.886287295410717
Baseline,SVM_RBF,0.9,Tuning,Tuning,0.12332979907214979,0.8766702009278503
Baseline,SVM_RBF,0.9,Defaults,Defaults,0.8606351416246317,0.1393648583753684
Baseline,SVM_RBF,0.9,Defaults,Tuning,0.20214831406944272,0.7978516859305572
Baseline,SVM_RBF,0.9,Tuning,Tuning,0.1189937172949943,0.8810062827050057
Baseline,SVM_RBF,0.9,Tuning,Tuning,0.22727271701602264,0.7727272829839774
Baseline,SVM_RBF,0.9,Tuning,Tuning,0.3096516807130411,0.6903483192869588
Baseline,SVM_RBF,0.9,Defaults,Tuning,0.25669547622659816,0.7433045237734018
Baseline,SVM_RBF,0.9,Tuning,Tuning,0.2026843928753173,0.797315607124683
Baseline,SVM_RBF,0.9,Defaults,Tuning,0.41538637022704133,0.5846136297729586
Baseline,SVM_RBF,0.9,Tuning,Tuning,0.15778195149151,0.8422180485084901
Baseline,SVM_RBF,0.9,Tuning,Tuning,0.15463881144648386,0.8453611885535162
Baseline,SVM_RBF,0.9,Tuning,Tuning,0.2543774527375808,0.745622547262419
Baseline,SVM_RBF,0.9,Tuning,Tuning,0.22683946064031926,0.7731605393596808
Baseline,SVM_RBF,0.9,Tuning,Tuning,0.16504823963196696,0.8349517603680331
Baseline,SVM_RBF,0.9,Tuning,Tuning,0.2661288055176303,0.7338711944823698
Baseline,SVM_RBF,0.9,Tuning,Tuning,0.1603833405928099,0.8396166594071901
Baseline,SVM_RBF,0.9,Tuning,Tuning,0.07633516965035966,0.9236648303496403
Baseline,SVM_RBF,0.9,Tuning,Tuning,0.2712246595106065,0.7287753404893935
Baseline,SVM_RBF,0.9,Tuning,Tuning,0.08757968566980587,0.9124203143301942
Baseline,SVM_RBF,0.9,Defaults,Tuning,0.2081729421541244,0.7918270578458757
Baseline,SVM_RBF,0.9,Tuning,Tuning,0.13685258483896232,0.8631474151610377
Baseline,SVM_RBF,0.9,Tuning,Tuning,0.1360117865664606,0.8639882134335394
Baseline,SVM_RBF,0.9,Defaults,Tuning,0.1738239371434887,0.8261760628565114
Baseline,SVM_RBF,0.9,Tuning,Defaults,0.8531243217015397,0.14687567829846035
Baseline,SVM_RBF,0.9,Tuning,Tuning,0.19747165931960284,0.802528340680397
Baseline,SVM_RBF,0.9,Tuning,Tuning,0.24434602806209377,0.7556539719379064
Baseline,SVM_RBF,0.9,Tuning,Tuning,0.42311803233738815,0.5768819676626119
Baseline,SVM_RBF,0.9,Tuning,Tuning,0.17643084911118823,0.823569150888812
Baseline,SVM_RBF,0.9,Tuning,Tuning,0.1621968693568646,0.8378031306431354
Baseline,SVM_RBF,0.9,Tuning,Tuning,0.11061670986616084,0.8893832901338391
Baseline,SVM_RBF,0.9,Tuning,Tuning,0.16856770883303876,0.831432291166961
Baseline,SVM_RBF,0.9,Tuning,Tuning,0.16165260938071446,0.8383473906192856
Baseline,SVM_RBF,0.9,Defaults,Defaults,0.6521210163310182,0.34787898366898173
Baseline,SVM_RBF,0.9,Tuning,Defaults,0.5196205128279976,0.48037948717200263
Baseline,SVM_RBF,0.9,Defaults,Tuning,0.4122130813429277,0.5877869186570722
Baseline,SVM_RBF,0.9,Tuning,Tuning,0.1544068715692713,0.8455931284307285
Baseline,SVM_RBF,0.9,Tuning,Tuning,0.2702842026773376,0.7297157973226623
Baseline,SVM_RBF,0.9,Tuning,Tuning,0.21983280739933472,0.7801671926006654
Baseline,SVM_RBF,0.9,Tuning,Tuning,0.14664787152046654,0.8533521284795335
Baseline,SVM_RBF,0.9,Tuning,Tuning,0.19273346878799238,0.8072665312120079
Baseline,SVM_RBF,0.9,Defaults,Tuning,0.07667748390711988,0.9233225160928801
Baseline,SVM_RBF,0.9,Tuning,Tuning,0.16068876856011532,0.8393112314398846
Baseline,SVM_RBF,0.9,Defaults,Defaults,0.8964398540282978,0.1035601459717022
Baseline,SVM_RBF,0.9,Defaults,Defaults,0.8853602086652812,0.11463979133471905
Baseline,SVM_RBF,0.9,Defaults,Defaults,0.8753778685923395,0.1246221314076605
Baseline,SVM_RBF,0.9,Defaults,Defaults,0.8945149430164135,0.1054850569835865
Baseline,SVM_RBF,0.9,Tuning,Tuning,0.12806969284629122,0.871930307153709
Baseline,SVM_RBF,0.9,Tuning,Tuning,0.12904632799925883,0.8709536720007411
Baseline,SVM_RBF,0.9,Tuning,Tuning,0.2085981726326992,0.7914018273673011
Baseline,SVM_RBF,0.9,Defaults,Tuning,0.312856058735376,0.6871439412646241
Baseline,SVM_RBF,0.9,Defaults,Tuning,0.37236038974127394,0.6276396102587259
Baseline,SVM_RBF,0.9,Defaults,Tuning,0.3132029662741106,0.6867970337258895
Baseline,SVM_RBF,0.9,Defaults,Tuning,0.437476451507311,0.5625235484926888
Baseline,SVM_RBF,0.9,Tuning,Defaults,0.5981770145895241,0.401822985410476
Baseline,SVM_RBF,0.9,Tuning,Defaults,0.6030360777725986,0.39696392222740134
Baseline,SVM_RBF,0.9,Defaults,Defaults,0.8310523653123462,0.16894763468765403
Baseline,SVM_RBF,0.9,Tuning,Tuning,0.06453019816935884,0.9354698018306413
Baseline,SVM_RBF,0.9,Defaults,Tuning,0.30595926900596726,0.6940407309940327
Baseline,SVM_RBF,0.9,Tuning,Tuning,0.1180003441968134,0.8819996558031867
Baseline,SVM_RBF,0.9,Tuning,Tuning,0.079565355335404,0.9204346446645959
Baseline,SVM_RBF,0.9,Defaults,Tuning,0.2756555996643406,0.7243444003356593
Baseline,SVM_RBF,0.9,Tuning,Tuning,0.1398455988133203,0.8601544011866796
Baseline,SVM_RBF,0.9,Defaults,Tuning,0.13592987691113087,0.8640701230888688
Baseline,SVM_RBF,0.9,Tuning,Tuning,0.1448901843334382,0.8551098156665622
Baseline,SVM_RBF,0.9,Tuning,Tuning,0.08196945770229111,0.918030542297709
Baseline,SVM_RBF,0.9,Tuning,Tuning,0.056509317477118855,0.9434906825228812
Baseline,SVM_RBF,0.9,Defaults,Tuning,0.402466608642901,0.597533391357099
Baseline,SVM_RBF,0.9,Tuning,Tuning,0.14853446929403635,0.8514655307059636
Baseline,SVM_RBF,0.9,Tuning,Tuning,0.14940704996877602,0.850592950031224
Baseline,SVM_RBF,0.9,Tuning,Tuning,0.05098919766554386,0.9490108023344562
Baseline,SVM_RBF,0.9,Defaults,Tuning,0.0979193040460965,0.9020806959539035
Baseline,SVM_RBF,0.9,Tuning,Tuning,0.21415320669104054,0.7858467933089593
Baseline,SVM_RBF,0.9,Tuning,Tuning,0.4359867963197891,0.5640132036802109
Baseline,SVM_RBF,0.9,Tuning,Tuning,0.17587098360376965,0.8241290163962304
Baseline,SVM_RBF,0.9,Tuning,Tuning,0.07979473124400449,0.9202052687559955
Baseline,SVM_RBF,0.9,Tuning,Defaults,0.8213255180873805,0.17867448191261945
Baseline,SVM_RBF,0.9,Tuning,Tuning,0.08244265930716105,0.917557340692839
Baseline,SVM_RBF,0.9,Tuning,Tuning,0.18540675476218052,0.8145932452378195
Baseline,SVM_RBF,0.9,Defaults,Defaults,0.7789827012834478,0.22101729871655204
Baseline,SVM_RBF,0.9,Tuning,Tuning,0.061193462932906596,0.9388065370670933
Baseline,SVM_RBF,0.9,Tuning,Tuning,0.07162037085694588,0.9283796291430539
Baseline,SVM_RBF,0.9,Tuning,Tuning,0.1919379555475599,0.80806204445244
Baseline,SVM_RBF,0.9,Tuning,Tuning,0.08107707438555757,0.9189229256144424
Baseline,SVM_RBF,0.9,Tuning,Tuning,0.1511369709408244,0.8488630290591757
Baseline,SVM_RBF,0.9,Tuning,Tuning,0.3506667356530448,0.6493332643469553
Baseline,SVM_RBF,0.9,Tuning,Tuning,0.41244176809591926,0.5875582319040806
Baseline,SVM_RBF,0.9,Tuning,Tuning,0.09503826904854752,0.9049617309514525
Baseline,SVM_RBF,0.9,Defaults,Tuning,0.4629098532320674,0.5370901467679327
Baseline,SVM_RBF,0.9,Tuning,Tuning,0.14932222183027202,0.8506777781697279
Baseline,SVM_RBF,0.9,Defaults,Defaults,0.7796675188973714,0.22033248110262874
Baseline,SVM_RBF,0.9,Tuning,Tuning,0.21936901953690532,0.7806309804630946
Baseline,SVM_RBF,0.9,Tuning,Tuning,0.34457054603814175,0.6554294539618583
Baseline,SVM_RBF,0.9,Tuning,Tuning,0.22839673351723727,0.7716032664827626
Baseline,SVM_RBF,0.9,Tuning,Tuning,0.1473517327814051,0.8526482672185949
Baseline,SVM_RBF,0.9,Defaults,Tuning,0.19915230395594638,0.8008476960440535
Baseline,SVM_RBF,0.9,Defaults,Tuning,0.15679117017984814,0.8432088298201517
Baseline,SVM_RBF,0.9,Tuning,Tuning,0.0682566477648143,0.9317433522351858
Baseline,SVM_RBF,0.9,Tuning,Tuning,0.4395108889753449,0.5604891110246549
Baseline,SVM_RBF,0.9,Tuning,Tuning,0.09989819337161579,0.9001018066283842
Baseline,SVM_RBF,0.9,Tuning,Tuning,0.09989819337161579,0.9001018066283842
Baseline,SVM_RBF,0.9,Tuning,Tuning,0.14914754151595955,0.8508524584840406
Baseline,SVM_RBF,0.9,Tuning,Tuning,0.12252249665589646,0.8774775033441035
Baseline,SVM_RBF,0.9,Tuning,Defaults,0.6765995061438942,0.3234004938561058
Baseline,SVM_RBF,0.9,Tuning,Tuning,0.10252569468370895,0.8974743053162909
Baseline,SVM_RBF,0.9,Defaults,Tuning,0.21892361069932803,0.7810763893006722
Baseline,SVM_RBF,0.9,Tuning,Defaults,0.6569856597902541,0.34301434020974586
Baseline,SVM_RBF,0.9,Tuning,Defaults,0.6407395415723085,0.35926045842769166
Baseline,SVM_RBF,0.9,Tuning,Tuning,0.15654364024726297,0.8434563597527369
Baseline,SVM_RBF,0.9,Tuning,Tuning,0.10751000653440342,0.8924899934655965
Baseline,SVM_RBF,0.9,Defaults,Defaults,0.824424511525513,0.17557548847448692
Baseline,SVM_RBF,0.9,Tuning,Tuning,0.12615179905072627,0.8738482009492737
Baseline,SVM_RBF,0.9,Tuning,Tuning,0.3528267113153743,0.6471732886846258
Baseline,SVM_RBF,0.9,Tuning,Tuning,0.24254721293267065,0.7574527870673292
Baseline,SVM_RBF,0.9,Defaults,Tuning,0.18943679924606585,0.8105632007539342
Baseline,SVM_RBF,0.9,Tuning,Tuning,0.0999339500858088,0.9000660499141911
Baseline,SVM_RBF,0.9,Tuning,Defaults,0.5297438461017611,0.4702561538982389
Baseline,SVM_RBF,0.9,Tuning,Tuning,0.14805452005661437,0.8519454799433854
Baseline,SVM_RBF,0.9,Defaults,Defaults,0.7607149142165215,0.2392850857834786
Baseline,SVM_RBF,0.9,Defaults,Tuning,0.1797765278262741,0.8202234721737258
Baseline,SVM_RBF,0.9,Tuning,Tuning,0.23388041205991264,0.7661195879400873
Baseline,SVM_RBF,0.9,Tuning,Tuning,0.10974366673196473,0.8902563332680352
Baseline,SVM_RBF,0.9,Tuning,Tuning,0.18032409989638365,0.8196759001036162
Baseline,SVM_RBF,0.9,Defaults,Tuning,0.44893257670938824,0.5510674232906118
Baseline,SVM_RBF,0.9,Defaults,Defaults,0.5073047508905397,0.49269524910946044
Baseline,SVM_RBF,0.9,Defaults,Defaults,0.7717131280512141,0.22828687194878597
Baseline,SVM_RBF,0.9,Tuning,Tuning,0.17687387243923128,0.8231261275607689
Baseline,SVM_RBF,0.9,Defaults,Defaults,0.6431543615518576,0.3568456384481424
Baseline,SVM_RBF,0.9,Tuning,Defaults,0.875135760345519,0.12486423965448114
Baseline,SVM_RBF,0.9,Tuning,Tuning,0.16097293432207796,0.839027065677922
Baseline,SVM_RBF,0.9,Defaults,Tuning,0.24426737098092008,0.7557326290190798
Baseline,SVM_RBF,0.9,Defaults,Defaults,0.5178160443987955,0.48218395560120436
Baseline,SVM_RBF,0.9,Tuning,Defaults,0.5766109381975415,0.4233890618024585
Baseline,SVM_RBF,0.9,Tuning,Tuning,0.2147077512905151,0.785292248709485
Baseline,SVM_RBF,0.9,Defaults,Tuning,0.36151468638251494,0.6384853136174851
Baseline,SVM_RBF,0.9,Tuning,Tuning,0.12971739023471635,0.8702826097652836
Baseline,SVM_RBF,0.9,Tuning,Tuning,0.17778981732163776,0.8222101826783623
Baseline,SVM_RBF,0.9,Tuning,Tuning,0.15695430316417427,0.8430456968358258
Baseline,SVM_RBF,0.9,Tuning,Tuning,0.11836555542027116,0.8816344445797288
Baseline,SVM_RBF,0.95,Tuning,Tuning,0.13282303676952187,0.8671769632304783
Baseline,SVM_RBF,0.95,Tuning,Tuning,0.22614993034478365,0.7738500696552163
Baseline,SVM_RBF,0.95,Defaults,Tuning,0.4411274409756369,0.5588725590243631
Baseline,SVM_RBF,0.95,Tuning,Tuning,0.08795183429777224,0.9120481657022278
Baseline,SVM_RBF,0.95,Tuning,Tuning,0.10500349997894928,0.8949965000210505
Baseline,SVM_RBF,0.95,Tuning,Defaults,0.5349560153568509,0.4650439846431491
Baseline,SVM_RBF,0.95,Tuning,Tuning,0.14156945092444675,0.8584305490755534
Baseline,SVM_RBF,0.95,Defaults,Tuning,0.17302304548956807,0.8269769545104318
Baseline,SVM_RBF,0.95,Defaults,Tuning,0.11089715263476459,0.8891028473652355
Baseline,SVM_RBF,0.95,Tuning,Tuning,0.1905272743838723,0.8094727256161278
Baseline,SVM_RBF,0.95,Tuning,Tuning,0.11297590653717554,0.8870240934628242
Baseline,SVM_RBF,0.95,Defaults,Tuning,0.43709150415817855,0.5629084958418216
Baseline,SVM_RBF,0.95,Tuning,Tuning,0.11442614204612546,0.8855738579538746
Baseline,SVM_RBF,0.95,Tuning,Tuning,0.13046396696302923,0.8695360330369707
Baseline,SVM_RBF,0.95,Tuning,Tuning,0.1508618357307667,0.8491381642692333
Baseline,SVM_RBF,0.95,Tuning,Tuning,0.12184842790322963,0.8781515720967703
Baseline,SVM_RBF,0.95,Defaults,Defaults,0.6136285003988157,0.3863714996011844
Baseline,SVM_RBF,0.95,Tuning,Tuning,0.11580473916044567,0.8841952608395545
Baseline,SVM_RBF,0.95,Defaults,Tuning,0.23039758848407216,0.7696024115159276
Baseline,SVM_RBF,0.95,Tuning,Tuning,0.3105375934558567,0.6894624065441436
Baseline,SVM_RBF,0.95,Tuning,Tuning,0.48218354789697954,0.5178164521030203
Baseline,SVM_RBF,0.95,Defaults,Tuning,0.29207412998729493,0.707925870012705
Baseline,SVM_RBF,0.95,Tuning,Tuning,0.08854435244816336,0.9114556475518367
Baseline,SVM_RBF,0.95,Tuning,Tuning,0.2732915299927984,0.7267084700072017
Baseline,SVM_RBF,0.95,Tuning,Tuning,0.15435642309759479,0.8456435769024052
Baseline,SVM_RBF,0.95,Tuning,Tuning,0.11148897875070443,0.8885110212492953
Baseline,SVM_RBF,0.95,Tuning,Tuning,0.11086202182174058,0.8891379781782593
Baseline,SVM_RBF,0.95,Tuning,Tuning,0.11882615787408496,0.8811738421259151
Baseline,SVM_RBF,0.95,Tuning,Tuning,0.1245047225992822,0.875495277400718
Baseline,SVM_RBF,0.95,Tuning,Tuning,0.0948601484223826,0.9051398515776174
Baseline,SVM_RBF,0.95,Tuning,Tuning,0.1127926545988824,0.8872073454011175
Baseline,SVM_RBF,0.95,Tuning,Tuning,0.11285444830944515,0.8871455516905549
Baseline,SVM_RBF,0.95,Defaults,Defaults,0.8560767241270545,0.14392327587294562
Baseline,SVM_RBF,0.95,Defaults,Tuning,0.2033106253043812,0.7966893746956187
Baseline,SVM_RBF,0.95,Tuning,Tuning,0.12103646182719448,0.8789635381728055
Baseline,SVM_RBF,0.95,Tuning,Tuning,0.2073766741741918,0.7926233258258082
Baseline,SVM_RBF,0.95,Tuning,Tuning,0.3332168521846071,0.6667831478153928
Baseline,SVM_RBF,0.95,Defaults,Tuning,0.2628208263372478,0.7371791736627519
Baseline,SVM_RBF,0.95,Tuning,Tuning,0.2024872055235293,0.7975127944764707
Baseline,SVM_RBF,0.95,Defaults,Tuning,0.3870249969931618,0.6129750030068382
Baseline,SVM_RBF,0.95,Tuning,Tuning,0.15222421585795715,0.8477757841420428
Baseline,SVM_RBF,0.95,Tuning,Tuning,0.15644595567133995,0.8435540443286599
Baseline,SVM_RBF,0.95,Tuning,Tuning,0.2574106314080901,0.7425893685919099
Baseline,SVM_RBF,0.95,Tuning,Tuning,0.2104722450490445,0.7895277549509556
Baseline,SVM_RBF,0.95,Tuning,Tuning,0.18180235640820885,0.8181976435917911
Baseline,SVM_RBF,0.95,Tuning,Tuning,0.2683634562662608,0.7316365437337393
Baseline,SVM_RBF,0.95,Tuning,Tuning,0.16193447588963286,0.838065524110367
Baseline,SVM_RBF,0.95,Tuning,Tuning,0.08172468946580348,0.9182753105341964
Baseline,SVM_RBF,0.95,Tuning,Tuning,0.2626595463916129,0.7373404536083868
Baseline,SVM_RBF,0.95,Tuning,Tuning,0.08437723985764144,0.9156227601423587
Baseline,SVM_RBF,0.95,Defaults,Tuning,0.21310258332161267,0.7868974166783873
Baseline,SVM_RBF,0.95,Tuning,Tuning,0.13861989707524075,0.8613801029247594
Baseline,SVM_RBF,0.95,Tuning,Tuning,0.13810626715775184,0.8618937328422482
Baseline,SVM_RBF,0.95,Defaults,Tuning,0.14774366298166064,0.8522563370183394
Baseline,SVM_RBF,0.95,Tuning,Defaults,0.8532701677127826,0.14672983228721734
Baseline,SVM_RBF,0.95,Tuning,Tuning,0.20875364358647386,0.7912463564135263
Baseline,SVM_RBF,0.95,Tuning,Tuning,0.277896553869968,0.7221034461300317
Baseline,SVM_RBF,0.95,Tuning,Tuning,0.4331147998111885,0.5668852001888115
Baseline,SVM_RBF,0.95,Tuning,Tuning,0.182586011074806,0.8174139889251939
Baseline,SVM_RBF,0.95,Tuning,Tuning,0.16575575134051743,0.8342442486594825
Baseline,SVM_RBF,0.95,Tuning,Tuning,0.11163316501549034,0.8883668349845096
Baseline,SVM_RBF,0.95,Tuning,Tuning,0.17298381395986223,0.8270161860401376
Baseline,SVM_RBF,0.95,Tuning,Tuning,0.14974143351536684,0.8502585664846333
Baseline,SVM_RBF,0.95,Defaults,Defaults,0.6656011083721906,0.33439889162780945
Baseline,SVM_RBF,0.95,Tuning,Defaults,0.5257603055177607,0.47423969448223935
Baseline,SVM_RBF,0.95,Defaults,Tuning,0.4105029958245499,0.5894970041754501
Baseline,SVM_RBF,0.95,Tuning,Tuning,0.1702972859554707,0.8297027140445292
Baseline,SVM_RBF,0.95,Tuning,Tuning,0.2876126968922305,0.7123873031077694
Baseline,SVM_RBF,0.95,Tuning,Tuning,0.25279723279325195,0.747202767206748
Baseline,SVM_RBF,0.95,Tuning,Tuning,0.14880116255312964,0.8511988374468703
Baseline,SVM_RBF,0.95,Tuning,Tuning,0.1469426735857921,0.8530573264142078
Baseline,SVM_RBF,0.95,Defaults,Tuning,0.08685141139976439,0.9131485886002355
Baseline,SVM_RBF,0.95,Tuning,Tuning,0.13431316994590148,0.8656868300540985
Baseline,SVM_RBF,0.95,Defaults,Defaults,0.8978968994388972,0.10210310056110294
Baseline,SVM_RBF,0.95,Defaults,Defaults,0.8870027682040943,0.11299723179590586
Baseline,SVM_RBF,0.95,Defaults,Defaults,0.8628577617667401,0.1371422382332599
Baseline,SVM_RBF,0.95,Defaults,Defaults,0.8950357816554091,0.10496421834459091
Baseline,SVM_RBF,0.95,Tuning,Tuning,0.12955695574240475,0.8704430442575953
Baseline,SVM_RBF,0.95,Tuning,Tuning,0.13107597788039727,0.8689240221196027
Baseline,SVM_RBF,0.95,Tuning,Tuning,0.20054637680430396,0.7994536231956959
Baseline,SVM_RBF,0.95,Defaults,Tuning,0.3255568271004955,0.6744431728995043
Baseline,SVM_RBF,0.95,Defaults,Tuning,0.3667283660030978,0.6332716339969021
Baseline,SVM_RBF,0.95,Defaults,Tuning,0.3152087359727014,0.6847912640272987
Baseline,SVM_RBF,0.95,Defaults,Tuning,0.42689459914491584,0.5731054008550841
Baseline,SVM_RBF,0.95,Tuning,Defaults,0.5868212153827193,0.41317878461728064
Baseline,SVM_RBF,0.95,Tuning,Defaults,0.5802863218143361,0.4197136781856639
Baseline,SVM_RBF,0.95,Defaults,Defaults,0.8187597274821691,0.18124027251783092
Baseline,SVM_RBF,0.95,Tuning,Tuning,0.06079499348799739,0.9392050065120028
Baseline,SVM_RBF,0.95,Defaults,Tuning,0.3056625697384227,0.6943374302615773
Baseline,SVM_RBF,0.95,Tuning,Tuning,0.11763230067324686,0.8823676993267532
Baseline,SVM_RBF,0.95,Tuning,Tuning,0.07172322176398477,0.9282767782360154
Baseline,SVM_RBF,0.95,Defaults,Tuning,0.2860684534676382,0.7139315465323617
Baseline,SVM_RBF,0.95,Tuning,Tuning,0.12713982208094932,0.8728601779190507
Baseline,SVM_RBF,0.95,Defaults,Tuning,0.13563124370668042,0.8643687562933194
Baseline,SVM_RBF,0.95,Tuning,Tuning,0.14543981886273907,0.854560181137261
Baseline,SVM_RBF,0.95,Tuning,Tuning,0.08216593930448308,0.9178340606955169
Baseline,SVM_RBF,0.95,Tuning,Tuning,0.0564355122340102,0.9435644877659898
Baseline,SVM_RBF,0.95,Defaults,Tuning,0.3757631196358992,0.6242368803641007
Baseline,SVM_RBF,0.95,Tuning,Tuning,0.15499307568849213,0.8450069243115077
Baseline,SVM_RBF,0.95,Tuning,Tuning,0.15750493809122235,0.8424950619087775
Baseline,SVM_RBF,0.95,Tuning,Tuning,0.04944987197643767,0.9505501280235624
Baseline,SVM_RBF,0.95,Defaults,Tuning,0.10265402383640347,0.8973459761635963
Baseline,SVM_RBF,0.95,Tuning,Tuning,0.21184407467779598,0.788155925322204
Baseline,SVM_RBF,0.95,Tuning,Tuning,0.4391126152607018,0.5608873847392983
Baseline,SVM_RBF,0.95,Tuning,Tuning,0.18758978474958768,0.8124102152504122
Baseline,SVM_RBF,0.95,Tuning,Tuning,0.07991030959290787,0.9200896904070922
Baseline,SVM_RBF,0.95,Tuning,Defaults,0.8285604728479451,0.1714395271520551
Baseline,SVM_RBF,0.95,Tuning,Tuning,0.08325660032245041,0.9167433996775495
Baseline,SVM_RBF,0.95,Tuning,Tuning,0.18272821274185871,0.8172717872581411
Baseline,SVM_RBF,0.95,Defaults,Defaults,0.7564135389484928,0.24358646105150716
Baseline,SVM_RBF,0.95,Tuning,Tuning,0.06632965077656712,0.9336703492234327
Baseline,SVM_RBF,0.95,Tuning,Tuning,0.07017276718107163,0.9298272328189284
Baseline,SVM_RBF,0.95,Tuning,Tuning,0.3185701298709931,0.6814298701290068
Baseline,SVM_RBF,0.95,Tuning,Tuning,0.07610960914728078,0.9238903908527193
Baseline,SVM_RBF,0.95,Tuning,Tuning,0.14695329928520126,0.8530467007147987
Baseline,SVM_RBF,0.95,Tuning,Tuning,0.3426939131112348,0.6573060868887652
Baseline,SVM_RBF,0.95,Tuning,Tuning,0.4297303540976344,0.5702696459023657
Baseline,SVM_RBF,0.95,Tuning,Tuning,0.09375740308255166,0.9062425969174484
Baseline,SVM_RBF,0.95,Defaults,Tuning,0.43522573945819654,0.5647742605418035
Baseline,SVM_RBF,0.95,Tuning,Tuning,0.14635255512366419,0.8536474448763359
Baseline,SVM_RBF,0.95,Defaults,Defaults,0.7778437370201914,0.2221562629798087
Baseline,SVM_RBF,0.95,Tuning,Tuning,0.24721961030345693,0.7527803896965433
Baseline,SVM_RBF,0.95,Tuning,Tuning,0.3538078622512312,0.6461921377487688
Baseline,SVM_RBF,0.95,Tuning,Tuning,0.23708300536732502,0.7629169946326748
Baseline,SVM_RBF,0.95,Tuning,Tuning,0.1494617296376517,0.8505382703623483
Baseline,SVM_RBF,0.95,Defaults,Tuning,0.2005952313355375,0.7994047686644625
Baseline,SVM_RBF,0.95,Defaults,Tuning,0.15793347416409834,0.8420665258359016
Baseline,SVM_RBF,0.95,Tuning,Tuning,0.0675284921648976,0.9324715078351025
Baseline,SVM_RBF,0.95,Tuning,Tuning,0.4353724687335892,0.5646275312664107
Baseline,SVM_RBF,0.95,Tuning,Tuning,0.10135311423573788,0.8986468857642619
Baseline,SVM_RBF,0.95,Tuning,Tuning,0.10135311423573788,0.8986468857642619
Baseline,SVM_RBF,0.95,Tuning,Tuning,0.14873313020690887,0.8512668697930911
Baseline,SVM_RBF,0.95,Tuning,Tuning,0.12586011152425525,0.8741398884757448
Baseline,SVM_RBF,0.95,Tuning,Defaults,0.6363686644735639,0.3636313355264361
Baseline,SVM_RBF,0.95,Tuning,Tuning,0.11559524712429246,0.8844047528757074
Baseline,SVM_RBF,0.95,Defaults,Tuning,0.24828576762479226,0.7517142323752077
Baseline,SVM_RBF,0.95,Tuning,Defaults,0.6411804443866281,0.3588195556133717
Baseline,SVM_RBF,0.95,Tuning,Defaults,0.6791306811631551,0.32086931883684466
Baseline,SVM_RBF,0.95,Tuning,Tuning,0.16005935549910827,0.8399406445008918
Baseline,SVM_RBF,0.95,Tuning,Tuning,0.11230798334913017,0.8876920166508699
Baseline,SVM_RBF,0.95,Defaults,Defaults,0.7920321825862731,0.207967817413727
Baseline,SVM_RBF,0.95,Tuning,Tuning,0.1879113562649202,0.8120886437350797
Baseline,SVM_RBF,0.95,Tuning,Tuning,0.2945227598751451,0.7054772401248547
Baseline,SVM_RBF,0.95,Tuning,Tuning,0.23162471900670165,0.7683752809932984
Baseline,SVM_RBF,0.95,Defaults,Tuning,0.19222598090503534,0.8077740190949648
Baseline,SVM_RBF,0.95,Tuning,Tuning,0.09594282578727417,0.9040571742127258
Baseline,SVM_RBF,0.95,Tuning,Defaults,0.5,0.5
Baseline,SVM_RBF,0.95,Tuning,Tuning,0.1656180422401519,0.8343819577598479
Baseline,SVM_RBF,0.95,Defaults,Defaults,0.7526735925441788,0.24732640745582124
Baseline,SVM_RBF,0.95,Defaults,Tuning,0.1932326007559072,0.8067673992440927
Baseline,SVM_RBF,0.95,Tuning,Tuning,0.23586784718899317,0.7641321528110068
Baseline,SVM_RBF,0.95,Tuning,Tuning,0.11985754474305603,0.8801424552569439
Baseline,SVM_RBF,0.95,Tuning,Tuning,0.18994659701121389,0.8100534029887861
Baseline,SVM_RBF,0.95,Defaults,Tuning,0.4151526459142598,0.5848473540857402
Baseline,SVM_RBF,0.95,Defaults,Tuning,0.46333490302833175,0.5366650969716683
Baseline,SVM_RBF,0.95,Defaults,Defaults,0.7313123992337675,0.26868760076623266
Baseline,SVM_RBF,0.95,Tuning,Tuning,0.1632437739067053,0.8367562260932947
Baseline,SVM_RBF,0.95,Defaults,Defaults,0.6224877158893902,0.3775122841106098
Baseline,SVM_RBF,0.95,Tuning,Defaults,0.8599116762098564,0.1400883237901437
Baseline,SVM_RBF,0.95,Tuning,Tuning,0.15844232184820353,0.8415576781517964
Baseline,SVM_RBF,0.95,Defaults,Tuning,0.254740997851952,0.745259002148048
Baseline,SVM_RBF,0.95,Defaults,Defaults,0.543920781568373,0.45607921843162724
Baseline,SVM_RBF,0.95,Tuning,Defaults,0.5944306452291628,0.4055693547708374
Baseline,SVM_RBF,0.95,Tuning,Tuning,0.21905587410160782,0.7809441258983922
Baseline,SVM_RBF,0.95,Defaults,Tuning,0.37093104321979775,0.6290689567802022
Baseline,SVM_RBF,0.95,Tuning,Tuning,0.13086438657870558,0.8691356134212945
Baseline,SVM_RBF,0.95,Tuning,Tuning,0.1919629610146224,0.8080370389853776
Baseline,SVM_RBF,0.95,Tuning,Tuning,0.15658291568219598,0.8434170843178039
Baseline,SVM_RBF,0.95,Tuning,Tuning,0.12335280078296451,0.8766471992170354
Baseline,RandomForest,0.8,Tuning,Tuning,0.19,0.81
Baseline,RandomForest,0.8,Tuning,Tuning,0.14,0.86
Baseline,RandomForest,0.8,Defaults,Tuning,0.48,0.52
Baseline,RandomForest,0.8,Tuning,Tuning,0.05,0.95
Baseline,RandomForest,0.8,Tuning,Tuning,0.03,0.97
Baseline,RandomForest,0.8,Tuning,Tuning,0.43,0.57
Baseline,RandomForest,0.8,Tuning,Tuning,0.01,0.99
Baseline,RandomForest,0.8,Defaults,Tuning,0.29,0.71
Baseline,RandomForest,0.8,Defaults,Tuning,0.23,0.77
Baseline,RandomForest,0.8,Tuning,Tuning,0.3,0.7
Baseline,RandomForest,0.8,Tuning,Tuning,0.08,0.92
Baseline,RandomForest,0.8,Defaults,Tuning,0.18,0.82
Baseline,RandomForest,0.8,Tuning,Tuning,0.1,0.9
Baseline,RandomForest,0.8,Tuning,Tuning,0.05,0.95
Baseline,RandomForest,0.8,Tuning,Tuning,0.18,0.82
Baseline,RandomForest,0.8,Tuning,Tuning,0.0,1.0
Baseline,RandomForest,0.8,Defaults,Defaults,0.66,0.34
Baseline,RandomForest,0.8,Tuning,Tuning,0.16,0.84
Baseline,RandomForest,0.8,Defaults,Tuning,0.29,0.71
Baseline,RandomForest,0.8,Tuning,Tuning,0.44,0.56
Baseline,RandomForest,0.8,Tuning,Tuning,0.4,0.6
Baseline,RandomForest,0.8,Defaults,Tuning,0.34,0.66
Baseline,RandomForest,0.8,Tuning,Tuning,0.19,0.81
Baseline,RandomForest,0.8,Tuning,Tuning,0.37,0.63
Baseline,RandomForest,0.8,Tuning,Tuning,0.05,0.95
Baseline,RandomForest,0.8,Tuning,Tuning,0.02,0.98
Baseline,RandomForest,0.8,Tuning,Tuning,0.01,0.99
Baseline,RandomForest,0.8,Tuning,Tuning,0.06,0.94
Baseline,RandomForest,0.8,Tuning,Tuning,0.05,0.95
Baseline,RandomForest,0.8,Tuning,Tuning,0.03,0.97
Baseline,RandomForest,0.8,Tuning,Tuning,0.04,0.96
Baseline,RandomForest,0.8,Tuning,Tuning,0.01,0.99
Baseline,RandomForest,0.8,Defaults,Defaults,0.58,0.42
Baseline,RandomForest,0.8,Defaults,Tuning,0.36,0.64
Baseline,RandomForest,0.8,Tuning,Tuning,0.2,0.8
Baseline,RandomForest,0.8,Tuning,Tuning,0.27,0.73
Baseline,RandomForest,0.8,Tuning,Tuning,0.26,0.74
Baseline,RandomForest,0.8,Defaults,Defaults,0.5,0.5
Baseline,RandomForest,0.8,Tuning,Tuning,0.18,0.82
Baseline,RandomForest,0.8,Defaults,Defaults,0.64,0.36
Baseline,RandomForest,0.8,Tuning,Tuning,0.18,0.82
Baseline,RandomForest,0.8,Tuning,Tuning,0.23,0.77
Baseline,RandomForest,0.8,Tuning,Tuning,0.33,0.67
Baseline,RandomForest,0.8,Tuning,Tuning,0.07,0.93
Baseline,RandomForest,0.8,Tuning,Tuning,0.19,0.81
Baseline,RandomForest,0.8,Tuning,Tuning,0.23,0.77
Baseline,RandomForest,0.8,Tuning,Tuning,0.43,0.57
Baseline,RandomForest,0.8,Tuning,Tuning,0.09,0.91
Baseline,RandomForest,0.8,Tuning,Tuning,0.45,0.55
Baseline,RandomForest,0.8,Tuning,Tuning,0.22,0.78
Baseline,RandomForest,0.8,Defaults,Tuning,0.15,0.85
Baseline,RandomForest,0.8,Tuning,Tuning,0.18,0.82
Baseline,RandomForest,0.8,Tuning,Tuning,0.14,0.86
Baseline,RandomForest,0.8,Defaults,Tuning,0.14,0.86
Baseline,RandomForest,0.8,Tuning,Defaults,0.67,0.33
Baseline,RandomForest,0.8,Tuning,Tuning,0.21,0.79
Baseline,RandomForest,0.8,Tuning,Tuning,0.21,0.79
Baseline,RandomForest,0.8,Tuning,Defaults,0.51,0.49
Baseline,RandomForest,0.8,Tuning,Tuning,0.36,0.64
Baseline,RandomForest,0.8,Tuning,Tuning,0.13,0.87
Baseline,RandomForest,0.8,Tuning,Tuning,0.13,0.87
Baseline,RandomForest,0.8,Tuning,Tuning,0.19,0.81
Baseline,RandomForest,0.8,Tuning,Tuning,0.36,0.64
Baseline,RandomForest,0.8,Defaults,Tuning,0.38,0.62
Baseline,RandomForest,0.8,Tuning,Tuning,0.43,0.57
Baseline,RandomForest,0.8,Defaults,Tuning,0.45,0.55
Baseline,RandomForest,0.8,Tuning,Defaults,0.56,0.44
Baseline,RandomForest,0.8,Tuning,Tuning,0.29,0.71
Baseline,RandomForest,0.8,Tuning,Tuning,0.38,0.62
Baseline,RandomForest,0.8,Tuning,Tuning,0.44,0.56
Baseline,RandomForest,0.8,Tuning,Tuning,0.32,0.68
Baseline,RandomForest,0.8,Defaults,Tuning,0.05,0.95
Baseline,RandomForest,0.8,Tuning,Tuning,0.36,0.64
Baseline,RandomForest,0.8,Defaults,Defaults,0.92,0.08
Baseline,RandomForest,0.8,Defaults,Defaults,0.92,0.08
Baseline,RandomForest,0.8,Defaults,Defaults,0.88,0.12
Baseline,RandomForest,0.8,Defaults,Defaults,0.92,0.08
Baseline,RandomForest,0.8,Tuning,Tuning,0.24,0.76
Baseline,RandomForest,0.8,Tuning,Tuning,0.24,0.76
Baseline,RandomForest,0.8,Tuning,Tuning,0.28,0.72
Baseline,RandomForest,0.8,Defaults,Tuning,0.33,0.67
Baseline,RandomForest,0.8,Defaults,Tuning,0.42,0.58
Baseline,RandomForest,0.8,Defaults,Tuning,0.25,0.75
Baseline,RandomForest,0.8,Defaults,Tuning,0.43,0.57
Baseline,RandomForest,0.8,Tuning,Defaults,0.54,0.46
Baseline,RandomForest,0.8,Tuning,Defaults,0.58,0.42
Baseline,RandomForest,0.8,Defaults,Defaults,0.63,0.37
Baseline,RandomForest,0.8,Tuning,Tuning,0.04,0.96
Baseline,RandomForest,0.8,Defaults,Defaults,0.58,0.42
Baseline,RandomForest,0.8,Tuning,Tuning,0.15,0.85
Baseline,RandomForest,0.8,Tuning,Tuning,0.07,0.93
Baseline,RandomForest,0.8,Defaults,Tuning,0.34,0.66
Baseline,RandomForest,0.8,Tuning,Tuning,0.1,0.9
Baseline,RandomForest,0.8,Defaults,Tuning,0.35,0.65
Baseline,RandomForest,0.8,Tuning,Tuning,0.36,0.64
Baseline,RandomForest,0.8,Tuning,Tuning,0.06,0.94
Baseline,RandomForest,0.8,Tuning,Tuning,0.08,0.92
Baseline,RandomForest,0.8,Defaults,Tuning,0.48,0.52
Baseline,RandomForest,0.8,Tuning,Tuning,0.22,0.78
Baseline,RandomForest,0.8,Tuning,Tuning,0.14,0.86
Baseline,RandomForest,0.8,Tuning,Tuning,0.25,0.75
Baseline,RandomForest,0.8,Defaults,Tuning,0.02,0.98
Baseline,RandomForest,0.8,Tuning,Tuning,0.2,0.8
Baseline,RandomForest,0.8,Tuning,Tuning,0.29,0.71
Baseline,RandomForest,0.8,Tuning,Tuning,0.39,0.61
Baseline,RandomForest,0.8,Tuning,Tuning,0.19,0.81
Baseline,RandomForest,0.8,Tuning,Defaults,0.62,0.38
Baseline,RandomForest,0.8,Tuning,Tuning,0.04,0.96
Baseline,RandomForest,0.8,Tuning,Tuning,0.39,0.61
Baseline,RandomForest,0.8,Defaults,Tuning,0.29,0.71
Baseline,RandomForest,0.8,Tuning,Tuning,0.23,0.77
Baseline,RandomForest,0.8,Tuning,Tuning,0.03,0.97
Baseline,RandomForest,0.8,Tuning,Tuning,0.15,0.85
Baseline,RandomForest,0.8,Tuning,Tuning,0.04,0.96
Baseline,RandomForest,0.8,Tuning,Tuning,0.11,0.89
Baseline,RandomForest,0.8,Tuning,Tuning,0.19,0.81
Baseline,RandomForest,0.8,Tuning,Tuning,0.39,0.61
Baseline,RandomForest,0.8,Tuning,Tuning,0.11,0.89
Baseline,RandomForest,0.8,Defaults,Tuning,0.45,0.55
Baseline,RandomForest,0.8,Tuning,Tuning,0.44,0.56
Baseline,RandomForest,0.8,Defaults,Defaults,0.5,0.5
Baseline,RandomForest,0.8,Tuning,Tuning,0.35,0.65
Baseline,RandomForest,0.8,Tuning,Tuning,0.44,0.56
Baseline,RandomForest,0.8,Tuning,Tuning,0.44,0.56
Baseline,RandomForest,0.8,Tuning,Tuning,0.12,0.88
Baseline,RandomForest,0.8,Defaults,Tuning,0.21,0.79
Baseline,RandomForest,0.8,Defaults,Tuning,0.12,0.88
Baseline,RandomForest,0.8,Tuning,Tuning,0.03,0.97
Baseline,RandomForest,0.8,Tuning,Tuning,0.33,0.67
Baseline,RandomForest,0.8,Tuning,Tuning,0.03,0.97
Baseline,RandomForest,0.8,Tuning,Tuning,0.03,0.97
Baseline,RandomForest,0.8,Tuning,Tuning,0.23,0.77
Baseline,RandomForest,0.8,Tuning,Tuning,0.14,0.86
Baseline,RandomForest,0.8,Tuning,Tuning,0.33,0.67
Baseline,RandomForest,0.8,Tuning,Tuning,0.2,0.8
Baseline,RandomForest,0.8,Defaults,Tuning,0.33,0.67
Baseline,RandomForest,0.8,Tuning,Defaults,0.67,0.33
Baseline,RandomForest,0.8,Tuning,Defaults,0.66,0.34
Baseline,RandomForest,0.8,Tuning,Tuning,0.24,0.76
Baseline,RandomForest,0.8,Tuning,Tuning,0.49,0.51
Baseline,RandomForest,0.8,Defaults,Tuning,0.43,0.57
Baseline,RandomForest,0.8,Tuning,Tuning,0.33,0.67
Baseline,RandomForest,0.8,Tuning,Tuning,0.29,0.71
Baseline,RandomForest,0.8,Tuning,Tuning,0.1,0.9
Baseline,RandomForest,0.8,Defaults,Tuning,0.08,0.92
Baseline,RandomForest,0.8,Tuning,Tuning,0.22,0.78
Baseline,RandomForest,0.8,Tuning,Tuning,0.38,0.62
Baseline,RandomForest,0.8,Tuning,Tuning,0.13,0.87
Baseline,RandomForest,0.8,Defaults,Defaults,0.55,0.45
Baseline,RandomForest,0.8,Defaults,Defaults,0.55,0.45
Baseline,RandomForest,0.8,Tuning,Tuning,0.35,0.65
Baseline,RandomForest,0.8,Tuning,Tuning,0.31,0.69
Baseline,RandomForest,0.8,Tuning,Tuning,0.39,0.61
Baseline,RandomForest,0.8,Defaults,Tuning,0.46,0.54
Baseline,RandomForest,0.8,Defaults,Tuning,0.43,0.57
Baseline,RandomForest,0.8,Defaults,Defaults,0.54,0.46
Baseline,RandomForest,0.8,Tuning,Tuning,0.34,0.66
Baseline,RandomForest,0.8,Defaults,Tuning,0.44,0.56
Baseline,RandomForest,0.8,Tuning,Defaults,0.84,0.16
Baseline,RandomForest,0.8,Tuning,Tuning,0.3,0.7
Baseline,RandomForest,0.8,Defaults,Tuning,0.29,0.71
Baseline,RandomForest,0.8,Defaults,Defaults,0.58,0.42
Baseline,RandomForest,0.8,Tuning,Tuning,0.44,0.56
Baseline,RandomForest,0.8,Tuning,Tuning,0.17,0.83
Baseline,RandomForest,0.8,Defaults,Tuning,0.45,0.55
Baseline,RandomForest,0.8,Tuning,Tuning,0.4,0.6
Baseline,RandomForest,0.8,Tuning,Tuning,0.23,0.77
Baseline,RandomForest,0.8,Tuning,Tuning,0.41,0.59
Baseline,RandomForest,0.8,Tuning,Tuning,0.31,0.69
Baseline,RandomForest,0.85,Tuning,Tuning,0.18,0.82
Baseline,RandomForest,0.85,Tuning,Tuning,0.08,0.92
Baseline,RandomForest,0.85,Defaults,Defaults,0.54,0.46
Baseline,RandomForest,0.85,Tuning,Tuning,0.1,0.9
Baseline,RandomForest,0.85,Tuning,Tuning,0.09,0.91
Baseline,RandomForest,0.85,Tuning,Tuning,0.49,0.51
Baseline,RandomForest,0.85,Tuning,Tuning,0.1,0.9
Baseline,RandomForest,0.85,Defaults,Tuning,0.25,0.75
Baseline,RandomForest,0.85,Defaults,Tuning,0.3,0.7
Baseline,RandomForest,0.85,Tuning,Tuning,0.31,0.69
Baseline,RandomForest,0.85,Tuning,Tuning,0.06,0.94
Baseline,RandomForest,0.85,Defaults,Tuning,0.23,0.77
Baseline,RandomForest,0.85,Tuning,Tuning,0.07,0.93
Baseline,RandomForest,0.85,Tuning,Tuning,0.09,0.91
Baseline,RandomForest,0.85,Tuning,Tuning,0.17,0.83
Baseline,RandomForest,0.85,Tuning,Tuning,0.01,0.99
Baseline,RandomForest,0.85,Defaults,Defaults,0.61,0.39
Baseline,RandomForest,0.85,Tuning,Tuning,0.2,0.8
Baseline,RandomForest,0.85,Defaults,Tuning,0.35,0.65
Baseline,RandomForest,0.85,Tuning,Defaults,0.52,0.48
Baseline,RandomForest,0.85,Tuning,Tuning,0.45,0.55
Baseline,RandomForest,0.85,Defaults,Tuning,0.33,0.67
Baseline,RandomForest,0.85,Tuning,Tuning,0.19,0.81
Baseline,RandomForest,0.85,Tuning,Tuning,0.32,0.68
Baseline,RandomForest,0.85,Tuning,Tuning,0.01,0.99
Baseline,RandomForest,0.85,Tuning,Tuning,0.02,0.98
Baseline,RandomForest,0.85,Tuning,Tuning,0.02,0.98
Baseline,RandomForest,0.85,Tuning,Tuning,0.06,0.94
Baseline,RandomForest,0.85,Tuning,Tuning,0.01,0.99
Baseline,RandomForest,0.85,Tuning,Tuning,0.02,0.98
Baseline,RandomForest,0.85,Tuning,Tuning,0.01,0.99
Baseline,RandomForest,0.85,Tuning,Tuning,0.03,0.97
Baseline,RandomForest,0.85,Defaults,Defaults,0.62,0.38
Baseline,RandomForest,0.85,Defaults,Tuning,0.42,0.58
Baseline,RandomForest,0.85,Tuning,Tuning,0.2,0.8
Baseline,RandomForest,0.85,Tuning,Tuning,0.31,0.69
Baseline,RandomForest,0.85,Tuning,Tuning,0.33,0.67
Baseline,RandomForest,0.85,Defaults,Tuning,0.48,0.52
Baseline,RandomForest,0.85,Tuning,Tuning,0.19,0.81
Baseline,RandomForest,0.85,Defaults,Defaults,0.54,0.46
Baseline,RandomForest,0.85,Tuning,Tuning,0.16,0.84
Baseline,RandomForest,0.85,Tuning,Tuning,0.33,0.67
Baseline,RandomForest,0.85,Tuning,Tuning,0.36,0.64
Baseline,RandomForest,0.85,Tuning,Tuning,0.05,0.95
Baseline,RandomForest,0.85,Tuning,Tuning,0.23,0.77
Baseline,RandomForest,0.85,Tuning,Tuning,0.23,0.77
Baseline,RandomForest,0.85,Tuning,Tuning,0.45,0.55
Baseline,RandomForest,0.85,Tuning,Tuning,0.1,0.9
Baseline,RandomForest,0.85,Tuning,Tuning,0.36,0.64
Baseline,RandomForest,0.85,Tuning,Tuning,0.14,0.86
Baseline,RandomForest,0.85,Defaults,Tuning,0.25,0.75
Baseline,RandomForest,0.85,Tuning,Tuning,0.12,0.88
Baseline,RandomForest,0.85,Tuning,Tuning,0.14,0.86
Baseline,RandomForest,0.85,Defaults,Tuning,0.19,0.81
Baseline,RandomForest,0.85,Tuning,Defaults,0.72,0.28
Baseline,RandomForest,0.85,Tuning,Tuning,0.16,0.84
Baseline,RandomForest,0.85,Tuning,Tuning,0.22,0.78
Baseline,RandomForest,0.85,Tuning,Defaults,0.53,0.47
Baseline,RandomForest,0.85,Tuning,Tuning,0.39,0.61
Baseline,RandomForest,0.85,Tuning,Tuning,0.15,0.85
Baseline,RandomForest,0.85,Tuning,Tuning,0.16,0.84
Baseline,RandomForest,0.85,Tuning,Tuning,0.25,0.75
Baseline,RandomForest,0.85,Tuning,Tuning,0.28,0.72
Baseline,RandomForest,0.85,Defaults,Tuning,0.31,0.69
Baseline,RandomForest,0.85,Tuning,Tuning,0.49,0.51
Baseline,RandomForest,0.85,Defaults,Tuning,0.33,0.67
Baseline,RandomForest,0.85,Tuning,Tuning,0.43,0.57
Baseline,RandomForest,0.85,Tuning,Tuning,0.33,0.67
Baseline,RandomForest,0.85,Tuning,Tuning,0.43,0.57
Baseline,RandomForest,0.85,Tuning,Tuning,0.31,0.69
Baseline,RandomForest,0.85,Tuning,Tuning,0.26,0.74
Baseline,RandomForest,0.85,Defaults,Tuning,0.03,0.97
Baseline,RandomForest,0.85,Tuning,Tuning,0.27,0.73
Baseline,RandomForest,0.85,Defaults,Defaults,0.93,0.07
Baseline,RandomForest,0.85,Defaults,Defaults,0.88,0.12
Baseline,RandomForest,0.85,Defaults,Defaults,0.78,0.22
Baseline,RandomForest,0.85,Defaults,Defaults,0.93,0.07
Baseline,RandomForest,0.85,Tuning,Tuning,0.27,0.73
Baseline,RandomForest,0.85,Tuning,Tuning,0.27,0.73
Baseline,RandomForest,0.85,Tuning,Tuning,0.32,0.68
Baseline,RandomForest,0.85,Defaults,Tuning,0.42,0.58
Baseline,RandomForest,0.85,Defaults,Tuning,0.49,0.51
Baseline,RandomForest,0.85,Defaults,Tuning,0.24,0.76
Baseline,RandomForest,0.85,Defaults,Tuning,0.45,0.55
Baseline,RandomForest,0.85,Tuning,Defaults,0.59,0.41
Baseline,RandomForest,0.85,Tuning,Defaults,0.61,0.39
Baseline,RandomForest,0.85,Defaults,Defaults,0.55,0.45
Baseline,RandomForest,0.85,Tuning,Tuning,0.04,0.96
Baseline,RandomForest,0.85,Defaults,Defaults,0.65,0.35
Baseline,RandomForest,0.85,Tuning,Tuning,0.18,0.82
Baseline,RandomForest,0.85,Tuning,Tuning,0.04,0.96
Baseline,RandomForest,0.85,Defaults,Tuning,0.33,0.67
Baseline,RandomForest,0.85,Tuning,Tuning,0.15,0.85
Baseline,RandomForest,0.85,Defaults,Tuning,0.41,0.59
Baseline,RandomForest,0.85,Tuning,Tuning,0.26,0.74
Baseline,RandomForest,0.85,Tuning,Tuning,0.1,0.9
Baseline,RandomForest,0.85,Tuning,Tuning,0.12,0.88
Baseline,RandomForest,0.85,Defaults,Defaults,0.63,0.37
Baseline,RandomForest,0.85,Tuning,Tuning,0.28,0.72
Baseline,RandomForest,0.85,Tuning,Tuning,0.18,0.82
Baseline,RandomForest,0.85,Tuning,Tuning,0.19,0.81
Baseline,RandomForest,0.85,Defaults,Tuning,0.03,0.97
Baseline,RandomForest,0.85,Tuning,Tuning,0.19,0.81
Baseline,RandomForest,0.85,Tuning,Tuning,0.29,0.71
Baseline,RandomForest,0.85,Tuning,Tuning,0.44,0.56
Baseline,RandomForest,0.85,Tuning,Tuning,0.19,0.81
Baseline,RandomForest,0.85,Tuning,Defaults,0.59,0.41
Baseline,RandomForest,0.85,Tuning,Tuning,0.04,0.96
Baseline,RandomForest,0.85,Tuning,Tuning,0.42,0.58
Baseline,RandomForest,0.85,Defaults,Tuning,0.34,0.66
Baseline,RandomForest,0.85,Tuning,Tuning,0.23,0.77
Baseline,RandomForest,0.85,Tuning,Tuning,0.03,0.97
Baseline,RandomForest,0.85,Tuning,Tuning,0.08,0.92
Baseline,RandomForest,0.85,Tuning,Tuning,0.02,0.98
Baseline,RandomForest,0.85,Tuning,Tuning,0.05,0.95
Baseline,RandomForest,0.85,Tuning,Tuning,0.16,0.84
Baseline,RandomForest,0.85,Tuning,Tuning,0.47,0.53
Baseline,RandomForest,0.85,Tuning,Tuning,0.16,0.84
Baseline,RandomForest,0.85,Defaults,Tuning,0.32,0.68
Baseline,RandomForest,0.85,Tuning,Tuning,0.42,0.58
Baseline,RandomForest,0.85,Defaults,Defaults,0.54,0.46
Baseline,RandomForest,0.85,Tuning,Tuning,0.28,0.72
Baseline,RandomForest,0.85,Tuning,Tuning,0.4,0.6
Baseline,RandomForest,0.85,Tuning,Tuning,0.44,0.56
Baseline,RandomForest,0.85,Tuning,Tuning,0.15,0.85
Baseline,RandomForest,0.85,Defaults,Tuning,0.22,0.78
Baseline,RandomForest,0.85,Defaults,Tuning,0.17,0.83
Baseline,RandomForest,0.85,Tuning,Tuning,0.05,0.95
Baseline,RandomForest,0.85,Tuning,Tuning,0.26,0.74
Baseline,RandomForest,0.85,Tuning,Tuning,0.03,0.97
Baseline,RandomForest,0.85,Tuning,Tuning,0.03,0.97
Baseline,RandomForest,0.85,Tuning,Tuning,0.3,0.7
Baseline,RandomForest,0.85,Tuning,Tuning,0.1,0.9
Baseline,RandomForest,0.85,Tuning,Tuning,0.43,0.57
Baseline,RandomForest,0.85,Tuning,Tuning,0.17,0.83
Baseline,RandomForest,0.85,Defaults,Tuning,0.28,0.72
Baseline,RandomForest,0.85,Tuning,Defaults,0.73,0.27
Baseline,RandomForest,0.85,Tuning,Defaults,0.65,0.35
Baseline,RandomForest,0.85,Tuning,Tuning,0.24,0.76
Baseline,RandomForest,0.85,Tuning,Tuning,0.4,0.6
Baseline,RandomForest,0.85,Defaults,Tuning,0.37,0.63
Baseline,RandomForest,0.85,Tuning,Tuning,0.39,0.61
Baseline,RandomForest,0.85,Tuning,Tuning,0.23,0.77
Baseline,RandomForest,0.85,Tuning,Tuning,0.2,0.8
Baseline,RandomForest,0.85,Defaults,Tuning,0.05,0.95
Baseline,RandomForest,0.85,Tuning,Tuning,0.25,0.75
Baseline,RandomForest,0.85,Tuning,Tuning,0.43,0.57
Baseline,RandomForest,0.85,Tuning,Tuning,0.17,0.83
Baseline,RandomForest,0.85,Defaults,Defaults,0.54,0.46
Baseline,RandomForest,0.85,Defaults,Defaults,0.52,0.48
Baseline,RandomForest,0.85,Tuning,Tuning,0.38,0.62
Baseline,RandomForest,0.85,Tuning,Tuning,0.25,0.75
Baseline,RandomForest,0.85,Tuning,Tuning,0.37,0.63
Baseline,RandomForest,0.85,Defaults,Defaults,0.53,0.47
Baseline,RandomForest,0.85,Defaults,Tuning,0.46,0.54
Baseline,RandomForest,0.85,Defaults,Defaults,0.56,0.44
Baseline,RandomForest,0.85,Tuning,Tuning,0.34,0.66
Baseline,RandomForest,0.85,Defaults,Tuning,0.42,0.58
Baseline,RandomForest,0.85,Tuning,Defaults,0.79,0.21
Baseline,RandomForest,0.85,Tuning,Tuning,0.21,0.79
Baseline,RandomForest,0.85,Defaults,Tuning,0.31,0.69
Baseline,RandomForest,0.85,Defaults,Defaults,0.54,0.46
Baseline,RandomForest,0.85,Tuning,Tuning,0.32,0.68
Baseline,RandomForest,0.85,Tuning,Tuning,0.15,0.85
Baseline,RandomForest,0.85,Defaults,Tuning,0.43,0.57
Baseline,RandomForest,0.85,Tuning,Tuning,0.27,0.73
Baseline,RandomForest,0.85,Tuning,Tuning,0.22,0.78
Baseline,RandomForest,0.85,Tuning,Tuning,0.36,0.64
Baseline,RandomForest,0.85,Tuning,Tuning,0.38,0.62
Baseline,RandomForest,0.9,Tuning,Tuning,0.04,0.96
Baseline,RandomForest,0.9,Tuning,Tuning,0.14,0.86
Baseline,RandomForest,0.9,Defaults,Defaults,0.55,0.45
Baseline,RandomForest,0.9,Tuning,Tuning,0.04,0.96
Baseline,RandomForest,0.9,Tuning,Tuning,0.04,0.96
Baseline,RandomForest,0.9,Tuning,Tuning,0.49,0.51
Baseline,RandomForest,0.9,Tuning,Tuning,0.12,0.88
Baseline,RandomForest,0.9,Defaults,Tuning,0.28,0.72
Baseline,RandomForest,0.9,Defaults,Tuning,0.28,0.72
Baseline,RandomForest,0.9,Tuning,Tuning,0.24,0.76
Baseline,RandomForest,0.9,Tuning,Tuning,0.03,0.97
Baseline,RandomForest,0.9,Defaults,Tuning,0.29,0.71
Baseline,RandomForest,0.9,Tuning,Tuning,0.1,0.9
Baseline,RandomForest,0.9,Tuning,Tuning,0.03,0.97
Baseline,RandomForest,0.9,Tuning,Tuning,0.17,0.83
Baseline,RandomForest,0.9,Tuning,Tuning,0.01,0.99
Baseline,RandomForest,0.9,Defaults,Defaults,0.64,0.36
Baseline,RandomForest,0.9,Tuning,Tuning,0.13,0.87
Baseline,RandomForest,0.9,Defaults,Tuning,0.26,0.74
Baseline,RandomForest,0.9,Tuning,Tuning,0.47,0.53
Baseline,RandomForest,0.9,Tuning,Tuning,0.3,0.7
Baseline,RandomForest,0.9,Defaults,Tuning,0.3,0.7
Baseline,RandomForest,0.9,Tuning,Tuning,0.25,0.75
Baseline,RandomForest,0.9,Tuning,Tuning,0.31,0.69
Baseline,RandomForest,0.9,Tuning,Tuning,0.01,0.99
Baseline,RandomForest,0.9,Tuning,Tuning,0.02,0.98
Baseline,RandomForest,0.9,Tuning,Tuning,0.03,0.97
Baseline,RandomForest,0.9,Tuning,Tuning,0.1,0.9
Baseline,RandomForest,0.9,Tuning,Tuning,0.01,0.99
Baseline,RandomForest,0.9,Tuning,Tuning,0.04,0.96
Baseline,RandomForest,0.9,Tuning,Tuning,0.01,0.99
Baseline,RandomForest,0.9,Tuning,Tuning,0.03,0.97
Baseline,RandomForest,0.9,Defaults,Defaults,0.68,0.32
Baseline,RandomForest,0.9,Defaults,Tuning,0.39,0.61
Baseline,RandomForest,0.9,Tuning,Tuning,0.2,0.8
Baseline,RandomForest,0.9,Tuning,Tuning,0.32,0.68
Baseline,RandomForest,0.9,Tuning,Tuning,0.27,0.73
Baseline,RandomForest,0.9,Defaults,Tuning,0.38,0.62
Baseline,RandomForest,0.9,Tuning,Tuning,0.13,0.87
Baseline,RandomForest,0.9,Defaults,Defaults,0.57,0.43
Baseline,RandomForest,0.9,Tuning,Tuning,0.23,0.77
Baseline,RandomForest,0.9,Tuning,Tuning,0.2,0.8
Baseline,RandomForest,0.9,Tuning,Tuning,0.19,0.81
Baseline,RandomForest,0.9,Tuning,Tuning,0.09,0.91
Baseline,RandomForest,0.9,Tuning,Tuning,0.17,0.83
Baseline,RandomForest,0.9,Tuning,Tuning,0.25,0.75
Baseline,RandomForest,0.9,Tuning,Tuning,0.48,0.52
Baseline,RandomForest,0.9,Tuning,Tuning,0.16,0.84
Baseline,RandomForest,0.9,Tuning,Tuning,0.44,0.56
Baseline,RandomForest,0.9,Tuning,Tuning,0.19,0.81
Baseline,RandomForest,0.9,Defaults,Tuning,0.17,0.83
Baseline,RandomForest,0.9,Tuning,Tuning,0.14,0.86
Baseline,RandomForest,0.9,Tuning,Tuning,0.18,0.82
Baseline,RandomForest,0.9,Defaults,Tuning,0.2,0.8
Baseline,RandomForest,0.9,Tuning,Defaults,0.69,0.31
Baseline,RandomForest,0.9,Tuning,Tuning,0.21,0.79
Baseline,RandomForest,0.9,Tuning,Tuning,0.07,0.93
Baseline,RandomForest,0.9,Tuning,Defaults,0.55,0.45
Baseline,RandomForest,0.9,Tuning,Tuning,0.46,0.54
Baseline,RandomForest,0.9,Tuning,Tuning,0.11,0.89
Baseline,RandomForest,0.9,Tuning,Tuning,0.17,0.83
Baseline,RandomForest,0.9,Tuning,Tuning,0.17,0.83
Baseline,RandomForest,0.9,Tuning,Tuning,0.24,0.76
Baseline,RandomForest,0.9,Defaults,Tuning,0.36,0.64
Baseline,RandomForest,0.9,Tuning,Defaults,0.51,0.49
Baseline,RandomForest,0.9,Defaults,Tuning,0.3,0.7
Baseline,RandomForest,0.9,Tuning,Tuning,0.37,0.63
Baseline,RandomForest,0.9,Tuning,Tuning,0.32,0.68
Baseline,RandomForest,0.9,Tuning,Tuning,0.47,0.53
Baseline,RandomForest,0.9,Tuning,Tuning,0.33,0.67
Baseline,RandomForest,0.9,Tuning,Tuning,0.21,0.79
Baseline,RandomForest,0.9,Defaults,Tuning,0.02,0.98
Baseline,RandomForest,0.9,Tuning,Tuning,0.22,0.78
Baseline,RandomForest,0.9,Defaults,Defaults,0.93,0.07
Baseline,RandomForest,0.9,Defaults,Defaults,0.89,0.11
Baseline,RandomForest,0.9,Defaults,Defaults,0.84,0.16
Baseline,RandomForest,0.9,Defaults,Defaults,0.94,0.06
Baseline,RandomForest,0.9,Tuning,Tuning,0.31,0.69
Baseline,RandomForest,0.9,Tuning,Tuning,0.31,0.69
Baseline,RandomForest,0.9,Tuning,Tuning,0.33,0.67
Baseline,RandomForest,0.9,Defaults,Tuning,0.35,0.65
Baseline,RandomForest,0.9,Defaults,Tuning,0.49,0.51
Baseline,RandomForest,0.9,Defaults,Tuning,0.32,0.68
Baseline,RandomForest,0.9,Defaults,Tuning,0.39,0.61
Baseline,RandomForest,0.9,Tuning,Defaults,0.62,0.38
Baseline,RandomForest,0.9,Tuning,Defaults,0.6,0.4
Baseline,RandomForest,0.9,Defaults,Defaults,0.77,0.23
Baseline,RandomForest,0.9,Tuning,Tuning,0.01,0.99
Baseline,RandomForest,0.9,Defaults,Defaults,0.57,0.43
Baseline,RandomForest,0.9,Tuning,Tuning,0.15,0.85
Baseline,RandomForest,0.9,Tuning,Tuning,0.07,0.93
Baseline,RandomForest,0.9,Defaults,Tuning,0.23,0.77
Baseline,RandomForest,0.9,Tuning,Tuning,0.18,0.82
Baseline,RandomForest,0.9,Defaults,Tuning,0.45,0.55
Baseline,RandomForest,0.9,Tuning,Tuning,0.27,0.73
Baseline,RandomForest,0.9,Tuning,Tuning,0.02,0.98
Baseline,RandomForest,0.9,Tuning,Tuning,0.06,0.94
Baseline,RandomForest,0.9,Defaults,Defaults,0.57,0.43
Baseline,RandomForest,0.9,Tuning,Tuning,0.25,0.75
Baseline,RandomForest,0.9,Tuning,Tuning,0.11,0.89
Baseline,RandomForest,0.9,Tuning,Tuning,0.23,0.77
Baseline,RandomForest,0.9,Defaults,Tuning,0.02,0.98
Baseline,RandomForest,0.9,Tuning,Tuning,0.19,0.81
Baseline,RandomForest,0.9,Tuning,Tuning,0.36,0.64
Baseline,RandomForest,0.9,Tuning,Tuning,0.42,0.58
Baseline,RandomForest,0.9,Tuning,Tuning,0.15,0.85
Baseline,RandomForest,0.9,Tuning,Defaults,0.59,0.41
Baseline,RandomForest,0.9,Tuning,Tuning,0.03,0.97
Baseline,RandomForest,0.9,Tuning,Tuning,0.33,0.67
Baseline,RandomForest,0.9,Defaults,Tuning,0.27,0.73
Baseline,RandomForest,0.9,Tuning,Tuning,0.24,0.76
Baseline,RandomForest,0.9,Tuning,Tuning,0.06,0.94
Baseline,RandomForest,0.9,Tuning,Tuning,0.09,0.91
Baseline,RandomForest,0.9,Tuning,Tuning,0.08,0.92
Baseline,RandomForest,0.9,Tuning,Tuning,0.12,0.88
Baseline,RandomForest,0.9,Tuning,Tuning,0.13,0.87
Baseline,RandomForest,0.9,Tuning,Tuning,0.35,0.65
Baseline,RandomForest,0.9,Tuning,Tuning,0.12,0.88
Baseline,RandomForest,0.9,Defaults,Tuning,0.49,0.51
Baseline,RandomForest,0.9,Tuning,Tuning,0.29,0.71
Baseline,RandomForest,0.9,Defaults,Defaults,0.61,0.39
Baseline,RandomForest,0.9,Tuning,Tuning,0.37,0.63
Baseline,RandomForest,0.9,Tuning,Tuning,0.37,0.63
Baseline,RandomForest,0.9,Tuning,Tuning,0.32,0.68
Baseline,RandomForest,0.9,Tuning,Tuning,0.14,0.86
Baseline,RandomForest,0.9,Defaults,Tuning,0.35,0.65
Baseline,RandomForest,0.9,Defaults,Tuning,0.16,0.84
Baseline,RandomForest,0.9,Tuning,Tuning,0.07,0.93
Baseline,RandomForest,0.9,Tuning,Tuning,0.3,0.7
Baseline,RandomForest,0.9,Tuning,Tuning,0.03,0.97
Baseline,RandomForest,0.9,Tuning,Tuning,0.03,0.97
Baseline,RandomForest,0.9,Tuning,Tuning,0.24,0.76
Baseline,RandomForest,0.9,Tuning,Tuning,0.08,0.92
Baseline,RandomForest,0.9,Tuning,Tuning,0.39,0.61
Baseline,RandomForest,0.9,Tuning,Tuning,0.18,0.82
Baseline,RandomForest,0.9,Defaults,Tuning,0.33,0.67
Baseline,RandomForest,0.9,Tuning,Defaults,0.7,0.3
Baseline,RandomForest,0.9,Tuning,Defaults,0.65,0.35
Baseline,RandomForest,0.9,Tuning,Tuning,0.23,0.77
Baseline,RandomForest,0.9,Tuning,Tuning,0.44,0.56
Baseline,RandomForest,0.9,Defaults,Tuning,0.4,0.6
Baseline,RandomForest,0.9,Tuning,Tuning,0.33,0.67
Baseline,RandomForest,0.9,Tuning,Tuning,0.35,0.65
Baseline,RandomForest,0.9,Tuning,Tuning,0.12,0.88
Baseline,RandomForest,0.9,Defaults,Tuning,0.07,0.93
Baseline,RandomForest,0.9,Tuning,Tuning,0.2,0.8
Baseline,RandomForest,0.9,Tuning,Tuning,0.39,0.61
Baseline,RandomForest,0.9,Tuning,Tuning,0.14,0.86
Baseline,RandomForest,0.9,Defaults,Tuning,0.48,0.52
Baseline,RandomForest,0.9,Defaults,Defaults,0.57,0.43
Baseline,RandomForest,0.9,Tuning,Tuning,0.36,0.64
Baseline,RandomForest,0.9,Tuning,Tuning,0.28,0.72
Baseline,RandomForest,0.9,Tuning,Tuning,0.41,0.59
Baseline,RandomForest,0.9,Defaults,Defaults,0.5,0.5
Baseline,RandomForest,0.9,Defaults,Tuning,0.44,0.56
Baseline,RandomForest,0.9,Defaults,Defaults,0.55,0.45
Baseline,RandomForest,0.9,Tuning,Tuning,0.25,0.75
Baseline,RandomForest,0.9,Defaults,Tuning,0.44,0.56
Baseline,RandomForest,0.9,Tuning,Defaults,0.8,0.2
Baseline,RandomForest,0.9,Tuning,Tuning,0.27,0.73
Baseline,RandomForest,0.9,Defaults,Tuning,0.3,0.7
Baseline,RandomForest,0.9,Defaults,Defaults,0.53,0.47
Baseline,RandomForest,0.9,Tuning,Tuning,0.44,0.56
Baseline,RandomForest,0.9,Tuning,Tuning,0.13,0.87
Baseline,RandomForest,0.9,Defaults,Tuning,0.43,0.57
Baseline,RandomForest,0.9,Tuning,Tuning,0.43,0.57
Baseline,RandomForest,0.9,Tuning,Tuning,0.25,0.75
Baseline,RandomForest,0.9,Tuning,Tuning,0.41,0.59
Baseline,RandomForest,0.9,Tuning,Tuning,0.34,0.66
Baseline,RandomForest,0.95,Tuning,Tuning,0.14,0.86
Baseline,RandomForest,0.95,Tuning,Tuning,0.1,0.9
Baseline,RandomForest,0.95,Defaults,Defaults,0.52,0.48
Baseline,RandomForest,0.95,Tuning,Tuning,0.05,0.95
Baseline,RandomForest,0.95,Tuning,Tuning,0.08,0.92
Baseline,RandomForest,0.95,Tuning,Tuning,0.48,0.52
Baseline,RandomForest,0.95,Tuning,Tuning,0.1,0.9
Baseline,RandomForest,0.95,Defaults,Tuning,0.21,0.79
Baseline,RandomForest,0.95,Defaults,Tuning,0.26,0.74
Baseline,RandomForest,0.95,Tuning,Tuning,0.27,0.73
Baseline,RandomForest,0.95,Tuning,Tuning,0.05,0.95
Baseline,RandomForest,0.95,Defaults,Tuning,0.17,0.83
Baseline,RandomForest,0.95,Tuning,Tuning,0.1,0.9
Baseline,RandomForest,0.95,Tuning,Tuning,0.03,0.97
Baseline,RandomForest,0.95,Tuning,Tuning,0.09,0.91
Baseline,RandomForest,0.95,Tuning,Tuning,0.0,1.0
Baseline,RandomForest,0.95,Defaults,Defaults,0.69,0.31
Baseline,RandomForest,0.95,Tuning,Tuning,0.22,0.78
Baseline,RandomForest,0.95,Defaults,Tuning,0.32,0.68
Baseline,RandomForest,0.95,Tuning,Defaults,0.5,0.5
Baseline,RandomForest,0.95,Tuning,Tuning,0.38,0.62
Baseline,RandomForest,0.95,Defaults,Tuning,0.33,0.67
Baseline,RandomForest,0.95,Tuning,Tuning,0.25,0.75
Baseline,RandomForest,0.95,Tuning,Tuning,0.17,0.83
Baseline,RandomForest,0.95,Tuning,Tuning,0.05,0.95
Baseline,RandomForest,0.95,Tuning,Tuning,0.0,1.0
Baseline,RandomForest,0.95,Tuning,Tuning,0.01,0.99
Baseline,RandomForest,0.95,Tuning,Tuning,0.04,0.96
Baseline,RandomForest,0.95,Tuning,Tuning,0.01,0.99
Baseline,RandomForest,0.95,Tuning,Tuning,0.04,0.96
Baseline,RandomForest,0.95,Tuning,Tuning,0.01,0.99
Baseline,RandomForest,0.95,Tuning,Tuning,0.01,0.99
Baseline,RandomForest,0.95,Defaults,Defaults,0.63,0.37
Baseline,RandomForest,0.95,Defaults,Tuning,0.48,0.52
Baseline,RandomForest,0.95,Tuning,Tuning,0.21,0.79
Baseline,RandomForest,0.95,Tuning,Tuning,0.34,0.66
Baseline,RandomForest,0.95,Tuning,Tuning,0.41,0.59
Baseline,RandomForest,0.95,Defaults,Tuning,0.48,0.52
Baseline,RandomForest,0.95,Tuning,Tuning,0.09,0.91
Baseline,RandomForest,0.95,Defaults,Tuning,0.48,0.52
Baseline,RandomForest,0.95,Tuning,Tuning,0.2,0.8
Baseline,RandomForest,0.95,Tuning,Tuning,0.24,0.76
Baseline,RandomForest,0.95,Tuning,Tuning,0.38,0.62
Baseline,RandomForest,0.95,Tuning,Tuning,0.1,0.9
Baseline,RandomForest,0.95,Tuning,Tuning,0.19,0.81
Baseline,RandomForest,0.95,Tuning,Tuning,0.22,0.78
Baseline,RandomForest,0.95,Tuning,Defaults,0.61,0.39
Baseline,RandomForest,0.95,Tuning,Tuning,0.09,0.91
Baseline,RandomForest,0.95,Tuning,Tuning,0.34,0.66
Baseline,RandomForest,0.95,Tuning,Tuning,0.18,0.82
Baseline,RandomForest,0.95,Defaults,Tuning,0.26,0.74
Baseline,RandomForest,0.95,Tuning,Tuning,0.14,0.86
Baseline,RandomForest,0.95,Tuning,Tuning,0.23,0.77
Baseline,RandomForest,0.95,Defaults,Tuning,0.22,0.78
Baseline,RandomForest,0.95,Tuning,Defaults,0.68,0.32
Baseline,RandomForest,0.95,Tuning,Tuning,0.2,0.8
Baseline,RandomForest,0.95,Tuning,Tuning,0.26,0.74
Baseline,RandomForest,0.95,Tuning,Tuning,0.44,0.56
Baseline,RandomForest,0.95,Tuning,Tuning,0.45,0.55
Baseline,RandomForest,0.95,Tuning,Tuning,0.09,0.91
Baseline,RandomForest,0.95,Tuning,Tuning,0.12,0.88
Baseline,RandomForest,0.95,Tuning,Tuning,0.23,0.77
Baseline,RandomForest,0.95,Tuning,Tuning,0.3,0.7
Baseline,RandomForest,0.95,Defaults,Tuning,0.37,0.63
Baseline,RandomForest,0.95,Tuning,Tuning,0.43,0.57
Baseline,RandomForest,0.95,Defaults,Tuning,0.39,0.61
Baseline,RandomForest,0.95,Tuning,Tuning,0.41,0.59
Baseline,RandomForest,0.95,Tuning,Tuning,0.32,0.68
Baseline,RandomForest,0.95,Tuning,Tuning,0.4,0.6
Baseline,RandomForest,0.95,Tuning,Tuning,0.31,0.69
Baseline,RandomForest,0.95,Tuning,Tuning,0.27,0.73
Baseline,RandomForest,0.95,Defaults,Tuning,0.05,0.95
Baseline,RandomForest,0.95,Tuning,Tuning,0.26,0.74
Baseline,RandomForest,0.95,Defaults,Defaults,0.93,0.07
Baseline,RandomForest,0.95,Defaults,Defaults,0.88,0.12
Baseline,RandomForest,0.95,Defaults,Defaults,0.82,0.18
Baseline,RandomForest,0.95,Defaults,Defaults,0.92,0.08
Baseline,RandomForest,0.95,Tuning,Tuning,0.28,0.72
Baseline,RandomForest,0.95,Tuning,Tuning,0.28,0.72
Baseline,RandomForest,0.95,Tuning,Tuning,0.32,0.68
Baseline,RandomForest,0.95,Defaults,Tuning,0.29,0.71
Baseline,RandomForest,0.95,Defaults,Tuning,0.36,0.64
Baseline,RandomForest,0.95,Defaults,Tuning,0.29,0.71
Baseline,RandomForest,0.95,Defaults,Tuning,0.42,0.58
Baseline,RandomForest,0.95,Tuning,Defaults,0.6,0.4
Baseline,RandomForest,0.95,Tuning,Defaults,0.64,0.36
Baseline,RandomForest,0.95,Defaults,Defaults,0.76,0.24
Baseline,RandomForest,0.95,Tuning,Tuning,0.02,0.98
Baseline,RandomForest,0.95,Defaults,Defaults,0.53,0.47
Baseline,RandomForest,0.95,Tuning,Tuning,0.16,0.84
Baseline,RandomForest,0.95,Tuning,Tuning,0.02,0.98
Baseline,RandomForest,0.95,Defaults,Tuning,0.26,0.74
Baseline,RandomForest,0.95,Tuning,Tuning,0.22,0.78
Baseline,RandomForest,0.95,Defaults,Tuning,0.38,0.62
Baseline,RandomForest,0.95,Tuning,Tuning,0.36,0.64
Baseline,RandomForest,0.95,Tuning,Tuning,0.05,0.95
Baseline,RandomForest,0.95,Tuning,Tuning,0.06,0.94
Baseline,RandomForest,0.95,Defaults,Tuning,0.44,0.56
Baseline,RandomForest,0.95,Tuning,Tuning,0.26,0.74
Baseline,RandomForest,0.95,Tuning,Tuning,0.07,0.93
Baseline,RandomForest,0.95,Tuning,Tuning,0.18,0.82
Baseline,RandomForest,0.95,Defaults,Tuning,0.01,0.99
Baseline,RandomForest,0.95,Tuning,Tuning,0.24,0.76
Baseline,RandomForest,0.95,Tuning,Tuning,0.24,0.76
Baseline,RandomForest,0.95,Tuning,Tuning,0.42,0.58
Baseline,RandomForest,0.95,Tuning,Tuning,0.17,0.83
Baseline,RandomForest,0.95,Tuning,Defaults,0.59,0.41
Baseline,RandomForest,0.95,Tuning,Tuning,0.05,0.95
Baseline,RandomForest,0.95,Tuning,Tuning,0.37,0.63
Baseline,RandomForest,0.95,Defaults,Tuning,0.31,0.69
Baseline,RandomForest,0.95,Tuning,Tuning,0.21,0.79
Baseline,RandomForest,0.95,Tuning,Tuning,0.11,0.89
Baseline,RandomForest,0.95,Tuning,Tuning,0.11,0.89
Baseline,RandomForest,0.95,Tuning,Tuning,0.05,0.95
Baseline,RandomForest,0.95,Tuning,Tuning,0.13,0.87
Baseline,RandomForest,0.95,Tuning,Tuning,0.13,0.87
Baseline,RandomForest,0.95,Tuning,Tuning,0.46,0.54
Baseline,RandomForest,0.95,Tuning,Tuning,0.09,0.91
Baseline,RandomForest,0.95,Defaults,Tuning,0.43,0.57
Baseline,RandomForest,0.95,Tuning,Tuning,0.29,0.71
Baseline,RandomForest,0.95,Defaults,Defaults,0.54,0.46
Baseline,RandomForest,0.95,Tuning,Tuning,0.34,0.66
Baseline,RandomForest,0.95,Tuning,Tuning,0.43,0.57
Baseline,RandomForest,0.95,Tuning,Tuning,0.4,0.6
Baseline,RandomForest,0.95,Tuning,Tuning,0.16,0.84
Baseline,RandomForest,0.95,Defaults,Tuning,0.28,0.72
Baseline,RandomForest,0.95,Defaults,Tuning,0.13,0.87
Baseline,RandomForest,0.95,Tuning,Tuning,0.06,0.94
Baseline,RandomForest,0.95,Tuning,Tuning,0.28,0.72
Baseline,RandomForest,0.95,Tuning,Tuning,0.02,0.98
Baseline,RandomForest,0.95,Tuning,Tuning,0.02,0.98
Baseline,RandomForest,0.95,Tuning,Tuning,0.29,0.71
Baseline,RandomForest,0.95,Tuning,Tuning,0.1,0.9
Baseline,RandomForest,0.95,Tuning,Tuning,0.45,0.55
Baseline,RandomForest,0.95,Tuning,Tuning,0.17,0.83
Baseline,RandomForest,0.95,Defaults,Tuning,0.45,0.55
Baseline,RandomForest,0.95,Tuning,Defaults,0.68,0.32
Baseline,RandomForest,0.95,Tuning,Defaults,0.74,0.26
Baseline,RandomForest,0.95,Tuning,Tuning,0.24,0.76
Baseline,RandomForest,0.95,Tuning,Tuning,0.37,0.63
Baseline,RandomForest,0.95,Defaults,Tuning,0.39,0.61
Baseline,RandomForest,0.95,Tuning,Tuning,0.4,0.6
Baseline,RandomForest,0.95,Tuning,Tuning,0.32,0.68
Baseline,RandomForest,0.95,Tuning,Tuning,0.19,0.81
Baseline,RandomForest,0.95,Defaults,Tuning,0.08,0.92
Baseline,RandomForest,0.95,Tuning,Tuning,0.23,0.77
Baseline,RandomForest,0.95,Tuning,Tuning,0.37,0.63
Baseline,RandomForest,0.95,Tuning,Tuning,0.13,0.87
Baseline,RandomForest,0.95,Defaults,Tuning,0.49,0.51
Baseline,RandomForest,0.95,Defaults,Tuning,0.48,0.52
Baseline,RandomForest,0.95,Tuning,Tuning,0.41,0.59
Baseline,RandomForest,0.95,Tuning,Tuning,0.2,0.8
Baseline,RandomForest,0.95,Tuning,Tuning,0.44,0.56
Baseline,RandomForest,0.95,Defaults,Tuning,0.46,0.54
Baseline,RandomForest,0.95,Defaults,Tuning,0.41,0.59
Baseline,RandomForest,0.95,Defaults,Defaults,0.6,0.4
Baseline,RandomForest,0.95,Tuning,Tuning,0.28,0.72
Baseline,RandomForest,0.95,Defaults,Defaults,0.51,0.49
Baseline,RandomForest,0.95,Tuning,Defaults,0.77,0.23
Baseline,RandomForest,0.95,Tuning,Tuning,0.26,0.74
Baseline,RandomForest,0.95,Defaults,Tuning,0.28,0.72
Baseline,RandomForest,0.95,Defaults,Defaults,0.54,0.46
Baseline,RandomForest,0.95,Tuning,Defaults,0.51,0.49
Baseline,RandomForest,0.95,Tuning,Tuning,0.18,0.82
Baseline,RandomForest,0.95,Defaults,Tuning,0.49,0.51
Baseline,RandomForest,0.95,Tuning,Tuning,0.45,0.55
Baseline,RandomForest,0.95,Tuning,Tuning,0.2,0.8
Baseline,RandomForest,0.95,Tuning,Tuning,0.37,0.63
Baseline,RandomForest,0.95,Tuning,Tuning,0.24,0.76
Baseline,KNN,0.8,Tuning,Tuning,0.4,0.6
Baseline,KNN,0.8,Tuning,Defaults,0.8,0.2
Baseline,KNN,0.8,Defaults,Tuning,0.4,0.6
Baseline,KNN,0.8,Tuning,Tuning,0.0,1.0
Baseline,KNN,0.8,Tuning,Tuning,0.0,1.0
Baseline,KNN,0.8,Tuning,Tuning,0.4,0.6
Baseline,KNN,0.8,Tuning,Tuning,0.0,1.0
Baseline,KNN,0.8,Defaults,Tuning,0.0,1.0
Baseline,KNN,0.8,Defaults,Tuning,0.0,1.0
Baseline,KNN,0.8,Tuning,Tuning,0.4,0.6
Baseline,KNN,0.8,Tuning,Tuning,0.0,1.0
Baseline,KNN,0.8,Defaults,Tuning,0.4,0.6
Baseline,KNN,0.8,Tuning,Tuning,0.2,0.8
Baseline,KNN,0.8,Tuning,Tuning,0.2,0.8
Baseline,KNN,0.8,Tuning,Tuning,0.0,1.0
Baseline,KNN,0.8,Tuning,Tuning,0.0,1.0
Baseline,KNN,0.8,Defaults,Defaults,0.6,0.4
Baseline,KNN,0.8,Tuning,Tuning,0.4,0.6
Baseline,KNN,0.8,Defaults,Defaults,0.6,0.4
Baseline,KNN,0.8,Tuning,Tuning,0.2,0.8
Baseline,KNN,0.8,Tuning,Tuning,0.4,0.6
Baseline,KNN,0.8,Defaults,Defaults,0.8,0.2
Baseline,KNN,0.8,Tuning,Tuning,0.2,0.8
Baseline,KNN,0.8,Tuning,Tuning,0.2,0.8
Baseline,KNN,0.8,Tuning,Tuning,0.2,0.8
Baseline,KNN,0.8,Tuning,Tuning,0.0,1.0
Baseline,KNN,0.8,Tuning,Tuning,0.0,1.0
Baseline,KNN,0.8,Tuning,Tuning,0.0,1.0
Baseline,KNN,0.8,Tuning,Tuning,0.0,1.0
Baseline,KNN,0.8,Tuning,Tuning,0.0,1.0
Baseline,KNN,0.8,Tuning,Tuning,0.0,1.0
Baseline,KNN,0.8,Tuning,Tuning,0.0,1.0
Baseline,KNN,0.8,Defaults,Defaults,0.8,0.2
Baseline,KNN,0.8,Defaults,Tuning,0.4,0.6
Baseline,KNN,0.8,Tuning,Tuning,0.4,0.6
Baseline,KNN,0.8,Tuning,Tuning,0.2,0.8
Baseline,KNN,0.8,Tuning,Tuning,0.4,0.6
Baseline,KNN,0.8,Defaults,Tuning,0.2,0.8
Baseline,KNN,0.8,Tuning,Defaults,0.6,0.4
Baseline,KNN,0.8,Defaults,Defaults,0.6,0.4
Baseline,KNN,0.8,Tuning,Tuning,0.2,0.8
Baseline,KNN,0.8,Tuning,Tuning,0.2,0.8
Baseline,KNN,0.8,Tuning,Tuning,0.4,0.6
Baseline,KNN,0.8,Tuning,Tuning,0.4,0.6
Baseline,KNN,0.8,Tuning,Defaults,0.6,0.4
Baseline,KNN,0.8,Tuning,Defaults,0.6,0.4
Baseline,KNN,0.8,Tuning,Tuning,0.2,0.8
Baseline,KNN,0.8,Tuning,Tuning,0.2,0.8
Baseline,KNN,0.8,Tuning,Tuning,0.2,0.8
Baseline,KNN,0.8,Tuning,Tuning,0.4,0.6
Baseline,KNN,0.8,Defaults,Tuning,0.4,0.6
Baseline,KNN,0.8,Tuning,Tuning,0.2,0.8
Baseline,KNN,0.8,Tuning,Tuning,0.2,0.8
Baseline,KNN,0.8,Defaults,Tuning,0.4,0.6
Baseline,KNN,0.8,Tuning,Defaults,1.0,0.0
Baseline,KNN,0.8,Tuning,Tuning,0.0,1.0
Baseline,KNN,0.8,Tuning,Tuning,0.4,0.6
Baseline,KNN,0.8,Tuning,Defaults,0.6,0.4
Baseline,KNN,0.8,Tuning,Tuning,0.4,0.6
Baseline,KNN,0.8,Tuning,Tuning,0.2,0.8
Baseline,KNN,0.8,Tuning,Tuning,0.0,1.0
Baseline,KNN,0.8,Tuning,Tuning,0.2,0.8
Baseline,KNN,0.8,Tuning,Tuning,0.4,0.6
Baseline,KNN,0.8,Defaults,Defaults,0.6,0.4
Baseline,KNN,0.8,Tuning,Tuning,0.4,0.6
Baseline,KNN,0.8,Defaults,Defaults,0.8,0.2
Baseline,KNN,0.8,Tuning,Tuning,0.2,0.8
Baseline,KNN,0.8,Tuning,Tuning,0.4,0.6
Baseline,KNN,0.8,Tuning,Tuning,0.2,0.8
Baseline,KNN,0.8,Tuning,Tuning,0.2,0.8
Baseline,KNN,0.8,Tuning,Tuning,0.4,0.6
Baseline,KNN,0.8,Defaults,Tuning,0.0,1.0
Baseline,KNN,0.8,Tuning,Tuning,0.2,0.8
Baseline,KNN,0.8,Defaults,Defaults,0.6,0.4
Baseline,KNN,0.8,Defaults,Defaults,0.6,0.4
Baseline,KNN,0.8,Defaults,Defaults,0.6,0.4
Baseline,KNN,0.8,Defaults,Defaults,0.6,0.4
Baseline,KNN,0.8,Tuning,Defaults,0.6,0.4
Baseline,KNN,0.8,Tuning,Defaults,0.6,0.4
Baseline,KNN,0.8,Tuning,Defaults,0.8,0.2
Baseline,KNN,0.8,Defaults,Defaults,0.6,0.4
Baseline,KNN,0.8,Defaults,Defaults,0.6,0.4
Baseline,KNN,0.8,Defaults,Tuning,0.4,0.6
Baseline,KNN,0.8,Defaults,Defaults,0.6,0.4
Baseline,KNN,0.8,Tuning,Defaults,0.8,0.2
Baseline,KNN,0.8,Tuning,Defaults,0.6,0.4
Baseline,KNN,0.8,Defaults,Defaults,1.0,0.0
Baseline,KNN,0.8,Tuning,Tuning,0.0,1.0
Baseline,KNN,0.8,Defaults,Tuning,0.4,0.6
Baseline,KNN,0.8,Tuning,Defaults,0.8,0.2
Baseline,KNN,0.8,Tuning,Tuning,0.2,0.8
Baseline,KNN,0.8,Defaults,Tuning,0.2,0.8
Baseline,KNN,0.8,Tuning,Tuning,0.2,0.8
Baseline,KNN,0.8,Defaults,Tuning,0.2,0.8
Baseline,KNN,0.8,Tuning,Tuning,0.4,0.6
Baseline,KNN,0.8,Tuning,Tuning,0.4,0.6
Baseline,KNN,0.8,Tuning,Tuning,0.2,0.8
Baseline,KNN,0.8,Defaults,Defaults,0.6,0.4
Baseline,KNN,0.8,Tuning,Tuning,0.2,0.8
Baseline,KNN,0.8,Tuning,Tuning,0.4,0.6
Baseline,KNN,0.8,Tuning,Tuning,0.4,0.6
Baseline,KNN,0.8,Defaults,Tuning,0.2,0.8
Baseline,KNN,0.8,Tuning,Tuning,0.4,0.6
Baseline,KNN,0.8,Tuning,Defaults,0.6,0.4
Baseline,KNN,0.8,Tuning,Defaults,0.6,0.4
Baseline,KNN,0.8,Tuning,Tuning,0.2,0.8
Baseline,KNN,0.8,Tuning,Defaults,0.6,0.4
Baseline,KNN,0.8,Tuning,Tuning,0.4,0.6
Baseline,KNN,0.8,Tuning,Tuning,0.4,0.6
Baseline,KNN,0.8,Defaults,Defaults,0.6,0.4
Baseline,KNN,0.8,Tuning,Tuning,0.2,0.8
Baseline,KNN,0.8,Tuning,Tuning,0.0,1.0
Baseline,KNN,0.8,Tuning,Tuning,0.0,1.0
Baseline,KNN,0.8,Tuning,Tuning,0.0,1.0
Baseline,KNN,0.8,Tuning,Tuning,0.2,0.8
Baseline,KNN,0.8,Tuning,Tuning,0.4,0.6
Baseline,KNN,0.8,Tuning,Defaults,0.6,0.4
Baseline,KNN,0.8,Tuning,Tuning,0.0,1.0
Baseline,KNN,0.8,Defaults,Defaults,0.6,0.4
Baseline,KNN,0.8,Tuning,Tuning,0.4,0.6
Baseline,KNN,0.8,Defaults,Defaults,0.8,0.2
Baseline,KNN,0.8,Tuning,Defaults,0.6,0.4
Baseline,KNN,0.8,Tuning,Defaults,0.6,0.4
Baseline,KNN,0.8,Tuning,Defaults,0.8,0.2
Baseline,KNN,0.8,Tuning,Tuning,0.4,0.6
Baseline,KNN,0.8,Defaults,Tuning,0.2,0.8
Baseline,KNN,0.8,Defaults,Tuning,0.2,0.8
Baseline,KNN,0.8,Tuning,Tuning,0.2,0.8
Baseline,KNN,0.8,Tuning,Tuning,0.4,0.6
Baseline,KNN,0.8,Tuning,Tuning,0.2,0.8
Baseline,KNN,0.8,Tuning,Tuning,0.2,0.8
Baseline,KNN,0.8,Tuning,Tuning,0.4,0.6
Baseline,KNN,0.8,Tuning,Tuning,0.4,0.6
Baseline,KNN,0.8,Tuning,Tuning,0.2,0.8
Baseline,KNN,0.8,Tuning,Tuning,0.2,0.8
Baseline,KNN,0.8,Defaults,Tuning,0.0,1.0
Baseline,KNN,0.8,Tuning,Tuning,0.4,0.6
Baseline,KNN,0.8,Tuning,Tuning,0.4,0.6
Baseline,KNN,0.8,Tuning,Tuning,0.4,0.6
Baseline,KNN,0.8,Tuning,Tuning,0.2,0.8
Baseline,KNN,0.8,Defaults,Defaults,0.8,0.2
Baseline,KNN,0.8,Tuning,Tuning,0.4,0.6
Baseline,KNN,0.8,Tuning,Defaults,0.8,0.2
Baseline,KNN,0.8,Tuning,Tuning,0.4,0.6
Baseline,KNN,0.8,Defaults,Tuning,0.2,0.8
Baseline,KNN,0.8,Tuning,Tuning,0.0,1.0
Baseline,KNN,0.8,Tuning,Defaults,0.8,0.2
Baseline,KNN,0.8,Tuning,Tuning,0.4,0.6
Baseline,KNN,0.8,Defaults,Defaults,0.6,0.4
Baseline,KNN,0.8,Defaults,Tuning,0.4,0.6
Baseline,KNN,0.8,Tuning,Tuning,0.4,0.6
Baseline,KNN,0.8,Tuning,Defaults,0.6,0.4
Baseline,KNN,0.8,Tuning,Tuning,0.4,0.6
Baseline,KNN,0.8,Defaults,Tuning,0.4,0.6
Baseline,KNN,0.8,Defaults,Tuning,0.4,0.6
Baseline,KNN,0.8,Defaults,Defaults,0.6,0.4
Baseline,KNN,0.8,Tuning,Tuning,0.4,0.6
Baseline,KNN,0.8,Defaults,Tuning,0.4,0.6
Baseline,KNN,0.8,Tuning,Tuning,0.4,0.6
Baseline,KNN,0.8,Tuning,Tuning,0.2,0.8
Baseline,KNN,0.8,Defaults,Tuning,0.4,0.6
Baseline,KNN,0.8,Defaults,Defaults,0.8,0.2
Baseline,KNN,0.8,Tuning,Tuning,0.4,0.6
Baseline,KNN,0.8,Tuning,Tuning,0.0,1.0
Baseline,KNN,0.8,Defaults,Tuning,0.4,0.6
Baseline,KNN,0.8,Tuning,Defaults,0.6,0.4
Baseline,KNN,0.8,Tuning,Tuning,0.4,0.6
Baseline,KNN,0.8,Tuning,Tuning,0.2,0.8
Baseline,KNN,0.8,Tuning,Tuning,0.2,0.8
Baseline,KNN,0.85,Tuning,Tuning,0.4,0.6
Baseline,KNN,0.85,Tuning,Defaults,0.8,0.2
Baseline,KNN,0.85,Defaults,Tuning,0.4,0.6
Baseline,KNN,0.85,Tuning,Tuning,0.0,1.0
Baseline,KNN,0.85,Tuning,Tuning,0.0,1.0
Baseline,KNN,0.85,Tuning,Defaults,0.6,0.4
Baseline,KNN,0.85,Tuning,Tuning,0.0,1.0
Baseline,KNN,0.85,Defaults,Tuning,0.0,1.0
Baseline,KNN,0.85,Defaults,Tuning,0.0,1.0
Baseline,KNN,0.85,Tuning,Tuning,0.4,0.6
Baseline,KNN,0.85,Tuning,Tuning,0.0,1.0
Baseline,KNN,0.85,Defaults,Tuning,0.4,0.6
Baseline,KNN,0.85,Tuning,Tuning,0.2,0.8
Baseline,KNN,0.85,Tuning,Tuning,0.2,0.8
Baseline,KNN,0.85,Tuning,Tuning,0.0,1.0
Baseline,KNN,0.85,Tuning,Tuning,0.0,1.0
Baseline,KNN,0.85,Defaults,Defaults,0.6,0.4
Baseline,KNN,0.85,Tuning,Tuning,0.4,0.6
Baseline,KNN,0.85,Defaults,Defaults,0.6,0.4
Baseline,KNN,0.85,Tuning,Tuning,0.2,0.8
Baseline,KNN,0.85,Tuning,Defaults,0.6,0.4
Baseline,KNN,0.85,Defaults,Defaults,0.6,0.4
Baseline,KNN,0.85,Tuning,Tuning,0.2,0.8
Baseline,KNN,0.85,Tuning,Tuning,0.4,0.6
Baseline,KNN,0.85,Tuning,Tuning,0.2,0.8
Baseline,KNN,0.85,Tuning,Tuning,0.0,1.0
Baseline,KNN,0.85,Tuning,Tuning,0.0,1.0
Baseline,KNN,0.85,Tuning,Tuning,0.2,0.8
Baseline,KNN,0.85,Tuning,Tuning,0.0,1.0
Baseline,KNN,0.85,Tuning,Tuning,0.0,1.0
Baseline,KNN,0.85,Tuning,Tuning,0.0,1.0
Baseline,KNN,0.85,Tuning,Tuning,0.0,1.0
Baseline,KNN,0.85,Defaults,Defaults,0.8,0.2
Baseline,KNN,0.85,Defaults,Tuning,0.4,0.6
Baseline,KNN,0.85,Tuning,Tuning,0.4,0.6
Baseline,KNN,0.85,Tuning,Tuning,0.2,0.8
Baseline,KNN,0.85,Tuning,Defaults,0.6,0.4
Baseline,KNN,0.85,Defaults,Tuning,0.4,0.6
Baseline,KNN,0.85,Tuning,Defaults,0.6,0.4
Baseline,KNN,0.85,Defaults,Defaults,0.6,0.4
Baseline,KNN,0.85,Tuning,Tuning,0.2,0.8
Baseline,KNN,0.85,Tuning,Tuning,0.2,0.8
Baseline,KNN,0.85,Tuning,Tuning,0.4,0.6
Baseline,KNN,0.85,Tuning,Tuning,0.4,0.6
Baseline,KNN,0.85,Tuning,Defaults,0.6,0.4
Baseline,KNN,0.85,Tuning,Defaults,0.6,0.4
Baseline,KNN,0.85,Tuning,Tuning,0.4,0.6
Baseline,KNN,0.85,Tuning,Tuning,0.0,1.0
Baseline,KNN,0.85,Tuning,Tuning,0.4,0.6
Baseline,KNN,0.85,Tuning,Tuning,0.2,0.8
Baseline,KNN,0.85,Defaults,Tuning,0.4,0.6
Baseline,KNN,0.85,Tuning,Tuning,0.2,0.8
Baseline,KNN,0.85,Tuning,Tuning,0.2,0.8
Baseline,KNN,0.85,Defaults,Tuning,0.4,0.6
Baseline,KNN,0.85,Tuning,Defaults,1.0,0.0
Baseline,KNN,0.85,Tuning,Tuning,0.2,0.8
Baseline,KNN,0.85,Tuning,Tuning,0.4,0.6
Baseline,KNN,0.85,Tuning,Defaults,0.6,0.4
Baseline,KNN,0.85,Tuning,Tuning,0.4,0.6
Baseline,KNN,0.85,Tuning,Tuning,0.2,0.8
Baseline,KNN,0.85,Tuning,Tuning,0.0,1.0
Baseline,KNN,0.85,Tuning,Tuning,0.2,0.8
Baseline,KNN,0.85,Tuning,Tuning,0.0,1.0
Baseline,KNN,0.85,Defaults,Defaults,0.6,0.4
Baseline,KNN,0.85,Tuning,Tuning,0.4,0.6
Baseline,KNN,0.85,Defaults,Defaults,0.8,0.2
Baseline,KNN,0.85,Tuning,Tuning,0.2,0.8
Baseline,KNN,0.85,Tuning,Defaults,0.6,0.4
Baseline,KNN,0.85,Tuning,Tuning,0.4,0.6
Baseline,KNN,0.85,Tuning,Tuning,0.2,0.8
Baseline,KNN,0.85,Tuning,Tuning,0.4,0.6
Baseline,KNN,0.85,Defaults,Tuning,0.0,1.0
Baseline,KNN,0.85,Tuning,Tuning,0.2,0.8
Baseline,KNN,0.85,Defaults,Defaults,0.6,0.4
Baseline,KNN,0.85,Defaults,Defaults,0.6,0.4
Baseline,KNN,0.85,Defaults,Defaults,0.6,0.4
Baseline,KNN,0.85,Defaults,Defaults,0.6,0.4
Baseline,KNN,0.85,Tuning,Defaults,0.6,0.4
Baseline,KNN,0.85,Tuning,Defaults,0.6,0.4
Baseline,KNN,0.85,Tuning,Defaults,0.8,0.2
Baseline,KNN,0.85,Defaults,Defaults,0.6,0.4
Baseline,KNN,0.85,Defaults,Defaults,0.6,0.4
Baseline,KNN,0.85,Defaults,Tuning,0.4,0.6
Baseline,KNN,0.85,Defaults,Defaults,0.6,0.4
Baseline,KNN,0.85,Tuning,Defaults,0.8,0.2
Baseline,KNN,0.85,Tuning,Defaults,0.6,0.4
Baseline,KNN,0.85,Defaults,Defaults,0.8,0.2
Baseline,KNN,0.85,Tuning,Tuning,0.0,1.0
Baseline,KNN,0.85,Defaults,Tuning,0.4,0.6
Baseline,KNN,0.85,Tuning,Defaults,0.8,0.2
Baseline,KNN,0.85,Tuning,Tuning,0.0,1.0
Baseline,KNN,0.85,Defaults,Tuning,0.2,0.8
Baseline,KNN,0.85,Tuning,Tuning,0.2,0.8
Baseline,KNN,0.85,Defaults,Tuning,0.2,0.8
Baseline,KNN,0.85,Tuning,Tuning,0.4,0.6
Baseline,KNN,0.85,Tuning,Tuning,0.4,0.6
Baseline,KNN,0.85,Tuning,Tuning,0.2,0.8
Baseline,KNN,0.85,Defaults,Defaults,0.6,0.4
Baseline,KNN,0.85,Tuning,Tuning,0.0,1.0
Baseline,KNN,0.85,Tuning,Tuning,0.4,0.6
Baseline,KNN,0.85,Tuning,Tuning,0.2,0.8
Baseline,KNN,0.85,Defaults,Tuning,0.2,0.8
Baseline,KNN,0.85,Tuning,Tuning,0.2,0.8
Baseline,KNN,0.85,Tuning,Defaults,0.6,0.4
Baseline,KNN,0.85,Tuning,Defaults,0.6,0.4
Baseline,KNN,0.85,Tuning,Tuning,0.2,0.8
Baseline,KNN,0.85,Tuning,Defaults,0.6,0.4
Baseline,KNN,0.85,Tuning,Tuning,0.4,0.6
Baseline,KNN,0.85,Tuning,Tuning,0.4,0.6
Baseline,KNN,0.85,Defaults,Tuning,0.4,0.6
Baseline,KNN,0.85,Tuning,Tuning,0.2,0.8
Baseline,KNN,0.85,Tuning,Tuning,0.0,1.0
Baseline,KNN,0.85,Tuning,Tuning,0.0,1.0
Baseline,KNN,0.85,Tuning,Tuning,0.0,1.0
Baseline,KNN,0.85,Tuning,Tuning,0.2,0.8
Baseline,KNN,0.85,Tuning,Tuning,0.4,0.6
Baseline,KNN,0.85,Tuning,Defaults,0.6,0.4
Baseline,KNN,0.85,Tuning,Tuning,0.0,1.0
Baseline,KNN,0.85,Defaults,Defaults,0.6,0.4
Baseline,KNN,0.85,Tuning,Tuning,0.4,0.6
Baseline,KNN,0.85,Defaults,Defaults,0.8,0.2
Baseline,KNN,0.85,Tuning,Defaults,0.6,0.4
Baseline,KNN,0.85,Tuning,Defaults,0.6,0.4
Baseline,KNN,0.85,Tuning,Tuning,0.4,0.6
Baseline,KNN,0.85,Tuning,Tuning,0.4,0.6
Baseline,KNN,0.85,Defaults,Tuning,0.2,0.8
Baseline,KNN,0.85,Defaults,Tuning,0.2,0.8
Baseline,KNN,0.85,Tuning,Tuning,0.2,0.8
Baseline,KNN,0.85,Tuning,Defaults,0.6,0.4
Baseline,KNN,0.85,Tuning,Tuning,0.2,0.8
Baseline,KNN,0.85,Tuning,Tuning,0.2,0.8
Baseline,KNN,0.85,Tuning,Tuning,0.4,0.6
Baseline,KNN,0.85,Tuning,Tuning,0.4,0.6
Baseline,KNN,0.85,Tuning,Tuning,0.2,0.8
Baseline,KNN,0.85,Tuning,Tuning,0.2,0.8
Baseline,KNN,0.85,Defaults,Tuning,0.2,0.8
Baseline,KNN,0.85,Tuning,Tuning,0.4,0.6
Baseline,KNN,0.85,Tuning,Tuning,0.4,0.6
Baseline,KNN,0.85,Tuning,Tuning,0.0,1.0
Baseline,KNN,0.85,Tuning,Tuning,0.2,0.8
Baseline,KNN,0.85,Defaults,Defaults,0.8,0.2
Baseline,KNN,0.85,Tuning,Tuning,0.2,0.8
Baseline,KNN,0.85,Tuning,Defaults,0.8,0.2
Baseline,KNN,0.85,Tuning,Tuning,0.2,0.8
Baseline,KNN,0.85,Defaults,Tuning,0.2,0.8
Baseline,KNN,0.85,Tuning,Tuning,0.0,1.0
Baseline,KNN,0.85,Tuning,Defaults,0.6,0.4
Baseline,KNN,0.85,Tuning,Tuning,0.4,0.6
Baseline,KNN,0.85,Defaults,Defaults,0.6,0.4
Baseline,KNN,0.85,Defaults,Tuning,0.4,0.6
Baseline,KNN,0.85,Tuning,Defaults,0.6,0.4
Baseline,KNN,0.85,Tuning,Defaults,0.6,0.4
Baseline,KNN,0.85,Tuning,Tuning,0.4,0.6
Baseline,KNN,0.85,Defaults,Tuning,0.2,0.8
Baseline,KNN,0.85,Defaults,Tuning,0.4,0.6
Baseline,KNN,0.85,Defaults,Defaults,0.6,0.4
Baseline,KNN,0.85,Tuning,Tuning,0.2,0.8
Baseline,KNN,0.85,Defaults,Tuning,0.4,0.6
Baseline,KNN,0.85,Tuning,Tuning,0.4,0.6
Baseline,KNN,0.85,Tuning,Tuning,0.2,0.8
Baseline,KNN,0.85,Defaults,Tuning,0.4,0.6
Baseline,KNN,0.85,Defaults,Defaults,0.8,0.2
Baseline,KNN,0.85,Tuning,Tuning,0.4,0.6
Baseline,KNN,0.85,Tuning,Tuning,0.2,0.8
Baseline,KNN,0.85,Defaults,Defaults,0.6,0.4
Baseline,KNN,0.85,Tuning,Defaults,0.6,0.4
Baseline,KNN,0.85,Tuning,Tuning,0.4,0.6
Baseline,KNN,0.85,Tuning,Tuning,0.2,0.8
Baseline,KNN,0.85,Tuning,Tuning,0.2,0.8
Baseline,KNN,0.9,Tuning,Tuning,0.0,1.0
Baseline,KNN,0.9,Tuning,Defaults,0.6,0.4
Baseline,KNN,0.9,Defaults,Defaults,0.6,0.4
Baseline,KNN,0.9,Tuning,Tuning,0.0,1.0
Baseline,KNN,0.9,Tuning,Tuning,0.0,1.0
Baseline,KNN,0.9,Tuning,Defaults,0.6,0.4
Baseline,KNN,0.9,Tuning,Tuning,0.0,1.0
Baseline,KNN,0.9,Defaults,Tuning,0.0,1.0
Baseline,KNN,0.9,Defaults,Tuning,0.0,1.0
Baseline,KNN,0.9,Tuning,Tuning,0.4,0.6
Baseline,KNN,0.9,Tuning,Tuning,0.0,1.0
Baseline,KNN,0.9,Defaults,Tuning,0.4,0.6
Baseline,KNN,0.9,Tuning,Tuning,0.2,0.8
Baseline,KNN,0.9,Tuning,Tuning,0.0,1.0
Baseline,KNN,0.9,Tuning,Tuning,0.0,1.0
Baseline,KNN,0.9,Tuning,Tuning,0.0,1.0
Baseline,KNN,0.9,Defaults,Defaults,0.6,0.4
Baseline,KNN,0.9,Tuning,Tuning,0.4,0.6
Baseline,KNN,0.9,Defaults,Tuning,0.4,0.6
Baseline,KNN,0.9,Tuning,Tuning,0.2,0.8
Baseline,KNN,0.9,Tuning,Defaults,0.6,0.4
Baseline,KNN,0.9,Defaults,Defaults,0.6,0.4
Baseline,KNN,0.9,Tuning,Tuning,0.2,0.8
Baseline,KNN,0.9,Tuning,Tuning,0.2,0.8
Baseline,KNN,0.9,Tuning,Tuning,0.2,0.8
Baseline,KNN,0.9,Tuning,Tuning,0.0,1.0
Baseline,KNN,0.9,Tuning,Tuning,0.0,1.0
Baseline,KNN,0.9,Tuning,Tuning,0.2,0.8
Baseline,KNN,0.9,Tuning,Tuning,0.0,1.0
Baseline,KNN,0.9,Tuning,Tuning,0.0,1.0
Baseline,KNN,0.9,Tuning,Tuning,0.0,1.0
Baseline,KNN,0.9,Tuning,Tuning,0.0,1.0
Baseline,KNN,0.9,Defaults,Defaults,0.8,0.2
Baseline,KNN,0.9,Defaults,Tuning,0.4,0.6
Baseline,KNN,0.9,Tuning,Tuning,0.4,0.6
Baseline,KNN,0.9,Tuning,Tuning,0.2,0.8
Baseline,KNN,0.9,Tuning,Tuning,0.4,0.6
Baseline,KNN,0.9,Defaults,Tuning,0.4,0.6
Baseline,KNN,0.9,Tuning,Defaults,0.6,0.4
Baseline,KNN,0.9,Defaults,Defaults,0.6,0.4
Baseline,KNN,0.9,Tuning,Tuning,0.4,0.6
Baseline,KNN,0.9,Tuning,Tuning,0.2,0.8
Baseline,KNN,0.9,Tuning,Defaults,0.6,0.4
Baseline,KNN,0.9,Tuning,Tuning,0.4,0.6
Baseline,KNN,0.9,Tuning,Defaults,0.6,0.4
Baseline,KNN,0.9,Tuning,Tuning,0.4,0.6
Baseline,KNN,0.9,Tuning,Tuning,0.4,0.6
Baseline,KNN,0.9,Tuning,Tuning,0.0,1.0
Baseline,KNN,0.9,Tuning,Tuning,0.4,0.6
Baseline,KNN,0.9,Tuning,Tuning,0.2,0.8
Baseline,KNN,0.9,Defaults,Defaults,0.6,0.4
Baseline,KNN,0.9,Tuning,Tuning,0.2,0.8
Baseline,KNN,0.9,Tuning,Tuning,0.2,0.8
Baseline,KNN,0.9,Defaults,Tuning,0.2,0.8
Baseline,KNN,0.9,Tuning,Defaults,1.0,0.0
Baseline,KNN,0.9,Tuning,Tuning,0.0,1.0
Baseline,KNN,0.9,Tuning,Tuning,0.4,0.6
Baseline,KNN,0.9,Tuning,Defaults,0.6,0.4
Baseline,KNN,0.9,Tuning,Tuning,0.4,0.6
Baseline,KNN,0.9,Tuning,Tuning,0.2,0.8
Baseline,KNN,0.9,Tuning,Tuning,0.0,1.0
Baseline,KNN,0.9,Tuning,Tuning,0.2,0.8
Baseline,KNN,0.9,Tuning,Tuning,0.2,0.8
Baseline,KNN,0.9,Defaults,Defaults,0.6,0.4
Baseline,KNN,0.9,Tuning,Tuning,0.4,0.6
Baseline,KNN,0.9,Defaults,Defaults,0.8,0.2
Baseline,KNN,0.9,Tuning,Tuning,0.2,0.8
Baseline,KNN,0.9,Tuning,Defaults,0.6,0.4
Baseline,KNN,0.9,Tuning,Tuning,0.4,0.6
Baseline,KNN,0.9,Tuning,Tuning,0.2,0.8
Baseline,KNN,0.9,Tuning,Tuning,0.2,0.8
Baseline,KNN,0.9,Defaults,Tuning,0.0,1.0
Baseline,KNN,0.9,Tuning,Tuning,0.2,0.8
Baseline,KNN,0.9,Defaults,Defaults,0.6,0.4
Baseline,KNN,0.9,Defaults,Defaults,0.6,0.4
Baseline,KNN,0.9,Defaults,Defaults,0.6,0.4
Baseline,KNN,0.9,Defaults,Defaults,0.6,0.4
Baseline,KNN,0.9,Tuning,Defaults,0.6,0.4
Baseline,KNN,0.9,Tuning,Defaults,0.6,0.4
Baseline,KNN,0.9,Tuning,Defaults,0.6,0.4
Baseline,KNN,0.9,Defaults,Defaults,0.6,0.4
Baseline,KNN,0.9,Defaults,Defaults,0.6,0.4
Baseline,KNN,0.9,Defaults,Defaults,0.6,0.4
Baseline,KNN,0.9,Defaults,Defaults,0.6,0.4
Baseline,KNN,0.9,Tuning,Defaults,0.8,0.2
Baseline,KNN,0.9,Tuning,Defaults,0.6,0.4
Baseline,KNN,0.9,Defaults,Defaults,1.0,0.0
Baseline,KNN,0.9,Tuning,Tuning,0.0,1.0
Baseline,KNN,0.9,Defaults,Defaults,0.6,0.4
Baseline,KNN,0.9,Tuning,Defaults,0.6,0.4
Baseline,KNN,0.9,Tuning,Tuning,0.0,1.0
Baseline,KNN,0.9,Defaults,Tuning,0.2,0.8
Baseline,KNN,0.9,Tuning,Tuning,0.2,0.8
Baseline,KNN,0.9,Defaults,Tuning,0.2,0.8
Baseline,KNN,0.9,Tuning,Tuning,0.4,0.6
Baseline,KNN,0.9,Tuning,Tuning,0.4,0.6
Baseline,KNN,0.9,Tuning,Tuning,0.0,1.0
Baseline,KNN,0.9,Defaults,Defaults,0.6,0.4
Baseline,KNN,0.9,Tuning,Tuning,0.0,1.0
Baseline,KNN,0.9,Tuning,Tuning,0.4,0.6
Baseline,KNN,0.9,Tuning,Tuning,0.2,0.8
Baseline,KNN,0.9,Defaults,Tuning,0.2,0.8
Baseline,KNN,0.9,Tuning,Tuning,0.2,0.8
Baseline,KNN,0.9,Tuning,Defaults,0.6,0.4
Baseline,KNN,0.9,Tuning,Defaults,0.8,0.2
Baseline,KNN,0.9,Tuning,Tuning,0.2,0.8
Baseline,KNN,0.9,Tuning,Defaults,0.6,0.4
Baseline,KNN,0.9,Tuning,Tuning,0.4,0.6
Baseline,KNN,0.9,Tuning,Tuning,0.2,0.8
Baseline,KNN,0.9,Defaults,Tuning,0.4,0.6
Baseline,KNN,0.9,Tuning,Tuning,0.2,0.8
Baseline,KNN,0.9,Tuning,Tuning,0.0,1.0
Baseline,KNN,0.9,Tuning,Tuning,0.0,1.0
Baseline,KNN,0.9,Tuning,Tuning,0.0,1.0
Baseline,KNN,0.9,Tuning,Tuning,0.2,0.8
Baseline,KNN,0.9,Tuning,Tuning,0.4,0.6
Baseline,KNN,0.9,Tuning,Defaults,0.6,0.4
Baseline,KNN,0.9,Tuning,Tuning,0.0,1.0
Baseline,KNN,0.9,Defaults,Defaults,0.6,0.4
Baseline,KNN,0.9,Tuning,Tuning,0.2,0.8
Baseline,KNN,0.9,Defaults,Defaults,0.8,0.2
Baseline,KNN,0.9,Tuning,Tuning,0.4,0.6
Baseline,KNN,0.9,Tuning,Defaults,0.6,0.4
Baseline,KNN,0.9,Tuning,Tuning,0.4,0.6
Baseline,KNN,0.9,Tuning,Tuning,0.4,0.6
Baseline,KNN,0.9,Defaults,Tuning,0.2,0.8
Baseline,KNN,0.9,Defaults,Tuning,0.2,0.8
Baseline,KNN,0.9,Tuning,Tuning,0.2,0.8
Baseline,KNN,0.9,Tuning,Defaults,0.6,0.4
Baseline,KNN,0.9,Tuning,Tuning,0.2,0.8
Baseline,KNN,0.9,Tuning,Tuning,0.2,0.8
Baseline,KNN,0.9,Tuning,Tuning,0.4,0.6
Baseline,KNN,0.9,Tuning,Tuning,0.4,0.6
Baseline,KNN,0.9,Tuning,Tuning,0.2,0.8
Baseline,KNN,0.9,Tuning,Tuning,0.2,0.8
Baseline,KNN,0.9,Defaults,Tuning,0.2,0.8
Baseline,KNN,0.9,Tuning,Tuning,0.4,0.6
Baseline,KNN,0.9,Tuning,Tuning,0.4,0.6
Baseline,KNN,0.9,Tuning,Tuning,0.0,1.0
Baseline,KNN,0.9,Tuning,Tuning,0.4,0.6
Baseline,KNN,0.9,Defaults,Defaults,0.8,0.2
Baseline,KNN,0.9,Tuning,Tuning,0.2,0.8
Baseline,KNN,0.9,Tuning,Defaults,1.0,0.0
Baseline,KNN,0.9,Tuning,Tuning,0.2,0.8
Baseline,KNN,0.9,Defaults,Tuning,0.2,0.8
Baseline,KNN,0.9,Tuning,Tuning,0.0,1.0
Baseline,KNN,0.9,Tuning,Defaults,0.6,0.4
Baseline,KNN,0.9,Tuning,Tuning,0.2,0.8
Baseline,KNN,0.9,Defaults,Tuning,0.4,0.6
Baseline,KNN,0.9,Defaults,Tuning,0.4,0.6
Baseline,KNN,0.9,Tuning,Defaults,0.6,0.4
Baseline,KNN,0.9,Tuning,Defaults,0.6,0.4
Baseline,KNN,0.9,Tuning,Tuning,0.4,0.6
Baseline,KNN,0.9,Defaults,Tuning,0.2,0.8
Baseline,KNN,0.9,Defaults,Tuning,0.4,0.6
Baseline,KNN,0.9,Defaults,Defaults,0.6,0.4
Baseline,KNN,0.9,Tuning,Tuning,0.4,0.6
Baseline,KNN,0.9,Defaults,Tuning,0.4,0.6
Baseline,KNN,0.9,Tuning,Tuning,0.4,0.6
Baseline,KNN,0.9,Tuning,Tuning,0.2,0.8
Baseline,KNN,0.9,Defaults,Tuning,0.4,0.6
Baseline,KNN,0.9,Defaults,Defaults,0.8,0.2
Baseline,KNN,0.9,Tuning,Tuning,0.4,0.6
Baseline,KNN,0.9,Tuning,Tuning,0.2,0.8
Baseline,KNN,0.9,Defaults,Defaults,0.6,0.4
Baseline,KNN,0.9,Tuning,Defaults,0.6,0.4
Baseline,KNN,0.9,Tuning,Tuning,0.4,0.6
Baseline,KNN,0.9,Tuning,Tuning,0.2,0.8
Baseline,KNN,0.9,Tuning,Tuning,0.0,1.0
Baseline,KNN,0.95,Tuning,Tuning,0.0,1.0
Baseline,KNN,0.95,Tuning,Defaults,0.6,0.4
Baseline,KNN,0.95,Defaults,Defaults,0.6,0.4
Baseline,KNN,0.95,Tuning,Tuning,0.0,1.0
Baseline,KNN,0.95,Tuning,Tuning,0.0,1.0
Baseline,KNN,0.95,Tuning,Defaults,1.0,0.0
Baseline,KNN,0.95,Tuning,Tuning,0.0,1.0
Baseline,KNN,0.95,Defaults,Tuning,0.0,1.0
Baseline,KNN,0.95,Defaults,Tuning,0.0,1.0
Baseline,KNN,0.95,Tuning,Tuning,0.4,0.6
Baseline,KNN,0.95,Tuning,Tuning,0.0,1.0
Baseline,KNN,0.95,Defaults,Tuning,0.4,0.6
Baseline,KNN,0.95,Tuning,Tuning,0.2,0.8
Baseline,KNN,0.95,Tuning,Tuning,0.0,1.0
Baseline,KNN,0.95,Tuning,Tuning,0.0,1.0
Baseline,KNN,0.95,Tuning,Tuning,0.0,1.0
Baseline,KNN,0.95,Defaults,Defaults,0.6,0.4
Baseline,KNN,0.95,Tuning,Tuning,0.2,0.8
Baseline,KNN,0.95,Defaults,Tuning,0.4,0.6
Baseline,KNN,0.95,Tuning,Tuning,0.4,0.6
Baseline,KNN,0.95,Tuning,Defaults,0.6,0.4
Baseline,KNN,0.95,Defaults,Defaults,0.6,0.4
Baseline,KNN,0.95,Tuning,Tuning,0.2,0.8
Baseline,KNN,0.95,Tuning,Tuning,0.4,0.6
Baseline,KNN,0.95,Tuning,Tuning,0.2,0.8
Baseline,KNN,0.95,Tuning,Tuning,0.0,1.0
Baseline,KNN,0.95,Tuning,Tuning,0.0,1.0
Baseline,KNN,0.95,Tuning,Tuning,0.2,0.8
Baseline,KNN,0.95,Tuning,Tuning,0.0,1.0
Baseline,KNN,0.95,Tuning,Tuning,0.0,1.0
Baseline,KNN,0.95,Tuning,Tuning,0.0,1.0
Baseline,KNN,0.95,Tuning,Tuning,0.0,1.0
Baseline,KNN,0.95,Defaults,Defaults,0.8,0.2
Baseline,KNN,0.95,Defaults,Tuning,0.4,0.6
Baseline,KNN,0.95,Tuning,Tuning,0.4,0.6
Baseline,KNN,0.95,Tuning,Tuning,0.2,0.8
Baseline,KNN,0.95,Tuning,Tuning,0.4,0.6
Baseline,KNN,0.95,Defaults,Tuning,0.4,0.6
Baseline,KNN,0.95,Tuning,Defaults,0.6,0.4
Baseline,KNN,0.95,Defaults,Defaults,0.6,0.4
Baseline,KNN,0.95,Tuning,Tuning,0.4,0.6
Baseline,KNN,0.95,Tuning,Tuning,0.2,0.8
Baseline,KNN,0.95,Tuning,Defaults,0.6,0.4
Baseline,KNN,0.95,Tuning,Tuning,0.4,0.6
Baseline,KNN,0.95,Tuning,Defaults,0.6,0.4
Baseline,KNN,0.95,Tuning,Defaults,0.6,0.4
Baseline,KNN,0.95,Tuning,Tuning,0.4,0.6
Baseline,KNN,0.95,Tuning,Tuning,0.0,1.0
Baseline,KNN,0.95,Tuning,Tuning,0.4,0.6
Baseline,KNN,0.95,Tuning,Tuning,0.2,0.8
Baseline,KNN,0.95,Defaults,Tuning,0.4,0.6
Baseline,KNN,0.95,Tuning,Tuning,0.2,0.8
Baseline,KNN,0.95,Tuning,Tuning,0.2,0.8
Baseline,KNN,0.95,Defaults,Tuning,0.2,0.8
Baseline,KNN,0.95,Tuning,Defaults,0.8,0.2
Baseline,KNN,0.95,Tuning,Tuning,0.4,0.6
Baseline,KNN,0.95,Tuning,Defaults,0.6,0.4
Baseline,KNN,0.95,Tuning,Tuning,0.4,0.6
Baseline,KNN,0.95,Tuning,Tuning,0.4,0.6
Baseline,KNN,0.95,Tuning,Tuning,0.2,0.8
Baseline,KNN,0.95,Tuning,Tuning,0.0,1.0
Baseline,KNN,0.95,Tuning,Tuning,0.4,0.6
Baseline,KNN,0.95,Tuning,Tuning,0.0,1.0
Baseline,KNN,0.95,Defaults,Defaults,0.6,0.4
Baseline,KNN,0.95,Tuning,Tuning,0.4,0.6
Baseline,KNN,0.95,Defaults,Defaults,0.8,0.2
Baseline,KNN,0.95,Tuning,Tuning,0.4,0.6
Baseline,KNN,0.95,Tuning,Defaults,0.6,0.4
Baseline,KNN,0.95,Tuning,Tuning,0.4,0.6
Baseline,KNN,0.95,Tuning,Tuning,0.2,0.8
Baseline,KNN,0.95,Tuning,Tuning,0.2,0.8
Baseline,KNN,0.95,Defaults,Tuning,0.0,1.0
Baseline,KNN,0.95,Tuning,Tuning,0.2,0.8
Baseline,KNN,0.95,Defaults,Defaults,0.6,0.4
Baseline,KNN,0.95,Defaults,Defaults,0.6,0.4
Baseline,KNN,0.95,Defaults,Defaults,0.6,0.4
Baseline,KNN,0.95,Defaults,Defaults,0.6,0.4
Baseline,KNN,0.95,Tuning,Defaults,0.8,0.2
Baseline,KNN,0.95,Tuning,Defaults,0.8,0.2
Baseline,KNN,0.95,Tuning,Defaults,0.6,0.4
Baseline,KNN,0.95,Defaults,Defaults,0.6,0.4
Baseline,KNN,0.95,Defaults,Defaults,0.8,0.2
Baseline,KNN,0.95,Defaults,Defaults,0.6,0.4
Baseline,KNN,0.95,Defaults,Defaults,0.6,0.4
Baseline,KNN,0.95,Tuning,Defaults,0.8,0.2
Baseline,KNN,0.95,Tuning,Defaults,0.6,0.4
Baseline,KNN,0.95,Defaults,Defaults,1.0,0.0
Baseline,KNN,0.95,Tuning,Tuning,0.0,1.0
Baseline,KNN,0.95,Defaults,Defaults,0.6,0.4
Baseline,KNN,0.95,Tuning,Defaults,0.8,0.2
Baseline,KNN,0.95,Tuning,Tuning,0.0,1.0
Baseline,KNN,0.95,Defaults,Tuning,0.2,0.8
Baseline,KNN,0.95,Tuning,Tuning,0.2,0.8
Baseline,KNN,0.95,Defaults,Tuning,0.2,0.8
Baseline,KNN,0.95,Tuning,Tuning,0.4,0.6
Baseline,KNN,0.95,Tuning,Tuning,0.4,0.6
Baseline,KNN,0.95,Tuning,Tuning,0.0,1.0
Baseline,KNN,0.95,Defaults,Defaults,0.6,0.4
Baseline,KNN,0.95,Tuning,Tuning,0.0,1.0
Baseline,KNN,0.95,Tuning,Tuning,0.4,0.6
Baseline,KNN,0.95,Tuning,Tuning,0.4,0.6
Baseline,KNN,0.95,Defaults,Tuning,0.2,0.8
Baseline,KNN,0.95,Tuning,Tuning,0.2,0.8
Baseline,KNN,0.95,Tuning,Defaults,0.8,0.2
Baseline,KNN,0.95,Tuning,Defaults,0.8,0.2
Baseline,KNN,0.95,Tuning,Tuning,0.2,0.8
Baseline,KNN,0.95,Tuning,Defaults,0.6,0.4
Baseline,KNN,0.95,Tuning,Tuning,0.4,0.6
Baseline,KNN,0.95,Tuning,Tuning,0.2,0.8
Baseline,KNN,0.95,Defaults,Tuning,0.4,0.6
Baseline,KNN,0.95,Tuning,Tuning,0.2,0.8
Baseline,KNN,0.95,Tuning,Tuning,0.0,1.0
Baseline,KNN,0.95,Tuning,Defaults,0.6,0.4
Baseline,KNN,0.95,Tuning,Tuning,0.0,1.0
Baseline,KNN,0.95,Tuning,Tuning,0.2,0.8
Baseline,KNN,0.95,Tuning,Tuning,0.4,0.6
Baseline,KNN,0.95,Tuning,Defaults,0.6,0.4
Baseline,KNN,0.95,Tuning,Tuning,0.0,1.0
Baseline,KNN,0.95,Defaults,Defaults,0.6,0.4
Baseline,KNN,0.95,Tuning,Tuning,0.0,1.0
Baseline,KNN,0.95,Defaults,Defaults,0.8,0.2
Baseline,KNN,0.95,Tuning,Tuning,0.4,0.6
Baseline,KNN,0.95,Tuning,Defaults,0.6,0.4
Baseline,KNN,0.95,Tuning,Tuning,0.4,0.6
Baseline,KNN,0.95,Tuning,Tuning,0.4,0.6
Baseline,KNN,0.95,Defaults,Tuning,0.2,0.8
Baseline,KNN,0.95,Defaults,Tuning,0.2,0.8
Baseline,KNN,0.95,Tuning,Tuning,0.2,0.8
Baseline,KNN,0.95,Tuning,Defaults,0.8,0.2
Baseline,KNN,0.95,Tuning,Tuning,0.2,0.8
Baseline,KNN,0.95,Tuning,Tuning,0.2,0.8
Baseline,KNN,0.95,Tuning,Tuning,0.4,0.6
Baseline,KNN,0.95,Tuning,Tuning,0.4,0.6
Baseline,KNN,0.95,Tuning,Tuning,0.2,0.8
Baseline,KNN,0.95,Tuning,Tuning,0.2,0.8
Baseline,KNN,0.95,Defaults,Tuning,0.4,0.6
Baseline,KNN,0.95,Tuning,Tuning,0.4,0.6
Baseline,KNN,0.95,Tuning,Defaults,0.6,0.4
Baseline,KNN,0.95,Tuning,Tuning,0.0,1.0
Baseline,KNN,0.95,Tuning,Tuning,0.2,0.8
Baseline,KNN,0.95,Defaults,Defaults,0.8,0.2
Baseline,KNN,0.95,Tuning,Tuning,0.4,0.6
Baseline,KNN,0.95,Tuning,Defaults,0.8,0.2
Baseline,KNN,0.95,Tuning,Tuning,0.2,0.8
Baseline,KNN,0.95,Defaults,Tuning,0.2,0.8
Baseline,KNN,0.95,Tuning,Tuning,0.0,1.0
Baseline,KNN,0.95,Tuning,Tuning,0.4,0.6
Baseline,KNN,0.95,Tuning,Tuning,0.2,0.8
Baseline,KNN,0.95,Defaults,Tuning,0.4,0.6
Baseline,KNN,0.95,Defaults,Tuning,0.4,0.6
Baseline,KNN,0.95,Tuning,Tuning,0.4,0.6
Baseline,KNN,0.95,Tuning,Defaults,0.6,0.4
Baseline,KNN,0.95,Tuning,Tuning,0.4,0.6
Baseline,KNN,0.95,Defaults,Tuning,0.4,0.6
Baseline,KNN,0.95,Defaults,Tuning,0.4,0.6
Baseline,KNN,0.95,Defaults,Defaults,0.6,0.4
Baseline,KNN,0.95,Tuning,Tuning,0.4,0.6
Baseline,KNN,0.95,Defaults,Tuning,0.4,0.6
Baseline,KNN,0.95,Tuning,Tuning,0.4,0.6
Baseline,KNN,0.95,Tuning,Tuning,0.2,0.8
Baseline,KNN,0.95,Defaults,Tuning,0.4,0.6
Baseline,KNN,0.95,Defaults,Defaults,0.8,0.2
Baseline,KNN,0.95,Tuning,Tuning,0.4,0.6
Baseline,KNN,0.95,Tuning,Tuning,0.2,0.8
Baseline,KNN,0.95,Defaults,Defaults,0.6,0.4
Baseline,KNN,0.95,Tuning,Defaults,0.6,0.4
Baseline,KNN,0.95,Tuning,Tuning,0.4,0.6
Baseline,KNN,0.95,Tuning,Tuning,0.2,0.8
Baseline,KNN,0.95,Tuning,Tuning,0.0,1.0
Baseline,DecisionTree,0.8,Tuning,Tuning,0.0,1.0
Baseline,DecisionTree,0.8,Tuning,Tuning,0.0,1.0
Baseline,DecisionTree,0.8,Defaults,Defaults,1.0,0.0
Baseline,DecisionTree,0.8,Tuning,Tuning,0.0,1.0
Baseline,DecisionTree,0.8,Tuning,Tuning,0.0,1.0
Baseline,DecisionTree,0.8,Tuning,Defaults,1.0,0.0
Baseline,DecisionTree,0.8,Tuning,Tuning,0.0,1.0
Baseline,DecisionTree,0.8,Defaults,Defaults,1.0,0.0
Baseline,DecisionTree,0.8,Defaults,Defaults,1.0,0.0
Baseline,DecisionTree,0.8,Tuning,Tuning,0.0,1.0
Baseline,DecisionTree,0.8,Tuning,Tuning,0.0,1.0
Baseline,DecisionTree,0.8,Defaults,Tuning,0.0,1.0
Baseline,DecisionTree,0.8,Tuning,Tuning,0.0,1.0
Baseline,DecisionTree,0.8,Tuning,Tuning,0.0,1.0
Baseline,DecisionTree,0.8,Tuning,Tuning,0.0,1.0
Baseline,DecisionTree,0.8,Tuning,Tuning,0.0,1.0
Baseline,DecisionTree,0.8,Defaults,Defaults,1.0,0.0
Baseline,DecisionTree,0.8,Tuning,Tuning,0.0,1.0
Baseline,DecisionTree,0.8,Defaults,Tuning,0.0,1.0
Baseline,DecisionTree,0.8,Tuning,Tuning,0.0,1.0
Baseline,DecisionTree,0.8,Tuning,Tuning,0.0,1.0
Baseline,DecisionTree,0.8,Defaults,Tuning,0.0,1.0
Baseline,DecisionTree,0.8,Tuning,Tuning,0.0,1.0
Baseline,DecisionTree,0.8,Tuning,Tuning,0.0,1.0
Baseline,DecisionTree,0.8,Tuning,Tuning,0.0,1.0
Baseline,DecisionTree,0.8,Tuning,Tuning,0.0,1.0
Baseline,DecisionTree,0.8,Tuning,Tuning,0.0,1.0
Baseline,DecisionTree,0.8,Tuning,Tuning,0.0,1.0
Baseline,DecisionTree,0.8,Tuning,Tuning,0.0,1.0
Baseline,DecisionTree,0.8,Tuning,Tuning,0.0,1.0
Baseline,DecisionTree,0.8,Tuning,Tuning,0.0,1.0
Baseline,DecisionTree,0.8,Tuning,Tuning,0.0,1.0
Baseline,DecisionTree,0.8,Defaults,Defaults,1.0,0.0
Baseline,DecisionTree,0.8,Defaults,Defaults,1.0,0.0
Baseline,DecisionTree,0.8,Tuning,Tuning,0.0,1.0
Baseline,DecisionTree,0.8,Tuning,Defaults,1.0,0.0
Baseline,DecisionTree,0.8,Tuning,Tuning,0.0,1.0
Baseline,DecisionTree,0.8,Defaults,Defaults,1.0,0.0
Baseline,DecisionTree,0.8,Tuning,Tuning,0.0,1.0
Baseline,DecisionTree,0.8,Defaults,Defaults,1.0,0.0
Baseline,DecisionTree,0.8,Tuning,Defaults,1.0,0.0
Baseline,DecisionTree,0.8,Tuning,Tuning,0.0,1.0
Baseline,DecisionTree,0.8,Tuning,Tuning,0.0,1.0
Baseline,DecisionTree,0.8,Tuning,Tuning,0.0,1.0
Baseline,DecisionTree,0.8,Tuning,Tuning,0.0,1.0
Baseline,DecisionTree,0.8,Tuning,Tuning,0.0,1.0
Baseline,DecisionTree,0.8,Tuning,Tuning,0.0,1.0
Baseline,DecisionTree,0.8,Tuning,Tuning,0.0,1.0
Baseline,DecisionTree,0.8,Tuning,Tuning,0.0,1.0
Baseline,DecisionTree,0.8,Tuning,Defaults,1.0,0.0
Baseline,DecisionTree,0.8,Defaults,Defaults,1.0,0.0
Baseline,DecisionTree,0.8,Tuning,Tuning,0.0,1.0
Baseline,DecisionTree,0.8,Tuning,Tuning,0.0,1.0
Baseline,DecisionTree,0.8,Defaults,Tuning,0.0,1.0
Baseline,DecisionTree,0.8,Tuning,Tuning,0.0,1.0
Baseline,DecisionTree,0.8,Tuning,Tuning,0.0,1.0
Baseline,DecisionTree,0.8,Tuning,Tuning,0.0,1.0
Baseline,DecisionTree,0.8,Tuning,Defaults,1.0,0.0
Baseline,DecisionTree,0.8,Tuning,Tuning,0.0,1.0
Baseline,DecisionTree,0.8,Tuning,Tuning,0.0,1.0
Baseline,DecisionTree,0.8,Tuning,Tuning,0.0,1.0
Baseline,DecisionTree,0.8,Tuning,Tuning,0.0,1.0
Baseline,DecisionTree,0.8,Tuning,Tuning,0.0,1.0
Baseline,DecisionTree,0.8,Defaults,Tuning,0.0,1.0
Baseline,DecisionTree,0.8,Tuning,Tuning,0.0,1.0
Baseline,DecisionTree,0.8,Defaults,Tuning,0.0,1.0
Baseline,DecisionTree,0.8,Tuning,Tuning,0.0,1.0
Baseline,DecisionTree,0.8,Tuning,Tuning,0.0,1.0
Baseline,DecisionTree,0.8,Tuning,Tuning,0.0,1.0
Baseline,DecisionTree,0.8,Tuning,Defaults,1.0,0.0
Baseline,DecisionTree,0.8,Tuning,Tuning,0.0,1.0
Baseline,DecisionTree,0.8,Defaults,Tuning,0.0,1.0
Baseline,DecisionTree,0.8,Tuning,Defaults,1.0,0.0
Baseline,DecisionTree,0.8,Defaults,Defaults,1.0,0.0
Baseline,DecisionTree,0.8,Defaults,Defaults,1.0,0.0
Baseline,DecisionTree,0.8,Defaults,Defaults,1.0,0.0
Baseline,DecisionTree,0.8,Defaults,Defaults,1.0,0.0
Baseline,DecisionTree,0.8,Tuning,Tuning,0.0,1.0
Baseline,DecisionTree,0.8,Tuning,Tuning,0.0,1.0
Baseline,DecisionTree,0.8,Tuning,Tuning,0.0,1.0
Baseline,DecisionTree,0.8,Defaults,Tuning,0.0,1.0
Baseline,DecisionTree,0.8,Defaults,Defaults,1.0,0.0
Baseline,DecisionTree,0.8,Defaults,Tuning,0.0,1.0
Baseline,DecisionTree,0.8,Defaults,Defaults,1.0,0.0
Baseline,DecisionTree,0.8,Tuning,Tuning,0.0,1.0
Baseline,DecisionTree,0.8,Tuning,Defaults,1.0,0.0
Baseline,DecisionTree,0.8,Defaults,Defaults,1.0,0.0
Baseline,DecisionTree,0.8,Tuning,Tuning,0.0,1.0
Baseline,DecisionTree,0.8,Defaults,Tuning,0.0,1.0
Baseline,DecisionTree,0.8,Tuning,Tuning,0.0,1.0
Baseline,DecisionTree,0.8,Tuning,Tuning,0.0,1.0
Baseline,DecisionTree,0.8,Defaults,Tuning,0.0,1.0
Baseline,DecisionTree,0.8,Tuning,Tuning,0.0,1.0
Baseline,DecisionTree,0.8,Defaults,Defaults,1.0,0.0
Baseline,DecisionTree,0.8,Tuning,Tuning,0.0,1.0
Baseline,DecisionTree,0.8,Tuning,Tuning,0.0,1.0
Baseline,DecisionTree,0.8,Tuning,Tuning,0.0,1.0
Baseline,DecisionTree,0.8,Defaults,Defaults,1.0,0.0
Baseline,DecisionTree,0.8,Tuning,Tuning,0.0,1.0
Baseline,DecisionTree,0.8,Tuning,Tuning,0.0,1.0
Baseline,DecisionTree,0.8,Tuning,Tuning,0.0,1.0
Baseline,DecisionTree,0.8,Defaults,Tuning,0.0,1.0
Baseline,DecisionTree,0.8,Tuning,Defaults,1.0,0.0
Baseline,DecisionTree,0.8,Tuning,Tuning,0.0,1.0
Baseline,DecisionTree,0.8,Tuning,Defaults,1.0,0.0
Baseline,DecisionTree,0.8,Tuning,Tuning,0.0,1.0
Baseline,DecisionTree,0.8,Tuning,Defaults,1.0,0.0
Baseline,DecisionTree,0.8,Tuning,Tuning,0.0,1.0
Baseline,DecisionTree,0.8,Tuning,Tuning,0.0,1.0
Baseline,DecisionTree,0.8,Defaults,Defaults,1.0,0.0
Baseline,DecisionTree,0.8,Tuning,Tuning,0.0,1.0
Baseline,DecisionTree,0.8,Tuning,Tuning,0.0,1.0
Baseline,DecisionTree,0.8,Tuning,Tuning,0.0,1.0
Baseline,DecisionTree,0.8,Tuning,Tuning,0.0,1.0
Baseline,DecisionTree,0.8,Tuning,Tuning,0.0,1.0
Baseline,DecisionTree,0.8,Tuning,Tuning,0.0,1.0
Baseline,DecisionTree,0.8,Tuning,Tuning,0.0,1.0
Baseline,DecisionTree,0.8,Tuning,Tuning,0.0,1.0
Baseline,DecisionTree,0.8,Defaults,Defaults,1.0,0.0
Baseline,DecisionTree,0.8,Tuning,Defaults,1.0,0.0
Baseline,DecisionTree,0.8,Defaults,Defaults,1.0,0.0
Baseline,DecisionTree,0.8,Tuning,Tuning,0.0,1.0
Baseline,DecisionTree,0.8,Tuning,Tuning,0.0,1.0
Baseline,DecisionTree,0.8,Tuning,Tuning,0.0,1.0
Baseline,DecisionTree,0.8,Tuning,Tuning,0.0,1.0
Baseline,DecisionTree,0.8,Defaults,Tuning,0.0,1.0
Baseline,DecisionTree,0.8,Defaults,Defaults,1.0,0.0
Baseline,DecisionTree,0.8,Tuning,Tuning,0.0,1.0
Baseline,DecisionTree,0.8,Tuning,Defaults,1.0,0.0
Baseline,DecisionTree,0.8,Tuning,Tuning,0.0,1.0
Baseline,DecisionTree,0.8,Tuning,Tuning,0.0,1.0
Baseline,DecisionTree,0.8,Tuning,Tuning,0.0,1.0
Baseline,DecisionTree,0.8,Tuning,Tuning,0.0,1.0
Baseline,DecisionTree,0.8,Tuning,Tuning,0.0,1.0
Baseline,DecisionTree,0.8,Tuning,Tuning,0.0,1.0
Baseline,DecisionTree,0.8,Defaults,Tuning,0.0,1.0
Baseline,DecisionTree,0.8,Tuning,Defaults,1.0,0.0
Baseline,DecisionTree,0.8,Tuning,Defaults,1.0,0.0
Baseline,DecisionTree,0.8,Tuning,Defaults,1.0,0.0
Baseline,DecisionTree,0.8,Tuning,Tuning,0.0,1.0
Baseline,DecisionTree,0.8,Defaults,Tuning,0.0,1.0
Baseline,DecisionTree,0.8,Tuning,Defaults,1.0,0.0
Baseline,DecisionTree,0.8,Tuning,Tuning,0.0,1.0
Baseline,DecisionTree,0.8,Tuning,Tuning,0.0,1.0
Baseline,DecisionTree,0.8,Defaults,Tuning,0.0,1.0
Baseline,DecisionTree,0.8,Tuning,Defaults,1.0,0.0
Baseline,DecisionTree,0.8,Tuning,Tuning,0.0,1.0
Baseline,DecisionTree,0.8,Tuning,Tuning,0.0,1.0
Baseline,DecisionTree,0.8,Defaults,Tuning,0.0,1.0
Baseline,DecisionTree,0.8,Defaults,Defaults,1.0,0.0
Baseline,DecisionTree,0.8,Tuning,Defaults,1.0,0.0
Baseline,DecisionTree,0.8,Tuning,Tuning,0.0,1.0
Baseline,DecisionTree,0.8,Tuning,Defaults,1.0,0.0
Baseline,DecisionTree,0.8,Defaults,Tuning,0.0,1.0
Baseline,DecisionTree,0.8,Defaults,Defaults,1.0,0.0
Baseline,DecisionTree,0.8,Defaults,Defaults,1.0,0.0
Baseline,DecisionTree,0.8,Tuning,Tuning,0.0,1.0
Baseline,DecisionTree,0.8,Defaults,Tuning,0.0,1.0
Baseline,DecisionTree,0.8,Tuning,Defaults,1.0,0.0
Baseline,DecisionTree,0.8,Tuning,Tuning,0.0,1.0
Baseline,DecisionTree,0.8,Defaults,Tuning,0.0,1.0
Baseline,DecisionTree,0.8,Defaults,Defaults,1.0,0.0
Baseline,DecisionTree,0.8,Tuning,Tuning,0.0,1.0
Baseline,DecisionTree,0.8,Tuning,Tuning,0.0,1.0
Baseline,DecisionTree,0.8,Defaults,Defaults,1.0,0.0
Baseline,DecisionTree,0.8,Tuning,Tuning,0.0,1.0
Baseline,DecisionTree,0.8,Tuning,Tuning,0.0,1.0
Baseline,DecisionTree,0.8,Tuning,Tuning,0.0,1.0
Baseline,DecisionTree,0.8,Tuning,Tuning,0.0,1.0
Baseline,DecisionTree,0.85,Tuning,Tuning,0.0,1.0
Baseline,DecisionTree,0.85,Tuning,Tuning,0.0,1.0
Baseline,DecisionTree,0.85,Defaults,Defaults,1.0,0.0
Baseline,DecisionTree,0.85,Tuning,Tuning,0.0,1.0
Baseline,DecisionTree,0.85,Tuning,Tuning,0.0,1.0
Baseline,DecisionTree,0.85,Tuning,Defaults,1.0,0.0
Baseline,DecisionTree,0.85,Tuning,Tuning,0.0,1.0
Baseline,DecisionTree,0.85,Defaults,Tuning,0.0,1.0
Baseline,DecisionTree,0.85,Defaults,Defaults,1.0,0.0
Baseline,DecisionTree,0.85,Tuning,Tuning,0.0,1.0
Baseline,DecisionTree,0.85,Tuning,Tuning,0.0,1.0
Baseline,DecisionTree,0.85,Defaults,Tuning,0.0,1.0
Baseline,DecisionTree,0.85,Tuning,Tuning,0.0,1.0
Baseline,DecisionTree,0.85,Tuning,Tuning,0.0,1.0
Baseline,DecisionTree,0.85,Tuning,Defaults,1.0,0.0
Baseline,DecisionTree,0.85,Tuning,Tuning,0.0,1.0
Baseline,DecisionTree,0.85,Defaults,Defaults,1.0,0.0
Baseline,DecisionTree,0.85,Tuning,Tuning,0.0,1.0
Baseline,DecisionTree,0.85,Defaults,Tuning,0.0,1.0
Baseline,DecisionTree,0.85,Tuning,Tuning,0.0,1.0
Baseline,DecisionTree,0.85,Tuning,Tuning,0.0,1.0
Baseline,DecisionTree,0.85,Defaults,Tuning,0.0,1.0
Baseline,DecisionTree,0.85,Tuning,Tuning,0.0,1.0
Baseline,DecisionTree,0.85,Tuning,Tuning,0.0,1.0
Baseline,DecisionTree,0.85,Tuning,Tuning,0.0,1.0
Baseline,DecisionTree,0.85,Tuning,Tuning,0.0,1.0
Baseline,DecisionTree,0.85,Tuning,Tuning,0.0,1.0
Baseline,DecisionTree,0.85,Tuning,Tuning,0.0,1.0
Baseline,DecisionTree,0.85,Tuning,Tuning,0.0,1.0
Baseline,DecisionTree,0.85,Tuning,Tuning,0.0,1.0
Baseline,DecisionTree,0.85,Tuning,Tuning,0.0,1.0
Baseline,DecisionTree,0.85,Tuning,Tuning,0.0,1.0
Baseline,DecisionTree,0.85,Defaults,Defaults,1.0,0.0
Baseline,DecisionTree,0.85,Defaults,Defaults,1.0,0.0
Baseline,DecisionTree,0.85,Tuning,Tuning,0.0,1.0
Baseline,DecisionTree,0.85,Tuning,Defaults,1.0,0.0
Baseline,DecisionTree,0.85,Tuning,Tuning,0.0,1.0
Baseline,DecisionTree,0.85,Defaults,Defaults,1.0,0.0
Baseline,DecisionTree,0.85,Tuning,Tuning,0.0,1.0
Baseline,DecisionTree,0.85,Defaults,Defaults,1.0,0.0
Baseline,DecisionTree,0.85,Tuning,Defaults,1.0,0.0
Baseline,DecisionTree,0.85,Tuning,Tuning,0.0,1.0
Baseline,DecisionTree,0.85,Tuning,Tuning,0.0,1.0
Baseline,DecisionTree,0.85,Tuning,Tuning,0.0,1.0
Baseline,DecisionTree,0.85,Tuning,Tuning,0.0,1.0
Baseline,DecisionTree,0.85,Tuning,Tuning,0.0,1.0
Baseline,DecisionTree,0.85,Tuning,Tuning,0.0,1.0
Baseline,DecisionTree,0.85,Tuning,Tuning,0.0,1.0
Baseline,DecisionTree,0.85,Tuning,Tuning,0.0,1.0
Baseline,DecisionTree,0.85,Tuning,Defaults,1.0,0.0
Baseline,DecisionTree,0.85,Defaults,Tuning,0.0,1.0
Baseline,DecisionTree,0.85,Tuning,Tuning,0.0,1.0
Baseline,DecisionTree,0.85,Tuning,Tuning,0.0,1.0
Baseline,DecisionTree,0.85,Defaults,Tuning,0.0,1.0
Baseline,DecisionTree,0.85,Tuning,Tuning,0.0,1.0
Baseline,DecisionTree,0.85,Tuning,Tuning,0.0,1.0
Baseline,DecisionTree,0.85,Tuning,Tuning,0.0,1.0
Baseline,DecisionTree,0.85,Tuning,Defaults,1.0,0.0
Baseline,DecisionTree,0.85,Tuning,Tuning,0.0,1.0
Baseline,DecisionTree,0.85,Tuning,Tuning,0.0,1.0
Baseline,DecisionTree,0.85,Tuning,Tuning,0.0,1.0
Baseline,DecisionTree,0.85,Tuning,Tuning,0.0,1.0
Baseline,DecisionTree,0.85,Tuning,Tuning,0.0,1.0
Baseline,DecisionTree,0.85,Defaults,Tuning,0.0,1.0
Baseline,DecisionTree,0.85,Tuning,Tuning,0.0,1.0
Baseline,DecisionTree,0.85,Defaults,Tuning,0.0,1.0
Baseline,DecisionTree,0.85,Tuning,Tuning,0.0,1.0
Baseline,DecisionTree,0.85,Tuning,Defaults,1.0,0.0
Baseline,DecisionTree,0.85,Tuning,Tuning,0.0,1.0
Baseline,DecisionTree,0.85,Tuning,Defaults,1.0,0.0
Baseline,DecisionTree,0.85,Tuning,Tuning,0.0,1.0
Baseline,DecisionTree,0.85,Defaults,Tuning,0.0,1.0
Baseline,DecisionTree,0.85,Tuning,Defaults,1.0,0.0
Baseline,DecisionTree,0.85,Defaults,Defaults,1.0,0.0
Baseline,DecisionTree,0.85,Defaults,Defaults,1.0,0.0
Baseline,DecisionTree,0.85,Defaults,Defaults,1.0,0.0
Baseline,DecisionTree,0.85,Defaults,Defaults,1.0,0.0
Baseline,DecisionTree,0.85,Tuning,Tuning,0.0,1.0
Baseline,DecisionTree,0.85,Tuning,Tuning,0.0,1.0
Baseline,DecisionTree,0.85,Tuning,Tuning,0.0,1.0
Baseline,DecisionTree,0.85,Defaults,Tuning,0.0,1.0
Baseline,DecisionTree,0.85,Defaults,Defaults,1.0,0.0
Baseline,DecisionTree,0.85,Defaults,Tuning,0.0,1.0
Baseline,DecisionTree,0.85,Defaults,Defaults,1.0,0.0
Baseline,DecisionTree,0.85,Tuning,Tuning,0.0,1.0
Baseline,DecisionTree,0.85,Tuning,Defaults,1.0,0.0
Baseline,DecisionTree,0.85,Defaults,Defaults,1.0,0.0
Baseline,DecisionTree,0.85,Tuning,Tuning,0.0,1.0
Baseline,DecisionTree,0.85,Defaults,Tuning,0.0,1.0
Baseline,DecisionTree,0.85,Tuning,Tuning,0.0,1.0
Baseline,DecisionTree,0.85,Tuning,Tuning,0.0,1.0
Baseline,DecisionTree,0.85,Defaults,Tuning,0.0,1.0
Baseline,DecisionTree,0.85,Tuning,Tuning,0.0,1.0
Baseline,DecisionTree,0.85,Defaults,Defaults,1.0,0.0
Baseline,DecisionTree,0.85,Tuning,Tuning,0.0,1.0
Baseline,DecisionTree,0.85,Tuning,Tuning,0.0,1.0
Baseline,DecisionTree,0.85,Tuning,Tuning,0.0,1.0
Baseline,DecisionTree,0.85,Defaults,Defaults,1.0,0.0
Baseline,DecisionTree,0.85,Tuning,Tuning,0.0,1.0
Baseline,DecisionTree,0.85,Tuning,Defaults,1.0,0.0
Baseline,DecisionTree,0.85,Tuning,Tuning,0.0,1.0
Baseline,DecisionTree,0.85,Defaults,Tuning,0.0,1.0
Baseline,DecisionTree,0.85,Tuning,Defaults,1.0,0.0
Baseline,DecisionTree,0.85,Tuning,Tuning,0.0,1.0
Baseline,DecisionTree,0.85,Tuning,Defaults,1.0,0.0
Baseline,DecisionTree,0.85,Tuning,Tuning,0.0,1.0
Baseline,DecisionTree,0.85,Tuning,Defaults,1.0,0.0
Baseline,DecisionTree,0.85,Tuning,Tuning,0.0,1.0
Baseline,DecisionTree,0.85,Tuning,Defaults,1.0,0.0
Baseline,DecisionTree,0.85,Defaults,Defaults,1.0,0.0
Baseline,DecisionTree,0.85,Tuning,Tuning,0.0,1.0
Baseline,DecisionTree,0.85,Tuning,Tuning,0.0,1.0
Baseline,DecisionTree,0.85,Tuning,Tuning,0.0,1.0
Baseline,DecisionTree,0.85,Tuning,Tuning,0.0,1.0
Baseline,DecisionTree,0.85,Tuning,Tuning,0.0,1.0
Baseline,DecisionTree,0.85,Tuning,Tuning,0.0,1.0
Baseline,DecisionTree,0.85,Tuning,Tuning,0.0,1.0
Baseline,DecisionTree,0.85,Tuning,Tuning,0.0,1.0
Baseline,DecisionTree,0.85,Defaults,Tuning,0.0,1.0
Baseline,DecisionTree,0.85,Tuning,Defaults,1.0,0.0
Baseline,DecisionTree,0.85,Defaults,Defaults,1.0,0.0
Baseline,DecisionTree,0.85,Tuning,Tuning,0.0,1.0
Baseline,DecisionTree,0.85,Tuning,Tuning,0.0,1.0
Baseline,DecisionTree,0.85,Tuning,Tuning,0.0,1.0
Baseline,DecisionTree,0.85,Tuning,Tuning,0.0,1.0
Baseline,DecisionTree,0.85,Defaults,Tuning,0.0,1.0
Baseline,DecisionTree,0.85,Defaults,Defaults,1.0,0.0
Baseline,DecisionTree,0.85,Tuning,Tuning,0.0,1.0
Baseline,DecisionTree,0.85,Tuning,Defaults,1.0,0.0
Baseline,DecisionTree,0.85,Tuning,Tuning,0.0,1.0
Baseline,DecisionTree,0.85,Tuning,Tuning,0.0,1.0
Baseline,DecisionTree,0.85,Tuning,Tuning,0.0,1.0
Baseline,DecisionTree,0.85,Tuning,Tuning,0.0,1.0
Baseline,DecisionTree,0.85,Tuning,Tuning,0.0,1.0
Baseline,DecisionTree,0.85,Tuning,Tuning,0.0,1.0
Baseline,DecisionTree,0.85,Defaults,Tuning,0.0,1.0
Baseline,DecisionTree,0.85,Tuning,Defaults,1.0,0.0
Baseline,DecisionTree,0.85,Tuning,Defaults,1.0,0.0
Baseline,DecisionTree,0.85,Tuning,Defaults,1.0,0.0
Baseline,DecisionTree,0.85,Tuning,Tuning,0.0,1.0
Baseline,DecisionTree,0.85,Defaults,Tuning,0.0,1.0
Baseline,DecisionTree,0.85,Tuning,Defaults,1.0,0.0
Baseline,DecisionTree,0.85,Tuning,Tuning,0.0,1.0
Baseline,DecisionTree,0.85,Tuning,Tuning,0.0,1.0
Baseline,DecisionTree,0.85,Defaults,Tuning,0.0,1.0
Baseline,DecisionTree,0.85,Tuning,Defaults,1.0,0.0
Baseline,DecisionTree,0.85,Tuning,Tuning,0.0,1.0
Baseline,DecisionTree,0.85,Tuning,Tuning,0.0,1.0
Baseline,DecisionTree,0.85,Defaults,Tuning,0.0,1.0
Baseline,DecisionTree,0.85,Defaults,Defaults,1.0,0.0
Baseline,DecisionTree,0.85,Tuning,Defaults,1.0,0.0
Baseline,DecisionTree,0.85,Tuning,Tuning,0.0,1.0
Baseline,DecisionTree,0.85,Tuning,Defaults,1.0,0.0
Baseline,DecisionTree,0.85,Defaults,Tuning,0.0,1.0
Baseline,DecisionTree,0.85,Defaults,Defaults,1.0,0.0
Baseline,DecisionTree,0.85,Defaults,Tuning,0.0,1.0
Baseline,DecisionTree,0.85,Tuning,Tuning,0.0,1.0
Baseline,DecisionTree,0.85,Defaults,Tuning,0.0,1.0
Baseline,DecisionTree,0.85,Tuning,Defaults,1.0,0.0
Baseline,DecisionTree,0.85,Tuning,Tuning,0.0,1.0
Baseline,DecisionTree,0.85,Defaults,Tuning,0.0,1.0
Baseline,DecisionTree,0.85,Defaults,Defaults,1.0,0.0
Baseline,DecisionTree,0.85,Tuning,Tuning,0.0,1.0
Baseline,DecisionTree,0.85,Tuning,Tuning,0.0,1.0
Baseline,DecisionTree,0.85,Defaults,Tuning,0.0,1.0
Baseline,DecisionTree,0.85,Tuning,Tuning,0.0,1.0
Baseline,DecisionTree,0.85,Tuning,Tuning,0.0,1.0
Baseline,DecisionTree,0.85,Tuning,Tuning,0.0,1.0
Baseline,DecisionTree,0.85,Tuning,Tuning,0.0,1.0
Baseline,DecisionTree,0.9,Tuning,Defaults,1.0,0.0
Baseline,DecisionTree,0.9,Tuning,Tuning,0.0,1.0
Baseline,DecisionTree,0.9,Defaults,Tuning,0.0,1.0
Baseline,DecisionTree,0.9,Tuning,Tuning,0.0,1.0
Baseline,DecisionTree,0.9,Tuning,Tuning,0.0,1.0
Baseline,DecisionTree,0.9,Tuning,Defaults,1.0,0.0
Baseline,DecisionTree,0.9,Tuning,Tuning,0.0,1.0
Baseline,DecisionTree,0.9,Defaults,Defaults,1.0,0.0
Baseline,DecisionTree,0.9,Defaults,Defaults,1.0,0.0
Baseline,DecisionTree,0.9,Tuning,Tuning,0.0,1.0
Baseline,DecisionTree,0.9,Tuning,Tuning,0.0,1.0
Baseline,DecisionTree,0.9,Defaults,Tuning,0.0,1.0
Baseline,DecisionTree,0.9,Tuning,Tuning,0.0,1.0
Baseline,DecisionTree,0.9,Tuning,Tuning,0.0,1.0
Baseline,DecisionTree,0.9,Tuning,Tuning,0.0,1.0
Baseline,DecisionTree,0.9,Tuning,Tuning,0.0,1.0
Baseline,DecisionTree,0.9,Defaults,Defaults,1.0,0.0
Baseline,DecisionTree,0.9,Tuning,Tuning,0.0,1.0
Baseline,DecisionTree,0.9,Defaults,Tuning,0.0,1.0
Baseline,DecisionTree,0.9,Tuning,Defaults,1.0,0.0
Baseline,DecisionTree,0.9,Tuning,Defaults,1.0,0.0
Baseline,DecisionTree,0.9,Defaults,Tuning,0.0,1.0
Baseline,DecisionTree,0.9,Tuning,Defaults,1.0,0.0
Baseline,DecisionTree,0.9,Tuning,Tuning,0.0,1.0
Baseline,DecisionTree,0.9,Tuning,Tuning,0.0,1.0
Baseline,DecisionTree,0.9,Tuning,Tuning,0.0,1.0
Baseline,DecisionTree,0.9,Tuning,Tuning,0.0,1.0
Baseline,DecisionTree,0.9,Tuning,Tuning,0.0,1.0
Baseline,DecisionTree,0.9,Tuning,Tuning,0.0,1.0
Baseline,DecisionTree,0.9,Tuning,Tuning,0.0,1.0
Baseline,DecisionTree,0.9,Tuning,Tuning,0.0,1.0
Baseline,DecisionTree,0.9,Tuning,Tuning,0.0,1.0
Baseline,DecisionTree,0.9,Defaults,Defaults,1.0,0.0
Baseline,DecisionTree,0.9,Defaults,Defaults,1.0,0.0
Baseline,DecisionTree,0.9,Tuning,Tuning,0.0,1.0
Baseline,DecisionTree,0.9,Tuning,Defaults,1.0,0.0
Baseline,DecisionTree,0.9,Tuning,Tuning,0.0,1.0
Baseline,DecisionTree,0.9,Defaults,Defaults,1.0,0.0
Baseline,DecisionTree,0.9,Tuning,Tuning,0.0,1.0
Baseline,DecisionTree,0.9,Defaults,Defaults,1.0,0.0
Baseline,DecisionTree,0.9,Tuning,Defaults,1.0,0.0
Baseline,DecisionTree,0.9,Tuning,Defaults,1.0,0.0
Baseline,DecisionTree,0.9,Tuning,Tuning,0.0,1.0
Baseline,DecisionTree,0.9,Tuning,Tuning,0.0,1.0
Baseline,DecisionTree,0.9,Tuning,Tuning,0.0,1.0
Baseline,DecisionTree,0.9,Tuning,Tuning,0.0,1.0
Baseline,DecisionTree,0.9,Tuning,Defaults,1.0,0.0
Baseline,DecisionTree,0.9,Tuning,Tuning,0.0,1.0
Baseline,DecisionTree,0.9,Tuning,Tuning,0.0,1.0
Baseline,DecisionTree,0.9,Tuning,Defaults,1.0,0.0
Baseline,DecisionTree,0.9,Defaults,Tuning,0.0,1.0
Baseline,DecisionTree,0.9,Tuning,Tuning,0.0,1.0
Baseline,DecisionTree,0.9,Tuning,Tuning,0.0,1.0
Baseline,DecisionTree,0.9,Defaults,Tuning,0.0,1.0
Baseline,DecisionTree,0.9,Tuning,Tuning,0.0,1.0
Baseline,DecisionTree,0.9,Tuning,Tuning,0.0,1.0
Baseline,DecisionTree,0.9,Tuning,Tuning,0.0,1.0
Baseline,DecisionTree,0.9,Tuning,Defaults,1.0,0.0
Baseline,DecisionTree,0.9,Tuning,Tuning,0.0,1.0
Baseline,DecisionTree,0.9,Tuning,Tuning,0.0,1.0
Baseline,DecisionTree,0.9,Tuning,Tuning,0.0,1.0
Baseline,DecisionTree,0.9,Tuning,Tuning,0.0,1.0
Baseline,DecisionTree,0.9,Tuning,Tuning,0.0,1.0
Baseline,DecisionTree,0.9,Defaults,Tuning,0.0,1.0
Baseline,DecisionTree,0.9,Tuning,Tuning,0.0,1.0
Baseline,DecisionTree,0.9,Defaults,Tuning,0.0,1.0
Baseline,DecisionTree,0.9,Tuning,Tuning,0.0,1.0
Baseline,DecisionTree,0.9,Tuning,Tuning,0.0,1.0
Baseline,DecisionTree,0.9,Tuning,Tuning,0.0,1.0
Baseline,DecisionTree,0.9,Tuning,Defaults,1.0,0.0
Baseline,DecisionTree,0.9,Tuning,Tuning,0.0,1.0
Baseline,DecisionTree,0.9,Defaults,Tuning,0.0,1.0
Baseline,DecisionTree,0.9,Tuning,Defaults,1.0,0.0
Baseline,DecisionTree,0.9,Defaults,Defaults,1.0,0.0
Baseline,DecisionTree,0.9,Defaults,Defaults,1.0,0.0
Baseline,DecisionTree,0.9,Defaults,Defaults,1.0,0.0
Baseline,DecisionTree,0.9,Defaults,Defaults,1.0,0.0
Baseline,DecisionTree,0.9,Tuning,Tuning,0.0,1.0
Baseline,DecisionTree,0.9,Tuning,Tuning,0.0,1.0
Baseline,DecisionTree,0.9,Tuning,Tuning,0.0,1.0
Baseline,DecisionTree,0.9,Defaults,Defaults,1.0,0.0
Baseline,DecisionTree,0.9,Defaults,Defaults,1.0,0.0
Baseline,DecisionTree,0.9,Defaults,Tuning,0.0,1.0
Baseline,DecisionTree,0.9,Defaults,Defaults,1.0,0.0
Baseline,DecisionTree,0.9,Tuning,Tuning,0.0,1.0
Baseline,DecisionTree,0.9,Tuning,Defaults,1.0,0.0
Baseline,DecisionTree,0.9,Defaults,Defaults,1.0,0.0
Baseline,DecisionTree,0.9,Tuning,Tuning,0.0,1.0
Baseline,DecisionTree,0.9,Defaults,Tuning,0.0,1.0
Baseline,DecisionTree,0.9,Tuning,Tuning,0.0,1.0
Baseline,DecisionTree,0.9,Tuning,Tuning,0.0,1.0
Baseline,DecisionTree,0.9,Defaults,Tuning,0.0,1.0
Baseline,DecisionTree,0.9,Tuning,Tuning,0.0,1.0
Baseline,DecisionTree,0.9,Defaults,Defaults,1.0,0.0
Baseline,DecisionTree,0.9,Tuning,Tuning,0.0,1.0
Baseline,DecisionTree,0.9,Tuning,Tuning,0.0,1.0
Baseline,DecisionTree,0.9,Tuning,Tuning,0.0,1.0
Baseline,DecisionTree,0.9,Defaults,Defaults,1.0,0.0
Baseline,DecisionTree,0.9,Tuning,Tuning,0.0,1.0
Baseline,DecisionTree,0.9,Tuning,Tuning,0.0,1.0
Baseline,DecisionTree,0.9,Tuning,Tuning,0.0,1.0
Baseline,DecisionTree,0.9,Defaults,Tuning,0.0,1.0
Baseline,DecisionTree,0.9,Tuning,Tuning,0.0,1.0
Baseline,DecisionTree,0.9,Tuning,Tuning,0.0,1.0
Baseline,DecisionTree,0.9,Tuning,Defaults,1.0,0.0
Baseline,DecisionTree,0.9,Tuning,Tuning,0.0,1.0
Baseline,DecisionTree,0.9,Tuning,Defaults,1.0,0.0
Baseline,DecisionTree,0.9,Tuning,Tuning,0.0,1.0
Baseline,DecisionTree,0.9,Tuning,Tuning,0.0,1.0
Baseline,DecisionTree,0.9,Defaults,Defaults,1.0,0.0
Baseline,DecisionTree,0.9,Tuning,Tuning,0.0,1.0
Baseline,DecisionTree,0.9,Tuning,Tuning,0.0,1.0
Baseline,DecisionTree,0.9,Tuning,Tuning,0.0,1.0
Baseline,DecisionTree,0.9,Tuning,Tuning,0.0,1.0
Baseline,DecisionTree,0.9,Tuning,Tuning,0.0,1.0
Baseline,DecisionTree,0.9,Tuning,Tuning,0.0,1.0
Baseline,DecisionTree,0.9,Tuning,Tuning,0.0,1.0
Baseline,DecisionTree,0.9,Tuning,Tuning,0.0,1.0
Baseline,DecisionTree,0.9,Defaults,Tuning,0.0,1.0
Baseline,DecisionTree,0.9,Tuning,Defaults,1.0,0.0
Baseline,DecisionTree,0.9,Defaults,Defaults,1.0,0.0
Baseline,DecisionTree,0.9,Tuning,Tuning,0.0,1.0
Baseline,DecisionTree,0.9,Tuning,Tuning,0.0,1.0
Baseline,DecisionTree,0.9,Tuning,Tuning,0.0,1.0
Baseline,DecisionTree,0.9,Tuning,Tuning,0.0,1.0
Baseline,DecisionTree,0.9,Defaults,Tuning,0.0,1.0
Baseline,DecisionTree,0.9,Defaults,Defaults,1.0,0.0
Baseline,DecisionTree,0.9,Tuning,Tuning,0.0,1.0
Baseline,DecisionTree,0.9,Tuning,Defaults,1.0,0.0
Baseline,DecisionTree,0.9,Tuning,Tuning,0.0,1.0
Baseline,DecisionTree,0.9,Tuning,Tuning,0.0,1.0
Baseline,DecisionTree,0.9,Tuning,Tuning,0.0,1.0
Baseline,DecisionTree,0.9,Tuning,Tuning,0.0,1.0
Baseline,DecisionTree,0.9,Tuning,Tuning,0.0,1.0
Baseline,DecisionTree,0.9,Tuning,Tuning,0.0,1.0
Baseline,DecisionTree,0.9,Defaults,Tuning,0.0,1.0
Baseline,DecisionTree,0.9,Tuning,Defaults,1.0,0.0
Baseline,DecisionTree,0.9,Tuning,Defaults,1.0,0.0
Baseline,DecisionTree,0.9,Tuning,Tuning,0.0,1.0
Baseline,DecisionTree,0.9,Tuning,Tuning,0.0,1.0
Baseline,DecisionTree,0.9,Defaults,Tuning,0.0,1.0
Baseline,DecisionTree,0.9,Tuning,Defaults,1.0,0.0
Baseline,DecisionTree,0.9,Tuning,Tuning,0.0,1.0
Baseline,DecisionTree,0.9,Tuning,Tuning,0.0,1.0
Baseline,DecisionTree,0.9,Defaults,Tuning,0.0,1.0
Baseline,DecisionTree,0.9,Tuning,Tuning,0.0,1.0
Baseline,DecisionTree,0.9,Tuning,Tuning,0.0,1.0
Baseline,DecisionTree,0.9,Tuning,Tuning,0.0,1.0
Baseline,DecisionTree,0.9,Defaults,Tuning,0.0,1.0
Baseline,DecisionTree,0.9,Defaults,Tuning,0.0,1.0
Baseline,DecisionTree,0.9,Tuning,Defaults,1.0,0.0
Baseline,DecisionTree,0.9,Tuning,Tuning,0.0,1.0
Baseline,DecisionTree,0.9,Tuning,Defaults,1.0,0.0
Baseline,DecisionTree,0.9,Defaults,Tuning,0.0,1.0
Baseline,DecisionTree,0.9,Defaults,Defaults,1.0,0.0
Baseline,DecisionTree,0.9,Defaults,Tuning,0.0,1.0
Baseline,DecisionTree,0.9,Tuning,Tuning,0.0,1.0
Baseline,DecisionTree,0.9,Defaults,Tuning,0.0,1.0
Baseline,DecisionTree,0.9,Tuning,Defaults,1.0,0.0
Baseline,DecisionTree,0.9,Tuning,Defaults,1.0,0.0
Baseline,DecisionTree,0.9,Defaults,Tuning,0.0,1.0
Baseline,DecisionTree,0.9,Defaults,Defaults,1.0,0.0
Baseline,DecisionTree,0.9,Tuning,Tuning,0.0,1.0
Baseline,DecisionTree,0.9,Tuning,Tuning,0.0,1.0
Baseline,DecisionTree,0.9,Defaults,Tuning,0.0,1.0
Baseline,DecisionTree,0.9,Tuning,Tuning,0.0,1.0
Baseline,DecisionTree,0.9,Tuning,Tuning,0.0,1.0
Baseline,DecisionTree,0.9,Tuning,Tuning,0.0,1.0
Baseline,DecisionTree,0.9,Tuning,Tuning,0.0,1.0
Baseline,DecisionTree,0.95,Tuning,Tuning,0.0,1.0
Baseline,DecisionTree,0.95,Tuning,Tuning,0.0,1.0
Baseline,DecisionTree,0.95,Defaults,Defaults,1.0,0.0
Baseline,DecisionTree,0.95,Tuning,Tuning,0.0,1.0
Baseline,DecisionTree,0.95,Tuning,Tuning,0.0,1.0
Baseline,DecisionTree,0.95,Tuning,Defaults,1.0,0.0
Baseline,DecisionTree,0.95,Tuning,Tuning,0.0,1.0
Baseline,DecisionTree,0.95,Defaults,Tuning,0.0,1.0
Baseline,DecisionTree,0.95,Defaults,Defaults,1.0,0.0
Baseline,DecisionTree,0.95,Tuning,Tuning,0.0,1.0
Baseline,DecisionTree,0.95,Tuning,Tuning,0.0,1.0
Baseline,DecisionTree,0.95,Defaults,Tuning,0.0,1.0
Baseline,DecisionTree,0.95,Tuning,Tuning,0.0,1.0
Baseline,DecisionTree,0.95,Tuning,Tuning,0.0,1.0
Baseline,DecisionTree,0.95,Tuning,Tuning,0.0,1.0
Baseline,DecisionTree,0.95,Tuning,Tuning,0.0,1.0
Baseline,DecisionTree,0.95,Defaults,Defaults,1.0,0.0
Baseline,DecisionTree,0.95,Tuning,Tuning,0.0,1.0
Baseline,DecisionTree,0.95,Defaults,Tuning,0.0,1.0
Baseline,DecisionTree,0.95,Tuning,Tuning,0.0,1.0
Baseline,DecisionTree,0.95,Tuning,Tuning,0.0,1.0
Baseline,DecisionTree,0.95,Defaults,Tuning,0.0,1.0
Baseline,DecisionTree,0.95,Tuning,Tuning,0.0,1.0
Baseline,DecisionTree,0.95,Tuning,Tuning,0.0,1.0
Baseline,DecisionTree,0.95,Tuning,Tuning,0.0,1.0
Baseline,DecisionTree,0.95,Tuning,Tuning,0.0,1.0
Baseline,DecisionTree,0.95,Tuning,Tuning,0.0,1.0
Baseline,DecisionTree,0.95,Tuning,Tuning,0.0,1.0
Baseline,DecisionTree,0.95,Tuning,Tuning,0.0,1.0
Baseline,DecisionTree,0.95,Tuning,Tuning,0.0,1.0
Baseline,DecisionTree,0.95,Tuning,Tuning,0.0,1.0
Baseline,DecisionTree,0.95,Tuning,Tuning,0.0,1.0
Baseline,DecisionTree,0.95,Defaults,Defaults,1.0,0.0
Baseline,DecisionTree,0.95,Defaults,Defaults,1.0,0.0
Baseline,DecisionTree,0.95,Tuning,Tuning,0.0,1.0
Baseline,DecisionTree,0.95,Tuning,Defaults,1.0,0.0
Baseline,DecisionTree,0.95,Tuning,Tuning,0.0,1.0
Baseline,DecisionTree,0.95,Defaults,Defaults,1.0,0.0
Baseline,DecisionTree,0.95,Tuning,Tuning,0.0,1.0
Baseline,DecisionTree,0.95,Defaults,Defaults,1.0,0.0
Baseline,DecisionTree,0.95,Tuning,Defaults,1.0,0.0
Baseline,DecisionTree,0.95,Tuning,Tuning,0.0,1.0
Baseline,DecisionTree,0.95,Tuning,Tuning,0.0,1.0
Baseline,DecisionTree,0.95,Tuning,Tuning,0.0,1.0
Baseline,DecisionTree,0.95,Tuning,Tuning,0.0,1.0
Baseline,DecisionTree,0.95,Tuning,Tuning,0.0,1.0
Baseline,DecisionTree,0.95,Tuning,Defaults,1.0,0.0
Baseline,DecisionTree,0.95,Tuning,Tuning,0.0,1.0
Baseline,DecisionTree,0.95,Tuning,Tuning,0.0,1.0
Baseline,DecisionTree,0.95,Tuning,Defaults,1.0,0.0
Baseline,DecisionTree,0.95,Defaults,Tuning,0.0,1.0
Baseline,DecisionTree,0.95,Tuning,Tuning,0.0,1.0
Baseline,DecisionTree,0.95,Tuning,Tuning,0.0,1.0
Baseline,DecisionTree,0.95,Defaults,Tuning,0.0,1.0
Baseline,DecisionTree,0.95,Tuning,Tuning,0.0,1.0
Baseline,DecisionTree,0.95,Tuning,Defaults,1.0,0.0
Baseline,DecisionTree,0.95,Tuning,Tuning,0.0,1.0
Baseline,DecisionTree,0.95,Tuning,Defaults,1.0,0.0
Baseline,DecisionTree,0.95,Tuning,Tuning,0.0,1.0
Baseline,DecisionTree,0.95,Tuning,Tuning,0.0,1.0
Baseline,DecisionTree,0.95,Tuning,Tuning,0.0,1.0
Baseline,DecisionTree,0.95,Tuning,Tuning,0.0,1.0
Baseline,DecisionTree,0.95,Tuning,Tuning,0.0,1.0
Baseline,DecisionTree,0.95,Defaults,Tuning,0.0,1.0
Baseline,DecisionTree,0.95,Tuning,Tuning,0.0,1.0
Baseline,DecisionTree,0.95,Defaults,Tuning,0.0,1.0
Baseline,DecisionTree,0.95,Tuning,Tuning,0.0,1.0
Baseline,DecisionTree,0.95,Tuning,Tuning,0.0,1.0
Baseline,DecisionTree,0.95,Tuning,Tuning,0.0,1.0
Baseline,DecisionTree,0.95,Tuning,Tuning,0.0,1.0
Baseline,DecisionTree,0.95,Tuning,Tuning,0.0,1.0
Baseline,DecisionTree,0.95,Defaults,Tuning,0.0,1.0
Baseline,DecisionTree,0.95,Tuning,Defaults,1.0,0.0
Baseline,DecisionTree,0.95,Defaults,Defaults,1.0,0.0
Baseline,DecisionTree,0.95,Defaults,Defaults,1.0,0.0
Baseline,DecisionTree,0.95,Defaults,Defaults,1.0,0.0
Baseline,DecisionTree,0.95,Defaults,Defaults,1.0,0.0
Baseline,DecisionTree,0.95,Tuning,Tuning,0.0,1.0
Baseline,DecisionTree,0.95,Tuning,Tuning,0.0,1.0
Baseline,DecisionTree,0.95,Tuning,Tuning,0.0,1.0
Baseline,DecisionTree,0.95,Defaults,Tuning,0.0,1.0
Baseline,DecisionTree,0.95,Defaults,Defaults,1.0,0.0
Baseline,DecisionTree,0.95,Defaults,Tuning,0.0,1.0
Baseline,DecisionTree,0.95,Defaults,Defaults,1.0,0.0
Baseline,DecisionTree,0.95,Tuning,Tuning,0.0,1.0
Baseline,DecisionTree,0.95,Tuning,Defaults,1.0,0.0
Baseline,DecisionTree,0.95,Defaults,Defaults,1.0,0.0
Baseline,DecisionTree,0.95,Tuning,Tuning,0.0,1.0
Baseline,DecisionTree,0.95,Defaults,Tuning,0.0,1.0
Baseline,DecisionTree,0.95,Tuning,Tuning,0.0,1.0
Baseline,DecisionTree,0.95,Tuning,Tuning,0.0,1.0
Baseline,DecisionTree,0.95,Defaults,Tuning,0.0,1.0
Baseline,DecisionTree,0.95,Tuning,Tuning,0.0,1.0
Baseline,DecisionTree,0.95,Defaults,Defaults,1.0,0.0
Baseline,DecisionTree,0.95,Tuning,Tuning,0.0,1.0
Baseline,DecisionTree,0.95,Tuning,Tuning,0.0,1.0
Baseline,DecisionTree,0.95,Tuning,Tuning,0.0,1.0
Baseline,DecisionTree,0.95,Defaults,Defaults,1.0,0.0
Baseline,DecisionTree,0.95,Tuning,Tuning,0.0,1.0
Baseline,DecisionTree,0.95,Tuning,Tuning,0.0,1.0
Baseline,DecisionTree,0.95,Tuning,Tuning,0.0,1.0
Baseline,DecisionTree,0.95,Defaults,Tuning,0.0,1.0
Baseline,DecisionTree,0.95,Tuning,Defaults,1.0,0.0
Baseline,DecisionTree,0.95,Tuning,Tuning,0.0,1.0
Baseline,DecisionTree,0.95,Tuning,Defaults,1.0,0.0
Baseline,DecisionTree,0.95,Tuning,Tuning,0.0,1.0
Baseline,DecisionTree,0.95,Tuning,Defaults,1.0,0.0
Baseline,DecisionTree,0.95,Tuning,Tuning,0.0,1.0
Baseline,DecisionTree,0.95,Tuning,Tuning,0.0,1.0
Baseline,DecisionTree,0.95,Defaults,Defaults,1.0,0.0
Baseline,DecisionTree,0.95,Tuning,Tuning,0.0,1.0
Baseline,DecisionTree,0.95,Tuning,Tuning,0.0,1.0
Baseline,DecisionTree,0.95,Tuning,Tuning,0.0,1.0
Baseline,DecisionTree,0.95,Tuning,Tuning,0.0,1.0
Baseline,DecisionTree,0.95,Tuning,Tuning,0.0,1.0
Baseline,DecisionTree,0.95,Tuning,Tuning,0.0,1.0
Baseline,DecisionTree,0.95,Tuning,Tuning,0.0,1.0
Baseline,DecisionTree,0.95,Tuning,Tuning,0.0,1.0
Baseline,DecisionTree,0.95,Defaults,Tuning,0.0,1.0
Baseline,DecisionTree,0.95,Tuning,Defaults,1.0,0.0
Baseline,DecisionTree,0.95,Defaults,Defaults,1.0,0.0
Baseline,DecisionTree,0.95,Tuning,Tuning,0.0,1.0
Baseline,DecisionTree,0.95,Tuning,Tuning,0.0,1.0
Baseline,DecisionTree,0.95,Tuning,Defaults,1.0,0.0
Baseline,DecisionTree,0.95,Tuning,Tuning,0.0,1.0
Baseline,DecisionTree,0.95,Defaults,Tuning,0.0,1.0
Baseline,DecisionTree,0.95,Defaults,Defaults,1.0,0.0
Baseline,DecisionTree,0.95,Tuning,Tuning,0.0,1.0
Baseline,DecisionTree,0.95,Tuning,Tuning,0.0,1.0
Baseline,DecisionTree,0.95,Tuning,Tuning,0.0,1.0
Baseline,DecisionTree,0.95,Tuning,Tuning,0.0,1.0
Baseline,DecisionTree,0.95,Tuning,Tuning,0.0,1.0
Baseline,DecisionTree,0.95,Tuning,Tuning,0.0,1.0
Baseline,DecisionTree,0.95,Tuning,Tuning,0.0,1.0
Baseline,DecisionTree,0.95,Tuning,Tuning,0.0,1.0
Baseline,DecisionTree,0.95,Defaults,Tuning,0.0,1.0
Baseline,DecisionTree,0.95,Tuning,Defaults,1.0,0.0
Baseline,DecisionTree,0.95,Tuning,Defaults,1.0,0.0
Baseline,DecisionTree,0.95,Tuning,Tuning,0.0,1.0
Baseline,DecisionTree,0.95,Tuning,Tuning,0.0,1.0
Baseline,DecisionTree,0.95,Defaults,Tuning,0.0,1.0
Baseline,DecisionTree,0.95,Tuning,Defaults,1.0,0.0
Baseline,DecisionTree,0.95,Tuning,Tuning,0.0,1.0
Baseline,DecisionTree,0.95,Tuning,Tuning,0.0,1.0
Baseline,DecisionTree,0.95,Defaults,Tuning,0.0,1.0
Baseline,DecisionTree,0.95,Tuning,Defaults,1.0,0.0
Baseline,DecisionTree,0.95,Tuning,Tuning,0.0,1.0
Baseline,DecisionTree,0.95,Tuning,Tuning,0.0,1.0
Baseline,DecisionTree,0.95,Defaults,Tuning,0.0,1.0
Baseline,DecisionTree,0.95,Defaults,Tuning,0.0,1.0
Baseline,DecisionTree,0.95,Tuning,Defaults,1.0,0.0
Baseline,DecisionTree,0.95,Tuning,Tuning,0.0,1.0
Baseline,DecisionTree,0.95,Tuning,Defaults,1.0,0.0
Baseline,DecisionTree,0.95,Defaults,Tuning,0.0,1.0
Baseline,DecisionTree,0.95,Defaults,Defaults,1.0,0.0
Baseline,DecisionTree,0.95,Defaults,Tuning,0.0,1.0
Baseline,DecisionTree,0.95,Tuning,Defaults,1.0,0.0
Baseline,DecisionTree,0.95,Defaults,Tuning,0.0,1.0
Baseline,DecisionTree,0.95,Tuning,Defaults,1.0,0.0
Baseline,DecisionTree,0.95,Tuning,Tuning,0.0,1.0
Baseline,DecisionTree,0.95,Defaults,Tuning,0.0,1.0
Baseline,DecisionTree,0.95,Defaults,Defaults,1.0,0.0
Baseline,DecisionTree,0.95,Tuning,Tuning,0.0,1.0
Baseline,DecisionTree,0.95,Tuning,Tuning,0.0,1.0
Baseline,DecisionTree,0.95,Defaults,Defaults,1.0,0.0
Baseline,DecisionTree,0.95,Tuning,Tuning,0.0,1.0
Baseline,DecisionTree,0.95,Tuning,Tuning,0.0,1.0
Baseline,DecisionTree,0.95,Tuning,Defaults,1.0,0.0
Baseline,DecisionTree,0.95,Tuning,Tuning,0.0,1.0
Baseline,NaiveBayes,0.8,Tuning,Tuning,9.925505336900756e-10,0.99999999900745
Baseline,NaiveBayes,0.8,Tuning,Defaults,0.8408081044161095,0.15919189558388971
Baseline,NaiveBayes,0.8,Defaults,Defaults,0.99999985622993,1.4377007276021077e-07
Baseline,NaiveBayes,0.8,Tuning,Defaults,0.997885895207131,0.002114104792871428
Baseline,NaiveBayes,0.8,Tuning,Tuning,0.0042243027772619285,0.9957756972227368
Baseline,NaiveBayes,0.8,Tuning,Defaults,0.99999998313168,1.68683190516919e-08
Baseline,NaiveBayes,0.8,Tuning,Tuning,2.2023984400133403e-17,1.0
Baseline,NaiveBayes,0.8,Defaults,Defaults,0.9979317259098427,0.002068274090158447
Baseline,NaiveBayes,0.8,Defaults,Defaults,0.9953391932838829,0.004660806716114867
Baseline,NaiveBayes,0.8,Tuning,Defaults,0.9999840046858782,1.5995314120477512e-05
Baseline,NaiveBayes,0.8,Tuning,Defaults,0.9999985398654803,1.4601345198954826e-06
Baseline,NaiveBayes,0.8,Defaults,Tuning,0.00023200288649612657,0.9997679971135047
Baseline,NaiveBayes,0.8,Tuning,Defaults,0.9999873119934537,1.2688006542959037e-05
Baseline,NaiveBayes,0.8,Tuning,Defaults,0.9711540291256612,0.028845970874341206
Baseline,NaiveBayes,0.8,Tuning,Tuning,0.0,1.0
Baseline,NaiveBayes,0.8,Tuning,Defaults,0.999999754296363,2.4570363909666155e-07
Baseline,NaiveBayes,0.8,Defaults,Defaults,0.9999996460461262,3.5395387580883927e-07
Baseline,NaiveBayes,0.8,Tuning,Defaults,0.9999977011950766,2.298804922286526e-06
Baseline,NaiveBayes,0.8,Defaults,Defaults,0.9999999367653436,6.323465651516945e-08
Baseline,NaiveBayes,0.8,Tuning,Defaults,0.9999999971661637,2.833834081598996e-09
Baseline,NaiveBayes,0.8,Tuning,Defaults,0.9999900852408776,9.914759121954953e-06
Baseline,NaiveBayes,0.8,Defaults,Defaults,0.9999994383355869,5.616644111961956e-07
Baseline,NaiveBayes,0.8,Tuning,Defaults,0.9950175625560915,0.004982437443905032
Baseline,NaiveBayes,0.8,Tuning,Defaults,0.999999999265075,7.349252316477737e-10
Baseline,NaiveBayes,0.8,Tuning,Defaults,0.9999998969746482,1.0302535148223638e-07
Baseline,NaiveBayes,0.8,Tuning,Defaults,0.9999973368799792,2.663120020373679e-06
Baseline,NaiveBayes,0.8,Tuning,Defaults,0.9187054087446933,0.08129459125530332
Baseline,NaiveBayes,0.8,Tuning,Defaults,0.9999990042320646,9.957679373730199e-07
Baseline,NaiveBayes,0.8,Tuning,Defaults,0.999999327201407,6.727985936904265e-07
Baseline,NaiveBayes,0.8,Tuning,Defaults,0.9999609411464614,3.9058853537220324e-05
Baseline,NaiveBayes,0.8,Tuning,Defaults,0.8252469790055164,0.17475302099448206
Baseline,NaiveBayes,0.8,Tuning,Defaults,0.920038419699728,0.07996158030027535
Baseline,NaiveBayes,0.8,Defaults,Defaults,0.9999999998827604,1.1724268234937711e-10
Baseline,NaiveBayes,0.8,Defaults,Defaults,0.9999994882537168,5.117462834458471e-07
Baseline,NaiveBayes,0.8,Tuning,Defaults,0.9995731321788586,0.0004268678211401233
Baseline,NaiveBayes,0.8,Tuning,Defaults,0.9996778614637305,0.00032213853627430884
Baseline,NaiveBayes,0.8,Tuning,Defaults,0.9998593829177065,0.0001406170822902089
Baseline,NaiveBayes,0.8,Defaults,Defaults,0.9999999995444142,4.555882723540943e-10
Baseline,NaiveBayes,0.8,Tuning,Defaults,0.9999996242929039,3.7570709262824027e-07
Baseline,NaiveBayes,0.8,Defaults,Defaults,0.9999999879394609,1.2060536779203663e-08
Baseline,NaiveBayes,0.8,Tuning,Defaults,0.9997739627523549,0.0002260372476452171
Baseline,NaiveBayes,0.8,Tuning,Tuning,0.0,1.0
Baseline,NaiveBayes,0.8,Tuning,Defaults,0.999999999995353,4.64948226275445e-12
Baseline,NaiveBayes,0.8,Tuning,Defaults,0.9999654625692797,3.453743072278668e-05
Baseline,NaiveBayes,0.8,Tuning,Tuning,7.197905820324075e-08,0.9999999280209434
Baseline,NaiveBayes,0.8,Tuning,Defaults,0.9999938381790641,6.161820935014411e-06
Baseline,NaiveBayes,0.8,Tuning,Tuning,8.615323617137392e-75,1.0
Baseline,NaiveBayes,0.8,Tuning,Defaults,0.623768284486155,0.37623171551384654
Baseline,NaiveBayes,0.8,Tuning,Defaults,0.9999999968193052,3.1806946922525606e-09
Baseline,NaiveBayes,0.8,Tuning,Tuning,0.19629117206021035,0.8037088279397906
Baseline,NaiveBayes,0.8,Defaults,Defaults,0.9728443107836177,0.027155689216381482
Baseline,NaiveBayes,0.8,Tuning,Tuning,0.0,1.0
Baseline,NaiveBayes,0.8,Tuning,Tuning,0.0,1.0
Baseline,NaiveBayes,0.8,Defaults,Defaults,0.9999941962690234,5.803730976042424e-06
Baseline,NaiveBayes,0.8,Tuning,Defaults,0.9999999999978613,2.1414832831136314e-12
Baseline,NaiveBayes,0.8,Tuning,Defaults,0.9999999994561648,5.438362002349678e-10
Baseline,NaiveBayes,0.8,Tuning,Defaults,0.9999999997154418,2.845573632970739e-10
Baseline,NaiveBayes,0.8,Tuning,Defaults,0.9999999992586339,7.413648415909105e-10
Baseline,NaiveBayes,0.8,Tuning,Defaults,0.7923993730849892,0.20760062691501016
Baseline,NaiveBayes,0.8,Tuning,Defaults,0.9770353756852271,0.02296462431477428
Baseline,NaiveBayes,0.8,Tuning,Tuning,0.0,1.0
Baseline,NaiveBayes,0.8,Tuning,Defaults,0.9999999998829736,1.1702831002932317e-10
Baseline,NaiveBayes,0.8,Tuning,Defaults,0.9999999889932881,1.1006711794115488e-08
Baseline,NaiveBayes,0.8,Defaults,Defaults,0.9999999996556284,3.4437292738195143e-10
Baseline,NaiveBayes,0.8,Tuning,Defaults,0.9999999969816002,3.0183979941033276e-09
Baseline,NaiveBayes,0.8,Defaults,Defaults,0.9999998617569001,1.3824309866571981e-07
Baseline,NaiveBayes,0.8,Tuning,Tuning,0.012410905376891795,0.9875890946231062
Baseline,NaiveBayes,0.8,Tuning,Defaults,0.7208791184805663,0.27912088151943404
Baseline,NaiveBayes,0.8,Tuning,Defaults,0.9999999956022805,4.397719881746455e-09
Baseline,NaiveBayes,0.8,Tuning,Tuning,4.7444963631909336e-23,1.0
Baseline,NaiveBayes,0.8,Tuning,Defaults,0.9998253176432692,0.00017468235673295926
Baseline,NaiveBayes,0.8,Defaults,Tuning,4.180712983276999e-21,1.0
Baseline,NaiveBayes,0.8,Tuning,Tuning,0.2168125707680321,0.7831874292319668
Baseline,NaiveBayes,0.8,Defaults,Defaults,0.9999999991928448,8.07153805011546e-10
Baseline,NaiveBayes,0.8,Defaults,Defaults,0.9999999986637107,1.3362832368275465e-09
Baseline,NaiveBayes,0.8,Defaults,Defaults,0.9999999996053717,3.946293218056642e-10
Baseline,NaiveBayes,0.8,Defaults,Defaults,0.9999999986315657,1.3684356678290422e-09
Baseline,NaiveBayes,0.8,Tuning,Tuning,0.0,1.0
Baseline,NaiveBayes,0.8,Tuning,Tuning,0.0,1.0
Baseline,NaiveBayes,0.8,Tuning,Tuning,5.1256776512699576e-17,1.0
Baseline,NaiveBayes,0.8,Defaults,Defaults,0.890849592021694,0.10915040797830472
Baseline,NaiveBayes,0.8,Defaults,Defaults,0.98735276632003,0.01264723367996935
Baseline,NaiveBayes,0.8,Defaults,Defaults,0.9999803192838878,1.9680716109453008e-05
Baseline,NaiveBayes,0.8,Defaults,Defaults,0.9999984066976327,1.5933023660397927e-06
Baseline,NaiveBayes,0.8,Tuning,Defaults,0.9999981341627658,1.8658372327228585e-06
Baseline,NaiveBayes,0.8,Tuning,Defaults,0.9775964282132354,0.022403571786763152
Baseline,NaiveBayes,0.8,Defaults,Defaults,0.9999999998982148,1.0178569441295368e-10
Baseline,NaiveBayes,0.8,Tuning,Defaults,0.999999091852253,9.081477489093202e-07
Baseline,NaiveBayes,0.8,Defaults,Defaults,0.9999999542496393,4.575036124186601e-08
Baseline,NaiveBayes,0.8,Tuning,Tuning,2.0061620574435145e-10,0.9999999997993854
Baseline,NaiveBayes,0.8,Tuning,Defaults,0.916222948669306,0.08377705133069425
Baseline,NaiveBayes,0.8,Defaults,Defaults,0.9999835174499097,1.648255008868217e-05
Baseline,NaiveBayes,0.8,Tuning,Defaults,0.9999999837375385,1.626245992424234e-08
Baseline,NaiveBayes,0.8,Defaults,Tuning,0.0,1.0
Baseline,NaiveBayes,0.8,Tuning,Defaults,0.9927823064567056,0.007217693543292317
Baseline,NaiveBayes,0.8,Tuning,Defaults,0.9976283915005622,0.002371608499435459
Baseline,NaiveBayes,0.8,Tuning,Defaults,0.9999997800927318,2.1990726953334672e-07
Baseline,NaiveBayes,0.8,Defaults,Defaults,0.9999999872296713,1.2770326937829055e-08
Baseline,NaiveBayes,0.8,Tuning,Defaults,0.9999997595673311,2.404326700124584e-07
Baseline,NaiveBayes,0.8,Tuning,Defaults,0.999846182759137,0.0001538172408626706
Baseline,NaiveBayes,0.8,Tuning,Defaults,0.9999900188889964,9.981111000893229e-06
Baseline,NaiveBayes,0.8,Defaults,Defaults,0.9643287353680507,0.03567126463194574
Baseline,NaiveBayes,0.8,Tuning,Defaults,0.9999999988082919,1.1917090189175872e-09
Baseline,NaiveBayes,0.8,Tuning,Defaults,0.9999999993583124,6.416885108075367e-10
Baseline,NaiveBayes,0.8,Tuning,Tuning,2.0140829515237723e-91,1.0
Baseline,NaiveBayes,0.8,Tuning,Tuning,0.4008627470852187,0.5991372529147799
Baseline,NaiveBayes,0.8,Tuning,Defaults,0.9999999999243308,7.566801474298897e-11
Baseline,NaiveBayes,0.8,Tuning,Defaults,0.9977174120692202,0.0022825879307784036
Baseline,NaiveBayes,0.8,Tuning,Tuning,1.3268996415426273e-08,0.9999999867309982
Baseline,NaiveBayes,0.8,Defaults,Defaults,0.9999999971004954,2.8995020286266357e-09
Baseline,NaiveBayes,0.8,Tuning,Tuning,0.29274541980846797,0.7072545801915339
Baseline,NaiveBayes,0.8,Tuning,Defaults,0.9993186824594413,0.0006813175405575997
Baseline,NaiveBayes,0.8,Tuning,Defaults,0.9999984590949188,1.5409050831702264e-06
Baseline,NaiveBayes,0.8,Tuning,Defaults,0.9997573034246039,0.00024269657539488905
Baseline,NaiveBayes,0.8,Tuning,Tuning,6.727144856944033e-39,1.0
Baseline,NaiveBayes,0.8,Tuning,Defaults,0.9999999803520156,1.964798136746789e-08
Baseline,NaiveBayes,0.8,Tuning,Defaults,0.9999999619137022,3.808629627367957e-08
Baseline,NaiveBayes,0.8,Tuning,Defaults,0.9320483574180022,0.06795164258200112
Baseline,NaiveBayes,0.8,Defaults,Defaults,0.9999999999193463,8.065071910217076e-11
Baseline,NaiveBayes,0.8,Tuning,Tuning,3.511764115831034e-45,1.0
Baseline,NaiveBayes,0.8,Defaults,Defaults,0.9999999999967315,3.2698738032247485e-12
Baseline,NaiveBayes,0.8,Tuning,Defaults,0.9999999999526779,4.732376293196994e-11
Baseline,NaiveBayes,0.8,Tuning,Defaults,0.9999999991325268,8.67472784007614e-10
Baseline,NaiveBayes,0.8,Tuning,Tuning,1.8888706234940945e-48,1.0
Baseline,NaiveBayes,0.8,Tuning,Defaults,0.9999768141099338,2.3185890065073208e-05
Baseline,NaiveBayes,0.8,Defaults,Defaults,0.9901787558021858,0.009821244197816409
Baseline,NaiveBayes,0.8,Defaults,Defaults,0.9999996330974772,3.669025221034784e-07
Baseline,NaiveBayes,0.8,Tuning,Defaults,0.9999977534806216,2.2465193793728513e-06
Baseline,NaiveBayes,0.8,Tuning,Defaults,1.0,1.5174994609862935e-15
Baseline,NaiveBayes,0.8,Tuning,Defaults,0.9999982897150576,1.7102849437301497e-06
Baseline,NaiveBayes,0.8,Tuning,Defaults,0.9999982897150576,1.7102849437301497e-06
Baseline,NaiveBayes,0.8,Tuning,Tuning,1.565452644502354e-06,0.9999984345473681
Baseline,NaiveBayes,0.8,Tuning,Tuning,0.023381261089233142,0.976618738910771
Baseline,NaiveBayes,0.8,Tuning,Defaults,0.9999999978410301,2.1589684419122705e-09
Baseline,NaiveBayes,0.8,Tuning,Defaults,0.9980988815200514,0.001901118479950249
Baseline,NaiveBayes,0.8,Defaults,Defaults,0.9999999998980584,1.0194006084249783e-10
Baseline,NaiveBayes,0.8,Tuning,Defaults,0.9999999993871569,6.128455189419494e-10
Baseline,NaiveBayes,0.8,Tuning,Defaults,0.9999999998337614,1.6623834487790422e-10
Baseline,NaiveBayes,0.8,Tuning,Tuning,4.737229470515835e-19,1.0
Baseline,NaiveBayes,0.8,Tuning,Defaults,0.9988695124253999,0.0011304875745969931
Baseline,NaiveBayes,0.8,Defaults,Defaults,0.9999999998336833,1.6631536086433132e-10
Baseline,NaiveBayes,0.8,Tuning,Defaults,0.9999999292142218,7.07857801163695e-08
Baseline,NaiveBayes,0.8,Tuning,Defaults,0.9999999999996803,3.181224764529534e-13
Baseline,NaiveBayes,0.8,Tuning,Defaults,0.9999999991785202,8.214803560302761e-10
Baseline,NaiveBayes,0.8,Defaults,Defaults,0.999999992874109,7.125891111570744e-09
Baseline,NaiveBayes,0.8,Tuning,Defaults,0.9494673949938609,0.050532605006133886
Baseline,NaiveBayes,0.8,Tuning,Defaults,0.9999999944566369,5.543359644170248e-09
Baseline,NaiveBayes,0.8,Tuning,Defaults,0.9999999983587884,1.6412143680493321e-09
Baseline,NaiveBayes,0.8,Defaults,Defaults,0.999999995460918,4.539083537232465e-09
Baseline,NaiveBayes,0.8,Defaults,Defaults,0.9481532028030775,0.05184679719692441
Baseline,NaiveBayes,0.8,Tuning,Tuning,1.119090397103908e-16,1.0
Baseline,NaiveBayes,0.8,Tuning,Defaults,0.9757966748243291,0.024203325175667974
Baseline,NaiveBayes,0.8,Tuning,Tuning,0.0,1.0
Baseline,NaiveBayes,0.8,Defaults,Defaults,0.9999999993822897,6.177090811562888e-10
Baseline,NaiveBayes,0.8,Defaults,Defaults,0.9999999848056477,1.5194355366901186e-08
Baseline,NaiveBayes,0.8,Defaults,Defaults,0.9999999999844249,1.5576761245694666e-11
Baseline,NaiveBayes,0.8,Tuning,Defaults,0.9999998997284131,1.0027159329567178e-07
Baseline,NaiveBayes,0.8,Defaults,Defaults,0.999999999890214,1.0978515989970452e-10
Baseline,NaiveBayes,0.8,Tuning,Defaults,0.999999999982137,1.7864124020446983e-11
Baseline,NaiveBayes,0.8,Tuning,Defaults,0.9999348552974618,6.514470253749893e-05
Baseline,NaiveBayes,0.8,Defaults,Defaults,0.9999999994817053,5.182937575447925e-10
Baseline,NaiveBayes,0.8,Defaults,Defaults,0.9999999951429004,4.85709788774339e-09
Baseline,NaiveBayes,0.8,Tuning,Defaults,0.9999999998483773,1.5162278591968033e-10
Baseline,NaiveBayes,0.8,Tuning,Defaults,0.9999999821328346,1.786716779149077e-08
Baseline,NaiveBayes,0.8,Defaults,Defaults,0.9999858854600278,1.411453997567631e-05
Baseline,NaiveBayes,0.8,Tuning,Tuning,7.949040380195244e-143,1.0
Baseline,NaiveBayes,0.8,Tuning,Tuning,0.2091798453282815,0.7908201546717155
Baseline,NaiveBayes,0.8,Tuning,Tuning,0.0,1.0
Baseline,NaiveBayes,0.8,Tuning,Defaults,1.0,5.941500433337314e-54
Baseline,NaiveBayes,0.85,Tuning,Tuning,2.9523021419337816e-15,1.0
Baseline,NaiveBayes,0.85,Tuning,Tuning,2.4142399169248324e-57,1.0
Baseline,NaiveBayes,0.85,Defaults,Defaults,0.9999998951723497,1.0482764686086323e-07
Baseline,NaiveBayes,0.85,Tuning,Tuning,0.0062308857903354605,0.9937691142096625
Baseline,NaiveBayes,0.85,Tuning,Tuning,7.886886520163154e-39,1.0
Baseline,NaiveBayes,0.85,Tuning,Defaults,0.9999999975979534,2.4020486790220243e-09
Baseline,NaiveBayes,0.85,Tuning,Tuning,0.0,1.0
Baseline,NaiveBayes,0.85,Defaults,Defaults,0.9996357792096089,0.00036422079038774197
Baseline,NaiveBayes,0.85,Defaults,Defaults,0.9382896427492533,0.06171035725074498
Baseline,NaiveBayes,0.85,Tuning,Defaults,0.9999981436516769,1.856348323733865e-06
Baseline,NaiveBayes,0.85,Tuning,Defaults,0.999999778340278,2.2165971991871105e-07
Baseline,NaiveBayes,0.85,Defaults,Tuning,0.0030431722305115363,0.9969568277694894
Baseline,NaiveBayes,0.85,Tuning,Defaults,0.9998847711105628,0.00011522888943729281
Baseline,NaiveBayes,0.85,Tuning,Tuning,3.993787668347634e-08,0.9999999600621202
Baseline,NaiveBayes,0.85,Tuning,Tuning,0.0,1.0
Baseline,NaiveBayes,0.85,Tuning,Defaults,0.9999999704726581,2.952734038923271e-08
Baseline,NaiveBayes,0.85,Defaults,Defaults,0.999996689455253,3.31054474353964e-06
Baseline,NaiveBayes,0.85,Tuning,Defaults,0.9999997048605858,2.9513941073300104e-07
Baseline,NaiveBayes,0.85,Defaults,Defaults,0.9999999915625182,8.437481940801312e-09
Baseline,NaiveBayes,0.85,Tuning,Defaults,0.9999999996942179,3.0578235459949724e-10
Baseline,NaiveBayes,0.85,Tuning,Defaults,0.9999987096585425,1.2903414587334041e-06
Baseline,NaiveBayes,0.85,Defaults,Defaults,0.9999999795617003,2.0438301201008225e-08
Baseline,NaiveBayes,0.85,Tuning,Defaults,0.999711856871517,0.0002881431284833168
Baseline,NaiveBayes,0.85,Tuning,Defaults,0.9999999999569269,4.3075134872527724e-11
Baseline,NaiveBayes,0.85,Tuning,Defaults,0.9999999890216459,1.09783511326093e-08
Baseline,NaiveBayes,0.85,Tuning,Defaults,0.999998847561567,1.152438430652818e-06
Baseline,NaiveBayes,0.85,Tuning,Tuning,3.9085490175534194e-20,1.0
Baseline,NaiveBayes,0.85,Tuning,Defaults,0.9999995111189279,4.888810730836219e-07
Baseline,NaiveBayes,0.85,Tuning,Defaults,0.9999998371251156,1.6287488142014637e-07
Baseline,NaiveBayes,0.85,Tuning,Defaults,0.9989286616007771,0.0010713383992244775
Baseline,NaiveBayes,0.85,Tuning,Tuning,7.740300903492755e-13,0.9999999999992255
Baseline,NaiveBayes,0.85,Tuning,Tuning,3.1670587977930687e-17,1.0
Baseline,NaiveBayes,0.85,Defaults,Defaults,0.9999999999847233,1.527663958354148e-11
Baseline,NaiveBayes,0.85,Defaults,Defaults,0.9999999535436654,4.64563341278973e-08
Baseline,NaiveBayes,0.85,Tuning,Defaults,0.9997622290026769,0.00023777099732425475
Baseline,NaiveBayes,0.85,Tuning,Defaults,0.9999945165592113,5.483440782200363e-06
Baseline,NaiveBayes,0.85,Tuning,Defaults,0.9999744206756858,2.5579324314911505e-05
Baseline,NaiveBayes,0.85,Defaults,Defaults,0.9999999999867981,1.320103634926584e-11
Baseline,NaiveBayes,0.85,Tuning,Defaults,0.9999999547978727,4.5202123992889856e-08
Baseline,NaiveBayes,0.85,Defaults,Defaults,0.9999999972686382,2.7313626024379754e-09
Baseline,NaiveBayes,0.85,Tuning,Defaults,0.9984942879788434,0.0015057120211552967
Baseline,NaiveBayes,0.85,Tuning,Tuning,0.0,1.0
Baseline,NaiveBayes,0.85,Tuning,Defaults,0.9999999999995026,4.960744475179459e-13
Baseline,NaiveBayes,0.85,Tuning,Defaults,0.6803261462717591,0.31967385372824064
Baseline,NaiveBayes,0.85,Tuning,Tuning,7.915141260379578e-06,0.9999920848587365
Baseline,NaiveBayes,0.85,Tuning,Defaults,0.9999856650084264,1.433499157250557e-05
Baseline,NaiveBayes,0.85,Tuning,Tuning,5.262691879220376e-74,1.0
Baseline,NaiveBayes,0.85,Tuning,Defaults,0.684993875577883,0.3150061244221112
Baseline,NaiveBayes,0.85,Tuning,Defaults,0.9999999997881837,2.1181551704849312e-10
Baseline,NaiveBayes,0.85,Tuning,Defaults,0.6913825830201308,0.30861741697987
Baseline,NaiveBayes,0.85,Defaults,Defaults,0.9954994167200709,0.00450058327992665
Baseline,NaiveBayes,0.85,Tuning,Tuning,0.0,1.0
Baseline,NaiveBayes,0.85,Tuning,Tuning,0.0,1.0
Baseline,NaiveBayes,0.85,Defaults,Defaults,0.995368991159862,0.004631008840136513
Baseline,NaiveBayes,0.85,Tuning,Defaults,0.999999999999801,1.9751031627363515e-13
Baseline,NaiveBayes,0.85,Tuning,Defaults,0.9999999993999751,6.000268617555693e-10
Baseline,NaiveBayes,0.85,Tuning,Defaults,0.9999999999627249,3.727438613281999e-11
Baseline,NaiveBayes,0.85,Tuning,Defaults,0.9999999999652864,3.4713943167762946e-11
Baseline,NaiveBayes,0.85,Tuning,Defaults,0.6932509542290977,0.3067490457709003
Baseline,NaiveBayes,0.85,Tuning,Tuning,0.024296674844640934,0.9757033251553563
Baseline,NaiveBayes,0.85,Tuning,Tuning,0.0,1.0
Baseline,NaiveBayes,0.85,Tuning,Defaults,0.9999999999865707,1.3431296721306135e-11
Baseline,NaiveBayes,0.85,Tuning,Defaults,0.9999999989657127,1.0342855354498328e-09
Baseline,NaiveBayes,0.85,Defaults,Defaults,0.9999999999611902,3.8811246553481484e-11
Baseline,NaiveBayes,0.85,Tuning,Defaults,0.9999999985637871,1.436214237296321e-09
Baseline,NaiveBayes,0.85,Defaults,Defaults,0.9999999723886933,2.7611303471127665e-08
Baseline,NaiveBayes,0.85,Tuning,Tuning,0.08991765326884832,0.9100823467311495
Baseline,NaiveBayes,0.85,Tuning,Defaults,0.9070193921418584,0.0929806078581429
Baseline,NaiveBayes,0.85,Tuning,Defaults,0.9999999997836753,2.1632351381537616e-10
Baseline,NaiveBayes,0.85,Tuning,Tuning,1.729455886975641e-22,1.0
Baseline,NaiveBayes,0.85,Tuning,Defaults,0.9999790964985245,2.0903501478208605e-05
Baseline,NaiveBayes,0.85,Defaults,Tuning,1.3027770327277068e-20,1.0
Baseline,NaiveBayes,0.85,Tuning,Defaults,0.6631711789528706,0.33682882104713235
Baseline,NaiveBayes,0.85,Defaults,Defaults,0.9999999998903064,1.0968722551471489e-10
Baseline,NaiveBayes,0.85,Defaults,Defaults,0.9999999998179874,1.8201892769016036e-10
Baseline,NaiveBayes,0.85,Defaults,Defaults,0.9999999999508589,4.913765921188179e-11
Baseline,NaiveBayes,0.85,Defaults,Defaults,0.9999999998140368,1.859664480563877e-10
Baseline,NaiveBayes,0.85,Tuning,Tuning,0.0,1.0
Baseline,NaiveBayes,0.85,Tuning,Tuning,0.0,1.0
Baseline,NaiveBayes,0.85,Tuning,Tuning,1.7284610460417708e-16,1.0
Baseline,NaiveBayes,0.85,Defaults,Defaults,0.8814695916382284,0.11853040836177531
Baseline,NaiveBayes,0.85,Defaults,Defaults,0.9794466465197279,0.020553353480267825
Baseline,NaiveBayes,0.85,Defaults,Defaults,0.9999954291425951,4.570857405716844e-06
Baseline,NaiveBayes,0.85,Defaults,Defaults,0.9999998616913384,1.383086619230858e-07
Baseline,NaiveBayes,0.85,Tuning,Defaults,0.9999992343187731,7.656812258448433e-07
Baseline,NaiveBayes,0.85,Tuning,Defaults,0.9857738038244918,0.014226196175504137
Baseline,NaiveBayes,0.85,Defaults,Defaults,0.9999999999865636,1.3438837530244061e-11
Baseline,NaiveBayes,0.85,Tuning,Defaults,0.9999993808252227,6.191747740182307e-07
Baseline,NaiveBayes,0.85,Defaults,Defaults,0.9999999922703395,7.729663564683253e-09
Baseline,NaiveBayes,0.85,Tuning,Tuning,1.3921990618753952e-08,0.9999999860780094
Baseline,NaiveBayes,0.85,Tuning,Defaults,0.9089920789314186,0.09100792106858083
Baseline,NaiveBayes,0.85,Defaults,Defaults,0.9999962903155748,3.709684425640384e-06
Baseline,NaiveBayes,0.85,Tuning,Defaults,0.9999999984192982,1.580702035571055e-09
Baseline,NaiveBayes,0.85,Defaults,Tuning,0.0,1.0
Baseline,NaiveBayes,0.85,Tuning,Defaults,0.9907000418447368,0.009299958155261766
Baseline,NaiveBayes,0.85,Tuning,Defaults,0.9987468253556673,0.0012531746443346045
Baseline,NaiveBayes,0.85,Tuning,Defaults,0.9999999681373458,3.186265191678501e-08
Baseline,NaiveBayes,0.85,Defaults,Defaults,0.9999999988315906,1.1684073404712115e-09
Baseline,NaiveBayes,0.85,Tuning,Defaults,0.9999999303355291,6.966447089415212e-08
Baseline,NaiveBayes,0.85,Tuning,Defaults,0.9995341510565375,0.00046584894346791544
Baseline,NaiveBayes,0.85,Tuning,Defaults,0.99999531633483,4.683665168157152e-06
Baseline,NaiveBayes,0.85,Defaults,Defaults,0.8503781582261816,0.1496218417738182
Baseline,NaiveBayes,0.85,Tuning,Defaults,0.9999999998614442,1.385557963562591e-10
Baseline,NaiveBayes,0.85,Tuning,Defaults,0.9999999999583835,4.1618347191833934e-11
Baseline,NaiveBayes,0.85,Tuning,Tuning,1.9194667147964012e-90,1.0
Baseline,NaiveBayes,0.85,Tuning,Tuning,0.002554667752933997,0.9974453322470681
Baseline,NaiveBayes,0.85,Tuning,Defaults,0.9999999999910187,8.980820640071034e-12
Baseline,NaiveBayes,0.85,Tuning,Defaults,0.9987937706521063,0.0012062293478910073
Baseline,NaiveBayes,0.85,Tuning,Tuning,8.971586786739967e-09,0.9999999910284174
Baseline,NaiveBayes,0.85,Defaults,Defaults,0.999999997950205,2.049798468882486e-09
Baseline,NaiveBayes,0.85,Tuning,Tuning,0.25270173899671994,0.7472982610032785
Baseline,NaiveBayes,0.85,Tuning,Defaults,0.8921021213328907,0.10789787866711037
Baseline,NaiveBayes,0.85,Tuning,Defaults,0.9999523685690007,4.7631430996858725e-05
Baseline,NaiveBayes,0.85,Tuning,Defaults,0.9994624202964659,0.000537579703534587
Baseline,NaiveBayes,0.85,Tuning,Tuning,6.158543361254231e-38,1.0
Baseline,NaiveBayes,0.85,Tuning,Defaults,0.9999999957380084,4.261994356950676e-09
Baseline,NaiveBayes,0.85,Tuning,Defaults,0.9999999956744929,4.325507127795938e-09
Baseline,NaiveBayes,0.85,Tuning,Defaults,0.9033296341559077,0.09667036584409898
Baseline,NaiveBayes,0.85,Defaults,Defaults,0.9999999999900453,9.955651308608308e-12
Baseline,NaiveBayes,0.85,Tuning,Tuning,5.206413239759466e-44,1.0
Baseline,NaiveBayes,0.85,Defaults,Defaults,0.9999999999996945,3.0242586197807937e-13
Baseline,NaiveBayes,0.85,Tuning,Defaults,0.9999999999934559,6.5441826347782006e-12
Baseline,NaiveBayes,0.85,Tuning,Defaults,0.9999999998662474,1.337510125030157e-10
Baseline,NaiveBayes,0.85,Tuning,Tuning,1.9201547236567217e-48,1.0
Baseline,NaiveBayes,0.85,Tuning,Defaults,0.9999588519057326,4.1148094266607906e-05
Baseline,NaiveBayes,0.85,Defaults,Defaults,0.9941667907338959,0.0058332092661021705
Baseline,NaiveBayes,0.85,Defaults,Defaults,0.9999999270697613,7.293023943752588e-08
Baseline,NaiveBayes,0.85,Tuning,Defaults,0.9999040352121338,9.5964787863864e-05
Baseline,NaiveBayes,0.85,Tuning,Defaults,1.0,6.674288409221646e-16
Baseline,NaiveBayes,0.85,Tuning,Defaults,0.9999962908999656,3.7091000318479465e-06
Baseline,NaiveBayes,0.85,Tuning,Defaults,0.9999962908999656,3.7091000318479465e-06
Baseline,NaiveBayes,0.85,Tuning,Tuning,2.7360750914268596e-06,0.9999972639249022
Baseline,NaiveBayes,0.85,Tuning,Tuning,0.006950391116932213,0.9930496088830739
Baseline,NaiveBayes,0.85,Tuning,Defaults,0.9999999998136531,1.8634424204640636e-10
Baseline,NaiveBayes,0.85,Tuning,Defaults,0.999807856980775,0.0001921430192238558
Baseline,NaiveBayes,0.85,Defaults,Defaults,0.9999999999977263,2.2738682315470805e-12
Baseline,NaiveBayes,0.85,Tuning,Defaults,0.999999999969269,3.072847654325492e-11
Baseline,NaiveBayes,0.85,Tuning,Defaults,0.9999999999934559,6.54110914426472e-12
Baseline,NaiveBayes,0.85,Tuning,Tuning,5.624743589037462e-210,1.0
Baseline,NaiveBayes,0.85,Tuning,Defaults,0.9998706496465612,0.00012935035344273897
Baseline,NaiveBayes,0.85,Defaults,Defaults,0.9999999999785985,2.1403779125444065e-11
Baseline,NaiveBayes,0.85,Tuning,Defaults,0.9999999915467939,8.453203868335703e-09
Baseline,NaiveBayes,0.85,Tuning,Defaults,0.9999999999999645,3.661135761955077e-14
Baseline,NaiveBayes,0.85,Tuning,Defaults,0.9999999999044888,9.551061800886574e-11
Baseline,NaiveBayes,0.85,Defaults,Defaults,0.9999999992090949,7.909045100536286e-10
Baseline,NaiveBayes,0.85,Tuning,Defaults,0.9881852543030996,0.0118147456968976
Baseline,NaiveBayes,0.85,Tuning,Defaults,0.9999999995859596,4.140401008597272e-10
Baseline,NaiveBayes,0.85,Tuning,Defaults,0.9999999998246452,1.753552866682125e-10
Baseline,NaiveBayes,0.85,Defaults,Defaults,0.9999999995059099,4.940902529351711e-10
Baseline,NaiveBayes,0.85,Defaults,Defaults,0.9925367859219473,0.0074632140780519305
Baseline,NaiveBayes,0.85,Tuning,Tuning,3.577311114003373e-16,1.0
Baseline,NaiveBayes,0.85,Tuning,Defaults,0.995577360475402,0.004422639524597114
Baseline,NaiveBayes,0.85,Tuning,Tuning,0.0,1.0
Baseline,NaiveBayes,0.85,Defaults,Defaults,0.9999999999669491,3.305206176135623e-11
Baseline,NaiveBayes,0.85,Defaults,Defaults,0.9999999989591686,1.040830239594395e-09
Baseline,NaiveBayes,0.85,Defaults,Defaults,0.999999999998554,1.4473307422177962e-12
Baseline,NaiveBayes,0.85,Tuning,Defaults,0.9999999934311319,6.568870720780436e-09
Baseline,NaiveBayes,0.85,Defaults,Defaults,0.999999999987562,1.2437163720203149e-11
Baseline,NaiveBayes,0.85,Tuning,Defaults,0.9999999999982094,1.791213439012195e-12
Baseline,NaiveBayes,0.85,Tuning,Defaults,0.9999847871241323,1.521287586521473e-05
Baseline,NaiveBayes,0.85,Defaults,Defaults,0.9999999999530154,4.698592345251436e-11
Baseline,NaiveBayes,0.85,Defaults,Defaults,0.9999999991729425,8.270542871889168e-10
Baseline,NaiveBayes,0.85,Tuning,Defaults,0.9999999999799734,2.0028357906958628e-11
Baseline,NaiveBayes,0.85,Tuning,Defaults,0.9999999984240162,1.575986520072436e-09
Baseline,NaiveBayes,0.85,Defaults,Defaults,0.9999991923694289,8.076305722833476e-07
Baseline,NaiveBayes,0.85,Tuning,Tuning,8.541744689282949e-142,1.0
Baseline,NaiveBayes,0.85,Tuning,Defaults,0.7749062118035427,0.22509378819645767
Baseline,NaiveBayes,0.85,Tuning,Tuning,0.0,1.0
Baseline,NaiveBayes,0.85,Tuning,Defaults,1.0,2.6900796076722627e-54
Baseline,NaiveBayes,0.9,Tuning,Tuning,4.042651915655472e-297,1.0
Baseline,NaiveBayes,0.9,Tuning,Tuning,1.3689246042184069e-99,1.0
Baseline,NaiveBayes,0.9,Defaults,Defaults,0.9999999869424557,1.3057547744735617e-08
Baseline,NaiveBayes,0.9,Tuning,Tuning,1.0243136165162851e-05,0.9999897568638351
Baseline,NaiveBayes,0.9,Tuning,Tuning,4.0528720106480986e-65,1.0
Baseline,NaiveBayes,0.9,Tuning,Defaults,0.9999999999484714,5.152673296974963e-11
Baseline,NaiveBayes,0.9,Tuning,Tuning,0.0,1.0
Baseline,NaiveBayes,0.9,Defaults,Defaults,0.9999107455373281,8.925446267470956e-05
Baseline,NaiveBayes,0.9,Defaults,Defaults,0.8823866145127829,0.11761338548721921
Baseline,NaiveBayes,0.9,Tuning,Defaults,0.9999993348850831,6.651149226210956e-07
Baseline,NaiveBayes,0.9,Tuning,Defaults,0.9999996672411683,3.327588309129583e-07
Baseline,NaiveBayes,0.9,Defaults,Tuning,0.13552923076201429,0.864470769237984
Baseline,NaiveBayes,0.9,Tuning,Defaults,0.9987860109133111,0.0012139890866879137
Baseline,NaiveBayes,0.9,Tuning,Tuning,1.3024506997978528e-15,1.0
Baseline,NaiveBayes,0.9,Tuning,Tuning,0.0,1.0
Baseline,NaiveBayes,0.9,Tuning,Defaults,0.9999999335282603,6.647174090529036e-08
Baseline,NaiveBayes,0.9,Defaults,Defaults,0.9999990165078576,9.834921393839416e-07
Baseline,NaiveBayes,0.9,Tuning,Defaults,0.999999534484326,4.655156714034229e-07
Baseline,NaiveBayes,0.9,Defaults,Defaults,0.9999999996047393,3.952590404705077e-10
Baseline,NaiveBayes,0.9,Tuning,Defaults,0.9999999999120561,8.794249912529677e-11
Baseline,NaiveBayes,0.9,Tuning,Defaults,0.999999959230906,4.0769096144027196e-08
Baseline,NaiveBayes,0.9,Defaults,Defaults,0.9999999947076503,5.292348213876294e-09
Baseline,NaiveBayes,0.9,Tuning,Defaults,0.9999042824958221,9.571750417742364e-05
Baseline,NaiveBayes,0.9,Tuning,Defaults,0.9999999999936975,6.299155460466309e-12
Baseline,NaiveBayes,0.9,Tuning,Defaults,0.9999999900120926,9.987907285529976e-09
Baseline,NaiveBayes,0.9,Tuning,Defaults,0.999996635083802,3.3649161991982605e-06
Baseline,NaiveBayes,0.9,Tuning,Tuning,6.910964971522986e-35,1.0
Baseline,NaiveBayes,0.9,Tuning,Defaults,0.9999989859078039,1.0140921990320038e-06
Baseline,NaiveBayes,0.9,Tuning,Defaults,0.9999998702009818,1.2979902052304563e-07
Baseline,NaiveBayes,0.9,Tuning,Defaults,0.9777027585699006,0.022297241430098456
Baseline,NaiveBayes,0.9,Tuning,Tuning,5.003116454562066e-24,1.0
Baseline,NaiveBayes,0.9,Tuning,Tuning,5.659573107689517e-30,1.0
Baseline,NaiveBayes,0.9,Defaults,Defaults,0.9999999999997655,2.3179513800186114e-13
Baseline,NaiveBayes,0.9,Defaults,Defaults,0.9999999943793512,5.620646063036341e-09
Baseline,NaiveBayes,0.9,Tuning,Defaults,0.9981595299741046,0.001840470025891932
Baseline,NaiveBayes,0.9,Tuning,Defaults,0.9999998515989542,1.4840105170853597e-07
Baseline,NaiveBayes,0.9,Tuning,Defaults,0.9999983066463882,1.6933536157570579e-06
Baseline,NaiveBayes,0.9,Defaults,Defaults,0.9999999999996945,3.072893746431114e-13
Baseline,NaiveBayes,0.9,Tuning,Defaults,0.9999999894290995,1.0570897742518554e-08
Baseline,NaiveBayes,0.9,Defaults,Defaults,0.9999999992305888,7.69410526138794e-10
Baseline,NaiveBayes,0.9,Tuning,Defaults,0.9996356577531292,0.00036434224687223563
Baseline,NaiveBayes,0.9,Tuning,Tuning,0.0,1.0
Baseline,NaiveBayes,0.9,Tuning,Defaults,0.9999999999997158,2.8330260197345074e-13
Baseline,NaiveBayes,0.9,Tuning,Tuning,0.01980626392578261,0.9801937360742223
Baseline,NaiveBayes,0.9,Tuning,Tuning,0.000419839884094963,0.9995801601159019
Baseline,NaiveBayes,0.9,Tuning,Defaults,0.9999896066173012,1.039338270119858e-05
Baseline,NaiveBayes,0.9,Tuning,Tuning,1.4458993533413762e-72,1.0
Baseline,NaiveBayes,0.9,Tuning,Tuning,7.21352724911048e-05,0.9999278647275048
Baseline,NaiveBayes,0.9,Tuning,Defaults,0.9999999999880984,1.190238445240026e-11
Baseline,NaiveBayes,0.9,Tuning,Defaults,0.8665944155742137,0.13340558442579264
Baseline,NaiveBayes,0.9,Defaults,Defaults,0.999660320958214,0.00033967904178798633
Baseline,NaiveBayes,0.9,Tuning,Tuning,0.0,1.0
Baseline,NaiveBayes,0.9,Tuning,Tuning,0.0,1.0
Baseline,NaiveBayes,0.9,Defaults,Defaults,0.9802323234388065,0.019767676561196674
Baseline,NaiveBayes,0.9,Tuning,Defaults,1.0,2.8502057914411485e-15
Baseline,NaiveBayes,0.9,Tuning,Defaults,0.9999999999916724,8.329495923382751e-12
Baseline,NaiveBayes,0.9,Tuning,Defaults,0.9999999999993605,6.388778768207166e-13
Baseline,NaiveBayes,0.9,Tuning,Defaults,0.99999999999865,1.3520252519878086e-12
Baseline,NaiveBayes,0.9,Tuning,Tuning,0.4123023077242387,0.5876976922757594
Baseline,NaiveBayes,0.9,Tuning,Tuning,0.002421609044156916,0.9975783909558488
Baseline,NaiveBayes,0.9,Tuning,Tuning,0.0,1.0
Baseline,NaiveBayes,0.9,Tuning,Defaults,0.9999999999995524,4.456729084179618e-13
Baseline,NaiveBayes,0.9,Tuning,Defaults,0.9999999990204032,9.79593875824763e-10
Baseline,NaiveBayes,0.9,Defaults,Defaults,0.9999999999992539,7.481876062974219e-13
Baseline,NaiveBayes,0.9,Tuning,Defaults,0.9999999999498854,5.011417954706665e-11
Baseline,NaiveBayes,0.9,Defaults,Defaults,0.9999999976471585,2.352842506447906e-09
Baseline,NaiveBayes,0.9,Tuning,Defaults,0.793843603525782,0.20615639647421385
Baseline,NaiveBayes,0.9,Tuning,Defaults,0.9896381252718095,0.010361874728192826
Baseline,NaiveBayes,0.9,Tuning,Defaults,0.9999999999974207,2.576202049126992e-12
Baseline,NaiveBayes,0.9,Tuning,Tuning,6.446251506990511e-23,1.0
Baseline,NaiveBayes,0.9,Tuning,Defaults,0.9999943880016334,5.6119983657238165e-06
Baseline,NaiveBayes,0.9,Defaults,Tuning,6.6294429011863755e-21,1.0
Baseline,NaiveBayes,0.9,Tuning,Defaults,0.8927533969257785,0.10724660307422487
Baseline,NaiveBayes,0.9,Defaults,Defaults,0.9999999996333173,3.666781150640649e-10
Baseline,NaiveBayes,0.9,Defaults,Defaults,0.9999999993543298,6.456767041119762e-10
Baseline,NaiveBayes,0.9,Defaults,Defaults,0.99999999986521,1.3478658663304064e-10
Baseline,NaiveBayes,0.9,Defaults,Defaults,0.9999999993800657,6.199371234449624e-10
Baseline,NaiveBayes,0.9,Tuning,Tuning,0.0,1.0
Baseline,NaiveBayes,0.9,Tuning,Tuning,0.0,1.0
Baseline,NaiveBayes,0.9,Tuning,Tuning,1.5659110003219728e-15,1.0
Baseline,NaiveBayes,0.9,Defaults,Defaults,0.9273950124589749,0.07260498754102211
Baseline,NaiveBayes,0.9,Defaults,Tuning,0.15580768851592794,0.8441923114840741
Baseline,NaiveBayes,0.9,Defaults,Defaults,0.9999992206850176,7.793149835419148e-07
Baseline,NaiveBayes,0.9,Defaults,Defaults,0.9999999970605487,2.9394505086649865e-09
Baseline,NaiveBayes,0.9,Tuning,Defaults,0.9999998866078024,1.1339219866074456e-07
Baseline,NaiveBayes,0.9,Tuning,Defaults,0.9936908403627966,0.006309159637198766
Baseline,NaiveBayes,0.9,Defaults,Defaults,0.999999999999801,2.0020226851266297e-13
Baseline,NaiveBayes,0.9,Tuning,Defaults,0.9999986717361449,1.3282638537507148e-06
Baseline,NaiveBayes,0.9,Defaults,Defaults,0.9999999997993072,2.0069496663311804e-10
Baseline,NaiveBayes,0.9,Tuning,Tuning,6.259775928557211e-07,0.9999993740224055
Baseline,NaiveBayes,0.9,Tuning,Tuning,0.0005425429080763846,0.9994574570919235
Baseline,NaiveBayes,0.9,Defaults,Defaults,0.9999999000193377,9.998066451852906e-08
Baseline,NaiveBayes,0.9,Tuning,Defaults,0.999999999862915,1.3708442563169369e-10
Baseline,NaiveBayes,0.9,Defaults,Tuning,0.0,1.0
Baseline,NaiveBayes,0.9,Tuning,Defaults,0.9687692864413048,0.031230713558699046
Baseline,NaiveBayes,0.9,Tuning,Defaults,0.9998121244548643,0.00018787554514221032
Baseline,NaiveBayes,0.9,Tuning,Defaults,0.999999968562364,3.143763259434903e-08
Baseline,NaiveBayes,0.9,Defaults,Defaults,0.9999999999788329,2.1164228024586017e-11
Baseline,NaiveBayes,0.9,Tuning,Defaults,0.9999999535703037,4.642969783393775e-08
Baseline,NaiveBayes,0.9,Tuning,Defaults,0.9980331236342218,0.0019668763657737383
Baseline,NaiveBayes,0.9,Tuning,Defaults,0.9998902274142756,0.00010977258572545125
Baseline,NaiveBayes,0.9,Defaults,Tuning,0.05553673315915833,0.9444632668408486
Baseline,NaiveBayes,0.9,Tuning,Defaults,0.9999999999979643,2.035704106208964e-12
Baseline,NaiveBayes,0.9,Tuning,Defaults,0.9999999999990337,9.693293832573772e-13
Baseline,NaiveBayes,0.9,Tuning,Tuning,1.7744671070283414e-119,1.0
Baseline,NaiveBayes,0.9,Tuning,Tuning,9.401168499041978e-06,0.9999905988314977
Baseline,NaiveBayes,0.9,Tuning,Defaults,0.9999999999998863,1.1312243744953082e-13
Baseline,NaiveBayes,0.9,Tuning,Defaults,0.999819205588662,0.00018079441133748436
Baseline,NaiveBayes,0.9,Tuning,Tuning,5.455550014304042e-12,0.999999999994543
Baseline,NaiveBayes,0.9,Defaults,Defaults,0.999999998758696,1.241300938618697e-09
Baseline,NaiveBayes,0.9,Tuning,Tuning,0.00011968031627292329,0.9998803196837298
Baseline,NaiveBayes,0.9,Tuning,Tuning,0.27929211325634395,0.7207078867436506
Baseline,NaiveBayes,0.9,Tuning,Defaults,0.951106518048656,0.04889348195134542
Baseline,NaiveBayes,0.9,Tuning,Defaults,0.974661011795833,0.025338988204164876
Baseline,NaiveBayes,0.9,Tuning,Tuning,2.0597133137582346e-39,1.0
Baseline,NaiveBayes,0.9,Tuning,Defaults,0.9999999998831939,1.168090051575664e-10
Baseline,NaiveBayes,0.9,Tuning,Defaults,0.9999999995896189,4.103845157461881e-10
Baseline,NaiveBayes,0.9,Tuning,Tuning,0.48249948102092177,0.5175005189790781
Baseline,NaiveBayes,0.9,Defaults,Defaults,0.9999999999996518,3.4880501534227847e-13
Baseline,NaiveBayes,0.9,Tuning,Tuning,3.440575413109388e-49,1.0
Baseline,NaiveBayes,0.9,Defaults,Defaults,0.9999999999999929,6.896496193336174e-15
Baseline,NaiveBayes,0.9,Tuning,Defaults,0.9999999999995381,4.610291713399962e-13
Baseline,NaiveBayes,0.9,Tuning,Defaults,0.9999999999645226,3.547724227020311e-11
Baseline,NaiveBayes,0.9,Tuning,Tuning,1.2641383686755604e-47,1.0
Baseline,NaiveBayes,0.9,Tuning,Defaults,0.9999913251010678,8.674898930546329e-06
Baseline,NaiveBayes,0.9,Defaults,Defaults,0.9989806314221494,0.001019368577851102
Baseline,NaiveBayes,0.9,Defaults,Defaults,0.9999999954214474,4.578551151971887e-09
Baseline,NaiveBayes,0.9,Tuning,Defaults,0.5277867602255789,0.4722132397744269
Baseline,NaiveBayes,0.9,Tuning,Defaults,0.9999999999999858,1.6090419585711262e-14
Baseline,NaiveBayes,0.9,Tuning,Defaults,0.9524771853132628,0.047522814686739384
Baseline,NaiveBayes,0.9,Tuning,Defaults,0.9524771853132628,0.047522814686739384
Baseline,NaiveBayes,0.9,Tuning,Tuning,2.6034935863969884e-07,0.9999997396506385
Baseline,NaiveBayes,0.9,Tuning,Tuning,0.0012559324630422087,0.9987440675369587
Baseline,NaiveBayes,0.9,Tuning,Defaults,0.9999999999928662,7.135581424613985e-12
Baseline,NaiveBayes,0.9,Tuning,Defaults,0.9998905382666177,0.00010946173338508324
Baseline,NaiveBayes,0.9,Defaults,Defaults,0.9999999999996874,3.139078547961715e-13
Baseline,NaiveBayes,0.9,Tuning,Defaults,0.9999999999991545,8.455658852283869e-13
Baseline,NaiveBayes,0.9,Tuning,Defaults,0.9999999999995808,4.19940787990892e-13
Baseline,NaiveBayes,0.9,Tuning,Tuning,0.0,1.0
Baseline,NaiveBayes,0.9,Tuning,Defaults,0.9997692280486555,0.00023077195134842715
Baseline,NaiveBayes,0.9,Defaults,Defaults,0.9999999999997229,2.7429889405631307e-13
Baseline,NaiveBayes,0.9,Tuning,Defaults,0.9999999998758042,1.241970557631858e-10
Baseline,NaiveBayes,0.9,Tuning,Defaults,1.0,5.147405388433647e-16
Baseline,NaiveBayes,0.9,Tuning,Defaults,0.9999999999985967,1.4032711901783505e-12
Baseline,NaiveBayes,0.9,Defaults,Defaults,0.9999999999870894,1.2911304423162336e-11
Baseline,NaiveBayes,0.9,Tuning,Defaults,0.9994159423280243,0.0005840576719812708
Baseline,NaiveBayes,0.9,Tuning,Defaults,0.9999999999864926,1.3510225331183001e-11
Baseline,NaiveBayes,0.9,Tuning,Defaults,0.9999999999397176,6.028519810773442e-11
Baseline,NaiveBayes,0.9,Defaults,Defaults,0.9999999999808651,1.9133777133334793e-11
Baseline,NaiveBayes,0.9,Defaults,Defaults,0.89881710255349,0.10118289744650588
Baseline,NaiveBayes,0.9,Tuning,Tuning,6.917123170096183e-17,1.0
Baseline,NaiveBayes,0.9,Tuning,Tuning,0.25454947166060626,0.7454505283393883
Baseline,NaiveBayes,0.9,Tuning,Tuning,0.0,1.0
Baseline,NaiveBayes,0.9,Defaults,Defaults,0.9999999999990976,9.024818836443986e-13
Baseline,NaiveBayes,0.9,Defaults,Defaults,0.9999999999807017,1.9300228102823704e-11
Baseline,NaiveBayes,0.9,Defaults,Defaults,0.9999999999999787,1.9884636834887674e-14
Baseline,NaiveBayes,0.9,Tuning,Defaults,0.9999998789310995,1.2106890390649548e-07
Baseline,NaiveBayes,0.9,Defaults,Defaults,0.9999999999997229,2.7606548003495556e-13
Baseline,NaiveBayes,0.9,Tuning,Defaults,0.9999999999999716,2.5423444716881758e-14
Baseline,NaiveBayes,0.9,Tuning,Defaults,0.9999996488553057,3.511446978387404e-07
Baseline,NaiveBayes,0.9,Defaults,Defaults,0.999999999995751,4.247264704208374e-12
Baseline,NaiveBayes,0.9,Defaults,Defaults,0.9999999999850502,1.4955922532398016e-11
Baseline,NaiveBayes,0.9,Tuning,Defaults,0.9999999999996021,4.0122161373966975e-13
Baseline,NaiveBayes,0.9,Tuning,Defaults,0.9999999999413589,5.864395660307329e-11
Baseline,NaiveBayes,0.9,Defaults,Defaults,0.9999999866787946,1.3321208379674722e-08
Baseline,NaiveBayes,0.9,Tuning,Tuning,2.6332115306267474e-206,1.0
Baseline,NaiveBayes,0.9,Tuning,Defaults,0.9886603034923812,0.011339696507612783
Baseline,NaiveBayes,0.9,Tuning,Tuning,0.0,1.0
Baseline,NaiveBayes,0.9,Tuning,Defaults,1.0,6.061531860103534e-52
Baseline,NaiveBayes,0.95,Tuning,Tuning,1.7096046920430112e-300,1.0
Baseline,NaiveBayes,0.95,Tuning,Tuning,1.690560428756682e-98,1.0
Baseline,NaiveBayes,0.95,Defaults,Defaults,0.9999999988934363,1.1065613084180717e-09
Baseline,NaiveBayes,0.95,Tuning,Tuning,3.6053638534314725e-06,0.9999963946361469
Baseline,NaiveBayes,0.95,Tuning,Tuning,3.3565572052785293e-65,1.0
Baseline,NaiveBayes,0.95,Tuning,Defaults,0.9999999999893774,1.0619357490647814e-11
Baseline,NaiveBayes,0.95,Tuning,Tuning,0.0,1.0
Baseline,NaiveBayes,0.95,Defaults,Defaults,0.9999852118569736,1.4788143025601467e-05
Baseline,NaiveBayes,0.95,Defaults,Defaults,0.9856537595663282,0.014346240433666715
Baseline,NaiveBayes,0.95,Tuning,Defaults,0.9999999107244872,8.927551974771688e-08
Baseline,NaiveBayes,0.95,Tuning,Defaults,0.9999999646399906,3.536000751265383e-08
Baseline,NaiveBayes,0.95,Defaults,Defaults,0.6328940821234085,0.36710591787659025
Baseline,NaiveBayes,0.95,Tuning,Defaults,0.9998328249474935,0.00016717505250893528
Baseline,NaiveBayes,0.95,Tuning,Tuning,1.3939969346473463e-14,0.9999999999999858
Baseline,NaiveBayes,0.95,Tuning,Tuning,0.0,1.0
Baseline,NaiveBayes,0.95,Tuning,Defaults,0.9999999934763295,6.523668705425014e-09
Baseline,NaiveBayes,0.95,Defaults,Defaults,0.9999998969943871,1.0300561557892989e-07
Baseline,NaiveBayes,0.95,Tuning,Defaults,0.9999999328154154,6.718458922019293e-08
Baseline,NaiveBayes,0.95,Defaults,Defaults,0.9999999999758344,2.4168016300857202e-11
Baseline,NaiveBayes,0.95,Tuning,Defaults,0.9999985025780787,1.4974219251556182e-06
Baseline,NaiveBayes,0.95,Tuning,Defaults,0.9999999936501212,6.349884332069907e-09
Baseline,NaiveBayes,0.95,Defaults,Defaults,0.9999999996057056,3.942946038417733e-10
Baseline,NaiveBayes,0.95,Tuning,Defaults,0.9999248769445759,7.512305542631164e-05
Baseline,NaiveBayes,0.95,Tuning,Defaults,0.9999999999988134,1.1833852650545385e-12
Baseline,NaiveBayes,0.95,Tuning,Defaults,0.9999999990704538,9.295468065847233e-10
Baseline,NaiveBayes,0.95,Tuning,Defaults,0.9999993612648176,6.387351858250835e-07
Baseline,NaiveBayes,0.95,Tuning,Tuning,1.5710504331527317e-34,1.0
Baseline,NaiveBayes,0.95,Tuning,Defaults,0.9999997481154528,2.518845507452991e-07
Baseline,NaiveBayes,0.95,Tuning,Defaults,0.9999999871931068,1.2806890730626428e-08
Baseline,NaiveBayes,0.95,Tuning,Defaults,0.9920544684562211,0.007945531543772142
Baseline,NaiveBayes,0.95,Tuning,Tuning,4.780159253222649e-23,1.0
Baseline,NaiveBayes,0.95,Tuning,Tuning,1.1843209679982896e-29,1.0
Baseline,NaiveBayes,0.95,Defaults,Defaults,0.9999999999999716,2.7129052966746282e-14
Baseline,NaiveBayes,0.95,Defaults,Defaults,0.9999999994065192,5.934776045645149e-10
Baseline,NaiveBayes,0.95,Tuning,Tuning,0.44835073477629467,0.5516492652236996
Baseline,NaiveBayes,0.95,Tuning,Defaults,0.9999999820456368,1.7954369832691033e-08
Baseline,NaiveBayes,0.95,Tuning,Defaults,0.9999997881631881,2.118368118264611e-07
Baseline,NaiveBayes,0.95,Defaults,Defaults,0.9999999999999858,1.371519692213119e-14
Baseline,NaiveBayes,0.95,Tuning,Defaults,0.9999999988097841,1.1902177074594268e-09
Baseline,NaiveBayes,0.95,Defaults,Defaults,0.9999999993941273,6.05871506532747e-10
Baseline,NaiveBayes,0.95,Tuning,Defaults,0.5227329695609829,0.47726703043902396
Baseline,NaiveBayes,0.95,Tuning,Tuning,0.0,1.0
Baseline,NaiveBayes,0.95,Tuning,Defaults,0.9999999999999716,2.450129509093388e-14
Baseline,NaiveBayes,0.95,Tuning,Tuning,0.0798128809488868,0.9201871190511072
Baseline,NaiveBayes,0.95,Tuning,Tuning,0.005540627369111729,0.9944593726308941
Baseline,NaiveBayes,0.95,Tuning,Defaults,0.9999860399184247,1.3960081574741511e-05
Baseline,NaiveBayes,0.95,Tuning,Tuning,1.7719503149116655e-71,1.0
Baseline,NaiveBayes,0.95,Tuning,Tuning,1.5184891407534724e-07,0.9999998481510888
Baseline,NaiveBayes,0.95,Tuning,Defaults,0.9999999999988276,1.1713783067212086e-12
Baseline,NaiveBayes,0.95,Tuning,Defaults,0.7845736855574268,0.2154263144425717
Baseline,NaiveBayes,0.95,Defaults,Defaults,0.9999259153206219,7.408467937910213e-05
Baseline,NaiveBayes,0.95,Tuning,Tuning,0.0,1.0
Baseline,NaiveBayes,0.95,Tuning,Tuning,0.0,1.0
Baseline,NaiveBayes,0.95,Defaults,Defaults,0.9852184453007652,0.014781554699237974
Baseline,NaiveBayes,0.95,Tuning,Defaults,1.0,3.331226522188818e-16
Baseline,NaiveBayes,0.95,Tuning,Defaults,0.9999999999887663,1.1231185695514042e-11
Baseline,NaiveBayes,0.95,Tuning,Defaults,0.9999999999999574,4.5640198067800914e-14
Baseline,NaiveBayes,0.95,Tuning,Defaults,0.9999999999998792,1.2233490544169942e-13
Baseline,NaiveBayes,0.95,Tuning,Tuning,0.00042920275959805595,0.9995707972404033
Baseline,NaiveBayes,0.95,Tuning,Tuning,0.012514527627981246,0.9874854723720132
Baseline,NaiveBayes,0.95,Tuning,Tuning,0.0,1.0
Baseline,NaiveBayes,0.95,Tuning,Defaults,0.9999999999998508,1.5270045679824513e-13
Baseline,NaiveBayes,0.95,Tuning,Defaults,0.9999999996621938,3.378071835394376e-10
Baseline,NaiveBayes,0.95,Defaults,Defaults,0.9999999999999147,8.189012452929622e-14
Baseline,NaiveBayes,0.95,Tuning,Defaults,0.9999999999957865,4.215816244337061e-12
Baseline,NaiveBayes,0.95,Defaults,Defaults,0.9999999995181312,4.81865451602052e-10
Baseline,NaiveBayes,0.95,Tuning,Defaults,0.9837173094808258,0.016282690519174404
Baseline,NaiveBayes,0.95,Tuning,Defaults,0.9978531197989375,0.002146880201069335
Baseline,NaiveBayes,0.95,Tuning,Defaults,0.9999999999998366,1.6637084776632968e-13
Baseline,NaiveBayes,0.95,Tuning,Tuning,1.466933994283089e-22,1.0
Baseline,NaiveBayes,0.95,Tuning,Defaults,0.9999992634541724,7.365458251547573e-07
Baseline,NaiveBayes,0.95,Defaults,Tuning,2.5653254966588567e-20,1.0
Baseline,NaiveBayes,0.95,Tuning,Defaults,0.9849078291965707,0.015092170803432727
Baseline,NaiveBayes,0.95,Defaults,Defaults,0.9999999999582485,4.1749835861523465e-11
Baseline,NaiveBayes,0.95,Defaults,Defaults,0.9999999999086668,9.133899176066667e-11
Baseline,NaiveBayes,0.95,Defaults,Defaults,0.9999999999873097,1.2687765246640165e-11
Baseline,NaiveBayes,0.95,Defaults,Defaults,0.9999999999317453,6.825084018983808e-11
Baseline,NaiveBayes,0.95,Tuning,Tuning,0.0,1.0
Baseline,NaiveBayes,0.95,Tuning,Tuning,0.0,1.0
Baseline,NaiveBayes,0.95,Tuning,Tuning,8.600027616704468e-15,0.9999999999999858
Baseline,NaiveBayes,0.95,Defaults,Defaults,0.9902950696830769,0.009704930316922988
Baseline,NaiveBayes,0.95,Defaults,Tuning,0.0001227822542973097,0.9998772177457026
Baseline,NaiveBayes,0.95,Defaults,Defaults,0.9999998152051603,1.847948384010987e-07
Baseline,NaiveBayes,0.95,Defaults,Defaults,0.9999999996786784,3.213198712871742e-10
Baseline,NaiveBayes,0.95,Tuning,Defaults,0.9999999872496589,1.2750338471350118e-08
Baseline,NaiveBayes,0.95,Tuning,Defaults,0.9996474496774479,0.00035255032254988023
Baseline,NaiveBayes,0.95,Defaults,Defaults,0.9999999999999787,2.1027267877150583e-14
Baseline,NaiveBayes,0.95,Tuning,Defaults,0.999999774403126,2.2559687307947133e-07
Baseline,NaiveBayes,0.95,Defaults,Defaults,0.9999999999891926,1.0804068121998705e-11
Baseline,NaiveBayes,0.95,Tuning,Tuning,5.006143065874536e-06,0.9999949938569411
Baseline,NaiveBayes,0.95,Tuning,Tuning,0.0002087659027977458,0.9997912340972029
Baseline,NaiveBayes,0.95,Defaults,Defaults,0.9999999873781108,1.2621889462711787e-08
Baseline,NaiveBayes,0.95,Tuning,Defaults,0.9999999999410676,5.893413428359386e-11
Baseline,NaiveBayes,0.95,Defaults,Tuning,0.0,1.0
Baseline,NaiveBayes,0.95,Tuning,Tuning,0.025089020715638684,0.9749109792843573
Baseline,NaiveBayes,0.95,Tuning,Defaults,0.9998383846997771,0.00016161530022722927
Baseline,NaiveBayes,0.95,Tuning,Defaults,0.9999999894173116,1.0582685104799272e-08
Baseline,NaiveBayes,0.95,Defaults,Defaults,0.9999999999982094,1.7877703953355217e-12
Baseline,NaiveBayes,0.95,Tuning,Defaults,0.5490326288170663,0.45096737118292884
Baseline,NaiveBayes,0.95,Tuning,Tuning,0.3967763634024734,0.6032236365975305
Baseline,NaiveBayes,0.95,Tuning,Defaults,0.9999659264202634,3.407357973600556e-05
Baseline,NaiveBayes,0.95,Defaults,Tuning,5.253284794611521e-07,0.9999994746715218
Baseline,NaiveBayes,0.95,Tuning,Defaults,0.9999999999998508,1.4599033997114098e-13
Baseline,NaiveBayes,0.95,Tuning,Defaults,0.9999999999999503,5.155281829487251e-14
Baseline,NaiveBayes,0.95,Tuning,Tuning,3.8479695168841666e-146,1.0
Baseline,NaiveBayes,0.95,Tuning,Tuning,9.850876604606102e-10,0.9999999990149178
Baseline,NaiveBayes,0.95,Tuning,Defaults,0.9999999999999858,1.0766437361007057e-14
Baseline,NaiveBayes,0.95,Tuning,Defaults,0.9998437331465381,0.00015626685345810585
Baseline,NaiveBayes,0.95,Tuning,Tuning,6.572898846681281e-25,1.0
Baseline,NaiveBayes,0.95,Defaults,Defaults,0.999999999893987,1.0601331216250917e-10
Baseline,NaiveBayes,0.95,Tuning,Tuning,4.6399250322544685e-08,0.9999999536007504
Baseline,NaiveBayes,0.95,Tuning,Defaults,0.644953917729236,0.35504608227076995
Baseline,NaiveBayes,0.95,Tuning,Defaults,0.9999999961883361,3.811657311831369e-09
Baseline,NaiveBayes,0.95,Tuning,Defaults,0.9960201503679478,0.00397984963204952
Baseline,NaiveBayes,0.95,Tuning,Tuning,1.6893751989729756e-38,1.0
Baseline,NaiveBayes,0.95,Tuning,Defaults,0.999999999983018,1.6980706428950097e-11
Baseline,NaiveBayes,0.95,Tuning,Defaults,0.9999999999238369,7.61659256570188e-11
Baseline,NaiveBayes,0.95,Tuning,Tuning,0.0005395525054226189,0.9994604474945756
Baseline,NaiveBayes,0.95,Defaults,Defaults,0.9999999999999147,8.229660733239779e-14
Baseline,NaiveBayes,0.95,Tuning,Tuning,1.0124849005656706e-54,1.0
Baseline,NaiveBayes,0.95,Defaults,Defaults,1.0,5.359249764170722e-16
Baseline,NaiveBayes,0.95,Tuning,Defaults,0.999999999999929,7.449906469628804e-14
Baseline,NaiveBayes,0.95,Tuning,Defaults,0.9999999999504183,4.958194044540794e-11
Baseline,NaiveBayes,0.95,Tuning,Tuning,6.623033280972759e-47,1.0
Baseline,NaiveBayes,0.95,Tuning,Defaults,0.9999592742705354,4.0725729468149304e-05
Baseline,NaiveBayes,0.95,Defaults,Defaults,0.9992523650505186,0.0007476349494852684
Baseline,NaiveBayes,0.95,Defaults,Defaults,0.9999999985143972,1.4856031144003315e-09
Baseline,NaiveBayes,0.95,Tuning,Defaults,0.894178954467817,0.10582104553217644
Baseline,NaiveBayes,0.95,Tuning,Defaults,0.9999999999999858,7.755510838579293e-15
Baseline,NaiveBayes,0.95,Tuning,Defaults,0.9965381242677654,0.0034618757322284004
Baseline,NaiveBayes,0.95,Tuning,Defaults,0.9965381242677654,0.0034618757322284004
Baseline,NaiveBayes,0.95,Tuning,Tuning,2.529921242230756e-10,0.9999999997470184
Baseline,NaiveBayes,0.95,Tuning,Tuning,5.274283299182835e-08,0.9999999472571673
Baseline,NaiveBayes,0.95,Tuning,Defaults,0.9999999999978968,2.1036446751449052e-12
Baseline,NaiveBayes,0.95,Tuning,Defaults,0.999925123653993,7.487634600306156e-05
Baseline,NaiveBayes,0.95,Defaults,Defaults,0.999999999999801,1.990465646716682e-13
Baseline,NaiveBayes,0.95,Tuning,Defaults,0.9999999999999076,8.94768653035018e-14
Baseline,NaiveBayes,0.95,Tuning,Defaults,0.9999999999998508,1.487663810052105e-13
Baseline,NaiveBayes,0.95,Tuning,Tuning,0.0,1.0
Baseline,NaiveBayes,0.95,Tuning,Defaults,0.9999763380069693,2.3661993035264163e-05
Baseline,NaiveBayes,0.95,Defaults,Defaults,0.9999999999999503,4.9253636346835237e-14
Baseline,NaiveBayes,0.95,Tuning,Defaults,0.9999999999979181,2.0832814110188766e-12
Baseline,NaiveBayes,0.95,Tuning,Defaults,1.0,9.347215269301646e-19
Baseline,NaiveBayes,0.95,Tuning,Defaults,0.9999999999999005,1.0071978060482392e-13
Baseline,NaiveBayes,0.95,Defaults,Defaults,0.9999999999990621,9.357828184017916e-13
Baseline,NaiveBayes,0.95,Tuning,Defaults,0.9998654990135165,0.00013450098647636963
Baseline,NaiveBayes,0.95,Tuning,Defaults,0.9999999999986926,1.303890848691955e-12
Baseline,NaiveBayes,0.95,Tuning,Defaults,0.9999999999958789,4.124061925716705e-12
Baseline,NaiveBayes,0.95,Defaults,Defaults,0.9999999999980105,1.988776689896571e-12
Baseline,NaiveBayes,0.95,Defaults,Defaults,0.9787334948424026,0.02126650515759184
Baseline,NaiveBayes,0.95,Tuning,Tuning,2.2672911928927024e-16,1.0
Baseline,NaiveBayes,0.95,Tuning,Tuning,5.00031687682182e-12,0.9999999999949978
Baseline,NaiveBayes,0.95,Tuning,Tuning,0.0,1.0
Baseline,NaiveBayes,0.95,Defaults,Defaults,0.9999999999998863,1.1534886987071337e-13
Baseline,NaiveBayes,0.95,Defaults,Defaults,0.9999999999972431,2.7573244710134753e-12
Baseline,NaiveBayes,0.95,Defaults,Defaults,1.0,2.1750239444285985e-15
Baseline,NaiveBayes,0.95,Tuning,Defaults,0.9999967019887307,3.2980112635815664e-06
Baseline,NaiveBayes,0.95,Defaults,Defaults,0.9999999999999716,2.76824270064659e-14
Baseline,NaiveBayes,0.95,Tuning,Defaults,1.0,2.311377562253976e-15
Baseline,NaiveBayes,0.95,Tuning,Defaults,0.9999999444042602,5.559573837798929e-08
Baseline,NaiveBayes,0.95,Defaults,Defaults,0.9999999999995524,4.4489371931923947e-13
Baseline,NaiveBayes,0.95,Defaults,Defaults,0.9999999999969873,3.015715173407167e-12
Baseline,NaiveBayes,0.95,Tuning,Defaults,0.9999999999999503,4.964710728992725e-14
Baseline,NaiveBayes,0.95,Tuning,Defaults,0.9999999999874731,1.2529631404017055e-11
Baseline,NaiveBayes,0.95,Defaults,Defaults,0.9999999988543209,1.1456815521432688e-09
Baseline,NaiveBayes,0.95,Tuning,Tuning,0.0,1.0
Baseline,NaiveBayes,0.95,Tuning,Defaults,0.9992821111166196,0.000717888883373634
Baseline,NaiveBayes,0.95,Tuning,Tuning,0.0,1.0
Baseline,NaiveBayes,0.95,Tuning,Defaults,1.0,8.547925633982993e-50
Baseline,LogisticRegression,0.8,Tuning,Tuning,0.019897283697764334,0.9801027163022357
Baseline,LogisticRegression,0.8,Tuning,Tuning,0.16964062574809047,0.8303593742519095
Baseline,LogisticRegression,0.8,Defaults,Defaults,0.6385692008506176,0.3614307991493824
Baseline,LogisticRegression,0.8,Tuning,Tuning,0.06773943202819566,0.9322605679718043
Baseline,LogisticRegression,0.8,Tuning,Tuning,0.02408397862765732,0.9759160213723427
Baseline,LogisticRegression,0.8,Tuning,Defaults,0.6723477395347144,0.32765226046528556
Baseline,LogisticRegression,0.8,Tuning,Tuning,0.001821057566436357,0.9981789424335636
Baseline,LogisticRegression,0.8,Defaults,Tuning,0.047058880683653714,0.9529411193163463
Baseline,LogisticRegression,0.8,Defaults,Tuning,0.029752959023522596,0.9702470409764774
Baseline,LogisticRegression,0.8,Tuning,Tuning,0.10385045973916929,0.8961495402608307
Baseline,LogisticRegression,0.8,Tuning,Tuning,0.0793179428286932,0.9206820571713068
Baseline,LogisticRegression,0.8,Defaults,Tuning,0.32289390809398966,0.6771060919060103
Baseline,LogisticRegression,0.8,Tuning,Tuning,0.05131803803881907,0.9486819619611809
Baseline,LogisticRegression,0.8,Tuning,Tuning,0.03203481027714461,0.9679651897228554
Baseline,LogisticRegression,0.8,Tuning,Tuning,1.795516967706412e-05,0.9999820448303229
Baseline,LogisticRegression,0.8,Tuning,Tuning,0.11871031291646506,0.881289687083535
Baseline,LogisticRegression,0.8,Defaults,Defaults,0.8496877119800856,0.1503122880199144
Baseline,LogisticRegression,0.8,Tuning,Tuning,0.13527080492502241,0.8647291950749776
Baseline,LogisticRegression,0.8,Defaults,Tuning,0.3282852732770969,0.6717147267229031
Baseline,LogisticRegression,0.8,Tuning,Tuning,0.39448510908835854,0.6055148909116415
Baseline,LogisticRegression,0.8,Tuning,Tuning,0.3195812225535224,0.6804187774464776
Baseline,LogisticRegression,0.8,Defaults,Tuning,0.13130570191831537,0.8686942980816846
Baseline,LogisticRegression,0.8,Tuning,Tuning,0.008981492019226378,0.9910185079807736
Baseline,LogisticRegression,0.8,Tuning,Tuning,0.30326479869576295,0.696735201304237
Baseline,LogisticRegression,0.8,Tuning,Tuning,0.21661968736711923,0.7833803126328808
Baseline,LogisticRegression,0.8,Tuning,Tuning,0.10363375667676045,0.8963662433232396
Baseline,LogisticRegression,0.8,Tuning,Tuning,0.09861993802600655,0.9013800619739935
Baseline,LogisticRegression,0.8,Tuning,Tuning,0.14836463100818076,0.8516353689918192
Baseline,LogisticRegression,0.8,Tuning,Tuning,0.197036503970344,0.802963496029656
Baseline,LogisticRegression,0.8,Tuning,Tuning,0.05718362814333855,0.9428163718566615
Baseline,LogisticRegression,0.8,Tuning,Tuning,0.03216500060879157,0.9678349993912084
Baseline,LogisticRegression,0.8,Tuning,Tuning,0.05202170836450348,0.9479782916354965
Baseline,LogisticRegression,0.8,Defaults,Defaults,0.7410279168585643,0.25897208314143577
Baseline,LogisticRegression,0.8,Defaults,Tuning,0.31087017576206877,0.6891298242379312
Baseline,LogisticRegression,0.8,Tuning,Tuning,0.025747459401534112,0.9742525405984659
Baseline,LogisticRegression,0.8,Tuning,Defaults,0.9402005604706858,0.05979943952931424
Baseline,LogisticRegression,0.8,Tuning,Tuning,0.03795315983203307,0.9620468401679669
Baseline,LogisticRegression,0.8,Defaults,Defaults,0.605508946929511,0.39449105307048904
Baseline,LogisticRegression,0.8,Tuning,Tuning,0.2267529302117638,0.7732470697882362
Baseline,LogisticRegression,0.8,Defaults,Defaults,0.7852162406395025,0.21478375936049757
Baseline,LogisticRegression,0.8,Tuning,Tuning,0.18354350208624082,0.8164564979137592
Baseline,LogisticRegression,0.8,Tuning,Tuning,3.571742901442576e-11,0.9999999999642826
Baseline,LogisticRegression,0.8,Tuning,Defaults,0.9525705500492606,0.04742944995073934
Baseline,LogisticRegression,0.8,Tuning,Tuning,0.07295651654063184,0.9270434834593682
Baseline,LogisticRegression,0.8,Tuning,Tuning,0.03357103749458312,0.9664289625054169
Baseline,LogisticRegression,0.8,Tuning,Tuning,0.4289456083041475,0.5710543916958525
Baseline,LogisticRegression,0.8,Tuning,Tuning,0.02235136016792738,0.9776486398320726
Baseline,LogisticRegression,0.8,Tuning,Tuning,0.011373133647551215,0.9886268663524488
Baseline,LogisticRegression,0.8,Tuning,Tuning,0.18427183558176186,0.8157281644182381
Baseline,LogisticRegression,0.8,Tuning,Tuning,0.05059664445019518,0.9494033555498048
Baseline,LogisticRegression,0.8,Defaults,Tuning,0.39705324180338597,0.602946758196614
Baseline,LogisticRegression,0.8,Tuning,Tuning,0.07022360165156638,0.9297763983484336
Baseline,LogisticRegression,0.8,Tuning,Tuning,0.02011244774221832,0.9798875522577817
Baseline,LogisticRegression,0.8,Defaults,Tuning,0.13637595386447643,0.8636240461355236
Baseline,LogisticRegression,0.8,Tuning,Defaults,0.652820941286379,0.347179058713621
Baseline,LogisticRegression,0.8,Tuning,Tuning,0.42074502510345413,0.5792549748965459
Baseline,LogisticRegression,0.8,Tuning,Defaults,0.5815926165056966,0.41840738349430345
Baseline,LogisticRegression,0.8,Tuning,Defaults,0.6109233834574173,0.38907661654258274
Baseline,LogisticRegression,0.8,Tuning,Defaults,0.5529195494221983,0.44708045057780166
Baseline,LogisticRegression,0.8,Tuning,Tuning,0.04277948369277618,0.9572205163072238
Baseline,LogisticRegression,0.8,Tuning,Tuning,0.0002871075154351477,0.9997128924845649
Baseline,LogisticRegression,0.8,Tuning,Tuning,0.19323228945839055,0.8067677105416095
Baseline,LogisticRegression,0.8,Tuning,Tuning,0.25626455575225027,0.7437354442477497
Baseline,LogisticRegression,0.8,Defaults,Defaults,0.6612722587799709,0.33872774122002913
Baseline,LogisticRegression,0.8,Tuning,Defaults,0.5208844005657567,0.47911559943424326
Baseline,LogisticRegression,0.8,Defaults,Tuning,0.2410302893303975,0.7589697106696025
Baseline,LogisticRegression,0.8,Tuning,Tuning,0.18126866519622642,0.8187313348037736
Baseline,LogisticRegression,0.8,Tuning,Tuning,0.27308614970934963,0.7269138502906504
Baseline,LogisticRegression,0.8,Tuning,Tuning,0.3647221873752853,0.6352778126247147
Baseline,LogisticRegression,0.8,Tuning,Tuning,0.0047208952400868975,0.9952791047599131
Baseline,LogisticRegression,0.8,Tuning,Tuning,0.2836335257342978,0.7163664742657022
Baseline,LogisticRegression,0.8,Defaults,Tuning,0.0017715727244692614,0.9982284272755307
Baseline,LogisticRegression,0.8,Tuning,Tuning,0.2181014863772487,0.7818985136227513
Baseline,LogisticRegression,0.8,Defaults,Defaults,0.724981853598879,0.27501814640112093
Baseline,LogisticRegression,0.8,Defaults,Defaults,0.6931726171378724,0.30682738286212763
Baseline,LogisticRegression,0.8,Defaults,Defaults,0.7597536819368522,0.24024631806314772
Baseline,LogisticRegression,0.8,Defaults,Defaults,0.7015618737854126,0.2984381262145875
Baseline,LogisticRegression,0.8,Tuning,Tuning,0.07719521392261941,0.9228047860773806
Baseline,LogisticRegression,0.8,Tuning,Tuning,0.08798976620381016,0.9120102337961898
Baseline,LogisticRegression,0.8,Tuning,Tuning,0.05390043631256747,0.9460995636874325
Baseline,LogisticRegression,0.8,Defaults,Tuning,0.2430469907457905,0.7569530092542095
Baseline,LogisticRegression,0.8,Defaults,Tuning,0.4522320997781608,0.5477679002218392
Baseline,LogisticRegression,0.8,Defaults,Tuning,0.48344723633066045,0.5165527636693396
Baseline,LogisticRegression,0.8,Defaults,Defaults,0.6496555284134162,0.3503444715865837
Baseline,LogisticRegression,0.8,Tuning,Defaults,0.6946534897343568,0.3053465102656432
Baseline,LogisticRegression,0.8,Tuning,Defaults,0.9297591806815434,0.07024081931845665
Baseline,LogisticRegression,0.8,Defaults,Defaults,0.7363018716868853,0.2636981283131147
Baseline,LogisticRegression,0.8,Tuning,Tuning,0.02400596453363435,0.9759940354663657
Baseline,LogisticRegression,0.8,Defaults,Defaults,0.5641545091269493,0.4358454908730507
Baseline,LogisticRegression,0.8,Tuning,Tuning,0.016272482325584092,0.9837275176744159
Baseline,LogisticRegression,0.8,Tuning,Tuning,0.0031793245456664954,0.9968206754543335
Baseline,LogisticRegression,0.8,Defaults,Tuning,0.14409727149743567,0.8559027285025643
Baseline,LogisticRegression,0.8,Tuning,Tuning,0.19555691850282197,0.804443081497178
Baseline,LogisticRegression,0.8,Defaults,Tuning,0.0,1.0
Baseline,LogisticRegression,0.8,Tuning,Tuning,0.04801190186599247,0.9519880981340075
Baseline,LogisticRegression,0.8,Tuning,Tuning,0.025175150731374107,0.9748248492686259
Baseline,LogisticRegression,0.8,Tuning,Tuning,0.06321066812890364,0.9367893318710964
Baseline,LogisticRegression,0.8,Defaults,Defaults,0.6386258161981299,0.36137418380187014
Baseline,LogisticRegression,0.8,Tuning,Tuning,0.13332340853058733,0.8666765914694127
Baseline,LogisticRegression,0.8,Tuning,Tuning,0.34140590945486016,0.6585940905451398
Baseline,LogisticRegression,0.8,Tuning,Tuning,0.22598725219402593,0.7740127478059741
Baseline,LogisticRegression,0.8,Defaults,Tuning,0.04151863723634919,0.9584813627636508
Baseline,LogisticRegression,0.8,Tuning,Tuning,0.3500683800006116,0.6499316199993884
Baseline,LogisticRegression,0.8,Tuning,Defaults,0.5568517805947761,0.4431482194052238
Baseline,LogisticRegression,0.8,Tuning,Tuning,0.004227168689031835,0.9957728313109682
Baseline,LogisticRegression,0.8,Tuning,Tuning,0.006552131813122752,0.9934478681868772
Baseline,LogisticRegression,0.8,Tuning,Defaults,0.8901670632839009,0.10983293671609909
Baseline,LogisticRegression,0.8,Tuning,Tuning,0.025232347056451387,0.9747676529435486
Baseline,LogisticRegression,0.8,Tuning,Tuning,0.1713295245433336,0.8286704754566664
Baseline,LogisticRegression,0.8,Defaults,Defaults,0.546424809966032,0.45357519003396796
Baseline,LogisticRegression,0.8,Tuning,Tuning,0.004859790132718422,0.9951402098672816
Baseline,LogisticRegression,0.8,Tuning,Tuning,0.03169492591888445,0.9683050740811155
Baseline,LogisticRegression,0.8,Tuning,Tuning,0.0037623019151885595,0.9962376980848114
Baseline,LogisticRegression,0.8,Tuning,Tuning,0.04027032215962578,0.9597296778403742
Baseline,LogisticRegression,0.8,Tuning,Tuning,0.0039669087909756096,0.9960330912090244
Baseline,LogisticRegression,0.8,Tuning,Tuning,0.42182586134905176,0.5781741386509482
Baseline,LogisticRegression,0.8,Tuning,Defaults,0.7713228019126834,0.22867719808731654
Baseline,LogisticRegression,0.8,Tuning,Tuning,0.0017754197315312803,0.9982245802684687
Baseline,LogisticRegression,0.8,Defaults,Tuning,0.3845945717854016,0.6154054282145984
Baseline,LogisticRegression,0.8,Tuning,Tuning,0.0021638983180187754,0.9978361016819812
Baseline,LogisticRegression,0.8,Defaults,Defaults,0.6361457091643443,0.36385429083565574
Baseline,LogisticRegression,0.8,Tuning,Tuning,0.3549817155134293,0.6450182844865707
Baseline,LogisticRegression,0.8,Tuning,Tuning,0.43082922599389606,0.5691707740061039
Baseline,LogisticRegression,0.8,Tuning,Defaults,0.7233109894092148,0.2766890105907852
Baseline,LogisticRegression,0.8,Tuning,Tuning,0.2172462510120562,0.7827537489879438
Baseline,LogisticRegression,0.8,Defaults,Tuning,0.4034474393218017,0.5965525606781983
Baseline,LogisticRegression,0.8,Defaults,Tuning,0.18277181211312177,0.8172281878868782
Baseline,LogisticRegression,0.8,Tuning,Tuning,0.006093446952968207,0.9939065530470318
Baseline,LogisticRegression,0.8,Tuning,Tuning,0.24433357581530124,0.7556664241846988
Baseline,LogisticRegression,0.8,Tuning,Tuning,0.01577992179258525,0.9842200782074148
Baseline,LogisticRegression,0.8,Tuning,Tuning,0.01577992179258525,0.9842200782074148
Baseline,LogisticRegression,0.8,Tuning,Tuning,0.1477797926478528,0.8522202073521472
Baseline,LogisticRegression,0.8,Tuning,Tuning,0.024940178747507535,0.9750598212524925
Baseline,LogisticRegression,0.8,Tuning,Defaults,0.6361702435281513,0.36382975647184873
Baseline,LogisticRegression,0.8,Tuning,Tuning,0.060776765057188764,0.9392232349428112
Baseline,LogisticRegression,0.8,Defaults,Defaults,0.5736139250068686,0.4263860749931314
Baseline,LogisticRegression,0.8,Tuning,Tuning,0.490259412830642,0.509740587169358
Baseline,LogisticRegression,0.8,Tuning,Defaults,0.6992137870742339,0.3007862129257662
Baseline,LogisticRegression,0.8,Tuning,Tuning,0.2701391710422898,0.7298608289577102
Baseline,LogisticRegression,0.8,Tuning,Tuning,0.09433199541439796,0.905668004585602
Baseline,LogisticRegression,0.8,Defaults,Tuning,0.473411427332706,0.526588572667294
Baseline,LogisticRegression,0.8,Tuning,Tuning,0.044810021526020205,0.9551899784739798
Baseline,LogisticRegression,0.8,Tuning,Tuning,0.007063477798759932,0.9929365222012401
Baseline,LogisticRegression,0.8,Tuning,Tuning,0.3079925257513313,0.6920074742486687
Baseline,LogisticRegression,0.8,Defaults,Tuning,0.3049071666322797,0.6950928333677203
Baseline,LogisticRegression,0.8,Tuning,Tuning,0.0028811533687140845,0.9971188466312859
Baseline,LogisticRegression,0.8,Tuning,Defaults,0.5332264242193839,0.46677357578061607
Baseline,LogisticRegression,0.8,Tuning,Tuning,0.042250096003138005,0.957749903996862
Baseline,LogisticRegression,0.8,Defaults,Defaults,0.8783834751612388,0.12161652483876118
Baseline,LogisticRegression,0.8,Defaults,Defaults,0.7527347731655168,0.24726522683448313
Baseline,LogisticRegression,0.8,Tuning,Tuning,0.14730008901746106,0.8526999109825389
Baseline,LogisticRegression,0.8,Tuning,Tuning,0.06619897157959798,0.933801028420402
Baseline,LogisticRegression,0.8,Tuning,Defaults,0.5743588079951747,0.42564119200482536
Baseline,LogisticRegression,0.8,Defaults,Tuning,0.4480143374159592,0.5519856625840408
Baseline,LogisticRegression,0.8,Defaults,Tuning,0.49181195169411696,0.508188048305883
Baseline,LogisticRegression,0.8,Defaults,Defaults,0.7749083122991853,0.22509168770081467
Baseline,LogisticRegression,0.8,Tuning,Tuning,0.2313763164033964,0.7686236835966036
Baseline,LogisticRegression,0.8,Defaults,Defaults,0.5329520897017848,0.46704791029821524
Baseline,LogisticRegression,0.8,Tuning,Defaults,0.9207866447723362,0.07921335522766386
Baseline,LogisticRegression,0.8,Tuning,Tuning,0.07025031357441236,0.9297496864255876
Baseline,LogisticRegression,0.8,Defaults,Tuning,0.23138022959697757,0.7686197704030224
Baseline,LogisticRegression,0.8,Defaults,Defaults,0.8576527580205631,0.1423472419794369
Baseline,LogisticRegression,0.8,Tuning,Defaults,0.6987532981750745,0.3012467018249255
Baseline,LogisticRegression,0.8,Tuning,Tuning,0.06151083319823625,0.9384891668017638
Baseline,LogisticRegression,0.8,Defaults,Tuning,0.4468274746066907,0.5531725253933093
Baseline,LogisticRegression,0.8,Tuning,Tuning,0.0003075962396413834,0.9996924037603586
Baseline,LogisticRegression,0.8,Tuning,Tuning,0.1349396439217102,0.8650603560782898
Baseline,LogisticRegression,0.8,Tuning,Tuning,2.2846312733304508e-05,0.9999771536872667
Baseline,LogisticRegression,0.8,Tuning,Tuning,0.30721429725652316,0.6927857027434768
Baseline,LogisticRegression,0.85,Tuning,Tuning,0.027422071176126717,0.9725779288238733
Baseline,LogisticRegression,0.85,Tuning,Tuning,0.10942487889553987,0.8905751211044601
Baseline,LogisticRegression,0.85,Defaults,Defaults,0.6751136708920453,0.3248863291079547
Baseline,LogisticRegression,0.85,Tuning,Tuning,0.06173083451054795,0.938269165489452
Baseline,LogisticRegression,0.85,Tuning,Tuning,0.0165591986292023,0.9834408013707977
Baseline,LogisticRegression,0.85,Tuning,Defaults,0.688257494559636,0.31174250544036397
Baseline,LogisticRegression,0.85,Tuning,Tuning,0.00013756778213025456,0.9998624322178697
Baseline,LogisticRegression,0.85,Defaults,Tuning,0.04848140433346171,0.9515185956665383
Baseline,LogisticRegression,0.85,Defaults,Tuning,0.02881198266868734,0.9711880173313127
Baseline,LogisticRegression,0.85,Tuning,Tuning,0.10886702042196572,0.8911329795780343
Baseline,LogisticRegression,0.85,Tuning,Tuning,0.07755732436937002,0.92244267563063
Baseline,LogisticRegression,0.85,Defaults,Tuning,0.36093727084244254,0.6390627291575575
Baseline,LogisticRegression,0.85,Tuning,Tuning,0.05182172490848491,0.9481782750915151
Baseline,LogisticRegression,0.85,Tuning,Tuning,0.027010492418454435,0.9729895075815456
Baseline,LogisticRegression,0.85,Tuning,Tuning,2.4359277931429446e-06,0.9999975640722069
Baseline,LogisticRegression,0.85,Tuning,Tuning,0.11498033111939843,0.8850196688806016
Baseline,LogisticRegression,0.85,Defaults,Defaults,0.8583119940746832,0.14168800592531683
Baseline,LogisticRegression,0.85,Tuning,Tuning,0.13319854878945292,0.8668014512105471
Baseline,LogisticRegression,0.85,Defaults,Tuning,0.2726092967032191,0.7273907032967809
Baseline,LogisticRegression,0.85,Tuning,Tuning,0.39305610294931215,0.6069438970506879
Baseline,LogisticRegression,0.85,Tuning,Tuning,0.39208960442942864,0.6079103955705714
Baseline,LogisticRegression,0.85,Defaults,Tuning,0.15041003838879496,0.849589961611205
Baseline,LogisticRegression,0.85,Tuning,Tuning,0.011669759339050234,0.9883302406609498
Baseline,LogisticRegression,0.85,Tuning,Tuning,0.33030871087752,0.66969128912248
Baseline,LogisticRegression,0.85,Tuning,Tuning,0.21265205477611993,0.7873479452238801
Baseline,LogisticRegression,0.85,Tuning,Tuning,0.09841881937500907,0.9015811806249909
Baseline,LogisticRegression,0.85,Tuning,Tuning,0.07728720304462056,0.9227127969553794
Baseline,LogisticRegression,0.85,Tuning,Tuning,0.149532491728402,0.850467508271598
Baseline,LogisticRegression,0.85,Tuning,Tuning,0.20129267094597125,0.7987073290540287
Baseline,LogisticRegression,0.85,Tuning,Tuning,0.05304287463725654,0.9469571253627435
Baseline,LogisticRegression,0.85,Tuning,Tuning,0.027650858004444667,0.9723491419955553
Baseline,LogisticRegression,0.85,Tuning,Tuning,0.043527430310873694,0.9564725696891263
Baseline,LogisticRegression,0.85,Defaults,Defaults,0.7260717592008934,0.27392824079910655
Baseline,LogisticRegression,0.85,Defaults,Tuning,0.3058886982429244,0.6941113017570756
Baseline,LogisticRegression,0.85,Tuning,Tuning,0.02471083111413286,0.9752891688858671
Baseline,LogisticRegression,0.85,Tuning,Defaults,0.9398818411789618,0.06011815882103825
Baseline,LogisticRegression,0.85,Tuning,Tuning,0.029309785101476526,0.9706902148985235
Baseline,LogisticRegression,0.85,Defaults,Defaults,0.6319271050269222,0.36807289497307777
Baseline,LogisticRegression,0.85,Tuning,Tuning,0.20549368367541876,0.7945063163245812
Baseline,LogisticRegression,0.85,Defaults,Defaults,0.7688102844099517,0.2311897155900483
Baseline,LogisticRegression,0.85,Tuning,Tuning,0.24036337179746503,0.759636628202535
Baseline,LogisticRegression,0.85,Tuning,Tuning,1.4370882261971474e-10,0.9999999998562912
Baseline,LogisticRegression,0.85,Tuning,Defaults,0.9492376525542132,0.050762347445786726
Baseline,LogisticRegression,0.85,Tuning,Tuning,0.08007029198907623,0.9199297080109238
Baseline,LogisticRegression,0.85,Tuning,Tuning,0.047997424311487125,0.9520025756885129
Baseline,LogisticRegression,0.85,Tuning,Tuning,0.42909993103578437,0.5709000689642156
Baseline,LogisticRegression,0.85,Tuning,Tuning,0.02129562376023897,0.978704376239761
Baseline,LogisticRegression,0.85,Tuning,Tuning,0.014280926799990601,0.9857190732000094
Baseline,LogisticRegression,0.85,Tuning,Tuning,0.19113119625812525,0.8088688037418748
Baseline,LogisticRegression,0.85,Tuning,Tuning,0.060385676584242765,0.9396143234157572
Baseline,LogisticRegression,0.85,Defaults,Tuning,0.3456027265317456,0.6543972734682544
Baseline,LogisticRegression,0.85,Tuning,Tuning,0.0680856852232884,0.9319143147767116
Baseline,LogisticRegression,0.85,Tuning,Tuning,0.02173655429327004,0.97826344570673
Baseline,LogisticRegression,0.85,Defaults,Tuning,0.13659205882345016,0.8634079411765498
Baseline,LogisticRegression,0.85,Tuning,Defaults,0.6271861797622187,0.37281382023778126
Baseline,LogisticRegression,0.85,Tuning,Tuning,0.4682402231038646,0.5317597768961354
Baseline,LogisticRegression,0.85,Tuning,Defaults,0.6180193715846516,0.38198062841534836
Baseline,LogisticRegression,0.85,Tuning,Defaults,0.6191491699882381,0.38085083001176184
Baseline,LogisticRegression,0.85,Tuning,Defaults,0.5342584156585477,0.46574158434145224
Baseline,LogisticRegression,0.85,Tuning,Tuning,0.04375500556293288,0.9562449944370671
Baseline,LogisticRegression,0.85,Tuning,Tuning,0.00029288933613735857,0.9997071106638626
Baseline,LogisticRegression,0.85,Tuning,Tuning,0.19187711665211726,0.8081228833478827
Baseline,LogisticRegression,0.85,Tuning,Tuning,0.3247904538115872,0.6752095461884128
Baseline,LogisticRegression,0.85,Defaults,Defaults,0.6315596048921457,0.3684403951078543
Baseline,LogisticRegression,0.85,Tuning,Defaults,0.540938510450256,0.459061489549744
Baseline,LogisticRegression,0.85,Defaults,Tuning,0.2273075623516212,0.7726924376483788
Baseline,LogisticRegression,0.85,Tuning,Tuning,0.1731480725334521,0.8268519274665479
Baseline,LogisticRegression,0.85,Tuning,Tuning,0.24367383755679584,0.7563261624432042
Baseline,LogisticRegression,0.85,Tuning,Tuning,0.3744394333507829,0.6255605666492171
Baseline,LogisticRegression,0.85,Tuning,Tuning,0.004924201202043399,0.9950757987979566
Baseline,LogisticRegression,0.85,Tuning,Tuning,0.29569752197844923,0.7043024780215508
Baseline,LogisticRegression,0.85,Defaults,Tuning,0.0014397778177216436,0.9985602221822784
Baseline,LogisticRegression,0.85,Tuning,Tuning,0.21926736646994627,0.7807326335300537
Baseline,LogisticRegression,0.85,Defaults,Defaults,0.7291325484515014,0.27086745154849856
Baseline,LogisticRegression,0.85,Defaults,Defaults,0.7040766101115774,0.29592338988842254
Baseline,LogisticRegression,0.85,Defaults,Defaults,0.7531753085396425,0.2468246914603575
Baseline,LogisticRegression,0.85,Defaults,Defaults,0.7046702150992172,0.2953297849007828
Baseline,LogisticRegression,0.85,Tuning,Tuning,0.07571272578717314,0.9242872742128269
Baseline,LogisticRegression,0.85,Tuning,Tuning,0.0867711511385919,0.9132288488614081
Baseline,LogisticRegression,0.85,Tuning,Tuning,0.045099580519120774,0.9549004194808792
Baseline,LogisticRegression,0.85,Defaults,Tuning,0.2340696215273741,0.7659303784726259
Baseline,LogisticRegression,0.85,Defaults,Tuning,0.4391982270652478,0.5608017729347522
Baseline,LogisticRegression,0.85,Defaults,Tuning,0.467861936008958,0.532138063991042
Baseline,LogisticRegression,0.85,Defaults,Defaults,0.6485464211911763,0.35145357880882366
Baseline,LogisticRegression,0.85,Tuning,Defaults,0.6817612344681367,0.3182387655318632
Baseline,LogisticRegression,0.85,Tuning,Defaults,0.924734530732089,0.07526546926791103
Baseline,LogisticRegression,0.85,Defaults,Defaults,0.6711391148912296,0.32886088510877043
Baseline,LogisticRegression,0.85,Tuning,Tuning,0.028545126761013062,0.9714548732389869
Baseline,LogisticRegression,0.85,Defaults,Defaults,0.552853963322367,0.4471460366776329
Baseline,LogisticRegression,0.85,Tuning,Tuning,0.023157331348198973,0.976842668651801
Baseline,LogisticRegression,0.85,Tuning,Tuning,0.002619681525586337,0.9973803184744137
Baseline,LogisticRegression,0.85,Defaults,Tuning,0.1343588967159054,0.8656411032840946
Baseline,LogisticRegression,0.85,Tuning,Tuning,0.21157592347584075,0.7884240765241592
Baseline,LogisticRegression,0.85,Defaults,Tuning,0.0,1.0
Baseline,LogisticRegression,0.85,Tuning,Tuning,0.044482859788416595,0.9555171402115834
Baseline,LogisticRegression,0.85,Tuning,Tuning,0.03358288364914486,0.9664171163508551
Baseline,LogisticRegression,0.85,Tuning,Tuning,0.061055961242093004,0.938944038757907
Baseline,LogisticRegression,0.85,Defaults,Defaults,0.6267935100009625,0.37320648999903755
Baseline,LogisticRegression,0.85,Tuning,Tuning,0.13998094259211402,0.860019057407886
Baseline,LogisticRegression,0.85,Tuning,Tuning,0.3551104937300472,0.6448895062699528
Baseline,LogisticRegression,0.85,Tuning,Tuning,0.2105892456250692,0.7894107543749308
Baseline,LogisticRegression,0.85,Defaults,Tuning,0.034498967183156815,0.9655010328168432
Baseline,LogisticRegression,0.85,Tuning,Tuning,0.3378362102846175,0.6621637897153825
Baseline,LogisticRegression,0.85,Tuning,Defaults,0.6109541396232061,0.38904586037679384
Baseline,LogisticRegression,0.85,Tuning,Tuning,0.005340595504042311,0.9946594044959577
Baseline,LogisticRegression,0.85,Tuning,Tuning,0.00774424444179711,0.9922557555582029
Baseline,LogisticRegression,0.85,Tuning,Defaults,0.8969007366845753,0.10309926331542472
Baseline,LogisticRegression,0.85,Tuning,Tuning,0.03376233284140351,0.9662376671585965
Baseline,LogisticRegression,0.85,Tuning,Tuning,0.1786071936215965,0.8213928063784035
Baseline,LogisticRegression,0.85,Defaults,Defaults,0.5996154969702059,0.40038450302979417
Baseline,LogisticRegression,0.85,Tuning,Tuning,0.005026031197094216,0.9949739688029058
Baseline,LogisticRegression,0.85,Tuning,Tuning,0.03096322658151829,0.9690367734184817
Baseline,LogisticRegression,0.85,Tuning,Tuning,0.0034856310636972587,0.9965143689363027
Baseline,LogisticRegression,0.85,Tuning,Tuning,0.039747574720365386,0.9602524252796346
Baseline,LogisticRegression,0.85,Tuning,Tuning,0.003777127010740622,0.9962228729892594
Baseline,LogisticRegression,0.85,Tuning,Tuning,0.4410442123223898,0.5589557876776102
Baseline,LogisticRegression,0.85,Tuning,Defaults,0.8052486621065185,0.1947513378934815
Baseline,LogisticRegression,0.85,Tuning,Tuning,0.002217510437242387,0.9977824895627576
Baseline,LogisticRegression,0.85,Defaults,Tuning,0.3913254817766709,0.6086745182233291
Baseline,LogisticRegression,0.85,Tuning,Tuning,0.002589235928037059,0.9974107640719629
Baseline,LogisticRegression,0.85,Defaults,Defaults,0.617333725220814,0.3826662747791861
Baseline,LogisticRegression,0.85,Tuning,Tuning,0.3247449325361417,0.6752550674638583
Baseline,LogisticRegression,0.85,Tuning,Tuning,0.42817046577424234,0.5718295342257577
Baseline,LogisticRegression,0.85,Tuning,Defaults,0.7552112914928979,0.24478870850710216
Baseline,LogisticRegression,0.85,Tuning,Tuning,0.2054608570647528,0.7945391429352472
Baseline,LogisticRegression,0.85,Defaults,Tuning,0.3789757279994528,0.6210242720005472
Baseline,LogisticRegression,0.85,Defaults,Tuning,0.1703472328648019,0.8296527671351981
Baseline,LogisticRegression,0.85,Tuning,Tuning,0.006587913536668877,0.9934120864633311
Baseline,LogisticRegression,0.85,Tuning,Tuning,0.18007149675627798,0.819928503243722
Baseline,LogisticRegression,0.85,Tuning,Tuning,0.01807390269091136,0.9819260973090886
Baseline,LogisticRegression,0.85,Tuning,Tuning,0.01807390269091136,0.9819260973090886
Baseline,LogisticRegression,0.85,Tuning,Tuning,0.24829255040481613,0.7517074495951839
Baseline,LogisticRegression,0.85,Tuning,Tuning,0.02387466249181991,0.9761253375081801
Baseline,LogisticRegression,0.85,Tuning,Defaults,0.6731756257801428,0.3268243742198572
Baseline,LogisticRegression,0.85,Tuning,Tuning,0.058075431771831276,0.9419245682281687
Baseline,LogisticRegression,0.85,Defaults,Defaults,0.5505867564602436,0.4494132435397564
Baseline,LogisticRegression,0.85,Tuning,Tuning,0.48747189311604644,0.5125281068839536
Baseline,LogisticRegression,0.85,Tuning,Defaults,0.7025764933583072,0.2974235066416928
Baseline,LogisticRegression,0.85,Tuning,Tuning,0.18902190786280315,0.8109780921371968
Baseline,LogisticRegression,0.85,Tuning,Tuning,0.09001916544187605,0.909980834558124
Baseline,LogisticRegression,0.85,Defaults,Tuning,0.43981699797079565,0.5601830020292043
Baseline,LogisticRegression,0.85,Tuning,Tuning,0.04759386616221162,0.9524061338377884
Baseline,LogisticRegression,0.85,Tuning,Tuning,0.006740148961699277,0.9932598510383007
Baseline,LogisticRegression,0.85,Tuning,Tuning,0.3043213296179499,0.6956786703820501
Baseline,LogisticRegression,0.85,Defaults,Tuning,0.3301142999110813,0.6698857000889187
Baseline,LogisticRegression,0.85,Tuning,Tuning,0.004233749237156248,0.9957662507628438
Baseline,LogisticRegression,0.85,Tuning,Defaults,0.5607763650482217,0.4392236349517783
Baseline,LogisticRegression,0.85,Tuning,Tuning,0.044553674227315376,0.9554463257726846
Baseline,LogisticRegression,0.85,Defaults,Defaults,0.8519932518951638,0.14800674810483622
Baseline,LogisticRegression,0.85,Defaults,Defaults,0.7539286358758515,0.24607136412414857
Baseline,LogisticRegression,0.85,Tuning,Tuning,0.1267922565309223,0.8732077434690777
Baseline,LogisticRegression,0.85,Tuning,Tuning,0.07352337406637444,0.9264766259336256
Baseline,LogisticRegression,0.85,Tuning,Defaults,0.6114133699385919,0.38858663006140814
Baseline,LogisticRegression,0.85,Defaults,Tuning,0.46828590058426833,0.5317140994157317
Baseline,LogisticRegression,0.85,Defaults,Tuning,0.49209483022731404,0.507905169772686
Baseline,LogisticRegression,0.85,Defaults,Defaults,0.7857364682591647,0.21426353174083532
Baseline,LogisticRegression,0.85,Tuning,Tuning,0.2872869716062496,0.7127130283937504
Baseline,LogisticRegression,0.85,Defaults,Defaults,0.5488566544190739,0.45114334558092606
Baseline,LogisticRegression,0.85,Tuning,Defaults,0.9171690664287541,0.0828309335712459
Baseline,LogisticRegression,0.85,Tuning,Tuning,0.06985452441205509,0.9301454755879449
Baseline,LogisticRegression,0.85,Defaults,Tuning,0.2422052585454929,0.7577947414545071
Baseline,LogisticRegression,0.85,Defaults,Defaults,0.854185234619141,0.14581476538085902
Baseline,LogisticRegression,0.85,Tuning,Defaults,0.6872475718106725,0.3127524281893275
Baseline,LogisticRegression,0.85,Tuning,Tuning,0.07072086495707064,0.9292791350429294
Baseline,LogisticRegression,0.85,Defaults,Tuning,0.45153619788057997,0.54846380211942
Baseline,LogisticRegression,0.85,Tuning,Tuning,0.00037011607719894535,0.999629883922801
Baseline,LogisticRegression,0.85,Tuning,Tuning,0.13984690879405948,0.8601530912059405
Baseline,LogisticRegression,0.85,Tuning,Tuning,1.9592619311392667e-05,0.9999804073806886
Baseline,LogisticRegression,0.85,Tuning,Tuning,0.2963913252621605,0.7036086747378395
Baseline,LogisticRegression,0.9,Tuning,Tuning,0.006882140664322911,0.9931178593356771
Baseline,LogisticRegression,0.9,Tuning,Tuning,0.076627600816636,0.923372399183364
Baseline,LogisticRegression,0.9,Defaults,Defaults,0.6826993555788723,0.3173006444211277
Baseline,LogisticRegression,0.9,Tuning,Tuning,0.07990948190514069,0.9200905180948593
Baseline,LogisticRegression,0.9,Tuning,Tuning,0.022516544573855213,0.9774834554261448
Baseline,LogisticRegression,0.9,Tuning,Defaults,0.6948785175877576,0.3051214824122424
Baseline,LogisticRegression,0.9,Tuning,Tuning,0.00011079121208223963,0.9998892087879178
Baseline,LogisticRegression,0.9,Defaults,Tuning,0.045392317752541045,0.954607682247459
Baseline,LogisticRegression,0.9,Defaults,Tuning,0.025158025024736408,0.9748419749752636
Baseline,LogisticRegression,0.9,Tuning,Tuning,0.10981431391722662,0.8901856860827734
Baseline,LogisticRegression,0.9,Tuning,Tuning,0.07778012984334326,0.9222198701566567
Baseline,LogisticRegression,0.9,Defaults,Tuning,0.3975230400288322,0.6024769599711678
Baseline,LogisticRegression,0.9,Tuning,Tuning,0.04647441703558908,0.9535255829644109
Baseline,LogisticRegression,0.9,Tuning,Tuning,0.029339817593288853,0.9706601824067111
Baseline,LogisticRegression,0.9,Tuning,Tuning,1.7005181126572566e-06,0.9999982994818873
Baseline,LogisticRegression,0.9,Tuning,Tuning,0.11450420578783715,0.8854957942121628
Baseline,LogisticRegression,0.9,Defaults,Defaults,0.8985459343584475,0.10145406564155246
Baseline,LogisticRegression,0.9,Tuning,Tuning,0.15248402250668058,0.8475159774933194
Baseline,LogisticRegression,0.9,Defaults,Tuning,0.2706267426512058,0.7293732573487942
Baseline,LogisticRegression,0.9,Tuning,Defaults,0.5209776564658294,0.4790223435341706
Baseline,LogisticRegression,0.9,Tuning,Tuning,0.2707927532087201,0.7292072467912799
Baseline,LogisticRegression,0.9,Defaults,Tuning,0.15523375545439422,0.8447662445456058
Baseline,LogisticRegression,0.9,Tuning,Tuning,0.016401316514794262,0.9835986834852057
Baseline,LogisticRegression,0.9,Tuning,Tuning,0.2733135312663637,0.7266864687336363
Baseline,LogisticRegression,0.9,Tuning,Tuning,0.19887138158522022,0.8011286184147798
Baseline,LogisticRegression,0.9,Tuning,Tuning,0.09832822443927891,0.9016717755607211
Baseline,LogisticRegression,0.9,Tuning,Tuning,0.08352684562228008,0.9164731543777199
Baseline,LogisticRegression,0.9,Tuning,Tuning,0.13984771623228343,0.8601522837677166
Baseline,LogisticRegression,0.9,Tuning,Tuning,0.18272396687467185,0.8172760331253281
Baseline,LogisticRegression,0.9,Tuning,Tuning,0.058904176081707615,0.9410958239182924
Baseline,LogisticRegression,0.9,Tuning,Tuning,0.03845476284401794,0.9615452371559821
Baseline,LogisticRegression,0.9,Tuning,Tuning,0.04716969569481433,0.9528303043051857
Baseline,LogisticRegression,0.9,Defaults,Defaults,0.7693117380118729,0.23068826198812709
Baseline,LogisticRegression,0.9,Defaults,Tuning,0.3146398879879958,0.6853601120120042
Baseline,LogisticRegression,0.9,Tuning,Tuning,0.010207884191688943,0.9897921158083111
Baseline,LogisticRegression,0.9,Tuning,Defaults,0.9021851638601683,0.09781483613983166
Baseline,LogisticRegression,0.9,Tuning,Tuning,0.03557805964356531,0.9644219403564347
Baseline,LogisticRegression,0.9,Defaults,Defaults,0.5791125597690508,0.42088744023094915
Baseline,LogisticRegression,0.9,Tuning,Tuning,0.17564332276553785,0.8243566772344622
Baseline,LogisticRegression,0.9,Defaults,Defaults,0.7661889752564479,0.23381102474355214
Baseline,LogisticRegression,0.9,Tuning,Tuning,0.15564172971836732,0.8443582702816327
Baseline,LogisticRegression,0.9,Tuning,Tuning,2.828421941103443e-10,0.9999999997171578
Baseline,LogisticRegression,0.9,Tuning,Defaults,0.9471335499945209,0.0528664500054791
Baseline,LogisticRegression,0.9,Tuning,Tuning,0.055537627591694005,0.944462372408306
Baseline,LogisticRegression,0.9,Tuning,Tuning,0.09365918641133875,0.9063408135886613
Baseline,LogisticRegression,0.9,Tuning,Tuning,0.4265291104962642,0.5734708895037358
Baseline,LogisticRegression,0.9,Tuning,Tuning,0.02145301215721873,0.9785469878427813
Baseline,LogisticRegression,0.9,Tuning,Tuning,0.024853364474584527,0.9751466355254155
Baseline,LogisticRegression,0.9,Tuning,Tuning,0.15726801902942478,0.8427319809705752
Baseline,LogisticRegression,0.9,Tuning,Tuning,0.04951434725400605,0.950485652745994
Baseline,LogisticRegression,0.9,Defaults,Tuning,0.23150092462588556,0.7684990753741144
Baseline,LogisticRegression,0.9,Tuning,Tuning,0.029269517424451053,0.970730482575549
Baseline,LogisticRegression,0.9,Tuning,Tuning,0.024325301138726108,0.9756746988612739
Baseline,LogisticRegression,0.9,Defaults,Tuning,0.15108942807232217,0.8489105719276778
Baseline,LogisticRegression,0.9,Tuning,Defaults,0.6682764518020963,0.3317235481979038
Baseline,LogisticRegression,0.9,Tuning,Defaults,0.548999020311175,0.451000979688825
Baseline,LogisticRegression,0.9,Tuning,Defaults,0.6447498896124385,0.3552501103875615
Baseline,LogisticRegression,0.9,Tuning,Defaults,0.6596336004580894,0.34036639954191056
Baseline,LogisticRegression,0.9,Tuning,Defaults,0.5086093816644217,0.4913906183355783
Baseline,LogisticRegression,0.9,Tuning,Tuning,0.028719192896252688,0.9712808071037473
Baseline,LogisticRegression,0.9,Tuning,Tuning,0.0002530405161491611,0.9997469594838508
Baseline,LogisticRegression,0.9,Tuning,Tuning,0.16881368650669804,0.831186313493302
Baseline,LogisticRegression,0.9,Tuning,Tuning,0.27370747093530456,0.7262925290646954
Baseline,LogisticRegression,0.9,Defaults,Defaults,0.5847584540431768,0.41524154595682317
Baseline,LogisticRegression,0.9,Tuning,Tuning,0.4797584717389245,0.5202415282610755
Baseline,LogisticRegression,0.9,Defaults,Tuning,0.22969797560999194,0.770302024390008
Baseline,LogisticRegression,0.9,Tuning,Tuning,0.16837757227910655,0.8316224277208935
Baseline,LogisticRegression,0.9,Tuning,Tuning,0.2253180024465964,0.7746819975534036
Baseline,LogisticRegression,0.9,Tuning,Tuning,0.3393925556568552,0.6606074443431448
Baseline,LogisticRegression,0.9,Tuning,Tuning,0.007370227832556031,0.992629772167444
Baseline,LogisticRegression,0.9,Tuning,Tuning,0.4161019841777921,0.5838980158222079
Baseline,LogisticRegression,0.9,Defaults,Tuning,0.002366091352119515,0.9976339086478805
Baseline,LogisticRegression,0.9,Tuning,Tuning,0.3574809163419832,0.6425190836580168
Baseline,LogisticRegression,0.9,Defaults,Defaults,0.735738010834356,0.26426198916564403
Baseline,LogisticRegression,0.9,Defaults,Defaults,0.6942624485232788,0.3057375514767212
Baseline,LogisticRegression,0.9,Defaults,Defaults,0.7988324067018442,0.20116759329815587
Baseline,LogisticRegression,0.9,Defaults,Defaults,0.71211495992821,0.2878850400717901
Baseline,LogisticRegression,0.9,Tuning,Tuning,0.07584301902371704,0.924156980976283
Baseline,LogisticRegression,0.9,Tuning,Tuning,0.0875665611151647,0.9124334388848353
Baseline,LogisticRegression,0.9,Tuning,Tuning,0.029217886659091863,0.9707821133409081
Baseline,LogisticRegression,0.9,Defaults,Tuning,0.22852470551588344,0.7714752944841166
Baseline,LogisticRegression,0.9,Defaults,Tuning,0.49950383524593434,0.5004961647540657
Baseline,LogisticRegression,0.9,Defaults,Tuning,0.44861023613660267,0.5513897638633973
Baseline,LogisticRegression,0.9,Defaults,Defaults,0.7115817989359132,0.2884182010640868
Baseline,LogisticRegression,0.9,Tuning,Defaults,0.68925580106783,0.31074419893217003
Baseline,LogisticRegression,0.9,Tuning,Defaults,0.9065958097773232,0.09340419022267671
Baseline,LogisticRegression,0.9,Defaults,Defaults,0.7358407583758424,0.26415924162415755
Baseline,LogisticRegression,0.9,Tuning,Tuning,0.02594337416381587,0.9740566258361841
Baseline,LogisticRegression,0.9,Defaults,Defaults,0.5420004245001397,0.45799957549986026
Baseline,LogisticRegression,0.9,Tuning,Tuning,0.03613981484035811,0.9638601851596419
Baseline,LogisticRegression,0.9,Tuning,Tuning,0.002002774066130475,0.9979972259338695
Baseline,LogisticRegression,0.9,Defaults,Tuning,0.09960550329092921,0.9003944967090708
Baseline,LogisticRegression,0.9,Tuning,Tuning,0.16492123233535216,0.8350787676646478
Baseline,LogisticRegression,0.9,Defaults,Tuning,0.0,1.0
Baseline,LogisticRegression,0.9,Tuning,Tuning,0.029054107951037023,0.970945892048963
Baseline,LogisticRegression,0.9,Tuning,Tuning,0.038218836541788814,0.9617811634582112
Baseline,LogisticRegression,0.9,Tuning,Tuning,0.08703568574170029,0.9129643142582997
Baseline,LogisticRegression,0.9,Defaults,Defaults,0.6764438944612582,0.3235561055387418
Baseline,LogisticRegression,0.9,Tuning,Tuning,0.1280676583342033,0.8719323416657967
Baseline,LogisticRegression,0.9,Tuning,Tuning,0.34295349875261216,0.6570465012473878
Baseline,LogisticRegression,0.9,Tuning,Tuning,0.1894177681874497,0.8105822318125503
Baseline,LogisticRegression,0.9,Defaults,Tuning,0.015437159690508517,0.9845628403094915
Baseline,LogisticRegression,0.9,Tuning,Tuning,0.35444124213267814,0.6455587578673219
Baseline,LogisticRegression,0.9,Tuning,Defaults,0.6437475245305222,0.35625247546947786
Baseline,LogisticRegression,0.9,Tuning,Tuning,0.01310425476616961,0.9868957452338304
Baseline,LogisticRegression,0.9,Tuning,Tuning,0.005651456102207519,0.9943485438977925
Baseline,LogisticRegression,0.9,Tuning,Defaults,0.8851552087959559,0.11484479120404407
Baseline,LogisticRegression,0.9,Tuning,Tuning,0.03817448699171011,0.9618255130082899
Baseline,LogisticRegression,0.9,Tuning,Tuning,0.11404766844309089,0.8859523315569091
Baseline,LogisticRegression,0.9,Defaults,Defaults,0.6394837433142649,0.36051625668573506
Baseline,LogisticRegression,0.9,Tuning,Tuning,0.00208473228320194,0.9979152677167981
Baseline,LogisticRegression,0.9,Tuning,Tuning,0.06927101137502623,0.9307289886249738
Baseline,LogisticRegression,0.9,Tuning,Tuning,0.005359134853564651,0.9946408651464353
Baseline,LogisticRegression,0.9,Tuning,Tuning,0.05000225546868331,0.9499977445313167
Baseline,LogisticRegression,0.9,Tuning,Tuning,0.0047642988694655,0.9952357011305345
Baseline,LogisticRegression,0.9,Tuning,Tuning,0.38807560323559176,0.6119243967644082
Baseline,LogisticRegression,0.9,Tuning,Defaults,0.7523950016099868,0.24760499839001315
Baseline,LogisticRegression,0.9,Tuning,Tuning,0.0018271153015393393,0.9981728846984607
Baseline,LogisticRegression,0.9,Defaults,Tuning,0.3537117178582083,0.6462882821417917
Baseline,LogisticRegression,0.9,Tuning,Tuning,0.002250081214189237,0.9977499187858108
Baseline,LogisticRegression,0.9,Defaults,Defaults,0.5747933119163735,0.42520668808362655
Baseline,LogisticRegression,0.9,Tuning,Tuning,0.29880832096287613,0.7011916790371239
Baseline,LogisticRegression,0.9,Tuning,Tuning,0.46005368237435473,0.5399463176256453
Baseline,LogisticRegression,0.9,Tuning,Defaults,0.7227159681137438,0.2772840318862561
Baseline,LogisticRegression,0.9,Tuning,Tuning,0.21513337191923065,0.7848666280807693
Baseline,LogisticRegression,0.9,Defaults,Tuning,0.439434672045513,0.560565327954487
Baseline,LogisticRegression,0.9,Defaults,Tuning,0.20363103275519645,0.7963689672448035
Baseline,LogisticRegression,0.9,Tuning,Tuning,0.009689196873375994,0.990310803126624
Baseline,LogisticRegression,0.9,Tuning,Tuning,0.21755154880833072,0.7824484511916693
Baseline,LogisticRegression,0.9,Tuning,Tuning,0.03100116879786252,0.9689988312021375
Baseline,LogisticRegression,0.9,Tuning,Tuning,0.03100116879786252,0.9689988312021375
Baseline,LogisticRegression,0.9,Tuning,Tuning,0.19582002158667933,0.8041799784133207
Baseline,LogisticRegression,0.9,Tuning,Tuning,0.022950223126024794,0.9770497768739752
Baseline,LogisticRegression,0.9,Tuning,Defaults,0.7258994357258336,0.2741005642741664
Baseline,LogisticRegression,0.9,Tuning,Tuning,0.028199686032830407,0.9718003139671696
Baseline,LogisticRegression,0.9,Defaults,Tuning,0.450706827991711,0.549293172008289
Baseline,LogisticRegression,0.9,Tuning,Defaults,0.5997549155734141,0.40024508442658596
Baseline,LogisticRegression,0.9,Tuning,Defaults,0.5390738844367529,0.46092611556324714
Baseline,LogisticRegression,0.9,Tuning,Tuning,0.1644601895736234,0.8355398104263766
Baseline,LogisticRegression,0.9,Tuning,Tuning,0.11805773624045712,0.8819422637595429
Baseline,LogisticRegression,0.9,Defaults,Tuning,0.4540041272584775,0.5459958727415225
Baseline,LogisticRegression,0.9,Tuning,Tuning,0.045889811189503193,0.9541101888104968
Baseline,LogisticRegression,0.9,Tuning,Tuning,0.005526376574837011,0.994473623425163
Baseline,LogisticRegression,0.9,Tuning,Tuning,0.38680353679350266,0.6131964632064973
Baseline,LogisticRegression,0.9,Defaults,Tuning,0.26932617702898587,0.7306738229710141
Baseline,LogisticRegression,0.9,Tuning,Tuning,0.0034445375667297995,0.9965554624332702
Baseline,LogisticRegression,0.9,Tuning,Defaults,0.5600434784443522,0.43995652155564785
Baseline,LogisticRegression,0.9,Tuning,Tuning,0.05017615016823462,0.9498238498317654
Baseline,LogisticRegression,0.9,Defaults,Defaults,0.8870568383966504,0.11294316160334966
Baseline,LogisticRegression,0.9,Defaults,Defaults,0.8372839909705606,0.16271600902943936
Baseline,LogisticRegression,0.9,Tuning,Tuning,0.07293564614781622,0.9270643538521838
Baseline,LogisticRegression,0.9,Tuning,Tuning,0.049350190040312714,0.9506498099596873
Baseline,LogisticRegression,0.9,Tuning,Defaults,0.8173435716434887,0.1826564283565113
Baseline,LogisticRegression,0.9,Defaults,Tuning,0.4235588905681239,0.5764411094318761
Baseline,LogisticRegression,0.9,Defaults,Defaults,0.5917856854593848,0.40821431454061524
Baseline,LogisticRegression,0.9,Defaults,Defaults,0.8064055694993275,0.19359443050067252
Baseline,LogisticRegression,0.9,Tuning,Tuning,0.259526239908913,0.740473760091087
Baseline,LogisticRegression,0.9,Defaults,Defaults,0.5929483083115348,0.4070516916884653
Baseline,LogisticRegression,0.9,Tuning,Defaults,0.9203671669432775,0.07963283305672252
Baseline,LogisticRegression,0.9,Tuning,Tuning,0.07668841878838561,0.9233115812116144
Baseline,LogisticRegression,0.9,Defaults,Tuning,0.23914466139087098,0.760855338609129
Baseline,LogisticRegression,0.9,Defaults,Defaults,0.8852653944174212,0.11473460558257877
Baseline,LogisticRegression,0.9,Tuning,Defaults,0.6586783962791619,0.3413216037208381
Baseline,LogisticRegression,0.9,Tuning,Tuning,0.10204774752135692,0.8979522524786431
Baseline,LogisticRegression,0.9,Defaults,Defaults,0.5829621298414821,0.4170378701585179
Baseline,LogisticRegression,0.9,Tuning,Tuning,0.0017954731102095556,0.9982045268897904
Baseline,LogisticRegression,0.9,Tuning,Tuning,0.09806522158835151,0.9019347784116485
Baseline,LogisticRegression,0.9,Tuning,Tuning,1.0302216722046786e-05,0.999989697783278
Baseline,LogisticRegression,0.9,Tuning,Tuning,0.2409645752125178,0.7590354247874822
Baseline,LogisticRegression,0.95,Tuning,Tuning,0.004879360020315082,0.9951206399796849
Baseline,LogisticRegression,0.95,Tuning,Tuning,0.07781303302582776,0.9221869669741722
Baseline,LogisticRegression,0.95,Defaults,Defaults,0.691764256464344,0.308235743535656
Baseline,LogisticRegression,0.95,Tuning,Tuning,0.07723488112543708,0.9227651188745629
Baseline,LogisticRegression,0.95,Tuning,Tuning,0.023366360626153715,0.9766336393738463
Baseline,LogisticRegression,0.95,Tuning,Defaults,0.7618721731932725,0.23812782680672745
Baseline,LogisticRegression,0.95,Tuning,Tuning,0.0004692069635746643,0.9995307930364253
Baseline,LogisticRegression,0.95,Defaults,Tuning,0.044332348219686235,0.9556676517803138
Baseline,LogisticRegression,0.95,Defaults,Tuning,0.02397499286512672,0.9760250071348733
Baseline,LogisticRegression,0.95,Tuning,Tuning,0.11101373264858294,0.8889862673514171
Baseline,LogisticRegression,0.95,Tuning,Tuning,0.07733770721207045,0.9226622927879295
Baseline,LogisticRegression,0.95,Defaults,Tuning,0.43186422568006955,0.5681357743199305
Baseline,LogisticRegression,0.95,Tuning,Tuning,0.04783400821184258,0.9521659917881574
Baseline,LogisticRegression,0.95,Tuning,Tuning,0.02892143175516726,0.9710785682448327
Baseline,LogisticRegression,0.95,Tuning,Tuning,1.8608890085536345e-06,0.9999981391109914
Baseline,LogisticRegression,0.95,Tuning,Tuning,0.10710163894263847,0.8928983610573615
Baseline,LogisticRegression,0.95,Defaults,Defaults,0.9081606844511977,0.09183931554880231
Baseline,LogisticRegression,0.95,Tuning,Tuning,0.14079750469100505,0.859202495308995
Baseline,LogisticRegression,0.95,Defaults,Tuning,0.32244300620903044,0.6775569937909696
Baseline,LogisticRegression,0.95,Tuning,Defaults,0.5422269667209539,0.45777303327904606
Baseline,LogisticRegression,0.95,Tuning,Tuning,0.27776745099137323,0.7222325490086268
Baseline,LogisticRegression,0.95,Defaults,Tuning,0.15073725383435488,0.8492627461656451
Baseline,LogisticRegression,0.95,Tuning,Tuning,0.01538622997788941,0.9846137700221106
Baseline,LogisticRegression,0.95,Tuning,Tuning,0.2268744288255602,0.7731255711744398
Baseline,LogisticRegression,0.95,Tuning,Tuning,0.1917754794583334,0.8082245205416666
Baseline,LogisticRegression,0.95,Tuning,Tuning,0.08868626718378436,0.9113137328162156
Baseline,LogisticRegression,0.95,Tuning,Tuning,0.0935476269549893,0.9064523730450107
Baseline,LogisticRegression,0.95,Tuning,Tuning,0.12256396622621579,0.8774360337737842
Baseline,LogisticRegression,0.95,Tuning,Tuning,0.1566000320773261,0.8433999679226739
Baseline,LogisticRegression,0.95,Tuning,Tuning,0.05244879276336323,0.9475512072366368
Baseline,LogisticRegression,0.95,Tuning,Tuning,0.028597718527624716,0.9714022814723753
Baseline,LogisticRegression,0.95,Tuning,Tuning,0.04926163061934952,0.9507383693806505
Baseline,LogisticRegression,0.95,Defaults,Defaults,0.7779968480205353,0.22200315197946477
Baseline,LogisticRegression,0.95,Defaults,Tuning,0.3247759109581392,0.6752240890418608
Baseline,LogisticRegression,0.95,Tuning,Tuning,0.00872828727495678,0.9912717127250432
Baseline,LogisticRegression,0.95,Tuning,Defaults,0.8249594295106701,0.17504057048932992
Baseline,LogisticRegression,0.95,Tuning,Tuning,0.059703088982535846,0.9402969110174642
Baseline,LogisticRegression,0.95,Defaults,Defaults,0.7028741082959876,0.2971258917040124
Baseline,LogisticRegression,0.95,Tuning,Tuning,0.19953309290205445,0.8004669070979455
Baseline,LogisticRegression,0.95,Defaults,Defaults,0.7336298950250635,0.2663701049749366
Baseline,LogisticRegression,0.95,Tuning,Tuning,0.12364845029666804,0.876351549703332
Baseline,LogisticRegression,0.95,Tuning,Tuning,2.2502000263102673e-09,0.9999999977498
Baseline,LogisticRegression,0.95,Tuning,Defaults,0.9357505398868781,0.06424946011312191
Baseline,LogisticRegression,0.95,Tuning,Tuning,0.05590737571995463,0.9440926242800454
Baseline,LogisticRegression,0.95,Tuning,Tuning,0.08311699011252027,0.9168830098874797
Baseline,LogisticRegression,0.95,Tuning,Tuning,0.39227379966584375,0.6077262003341563
Baseline,LogisticRegression,0.95,Tuning,Tuning,0.019800684032851734,0.9801993159671483
Baseline,LogisticRegression,0.95,Tuning,Tuning,0.018738146094533836,0.9812618539054662
Baseline,LogisticRegression,0.95,Tuning,Tuning,0.16210004822249557,0.8378999517775044
Baseline,LogisticRegression,0.95,Tuning,Tuning,0.046883404819302976,0.953116595180697
Baseline,LogisticRegression,0.95,Defaults,Tuning,0.23712342677764553,0.7628765732223545
Baseline,LogisticRegression,0.95,Tuning,Tuning,0.009959871490106686,0.9900401285098933
Baseline,LogisticRegression,0.95,Tuning,Tuning,0.018221481206203927,0.9817785187937961
Baseline,LogisticRegression,0.95,Defaults,Tuning,0.11808648211424921,0.8819135178857508
Baseline,LogisticRegression,0.95,Tuning,Defaults,0.654732498658005,0.3452675013419951
Baseline,LogisticRegression,0.95,Tuning,Defaults,0.6287118471399532,0.3712881528600468
Baseline,LogisticRegression,0.95,Tuning,Defaults,0.6219580949222198,0.37804190507778024
Baseline,LogisticRegression,0.95,Tuning,Defaults,0.6919364176817486,0.30806358231825137
Baseline,LogisticRegression,0.95,Tuning,Tuning,0.4941208806951837,0.5058791193048163
Baseline,LogisticRegression,0.95,Tuning,Tuning,0.022164266245858766,0.9778357337541412
Baseline,LogisticRegression,0.95,Tuning,Tuning,0.0002833231694283622,0.9997166768305716
Baseline,LogisticRegression,0.95,Tuning,Tuning,0.1699352607428527,0.8300647392571473
Baseline,LogisticRegression,0.95,Tuning,Tuning,0.2549636503002777,0.7450363496997223
Baseline,LogisticRegression,0.95,Defaults,Defaults,0.603989930387381,0.3960100696126189
Baseline,LogisticRegression,0.95,Tuning,Tuning,0.4591349974588058,0.5408650025411942
Baseline,LogisticRegression,0.95,Defaults,Tuning,0.19794288829186957,0.8020571117081304
Baseline,LogisticRegression,0.95,Tuning,Tuning,0.1628589352324079,0.8371410647675921
Baseline,LogisticRegression,0.95,Tuning,Tuning,0.27759901213933913,0.7224009878606609
Baseline,LogisticRegression,0.95,Tuning,Tuning,0.37265819758031105,0.627341802419689
Baseline,LogisticRegression,0.95,Tuning,Tuning,0.014323846149585706,0.9856761538504143
Baseline,LogisticRegression,0.95,Tuning,Tuning,0.3212996102897203,0.6787003897102797
Baseline,LogisticRegression,0.95,Defaults,Tuning,0.0021158814305327622,0.9978841185694672
Baseline,LogisticRegression,0.95,Tuning,Tuning,0.34135398439656817,0.6586460156034318
Baseline,LogisticRegression,0.95,Defaults,Defaults,0.7596472565730226,0.24035274342697746
Baseline,LogisticRegression,0.95,Defaults,Defaults,0.7306573172399662,0.26934268276003376
Baseline,LogisticRegression,0.95,Defaults,Defaults,0.8199062770909203,0.18009372290907968
Baseline,LogisticRegression,0.95,Defaults,Defaults,0.7343135410181468,0.26568645898185317
Baseline,LogisticRegression,0.95,Tuning,Tuning,0.07181230322597365,0.9281876967740263
Baseline,LogisticRegression,0.95,Tuning,Tuning,0.08745752831694231,0.9125424716830577
Baseline,LogisticRegression,0.95,Tuning,Tuning,0.023392644682783348,0.9766073553172167
Baseline,LogisticRegression,0.95,Defaults,Tuning,0.24338520735425084,0.7566147926457492
Baseline,LogisticRegression,0.95,Defaults,Defaults,0.5271075463419472,0.4728924536580527
Baseline,LogisticRegression,0.95,Defaults,Tuning,0.39593261382651557,0.6040673861734844
Baseline,LogisticRegression,0.95,Defaults,Defaults,0.6987591473097626,0.30124085269023737
Baseline,LogisticRegression,0.95,Tuning,Defaults,0.7166504424050681,0.28334955759493186
Baseline,LogisticRegression,0.95,Tuning,Defaults,0.9188567457830974,0.08114325421690255
Baseline,LogisticRegression,0.95,Defaults,Defaults,0.7311165332302576,0.26888346676974234
Baseline,LogisticRegression,0.95,Tuning,Tuning,0.024683484521746735,0.9753165154782533
Baseline,LogisticRegression,0.95,Defaults,Defaults,0.6061893699472319,0.39381063005276806
Baseline,LogisticRegression,0.95,Tuning,Tuning,0.027617207233287644,0.9723827927667124
Baseline,LogisticRegression,0.95,Tuning,Tuning,0.0014452388443184638,0.9985547611556815
Baseline,LogisticRegression,0.95,Defaults,Tuning,0.10236154245518236,0.8976384575448176
Baseline,LogisticRegression,0.95,Tuning,Tuning,0.14019200445290814,0.8598079955470919
Baseline,LogisticRegression,0.95,Defaults,Tuning,0.0,1.0
Baseline,LogisticRegression,0.95,Tuning,Tuning,0.022220056943427435,0.9777799430565726
Baseline,LogisticRegression,0.95,Tuning,Tuning,0.04216262938013671,0.9578373706198633
Baseline,LogisticRegression,0.95,Tuning,Tuning,0.07701065310227118,0.9229893468977288
Baseline,LogisticRegression,0.95,Defaults,Defaults,0.6967762310252601,0.3032237689747399
Baseline,LogisticRegression,0.95,Tuning,Tuning,0.17587709407899332,0.8241229059210067
Baseline,LogisticRegression,0.95,Tuning,Tuning,0.43144345246652827,0.5685565475334717
Baseline,LogisticRegression,0.95,Tuning,Tuning,0.14671739910256687,0.8532826008974331
Baseline,LogisticRegression,0.95,Defaults,Tuning,0.012933582020889789,0.9870664179791102
Baseline,LogisticRegression,0.95,Tuning,Tuning,0.3416343652554146,0.6583656347445854
Baseline,LogisticRegression,0.95,Tuning,Defaults,0.6073795539856481,0.3926204460143519
Baseline,LogisticRegression,0.95,Tuning,Tuning,0.014090393438429993,0.98590960656157
Baseline,LogisticRegression,0.95,Tuning,Tuning,0.0030494987220324177,0.9969505012779676
Baseline,LogisticRegression,0.95,Tuning,Defaults,0.8803805173171123,0.11961948268288769
Baseline,LogisticRegression,0.95,Tuning,Tuning,0.04137550784847466,0.9586244921515253
Baseline,LogisticRegression,0.95,Tuning,Tuning,0.07639142956187894,0.9236085704381211
Baseline,LogisticRegression,0.95,Defaults,Defaults,0.6829948282924798,0.31700517170752013
Baseline,LogisticRegression,0.95,Tuning,Tuning,0.0023558933690622785,0.9976441066309377
Baseline,LogisticRegression,0.95,Tuning,Tuning,0.0622857945479961,0.9377142054520039
Baseline,LogisticRegression,0.95,Tuning,Tuning,0.1035963809465359,0.8964036190534641
Baseline,LogisticRegression,0.95,Tuning,Tuning,0.039555213724397964,0.960444786275602
Baseline,LogisticRegression,0.95,Tuning,Tuning,0.0023869557305710165,0.997613044269429
Baseline,LogisticRegression,0.95,Tuning,Tuning,0.4210212365739584,0.5789787634260416
Baseline,LogisticRegression,0.95,Tuning,Defaults,0.7383085483612074,0.2616914516387926
Baseline,LogisticRegression,0.95,Tuning,Tuning,0.002146397327958738,0.9978536026720413
Baseline,LogisticRegression,0.95,Defaults,Tuning,0.3947149152268258,0.6052850847731742
Baseline,LogisticRegression,0.95,Tuning,Tuning,0.0006828404898098217,0.9993171595101902
Baseline,LogisticRegression,0.95,Defaults,Defaults,0.6086410270954465,0.3913589729045534
Baseline,LogisticRegression,0.95,Tuning,Tuning,0.2529571399603633,0.7470428600396367
Baseline,LogisticRegression,0.95,Tuning,Tuning,0.46022029010765275,0.5397797098923472
Baseline,LogisticRegression,0.95,Tuning,Defaults,0.7466149289996833,0.25338507100031665
Baseline,LogisticRegression,0.95,Tuning,Tuning,0.20355607404798837,0.7964439259520116
Baseline,LogisticRegression,0.95,Defaults,Tuning,0.39811272762935435,0.6018872723706457
Baseline,LogisticRegression,0.95,Defaults,Tuning,0.21935475987302888,0.7806452401269711
Baseline,LogisticRegression,0.95,Tuning,Tuning,0.008401888389569234,0.9915981116104308
Baseline,LogisticRegression,0.95,Tuning,Tuning,0.13397028952040513,0.8660297104795949
Baseline,LogisticRegression,0.95,Tuning,Tuning,0.032726660152115006,0.967273339847885
Baseline,LogisticRegression,0.95,Tuning,Tuning,0.032726660152115006,0.967273339847885
Baseline,LogisticRegression,0.95,Tuning,Tuning,0.1161594962507898,0.8838405037492102
Baseline,LogisticRegression,0.95,Tuning,Tuning,0.022405147252554602,0.9775948527474454
Baseline,LogisticRegression,0.95,Tuning,Defaults,0.66364066137094,0.33635933862906003
Baseline,LogisticRegression,0.95,Tuning,Tuning,0.047963418782537626,0.9520365812174624
Baseline,LogisticRegression,0.95,Defaults,Tuning,0.3791417572600182,0.6208582427399818
Baseline,LogisticRegression,0.95,Tuning,Defaults,0.5762781335148968,0.4237218664851033
Baseline,LogisticRegression,0.95,Tuning,Defaults,0.5281001201136171,0.47189987988638293
Baseline,LogisticRegression,0.95,Tuning,Tuning,0.16374431996660566,0.8362556800333943
Baseline,LogisticRegression,0.95,Tuning,Tuning,0.1156312531409448,0.8843687468590552
Baseline,LogisticRegression,0.95,Defaults,Tuning,0.38796642410709814,0.6120335758929019
Baseline,LogisticRegression,0.95,Tuning,Tuning,0.11323974328775388,0.8867602567122461
Baseline,LogisticRegression,0.95,Tuning,Tuning,0.022182659722293052,0.977817340277707
Baseline,LogisticRegression,0.95,Tuning,Tuning,0.3740836443303004,0.6259163556696996
Baseline,LogisticRegression,0.95,Defaults,Tuning,0.27827035529067856,0.7217296447093214
Baseline,LogisticRegression,0.95,Tuning,Tuning,0.0014122190089504993,0.9985877809910495
Baseline,LogisticRegression,0.95,Tuning,Defaults,0.6589056173550255,0.3410943826449745
Baseline,LogisticRegression,0.95,Tuning,Tuning,0.054949709729743,0.945050290270257
Baseline,LogisticRegression,0.95,Defaults,Defaults,0.9174742050399051,0.08252579496009493
Baseline,LogisticRegression,0.95,Defaults,Defaults,0.8335813708151273,0.16641862918487269
Baseline,LogisticRegression,0.95,Tuning,Tuning,0.06787807533973111,0.9321219246602689
Baseline,LogisticRegression,0.95,Tuning,Tuning,0.04248193888088703,0.957518061119113
Baseline,LogisticRegression,0.95,Tuning,Defaults,0.7995432746459514,0.20045672535404863
Baseline,LogisticRegression,0.95,Defaults,Tuning,0.4102320609105842,0.5897679390894158
Baseline,LogisticRegression,0.95,Defaults,Defaults,0.5621850430221172,0.43781495697788275
Baseline,LogisticRegression,0.95,Defaults,Defaults,0.7816215422979932,0.2183784577020068
Baseline,LogisticRegression,0.95,Tuning,Tuning,0.3242314213623074,0.6757685786376926
Baseline,LogisticRegression,0.95,Defaults,Defaults,0.5940712269882966,0.4059287730117034
Baseline,LogisticRegression,0.95,Tuning,Defaults,0.9179278033100473,0.08207219668995275
Baseline,LogisticRegression,0.95,Tuning,Tuning,0.06145530288837986,0.9385446971116201
Baseline,LogisticRegression,0.95,Defaults,Tuning,0.24389021607618422,0.7561097839238158
Baseline,LogisticRegression,0.95,Defaults,Defaults,0.8624747734357698,0.13752522656423016
Baseline,LogisticRegression,0.95,Tuning,Defaults,0.6861968047163951,0.3138031952836049
Baseline,LogisticRegression,0.95,Tuning,Tuning,0.08045502708564489,0.9195449729143551
Baseline,LogisticRegression,0.95,Defaults,Defaults,0.6131513750130524,0.38684862498694755
Baseline,LogisticRegression,0.95,Tuning,Tuning,0.001216898844956349,0.9987831011550437
Baseline,LogisticRegression,0.95,Tuning,Tuning,0.1583468235746942,0.8416531764253058
Baseline,LogisticRegression,0.95,Tuning,Tuning,1.3238728902242869e-05,0.9999867612710978
Baseline,LogisticRegression,0.95,Tuning,Tuning,0.23456024555384059,0.7654397544461594
Baseline,XGBoost,0.8,Tuning,Tuning,0.006428360939025879,0.9935716390609741
Baseline,XGBoost,0.8,Tuning,Tuning,0.0012794733047485352,0.9987205266952515
Baseline,XGBoost,0.8,Defaults,Defaults,0.7889310121536255,0.21106895804405212
Baseline,XGBoost,0.8,Tuning,Tuning,0.0032166242599487305,0.9967833757400513
Baseline,XGBoost,0.8,Tuning,Tuning,0.003478407859802246,0.9965215921401978
Baseline,XGBoost,0.8,Tuning,Defaults,0.9030510187149048,0.09694896638393402
Baseline,XGBoost,0.8,Tuning,Tuning,0.0011079907417297363,0.9988920092582703
Baseline,XGBoost,0.8,Defaults,Tuning,0.13927984237670898,0.860720157623291
Baseline,XGBoost,0.8,Defaults,Tuning,0.16148531436920166,0.8385146856307983
Baseline,XGBoost,0.8,Tuning,Tuning,0.015811443328857422,0.9841885566711426
Baseline,XGBoost,0.8,Tuning,Tuning,0.0021587610244750977,0.9978412389755249
Baseline,XGBoost,0.8,Defaults,Tuning,0.0423237681388855,0.9576762318611145
Baseline,XGBoost,0.8,Tuning,Tuning,0.002074599266052246,0.9979254007339478
Baseline,XGBoost,0.8,Tuning,Tuning,0.0008999109268188477,0.9991000890731812
Baseline,XGBoost,0.8,Tuning,Tuning,0.011340618133544922,0.9886593818664551
Baseline,XGBoost,0.8,Tuning,Tuning,0.0025832653045654297,0.9974167346954346
Baseline,XGBoost,0.8,Defaults,Defaults,0.9917538166046143,0.008246184326708317
Baseline,XGBoost,0.8,Tuning,Tuning,0.07093733549118042,0.9290626645088196
Baseline,XGBoost,0.8,Defaults,Tuning,0.08229571580886841,0.9177042841911316
Baseline,XGBoost,0.8,Tuning,Tuning,0.27767324447631836,0.7223267555236816
Baseline,XGBoost,0.8,Tuning,Tuning,0.1811160445213318,0.8188839554786682
Baseline,XGBoost,0.8,Defaults,Tuning,0.049034297466278076,0.9509657025337219
Baseline,XGBoost,0.8,Tuning,Tuning,0.018804550170898438,0.9811954498291016
Baseline,XGBoost,0.8,Tuning,Tuning,0.044560372829437256,0.9554396271705627
Baseline,XGBoost,0.8,Tuning,Tuning,0.0021939873695373535,0.9978060126304626
Baseline,XGBoost,0.8,Tuning,Tuning,0.0014098286628723145,0.9985901713371277
Baseline,XGBoost,0.8,Tuning,Tuning,0.003726959228515625,0.9962730407714844
Baseline,XGBoost,0.8,Tuning,Tuning,0.004587233066558838,0.9954127669334412
Baseline,XGBoost,0.8,Tuning,Tuning,0.0007686614990234375,0.9992313385009766
Baseline,XGBoost,0.8,Tuning,Tuning,0.00676119327545166,0.9932388067245483
Baseline,XGBoost,0.8,Tuning,Tuning,0.0008542537689208984,0.9991457462310791
Baseline,XGBoost,0.8,Tuning,Tuning,0.003726959228515625,0.9962730407714844
Baseline,XGBoost,0.8,Defaults,Defaults,0.9762399792671204,0.02376001887023449
Baseline,XGBoost,0.8,Defaults,Tuning,0.15264290571212769,0.8473570942878723
Baseline,XGBoost,0.8,Tuning,Tuning,0.030259549617767334,0.9697404503822327
Baseline,XGBoost,0.8,Tuning,Tuning,0.14760583639144897,0.852394163608551
Baseline,XGBoost,0.8,Tuning,Tuning,0.23605602979660034,0.7639439702033997
Baseline,XGBoost,0.8,Defaults,Defaults,0.7165333032608032,0.28346672654151917
Baseline,XGBoost,0.8,Tuning,Tuning,0.005779862403869629,0.9942201375961304
Baseline,XGBoost,0.8,Defaults,Defaults,0.9655929803848267,0.034407030791044235
Baseline,XGBoost,0.8,Tuning,Tuning,0.019372880458831787,0.9806271195411682
Baseline,XGBoost,0.8,Tuning,Tuning,0.00911247730255127,0.9908875226974487
Baseline,XGBoost,0.8,Tuning,Tuning,0.1349133849143982,0.8650866150856018
Baseline,XGBoost,0.8,Tuning,Tuning,0.00024443864822387695,0.9997555613517761
Baseline,XGBoost,0.8,Tuning,Tuning,0.017181575298309326,0.9828184247016907
Baseline,XGBoost,0.8,Tuning,Tuning,0.008917808532714844,0.9910821914672852
Baseline,XGBoost,0.8,Tuning,Defaults,0.7108838558197021,0.28911614418029785
Baseline,XGBoost,0.8,Tuning,Tuning,0.0015016794204711914,0.9984983205795288
Baseline,XGBoost,0.8,Tuning,Tuning,0.21516048908233643,0.7848395109176636
Baseline,XGBoost,0.8,Tuning,Tuning,0.0419766902923584,0.9580233097076416
Baseline,XGBoost,0.8,Defaults,Tuning,0.03873121738433838,0.9612687826156616
Baseline,XGBoost,0.8,Tuning,Tuning,0.010575711727142334,0.9894242882728577
Baseline,XGBoost,0.8,Tuning,Tuning,0.0039209723472595215,0.9960790276527405
Baseline,XGBoost,0.8,Defaults,Tuning,0.013341069221496582,0.9866589307785034
Baseline,XGBoost,0.8,Tuning,Defaults,0.9599927663803101,0.04000724107027054
Baseline,XGBoost,0.8,Tuning,Tuning,0.03969871997833252,0.9603012800216675
Baseline,XGBoost,0.8,Tuning,Tuning,0.1110219955444336,0.8889780044555664
Baseline,XGBoost,0.8,Tuning,Defaults,0.7370835542678833,0.2629164755344391
Baseline,XGBoost,0.8,Tuning,Defaults,0.6625930070877075,0.33740702271461487
Baseline,XGBoost,0.8,Tuning,Tuning,0.002152562141418457,0.9978474378585815
Baseline,XGBoost,0.8,Tuning,Tuning,0.002220451831817627,0.9977795481681824
Baseline,XGBoost,0.8,Tuning,Tuning,0.01433783769607544,0.9856621623039246
Baseline,XGBoost,0.8,Tuning,Tuning,0.14413827657699585,0.8558617234230042
Baseline,XGBoost,0.8,Defaults,Tuning,0.05209273099899292,0.9479072690010071
Baseline,XGBoost,0.8,Tuning,Defaults,0.739200234413147,0.26079973578453064
Baseline,XGBoost,0.8,Defaults,Tuning,0.19443190097808838,0.8055680990219116
Baseline,XGBoost,0.8,Tuning,Tuning,0.134873628616333,0.865126371383667
Baseline,XGBoost,0.8,Tuning,Tuning,0.03568243980407715,0.9643175601959229
Baseline,XGBoost,0.8,Tuning,Tuning,0.3689597249031067,0.6310402750968933
Baseline,XGBoost,0.8,Tuning,Tuning,0.26977860927581787,0.7302213907241821
Baseline,XGBoost,0.8,Tuning,Tuning,0.09186798334121704,0.908132016658783
Baseline,XGBoost,0.8,Defaults,Tuning,0.0077588558197021484,0.9922411441802979
Baseline,XGBoost,0.8,Tuning,Tuning,0.2129496932029724,0.7870503067970276
Baseline,XGBoost,0.8,Defaults,Defaults,0.9434086084365845,0.056591399013996124
Baseline,XGBoost,0.8,Defaults,Defaults,0.9663287997245789,0.033671218901872635
Baseline,XGBoost,0.8,Defaults,Tuning,0.3023557662963867,0.6976442337036133
Baseline,XGBoost,0.8,Defaults,Defaults,0.9663287997245789,0.033671218901872635
Baseline,XGBoost,0.8,Tuning,Tuning,0.07518547773361206,0.9248145222663879
Baseline,XGBoost,0.8,Tuning,Tuning,0.11291438341140747,0.8870856165885925
Baseline,XGBoost,0.8,Tuning,Defaults,0.8371132016181946,0.1628868132829666
Baseline,XGBoost,0.8,Defaults,Tuning,0.36556512117385864,0.6344348788261414
Baseline,XGBoost,0.8,Defaults,Defaults,0.806360125541687,0.1936398446559906
Baseline,XGBoost,0.8,Defaults,Tuning,0.09043371677398682,0.9095662832260132
Baseline,XGBoost,0.8,Defaults,Defaults,0.7520819902420044,0.2479179948568344
Baseline,XGBoost,0.8,Tuning,Defaults,0.5367293357849121,0.4632706344127655
Baseline,XGBoost,0.8,Tuning,Tuning,0.20622754096984863,0.7937724590301514
Baseline,XGBoost,0.8,Defaults,Defaults,0.9753267168998718,0.02467326633632183
Baseline,XGBoost,0.8,Tuning,Tuning,0.0007880926132202148,0.9992119073867798
Baseline,XGBoost,0.8,Defaults,Defaults,0.912887692451477,0.08711231499910355
Baseline,XGBoost,0.8,Tuning,Tuning,0.012006878852844238,0.9879931211471558
Baseline,XGBoost,0.8,Tuning,Tuning,0.0005339980125427246,0.9994660019874573
Baseline,XGBoost,0.8,Defaults,Tuning,0.027096867561340332,0.9729031324386597
Baseline,XGBoost,0.8,Tuning,Tuning,0.007564961910247803,0.9924350380897522
Baseline,XGBoost,0.8,Defaults,Tuning,0.07087177038192749,0.9291282296180725
Baseline,XGBoost,0.8,Tuning,Tuning,0.14010530710220337,0.8598946928977966
Baseline,XGBoost,0.8,Tuning,Tuning,0.0027890801429748535,0.9972109198570251
Baseline,XGBoost,0.8,Tuning,Tuning,0.00793391466140747,0.9920660853385925
Baseline,XGBoost,0.8,Defaults,Defaults,0.7393893003463745,0.2606107294559479
Baseline,XGBoost,0.8,Tuning,Defaults,0.5676171779632568,0.43238285183906555
Baseline,XGBoost,0.8,Tuning,Tuning,0.0015500783920288086,0.9984499216079712
Baseline,XGBoost,0.8,Tuning,Tuning,0.05991518497467041,0.9400848150253296
Baseline,XGBoost,0.8,Defaults,Tuning,0.00046634674072265625,0.9995336532592773
Baseline,XGBoost,0.8,Tuning,Tuning,0.43548548221588135,0.5645145177841187
Baseline,XGBoost,0.8,Tuning,Tuning,0.06809943914413452,0.9319005608558655
Baseline,XGBoost,0.8,Tuning,Tuning,0.2417275309562683,0.7582724690437317
Baseline,XGBoost,0.8,Tuning,Tuning,0.0039408206939697266,0.9960591793060303
Baseline,XGBoost,0.8,Tuning,Defaults,0.6851927042007446,0.31480729579925537
Baseline,XGBoost,0.8,Tuning,Tuning,0.0027890801429748535,0.9972109198570251
Baseline,XGBoost,0.8,Tuning,Tuning,0.021532773971557617,0.9784672260284424
Baseline,XGBoost,0.8,Defaults,Tuning,0.4458179473876953,0.5541820526123047
Baseline,XGBoost,0.8,Tuning,Tuning,0.004540622234344482,0.9954593777656555
Baseline,XGBoost,0.8,Tuning,Tuning,0.0015214085578918457,0.9984785914421082
Baseline,XGBoost,0.8,Tuning,Tuning,0.0036556124687194824,0.9963443875312805
Baseline,XGBoost,0.8,Tuning,Tuning,0.0014430880546569824,0.998556911945343
Baseline,XGBoost,0.8,Tuning,Tuning,0.0024475455284118652,0.9975524544715881
Baseline,XGBoost,0.8,Tuning,Tuning,0.027158617973327637,0.9728413820266724
Baseline,XGBoost,0.8,Tuning,Defaults,0.6198012828826904,0.38019871711730957
Baseline,XGBoost,0.8,Tuning,Tuning,0.007303953170776367,0.9926960468292236
Baseline,XGBoost,0.8,Defaults,Tuning,0.06394559144973755,0.9360544085502625
Baseline,XGBoost,0.8,Tuning,Tuning,0.1808043122291565,0.8191956877708435
Baseline,XGBoost,0.8,Defaults,Defaults,0.7454351782798767,0.2545648217201233
Baseline,XGBoost,0.8,Tuning,Tuning,0.11096572875976562,0.8890342712402344
Baseline,XGBoost,0.8,Tuning,Tuning,0.11488562822341919,0.8851143717765808
Baseline,XGBoost,0.8,Tuning,Defaults,0.5536502599716187,0.44634971022605896
Baseline,XGBoost,0.8,Tuning,Tuning,0.001023411750793457,0.9989765882492065
Baseline,XGBoost,0.8,Defaults,Tuning,0.021796345710754395,0.9782036542892456
Baseline,XGBoost,0.8,Defaults,Tuning,0.06778866052627563,0.9322113394737244
Baseline,XGBoost,0.8,Tuning,Tuning,0.0006887912750244141,0.9993112087249756
Baseline,XGBoost,0.8,Tuning,Tuning,0.12286221981048584,0.8771377801895142
Baseline,XGBoost,0.8,Tuning,Tuning,0.0011754631996154785,0.9988245368003845
Baseline,XGBoost,0.8,Tuning,Tuning,0.0011754631996154785,0.9988245368003845
Baseline,XGBoost,0.8,Tuning,Tuning,0.01107567548751831,0.9889243245124817
Baseline,XGBoost,0.8,Tuning,Tuning,0.004543185234069824,0.9954568147659302
Baseline,XGBoost,0.8,Tuning,Tuning,0.10840356349945068,0.8915964365005493
Baseline,XGBoost,0.8,Tuning,Tuning,0.007392525672912598,0.9926074743270874
Baseline,XGBoost,0.8,Defaults,Tuning,0.06829112768173218,0.9317088723182678
Baseline,XGBoost,0.8,Tuning,Defaults,0.9655474424362183,0.034452542662620544
Baseline,XGBoost,0.8,Tuning,Defaults,0.9661905765533447,0.03380942344665527
Baseline,XGBoost,0.8,Tuning,Tuning,0.043502867221832275,0.9564971327781677
Baseline,XGBoost,0.8,Tuning,Defaults,0.6532936096191406,0.3467063903808594
Baseline,XGBoost,0.8,Defaults,Tuning,0.22866171598434448,0.7713382840156555
Baseline,XGBoost,0.8,Tuning,Defaults,0.7504540681838989,0.24954594671726227
Baseline,XGBoost,0.8,Tuning,Tuning,0.03681492805480957,0.9631850719451904
Baseline,XGBoost,0.8,Tuning,Tuning,0.06691247224807739,0.9330875277519226
Baseline,XGBoost,0.8,Defaults,Tuning,0.005671799182891846,0.9943282008171082
Baseline,XGBoost,0.8,Tuning,Tuning,0.13200491666793823,0.8679950833320618
Baseline,XGBoost,0.8,Tuning,Tuning,0.08706027269363403,0.912939727306366
Baseline,XGBoost,0.8,Tuning,Tuning,0.0036629438400268555,0.9963370561599731
Baseline,XGBoost,0.8,Defaults,Defaults,0.8280990123748779,0.17190100252628326
Baseline,XGBoost,0.8,Defaults,Defaults,0.9874930381774902,0.012506985105574131
Baseline,XGBoost,0.8,Tuning,Tuning,0.18297237157821655,0.8170276284217834
Baseline,XGBoost,0.8,Tuning,Tuning,0.006858646869659424,0.9931413531303406
Baseline,XGBoost,0.8,Tuning,Tuning,0.4481475353240967,0.5518524646759033
Baseline,XGBoost,0.8,Defaults,Tuning,0.21893399953842163,0.7810660004615784
Baseline,XGBoost,0.8,Defaults,Tuning,0.2313355803489685,0.7686644196510315
Baseline,XGBoost,0.8,Defaults,Defaults,0.5194610357284546,0.4805389940738678
Baseline,XGBoost,0.8,Tuning,Tuning,0.019484877586364746,0.9805151224136353
Baseline,XGBoost,0.8,Defaults,Defaults,0.528438925743103,0.47156110405921936
Baseline,XGBoost,0.8,Tuning,Defaults,0.9974237084388733,0.002576279453933239
Baseline,XGBoost,0.8,Tuning,Tuning,0.08086597919464111,0.9191340208053589
Baseline,XGBoost,0.8,Defaults,Tuning,0.350643515586853,0.649356484413147
Baseline,XGBoost,0.8,Defaults,Tuning,0.09567844867706299,0.904321551322937
Baseline,XGBoost,0.8,Tuning,Tuning,0.4512542486190796,0.5487457513809204
Baseline,XGBoost,0.8,Tuning,Tuning,0.05097097158432007,0.9490290284156799
Baseline,XGBoost,0.8,Defaults,Tuning,0.4642752408981323,0.5357247591018677
Baseline,XGBoost,0.8,Tuning,Tuning,0.06690394878387451,0.9330960512161255
Baseline,XGBoost,0.8,Tuning,Tuning,0.04922962188720703,0.950770378112793
Baseline,XGBoost,0.8,Tuning,Tuning,0.016632795333862305,0.9833672046661377
Baseline,XGBoost,0.8,Tuning,Tuning,0.12048989534378052,0.8795101046562195
Baseline,XGBoost,0.85,Tuning,Tuning,0.009211599826812744,0.9907884001731873
Baseline,XGBoost,0.85,Tuning,Tuning,0.0005832910537719727,0.999416708946228
Baseline,XGBoost,0.85,Defaults,Defaults,0.9291128516197205,0.07088716328144073
Baseline,XGBoost,0.85,Tuning,Tuning,0.004271566867828369,0.9957284331321716
Baseline,XGBoost,0.85,Tuning,Tuning,0.003409266471862793,0.9965907335281372
Baseline,XGBoost,0.85,Tuning,Defaults,0.855289876461029,0.14471012353897095
Baseline,XGBoost,0.85,Tuning,Tuning,0.0007783174514770508,0.999221682548523
Baseline,XGBoost,0.85,Defaults,Tuning,0.3024423122406006,0.6975576877593994
Baseline,XGBoost,0.85,Defaults,Tuning,0.30680936574935913,0.6931906342506409
Baseline,XGBoost,0.85,Tuning,Tuning,0.008200526237487793,0.9917994737625122
Baseline,XGBoost,0.85,Tuning,Tuning,0.00286102294921875,0.9971389770507812
Baseline,XGBoost,0.85,Defaults,Tuning,0.031709134578704834,0.9682908654212952
Baseline,XGBoost,0.85,Tuning,Tuning,0.0005484223365783691,0.9994515776634216
Baseline,XGBoost,0.85,Tuning,Tuning,0.0015420913696289062,0.9984579086303711
Baseline,XGBoost,0.85,Tuning,Tuning,0.003563523292541504,0.9964364767074585
Baseline,XGBoost,0.85,Tuning,Tuning,0.001225292682647705,0.9987747073173523
Baseline,XGBoost,0.85,Defaults,Defaults,0.9887886047363281,0.011211411096155643
Baseline,XGBoost,0.85,Tuning,Tuning,0.01392441987991333,0.9860755801200867
Baseline,XGBoost,0.85,Defaults,Tuning,0.18449699878692627,0.8155030012130737
Baseline,XGBoost,0.85,Tuning,Tuning,0.16548573970794678,0.8345142602920532
Baseline,XGBoost,0.85,Tuning,Tuning,0.16053688526153564,0.8394631147384644
Baseline,XGBoost,0.85,Defaults,Tuning,0.016776621341705322,0.9832233786582947
Baseline,XGBoost,0.85,Tuning,Tuning,0.08954966068267822,0.9104503393173218
Baseline,XGBoost,0.85,Tuning,Tuning,0.017444610595703125,0.9825553894042969
Baseline,XGBoost,0.85,Tuning,Tuning,0.0016294121742248535,0.9983705878257751
Baseline,XGBoost,0.85,Tuning,Tuning,0.0011710524559020996,0.9988289475440979
Baseline,XGBoost,0.85,Tuning,Tuning,0.003672778606414795,0.9963272213935852
Baseline,XGBoost,0.85,Tuning,Tuning,0.005091607570648193,0.9949083924293518
Baseline,XGBoost,0.85,Tuning,Tuning,0.0010367631912231445,0.9989632368087769
Baseline,XGBoost,0.85,Tuning,Tuning,0.0035692453384399414,0.9964307546615601
Baseline,XGBoost,0.85,Tuning,Tuning,0.0007603168487548828,0.9992396831512451
Baseline,XGBoost,0.85,Tuning,Tuning,0.0034355521202087402,0.9965644478797913
Baseline,XGBoost,0.85,Defaults,Defaults,0.9826160669326782,0.017383921891450882
Baseline,XGBoost,0.85,Defaults,Tuning,0.17743444442749023,0.8225655555725098
Baseline,XGBoost,0.85,Tuning,Tuning,0.03153574466705322,0.9684642553329468
Baseline,XGBoost,0.85,Tuning,Tuning,0.07714194059371948,0.9228580594062805
Baseline,XGBoost,0.85,Tuning,Tuning,0.150010883808136,0.849989116191864
Baseline,XGBoost,0.85,Defaults,Defaults,0.581401526927948,0.418598473072052
Baseline,XGBoost,0.85,Tuning,Tuning,0.010340631008148193,0.9896593689918518
Baseline,XGBoost,0.85,Defaults,Defaults,0.8966450691223145,0.10335496068000793
Baseline,XGBoost,0.85,Tuning,Tuning,0.04077565670013428,0.9592243432998657
Baseline,XGBoost,0.85,Tuning,Tuning,0.0059580206871032715,0.9940419793128967
Baseline,XGBoost,0.85,Tuning,Tuning,0.2717060446739197,0.7282939553260803
Baseline,XGBoost,0.85,Tuning,Tuning,0.00020676851272583008,0.9997932314872742
Baseline,XGBoost,0.85,Tuning,Tuning,0.008623480796813965,0.991376519203186
Baseline,XGBoost,0.85,Tuning,Tuning,0.024432778358459473,0.9755672216415405
Baseline,XGBoost,0.85,Tuning,Defaults,0.6618255376815796,0.3381744921207428
Baseline,XGBoost,0.85,Tuning,Tuning,0.002367377281188965,0.997632622718811
Baseline,XGBoost,0.85,Tuning,Tuning,0.24661380052566528,0.7533861994743347
Baseline,XGBoost,0.85,Tuning,Tuning,0.08753812313079834,0.9124618768692017
Baseline,XGBoost,0.85,Defaults,Tuning,0.0559614896774292,0.9440385103225708
Baseline,XGBoost,0.85,Tuning,Tuning,0.030743718147277832,0.9692562818527222
Baseline,XGBoost,0.85,Tuning,Tuning,0.005410909652709961,0.99458909034729
Baseline,XGBoost,0.85,Defaults,Tuning,0.05533897876739502,0.944661021232605
Baseline,XGBoost,0.85,Tuning,Defaults,0.9652753472328186,0.03472462669014931
Baseline,XGBoost,0.85,Tuning,Tuning,0.12862318754196167,0.8713768124580383
Baseline,XGBoost,0.85,Tuning,Tuning,0.03847569227218628,0.9615243077278137
Baseline,XGBoost,0.85,Tuning,Defaults,0.7468077540397644,0.2531922459602356
Baseline,XGBoost,0.85,Tuning,Tuning,0.362639844417572,0.637360155582428
Baseline,XGBoost,0.85,Tuning,Tuning,0.0016279816627502441,0.9983720183372498
Baseline,XGBoost,0.85,Tuning,Tuning,0.0005304217338562012,0.9994695782661438
Baseline,XGBoost,0.85,Tuning,Tuning,0.04517906904220581,0.9548209309577942
Baseline,XGBoost,0.85,Tuning,Tuning,0.07916843891143799,0.920831561088562
Baseline,XGBoost,0.85,Defaults,Tuning,0.034160494804382324,0.9658395051956177
Baseline,XGBoost,0.85,Tuning,Defaults,0.9297807216644287,0.07021929323673248
Baseline,XGBoost,0.85,Defaults,Tuning,0.21103250980377197,0.788967490196228
Baseline,XGBoost,0.85,Tuning,Tuning,0.2511039972305298,0.7488960027694702
Baseline,XGBoost,0.85,Tuning,Tuning,0.0367775559425354,0.9632224440574646
Baseline,XGBoost,0.85,Tuning,Tuning,0.36073535680770874,0.6392646431922913
Baseline,XGBoost,0.85,Tuning,Tuning,0.27320730686187744,0.7267926931381226
Baseline,XGBoost,0.85,Tuning,Tuning,0.042451441287994385,0.9575485587120056
Baseline,XGBoost,0.85,Defaults,Tuning,0.01022946834564209,0.9897705316543579
Baseline,XGBoost,0.85,Tuning,Tuning,0.12675654888153076,0.8732434511184692
Baseline,XGBoost,0.85,Defaults,Defaults,0.9640495181083679,0.03595047816634178
Baseline,XGBoost,0.85,Defaults,Defaults,0.9733228087425232,0.02667718566954136
Baseline,XGBoost,0.85,Defaults,Tuning,0.2512710690498352,0.7487289309501648
Baseline,XGBoost,0.85,Defaults,Defaults,0.9688253402709961,0.0311746783554554
Baseline,XGBoost,0.85,Tuning,Tuning,0.05974763631820679,0.9402523636817932
Baseline,XGBoost,0.85,Tuning,Tuning,0.07390892505645752,0.9260910749435425
Baseline,XGBoost,0.85,Tuning,Defaults,0.9173850417137146,0.0826149582862854
Baseline,XGBoost,0.85,Defaults,Defaults,0.7130155563354492,0.28698447346687317
Baseline,XGBoost,0.85,Defaults,Defaults,0.6389581561088562,0.3610418438911438
Baseline,XGBoost,0.85,Defaults,Tuning,0.1461491584777832,0.8538508415222168
Baseline,XGBoost,0.85,Defaults,Defaults,0.886433482170105,0.11356649547815323
Baseline,XGBoost,0.85,Tuning,Defaults,0.7272188663482666,0.272781103849411
Baseline,XGBoost,0.85,Tuning,Tuning,0.08375370502471924,0.9162462949752808
Baseline,XGBoost,0.85,Defaults,Defaults,0.9638275504112244,0.03617246448993683
Baseline,XGBoost,0.85,Tuning,Tuning,0.0012652277946472168,0.9987347722053528
Baseline,XGBoost,0.85,Defaults,Defaults,0.9611101746559143,0.0388898029923439
Baseline,XGBoost,0.85,Tuning,Tuning,0.018087267875671387,0.9819127321243286
Baseline,XGBoost,0.85,Tuning,Tuning,0.0008023381233215332,0.9991976618766785
Baseline,XGBoost,0.85,Defaults,Tuning,0.007785618305206299,0.9922143816947937
Baseline,XGBoost,0.85,Tuning,Tuning,0.027639329433441162,0.9723606705665588
Baseline,XGBoost,0.85,Defaults,Tuning,0.05651122331619263,0.9434887766838074
Baseline,XGBoost,0.85,Tuning,Tuning,0.13980954885482788,0.8601904511451721
Baseline,XGBoost,0.85,Tuning,Tuning,0.0008247494697570801,0.9991752505302429
Baseline,XGBoost,0.85,Tuning,Tuning,0.003620326519012451,0.9963796734809875
Baseline,XGBoost,0.85,Defaults,Defaults,0.814422070980072,0.18557792901992798
Baseline,XGBoost,0.85,Tuning,Tuning,0.3200361728668213,0.6799638271331787
Baseline,XGBoost,0.85,Tuning,Tuning,0.00044995546340942383,0.9995500445365906
Baseline,XGBoost,0.85,Tuning,Tuning,0.0422438383102417,0.9577561616897583
Baseline,XGBoost,0.85,Defaults,Tuning,0.0004937648773193359,0.9995062351226807
Baseline,XGBoost,0.85,Tuning,Tuning,0.23683202266693115,0.7631679773330688
Baseline,XGBoost,0.85,Tuning,Tuning,0.03827202320098877,0.9617279767990112
Baseline,XGBoost,0.85,Tuning,Tuning,0.25618481636047363,0.7438151836395264
Baseline,XGBoost,0.85,Tuning,Tuning,0.0030179619789123535,0.9969820380210876
Baseline,XGBoost,0.85,Tuning,Defaults,0.7168891429901123,0.2831108272075653
Baseline,XGBoost,0.85,Tuning,Tuning,0.0008247494697570801,0.9991752505302429
Baseline,XGBoost,0.85,Tuning,Tuning,0.17482000589370728,0.8251799941062927
Baseline,XGBoost,0.85,Defaults,Defaults,0.5998666286468506,0.400133341550827
Baseline,XGBoost,0.85,Tuning,Tuning,0.0032600760459899902,0.99673992395401
Baseline,XGBoost,0.85,Tuning,Tuning,0.0016151666641235352,0.9983848333358765
Baseline,XGBoost,0.85,Tuning,Tuning,0.0032889842987060547,0.996711015701294
Baseline,XGBoost,0.85,Tuning,Tuning,0.0008559226989746094,0.9991440773010254
Baseline,XGBoost,0.85,Tuning,Tuning,0.0035483837127685547,0.9964516162872314
Baseline,XGBoost,0.85,Tuning,Tuning,0.02381289005279541,0.9761871099472046
Baseline,XGBoost,0.85,Tuning,Defaults,0.9026198387145996,0.09738019108772278
Baseline,XGBoost,0.85,Tuning,Tuning,0.0013170838356018066,0.9986829161643982
Baseline,XGBoost,0.85,Defaults,Tuning,0.07455450296401978,0.9254454970359802
Baseline,XGBoost,0.85,Tuning,Tuning,0.14744704961776733,0.8525529503822327
Baseline,XGBoost,0.85,Defaults,Defaults,0.6781162023544312,0.32188376784324646
Baseline,XGBoost,0.85,Tuning,Tuning,0.08189928531646729,0.9181007146835327
Baseline,XGBoost,0.85,Tuning,Tuning,0.04113239049911499,0.958867609500885
Baseline,XGBoost,0.85,Tuning,Defaults,0.7888085842132568,0.21119138598442078
Baseline,XGBoost,0.85,Tuning,Tuning,0.004798531532287598,0.9952014684677124
Baseline,XGBoost,0.85,Defaults,Tuning,0.13665515184402466,0.8633448481559753
Baseline,XGBoost,0.85,Defaults,Tuning,0.02381300926208496,0.976186990737915
Baseline,XGBoost,0.85,Tuning,Tuning,0.0002632737159729004,0.9997367262840271
Baseline,XGBoost,0.85,Tuning,Tuning,0.0770907998085022,0.9229092001914978
Baseline,XGBoost,0.85,Tuning,Tuning,0.0013113617897033691,0.9986886382102966
Baseline,XGBoost,0.85,Tuning,Tuning,0.0013113617897033691,0.9986886382102966
Baseline,XGBoost,0.85,Tuning,Tuning,0.006566405296325684,0.9934335947036743
Baseline,XGBoost,0.85,Tuning,Tuning,0.0031079649925231934,0.9968920350074768
Baseline,XGBoost,0.85,Tuning,Tuning,0.1317499876022339,0.8682500123977661
Baseline,XGBoost,0.85,Tuning,Tuning,0.012030601501464844,0.9879693984985352
Baseline,XGBoost,0.85,Defaults,Tuning,0.05473637580871582,0.9452636241912842
Baseline,XGBoost,0.85,Tuning,Defaults,0.6261239647865295,0.37387603521347046
Baseline,XGBoost,0.85,Tuning,Defaults,0.9772170186042786,0.02278297208249569
Baseline,XGBoost,0.85,Tuning,Tuning,0.018750905990600586,0.9812490940093994
Baseline,XGBoost,0.85,Tuning,Defaults,0.8908921480178833,0.1091078668832779
Baseline,XGBoost,0.85,Defaults,Tuning,0.3149452209472656,0.6850547790527344
Baseline,XGBoost,0.85,Tuning,Tuning,0.3943835496902466,0.6056164503097534
Baseline,XGBoost,0.85,Tuning,Tuning,0.05091577768325806,0.9490842223167419
Baseline,XGBoost,0.85,Tuning,Tuning,0.0262758731842041,0.9737241268157959
Baseline,XGBoost,0.85,Defaults,Tuning,0.0035051703453063965,0.9964948296546936
Baseline,XGBoost,0.85,Tuning,Tuning,0.06791669130325317,0.9320833086967468
Baseline,XGBoost,0.85,Tuning,Tuning,0.10336822271347046,0.8966317772865295
Baseline,XGBoost,0.85,Tuning,Tuning,0.005811929702758789,0.9941880702972412
Baseline,XGBoost,0.85,Defaults,Defaults,0.9093672037124634,0.09063280373811722
Baseline,XGBoost,0.85,Defaults,Defaults,0.9648349285125732,0.03516504168510437
Baseline,XGBoost,0.85,Tuning,Tuning,0.04063302278518677,0.9593669772148132
Baseline,XGBoost,0.85,Tuning,Tuning,0.03253048658370972,0.9674695134162903
Baseline,XGBoost,0.85,Tuning,Tuning,0.35030317306518555,0.6496968269348145
Baseline,XGBoost,0.85,Defaults,Defaults,0.9036898016929626,0.09631022065877914
Baseline,XGBoost,0.85,Defaults,Tuning,0.12186300754547119,0.8781369924545288
Baseline,XGBoost,0.85,Defaults,Defaults,0.8278292417526245,0.1721707433462143
Baseline,XGBoost,0.85,Tuning,Tuning,0.018627643585205078,0.9813723564147949
Baseline,XGBoost,0.85,Defaults,Defaults,0.8232873678207397,0.17671260237693787
Baseline,XGBoost,0.85,Tuning,Defaults,0.996414840221405,0.00358515209518373
Baseline,XGBoost,0.85,Tuning,Tuning,0.13190561532974243,0.8680943846702576
Baseline,XGBoost,0.85,Defaults,Tuning,0.20772182941436768,0.7922781705856323
Baseline,XGBoost,0.85,Defaults,Tuning,0.04498177766799927,0.9550182223320007
Baseline,XGBoost,0.85,Tuning,Defaults,0.7153659462928772,0.2846340537071228
Baseline,XGBoost,0.85,Tuning,Tuning,0.03566771745681763,0.9643322825431824
Baseline,XGBoost,0.85,Defaults,Defaults,0.732805609703064,0.2671944200992584
Baseline,XGBoost,0.85,Tuning,Tuning,0.1240619421005249,0.8759380578994751
Baseline,XGBoost,0.85,Tuning,Tuning,0.01763373613357544,0.9823662638664246
Baseline,XGBoost,0.85,Tuning,Tuning,0.06509220600128174,0.9349077939987183
Baseline,XGBoost,0.85,Tuning,Tuning,0.06508612632751465,0.9349138736724854
Baseline,XGBoost,0.9,Tuning,Tuning,0.008080899715423584,0.9919191002845764
Baseline,XGBoost,0.9,Tuning,Tuning,0.0003916621208190918,0.9996083378791809
Baseline,XGBoost,0.9,Defaults,Defaults,0.865281343460083,0.1347186267375946
Baseline,XGBoost,0.9,Tuning,Tuning,0.009280085563659668,0.9907199144363403
Baseline,XGBoost,0.9,Tuning,Tuning,0.0059580206871032715,0.9940419793128967
Baseline,XGBoost,0.9,Tuning,Defaults,0.9161316156387329,0.08386839926242828
Baseline,XGBoost,0.9,Tuning,Tuning,0.000553429126739502,0.9994465708732605
Baseline,XGBoost,0.9,Defaults,Tuning,0.09365612268447876,0.9063438773155212
Baseline,XGBoost,0.9,Defaults,Tuning,0.46806013584136963,0.5319398641586304
Baseline,XGBoost,0.9,Tuning,Tuning,0.005007445812225342,0.9949925541877747
Baseline,XGBoost,0.9,Tuning,Tuning,0.0010491609573364258,0.9989508390426636
Baseline,XGBoost,0.9,Defaults,Tuning,0.019382715225219727,0.9806172847747803
Baseline,XGBoost,0.9,Tuning,Tuning,0.0002447962760925293,0.9997552037239075
Baseline,XGBoost,0.9,Tuning,Tuning,0.0005597472190856934,0.9994402527809143
Baseline,XGBoost,0.9,Tuning,Tuning,0.0039650797843933105,0.9960349202156067
Baseline,XGBoost,0.9,Tuning,Tuning,0.0007279515266418457,0.9992720484733582
Baseline,XGBoost,0.9,Defaults,Defaults,0.9954163432121277,0.004583659581840038
Baseline,XGBoost,0.9,Tuning,Tuning,0.042784035205841064,0.9572159647941589
Baseline,XGBoost,0.9,Defaults,Tuning,0.042267441749572754,0.9577325582504272
Baseline,XGBoost,0.9,Tuning,Tuning,0.4533456563949585,0.5466543436050415
Baseline,XGBoost,0.9,Tuning,Tuning,0.11163169145584106,0.8883683085441589
Baseline,XGBoost,0.9,Defaults,Tuning,0.019505977630615234,0.9804940223693848
Baseline,XGBoost,0.9,Tuning,Tuning,0.01638317108154297,0.983616828918457
Baseline,XGBoost,0.9,Tuning,Tuning,0.00935983657836914,0.9906401634216309
Baseline,XGBoost,0.9,Tuning,Tuning,0.0016155242919921875,0.9983844757080078
Baseline,XGBoost,0.9,Tuning,Tuning,0.0011225342750549316,0.9988774657249451
Baseline,XGBoost,0.9,Tuning,Tuning,0.004363596439361572,0.9956364035606384
Baseline,XGBoost,0.9,Tuning,Tuning,0.007298588752746582,0.9927014112472534
Baseline,XGBoost,0.9,Tuning,Tuning,0.0011487007141113281,0.9988512992858887
Baseline,XGBoost,0.9,Tuning,Tuning,0.006165146827697754,0.9938348531723022
Baseline,XGBoost,0.9,Tuning,Tuning,0.000619053840637207,0.9993809461593628
Baseline,XGBoost,0.9,Tuning,Tuning,0.004270493984222412,0.9957295060157776
Baseline,XGBoost,0.9,Defaults,Defaults,0.9511169791221619,0.04888300225138664
Baseline,XGBoost,0.9,Defaults,Tuning,0.30687522888183594,0.6931247711181641
Baseline,XGBoost,0.9,Tuning,Tuning,0.04763531684875488,0.9523646831512451
Baseline,XGBoost,0.9,Tuning,Tuning,0.13662344217300415,0.8633765578269958
Baseline,XGBoost,0.9,Tuning,Tuning,0.16430914402008057,0.8356908559799194
Baseline,XGBoost,0.9,Defaults,Defaults,0.7890135049819946,0.21098652482032776
Baseline,XGBoost,0.9,Tuning,Tuning,0.02348119020462036,0.9765188097953796
Baseline,XGBoost,0.9,Defaults,Defaults,0.947593092918396,0.05240689963102341
Baseline,XGBoost,0.9,Tuning,Tuning,0.029948115348815918,0.9700518846511841
Baseline,XGBoost,0.9,Tuning,Tuning,0.008172750473022461,0.9918272495269775
Baseline,XGBoost,0.9,Tuning,Tuning,0.16121971607208252,0.8387802839279175
Baseline,XGBoost,0.9,Tuning,Tuning,0.00014591217041015625,0.9998540878295898
Baseline,XGBoost,0.9,Tuning,Tuning,0.006149649620056152,0.9938503503799438
Baseline,XGBoost,0.9,Tuning,Tuning,0.0064446330070495605,0.9935553669929504
Baseline,XGBoost,0.9,Tuning,Defaults,0.7686154842376709,0.2313845455646515
Baseline,XGBoost,0.9,Tuning,Tuning,0.005194604396820068,0.9948053956031799
Baseline,XGBoost,0.9,Tuning,Tuning,0.09930580854415894,0.9006941914558411
Baseline,XGBoost,0.9,Tuning,Tuning,0.10186803340911865,0.8981319665908813
Baseline,XGBoost,0.9,Defaults,Tuning,0.03796583414077759,0.9620341658592224
Baseline,XGBoost,0.9,Tuning,Tuning,0.056578874588012695,0.9434211254119873
Baseline,XGBoost,0.9,Tuning,Tuning,0.003916501998901367,0.9960834980010986
Baseline,XGBoost,0.9,Defaults,Tuning,0.058888375759124756,0.9411116242408752
Baseline,XGBoost,0.9,Tuning,Defaults,0.962948739528656,0.03705128654837608
Baseline,XGBoost,0.9,Tuning,Tuning,0.02512037754058838,0.9748796224594116
Baseline,XGBoost,0.9,Tuning,Tuning,0.047531306743621826,0.9524686932563782
Baseline,XGBoost,0.9,Tuning,Defaults,0.7116937041282654,0.2883062958717346
Baseline,XGBoost,0.9,Tuning,Defaults,0.6408146023750305,0.3591853976249695
Baseline,XGBoost,0.9,Tuning,Tuning,0.0017577409744262695,0.9982422590255737
Baseline,XGBoost,0.9,Tuning,Tuning,0.0004754066467285156,0.9995245933532715
Baseline,XGBoost,0.9,Tuning,Tuning,0.020218849182128906,0.9797811508178711
Baseline,XGBoost,0.9,Tuning,Tuning,0.08278942108154297,0.917210578918457
Baseline,XGBoost,0.9,Defaults,Tuning,0.0620613694190979,0.9379386305809021
Baseline,XGBoost,0.9,Tuning,Defaults,0.7398800253868103,0.2601199746131897
Baseline,XGBoost,0.9,Defaults,Defaults,0.5127565860748291,0.4872433841228485
Baseline,XGBoost,0.9,Tuning,Tuning,0.09763383865356445,0.9023661613464355
Baseline,XGBoost,0.9,Tuning,Tuning,0.03618061542510986,0.9638193845748901
Baseline,XGBoost,0.9,Tuning,Defaults,0.5313999652862549,0.4686000347137451
Baseline,XGBoost,0.9,Tuning,Tuning,0.19080650806427002,0.80919349193573
Baseline,XGBoost,0.9,Tuning,Tuning,0.140150785446167,0.859849214553833
Baseline,XGBoost,0.9,Defaults,Tuning,0.006015598773956299,0.9939844012260437
Baseline,XGBoost,0.9,Tuning,Tuning,0.20713907480239868,0.7928609251976013
Baseline,XGBoost,0.9,Defaults,Defaults,0.9819716811180115,0.018028343096375465
Baseline,XGBoost,0.9,Defaults,Defaults,0.9738103151321411,0.026189671829342842
Baseline,XGBoost,0.9,Defaults,Tuning,0.26777184009552,0.73222815990448
Baseline,XGBoost,0.9,Defaults,Defaults,0.9738103151321411,0.026189671829342842
Baseline,XGBoost,0.9,Tuning,Tuning,0.07007455825805664,0.9299254417419434
Baseline,XGBoost,0.9,Tuning,Tuning,0.0456005334854126,0.9543994665145874
Baseline,XGBoost,0.9,Tuning,Defaults,0.9381870627403259,0.061812929809093475
Baseline,XGBoost,0.9,Defaults,Defaults,0.5897112488746643,0.4102887511253357
Baseline,XGBoost,0.9,Defaults,Tuning,0.35656970739364624,0.6434302926063538
Baseline,XGBoost,0.9,Defaults,Tuning,0.1941922903060913,0.8058077096939087
Baseline,XGBoost,0.9,Defaults,Defaults,0.7117389440536499,0.2882610559463501
Baseline,XGBoost,0.9,Tuning,Defaults,0.7622589468955994,0.23774106800556183
Baseline,XGBoost,0.9,Tuning,Tuning,0.07109034061431885,0.9289096593856812
Baseline,XGBoost,0.9,Defaults,Defaults,0.9780609607696533,0.021939018741250038
Baseline,XGBoost,0.9,Tuning,Tuning,0.0007097721099853516,0.9992902278900146
Baseline,XGBoost,0.9,Defaults,Defaults,0.8479178547859192,0.152082160115242
Baseline,XGBoost,0.9,Tuning,Tuning,0.005545914173126221,0.9944540858268738
Baseline,XGBoost,0.9,Tuning,Tuning,0.0006164312362670898,0.9993835687637329
Baseline,XGBoost,0.9,Defaults,Tuning,0.08359032869338989,0.9164096713066101
Baseline,XGBoost,0.9,Tuning,Tuning,0.05289793014526367,0.9471020698547363
Baseline,XGBoost,0.9,Defaults,Tuning,0.05487501621246338,0.9451249837875366
Baseline,XGBoost,0.9,Tuning,Tuning,0.14637064933776855,0.8536293506622314
Baseline,XGBoost,0.9,Tuning,Tuning,0.00206756591796875,0.9979324340820312
Baseline,XGBoost,0.9,Tuning,Tuning,0.012203693389892578,0.9877963066101074
Baseline,XGBoost,0.9,Defaults,Tuning,0.48844194412231445,0.5115580558776855
Baseline,XGBoost,0.9,Tuning,Tuning,0.28378963470458984,0.7162103652954102
Baseline,XGBoost,0.9,Tuning,Tuning,0.0014598369598388672,0.9985401630401611
Baseline,XGBoost,0.9,Tuning,Tuning,0.02389979362487793,0.9761002063751221
Baseline,XGBoost,0.9,Defaults,Tuning,0.0009263753890991211,0.9990736246109009
Baseline,XGBoost,0.9,Tuning,Tuning,0.4045424461364746,0.5954575538635254
Baseline,XGBoost,0.9,Tuning,Tuning,0.032467544078826904,0.9675324559211731
Baseline,XGBoost,0.9,Tuning,Tuning,0.25556403398513794,0.7444359660148621
Baseline,XGBoost,0.9,Tuning,Tuning,0.005432605743408203,0.9945673942565918
Baseline,XGBoost,0.9,Tuning,Defaults,0.5577821731567383,0.4422178268432617
Baseline,XGBoost,0.9,Tuning,Tuning,0.00206756591796875,0.9979324340820312
Baseline,XGBoost,0.9,Tuning,Tuning,0.14042848348617554,0.8595715165138245
Baseline,XGBoost,0.9,Defaults,Tuning,0.4319468140602112,0.5680531859397888
Baseline,XGBoost,0.9,Tuning,Tuning,0.022133290767669678,0.9778667092323303
Baseline,XGBoost,0.9,Tuning,Tuning,0.0019565820693969727,0.998043417930603
Baseline,XGBoost,0.9,Tuning,Tuning,0.002733945846557617,0.9972660541534424
Baseline,XGBoost,0.9,Tuning,Tuning,0.0010275840759277344,0.9989724159240723
Baseline,XGBoost,0.9,Tuning,Tuning,0.005417525768280029,0.99458247423172
Baseline,XGBoost,0.9,Tuning,Tuning,0.04062783718109131,0.9593721628189087
Baseline,XGBoost,0.9,Tuning,Defaults,0.7083230018615723,0.29167699813842773
Baseline,XGBoost,0.9,Tuning,Tuning,0.0026917457580566406,0.9973082542419434
Baseline,XGBoost,0.9,Defaults,Tuning,0.08361315727233887,0.9163868427276611
Baseline,XGBoost,0.9,Tuning,Tuning,0.029296278953552246,0.9707037210464478
Baseline,XGBoost,0.9,Defaults,Defaults,0.9144432544708252,0.08555677533149719
Baseline,XGBoost,0.9,Tuning,Tuning,0.17914026975631714,0.8208597302436829
Baseline,XGBoost,0.9,Tuning,Tuning,0.029022932052612305,0.9709770679473877
Baseline,XGBoost,0.9,Tuning,Tuning,0.353731632232666,0.646268367767334
Baseline,XGBoost,0.9,Tuning,Tuning,0.005976617336273193,0.9940233826637268
Baseline,XGBoost,0.9,Defaults,Tuning,0.06767970323562622,0.9323202967643738
Baseline,XGBoost,0.9,Defaults,Tuning,0.03163647651672363,0.9683635234832764
Baseline,XGBoost,0.9,Tuning,Tuning,0.000857234001159668,0.9991427659988403
Baseline,XGBoost,0.9,Tuning,Tuning,0.3620840311050415,0.6379159688949585
Baseline,XGBoost,0.9,Tuning,Tuning,0.0006646513938903809,0.9993353486061096
Baseline,XGBoost,0.9,Tuning,Tuning,0.0006646513938903809,0.9993353486061096
Baseline,XGBoost,0.9,Tuning,Tuning,0.006584525108337402,0.9934154748916626
Baseline,XGBoost,0.9,Tuning,Tuning,0.003463268280029297,0.9965367317199707
Baseline,XGBoost,0.9,Tuning,Tuning,0.062033236026763916,0.9379667639732361
Baseline,XGBoost,0.9,Tuning,Tuning,0.006252884864807129,0.9937471151351929
Baseline,XGBoost,0.9,Defaults,Tuning,0.07409322261810303,0.925906777381897
Baseline,XGBoost,0.9,Tuning,Defaults,0.911262035369873,0.08873793482780457
Baseline,XGBoost,0.9,Tuning,Defaults,0.9906883835792542,0.009311618283390999
Baseline,XGBoost,0.9,Tuning,Tuning,0.06915771961212158,0.9308422803878784
Baseline,XGBoost,0.9,Tuning,Defaults,0.9406176209449768,0.05938238278031349
Baseline,XGBoost,0.9,Defaults,Tuning,0.09197795391082764,0.9080220460891724
Baseline,XGBoost,0.9,Tuning,Tuning,0.3116825819015503,0.6883174180984497
Baseline,XGBoost,0.9,Tuning,Tuning,0.01628059148788452,0.9837194085121155
Baseline,XGBoost,0.9,Tuning,Tuning,0.049526751041412354,0.9504732489585876
Baseline,XGBoost,0.9,Defaults,Tuning,0.001070559024810791,0.9989294409751892
Baseline,XGBoost,0.9,Tuning,Tuning,0.06927341222763062,0.9307265877723694
Baseline,XGBoost,0.9,Tuning,Tuning,0.08889931440353394,0.9111006855964661
Baseline,XGBoost,0.9,Tuning,Tuning,0.0023503899574279785,0.997649610042572
Baseline,XGBoost,0.9,Defaults,Defaults,0.9379352927207947,0.06206473335623741
Baseline,XGBoost,0.9,Defaults,Defaults,0.8715633749961853,0.1284366399049759
Baseline,XGBoost,0.9,Tuning,Tuning,0.08664149045944214,0.9133585095405579
Baseline,XGBoost,0.9,Tuning,Tuning,0.0430789589881897,0.9569210410118103
Baseline,XGBoost,0.9,Tuning,Tuning,0.4339227080345154,0.5660772919654846
Baseline,XGBoost,0.9,Defaults,Tuning,0.49860548973083496,0.501394510269165
Baseline,XGBoost,0.9,Defaults,Defaults,0.5358010530471802,0.4641989469528198
Baseline,XGBoost,0.9,Defaults,Defaults,0.7211230993270874,0.2788769006729126
Baseline,XGBoost,0.9,Tuning,Tuning,0.03250080347061157,0.9674991965293884
Baseline,XGBoost,0.9,Defaults,Defaults,0.7388491034507751,0.26115089654922485
Baseline,XGBoost,0.9,Tuning,Defaults,0.9987552165985107,0.0012448059860616922
Baseline,XGBoost,0.9,Tuning,Tuning,0.46277207136154175,0.5372279286384583
Baseline,XGBoost,0.9,Defaults,Tuning,0.034448862075805664,0.9655511379241943
Baseline,XGBoost,0.9,Defaults,Tuning,0.08511203527450562,0.9148879647254944
Baseline,XGBoost,0.9,Tuning,Tuning,0.39629071950912476,0.6037092804908752
Baseline,XGBoost,0.9,Tuning,Tuning,0.01903456449508667,0.9809654355049133
Baseline,XGBoost,0.9,Defaults,Tuning,0.45920008420944214,0.5407999157905579
Baseline,XGBoost,0.9,Tuning,Tuning,0.101889967918396,0.898110032081604
Baseline,XGBoost,0.9,Tuning,Tuning,0.16487103700637817,0.8351289629936218
Baseline,XGBoost,0.9,Tuning,Tuning,0.07194727659225464,0.9280527234077454
Baseline,XGBoost,0.9,Tuning,Tuning,0.0892753005027771,0.9107246994972229
Baseline,XGBoost,0.95,Tuning,Tuning,0.006651341915130615,0.9933486580848694
Baseline,XGBoost,0.95,Tuning,Tuning,0.000624239444732666,0.9993757605552673
Baseline,XGBoost,0.95,Defaults,Defaults,0.738880455493927,0.261119544506073
Baseline,XGBoost,0.95,Tuning,Tuning,0.0020824074745178223,0.9979175925254822
Baseline,XGBoost,0.95,Tuning,Tuning,0.0036432743072509766,0.996356725692749
Baseline,XGBoost,0.95,Tuning,Defaults,0.8105602860450745,0.18943972885608673
Baseline,XGBoost,0.95,Tuning,Tuning,0.0011755824089050293,0.998824417591095
Baseline,XGBoost,0.95,Defaults,Tuning,0.060863375663757324,0.9391366243362427
Baseline,XGBoost,0.95,Defaults,Tuning,0.321780800819397,0.678219199180603
Baseline,XGBoost,0.95,Tuning,Tuning,0.007587850093841553,0.9924121499061584
Baseline,XGBoost,0.95,Tuning,Tuning,0.0012073516845703125,0.9987926483154297
Baseline,XGBoost,0.95,Defaults,Tuning,0.022199153900146484,0.9778008460998535
Baseline,XGBoost,0.95,Tuning,Tuning,0.0004532933235168457,0.9995467066764832
Baseline,XGBoost,0.95,Tuning,Tuning,0.0005571246147155762,0.9994428753852844
Baseline,XGBoost,0.95,Tuning,Tuning,0.0031026601791381836,0.9968973398208618
Baseline,XGBoost,0.95,Tuning,Tuning,0.0019118189811706543,0.9980881810188293
Baseline,XGBoost,0.95,Defaults,Defaults,0.9974361062049866,0.0025639066006988287
Baseline,XGBoost,0.95,Tuning,Tuning,0.03632718324661255,0.9636728167533875
Baseline,XGBoost,0.95,Defaults,Tuning,0.10808324813842773,0.8919167518615723
Baseline,XGBoost,0.95,Tuning,Tuning,0.16941076517105103,0.830589234828949
Baseline,XGBoost,0.95,Tuning,Tuning,0.1189466118812561,0.8810533881187439
Baseline,XGBoost,0.95,Defaults,Tuning,0.07981044054031372,0.9201895594596863
Baseline,XGBoost,0.95,Tuning,Tuning,0.006097674369812012,0.993902325630188
Baseline,XGBoost,0.95,Tuning,Tuning,0.009310007095336914,0.9906899929046631
Baseline,XGBoost,0.95,Tuning,Tuning,0.0012686848640441895,0.9987313151359558
Baseline,XGBoost,0.95,Tuning,Tuning,0.0006299614906311035,0.9993700385093689
Baseline,XGBoost,0.95,Tuning,Tuning,0.006961643695831299,0.9930383563041687
Baseline,XGBoost,0.95,Tuning,Tuning,0.016733765602111816,0.9832662343978882
Baseline,XGBoost,0.95,Tuning,Tuning,0.0019325613975524902,0.9980674386024475
Baseline,XGBoost,0.95,Tuning,Tuning,0.004032015800476074,0.9959679841995239
Baseline,XGBoost,0.95,Tuning,Tuning,0.0011986494064331055,0.9988013505935669
Baseline,XGBoost,0.95,Tuning,Tuning,0.005916774272918701,0.9940832257270813
Baseline,XGBoost,0.95,Defaults,Defaults,0.975178062915802,0.024821927770972252
Baseline,XGBoost,0.95,Defaults,Tuning,0.4739038348197937,0.5260961651802063
Baseline,XGBoost,0.95,Tuning,Tuning,0.011701703071594238,0.9882982969284058
Baseline,XGBoost,0.95,Tuning,Tuning,0.05487680435180664,0.9451231956481934
Baseline,XGBoost,0.95,Tuning,Tuning,0.06946897506713867,0.9305310249328613
Baseline,XGBoost,0.95,Defaults,Defaults,0.6621043086051941,0.3378956913948059
Baseline,XGBoost,0.95,Tuning,Tuning,0.060003578662872314,0.9399964213371277
Baseline,XGBoost,0.95,Defaults,Defaults,0.9576281905174255,0.04237181693315506
Baseline,XGBoost,0.95,Tuning,Tuning,0.01548779010772705,0.984512209892273
Baseline,XGBoost,0.95,Tuning,Tuning,0.012144744396209717,0.9878552556037903
Baseline,XGBoost,0.95,Tuning,Tuning,0.12587928771972656,0.8741207122802734
Baseline,XGBoost,0.95,Tuning,Tuning,0.00020498037338256836,0.9997950196266174
Baseline,XGBoost,0.95,Tuning,Tuning,0.00978022813796997,0.99021977186203
Baseline,XGBoost,0.95,Tuning,Tuning,0.009791910648345947,0.990208089351654
Baseline,XGBoost,0.95,Tuning,Defaults,0.8233715295791626,0.1766284853219986
Baseline,XGBoost,0.95,Tuning,Tuning,0.007495999336242676,0.9925040006637573
Baseline,XGBoost,0.95,Tuning,Tuning,0.08604401350021362,0.9139559864997864
Baseline,XGBoost,0.95,Tuning,Tuning,0.055895447731018066,0.9441045522689819
Baseline,XGBoost,0.95,Defaults,Tuning,0.06410598754882812,0.9358940124511719
Baseline,XGBoost,0.95,Tuning,Tuning,0.006970584392547607,0.9930294156074524
Baseline,XGBoost,0.95,Tuning,Tuning,0.00544583797454834,0.9945541620254517
Baseline,XGBoost,0.95,Defaults,Tuning,0.029783189296722412,0.9702168107032776
Baseline,XGBoost,0.95,Tuning,Defaults,0.9545794129371643,0.04542060196399689
Baseline,XGBoost,0.95,Tuning,Tuning,0.04648244380950928,0.9535175561904907
Baseline,XGBoost,0.95,Tuning,Tuning,0.020699143409729004,0.979300856590271
Baseline,XGBoost,0.95,Tuning,Tuning,0.40884506702423096,0.591154932975769
Baseline,XGBoost,0.95,Tuning,Tuning,0.286981463432312,0.713018536567688
Baseline,XGBoost,0.95,Tuning,Tuning,0.002080261707305908,0.9979197382926941
Baseline,XGBoost,0.95,Tuning,Tuning,0.002706587314605713,0.9972934126853943
Baseline,XGBoost,0.95,Tuning,Tuning,0.054136812686920166,0.9458631873130798
Baseline,XGBoost,0.95,Tuning,Tuning,0.09572023153305054,0.9042797684669495
Baseline,XGBoost,0.95,Defaults,Tuning,0.02448868751525879,0.9755113124847412
Baseline,XGBoost,0.95,Tuning,Defaults,0.9009453058242798,0.0990547239780426
Baseline,XGBoost,0.95,Defaults,Tuning,0.42997831106185913,0.5700216889381409
Baseline,XGBoost,0.95,Tuning,Tuning,0.1075284481048584,0.8924715518951416
Baseline,XGBoost,0.95,Tuning,Tuning,0.10827410221099854,0.8917258977890015
Baseline,XGBoost,0.95,Tuning,Defaults,0.8198491334915161,0.18015088140964508
Baseline,XGBoost,0.95,Tuning,Tuning,0.20640265941619873,0.7935973405838013
Baseline,XGBoost,0.95,Tuning,Tuning,0.15339422225952148,0.8466057777404785
Baseline,XGBoost,0.95,Defaults,Tuning,0.018197476863861084,0.9818025231361389
Baseline,XGBoost,0.95,Tuning,Tuning,0.22308027744293213,0.7769197225570679
Baseline,XGBoost,0.95,Defaults,Defaults,0.9668089151382446,0.033191077411174774
Baseline,XGBoost,0.95,Defaults,Defaults,0.965697169303894,0.03430281579494476
Baseline,XGBoost,0.95,Defaults,Tuning,0.3272674083709717,0.6727325916290283
Baseline,XGBoost,0.95,Defaults,Defaults,0.9710936546325684,0.028906315565109253
Baseline,XGBoost,0.95,Tuning,Tuning,0.05494368076324463,0.9450563192367554
Baseline,XGBoost,0.95,Tuning,Tuning,0.0569533109664917,0.9430466890335083
Baseline,XGBoost,0.95,Tuning,Defaults,0.8738299012184143,0.1261700838804245
Baseline,XGBoost,0.95,Defaults,Defaults,0.6114369630813599,0.38856300711631775
Baseline,XGBoost,0.95,Defaults,Defaults,0.5655838251113892,0.4344162046909332
Baseline,XGBoost,0.95,Defaults,Tuning,0.04735630750656128,0.9526436924934387
Baseline,XGBoost,0.95,Defaults,Defaults,0.7829639315605164,0.21703606843948364
Baseline,XGBoost,0.95,Tuning,Defaults,0.8914822340011597,0.10851774364709854
Baseline,XGBoost,0.95,Tuning,Tuning,0.10788917541503906,0.8921108245849609
Baseline,XGBoost,0.95,Defaults,Defaults,0.9758259057998657,0.024174105376005173
Baseline,XGBoost,0.95,Tuning,Tuning,0.0006787776947021484,0.9993212223052979
Baseline,XGBoost,0.95,Defaults,Defaults,0.8069874048233032,0.19301261007785797
Baseline,XGBoost,0.95,Tuning,Tuning,0.007560610771179199,0.9924393892288208
Baseline,XGBoost,0.95,Tuning,Tuning,0.0005958080291748047,0.9994041919708252
Baseline,XGBoost,0.95,Defaults,Tuning,0.020323216915130615,0.9796767830848694
Baseline,XGBoost,0.95,Tuning,Tuning,0.054887592792510986,0.945112407207489
Baseline,XGBoost,0.95,Defaults,Tuning,0.08390718698501587,0.9160928130149841
Baseline,XGBoost,0.95,Tuning,Tuning,0.05775398015975952,0.9422460198402405
Baseline,XGBoost,0.95,Tuning,Tuning,0.0024561285972595215,0.9975438714027405
Baseline,XGBoost,0.95,Tuning,Tuning,0.012303650379180908,0.9876963496208191
Baseline,XGBoost,0.95,Defaults,Defaults,0.7880837917327881,0.21191620826721191
Baseline,XGBoost,0.95,Tuning,Defaults,0.6201176643371582,0.3798823356628418
Baseline,XGBoost,0.95,Tuning,Tuning,0.0005628466606140137,0.999437153339386
Baseline,XGBoost,0.95,Tuning,Tuning,0.01587855815887451,0.9841214418411255
Baseline,XGBoost,0.95,Defaults,Tuning,0.0005736351013183594,0.9994263648986816
Baseline,XGBoost,0.95,Tuning,Tuning,0.381463885307312,0.618536114692688
Baseline,XGBoost,0.95,Tuning,Tuning,0.09851723909378052,0.9014827609062195
Baseline,XGBoost,0.95,Tuning,Tuning,0.4662799835205078,0.5337200164794922
Baseline,XGBoost,0.95,Tuning,Tuning,0.011488676071166992,0.988511323928833
Baseline,XGBoost,0.95,Tuning,Defaults,0.6296512484550476,0.3703487515449524
Baseline,XGBoost,0.95,Tuning,Tuning,0.0024561285972595215,0.9975438714027405
Baseline,XGBoost,0.95,Tuning,Tuning,0.16646099090576172,0.8335390090942383
Baseline,XGBoost,0.95,Defaults,Tuning,0.2504931688308716,0.7495068311691284
Baseline,XGBoost,0.95,Tuning,Tuning,0.008165955543518066,0.9918340444564819
Baseline,XGBoost,0.95,Tuning,Tuning,0.0033080577850341797,0.9966919422149658
Baseline,XGBoost,0.95,Tuning,Tuning,0.001784205436706543,0.9982157945632935
Baseline,XGBoost,0.95,Tuning,Tuning,0.0010963678359985352,0.9989036321640015
Baseline,XGBoost,0.95,Tuning,Tuning,0.002318263053894043,0.997681736946106
Baseline,XGBoost,0.95,Tuning,Tuning,0.0862497091293335,0.9137502908706665
Baseline,XGBoost,0.95,Tuning,Defaults,0.7713340520858765,0.22866596281528473
Baseline,XGBoost,0.95,Tuning,Tuning,0.0015017986297607422,0.9984982013702393
Baseline,XGBoost,0.95,Defaults,Tuning,0.4197695255279541,0.5802304744720459
Baseline,XGBoost,0.95,Tuning,Tuning,0.03871965408325195,0.961280345916748
Baseline,XGBoost,0.95,Defaults,Defaults,0.7180928587913513,0.2819071412086487
Baseline,XGBoost,0.95,Tuning,Tuning,0.1231566071510315,0.8768433928489685
Baseline,XGBoost,0.95,Tuning,Tuning,0.020604372024536133,0.9793956279754639
Baseline,XGBoost,0.95,Tuning,Defaults,0.901088297367096,0.09891171008348465
Baseline,XGBoost,0.95,Tuning,Tuning,0.003853321075439453,0.9961466789245605
Baseline,XGBoost,0.95,Defaults,Tuning,0.06541770696640015,0.9345822930335999
Baseline,XGBoost,0.95,Defaults,Tuning,0.006867349147796631,0.9931326508522034
Baseline,XGBoost,0.95,Tuning,Tuning,0.0009744167327880859,0.9990255832672119
Baseline,XGBoost,0.95,Tuning,Tuning,0.30483734607696533,0.6951626539230347
Baseline,XGBoost,0.95,Tuning,Tuning,0.0010048747062683105,0.9989951252937317
Baseline,XGBoost,0.95,Tuning,Tuning,0.0010048747062683105,0.9989951252937317
Baseline,XGBoost,0.95,Tuning,Tuning,0.004409074783325195,0.9955909252166748
Baseline,XGBoost,0.95,Tuning,Tuning,0.0037883520126342773,0.9962116479873657
Baseline,XGBoost,0.95,Tuning,Tuning,0.0744333267211914,0.9255666732788086
Baseline,XGBoost,0.95,Tuning,Tuning,0.012991487979888916,0.9870085120201111
Baseline,XGBoost,0.95,Defaults,Tuning,0.06832093000411987,0.9316790699958801
Baseline,XGBoost,0.95,Tuning,Defaults,0.977191686630249,0.02280830591917038
Baseline,XGBoost,0.95,Tuning,Defaults,0.9860008955001831,0.013999110087752342
Baseline,XGBoost,0.95,Tuning,Tuning,0.013756215572357178,0.9862437844276428
Baseline,XGBoost,0.95,Tuning,Defaults,0.9450989961624146,0.05490099638700485
Baseline,XGBoost,0.95,Defaults,Tuning,0.0847591757774353,0.9152408242225647
Baseline,XGBoost,0.95,Tuning,Defaults,0.6744874715805054,0.325512558221817
Baseline,XGBoost,0.95,Tuning,Tuning,0.015110611915588379,0.9848893880844116
Baseline,XGBoost,0.95,Tuning,Tuning,0.013539791107177734,0.9864602088928223
Baseline,XGBoost,0.95,Defaults,Tuning,0.0019056200981140137,0.998094379901886
Baseline,XGBoost,0.95,Tuning,Tuning,0.019346415996551514,0.9806535840034485
Baseline,XGBoost,0.95,Tuning,Tuning,0.2734507918357849,0.7265492081642151
Baseline,XGBoost,0.95,Tuning,Tuning,0.0033853650093078613,0.9966146349906921
Baseline,XGBoost,0.95,Defaults,Defaults,0.8092405200004578,0.19075947999954224
Baseline,XGBoost,0.95,Defaults,Defaults,0.8665551543235779,0.13344484567642212
Baseline,XGBoost,0.95,Tuning,Tuning,0.09355401992797852,0.9064459800720215
Baseline,XGBoost,0.95,Tuning,Tuning,0.07822233438491821,0.9217776656150818
Baseline,XGBoost,0.95,Tuning,Tuning,0.2899590730667114,0.7100409269332886
Baseline,XGBoost,0.95,Defaults,Defaults,0.7329205274581909,0.2670794725418091
Baseline,XGBoost,0.95,Defaults,Defaults,0.7371825575828552,0.2628174424171448
Baseline,XGBoost,0.95,Defaults,Defaults,0.5987893342971802,0.40121063590049744
Baseline,XGBoost,0.95,Tuning,Tuning,0.019914567470550537,0.9800854325294495
Baseline,XGBoost,0.95,Defaults,Defaults,0.8183202743530273,0.18167969584465027
Baseline,XGBoost,0.95,Tuning,Defaults,0.9974393248558044,0.0025606893468648195
Baseline,XGBoost,0.95,Tuning,Defaults,0.8866796493530273,0.11332036554813385
Baseline,XGBoost,0.95,Defaults,Tuning,0.04004389047622681,0.9599561095237732
Baseline,XGBoost,0.95,Defaults,Tuning,0.025381922721862793,0.9746180772781372
Baseline,XGBoost,0.95,Tuning,Defaults,0.5798832178115845,0.42011675238609314
Baseline,XGBoost,0.95,Tuning,Tuning,0.01804131269454956,0.9819586873054504
Baseline,XGBoost,0.95,Defaults,Defaults,0.8632010817527771,0.1367989033460617
Baseline,XGBoost,0.95,Tuning,Tuning,0.07027894258499146,0.9297210574150085
Baseline,XGBoost,0.95,Tuning,Tuning,0.033010005950927734,0.9669899940490723
Baseline,XGBoost,0.95,Tuning,Tuning,0.05431020259857178,0.9456897974014282
Baseline,XGBoost,0.95,Tuning,Tuning,0.017288386821746826,0.9827116131782532
Ela_metadataset,SVM_Linear,0.8,Tuning,Tuning,0.3576168859975005,0.6423831140024996
Ela_metadataset,SVM_Linear,0.8,Tuning,Tuning,0.18670919440474687,0.8132908055952534
Ela_metadataset,SVM_Linear,0.8,Defaults,Defaults,0.5331382319340109,0.46686176806598884
Ela_metadataset,SVM_Linear,0.8,Tuning,Tuning,0.22435262953165716,0.7756473704683429
Ela_metadataset,SVM_Linear,0.8,Tuning,Tuning,0.11633545605743296,0.8836645439425671
Ela_metadataset,SVM_Linear,0.8,Tuning,Tuning,0.3336648011995203,0.6663351988004795
Ela_metadataset,SVM_Linear,0.8,Tuning,Tuning,0.1577812572293736,0.8422187427706262
Ela_metadataset,SVM_Linear,0.8,Defaults,Tuning,0.30238430981535147,0.6976156901846485
Ela_metadataset,SVM_Linear,0.8,Defaults,Tuning,0.451391734854224,0.5486082651457761
Ela_metadataset,SVM_Linear,0.8,Tuning,Tuning,0.28110476162645,0.7188952383735502
Ela_metadataset,SVM_Linear,0.8,Tuning,Tuning,0.18057294186241546,0.8194270581375844
Ela_metadataset,SVM_Linear,0.8,Defaults,Tuning,0.29566370266501557,0.7043362973349847
Ela_metadataset,SVM_Linear,0.8,Tuning,Tuning,0.2912048039653232,0.7087951960346767
Ela_metadataset,SVM_Linear,0.8,Tuning,Defaults,0.5,0.5
Ela_metadataset,SVM_Linear,0.8,Tuning,Tuning,0.011112112340442796,0.9888878876595572
Ela_metadataset,SVM_Linear,0.8,Tuning,Tuning,0.138582460186367,0.861417539813633
Ela_metadataset,SVM_Linear,0.8,Defaults,Defaults,0.5454909555328199,0.45450904446718005
Ela_metadataset,SVM_Linear,0.8,Tuning,Tuning,0.09072158899858743,0.9092784110014125
Ela_metadataset,SVM_Linear,0.8,Defaults,Tuning,0.4407488773549696,0.5592511226450304
Ela_metadataset,SVM_Linear,0.8,Tuning,Defaults,0.6801839396785494,0.31981606032145066
Ela_metadataset,SVM_Linear,0.8,Tuning,Tuning,0.2749203920558271,0.7250796079441731
Ela_metadataset,SVM_Linear,0.8,Defaults,Defaults,0.5147852852285907,0.4852147147714094
Ela_metadataset,SVM_Linear,0.8,Tuning,Tuning,0.34796888567525697,0.6520311143247431
Ela_metadataset,SVM_Linear,0.8,Tuning,Tuning,0.20690716903405967,0.7930928309659403
Ela_metadataset,SVM_Linear,0.8,Tuning,Tuning,0.20726290914792064,0.7927370908520797
Ela_metadataset,SVM_Linear,0.8,Tuning,Tuning,0.18251194413426208,0.8174880558657379
Ela_metadataset,SVM_Linear,0.8,Tuning,Tuning,0.1537876797230553,0.8462123202769449
Ela_metadataset,SVM_Linear,0.8,Tuning,Tuning,0.17092850742891896,0.8290714925710813
Ela_metadataset,SVM_Linear,0.8,Tuning,Tuning,0.11220242869860104,0.8877975713013991
Ela_metadataset,SVM_Linear,0.8,Tuning,Tuning,0.2730153869914767,0.7269846130085236
Ela_metadataset,SVM_Linear,0.8,Tuning,Tuning,0.03146713309689328,0.9685328669031067
Ela_metadataset,SVM_Linear,0.8,Tuning,Tuning,0.17578003216769647,0.8242199678323036
Ela_metadataset,SVM_Linear,0.8,Defaults,Defaults,0.626319304704888,0.37368069529511205
Ela_metadataset,SVM_Linear,0.8,Defaults,Defaults,0.5931833529699,0.4068166470301002
Ela_metadataset,SVM_Linear,0.8,Tuning,Tuning,0.1437650925826896,0.8562349074173103
Ela_metadataset,SVM_Linear,0.8,Tuning,Tuning,0.1488766184151981,0.8511233815848019
Ela_metadataset,SVM_Linear,0.8,Tuning,Tuning,0.1684700938585743,0.8315299061414256
Ela_metadataset,SVM_Linear,0.8,Defaults,Tuning,7.022616746296231e-06,0.9999929773832538
Ela_metadataset,SVM_Linear,0.8,Tuning,Tuning,0.20747564574460928,0.7925243542553908
Ela_metadataset,SVM_Linear,0.8,Defaults,Tuning,0.4564768568636894,0.5435231431363106
Ela_metadataset,SVM_Linear,0.8,Tuning,Tuning,0.1228721054425739,0.877127894557426
Ela_metadataset,SVM_Linear,0.8,Tuning,Tuning,0.02692242922578688,0.9730775707742133
Ela_metadataset,SVM_Linear,0.8,Tuning,Tuning,0.15484174553361119,0.845158254466389
Ela_metadataset,SVM_Linear,0.8,Tuning,Tuning,0.16507471886408986,0.8349252811359102
Ela_metadataset,SVM_Linear,0.8,Tuning,Tuning,0.06907375479605755,0.9309262452039425
Ela_metadataset,SVM_Linear,0.8,Tuning,Tuning,0.2883737304235346,0.7116262695764651
Ela_metadataset,SVM_Linear,0.8,Tuning,Tuning,0.32042513866186684,0.6795748613381329
Ela_metadataset,SVM_Linear,0.8,Tuning,Tuning,0.28223945721649446,0.7177605427835054
Ela_metadataset,SVM_Linear,0.8,Tuning,Tuning,0.4183642783507332,0.5816357216492668
Ela_metadataset,SVM_Linear,0.8,Tuning,Tuning,0.17612738440737774,0.8238726155926223
Ela_metadataset,SVM_Linear,0.8,Defaults,Tuning,0.2921565912608003,0.7078434087391999
Ela_metadataset,SVM_Linear,0.8,Tuning,Tuning,0.24525960891681045,0.7547403910831897
Ela_metadataset,SVM_Linear,0.8,Tuning,Tuning,0.11026858154267268,0.8897314184573273
Ela_metadataset,SVM_Linear,0.8,Defaults,Tuning,0.20666889582254627,0.7933311041774536
Ela_metadataset,SVM_Linear,0.8,Tuning,Tuning,0.33203073926586424,0.6679692607341358
Ela_metadataset,SVM_Linear,0.8,Tuning,Tuning,0.41739158435616347,0.5826084156438366
Ela_metadataset,SVM_Linear,0.8,Tuning,Tuning,0.07636303541017407,0.9236369645898259
Ela_metadataset,SVM_Linear,0.8,Tuning,Tuning,0.37042869564563974,0.6295713043543602
Ela_metadataset,SVM_Linear,0.8,Tuning,Tuning,0.24721399934594793,0.7527860006540519
Ela_metadataset,SVM_Linear,0.8,Tuning,Tuning,0.14746892022261812,0.852531079777382
Ela_metadataset,SVM_Linear,0.8,Tuning,Tuning,0.27578667268719026,0.7242133273128096
Ela_metadataset,SVM_Linear,0.8,Tuning,Tuning,0.3650348226462361,0.6349651773537638
Ela_metadataset,SVM_Linear,0.8,Tuning,Tuning,0.24862840584290516,0.7513715941570949
Ela_metadataset,SVM_Linear,0.8,Defaults,Tuning,0.4048360960264964,0.5951639039735036
Ela_metadataset,SVM_Linear,0.8,Tuning,Tuning,0.372171741443467,0.6278282585565331
Ela_metadataset,SVM_Linear,0.8,Defaults,Tuning,0.4916417827707958,0.5083582172292043
Ela_metadataset,SVM_Linear,0.8,Tuning,Tuning,0.2605255986859182,0.7394744013140818
Ela_metadataset,SVM_Linear,0.8,Tuning,Tuning,0.1854461975703188,0.814553802429681
Ela_metadataset,SVM_Linear,0.8,Tuning,Tuning,0.35795023093597744,0.6420497690640224
Ela_metadataset,SVM_Linear,0.8,Tuning,Tuning,0.39938367536486913,0.6006163246351309
Ela_metadataset,SVM_Linear,0.8,Tuning,Tuning,0.4503568428229625,0.5496431571770375
Ela_metadataset,SVM_Linear,0.8,Defaults,Tuning,0.3619764186618527,0.6380235813381473
Ela_metadataset,SVM_Linear,0.8,Tuning,Tuning,0.3718541015163902,0.6281458984836099
Ela_metadataset,SVM_Linear,0.8,Defaults,Tuning,0.3737359844237251,0.6262640155762749
Ela_metadataset,SVM_Linear,0.8,Defaults,Tuning,0.33759236197705295,0.6624076380229471
Ela_metadataset,SVM_Linear,0.8,Defaults,Tuning,0.2735530441141728,0.7264469558858271
Ela_metadataset,SVM_Linear,0.8,Defaults,Tuning,0.44356945429413186,0.556430545705868
Ela_metadataset,SVM_Linear,0.8,Tuning,Tuning,0.14530367940106065,0.8546963205989391
Ela_metadataset,SVM_Linear,0.8,Tuning,Tuning,0.15420566314807388,0.8457943368519261
Ela_metadataset,SVM_Linear,0.8,Tuning,Tuning,0.27252923037922877,0.7274707696207712
Ela_metadataset,SVM_Linear,0.8,Defaults,Tuning,0.3373294234192504,0.6626705765807495
Ela_metadataset,SVM_Linear,0.8,Defaults,Tuning,0.32278794035808234,0.6772120596419177
Ela_metadataset,SVM_Linear,0.8,Defaults,Tuning,0.439280358912846,0.5607196410871539
Ela_metadataset,SVM_Linear,0.8,Defaults,Defaults,0.5107579023820743,0.4892420976179256
Ela_metadataset,SVM_Linear,0.8,Tuning,Tuning,0.33103587817335794,0.668964121826642
Ela_metadataset,SVM_Linear,0.8,Tuning,Tuning,0.3790203952016225,0.6209796047983775
Ela_metadataset,SVM_Linear,0.8,Defaults,Tuning,0.47591601896740926,0.5240839810325909
Ela_metadataset,SVM_Linear,0.8,Tuning,Tuning,0.31200805613963883,0.6879919438603612
Ela_metadataset,SVM_Linear,0.8,Defaults,Tuning,0.3381152480654748,0.6618847519345251
Ela_metadataset,SVM_Linear,0.8,Tuning,Tuning,0.07296090361069697,0.9270390963893032
Ela_metadataset,SVM_Linear,0.8,Tuning,Tuning,0.2855371084484844,0.7144628915515155
Ela_metadataset,SVM_Linear,0.8,Defaults,Defaults,0.5307586739223172,0.46924132607768276
Ela_metadataset,SVM_Linear,0.8,Tuning,Tuning,0.29329522426025956,0.7067047757397404
Ela_metadataset,SVM_Linear,0.8,Defaults,Tuning,0.42097834440432924,0.5790216555956708
Ela_metadataset,SVM_Linear,0.8,Tuning,Tuning,0.19272412154432836,0.8072758784556716
Ela_metadataset,SVM_Linear,0.8,Tuning,Tuning,0.16476835098333034,0.8352316490166697
Ela_metadataset,SVM_Linear,0.8,Tuning,Tuning,0.35457141249842883,0.6454285875015713
Ela_metadataset,SVM_Linear,0.8,Defaults,Tuning,0.23708857685877266,0.7629114231412272
Ela_metadataset,SVM_Linear,0.8,Tuning,Tuning,0.13198588249196677,0.8680141175080334
Ela_metadataset,SVM_Linear,0.8,Tuning,Tuning,0.34857579930167193,0.6514242006983281
Ela_metadataset,SVM_Linear,0.8,Tuning,Tuning,0.13982677200723959,0.8601732279927606
Ela_metadataset,SVM_Linear,0.8,Defaults,Tuning,0.18775792188504814,0.8122420781149517
Ela_metadataset,SVM_Linear,0.8,Tuning,Tuning,0.07452865772213906,0.9254713422778612
Ela_metadataset,SVM_Linear,0.8,Tuning,Tuning,0.27619687548708105,0.723803124512919
Ela_metadataset,SVM_Linear,0.8,Tuning,Tuning,0.08395016195528322,0.9160498380447166
Ela_metadataset,SVM_Linear,0.8,Tuning,Tuning,0.13531473241977413,0.864685267580226
Ela_metadataset,SVM_Linear,0.8,Tuning,Defaults,0.5,0.5
Ela_metadataset,SVM_Linear,0.8,Tuning,Defaults,0.5,0.5
Ela_metadataset,SVM_Linear,0.8,Tuning,Tuning,0.1457173839214803,0.8542826160785197
Ela_metadataset,SVM_Linear,0.8,Defaults,Tuning,0.389981266255459,0.6100187337445411
Ela_metadataset,SVM_Linear,0.8,Tuning,Tuning,0.12773911383889489,0.8722608861611053
Ela_metadataset,SVM_Linear,0.8,Tuning,Tuning,0.23726627463321964,0.7627337253667803
Ela_metadataset,SVM_Linear,0.8,Tuning,Tuning,0.34134166480384537,0.6586583351961545
Ela_metadataset,SVM_Linear,0.8,Tuning,Tuning,0.27840660078579466,0.7215933992142055
Ela_metadataset,SVM_Linear,0.8,Tuning,Tuning,0.020169875912691693,0.9798301240873083
Ela_metadataset,SVM_Linear,0.8,Tuning,Tuning,0.2675896743975804,0.7324103256024197
Ela_metadataset,SVM_Linear,0.8,Tuning,Defaults,0.7178262979072603,0.28217370209273995
Ela_metadataset,SVM_Linear,0.8,Tuning,Tuning,0.15184471931821872,0.8481552806817813
Ela_metadataset,SVM_Linear,0.8,Defaults,Defaults,0.6990061868694395,0.3009938131305604
Ela_metadataset,SVM_Linear,0.8,Tuning,Tuning,0.00792379493435229,0.9920762050656474
Ela_metadataset,SVM_Linear,0.8,Defaults,Tuning,0.23508354161958292,0.764916458380417
Ela_metadataset,SVM_Linear,0.8,Tuning,Tuning,0.10966269714299863,0.8903373028570011
Ela_metadataset,SVM_Linear,0.8,Tuning,Tuning,0.46947706690204344,0.5305229330979567
Ela_metadataset,SVM_Linear,0.8,Tuning,Tuning,0.05497848066561778,0.9450215193343822
Ela_metadataset,SVM_Linear,0.8,Tuning,Tuning,0.08348587955002813,0.9165141204499718
Ela_metadataset,SVM_Linear,0.8,Defaults,Tuning,0.2730768295643976,0.7269231704356024
Ela_metadataset,SVM_Linear,0.8,Defaults,Tuning,0.43423142015294325,0.5657685798470569
Ela_metadataset,SVM_Linear,0.8,Tuning,Tuning,0.19620434009192986,0.8037956599080703
Ela_metadataset,SVM_Linear,0.8,Tuning,Tuning,0.19389862025051147,0.8061013797494887
Ela_metadataset,SVM_Linear,0.8,Tuning,Tuning,0.42546680885512506,0.574533191144875
Ela_metadataset,SVM_Linear,0.8,Tuning,Tuning,0.4202501493294631,0.579749850670537
Ela_metadataset,SVM_Linear,0.8,Tuning,Tuning,0.20960348724532218,0.7903965127546779
Ela_metadataset,SVM_Linear,0.8,Tuning,Tuning,0.08479180394084034,0.9152081960591596
Ela_metadataset,SVM_Linear,0.8,Tuning,Tuning,0.18453728728477564,0.8154627127152247
Ela_metadataset,SVM_Linear,0.8,Tuning,Tuning,0.3635286536430997,0.6364713463569004
Ela_metadataset,SVM_Linear,0.8,Defaults,Tuning,0.22716324034109775,0.7728367596589022
Ela_metadataset,SVM_Linear,0.8,Tuning,Tuning,0.3193378980977657,0.6806621019022342
Ela_metadataset,SVM_Linear,0.8,Tuning,Tuning,0.4835355057884595,0.5164644942115405
Ela_metadataset,SVM_Linear,0.8,Tuning,Tuning,0.15484816248065308,0.8451518375193466
Ela_metadataset,SVM_Linear,0.8,Tuning,Tuning,0.2855888614899555,0.7144111385100445
Ela_metadataset,SVM_Linear,0.8,Defaults,Tuning,0.2113983101820644,0.7886016898179355
Ela_metadataset,SVM_Linear,0.8,Tuning,Tuning,0.12308244682139435,0.8769175531786056
Ela_metadataset,SVM_Linear,0.8,Tuning,Tuning,0.1418998821340529,0.858100117865947
Ela_metadataset,SVM_Linear,0.8,Tuning,Tuning,0.0591142150416929,0.9408857849583071
Ela_metadataset,SVM_Linear,0.8,Defaults,Tuning,0.16397991395551786,0.836020086044482
Ela_metadataset,SVM_Linear,0.8,Tuning,Tuning,0.1999627984996834,0.8000372015003164
Ela_metadataset,SVM_Linear,0.8,Tuning,Tuning,0.32011928268035666,0.6798807173196434
Ela_metadataset,SVM_Linear,0.8,Tuning,Tuning,0.11678851233617148,0.8832114876638284
Ela_metadataset,SVM_Linear,0.8,Defaults,Defaults,0.6706451952718142,0.3293548047281859
Ela_metadataset,SVM_Linear,0.8,Defaults,Tuning,0.48654344882860595,0.5134565511713942
Ela_metadataset,SVM_Linear,0.8,Tuning,Defaults,0.9313822546807099,0.06861774531929013
Ela_metadataset,SVM_Linear,0.8,Tuning,Tuning,0.16717069183452865,0.8328293081654713
Ela_metadataset,SVM_Linear,0.8,Tuning,Tuning,0.18881487758708584,0.8111851224129143
Ela_metadataset,SVM_Linear,0.8,Defaults,Tuning,0.3060439955178796,0.6939560044821204
Ela_metadataset,SVM_Linear,0.8,Defaults,Tuning,0.37170606145296464,0.6282939385470354
Ela_metadataset,SVM_Linear,0.8,Defaults,Defaults,0.5302533122951547,0.4697466877048452
Ela_metadataset,SVM_Linear,0.8,Tuning,Tuning,0.18705532896986507,0.8129446710301349
Ela_metadataset,SVM_Linear,0.8,Defaults,Defaults,0.6779069832048829,0.32209301679511715
Ela_metadataset,SVM_Linear,0.8,Tuning,Tuning,0.3726192012995151,0.6273807987004849
Ela_metadataset,SVM_Linear,0.8,Tuning,Tuning,0.10274619666996311,0.8972538033300368
Ela_metadataset,SVM_Linear,0.8,Defaults,Tuning,0.4080621631737649,0.591937836826235
Ela_metadataset,SVM_Linear,0.8,Defaults,Tuning,0.32753056815531373,0.6724694318446861
Ela_metadataset,SVM_Linear,0.8,Tuning,Tuning,0.24355310748882825,0.7564468925111717
Ela_metadataset,SVM_Linear,0.8,Tuning,Defaults,0.5232387120296216,0.47676128797037853
Ela_metadataset,SVM_Linear,0.8,Defaults,Tuning,0.19057224956148394,0.8094277504385161
Ela_metadataset,SVM_Linear,0.8,Tuning,Tuning,0.07114930571276384,0.9288506942872362
Ela_metadataset,SVM_Linear,0.8,Tuning,Tuning,0.40328252983695406,0.5967174701630461
Ela_metadataset,SVM_Linear,0.8,Tuning,Tuning,0.4414998472807628,0.5585001527192373
Ela_metadataset,SVM_Linear,0.8,Tuning,Tuning,0.07479009027758478,0.9252099097224152
Ela_metadataset,SVM_Linear,0.85,Tuning,Tuning,0.29182898082207964,0.7081710191779205
Ela_metadataset,SVM_Linear,0.85,Tuning,Tuning,0.19012612525014363,0.8098738747498565
Ela_metadataset,SVM_Linear,0.85,Defaults,Defaults,0.6945071331239087,0.3054928668760914
Ela_metadataset,SVM_Linear,0.85,Tuning,Tuning,0.23438580906006204,0.7656141909399379
Ela_metadataset,SVM_Linear,0.85,Tuning,Tuning,0.10485728378069921,0.8951427162193006
Ela_metadataset,SVM_Linear,0.85,Tuning,Tuning,0.28548185238799484,0.714518147612005
Ela_metadataset,SVM_Linear,0.85,Tuning,Tuning,0.1372944355635277,0.8627055644364722
Ela_metadataset,SVM_Linear,0.85,Defaults,Tuning,0.32422279471371585,0.6757772052862843
Ela_metadataset,SVM_Linear,0.85,Defaults,Tuning,0.413626046752363,0.586373953247637
Ela_metadataset,SVM_Linear,0.85,Tuning,Tuning,0.26631032651008024,0.7336896734899198
Ela_metadataset,SVM_Linear,0.85,Tuning,Tuning,0.16752617513884768,0.8324738248611523
Ela_metadataset,SVM_Linear,0.85,Defaults,Tuning,0.3812527944710238,0.6187472055289763
Ela_metadataset,SVM_Linear,0.85,Tuning,Tuning,0.31235299625210367,0.6876470037478963
Ela_metadataset,SVM_Linear,0.85,Tuning,Defaults,0.5267344337197328,0.473265566280267
Ela_metadataset,SVM_Linear,0.85,Tuning,Tuning,1.875482504300696e-05,0.999981245174957
Ela_metadataset,SVM_Linear,0.85,Tuning,Tuning,0.16970790878720501,0.8302920912127949
Ela_metadataset,SVM_Linear,0.85,Defaults,Tuning,0.48481520498710573,0.5151847950128943
Ela_metadataset,SVM_Linear,0.85,Tuning,Tuning,0.06695461075928094,0.9330453892407191
Ela_metadataset,SVM_Linear,0.85,Defaults,Tuning,0.4744144624698619,0.5255855375301381
Ela_metadataset,SVM_Linear,0.85,Tuning,Defaults,0.7343539585304039,0.26564604146959625
Ela_metadataset,SVM_Linear,0.85,Tuning,Tuning,0.3557475459798532,0.6442524540201467
Ela_metadataset,SVM_Linear,0.85,Defaults,Defaults,0.523244617578331,0.4767553824216691
Ela_metadataset,SVM_Linear,0.85,Tuning,Tuning,0.35420989557216637,0.6457901044278337
Ela_metadataset,SVM_Linear,0.85,Tuning,Tuning,0.21605186548015043,0.7839481345198498
Ela_metadataset,SVM_Linear,0.85,Tuning,Tuning,0.20358225416716955,0.7964177458328304
Ela_metadataset,SVM_Linear,0.85,Tuning,Tuning,0.16516544409416217,0.834834555905838
Ela_metadataset,SVM_Linear,0.85,Tuning,Tuning,0.13620174205473543,0.8637982579452644
Ela_metadataset,SVM_Linear,0.85,Tuning,Tuning,0.1257099303396847,0.8742900696603153
Ela_metadataset,SVM_Linear,0.85,Tuning,Tuning,0.06510417547746924,0.9348958245225308
Ela_metadataset,SVM_Linear,0.85,Tuning,Tuning,0.23369128569806097,0.7663087143019393
Ela_metadataset,SVM_Linear,0.85,Tuning,Tuning,0.00704210168229864,0.9929578983177014
Ela_metadataset,SVM_Linear,0.85,Tuning,Tuning,0.145185626090486,0.8548143739095139
Ela_metadataset,SVM_Linear,0.85,Defaults,Defaults,0.7174099837686582,0.2825900162313417
Ela_metadataset,SVM_Linear,0.85,Defaults,Defaults,0.6510260509043656,0.34897394909563434
Ela_metadataset,SVM_Linear,0.85,Tuning,Tuning,0.14641702404557416,0.8535829759544259
Ela_metadataset,SVM_Linear,0.85,Tuning,Tuning,0.12006973570827581,0.8799302642917244
Ela_metadataset,SVM_Linear,0.85,Tuning,Tuning,0.25162075323757693,0.748379246762423
Ela_metadataset,SVM_Linear,0.85,Defaults,Tuning,6.936526040369889e-06,0.9999930634739597
Ela_metadataset,SVM_Linear,0.85,Tuning,Tuning,0.17828079561199908,0.8217192043880011
Ela_metadataset,SVM_Linear,0.85,Defaults,Tuning,0.3128701574729534,0.6871298425270466
Ela_metadataset,SVM_Linear,0.85,Tuning,Tuning,0.22883880893229053,0.7711611910677095
Ela_metadataset,SVM_Linear,0.85,Tuning,Tuning,0.034675839160770584,0.9653241608392292
Ela_metadataset,SVM_Linear,0.85,Tuning,Tuning,0.093206543544567,0.9067934564554327
Ela_metadataset,SVM_Linear,0.85,Tuning,Tuning,0.16799334069092198,0.8320066593090781
Ela_metadataset,SVM_Linear,0.85,Tuning,Tuning,0.05976891617177327,0.9402310838282265
Ela_metadataset,SVM_Linear,0.85,Tuning,Tuning,0.24807722986112857,0.7519227701388713
Ela_metadataset,SVM_Linear,0.85,Tuning,Tuning,0.2827680231852634,0.7172319768147366
Ela_metadataset,SVM_Linear,0.85,Tuning,Tuning,0.24033662067102962,0.7596633793289703
Ela_metadataset,SVM_Linear,0.85,Tuning,Tuning,0.36871807768863096,0.631281922311369
Ela_metadataset,SVM_Linear,0.85,Tuning,Tuning,0.15101463743933513,0.848985362560665
Ela_metadataset,SVM_Linear,0.85,Defaults,Defaults,0.5325991863148651,0.46740081368513486
Ela_metadataset,SVM_Linear,0.85,Tuning,Tuning,0.213648671161792,0.7863513288382079
Ela_metadataset,SVM_Linear,0.85,Tuning,Tuning,0.12112804671079783,0.8788719532892021
Ela_metadataset,SVM_Linear,0.85,Defaults,Tuning,0.16382703554459366,0.8361729644554062
Ela_metadataset,SVM_Linear,0.85,Tuning,Tuning,0.2711943758519063,0.7288056241480936
Ela_metadataset,SVM_Linear,0.85,Tuning,Tuning,0.4367179873630244,0.5632820126369757
Ela_metadataset,SVM_Linear,0.85,Tuning,Tuning,0.10636873963764164,0.8936312603623584
Ela_metadataset,SVM_Linear,0.85,Tuning,Tuning,0.3990333476817122,0.6009666523182878
Ela_metadataset,SVM_Linear,0.85,Tuning,Tuning,0.3209307419208424,0.6790692580791575
Ela_metadataset,SVM_Linear,0.85,Tuning,Tuning,0.19889993975557238,0.8011000602444276
Ela_metadataset,SVM_Linear,0.85,Tuning,Tuning,0.19292312085979468,0.8070768791402052
Ela_metadataset,SVM_Linear,0.85,Tuning,Tuning,0.39460752129161,0.6053924787083901
Ela_metadataset,SVM_Linear,0.85,Tuning,Tuning,0.2714720754799772,0.728527924520023
Ela_metadataset,SVM_Linear,0.85,Defaults,Tuning,0.35760748961139927,0.6423925103886009
Ela_metadataset,SVM_Linear,0.85,Tuning,Tuning,0.36015851068510185,0.639841489314898
Ela_metadataset,SVM_Linear,0.85,Defaults,Defaults,0.5856601792018125,0.41433982079818754
Ela_metadataset,SVM_Linear,0.85,Tuning,Tuning,0.22037577580180026,0.7796242241981999
Ela_metadataset,SVM_Linear,0.85,Tuning,Tuning,0.1418553878244125,0.8581446121755874
Ela_metadataset,SVM_Linear,0.85,Tuning,Tuning,0.35247575957127797,0.6475242404287221
Ela_metadataset,SVM_Linear,0.85,Tuning,Tuning,0.4471288998633604,0.5528711001366398
Ela_metadataset,SVM_Linear,0.85,Tuning,Tuning,0.49024618461062297,0.5097538153893771
Ela_metadataset,SVM_Linear,0.85,Defaults,Tuning,0.38219955588432064,0.6178004441156794
Ela_metadataset,SVM_Linear,0.85,Tuning,Tuning,0.380710328293975,0.6192896717060248
Ela_metadataset,SVM_Linear,0.85,Defaults,Tuning,0.36953513012408407,0.6304648698759159
Ela_metadataset,SVM_Linear,0.85,Defaults,Tuning,0.3664722391389744,0.6335277608610256
Ela_metadataset,SVM_Linear,0.85,Defaults,Tuning,0.24780308304335405,0.752196916956646
Ela_metadataset,SVM_Linear,0.85,Defaults,Tuning,0.4322738529399779,0.567726147060022
Ela_metadataset,SVM_Linear,0.85,Tuning,Tuning,0.09855691374786679,0.9014430862521333
Ela_metadataset,SVM_Linear,0.85,Tuning,Tuning,0.1087588969561443,0.8912411030438555
Ela_metadataset,SVM_Linear,0.85,Tuning,Tuning,0.21381230380692004,0.7861876961930802
Ela_metadataset,SVM_Linear,0.85,Defaults,Tuning,0.350570290459138,0.6494297095408622
Ela_metadataset,SVM_Linear,0.85,Defaults,Tuning,0.060372375240550974,0.9396276247594489
Ela_metadataset,SVM_Linear,0.85,Defaults,Tuning,0.3984633832065236,0.6015366167934764
Ela_metadataset,SVM_Linear,0.85,Defaults,Defaults,0.529986130695104,0.4700138693048959
Ela_metadataset,SVM_Linear,0.85,Tuning,Tuning,0.38060680598640356,0.6193931940135965
Ela_metadataset,SVM_Linear,0.85,Tuning,Tuning,0.3769185558931503,0.6230814441068497
Ela_metadataset,SVM_Linear,0.85,Defaults,Defaults,0.5379020792707642,0.46209792072923606
Ela_metadataset,SVM_Linear,0.85,Tuning,Tuning,0.1918835867411761,0.808116413258824
Ela_metadataset,SVM_Linear,0.85,Defaults,Tuning,0.38542641169239267,0.6145735883076074
Ela_metadataset,SVM_Linear,0.85,Tuning,Tuning,0.0686240562021504,0.9313759437978497
Ela_metadataset,SVM_Linear,0.85,Tuning,Tuning,0.2850297689252394,0.7149702310747608
Ela_metadataset,SVM_Linear,0.85,Defaults,Defaults,0.5899021420689561,0.41009785793104403
Ela_metadataset,SVM_Linear,0.85,Tuning,Tuning,0.36729340464523264,0.6327065953547674
Ela_metadataset,SVM_Linear,0.85,Defaults,Defaults,0.5173867341202831,0.48261326587971665
Ela_metadataset,SVM_Linear,0.85,Tuning,Tuning,0.2117037875013866,0.7882962124986134
Ela_metadataset,SVM_Linear,0.85,Tuning,Tuning,0.20906013988353028,0.7909398601164697
Ela_metadataset,SVM_Linear,0.85,Tuning,Tuning,0.3430506511080772,0.656949348891923
Ela_metadataset,SVM_Linear,0.85,Defaults,Tuning,0.21913295142741177,0.7808670485725883
Ela_metadataset,SVM_Linear,0.85,Tuning,Tuning,0.12155163247329064,0.8784483675267092
Ela_metadataset,SVM_Linear,0.85,Tuning,Tuning,0.3400443312731273,0.6599556687268726
Ela_metadataset,SVM_Linear,0.85,Tuning,Tuning,0.13439282864365323,0.8656071713563468
Ela_metadataset,SVM_Linear,0.85,Defaults,Tuning,0.192975869873718,0.8070241301262819
Ela_metadataset,SVM_Linear,0.85,Tuning,Tuning,0.18856503092616572,0.8114349690738343
Ela_metadataset,SVM_Linear,0.85,Tuning,Tuning,0.38031495869232596,0.6196850413076739
Ela_metadataset,SVM_Linear,0.85,Tuning,Tuning,0.07211040518288533,0.9278895948171147
Ela_metadataset,SVM_Linear,0.85,Tuning,Tuning,0.16456315711199515,0.8354368428880048
Ela_metadataset,SVM_Linear,0.85,Tuning,Tuning,0.3879410243996818,0.6120589756003182
Ela_metadataset,SVM_Linear,0.85,Tuning,Tuning,0.46554502861221897,0.5344549713877812
Ela_metadataset,SVM_Linear,0.85,Tuning,Tuning,0.12728365530264077,0.8727163446973593
Ela_metadataset,SVM_Linear,0.85,Defaults,Tuning,0.34481305614854796,0.655186943851452
Ela_metadataset,SVM_Linear,0.85,Tuning,Tuning,0.1606284557055323,0.8393715442944675
Ela_metadataset,SVM_Linear,0.85,Tuning,Tuning,0.21666645025415698,0.7833335497458431
Ela_metadataset,SVM_Linear,0.85,Tuning,Tuning,0.3211200295632327,0.6788799704367671
Ela_metadataset,SVM_Linear,0.85,Tuning,Tuning,0.2453429534810446,0.7546570465189554
Ela_metadataset,SVM_Linear,0.85,Tuning,Tuning,0.005875084247676997,0.9941249157523231
Ela_metadataset,SVM_Linear,0.85,Tuning,Tuning,0.3377943795012742,0.6622056204987257
Ela_metadataset,SVM_Linear,0.85,Tuning,Defaults,0.6565092029717395,0.3434907970282603
Ela_metadataset,SVM_Linear,0.85,Tuning,Tuning,0.2959521965484435,0.7040478034515565
Ela_metadataset,SVM_Linear,0.85,Defaults,Defaults,0.7102641663889246,0.28973583361107536
Ela_metadataset,SVM_Linear,0.85,Tuning,Tuning,0.005453989971876518,0.9945460100281234
Ela_metadataset,SVM_Linear,0.85,Defaults,Tuning,0.23630542001932284,0.7636945799806774
Ela_metadataset,SVM_Linear,0.85,Tuning,Tuning,0.08838772823554152,0.9116122717644586
Ela_metadataset,SVM_Linear,0.85,Tuning,Defaults,0.5915933691818823,0.4084066308181177
Ela_metadataset,SVM_Linear,0.85,Tuning,Tuning,0.07432378009438642,0.9256762199056133
Ela_metadataset,SVM_Linear,0.85,Tuning,Tuning,0.15194912464141772,0.8480508753585824
Ela_metadataset,SVM_Linear,0.85,Defaults,Tuning,0.26665100418989757,0.7333489958101024
Ela_metadataset,SVM_Linear,0.85,Defaults,Tuning,0.41945829743535973,0.5805417025646402
Ela_metadataset,SVM_Linear,0.85,Tuning,Tuning,0.17917843532653643,0.8208215646734635
Ela_metadataset,SVM_Linear,0.85,Tuning,Tuning,0.16551382000933476,0.8344861799906652
Ela_metadataset,SVM_Linear,0.85,Tuning,Tuning,0.34444313781658165,0.6555568621834184
Ela_metadataset,SVM_Linear,0.85,Tuning,Tuning,0.3527057124178647,0.6472942875821355
Ela_metadataset,SVM_Linear,0.85,Tuning,Tuning,0.21703048361899988,0.7829695163810001
Ela_metadataset,SVM_Linear,0.85,Tuning,Tuning,0.26270152510423433,0.7372984748957655
Ela_metadataset,SVM_Linear,0.85,Tuning,Tuning,0.1277087603790072,0.8722912396209928
Ela_metadataset,SVM_Linear,0.85,Tuning,Tuning,0.3662083073439201,0.63379169265608
Ela_metadataset,SVM_Linear,0.85,Defaults,Tuning,0.2578149409939045,0.7421850590060955
Ela_metadataset,SVM_Linear,0.85,Tuning,Tuning,0.35052932950696386,0.6494706704930361
Ela_metadataset,SVM_Linear,0.85,Tuning,Defaults,0.5219146166882032,0.47808538331179695
Ela_metadataset,SVM_Linear,0.85,Tuning,Tuning,0.28006558145316424,0.7199344185468359
Ela_metadataset,SVM_Linear,0.85,Tuning,Tuning,0.3013258220114528,0.6986741779885473
Ela_metadataset,SVM_Linear,0.85,Defaults,Tuning,0.2550803384100094,0.7449196615899905
Ela_metadataset,SVM_Linear,0.85,Tuning,Tuning,0.09716675253525311,0.9028332474647469
Ela_metadataset,SVM_Linear,0.85,Tuning,Tuning,0.11439341455235827,0.8856065854476417
Ela_metadataset,SVM_Linear,0.85,Tuning,Tuning,0.02875738601021396,0.9712426139897861
Ela_metadataset,SVM_Linear,0.85,Defaults,Tuning,0.16473871701403275,0.8352612829859672
Ela_metadataset,SVM_Linear,0.85,Tuning,Tuning,0.17245787482441424,0.8275421251755857
Ela_metadataset,SVM_Linear,0.85,Tuning,Tuning,0.36771739042048596,0.632282609579514
Ela_metadataset,SVM_Linear,0.85,Tuning,Tuning,0.05891360442172932,0.9410863955782709
Ela_metadataset,SVM_Linear,0.85,Defaults,Defaults,0.6083795005497089,0.391620499450291
Ela_metadataset,SVM_Linear,0.85,Defaults,Tuning,0.48928312554654446,0.5107168744534557
Ela_metadataset,SVM_Linear,0.85,Tuning,Defaults,0.9286340533762134,0.07136594662378652
Ela_metadataset,SVM_Linear,0.85,Tuning,Tuning,0.164821871922442,0.8351781280775582
Ela_metadataset,SVM_Linear,0.85,Tuning,Tuning,0.1638439714420741,0.836156028557926
Ela_metadataset,SVM_Linear,0.85,Defaults,Tuning,0.2177920168954954,0.7822079831045045
Ela_metadataset,SVM_Linear,0.85,Defaults,Tuning,0.2285453735399608,0.7714546264600393
Ela_metadataset,SVM_Linear,0.85,Defaults,Tuning,0.40115590406863955,0.5988440959313605
Ela_metadataset,SVM_Linear,0.85,Tuning,Tuning,0.09123796166122718,0.9087620383387727
Ela_metadataset,SVM_Linear,0.85,Defaults,Tuning,0.4903775174120151,0.509622482587985
Ela_metadataset,SVM_Linear,0.85,Tuning,Tuning,0.3301011935323723,0.6698988064676276
Ela_metadataset,SVM_Linear,0.85,Tuning,Tuning,0.07192607232522502,0.9280739276747751
Ela_metadataset,SVM_Linear,0.85,Defaults,Tuning,0.3906022179181121,0.609397782081888
Ela_metadataset,SVM_Linear,0.85,Defaults,Tuning,0.2928778602243526,0.7071221397756475
Ela_metadataset,SVM_Linear,0.85,Tuning,Tuning,0.2557863295705258,0.7442136704294741
Ela_metadataset,SVM_Linear,0.85,Tuning,Defaults,0.5349417598821588,0.46505824011784125
Ela_metadataset,SVM_Linear,0.85,Defaults,Tuning,0.18628580182913257,0.8137141981708673
Ela_metadataset,SVM_Linear,0.85,Tuning,Tuning,0.05413845633443645,0.9458615436655636
Ela_metadataset,SVM_Linear,0.85,Tuning,Tuning,0.35275697717596044,0.6472430228240397
Ela_metadataset,SVM_Linear,0.85,Tuning,Tuning,0.47907680537838015,0.52092319462162
Ela_metadataset,SVM_Linear,0.85,Tuning,Tuning,0.08055137706712766,0.9194486229328724
Ela_metadataset,SVM_Linear,0.9,Tuning,Tuning,0.321689258128692,0.6783107418713082
Ela_metadataset,SVM_Linear,0.9,Tuning,Tuning,0.195882034923539,0.8041179650764613
Ela_metadataset,SVM_Linear,0.9,Defaults,Defaults,0.6783845973720137,0.321615402627986
Ela_metadataset,SVM_Linear,0.9,Tuning,Tuning,0.22659517008842425,0.7734048299115757
Ela_metadataset,SVM_Linear,0.9,Tuning,Tuning,0.08497941802594057,0.9150205819740593
Ela_metadataset,SVM_Linear,0.9,Tuning,Tuning,0.26125725888770185,0.7387427411122983
Ela_metadataset,SVM_Linear,0.9,Tuning,Tuning,0.10449589830717543,0.8955041016928245
Ela_metadataset,SVM_Linear,0.9,Defaults,Tuning,0.3348901453981129,0.6651098546018871
Ela_metadataset,SVM_Linear,0.9,Defaults,Tuning,0.4349492250754551,0.5650507749245449
Ela_metadataset,SVM_Linear,0.9,Tuning,Tuning,0.24603822305763087,0.7539617769423691
Ela_metadataset,SVM_Linear,0.9,Tuning,Tuning,0.14429035030025053,0.8557096496997496
Ela_metadataset,SVM_Linear,0.9,Defaults,Tuning,0.3794114282150496,0.6205885717849503
Ela_metadataset,SVM_Linear,0.9,Tuning,Tuning,0.3352711606407685,0.6647288393592314
Ela_metadataset,SVM_Linear,0.9,Tuning,Defaults,0.5348205278941426,0.46517947210585747
Ela_metadataset,SVM_Linear,0.9,Tuning,Tuning,3.0623278397326917e-06,0.9999969376721602
Ela_metadataset,SVM_Linear,0.9,Tuning,Tuning,0.14791831325251925,0.8520816867474806
Ela_metadataset,SVM_Linear,0.9,Defaults,Tuning,0.4541623605556085,0.5458376394443915
Ela_metadataset,SVM_Linear,0.9,Tuning,Tuning,0.050086327220968764,0.9499136727790313
Ela_metadataset,SVM_Linear,0.9,Defaults,Tuning,0.44680803708090217,0.5531919629190979
Ela_metadataset,SVM_Linear,0.9,Tuning,Defaults,0.7436747520699429,0.2563252479300571
Ela_metadataset,SVM_Linear,0.9,Tuning,Tuning,0.3542590828200873,0.6457409171799128
Ela_metadataset,SVM_Linear,0.9,Defaults,Defaults,0.5252359691338554,0.47476403086614477
Ela_metadataset,SVM_Linear,0.9,Tuning,Tuning,0.3702752137672448,0.6297247862327552
Ela_metadataset,SVM_Linear,0.9,Tuning,Tuning,0.19517534484093502,0.804824655159065
Ela_metadataset,SVM_Linear,0.9,Tuning,Tuning,0.19901146648490267,0.8009885335150974
Ela_metadataset,SVM_Linear,0.9,Tuning,Tuning,0.14330406266313542,0.8566959373368648
Ela_metadataset,SVM_Linear,0.9,Tuning,Tuning,0.12416384190825619,0.8758361580917438
Ela_metadataset,SVM_Linear,0.9,Tuning,Tuning,0.1140105021315689,0.885989497868431
Ela_metadataset,SVM_Linear,0.9,Tuning,Tuning,0.05295209080625434,0.9470479091937455
Ela_metadataset,SVM_Linear,0.9,Tuning,Tuning,0.22890703989623984,0.77109296010376
Ela_metadataset,SVM_Linear,0.9,Tuning,Tuning,0.004205268093452747,0.9957947319065475
Ela_metadataset,SVM_Linear,0.9,Tuning,Tuning,0.13386357932338858,0.8661364206766115
Ela_metadataset,SVM_Linear,0.9,Defaults,Defaults,0.7497606064485178,0.25023939355148195
Ela_metadataset,SVM_Linear,0.9,Defaults,Defaults,0.6360453026649545,0.3639546973350455
Ela_metadataset,SVM_Linear,0.9,Tuning,Tuning,0.1422596265337421,0.857740373466258
Ela_metadataset,SVM_Linear,0.9,Tuning,Tuning,0.11759010172911294,0.8824098982708872
Ela_metadataset,SVM_Linear,0.9,Tuning,Tuning,0.23524279132392523,0.7647572086760748
Ela_metadataset,SVM_Linear,0.9,Defaults,Tuning,1.3672312629523172e-06,0.999998632768737
Ela_metadataset,SVM_Linear,0.9,Tuning,Tuning,0.15849124586216629,0.8415087541378337
Ela_metadataset,SVM_Linear,0.9,Defaults,Tuning,0.3101253458749497,0.6898746541250502
Ela_metadataset,SVM_Linear,0.9,Tuning,Tuning,0.20916829847422422,0.7908317015257756
Ela_metadataset,SVM_Linear,0.9,Tuning,Tuning,0.027698548249378993,0.9723014517506209
Ela_metadataset,SVM_Linear,0.9,Tuning,Tuning,0.06431497671328197,0.935685023286718
Ela_metadataset,SVM_Linear,0.9,Tuning,Tuning,0.1683375291201115,0.8316624708798885
Ela_metadataset,SVM_Linear,0.9,Tuning,Tuning,0.05682624479476812,0.943173755205232
Ela_metadataset,SVM_Linear,0.9,Tuning,Tuning,0.23461320895965218,0.7653867910403478
Ela_metadataset,SVM_Linear,0.9,Tuning,Tuning,0.28766256440114524,0.7123374355988547
Ela_metadataset,SVM_Linear,0.9,Tuning,Tuning,0.23853671697928452,0.7614632830207155
Ela_metadataset,SVM_Linear,0.9,Tuning,Tuning,0.3828688971881697,0.6171311028118304
Ela_metadataset,SVM_Linear,0.9,Tuning,Tuning,0.14736027498591947,0.8526397250140804
Ela_metadataset,SVM_Linear,0.9,Defaults,Defaults,0.5285884141795709,0.4714115858204291
Ela_metadataset,SVM_Linear,0.9,Tuning,Tuning,0.2072971273047353,0.7927028726952647
Ela_metadataset,SVM_Linear,0.9,Tuning,Tuning,0.10218221756579908,0.8978177824342011
Ela_metadataset,SVM_Linear,0.9,Defaults,Tuning,0.15275972893976833,0.8472402710602317
Ela_metadataset,SVM_Linear,0.9,Tuning,Tuning,0.26458110531850076,0.7354188946814993
Ela_metadataset,SVM_Linear,0.9,Tuning,Tuning,0.4515076741726773,0.5484923258273228
Ela_metadataset,SVM_Linear,0.9,Tuning,Tuning,0.088948449288686,0.9110515507113138
Ela_metadataset,SVM_Linear,0.9,Tuning,Tuning,0.3939579181311002,0.6060420818688997
Ela_metadataset,SVM_Linear,0.9,Tuning,Tuning,0.3073161653918486,0.6926838346081513
Ela_metadataset,SVM_Linear,0.9,Tuning,Tuning,0.18797854665178768,0.8120214533482125
Ela_metadataset,SVM_Linear,0.9,Tuning,Tuning,0.15299442587838488,0.8470055741216153
Ela_metadataset,SVM_Linear,0.9,Tuning,Tuning,0.4025761655768873,0.5974238344231125
Ela_metadataset,SVM_Linear,0.9,Tuning,Tuning,0.26611035006997463,0.7338896499300256
Ela_metadataset,SVM_Linear,0.9,Defaults,Tuning,0.369695706773567,0.630304293226433
Ela_metadataset,SVM_Linear,0.9,Tuning,Tuning,0.3904983390809977,0.6095016609190023
Ela_metadataset,SVM_Linear,0.9,Defaults,Defaults,0.5912396876693723,0.40876031233062765
Ela_metadataset,SVM_Linear,0.9,Tuning,Tuning,0.20408445108855594,0.795915548911444
Ela_metadataset,SVM_Linear,0.9,Tuning,Tuning,0.11956938297830308,0.8804306170216971
Ela_metadataset,SVM_Linear,0.9,Tuning,Tuning,0.3542044896835193,0.6457955103164806
Ela_metadataset,SVM_Linear,0.9,Tuning,Tuning,0.44461711203499144,0.5553828879650083
Ela_metadataset,SVM_Linear,0.9,Tuning,Tuning,0.4862644766918232,0.513735523308177
Ela_metadataset,SVM_Linear,0.9,Defaults,Tuning,0.38976008515072624,0.6102399148492739
Ela_metadataset,SVM_Linear,0.9,Tuning,Tuning,0.3849627344471805,0.6150372655528196
Ela_metadataset,SVM_Linear,0.9,Defaults,Tuning,0.377671965536812,0.6223280344631881
Ela_metadataset,SVM_Linear,0.9,Defaults,Tuning,0.37861913922470125,0.6213808607752987
Ela_metadataset,SVM_Linear,0.9,Defaults,Tuning,0.23927399429016552,0.7607260057098343
Ela_metadataset,SVM_Linear,0.9,Defaults,Tuning,0.43980656500328313,0.560193434996717
Ela_metadataset,SVM_Linear,0.9,Tuning,Tuning,0.07882365469106667,0.9211763453089332
Ela_metadataset,SVM_Linear,0.9,Tuning,Tuning,0.08669692452853094,0.9133030754714693
Ela_metadataset,SVM_Linear,0.9,Tuning,Tuning,0.20448047334023833,0.7955195266597618
Ela_metadataset,SVM_Linear,0.9,Defaults,Tuning,0.3519544426775884,0.6480455573224118
Ela_metadataset,SVM_Linear,0.9,Defaults,Tuning,0.06506702186769034,0.9349329781323097
Ela_metadataset,SVM_Linear,0.9,Defaults,Tuning,0.4120347552039477,0.5879652447960523
Ela_metadataset,SVM_Linear,0.9,Defaults,Defaults,0.5592545106653436,0.44074548933465635
Ela_metadataset,SVM_Linear,0.9,Tuning,Tuning,0.40340005497913967,0.5965999450208602
Ela_metadataset,SVM_Linear,0.9,Tuning,Tuning,0.3942044380743301,0.6057955619256699
Ela_metadataset,SVM_Linear,0.9,Defaults,Defaults,0.5727644417380975,0.4272355582619023
Ela_metadataset,SVM_Linear,0.9,Tuning,Tuning,0.19286600692090453,0.8071339930790954
Ela_metadataset,SVM_Linear,0.9,Defaults,Tuning,0.3955098353380183,0.6044901646619817
Ela_metadataset,SVM_Linear,0.9,Tuning,Tuning,0.0732884913251049,0.926711508674895
Ela_metadataset,SVM_Linear,0.9,Tuning,Tuning,0.2851680718314396,0.7148319281685602
Ela_metadataset,SVM_Linear,0.9,Defaults,Defaults,0.5861234301756848,0.41387656982431525
Ela_metadataset,SVM_Linear,0.9,Tuning,Tuning,0.385273423230195,0.6147265767698051
Ela_metadataset,SVM_Linear,0.9,Defaults,Defaults,0.5348662142555493,0.4651337857444509
Ela_metadataset,SVM_Linear,0.9,Tuning,Tuning,0.18972499446555333,0.8102750055344466
Ela_metadataset,SVM_Linear,0.9,Tuning,Tuning,0.18921700821822682,0.810782991781773
Ela_metadataset,SVM_Linear,0.9,Tuning,Tuning,0.3372718316759081,0.6627281683240916
Ela_metadataset,SVM_Linear,0.9,Defaults,Tuning,0.22508785970842912,0.7749121402915709
Ela_metadataset,SVM_Linear,0.9,Tuning,Tuning,0.1176938118616324,0.8823061881383676
Ela_metadataset,SVM_Linear,0.9,Tuning,Tuning,0.3400481708667504,0.6599518291332496
Ela_metadataset,SVM_Linear,0.9,Tuning,Tuning,0.11897817913207183,0.8810218208679281
Ela_metadataset,SVM_Linear,0.9,Defaults,Tuning,0.19505632520974847,0.8049436747902518
Ela_metadataset,SVM_Linear,0.9,Tuning,Tuning,0.18036347991933652,0.8196365200806638
Ela_metadataset,SVM_Linear,0.9,Tuning,Tuning,0.3769102739776378,0.6230897260223621
Ela_metadataset,SVM_Linear,0.9,Tuning,Tuning,0.06789426701563375,0.9321057329843663
Ela_metadataset,SVM_Linear,0.9,Tuning,Tuning,0.14426054912487016,0.8557394508751297
Ela_metadataset,SVM_Linear,0.9,Tuning,Tuning,0.40347269212169107,0.5965273078783089
Ela_metadataset,SVM_Linear,0.9,Tuning,Tuning,0.4642827835101291,0.535717216489871
Ela_metadataset,SVM_Linear,0.9,Tuning,Tuning,0.10847058868697208,0.891529411313028
Ela_metadataset,SVM_Linear,0.9,Defaults,Tuning,0.3508285218660507,0.6491714781339495
Ela_metadataset,SVM_Linear,0.9,Tuning,Tuning,0.14282736935089513,0.8571726306491048
Ela_metadataset,SVM_Linear,0.9,Tuning,Tuning,0.21673232277174104,0.7832676772282589
Ela_metadataset,SVM_Linear,0.9,Tuning,Tuning,0.32102293400500614,0.6789770659949936
Ela_metadataset,SVM_Linear,0.9,Tuning,Tuning,0.24320445427197102,0.7567955457280288
Ela_metadataset,SVM_Linear,0.9,Tuning,Tuning,0.0038662699971965457,0.9961337300028035
Ela_metadataset,SVM_Linear,0.9,Tuning,Tuning,0.34143184213723643,0.6585681578627635
Ela_metadataset,SVM_Linear,0.9,Tuning,Defaults,0.6794928641893743,0.3205071358106256
Ela_metadataset,SVM_Linear,0.9,Tuning,Tuning,0.26209435275751425,0.7379056472424856
Ela_metadataset,SVM_Linear,0.9,Defaults,Defaults,0.7841768901260772,0.2158231098739228
Ela_metadataset,SVM_Linear,0.9,Tuning,Tuning,0.005977460763833591,0.9940225392361665
Ela_metadataset,SVM_Linear,0.9,Defaults,Tuning,0.20007444410471337,0.7999255558952864
Ela_metadataset,SVM_Linear,0.9,Tuning,Tuning,0.06957351807890284,0.9304264819210969
Ela_metadataset,SVM_Linear,0.9,Tuning,Defaults,0.5772228710522731,0.42277712894772684
Ela_metadataset,SVM_Linear,0.9,Tuning,Tuning,0.07579998084561546,0.9242000191543844
Ela_metadataset,SVM_Linear,0.9,Tuning,Tuning,0.14920168804379885,0.850798311956201
Ela_metadataset,SVM_Linear,0.9,Defaults,Tuning,0.2704762847578572,0.7295237152421429
Ela_metadataset,SVM_Linear,0.9,Defaults,Tuning,0.4297224552925491,0.570277544707451
Ela_metadataset,SVM_Linear,0.9,Tuning,Tuning,0.1785118599145847,0.8214881400854153
Ela_metadataset,SVM_Linear,0.9,Tuning,Tuning,0.16716785046156515,0.8328321495384348
Ela_metadataset,SVM_Linear,0.9,Tuning,Tuning,0.3403206425393587,0.6596793574606411
Ela_metadataset,SVM_Linear,0.9,Tuning,Tuning,0.35868559177533255,0.6413144082246673
Ela_metadataset,SVM_Linear,0.9,Tuning,Tuning,0.20205706312551913,0.7979429368744808
Ela_metadataset,SVM_Linear,0.9,Tuning,Tuning,0.23912990924325445,0.7608700907567455
Ela_metadataset,SVM_Linear,0.9,Tuning,Tuning,0.1368060541473383,0.8631939458526618
Ela_metadataset,SVM_Linear,0.9,Tuning,Tuning,0.36883783301444,0.63116216698556
Ela_metadataset,SVM_Linear,0.9,Defaults,Tuning,0.2573828280262852,0.7426171719737147
Ela_metadataset,SVM_Linear,0.9,Tuning,Tuning,0.37344961679298905,0.6265503832070111
Ela_metadataset,SVM_Linear,0.9,Tuning,Defaults,0.5474605405411243,0.45253945945887586
Ela_metadataset,SVM_Linear,0.9,Tuning,Tuning,0.3073514423823812,0.6926485576176188
Ela_metadataset,SVM_Linear,0.9,Tuning,Tuning,0.3130331789086484,0.6869668210913518
Ela_metadataset,SVM_Linear,0.9,Defaults,Tuning,0.2489518975250307,0.7510481024749691
Ela_metadataset,SVM_Linear,0.9,Tuning,Tuning,0.10806569647496848,0.8919343035250316
Ela_metadataset,SVM_Linear,0.9,Tuning,Tuning,0.1152254250648986,0.8847745749351014
Ela_metadataset,SVM_Linear,0.9,Tuning,Tuning,0.02773619834303906,0.9722638016569611
Ela_metadataset,SVM_Linear,0.9,Defaults,Tuning,0.16172699375035215,0.8382730062496476
Ela_metadataset,SVM_Linear,0.9,Tuning,Tuning,0.17124383171221944,0.8287561682877808
Ela_metadataset,SVM_Linear,0.9,Tuning,Tuning,0.3819103189708571,0.6180896810291431
Ela_metadataset,SVM_Linear,0.9,Tuning,Tuning,0.05972289698067691,0.9402771030193229
Ela_metadataset,SVM_Linear,0.9,Defaults,Defaults,0.6579834106364851,0.34201658936351487
Ela_metadataset,SVM_Linear,0.9,Defaults,Tuning,0.4681820138102903,0.5318179861897097
Ela_metadataset,SVM_Linear,0.9,Tuning,Defaults,0.9075576336940812,0.09244236630591882
Ela_metadataset,SVM_Linear,0.9,Tuning,Tuning,0.16779947435614415,0.8322005256438559
Ela_metadataset,SVM_Linear,0.9,Tuning,Tuning,0.17463046893160808,0.825369531068392
Ela_metadataset,SVM_Linear,0.9,Defaults,Tuning,0.21265696302113363,0.7873430369788663
Ela_metadataset,SVM_Linear,0.9,Defaults,Tuning,0.2209095398104245,0.7790904601895755
Ela_metadataset,SVM_Linear,0.9,Defaults,Tuning,0.39154343859811047,0.6084565614018896
Ela_metadataset,SVM_Linear,0.9,Tuning,Tuning,0.09964438696438903,0.9003556130356112
Ela_metadataset,SVM_Linear,0.9,Defaults,Defaults,0.5362952721106843,0.46370472788931577
Ela_metadataset,SVM_Linear,0.9,Tuning,Tuning,0.33929853756474715,0.6607014624352529
Ela_metadataset,SVM_Linear,0.9,Tuning,Tuning,0.07652084370994935,0.9234791562900507
Ela_metadataset,SVM_Linear,0.9,Defaults,Tuning,0.3978665854639828,0.6021334145360171
Ela_metadataset,SVM_Linear,0.9,Defaults,Tuning,0.29677273207689475,0.7032272679231053
Ela_metadataset,SVM_Linear,0.9,Tuning,Tuning,0.24951090135831414,0.7504890986416859
Ela_metadataset,SVM_Linear,0.9,Tuning,Defaults,0.5622339098207637,0.4377660901792364
Ela_metadataset,SVM_Linear,0.9,Defaults,Tuning,0.18365705245862526,0.8163429475413749
Ela_metadataset,SVM_Linear,0.9,Tuning,Tuning,0.05194618835844055,0.9480538116415593
Ela_metadataset,SVM_Linear,0.9,Tuning,Tuning,0.34186555542497654,0.6581344445750233
Ela_metadataset,SVM_Linear,0.9,Tuning,Tuning,0.42058544940170967,0.5794145505982903
Ela_metadataset,SVM_Linear,0.9,Tuning,Tuning,0.08094543974602023,0.9190545602539797
Ela_metadataset,SVM_Linear,0.95,Tuning,Tuning,0.2840017629227702,0.7159982370772299
Ela_metadataset,SVM_Linear,0.95,Tuning,Tuning,0.1851658354991935,0.8148341645008065
Ela_metadataset,SVM_Linear,0.95,Defaults,Defaults,0.6819220338167828,0.31807796618321726
Ela_metadataset,SVM_Linear,0.95,Tuning,Tuning,0.22729963155464386,0.7727003684453562
Ela_metadataset,SVM_Linear,0.95,Tuning,Tuning,0.09727060082621163,0.9027293991737884
Ela_metadataset,SVM_Linear,0.95,Tuning,Tuning,0.21960440605708614,0.780395593942914
Ela_metadataset,SVM_Linear,0.95,Tuning,Tuning,0.09714908870255422,0.9028509112974458
Ela_metadataset,SVM_Linear,0.95,Defaults,Tuning,0.29212375637278487,0.7078762436272151
Ela_metadataset,SVM_Linear,0.95,Defaults,Tuning,0.4042332771781511,0.5957667228218488
Ela_metadataset,SVM_Linear,0.95,Tuning,Tuning,0.21213150797289812,0.787868492027102
Ela_metadataset,SVM_Linear,0.95,Tuning,Tuning,0.12336506408139804,0.876634935918602
Ela_metadataset,SVM_Linear,0.95,Defaults,Tuning,0.40550762966305964,0.5944923703369404
Ela_metadataset,SVM_Linear,0.95,Tuning,Tuning,0.3485633603191143,0.6514366396808862
Ela_metadataset,SVM_Linear,0.95,Tuning,Tuning,0.4727016759303732,0.5272983240696271
Ela_metadataset,SVM_Linear,0.95,Tuning,Tuning,9.723476350776446e-06,0.9999902765236494
Ela_metadataset,SVM_Linear,0.95,Tuning,Tuning,0.13966554714870097,0.8603344528512991
Ela_metadataset,SVM_Linear,0.95,Defaults,Tuning,0.43202995068814765,0.5679700493118524
Ela_metadataset,SVM_Linear,0.95,Tuning,Tuning,0.05259432752626747,0.9474056724737328
Ela_metadataset,SVM_Linear,0.95,Defaults,Tuning,0.36820461215724154,0.6317953878427585
Ela_metadataset,SVM_Linear,0.95,Tuning,Defaults,0.691928638463595,0.30807136153640496
Ela_metadataset,SVM_Linear,0.95,Tuning,Tuning,0.3522116722120709,0.6477883277879292
Ela_metadataset,SVM_Linear,0.95,Defaults,Defaults,0.5263719869096722,0.4736280130903278
Ela_metadataset,SVM_Linear,0.95,Tuning,Tuning,0.4191865562192199,0.5808134437807801
Ela_metadataset,SVM_Linear,0.95,Tuning,Tuning,0.17122926378109155,0.8287707362189084
Ela_metadataset,SVM_Linear,0.95,Tuning,Tuning,0.19309752505318492,0.8069024749468152
Ela_metadataset,SVM_Linear,0.95,Tuning,Tuning,0.12859275077049087,0.8714072492295091
Ela_metadataset,SVM_Linear,0.95,Tuning,Tuning,0.14879800059574969,0.8512019994042501
Ela_metadataset,SVM_Linear,0.95,Tuning,Tuning,0.11335809159147997,0.8866419084085201
Ela_metadataset,SVM_Linear,0.95,Tuning,Tuning,0.05641457224621835,0.9435854277537816
Ela_metadataset,SVM_Linear,0.95,Tuning,Tuning,0.20430617819743352,0.7956938218025663
Ela_metadataset,SVM_Linear,0.95,Tuning,Tuning,0.004416024779845607,0.9955839752201545
Ela_metadataset,SVM_Linear,0.95,Tuning,Tuning,0.149679866752684,0.8503201332473159
Ela_metadataset,SVM_Linear,0.95,Defaults,Defaults,0.7259108004551065,0.27408919954489364
Ela_metadataset,SVM_Linear,0.95,Defaults,Defaults,0.6167986749403567,0.3832013250596433
Ela_metadataset,SVM_Linear,0.95,Tuning,Tuning,0.08957336283882367,0.9104266371611764
Ela_metadataset,SVM_Linear,0.95,Tuning,Tuning,0.0790068066884788,0.920993193311521
Ela_metadataset,SVM_Linear,0.95,Tuning,Tuning,0.20571462682422406,0.7942853731757759
Ela_metadataset,SVM_Linear,0.95,Defaults,Tuning,1.507363847371553e-07,0.9999998492636152
Ela_metadataset,SVM_Linear,0.95,Tuning,Tuning,0.1682551973065357,0.8317448026934642
Ela_metadataset,SVM_Linear,0.95,Defaults,Tuning,0.34005705349656284,0.6599429465034371
Ela_metadataset,SVM_Linear,0.95,Tuning,Tuning,0.22135081000727938,0.7786491899927205
Ela_metadataset,SVM_Linear,0.95,Tuning,Tuning,0.021147498349249436,0.9788525016507507
Ela_metadataset,SVM_Linear,0.95,Tuning,Tuning,0.07024645001859833,0.9297535499814016
Ela_metadataset,SVM_Linear,0.95,Tuning,Tuning,0.15830169842255176,0.8416983015774482
Ela_metadataset,SVM_Linear,0.95,Tuning,Tuning,0.07249446445615648,0.9275055355438436
Ela_metadataset,SVM_Linear,0.95,Tuning,Tuning,0.24763883735114106,0.7523611626488588
Ela_metadataset,SVM_Linear,0.95,Tuning,Tuning,0.21612657559993587,0.7838734244000644
Ela_metadataset,SVM_Linear,0.95,Tuning,Tuning,0.2271244399869635,0.7728755600130364
Ela_metadataset,SVM_Linear,0.95,Tuning,Tuning,0.31987439822114233,0.680125601778858
Ela_metadataset,SVM_Linear,0.95,Tuning,Tuning,0.1251906375334943,0.8748093624665055
Ela_metadataset,SVM_Linear,0.95,Defaults,Defaults,0.7161948984504358,0.2838051015495641
Ela_metadataset,SVM_Linear,0.95,Tuning,Tuning,0.18705397644357677,0.8129460235564232
Ela_metadataset,SVM_Linear,0.95,Tuning,Tuning,0.09061240841126976,0.9093875915887303
Ela_metadataset,SVM_Linear,0.95,Defaults,Tuning,0.15513861266231496,0.844861387337685
Ela_metadataset,SVM_Linear,0.95,Tuning,Tuning,0.2533561666384585,0.7466438333615415
Ela_metadataset,SVM_Linear,0.95,Tuning,Tuning,0.39771100140355686,0.6022889985964432
Ela_metadataset,SVM_Linear,0.95,Tuning,Tuning,0.057523382749343356,0.9424766172506568
Ela_metadataset,SVM_Linear,0.95,Tuning,Tuning,0.38634560622014286,0.6136543937798572
Ela_metadataset,SVM_Linear,0.95,Tuning,Tuning,0.3370583368936619,0.662941663106338
Ela_metadataset,SVM_Linear,0.95,Tuning,Tuning,0.16470904926638422,0.8352909507336158
Ela_metadataset,SVM_Linear,0.95,Tuning,Tuning,0.19122868806578727,0.8087713119342127
Ela_metadataset,SVM_Linear,0.95,Tuning,Tuning,0.4605751585264691,0.5394248414735309
Ela_metadataset,SVM_Linear,0.95,Tuning,Tuning,0.2447952735511366,0.7552047264488635
Ela_metadataset,SVM_Linear,0.95,Defaults,Tuning,0.3753298969458711,0.6246701030541288
Ela_metadataset,SVM_Linear,0.95,Tuning,Tuning,0.3792401096675761,0.6207598903324237
Ela_metadataset,SVM_Linear,0.95,Defaults,Defaults,0.5335483243395294,0.46645167566047074
Ela_metadataset,SVM_Linear,0.95,Tuning,Tuning,0.1931241671297479,0.8068758328702521
Ela_metadataset,SVM_Linear,0.95,Tuning,Tuning,0.11917459304061805,0.880825406959382
Ela_metadataset,SVM_Linear,0.95,Tuning,Tuning,0.32562347190131974,0.6743765280986802
Ela_metadataset,SVM_Linear,0.95,Tuning,Tuning,0.45080521461455086,0.5491947853854492
Ela_metadataset,SVM_Linear,0.95,Tuning,Defaults,0.5220291566402933,0.4779708433597067
Ela_metadataset,SVM_Linear,0.95,Defaults,Tuning,0.4082195642568395,0.5917804357431606
Ela_metadataset,SVM_Linear,0.95,Tuning,Tuning,0.4163681994851918,0.5836318005148082
Ela_metadataset,SVM_Linear,0.95,Defaults,Tuning,0.4073960342282105,0.5926039657717893
Ela_metadataset,SVM_Linear,0.95,Defaults,Tuning,0.3524478362856604,0.6475521637143395
Ela_metadataset,SVM_Linear,0.95,Defaults,Tuning,0.2593750382812653,0.7406249617187348
Ela_metadataset,SVM_Linear,0.95,Defaults,Tuning,0.4664861330253526,0.5335138669746474
Ela_metadataset,SVM_Linear,0.95,Tuning,Tuning,0.11556286981603214,0.884437130183968
Ela_metadataset,SVM_Linear,0.95,Tuning,Tuning,0.14528022270586155,0.8547197772941385
Ela_metadataset,SVM_Linear,0.95,Tuning,Tuning,0.24130912826812204,0.758690871731878
Ela_metadataset,SVM_Linear,0.95,Defaults,Tuning,0.3896420000223046,0.6103579999776955
Ela_metadataset,SVM_Linear,0.95,Defaults,Tuning,0.045431395388238274,0.9545686046117616
Ela_metadataset,SVM_Linear,0.95,Defaults,Tuning,0.40255636353606855,0.5974436364639316
Ela_metadataset,SVM_Linear,0.95,Defaults,Defaults,0.5112527579510128,0.4887472420489872
Ela_metadataset,SVM_Linear,0.95,Tuning,Tuning,0.3739021404445231,0.626097859555477
Ela_metadataset,SVM_Linear,0.95,Tuning,Tuning,0.3476595815821691,0.652340418417831
Ela_metadataset,SVM_Linear,0.95,Defaults,Defaults,0.5680660336011302,0.4319339663988698
Ela_metadataset,SVM_Linear,0.95,Tuning,Tuning,0.17159738030117136,0.8284026196988286
Ela_metadataset,SVM_Linear,0.95,Defaults,Tuning,0.3610306249962067,0.6389693750037935
Ela_metadataset,SVM_Linear,0.95,Tuning,Tuning,0.09056393687606039,0.9094360631239398
Ela_metadataset,SVM_Linear,0.95,Tuning,Tuning,0.2873984545367602,0.7126015454632398
Ela_metadataset,SVM_Linear,0.95,Defaults,Defaults,0.6062810309357921,0.393718969064208
Ela_metadataset,SVM_Linear,0.95,Tuning,Tuning,0.33102926749118217,0.6689707325088178
Ela_metadataset,SVM_Linear,0.95,Defaults,Tuning,0.40246234463194863,0.5975376553680514
Ela_metadataset,SVM_Linear,0.95,Tuning,Tuning,0.21051634376827527,0.7894836562317246
Ela_metadataset,SVM_Linear,0.95,Tuning,Tuning,0.13940537946751005,0.86059462053249
Ela_metadataset,SVM_Linear,0.95,Tuning,Tuning,0.31830182547043573,0.6816981745295643
Ela_metadataset,SVM_Linear,0.95,Defaults,Tuning,0.2626667915540594,0.7373332084459407
Ela_metadataset,SVM_Linear,0.95,Tuning,Tuning,0.08644654050069826,0.9135534594993019
Ela_metadataset,SVM_Linear,0.95,Tuning,Tuning,0.36119056283872963,0.6388094371612704
Ela_metadataset,SVM_Linear,0.95,Tuning,Tuning,0.10960085702769776,0.8903991429723022
Ela_metadataset,SVM_Linear,0.95,Defaults,Tuning,0.23914832745838224,0.7608516725416178
Ela_metadataset,SVM_Linear,0.95,Tuning,Tuning,0.18958621038989953,0.8104137896101008
Ela_metadataset,SVM_Linear,0.95,Tuning,Tuning,0.39847553305856376,0.6015244669414362
Ela_metadataset,SVM_Linear,0.95,Tuning,Tuning,0.04993967169767916,0.950060328302321
Ela_metadataset,SVM_Linear,0.95,Tuning,Tuning,0.12564536427174777,0.8743546357282522
Ela_metadataset,SVM_Linear,0.95,Tuning,Tuning,0.4294486004884306,0.5705513995115693
Ela_metadataset,SVM_Linear,0.95,Tuning,Tuning,0.4115100897951987,0.5884899102048013
Ela_metadataset,SVM_Linear,0.95,Tuning,Tuning,0.12558252304610984,0.87441747695389
Ela_metadataset,SVM_Linear,0.95,Defaults,Tuning,0.3591366837112607,0.6408633162887394
Ela_metadataset,SVM_Linear,0.95,Tuning,Tuning,0.14262383129552159,0.8573761687044782
Ela_metadataset,SVM_Linear,0.95,Tuning,Tuning,0.21336993764137877,0.7866300623586212
Ela_metadataset,SVM_Linear,0.95,Tuning,Tuning,0.2896589713074846,0.7103410286925154
Ela_metadataset,SVM_Linear,0.95,Tuning,Tuning,0.20821771574836304,0.7917822842516369
Ela_metadataset,SVM_Linear,0.95,Tuning,Tuning,0.003425639472526494,0.9965743605274736
Ela_metadataset,SVM_Linear,0.95,Tuning,Tuning,0.2887711005010742,0.7112288994989259
Ela_metadataset,SVM_Linear,0.95,Tuning,Defaults,0.6894380513531877,0.3105619486468122
Ela_metadataset,SVM_Linear,0.95,Tuning,Tuning,0.19023051006441244,0.8097694899355877
Ela_metadataset,SVM_Linear,0.95,Defaults,Defaults,0.671926731362745,0.32807326863725506
Ela_metadataset,SVM_Linear,0.95,Tuning,Tuning,0.013184956051886507,0.9868150439481135
Ela_metadataset,SVM_Linear,0.95,Defaults,Tuning,0.24327854578874347,0.7567214542112566
Ela_metadataset,SVM_Linear,0.95,Tuning,Tuning,0.06441724135423366,0.9355827586457663
Ela_metadataset,SVM_Linear,0.95,Tuning,Defaults,0.5088638996124124,0.4911361003875877
Ela_metadataset,SVM_Linear,0.95,Tuning,Tuning,0.065243778346701,0.9347562216532987
Ela_metadataset,SVM_Linear,0.95,Tuning,Tuning,0.1516504985382324,0.8483495014617677
Ela_metadataset,SVM_Linear,0.95,Defaults,Tuning,0.25865361023215916,0.7413463897678407
Ela_metadataset,SVM_Linear,0.95,Defaults,Tuning,0.42448626832256575,0.5755137316774345
Ela_metadataset,SVM_Linear,0.95,Tuning,Tuning,0.16236919211003617,0.8376308078899639
Ela_metadataset,SVM_Linear,0.95,Tuning,Tuning,0.15005935608291768,0.8499406439170825
Ela_metadataset,SVM_Linear,0.95,Tuning,Tuning,0.28156379096377787,0.7184362090362223
Ela_metadataset,SVM_Linear,0.95,Tuning,Tuning,0.2960325141265122,0.7039674858734877
Ela_metadataset,SVM_Linear,0.95,Tuning,Tuning,0.18702751211219118,0.8129724878878091
Ela_metadataset,SVM_Linear,0.95,Tuning,Tuning,0.20321561830593635,0.7967843816940636
Ela_metadataset,SVM_Linear,0.95,Tuning,Tuning,0.12870251926474816,0.8712974807352519
Ela_metadataset,SVM_Linear,0.95,Tuning,Tuning,0.3922615663876327,0.6077384336123672
Ela_metadataset,SVM_Linear,0.95,Defaults,Tuning,0.27732819986940094,0.7226718001305992
Ela_metadataset,SVM_Linear,0.95,Tuning,Tuning,0.3164149237390037,0.6835850762609964
Ela_metadataset,SVM_Linear,0.95,Tuning,Tuning,0.45723617501517333,0.5427638249848267
Ela_metadataset,SVM_Linear,0.95,Tuning,Tuning,0.24808649818730377,0.7519135018126964
Ela_metadataset,SVM_Linear,0.95,Tuning,Tuning,0.33995937462391723,0.6600406253760828
Ela_metadataset,SVM_Linear,0.95,Defaults,Tuning,0.2316088852088016,0.7683911147911985
Ela_metadataset,SVM_Linear,0.95,Tuning,Tuning,0.0778906892316276,0.9221093107683723
Ela_metadataset,SVM_Linear,0.95,Tuning,Tuning,0.13184478277204428,0.8681552172279557
Ela_metadataset,SVM_Linear,0.95,Tuning,Tuning,0.02436060706613157,0.9756393929338685
Ela_metadataset,SVM_Linear,0.95,Defaults,Tuning,0.17662212548560288,0.823377874514397
Ela_metadataset,SVM_Linear,0.95,Tuning,Tuning,0.15038432266132024,0.8496156773386796
Ela_metadataset,SVM_Linear,0.95,Tuning,Tuning,0.32264996210374125,0.6773500378962588
Ela_metadataset,SVM_Linear,0.95,Tuning,Tuning,0.05279318197042214,0.9472068180295777
Ela_metadataset,SVM_Linear,0.95,Defaults,Defaults,0.6261917383137139,0.3738082616862861
Ela_metadataset,SVM_Linear,0.95,Defaults,Tuning,0.4476315283602209,0.5523684716397792
Ela_metadataset,SVM_Linear,0.95,Tuning,Defaults,0.8913696062166883,0.10863039378331205
Ela_metadataset,SVM_Linear,0.95,Tuning,Tuning,0.17166042558474962,0.8283395744152503
Ela_metadataset,SVM_Linear,0.95,Tuning,Tuning,0.21775146263092193,0.7822485373690781
Ela_metadataset,SVM_Linear,0.95,Defaults,Tuning,0.2546020643706153,0.7453979356293846
Ela_metadataset,SVM_Linear,0.95,Defaults,Tuning,0.22015367898628063,0.7798463210137195
Ela_metadataset,SVM_Linear,0.95,Defaults,Tuning,0.3696901686162604,0.6303098313837396
Ela_metadataset,SVM_Linear,0.95,Tuning,Tuning,0.10085535132444334,0.8991446486755567
Ela_metadataset,SVM_Linear,0.95,Defaults,Tuning,0.4303284547527065,0.5696715452472934
Ela_metadataset,SVM_Linear,0.95,Tuning,Tuning,0.3152138465099715,0.6847861534900286
Ela_metadataset,SVM_Linear,0.95,Tuning,Tuning,0.0917039581591314,0.9082960418408687
Ela_metadataset,SVM_Linear,0.95,Defaults,Tuning,0.3517956434309197,0.6482043565690804
Ela_metadataset,SVM_Linear,0.95,Defaults,Tuning,0.274634488786894,0.7253655112131059
Ela_metadataset,SVM_Linear,0.95,Tuning,Tuning,0.30431415833560893,0.6956858416643911
Ela_metadataset,SVM_Linear,0.95,Tuning,Defaults,0.5202296153137861,0.479770384686214
Ela_metadataset,SVM_Linear,0.95,Defaults,Tuning,0.2122028645571161,0.7877971354428841
Ela_metadataset,SVM_Linear,0.95,Tuning,Tuning,0.03695607988683748,0.9630439201131625
Ela_metadataset,SVM_Linear,0.95,Tuning,Tuning,0.2990515234662234,0.7009484765337766
Ela_metadataset,SVM_Linear,0.95,Tuning,Tuning,0.36924323323034575,0.6307567667696541
Ela_metadataset,SVM_Linear,0.95,Tuning,Tuning,0.13418339296576767,0.8658166070342324
Ela_metadataset,SVM_RBF,0.8,Tuning,Tuning,0.3102198551207582,0.6897801448792419
Ela_metadataset,SVM_RBF,0.8,Tuning,Tuning,0.11545120406645391,0.884548795933546
Ela_metadataset,SVM_RBF,0.8,Defaults,Defaults,0.6544378051244035,0.3455621948755965
Ela_metadataset,SVM_RBF,0.8,Tuning,Tuning,0.13553328419626626,0.8644667158037336
Ela_metadataset,SVM_RBF,0.8,Tuning,Tuning,0.050335877570162654,0.9496641224298372
Ela_metadataset,SVM_RBF,0.8,Tuning,Tuning,0.2628249197126292,0.7371750802873706
Ela_metadataset,SVM_RBF,0.8,Tuning,Tuning,0.06242379630927138,0.9375762036907285
Ela_metadataset,SVM_RBF,0.8,Defaults,Tuning,0.31665834693896433,0.6833416530610358
Ela_metadataset,SVM_RBF,0.8,Defaults,Tuning,0.36362546503853455,0.6363745349614655
Ela_metadataset,SVM_RBF,0.8,Tuning,Tuning,0.23750208972109035,0.7624979102789098
Ela_metadataset,SVM_RBF,0.8,Tuning,Tuning,0.05254630062212647,0.9474536993778735
Ela_metadataset,SVM_RBF,0.8,Defaults,Tuning,0.26757237571043513,0.7324276242895648
Ela_metadataset,SVM_RBF,0.8,Tuning,Tuning,0.2718740693955042,0.7281259306044959
Ela_metadataset,SVM_RBF,0.8,Tuning,Tuning,0.29371122712343717,0.706288772876563
Ela_metadataset,SVM_RBF,0.8,Tuning,Tuning,0.2799021544062705,0.7200978455937296
Ela_metadataset,SVM_RBF,0.8,Tuning,Tuning,0.06385855650344088,0.9361414434965593
Ela_metadataset,SVM_RBF,0.8,Defaults,Defaults,0.7362323406056772,0.2637676593943229
Ela_metadataset,SVM_RBF,0.8,Tuning,Tuning,0.07960833014746428,0.920391669852536
Ela_metadataset,SVM_RBF,0.8,Defaults,Tuning,0.41433287358871645,0.5856671264112836
Ela_metadataset,SVM_RBF,0.8,Tuning,Defaults,0.8321833716923464,0.1678166283076536
Ela_metadataset,SVM_RBF,0.8,Tuning,Tuning,0.25613954597072736,0.7438604540292724
Ela_metadataset,SVM_RBF,0.8,Defaults,Tuning,0.45341595708234456,0.5465840429176555
Ela_metadataset,SVM_RBF,0.8,Tuning,Defaults,0.7615156999032006,0.23848430009679933
Ela_metadataset,SVM_RBF,0.8,Tuning,Tuning,0.14429521021819733,0.8557047897818026
Ela_metadataset,SVM_RBF,0.8,Tuning,Tuning,0.08541394369056597,0.914586056309434
Ela_metadataset,SVM_RBF,0.8,Tuning,Tuning,0.2940847937375416,0.7059152062624584
Ela_metadataset,SVM_RBF,0.8,Tuning,Tuning,0.08038579016126085,0.919614209838739
Ela_metadataset,SVM_RBF,0.8,Tuning,Tuning,0.09414354829020392,0.9058564517097961
Ela_metadataset,SVM_RBF,0.8,Tuning,Tuning,0.06206018910338032,0.9379398108966196
Ela_metadataset,SVM_RBF,0.8,Tuning,Tuning,0.14914499496801426,0.8508550050319857
Ela_metadataset,SVM_RBF,0.8,Tuning,Tuning,0.16486506055720268,0.8351349394427974
Ela_metadataset,SVM_RBF,0.8,Tuning,Tuning,0.06948710222281294,0.9305128977771869
Ela_metadataset,SVM_RBF,0.8,Defaults,Defaults,0.6535295876049879,0.34647041239501225
Ela_metadataset,SVM_RBF,0.8,Defaults,Tuning,0.4624683694431126,0.5375316305568874
Ela_metadataset,SVM_RBF,0.8,Tuning,Tuning,0.09597793337792296,0.9040220666220771
Ela_metadataset,SVM_RBF,0.8,Tuning,Tuning,0.26425204844320677,0.735747951556793
Ela_metadataset,SVM_RBF,0.8,Tuning,Tuning,0.3540607993454799,0.6459392006545202
Ela_metadataset,SVM_RBF,0.8,Defaults,Tuning,0.3255703971053914,0.6744296028946085
Ela_metadataset,SVM_RBF,0.8,Tuning,Tuning,0.24808197454161454,0.7519180254583853
Ela_metadataset,SVM_RBF,0.8,Defaults,Defaults,0.5148059885270593,0.4851940114729407
Ela_metadataset,SVM_RBF,0.8,Tuning,Tuning,0.19392080601399894,0.8060791939860009
Ela_metadataset,SVM_RBF,0.8,Tuning,Tuning,0.09853716927938097,0.901462830720619
Ela_metadataset,SVM_RBF,0.8,Tuning,Tuning,0.26039883655902923,0.7396011634409708
Ela_metadataset,SVM_RBF,0.8,Tuning,Tuning,0.15347245899095718,0.8465275410090427
Ela_metadataset,SVM_RBF,0.8,Tuning,Tuning,0.2719375317440446,0.7280624682559552
Ela_metadataset,SVM_RBF,0.8,Tuning,Tuning,0.16423398498989525,0.8357660150101047
Ela_metadataset,SVM_RBF,0.8,Tuning,Tuning,0.22131144049575277,0.7786885595042471
Ela_metadataset,SVM_RBF,0.8,Tuning,Tuning,0.13381240957398713,0.8661875904260128
Ela_metadataset,SVM_RBF,0.8,Tuning,Tuning,0.3307716135358408,0.669228386464159
Ela_metadataset,SVM_RBF,0.8,Tuning,Tuning,0.13009651314813672,0.8699034868518633
Ela_metadataset,SVM_RBF,0.8,Defaults,Tuning,0.4149508209794377,0.5850491790205623
Ela_metadataset,SVM_RBF,0.8,Tuning,Tuning,0.16164101550523896,0.8383589844947609
Ela_metadataset,SVM_RBF,0.8,Tuning,Tuning,0.10397456741938266,0.8960254325806174
Ela_metadataset,SVM_RBF,0.8,Defaults,Tuning,0.15334828711166626,0.8466517128883339
Ela_metadataset,SVM_RBF,0.8,Tuning,Tuning,0.3432293668876085,0.6567706331123915
Ela_metadataset,SVM_RBF,0.8,Tuning,Tuning,0.18660551673959494,0.8133944832604051
Ela_metadataset,SVM_RBF,0.8,Tuning,Tuning,0.10017397363173995,0.89982602636826
Ela_metadataset,SVM_RBF,0.8,Tuning,Tuning,0.4163237878107957,0.5836762121892044
Ela_metadataset,SVM_RBF,0.8,Tuning,Tuning,0.30073518317496944,0.6992648168250303
Ela_metadataset,SVM_RBF,0.8,Tuning,Tuning,0.3437002248596181,0.6562997751403818
Ela_metadataset,SVM_RBF,0.8,Tuning,Tuning,0.23086439875785206,0.7691356012421481
Ela_metadataset,SVM_RBF,0.8,Tuning,Tuning,0.19477475184482373,0.8052252481551763
Ela_metadataset,SVM_RBF,0.8,Tuning,Tuning,0.18306353721351465,0.8169364627864854
Ela_metadataset,SVM_RBF,0.8,Defaults,Tuning,0.34049731417001905,0.6595026858299807
Ela_metadataset,SVM_RBF,0.8,Tuning,Tuning,0.4415073935749373,0.5584926064250628
Ela_metadataset,SVM_RBF,0.8,Defaults,Defaults,0.5094006143554896,0.4905993856445105
Ela_metadataset,SVM_RBF,0.8,Tuning,Tuning,0.20129403873077992,0.7987059612692198
Ela_metadataset,SVM_RBF,0.8,Tuning,Tuning,0.24549015305163832,0.7545098469483619
Ela_metadataset,SVM_RBF,0.8,Tuning,Tuning,0.3193318084320243,0.6806681915679759
Ela_metadataset,SVM_RBF,0.8,Tuning,Tuning,0.4494480956196307,0.5505519043803693
Ela_metadataset,SVM_RBF,0.8,Tuning,Tuning,0.3931279893593297,0.6068720106406704
Ela_metadataset,SVM_RBF,0.8,Defaults,Tuning,0.3699037245178556,0.6300962754821443
Ela_metadataset,SVM_RBF,0.8,Tuning,Tuning,0.3692274404368872,0.6307725595631128
Ela_metadataset,SVM_RBF,0.8,Defaults,Tuning,0.33635102265088557,0.6636489773491142
Ela_metadataset,SVM_RBF,0.8,Defaults,Tuning,0.3552209421155068,0.6447790578844932
Ela_metadataset,SVM_RBF,0.8,Defaults,Tuning,0.18211685831324054,0.8178831416867596
Ela_metadataset,SVM_RBF,0.8,Defaults,Tuning,0.3188601782189348,0.6811398217810652
Ela_metadataset,SVM_RBF,0.8,Tuning,Tuning,0.19525814730602808,0.8047418526939718
Ela_metadataset,SVM_RBF,0.8,Tuning,Tuning,0.22590817127980944,0.7740918287201906
Ela_metadataset,SVM_RBF,0.8,Tuning,Tuning,0.2683563291098613,0.7316436708901388
Ela_metadataset,SVM_RBF,0.8,Defaults,Tuning,0.32054123063292206,0.6794587693670778
Ela_metadataset,SVM_RBF,0.8,Defaults,Tuning,0.23978595745495823,0.7602140425450418
Ela_metadataset,SVM_RBF,0.8,Defaults,Tuning,0.34344234233155285,0.6565576576684471
Ela_metadataset,SVM_RBF,0.8,Defaults,Defaults,0.5549215581510772,0.4450784418489227
Ela_metadataset,SVM_RBF,0.8,Tuning,Tuning,0.41321204561846187,0.5867879543815382
Ela_metadataset,SVM_RBF,0.8,Tuning,Defaults,0.6057173973455706,0.39428260265442955
Ela_metadataset,SVM_RBF,0.8,Defaults,Defaults,0.6980406521281777,0.30195934787182227
Ela_metadataset,SVM_RBF,0.8,Tuning,Tuning,0.19033364700818012,0.8096663529918198
Ela_metadataset,SVM_RBF,0.8,Defaults,Tuning,0.24135428192678024,0.7586457180732197
Ela_metadataset,SVM_RBF,0.8,Tuning,Tuning,0.13490198007696966,0.8650980199230303
Ela_metadataset,SVM_RBF,0.8,Tuning,Tuning,0.2182898310103662,0.7817101689896339
Ela_metadataset,SVM_RBF,0.8,Defaults,Defaults,0.5544872987451888,0.4455127012548111
Ela_metadataset,SVM_RBF,0.8,Tuning,Tuning,0.2222272440275162,0.777772755972484
Ela_metadataset,SVM_RBF,0.8,Defaults,Defaults,0.5382621985318123,0.4617378014681877
Ela_metadataset,SVM_RBF,0.8,Tuning,Tuning,0.2540346004375635,0.7459653995624367
Ela_metadataset,SVM_RBF,0.8,Tuning,Tuning,0.1118840330923005,0.8881159669076996
Ela_metadataset,SVM_RBF,0.8,Tuning,Tuning,0.20649976636784143,0.7935002336321585
Ela_metadataset,SVM_RBF,0.8,Defaults,Tuning,0.14349583471595734,0.8565041652840428
Ela_metadataset,SVM_RBF,0.8,Tuning,Tuning,0.09112185892087644,0.9088781410791237
Ela_metadataset,SVM_RBF,0.8,Tuning,Tuning,0.3455240910836941,0.654475908916306
Ela_metadataset,SVM_RBF,0.8,Tuning,Tuning,0.08233499961314045,0.9176650003868596
Ela_metadataset,SVM_RBF,0.8,Defaults,Tuning,0.17646952410896963,0.8235304758910306
Ela_metadataset,SVM_RBF,0.8,Tuning,Tuning,0.24032681749166918,0.7596731825083307
Ela_metadataset,SVM_RBF,0.8,Tuning,Tuning,0.25193727819571377,0.7480627218042861
Ela_metadataset,SVM_RBF,0.8,Tuning,Tuning,0.09882749400170941,0.9011725059982908
Ela_metadataset,SVM_RBF,0.8,Tuning,Tuning,0.10502462560987456,0.8949753743901254
Ela_metadataset,SVM_RBF,0.8,Tuning,Defaults,0.5408180074905921,0.45918199250940794
Ela_metadataset,SVM_RBF,0.8,Tuning,Tuning,0.24891297638703053,0.7510870236129696
Ela_metadataset,SVM_RBF,0.8,Tuning,Tuning,0.15859579944630792,0.8414042005536921
Ela_metadataset,SVM_RBF,0.8,Defaults,Tuning,0.2822049425773124,0.7177950574226877
Ela_metadataset,SVM_RBF,0.8,Tuning,Tuning,0.10851660211313001,0.8914833978868701
Ela_metadataset,SVM_RBF,0.8,Tuning,Tuning,0.15091426046843012,0.84908573953157
Ela_metadataset,SVM_RBF,0.8,Tuning,Tuning,0.2126567888008414,0.7873432111991586
Ela_metadataset,SVM_RBF,0.8,Tuning,Tuning,0.20035661970543545,0.7996433802945648
Ela_metadataset,SVM_RBF,0.8,Tuning,Tuning,0.2332199857725072,0.7667800142274928
Ela_metadataset,SVM_RBF,0.8,Tuning,Tuning,0.1919111109820268,0.8080888890179733
Ela_metadataset,SVM_RBF,0.8,Tuning,Defaults,0.815659524089707,0.18434047591029296
Ela_metadataset,SVM_RBF,0.8,Tuning,Tuning,0.22336955441485318,0.7766304455851467
Ela_metadataset,SVM_RBF,0.8,Defaults,Defaults,0.6615189728761376,0.33848102712386247
Ela_metadataset,SVM_RBF,0.8,Tuning,Tuning,0.08109718712432783,0.918902812875672
Ela_metadataset,SVM_RBF,0.8,Defaults,Tuning,0.1034493319244712,0.896550668075529
Ela_metadataset,SVM_RBF,0.8,Tuning,Tuning,0.0395947024990773,0.9604052975009227
Ela_metadataset,SVM_RBF,0.8,Tuning,Defaults,0.5367877606657675,0.4632122393342324
Ela_metadataset,SVM_RBF,0.8,Tuning,Tuning,0.18068615296567112,0.8193138470343287
Ela_metadataset,SVM_RBF,0.8,Tuning,Tuning,0.11645067733171237,0.8835493226682876
Ela_metadataset,SVM_RBF,0.8,Defaults,Tuning,0.20675308878668403,0.7932469112133157
Ela_metadataset,SVM_RBF,0.8,Defaults,Tuning,0.4118787305771942,0.5881212694228058
Ela_metadataset,SVM_RBF,0.8,Tuning,Tuning,0.18541774308148976,0.8145822569185103
Ela_metadataset,SVM_RBF,0.8,Tuning,Tuning,0.1477161379704428,0.8522838620295572
Ela_metadataset,SVM_RBF,0.8,Tuning,Tuning,0.2541899269922667,0.7458100730077333
Ela_metadataset,SVM_RBF,0.8,Tuning,Tuning,0.21769626754025043,0.7823037324597497
Ela_metadataset,SVM_RBF,0.8,Tuning,Tuning,0.3542985701135684,0.6457014298864316
Ela_metadataset,SVM_RBF,0.8,Tuning,Tuning,0.09686989236386072,0.9031301076361395
Ela_metadataset,SVM_RBF,0.8,Tuning,Tuning,0.1236246819163391,0.8763753180836609
Ela_metadataset,SVM_RBF,0.8,Tuning,Tuning,0.3733645434669594,0.6266354565330404
Ela_metadataset,SVM_RBF,0.8,Defaults,Tuning,0.19055564102341513,0.8094443589765852
Ela_metadataset,SVM_RBF,0.8,Tuning,Defaults,0.690051097289913,0.3099489027100873
Ela_metadataset,SVM_RBF,0.8,Tuning,Tuning,0.2985312957242786,0.7014687042757214
Ela_metadataset,SVM_RBF,0.8,Tuning,Tuning,0.23277946459415386,0.7672205354058461
Ela_metadataset,SVM_RBF,0.8,Tuning,Tuning,0.40999301235986935,0.5900069876401306
Ela_metadataset,SVM_RBF,0.8,Defaults,Tuning,0.38665557438506887,0.6133444256149311
Ela_metadataset,SVM_RBF,0.8,Tuning,Tuning,0.13210919025110812,0.8678908097488918
Ela_metadataset,SVM_RBF,0.8,Tuning,Tuning,0.11580205884979555,0.8841979411502046
Ela_metadataset,SVM_RBF,0.8,Tuning,Tuning,0.13037980425611015,0.8696201957438897
Ela_metadataset,SVM_RBF,0.8,Defaults,Tuning,0.09663906234847222,0.9033609376515278
Ela_metadataset,SVM_RBF,0.8,Tuning,Tuning,0.18570486647236917,0.814295133527631
Ela_metadataset,SVM_RBF,0.8,Tuning,Tuning,0.2703319005913282,0.7296680994086717
Ela_metadataset,SVM_RBF,0.8,Tuning,Tuning,0.13654299462332087,0.863457005376679
Ela_metadataset,SVM_RBF,0.8,Defaults,Defaults,0.7494420589858719,0.2505579410141282
Ela_metadataset,SVM_RBF,0.8,Defaults,Defaults,0.5215257674920517,0.47847423250794846
Ela_metadataset,SVM_RBF,0.8,Tuning,Defaults,0.6012384808086533,0.3987615191913467
Ela_metadataset,SVM_RBF,0.8,Tuning,Tuning,0.24349276878935938,0.7565072312106407
Ela_metadataset,SVM_RBF,0.8,Tuning,Tuning,0.1831051292216822,0.8168948707783179
Ela_metadataset,SVM_RBF,0.8,Defaults,Tuning,0.18745623118858543,0.8125437688114145
Ela_metadataset,SVM_RBF,0.8,Defaults,Tuning,0.1898966518261476,0.8101033481738527
Ela_metadataset,SVM_RBF,0.8,Defaults,Tuning,0.44648033455813263,0.5535196654418673
Ela_metadataset,SVM_RBF,0.8,Tuning,Tuning,0.1372825038537935,0.8627174961462062
Ela_metadataset,SVM_RBF,0.8,Defaults,Tuning,0.3150412642251459,0.684958735774854
Ela_metadataset,SVM_RBF,0.8,Tuning,Tuning,0.28754855995351275,0.7124514400464874
Ela_metadataset,SVM_RBF,0.8,Tuning,Tuning,0.14286935158799746,0.8571306484120026
Ela_metadataset,SVM_RBF,0.8,Defaults,Tuning,0.21798962695013227,0.7820103730498676
Ela_metadataset,SVM_RBF,0.8,Defaults,Tuning,0.23177535879154965,0.7682246412084505
Ela_metadataset,SVM_RBF,0.8,Tuning,Tuning,0.24919888692929906,0.7508011130707007
Ela_metadataset,SVM_RBF,0.8,Tuning,Tuning,0.33397668972774786,0.6660233102722523
Ela_metadataset,SVM_RBF,0.8,Defaults,Tuning,0.4529383708251916,0.5470616291748084
Ela_metadataset,SVM_RBF,0.8,Tuning,Tuning,0.12275663447885941,0.8772433655211405
Ela_metadataset,SVM_RBF,0.8,Tuning,Tuning,0.4755173605579336,0.5244826394420665
Ela_metadataset,SVM_RBF,0.8,Tuning,Tuning,0.49125573584999105,0.5087442641500088
Ela_metadataset,SVM_RBF,0.8,Tuning,Tuning,0.26622211888574804,0.7337778811142519
Ela_metadataset,SVM_RBF,0.85,Tuning,Tuning,0.26287766237936555,0.7371223376206346
Ela_metadataset,SVM_RBF,0.85,Tuning,Tuning,0.13306132492214257,0.8669386750778576
Ela_metadataset,SVM_RBF,0.85,Defaults,Defaults,0.6671901665675002,0.33280983343249965
Ela_metadataset,SVM_RBF,0.85,Tuning,Tuning,0.12446473061120787,0.8755352693887921
Ela_metadataset,SVM_RBF,0.85,Tuning,Tuning,0.051726969486898804,0.9482730305131012
Ela_metadataset,SVM_RBF,0.85,Tuning,Tuning,0.23871575584653432,0.7612842441534657
Ela_metadataset,SVM_RBF,0.85,Tuning,Tuning,0.06749181407716363,0.9325081859228365
Ela_metadataset,SVM_RBF,0.85,Defaults,Tuning,0.32673261392366043,0.6732673860763396
Ela_metadataset,SVM_RBF,0.85,Defaults,Tuning,0.3382506087858757,0.6617493912141243
Ela_metadataset,SVM_RBF,0.85,Tuning,Tuning,0.2523881578136081,0.7476118421863918
Ela_metadataset,SVM_RBF,0.85,Tuning,Tuning,0.055651870129623505,0.9443481298703763
Ela_metadataset,SVM_RBF,0.85,Defaults,Tuning,0.3300886161570669,0.6699113838429333
Ela_metadataset,SVM_RBF,0.85,Tuning,Tuning,0.2352812208382637,0.7647187791617363
Ela_metadataset,SVM_RBF,0.85,Tuning,Tuning,0.2856334981189996,0.7143665018810003
Ela_metadataset,SVM_RBF,0.85,Tuning,Tuning,0.27943452184910905,0.7205654781508909
Ela_metadataset,SVM_RBF,0.85,Tuning,Tuning,0.09011826113177504,0.9098817388682248
Ela_metadataset,SVM_RBF,0.85,Defaults,Defaults,0.6812375401102747,0.3187624598897252
Ela_metadataset,SVM_RBF,0.85,Tuning,Tuning,0.09535394513788094,0.9046460548621189
Ela_metadataset,SVM_RBF,0.85,Defaults,Tuning,0.4458166619780785,0.5541833380219215
Ela_metadataset,SVM_RBF,0.85,Tuning,Defaults,0.8040504415330038,0.19594955846699616
Ela_metadataset,SVM_RBF,0.85,Tuning,Tuning,0.30712801959122626,0.6928719804087737
Ela_metadataset,SVM_RBF,0.85,Defaults,Tuning,0.4449035263342621,0.555096473665738
Ela_metadataset,SVM_RBF,0.85,Tuning,Defaults,0.8111115600609866,0.1888884399390135
Ela_metadataset,SVM_RBF,0.85,Tuning,Tuning,0.16273556499717937,0.8372644350028207
Ela_metadataset,SVM_RBF,0.85,Tuning,Tuning,0.10548567732436702,0.8945143226756331
Ela_metadataset,SVM_RBF,0.85,Tuning,Tuning,0.29540175647174843,0.7045982435282516
Ela_metadataset,SVM_RBF,0.85,Tuning,Tuning,0.07307426396954447,0.9269257360304556
Ela_metadataset,SVM_RBF,0.85,Tuning,Tuning,0.09873295395895951,0.9012670460410404
Ela_metadataset,SVM_RBF,0.85,Tuning,Tuning,0.059724178306189396,0.9402758216938105
Ela_metadataset,SVM_RBF,0.85,Tuning,Tuning,0.13432350377443789,0.8656764962255621
Ela_metadataset,SVM_RBF,0.85,Tuning,Tuning,0.15791193042263718,0.8420880695773628
Ela_metadataset,SVM_RBF,0.85,Tuning,Tuning,0.06487778155516616,0.9351222184448338
Ela_metadataset,SVM_RBF,0.85,Defaults,Defaults,0.6764566271162664,0.3235433728837334
Ela_metadataset,SVM_RBF,0.85,Defaults,Defaults,0.5,0.5
Ela_metadataset,SVM_RBF,0.85,Tuning,Tuning,0.09919627374327528,0.9008037262567247
Ela_metadataset,SVM_RBF,0.85,Tuning,Tuning,0.26197199575964036,0.7380280042403596
Ela_metadataset,SVM_RBF,0.85,Tuning,Tuning,0.38176692210695495,0.618233077893045
Ela_metadataset,SVM_RBF,0.85,Defaults,Tuning,0.3485018494821042,0.6514981505178957
Ela_metadataset,SVM_RBF,0.85,Tuning,Tuning,0.22432333841563645,0.7756766615843637
Ela_metadataset,SVM_RBF,0.85,Defaults,Tuning,0.4435115695067332,0.5564884304932669
Ela_metadataset,SVM_RBF,0.85,Tuning,Tuning,0.1876878248264515,0.8123121751735486
Ela_metadataset,SVM_RBF,0.85,Tuning,Tuning,0.09874617688465091,0.9012538231153491
Ela_metadataset,SVM_RBF,0.85,Tuning,Tuning,0.2544983302631576,0.7455016697368425
Ela_metadataset,SVM_RBF,0.85,Tuning,Tuning,0.14097239497593556,0.8590276050240644
Ela_metadataset,SVM_RBF,0.85,Tuning,Tuning,0.23935980680681357,0.7606401931931865
Ela_metadataset,SVM_RBF,0.85,Tuning,Tuning,0.17538664077867586,0.824613359221324
Ela_metadataset,SVM_RBF,0.85,Tuning,Tuning,0.1973802405182949,0.802619759481705
Ela_metadataset,SVM_RBF,0.85,Tuning,Tuning,0.11769689918968927,0.8823031008103105
Ela_metadataset,SVM_RBF,0.85,Tuning,Tuning,0.2848135855991592,0.7151864144008412
Ela_metadataset,SVM_RBF,0.85,Tuning,Tuning,0.11899096081243624,0.8810090391875638
Ela_metadataset,SVM_RBF,0.85,Defaults,Tuning,0.43451331927972797,0.5654866807202721
Ela_metadataset,SVM_RBF,0.85,Tuning,Tuning,0.1373470138041635,0.8626529861958365
Ela_metadataset,SVM_RBF,0.85,Tuning,Tuning,0.09854687753252053,0.9014531224674796
Ela_metadataset,SVM_RBF,0.85,Defaults,Tuning,0.13056170726224633,0.8694382927377537
Ela_metadataset,SVM_RBF,0.85,Tuning,Tuning,0.36236105424000276,0.6376389457599972
Ela_metadataset,SVM_RBF,0.85,Tuning,Tuning,0.20034723512121494,0.799652764878785
Ela_metadataset,SVM_RBF,0.85,Tuning,Tuning,0.09946169860120331,0.9005383013987966
Ela_metadataset,SVM_RBF,0.85,Tuning,Tuning,0.4273316127065136,0.5726683872934863
Ela_metadataset,SVM_RBF,0.85,Tuning,Tuning,0.28755899195080303,0.7124410080491971
Ela_metadataset,SVM_RBF,0.85,Tuning,Tuning,0.35596121609255693,0.6440387839074431
Ela_metadataset,SVM_RBF,0.85,Tuning,Tuning,0.1910324305468503,0.80896756945315
Ela_metadataset,SVM_RBF,0.85,Tuning,Tuning,0.24348493316662081,0.7565150668333792
Ela_metadataset,SVM_RBF,0.85,Tuning,Tuning,0.15418263989132472,0.8458173601086751
Ela_metadataset,SVM_RBF,0.85,Defaults,Tuning,0.34075159339749955,0.6592484066025003
Ela_metadataset,SVM_RBF,0.85,Tuning,Tuning,0.39915503493066473,0.6008449650693353
Ela_metadataset,SVM_RBF,0.85,Defaults,Defaults,0.5373472757269199,0.4626527242730803
Ela_metadataset,SVM_RBF,0.85,Tuning,Tuning,0.1962940839273823,0.8037059160726179
Ela_metadataset,SVM_RBF,0.85,Tuning,Tuning,0.20194662521133522,0.7980533747886647
Ela_metadataset,SVM_RBF,0.85,Tuning,Tuning,0.2505404534784275,0.7494595465215727
Ela_metadataset,SVM_RBF,0.85,Tuning,Defaults,0.5,0.5
Ela_metadataset,SVM_RBF,0.85,Tuning,Tuning,0.4385169620249114,0.5614830379750886
Ela_metadataset,SVM_RBF,0.85,Defaults,Tuning,0.38840601238845784,0.6115939876115422
Ela_metadataset,SVM_RBF,0.85,Tuning,Tuning,0.3952384630282711,0.604761536971729
Ela_metadataset,SVM_RBF,0.85,Defaults,Tuning,0.3276214243988642,0.6723785756011357
Ela_metadataset,SVM_RBF,0.85,Defaults,Tuning,0.39585834603968134,0.6041416539603186
Ela_metadataset,SVM_RBF,0.85,Defaults,Tuning,0.188751807065214,0.8112481929347859
Ela_metadataset,SVM_RBF,0.85,Defaults,Tuning,0.30923715607110164,0.6907628439288984
Ela_metadataset,SVM_RBF,0.85,Tuning,Tuning,0.20082303465481127,0.7991769653451886
Ela_metadataset,SVM_RBF,0.85,Tuning,Tuning,0.23139314112591652,0.7686068588740833
Ela_metadataset,SVM_RBF,0.85,Tuning,Tuning,0.271842828009,0.728157171991
Ela_metadataset,SVM_RBF,0.85,Defaults,Tuning,0.3196456550522054,0.6803543449477949
Ela_metadataset,SVM_RBF,0.85,Defaults,Tuning,0.2346986133385301,0.7653013866614701
Ela_metadataset,SVM_RBF,0.85,Defaults,Tuning,0.3265360213043905,0.6734639786956095
Ela_metadataset,SVM_RBF,0.85,Defaults,Defaults,0.5684144962946129,0.4315855037053872
Ela_metadataset,SVM_RBF,0.85,Tuning,Defaults,0.5150626767836098,0.4849373232163904
Ela_metadataset,SVM_RBF,0.85,Tuning,Defaults,0.6798712765848005,0.32012872341519927
Ela_metadataset,SVM_RBF,0.85,Defaults,Defaults,0.7063608929073654,0.2936391070926348
Ela_metadataset,SVM_RBF,0.85,Tuning,Tuning,0.17077954804737103,0.8292204519526291
Ela_metadataset,SVM_RBF,0.85,Defaults,Tuning,0.2947274115425514,0.7052725884574486
Ela_metadataset,SVM_RBF,0.85,Tuning,Tuning,0.13586503646635922,0.8641349635336407
Ela_metadataset,SVM_RBF,0.85,Tuning,Tuning,0.2333899803020275,0.7666100196979724
Ela_metadataset,SVM_RBF,0.85,Defaults,Defaults,0.5484980278080313,0.45150197219196886
Ela_metadataset,SVM_RBF,0.85,Tuning,Tuning,0.25881657695616234,0.7411834230438374
Ela_metadataset,SVM_RBF,0.85,Defaults,Defaults,0.600352087346127,0.39964791265387317
Ela_metadataset,SVM_RBF,0.85,Tuning,Tuning,0.2365174936380632,0.7634825063619368
Ela_metadataset,SVM_RBF,0.85,Tuning,Tuning,0.11423065103396521,0.8857693489660348
Ela_metadataset,SVM_RBF,0.85,Tuning,Tuning,0.2197499503755559,0.7802500496244442
Ela_metadataset,SVM_RBF,0.85,Defaults,Tuning,0.13252961155796147,0.8674703884420387
Ela_metadataset,SVM_RBF,0.85,Tuning,Tuning,0.07824205989367126,0.9217579401063286
Ela_metadataset,SVM_RBF,0.85,Tuning,Tuning,0.2856237613006896,0.7143762386993106
Ela_metadataset,SVM_RBF,0.85,Tuning,Tuning,0.0834936085239085,0.9165063914760916
Ela_metadataset,SVM_RBF,0.85,Defaults,Tuning,0.16952287714615397,0.8304771228538462
Ela_metadataset,SVM_RBF,0.85,Tuning,Tuning,0.2501347994600603,0.7498652005399397
Ela_metadataset,SVM_RBF,0.85,Tuning,Tuning,0.26595365264607196,0.7340463473539284
Ela_metadataset,SVM_RBF,0.85,Tuning,Tuning,0.07654901716524544,0.9234509828347547
Ela_metadataset,SVM_RBF,0.85,Tuning,Tuning,0.0900977160709292,0.9099022839290709
Ela_metadataset,SVM_RBF,0.85,Tuning,Defaults,0.5402541979222955,0.4597458020777043
Ela_metadataset,SVM_RBF,0.85,Tuning,Tuning,0.2157218393096743,0.7842781606903256
Ela_metadataset,SVM_RBF,0.85,Tuning,Tuning,0.12227053381807483,0.877729466181925
Ela_metadataset,SVM_RBF,0.85,Defaults,Tuning,0.2719525712612731,0.7280474287387269
Ela_metadataset,SVM_RBF,0.85,Tuning,Tuning,0.09553509199378715,0.9044649080062127
Ela_metadataset,SVM_RBF,0.85,Tuning,Tuning,0.11789827308638669,0.8821017269136135
Ela_metadataset,SVM_RBF,0.85,Tuning,Tuning,0.17920834682958048,0.8207916531704196
Ela_metadataset,SVM_RBF,0.85,Tuning,Tuning,0.19745613030844783,0.8025438696915522
Ela_metadataset,SVM_RBF,0.85,Tuning,Tuning,0.22311961834979308,0.776880381650207
Ela_metadataset,SVM_RBF,0.85,Tuning,Tuning,0.1828091269181283,0.8171908730818714
Ela_metadataset,SVM_RBF,0.85,Tuning,Defaults,0.8181497058049805,0.18185029419501944
Ela_metadataset,SVM_RBF,0.85,Tuning,Tuning,0.23938105480489774,0.7606189451951023
Ela_metadataset,SVM_RBF,0.85,Defaults,Defaults,0.6679960540953658,0.3320039459046342
Ela_metadataset,SVM_RBF,0.85,Tuning,Tuning,0.08166101202754401,0.9183389879724561
Ela_metadataset,SVM_RBF,0.85,Defaults,Tuning,0.12209645692959883,0.8779035430704012
Ela_metadataset,SVM_RBF,0.85,Tuning,Tuning,0.04198375910569516,0.9580162408943047
Ela_metadataset,SVM_RBF,0.85,Tuning,Defaults,0.6540970825118326,0.3459029174881675
Ela_metadataset,SVM_RBF,0.85,Tuning,Tuning,0.16683816973711785,0.8331618302628822
Ela_metadataset,SVM_RBF,0.85,Tuning,Tuning,0.11616166052096744,0.8838383394790325
Ela_metadataset,SVM_RBF,0.85,Defaults,Tuning,0.22771594988114116,0.7722840501188588
Ela_metadataset,SVM_RBF,0.85,Defaults,Tuning,0.39234601681963216,0.6076539831803679
Ela_metadataset,SVM_RBF,0.85,Tuning,Tuning,0.1512024003754479,0.8487975996245521
Ela_metadataset,SVM_RBF,0.85,Tuning,Tuning,0.13535211634701672,0.8646478836529831
Ela_metadataset,SVM_RBF,0.85,Tuning,Tuning,0.2032046161426731,0.7967953838573272
Ela_metadataset,SVM_RBF,0.85,Tuning,Tuning,0.18096361281005124,0.8190363871899488
Ela_metadataset,SVM_RBF,0.85,Tuning,Tuning,0.4343822240155146,0.5656177759844854
Ela_metadataset,SVM_RBF,0.85,Tuning,Tuning,0.10627999365533974,0.8937200063446602
Ela_metadataset,SVM_RBF,0.85,Tuning,Tuning,0.10724047614893477,0.8927595238510652
Ela_metadataset,SVM_RBF,0.85,Tuning,Tuning,0.37051556926606494,0.6294844307339349
Ela_metadataset,SVM_RBF,0.85,Defaults,Tuning,0.21272894081148128,0.7872710591885187
Ela_metadataset,SVM_RBF,0.85,Tuning,Defaults,0.6865021522185323,0.31349784778146794
Ela_metadataset,SVM_RBF,0.85,Tuning,Tuning,0.2979313359816155,0.7020686640183845
Ela_metadataset,SVM_RBF,0.85,Tuning,Tuning,0.22456444339358736,0.7754355566064125
Ela_metadataset,SVM_RBF,0.85,Tuning,Defaults,0.5,0.5
Ela_metadataset,SVM_RBF,0.85,Defaults,Tuning,0.4333597324543147,0.5666402675456853
Ela_metadataset,SVM_RBF,0.85,Tuning,Tuning,0.14551512532334926,0.8544848746766506
Ela_metadataset,SVM_RBF,0.85,Tuning,Tuning,0.10992546194240538,0.8900745380575946
Ela_metadataset,SVM_RBF,0.85,Tuning,Tuning,0.11707225875983016,0.8829277412401698
Ela_metadataset,SVM_RBF,0.85,Defaults,Tuning,0.10510159702443088,0.8948984029755691
Ela_metadataset,SVM_RBF,0.85,Tuning,Tuning,0.17733163769841045,0.8226683623015897
Ela_metadataset,SVM_RBF,0.85,Tuning,Tuning,0.2709942804970246,0.7290057195029754
Ela_metadataset,SVM_RBF,0.85,Tuning,Tuning,0.13024547606934292,0.869754523930657
Ela_metadataset,SVM_RBF,0.85,Defaults,Defaults,0.773989346919015,0.2260106530809851
Ela_metadataset,SVM_RBF,0.85,Defaults,Defaults,0.5226553855461858,0.47734461445381404
Ela_metadataset,SVM_RBF,0.85,Tuning,Defaults,0.5528181906823311,0.447181809317669
Ela_metadataset,SVM_RBF,0.85,Tuning,Tuning,0.17958327271313418,0.8204167272868657
Ela_metadataset,SVM_RBF,0.85,Tuning,Tuning,0.1428175762535255,0.8571824237464746
Ela_metadataset,SVM_RBF,0.85,Defaults,Tuning,0.19832667649442437,0.8016733235055757
Ela_metadataset,SVM_RBF,0.85,Defaults,Tuning,0.17519306696920806,0.8248069330307922
Ela_metadataset,SVM_RBF,0.85,Defaults,Tuning,0.39664847122108626,0.6033515287789136
Ela_metadataset,SVM_RBF,0.85,Tuning,Tuning,0.14067203268421108,0.8593279673157888
Ela_metadataset,SVM_RBF,0.85,Defaults,Tuning,0.33551713505348424,0.6644828649465158
Ela_metadataset,SVM_RBF,0.85,Tuning,Tuning,0.25658970531861724,0.7434102946813829
Ela_metadataset,SVM_RBF,0.85,Tuning,Tuning,0.107678809748583,0.8923211902514169
Ela_metadataset,SVM_RBF,0.85,Defaults,Tuning,0.22078295550245106,0.7792170444975488
Ela_metadataset,SVM_RBF,0.85,Defaults,Tuning,0.25267994329000315,0.7473200567099968
Ela_metadataset,SVM_RBF,0.85,Tuning,Tuning,0.22916635887300477,0.770833641126995
Ela_metadataset,SVM_RBF,0.85,Tuning,Tuning,0.3540859495908844,0.6459140504091155
Ela_metadataset,SVM_RBF,0.85,Defaults,Tuning,0.4205044160334915,0.5794955839665086
Ela_metadataset,SVM_RBF,0.85,Tuning,Tuning,0.101890076589964,0.8981099234100361
Ela_metadataset,SVM_RBF,0.85,Tuning,Defaults,0.5271994975690918,0.47280050243090815
Ela_metadataset,SVM_RBF,0.85,Tuning,Defaults,0.5520823098488582,0.44791769015114175
Ela_metadataset,SVM_RBF,0.85,Tuning,Tuning,0.20347409410144351,0.7965259058985564
Ela_metadataset,SVM_RBF,0.9,Tuning,Tuning,0.2719842237899922,0.7280157762100078
Ela_metadataset,SVM_RBF,0.9,Tuning,Tuning,0.1483091389700202,0.8516908610299798
Ela_metadataset,SVM_RBF,0.9,Defaults,Defaults,0.6664401851204627,0.33355981487953723
Ela_metadataset,SVM_RBF,0.9,Tuning,Tuning,0.1311207248875615,0.8688792751124385
Ela_metadataset,SVM_RBF,0.9,Tuning,Tuning,0.05364912597938895,0.9463508740206109
Ela_metadataset,SVM_RBF,0.9,Tuning,Tuning,0.23769012202227335,0.7623098779777268
Ela_metadataset,SVM_RBF,0.9,Tuning,Tuning,0.07171851865241818,0.928281481347582
Ela_metadataset,SVM_RBF,0.9,Defaults,Tuning,0.32005825566188933,0.6799417443381107
Ela_metadataset,SVM_RBF,0.9,Defaults,Tuning,0.3357527474083929,0.6642472525916071
Ela_metadataset,SVM_RBF,0.9,Tuning,Tuning,0.2466596847563396,0.7533403152436603
Ela_metadataset,SVM_RBF,0.9,Tuning,Tuning,0.057611103474176924,0.9423888965258231
Ela_metadataset,SVM_RBF,0.9,Defaults,Tuning,0.30780271783814966,0.6921972821618504
Ela_metadataset,SVM_RBF,0.9,Tuning,Tuning,0.22946516636868197,0.770534833631318
Ela_metadataset,SVM_RBF,0.9,Tuning,Tuning,0.28644410585778907,0.7135558941422109
Ela_metadataset,SVM_RBF,0.9,Tuning,Tuning,0.2732908746725115,0.7267091253274887
Ela_metadataset,SVM_RBF,0.9,Tuning,Tuning,0.09109714097560516,0.9089028590243949
Ela_metadataset,SVM_RBF,0.9,Defaults,Defaults,0.7034728722974036,0.2965271277025963
Ela_metadataset,SVM_RBF,0.9,Tuning,Tuning,0.09748678725179928,0.9025132127482005
Ela_metadataset,SVM_RBF,0.9,Defaults,Tuning,0.4747727896029037,0.5252272103970964
Ela_metadataset,SVM_RBF,0.9,Tuning,Defaults,0.7511712087471923,0.24882879125280755
Ela_metadataset,SVM_RBF,0.9,Tuning,Tuning,0.30379081968840793,0.6962091803115921
Ela_metadataset,SVM_RBF,0.9,Defaults,Tuning,0.4622552660590971,0.5377447339409029
Ela_metadataset,SVM_RBF,0.9,Tuning,Defaults,0.8376013945720315,0.16239860542796833
Ela_metadataset,SVM_RBF,0.9,Tuning,Tuning,0.1704925100706056,0.8295074899293944
Ela_metadataset,SVM_RBF,0.9,Tuning,Tuning,0.10307142806460842,0.8969285719353914
Ela_metadataset,SVM_RBF,0.9,Tuning,Tuning,0.30897393672411666,0.6910260632758837
Ela_metadataset,SVM_RBF,0.9,Tuning,Tuning,0.07706282616897969,0.9229371738310204
Ela_metadataset,SVM_RBF,0.9,Tuning,Tuning,0.10433643369709343,0.8956635663029066
Ela_metadataset,SVM_RBF,0.9,Tuning,Tuning,0.06263235167149449,0.9373676483285056
Ela_metadataset,SVM_RBF,0.9,Tuning,Tuning,0.14555115699235788,0.8544488430076419
Ela_metadataset,SVM_RBF,0.9,Tuning,Tuning,0.1481113134136896,0.8518886865863105
Ela_metadataset,SVM_RBF,0.9,Tuning,Tuning,0.07001080814160072,0.9299891918583991
Ela_metadataset,SVM_RBF,0.9,Defaults,Defaults,0.6300313070628566,0.36996869293714335
Ela_metadataset,SVM_RBF,0.9,Defaults,Tuning,0.46358293406162204,0.536417065938378
Ela_metadataset,SVM_RBF,0.9,Tuning,Tuning,0.1150020921332517,0.8849979078667483
Ela_metadataset,SVM_RBF,0.9,Tuning,Tuning,0.2666116220938939,0.7333883779061063
Ela_metadataset,SVM_RBF,0.9,Tuning,Tuning,0.3971476422709421,0.602852357729058
Ela_metadataset,SVM_RBF,0.9,Defaults,Tuning,0.34758792089929413,0.652412079100706
Ela_metadataset,SVM_RBF,0.9,Tuning,Tuning,0.2202200491773541,0.7797799508226457
Ela_metadataset,SVM_RBF,0.9,Defaults,Tuning,0.47503634706927367,0.5249636529307264
Ela_metadataset,SVM_RBF,0.9,Tuning,Tuning,0.19573121929363985,0.8042687807063601
Ela_metadataset,SVM_RBF,0.9,Tuning,Tuning,0.10277281734212523,0.8972271826578747
Ela_metadataset,SVM_RBF,0.9,Tuning,Tuning,0.2510900183324276,0.7489099816675725
Ela_metadataset,SVM_RBF,0.9,Tuning,Tuning,0.1532094753344746,0.8467905246655254
Ela_metadataset,SVM_RBF,0.9,Tuning,Tuning,0.2649529178074961,0.7350470821925039
Ela_metadataset,SVM_RBF,0.9,Tuning,Tuning,0.18104767510437575,0.8189523248956242
Ela_metadataset,SVM_RBF,0.9,Tuning,Tuning,0.19937178233814334,0.8006282176618564
Ela_metadataset,SVM_RBF,0.9,Tuning,Tuning,0.12794115419783683,0.872058845802163
Ela_metadataset,SVM_RBF,0.9,Tuning,Tuning,0.2792101304234808,0.7207898695765191
Ela_metadataset,SVM_RBF,0.9,Tuning,Tuning,0.12193765045502178,0.8780623495449782
Ela_metadataset,SVM_RBF,0.9,Defaults,Tuning,0.4397618140879271,0.560238185912073
Ela_metadataset,SVM_RBF,0.9,Tuning,Tuning,0.13040400810736846,0.8695959918926316
Ela_metadataset,SVM_RBF,0.9,Tuning,Tuning,0.1045753586095094,0.8954246413904906
Ela_metadataset,SVM_RBF,0.9,Defaults,Tuning,0.12512257056810078,0.8748774294318993
Ela_metadataset,SVM_RBF,0.9,Tuning,Tuning,0.34719963509330676,0.6528003649066932
Ela_metadataset,SVM_RBF,0.9,Tuning,Tuning,0.2005374062629346,0.7994625937370654
Ela_metadataset,SVM_RBF,0.9,Tuning,Tuning,0.11023886877094931,0.8897611312290508
Ela_metadataset,SVM_RBF,0.9,Tuning,Tuning,0.4037276155496818,0.5962723844503184
Ela_metadataset,SVM_RBF,0.9,Tuning,Tuning,0.41259845802326833,0.5874015419767317
Ela_metadataset,SVM_RBF,0.9,Tuning,Tuning,0.3541000931314831,0.6458999068685167
Ela_metadataset,SVM_RBF,0.9,Tuning,Tuning,0.1959704539043781,0.8040295460956219
Ela_metadataset,SVM_RBF,0.9,Tuning,Tuning,0.23952209568109634,0.7604779043189038
Ela_metadataset,SVM_RBF,0.9,Tuning,Tuning,0.15822784110484742,0.8417721588951524
Ela_metadataset,SVM_RBF,0.9,Defaults,Tuning,0.34478418154651974,0.6552158184534803
Ela_metadataset,SVM_RBF,0.9,Tuning,Tuning,0.4041820002017658,0.5958179997982342
Ela_metadataset,SVM_RBF,0.9,Defaults,Defaults,0.5253762469478085,0.47462375305219145
Ela_metadataset,SVM_RBF,0.9,Tuning,Tuning,0.1832024862282827,0.8167975137717172
Ela_metadataset,SVM_RBF,0.9,Tuning,Tuning,0.21450626199166284,0.7854937380083372
Ela_metadataset,SVM_RBF,0.9,Tuning,Tuning,0.2587471250450324,0.7412528749549675
Ela_metadataset,SVM_RBF,0.9,Tuning,Tuning,0.48811109236558986,0.5118889076344101
Ela_metadataset,SVM_RBF,0.9,Tuning,Tuning,0.4196190460493372,0.5803809539506627
Ela_metadataset,SVM_RBF,0.9,Defaults,Tuning,0.3543147383587678,0.6456852616412323
Ela_metadataset,SVM_RBF,0.9,Tuning,Tuning,0.3823385412359164,0.6176614587640836
Ela_metadataset,SVM_RBF,0.9,Defaults,Tuning,0.2930731937740323,0.7069268062259677
Ela_metadataset,SVM_RBF,0.9,Defaults,Tuning,0.3571665227271089,0.642833477272891
Ela_metadataset,SVM_RBF,0.9,Defaults,Tuning,0.16652509428718248,0.8334749057128176
Ela_metadataset,SVM_RBF,0.9,Defaults,Tuning,0.2859855596439995,0.7140144403560005
Ela_metadataset,SVM_RBF,0.9,Tuning,Tuning,0.20067606499036797,0.799323935009632
Ela_metadataset,SVM_RBF,0.9,Tuning,Tuning,0.287405102211249,0.712594897788751
Ela_metadataset,SVM_RBF,0.9,Tuning,Tuning,0.27892901168466144,0.7210709883153388
Ela_metadataset,SVM_RBF,0.9,Defaults,Tuning,0.3174773536182506,0.6825226463817495
Ela_metadataset,SVM_RBF,0.9,Defaults,Tuning,0.22898809626339536,0.7710119037366047
Ela_metadataset,SVM_RBF,0.9,Defaults,Tuning,0.3021253080889895,0.6978746919110106
Ela_metadataset,SVM_RBF,0.9,Defaults,Defaults,0.5283846601234249,0.47161533987657506
Ela_metadataset,SVM_RBF,0.9,Tuning,Tuning,0.4782310606746504,0.5217689393253497
Ela_metadataset,SVM_RBF,0.9,Tuning,Defaults,0.6786348824372298,0.3213651175627704
Ela_metadataset,SVM_RBF,0.9,Defaults,Defaults,0.6659840790760436,0.3340159209239563
Ela_metadataset,SVM_RBF,0.9,Tuning,Tuning,0.16961029218944246,0.8303897078105575
Ela_metadataset,SVM_RBF,0.9,Defaults,Tuning,0.258734354141316,0.7412656458586842
Ela_metadataset,SVM_RBF,0.9,Tuning,Tuning,0.1308548021684898,0.8691451978315102
Ela_metadataset,SVM_RBF,0.9,Tuning,Tuning,0.24238336159624607,0.757616638403754
Ela_metadataset,SVM_RBF,0.9,Defaults,Defaults,0.5305918358675443,0.4694081641324555
Ela_metadataset,SVM_RBF,0.9,Tuning,Tuning,0.2678468519454574,0.7321531480545426
Ela_metadataset,SVM_RBF,0.9,Defaults,Defaults,0.6046186223691588,0.3953813776308411
Ela_metadataset,SVM_RBF,0.9,Tuning,Tuning,0.2469407347524134,0.7530592652475866
Ela_metadataset,SVM_RBF,0.9,Tuning,Tuning,0.13101980217079096,0.8689801978292091
Ela_metadataset,SVM_RBF,0.9,Tuning,Tuning,0.22038382440892743,0.7796161755910725
Ela_metadataset,SVM_RBF,0.9,Defaults,Tuning,0.1478906571640853,0.8521093428359144
Ela_metadataset,SVM_RBF,0.9,Tuning,Tuning,0.08127029753432648,0.9187297024656734
Ela_metadataset,SVM_RBF,0.9,Tuning,Tuning,0.2577552968576293,0.7422447031423707
Ela_metadataset,SVM_RBF,0.9,Tuning,Tuning,0.08325397998088767,0.9167460200191123
Ela_metadataset,SVM_RBF,0.9,Defaults,Tuning,0.1463221311714854,0.8536778688285146
Ela_metadataset,SVM_RBF,0.9,Tuning,Tuning,0.25521672393160705,0.7447832760683931
Ela_metadataset,SVM_RBF,0.9,Tuning,Tuning,0.26135761588273526,0.7386423841172647
Ela_metadataset,SVM_RBF,0.9,Tuning,Tuning,0.07826740516093011,0.92173259483907
Ela_metadataset,SVM_RBF,0.9,Tuning,Tuning,0.09319808861155375,0.9068019113884462
Ela_metadataset,SVM_RBF,0.9,Tuning,Defaults,0.5,0.5
Ela_metadataset,SVM_RBF,0.9,Tuning,Tuning,0.21504225072332395,0.784957749276676
Ela_metadataset,SVM_RBF,0.9,Tuning,Tuning,0.11934170874134944,0.8806582912586507
Ela_metadataset,SVM_RBF,0.9,Defaults,Tuning,0.25507569628831733,0.7449243037116825
Ela_metadataset,SVM_RBF,0.9,Tuning,Tuning,0.10296765010338377,0.8970323498966163
Ela_metadataset,SVM_RBF,0.9,Tuning,Tuning,0.12555589013620583,0.8744441098637941
Ela_metadataset,SVM_RBF,0.9,Tuning,Tuning,0.18002092800646474,0.8199790719935353
Ela_metadataset,SVM_RBF,0.9,Tuning,Tuning,0.1918420314513487,0.8081579685486513
Ela_metadataset,SVM_RBF,0.9,Tuning,Tuning,0.22641244029960247,0.7735875597003974
Ela_metadataset,SVM_RBF,0.9,Tuning,Tuning,0.21593084627609935,0.7840691537239004
Ela_metadataset,SVM_RBF,0.9,Tuning,Defaults,0.8024912437900668,0.1975087562099333
Ela_metadataset,SVM_RBF,0.9,Tuning,Tuning,0.2265796602672819,0.7734203397327183
Ela_metadataset,SVM_RBF,0.9,Defaults,Defaults,0.6585698349143553,0.3414301650856448
Ela_metadataset,SVM_RBF,0.9,Tuning,Tuning,0.08219706826176969,0.9178029317382304
Ela_metadataset,SVM_RBF,0.9,Defaults,Tuning,0.12120258109222325,0.8787974189077767
Ela_metadataset,SVM_RBF,0.9,Tuning,Tuning,0.04224845315182582,0.9577515468481741
Ela_metadataset,SVM_RBF,0.9,Tuning,Defaults,0.6309526594024153,0.36904734059758487
Ela_metadataset,SVM_RBF,0.9,Tuning,Tuning,0.17507020685830246,0.8249297931416977
Ela_metadataset,SVM_RBF,0.9,Tuning,Tuning,0.12823668887365197,0.871763311126348
Ela_metadataset,SVM_RBF,0.9,Defaults,Tuning,0.22978334010178053,0.7702166598982196
Ela_metadataset,SVM_RBF,0.9,Defaults,Tuning,0.3680726509036326,0.6319273490963675
Ela_metadataset,SVM_RBF,0.9,Tuning,Tuning,0.15175626318899488,0.8482437368110052
Ela_metadataset,SVM_RBF,0.9,Tuning,Tuning,0.14061081130778905,0.8593891886922109
Ela_metadataset,SVM_RBF,0.9,Tuning,Tuning,0.211910432380415,0.788089567619585
Ela_metadataset,SVM_RBF,0.9,Tuning,Tuning,0.17322865153807496,0.826771348461925
Ela_metadataset,SVM_RBF,0.9,Tuning,Tuning,0.423316793313619,0.5766832066863811
Ela_metadataset,SVM_RBF,0.9,Tuning,Tuning,0.12143644241181355,0.8785635575881865
Ela_metadataset,SVM_RBF,0.9,Tuning,Tuning,0.1171112535389577,0.8828887464610423
Ela_metadataset,SVM_RBF,0.9,Tuning,Tuning,0.3747774557133577,0.6252225442866421
Ela_metadataset,SVM_RBF,0.9,Defaults,Tuning,0.19697846177093875,0.8030215382290615
Ela_metadataset,SVM_RBF,0.9,Tuning,Defaults,0.6324486491017997,0.3675513508982004
Ela_metadataset,SVM_RBF,0.9,Tuning,Tuning,0.3073167916612938,0.6926832083387059
Ela_metadataset,SVM_RBF,0.9,Tuning,Tuning,0.21716169835659122,0.7828383016434088
Ela_metadataset,SVM_RBF,0.9,Tuning,Defaults,0.5251375694744408,0.47486243052555915
Ela_metadataset,SVM_RBF,0.9,Defaults,Tuning,0.41478816428379756,0.5852118357162025
Ela_metadataset,SVM_RBF,0.9,Tuning,Tuning,0.15318176388522295,0.8468182361147771
Ela_metadataset,SVM_RBF,0.9,Tuning,Tuning,0.10690778629845808,0.8930922137015418
Ela_metadataset,SVM_RBF,0.9,Tuning,Tuning,0.12074019570811863,0.8792598042918812
Ela_metadataset,SVM_RBF,0.9,Defaults,Tuning,0.11214539992899926,0.8878546000710007
Ela_metadataset,SVM_RBF,0.9,Tuning,Tuning,0.1865684836318797,0.8134315163681201
Ela_metadataset,SVM_RBF,0.9,Tuning,Tuning,0.2573660083716916,0.7426339916283082
Ela_metadataset,SVM_RBF,0.9,Tuning,Tuning,0.13955650868404443,0.8604434913159558
Ela_metadataset,SVM_RBF,0.9,Defaults,Defaults,0.782579160712239,0.21742083928776088
Ela_metadataset,SVM_RBF,0.9,Defaults,Defaults,0.5142189118442335,0.4857810881557665
Ela_metadataset,SVM_RBF,0.9,Tuning,Defaults,0.5141526911473615,0.4858473088526384
Ela_metadataset,SVM_RBF,0.9,Tuning,Tuning,0.19290778774476117,0.8070922122552386
Ela_metadataset,SVM_RBF,0.9,Tuning,Tuning,0.13216151120924005,0.8678384887907603
Ela_metadataset,SVM_RBF,0.9,Defaults,Tuning,0.18814332455894117,0.8118566754410589
Ela_metadataset,SVM_RBF,0.9,Defaults,Tuning,0.18518396714091767,0.8148160328590822
Ela_metadataset,SVM_RBF,0.9,Defaults,Tuning,0.3785892081290351,0.621410791870965
Ela_metadataset,SVM_RBF,0.9,Tuning,Tuning,0.17154099216428037,0.8284590078357196
Ela_metadataset,SVM_RBF,0.9,Defaults,Tuning,0.33404580714511023,0.6659541928548898
Ela_metadataset,SVM_RBF,0.9,Tuning,Tuning,0.24709837379973373,0.7529016262002663
Ela_metadataset,SVM_RBF,0.9,Tuning,Tuning,0.11407759054780929,0.8859224094521907
Ela_metadataset,SVM_RBF,0.9,Defaults,Tuning,0.2298587311819209,0.7701412688180793
Ela_metadataset,SVM_RBF,0.9,Defaults,Tuning,0.27221166620298637,0.7277883337970138
Ela_metadataset,SVM_RBF,0.9,Tuning,Tuning,0.23292046961953142,0.7670795303804685
Ela_metadataset,SVM_RBF,0.9,Tuning,Tuning,0.39708030736163,0.60291969263837
Ela_metadataset,SVM_RBF,0.9,Defaults,Tuning,0.4582110201484645,0.5417889798515354
Ela_metadataset,SVM_RBF,0.9,Tuning,Tuning,0.10417765042977789,0.8958223495702222
Ela_metadataset,SVM_RBF,0.9,Tuning,Defaults,0.5415790057113935,0.4584209942886066
Ela_metadataset,SVM_RBF,0.9,Tuning,Defaults,0.5584094983354616,0.44159050166453845
Ela_metadataset,SVM_RBF,0.9,Tuning,Tuning,0.20589585081186793,0.7941041491881322
Ela_metadataset,SVM_RBF,0.95,Tuning,Tuning,0.2632747469483664,0.7367252530516337
Ela_metadataset,SVM_RBF,0.95,Tuning,Tuning,0.11993551072160781,0.880064489278392
Ela_metadataset,SVM_RBF,0.95,Defaults,Defaults,0.6683896024942123,0.33161039750578764
Ela_metadataset,SVM_RBF,0.95,Tuning,Tuning,0.13290791835798904,0.8670920816420109
Ela_metadataset,SVM_RBF,0.95,Tuning,Tuning,0.05609416710410817,0.9439058328958917
Ela_metadataset,SVM_RBF,0.95,Tuning,Tuning,0.273762548404002,0.7262374515959981
Ela_metadataset,SVM_RBF,0.95,Tuning,Tuning,0.06745045415722886,0.9325495458427713
Ela_metadataset,SVM_RBF,0.95,Defaults,Tuning,0.3245611001952,0.6754388998048
Ela_metadataset,SVM_RBF,0.95,Defaults,Tuning,0.35566006783502335,0.6443399321649766
Ela_metadataset,SVM_RBF,0.95,Tuning,Tuning,0.23640100093643865,0.7635989990635614
Ela_metadataset,SVM_RBF,0.95,Tuning,Tuning,0.05801674816253318,0.9419832518374668
Ela_metadataset,SVM_RBF,0.95,Defaults,Tuning,0.3444926103851573,0.6555073896148428
Ela_metadataset,SVM_RBF,0.95,Tuning,Tuning,0.24113781726370914,0.7588621827362909
Ela_metadataset,SVM_RBF,0.95,Tuning,Tuning,0.3212094860073225,0.6787905139926775
Ela_metadataset,SVM_RBF,0.95,Tuning,Tuning,0.2758504173750142,0.724149582624986
Ela_metadataset,SVM_RBF,0.95,Tuning,Tuning,0.08928996336302217,0.9107100366369778
Ela_metadataset,SVM_RBF,0.95,Defaults,Defaults,0.6543579258209754,0.34564207417902454
Ela_metadataset,SVM_RBF,0.95,Tuning,Tuning,0.10469734233416447,0.8953026576658356
Ela_metadataset,SVM_RBF,0.95,Defaults,Tuning,0.43570335770014446,0.5642966422998557
Ela_metadataset,SVM_RBF,0.95,Tuning,Defaults,0.7609783496631853,0.2390216503368145
Ela_metadataset,SVM_RBF,0.95,Tuning,Tuning,0.2921673413355635,0.7078326586644365
Ela_metadataset,SVM_RBF,0.95,Defaults,Tuning,0.43554126040985447,0.5644587395901455
Ela_metadataset,SVM_RBF,0.95,Tuning,Defaults,0.8202362118824377,0.17976378811756252
Ela_metadataset,SVM_RBF,0.95,Tuning,Tuning,0.16468055716758376,0.8353194428324163
Ela_metadataset,SVM_RBF,0.95,Tuning,Tuning,0.10514481647124294,0.8948551835287571
Ela_metadataset,SVM_RBF,0.95,Tuning,Tuning,0.3085244764280267,0.6914755235719732
Ela_metadataset,SVM_RBF,0.95,Tuning,Tuning,0.07459431786971885,0.9254056821302813
Ela_metadataset,SVM_RBF,0.95,Tuning,Tuning,0.10820282439166638,0.8917971756083337
Ela_metadataset,SVM_RBF,0.95,Tuning,Tuning,0.06621171808643649,0.9337882819135636
Ela_metadataset,SVM_RBF,0.95,Tuning,Tuning,0.15103598568048218,0.8489640143195177
Ela_metadataset,SVM_RBF,0.95,Tuning,Tuning,0.1537393061736245,0.8462606938263756
Ela_metadataset,SVM_RBF,0.95,Tuning,Tuning,0.07068054319632655,0.9293194568036734
Ela_metadataset,SVM_RBF,0.95,Defaults,Defaults,0.6901525674123705,0.3098474325876294
Ela_metadataset,SVM_RBF,0.95,Defaults,Tuning,0.4843958678695689,0.5156041321304311
Ela_metadataset,SVM_RBF,0.95,Tuning,Tuning,0.10092709990446368,0.8990729000955362
Ela_metadataset,SVM_RBF,0.95,Tuning,Tuning,0.2202161435002037,0.7797838564997963
Ela_metadataset,SVM_RBF,0.95,Tuning,Tuning,0.35532810084524313,0.6446718991547568
Ela_metadataset,SVM_RBF,0.95,Defaults,Tuning,0.37642371249419676,0.6235762875058031
Ela_metadataset,SVM_RBF,0.95,Tuning,Tuning,0.22444313603951832,0.7755568639604816
Ela_metadataset,SVM_RBF,0.95,Defaults,Tuning,0.4335226502143533,0.5664773497856467
Ela_metadataset,SVM_RBF,0.95,Tuning,Tuning,0.1878067478245187,0.8121932521754813
Ela_metadataset,SVM_RBF,0.95,Tuning,Tuning,0.12833700272016738,0.8716629972798327
Ela_metadataset,SVM_RBF,0.95,Tuning,Tuning,0.25126978004541295,0.748730219954587
Ela_metadataset,SVM_RBF,0.95,Tuning,Tuning,0.13324873895944378,0.8667512610405561
Ela_metadataset,SVM_RBF,0.95,Tuning,Tuning,0.271795959777242,0.728204040222758
Ela_metadataset,SVM_RBF,0.95,Tuning,Tuning,0.17913334696671057,0.8208666530332895
Ela_metadataset,SVM_RBF,0.95,Tuning,Tuning,0.2010636129634029,0.7989363870365972
Ela_metadataset,SVM_RBF,0.95,Tuning,Tuning,0.1256581790610412,0.8743418209389587
Ela_metadataset,SVM_RBF,0.95,Tuning,Tuning,0.3207420528965315,0.6792579471034685
Ela_metadataset,SVM_RBF,0.95,Tuning,Tuning,0.10229360412224987,0.8977063958777499
Ela_metadataset,SVM_RBF,0.95,Defaults,Tuning,0.45203615593648944,0.5479638440635106
Ela_metadataset,SVM_RBF,0.95,Tuning,Tuning,0.13060974363019126,0.8693902563698088
Ela_metadataset,SVM_RBF,0.95,Tuning,Tuning,0.11443215858300428,0.8855678414169956
Ela_metadataset,SVM_RBF,0.95,Defaults,Tuning,0.09254458302406378,0.9074554169759361
Ela_metadataset,SVM_RBF,0.95,Tuning,Tuning,0.373070841609827,0.6269291583901728
Ela_metadataset,SVM_RBF,0.95,Tuning,Tuning,0.22118041097386357,0.7788195890261363
Ela_metadataset,SVM_RBF,0.95,Tuning,Tuning,0.10427622371327398,0.895723776286726
Ela_metadataset,SVM_RBF,0.95,Tuning,Tuning,0.4318509120238584,0.5681490879761417
Ela_metadataset,SVM_RBF,0.95,Tuning,Tuning,0.4077137723315143,0.5922862276684856
Ela_metadataset,SVM_RBF,0.95,Tuning,Tuning,0.36860886821296684,0.6313911317870332
Ela_metadataset,SVM_RBF,0.95,Tuning,Tuning,0.21460927545283937,0.7853907245471607
Ela_metadataset,SVM_RBF,0.95,Tuning,Tuning,0.21522276013079347,0.7847772398692066
Ela_metadataset,SVM_RBF,0.95,Tuning,Tuning,0.1769578916704085,0.8230421083295913
Ela_metadataset,SVM_RBF,0.95,Defaults,Tuning,0.3766343638256883,0.6233656361743117
Ela_metadataset,SVM_RBF,0.95,Tuning,Tuning,0.37313809247368307,0.6268619075263169
Ela_metadataset,SVM_RBF,0.95,Defaults,Defaults,0.5,0.5
Ela_metadataset,SVM_RBF,0.95,Tuning,Tuning,0.1847750371832684,0.8152249628167316
Ela_metadataset,SVM_RBF,0.95,Tuning,Tuning,0.2133695148297595,0.7866304851702406
Ela_metadataset,SVM_RBF,0.95,Tuning,Tuning,0.2670739279865044,0.7329260720134955
Ela_metadataset,SVM_RBF,0.95,Tuning,Defaults,0.5203395650427414,0.47966043495725846
Ela_metadataset,SVM_RBF,0.95,Tuning,Tuning,0.4594551737088188,0.5405448262911811
Ela_metadataset,SVM_RBF,0.95,Defaults,Tuning,0.36116804634529004,0.6388319536547099
Ela_metadataset,SVM_RBF,0.95,Tuning,Tuning,0.39221896438328324,0.6077810356167167
Ela_metadataset,SVM_RBF,0.95,Defaults,Tuning,0.300084791889411,0.699915208110589
Ela_metadataset,SVM_RBF,0.95,Defaults,Tuning,0.3643749773472026,0.6356250226527973
Ela_metadataset,SVM_RBF,0.95,Defaults,Tuning,0.18796309931004057,0.8120369006899594
Ela_metadataset,SVM_RBF,0.95,Defaults,Tuning,0.3121209088025155,0.6878790911974844
Ela_metadataset,SVM_RBF,0.95,Tuning,Tuning,0.19284916942829838,0.8071508305717017
Ela_metadataset,SVM_RBF,0.95,Tuning,Tuning,0.2887325208972835,0.7112674791027166
Ela_metadataset,SVM_RBF,0.95,Tuning,Tuning,0.2850435927177255,0.7149564072822745
Ela_metadataset,SVM_RBF,0.95,Defaults,Tuning,0.3084232167500081,0.6915767832499918
Ela_metadataset,SVM_RBF,0.95,Defaults,Tuning,0.2327685398772106,0.7672314601227893
Ela_metadataset,SVM_RBF,0.95,Defaults,Tuning,0.35186583435255636,0.6481341656474436
Ela_metadataset,SVM_RBF,0.95,Defaults,Defaults,0.5500060760858989,0.44999392391410126
Ela_metadataset,SVM_RBF,0.95,Tuning,Tuning,0.49434073896719494,0.5056592610328051
Ela_metadataset,SVM_RBF,0.95,Tuning,Defaults,0.7121896244394955,0.2878103755605045
Ela_metadataset,SVM_RBF,0.95,Defaults,Defaults,0.7123084431206368,0.28769155687936326
Ela_metadataset,SVM_RBF,0.95,Tuning,Tuning,0.15583965021223264,0.8441603497877672
Ela_metadataset,SVM_RBF,0.95,Defaults,Tuning,0.27694071415461213,0.7230592858453879
Ela_metadataset,SVM_RBF,0.95,Tuning,Tuning,0.13152490649351095,0.868475093506489
Ela_metadataset,SVM_RBF,0.95,Tuning,Tuning,0.2630900191920149,0.7369099808079851
Ela_metadataset,SVM_RBF,0.95,Defaults,Defaults,0.5637749202702463,0.43622507972975383
Ela_metadataset,SVM_RBF,0.95,Tuning,Tuning,0.2604317286207895,0.7395682713792102
Ela_metadataset,SVM_RBF,0.95,Defaults,Defaults,0.6054157220251519,0.3945842779748482
Ela_metadataset,SVM_RBF,0.95,Tuning,Tuning,0.2328373073293153,0.767162692670685
Ela_metadataset,SVM_RBF,0.95,Tuning,Tuning,0.10997502760197901,0.8900249723980209
Ela_metadataset,SVM_RBF,0.95,Tuning,Tuning,0.23338988319461357,0.7666101168053866
Ela_metadataset,SVM_RBF,0.95,Defaults,Tuning,0.13729874349132884,0.8627012565086712
Ela_metadataset,SVM_RBF,0.95,Tuning,Tuning,0.07770230467732091,0.9222976953226792
Ela_metadataset,SVM_RBF,0.95,Tuning,Tuning,0.23515979895398373,0.7648402010460161
Ela_metadataset,SVM_RBF,0.95,Tuning,Tuning,0.0817816646341032,0.9182183353658968
Ela_metadataset,SVM_RBF,0.95,Defaults,Tuning,0.13199170555945536,0.8680082944405447
Ela_metadataset,SVM_RBF,0.95,Tuning,Tuning,0.2511774602447185,0.7488225397552815
Ela_metadataset,SVM_RBF,0.95,Tuning,Tuning,0.273001984247033,0.7269980157529672
Ela_metadataset,SVM_RBF,0.95,Tuning,Tuning,0.07837536442282723,0.9216246355771728
Ela_metadataset,SVM_RBF,0.95,Tuning,Tuning,0.09343128325893478,0.9065687167410652
Ela_metadataset,SVM_RBF,0.95,Tuning,Defaults,0.5,0.5
Ela_metadataset,SVM_RBF,0.95,Tuning,Tuning,0.2438547099982167,0.7561452900017833
Ela_metadataset,SVM_RBF,0.95,Tuning,Tuning,0.11957804244687274,0.8804219575531272
Ela_metadataset,SVM_RBF,0.95,Defaults,Tuning,0.25762664493854015,0.7423733550614596
Ela_metadataset,SVM_RBF,0.95,Tuning,Tuning,0.11472733696684077,0.8852726630331591
Ela_metadataset,SVM_RBF,0.95,Tuning,Tuning,0.10577776896471157,0.8942222310352884
Ela_metadataset,SVM_RBF,0.95,Tuning,Tuning,0.17826540995600132,0.8217345900439988
Ela_metadataset,SVM_RBF,0.95,Tuning,Tuning,0.19397572285975398,0.8060242771402462
Ela_metadataset,SVM_RBF,0.95,Tuning,Tuning,0.2308166950589599,0.76918330494104
Ela_metadataset,SVM_RBF,0.95,Tuning,Tuning,0.2133474106120875,0.7866525893879126
Ela_metadataset,SVM_RBF,0.95,Tuning,Defaults,0.8327353872103879,0.16726461278961233
Ela_metadataset,SVM_RBF,0.95,Tuning,Tuning,0.2503774458640633,0.7496225541359367
Ela_metadataset,SVM_RBF,0.95,Defaults,Defaults,0.6663712490082924,0.3336287509917077
Ela_metadataset,SVM_RBF,0.95,Tuning,Tuning,0.08415364109701573,0.9158463589029843
Ela_metadataset,SVM_RBF,0.95,Defaults,Tuning,0.14709311913899092,0.8529068808610093
Ela_metadataset,SVM_RBF,0.95,Tuning,Tuning,0.03836319102922678,0.9616368089707732
Ela_metadataset,SVM_RBF,0.95,Tuning,Defaults,0.6362975606449985,0.3637024393550015
Ela_metadataset,SVM_RBF,0.95,Tuning,Tuning,0.17672585984158995,0.8232741401584102
Ela_metadataset,SVM_RBF,0.95,Tuning,Tuning,0.1371496387870313,0.8628503612129688
Ela_metadataset,SVM_RBF,0.95,Defaults,Tuning,0.21851018216271442,0.7814898178372858
Ela_metadataset,SVM_RBF,0.95,Defaults,Tuning,0.39769570761666495,0.602304292383335
Ela_metadataset,SVM_RBF,0.95,Tuning,Tuning,0.13676307648040173,0.8632369235195981
Ela_metadataset,SVM_RBF,0.95,Tuning,Tuning,0.1255989588490927,0.8744010411509073
Ela_metadataset,SVM_RBF,0.95,Tuning,Tuning,0.20728637974694103,0.792713620253059
Ela_metadataset,SVM_RBF,0.95,Tuning,Tuning,0.1449227515139278,0.8550772484860724
Ela_metadataset,SVM_RBF,0.95,Tuning,Tuning,0.42238363692805003,0.57761636307195
Ela_metadataset,SVM_RBF,0.95,Tuning,Tuning,0.1357425185634598,0.8642574814365401
Ela_metadataset,SVM_RBF,0.95,Tuning,Tuning,0.10668824554569369,0.8933117544543064
Ela_metadataset,SVM_RBF,0.95,Tuning,Tuning,0.3511788207996171,0.6488211792003826
Ela_metadataset,SVM_RBF,0.95,Defaults,Tuning,0.18616982633560114,0.8138301736643988
Ela_metadataset,SVM_RBF,0.95,Tuning,Defaults,0.606043048580983,0.3939569514190171
Ela_metadataset,SVM_RBF,0.95,Tuning,Tuning,0.311357895309314,0.6886421046906858
Ela_metadataset,SVM_RBF,0.95,Tuning,Tuning,0.21191409842319756,0.7880859015768024
Ela_metadataset,SVM_RBF,0.95,Tuning,Defaults,0.5,0.5
Ela_metadataset,SVM_RBF,0.95,Defaults,Tuning,0.31640327965606346,0.6835967203439366
Ela_metadataset,SVM_RBF,0.95,Tuning,Tuning,0.15762398467091515,0.842376015329085
Ela_metadataset,SVM_RBF,0.95,Tuning,Tuning,0.09017312635414187,0.9098268736458582
Ela_metadataset,SVM_RBF,0.95,Tuning,Tuning,0.12063614316594541,0.8793638568340548
Ela_metadataset,SVM_RBF,0.95,Defaults,Tuning,0.12056595874869915,0.8794340412513008
Ela_metadataset,SVM_RBF,0.95,Tuning,Tuning,0.17957700968531198,0.820422990314688
Ela_metadataset,SVM_RBF,0.95,Tuning,Tuning,0.2758622173772087,0.7241377826227914
Ela_metadataset,SVM_RBF,0.95,Tuning,Tuning,0.1370040114878441,0.8629959885121556
Ela_metadataset,SVM_RBF,0.95,Defaults,Defaults,0.7080262755584661,0.29197372444153397
Ela_metadataset,SVM_RBF,0.95,Defaults,Defaults,0.5082961483457542,0.4917038516542457
Ela_metadataset,SVM_RBF,0.95,Tuning,Defaults,0.5108922521235759,0.4891077478764241
Ela_metadataset,SVM_RBF,0.95,Tuning,Tuning,0.19718878537232268,0.8028112146276771
Ela_metadataset,SVM_RBF,0.95,Tuning,Tuning,0.12139318886722603,0.878606811132774
Ela_metadataset,SVM_RBF,0.95,Defaults,Tuning,0.18257737695779336,0.8174226230422066
Ela_metadataset,SVM_RBF,0.95,Defaults,Tuning,0.16897104030830132,0.8310289596916988
Ela_metadataset,SVM_RBF,0.95,Defaults,Tuning,0.41894408992168836,0.5810559100783116
Ela_metadataset,SVM_RBF,0.95,Tuning,Tuning,0.14590671914876005,0.8540932808512398
Ela_metadataset,SVM_RBF,0.95,Defaults,Tuning,0.3550024707109587,0.6449975292890413
Ela_metadataset,SVM_RBF,0.95,Tuning,Tuning,0.25191231832099586,0.7480876816790042
Ela_metadataset,SVM_RBF,0.95,Tuning,Tuning,0.11420831994218468,0.8857916800578153
Ela_metadataset,SVM_RBF,0.95,Defaults,Tuning,0.22539568630880524,0.7746043136911948
Ela_metadataset,SVM_RBF,0.95,Defaults,Tuning,0.28421014961994767,0.7157898503800523
Ela_metadataset,SVM_RBF,0.95,Tuning,Tuning,0.22068236615279074,0.7793176338472094
Ela_metadataset,SVM_RBF,0.95,Tuning,Tuning,0.3637023257501093,0.6362976742498907
Ela_metadataset,SVM_RBF,0.95,Defaults,Tuning,0.3798800698644276,0.6201199301355723
Ela_metadataset,SVM_RBF,0.95,Tuning,Tuning,0.09403283755254759,0.9059671624474522
Ela_metadataset,SVM_RBF,0.95,Tuning,Defaults,0.5657350359029155,0.43426496409708437
Ela_metadataset,SVM_RBF,0.95,Tuning,Defaults,0.6127610603437138,0.3872389396562862
Ela_metadataset,SVM_RBF,0.95,Tuning,Tuning,0.1890240308463374,0.8109759691536625
Ela_metadataset,RandomForest,0.8,Tuning,Tuning,0.27,0.73
Ela_metadataset,RandomForest,0.8,Tuning,Tuning,0.23,0.77
Ela_metadataset,RandomForest,0.8,Defaults,Tuning,0.48,0.52
Ela_metadataset,RandomForest,0.8,Tuning,Tuning,0.18,0.82
Ela_metadataset,RandomForest,0.8,Tuning,Tuning,0.08,0.92
Ela_metadataset,RandomForest,0.8,Tuning,Tuning,0.45,0.55
Ela_metadataset,RandomForest,0.8,Tuning,Tuning,0.09,0.91
Ela_metadataset,RandomForest,0.8,Defaults,Tuning,0.09,0.91
Ela_metadataset,RandomForest,0.8,Defaults,Tuning,0.42,0.58
Ela_metadataset,RandomForest,0.8,Tuning,Tuning,0.23,0.77
Ela_metadataset,RandomForest,0.8,Tuning,Tuning,0.02,0.98
Ela_metadataset,RandomForest,0.8,Defaults,Defaults,0.53,0.47
Ela_metadataset,RandomForest,0.8,Tuning,Tuning,0.33,0.67
Ela_metadataset,RandomForest,0.8,Tuning,Tuning,0.34,0.66
Ela_metadataset,RandomForest,0.8,Tuning,Tuning,0.12,0.88
Ela_metadataset,RandomForest,0.8,Tuning,Tuning,0.03,0.97
Ela_metadataset,RandomForest,0.8,Defaults,Defaults,0.58,0.42
Ela_metadataset,RandomForest,0.8,Tuning,Tuning,0.08,0.92
Ela_metadataset,RandomForest,0.8,Defaults,Defaults,0.52,0.48
Ela_metadataset,RandomForest,0.8,Tuning,Defaults,0.76,0.24
Ela_metadataset,RandomForest,0.8,Tuning,Tuning,0.34,0.66
Ela_metadataset,RandomForest,0.8,Defaults,Defaults,0.65,0.35
Ela_metadataset,RandomForest,0.8,Tuning,Defaults,0.5,0.5
Ela_metadataset,RandomForest,0.8,Tuning,Tuning,0.2,0.8
Ela_metadataset,RandomForest,0.8,Tuning,Tuning,0.11,0.89
Ela_metadataset,RandomForest,0.8,Tuning,Tuning,0.29,0.71
Ela_metadataset,RandomForest,0.8,Tuning,Tuning,0.03,0.97
Ela_metadataset,RandomForest,0.8,Tuning,Tuning,0.16,0.84
Ela_metadataset,RandomForest,0.8,Tuning,Tuning,0.0,1.0
Ela_metadataset,RandomForest,0.8,Tuning,Tuning,0.14,0.86
Ela_metadataset,RandomForest,0.8,Tuning,Tuning,0.07,0.93
Ela_metadataset,RandomForest,0.8,Tuning,Tuning,0.02,0.98
Ela_metadataset,RandomForest,0.8,Defaults,Defaults,0.7,0.3
Ela_metadataset,RandomForest,0.8,Defaults,Defaults,0.63,0.37
Ela_metadataset,RandomForest,0.8,Tuning,Tuning,0.16,0.84
Ela_metadataset,RandomForest,0.8,Tuning,Tuning,0.39,0.61
Ela_metadataset,RandomForest,0.8,Tuning,Tuning,0.48,0.52
Ela_metadataset,RandomForest,0.8,Defaults,Defaults,0.52,0.48
Ela_metadataset,RandomForest,0.8,Tuning,Tuning,0.21,0.79
Ela_metadataset,RandomForest,0.8,Defaults,Tuning,0.36,0.64
Ela_metadataset,RandomForest,0.8,Tuning,Tuning,0.13,0.87
Ela_metadataset,RandomForest,0.8,Tuning,Tuning,0.08,0.92
Ela_metadataset,RandomForest,0.8,Tuning,Tuning,0.12,0.88
Ela_metadataset,RandomForest,0.8,Tuning,Tuning,0.08,0.92
Ela_metadataset,RandomForest,0.8,Tuning,Tuning,0.22,0.78
Ela_metadataset,RandomForest,0.8,Tuning,Tuning,0.09,0.91
Ela_metadataset,RandomForest,0.8,Tuning,Tuning,0.19,0.81
Ela_metadataset,RandomForest,0.8,Tuning,Tuning,0.1,0.9
Ela_metadataset,RandomForest,0.8,Tuning,Tuning,0.3,0.7
Ela_metadataset,RandomForest,0.8,Tuning,Tuning,0.16,0.84
Ela_metadataset,RandomForest,0.8,Defaults,Tuning,0.48,0.52
Ela_metadataset,RandomForest,0.8,Tuning,Tuning,0.2,0.8
Ela_metadataset,RandomForest,0.8,Tuning,Tuning,0.16,0.84
Ela_metadataset,RandomForest,0.8,Defaults,Tuning,0.07,0.93
Ela_metadataset,RandomForest,0.8,Tuning,Tuning,0.24,0.76
Ela_metadataset,RandomForest,0.8,Tuning,Tuning,0.35,0.65
Ela_metadataset,RandomForest,0.8,Tuning,Tuning,0.15,0.85
Ela_metadataset,RandomForest,0.8,Tuning,Defaults,0.65,0.35
Ela_metadataset,RandomForest,0.8,Tuning,Tuning,0.23,0.77
Ela_metadataset,RandomForest,0.8,Tuning,Tuning,0.16,0.84
Ela_metadataset,RandomForest,0.8,Tuning,Tuning,0.35,0.65
Ela_metadataset,RandomForest,0.8,Tuning,Tuning,0.15,0.85
Ela_metadataset,RandomForest,0.8,Tuning,Tuning,0.14,0.86
Ela_metadataset,RandomForest,0.8,Defaults,Tuning,0.19,0.81
Ela_metadataset,RandomForest,0.8,Tuning,Tuning,0.28,0.72
Ela_metadataset,RandomForest,0.8,Defaults,Tuning,0.41,0.59
Ela_metadataset,RandomForest,0.8,Tuning,Tuning,0.21,0.79
Ela_metadataset,RandomForest,0.8,Tuning,Tuning,0.23,0.77
Ela_metadataset,RandomForest,0.8,Tuning,Tuning,0.27,0.73
Ela_metadataset,RandomForest,0.8,Tuning,Tuning,0.42,0.58
Ela_metadataset,RandomForest,0.8,Tuning,Tuning,0.45,0.55
Ela_metadataset,RandomForest,0.8,Defaults,Tuning,0.25,0.75
Ela_metadataset,RandomForest,0.8,Tuning,Tuning,0.2,0.8
Ela_metadataset,RandomForest,0.8,Defaults,Tuning,0.48,0.52
Ela_metadataset,RandomForest,0.8,Defaults,Defaults,0.51,0.49
Ela_metadataset,RandomForest,0.8,Defaults,Defaults,0.52,0.48
Ela_metadataset,RandomForest,0.8,Defaults,Defaults,0.71,0.29
Ela_metadataset,RandomForest,0.8,Tuning,Tuning,0.23,0.77
Ela_metadataset,RandomForest,0.8,Tuning,Tuning,0.21,0.79
Ela_metadataset,RandomForest,0.8,Tuning,Tuning,0.1,0.9
Ela_metadataset,RandomForest,0.8,Defaults,Tuning,0.27,0.73
Ela_metadataset,RandomForest,0.8,Defaults,Tuning,0.31,0.69
Ela_metadataset,RandomForest,0.8,Defaults,Tuning,0.4,0.6
Ela_metadataset,RandomForest,0.8,Defaults,Defaults,0.69,0.31
Ela_metadataset,RandomForest,0.8,Tuning,Defaults,0.53,0.47
Ela_metadataset,RandomForest,0.8,Tuning,Defaults,0.51,0.49
Ela_metadataset,RandomForest,0.8,Defaults,Defaults,0.67,0.33
Ela_metadataset,RandomForest,0.8,Tuning,Tuning,0.25,0.75
Ela_metadataset,RandomForest,0.8,Defaults,Tuning,0.26,0.74
Ela_metadataset,RandomForest,0.8,Tuning,Tuning,0.26,0.74
Ela_metadataset,RandomForest,0.8,Tuning,Tuning,0.35,0.65
Ela_metadataset,RandomForest,0.8,Defaults,Tuning,0.41,0.59
Ela_metadataset,RandomForest,0.8,Tuning,Tuning,0.23,0.77
Ela_metadataset,RandomForest,0.8,Defaults,Tuning,0.4,0.6
Ela_metadataset,RandomForest,0.8,Tuning,Tuning,0.25,0.75
Ela_metadataset,RandomForest,0.8,Tuning,Tuning,0.15,0.85
Ela_metadataset,RandomForest,0.8,Tuning,Tuning,0.25,0.75
Ela_metadataset,RandomForest,0.8,Defaults,Tuning,0.22,0.78
Ela_metadataset,RandomForest,0.8,Tuning,Tuning,0.11,0.89
Ela_metadataset,RandomForest,0.8,Tuning,Tuning,0.29,0.71
Ela_metadataset,RandomForest,0.8,Tuning,Tuning,0.17,0.83
Ela_metadataset,RandomForest,0.8,Defaults,Tuning,0.09,0.91
Ela_metadataset,RandomForest,0.8,Tuning,Tuning,0.16,0.84
Ela_metadataset,RandomForest,0.8,Tuning,Tuning,0.42,0.58
Ela_metadataset,RandomForest,0.8,Tuning,Tuning,0.2,0.8
Ela_metadataset,RandomForest,0.8,Tuning,Tuning,0.06,0.94
Ela_metadataset,RandomForest,0.8,Tuning,Defaults,0.5,0.5
Ela_metadataset,RandomForest,0.8,Tuning,Tuning,0.18,0.82
Ela_metadataset,RandomForest,0.8,Tuning,Tuning,0.13,0.87
Ela_metadataset,RandomForest,0.8,Defaults,Tuning,0.31,0.69
Ela_metadataset,RandomForest,0.8,Tuning,Tuning,0.13,0.87
Ela_metadataset,RandomForest,0.8,Tuning,Tuning,0.09,0.91
Ela_metadataset,RandomForest,0.8,Tuning,Tuning,0.16,0.84
Ela_metadataset,RandomForest,0.8,Tuning,Tuning,0.25,0.75
Ela_metadataset,RandomForest,0.8,Tuning,Tuning,0.12,0.88
Ela_metadataset,RandomForest,0.8,Tuning,Tuning,0.14,0.86
Ela_metadataset,RandomForest,0.8,Tuning,Defaults,0.67,0.33
Ela_metadataset,RandomForest,0.8,Tuning,Tuning,0.32,0.68
Ela_metadataset,RandomForest,0.8,Defaults,Tuning,0.37,0.63
Ela_metadataset,RandomForest,0.8,Tuning,Tuning,0.11,0.89
Ela_metadataset,RandomForest,0.8,Defaults,Tuning,0.16,0.84
Ela_metadataset,RandomForest,0.8,Tuning,Tuning,0.03,0.97
Ela_metadataset,RandomForest,0.8,Tuning,Defaults,0.53,0.47
Ela_metadataset,RandomForest,0.8,Tuning,Tuning,0.1,0.9
Ela_metadataset,RandomForest,0.8,Tuning,Tuning,0.25,0.75
Ela_metadataset,RandomForest,0.8,Defaults,Tuning,0.28,0.72
Ela_metadataset,RandomForest,0.8,Defaults,Defaults,0.52,0.48
Ela_metadataset,RandomForest,0.8,Tuning,Tuning,0.21,0.79
Ela_metadataset,RandomForest,0.8,Tuning,Tuning,0.19,0.81
Ela_metadataset,RandomForest,0.8,Tuning,Tuning,0.16,0.84
Ela_metadataset,RandomForest,0.8,Tuning,Tuning,0.09,0.91
Ela_metadataset,RandomForest,0.8,Tuning,Tuning,0.38,0.62
Ela_metadataset,RandomForest,0.8,Tuning,Tuning,0.26,0.74
Ela_metadataset,RandomForest,0.8,Tuning,Tuning,0.12,0.88
Ela_metadataset,RandomForest,0.8,Tuning,Tuning,0.33,0.67
Ela_metadataset,RandomForest,0.8,Defaults,Tuning,0.3,0.7
Ela_metadataset,RandomForest,0.8,Tuning,Tuning,0.45,0.55
Ela_metadataset,RandomForest,0.8,Tuning,Defaults,0.51,0.49
Ela_metadataset,RandomForest,0.8,Tuning,Tuning,0.17,0.83
Ela_metadataset,RandomForest,0.8,Tuning,Tuning,0.49,0.51
Ela_metadataset,RandomForest,0.8,Defaults,Tuning,0.23,0.77
Ela_metadataset,RandomForest,0.8,Tuning,Tuning,0.14,0.86
Ela_metadataset,RandomForest,0.8,Tuning,Tuning,0.2,0.8
Ela_metadataset,RandomForest,0.8,Tuning,Tuning,0.08,0.92
Ela_metadataset,RandomForest,0.8,Defaults,Tuning,0.11,0.89
Ela_metadataset,RandomForest,0.8,Tuning,Tuning,0.29,0.71
Ela_metadataset,RandomForest,0.8,Tuning,Tuning,0.27,0.73
Ela_metadataset,RandomForest,0.8,Tuning,Tuning,0.23,0.77
Ela_metadataset,RandomForest,0.8,Defaults,Defaults,0.64,0.36
Ela_metadataset,RandomForest,0.8,Defaults,Defaults,0.55,0.45
Ela_metadataset,RandomForest,0.8,Tuning,Defaults,0.62,0.38
Ela_metadataset,RandomForest,0.8,Tuning,Tuning,0.25,0.75
Ela_metadataset,RandomForest,0.8,Tuning,Tuning,0.31,0.69
Ela_metadataset,RandomForest,0.8,Defaults,Tuning,0.31,0.69
Ela_metadataset,RandomForest,0.8,Defaults,Tuning,0.35,0.65
Ela_metadataset,RandomForest,0.8,Defaults,Defaults,0.66,0.34
Ela_metadataset,RandomForest,0.8,Tuning,Tuning,0.2,0.8
Ela_metadataset,RandomForest,0.8,Defaults,Tuning,0.46,0.54
Ela_metadataset,RandomForest,0.8,Tuning,Tuning,0.32,0.68
Ela_metadataset,RandomForest,0.8,Tuning,Tuning,0.13,0.87
Ela_metadataset,RandomForest,0.8,Defaults,Tuning,0.33,0.67
Ela_metadataset,RandomForest,0.8,Defaults,Tuning,0.21,0.79
Ela_metadataset,RandomForest,0.8,Tuning,Tuning,0.36,0.64
Ela_metadataset,RandomForest,0.8,Tuning,Tuning,0.39,0.61
Ela_metadataset,RandomForest,0.8,Defaults,Tuning,0.35,0.65
Ela_metadataset,RandomForest,0.8,Tuning,Tuning,0.09,0.91
Ela_metadataset,RandomForest,0.8,Tuning,Defaults,0.56,0.44
Ela_metadataset,RandomForest,0.8,Tuning,Tuning,0.47,0.53
Ela_metadataset,RandomForest,0.8,Tuning,Tuning,0.34,0.66
Ela_metadataset,RandomForest,0.85,Tuning,Tuning,0.15,0.85
Ela_metadataset,RandomForest,0.85,Tuning,Tuning,0.24,0.76
Ela_metadataset,RandomForest,0.85,Defaults,Defaults,0.61,0.39
Ela_metadataset,RandomForest,0.85,Tuning,Tuning,0.17,0.83
Ela_metadataset,RandomForest,0.85,Tuning,Tuning,0.04,0.96
Ela_metadataset,RandomForest,0.85,Tuning,Tuning,0.44,0.56
Ela_metadataset,RandomForest,0.85,Tuning,Tuning,0.12,0.88
Ela_metadataset,RandomForest,0.85,Defaults,Tuning,0.06,0.94
Ela_metadataset,RandomForest,0.85,Defaults,Tuning,0.44,0.56
Ela_metadataset,RandomForest,0.85,Tuning,Tuning,0.27,0.73
Ela_metadataset,RandomForest,0.85,Tuning,Tuning,0.03,0.97
Ela_metadataset,RandomForest,0.85,Defaults,Defaults,0.55,0.45
Ela_metadataset,RandomForest,0.85,Tuning,Tuning,0.44,0.56
Ela_metadataset,RandomForest,0.85,Tuning,Tuning,0.35,0.65
Ela_metadataset,RandomForest,0.85,Tuning,Tuning,0.1,0.9
Ela_metadataset,RandomForest,0.85,Tuning,Tuning,0.02,0.98
Ela_metadataset,RandomForest,0.85,Defaults,Defaults,0.51,0.49
Ela_metadataset,RandomForest,0.85,Tuning,Tuning,0.15,0.85
Ela_metadataset,RandomForest,0.85,Defaults,Defaults,0.58,0.42
Ela_metadataset,RandomForest,0.85,Tuning,Defaults,0.72,0.28
Ela_metadataset,RandomForest,0.85,Tuning,Tuning,0.38,0.62
Ela_metadataset,RandomForest,0.85,Defaults,Defaults,0.67,0.33
Ela_metadataset,RandomForest,0.85,Tuning,Defaults,0.57,0.43
Ela_metadataset,RandomForest,0.85,Tuning,Tuning,0.16,0.84
Ela_metadataset,RandomForest,0.85,Tuning,Tuning,0.14,0.86
Ela_metadataset,RandomForest,0.85,Tuning,Tuning,0.22,0.78
Ela_metadataset,RandomForest,0.85,Tuning,Tuning,0.02,0.98
Ela_metadataset,RandomForest,0.85,Tuning,Tuning,0.13,0.87
Ela_metadataset,RandomForest,0.85,Tuning,Tuning,0.03,0.97
Ela_metadataset,RandomForest,0.85,Tuning,Tuning,0.15,0.85
Ela_metadataset,RandomForest,0.85,Tuning,Tuning,0.09,0.91
Ela_metadataset,RandomForest,0.85,Tuning,Tuning,0.02,0.98
Ela_metadataset,RandomForest,0.85,Defaults,Defaults,0.64,0.36
Ela_metadataset,RandomForest,0.85,Defaults,Defaults,0.65,0.35
Ela_metadataset,RandomForest,0.85,Tuning,Tuning,0.11,0.89
Ela_metadataset,RandomForest,0.85,Tuning,Tuning,0.27,0.73
Ela_metadataset,RandomForest,0.85,Tuning,Tuning,0.49,0.51
Ela_metadataset,RandomForest,0.85,Defaults,Defaults,0.54,0.46
Ela_metadataset,RandomForest,0.85,Tuning,Tuning,0.26,0.74
Ela_metadataset,RandomForest,0.85,Defaults,Defaults,0.52,0.48
Ela_metadataset,RandomForest,0.85,Tuning,Tuning,0.1,0.9
Ela_metadataset,RandomForest,0.85,Tuning,Tuning,0.06,0.94
Ela_metadataset,RandomForest,0.85,Tuning,Tuning,0.13,0.87
Ela_metadataset,RandomForest,0.85,Tuning,Tuning,0.08,0.92
Ela_metadataset,RandomForest,0.85,Tuning,Tuning,0.29,0.71
Ela_metadataset,RandomForest,0.85,Tuning,Tuning,0.12,0.88
Ela_metadataset,RandomForest,0.85,Tuning,Tuning,0.19,0.81
Ela_metadataset,RandomForest,0.85,Tuning,Tuning,0.08,0.92
Ela_metadataset,RandomForest,0.85,Tuning,Tuning,0.4,0.6
Ela_metadataset,RandomForest,0.85,Tuning,Tuning,0.13,0.87
Ela_metadataset,RandomForest,0.85,Defaults,Tuning,0.34,0.66
Ela_metadataset,RandomForest,0.85,Tuning,Tuning,0.14,0.86
Ela_metadataset,RandomForest,0.85,Tuning,Tuning,0.09,0.91
Ela_metadataset,RandomForest,0.85,Defaults,Tuning,0.1,0.9
Ela_metadataset,RandomForest,0.85,Tuning,Tuning,0.41,0.59
Ela_metadataset,RandomForest,0.85,Tuning,Tuning,0.29,0.71
Ela_metadataset,RandomForest,0.85,Tuning,Tuning,0.11,0.89
Ela_metadataset,RandomForest,0.85,Tuning,Defaults,0.61,0.39
Ela_metadataset,RandomForest,0.85,Tuning,Tuning,0.23,0.77
Ela_metadataset,RandomForest,0.85,Tuning,Tuning,0.25,0.75
Ela_metadataset,RandomForest,0.85,Tuning,Tuning,0.27,0.73
Ela_metadataset,RandomForest,0.85,Tuning,Tuning,0.35,0.65
Ela_metadataset,RandomForest,0.85,Tuning,Tuning,0.11,0.89
Ela_metadataset,RandomForest,0.85,Defaults,Tuning,0.25,0.75
Ela_metadataset,RandomForest,0.85,Tuning,Tuning,0.32,0.68
Ela_metadataset,RandomForest,0.85,Defaults,Defaults,0.54,0.46
Ela_metadataset,RandomForest,0.85,Tuning,Tuning,0.18,0.82
Ela_metadataset,RandomForest,0.85,Tuning,Tuning,0.21,0.79
Ela_metadataset,RandomForest,0.85,Tuning,Tuning,0.25,0.75
Ela_metadataset,RandomForest,0.85,Tuning,Tuning,0.31,0.69
Ela_metadataset,RandomForest,0.85,Tuning,Tuning,0.42,0.58
Ela_metadataset,RandomForest,0.85,Defaults,Tuning,0.25,0.75
Ela_metadataset,RandomForest,0.85,Tuning,Tuning,0.27,0.73
Ela_metadataset,RandomForest,0.85,Defaults,Tuning,0.45,0.55
Ela_metadataset,RandomForest,0.85,Defaults,Defaults,0.64,0.36
Ela_metadataset,RandomForest,0.85,Defaults,Defaults,0.53,0.47
Ela_metadataset,RandomForest,0.85,Defaults,Defaults,0.69,0.31
Ela_metadataset,RandomForest,0.85,Tuning,Tuning,0.24,0.76
Ela_metadataset,RandomForest,0.85,Tuning,Tuning,0.24,0.76
Ela_metadataset,RandomForest,0.85,Tuning,Tuning,0.09,0.91
Ela_metadataset,RandomForest,0.85,Defaults,Tuning,0.38,0.62
Ela_metadataset,RandomForest,0.85,Defaults,Tuning,0.28,0.72
Ela_metadataset,RandomForest,0.85,Defaults,Tuning,0.35,0.65
Ela_metadataset,RandomForest,0.85,Defaults,Defaults,0.67,0.33
Ela_metadataset,RandomForest,0.85,Tuning,Defaults,0.66,0.34
Ela_metadataset,RandomForest,0.85,Tuning,Tuning,0.42,0.58
Ela_metadataset,RandomForest,0.85,Defaults,Defaults,0.73,0.27
Ela_metadataset,RandomForest,0.85,Tuning,Tuning,0.13,0.87
Ela_metadataset,RandomForest,0.85,Defaults,Tuning,0.23,0.77
Ela_metadataset,RandomForest,0.85,Tuning,Tuning,0.09,0.91
Ela_metadataset,RandomForest,0.85,Tuning,Tuning,0.33,0.67
Ela_metadataset,RandomForest,0.85,Defaults,Tuning,0.31,0.69
Ela_metadataset,RandomForest,0.85,Tuning,Tuning,0.2,0.8
Ela_metadataset,RandomForest,0.85,Defaults,Defaults,0.59,0.41
Ela_metadataset,RandomForest,0.85,Tuning,Tuning,0.24,0.76
Ela_metadataset,RandomForest,0.85,Tuning,Tuning,0.14,0.86
Ela_metadataset,RandomForest,0.85,Tuning,Tuning,0.22,0.78
Ela_metadataset,RandomForest,0.85,Defaults,Tuning,0.15,0.85
Ela_metadataset,RandomForest,0.85,Tuning,Tuning,0.1,0.9
Ela_metadataset,RandomForest,0.85,Tuning,Tuning,0.3,0.7
Ela_metadataset,RandomForest,0.85,Tuning,Tuning,0.12,0.88
Ela_metadataset,RandomForest,0.85,Defaults,Tuning,0.11,0.89
Ela_metadataset,RandomForest,0.85,Tuning,Tuning,0.08,0.92
Ela_metadataset,RandomForest,0.85,Tuning,Tuning,0.21,0.79
Ela_metadataset,RandomForest,0.85,Tuning,Tuning,0.25,0.75
Ela_metadataset,RandomForest,0.85,Tuning,Tuning,0.07,0.93
Ela_metadataset,RandomForest,0.85,Tuning,Tuning,0.49,0.51
Ela_metadataset,RandomForest,0.85,Tuning,Tuning,0.15,0.85
Ela_metadataset,RandomForest,0.85,Tuning,Tuning,0.12,0.88
Ela_metadataset,RandomForest,0.85,Defaults,Tuning,0.21,0.79
Ela_metadataset,RandomForest,0.85,Tuning,Tuning,0.13,0.87
Ela_metadataset,RandomForest,0.85,Tuning,Tuning,0.08,0.92
Ela_metadataset,RandomForest,0.85,Tuning,Tuning,0.16,0.84
Ela_metadataset,RandomForest,0.85,Tuning,Tuning,0.23,0.77
Ela_metadataset,RandomForest,0.85,Tuning,Tuning,0.16,0.84
Ela_metadataset,RandomForest,0.85,Tuning,Tuning,0.15,0.85
Ela_metadataset,RandomForest,0.85,Tuning,Defaults,0.57,0.43
Ela_metadataset,RandomForest,0.85,Tuning,Tuning,0.4,0.6
Ela_metadataset,RandomForest,0.85,Defaults,Tuning,0.48,0.52
Ela_metadataset,RandomForest,0.85,Tuning,Tuning,0.22,0.78
Ela_metadataset,RandomForest,0.85,Defaults,Tuning,0.22,0.78
Ela_metadataset,RandomForest,0.85,Tuning,Tuning,0.09,0.91
Ela_metadataset,RandomForest,0.85,Tuning,Tuning,0.47,0.53
Ela_metadataset,RandomForest,0.85,Tuning,Tuning,0.11,0.89
Ela_metadataset,RandomForest,0.85,Tuning,Tuning,0.15,0.85
Ela_metadataset,RandomForest,0.85,Defaults,Tuning,0.19,0.81
Ela_metadataset,RandomForest,0.85,Defaults,Defaults,0.54,0.46
Ela_metadataset,RandomForest,0.85,Tuning,Tuning,0.24,0.76
Ela_metadataset,RandomForest,0.85,Tuning,Tuning,0.32,0.68
Ela_metadataset,RandomForest,0.85,Tuning,Tuning,0.05,0.95
Ela_metadataset,RandomForest,0.85,Tuning,Tuning,0.03,0.97
Ela_metadataset,RandomForest,0.85,Tuning,Tuning,0.42,0.58
Ela_metadataset,RandomForest,0.85,Tuning,Tuning,0.2,0.8
Ela_metadataset,RandomForest,0.85,Tuning,Tuning,0.23,0.77
Ela_metadataset,RandomForest,0.85,Tuning,Tuning,0.37,0.63
Ela_metadataset,RandomForest,0.85,Defaults,Tuning,0.38,0.62
Ela_metadataset,RandomForest,0.85,Tuning,Defaults,0.63,0.37
Ela_metadataset,RandomForest,0.85,Tuning,Tuning,0.46,0.54
Ela_metadataset,RandomForest,0.85,Tuning,Tuning,0.25,0.75
Ela_metadataset,RandomForest,0.85,Tuning,Tuning,0.48,0.52
Ela_metadataset,RandomForest,0.85,Defaults,Tuning,0.36,0.64
Ela_metadataset,RandomForest,0.85,Tuning,Tuning,0.25,0.75
Ela_metadataset,RandomForest,0.85,Tuning,Tuning,0.21,0.79
Ela_metadataset,RandomForest,0.85,Tuning,Tuning,0.11,0.89
Ela_metadataset,RandomForest,0.85,Defaults,Tuning,0.16,0.84
Ela_metadataset,RandomForest,0.85,Tuning,Tuning,0.31,0.69
Ela_metadataset,RandomForest,0.85,Tuning,Tuning,0.37,0.63
Ela_metadataset,RandomForest,0.85,Tuning,Tuning,0.17,0.83
Ela_metadataset,RandomForest,0.85,Defaults,Defaults,0.61,0.39
Ela_metadataset,RandomForest,0.85,Defaults,Defaults,0.52,0.48
Ela_metadataset,RandomForest,0.85,Tuning,Tuning,0.48,0.52
Ela_metadataset,RandomForest,0.85,Tuning,Tuning,0.18,0.82
Ela_metadataset,RandomForest,0.85,Tuning,Tuning,0.18,0.82
Ela_metadataset,RandomForest,0.85,Defaults,Tuning,0.3,0.7
Ela_metadataset,RandomForest,0.85,Defaults,Tuning,0.34,0.66
Ela_metadataset,RandomForest,0.85,Defaults,Defaults,0.59,0.41
Ela_metadataset,RandomForest,0.85,Tuning,Tuning,0.24,0.76
Ela_metadataset,RandomForest,0.85,Defaults,Tuning,0.42,0.58
Ela_metadataset,RandomForest,0.85,Tuning,Tuning,0.32,0.68
Ela_metadataset,RandomForest,0.85,Tuning,Tuning,0.12,0.88
Ela_metadataset,RandomForest,0.85,Defaults,Tuning,0.25,0.75
Ela_metadataset,RandomForest,0.85,Defaults,Tuning,0.34,0.66
Ela_metadataset,RandomForest,0.85,Tuning,Tuning,0.4,0.6
Ela_metadataset,RandomForest,0.85,Tuning,Tuning,0.42,0.58
Ela_metadataset,RandomForest,0.85,Defaults,Tuning,0.34,0.66
Ela_metadataset,RandomForest,0.85,Tuning,Tuning,0.12,0.88
Ela_metadataset,RandomForest,0.85,Tuning,Defaults,0.5,0.5
Ela_metadataset,RandomForest,0.85,Tuning,Defaults,0.57,0.43
Ela_metadataset,RandomForest,0.85,Tuning,Tuning,0.16,0.84
Ela_metadataset,RandomForest,0.9,Tuning,Tuning,0.28,0.72
Ela_metadataset,RandomForest,0.9,Tuning,Tuning,0.16,0.84
Ela_metadataset,RandomForest,0.9,Defaults,Defaults,0.67,0.33
Ela_metadataset,RandomForest,0.9,Tuning,Tuning,0.21,0.79
Ela_metadataset,RandomForest,0.9,Tuning,Tuning,0.03,0.97
Ela_metadataset,RandomForest,0.9,Tuning,Tuning,0.39,0.61
Ela_metadataset,RandomForest,0.9,Tuning,Tuning,0.12,0.88
Ela_metadataset,RandomForest,0.9,Defaults,Tuning,0.1,0.9
Ela_metadataset,RandomForest,0.9,Defaults,Tuning,0.4,0.6
Ela_metadataset,RandomForest,0.9,Tuning,Tuning,0.29,0.71
Ela_metadataset,RandomForest,0.9,Tuning,Tuning,0.04,0.96
Ela_metadataset,RandomForest,0.9,Defaults,Defaults,0.56,0.44
Ela_metadataset,RandomForest,0.9,Tuning,Tuning,0.35,0.65
Ela_metadataset,RandomForest,0.9,Tuning,Tuning,0.4,0.6
Ela_metadataset,RandomForest,0.9,Tuning,Tuning,0.16,0.84
Ela_metadataset,RandomForest,0.9,Tuning,Tuning,0.04,0.96
Ela_metadataset,RandomForest,0.9,Defaults,Defaults,0.55,0.45
Ela_metadataset,RandomForest,0.9,Tuning,Tuning,0.14,0.86
Ela_metadataset,RandomForest,0.9,Defaults,Defaults,0.66,0.34
Ela_metadataset,RandomForest,0.9,Tuning,Defaults,0.78,0.22
Ela_metadataset,RandomForest,0.9,Tuning,Defaults,0.5,0.5
Ela_metadataset,RandomForest,0.9,Defaults,Defaults,0.57,0.43
Ela_metadataset,RandomForest,0.9,Tuning,Defaults,0.6,0.4
Ela_metadataset,RandomForest,0.9,Tuning,Tuning,0.19,0.81
Ela_metadataset,RandomForest,0.9,Tuning,Tuning,0.15,0.85
Ela_metadataset,RandomForest,0.9,Tuning,Tuning,0.26,0.74
Ela_metadataset,RandomForest,0.9,Tuning,Tuning,0.01,0.99
Ela_metadataset,RandomForest,0.9,Tuning,Tuning,0.18,0.82
Ela_metadataset,RandomForest,0.9,Tuning,Tuning,0.04,0.96
Ela_metadataset,RandomForest,0.9,Tuning,Tuning,0.17,0.83
Ela_metadataset,RandomForest,0.9,Tuning,Tuning,0.09,0.91
Ela_metadataset,RandomForest,0.9,Tuning,Tuning,0.01,0.99
Ela_metadataset,RandomForest,0.9,Defaults,Defaults,0.75,0.25
Ela_metadataset,RandomForest,0.9,Defaults,Defaults,0.64,0.36
Ela_metadataset,RandomForest,0.9,Tuning,Tuning,0.08,0.92
Ela_metadataset,RandomForest,0.9,Tuning,Tuning,0.32,0.68
Ela_metadataset,RandomForest,0.9,Tuning,Defaults,0.5,0.5
Ela_metadataset,RandomForest,0.9,Defaults,Defaults,0.58,0.42
Ela_metadataset,RandomForest,0.9,Tuning,Tuning,0.16,0.84
Ela_metadataset,RandomForest,0.9,Defaults,Tuning,0.47,0.53
Ela_metadataset,RandomForest,0.9,Tuning,Tuning,0.04,0.96
Ela_metadataset,RandomForest,0.9,Tuning,Tuning,0.05,0.95
Ela_metadataset,RandomForest,0.9,Tuning,Tuning,0.09,0.91
Ela_metadataset,RandomForest,0.9,Tuning,Tuning,0.06,0.94
Ela_metadataset,RandomForest,0.9,Tuning,Tuning,0.24,0.76
Ela_metadataset,RandomForest,0.9,Tuning,Tuning,0.11,0.89
Ela_metadataset,RandomForest,0.9,Tuning,Tuning,0.14,0.86
Ela_metadataset,RandomForest,0.9,Tuning,Tuning,0.07,0.93
Ela_metadataset,RandomForest,0.9,Tuning,Tuning,0.36,0.64
Ela_metadataset,RandomForest,0.9,Tuning,Tuning,0.13,0.87
Ela_metadataset,RandomForest,0.9,Defaults,Tuning,0.39,0.61
Ela_metadataset,RandomForest,0.9,Tuning,Tuning,0.17,0.83
Ela_metadataset,RandomForest,0.9,Tuning,Tuning,0.07,0.93
Ela_metadataset,RandomForest,0.9,Defaults,Tuning,0.08,0.92
Ela_metadataset,RandomForest,0.9,Tuning,Tuning,0.33,0.67
Ela_metadataset,RandomForest,0.9,Tuning,Tuning,0.36,0.64
Ela_metadataset,RandomForest,0.9,Tuning,Tuning,0.08,0.92
Ela_metadataset,RandomForest,0.9,Tuning,Defaults,0.67,0.33
Ela_metadataset,RandomForest,0.9,Tuning,Tuning,0.24,0.76
Ela_metadataset,RandomForest,0.9,Tuning,Tuning,0.17,0.83
Ela_metadataset,RandomForest,0.9,Tuning,Tuning,0.32,0.68
Ela_metadataset,RandomForest,0.9,Tuning,Tuning,0.35,0.65
Ela_metadataset,RandomForest,0.9,Tuning,Tuning,0.09,0.91
Ela_metadataset,RandomForest,0.9,Defaults,Tuning,0.24,0.76
Ela_metadataset,RandomForest,0.9,Tuning,Tuning,0.33,0.67
Ela_metadataset,RandomForest,0.9,Defaults,Defaults,0.51,0.49
Ela_metadataset,RandomForest,0.9,Tuning,Tuning,0.15,0.85
Ela_metadataset,RandomForest,0.9,Tuning,Tuning,0.26,0.74
Ela_metadataset,RandomForest,0.9,Tuning,Tuning,0.26,0.74
Ela_metadataset,RandomForest,0.9,Tuning,Tuning,0.36,0.64
Ela_metadataset,RandomForest,0.9,Tuning,Tuning,0.44,0.56
Ela_metadataset,RandomForest,0.9,Defaults,Tuning,0.24,0.76
Ela_metadataset,RandomForest,0.9,Tuning,Tuning,0.22,0.78
Ela_metadataset,RandomForest,0.9,Defaults,Defaults,0.52,0.48
Ela_metadataset,RandomForest,0.9,Defaults,Defaults,0.64,0.36
Ela_metadataset,RandomForest,0.9,Defaults,Defaults,0.55,0.45
Ela_metadataset,RandomForest,0.9,Defaults,Defaults,0.64,0.36
Ela_metadataset,RandomForest,0.9,Tuning,Tuning,0.15,0.85
Ela_metadataset,RandomForest,0.9,Tuning,Tuning,0.19,0.81
Ela_metadataset,RandomForest,0.9,Tuning,Tuning,0.09,0.91
Ela_metadataset,RandomForest,0.9,Defaults,Tuning,0.31,0.69
Ela_metadataset,RandomForest,0.9,Defaults,Tuning,0.3,0.7
Ela_metadataset,RandomForest,0.9,Defaults,Tuning,0.32,0.68
Ela_metadataset,RandomForest,0.9,Defaults,Defaults,0.61,0.39
Ela_metadataset,RandomForest,0.9,Tuning,Defaults,0.6,0.4
Ela_metadataset,RandomForest,0.9,Tuning,Defaults,0.52,0.48
Ela_metadataset,RandomForest,0.9,Defaults,Defaults,0.65,0.35
Ela_metadataset,RandomForest,0.9,Tuning,Tuning,0.23,0.77
Ela_metadataset,RandomForest,0.9,Defaults,Tuning,0.24,0.76
Ela_metadataset,RandomForest,0.9,Tuning,Tuning,0.29,0.71
Ela_metadataset,RandomForest,0.9,Tuning,Tuning,0.31,0.69
Ela_metadataset,RandomForest,0.9,Defaults,Tuning,0.34,0.66
Ela_metadataset,RandomForest,0.9,Tuning,Tuning,0.19,0.81
Ela_metadataset,RandomForest,0.9,Defaults,Defaults,0.54,0.46
Ela_metadataset,RandomForest,0.9,Tuning,Tuning,0.29,0.71
Ela_metadataset,RandomForest,0.9,Tuning,Tuning,0.14,0.86
Ela_metadataset,RandomForest,0.9,Tuning,Tuning,0.23,0.77
Ela_metadataset,RandomForest,0.9,Defaults,Tuning,0.14,0.86
Ela_metadataset,RandomForest,0.9,Tuning,Tuning,0.08,0.92
Ela_metadataset,RandomForest,0.9,Tuning,Tuning,0.31,0.69
Ela_metadataset,RandomForest,0.9,Tuning,Tuning,0.18,0.82
Ela_metadataset,RandomForest,0.9,Defaults,Tuning,0.1,0.9
Ela_metadataset,RandomForest,0.9,Tuning,Tuning,0.07,0.93
Ela_metadataset,RandomForest,0.9,Tuning,Tuning,0.33,0.67
Ela_metadataset,RandomForest,0.9,Tuning,Tuning,0.18,0.82
Ela_metadataset,RandomForest,0.9,Tuning,Tuning,0.11,0.89
Ela_metadataset,RandomForest,0.9,Tuning,Tuning,0.43,0.57
Ela_metadataset,RandomForest,0.9,Tuning,Tuning,0.19,0.81
Ela_metadataset,RandomForest,0.9,Tuning,Tuning,0.13,0.87
Ela_metadataset,RandomForest,0.9,Defaults,Tuning,0.28,0.72
Ela_metadataset,RandomForest,0.9,Tuning,Tuning,0.21,0.79
Ela_metadataset,RandomForest,0.9,Tuning,Tuning,0.02,0.98
Ela_metadataset,RandomForest,0.9,Tuning,Tuning,0.23,0.77
Ela_metadataset,RandomForest,0.9,Tuning,Tuning,0.18,0.82
Ela_metadataset,RandomForest,0.9,Tuning,Tuning,0.07,0.93
Ela_metadataset,RandomForest,0.9,Tuning,Tuning,0.15,0.85
Ela_metadataset,RandomForest,0.9,Tuning,Defaults,0.54,0.46
Ela_metadataset,RandomForest,0.9,Tuning,Tuning,0.34,0.66
Ela_metadataset,RandomForest,0.9,Defaults,Tuning,0.45,0.55
Ela_metadataset,RandomForest,0.9,Tuning,Tuning,0.3,0.7
Ela_metadataset,RandomForest,0.9,Defaults,Tuning,0.19,0.81
Ela_metadataset,RandomForest,0.9,Tuning,Tuning,0.05,0.95
Ela_metadataset,RandomForest,0.9,Tuning,Defaults,0.53,0.47
Ela_metadataset,RandomForest,0.9,Tuning,Tuning,0.08,0.92
Ela_metadataset,RandomForest,0.9,Tuning,Tuning,0.16,0.84
Ela_metadataset,RandomForest,0.9,Defaults,Tuning,0.27,0.73
Ela_metadataset,RandomForest,0.9,Defaults,Tuning,0.41,0.59
Ela_metadataset,RandomForest,0.9,Tuning,Tuning,0.22,0.78
Ela_metadataset,RandomForest,0.9,Tuning,Tuning,0.24,0.76
Ela_metadataset,RandomForest,0.9,Tuning,Tuning,0.11,0.89
Ela_metadataset,RandomForest,0.9,Tuning,Tuning,0.02,0.98
Ela_metadataset,RandomForest,0.9,Tuning,Tuning,0.38,0.62
Ela_metadataset,RandomForest,0.9,Tuning,Tuning,0.16,0.84
Ela_metadataset,RandomForest,0.9,Tuning,Tuning,0.21,0.79
Ela_metadataset,RandomForest,0.9,Tuning,Tuning,0.28,0.72
Ela_metadataset,RandomForest,0.9,Defaults,Tuning,0.27,0.73
Ela_metadataset,RandomForest,0.9,Tuning,Defaults,0.62,0.38
Ela_metadataset,RandomForest,0.9,Tuning,Defaults,0.55,0.45
Ela_metadataset,RandomForest,0.9,Tuning,Tuning,0.21,0.79
Ela_metadataset,RandomForest,0.9,Tuning,Defaults,0.54,0.46
Ela_metadataset,RandomForest,0.9,Defaults,Tuning,0.25,0.75
Ela_metadataset,RandomForest,0.9,Tuning,Tuning,0.21,0.79
Ela_metadataset,RandomForest,0.9,Tuning,Tuning,0.15,0.85
Ela_metadataset,RandomForest,0.9,Tuning,Tuning,0.14,0.86
Ela_metadataset,RandomForest,0.9,Defaults,Tuning,0.14,0.86
Ela_metadataset,RandomForest,0.9,Tuning,Tuning,0.29,0.71
Ela_metadataset,RandomForest,0.9,Tuning,Tuning,0.33,0.67
Ela_metadataset,RandomForest,0.9,Tuning,Tuning,0.16,0.84
Ela_metadataset,RandomForest,0.9,Defaults,Defaults,0.61,0.39
Ela_metadataset,RandomForest,0.9,Defaults,Defaults,0.56,0.44
Ela_metadataset,RandomForest,0.9,Tuning,Defaults,0.57,0.43
Ela_metadataset,RandomForest,0.9,Tuning,Tuning,0.17,0.83
Ela_metadataset,RandomForest,0.9,Tuning,Tuning,0.3,0.7
Ela_metadataset,RandomForest,0.9,Defaults,Tuning,0.31,0.69
Ela_metadataset,RandomForest,0.9,Defaults,Tuning,0.22,0.78
Ela_metadataset,RandomForest,0.9,Defaults,Defaults,0.57,0.43
Ela_metadataset,RandomForest,0.9,Tuning,Tuning,0.18,0.82
Ela_metadataset,RandomForest,0.9,Defaults,Tuning,0.46,0.54
Ela_metadataset,RandomForest,0.9,Tuning,Tuning,0.34,0.66
Ela_metadataset,RandomForest,0.9,Tuning,Tuning,0.18,0.82
Ela_metadataset,RandomForest,0.9,Defaults,Tuning,0.24,0.76
Ela_metadataset,RandomForest,0.9,Defaults,Tuning,0.3,0.7
Ela_metadataset,RandomForest,0.9,Tuning,Tuning,0.48,0.52
Ela_metadataset,RandomForest,0.9,Tuning,Tuning,0.41,0.59
Ela_metadataset,RandomForest,0.9,Defaults,Tuning,0.43,0.57
Ela_metadataset,RandomForest,0.9,Tuning,Tuning,0.09,0.91
Ela_metadataset,RandomForest,0.9,Tuning,Defaults,0.55,0.45
Ela_metadataset,RandomForest,0.9,Tuning,Defaults,0.51,0.49
Ela_metadataset,RandomForest,0.9,Tuning,Tuning,0.18,0.82
Ela_metadataset,RandomForest,0.95,Tuning,Tuning,0.23,0.77
Ela_metadataset,RandomForest,0.95,Tuning,Tuning,0.2,0.8
Ela_metadataset,RandomForest,0.95,Defaults,Defaults,0.7,0.3
Ela_metadataset,RandomForest,0.95,Tuning,Tuning,0.35,0.65
Ela_metadataset,RandomForest,0.95,Tuning,Tuning,0.04,0.96
Ela_metadataset,RandomForest,0.95,Tuning,Tuning,0.29,0.71
Ela_metadataset,RandomForest,0.95,Tuning,Tuning,0.08,0.92
Ela_metadataset,RandomForest,0.95,Defaults,Tuning,0.09,0.91
Ela_metadataset,RandomForest,0.95,Defaults,Defaults,0.57,0.43
Ela_metadataset,RandomForest,0.95,Tuning,Tuning,0.26,0.74
Ela_metadataset,RandomForest,0.95,Tuning,Tuning,0.03,0.97
Ela_metadataset,RandomForest,0.95,Defaults,Defaults,0.65,0.35
Ela_metadataset,RandomForest,0.95,Tuning,Tuning,0.37,0.63
Ela_metadataset,RandomForest,0.95,Tuning,Tuning,0.46,0.54
Ela_metadataset,RandomForest,0.95,Tuning,Tuning,0.1,0.9
Ela_metadataset,RandomForest,0.95,Tuning,Tuning,0.03,0.97
Ela_metadataset,RandomForest,0.95,Defaults,Defaults,0.52,0.48
Ela_metadataset,RandomForest,0.95,Tuning,Tuning,0.13,0.87
Ela_metadataset,RandomForest,0.95,Defaults,Defaults,0.61,0.39
Ela_metadataset,RandomForest,0.95,Tuning,Defaults,0.72,0.28
Ela_metadataset,RandomForest,0.95,Tuning,Tuning,0.39,0.61
Ela_metadataset,RandomForest,0.95,Defaults,Defaults,0.67,0.33
Ela_metadataset,RandomForest,0.95,Tuning,Defaults,0.66,0.34
Ela_metadataset,RandomForest,0.95,Tuning,Tuning,0.17,0.83
Ela_metadataset,RandomForest,0.95,Tuning,Tuning,0.14,0.86
Ela_metadataset,RandomForest,0.95,Tuning,Tuning,0.19,0.81
Ela_metadataset,RandomForest,0.95,Tuning,Tuning,0.05,0.95
Ela_metadataset,RandomForest,0.95,Tuning,Tuning,0.13,0.87
Ela_metadataset,RandomForest,0.95,Tuning,Tuning,0.01,0.99
Ela_metadataset,RandomForest,0.95,Tuning,Tuning,0.11,0.89
Ela_metadataset,RandomForest,0.95,Tuning,Tuning,0.17,0.83
Ela_metadataset,RandomForest,0.95,Tuning,Tuning,0.01,0.99
Ela_metadataset,RandomForest,0.95,Defaults,Defaults,0.66,0.34
Ela_metadataset,RandomForest,0.95,Defaults,Defaults,0.65,0.35
Ela_metadataset,RandomForest,0.95,Tuning,Tuning,0.1,0.9
Ela_metadataset,RandomForest,0.95,Tuning,Tuning,0.31,0.69
Ela_metadataset,RandomForest,0.95,Tuning,Tuning,0.41,0.59
Ela_metadataset,RandomForest,0.95,Defaults,Defaults,0.6,0.4
Ela_metadataset,RandomForest,0.95,Tuning,Tuning,0.18,0.82
Ela_metadataset,RandomForest,0.95,Defaults,Tuning,0.31,0.69
Ela_metadataset,RandomForest,0.95,Tuning,Tuning,0.07,0.93
Ela_metadataset,RandomForest,0.95,Tuning,Tuning,0.07,0.93
Ela_metadataset,RandomForest,0.95,Tuning,Tuning,0.16,0.84
Ela_metadataset,RandomForest,0.95,Tuning,Tuning,0.07,0.93
Ela_metadataset,RandomForest,0.95,Tuning,Tuning,0.24,0.76
Ela_metadataset,RandomForest,0.95,Tuning,Tuning,0.05,0.95
Ela_metadataset,RandomForest,0.95,Tuning,Tuning,0.27,0.73
Ela_metadataset,RandomForest,0.95,Tuning,Tuning,0.1,0.9
Ela_metadataset,RandomForest,0.95,Tuning,Tuning,0.35,0.65
Ela_metadataset,RandomForest,0.95,Tuning,Tuning,0.15,0.85
Ela_metadataset,RandomForest,0.95,Defaults,Tuning,0.35,0.65
Ela_metadataset,RandomForest,0.95,Tuning,Tuning,0.23,0.77
Ela_metadataset,RandomForest,0.95,Tuning,Tuning,0.13,0.87
Ela_metadataset,RandomForest,0.95,Defaults,Tuning,0.09,0.91
Ela_metadataset,RandomForest,0.95,Tuning,Tuning,0.28,0.72
Ela_metadataset,RandomForest,0.95,Tuning,Tuning,0.45,0.55
Ela_metadataset,RandomForest,0.95,Tuning,Tuning,0.06,0.94
Ela_metadataset,RandomForest,0.95,Tuning,Defaults,0.59,0.41
Ela_metadataset,RandomForest,0.95,Tuning,Tuning,0.32,0.68
Ela_metadataset,RandomForest,0.95,Tuning,Tuning,0.17,0.83
Ela_metadataset,RandomForest,0.95,Tuning,Tuning,0.3,0.7
Ela_metadataset,RandomForest,0.95,Tuning,Tuning,0.25,0.75
Ela_metadataset,RandomForest,0.95,Tuning,Tuning,0.13,0.87
Ela_metadataset,RandomForest,0.95,Defaults,Tuning,0.29,0.71
Ela_metadataset,RandomForest,0.95,Tuning,Tuning,0.24,0.76
Ela_metadataset,RandomForest,0.95,Defaults,Tuning,0.42,0.58
Ela_metadataset,RandomForest,0.95,Tuning,Tuning,0.22,0.78
Ela_metadataset,RandomForest,0.95,Tuning,Tuning,0.24,0.76
Ela_metadataset,RandomForest,0.95,Tuning,Tuning,0.17,0.83
Ela_metadataset,RandomForest,0.95,Tuning,Tuning,0.44,0.56
Ela_metadataset,RandomForest,0.95,Tuning,Defaults,0.53,0.47
Ela_metadataset,RandomForest,0.95,Defaults,Tuning,0.27,0.73
Ela_metadataset,RandomForest,0.95,Tuning,Tuning,0.21,0.79
Ela_metadataset,RandomForest,0.95,Defaults,Tuning,0.47,0.53
Ela_metadataset,RandomForest,0.95,Defaults,Defaults,0.61,0.39
Ela_metadataset,RandomForest,0.95,Defaults,Defaults,0.52,0.48
Ela_metadataset,RandomForest,0.95,Defaults,Defaults,0.81,0.19
Ela_metadataset,RandomForest,0.95,Tuning,Tuning,0.18,0.82
Ela_metadataset,RandomForest,0.95,Tuning,Tuning,0.16,0.84
Ela_metadataset,RandomForest,0.95,Tuning,Tuning,0.08,0.92
Ela_metadataset,RandomForest,0.95,Defaults,Tuning,0.25,0.75
Ela_metadataset,RandomForest,0.95,Defaults,Tuning,0.33,0.67
Ela_metadataset,RandomForest,0.95,Defaults,Tuning,0.48,0.52
Ela_metadataset,RandomForest,0.95,Defaults,Defaults,0.66,0.34
Ela_metadataset,RandomForest,0.95,Tuning,Tuning,0.38,0.62
Ela_metadataset,RandomForest,0.95,Tuning,Defaults,0.52,0.48
Ela_metadataset,RandomForest,0.95,Defaults,Defaults,0.79,0.21
Ela_metadataset,RandomForest,0.95,Tuning,Tuning,0.12,0.88
Ela_metadataset,RandomForest,0.95,Defaults,Tuning,0.4,0.6
Ela_metadataset,RandomForest,0.95,Tuning,Tuning,0.14,0.86
Ela_metadataset,RandomForest,0.95,Tuning,Tuning,0.46,0.54
Ela_metadataset,RandomForest,0.95,Defaults,Tuning,0.37,0.63
Ela_metadataset,RandomForest,0.95,Tuning,Tuning,0.26,0.74
Ela_metadataset,RandomForest,0.95,Defaults,Defaults,0.55,0.45
Ela_metadataset,RandomForest,0.95,Tuning,Tuning,0.26,0.74
Ela_metadataset,RandomForest,0.95,Tuning,Tuning,0.14,0.86
Ela_metadataset,RandomForest,0.95,Tuning,Tuning,0.23,0.77
Ela_metadataset,RandomForest,0.95,Defaults,Tuning,0.12,0.88
Ela_metadataset,RandomForest,0.95,Tuning,Tuning,0.05,0.95
Ela_metadataset,RandomForest,0.95,Tuning,Tuning,0.22,0.78
Ela_metadataset,RandomForest,0.95,Tuning,Tuning,0.19,0.81
Ela_metadataset,RandomForest,0.95,Defaults,Tuning,0.04,0.96
Ela_metadataset,RandomForest,0.95,Tuning,Tuning,0.08,0.92
Ela_metadataset,RandomForest,0.95,Tuning,Tuning,0.16,0.84
Ela_metadataset,RandomForest,0.95,Tuning,Tuning,0.2,0.8
Ela_metadataset,RandomForest,0.95,Tuning,Tuning,0.1,0.9
Ela_metadataset,RandomForest,0.95,Tuning,Tuning,0.43,0.57
Ela_metadataset,RandomForest,0.95,Tuning,Tuning,0.24,0.76
Ela_metadataset,RandomForest,0.95,Tuning,Tuning,0.11,0.89
Ela_metadataset,RandomForest,0.95,Defaults,Tuning,0.19,0.81
Ela_metadataset,RandomForest,0.95,Tuning,Tuning,0.15,0.85
Ela_metadataset,RandomForest,0.95,Tuning,Tuning,0.06,0.94
Ela_metadataset,RandomForest,0.95,Tuning,Tuning,0.33,0.67
Ela_metadataset,RandomForest,0.95,Tuning,Tuning,0.28,0.72
Ela_metadataset,RandomForest,0.95,Tuning,Tuning,0.24,0.76
Ela_metadataset,RandomForest,0.95,Tuning,Tuning,0.11,0.89
Ela_metadataset,RandomForest,0.95,Tuning,Tuning,0.49,0.51
Ela_metadataset,RandomForest,0.95,Tuning,Tuning,0.29,0.71
Ela_metadataset,RandomForest,0.95,Defaults,Tuning,0.46,0.54
Ela_metadataset,RandomForest,0.95,Tuning,Tuning,0.19,0.81
Ela_metadataset,RandomForest,0.95,Defaults,Tuning,0.4,0.6
Ela_metadataset,RandomForest,0.95,Tuning,Tuning,0.06,0.94
Ela_metadataset,RandomForest,0.95,Tuning,Tuning,0.4,0.6
Ela_metadataset,RandomForest,0.95,Tuning,Tuning,0.1,0.9
Ela_metadataset,RandomForest,0.95,Tuning,Tuning,0.15,0.85
Ela_metadataset,RandomForest,0.95,Defaults,Tuning,0.28,0.72
Ela_metadataset,RandomForest,0.95,Defaults,Defaults,0.57,0.43
Ela_metadataset,RandomForest,0.95,Tuning,Tuning,0.25,0.75
Ela_metadataset,RandomForest,0.95,Tuning,Tuning,0.18,0.82
Ela_metadataset,RandomForest,0.95,Tuning,Tuning,0.17,0.83
Ela_metadataset,RandomForest,0.95,Tuning,Tuning,0.02,0.98
Ela_metadataset,RandomForest,0.95,Tuning,Tuning,0.25,0.75
Ela_metadataset,RandomForest,0.95,Tuning,Tuning,0.13,0.87
Ela_metadataset,RandomForest,0.95,Tuning,Tuning,0.17,0.83
Ela_metadataset,RandomForest,0.95,Tuning,Tuning,0.29,0.71
Ela_metadataset,RandomForest,0.95,Defaults,Tuning,0.22,0.78
Ela_metadataset,RandomForest,0.95,Tuning,Defaults,0.51,0.49
Ela_metadataset,RandomForest,0.95,Tuning,Defaults,0.55,0.45
Ela_metadataset,RandomForest,0.95,Tuning,Tuning,0.32,0.68
Ela_metadataset,RandomForest,0.95,Tuning,Tuning,0.44,0.56
Ela_metadataset,RandomForest,0.95,Defaults,Tuning,0.2,0.8
Ela_metadataset,RandomForest,0.95,Tuning,Tuning,0.2,0.8
Ela_metadataset,RandomForest,0.95,Tuning,Tuning,0.14,0.86
Ela_metadataset,RandomForest,0.95,Tuning,Tuning,0.12,0.88
Ela_metadataset,RandomForest,0.95,Defaults,Tuning,0.13,0.87
Ela_metadataset,RandomForest,0.95,Tuning,Tuning,0.28,0.72
Ela_metadataset,RandomForest,0.95,Tuning,Tuning,0.48,0.52
Ela_metadataset,RandomForest,0.95,Tuning,Tuning,0.16,0.84
Ela_metadataset,RandomForest,0.95,Defaults,Defaults,0.69,0.31
Ela_metadataset,RandomForest,0.95,Defaults,Tuning,0.43,0.57
Ela_metadataset,RandomForest,0.95,Tuning,Defaults,0.5,0.5
Ela_metadataset,RandomForest,0.95,Tuning,Tuning,0.17,0.83
Ela_metadataset,RandomForest,0.95,Tuning,Tuning,0.27,0.73
Ela_metadataset,RandomForest,0.95,Defaults,Tuning,0.28,0.72
Ela_metadataset,RandomForest,0.95,Defaults,Tuning,0.21,0.79
Ela_metadataset,RandomForest,0.95,Defaults,Defaults,0.55,0.45
Ela_metadataset,RandomForest,0.95,Tuning,Tuning,0.22,0.78
Ela_metadataset,RandomForest,0.95,Defaults,Tuning,0.38,0.62
Ela_metadataset,RandomForest,0.95,Tuning,Tuning,0.24,0.76
Ela_metadataset,RandomForest,0.95,Tuning,Tuning,0.1,0.9
Ela_metadataset,RandomForest,0.95,Defaults,Tuning,0.27,0.73
Ela_metadataset,RandomForest,0.95,Defaults,Tuning,0.23,0.77
Ela_metadataset,RandomForest,0.95,Tuning,Tuning,0.39,0.61
Ela_metadataset,RandomForest,0.95,Tuning,Tuning,0.44,0.56
Ela_metadataset,RandomForest,0.95,Defaults,Tuning,0.32,0.68
Ela_metadataset,RandomForest,0.95,Tuning,Tuning,0.14,0.86
Ela_metadataset,RandomForest,0.95,Tuning,Defaults,0.55,0.45
Ela_metadataset,RandomForest,0.95,Tuning,Defaults,0.58,0.42
Ela_metadataset,RandomForest,0.95,Tuning,Tuning,0.19,0.81
Ela_metadataset,KNN,0.8,Tuning,Defaults,0.6,0.4
Ela_metadataset,KNN,0.8,Tuning,Tuning,0.4,0.6
Ela_metadataset,KNN,0.8,Defaults,Defaults,0.8,0.2
Ela_metadataset,KNN,0.8,Tuning,Tuning,0.4,0.6
Ela_metadataset,KNN,0.8,Tuning,Tuning,0.0,1.0
Ela_metadataset,KNN,0.8,Tuning,Tuning,0.2,0.8
Ela_metadataset,KNN,0.8,Tuning,Tuning,0.0,1.0
Ela_metadataset,KNN,0.8,Defaults,Tuning,0.4,0.6
Ela_metadataset,KNN,0.8,Defaults,Tuning,0.4,0.6
Ela_metadataset,KNN,0.8,Tuning,Tuning,0.2,0.8
Ela_metadataset,KNN,0.8,Tuning,Tuning,0.0,1.0
Ela_metadataset,KNN,0.8,Defaults,Tuning,0.4,0.6
Ela_metadataset,KNN,0.8,Tuning,Tuning,0.4,0.6
Ela_metadataset,KNN,0.8,Tuning,Tuning,0.2,0.8
Ela_metadataset,KNN,0.8,Tuning,Tuning,0.0,1.0
Ela_metadataset,KNN,0.8,Tuning,Tuning,0.0,1.0
Ela_metadataset,KNN,0.8,Defaults,Defaults,0.8,0.2
Ela_metadataset,KNN,0.8,Tuning,Tuning,0.0,1.0
Ela_metadataset,KNN,0.8,Defaults,Tuning,0.4,0.6
Ela_metadataset,KNN,0.8,Tuning,Defaults,0.8,0.2
Ela_metadataset,KNN,0.8,Tuning,Tuning,0.2,0.8
Ela_metadataset,KNN,0.8,Defaults,Tuning,0.2,0.8
Ela_metadataset,KNN,0.8,Tuning,Defaults,0.8,0.2
Ela_metadataset,KNN,0.8,Tuning,Tuning,0.0,1.0
Ela_metadataset,KNN,0.8,Tuning,Tuning,0.2,0.8
Ela_metadataset,KNN,0.8,Tuning,Defaults,0.6,0.4
Ela_metadataset,KNN,0.8,Tuning,Tuning,0.0,1.0
Ela_metadataset,KNN,0.8,Tuning,Tuning,0.0,1.0
Ela_metadataset,KNN,0.8,Tuning,Tuning,0.0,1.0
Ela_metadataset,KNN,0.8,Tuning,Tuning,0.4,0.6
Ela_metadataset,KNN,0.8,Tuning,Tuning,0.0,1.0
Ela_metadataset,KNN,0.8,Tuning,Tuning,0.0,1.0
Ela_metadataset,KNN,0.8,Defaults,Defaults,0.8,0.2
Ela_metadataset,KNN,0.8,Defaults,Tuning,0.4,0.6
Ela_metadataset,KNN,0.8,Tuning,Tuning,0.0,1.0
Ela_metadataset,KNN,0.8,Tuning,Tuning,0.2,0.8
Ela_metadataset,KNN,0.8,Tuning,Tuning,0.2,0.8
Ela_metadataset,KNN,0.8,Defaults,Tuning,0.4,0.6
Ela_metadataset,KNN,0.8,Tuning,Tuning,0.2,0.8
Ela_metadataset,KNN,0.8,Defaults,Tuning,0.4,0.6
Ela_metadataset,KNN,0.8,Tuning,Tuning,0.2,0.8
Ela_metadataset,KNN,0.8,Tuning,Tuning,0.0,1.0
Ela_metadataset,KNN,0.8,Tuning,Tuning,0.0,1.0
Ela_metadataset,KNN,0.8,Tuning,Tuning,0.0,1.0
Ela_metadataset,KNN,0.8,Tuning,Defaults,0.6,0.4
Ela_metadataset,KNN,0.8,Tuning,Tuning,0.4,0.6
Ela_metadataset,KNN,0.8,Tuning,Tuning,0.2,0.8
Ela_metadataset,KNN,0.8,Tuning,Tuning,0.2,0.8
Ela_metadataset,KNN,0.8,Tuning,Tuning,0.0,1.0
Ela_metadataset,KNN,0.8,Tuning,Tuning,0.2,0.8
Ela_metadataset,KNN,0.8,Defaults,Tuning,0.4,0.6
Ela_metadataset,KNN,0.8,Tuning,Tuning,0.4,0.6
Ela_metadataset,KNN,0.8,Tuning,Tuning,0.2,0.8
Ela_metadataset,KNN,0.8,Defaults,Tuning,0.4,0.6
Ela_metadataset,KNN,0.8,Tuning,Tuning,0.4,0.6
Ela_metadataset,KNN,0.8,Tuning,Tuning,0.4,0.6
Ela_metadataset,KNN,0.8,Tuning,Tuning,0.0,1.0
Ela_metadataset,KNN,0.8,Tuning,Defaults,0.8,0.2
Ela_metadataset,KNN,0.8,Tuning,Tuning,0.4,0.6
Ela_metadataset,KNN,0.8,Tuning,Tuning,0.0,1.0
Ela_metadataset,KNN,0.8,Tuning,Tuning,0.0,1.0
Ela_metadataset,KNN,0.8,Tuning,Tuning,0.4,0.6
Ela_metadataset,KNN,0.8,Tuning,Tuning,0.4,0.6
Ela_metadataset,KNN,0.8,Defaults,Tuning,0.4,0.6
Ela_metadataset,KNN,0.8,Tuning,Defaults,0.8,0.2
Ela_metadataset,KNN,0.8,Defaults,Tuning,0.4,0.6
Ela_metadataset,KNN,0.8,Tuning,Tuning,0.2,0.8
Ela_metadataset,KNN,0.8,Tuning,Tuning,0.2,0.8
Ela_metadataset,KNN,0.8,Tuning,Tuning,0.2,0.8
Ela_metadataset,KNN,0.8,Tuning,Defaults,0.6,0.4
Ela_metadataset,KNN,0.8,Tuning,Defaults,0.6,0.4
Ela_metadataset,KNN,0.8,Defaults,Tuning,0.4,0.6
Ela_metadataset,KNN,0.8,Tuning,Tuning,0.4,0.6
Ela_metadataset,KNN,0.8,Defaults,Defaults,0.6,0.4
Ela_metadataset,KNN,0.8,Defaults,Defaults,0.6,0.4
Ela_metadataset,KNN,0.8,Defaults,Tuning,0.4,0.6
Ela_metadataset,KNN,0.8,Defaults,Tuning,0.4,0.6
Ela_metadataset,KNN,0.8,Tuning,Tuning,0.4,0.6
Ela_metadataset,KNN,0.8,Tuning,Tuning,0.4,0.6
Ela_metadataset,KNN,0.8,Tuning,Tuning,0.2,0.8
Ela_metadataset,KNN,0.8,Defaults,Tuning,0.2,0.8
Ela_metadataset,KNN,0.8,Defaults,Tuning,0.0,1.0
Ela_metadataset,KNN,0.8,Defaults,Defaults,0.6,0.4
Ela_metadataset,KNN,0.8,Defaults,Defaults,0.6,0.4
Ela_metadataset,KNN,0.8,Tuning,Defaults,0.8,0.2
Ela_metadataset,KNN,0.8,Tuning,Tuning,0.4,0.6
Ela_metadataset,KNN,0.8,Defaults,Tuning,0.4,0.6
Ela_metadataset,KNN,0.8,Tuning,Tuning,0.2,0.8
Ela_metadataset,KNN,0.8,Defaults,Tuning,0.4,0.6
Ela_metadataset,KNN,0.8,Tuning,Tuning,0.2,0.8
Ela_metadataset,KNN,0.8,Tuning,Tuning,0.4,0.6
Ela_metadataset,KNN,0.8,Defaults,Tuning,0.4,0.6
Ela_metadataset,KNN,0.8,Tuning,Defaults,0.6,0.4
Ela_metadataset,KNN,0.8,Defaults,Defaults,0.6,0.4
Ela_metadataset,KNN,0.8,Tuning,Tuning,0.2,0.8
Ela_metadataset,KNN,0.8,Tuning,Tuning,0.2,0.8
Ela_metadataset,KNN,0.8,Tuning,Defaults,0.6,0.4
Ela_metadataset,KNN,0.8,Defaults,Tuning,0.2,0.8
Ela_metadataset,KNN,0.8,Tuning,Tuning,0.0,1.0
Ela_metadataset,KNN,0.8,Tuning,Tuning,0.0,1.0
Ela_metadataset,KNN,0.8,Tuning,Tuning,0.2,0.8
Ela_metadataset,KNN,0.8,Defaults,Tuning,0.0,1.0
Ela_metadataset,KNN,0.8,Tuning,Tuning,0.0,1.0
Ela_metadataset,KNN,0.8,Tuning,Defaults,0.6,0.4
Ela_metadataset,KNN,0.8,Tuning,Tuning,0.2,0.8
Ela_metadataset,KNN,0.8,Tuning,Tuning,0.0,1.0
Ela_metadataset,KNN,0.8,Tuning,Defaults,0.6,0.4
Ela_metadataset,KNN,0.8,Tuning,Tuning,0.4,0.6
Ela_metadataset,KNN,0.8,Tuning,Tuning,0.0,1.0
Ela_metadataset,KNN,0.8,Defaults,Tuning,0.4,0.6
Ela_metadataset,KNN,0.8,Tuning,Tuning,0.0,1.0
Ela_metadataset,KNN,0.8,Tuning,Tuning,0.4,0.6
Ela_metadataset,KNN,0.8,Tuning,Tuning,0.4,0.6
Ela_metadataset,KNN,0.8,Tuning,Defaults,0.8,0.2
Ela_metadataset,KNN,0.8,Tuning,Tuning,0.0,1.0
Ela_metadataset,KNN,0.8,Tuning,Tuning,0.2,0.8
Ela_metadataset,KNN,0.8,Tuning,Defaults,0.6,0.4
Ela_metadataset,KNN,0.8,Tuning,Tuning,0.2,0.8
Ela_metadataset,KNN,0.8,Defaults,Defaults,0.6,0.4
Ela_metadataset,KNN,0.8,Tuning,Tuning,0.0,1.0
Ela_metadataset,KNN,0.8,Defaults,Tuning,0.4,0.6
Ela_metadataset,KNN,0.8,Tuning,Tuning,0.0,1.0
Ela_metadataset,KNN,0.8,Tuning,Defaults,0.8,0.2
Ela_metadataset,KNN,0.8,Tuning,Tuning,0.2,0.8
Ela_metadataset,KNN,0.8,Tuning,Tuning,0.2,0.8
Ela_metadataset,KNN,0.8,Defaults,Tuning,0.2,0.8
Ela_metadataset,KNN,0.8,Defaults,Tuning,0.4,0.6
Ela_metadataset,KNN,0.8,Tuning,Defaults,0.6,0.4
Ela_metadataset,KNN,0.8,Tuning,Tuning,0.2,0.8
Ela_metadataset,KNN,0.8,Tuning,Tuning,0.4,0.6
Ela_metadataset,KNN,0.8,Tuning,Tuning,0.4,0.6
Ela_metadataset,KNN,0.8,Tuning,Defaults,0.8,0.2
Ela_metadataset,KNN,0.8,Tuning,Tuning,0.0,1.0
Ela_metadataset,KNN,0.8,Tuning,Tuning,0.4,0.6
Ela_metadataset,KNN,0.8,Tuning,Tuning,0.0,1.0
Ela_metadataset,KNN,0.8,Defaults,Tuning,0.2,0.8
Ela_metadataset,KNN,0.8,Tuning,Defaults,0.8,0.2
Ela_metadataset,KNN,0.8,Tuning,Tuning,0.4,0.6
Ela_metadataset,KNN,0.8,Tuning,Tuning,0.2,0.8
Ela_metadataset,KNN,0.8,Tuning,Defaults,0.6,0.4
Ela_metadataset,KNN,0.8,Defaults,Defaults,0.6,0.4
Ela_metadataset,KNN,0.8,Tuning,Tuning,0.4,0.6
Ela_metadataset,KNN,0.8,Tuning,Tuning,0.4,0.6
Ela_metadataset,KNN,0.8,Tuning,Tuning,0.0,1.0
Ela_metadataset,KNN,0.8,Defaults,Tuning,0.0,1.0
Ela_metadataset,KNN,0.8,Tuning,Tuning,0.4,0.6
Ela_metadataset,KNN,0.8,Tuning,Tuning,0.4,0.6
Ela_metadataset,KNN,0.8,Tuning,Tuning,0.0,1.0
Ela_metadataset,KNN,0.8,Defaults,Defaults,0.6,0.4
Ela_metadataset,KNN,0.8,Defaults,Tuning,0.4,0.6
Ela_metadataset,KNN,0.8,Tuning,Defaults,0.6,0.4
Ela_metadataset,KNN,0.8,Tuning,Tuning,0.2,0.8
Ela_metadataset,KNN,0.8,Tuning,Tuning,0.4,0.6
Ela_metadataset,KNN,0.8,Defaults,Tuning,0.0,1.0
Ela_metadataset,KNN,0.8,Defaults,Tuning,0.2,0.8
Ela_metadataset,KNN,0.8,Defaults,Defaults,0.8,0.2
Ela_metadataset,KNN,0.8,Tuning,Tuning,0.4,0.6
Ela_metadataset,KNN,0.8,Defaults,Tuning,0.2,0.8
Ela_metadataset,KNN,0.8,Tuning,Tuning,0.2,0.8
Ela_metadataset,KNN,0.8,Tuning,Tuning,0.2,0.8
Ela_metadataset,KNN,0.8,Defaults,Tuning,0.2,0.8
Ela_metadataset,KNN,0.8,Defaults,Tuning,0.2,0.8
Ela_metadataset,KNN,0.8,Tuning,Tuning,0.2,0.8
Ela_metadataset,KNN,0.8,Tuning,Tuning,0.2,0.8
Ela_metadataset,KNN,0.8,Defaults,Tuning,0.4,0.6
Ela_metadataset,KNN,0.8,Tuning,Tuning,0.2,0.8
Ela_metadataset,KNN,0.8,Tuning,Tuning,0.2,0.8
Ela_metadataset,KNN,0.8,Tuning,Defaults,0.6,0.4
Ela_metadataset,KNN,0.8,Tuning,Tuning,0.2,0.8
Ela_metadataset,KNN,0.85,Tuning,Defaults,0.6,0.4
Ela_metadataset,KNN,0.85,Tuning,Tuning,0.4,0.6
Ela_metadataset,KNN,0.85,Defaults,Defaults,0.8,0.2
Ela_metadataset,KNN,0.85,Tuning,Tuning,0.4,0.6
Ela_metadataset,KNN,0.85,Tuning,Tuning,0.0,1.0
Ela_metadataset,KNN,0.85,Tuning,Tuning,0.2,0.8
Ela_metadataset,KNN,0.85,Tuning,Tuning,0.0,1.0
Ela_metadataset,KNN,0.85,Defaults,Tuning,0.2,0.8
Ela_metadataset,KNN,0.85,Defaults,Tuning,0.4,0.6
Ela_metadataset,KNN,0.85,Tuning,Tuning,0.2,0.8
Ela_metadataset,KNN,0.85,Tuning,Tuning,0.0,1.0
Ela_metadataset,KNN,0.85,Defaults,Tuning,0.4,0.6
Ela_metadataset,KNN,0.85,Tuning,Tuning,0.2,0.8
Ela_metadataset,KNN,0.85,Tuning,Tuning,0.0,1.0
Ela_metadataset,KNN,0.85,Tuning,Tuning,0.0,1.0
Ela_metadataset,KNN,0.85,Tuning,Tuning,0.0,1.0
Ela_metadataset,KNN,0.85,Defaults,Defaults,0.6,0.4
Ela_metadataset,KNN,0.85,Tuning,Tuning,0.0,1.0
Ela_metadataset,KNN,0.85,Defaults,Tuning,0.4,0.6
Ela_metadataset,KNN,0.85,Tuning,Defaults,0.8,0.2
Ela_metadataset,KNN,0.85,Tuning,Tuning,0.2,0.8
Ela_metadataset,KNN,0.85,Defaults,Tuning,0.2,0.8
Ela_metadataset,KNN,0.85,Tuning,Defaults,1.0,0.0
Ela_metadataset,KNN,0.85,Tuning,Tuning,0.0,1.0
Ela_metadataset,KNN,0.85,Tuning,Tuning,0.2,0.8
Ela_metadataset,KNN,0.85,Tuning,Tuning,0.4,0.6
Ela_metadataset,KNN,0.85,Tuning,Tuning,0.0,1.0
Ela_metadataset,KNN,0.85,Tuning,Tuning,0.0,1.0
Ela_metadataset,KNN,0.85,Tuning,Tuning,0.0,1.0
Ela_metadataset,KNN,0.85,Tuning,Tuning,0.4,0.6
Ela_metadataset,KNN,0.85,Tuning,Tuning,0.0,1.0
Ela_metadataset,KNN,0.85,Tuning,Tuning,0.0,1.0
Ela_metadataset,KNN,0.85,Defaults,Defaults,0.8,0.2
Ela_metadataset,KNN,0.85,Defaults,Tuning,0.4,0.6
Ela_metadataset,KNN,0.85,Tuning,Tuning,0.0,1.0
Ela_metadataset,KNN,0.85,Tuning,Tuning,0.2,0.8
Ela_metadataset,KNN,0.85,Tuning,Tuning,0.2,0.8
Ela_metadataset,KNN,0.85,Defaults,Tuning,0.4,0.6
Ela_metadataset,KNN,0.85,Tuning,Tuning,0.2,0.8
Ela_metadataset,KNN,0.85,Defaults,Tuning,0.4,0.6
Ela_metadataset,KNN,0.85,Tuning,Tuning,0.0,1.0
Ela_metadataset,KNN,0.85,Tuning,Tuning,0.0,1.0
Ela_metadataset,KNN,0.85,Tuning,Tuning,0.0,1.0
Ela_metadataset,KNN,0.85,Tuning,Tuning,0.0,1.0
Ela_metadataset,KNN,0.85,Tuning,Tuning,0.4,0.6
Ela_metadataset,KNN,0.85,Tuning,Tuning,0.4,0.6
Ela_metadataset,KNN,0.85,Tuning,Tuning,0.2,0.8
Ela_metadataset,KNN,0.85,Tuning,Tuning,0.2,0.8
Ela_metadataset,KNN,0.85,Tuning,Tuning,0.0,1.0
Ela_metadataset,KNN,0.85,Tuning,Tuning,0.2,0.8
Ela_metadataset,KNN,0.85,Defaults,Tuning,0.4,0.6
Ela_metadataset,KNN,0.85,Tuning,Tuning,0.2,0.8
Ela_metadataset,KNN,0.85,Tuning,Tuning,0.2,0.8
Ela_metadataset,KNN,0.85,Defaults,Tuning,0.4,0.6
Ela_metadataset,KNN,0.85,Tuning,Tuning,0.4,0.6
Ela_metadataset,KNN,0.85,Tuning,Tuning,0.4,0.6
Ela_metadataset,KNN,0.85,Tuning,Tuning,0.0,1.0
Ela_metadataset,KNN,0.85,Tuning,Defaults,0.8,0.2
Ela_metadataset,KNN,0.85,Tuning,Tuning,0.4,0.6
Ela_metadataset,KNN,0.85,Tuning,Tuning,0.4,0.6
Ela_metadataset,KNN,0.85,Tuning,Tuning,0.0,1.0
Ela_metadataset,KNN,0.85,Tuning,Tuning,0.4,0.6
Ela_metadataset,KNN,0.85,Tuning,Tuning,0.2,0.8
Ela_metadataset,KNN,0.85,Defaults,Tuning,0.4,0.6
Ela_metadataset,KNN,0.85,Tuning,Defaults,0.8,0.2
Ela_metadataset,KNN,0.85,Defaults,Tuning,0.4,0.6
Ela_metadataset,KNN,0.85,Tuning,Tuning,0.2,0.8
Ela_metadataset,KNN,0.85,Tuning,Tuning,0.0,1.0
Ela_metadataset,KNN,0.85,Tuning,Tuning,0.2,0.8
Ela_metadataset,KNN,0.85,Tuning,Defaults,0.6,0.4
Ela_metadataset,KNN,0.85,Tuning,Defaults,0.6,0.4
Ela_metadataset,KNN,0.85,Defaults,Tuning,0.4,0.6
Ela_metadataset,KNN,0.85,Tuning,Tuning,0.4,0.6
Ela_metadataset,KNN,0.85,Defaults,Defaults,0.6,0.4
Ela_metadataset,KNN,0.85,Defaults,Defaults,0.6,0.4
Ela_metadataset,KNN,0.85,Defaults,Tuning,0.4,0.6
Ela_metadataset,KNN,0.85,Defaults,Tuning,0.4,0.6
Ela_metadataset,KNN,0.85,Tuning,Tuning,0.4,0.6
Ela_metadataset,KNN,0.85,Tuning,Tuning,0.4,0.6
Ela_metadataset,KNN,0.85,Tuning,Tuning,0.0,1.0
Ela_metadataset,KNN,0.85,Defaults,Tuning,0.2,0.8
Ela_metadataset,KNN,0.85,Defaults,Tuning,0.2,0.8
Ela_metadataset,KNN,0.85,Defaults,Defaults,0.6,0.4
Ela_metadataset,KNN,0.85,Defaults,Defaults,0.6,0.4
Ela_metadataset,KNN,0.85,Tuning,Defaults,0.8,0.2
Ela_metadataset,KNN,0.85,Tuning,Tuning,0.4,0.6
Ela_metadataset,KNN,0.85,Defaults,Defaults,0.6,0.4
Ela_metadataset,KNN,0.85,Tuning,Tuning,0.2,0.8
Ela_metadataset,KNN,0.85,Defaults,Tuning,0.4,0.6
Ela_metadataset,KNN,0.85,Tuning,Tuning,0.4,0.6
Ela_metadataset,KNN,0.85,Tuning,Tuning,0.4,0.6
Ela_metadataset,KNN,0.85,Defaults,Defaults,0.6,0.4
Ela_metadataset,KNN,0.85,Tuning,Defaults,0.6,0.4
Ela_metadataset,KNN,0.85,Defaults,Defaults,0.6,0.4
Ela_metadataset,KNN,0.85,Tuning,Tuning,0.2,0.8
Ela_metadataset,KNN,0.85,Tuning,Tuning,0.2,0.8
Ela_metadataset,KNN,0.85,Tuning,Defaults,0.8,0.2
Ela_metadataset,KNN,0.85,Defaults,Tuning,0.2,0.8
Ela_metadataset,KNN,0.85,Tuning,Tuning,0.0,1.0
Ela_metadataset,KNN,0.85,Tuning,Tuning,0.0,1.0
Ela_metadataset,KNN,0.85,Tuning,Tuning,0.2,0.8
Ela_metadataset,KNN,0.85,Defaults,Tuning,0.0,1.0
Ela_metadataset,KNN,0.85,Tuning,Tuning,0.0,1.0
Ela_metadataset,KNN,0.85,Tuning,Tuning,0.4,0.6
Ela_metadataset,KNN,0.85,Tuning,Tuning,0.2,0.8
Ela_metadataset,KNN,0.85,Tuning,Tuning,0.0,1.0
Ela_metadataset,KNN,0.85,Tuning,Defaults,0.8,0.2
Ela_metadataset,KNN,0.85,Tuning,Tuning,0.2,0.8
Ela_metadataset,KNN,0.85,Tuning,Tuning,0.0,1.0
Ela_metadataset,KNN,0.85,Defaults,Tuning,0.4,0.6
Ela_metadataset,KNN,0.85,Tuning,Tuning,0.0,1.0
Ela_metadataset,KNN,0.85,Tuning,Tuning,0.2,0.8
Ela_metadataset,KNN,0.85,Tuning,Tuning,0.4,0.6
Ela_metadataset,KNN,0.85,Tuning,Defaults,0.6,0.4
Ela_metadataset,KNN,0.85,Tuning,Tuning,0.0,1.0
Ela_metadataset,KNN,0.85,Tuning,Tuning,0.4,0.6
Ela_metadataset,KNN,0.85,Tuning,Defaults,0.6,0.4
Ela_metadataset,KNN,0.85,Tuning,Tuning,0.2,0.8
Ela_metadataset,KNN,0.85,Defaults,Defaults,0.8,0.2
Ela_metadataset,KNN,0.85,Tuning,Tuning,0.0,1.0
Ela_metadataset,KNN,0.85,Defaults,Tuning,0.4,0.6
Ela_metadataset,KNN,0.85,Tuning,Tuning,0.0,1.0
Ela_metadataset,KNN,0.85,Tuning,Defaults,0.8,0.2
Ela_metadataset,KNN,0.85,Tuning,Tuning,0.0,1.0
Ela_metadataset,KNN,0.85,Tuning,Tuning,0.2,0.8
Ela_metadataset,KNN,0.85,Defaults,Tuning,0.2,0.8
Ela_metadataset,KNN,0.85,Defaults,Tuning,0.4,0.6
Ela_metadataset,KNN,0.85,Tuning,Defaults,0.6,0.4
Ela_metadataset,KNN,0.85,Tuning,Tuning,0.4,0.6
Ela_metadataset,KNN,0.85,Tuning,Defaults,0.6,0.4
Ela_metadataset,KNN,0.85,Tuning,Tuning,0.4,0.6
Ela_metadataset,KNN,0.85,Tuning,Defaults,0.8,0.2
Ela_metadataset,KNN,0.85,Tuning,Tuning,0.0,1.0
Ela_metadataset,KNN,0.85,Tuning,Tuning,0.2,0.8
Ela_metadataset,KNN,0.85,Tuning,Tuning,0.0,1.0
Ela_metadataset,KNN,0.85,Defaults,Tuning,0.4,0.6
Ela_metadataset,KNN,0.85,Tuning,Defaults,0.8,0.2
Ela_metadataset,KNN,0.85,Tuning,Tuning,0.4,0.6
Ela_metadataset,KNN,0.85,Tuning,Tuning,0.2,0.8
Ela_metadataset,KNN,0.85,Tuning,Defaults,0.8,0.2
Ela_metadataset,KNN,0.85,Defaults,Defaults,0.8,0.2
Ela_metadataset,KNN,0.85,Tuning,Tuning,0.4,0.6
Ela_metadataset,KNN,0.85,Tuning,Tuning,0.4,0.6
Ela_metadataset,KNN,0.85,Tuning,Tuning,0.0,1.0
Ela_metadataset,KNN,0.85,Defaults,Tuning,0.0,1.0
Ela_metadataset,KNN,0.85,Tuning,Defaults,0.6,0.4
Ela_metadataset,KNN,0.85,Tuning,Tuning,0.2,0.8
Ela_metadataset,KNN,0.85,Tuning,Tuning,0.0,1.0
Ela_metadataset,KNN,0.85,Defaults,Defaults,0.6,0.4
Ela_metadataset,KNN,0.85,Defaults,Defaults,0.6,0.4
Ela_metadataset,KNN,0.85,Tuning,Defaults,0.6,0.4
Ela_metadataset,KNN,0.85,Tuning,Tuning,0.2,0.8
Ela_metadataset,KNN,0.85,Tuning,Tuning,0.2,0.8
Ela_metadataset,KNN,0.85,Defaults,Tuning,0.0,1.0
Ela_metadataset,KNN,0.85,Defaults,Tuning,0.2,0.8
Ela_metadataset,KNN,0.85,Defaults,Tuning,0.4,0.6
Ela_metadataset,KNN,0.85,Tuning,Tuning,0.4,0.6
Ela_metadataset,KNN,0.85,Defaults,Tuning,0.0,1.0
Ela_metadataset,KNN,0.85,Tuning,Tuning,0.4,0.6
Ela_metadataset,KNN,0.85,Tuning,Tuning,0.2,0.8
Ela_metadataset,KNN,0.85,Defaults,Tuning,0.2,0.8
Ela_metadataset,KNN,0.85,Defaults,Tuning,0.2,0.8
Ela_metadataset,KNN,0.85,Tuning,Tuning,0.2,0.8
Ela_metadataset,KNN,0.85,Tuning,Tuning,0.2,0.8
Ela_metadataset,KNN,0.85,Defaults,Tuning,0.4,0.6
Ela_metadataset,KNN,0.85,Tuning,Tuning,0.2,0.8
Ela_metadataset,KNN,0.85,Tuning,Tuning,0.4,0.6
Ela_metadataset,KNN,0.85,Tuning,Defaults,0.6,0.4
Ela_metadataset,KNN,0.85,Tuning,Tuning,0.2,0.8
Ela_metadataset,KNN,0.9,Tuning,Defaults,0.6,0.4
Ela_metadataset,KNN,0.9,Tuning,Tuning,0.2,0.8
Ela_metadataset,KNN,0.9,Defaults,Defaults,0.6,0.4
Ela_metadataset,KNN,0.9,Tuning,Tuning,0.4,0.6
Ela_metadataset,KNN,0.9,Tuning,Tuning,0.0,1.0
Ela_metadataset,KNN,0.9,Tuning,Tuning,0.2,0.8
Ela_metadataset,KNN,0.9,Tuning,Tuning,0.0,1.0
Ela_metadataset,KNN,0.9,Defaults,Tuning,0.4,0.6
Ela_metadataset,KNN,0.9,Defaults,Tuning,0.4,0.6
Ela_metadataset,KNN,0.9,Tuning,Tuning,0.2,0.8
Ela_metadataset,KNN,0.9,Tuning,Tuning,0.0,1.0
Ela_metadataset,KNN,0.9,Defaults,Tuning,0.4,0.6
Ela_metadataset,KNN,0.9,Tuning,Tuning,0.2,0.8
Ela_metadataset,KNN,0.9,Tuning,Tuning,0.0,1.0
Ela_metadataset,KNN,0.9,Tuning,Tuning,0.0,1.0
Ela_metadataset,KNN,0.9,Tuning,Tuning,0.0,1.0
Ela_metadataset,KNN,0.9,Defaults,Defaults,0.6,0.4
Ela_metadataset,KNN,0.9,Tuning,Tuning,0.0,1.0
Ela_metadataset,KNN,0.9,Defaults,Tuning,0.4,0.6
Ela_metadataset,KNN,0.9,Tuning,Defaults,0.8,0.2
Ela_metadataset,KNN,0.9,Tuning,Tuning,0.2,0.8
Ela_metadataset,KNN,0.9,Defaults,Tuning,0.4,0.6
Ela_metadataset,KNN,0.9,Tuning,Defaults,1.0,0.0
Ela_metadataset,KNN,0.9,Tuning,Tuning,0.0,1.0
Ela_metadataset,KNN,0.9,Tuning,Tuning,0.2,0.8
Ela_metadataset,KNN,0.9,Tuning,Defaults,0.6,0.4
Ela_metadataset,KNN,0.9,Tuning,Tuning,0.0,1.0
Ela_metadataset,KNN,0.9,Tuning,Tuning,0.2,0.8
Ela_metadataset,KNN,0.9,Tuning,Tuning,0.0,1.0
Ela_metadataset,KNN,0.9,Tuning,Tuning,0.4,0.6
Ela_metadataset,KNN,0.9,Tuning,Tuning,0.0,1.0
Ela_metadataset,KNN,0.9,Tuning,Tuning,0.0,1.0
Ela_metadataset,KNN,0.9,Defaults,Defaults,0.8,0.2
Ela_metadataset,KNN,0.9,Defaults,Tuning,0.4,0.6
Ela_metadataset,KNN,0.9,Tuning,Tuning,0.0,1.0
Ela_metadataset,KNN,0.9,Tuning,Tuning,0.2,0.8
Ela_metadataset,KNN,0.9,Tuning,Tuning,0.2,0.8
Ela_metadataset,KNN,0.9,Defaults,Tuning,0.4,0.6
Ela_metadataset,KNN,0.9,Tuning,Tuning,0.2,0.8
Ela_metadataset,KNN,0.9,Defaults,Defaults,0.6,0.4
Ela_metadataset,KNN,0.9,Tuning,Tuning,0.0,1.0
Ela_metadataset,KNN,0.9,Tuning,Tuning,0.0,1.0
Ela_metadataset,KNN,0.9,Tuning,Tuning,0.0,1.0
Ela_metadataset,KNN,0.9,Tuning,Tuning,0.0,1.0
Ela_metadataset,KNN,0.9,Tuning,Defaults,0.6,0.4
Ela_metadataset,KNN,0.9,Tuning,Tuning,0.4,0.6
Ela_metadataset,KNN,0.9,Tuning,Tuning,0.2,0.8
Ela_metadataset,KNN,0.9,Tuning,Tuning,0.0,1.0
Ela_metadataset,KNN,0.9,Tuning,Tuning,0.0,1.0
Ela_metadataset,KNN,0.9,Tuning,Tuning,0.2,0.8
Ela_metadataset,KNN,0.9,Defaults,Tuning,0.4,0.6
Ela_metadataset,KNN,0.9,Tuning,Tuning,0.2,0.8
Ela_metadataset,KNN,0.9,Tuning,Tuning,0.2,0.8
Ela_metadataset,KNN,0.9,Defaults,Tuning,0.4,0.6
Ela_metadataset,KNN,0.9,Tuning,Tuning,0.4,0.6
Ela_metadataset,KNN,0.9,Tuning,Tuning,0.4,0.6
Ela_metadataset,KNN,0.9,Tuning,Tuning,0.0,1.0
Ela_metadataset,KNN,0.9,Tuning,Defaults,0.6,0.4
Ela_metadataset,KNN,0.9,Tuning,Tuning,0.4,0.6
Ela_metadataset,KNN,0.9,Tuning,Tuning,0.4,0.6
Ela_metadataset,KNN,0.9,Tuning,Tuning,0.0,1.0
Ela_metadataset,KNN,0.9,Tuning,Tuning,0.4,0.6
Ela_metadataset,KNN,0.9,Tuning,Tuning,0.2,0.8
Ela_metadataset,KNN,0.9,Defaults,Tuning,0.4,0.6
Ela_metadataset,KNN,0.9,Tuning,Defaults,0.8,0.2
Ela_metadataset,KNN,0.9,Defaults,Tuning,0.4,0.6
Ela_metadataset,KNN,0.9,Tuning,Tuning,0.0,1.0
Ela_metadataset,KNN,0.9,Tuning,Tuning,0.0,1.0
Ela_metadataset,KNN,0.9,Tuning,Tuning,0.2,0.8
Ela_metadataset,KNN,0.9,Tuning,Defaults,0.6,0.4
Ela_metadataset,KNN,0.9,Tuning,Defaults,0.6,0.4
Ela_metadataset,KNN,0.9,Defaults,Tuning,0.4,0.6
Ela_metadataset,KNN,0.9,Tuning,Tuning,0.4,0.6
Ela_metadataset,KNN,0.9,Defaults,Defaults,0.6,0.4
Ela_metadataset,KNN,0.9,Defaults,Defaults,0.6,0.4
Ela_metadataset,KNN,0.9,Defaults,Defaults,0.6,0.4
Ela_metadataset,KNN,0.9,Defaults,Tuning,0.4,0.6
Ela_metadataset,KNN,0.9,Tuning,Tuning,0.4,0.6
Ela_metadataset,KNN,0.9,Tuning,Tuning,0.4,0.6
Ela_metadataset,KNN,0.9,Tuning,Tuning,0.0,1.0
Ela_metadataset,KNN,0.9,Defaults,Tuning,0.2,0.8
Ela_metadataset,KNN,0.9,Defaults,Tuning,0.2,0.8
Ela_metadataset,KNN,0.9,Defaults,Defaults,0.6,0.4
Ela_metadataset,KNN,0.9,Defaults,Defaults,0.6,0.4
Ela_metadataset,KNN,0.9,Tuning,Defaults,1.0,0.0
Ela_metadataset,KNN,0.9,Tuning,Tuning,0.4,0.6
Ela_metadataset,KNN,0.9,Defaults,Tuning,0.4,0.6
Ela_metadataset,KNN,0.9,Tuning,Tuning,0.2,0.8
Ela_metadataset,KNN,0.9,Defaults,Tuning,0.4,0.6
Ela_metadataset,KNN,0.9,Tuning,Tuning,0.0,1.0
Ela_metadataset,KNN,0.9,Tuning,Tuning,0.4,0.6
Ela_metadataset,KNN,0.9,Defaults,Tuning,0.4,0.6
Ela_metadataset,KNN,0.9,Tuning,Defaults,0.6,0.4
Ela_metadataset,KNN,0.9,Defaults,Defaults,0.6,0.4
Ela_metadataset,KNN,0.9,Tuning,Tuning,0.2,0.8
Ela_metadataset,KNN,0.9,Tuning,Tuning,0.2,0.8
Ela_metadataset,KNN,0.9,Tuning,Tuning,0.4,0.6
Ela_metadataset,KNN,0.9,Defaults,Tuning,0.2,0.8
Ela_metadataset,KNN,0.9,Tuning,Tuning,0.0,1.0
Ela_metadataset,KNN,0.9,Tuning,Tuning,0.0,1.0
Ela_metadataset,KNN,0.9,Tuning,Tuning,0.2,0.8
Ela_metadataset,KNN,0.9,Defaults,Tuning,0.0,1.0
Ela_metadataset,KNN,0.9,Tuning,Tuning,0.0,1.0
Ela_metadataset,KNN,0.9,Tuning,Tuning,0.4,0.6
Ela_metadataset,KNN,0.9,Tuning,Tuning,0.2,0.8
Ela_metadataset,KNN,0.9,Tuning,Tuning,0.0,1.0
Ela_metadataset,KNN,0.9,Tuning,Defaults,0.8,0.2
Ela_metadataset,KNN,0.9,Tuning,Tuning,0.2,0.8
Ela_metadataset,KNN,0.9,Tuning,Tuning,0.0,1.0
Ela_metadataset,KNN,0.9,Defaults,Tuning,0.4,0.6
Ela_metadataset,KNN,0.9,Tuning,Tuning,0.0,1.0
Ela_metadataset,KNN,0.9,Tuning,Tuning,0.4,0.6
Ela_metadataset,KNN,0.9,Tuning,Tuning,0.4,0.6
Ela_metadataset,KNN,0.9,Tuning,Defaults,0.8,0.2
Ela_metadataset,KNN,0.9,Tuning,Tuning,0.0,1.0
Ela_metadataset,KNN,0.9,Tuning,Tuning,0.2,0.8
Ela_metadataset,KNN,0.9,Tuning,Defaults,0.6,0.4
Ela_metadataset,KNN,0.9,Tuning,Tuning,0.2,0.8
Ela_metadataset,KNN,0.9,Defaults,Defaults,0.6,0.4
Ela_metadataset,KNN,0.9,Tuning,Tuning,0.0,1.0
Ela_metadataset,KNN,0.9,Defaults,Tuning,0.4,0.6
Ela_metadataset,KNN,0.9,Tuning,Tuning,0.0,1.0
Ela_metadataset,KNN,0.9,Tuning,Defaults,0.8,0.2
Ela_metadataset,KNN,0.9,Tuning,Tuning,0.0,1.0
Ela_metadataset,KNN,0.9,Tuning,Tuning,0.2,0.8
Ela_metadataset,KNN,0.9,Defaults,Tuning,0.2,0.8
Ela_metadataset,KNN,0.9,Defaults,Tuning,0.4,0.6
Ela_metadataset,KNN,0.9,Tuning,Defaults,0.6,0.4
Ela_metadataset,KNN,0.9,Tuning,Tuning,0.4,0.6
Ela_metadataset,KNN,0.9,Tuning,Defaults,0.6,0.4
Ela_metadataset,KNN,0.9,Tuning,Tuning,0.4,0.6
Ela_metadataset,KNN,0.9,Tuning,Defaults,0.8,0.2
Ela_metadataset,KNN,0.9,Tuning,Tuning,0.0,1.0
Ela_metadataset,KNN,0.9,Tuning,Tuning,0.2,0.8
Ela_metadataset,KNN,0.9,Tuning,Tuning,0.0,1.0
Ela_metadataset,KNN,0.9,Defaults,Tuning,0.4,0.6
Ela_metadataset,KNN,0.9,Tuning,Defaults,0.6,0.4
Ela_metadataset,KNN,0.9,Tuning,Tuning,0.2,0.8
Ela_metadataset,KNN,0.9,Tuning,Tuning,0.2,0.8
Ela_metadataset,KNN,0.9,Tuning,Defaults,0.6,0.4
Ela_metadataset,KNN,0.9,Defaults,Defaults,0.8,0.2
Ela_metadataset,KNN,0.9,Tuning,Tuning,0.4,0.6
Ela_metadataset,KNN,0.9,Tuning,Tuning,0.4,0.6
Ela_metadataset,KNN,0.9,Tuning,Tuning,0.0,1.0
Ela_metadataset,KNN,0.9,Defaults,Tuning,0.0,1.0
Ela_metadataset,KNN,0.9,Tuning,Defaults,0.6,0.4
Ela_metadataset,KNN,0.9,Tuning,Tuning,0.4,0.6
Ela_metadataset,KNN,0.9,Tuning,Tuning,0.0,1.0
Ela_metadataset,KNN,0.9,Defaults,Defaults,0.6,0.4
Ela_metadataset,KNN,0.9,Defaults,Tuning,0.4,0.6
Ela_metadataset,KNN,0.9,Tuning,Defaults,0.6,0.4
Ela_metadataset,KNN,0.9,Tuning,Tuning,0.4,0.6
Ela_metadataset,KNN,0.9,Tuning,Tuning,0.0,1.0
Ela_metadataset,KNN,0.9,Defaults,Tuning,0.0,1.0
Ela_metadataset,KNN,0.9,Defaults,Tuning,0.2,0.8
Ela_metadataset,KNN,0.9,Defaults,Tuning,0.4,0.6
Ela_metadataset,KNN,0.9,Tuning,Tuning,0.4,0.6
Ela_metadataset,KNN,0.9,Defaults,Tuning,0.2,0.8
Ela_metadataset,KNN,0.9,Tuning,Tuning,0.2,0.8
Ela_metadataset,KNN,0.9,Tuning,Tuning,0.2,0.8
Ela_metadataset,KNN,0.9,Defaults,Tuning,0.2,0.8
Ela_metadataset,KNN,0.9,Defaults,Tuning,0.2,0.8
Ela_metadataset,KNN,0.9,Tuning,Tuning,0.2,0.8
Ela_metadataset,KNN,0.9,Tuning,Tuning,0.4,0.6
Ela_metadataset,KNN,0.9,Defaults,Tuning,0.4,0.6
Ela_metadataset,KNN,0.9,Tuning,Tuning,0.2,0.8
Ela_metadataset,KNN,0.9,Tuning,Tuning,0.4,0.6
Ela_metadataset,KNN,0.9,Tuning,Defaults,0.6,0.4
Ela_metadataset,KNN,0.9,Tuning,Tuning,0.2,0.8
Ela_metadataset,KNN,0.95,Tuning,Tuning,0.4,0.6
Ela_metadataset,KNN,0.95,Tuning,Tuning,0.2,0.8
Ela_metadataset,KNN,0.95,Defaults,Defaults,0.6,0.4
Ela_metadataset,KNN,0.95,Tuning,Tuning,0.4,0.6
Ela_metadataset,KNN,0.95,Tuning,Tuning,0.0,1.0
Ela_metadataset,KNN,0.95,Tuning,Tuning,0.2,0.8
Ela_metadataset,KNN,0.95,Tuning,Tuning,0.0,1.0
Ela_metadataset,KNN,0.95,Defaults,Tuning,0.4,0.6
Ela_metadataset,KNN,0.95,Defaults,Tuning,0.4,0.6
Ela_metadataset,KNN,0.95,Tuning,Tuning,0.2,0.8
Ela_metadataset,KNN,0.95,Tuning,Tuning,0.0,1.0
Ela_metadataset,KNN,0.95,Defaults,Defaults,0.6,0.4
Ela_metadataset,KNN,0.95,Tuning,Tuning,0.2,0.8
Ela_metadataset,KNN,0.95,Tuning,Tuning,0.0,1.0
Ela_metadataset,KNN,0.95,Tuning,Tuning,0.0,1.0
Ela_metadataset,KNN,0.95,Tuning,Tuning,0.0,1.0
Ela_metadataset,KNN,0.95,Defaults,Defaults,0.6,0.4
Ela_metadataset,KNN,0.95,Tuning,Tuning,0.0,1.0
Ela_metadataset,KNN,0.95,Defaults,Tuning,0.4,0.6
Ela_metadataset,KNN,0.95,Tuning,Defaults,1.0,0.0
Ela_metadataset,KNN,0.95,Tuning,Tuning,0.2,0.8
Ela_metadataset,KNN,0.95,Defaults,Tuning,0.2,0.8
Ela_metadataset,KNN,0.95,Tuning,Defaults,1.0,0.0
Ela_metadataset,KNN,0.95,Tuning,Tuning,0.0,1.0
Ela_metadataset,KNN,0.95,Tuning,Tuning,0.2,0.8
Ela_metadataset,KNN,0.95,Tuning,Defaults,0.6,0.4
Ela_metadataset,KNN,0.95,Tuning,Tuning,0.0,1.0
Ela_metadataset,KNN,0.95,Tuning,Tuning,0.0,1.0
Ela_metadataset,KNN,0.95,Tuning,Tuning,0.0,1.0
Ela_metadataset,KNN,0.95,Tuning,Tuning,0.4,0.6
Ela_metadataset,KNN,0.95,Tuning,Tuning,0.0,1.0
Ela_metadataset,KNN,0.95,Tuning,Tuning,0.0,1.0
Ela_metadataset,KNN,0.95,Defaults,Defaults,0.8,0.2
Ela_metadataset,KNN,0.95,Defaults,Tuning,0.4,0.6
Ela_metadataset,KNN,0.95,Tuning,Tuning,0.0,1.0
Ela_metadataset,KNN,0.95,Tuning,Tuning,0.2,0.8
Ela_metadataset,KNN,0.95,Tuning,Tuning,0.2,0.8
Ela_metadataset,KNN,0.95,Defaults,Tuning,0.4,0.6
Ela_metadataset,KNN,0.95,Tuning,Tuning,0.0,1.0
Ela_metadataset,KNN,0.95,Defaults,Tuning,0.4,0.6
Ela_metadataset,KNN,0.95,Tuning,Tuning,0.0,1.0
Ela_metadataset,KNN,0.95,Tuning,Tuning,0.2,0.8
Ela_metadataset,KNN,0.95,Tuning,Tuning,0.0,1.0
Ela_metadataset,KNN,0.95,Tuning,Tuning,0.0,1.0
Ela_metadataset,KNN,0.95,Tuning,Tuning,0.4,0.6
Ela_metadataset,KNN,0.95,Tuning,Tuning,0.4,0.6
Ela_metadataset,KNN,0.95,Tuning,Tuning,0.2,0.8
Ela_metadataset,KNN,0.95,Tuning,Tuning,0.0,1.0
Ela_metadataset,KNN,0.95,Tuning,Tuning,0.2,0.8
Ela_metadataset,KNN,0.95,Tuning,Tuning,0.2,0.8
Ela_metadataset,KNN,0.95,Defaults,Defaults,0.6,0.4
Ela_metadataset,KNN,0.95,Tuning,Tuning,0.2,0.8
Ela_metadataset,KNN,0.95,Tuning,Tuning,0.2,0.8
Ela_metadataset,KNN,0.95,Defaults,Tuning,0.2,0.8
Ela_metadataset,KNN,0.95,Tuning,Tuning,0.4,0.6
Ela_metadataset,KNN,0.95,Tuning,Tuning,0.4,0.6
Ela_metadataset,KNN,0.95,Tuning,Tuning,0.0,1.0
Ela_metadataset,KNN,0.95,Tuning,Defaults,0.8,0.2
Ela_metadataset,KNN,0.95,Tuning,Tuning,0.4,0.6
Ela_metadataset,KNN,0.95,Tuning,Tuning,0.4,0.6
Ela_metadataset,KNN,0.95,Tuning,Tuning,0.0,1.0
Ela_metadataset,KNN,0.95,Tuning,Tuning,0.2,0.8
Ela_metadataset,KNN,0.95,Tuning,Tuning,0.2,0.8
Ela_metadataset,KNN,0.95,Defaults,Tuning,0.4,0.6
Ela_metadataset,KNN,0.95,Tuning,Defaults,0.8,0.2
Ela_metadataset,KNN,0.95,Defaults,Tuning,0.4,0.6
Ela_metadataset,KNN,0.95,Tuning,Tuning,0.2,0.8
Ela_metadataset,KNN,0.95,Tuning,Tuning,0.0,1.0
Ela_metadataset,KNN,0.95,Tuning,Tuning,0.2,0.8
Ela_metadataset,KNN,0.95,Tuning,Defaults,0.6,0.4
Ela_metadataset,KNN,0.95,Tuning,Defaults,0.6,0.4
Ela_metadataset,KNN,0.95,Defaults,Tuning,0.4,0.6
Ela_metadataset,KNN,0.95,Tuning,Tuning,0.4,0.6
Ela_metadataset,KNN,0.95,Defaults,Defaults,0.6,0.4
Ela_metadataset,KNN,0.95,Defaults,Defaults,0.6,0.4
Ela_metadataset,KNN,0.95,Defaults,Defaults,0.6,0.4
Ela_metadataset,KNN,0.95,Defaults,Tuning,0.4,0.6
Ela_metadataset,KNN,0.95,Tuning,Tuning,0.2,0.8
Ela_metadataset,KNN,0.95,Tuning,Tuning,0.4,0.6
Ela_metadataset,KNN,0.95,Tuning,Tuning,0.0,1.0
Ela_metadataset,KNN,0.95,Defaults,Tuning,0.2,0.8
Ela_metadataset,KNN,0.95,Defaults,Tuning,0.2,0.8
Ela_metadataset,KNN,0.95,Defaults,Defaults,0.8,0.2
Ela_metadataset,KNN,0.95,Defaults,Defaults,0.6,0.4
Ela_metadataset,KNN,0.95,Tuning,Defaults,1.0,0.0
Ela_metadataset,KNN,0.95,Tuning,Tuning,0.4,0.6
Ela_metadataset,KNN,0.95,Defaults,Tuning,0.4,0.6
Ela_metadataset,KNN,0.95,Tuning,Tuning,0.2,0.8
Ela_metadataset,KNN,0.95,Defaults,Tuning,0.4,0.6
Ela_metadataset,KNN,0.95,Tuning,Tuning,0.2,0.8
Ela_metadataset,KNN,0.95,Tuning,Tuning,0.4,0.6
Ela_metadataset,KNN,0.95,Defaults,Defaults,0.6,0.4
Ela_metadataset,KNN,0.95,Tuning,Defaults,0.6,0.4
Ela_metadataset,KNN,0.95,Defaults,Defaults,0.6,0.4
Ela_metadataset,KNN,0.95,Tuning,Tuning,0.2,0.8
Ela_metadataset,KNN,0.95,Tuning,Tuning,0.0,1.0
Ela_metadataset,KNN,0.95,Tuning,Tuning,0.4,0.6
Ela_metadataset,KNN,0.95,Defaults,Tuning,0.0,1.0
Ela_metadataset,KNN,0.95,Tuning,Tuning,0.0,1.0
Ela_metadataset,KNN,0.95,Tuning,Tuning,0.0,1.0
Ela_metadataset,KNN,0.95,Tuning,Tuning,0.2,0.8
Ela_metadataset,KNN,0.95,Defaults,Tuning,0.0,1.0
Ela_metadataset,KNN,0.95,Tuning,Tuning,0.0,1.0
Ela_metadataset,KNN,0.95,Tuning,Tuning,0.4,0.6
Ela_metadataset,KNN,0.95,Tuning,Tuning,0.2,0.8
Ela_metadataset,KNN,0.95,Tuning,Tuning,0.0,1.0
Ela_metadataset,KNN,0.95,Tuning,Defaults,0.8,0.2
Ela_metadataset,KNN,0.95,Tuning,Tuning,0.2,0.8
Ela_metadataset,KNN,0.95,Tuning,Tuning,0.0,1.0
Ela_metadataset,KNN,0.95,Defaults,Tuning,0.4,0.6
Ela_metadataset,KNN,0.95,Tuning,Tuning,0.0,1.0
Ela_metadataset,KNN,0.95,Tuning,Tuning,0.2,0.8
Ela_metadataset,KNN,0.95,Tuning,Defaults,0.6,0.4
Ela_metadataset,KNN,0.95,Tuning,Defaults,0.8,0.2
Ela_metadataset,KNN,0.95,Tuning,Tuning,0.0,1.0
Ela_metadataset,KNN,0.95,Tuning,Tuning,0.2,0.8
Ela_metadataset,KNN,0.95,Tuning,Defaults,0.6,0.4
Ela_metadataset,KNN,0.95,Tuning,Tuning,0.2,0.8
Ela_metadataset,KNN,0.95,Defaults,Defaults,0.6,0.4
Ela_metadataset,KNN,0.95,Tuning,Tuning,0.0,1.0
Ela_metadataset,KNN,0.95,Defaults,Tuning,0.4,0.6
Ela_metadataset,KNN,0.95,Tuning,Tuning,0.0,1.0
Ela_metadataset,KNN,0.95,Tuning,Defaults,0.8,0.2
Ela_metadataset,KNN,0.95,Tuning,Tuning,0.0,1.0
Ela_metadataset,KNN,0.95,Tuning,Tuning,0.2,0.8
Ela_metadataset,KNN,0.95,Defaults,Tuning,0.2,0.8
Ela_metadataset,KNN,0.95,Defaults,Tuning,0.4,0.6
Ela_metadataset,KNN,0.95,Tuning,Tuning,0.4,0.6
Ela_metadataset,KNN,0.95,Tuning,Tuning,0.2,0.8
Ela_metadataset,KNN,0.95,Tuning,Tuning,0.4,0.6
Ela_metadataset,KNN,0.95,Tuning,Tuning,0.2,0.8
Ela_metadataset,KNN,0.95,Tuning,Defaults,0.8,0.2
Ela_metadataset,KNN,0.95,Tuning,Tuning,0.0,1.0
Ela_metadataset,KNN,0.95,Tuning,Tuning,0.2,0.8
Ela_metadataset,KNN,0.95,Tuning,Tuning,0.0,1.0
Ela_metadataset,KNN,0.95,Defaults,Tuning,0.4,0.6
Ela_metadataset,KNN,0.95,Tuning,Defaults,0.6,0.4
Ela_metadataset,KNN,0.95,Tuning,Tuning,0.4,0.6
Ela_metadataset,KNN,0.95,Tuning,Tuning,0.2,0.8
Ela_metadataset,KNN,0.95,Tuning,Defaults,0.8,0.2
Ela_metadataset,KNN,0.95,Defaults,Tuning,0.2,0.8
Ela_metadataset,KNN,0.95,Tuning,Tuning,0.4,0.6
Ela_metadataset,KNN,0.95,Tuning,Tuning,0.4,0.6
Ela_metadataset,KNN,0.95,Tuning,Tuning,0.2,0.8
Ela_metadataset,KNN,0.95,Defaults,Tuning,0.0,1.0
Ela_metadataset,KNN,0.95,Tuning,Defaults,0.6,0.4
Ela_metadataset,KNN,0.95,Tuning,Tuning,0.4,0.6
Ela_metadataset,KNN,0.95,Tuning,Tuning,0.0,1.0
Ela_metadataset,KNN,0.95,Defaults,Defaults,0.6,0.4
Ela_metadataset,KNN,0.95,Defaults,Tuning,0.4,0.6
Ela_metadataset,KNN,0.95,Tuning,Tuning,0.4,0.6
Ela_metadataset,KNN,0.95,Tuning,Tuning,0.4,0.6
Ela_metadataset,KNN,0.95,Tuning,Tuning,0.0,1.0
Ela_metadataset,KNN,0.95,Defaults,Tuning,0.0,1.0
Ela_metadataset,KNN,0.95,Defaults,Tuning,0.2,0.8
Ela_metadataset,KNN,0.95,Defaults,Defaults,0.8,0.2
Ela_metadataset,KNN,0.95,Tuning,Tuning,0.2,0.8
Ela_metadataset,KNN,0.95,Defaults,Tuning,0.2,0.8
Ela_metadataset,KNN,0.95,Tuning,Tuning,0.2,0.8
Ela_metadataset,KNN,0.95,Tuning,Tuning,0.2,0.8
Ela_metadataset,KNN,0.95,Defaults,Tuning,0.2,0.8
Ela_metadataset,KNN,0.95,Defaults,Tuning,0.2,0.8
Ela_metadataset,KNN,0.95,Tuning,Tuning,0.2,0.8
Ela_metadataset,KNN,0.95,Tuning,Tuning,0.2,0.8
Ela_metadataset,KNN,0.95,Defaults,Tuning,0.4,0.6
Ela_metadataset,KNN,0.95,Tuning,Tuning,0.2,0.8
Ela_metadataset,KNN,0.95,Tuning,Tuning,0.4,0.6
Ela_metadataset,KNN,0.95,Tuning,Defaults,0.6,0.4
Ela_metadataset,KNN,0.95,Tuning,Tuning,0.2,0.8
Ela_metadataset,DecisionTree,0.8,Tuning,Tuning,0.0,1.0
Ela_metadataset,DecisionTree,0.8,Tuning,Tuning,0.0,1.0
Ela_metadataset,DecisionTree,0.8,Defaults,Tuning,0.0,1.0
Ela_metadataset,DecisionTree,0.8,Tuning,Tuning,0.0,1.0
Ela_metadataset,DecisionTree,0.8,Tuning,Tuning,0.0,1.0
Ela_metadataset,DecisionTree,0.8,Tuning,Tuning,0.0,1.0
Ela_metadataset,DecisionTree,0.8,Tuning,Tuning,0.0,1.0
Ela_metadataset,DecisionTree,0.8,Defaults,Tuning,0.0,1.0
Ela_metadataset,DecisionTree,0.8,Defaults,Defaults,1.0,0.0
Ela_metadataset,DecisionTree,0.8,Tuning,Defaults,1.0,0.0
Ela_metadataset,DecisionTree,0.8,Tuning,Tuning,0.0,1.0
Ela_metadataset,DecisionTree,0.8,Defaults,Tuning,0.0,1.0
Ela_metadataset,DecisionTree,0.8,Tuning,Tuning,0.0,1.0
Ela_metadataset,DecisionTree,0.8,Tuning,Defaults,1.0,0.0
Ela_metadataset,DecisionTree,0.8,Tuning,Tuning,0.0,1.0
Ela_metadataset,DecisionTree,0.8,Tuning,Tuning,0.0,1.0
Ela_metadataset,DecisionTree,0.8,Defaults,Tuning,0.0,1.0
Ela_metadataset,DecisionTree,0.8,Tuning,Tuning,0.0,1.0
Ela_metadataset,DecisionTree,0.8,Defaults,Defaults,1.0,0.0
Ela_metadataset,DecisionTree,0.8,Tuning,Defaults,1.0,0.0
Ela_metadataset,DecisionTree,0.8,Tuning,Defaults,1.0,0.0
Ela_metadataset,DecisionTree,0.8,Defaults,Defaults,1.0,0.0
Ela_metadataset,DecisionTree,0.8,Tuning,Defaults,1.0,0.0
Ela_metadataset,DecisionTree,0.8,Tuning,Tuning,0.0,1.0
Ela_metadataset,DecisionTree,0.8,Tuning,Tuning,0.0,1.0
Ela_metadataset,DecisionTree,0.8,Tuning,Tuning,0.0,1.0
Ela_metadataset,DecisionTree,0.8,Tuning,Tuning,0.0,1.0
Ela_metadataset,DecisionTree,0.8,Tuning,Tuning,0.0,1.0
Ela_metadataset,DecisionTree,0.8,Tuning,Tuning,0.0,1.0
Ela_metadataset,DecisionTree,0.8,Tuning,Tuning,0.0,1.0
Ela_metadataset,DecisionTree,0.8,Tuning,Tuning,0.0,1.0
Ela_metadataset,DecisionTree,0.8,Tuning,Tuning,0.0,1.0
Ela_metadataset,DecisionTree,0.8,Defaults,Defaults,1.0,0.0
Ela_metadataset,DecisionTree,0.8,Defaults,Defaults,1.0,0.0
Ela_metadataset,DecisionTree,0.8,Tuning,Tuning,0.0,1.0
Ela_metadataset,DecisionTree,0.8,Tuning,Tuning,0.0,1.0
Ela_metadataset,DecisionTree,0.8,Tuning,Defaults,1.0,0.0
Ela_metadataset,DecisionTree,0.8,Defaults,Defaults,1.0,0.0
Ela_metadataset,DecisionTree,0.8,Tuning,Tuning,0.0,1.0
Ela_metadataset,DecisionTree,0.8,Defaults,Defaults,1.0,0.0
Ela_metadataset,DecisionTree,0.8,Tuning,Tuning,0.0,1.0
Ela_metadataset,DecisionTree,0.8,Tuning,Tuning,0.0,1.0
Ela_metadataset,DecisionTree,0.8,Tuning,Tuning,0.0,1.0
Ela_metadataset,DecisionTree,0.8,Tuning,Tuning,0.0,1.0
Ela_metadataset,DecisionTree,0.8,Tuning,Tuning,0.0,1.0
Ela_metadataset,DecisionTree,0.8,Tuning,Tuning,0.0,1.0
Ela_metadataset,DecisionTree,0.8,Tuning,Tuning,0.0,1.0
Ela_metadataset,DecisionTree,0.8,Tuning,Tuning,0.0,1.0
Ela_metadataset,DecisionTree,0.8,Tuning,Tuning,0.0,1.0
Ela_metadataset,DecisionTree,0.8,Tuning,Tuning,0.0,1.0
Ela_metadataset,DecisionTree,0.8,Defaults,Tuning,0.0,1.0
Ela_metadataset,DecisionTree,0.8,Tuning,Tuning,0.0,1.0
Ela_metadataset,DecisionTree,0.8,Tuning,Tuning,0.0,1.0
Ela_metadataset,DecisionTree,0.8,Defaults,Tuning,0.0,1.0
Ela_metadataset,DecisionTree,0.8,Tuning,Defaults,1.0,0.0
Ela_metadataset,DecisionTree,0.8,Tuning,Defaults,1.0,0.0
Ela_metadataset,DecisionTree,0.8,Tuning,Tuning,0.0,1.0
Ela_metadataset,DecisionTree,0.8,Tuning,Tuning,0.0,1.0
Ela_metadataset,DecisionTree,0.8,Tuning,Defaults,1.0,0.0
Ela_metadataset,DecisionTree,0.8,Tuning,Tuning,0.0,1.0
Ela_metadataset,DecisionTree,0.8,Tuning,Tuning,0.0,1.0
Ela_metadataset,DecisionTree,0.8,Tuning,Tuning,0.0,1.0
Ela_metadataset,DecisionTree,0.8,Tuning,Tuning,0.0,1.0
Ela_metadataset,DecisionTree,0.8,Defaults,Defaults,1.0,0.0
Ela_metadataset,DecisionTree,0.8,Tuning,Tuning,0.0,1.0
Ela_metadataset,DecisionTree,0.8,Defaults,Defaults,1.0,0.0
Ela_metadataset,DecisionTree,0.8,Tuning,Tuning,0.0,1.0
Ela_metadataset,DecisionTree,0.8,Tuning,Tuning,0.0,1.0
Ela_metadataset,DecisionTree,0.8,Tuning,Tuning,0.0,1.0
Ela_metadataset,DecisionTree,0.8,Tuning,Tuning,0.0,1.0
Ela_metadataset,DecisionTree,0.8,Tuning,Tuning,0.0,1.0
Ela_metadataset,DecisionTree,0.8,Defaults,Tuning,0.0,1.0
Ela_metadataset,DecisionTree,0.8,Tuning,Tuning,0.0,1.0
Ela_metadataset,DecisionTree,0.8,Defaults,Defaults,1.0,0.0
Ela_metadataset,DecisionTree,0.8,Defaults,Defaults,1.0,0.0
Ela_metadataset,DecisionTree,0.8,Defaults,Defaults,1.0,0.0
Ela_metadataset,DecisionTree,0.8,Defaults,Defaults,1.0,0.0
Ela_metadataset,DecisionTree,0.8,Tuning,Tuning,0.0,1.0
Ela_metadataset,DecisionTree,0.8,Tuning,Tuning,0.0,1.0
Ela_metadataset,DecisionTree,0.8,Tuning,Tuning,0.0,1.0
Ela_metadataset,DecisionTree,0.8,Defaults,Tuning,0.0,1.0
Ela_metadataset,DecisionTree,0.8,Defaults,Defaults,1.0,0.0
Ela_metadataset,DecisionTree,0.8,Defaults,Tuning,0.0,1.0
Ela_metadataset,DecisionTree,0.8,Defaults,Defaults,1.0,0.0
Ela_metadataset,DecisionTree,0.8,Tuning,Defaults,1.0,0.0
Ela_metadataset,DecisionTree,0.8,Tuning,Tuning,0.0,1.0
Ela_metadataset,DecisionTree,0.8,Defaults,Defaults,1.0,0.0
Ela_metadataset,DecisionTree,0.8,Tuning,Defaults,1.0,0.0
Ela_metadataset,DecisionTree,0.8,Defaults,Tuning,0.0,1.0
Ela_metadataset,DecisionTree,0.8,Tuning,Tuning,0.0,1.0
Ela_metadataset,DecisionTree,0.8,Tuning,Tuning,0.0,1.0
Ela_metadataset,DecisionTree,0.8,Defaults,Defaults,1.0,0.0
Ela_metadataset,DecisionTree,0.8,Tuning,Tuning,0.0,1.0
Ela_metadataset,DecisionTree,0.8,Defaults,Tuning,0.0,1.0
Ela_metadataset,DecisionTree,0.8,Tuning,Defaults,1.0,0.0
Ela_metadataset,DecisionTree,0.8,Tuning,Tuning,0.0,1.0
Ela_metadataset,DecisionTree,0.8,Tuning,Tuning,0.0,1.0
Ela_metadataset,DecisionTree,0.8,Defaults,Tuning,0.0,1.0
Ela_metadataset,DecisionTree,0.8,Tuning,Tuning,0.0,1.0
Ela_metadataset,DecisionTree,0.8,Tuning,Tuning,0.0,1.0
Ela_metadataset,DecisionTree,0.8,Tuning,Tuning,0.0,1.0
Ela_metadataset,DecisionTree,0.8,Defaults,Tuning,0.0,1.0
Ela_metadataset,DecisionTree,0.8,Tuning,Tuning,0.0,1.0
Ela_metadataset,DecisionTree,0.8,Tuning,Tuning,0.0,1.0
Ela_metadataset,DecisionTree,0.8,Tuning,Defaults,1.0,0.0
Ela_metadataset,DecisionTree,0.8,Tuning,Tuning,0.0,1.0
Ela_metadataset,DecisionTree,0.8,Tuning,Defaults,1.0,0.0
Ela_metadataset,DecisionTree,0.8,Tuning,Tuning,0.0,1.0
Ela_metadataset,DecisionTree,0.8,Tuning,Tuning,0.0,1.0
Ela_metadataset,DecisionTree,0.8,Defaults,Tuning,0.0,1.0
Ela_metadataset,DecisionTree,0.8,Tuning,Tuning,0.0,1.0
Ela_metadataset,DecisionTree,0.8,Tuning,Tuning,0.0,1.0
Ela_metadataset,DecisionTree,0.8,Tuning,Tuning,0.0,1.0
Ela_metadataset,DecisionTree,0.8,Tuning,Tuning,0.0,1.0
Ela_metadataset,DecisionTree,0.8,Tuning,Tuning,0.0,1.0
Ela_metadataset,DecisionTree,0.8,Tuning,Tuning,0.0,1.0
Ela_metadataset,DecisionTree,0.8,Tuning,Defaults,1.0,0.0
Ela_metadataset,DecisionTree,0.8,Tuning,Defaults,1.0,0.0
Ela_metadataset,DecisionTree,0.8,Defaults,Tuning,0.0,1.0
Ela_metadataset,DecisionTree,0.8,Tuning,Defaults,1.0,0.0
Ela_metadataset,DecisionTree,0.8,Defaults,Tuning,0.0,1.0
Ela_metadataset,DecisionTree,0.8,Tuning,Tuning,0.0,1.0
Ela_metadataset,DecisionTree,0.8,Tuning,Defaults,1.0,0.0
Ela_metadataset,DecisionTree,0.8,Tuning,Tuning,0.0,1.0
Ela_metadataset,DecisionTree,0.8,Tuning,Tuning,0.0,1.0
Ela_metadataset,DecisionTree,0.8,Defaults,Tuning,0.0,1.0
Ela_metadataset,DecisionTree,0.8,Defaults,Defaults,1.0,0.0
Ela_metadataset,DecisionTree,0.8,Tuning,Tuning,0.0,1.0
Ela_metadataset,DecisionTree,0.8,Tuning,Tuning,0.0,1.0
Ela_metadataset,DecisionTree,0.8,Tuning,Tuning,0.0,1.0
Ela_metadataset,DecisionTree,0.8,Tuning,Tuning,0.0,1.0
Ela_metadataset,DecisionTree,0.8,Tuning,Tuning,0.0,1.0
Ela_metadataset,DecisionTree,0.8,Tuning,Tuning,0.0,1.0
Ela_metadataset,DecisionTree,0.8,Tuning,Tuning,0.0,1.0
Ela_metadataset,DecisionTree,0.8,Tuning,Defaults,1.0,0.0
Ela_metadataset,DecisionTree,0.8,Defaults,Defaults,1.0,0.0
Ela_metadataset,DecisionTree,0.8,Tuning,Tuning,0.0,1.0
Ela_metadataset,DecisionTree,0.8,Tuning,Defaults,1.0,0.0
Ela_metadataset,DecisionTree,0.8,Tuning,Tuning,0.0,1.0
Ela_metadataset,DecisionTree,0.8,Tuning,Tuning,0.0,1.0
Ela_metadataset,DecisionTree,0.8,Defaults,Tuning,0.0,1.0
Ela_metadataset,DecisionTree,0.8,Tuning,Tuning,0.0,1.0
Ela_metadataset,DecisionTree,0.8,Tuning,Tuning,0.0,1.0
Ela_metadataset,DecisionTree,0.8,Tuning,Tuning,0.0,1.0
Ela_metadataset,DecisionTree,0.8,Defaults,Tuning,0.0,1.0
Ela_metadataset,DecisionTree,0.8,Tuning,Tuning,0.0,1.0
Ela_metadataset,DecisionTree,0.8,Tuning,Tuning,0.0,1.0
Ela_metadataset,DecisionTree,0.8,Tuning,Tuning,0.0,1.0
Ela_metadataset,DecisionTree,0.8,Defaults,Tuning,0.0,1.0
Ela_metadataset,DecisionTree,0.8,Defaults,Tuning,0.0,1.0
Ela_metadataset,DecisionTree,0.8,Tuning,Defaults,1.0,0.0
Ela_metadataset,DecisionTree,0.8,Tuning,Defaults,1.0,0.0
Ela_metadataset,DecisionTree,0.8,Tuning,Defaults,1.0,0.0
Ela_metadataset,DecisionTree,0.8,Defaults,Defaults,1.0,0.0
Ela_metadataset,DecisionTree,0.8,Defaults,Tuning,0.0,1.0
Ela_metadataset,DecisionTree,0.8,Defaults,Tuning,0.0,1.0
Ela_metadataset,DecisionTree,0.8,Tuning,Tuning,0.0,1.0
Ela_metadataset,DecisionTree,0.8,Defaults,Defaults,1.0,0.0
Ela_metadataset,DecisionTree,0.8,Tuning,Tuning,0.0,1.0
Ela_metadataset,DecisionTree,0.8,Tuning,Defaults,1.0,0.0
Ela_metadataset,DecisionTree,0.8,Defaults,Tuning,0.0,1.0
Ela_metadataset,DecisionTree,0.8,Defaults,Tuning,0.0,1.0
Ela_metadataset,DecisionTree,0.8,Tuning,Tuning,0.0,1.0
Ela_metadataset,DecisionTree,0.8,Tuning,Tuning,0.0,1.0
Ela_metadataset,DecisionTree,0.8,Defaults,Tuning,0.0,1.0
Ela_metadataset,DecisionTree,0.8,Tuning,Tuning,0.0,1.0
Ela_metadataset,DecisionTree,0.8,Tuning,Defaults,1.0,0.0
Ela_metadataset,DecisionTree,0.8,Tuning,Defaults,1.0,0.0
Ela_metadataset,DecisionTree,0.8,Tuning,Defaults,1.0,0.0
Ela_metadataset,DecisionTree,0.85,Tuning,Tuning,0.0,1.0
Ela_metadataset,DecisionTree,0.85,Tuning,Tuning,0.0,1.0
Ela_metadataset,DecisionTree,0.85,Defaults,Defaults,1.0,0.0
Ela_metadataset,DecisionTree,0.85,Tuning,Tuning,0.0,1.0
Ela_metadataset,DecisionTree,0.85,Tuning,Tuning,0.0,1.0
Ela_metadataset,DecisionTree,0.85,Tuning,Defaults,1.0,0.0
Ela_metadataset,DecisionTree,0.85,Tuning,Tuning,0.0,1.0
Ela_metadataset,DecisionTree,0.85,Defaults,Tuning,0.0,1.0
Ela_metadataset,DecisionTree,0.85,Defaults,Defaults,1.0,0.0
Ela_metadataset,DecisionTree,0.85,Tuning,Tuning,0.0,1.0
Ela_metadataset,DecisionTree,0.85,Tuning,Tuning,0.0,1.0
Ela_metadataset,DecisionTree,0.85,Defaults,Defaults,1.0,0.0
Ela_metadataset,DecisionTree,0.85,Tuning,Tuning,0.0,1.0
Ela_metadataset,DecisionTree,0.85,Tuning,Defaults,1.0,0.0
Ela_metadataset,DecisionTree,0.85,Tuning,Tuning,0.0,1.0
Ela_metadataset,DecisionTree,0.85,Tuning,Tuning,0.0,1.0
Ela_metadataset,DecisionTree,0.85,Defaults,Tuning,0.0,1.0
Ela_metadataset,DecisionTree,0.85,Tuning,Tuning,0.0,1.0
Ela_metadataset,DecisionTree,0.85,Defaults,Tuning,0.0,1.0
Ela_metadataset,DecisionTree,0.85,Tuning,Defaults,1.0,0.0
Ela_metadataset,DecisionTree,0.85,Tuning,Defaults,1.0,0.0
Ela_metadataset,DecisionTree,0.85,Defaults,Defaults,1.0,0.0
Ela_metadataset,DecisionTree,0.85,Tuning,Defaults,1.0,0.0
Ela_metadataset,DecisionTree,0.85,Tuning,Tuning,0.0,1.0
Ela_metadataset,DecisionTree,0.85,Tuning,Tuning,0.0,1.0
Ela_metadataset,DecisionTree,0.85,Tuning,Tuning,0.0,1.0
Ela_metadataset,DecisionTree,0.85,Tuning,Tuning,0.0,1.0
Ela_metadataset,DecisionTree,0.85,Tuning,Tuning,0.0,1.0
Ela_metadataset,DecisionTree,0.85,Tuning,Tuning,0.0,1.0
Ela_metadataset,DecisionTree,0.85,Tuning,Tuning,0.0,1.0
Ela_metadataset,DecisionTree,0.85,Tuning,Tuning,0.0,1.0
Ela_metadataset,DecisionTree,0.85,Tuning,Tuning,0.0,1.0
Ela_metadataset,DecisionTree,0.85,Defaults,Defaults,1.0,0.0
Ela_metadataset,DecisionTree,0.85,Defaults,Tuning,0.0,1.0
Ela_metadataset,DecisionTree,0.85,Tuning,Tuning,0.0,1.0
Ela_metadataset,DecisionTree,0.85,Tuning,Defaults,1.0,0.0
Ela_metadataset,DecisionTree,0.85,Tuning,Defaults,1.0,0.0
Ela_metadataset,DecisionTree,0.85,Defaults,Defaults,1.0,0.0
Ela_metadataset,DecisionTree,0.85,Tuning,Tuning,0.0,1.0
Ela_metadataset,DecisionTree,0.85,Defaults,Defaults,1.0,0.0
Ela_metadataset,DecisionTree,0.85,Tuning,Tuning,0.0,1.0
Ela_metadataset,DecisionTree,0.85,Tuning,Tuning,0.0,1.0
Ela_metadataset,DecisionTree,0.85,Tuning,Tuning,0.0,1.0
Ela_metadataset,DecisionTree,0.85,Tuning,Tuning,0.0,1.0
Ela_metadataset,DecisionTree,0.85,Tuning,Defaults,1.0,0.0
Ela_metadataset,DecisionTree,0.85,Tuning,Tuning,0.0,1.0
Ela_metadataset,DecisionTree,0.85,Tuning,Tuning,0.0,1.0
Ela_metadataset,DecisionTree,0.85,Tuning,Tuning,0.0,1.0
Ela_metadataset,DecisionTree,0.85,Tuning,Defaults,1.0,0.0
Ela_metadataset,DecisionTree,0.85,Tuning,Tuning,0.0,1.0
Ela_metadataset,DecisionTree,0.85,Defaults,Tuning,0.0,1.0
Ela_metadataset,DecisionTree,0.85,Tuning,Tuning,0.0,1.0
Ela_metadataset,DecisionTree,0.85,Tuning,Tuning,0.0,1.0
Ela_metadataset,DecisionTree,0.85,Defaults,Tuning,0.0,1.0
Ela_metadataset,DecisionTree,0.85,Tuning,Defaults,1.0,0.0
Ela_metadataset,DecisionTree,0.85,Tuning,Tuning,0.0,1.0
Ela_metadataset,DecisionTree,0.85,Tuning,Tuning,0.0,1.0
Ela_metadataset,DecisionTree,0.85,Tuning,Defaults,1.0,0.0
Ela_metadataset,DecisionTree,0.85,Tuning,Defaults,1.0,0.0
Ela_metadataset,DecisionTree,0.85,Tuning,Defaults,1.0,0.0
Ela_metadataset,DecisionTree,0.85,Tuning,Tuning,0.0,1.0
Ela_metadataset,DecisionTree,0.85,Tuning,Tuning,0.0,1.0
Ela_metadataset,DecisionTree,0.85,Tuning,Tuning,0.0,1.0
Ela_metadataset,DecisionTree,0.85,Defaults,Tuning,0.0,1.0
Ela_metadataset,DecisionTree,0.85,Tuning,Defaults,1.0,0.0
Ela_metadataset,DecisionTree,0.85,Defaults,Tuning,0.0,1.0
Ela_metadataset,DecisionTree,0.85,Tuning,Tuning,0.0,1.0
Ela_metadataset,DecisionTree,0.85,Tuning,Tuning,0.0,1.0
Ela_metadataset,DecisionTree,0.85,Tuning,Tuning,0.0,1.0
Ela_metadataset,DecisionTree,0.85,Tuning,Tuning,0.0,1.0
Ela_metadataset,DecisionTree,0.85,Tuning,Tuning,0.0,1.0
Ela_metadataset,DecisionTree,0.85,Defaults,Tuning,0.0,1.0
Ela_metadataset,DecisionTree,0.85,Tuning,Tuning,0.0,1.0
Ela_metadataset,DecisionTree,0.85,Defaults,Tuning,0.0,1.0
Ela_metadataset,DecisionTree,0.85,Defaults,Defaults,1.0,0.0
Ela_metadataset,DecisionTree,0.85,Defaults,Tuning,0.0,1.0
Ela_metadataset,DecisionTree,0.85,Defaults,Defaults,1.0,0.0
Ela_metadataset,DecisionTree,0.85,Tuning,Tuning,0.0,1.0
Ela_metadataset,DecisionTree,0.85,Tuning,Tuning,0.0,1.0
Ela_metadataset,DecisionTree,0.85,Tuning,Tuning,0.0,1.0
Ela_metadataset,DecisionTree,0.85,Defaults,Tuning,0.0,1.0
Ela_metadataset,DecisionTree,0.85,Defaults,Defaults,1.0,0.0
Ela_metadataset,DecisionTree,0.85,Defaults,Defaults,1.0,0.0
Ela_metadataset,DecisionTree,0.85,Defaults,Defaults,1.0,0.0
Ela_metadataset,DecisionTree,0.85,Tuning,Tuning,0.0,1.0
Ela_metadataset,DecisionTree,0.85,Tuning,Tuning,0.0,1.0
Ela_metadataset,DecisionTree,0.85,Defaults,Tuning,0.0,1.0
Ela_metadataset,DecisionTree,0.85,Tuning,Tuning,0.0,1.0
Ela_metadataset,DecisionTree,0.85,Defaults,Tuning,0.0,1.0
Ela_metadataset,DecisionTree,0.85,Tuning,Tuning,0.0,1.0
Ela_metadataset,DecisionTree,0.85,Tuning,Tuning,0.0,1.0
Ela_metadataset,DecisionTree,0.85,Defaults,Tuning,0.0,1.0
Ela_metadataset,DecisionTree,0.85,Tuning,Tuning,0.0,1.0
Ela_metadataset,DecisionTree,0.85,Defaults,Defaults,1.0,0.0
Ela_metadataset,DecisionTree,0.85,Tuning,Defaults,1.0,0.0
Ela_metadataset,DecisionTree,0.85,Tuning,Tuning,0.0,1.0
Ela_metadataset,DecisionTree,0.85,Tuning,Tuning,0.0,1.0
Ela_metadataset,DecisionTree,0.85,Defaults,Tuning,0.0,1.0
Ela_metadataset,DecisionTree,0.85,Tuning,Tuning,0.0,1.0
Ela_metadataset,DecisionTree,0.85,Tuning,Tuning,0.0,1.0
Ela_metadataset,DecisionTree,0.85,Tuning,Tuning,0.0,1.0
Ela_metadataset,DecisionTree,0.85,Defaults,Tuning,0.0,1.0
Ela_metadataset,DecisionTree,0.85,Tuning,Defaults,1.0,0.0
Ela_metadataset,DecisionTree,0.85,Tuning,Tuning,0.0,1.0
Ela_metadataset,DecisionTree,0.85,Tuning,Defaults,1.0,0.0
Ela_metadataset,DecisionTree,0.85,Tuning,Tuning,0.0,1.0
Ela_metadataset,DecisionTree,0.85,Tuning,Defaults,1.0,0.0
Ela_metadataset,DecisionTree,0.85,Tuning,Tuning,0.0,1.0
Ela_metadataset,DecisionTree,0.85,Tuning,Tuning,0.0,1.0
Ela_metadataset,DecisionTree,0.85,Defaults,Tuning,0.0,1.0
Ela_metadataset,DecisionTree,0.85,Tuning,Tuning,0.0,1.0
Ela_metadataset,DecisionTree,0.85,Tuning,Tuning,0.0,1.0
Ela_metadataset,DecisionTree,0.85,Tuning,Tuning,0.0,1.0
Ela_metadataset,DecisionTree,0.85,Tuning,Tuning,0.0,1.0
Ela_metadataset,DecisionTree,0.85,Tuning,Tuning,0.0,1.0
Ela_metadataset,DecisionTree,0.85,Tuning,Tuning,0.0,1.0
Ela_metadataset,DecisionTree,0.85,Tuning,Defaults,1.0,0.0
Ela_metadataset,DecisionTree,0.85,Tuning,Tuning,0.0,1.0
Ela_metadataset,DecisionTree,0.85,Defaults,Tuning,0.0,1.0
Ela_metadataset,DecisionTree,0.85,Tuning,Defaults,1.0,0.0
Ela_metadataset,DecisionTree,0.85,Defaults,Defaults,1.0,0.0
Ela_metadataset,DecisionTree,0.85,Tuning,Tuning,0.0,1.0
Ela_metadataset,DecisionTree,0.85,Tuning,Defaults,1.0,0.0
Ela_metadataset,DecisionTree,0.85,Tuning,Tuning,0.0,1.0
Ela_metadataset,DecisionTree,0.85,Tuning,Defaults,1.0,0.0
Ela_metadataset,DecisionTree,0.85,Defaults,Tuning,0.0,1.0
Ela_metadataset,DecisionTree,0.85,Defaults,Tuning,0.0,1.0
Ela_metadataset,DecisionTree,0.85,Tuning,Tuning,0.0,1.0
Ela_metadataset,DecisionTree,0.85,Tuning,Defaults,1.0,0.0
Ela_metadataset,DecisionTree,0.85,Tuning,Tuning,0.0,1.0
Ela_metadataset,DecisionTree,0.85,Tuning,Tuning,0.0,1.0
Ela_metadataset,DecisionTree,0.85,Tuning,Tuning,0.0,1.0
Ela_metadataset,DecisionTree,0.85,Tuning,Tuning,0.0,1.0
Ela_metadataset,DecisionTree,0.85,Tuning,Tuning,0.0,1.0
Ela_metadataset,DecisionTree,0.85,Tuning,Tuning,0.0,1.0
Ela_metadataset,DecisionTree,0.85,Defaults,Defaults,1.0,0.0
Ela_metadataset,DecisionTree,0.85,Tuning,Tuning,0.0,1.0
Ela_metadataset,DecisionTree,0.85,Tuning,Defaults,1.0,0.0
Ela_metadataset,DecisionTree,0.85,Tuning,Defaults,1.0,0.0
Ela_metadataset,DecisionTree,0.85,Tuning,Defaults,1.0,0.0
Ela_metadataset,DecisionTree,0.85,Defaults,Tuning,0.0,1.0
Ela_metadataset,DecisionTree,0.85,Tuning,Tuning,0.0,1.0
Ela_metadataset,DecisionTree,0.85,Tuning,Tuning,0.0,1.0
Ela_metadataset,DecisionTree,0.85,Tuning,Tuning,0.0,1.0
Ela_metadataset,DecisionTree,0.85,Defaults,Tuning,0.0,1.0
Ela_metadataset,DecisionTree,0.85,Tuning,Tuning,0.0,1.0
Ela_metadataset,DecisionTree,0.85,Tuning,Defaults,1.0,0.0
Ela_metadataset,DecisionTree,0.85,Tuning,Tuning,0.0,1.0
Ela_metadataset,DecisionTree,0.85,Defaults,Defaults,1.0,0.0
Ela_metadataset,DecisionTree,0.85,Defaults,Tuning,0.0,1.0
Ela_metadataset,DecisionTree,0.85,Tuning,Tuning,0.0,1.0
Ela_metadataset,DecisionTree,0.85,Tuning,Tuning,0.0,1.0
Ela_metadataset,DecisionTree,0.85,Tuning,Defaults,1.0,0.0
Ela_metadataset,DecisionTree,0.85,Defaults,Tuning,0.0,1.0
Ela_metadataset,DecisionTree,0.85,Defaults,Tuning,0.0,1.0
Ela_metadataset,DecisionTree,0.85,Defaults,Tuning,0.0,1.0
Ela_metadataset,DecisionTree,0.85,Tuning,Tuning,0.0,1.0
Ela_metadataset,DecisionTree,0.85,Defaults,Tuning,0.0,1.0
Ela_metadataset,DecisionTree,0.85,Tuning,Defaults,1.0,0.0
Ela_metadataset,DecisionTree,0.85,Tuning,Tuning,0.0,1.0
Ela_metadataset,DecisionTree,0.85,Defaults,Defaults,1.0,0.0
Ela_metadataset,DecisionTree,0.85,Defaults,Defaults,1.0,0.0
Ela_metadataset,DecisionTree,0.85,Tuning,Tuning,0.0,1.0
Ela_metadataset,DecisionTree,0.85,Tuning,Defaults,1.0,0.0
Ela_metadataset,DecisionTree,0.85,Defaults,Tuning,0.0,1.0
Ela_metadataset,DecisionTree,0.85,Tuning,Tuning,0.0,1.0
Ela_metadataset,DecisionTree,0.85,Tuning,Tuning,0.0,1.0
Ela_metadataset,DecisionTree,0.85,Tuning,Defaults,1.0,0.0
Ela_metadataset,DecisionTree,0.85,Tuning,Defaults,1.0,0.0
Ela_metadataset,DecisionTree,0.9,Tuning,Tuning,0.0,1.0
Ela_metadataset,DecisionTree,0.9,Tuning,Tuning,0.0,1.0
Ela_metadataset,DecisionTree,0.9,Defaults,Defaults,1.0,0.0
Ela_metadataset,DecisionTree,0.9,Tuning,Tuning,0.0,1.0
Ela_metadataset,DecisionTree,0.9,Tuning,Tuning,0.0,1.0
Ela_metadataset,DecisionTree,0.9,Tuning,Defaults,1.0,0.0
Ela_metadataset,DecisionTree,0.9,Tuning,Tuning,0.0,1.0
Ela_metadataset,DecisionTree,0.9,Defaults,Tuning,0.0,1.0
Ela_metadataset,DecisionTree,0.9,Defaults,Defaults,1.0,0.0
Ela_metadataset,DecisionTree,0.9,Tuning,Defaults,1.0,0.0
Ela_metadataset,DecisionTree,0.9,Tuning,Tuning,0.0,1.0
Ela_metadataset,DecisionTree,0.9,Defaults,Defaults,1.0,0.0
Ela_metadataset,DecisionTree,0.9,Tuning,Tuning,0.0,1.0
Ela_metadataset,DecisionTree,0.9,Tuning,Defaults,1.0,0.0
Ela_metadataset,DecisionTree,0.9,Tuning,Tuning,0.0,1.0
Ela_metadataset,DecisionTree,0.9,Tuning,Tuning,0.0,1.0
Ela_metadataset,DecisionTree,0.9,Defaults,Tuning,0.0,1.0
Ela_metadataset,DecisionTree,0.9,Tuning,Tuning,0.0,1.0
Ela_metadataset,DecisionTree,0.9,Defaults,Defaults,1.0,0.0
Ela_metadataset,DecisionTree,0.9,Tuning,Defaults,1.0,0.0
Ela_metadataset,DecisionTree,0.9,Tuning,Defaults,1.0,0.0
Ela_metadataset,DecisionTree,0.9,Defaults,Defaults,1.0,0.0
Ela_metadataset,DecisionTree,0.9,Tuning,Defaults,1.0,0.0
Ela_metadataset,DecisionTree,0.9,Tuning,Tuning,0.0,1.0
Ela_metadataset,DecisionTree,0.9,Tuning,Defaults,1.0,0.0
Ela_metadataset,DecisionTree,0.9,Tuning,Tuning,0.0,1.0
Ela_metadataset,DecisionTree,0.9,Tuning,Tuning,0.0,1.0
Ela_metadataset,DecisionTree,0.9,Tuning,Tuning,0.0,1.0
Ela_metadataset,DecisionTree,0.9,Tuning,Tuning,0.0,1.0
Ela_metadataset,DecisionTree,0.9,Tuning,Tuning,0.0,1.0
Ela_metadataset,DecisionTree,0.9,Tuning,Tuning,0.0,1.0
Ela_metadataset,DecisionTree,0.9,Tuning,Tuning,0.0,1.0
Ela_metadataset,DecisionTree,0.9,Defaults,Defaults,1.0,0.0
Ela_metadataset,DecisionTree,0.9,Defaults,Tuning,0.0,1.0
Ela_metadataset,DecisionTree,0.9,Tuning,Tuning,0.0,1.0
Ela_metadataset,DecisionTree,0.9,Tuning,Defaults,1.0,0.0
Ela_metadataset,DecisionTree,0.9,Tuning,Tuning,0.0,1.0
Ela_metadataset,DecisionTree,0.9,Defaults,Defaults,1.0,0.0
Ela_metadataset,DecisionTree,0.9,Tuning,Tuning,0.0,1.0
Ela_metadataset,DecisionTree,0.9,Defaults,Defaults,1.0,0.0
Ela_metadataset,DecisionTree,0.9,Tuning,Tuning,0.0,1.0
Ela_metadataset,DecisionTree,0.9,Tuning,Tuning,0.0,1.0
Ela_metadataset,DecisionTree,0.9,Tuning,Tuning,0.0,1.0
Ela_metadataset,DecisionTree,0.9,Tuning,Tuning,0.0,1.0
Ela_metadataset,DecisionTree,0.9,Tuning,Defaults,1.0,0.0
Ela_metadataset,DecisionTree,0.9,Tuning,Tuning,0.0,1.0
Ela_metadataset,DecisionTree,0.9,Tuning,Tuning,0.0,1.0
Ela_metadataset,DecisionTree,0.9,Tuning,Tuning,0.0,1.0
Ela_metadataset,DecisionTree,0.9,Tuning,Defaults,1.0,0.0
Ela_metadataset,DecisionTree,0.9,Tuning,Tuning,0.0,1.0
Ela_metadataset,DecisionTree,0.9,Defaults,Tuning,0.0,1.0
Ela_metadataset,DecisionTree,0.9,Tuning,Tuning,0.0,1.0
Ela_metadataset,DecisionTree,0.9,Tuning,Tuning,0.0,1.0
Ela_metadataset,DecisionTree,0.9,Defaults,Tuning,0.0,1.0
Ela_metadataset,DecisionTree,0.9,Tuning,Defaults,1.0,0.0
Ela_metadataset,DecisionTree,0.9,Tuning,Defaults,1.0,0.0
Ela_metadataset,DecisionTree,0.9,Tuning,Defaults,1.0,0.0
Ela_metadataset,DecisionTree,0.9,Tuning,Defaults,1.0,0.0
Ela_metadataset,DecisionTree,0.9,Tuning,Tuning,0.0,1.0
Ela_metadataset,DecisionTree,0.9,Tuning,Defaults,1.0,0.0
Ela_metadataset,DecisionTree,0.9,Tuning,Tuning,0.0,1.0
Ela_metadataset,DecisionTree,0.9,Tuning,Tuning,0.0,1.0
Ela_metadataset,DecisionTree,0.9,Tuning,Tuning,0.0,1.0
Ela_metadataset,DecisionTree,0.9,Defaults,Tuning,0.0,1.0
Ela_metadataset,DecisionTree,0.9,Tuning,Defaults,1.0,0.0
Ela_metadataset,DecisionTree,0.9,Defaults,Tuning,0.0,1.0
Ela_metadataset,DecisionTree,0.9,Tuning,Tuning,0.0,1.0
Ela_metadataset,DecisionTree,0.9,Tuning,Tuning,0.0,1.0
Ela_metadataset,DecisionTree,0.9,Tuning,Tuning,0.0,1.0
Ela_metadataset,DecisionTree,0.9,Tuning,Tuning,0.0,1.0
Ela_metadataset,DecisionTree,0.9,Tuning,Tuning,0.0,1.0
Ela_metadataset,DecisionTree,0.9,Defaults,Tuning,0.0,1.0
Ela_metadataset,DecisionTree,0.9,Tuning,Tuning,0.0,1.0
Ela_metadataset,DecisionTree,0.9,Defaults,Tuning,0.0,1.0
Ela_metadataset,DecisionTree,0.9,Defaults,Tuning,0.0,1.0
Ela_metadataset,DecisionTree,0.9,Defaults,Tuning,0.0,1.0
Ela_metadataset,DecisionTree,0.9,Defaults,Defaults,1.0,0.0
Ela_metadataset,DecisionTree,0.9,Tuning,Tuning,0.0,1.0
Ela_metadataset,DecisionTree,0.9,Tuning,Tuning,0.0,1.0
Ela_metadataset,DecisionTree,0.9,Tuning,Tuning,0.0,1.0
Ela_metadataset,DecisionTree,0.9,Defaults,Tuning,0.0,1.0
Ela_metadataset,DecisionTree,0.9,Defaults,Tuning,0.0,1.0
Ela_metadataset,DecisionTree,0.9,Defaults,Tuning,0.0,1.0
Ela_metadataset,DecisionTree,0.9,Defaults,Defaults,1.0,0.0
Ela_metadataset,DecisionTree,0.9,Tuning,Tuning,0.0,1.0
Ela_metadataset,DecisionTree,0.9,Tuning,Defaults,1.0,0.0
Ela_metadataset,DecisionTree,0.9,Defaults,Tuning,0.0,1.0
Ela_metadataset,DecisionTree,0.9,Tuning,Tuning,0.0,1.0
Ela_metadataset,DecisionTree,0.9,Defaults,Tuning,0.0,1.0
Ela_metadataset,DecisionTree,0.9,Tuning,Tuning,0.0,1.0
Ela_metadataset,DecisionTree,0.9,Tuning,Tuning,0.0,1.0
Ela_metadataset,DecisionTree,0.9,Defaults,Tuning,0.0,1.0
Ela_metadataset,DecisionTree,0.9,Tuning,Tuning,0.0,1.0
Ela_metadataset,DecisionTree,0.9,Defaults,Defaults,1.0,0.0
Ela_metadataset,DecisionTree,0.9,Tuning,Defaults,1.0,0.0
Ela_metadataset,DecisionTree,0.9,Tuning,Tuning,0.0,1.0
Ela_metadataset,DecisionTree,0.9,Tuning,Tuning,0.0,1.0
Ela_metadataset,DecisionTree,0.9,Defaults,Tuning,0.0,1.0
Ela_metadataset,DecisionTree,0.9,Tuning,Tuning,0.0,1.0
Ela_metadataset,DecisionTree,0.9,Tuning,Tuning,0.0,1.0
Ela_metadataset,DecisionTree,0.9,Tuning,Tuning,0.0,1.0
Ela_metadataset,DecisionTree,0.9,Defaults,Tuning,0.0,1.0
Ela_metadataset,DecisionTree,0.9,Tuning,Tuning,0.0,1.0
Ela_metadataset,DecisionTree,0.9,Tuning,Tuning,0.0,1.0
Ela_metadataset,DecisionTree,0.9,Tuning,Defaults,1.0,0.0
Ela_metadataset,DecisionTree,0.9,Tuning,Tuning,0.0,1.0
Ela_metadataset,DecisionTree,0.9,Tuning,Defaults,1.0,0.0
Ela_metadataset,DecisionTree,0.9,Tuning,Tuning,0.0,1.0
Ela_metadataset,DecisionTree,0.9,Tuning,Tuning,0.0,1.0
Ela_metadataset,DecisionTree,0.9,Defaults,Tuning,0.0,1.0
Ela_metadataset,DecisionTree,0.9,Tuning,Tuning,0.0,1.0
Ela_metadataset,DecisionTree,0.9,Tuning,Defaults,1.0,0.0
Ela_metadataset,DecisionTree,0.9,Tuning,Tuning,0.0,1.0
Ela_metadataset,DecisionTree,0.9,Tuning,Defaults,1.0,0.0
Ela_metadataset,DecisionTree,0.9,Tuning,Tuning,0.0,1.0
Ela_metadataset,DecisionTree,0.9,Tuning,Tuning,0.0,1.0
Ela_metadataset,DecisionTree,0.9,Tuning,Defaults,1.0,0.0
Ela_metadataset,DecisionTree,0.9,Tuning,Tuning,0.0,1.0
Ela_metadataset,DecisionTree,0.9,Defaults,Tuning,0.0,1.0
Ela_metadataset,DecisionTree,0.9,Tuning,Defaults,1.0,0.0
Ela_metadataset,DecisionTree,0.9,Defaults,Defaults,1.0,0.0
Ela_metadataset,DecisionTree,0.9,Tuning,Tuning,0.0,1.0
Ela_metadataset,DecisionTree,0.9,Tuning,Defaults,1.0,0.0
Ela_metadataset,DecisionTree,0.9,Tuning,Tuning,0.0,1.0
Ela_metadataset,DecisionTree,0.9,Tuning,Tuning,0.0,1.0
Ela_metadataset,DecisionTree,0.9,Defaults,Tuning,0.0,1.0
Ela_metadataset,DecisionTree,0.9,Defaults,Tuning,0.0,1.0
Ela_metadataset,DecisionTree,0.9,Tuning,Tuning,0.0,1.0
Ela_metadataset,DecisionTree,0.9,Tuning,Defaults,1.0,0.0
Ela_metadataset,DecisionTree,0.9,Tuning,Tuning,0.0,1.0
Ela_metadataset,DecisionTree,0.9,Tuning,Tuning,0.0,1.0
Ela_metadataset,DecisionTree,0.9,Tuning,Defaults,1.0,0.0
Ela_metadataset,DecisionTree,0.9,Tuning,Tuning,0.0,1.0
Ela_metadataset,DecisionTree,0.9,Tuning,Tuning,0.0,1.0
Ela_metadataset,DecisionTree,0.9,Tuning,Tuning,0.0,1.0
Ela_metadataset,DecisionTree,0.9,Defaults,Defaults,1.0,0.0
Ela_metadataset,DecisionTree,0.9,Tuning,Tuning,0.0,1.0
Ela_metadataset,DecisionTree,0.9,Tuning,Defaults,1.0,0.0
Ela_metadataset,DecisionTree,0.9,Tuning,Defaults,1.0,0.0
Ela_metadataset,DecisionTree,0.9,Tuning,Defaults,1.0,0.0
Ela_metadataset,DecisionTree,0.9,Defaults,Tuning,0.0,1.0
Ela_metadataset,DecisionTree,0.9,Tuning,Tuning,0.0,1.0
Ela_metadataset,DecisionTree,0.9,Tuning,Tuning,0.0,1.0
Ela_metadataset,DecisionTree,0.9,Tuning,Tuning,0.0,1.0
Ela_metadataset,DecisionTree,0.9,Defaults,Tuning,0.0,1.0
Ela_metadataset,DecisionTree,0.9,Tuning,Defaults,1.0,0.0
Ela_metadataset,DecisionTree,0.9,Tuning,Defaults,1.0,0.0
Ela_metadataset,DecisionTree,0.9,Tuning,Tuning,0.0,1.0
Ela_metadataset,DecisionTree,0.9,Defaults,Defaults,1.0,0.0
Ela_metadataset,DecisionTree,0.9,Defaults,Tuning,0.0,1.0
Ela_metadataset,DecisionTree,0.9,Tuning,Tuning,0.0,1.0
Ela_metadataset,DecisionTree,0.9,Tuning,Tuning,0.0,1.0
Ela_metadataset,DecisionTree,0.9,Tuning,Tuning,0.0,1.0
Ela_metadataset,DecisionTree,0.9,Defaults,Tuning,0.0,1.0
Ela_metadataset,DecisionTree,0.9,Defaults,Defaults,1.0,0.0
Ela_metadataset,DecisionTree,0.9,Defaults,Tuning,0.0,1.0
Ela_metadataset,DecisionTree,0.9,Tuning,Tuning,0.0,1.0
Ela_metadataset,DecisionTree,0.9,Defaults,Tuning,0.0,1.0
Ela_metadataset,DecisionTree,0.9,Tuning,Defaults,1.0,0.0
Ela_metadataset,DecisionTree,0.9,Tuning,Tuning,0.0,1.0
Ela_metadataset,DecisionTree,0.9,Defaults,Tuning,0.0,1.0
Ela_metadataset,DecisionTree,0.9,Defaults,Defaults,1.0,0.0
Ela_metadataset,DecisionTree,0.9,Tuning,Tuning,0.0,1.0
Ela_metadataset,DecisionTree,0.9,Tuning,Tuning,0.0,1.0
Ela_metadataset,DecisionTree,0.9,Defaults,Tuning,0.0,1.0
Ela_metadataset,DecisionTree,0.9,Tuning,Tuning,0.0,1.0
Ela_metadataset,DecisionTree,0.9,Tuning,Tuning,0.0,1.0
Ela_metadataset,DecisionTree,0.9,Tuning,Defaults,1.0,0.0
Ela_metadataset,DecisionTree,0.9,Tuning,Tuning,0.0,1.0
Ela_metadataset,DecisionTree,0.95,Tuning,Tuning,0.0,1.0
Ela_metadataset,DecisionTree,0.95,Tuning,Tuning,0.0,1.0
Ela_metadataset,DecisionTree,0.95,Defaults,Tuning,0.0,1.0
Ela_metadataset,DecisionTree,0.95,Tuning,Defaults,1.0,0.0
Ela_metadataset,DecisionTree,0.95,Tuning,Tuning,0.0,1.0
Ela_metadataset,DecisionTree,0.95,Tuning,Tuning,0.0,1.0
Ela_metadataset,DecisionTree,0.95,Tuning,Tuning,0.0,1.0
Ela_metadataset,DecisionTree,0.95,Defaults,Tuning,0.0,1.0
Ela_metadataset,DecisionTree,0.95,Defaults,Defaults,1.0,0.0
Ela_metadataset,DecisionTree,0.95,Tuning,Defaults,1.0,0.0
Ela_metadataset,DecisionTree,0.95,Tuning,Tuning,0.0,1.0
Ela_metadataset,DecisionTree,0.95,Defaults,Tuning,0.0,1.0
Ela_metadataset,DecisionTree,0.95,Tuning,Defaults,1.0,0.0
Ela_metadataset,DecisionTree,0.95,Tuning,Defaults,1.0,0.0
Ela_metadataset,DecisionTree,0.95,Tuning,Tuning,0.0,1.0
Ela_metadataset,DecisionTree,0.95,Tuning,Tuning,0.0,1.0
Ela_metadataset,DecisionTree,0.95,Defaults,Defaults,1.0,0.0
Ela_metadataset,DecisionTree,0.95,Tuning,Tuning,0.0,1.0
Ela_metadataset,DecisionTree,0.95,Defaults,Tuning,0.0,1.0
Ela_metadataset,DecisionTree,0.95,Tuning,Defaults,1.0,0.0
Ela_metadataset,DecisionTree,0.95,Tuning,Defaults,1.0,0.0
Ela_metadataset,DecisionTree,0.95,Defaults,Defaults,1.0,0.0
Ela_metadataset,DecisionTree,0.95,Tuning,Defaults,1.0,0.0
Ela_metadataset,DecisionTree,0.95,Tuning,Tuning,0.0,1.0
Ela_metadataset,DecisionTree,0.95,Tuning,Defaults,1.0,0.0
Ela_metadataset,DecisionTree,0.95,Tuning,Tuning,0.0,1.0
Ela_metadataset,DecisionTree,0.95,Tuning,Tuning,0.0,1.0
Ela_metadataset,DecisionTree,0.95,Tuning,Tuning,0.0,1.0
Ela_metadataset,DecisionTree,0.95,Tuning,Tuning,0.0,1.0
Ela_metadataset,DecisionTree,0.95,Tuning,Tuning,0.0,1.0
Ela_metadataset,DecisionTree,0.95,Tuning,Tuning,0.0,1.0
Ela_metadataset,DecisionTree,0.95,Tuning,Tuning,0.0,1.0
Ela_metadataset,DecisionTree,0.95,Defaults,Tuning,0.0,1.0
Ela_metadataset,DecisionTree,0.95,Defaults,Defaults,1.0,0.0
Ela_metadataset,DecisionTree,0.95,Tuning,Tuning,0.0,1.0
Ela_metadataset,DecisionTree,0.95,Tuning,Tuning,0.0,1.0
Ela_metadataset,DecisionTree,0.95,Tuning,Defaults,1.0,0.0
Ela_metadataset,DecisionTree,0.95,Defaults,Defaults,1.0,0.0
Ela_metadataset,DecisionTree,0.95,Tuning,Tuning,0.0,1.0
Ela_metadataset,DecisionTree,0.95,Defaults,Defaults,1.0,0.0
Ela_metadataset,DecisionTree,0.95,Tuning,Tuning,0.0,1.0
Ela_metadataset,DecisionTree,0.95,Tuning,Tuning,0.0,1.0
Ela_metadataset,DecisionTree,0.95,Tuning,Tuning,0.0,1.0
Ela_metadataset,DecisionTree,0.95,Tuning,Tuning,0.0,1.0
Ela_metadataset,DecisionTree,0.95,Tuning,Tuning,0.0,1.0
Ela_metadataset,DecisionTree,0.95,Tuning,Tuning,0.0,1.0
Ela_metadataset,DecisionTree,0.95,Tuning,Tuning,0.0,1.0
Ela_metadataset,DecisionTree,0.95,Tuning,Tuning,0.0,1.0
Ela_metadataset,DecisionTree,0.95,Tuning,Defaults,1.0,0.0
Ela_metadataset,DecisionTree,0.95,Tuning,Defaults,1.0,0.0
Ela_metadataset,DecisionTree,0.95,Defaults,Tuning,0.0,1.0
Ela_metadataset,DecisionTree,0.95,Tuning,Defaults,1.0,0.0
Ela_metadataset,DecisionTree,0.95,Tuning,Tuning,0.0,1.0
Ela_metadataset,DecisionTree,0.95,Defaults,Tuning,0.0,1.0
Ela_metadataset,DecisionTree,0.95,Tuning,Defaults,1.0,0.0
Ela_metadataset,DecisionTree,0.95,Tuning,Tuning,0.0,1.0
Ela_metadataset,DecisionTree,0.95,Tuning,Tuning,0.0,1.0
Ela_metadataset,DecisionTree,0.95,Tuning,Defaults,1.0,0.0
Ela_metadataset,DecisionTree,0.95,Tuning,Defaults,1.0,0.0
Ela_metadataset,DecisionTree,0.95,Tuning,Tuning,0.0,1.0
Ela_metadataset,DecisionTree,0.95,Tuning,Defaults,1.0,0.0
Ela_metadataset,DecisionTree,0.95,Tuning,Tuning,0.0,1.0
Ela_metadataset,DecisionTree,0.95,Tuning,Tuning,0.0,1.0
Ela_metadataset,DecisionTree,0.95,Defaults,Defaults,1.0,0.0
Ela_metadataset,DecisionTree,0.95,Tuning,Tuning,0.0,1.0
Ela_metadataset,DecisionTree,0.95,Defaults,Defaults,1.0,0.0
Ela_metadataset,DecisionTree,0.95,Tuning,Defaults,1.0,0.0
Ela_metadataset,DecisionTree,0.95,Tuning,Tuning,0.0,1.0
Ela_metadataset,DecisionTree,0.95,Tuning,Defaults,1.0,0.0
Ela_metadataset,DecisionTree,0.95,Tuning,Defaults,1.0,0.0
Ela_metadataset,DecisionTree,0.95,Tuning,Defaults,1.0,0.0
Ela_metadataset,DecisionTree,0.95,Defaults,Tuning,0.0,1.0
Ela_metadataset,DecisionTree,0.95,Tuning,Defaults,1.0,0.0
Ela_metadataset,DecisionTree,0.95,Defaults,Tuning,0.0,1.0
Ela_metadataset,DecisionTree,0.95,Defaults,Tuning,0.0,1.0
Ela_metadataset,DecisionTree,0.95,Defaults,Tuning,0.0,1.0
Ela_metadataset,DecisionTree,0.95,Defaults,Defaults,1.0,0.0
Ela_metadataset,DecisionTree,0.95,Tuning,Tuning,0.0,1.0
Ela_metadataset,DecisionTree,0.95,Tuning,Tuning,0.0,1.0
Ela_metadataset,DecisionTree,0.95,Tuning,Tuning,0.0,1.0
Ela_metadataset,DecisionTree,0.95,Defaults,Defaults,1.0,0.0
Ela_metadataset,DecisionTree,0.95,Defaults,Tuning,0.0,1.0
Ela_metadataset,DecisionTree,0.95,Defaults,Tuning,0.0,1.0
Ela_metadataset,DecisionTree,0.95,Defaults,Defaults,1.0,0.0
Ela_metadataset,DecisionTree,0.95,Tuning,Tuning,0.0,1.0
Ela_metadataset,DecisionTree,0.95,Tuning,Tuning,0.0,1.0
Ela_metadataset,DecisionTree,0.95,Defaults,Defaults,1.0,0.0
Ela_metadataset,DecisionTree,0.95,Tuning,Tuning,0.0,1.0
Ela_metadataset,DecisionTree,0.95,Defaults,Defaults,1.0,0.0
Ela_metadataset,DecisionTree,0.95,Tuning,Tuning,0.0,1.0
Ela_metadataset,DecisionTree,0.95,Tuning,Defaults,1.0,0.0
Ela_metadataset,DecisionTree,0.95,Defaults,Tuning,0.0,1.0
Ela_metadataset,DecisionTree,0.95,Tuning,Defaults,1.0,0.0
Ela_metadataset,DecisionTree,0.95,Defaults,Defaults,1.0,0.0
Ela_metadataset,DecisionTree,0.95,Tuning,Defaults,1.0,0.0
Ela_metadataset,DecisionTree,0.95,Tuning,Tuning,0.0,1.0
Ela_metadataset,DecisionTree,0.95,Tuning,Tuning,0.0,1.0
Ela_metadataset,DecisionTree,0.95,Defaults,Tuning,0.0,1.0
Ela_metadataset,DecisionTree,0.95,Tuning,Tuning,0.0,1.0
Ela_metadataset,DecisionTree,0.95,Tuning,Defaults,1.0,0.0
Ela_metadataset,DecisionTree,0.95,Tuning,Tuning,0.0,1.0
Ela_metadataset,DecisionTree,0.95,Defaults,Tuning,0.0,1.0
Ela_metadataset,DecisionTree,0.95,Tuning,Tuning,0.0,1.0
Ela_metadataset,DecisionTree,0.95,Tuning,Tuning,0.0,1.0
Ela_metadataset,DecisionTree,0.95,Tuning,Tuning,0.0,1.0
Ela_metadataset,DecisionTree,0.95,Tuning,Tuning,0.0,1.0
Ela_metadataset,DecisionTree,0.95,Tuning,Defaults,1.0,0.0
Ela_metadataset,DecisionTree,0.95,Tuning,Tuning,0.0,1.0
Ela_metadataset,DecisionTree,0.95,Tuning,Tuning,0.0,1.0
Ela_metadataset,DecisionTree,0.95,Defaults,Tuning,0.0,1.0
Ela_metadataset,DecisionTree,0.95,Tuning,Tuning,0.0,1.0
Ela_metadataset,DecisionTree,0.95,Tuning,Tuning,0.0,1.0
Ela_metadataset,DecisionTree,0.95,Tuning,Defaults,1.0,0.0
Ela_metadataset,DecisionTree,0.95,Tuning,Tuning,0.0,1.0
Ela_metadataset,DecisionTree,0.95,Tuning,Tuning,0.0,1.0
Ela_metadataset,DecisionTree,0.95,Tuning,Tuning,0.0,1.0
Ela_metadataset,DecisionTree,0.95,Tuning,Tuning,0.0,1.0
Ela_metadataset,DecisionTree,0.95,Tuning,Defaults,1.0,0.0
Ela_metadataset,DecisionTree,0.95,Defaults,Tuning,0.0,1.0
Ela_metadataset,DecisionTree,0.95,Tuning,Defaults,1.0,0.0
Ela_metadataset,DecisionTree,0.95,Defaults,Tuning,0.0,1.0
Ela_metadataset,DecisionTree,0.95,Tuning,Tuning,0.0,1.0
Ela_metadataset,DecisionTree,0.95,Tuning,Tuning,0.0,1.0
Ela_metadataset,DecisionTree,0.95,Tuning,Tuning,0.0,1.0
Ela_metadataset,DecisionTree,0.95,Tuning,Tuning,0.0,1.0
Ela_metadataset,DecisionTree,0.95,Defaults,Tuning,0.0,1.0
Ela_metadataset,DecisionTree,0.95,Defaults,Defaults,1.0,0.0
Ela_metadataset,DecisionTree,0.95,Tuning,Tuning,0.0,1.0
Ela_metadataset,DecisionTree,0.95,Tuning,Defaults,1.0,0.0
Ela_metadataset,DecisionTree,0.95,Tuning,Tuning,0.0,1.0
Ela_metadataset,DecisionTree,0.95,Tuning,Tuning,0.0,1.0
Ela_metadataset,DecisionTree,0.95,Tuning,Tuning,0.0,1.0
Ela_metadataset,DecisionTree,0.95,Tuning,Defaults,1.0,0.0
Ela_metadataset,DecisionTree,0.95,Tuning,Defaults,1.0,0.0
Ela_metadataset,DecisionTree,0.95,Tuning,Tuning,0.0,1.0
Ela_metadataset,DecisionTree,0.95,Defaults,Tuning,0.0,1.0
Ela_metadataset,DecisionTree,0.95,Tuning,Defaults,1.0,0.0
Ela_metadataset,DecisionTree,0.95,Tuning,Tuning,0.0,1.0
Ela_metadataset,DecisionTree,0.95,Tuning,Tuning,0.0,1.0
Ela_metadataset,DecisionTree,0.95,Tuning,Defaults,1.0,0.0
Ela_metadataset,DecisionTree,0.95,Defaults,Tuning,0.0,1.0
Ela_metadataset,DecisionTree,0.95,Tuning,Tuning,0.0,1.0
Ela_metadataset,DecisionTree,0.95,Tuning,Defaults,1.0,0.0
Ela_metadataset,DecisionTree,0.95,Tuning,Tuning,0.0,1.0
Ela_metadataset,DecisionTree,0.95,Defaults,Tuning,0.0,1.0
Ela_metadataset,DecisionTree,0.95,Tuning,Defaults,1.0,0.0
Ela_metadataset,DecisionTree,0.95,Tuning,Defaults,1.0,0.0
Ela_metadataset,DecisionTree,0.95,Tuning,Tuning,0.0,1.0
Ela_metadataset,DecisionTree,0.95,Defaults,Tuning,0.0,1.0
Ela_metadataset,DecisionTree,0.95,Defaults,Tuning,0.0,1.0
Ela_metadataset,DecisionTree,0.95,Tuning,Defaults,1.0,0.0
Ela_metadataset,DecisionTree,0.95,Tuning,Tuning,0.0,1.0
Ela_metadataset,DecisionTree,0.95,Tuning,Defaults,1.0,0.0
Ela_metadataset,DecisionTree,0.95,Defaults,Tuning,0.0,1.0
Ela_metadataset,DecisionTree,0.95,Defaults,Defaults,1.0,0.0
Ela_metadataset,DecisionTree,0.95,Defaults,Defaults,1.0,0.0
Ela_metadataset,DecisionTree,0.95,Tuning,Defaults,1.0,0.0
Ela_metadataset,DecisionTree,0.95,Defaults,Tuning,0.0,1.0
Ela_metadataset,DecisionTree,0.95,Tuning,Tuning,0.0,1.0
Ela_metadataset,DecisionTree,0.95,Tuning,Tuning,0.0,1.0
Ela_metadataset,DecisionTree,0.95,Defaults,Tuning,0.0,1.0
Ela_metadataset,DecisionTree,0.95,Defaults,Tuning,0.0,1.0
Ela_metadataset,DecisionTree,0.95,Tuning,Tuning,0.0,1.0
Ela_metadataset,DecisionTree,0.95,Tuning,Tuning,0.0,1.0
Ela_metadataset,DecisionTree,0.95,Defaults,Tuning,0.0,1.0
Ela_metadataset,DecisionTree,0.95,Tuning,Tuning,0.0,1.0
Ela_metadataset,DecisionTree,0.95,Tuning,Defaults,1.0,0.0
Ela_metadataset,DecisionTree,0.95,Tuning,Defaults,1.0,0.0
Ela_metadataset,DecisionTree,0.95,Tuning,Tuning,0.0,1.0
Ela_metadataset,NaiveBayes,0.8,Tuning,Defaults,0.9729203251427082,0.027079674857291586
Ela_metadataset,NaiveBayes,0.8,Tuning,Defaults,0.8869942968632344,0.11300570313676485
Ela_metadataset,NaiveBayes,0.8,Defaults,Defaults,0.9999174352531756,8.256474682273575e-05
Ela_metadataset,NaiveBayes,0.8,Tuning,Defaults,0.9919159018738668,0.008084098126133154
Ela_metadataset,NaiveBayes,0.8,Tuning,Defaults,0.9592061122156246,0.04079388778437649
Ela_metadataset,NaiveBayes,0.8,Tuning,Defaults,0.9992999791425053,0.0007000208574960984
Ela_metadataset,NaiveBayes,0.8,Tuning,Defaults,0.8631507464933462,0.13684925350665472
Ela_metadataset,NaiveBayes,0.8,Defaults,Defaults,0.9985965708836887,0.0014034291163113428
Ela_metadataset,NaiveBayes,0.8,Defaults,Defaults,0.9994956347691331,0.000504365230866928
Ela_metadataset,NaiveBayes,0.8,Tuning,Defaults,0.9939268682492038,0.006073131750796684
Ela_metadataset,NaiveBayes,0.8,Tuning,Defaults,0.9879984499123694,0.012001550087631114
Ela_metadataset,NaiveBayes,0.8,Defaults,Defaults,0.9868240640066303,0.013175935993368316
Ela_metadataset,NaiveBayes,0.8,Tuning,Defaults,0.9989191721344596,0.0010808278655412532
Ela_metadataset,NaiveBayes,0.8,Tuning,Defaults,0.9994800238774741,0.0005199761225267715
Ela_metadataset,NaiveBayes,0.8,Tuning,Tuning,0.0,1.0
Ela_metadataset,NaiveBayes,0.8,Tuning,Defaults,0.9751541546943033,0.02484584530569738
Ela_metadataset,NaiveBayes,0.8,Defaults,Defaults,0.9999863966110462,1.3603388954662772e-05
Ela_metadataset,NaiveBayes,0.8,Tuning,Tuning,0.03569614892405555,0.964303851075948
Ela_metadataset,NaiveBayes,0.8,Defaults,Defaults,0.9999042353923827,9.576460761555662e-05
Ela_metadataset,NaiveBayes,0.8,Tuning,Defaults,0.9999999999983338,1.6656983725932812e-12
Ela_metadataset,NaiveBayes,0.8,Tuning,Defaults,0.9982718119882823,0.001728188011717674
Ela_metadataset,NaiveBayes,0.8,Defaults,Defaults,0.9999584789716549,4.152102834640088e-05
Ela_metadataset,NaiveBayes,0.8,Tuning,Defaults,0.9999989240416409,1.0759583599341905e-06
Ela_metadataset,NaiveBayes,0.8,Tuning,Defaults,0.9983530695411844,0.0016469304588143424
Ela_metadataset,NaiveBayes,0.8,Tuning,Defaults,0.9732984184309199,0.026701581569081156
Ela_metadataset,NaiveBayes,0.8,Tuning,Defaults,0.9960403751164874,0.003959624883511701
Ela_metadataset,NaiveBayes,0.8,Tuning,Defaults,0.9542396109511638,0.04576038904883485
Ela_metadataset,NaiveBayes,0.8,Tuning,Defaults,0.9963916218436101,0.003608378156389315
Ela_metadataset,NaiveBayes,0.8,Tuning,Tuning,0.08988193077691033,0.9101180692230931
Ela_metadataset,NaiveBayes,0.8,Tuning,Defaults,0.9990583354884546,0.0009416645115444979
Ela_metadataset,NaiveBayes,0.8,Tuning,Tuning,5.944821249882026e-09,0.9999999940551803
Ela_metadataset,NaiveBayes,0.8,Tuning,Defaults,0.9759257204213647,0.024074279578634387
Ela_metadataset,NaiveBayes,0.8,Defaults,Defaults,0.9997850338746579,0.0002149661253435313
Ela_metadataset,NaiveBayes,0.8,Defaults,Defaults,0.9999939443624583,6.055637542999747e-06
Ela_metadataset,NaiveBayes,0.8,Tuning,Tuning,0.02917273763152291,0.9708272623684764
Ela_metadataset,NaiveBayes,0.8,Tuning,Defaults,1.0,0.0
Ela_metadataset,NaiveBayes,0.8,Tuning,Defaults,0.8639486942329172,0.13605130576708296
Ela_metadataset,NaiveBayes,0.8,Defaults,Defaults,1.0,8.712653766885906e-86
Ela_metadataset,NaiveBayes,0.8,Tuning,Defaults,0.9959353898633106,0.0040646101366889
Ela_metadataset,NaiveBayes,0.8,Defaults,Defaults,0.9999402685451734,5.973145482655691e-05
Ela_metadataset,NaiveBayes,0.8,Tuning,Tuning,0.010869229971039932,0.9891307700289583
Ela_metadataset,NaiveBayes,0.8,Tuning,Tuning,1.2917638607706956e-06,0.9999987082361373
Ela_metadataset,NaiveBayes,0.8,Tuning,Tuning,0.0,1.0
Ela_metadataset,NaiveBayes,0.8,Tuning,Defaults,0.7161226533075584,0.28387734669244347
Ela_metadataset,NaiveBayes,0.8,Tuning,Defaults,0.9832655531793888,0.016734446820611027
Ela_metadataset,NaiveBayes,0.8,Tuning,Defaults,0.9972767778516697,0.0027232221483298605
Ela_metadataset,NaiveBayes,0.8,Tuning,Defaults,0.9273888671100752,0.0726111328899246
Ela_metadataset,NaiveBayes,0.8,Tuning,Defaults,0.9978808487549595,0.0021191512450396436
Ela_metadataset,NaiveBayes,0.8,Tuning,Defaults,0.9987487094455582,0.0012512905544423576
Ela_metadataset,NaiveBayes,0.8,Tuning,Defaults,0.9826218984937005,0.017378101506298614
Ela_metadataset,NaiveBayes,0.8,Defaults,Tuning,7.483560587065963e-13,0.9999999999992539
Ela_metadataset,NaiveBayes,0.8,Tuning,Defaults,0.514423734305614,0.4855762656943854
Ela_metadataset,NaiveBayes,0.8,Tuning,Tuning,0.0016193041638779694,0.9983806958361217
Ela_metadataset,NaiveBayes,0.8,Defaults,Defaults,0.996083743435103,0.00391625656489692
Ela_metadataset,NaiveBayes,0.8,Tuning,Defaults,0.9868641723391246,0.013135827660874622
Ela_metadataset,NaiveBayes,0.8,Tuning,Defaults,0.7862419189128039,0.2137580810871962
Ela_metadataset,NaiveBayes,0.8,Tuning,Tuning,2.2614076564545343e-10,0.9999999997738627
Ela_metadataset,NaiveBayes,0.8,Tuning,Defaults,0.9988987539391211,0.0011012460608776978
Ela_metadataset,NaiveBayes,0.8,Tuning,Tuning,2.948639332556904e-07,0.9999997051360703
Ela_metadataset,NaiveBayes,0.8,Tuning,Tuning,0.0,1.0
Ela_metadataset,NaiveBayes,0.8,Tuning,Defaults,0.9849963822195186,0.015003617780482195
Ela_metadataset,NaiveBayes,0.8,Tuning,Defaults,0.9768380864916425,0.023161913508359923
Ela_metadataset,NaiveBayes,0.8,Tuning,Defaults,0.9916996298440498,0.008300370155950646
Ela_metadataset,NaiveBayes,0.8,Defaults,Defaults,0.9875074021620979,0.012492597837901827
Ela_metadataset,NaiveBayes,0.8,Tuning,Defaults,0.9991977121892228,0.0008022878107769447
Ela_metadataset,NaiveBayes,0.8,Defaults,Defaults,0.9997819549320928,0.0002180450679055752
Ela_metadataset,NaiveBayes,0.8,Tuning,Defaults,0.9963026771201114,0.003697322879890116
Ela_metadataset,NaiveBayes,0.8,Tuning,Defaults,0.988341522459795,0.011658477540204375
Ela_metadataset,NaiveBayes,0.8,Tuning,Defaults,0.9965623937501128,0.0034376062498887214
Ela_metadataset,NaiveBayes,0.8,Tuning,Defaults,0.9994086958299677,0.0005913041700307542
Ela_metadataset,NaiveBayes,0.8,Tuning,Defaults,0.9990936275611434,0.0009063724388578391
Ela_metadataset,NaiveBayes,0.8,Defaults,Defaults,0.9992709164574058,0.0007290835425955897
Ela_metadataset,NaiveBayes,0.8,Tuning,Defaults,0.9990643455680319,0.0009356544319674254
Ela_metadataset,NaiveBayes,0.8,Defaults,Defaults,0.997929857715189,0.0020701422848102956
Ela_metadataset,NaiveBayes,0.8,Defaults,Defaults,0.9912018136521918,0.008798186347807688
Ela_metadataset,NaiveBayes,0.8,Defaults,Defaults,0.9998969344441091,0.00010306555589215936
Ela_metadataset,NaiveBayes,0.8,Defaults,Defaults,0.9994308108281221,0.000569189171877414
Ela_metadataset,NaiveBayes,0.8,Tuning,Defaults,0.886333406887126,0.11366659311287555
Ela_metadataset,NaiveBayes,0.8,Tuning,Defaults,0.9992599786639692,0.000740021336031252
Ela_metadataset,NaiveBayes,0.8,Tuning,Defaults,0.9999995532421341,4.46757862395303e-07
Ela_metadataset,NaiveBayes,0.8,Defaults,Defaults,0.9877154299899652,0.0122845700100333
Ela_metadataset,NaiveBayes,0.8,Defaults,Tuning,2.4283889816159586e-44,1.0
Ela_metadataset,NaiveBayes,0.8,Defaults,Defaults,0.9989698568101806,0.0010301431898210864
Ela_metadataset,NaiveBayes,0.8,Defaults,Defaults,0.9997860774983471,0.00021392250165317122
Ela_metadataset,NaiveBayes,0.8,Tuning,Defaults,0.999068082075214,0.0009319179247841815
Ela_metadataset,NaiveBayes,0.8,Tuning,Defaults,0.9999981104116333,1.889588362383113e-06
Ela_metadataset,NaiveBayes,0.8,Defaults,Defaults,0.9998479471154511,0.00015205288454728865
Ela_metadataset,NaiveBayes,0.8,Tuning,Defaults,0.999326621972707,0.0006733780272926592
Ela_metadataset,NaiveBayes,0.8,Defaults,Defaults,0.9980177817653428,0.0019822182346556374
Ela_metadataset,NaiveBayes,0.8,Tuning,Defaults,0.940973536124581,0.05902646387541837
Ela_metadataset,NaiveBayes,0.8,Tuning,Defaults,0.993047909443465,0.006952090556533453
Ela_metadataset,NaiveBayes,0.8,Defaults,Defaults,0.9867077695440876,0.013292230455911632
Ela_metadataset,NaiveBayes,0.8,Tuning,Defaults,0.9964159366614498,0.0035840633385512454
Ela_metadataset,NaiveBayes,0.8,Defaults,Defaults,0.9695035567175575,0.03049644328244355
Ela_metadataset,NaiveBayes,0.8,Tuning,Tuning,0.02096511430126543,0.9790348856987324
Ela_metadataset,NaiveBayes,0.8,Tuning,Tuning,0.013413883132114876,0.9865861168678877
Ela_metadataset,NaiveBayes,0.8,Tuning,Defaults,0.9858720098938414,0.014127990106157678
Ela_metadataset,NaiveBayes,0.8,Defaults,Defaults,0.9818148380678239,0.01818516193217731
Ela_metadataset,NaiveBayes,0.8,Tuning,Defaults,0.7627595780911575,0.23724042190884292
Ela_metadataset,NaiveBayes,0.8,Tuning,Tuning,0.18047487305971438,0.8195251269402827
Ela_metadataset,NaiveBayes,0.8,Tuning,Defaults,0.981581486855389,0.01841851314461186
Ela_metadataset,NaiveBayes,0.8,Defaults,Tuning,5.813401493624009e-23,1.0
Ela_metadataset,NaiveBayes,0.8,Tuning,Tuning,6.239212794473905e-31,1.0
Ela_metadataset,NaiveBayes,0.8,Tuning,Defaults,0.9979217527966844,0.0020782472033163517
Ela_metadataset,NaiveBayes,0.8,Tuning,Defaults,0.609576033190212,0.39042396680978747
Ela_metadataset,NaiveBayes,0.8,Tuning,Tuning,0.0014074018900652363,0.998592598109933
Ela_metadataset,NaiveBayes,0.8,Tuning,Defaults,0.999051311448887,0.0009486885511136347
Ela_metadataset,NaiveBayes,0.8,Tuning,Tuning,0.43501570516833876,0.5649842948316633
Ela_metadataset,NaiveBayes,0.8,Tuning,Defaults,0.9621257363223262,0.03787426367767392
Ela_metadataset,NaiveBayes,0.8,Defaults,Defaults,0.996602646450687,0.0033973535493123583
Ela_metadataset,NaiveBayes,0.8,Tuning,Defaults,0.9288457018973698,0.0711542981026288
Ela_metadataset,NaiveBayes,0.8,Tuning,Defaults,0.9849125990133173,0.0150874009866816
Ela_metadataset,NaiveBayes,0.8,Tuning,Defaults,0.9805705741936918,0.019429425806308347
Ela_metadataset,NaiveBayes,0.8,Tuning,Defaults,0.9947673426856228,0.005232657314378667
Ela_metadataset,NaiveBayes,0.8,Tuning,Tuning,1.0037189768425267e-11,0.99999999998996
Ela_metadataset,NaiveBayes,0.8,Tuning,Defaults,0.9996982780969175,0.0003017219030844141
Ela_metadataset,NaiveBayes,0.8,Tuning,Defaults,0.9999999999994174,5.795517365168829e-13
Ela_metadataset,NaiveBayes,0.8,Tuning,Tuning,0.005646970149939605,0.9943530298500636
Ela_metadataset,NaiveBayes,0.8,Defaults,Defaults,0.9999999960010229,3.9989736211102066e-09
Ela_metadataset,NaiveBayes,0.8,Tuning,Tuning,0.01654323262064462,0.9834567673793579
Ela_metadataset,NaiveBayes,0.8,Defaults,Defaults,0.9896829679308707,0.010317032069128932
Ela_metadataset,NaiveBayes,0.8,Tuning,Defaults,0.9177333081274562,0.08226669187254222
Ela_metadataset,NaiveBayes,0.8,Tuning,Defaults,0.9995450868458813,0.0004549131541199751
Ela_metadataset,NaiveBayes,0.8,Tuning,Defaults,0.8968994781677166,0.1031005218322818
Ela_metadataset,NaiveBayes,0.8,Tuning,Tuning,3.6278504390251134e-12,0.9999999999963691
Ela_metadataset,NaiveBayes,0.8,Defaults,Defaults,0.6739115168027169,0.32608848319728156
Ela_metadataset,NaiveBayes,0.8,Defaults,Defaults,0.9984199028483157,0.00158009715168499
Ela_metadataset,NaiveBayes,0.8,Tuning,Defaults,0.9896809956291055,0.010319004370895177
Ela_metadataset,NaiveBayes,0.8,Tuning,Defaults,0.9686484247904734,0.031351575209525626
Ela_metadataset,NaiveBayes,0.8,Tuning,Defaults,0.9986465063797965,0.0013534936202038207
Ela_metadataset,NaiveBayes,0.8,Tuning,Defaults,0.9976149456915332,0.0023850543084680373
Ela_metadataset,NaiveBayes,0.8,Tuning,Defaults,0.9982149693076577,0.0017850306923414623
Ela_metadataset,NaiveBayes,0.8,Tuning,Tuning,2.2460417642144905e-10,0.9999999997753974
Ela_metadataset,NaiveBayes,0.8,Tuning,Defaults,0.9867972035945453,0.013202796405453143
Ela_metadataset,NaiveBayes,0.8,Tuning,Defaults,0.9999630675520254,3.6932447976048683e-05
Ela_metadataset,NaiveBayes,0.8,Defaults,Defaults,0.9922963101483913,0.007703689851608051
Ela_metadataset,NaiveBayes,0.8,Tuning,Defaults,0.9999379139775848,6.208602241481146e-05
Ela_metadataset,NaiveBayes,0.8,Tuning,Defaults,0.9999680354498115,3.1964550189603127e-05
Ela_metadataset,NaiveBayes,0.8,Tuning,Tuning,3.8073913289179613e-07,0.9999996192608706
Ela_metadataset,NaiveBayes,0.8,Tuning,Defaults,0.9993893462763863,0.0006106537236141631
Ela_metadataset,NaiveBayes,0.8,Defaults,Defaults,0.6221019852296382,0.37789801477036505
Ela_metadataset,NaiveBayes,0.8,Tuning,Defaults,0.9073343285823262,0.09266567141767265
Ela_metadataset,NaiveBayes,0.8,Tuning,Defaults,0.8507680725752825,0.1492319274247197
Ela_metadataset,NaiveBayes,0.8,Tuning,Defaults,0.643444078128386,0.3565559218716148
Ela_metadataset,NaiveBayes,0.8,Defaults,Defaults,0.9725571369433438,0.027442863056655203
Ela_metadataset,NaiveBayes,0.8,Tuning,Defaults,0.9720515575411841,0.027948442458814213
Ela_metadataset,NaiveBayes,0.8,Tuning,Defaults,0.9978429117882319,0.0021570882117689376
Ela_metadataset,NaiveBayes,0.8,Tuning,Tuning,0.1078754452168524,0.8921245547831488
Ela_metadataset,NaiveBayes,0.8,Defaults,Defaults,0.9999999351152361,6.488476562940483e-08
Ela_metadataset,NaiveBayes,0.8,Defaults,Defaults,0.9998329637751557,0.0001670362248428993
Ela_metadataset,NaiveBayes,0.8,Tuning,Defaults,0.9999978117016821,2.188298316515048e-06
Ela_metadataset,NaiveBayes,0.8,Tuning,Defaults,0.989093391182463,0.01090660881753857
Ela_metadataset,NaiveBayes,0.8,Tuning,Defaults,0.9999982950586496,1.7049413478872885e-06
Ela_metadataset,NaiveBayes,0.8,Defaults,Defaults,0.8770285147712273,0.12297148522877524
Ela_metadataset,NaiveBayes,0.8,Defaults,Tuning,0.0026183893070395197,0.9973816106929574
Ela_metadataset,NaiveBayes,0.8,Defaults,Defaults,0.9991042662169773,0.0008957337830208613
Ela_metadataset,NaiveBayes,0.8,Tuning,Defaults,0.9834252757432764,0.016574724256725154
Ela_metadataset,NaiveBayes,0.8,Defaults,Tuning,0.0,1.0
Ela_metadataset,NaiveBayes,0.8,Tuning,Defaults,0.9966846433460785,0.003315356653922147
Ela_metadataset,NaiveBayes,0.8,Tuning,Defaults,0.8420283385972549,0.1579716614027436
Ela_metadataset,NaiveBayes,0.8,Defaults,Defaults,0.9968852631498297,0.0031147368501688584
Ela_metadataset,NaiveBayes,0.8,Defaults,Defaults,0.9533463951072835,0.04665360489271569
Ela_metadataset,NaiveBayes,0.8,Tuning,Defaults,0.9738246405193628,0.026175359480635887
Ela_metadataset,NaiveBayes,0.8,Tuning,Defaults,0.9938871384979256,0.006112861502075947
Ela_metadataset,NaiveBayes,0.8,Defaults,Defaults,0.9997552458765716,0.00024475412342734335
Ela_metadataset,NaiveBayes,0.8,Tuning,Tuning,0.49450711412764653,0.5054928858723527
Ela_metadataset,NaiveBayes,0.8,Tuning,Defaults,0.9987178589368002,0.0012821410631988664
Ela_metadataset,NaiveBayes,0.8,Tuning,Defaults,0.9999999999932783,6.722600187703059e-12
Ela_metadataset,NaiveBayes,0.8,Tuning,Defaults,0.998710569785322,0.001289430214677435
Ela_metadataset,NaiveBayes,0.85,Tuning,Defaults,0.9489119569869419,0.05108804301305665
Ela_metadataset,NaiveBayes,0.85,Tuning,Defaults,0.8008795248571318,0.19912047514287096
Ela_metadataset,NaiveBayes,0.85,Defaults,Defaults,0.9999792482577885,2.075174221307683e-05
Ela_metadataset,NaiveBayes,0.85,Tuning,Defaults,0.9813535968304016,0.018646403169599153
Ela_metadataset,NaiveBayes,0.85,Tuning,Defaults,0.9280519678948005,0.071948032105198
Ela_metadataset,NaiveBayes,0.85,Tuning,Defaults,0.9993263322615414,0.0006736677384569764
Ela_metadataset,NaiveBayes,0.85,Tuning,Defaults,0.8964462601179116,0.10355373988208849
Ela_metadataset,NaiveBayes,0.85,Defaults,Defaults,0.9991641393438923,0.000835860656107649
Ela_metadataset,NaiveBayes,0.85,Defaults,Defaults,0.9991782908996576,0.000821709100342005
Ela_metadataset,NaiveBayes,0.85,Tuning,Defaults,0.9982487668033482,0.001751233196651473
Ela_metadataset,NaiveBayes,0.85,Tuning,Defaults,0.984050671903181,0.0159493280968208
Ela_metadataset,NaiveBayes,0.85,Defaults,Defaults,0.9896231604290122,0.01037683957098783
Ela_metadataset,NaiveBayes,0.85,Tuning,Defaults,0.9977966041505749,0.002203395849424462
Ela_metadataset,NaiveBayes,0.85,Tuning,Defaults,0.9997327181147698,0.0002672818852317149
Ela_metadataset,NaiveBayes,0.85,Tuning,Tuning,0.0,1.0
Ela_metadataset,NaiveBayes,0.85,Tuning,Defaults,0.9879016797355931,0.012098320264407625
Ela_metadataset,NaiveBayes,0.85,Defaults,Defaults,0.9999917079532739,8.292046729045502e-06
Ela_metadataset,NaiveBayes,0.85,Tuning,Tuning,0.0841999527894152,0.9158000472105815
Ela_metadataset,NaiveBayes,0.85,Defaults,Defaults,0.999950752270377,4.924772962243496e-05
Ela_metadataset,NaiveBayes,0.85,Tuning,Defaults,0.9999999999991118,8.868321975974496e-13
Ela_metadataset,NaiveBayes,0.85,Tuning,Defaults,0.9975231318614867,0.002476868138515596
Ela_metadataset,NaiveBayes,0.85,Defaults,Defaults,0.999964805119606,3.519488039459476e-05
Ela_metadataset,NaiveBayes,0.85,Tuning,Defaults,0.9999999455723781,5.442761870596613e-08
Ela_metadataset,NaiveBayes,0.85,Tuning,Defaults,0.9989439818229926,0.0010560181770074494
Ela_metadataset,NaiveBayes,0.85,Tuning,Defaults,0.9919051369630163,0.00809486303698315
Ela_metadataset,NaiveBayes,0.85,Tuning,Defaults,0.9960050515640533,0.003994948435948224
Ela_metadataset,NaiveBayes,0.85,Tuning,Defaults,0.9277207133402302,0.07227928665976754
Ela_metadataset,NaiveBayes,0.85,Tuning,Defaults,0.997473430335092,0.0025265696649063585
Ela_metadataset,NaiveBayes,0.85,Tuning,Tuning,0.11679098241241836,0.8832090175875852
Ela_metadataset,NaiveBayes,0.85,Tuning,Defaults,0.9990036446149132,0.0009963553850859896
Ela_metadataset,NaiveBayes,0.85,Tuning,Tuning,8.755373426384637e-09,0.9999999912446214
Ela_metadataset,NaiveBayes,0.85,Tuning,Defaults,0.9677080843968451,0.032291915603155495
Ela_metadataset,NaiveBayes,0.85,Defaults,Defaults,0.9997104795637628,0.0002895204362350106
Ela_metadataset,NaiveBayes,0.85,Defaults,Defaults,0.9999979860577952,2.013942203016352e-06
Ela_metadataset,NaiveBayes,0.85,Tuning,Tuning,0.015268272238161297,0.9847317277618384
Ela_metadataset,NaiveBayes,0.85,Tuning,Defaults,1.0,0.0
Ela_metadataset,NaiveBayes,0.85,Tuning,Defaults,0.8414562897219919,0.15854371027800906
Ela_metadataset,NaiveBayes,0.85,Defaults,Defaults,1.0,2.5139380137665402e-86
Ela_metadataset,NaiveBayes,0.85,Tuning,Defaults,0.9938031069638972,0.006196893036102362
Ela_metadataset,NaiveBayes,0.85,Defaults,Defaults,0.9999735851046795,2.6414895322496302e-05
Ela_metadataset,NaiveBayes,0.85,Tuning,Tuning,0.0048578412152464005,0.9951421587847528
Ela_metadataset,NaiveBayes,0.85,Tuning,Tuning,5.364750990015262e-07,0.9999994635249028
Ela_metadataset,NaiveBayes,0.85,Tuning,Tuning,0.0,1.0
Ela_metadataset,NaiveBayes,0.85,Tuning,Defaults,0.5486851366773533,0.4513148633226444
Ela_metadataset,NaiveBayes,0.85,Tuning,Defaults,0.9481739073766587,0.05182609262333893
Ela_metadataset,NaiveBayes,0.85,Tuning,Defaults,0.9983377050103939,0.001662294989607014
Ela_metadataset,NaiveBayes,0.85,Tuning,Defaults,0.8835218133612158,0.11647818663878183
Ela_metadataset,NaiveBayes,0.85,Tuning,Defaults,0.9957831259137209,0.004216874086281495
Ela_metadataset,NaiveBayes,0.85,Tuning,Defaults,0.998158871987661,0.0018411280123406014
Ela_metadataset,NaiveBayes,0.85,Tuning,Defaults,0.9664125820593771,0.033587417940620104
Ela_metadataset,NaiveBayes,0.85,Defaults,Tuning,5.490487022957995e-13,0.9999999999994458
Ela_metadataset,NaiveBayes,0.85,Tuning,Tuning,0.2430854470732593,0.7569145529267427
Ela_metadataset,NaiveBayes,0.85,Tuning,Tuning,0.000438971653877325,0.9995610283461219
Ela_metadataset,NaiveBayes,0.85,Defaults,Defaults,0.9915255369316127,0.008474463068386787
Ela_metadataset,NaiveBayes,0.85,Tuning,Defaults,0.9780262964784467,0.021973703521556566
Ela_metadataset,NaiveBayes,0.85,Tuning,Defaults,0.7461731249345532,0.25382687506544915
Ela_metadataset,NaiveBayes,0.85,Tuning,Tuning,9.046678336567641e-11,0.9999999999095337
Ela_metadataset,NaiveBayes,0.85,Tuning,Defaults,0.9984880165868726,0.0015119834131289461
Ela_metadataset,NaiveBayes,0.85,Tuning,Tuning,9.50100873047457e-08,0.9999999049899105
Ela_metadataset,NaiveBayes,0.85,Tuning,Tuning,0.0,1.0
Ela_metadataset,NaiveBayes,0.85,Tuning,Defaults,0.9885339579723904,0.011466042027606732
Ela_metadataset,NaiveBayes,0.85,Tuning,Defaults,0.9726421014930182,0.027357898506979738
Ela_metadataset,NaiveBayes,0.85,Tuning,Defaults,0.9819511470050437,0.01804885299495761
Ela_metadataset,NaiveBayes,0.85,Defaults,Defaults,0.9778074643547304,0.02219253564527024
Ela_metadataset,NaiveBayes,0.85,Tuning,Defaults,0.9986161182530945,0.0013838817469040898
Ela_metadataset,NaiveBayes,0.85,Defaults,Defaults,0.9999453216981193,5.4678301882365474e-05
Ela_metadataset,NaiveBayes,0.85,Tuning,Defaults,0.9936264572562884,0.006373542743711013
Ela_metadataset,NaiveBayes,0.85,Tuning,Defaults,0.9670781556218914,0.032921844378111804
Ela_metadataset,NaiveBayes,0.85,Tuning,Defaults,0.9922641365603699,0.007735863439630698
Ela_metadataset,NaiveBayes,0.85,Tuning,Defaults,0.9995467916438671,0.00045320835613269194
Ela_metadataset,NaiveBayes,0.85,Tuning,Defaults,0.9993558109967626,0.0006441890032370877
Ela_metadataset,NaiveBayes,0.85,Defaults,Defaults,0.9994885576381892,0.0005114423618122465
Ela_metadataset,NaiveBayes,0.85,Tuning,Defaults,0.9992215117077972,0.0007784882922034273
Ela_metadataset,NaiveBayes,0.85,Defaults,Defaults,0.997013447065475,0.0029865529345236338
Ela_metadataset,NaiveBayes,0.85,Defaults,Defaults,0.9915932061647548,0.00840679383524261
Ela_metadataset,NaiveBayes,0.85,Defaults,Defaults,0.9998646642564181,0.0001353357435784185
Ela_metadataset,NaiveBayes,0.85,Defaults,Defaults,0.9993504849214322,0.000649515078568533
Ela_metadataset,NaiveBayes,0.85,Tuning,Defaults,0.8704682024939069,0.12953179750609145
Ela_metadataset,NaiveBayes,0.85,Tuning,Defaults,0.9992559817302252,0.0007440182697743693
Ela_metadataset,NaiveBayes,0.85,Tuning,Defaults,0.9999991836460104,8.163539920272849e-07
Ela_metadataset,NaiveBayes,0.85,Defaults,Defaults,0.9966872825649976,0.0033127174350033152
Ela_metadataset,NaiveBayes,0.85,Defaults,Tuning,2.675077589225402e-44,1.0
Ela_metadataset,NaiveBayes,0.85,Defaults,Defaults,0.9983578148066496,0.0016421851933493387
Ela_metadataset,NaiveBayes,0.85,Defaults,Defaults,0.9998256554800329,0.00017434451996815861
Ela_metadataset,NaiveBayes,0.85,Tuning,Defaults,0.9993004470021976,0.0006995529978012187
Ela_metadataset,NaiveBayes,0.85,Tuning,Defaults,0.999999692666795,3.0733320295880255e-07
Ela_metadataset,NaiveBayes,0.85,Defaults,Defaults,0.9998295398649965,0.00017046013500273102
Ela_metadataset,NaiveBayes,0.85,Tuning,Defaults,0.9986428776124799,0.0013571223875196304
Ela_metadataset,NaiveBayes,0.85,Defaults,Defaults,0.9989085340552161,0.0010914659447829164
Ela_metadataset,NaiveBayes,0.85,Tuning,Defaults,0.8546248112377658,0.14537518876223074
Ela_metadataset,NaiveBayes,0.85,Tuning,Defaults,0.9880748383272896,0.011925161672710384
Ela_metadataset,NaiveBayes,0.85,Defaults,Defaults,0.979293393895051,0.020706606104951907
Ela_metadataset,NaiveBayes,0.85,Tuning,Defaults,0.9972854906859365,0.002714509314064456
Ela_metadataset,NaiveBayes,0.85,Defaults,Defaults,0.999978458491186,2.154150881145889e-05
Ela_metadataset,NaiveBayes,0.85,Tuning,Tuning,0.006224621723536189,0.9937753782764672
Ela_metadataset,NaiveBayes,0.85,Tuning,Tuning,0.006021569198844929,0.9939784308011521
Ela_metadataset,NaiveBayes,0.85,Tuning,Defaults,0.970442773116935,0.029557226883066147
Ela_metadataset,NaiveBayes,0.85,Defaults,Defaults,0.9586151936611835,0.04138480633881734
Ela_metadataset,NaiveBayes,0.85,Tuning,Defaults,0.5804509766896447,0.41954902331035454
Ela_metadataset,NaiveBayes,0.85,Tuning,Tuning,0.05469683131153143,0.9453031686884674
Ela_metadataset,NaiveBayes,0.85,Tuning,Defaults,0.9614138892495598,0.038586110750439426
Ela_metadataset,NaiveBayes,0.85,Defaults,Tuning,1.4185913914408842e-23,1.0
Ela_metadataset,NaiveBayes,0.85,Tuning,Tuning,2.4958629930844514e-31,1.0
Ela_metadataset,NaiveBayes,0.85,Tuning,Defaults,0.995513390585484,0.004486609414516654
Ela_metadataset,NaiveBayes,0.85,Tuning,Tuning,0.4495565756722032,0.5504434243277939
Ela_metadataset,NaiveBayes,0.85,Tuning,Tuning,0.00043184435626729233,0.9995681556437332
Ela_metadataset,NaiveBayes,0.85,Tuning,Defaults,0.9982721394278339,0.0017278605721649655
Ela_metadataset,NaiveBayes,0.85,Tuning,Tuning,0.25537792948901306,0.7446220705109835
Ela_metadataset,NaiveBayes,0.85,Tuning,Defaults,0.8977904617634808,0.1022095382365211
Ela_metadataset,NaiveBayes,0.85,Defaults,Defaults,0.9930654784405777,0.0069345215594237095
Ela_metadataset,NaiveBayes,0.85,Tuning,Defaults,0.7590179445322861,0.24098205546771062
Ela_metadataset,NaiveBayes,0.85,Tuning,Defaults,0.9630903507614544,0.03690964923854479
Ela_metadataset,NaiveBayes,0.85,Tuning,Defaults,0.9580916723705779,0.0419083276294236
Ela_metadataset,NaiveBayes,0.85,Tuning,Defaults,0.9931479496493325,0.006852050350666061
Ela_metadataset,NaiveBayes,0.85,Tuning,Tuning,8.070272628276019e-12,0.9999999999919282
Ela_metadataset,NaiveBayes,0.85,Tuning,Defaults,0.9994328302497004,0.0005671697502990771
Ela_metadataset,NaiveBayes,0.85,Tuning,Defaults,0.9999999999995524,4.510594145941548e-13
Ela_metadataset,NaiveBayes,0.85,Tuning,Tuning,0.0019045419690935273,0.998095458030909
Ela_metadataset,NaiveBayes,0.85,Defaults,Defaults,0.9999999999998792,1.2183488921902194e-13
Ela_metadataset,NaiveBayes,0.85,Tuning,Tuning,0.007501986499862803,0.9924980135001344
Ela_metadataset,NaiveBayes,0.85,Defaults,Defaults,0.9775770989900568,0.022422901009941976
Ela_metadataset,NaiveBayes,0.85,Tuning,Defaults,0.9573778852627528,0.04262211473724476
Ela_metadataset,NaiveBayes,0.85,Tuning,Defaults,0.9997907658439599,0.00020923415604186634
Ela_metadataset,NaiveBayes,0.85,Tuning,Defaults,0.8229350405986585,0.17706495940134062
Ela_metadataset,NaiveBayes,0.85,Tuning,Tuning,1.2936225697513082e-12,0.9999999999987068
Ela_metadataset,NaiveBayes,0.85,Defaults,Tuning,0.4865820204307588,0.5134179795692405
Ela_metadataset,NaiveBayes,0.85,Defaults,Defaults,0.9970650592056794,0.002934940794319594
Ela_metadataset,NaiveBayes,0.85,Tuning,Defaults,0.9811111937055673,0.01888880629443179
Ela_metadataset,NaiveBayes,0.85,Tuning,Defaults,0.9524399342517835,0.047560065748213975
Ela_metadataset,NaiveBayes,0.85,Tuning,Defaults,0.9974008564242407,0.0025991435757605763
Ela_metadataset,NaiveBayes,0.85,Tuning,Defaults,0.9954242776721529,0.0045757223278467185
Ela_metadataset,NaiveBayes,0.85,Tuning,Defaults,0.9984678722087242,0.0015321277912758349
Ela_metadataset,NaiveBayes,0.85,Tuning,Tuning,7.598013545042167e-11,0.9999999999240217
Ela_metadataset,NaiveBayes,0.85,Tuning,Defaults,0.9773321182854877,0.02266788171451073
Ela_metadataset,NaiveBayes,0.85,Tuning,Defaults,0.9999824517260175,1.754827398092012e-05
Ela_metadataset,NaiveBayes,0.85,Defaults,Defaults,0.9905049759761695,0.009495024023830028
Ela_metadataset,NaiveBayes,0.85,Tuning,Defaults,0.9999672503303785,3.27496696180696e-05
Ela_metadataset,NaiveBayes,0.85,Tuning,Defaults,0.9999614109415154,3.85890584825077e-05
Ela_metadataset,NaiveBayes,0.85,Tuning,Tuning,2.1689028916624644e-07,0.9999997831097098
Ela_metadataset,NaiveBayes,0.85,Tuning,Defaults,0.9995424917377773,0.0004575082622216173
Ela_metadataset,NaiveBayes,0.85,Defaults,Defaults,0.5309572420387286,0.4690427579612699
Ela_metadataset,NaiveBayes,0.85,Tuning,Defaults,0.891651575711801,0.10834842428820167
Ela_metadataset,NaiveBayes,0.85,Tuning,Defaults,0.7264684202939201,0.2735315797060786
Ela_metadataset,NaiveBayes,0.85,Tuning,Defaults,0.5024573784665873,0.49754262153340906
Ela_metadataset,NaiveBayes,0.85,Defaults,Defaults,0.9577729948361803,0.042227005163821295
Ela_metadataset,NaiveBayes,0.85,Tuning,Defaults,0.9424004374404588,0.057599562559542614
Ela_metadataset,NaiveBayes,0.85,Tuning,Defaults,0.997862854367766,0.0021371456322324682
Ela_metadataset,NaiveBayes,0.85,Tuning,Tuning,0.20327930262197969,0.7967206973780175
Ela_metadataset,NaiveBayes,0.85,Defaults,Defaults,0.9999999995416076,4.583924788693751e-10
Ela_metadataset,NaiveBayes,0.85,Defaults,Defaults,0.9999193600226938,8.063997730772781e-05
Ela_metadataset,NaiveBayes,0.85,Tuning,Defaults,0.9999974463053001,2.5536946998622526e-06
Ela_metadataset,NaiveBayes,0.85,Tuning,Defaults,0.9787145380259429,0.021285461974056865
Ela_metadataset,NaiveBayes,0.85,Tuning,Defaults,0.9999970016960419,2.9983039586826843e-06
Ela_metadataset,NaiveBayes,0.85,Defaults,Defaults,0.8151252539121449,0.18487474608785748
Ela_metadataset,NaiveBayes,0.85,Defaults,Tuning,0.0018531351550822735,0.998146864844911
Ela_metadataset,NaiveBayes,0.85,Defaults,Defaults,0.9983926830720524,0.0016073169279460238
Ela_metadataset,NaiveBayes,0.85,Tuning,Defaults,0.970658269460632,0.02934173053936532
Ela_metadataset,NaiveBayes,0.85,Defaults,Tuning,0.0,1.0
Ela_metadataset,NaiveBayes,0.85,Tuning,Defaults,0.9944102494747502,0.005589750525248673
Ela_metadataset,NaiveBayes,0.85,Tuning,Defaults,0.602655155762769,0.3973448442372312
Ela_metadataset,NaiveBayes,0.85,Defaults,Defaults,0.9973268438992926,0.002673156100708762
Ela_metadataset,NaiveBayes,0.85,Defaults,Defaults,0.9141035855764077,0.08589641442359006
Ela_metadataset,NaiveBayes,0.85,Tuning,Defaults,0.9618293585881159,0.03817064141188477
Ela_metadataset,NaiveBayes,0.85,Tuning,Defaults,0.9881952628360339,0.011804737163963627
Ela_metadataset,NaiveBayes,0.85,Defaults,Defaults,0.9997538541714304,0.00024614582857080547
Ela_metadataset,NaiveBayes,0.85,Tuning,Tuning,0.3178138460420869,0.6821861539579124
Ela_metadataset,NaiveBayes,0.85,Tuning,Defaults,0.9977214413607645,0.0022785586392333333
Ela_metadataset,NaiveBayes,0.85,Tuning,Defaults,0.9999999999991473,8.492734193367742e-13
Ela_metadataset,NaiveBayes,0.85,Tuning,Defaults,0.9952964948830584,0.0047035051169395945
Ela_metadataset,NaiveBayes,0.9,Tuning,Defaults,0.9463830875217324,0.05361691247827046
Ela_metadataset,NaiveBayes,0.9,Tuning,Defaults,0.5484032581249084,0.4515967418750891
Ela_metadataset,NaiveBayes,0.9,Defaults,Defaults,0.9999870652582944,1.2934741707046103e-05
Ela_metadataset,NaiveBayes,0.9,Tuning,Defaults,0.9630861782523259,0.03691382174767374
Ela_metadataset,NaiveBayes,0.9,Tuning,Defaults,0.9239525547004314,0.07604744529956836
Ela_metadataset,NaiveBayes,0.9,Tuning,Defaults,0.9996305633615538,0.0003694366384454093
Ela_metadataset,NaiveBayes,0.9,Tuning,Defaults,0.9403915164468986,0.05960848355310124
Ela_metadataset,NaiveBayes,0.9,Defaults,Defaults,0.9994684106743299,0.0005315893256700267
Ela_metadataset,NaiveBayes,0.9,Defaults,Defaults,0.999344950265483,0.0006550497345183209
Ela_metadataset,NaiveBayes,0.9,Tuning,Defaults,0.9989591663630225,0.0010408336369797982
Ela_metadataset,NaiveBayes,0.9,Tuning,Defaults,0.9892548807721685,0.010745119227831649
Ela_metadataset,NaiveBayes,0.9,Defaults,Defaults,0.9893383365208447,0.01066166347915498
Ela_metadataset,NaiveBayes,0.9,Tuning,Defaults,0.9977638892973497,0.0022361107026511256
Ela_metadataset,NaiveBayes,0.9,Tuning,Defaults,0.9998521118867181,0.00014788811328335103
Ela_metadataset,NaiveBayes,0.9,Tuning,Tuning,0.0,1.0
Ela_metadataset,NaiveBayes,0.9,Tuning,Defaults,0.992204513255066,0.007795486744936755
Ela_metadataset,NaiveBayes,0.9,Defaults,Defaults,0.9999943472298765,5.652770122026792e-06
Ela_metadataset,NaiveBayes,0.9,Tuning,Tuning,0.15984325044623077,0.8401567495537716
Ela_metadataset,NaiveBayes,0.9,Defaults,Defaults,0.9999770002017668,2.299979823429554e-05
Ela_metadataset,NaiveBayes,0.9,Tuning,Defaults,0.9999999999993712,6.270810750457588e-13
Ela_metadataset,NaiveBayes,0.9,Tuning,Defaults,0.9982267610364335,0.00177323896356495
Ela_metadataset,NaiveBayes,0.9,Defaults,Defaults,0.9999804001460206,1.9599853980263125e-05
Ela_metadataset,NaiveBayes,0.9,Tuning,Defaults,0.999999971974987,2.8025011488126613e-08
Ela_metadataset,NaiveBayes,0.9,Tuning,Defaults,0.9994469892256111,0.0005530107743881062
Ela_metadataset,NaiveBayes,0.9,Tuning,Defaults,0.9929448674925461,0.007055132507453727
Ela_metadataset,NaiveBayes,0.9,Tuning,Defaults,0.9978709371032228,0.0021290628967765212
Ela_metadataset,NaiveBayes,0.9,Tuning,Defaults,0.9404453044850752,0.059554695514927154
Ela_metadataset,NaiveBayes,0.9,Tuning,Defaults,0.9984387556273234,0.0015612443726789019
Ela_metadataset,NaiveBayes,0.9,Tuning,Tuning,0.16659235767881014,0.8334076423211928
Ela_metadataset,NaiveBayes,0.9,Tuning,Defaults,0.9991874027072034,0.0008125972927965884
Ela_metadataset,NaiveBayes,0.9,Tuning,Tuning,1.3142821180350617e-08,0.9999999868571764
Ela_metadataset,NaiveBayes,0.9,Tuning,Defaults,0.9751043715560475,0.024895628443955205
Ela_metadataset,NaiveBayes,0.9,Defaults,Defaults,0.9995855061316137,0.00041449386838799947
Ela_metadataset,NaiveBayes,0.9,Defaults,Defaults,0.9999984055795635,1.59442043553342e-06
Ela_metadataset,NaiveBayes,0.9,Tuning,Tuning,0.0037278828796420745,0.9962721171203557
Ela_metadataset,NaiveBayes,0.9,Tuning,Defaults,1.0,0.0
Ela_metadataset,NaiveBayes,0.9,Tuning,Defaults,0.547444567097227,0.4525554329027734
Ela_metadataset,NaiveBayes,0.9,Defaults,Defaults,1.0,1.645024446175541e-86
Ela_metadataset,NaiveBayes,0.9,Tuning,Defaults,0.995781635350759,0.004218364649237507
Ela_metadataset,NaiveBayes,0.9,Defaults,Defaults,0.9999852383925817,1.476160742165615e-05
Ela_metadataset,NaiveBayes,0.9,Tuning,Tuning,0.0011727659983929556,0.998827234001609
Ela_metadataset,NaiveBayes,0.9,Tuning,Tuning,1.5825247489930918e-07,0.9999998417475223
Ela_metadataset,NaiveBayes,0.9,Tuning,Tuning,0.0,1.0
Ela_metadataset,NaiveBayes,0.9,Tuning,Tuning,0.27116587865868014,0.728834121341322
Ela_metadataset,NaiveBayes,0.9,Tuning,Defaults,0.9595546772460497,0.04044532275394772
Ela_metadataset,NaiveBayes,0.9,Tuning,Defaults,0.9988765509870944,0.0011234490129050478
Ela_metadataset,NaiveBayes,0.9,Tuning,Defaults,0.8833653794593144,0.11663462054068771
Ela_metadataset,NaiveBayes,0.9,Tuning,Defaults,0.9969158768391292,0.0030841231608681225
Ela_metadataset,NaiveBayes,0.9,Tuning,Defaults,0.998353270959268,0.0016467290407322416
Ela_metadataset,NaiveBayes,0.9,Tuning,Defaults,0.9035241874776712,0.09647581252232616
Ela_metadataset,NaiveBayes,0.9,Defaults,Tuning,1.1441120579591896e-12,0.9999999999988489
Ela_metadataset,NaiveBayes,0.9,Tuning,Tuning,0.1505388792957329,0.8494611207042642
Ela_metadataset,NaiveBayes,0.9,Tuning,Tuning,0.00021353589123282972,0.9997864641087664
Ela_metadataset,NaiveBayes,0.9,Defaults,Defaults,0.9897211298866385,0.010278870113363215
Ela_metadataset,NaiveBayes,0.9,Tuning,Defaults,0.9642494021181564,0.03575059788184517
Ela_metadataset,NaiveBayes,0.9,Tuning,Defaults,0.6893606762790875,0.310639323720916
Ela_metadataset,NaiveBayes,0.9,Tuning,Tuning,2.6557464055481595e-11,0.9999999999734399
Ela_metadataset,NaiveBayes,0.9,Tuning,Defaults,0.9982744904226544,0.0017255095773459274
Ela_metadataset,NaiveBayes,0.9,Tuning,Tuning,3.1900108620009565e-06,0.9999968099891424
Ela_metadataset,NaiveBayes,0.9,Tuning,Tuning,0.0,1.0
Ela_metadataset,NaiveBayes,0.9,Tuning,Defaults,0.9947461246529982,0.005253875347001072
Ela_metadataset,NaiveBayes,0.9,Tuning,Defaults,0.9691229884984677,0.030877011501534074
Ela_metadataset,NaiveBayes,0.9,Tuning,Defaults,0.9723637685875071,0.02763623141249452
Ela_metadataset,NaiveBayes,0.9,Defaults,Defaults,0.9589689300797608,0.041031069920236855
Ela_metadataset,NaiveBayes,0.9,Tuning,Defaults,0.9976611727059107,0.0023388272940901506
Ela_metadataset,NaiveBayes,0.9,Defaults,Defaults,0.999970097619504,2.9902380494666905e-05
Ela_metadataset,NaiveBayes,0.9,Tuning,Defaults,0.9923202955870254,0.00767970441297617
Ela_metadataset,NaiveBayes,0.9,Tuning,Defaults,0.9704349660968317,0.029565033903165696
Ela_metadataset,NaiveBayes,0.9,Tuning,Defaults,0.991970898170344,0.008029101829656857
Ela_metadataset,NaiveBayes,0.9,Tuning,Defaults,0.9997058991997386,0.0002941008002631451
Ela_metadataset,NaiveBayes,0.9,Tuning,Defaults,0.9994102025116003,0.0005897974883981801
Ela_metadataset,NaiveBayes,0.9,Defaults,Defaults,0.9995781466153898,0.00042185338461127406
Ela_metadataset,NaiveBayes,0.9,Tuning,Defaults,0.9994390412273124,0.0005609587726882329
Ela_metadataset,NaiveBayes,0.9,Defaults,Defaults,0.996529612766413,0.0034703872335853933
Ela_metadataset,NaiveBayes,0.9,Defaults,Defaults,0.991772794881249,0.008227205118750048
Ela_metadataset,NaiveBayes,0.9,Defaults,Defaults,0.999884604684431,0.0001153953155710763
Ela_metadataset,NaiveBayes,0.9,Defaults,Defaults,0.9994993077606114,0.0005006922393873129
Ela_metadataset,NaiveBayes,0.9,Tuning,Defaults,0.8871765632718617,0.11282343672814017
Ela_metadataset,NaiveBayes,0.9,Tuning,Defaults,0.9996259236384161,0.0003740763615842354
Ela_metadataset,NaiveBayes,0.9,Tuning,Defaults,0.999999483088159,5.169118439943277e-07
Ela_metadataset,NaiveBayes,0.9,Defaults,Defaults,0.9980770469039841,0.001922953096018476
Ela_metadataset,NaiveBayes,0.9,Defaults,Tuning,4.806705403211352e-44,1.0
Ela_metadataset,NaiveBayes,0.9,Defaults,Defaults,0.9980294048005764,0.00197059519942378
Ela_metadataset,NaiveBayes,0.9,Defaults,Defaults,0.9998338794737159,0.00016612052628491903
Ela_metadataset,NaiveBayes,0.9,Tuning,Defaults,0.9991125254753944,0.0008874745246050146
Ela_metadataset,NaiveBayes,0.9,Tuning,Defaults,0.999999883758569,1.162414361606381e-07
Ela_metadataset,NaiveBayes,0.9,Defaults,Defaults,0.9998333543268393,0.00016664567316196618
Ela_metadataset,NaiveBayes,0.9,Tuning,Defaults,0.9982630489778931,0.0017369510221035187
Ela_metadataset,NaiveBayes,0.9,Defaults,Defaults,0.9988991931556589,0.0011008068443409918
Ela_metadataset,NaiveBayes,0.9,Tuning,Defaults,0.8344802247581758,0.16551977524182554
Ela_metadataset,NaiveBayes,0.9,Tuning,Defaults,0.9769471711356447,0.023052828864355213
Ela_metadataset,NaiveBayes,0.9,Defaults,Defaults,0.9556299080635838,0.0443700919364152
Ela_metadataset,NaiveBayes,0.9,Tuning,Defaults,0.9981182083123111,0.0018817916876905936
Ela_metadataset,NaiveBayes,0.9,Defaults,Defaults,0.9999885515241766,1.1448475823333244e-05
Ela_metadataset,NaiveBayes,0.9,Tuning,Tuning,0.004170609884371848,0.9958293901156297
Ela_metadataset,NaiveBayes,0.9,Tuning,Tuning,0.001343105105485033,0.9986568948945116
Ela_metadataset,NaiveBayes,0.9,Tuning,Defaults,0.9316951419676172,0.06830485803238445
Ela_metadataset,NaiveBayes,0.9,Defaults,Defaults,0.932169989899469,0.06783001010053226
Ela_metadataset,NaiveBayes,0.9,Tuning,Tuning,0.401987172488034,0.5980128275119682
Ela_metadataset,NaiveBayes,0.9,Tuning,Tuning,0.05634410199233762,0.9436558980076607
Ela_metadataset,NaiveBayes,0.9,Tuning,Defaults,0.9521106846949756,0.04788931530502465
Ela_metadataset,NaiveBayes,0.9,Defaults,Tuning,7.704054331009064e-24,1.0
Ela_metadataset,NaiveBayes,0.9,Tuning,Tuning,7.810410492314179e-32,1.0
Ela_metadataset,NaiveBayes,0.9,Tuning,Defaults,0.9945980089521749,0.005401991047825432
Ela_metadataset,NaiveBayes,0.9,Tuning,Tuning,0.33087301885902937,0.6691269811409727
Ela_metadataset,NaiveBayes,0.9,Tuning,Tuning,0.000293793674636266,0.9997062063253607
Ela_metadataset,NaiveBayes,0.9,Tuning,Defaults,0.9971043050397611,0.00289569496023918
Ela_metadataset,NaiveBayes,0.9,Tuning,Tuning,0.14062736448350077,0.8593726355164998
Ela_metadataset,NaiveBayes,0.9,Tuning,Defaults,0.8529295904393175,0.1470704095606835
Ela_metadataset,NaiveBayes,0.9,Defaults,Defaults,0.9830295347214236,0.0169704652785755
Ela_metadataset,NaiveBayes,0.9,Tuning,Defaults,0.6648930195237353,0.33510698047626264
Ela_metadataset,NaiveBayes,0.9,Tuning,Defaults,0.938365099722847,0.061634900277153674
Ela_metadataset,NaiveBayes,0.9,Tuning,Defaults,0.8966050616975991,0.10339493830240314
Ela_metadataset,NaiveBayes,0.9,Tuning,Defaults,0.993674505698783,0.006325494301214552
Ela_metadataset,NaiveBayes,0.9,Tuning,Tuning,2.5066624321091306e-11,0.999999999974932
Ela_metadataset,NaiveBayes,0.9,Tuning,Defaults,0.9996333998495468,0.00036660015045608755
Ela_metadataset,NaiveBayes,0.9,Tuning,Defaults,0.9999999999996589,3.392863814558321e-13
Ela_metadataset,NaiveBayes,0.9,Tuning,Tuning,0.0019777574459008108,0.9980222425541027
Ela_metadataset,NaiveBayes,0.9,Defaults,Defaults,0.9999999999998863,1.1302491259919069e-13
Ela_metadataset,NaiveBayes,0.9,Tuning,Tuning,0.006209261396981523,0.9937907386030151
Ela_metadataset,NaiveBayes,0.9,Defaults,Defaults,0.9704972276402003,0.029502772359798018
Ela_metadataset,NaiveBayes,0.9,Tuning,Defaults,0.9702844148036077,0.029715585196394553
Ela_metadataset,NaiveBayes,0.9,Tuning,Defaults,0.9998543749047962,0.00014562509520228508
Ela_metadataset,NaiveBayes,0.9,Tuning,Defaults,0.5290930483088283,0.47090695169116975
Ela_metadataset,NaiveBayes,0.9,Tuning,Tuning,6.021552369767292e-13,0.999999999999396
Ela_metadataset,NaiveBayes,0.9,Defaults,Tuning,0.00446926778082057,0.9955307322191725
Ela_metadataset,NaiveBayes,0.9,Defaults,Defaults,0.9949928604482056,0.0050071395517933045
Ela_metadataset,NaiveBayes,0.9,Tuning,Defaults,0.9610987182613615,0.038901281738641554
Ela_metadataset,NaiveBayes,0.9,Tuning,Defaults,0.9233051033599144,0.0766948966400877
Ela_metadataset,NaiveBayes,0.9,Tuning,Defaults,0.9974614000159645,0.0025385999840337996
Ela_metadataset,NaiveBayes,0.9,Tuning,Defaults,0.9919811686537636,0.008018831346237387
Ela_metadataset,NaiveBayes,0.9,Tuning,Defaults,0.9989143153263519,0.0010856846736494415
Ela_metadataset,NaiveBayes,0.9,Tuning,Tuning,5.154359669612761e-11,0.9999999999484572
Ela_metadataset,NaiveBayes,0.9,Tuning,Defaults,0.9610168314669344,0.03898316853306302
Ela_metadataset,NaiveBayes,0.9,Tuning,Defaults,0.999990734432318,9.265567681613824e-06
Ela_metadataset,NaiveBayes,0.9,Defaults,Defaults,0.9894417955692387,0.010558204430761997
Ela_metadataset,NaiveBayes,0.9,Tuning,Defaults,0.9999689166392042,3.108336079549649e-05
Ela_metadataset,NaiveBayes,0.9,Tuning,Defaults,0.9999671879198355,3.2812080165407404e-05
Ela_metadataset,NaiveBayes,0.9,Tuning,Tuning,5.7925525904505876e-08,0.999999942074476
Ela_metadataset,NaiveBayes,0.9,Tuning,Defaults,0.9996926970955496,0.0003073029044508423
Ela_metadataset,NaiveBayes,0.9,Defaults,Tuning,0.1805017026824587,0.8194982973175408
Ela_metadataset,NaiveBayes,0.9,Tuning,Defaults,0.8382619108206658,0.16173808917933633
Ela_metadataset,NaiveBayes,0.9,Tuning,Defaults,0.5670144344929575,0.4329855655070431
Ela_metadataset,NaiveBayes,0.9,Tuning,Tuning,0.3019528537556317,0.6980471462443687
Ela_metadataset,NaiveBayes,0.9,Defaults,Defaults,0.957573094804212,0.042426905195786555
Ela_metadataset,NaiveBayes,0.9,Tuning,Defaults,0.8860980214458897,0.11390197855410744
Ela_metadataset,NaiveBayes,0.9,Tuning,Defaults,0.9980487011810522,0.0019512988189461403
Ela_metadataset,NaiveBayes,0.9,Tuning,Tuning,0.361109744249958,0.6388902557500428
Ela_metadataset,NaiveBayes,0.9,Defaults,Defaults,0.9999999996792397,3.2075726783795075e-10
Ela_metadataset,NaiveBayes,0.9,Defaults,Defaults,0.9999625871347687,3.7412865230828885e-05
Ela_metadataset,NaiveBayes,0.9,Tuning,Defaults,0.99999756254983,2.4374501691196323e-06
Ela_metadataset,NaiveBayes,0.9,Tuning,Defaults,0.9871870317190174,0.012812968280984017
Ela_metadataset,NaiveBayes,0.9,Tuning,Defaults,0.9999984980862687,1.5019137318229708e-06
Ela_metadataset,NaiveBayes,0.9,Defaults,Defaults,0.8126377994533381,0.18736220054666047
Ela_metadataset,NaiveBayes,0.9,Defaults,Tuning,0.0030046885876333657,0.9969953114123681
Ela_metadataset,NaiveBayes,0.9,Defaults,Defaults,0.9985178482566802,0.0014821517433206558
Ela_metadataset,NaiveBayes,0.9,Tuning,Defaults,0.9569614832041677,0.043038516795833474
Ela_metadataset,NaiveBayes,0.9,Defaults,Tuning,0.0,1.0
Ela_metadataset,NaiveBayes,0.9,Tuning,Defaults,0.9932821878177135,0.006717812182287541
Ela_metadataset,NaiveBayes,0.9,Tuning,Defaults,0.5826958616717217,0.41730413832827845
Ela_metadataset,NaiveBayes,0.9,Defaults,Defaults,0.9984712502569482,0.001528749743052418
Ela_metadataset,NaiveBayes,0.9,Defaults,Defaults,0.7755929995437013,0.22440700045630105
Ela_metadataset,NaiveBayes,0.9,Tuning,Defaults,0.9646761246954784,0.03532387530452273
Ela_metadataset,NaiveBayes,0.9,Tuning,Defaults,0.980517205963492,0.019482794036508783
Ela_metadataset,NaiveBayes,0.9,Defaults,Defaults,0.9998227106590489,0.00017728934095093105
Ela_metadataset,NaiveBayes,0.9,Tuning,Tuning,0.3086875836447758,0.691312416355221
Ela_metadataset,NaiveBayes,0.9,Tuning,Defaults,0.9983989869306422,0.0016010130693554416
Ela_metadataset,NaiveBayes,0.9,Tuning,Defaults,0.9999999999995737,4.2044199602116216e-13
Ela_metadataset,NaiveBayes,0.9,Tuning,Defaults,0.992407190934145,0.007592809065854361
Ela_metadataset,NaiveBayes,0.95,Tuning,Defaults,0.9616529656175861,0.03834703438241158
Ela_metadataset,NaiveBayes,0.95,Tuning,Defaults,0.5058690300499664,0.4941309699500351
Ela_metadataset,NaiveBayes,0.95,Defaults,Defaults,0.9999948843001333,5.1156998673712796e-06
Ela_metadataset,NaiveBayes,0.95,Tuning,Defaults,0.9864700711889574,0.013529928811040145
Ela_metadataset,NaiveBayes,0.95,Tuning,Defaults,0.9587341235019248,0.041265876498077635
Ela_metadataset,NaiveBayes,0.95,Tuning,Defaults,0.9998572575424902,0.00014274245750917877
Ela_metadataset,NaiveBayes,0.95,Tuning,Defaults,0.9626196213014727,0.037380378698530864
Ela_metadataset,NaiveBayes,0.95,Defaults,Defaults,0.9997951305769052,0.00020486942309435615
Ela_metadataset,NaiveBayes,0.95,Defaults,Defaults,0.9997239026781025,0.00027609732189813775
Ela_metadataset,NaiveBayes,0.95,Tuning,Defaults,0.9994386111512182,0.0005613888487822332
Ela_metadataset,NaiveBayes,0.95,Tuning,Defaults,0.9957557609406593,0.004244239059343883
Ela_metadataset,NaiveBayes,0.95,Defaults,Defaults,0.9966625995666311,0.00333740043337134
Ela_metadataset,NaiveBayes,0.95,Tuning,Defaults,0.9990299769767855,0.0009700230232146191
Ela_metadataset,NaiveBayes,0.95,Tuning,Defaults,0.9999501885349422,4.9811465060171296e-05
Ela_metadataset,NaiveBayes,0.95,Tuning,Tuning,0.0,1.0
Ela_metadataset,NaiveBayes,0.95,Tuning,Defaults,0.9964810737831574,0.0035189262168411786
Ela_metadataset,NaiveBayes,0.95,Defaults,Defaults,0.9999754530417179,2.454695828027839e-05
Ela_metadataset,NaiveBayes,0.95,Tuning,Tuning,0.08868780916858406,0.9113121908314178
Ela_metadataset,NaiveBayes,0.95,Defaults,Defaults,0.9999849603956139,1.5039604383935275e-05
Ela_metadataset,NaiveBayes,0.95,Tuning,Defaults,0.9999999999993605,6.379622231516436e-13
Ela_metadataset,NaiveBayes,0.95,Tuning,Defaults,0.9982218545248286,0.0017781454751737414
Ela_metadataset,NaiveBayes,0.95,Defaults,Defaults,0.9999880292224211,1.1970777582174228e-05
Ela_metadataset,NaiveBayes,0.95,Tuning,Defaults,0.9999998655811614,1.344188403513259e-07
Ela_metadataset,NaiveBayes,0.95,Tuning,Defaults,0.999760378927173,0.00023962107282906686
Ela_metadataset,NaiveBayes,0.95,Tuning,Defaults,0.9965574675517989,0.003442532448201448
Ela_metadataset,NaiveBayes,0.95,Tuning,Defaults,0.9992032268661296,0.0007967731338692482
Ela_metadataset,NaiveBayes,0.95,Tuning,Defaults,0.9696849886841123,0.030315011315890754
Ela_metadataset,NaiveBayes,0.95,Tuning,Defaults,0.9991373176674481,0.0008626823325489837
Ela_metadataset,NaiveBayes,0.95,Tuning,Tuning,0.20453361366931558,0.7954663863306867
Ela_metadataset,NaiveBayes,0.95,Tuning,Defaults,0.9997242928230505,0.00027570717695053185
Ela_metadataset,NaiveBayes,0.95,Tuning,Tuning,5.622038378969988e-09,0.9999999943779585
Ela_metadataset,NaiveBayes,0.95,Tuning,Defaults,0.9876178243811181,0.012382175618881554
Ela_metadataset,NaiveBayes,0.95,Defaults,Defaults,0.9998088070426232,0.00019119295738018722
Ela_metadataset,NaiveBayes,0.95,Defaults,Defaults,0.9999994867089551,5.132910461803159e-07
Ela_metadataset,NaiveBayes,0.95,Tuning,Tuning,0.00047641140474320953,0.9995235885952553
Ela_metadataset,NaiveBayes,0.95,Tuning,Defaults,1.0,0.0
Ela_metadataset,NaiveBayes,0.95,Tuning,Tuning,0.43071556396941824,0.5692844360305822
Ela_metadataset,NaiveBayes,0.95,Defaults,Defaults,1.0,3.1003286158351113e-86
Ela_metadataset,NaiveBayes,0.95,Tuning,Defaults,0.9971235874728767,0.0028764125271206684
Ela_metadataset,NaiveBayes,0.95,Defaults,Defaults,0.9999758952503629,2.4104749636003586e-05
Ela_metadataset,NaiveBayes,0.95,Tuning,Tuning,0.001151657021634782,0.9988483429783632
Ela_metadataset,NaiveBayes,0.95,Tuning,Tuning,4.1001635119323545e-09,0.9999999958998345
Ela_metadataset,NaiveBayes,0.95,Tuning,Tuning,0.0,1.0
Ela_metadataset,NaiveBayes,0.95,Tuning,Tuning,0.14369583875280456,0.8563041612471959
Ela_metadataset,NaiveBayes,0.95,Tuning,Defaults,0.5354937667512216,0.46450623324877677
Ela_metadataset,NaiveBayes,0.95,Tuning,Defaults,0.9993744755935112,0.0006255244064902823
Ela_metadataset,NaiveBayes,0.95,Tuning,Defaults,0.963719121231511,0.03628087876849154
Ela_metadataset,NaiveBayes,0.95,Tuning,Defaults,0.9989568583225269,0.0010431416774734795
Ela_metadataset,NaiveBayes,0.95,Tuning,Defaults,0.999328799889466,0.0006712001105371296
Ela_metadataset,NaiveBayes,0.95,Tuning,Defaults,0.8102748214526935,0.18972517854730986
Ela_metadataset,NaiveBayes,0.95,Defaults,Tuning,6.664812841614168e-14,0.999999999999929
Ela_metadataset,NaiveBayes,0.95,Tuning,Tuning,0.009309324026387449,0.9906906759736113
Ela_metadataset,NaiveBayes,0.95,Tuning,Tuning,3.19378197277125e-06,0.9999968062180271
Ela_metadataset,NaiveBayes,0.95,Defaults,Defaults,0.988536141464677,0.01146385853532134
Ela_metadataset,NaiveBayes,0.95,Tuning,Defaults,0.9840341033982806,0.015965896601722186
Ela_metadataset,NaiveBayes,0.95,Tuning,Defaults,0.8375218202865002,0.16247817971350273
Ela_metadataset,NaiveBayes,0.95,Tuning,Tuning,8.555505920056947e-13,0.9999999999991473
Ela_metadataset,NaiveBayes,0.95,Tuning,Defaults,0.9994276506425643,0.0005723493574345677
Ela_metadataset,NaiveBayes,0.95,Tuning,Tuning,1.702932058287784e-07,0.999999829706795
Ela_metadataset,NaiveBayes,0.95,Tuning,Tuning,0.0,1.0
Ela_metadataset,NaiveBayes,0.95,Tuning,Defaults,0.98647726393763,0.013522736062371015
Ela_metadataset,NaiveBayes,0.95,Tuning,Defaults,0.9640414915635911,0.03595850843641164
Ela_metadataset,NaiveBayes,0.95,Tuning,Defaults,0.984638012944184,0.015361987055816057
Ela_metadataset,NaiveBayes,0.95,Defaults,Defaults,0.9845545413250033,0.015445458674994328
Ela_metadataset,NaiveBayes,0.95,Tuning,Defaults,0.998731618952226,0.0012683810477742904
Ela_metadataset,NaiveBayes,0.95,Defaults,Defaults,0.9999889852201603,1.101477984076182e-05
Ela_metadataset,NaiveBayes,0.95,Tuning,Defaults,0.9946247056684385,0.005375294331557975
Ela_metadataset,NaiveBayes,0.95,Tuning,Defaults,0.9399688630605533,0.060031136939444465
Ela_metadataset,NaiveBayes,0.95,Tuning,Defaults,0.9963760605817631,0.003623939418239148
Ela_metadataset,NaiveBayes,0.95,Tuning,Defaults,0.9998981084807824,0.00010189151921763237
Ela_metadataset,NaiveBayes,0.95,Tuning,Defaults,0.9997933551174022,0.0002066448825960817
Ela_metadataset,NaiveBayes,0.95,Defaults,Defaults,0.9998435361289205,0.00015646387108064975
Ela_metadataset,NaiveBayes,0.95,Tuning,Defaults,0.9997303544328566,0.00026964556714584407
Ela_metadataset,NaiveBayes,0.95,Defaults,Defaults,0.9986066608661706,0.0013933391338289995
Ela_metadataset,NaiveBayes,0.95,Defaults,Defaults,0.9966996286537338,0.0033003713462692614
Ela_metadataset,NaiveBayes,0.95,Defaults,Defaults,0.9999486894148396,5.131058516091031e-05
Ela_metadataset,NaiveBayes,0.95,Defaults,Defaults,0.9998259155330699,0.00017408446693166116
Ela_metadataset,NaiveBayes,0.95,Tuning,Defaults,0.8825301837036502,0.11746981629634728
Ela_metadataset,NaiveBayes,0.95,Tuning,Defaults,0.9995495758838606,0.00045042411613821
Ela_metadataset,NaiveBayes,0.95,Tuning,Defaults,0.9999996009746198,3.990253767564288e-07
Ela_metadataset,NaiveBayes,0.95,Defaults,Defaults,0.9790655776465522,0.020934422353443758
Ela_metadataset,NaiveBayes,0.95,Defaults,Tuning,4.305228261574216e-44,1.0
Ela_metadataset,NaiveBayes,0.95,Defaults,Defaults,0.9994010597445672,0.0005989402554306504
Ela_metadataset,NaiveBayes,0.95,Defaults,Defaults,0.9999442227921813,5.5777207817376695e-05
Ela_metadataset,NaiveBayes,0.95,Tuning,Defaults,0.9996919739131567,0.0003080260868435118
Ela_metadataset,NaiveBayes,0.95,Tuning,Defaults,0.9999997509621633,2.490378427937391e-07
Ela_metadataset,NaiveBayes,0.95,Defaults,Defaults,0.9999248024603842,7.519753961484114e-05
Ela_metadataset,NaiveBayes,0.95,Tuning,Defaults,0.9992696520588856,0.00073034794111245
Ela_metadataset,NaiveBayes,0.95,Defaults,Defaults,0.9996266711135903,0.0003733288864079192
Ela_metadataset,NaiveBayes,0.95,Tuning,Defaults,0.5950904673403988,0.404909532659604
Ela_metadataset,NaiveBayes,0.95,Tuning,Defaults,0.9942785181648848,0.005721481835112013
Ela_metadataset,NaiveBayes,0.95,Defaults,Defaults,0.984319205660437,0.01568079433956096
Ela_metadataset,NaiveBayes,0.95,Tuning,Defaults,0.9993314531157619,0.0006685468842353794
Ela_metadataset,NaiveBayes,0.95,Defaults,Defaults,0.999985116713288,1.4883286710016305e-05
Ela_metadataset,NaiveBayes,0.95,Tuning,Tuning,0.00020743060758778657,0.9997925693924108
Ela_metadataset,NaiveBayes,0.95,Tuning,Tuning,0.00028298857266100626,0.9997170114273403
Ela_metadataset,NaiveBayes,0.95,Tuning,Defaults,0.9803216109469259,0.01967838905307628
Ela_metadataset,NaiveBayes,0.95,Defaults,Defaults,0.9441513311398546,0.05584866886014401
Ela_metadataset,NaiveBayes,0.95,Tuning,Tuning,0.3119551127732426,0.6880448872267544
Ela_metadataset,NaiveBayes,0.95,Tuning,Tuning,0.0007298809380987002,0.9992701190618999
Ela_metadataset,NaiveBayes,0.95,Tuning,Defaults,0.9700086583605492,0.02999134163945082
Ela_metadataset,NaiveBayes,0.95,Defaults,Tuning,2.6300221998977626e-26,1.0
Ela_metadataset,NaiveBayes,0.95,Tuning,Tuning,2.0038129543053432e-32,1.0
Ela_metadataset,NaiveBayes,0.95,Tuning,Defaults,0.9969251828138507,0.0030748171861468064
Ela_metadataset,NaiveBayes,0.95,Tuning,Tuning,0.37829258555153283,0.621707414448467
Ela_metadataset,NaiveBayes,0.95,Tuning,Tuning,1.389762865614256e-05,0.999986102371341
Ela_metadataset,NaiveBayes,0.95,Tuning,Defaults,0.9987891550448771,0.0012108449551256186
Ela_metadataset,NaiveBayes,0.95,Tuning,Tuning,0.08685716375214958,0.9131428362478472
Ela_metadataset,NaiveBayes,0.95,Tuning,Defaults,0.6118533724392858,0.3881466275607109
Ela_metadataset,NaiveBayes,0.95,Defaults,Defaults,0.9932281037491069,0.006771896250890465
Ela_metadataset,NaiveBayes,0.95,Tuning,Tuning,0.01905793103282847,0.9809420689671732
Ela_metadataset,NaiveBayes,0.95,Tuning,Defaults,0.899220891128474,0.10077910887152272
Ela_metadataset,NaiveBayes,0.95,Tuning,Defaults,0.9464170101661245,0.05358298983387388
Ela_metadataset,NaiveBayes,0.95,Tuning,Defaults,0.9976475549287458,0.0023524450712536916
Ela_metadataset,NaiveBayes,0.95,Tuning,Tuning,2.9258191734846745e-11,0.9999999999707399
Ela_metadataset,NaiveBayes,0.95,Tuning,Defaults,0.9998742544903377,0.00012574550966193055
Ela_metadataset,NaiveBayes,0.95,Tuning,Defaults,0.9999999999989342,1.0682934072765106e-12
Ela_metadataset,NaiveBayes,0.95,Tuning,Tuning,2.2587854148931866e-06,0.9999977412145784
Ela_metadataset,NaiveBayes,0.95,Defaults,Defaults,0.9999999999998792,1.2248484533860624e-13
Ela_metadataset,NaiveBayes,0.95,Tuning,Tuning,0.0038225411136335696,0.9961774588863673
Ela_metadataset,NaiveBayes,0.95,Defaults,Defaults,0.9887819793195055,0.011218020680491578
Ela_metadataset,NaiveBayes,0.95,Tuning,Defaults,0.9793163810018546,0.02068361899814284
Ela_metadataset,NaiveBayes,0.95,Tuning,Defaults,0.9999478049591617,5.219504083568356e-05
Ela_metadataset,NaiveBayes,0.95,Tuning,Defaults,0.6199862344836492,0.38001376551635135
Ela_metadataset,NaiveBayes,0.95,Tuning,Tuning,2.6894013345928263e-15,1.0
Ela_metadataset,NaiveBayes,0.95,Defaults,Tuning,0.00016620336394056198,0.9998337966360573
Ela_metadataset,NaiveBayes,0.95,Defaults,Defaults,0.9984544187427287,0.0015455812572720197
Ela_metadataset,NaiveBayes,0.95,Tuning,Defaults,0.9847588038618028,0.015241196138197272
Ela_metadataset,NaiveBayes,0.95,Tuning,Defaults,0.9110416725517965,0.08895832744820407
Ela_metadataset,NaiveBayes,0.95,Tuning,Defaults,0.9975055667177773,0.002494433282223014
Ela_metadataset,NaiveBayes,0.95,Tuning,Defaults,0.9921199274809271,0.007880072519070493
Ela_metadataset,NaiveBayes,0.95,Tuning,Defaults,0.9994890927115676,0.0005109072884356972
Ela_metadataset,NaiveBayes,0.95,Tuning,Tuning,1.4353095066251496e-13,0.9999999999998579
Ela_metadataset,NaiveBayes,0.95,Tuning,Defaults,0.9704189229802399,0.029581077019763556
Ela_metadataset,NaiveBayes,0.95,Tuning,Defaults,0.9999942680475797,5.731952418604012e-06
Ela_metadataset,NaiveBayes,0.95,Defaults,Defaults,0.9954433692653818,0.0045566307346156815
Ela_metadataset,NaiveBayes,0.95,Tuning,Defaults,0.9997626781437808,0.00023732185621579805
Ela_metadataset,NaiveBayes,0.95,Tuning,Defaults,0.9999905642912321,9.435708767021279e-06
Ela_metadataset,NaiveBayes,0.95,Tuning,Tuning,2.9679626815368283e-08,0.9999999703203746
Ela_metadataset,NaiveBayes,0.95,Tuning,Defaults,0.9998747997290368,0.00012520027096347413
Ela_metadataset,NaiveBayes,0.95,Defaults,Tuning,0.08270847524185598,0.9172915247581453
Ela_metadataset,NaiveBayes,0.95,Tuning,Defaults,0.9317367066002686,0.06826329339973033
Ela_metadataset,NaiveBayes,0.95,Tuning,Tuning,0.3408622392730419,0.6591377607269575
Ela_metadataset,NaiveBayes,0.95,Tuning,Tuning,0.2927689940722893,0.7072310059277097
Ela_metadataset,NaiveBayes,0.95,Defaults,Defaults,0.9737611661341836,0.02623883386581871
Ela_metadataset,NaiveBayes,0.95,Tuning,Defaults,0.9243053177924939,0.07569468220750541
Ela_metadataset,NaiveBayes,0.95,Tuning,Defaults,0.9994187531325684,0.0005812468674337174
Ela_metadataset,NaiveBayes,0.95,Tuning,Tuning,0.44715725487910946,0.5528427451208927
Ela_metadataset,NaiveBayes,0.95,Defaults,Defaults,0.9999999917339721,8.266028743310484e-09
Ela_metadataset,NaiveBayes,0.95,Defaults,Defaults,0.9999861793414005,1.3820658596775973e-05
Ela_metadataset,NaiveBayes,0.95,Tuning,Defaults,0.9999829623658338,1.7037634167824536e-05
Ela_metadataset,NaiveBayes,0.95,Tuning,Defaults,0.995538953431462,0.004461046568535943
Ela_metadataset,NaiveBayes,0.95,Tuning,Defaults,0.999986854144707,1.3145855290076813e-05
Ela_metadataset,NaiveBayes,0.95,Defaults,Defaults,0.9065530794415632,0.09344692055843555
Ela_metadataset,NaiveBayes,0.95,Defaults,Tuning,0.0003684400085446811,0.9996315599914571
Ela_metadataset,NaiveBayes,0.95,Defaults,Defaults,0.9995415491425147,0.00045845085748355454
Ela_metadataset,NaiveBayes,0.95,Tuning,Defaults,0.9578712381939297,0.042128761806066894
Ela_metadataset,NaiveBayes,0.95,Defaults,Tuning,0.0,1.0
Ela_metadataset,NaiveBayes,0.95,Tuning,Defaults,0.9964707545485968,0.003529245451402798
Ela_metadataset,NaiveBayes,0.95,Tuning,Tuning,0.1043524798865602,0.8956475201134385
Ela_metadataset,NaiveBayes,0.95,Defaults,Defaults,0.9994485280525022,0.0005514719474978665
Ela_metadataset,NaiveBayes,0.95,Defaults,Defaults,0.8978881664573786,0.10211183354261809
Ela_metadataset,NaiveBayes,0.95,Tuning,Defaults,0.9859978818193619,0.014002118180638191
Ela_metadataset,NaiveBayes,0.95,Tuning,Defaults,0.9854551221444859,0.014544877855513129
Ela_metadataset,NaiveBayes,0.95,Defaults,Defaults,0.9932861597778964,0.006713840222106281
Ela_metadataset,NaiveBayes,0.95,Tuning,Defaults,0.5428364057269263,0.45716359427307246
Ela_metadataset,NaiveBayes,0.95,Tuning,Defaults,0.9988730034014678,0.0011269965985324106
Ela_metadataset,NaiveBayes,0.95,Tuning,Defaults,0.9999999999943014,5.700825189059376e-12
Ela_metadataset,NaiveBayes,0.95,Tuning,Defaults,0.8293257746325876,0.17067422536741125
Ela_metadataset,LogisticRegression,0.8,Tuning,Tuning,0.46758137623336615,0.5324186237666338
Ela_metadataset,LogisticRegression,0.8,Tuning,Tuning,0.08495346248435165,0.9150465375156484
Ela_metadataset,LogisticRegression,0.8,Defaults,Defaults,0.8542374533117058,0.14576254668829425
Ela_metadataset,LogisticRegression,0.8,Tuning,Tuning,0.10162701620558989,0.8983729837944101
Ela_metadataset,LogisticRegression,0.8,Tuning,Tuning,0.008035607842588943,0.9919643921574111
Ela_metadataset,LogisticRegression,0.8,Tuning,Tuning,0.2900059702308082,0.7099940297691918
Ela_metadataset,LogisticRegression,0.8,Tuning,Tuning,0.01451418618788447,0.9854858138121155
Ela_metadataset,LogisticRegression,0.8,Defaults,Tuning,0.2895527009840202,0.7104472990159798
Ela_metadataset,LogisticRegression,0.8,Defaults,Defaults,0.5628873857680583,0.4371126142319417
Ela_metadataset,LogisticRegression,0.8,Tuning,Tuning,0.14404315047807592,0.8559568495219241
Ela_metadataset,LogisticRegression,0.8,Tuning,Tuning,0.03396629191574507,0.9660337080842549
Ela_metadataset,LogisticRegression,0.8,Defaults,Tuning,0.31110356044062093,0.6888964395593791
Ela_metadataset,LogisticRegression,0.8,Tuning,Tuning,0.19811670184633545,0.8018832981536645
Ela_metadataset,LogisticRegression,0.8,Tuning,Defaults,0.6408498558195888,0.3591501441804112
Ela_metadataset,LogisticRegression,0.8,Tuning,Tuning,2.2310199866426572e-06,0.9999977689800134
Ela_metadataset,LogisticRegression,0.8,Tuning,Tuning,0.022753987741814585,0.9772460122581854
Ela_metadataset,LogisticRegression,0.8,Defaults,Defaults,0.8079631650627725,0.19203683493722748
Ela_metadataset,LogisticRegression,0.8,Tuning,Tuning,0.003024602720512415,0.9969753972794876
Ela_metadataset,LogisticRegression,0.8,Defaults,Tuning,0.4612589688586839,0.5387410311413161
Ela_metadataset,LogisticRegression,0.8,Tuning,Defaults,0.9393156011615902,0.06068439883840987
Ela_metadataset,LogisticRegression,0.8,Tuning,Tuning,0.46316707872513596,0.536832921274864
Ela_metadataset,LogisticRegression,0.8,Defaults,Defaults,0.5973401165387531,0.40265988346124687
Ela_metadataset,LogisticRegression,0.8,Tuning,Tuning,0.49404859507898435,0.5059514049210156
Ela_metadataset,LogisticRegression,0.8,Tuning,Tuning,0.06653274317383906,0.9334672568261609
Ela_metadataset,LogisticRegression,0.8,Tuning,Tuning,0.05624078977137403,0.943759210228626
Ela_metadataset,LogisticRegression,0.8,Tuning,Tuning,0.06682152417613263,0.9331784758238674
Ela_metadataset,LogisticRegression,0.8,Tuning,Tuning,0.024613069002810017,0.97538693099719
Ela_metadataset,LogisticRegression,0.8,Tuning,Tuning,0.04805162728772916,0.9519483727122708
Ela_metadataset,LogisticRegression,0.8,Tuning,Tuning,0.006762706680041308,0.9932372933199587
Ela_metadataset,LogisticRegression,0.8,Tuning,Tuning,0.0754086291241165,0.9245913708758835
Ela_metadataset,LogisticRegression,0.8,Tuning,Tuning,6.741832517276336e-05,0.9999325816748272
Ela_metadataset,LogisticRegression,0.8,Tuning,Tuning,0.03403326027460074,0.9659667397253993
Ela_metadataset,LogisticRegression,0.8,Defaults,Defaults,0.8916636083090909,0.1083363916909091
Ela_metadataset,LogisticRegression,0.8,Defaults,Defaults,0.7590219512395776,0.24097804876042236
Ela_metadataset,LogisticRegression,0.8,Tuning,Tuning,0.023289530376620404,0.9767104696233796
Ela_metadataset,LogisticRegression,0.8,Tuning,Tuning,0.08313894609478867,0.9168610539052113
Ela_metadataset,LogisticRegression,0.8,Tuning,Tuning,0.14377002533957173,0.8562299746604283
Ela_metadataset,LogisticRegression,0.8,Defaults,Tuning,0.0013271766024196552,0.9986728233975803
Ela_metadataset,LogisticRegression,0.8,Tuning,Tuning,0.06690943754849543,0.9330905624515046
Ela_metadataset,LogisticRegression,0.8,Defaults,Tuning,0.47692630687641235,0.5230736931235876
Ela_metadataset,LogisticRegression,0.8,Tuning,Tuning,0.021022639908201746,0.9789773600917983
Ela_metadataset,LogisticRegression,0.8,Tuning,Tuning,0.00011813913196989656,0.9998818608680301
Ela_metadataset,LogisticRegression,0.8,Tuning,Tuning,0.0036515985701426334,0.9963484014298574
Ela_metadataset,LogisticRegression,0.8,Tuning,Tuning,0.03663249615502895,0.963367503844971
Ela_metadataset,LogisticRegression,0.8,Tuning,Tuning,0.015943249737038978,0.984056750262961
Ela_metadataset,LogisticRegression,0.8,Tuning,Tuning,0.16437198345136894,0.8356280165486311
Ela_metadataset,LogisticRegression,0.8,Tuning,Tuning,0.30473133344669145,0.6952686665533085
Ela_metadataset,LogisticRegression,0.8,Tuning,Tuning,0.17101284917607273,0.8289871508239273
Ela_metadataset,LogisticRegression,0.8,Tuning,Tuning,0.4633123239902591,0.5366876760097409
Ela_metadataset,LogisticRegression,0.8,Tuning,Tuning,0.06231627870915668,0.9376837212908433
Ela_metadataset,LogisticRegression,0.8,Defaults,Defaults,0.720781973969449,0.27921802603055107
Ela_metadataset,LogisticRegression,0.8,Tuning,Tuning,0.14069442133114973,0.8593055786688503
Ela_metadataset,LogisticRegression,0.8,Tuning,Tuning,0.012103926751031113,0.9878960732489689
Ela_metadataset,LogisticRegression,0.8,Defaults,Tuning,0.15571350874280587,0.8442864912571941
Ela_metadataset,LogisticRegression,0.8,Tuning,Tuning,0.24826777569814584,0.7517322243018542
Ela_metadataset,LogisticRegression,0.8,Tuning,Defaults,0.5596612307397091,0.4403387692602909
Ela_metadataset,LogisticRegression,0.8,Tuning,Tuning,0.005671661226131941,0.9943283387738681
Ela_metadataset,LogisticRegression,0.8,Tuning,Tuning,0.3952344903187023,0.6047655096812977
Ela_metadataset,LogisticRegression,0.8,Tuning,Tuning,0.044904456276007254,0.9550955437239927
Ela_metadataset,LogisticRegression,0.8,Tuning,Tuning,0.022490475223690076,0.9775095247763099
Ela_metadataset,LogisticRegression,0.8,Tuning,Tuning,0.1137673012142062,0.8862326987857938
Ela_metadataset,LogisticRegression,0.8,Tuning,Defaults,0.5380574862458019,0.4619425137541982
Ela_metadataset,LogisticRegression,0.8,Tuning,Tuning,0.2378037715864083,0.7621962284135917
Ela_metadataset,LogisticRegression,0.8,Defaults,Defaults,0.5995952869729801,0.4004047130270198
Ela_metadataset,LogisticRegression,0.8,Tuning,Tuning,0.46134290601160743,0.5386570939883926
Ela_metadataset,LogisticRegression,0.8,Defaults,Defaults,0.7684223101194663,0.2315776898805338
Ela_metadataset,LogisticRegression,0.8,Tuning,Tuning,0.1916524614740358,0.8083475385259642
Ela_metadataset,LogisticRegression,0.8,Tuning,Tuning,0.04620191519737327,0.9537980848026267
Ela_metadataset,LogisticRegression,0.8,Tuning,Tuning,0.37183182129333336,0.6281681787066666
Ela_metadataset,LogisticRegression,0.8,Tuning,Defaults,0.5204762914400697,0.4795237085599303
Ela_metadataset,LogisticRegression,0.8,Tuning,Defaults,0.5176191671796697,0.48238083282033034
Ela_metadataset,LogisticRegression,0.8,Defaults,Tuning,0.4024199298847789,0.5975800701152211
Ela_metadataset,LogisticRegression,0.8,Tuning,Tuning,0.36351780914179044,0.6364821908582096
Ela_metadataset,LogisticRegression,0.8,Defaults,Tuning,0.39381258777714956,0.6061874122228504
Ela_metadataset,LogisticRegression,0.8,Defaults,Tuning,0.3003175820821995,0.6996824179178005
Ela_metadataset,LogisticRegression,0.8,Defaults,Tuning,0.16859557984479667,0.8314044201552033
Ela_metadataset,LogisticRegression,0.8,Defaults,Defaults,0.6625279183728714,0.33747208162712866
Ela_metadataset,LogisticRegression,0.8,Tuning,Tuning,0.01681202327200315,0.9831879767279968
Ela_metadataset,LogisticRegression,0.8,Tuning,Tuning,0.011579022136169903,0.9884209778638301
Ela_metadataset,LogisticRegression,0.8,Tuning,Tuning,0.1257051229200905,0.8742948770799095
Ela_metadataset,LogisticRegression,0.8,Defaults,Tuning,0.4574476733198465,0.5425523266801535
Ela_metadataset,LogisticRegression,0.8,Defaults,Tuning,0.04109222621467867,0.9589077737853213
Ela_metadataset,LogisticRegression,0.8,Defaults,Defaults,0.6347027723565506,0.3652972276434494
Ela_metadataset,LogisticRegression,0.8,Defaults,Defaults,0.787963537900578,0.21203646209942198
Ela_metadataset,LogisticRegression,0.8,Tuning,Tuning,0.23588319851286887,0.7641168014871311
Ela_metadataset,LogisticRegression,0.8,Tuning,Defaults,0.605081024567409,0.3949189754325911
Ela_metadataset,LogisticRegression,0.8,Defaults,Defaults,0.9211533604126517,0.07884663958734824
Ela_metadataset,LogisticRegression,0.8,Tuning,Tuning,0.11731712027185859,0.8826828797281414
Ela_metadataset,LogisticRegression,0.8,Defaults,Tuning,0.25286461417749984,0.7471353858225002
Ela_metadataset,LogisticRegression,0.8,Tuning,Tuning,0.00853369502945589,0.9914663049705441
Ela_metadataset,LogisticRegression,0.8,Tuning,Tuning,0.20552719579680767,0.7944728042031923
Ela_metadataset,LogisticRegression,0.8,Defaults,Defaults,0.8736483160993131,0.12635168390068688
Ela_metadataset,LogisticRegression,0.8,Tuning,Tuning,0.24465205096139242,0.7553479490386076
Ela_metadataset,LogisticRegression,0.8,Defaults,Defaults,0.5552645330708623,0.44473546692913773
Ela_metadataset,LogisticRegression,0.8,Tuning,Tuning,0.06069678947512236,0.9393032105248776
Ela_metadataset,LogisticRegression,0.8,Tuning,Tuning,0.06669013279331404,0.933309867206686
Ela_metadataset,LogisticRegression,0.8,Tuning,Tuning,0.24886476321013684,0.7511352367898632
Ela_metadataset,LogisticRegression,0.8,Defaults,Tuning,0.1531718030145035,0.8468281969854965
Ela_metadataset,LogisticRegression,0.8,Tuning,Tuning,0.01311428582530072,0.9868857141746993
Ela_metadataset,LogisticRegression,0.8,Tuning,Tuning,0.31195249464782326,0.6880475053521767
Ela_metadataset,LogisticRegression,0.8,Tuning,Tuning,0.03533051466641224,0.9646694853335878
Ela_metadataset,LogisticRegression,0.8,Defaults,Tuning,0.04158716462724865,0.9584128353727513
Ela_metadataset,LogisticRegression,0.8,Tuning,Tuning,0.003893749506631572,0.9961062504933684
Ela_metadataset,LogisticRegression,0.8,Tuning,Tuning,0.20819058528088807,0.7918094147191119
Ela_metadataset,LogisticRegression,0.8,Tuning,Tuning,0.002360112545313875,0.9976398874546861
Ela_metadataset,LogisticRegression,0.8,Tuning,Tuning,0.019022180550043566,0.9809778194499564
Ela_metadataset,LogisticRegression,0.8,Tuning,Defaults,0.7790535355590793,0.22094646444092067
Ela_metadataset,LogisticRegression,0.8,Tuning,Defaults,0.6096063488378196,0.39039365116218033
Ela_metadataset,LogisticRegression,0.8,Tuning,Tuning,0.017207273752704255,0.9827927262472957
Ela_metadataset,LogisticRegression,0.8,Defaults,Tuning,0.476581671835419,0.523418328164581
Ela_metadataset,LogisticRegression,0.8,Tuning,Tuning,0.021066743710422275,0.9789332562895777
Ela_metadataset,LogisticRegression,0.8,Tuning,Tuning,0.15472369374504813,0.8452763062549519
Ela_metadataset,LogisticRegression,0.8,Tuning,Tuning,0.3104793389965501,0.6895206610034499
Ela_metadataset,LogisticRegression,0.8,Tuning,Tuning,0.16037543689943778,0.8396245631005622
Ela_metadataset,LogisticRegression,0.8,Tuning,Tuning,0.00011947322410110761,0.9998805267758989
Ela_metadataset,LogisticRegression,0.8,Tuning,Tuning,0.1301288867236321,0.8698711132763679
Ela_metadataset,LogisticRegression,0.8,Tuning,Defaults,0.9616280235494246,0.038371976450575385
Ela_metadataset,LogisticRegression,0.8,Tuning,Tuning,0.10528813502439982,0.8947118649756002
Ela_metadataset,LogisticRegression,0.8,Defaults,Defaults,0.9361332052620076,0.06386679473799242
Ela_metadataset,LogisticRegression,0.8,Tuning,Tuning,0.0002817949872006009,0.9997182050127994
Ela_metadataset,LogisticRegression,0.8,Defaults,Tuning,0.09125677104457308,0.9087432289554269
Ela_metadataset,LogisticRegression,0.8,Tuning,Tuning,0.012092680008390033,0.98790731999161
Ela_metadataset,LogisticRegression,0.8,Tuning,Defaults,0.5151173604509185,0.4848826395490815
Ela_metadataset,LogisticRegression,0.8,Tuning,Tuning,0.006502774842649051,0.993497225157351
Ela_metadataset,LogisticRegression,0.8,Tuning,Tuning,0.02204956976955219,0.9779504302304478
Ela_metadataset,LogisticRegression,0.8,Defaults,Tuning,0.0873315383186497,0.9126684616813503
Ela_metadataset,LogisticRegression,0.8,Defaults,Defaults,0.5772589132768249,0.4227410867231751
Ela_metadataset,LogisticRegression,0.8,Tuning,Tuning,0.0815295142899033,0.9184704857100967
Ela_metadataset,LogisticRegression,0.8,Tuning,Tuning,0.16039805970609833,0.8396019402939017
Ela_metadataset,LogisticRegression,0.8,Tuning,Defaults,0.5230898647727842,0.47691013522721576
Ela_metadataset,LogisticRegression,0.8,Tuning,Tuning,0.4087640446754912,0.5912359553245088
Ela_metadataset,LogisticRegression,0.8,Tuning,Tuning,0.09455324874899262,0.9054467512510074
Ela_metadataset,LogisticRegression,0.8,Tuning,Tuning,0.029237025899474856,0.9707629741005251
Ela_metadataset,LogisticRegression,0.8,Tuning,Tuning,0.05267519768295825,0.9473248023170417
Ela_metadataset,LogisticRegression,0.8,Tuning,Tuning,0.34393973002668543,0.6560602699733146
Ela_metadataset,LogisticRegression,0.8,Defaults,Tuning,0.1367412864338966,0.8632587135661034
Ela_metadataset,LogisticRegression,0.8,Tuning,Tuning,0.3642673933538563,0.6357326066461437
Ela_metadataset,LogisticRegression,0.8,Tuning,Defaults,0.6030012537917839,0.3969987462082161
Ela_metadataset,LogisticRegression,0.8,Tuning,Tuning,0.06289525389010686,0.9371047461098931
Ela_metadataset,LogisticRegression,0.8,Tuning,Tuning,0.3561967600070305,0.6438032399929695
Ela_metadataset,LogisticRegression,0.8,Defaults,Tuning,0.10352845900836416,0.8964715409916358
Ela_metadataset,LogisticRegression,0.8,Tuning,Tuning,0.015381646824662476,0.9846183531753375
Ela_metadataset,LogisticRegression,0.8,Tuning,Tuning,0.0403134468588372,0.9596865531411628
Ela_metadataset,LogisticRegression,0.8,Tuning,Tuning,0.00172452955013902,0.998275470449861
Ela_metadataset,LogisticRegression,0.8,Defaults,Tuning,0.026705857174119663,0.9732941428258803
Ela_metadataset,LogisticRegression,0.8,Tuning,Tuning,0.0985603785258512,0.9014396214741488
Ela_metadataset,LogisticRegression,0.8,Tuning,Tuning,0.1908426314644931,0.8091573685355069
Ela_metadataset,LogisticRegression,0.8,Tuning,Tuning,0.022284105010450195,0.9777158949895498
Ela_metadataset,LogisticRegression,0.8,Defaults,Defaults,0.947816917095782,0.05218308290421804
Ela_metadataset,LogisticRegression,0.8,Defaults,Defaults,0.7563295000483912,0.2436704999516088
Ela_metadataset,LogisticRegression,0.8,Tuning,Defaults,0.991716630110282,0.00828336988971798
Ela_metadataset,LogisticRegression,0.8,Tuning,Tuning,0.09969413629606849,0.9003058637039315
Ela_metadataset,LogisticRegression,0.8,Tuning,Tuning,0.08085557953809497,0.919144420461905
Ela_metadataset,LogisticRegression,0.8,Defaults,Tuning,0.2062228828828775,0.7937771171171225
Ela_metadataset,LogisticRegression,0.8,Defaults,Tuning,0.3437719314330113,0.6562280685669887
Ela_metadataset,LogisticRegression,0.8,Defaults,Defaults,0.8035125156688111,0.19648748433118893
Ela_metadataset,LogisticRegression,0.8,Tuning,Tuning,0.05503624048479294,0.9449637595152071
Ela_metadataset,LogisticRegression,0.8,Defaults,Tuning,4.972600109454106e-11,0.999999999950274
Ela_metadataset,LogisticRegression,0.8,Tuning,Tuning,0.3581070260581458,0.6418929739418542
Ela_metadataset,LogisticRegression,0.8,Tuning,Tuning,0.02074832128279802,0.979251678717202
Ela_metadataset,LogisticRegression,0.8,Defaults,Tuning,0.44612771913955485,0.5538722808604452
Ela_metadataset,LogisticRegression,0.8,Defaults,Tuning,0.19581353867877427,0.8041864613212257
Ela_metadataset,LogisticRegression,0.8,Tuning,Tuning,0.2447037537130643,0.7552962462869357
Ela_metadataset,LogisticRegression,0.8,Tuning,Defaults,0.6672502212222272,0.3327497787777728
Ela_metadataset,LogisticRegression,0.8,Defaults,Tuning,0.1054146729481854,0.8945853270518146
Ela_metadataset,LogisticRegression,0.8,Tuning,Tuning,0.010055776809530403,0.9899442231904696
Ela_metadataset,LogisticRegression,0.8,Tuning,Tuning,0.37694705930759964,0.6230529406924004
Ela_metadataset,LogisticRegression,0.8,Tuning,Tuning,0.17168023487190254,0.8283197651280975
Ela_metadataset,LogisticRegression,0.8,Tuning,Tuning,0.023438307330028052,0.976561692669972
Ela_metadataset,LogisticRegression,0.85,Tuning,Tuning,0.22362996477744956,0.7763700352225504
Ela_metadataset,LogisticRegression,0.85,Tuning,Tuning,0.06411108204466065,0.9358889179553394
Ela_metadataset,LogisticRegression,0.85,Defaults,Defaults,0.9149635874292186,0.08503641257078139
Ela_metadataset,LogisticRegression,0.85,Tuning,Tuning,0.05363765006958754,0.9463623499304125
Ela_metadataset,LogisticRegression,0.85,Tuning,Tuning,0.006599048468048263,0.9934009515319517
Ela_metadataset,LogisticRegression,0.85,Tuning,Tuning,0.22001176654696142,0.7799882334530386
Ela_metadataset,LogisticRegression,0.85,Tuning,Tuning,0.015080975704214739,0.9849190242957853
Ela_metadataset,LogisticRegression,0.85,Defaults,Tuning,0.3097075035213196,0.6902924964786804
Ela_metadataset,LogisticRegression,0.85,Defaults,Defaults,0.5607299166953579,0.4392700833046422
Ela_metadataset,LogisticRegression,0.85,Tuning,Tuning,0.15190817525506284,0.8480918247449372
Ela_metadataset,LogisticRegression,0.85,Tuning,Tuning,0.027799880345505512,0.9722001196544945
Ela_metadataset,LogisticRegression,0.85,Defaults,Tuning,0.4384484786196048,0.5615515213803952
Ela_metadataset,LogisticRegression,0.85,Tuning,Tuning,0.20592470012623298,0.794075299873767
Ela_metadataset,LogisticRegression,0.85,Tuning,Defaults,0.6733666589520358,0.32663334104796415
Ela_metadataset,LogisticRegression,0.85,Tuning,Tuning,5.939867024906675e-07,0.9999994060132975
Ela_metadataset,LogisticRegression,0.85,Tuning,Tuning,0.03403412373594916,0.9659658762640508
Ela_metadataset,LogisticRegression,0.85,Defaults,Defaults,0.7297128510262814,0.27028714897371864
Ela_metadataset,LogisticRegression,0.85,Tuning,Tuning,0.005540345602865537,0.9944596543971345
Ela_metadataset,LogisticRegression,0.85,Defaults,Defaults,0.5651532510799013,0.43484674892009867
Ela_metadataset,LogisticRegression,0.85,Tuning,Defaults,0.930774000571429,0.06922599942857104
Ela_metadataset,LogisticRegression,0.85,Tuning,Defaults,0.7234889088231012,0.27651109117689876
Ela_metadataset,LogisticRegression,0.85,Defaults,Defaults,0.5837644772744986,0.41623552272550135
Ela_metadataset,LogisticRegression,0.85,Tuning,Defaults,0.6728300604693455,0.32716993953065454
Ela_metadataset,LogisticRegression,0.85,Tuning,Tuning,0.08357534021130308,0.9164246597886969
Ela_metadataset,LogisticRegression,0.85,Tuning,Tuning,0.07137648493315829,0.9286235150668417
Ela_metadataset,LogisticRegression,0.85,Tuning,Tuning,0.04917490948531211,0.9508250905146879
Ela_metadataset,LogisticRegression,0.85,Tuning,Tuning,0.01784056848410187,0.9821594315158981
Ela_metadataset,LogisticRegression,0.85,Tuning,Tuning,0.035050561721233886,0.9649494382787661
Ela_metadataset,LogisticRegression,0.85,Tuning,Tuning,0.004875186206765192,0.9951248137932348
Ela_metadataset,LogisticRegression,0.85,Tuning,Tuning,0.09189256890875497,0.908107431091245
Ela_metadataset,LogisticRegression,0.85,Tuning,Tuning,5.50443253809485e-05,0.999944955674619
Ela_metadataset,LogisticRegression,0.85,Tuning,Tuning,0.02731503807662672,0.9726849619233733
Ela_metadataset,LogisticRegression,0.85,Defaults,Defaults,0.9699917710505549,0.030008228949445107
Ela_metadataset,LogisticRegression,0.85,Defaults,Defaults,0.8692453855721796,0.1307546144278205
Ela_metadataset,LogisticRegression,0.85,Tuning,Tuning,0.01652123487431867,0.9834787651256813
Ela_metadataset,LogisticRegression,0.85,Tuning,Tuning,0.037178272954921376,0.9628217270450786
Ela_metadataset,LogisticRegression,0.85,Tuning,Tuning,0.20759972158170525,0.7924002784182947
Ela_metadataset,LogisticRegression,0.85,Defaults,Tuning,0.019088659764572524,0.9809113402354275
Ela_metadataset,LogisticRegression,0.85,Tuning,Tuning,0.047998458225105955,0.952001541774894
Ela_metadataset,LogisticRegression,0.85,Defaults,Tuning,0.21772069692348373,0.7822793030765163
Ela_metadataset,LogisticRegression,0.85,Tuning,Tuning,0.04476012909110283,0.9552398709088972
Ela_metadataset,LogisticRegression,0.85,Tuning,Tuning,0.00014658519919774626,0.9998534148008023
Ela_metadataset,LogisticRegression,0.85,Tuning,Tuning,0.0016928799038264941,0.9983071200961735
Ela_metadataset,LogisticRegression,0.85,Tuning,Tuning,0.047301507497648165,0.9526984925023518
Ela_metadataset,LogisticRegression,0.85,Tuning,Tuning,0.005595099566457873,0.9944049004335421
Ela_metadataset,LogisticRegression,0.85,Tuning,Tuning,0.16840198555363883,0.8315980144463612
Ela_metadataset,LogisticRegression,0.85,Tuning,Tuning,0.17556006577184569,0.8244399342281543
Ela_metadataset,LogisticRegression,0.85,Tuning,Tuning,0.09378339901300736,0.9062166009869926
Ela_metadataset,LogisticRegression,0.85,Tuning,Tuning,0.3506731396174225,0.6493268603825775
Ela_metadataset,LogisticRegression,0.85,Tuning,Tuning,0.04542583227574848,0.9545741677242515
Ela_metadataset,LogisticRegression,0.85,Defaults,Defaults,0.9180581865964786,0.08194181340352139
Ela_metadataset,LogisticRegression,0.85,Tuning,Tuning,0.10517761206330267,0.8948223879366973
Ela_metadataset,LogisticRegression,0.85,Tuning,Tuning,0.009781960599885564,0.9902180394001144
Ela_metadataset,LogisticRegression,0.85,Defaults,Tuning,0.05902677787337263,0.9409732221266274
Ela_metadataset,LogisticRegression,0.85,Tuning,Tuning,0.22143334639007695,0.778566653609923
Ela_metadataset,LogisticRegression,0.85,Tuning,Defaults,0.6470568835048279,0.35294311649517207
Ela_metadataset,LogisticRegression,0.85,Tuning,Tuning,0.003777999591896508,0.9962220004081035
Ela_metadataset,LogisticRegression,0.85,Tuning,Tuning,0.47933347214308075,0.5206665278569192
Ela_metadataset,LogisticRegression,0.85,Tuning,Tuning,0.06775859680769891,0.9322414031923011
Ela_metadataset,LogisticRegression,0.85,Tuning,Tuning,0.032631336184553494,0.9673686638154465
Ela_metadataset,LogisticRegression,0.85,Tuning,Tuning,0.03832416505731384,0.9616758349426862
Ela_metadataset,LogisticRegression,0.85,Tuning,Defaults,0.6538188704140395,0.34618112958596053
Ela_metadataset,LogisticRegression,0.85,Tuning,Tuning,0.14390110523037491,0.8560988947696251
Ela_metadataset,LogisticRegression,0.85,Defaults,Tuning,0.45221364370978234,0.5477863562902177
Ela_metadataset,LogisticRegression,0.85,Tuning,Tuning,0.4156625819733082,0.5843374180266918
Ela_metadataset,LogisticRegression,0.85,Defaults,Defaults,0.8563679203746177,0.14363207962538227
Ela_metadataset,LogisticRegression,0.85,Tuning,Tuning,0.1916761964674285,0.8083238035325715
Ela_metadataset,LogisticRegression,0.85,Tuning,Tuning,0.018687243235740336,0.9813127567642597
Ela_metadataset,LogisticRegression,0.85,Tuning,Tuning,0.2728764986791865,0.7271235013208135
Ela_metadataset,LogisticRegression,0.85,Tuning,Defaults,0.5474878605384168,0.45251213946158314
Ela_metadataset,LogisticRegression,0.85,Tuning,Defaults,0.5952046609609409,0.404795339039059
Ela_metadataset,LogisticRegression,0.85,Defaults,Defaults,0.5066644857228584,0.4933355142771417
Ela_metadataset,LogisticRegression,0.85,Tuning,Tuning,0.33340403146209907,0.6665959685379009
Ela_metadataset,LogisticRegression,0.85,Defaults,Tuning,0.32656070704833295,0.673439292951667
Ela_metadataset,LogisticRegression,0.85,Defaults,Tuning,0.35347942471102267,0.6465205752889773
Ela_metadataset,LogisticRegression,0.85,Defaults,Tuning,0.21849778079430793,0.7815022192056921
Ela_metadataset,LogisticRegression,0.85,Defaults,Defaults,0.6122506834327472,0.3877493165672528
Ela_metadataset,LogisticRegression,0.85,Tuning,Tuning,0.008646560297468464,0.9913534397025315
Ela_metadataset,LogisticRegression,0.85,Tuning,Tuning,0.010522610434308022,0.989477389565692
Ela_metadataset,LogisticRegression,0.85,Tuning,Tuning,0.10321980745180304,0.896780192548197
Ela_metadataset,LogisticRegression,0.85,Defaults,Tuning,0.42207523210218123,0.5779247678978188
Ela_metadataset,LogisticRegression,0.85,Defaults,Tuning,0.02778789460612452,0.9722121053938755
Ela_metadataset,LogisticRegression,0.85,Defaults,Defaults,0.6012070239160165,0.39879297608398345
Ela_metadataset,LogisticRegression,0.85,Defaults,Defaults,0.8477394039978506,0.1522605960021494
Ela_metadataset,LogisticRegression,0.85,Tuning,Tuning,0.3834652995156653,0.6165347004843347
Ela_metadataset,LogisticRegression,0.85,Tuning,Defaults,0.5780052429712024,0.4219947570287976
Ela_metadataset,LogisticRegression,0.85,Defaults,Defaults,0.9711325086931093,0.028867491306890685
Ela_metadataset,LogisticRegression,0.85,Tuning,Tuning,0.11054441683983662,0.8894555831601634
Ela_metadataset,LogisticRegression,0.85,Defaults,Tuning,0.4372755059150437,0.5627244940849563
Ela_metadataset,LogisticRegression,0.85,Tuning,Tuning,0.005979024400862842,0.9940209755991372
Ela_metadataset,LogisticRegression,0.85,Tuning,Tuning,0.13787275531361654,0.8621272446863835
Ela_metadataset,LogisticRegression,0.85,Defaults,Defaults,0.9053908176235679,0.09460918237643211
Ela_metadataset,LogisticRegression,0.85,Tuning,Tuning,0.37085797418296584,0.6291420258170342
Ela_metadataset,LogisticRegression,0.85,Defaults,Defaults,0.8945793601399992,0.10542063986000087
Ela_metadataset,LogisticRegression,0.85,Tuning,Tuning,0.07012314352052118,0.9298768564794788
Ela_metadataset,LogisticRegression,0.85,Tuning,Tuning,0.05939479423200622,0.9406052057679938
Ela_metadataset,LogisticRegression,0.85,Tuning,Tuning,0.28730344330657354,0.7126965566934265
Ela_metadataset,LogisticRegression,0.85,Defaults,Tuning,0.10414769559733628,0.8958523044026637
Ela_metadataset,LogisticRegression,0.85,Tuning,Tuning,0.008085251551498196,0.9919147484485018
Ela_metadataset,LogisticRegression,0.85,Tuning,Tuning,0.27450423328727447,0.7254957667127255
Ela_metadataset,LogisticRegression,0.85,Tuning,Tuning,0.025477999353420877,0.9745220006465791
Ela_metadataset,LogisticRegression,0.85,Defaults,Tuning,0.048089163109716004,0.951910836890284
Ela_metadataset,LogisticRegression,0.85,Tuning,Tuning,0.007806446723154892,0.9921935532768451
Ela_metadataset,LogisticRegression,0.85,Tuning,Tuning,0.4244002273389994,0.5755997726610006
Ela_metadataset,LogisticRegression,0.85,Tuning,Tuning,0.002521129979966452,0.9974788700200335
Ela_metadataset,LogisticRegression,0.85,Tuning,Tuning,0.013244011360396324,0.9867559886396037
Ela_metadataset,LogisticRegression,0.85,Tuning,Defaults,0.5966414074588662,0.4033585925411339
Ela_metadataset,LogisticRegression,0.85,Tuning,Tuning,0.457661895278773,0.542338104721227
Ela_metadataset,LogisticRegression,0.85,Tuning,Tuning,0.010121361966670128,0.9898786380333299
Ela_metadataset,LogisticRegression,0.85,Defaults,Tuning,0.3381292012388928,0.6618707987611072
Ela_metadataset,LogisticRegression,0.85,Tuning,Tuning,0.012289114956227531,0.9877108850437725
Ela_metadataset,LogisticRegression,0.85,Tuning,Tuning,0.09590768379389292,0.9040923162061071
Ela_metadataset,LogisticRegression,0.85,Tuning,Tuning,0.18092235374620413,0.8190776462537959
Ela_metadataset,LogisticRegression,0.85,Tuning,Tuning,0.1696468601954465,0.8303531398045535
Ela_metadataset,LogisticRegression,0.85,Tuning,Tuning,2.189412856845596e-05,0.9999781058714315
Ela_metadataset,LogisticRegression,0.85,Tuning,Tuning,0.12238444428034079,0.8776155557196592
Ela_metadataset,LogisticRegression,0.85,Tuning,Defaults,0.9262618348606012,0.07373816513939882
Ela_metadataset,LogisticRegression,0.85,Tuning,Tuning,0.19285795256277294,0.8071420474372271
Ela_metadataset,LogisticRegression,0.85,Defaults,Defaults,0.9952727493310833,0.004727250668916664
Ela_metadataset,LogisticRegression,0.85,Tuning,Tuning,0.00010458600830409726,0.9998954139916959
Ela_metadataset,LogisticRegression,0.85,Defaults,Tuning,0.08197276714268331,0.9180272328573167
Ela_metadataset,LogisticRegression,0.85,Tuning,Tuning,0.010662649263057267,0.9893373507369427
Ela_metadataset,LogisticRegression,0.85,Tuning,Defaults,0.6386369555577722,0.3613630444422278
Ela_metadataset,LogisticRegression,0.85,Tuning,Tuning,0.008225244948684818,0.9917747550513152
Ela_metadataset,LogisticRegression,0.85,Tuning,Tuning,0.02932409972976846,0.9706759002702315
Ela_metadataset,LogisticRegression,0.85,Defaults,Tuning,0.17178244298916856,0.8282175570108314
Ela_metadataset,LogisticRegression,0.85,Defaults,Defaults,0.6369347619375385,0.36306523806246144
Ela_metadataset,LogisticRegression,0.85,Tuning,Tuning,0.07545268767512647,0.9245473123248735
Ela_metadataset,LogisticRegression,0.85,Tuning,Tuning,0.11541602007315499,0.884583979926845
Ela_metadataset,LogisticRegression,0.85,Tuning,Tuning,0.41160523126537074,0.5883947687346293
Ela_metadataset,LogisticRegression,0.85,Tuning,Tuning,0.3512369245038651,0.6487630754961349
Ela_metadataset,LogisticRegression,0.85,Tuning,Tuning,0.08217210161440558,0.9178278983855944
Ela_metadataset,LogisticRegression,0.85,Tuning,Tuning,0.0726096231163279,0.9273903768836721
Ela_metadataset,LogisticRegression,0.85,Tuning,Tuning,0.05281073854713925,0.9471892614528608
Ela_metadataset,LogisticRegression,0.85,Tuning,Tuning,0.30986065084110825,0.6901393491588917
Ela_metadataset,LogisticRegression,0.85,Defaults,Tuning,0.1847081184385433,0.8152918815614567
Ela_metadataset,LogisticRegression,0.85,Tuning,Tuning,0.23528465741231974,0.7647153425876803
Ela_metadataset,LogisticRegression,0.85,Tuning,Defaults,0.6187728486606718,0.3812271513393282
Ela_metadataset,LogisticRegression,0.85,Tuning,Tuning,0.0730448460470815,0.9269551539529185
Ela_metadataset,LogisticRegression,0.85,Tuning,Tuning,0.40396507590129227,0.5960349240987077
Ela_metadataset,LogisticRegression,0.85,Defaults,Tuning,0.23871793444222278,0.7612820655577772
Ela_metadataset,LogisticRegression,0.85,Tuning,Tuning,0.02258690040171929,0.9774130995982807
Ela_metadataset,LogisticRegression,0.85,Tuning,Tuning,0.04315802728427531,0.9568419727157247
Ela_metadataset,LogisticRegression,0.85,Tuning,Tuning,0.002447296807933763,0.9975527031920662
Ela_metadataset,LogisticRegression,0.85,Defaults,Tuning,0.040950695917639446,0.9590493040823606
Ela_metadataset,LogisticRegression,0.85,Tuning,Tuning,0.07849130842211771,0.9215086915778823
Ela_metadataset,LogisticRegression,0.85,Tuning,Tuning,0.23498924918485142,0.7650107508151486
Ela_metadataset,LogisticRegression,0.85,Tuning,Tuning,0.016838853352137084,0.9831611466478629
Ela_metadataset,LogisticRegression,0.85,Defaults,Defaults,0.9788114024006852,0.021188597599314764
Ela_metadataset,LogisticRegression,0.85,Defaults,Defaults,0.811019381995842,0.18898061800415794
Ela_metadataset,LogisticRegression,0.85,Tuning,Defaults,0.989048067411678,0.010951932588322081
Ela_metadataset,LogisticRegression,0.85,Tuning,Tuning,0.0659849713813283,0.9340150286186717
Ela_metadataset,LogisticRegression,0.85,Tuning,Tuning,0.041723508702430134,0.9582764912975699
Ela_metadataset,LogisticRegression,0.85,Defaults,Tuning,0.16083655910098205,0.839163440899018
Ela_metadataset,LogisticRegression,0.85,Defaults,Tuning,0.1841242961588686,0.8158757038411314
Ela_metadataset,LogisticRegression,0.85,Defaults,Defaults,0.6690780268199814,0.33092197318001865
Ela_metadataset,LogisticRegression,0.85,Tuning,Tuning,0.03171853944891212,0.9682814605510879
Ela_metadataset,LogisticRegression,0.85,Defaults,Tuning,4.6069814629845496e-12,0.999999999995393
Ela_metadataset,LogisticRegression,0.85,Tuning,Tuning,0.3193587850850612,0.6806412149149388
Ela_metadataset,LogisticRegression,0.85,Tuning,Tuning,0.013247671118086668,0.9867523288819133
Ela_metadataset,LogisticRegression,0.85,Defaults,Defaults,0.5365337802524075,0.46346621974759244
Ela_metadataset,LogisticRegression,0.85,Defaults,Tuning,0.17709902480037942,0.8229009751996206
Ela_metadataset,LogisticRegression,0.85,Tuning,Tuning,0.21848271185636137,0.7815172881436386
Ela_metadataset,LogisticRegression,0.85,Tuning,Defaults,0.7312512778710116,0.26874872212898837
Ela_metadataset,LogisticRegression,0.85,Defaults,Tuning,0.11192884896959343,0.8880711510304066
Ela_metadataset,LogisticRegression,0.85,Tuning,Tuning,0.003615709715172999,0.996384290284827
Ela_metadataset,LogisticRegression,0.85,Tuning,Tuning,0.34850913182568877,0.6514908681743112
Ela_metadataset,LogisticRegression,0.85,Tuning,Tuning,0.056780282717564856,0.9432197172824351
Ela_metadataset,LogisticRegression,0.85,Tuning,Tuning,0.025860607636525756,0.9741393923634742
Ela_metadataset,LogisticRegression,0.9,Tuning,Tuning,0.21273226200874784,0.7872677379912522
Ela_metadataset,LogisticRegression,0.9,Tuning,Tuning,0.06910089877671244,0.9308991012232876
Ela_metadataset,LogisticRegression,0.9,Defaults,Defaults,0.9167194755522766,0.08328052444772341
Ela_metadataset,LogisticRegression,0.9,Tuning,Tuning,0.05549993028060907,0.9445000697193909
Ela_metadataset,LogisticRegression,0.9,Tuning,Tuning,0.006752895922104374,0.9932471040778956
Ela_metadataset,LogisticRegression,0.9,Tuning,Tuning,0.21406571883470527,0.7859342811652947
Ela_metadataset,LogisticRegression,0.9,Tuning,Tuning,0.015160328519524868,0.9848396714804751
Ela_metadataset,LogisticRegression,0.9,Defaults,Tuning,0.307728839257851,0.692271160742149
Ela_metadataset,LogisticRegression,0.9,Defaults,Defaults,0.5699861090085142,0.4300138909914858
Ela_metadataset,LogisticRegression,0.9,Tuning,Tuning,0.14421196828057248,0.8557880317194275
Ela_metadataset,LogisticRegression,0.9,Tuning,Tuning,0.02801631856097253,0.9719836814390275
Ela_metadataset,LogisticRegression,0.9,Defaults,Tuning,0.44572861940455755,0.5542713805954425
Ela_metadataset,LogisticRegression,0.9,Tuning,Tuning,0.22307678337638392,0.7769232166236161
Ela_metadataset,LogisticRegression,0.9,Tuning,Defaults,0.671103386644764,0.32889661335523607
Ela_metadataset,LogisticRegression,0.9,Tuning,Tuning,5.569982526321127e-07,0.9999994430017474
Ela_metadataset,LogisticRegression,0.9,Tuning,Tuning,0.034454860807830445,0.9655451391921696
Ela_metadataset,LogisticRegression,0.9,Defaults,Defaults,0.7337850768917508,0.26621492310824924
Ela_metadataset,LogisticRegression,0.9,Tuning,Tuning,0.005501449964553484,0.9944985500354465
Ela_metadataset,LogisticRegression,0.9,Defaults,Defaults,0.5461405165751312,0.45385948342486887
Ela_metadataset,LogisticRegression,0.9,Tuning,Defaults,0.9288495589303087,0.0711504410696912
Ela_metadataset,LogisticRegression,0.9,Tuning,Defaults,0.7113432435462448,0.28865675645375527
Ela_metadataset,LogisticRegression,0.9,Defaults,Defaults,0.583970241189662,0.416029758810338
Ela_metadataset,LogisticRegression,0.9,Tuning,Defaults,0.6765084913499892,0.3234915086500108
Ela_metadataset,LogisticRegression,0.9,Tuning,Tuning,0.08286008588580707,0.9171399141141929
Ela_metadataset,LogisticRegression,0.9,Tuning,Tuning,0.07512272518767016,0.9248772748123298
Ela_metadataset,LogisticRegression,0.9,Tuning,Tuning,0.046276443420119606,0.9537235565798804
Ela_metadataset,LogisticRegression,0.9,Tuning,Tuning,0.017685602108988063,0.9823143978910119
Ela_metadataset,LogisticRegression,0.9,Tuning,Tuning,0.03352704419142616,0.9664729558085738
Ela_metadataset,LogisticRegression,0.9,Tuning,Tuning,0.004581714577765683,0.9954182854222343
Ela_metadataset,LogisticRegression,0.9,Tuning,Tuning,0.09083753470575961,0.9091624652942404
Ela_metadataset,LogisticRegression,0.9,Tuning,Tuning,5.607140393004695e-05,0.99994392859607
Ela_metadataset,LogisticRegression,0.9,Tuning,Tuning,0.027477550910054993,0.972522449089945
Ela_metadataset,LogisticRegression,0.9,Defaults,Defaults,0.9715751062697965,0.028424893730203512
Ela_metadataset,LogisticRegression,0.9,Defaults,Defaults,0.8584518833586202,0.1415481166413798
Ela_metadataset,LogisticRegression,0.9,Tuning,Tuning,0.016992538170308547,0.9830074618296915
Ela_metadataset,LogisticRegression,0.9,Tuning,Tuning,0.040245330304059634,0.9597546696959404
Ela_metadataset,LogisticRegression,0.9,Tuning,Tuning,0.19665688834103479,0.8033431116589652
Ela_metadataset,LogisticRegression,0.9,Defaults,Tuning,0.020989703729296205,0.9790102962707038
Ela_metadataset,LogisticRegression,0.9,Tuning,Tuning,0.049363204062391586,0.9506367959376084
Ela_metadataset,LogisticRegression,0.9,Defaults,Tuning,0.21493352768212648,0.7850664723178735
Ela_metadataset,LogisticRegression,0.9,Tuning,Tuning,0.04522386692269176,0.9547761330773082
Ela_metadataset,LogisticRegression,0.9,Tuning,Tuning,0.00015311992510991246,0.9998468800748901
Ela_metadataset,LogisticRegression,0.9,Tuning,Tuning,0.0015835766339964419,0.9984164233660036
Ela_metadataset,LogisticRegression,0.9,Tuning,Tuning,0.047137210692786535,0.9528627893072135
Ela_metadataset,LogisticRegression,0.9,Tuning,Tuning,0.005336282014478111,0.9946637179855219
Ela_metadataset,LogisticRegression,0.9,Tuning,Tuning,0.1658374040179158,0.8341625959820842
Ela_metadataset,LogisticRegression,0.9,Tuning,Tuning,0.18233450647877802,0.817665493521222
Ela_metadataset,LogisticRegression,0.9,Tuning,Tuning,0.08570281495350429,0.9142971850464957
Ela_metadataset,LogisticRegression,0.9,Tuning,Tuning,0.347700215464681,0.652299784535319
Ela_metadataset,LogisticRegression,0.9,Tuning,Tuning,0.04691241942514046,0.9530875805748595
Ela_metadataset,LogisticRegression,0.9,Defaults,Defaults,0.9192811293462366,0.0807188706537634
Ela_metadataset,LogisticRegression,0.9,Tuning,Tuning,0.11228887354585249,0.8877111264541475
Ela_metadataset,LogisticRegression,0.9,Tuning,Tuning,0.009148095959192859,0.9908519040408071
Ela_metadataset,LogisticRegression,0.9,Defaults,Tuning,0.05434058997607294,0.9456594100239271
Ela_metadataset,LogisticRegression,0.9,Tuning,Tuning,0.22432286208170193,0.7756771379182981
Ela_metadataset,LogisticRegression,0.9,Tuning,Defaults,0.6504756336910568,0.34952436630894324
Ela_metadataset,LogisticRegression,0.9,Tuning,Tuning,0.003853125364730703,0.9961468746352693
Ela_metadataset,LogisticRegression,0.9,Tuning,Tuning,0.48187902076725597,0.518120979232744
Ela_metadataset,LogisticRegression,0.9,Tuning,Tuning,0.06448165999961453,0.9355183400003855
Ela_metadataset,LogisticRegression,0.9,Tuning,Tuning,0.03361608807478844,0.9663839119252116
Ela_metadataset,LogisticRegression,0.9,Tuning,Tuning,0.03860848032252784,0.9613915196774722
Ela_metadataset,LogisticRegression,0.9,Tuning,Defaults,0.643320008876602,0.35667999112339793
Ela_metadataset,LogisticRegression,0.9,Tuning,Tuning,0.1517561332277847,0.8482438667722153
Ela_metadataset,LogisticRegression,0.9,Defaults,Tuning,0.4542486129611315,0.5457513870388685
Ela_metadataset,LogisticRegression,0.9,Tuning,Tuning,0.4302110851603026,0.5697889148396974
Ela_metadataset,LogisticRegression,0.9,Defaults,Defaults,0.8528061516129666,0.14719384838703337
Ela_metadataset,LogisticRegression,0.9,Tuning,Tuning,0.19365822745825878,0.8063417725417412
Ela_metadataset,LogisticRegression,0.9,Tuning,Tuning,0.018521434119114666,0.9814785658808853
Ela_metadataset,LogisticRegression,0.9,Tuning,Tuning,0.26864670092883336,0.7313532990711666
Ela_metadataset,LogisticRegression,0.9,Tuning,Defaults,0.538519319831387,0.461480680168613
Ela_metadataset,LogisticRegression,0.9,Tuning,Defaults,0.5879885721120839,0.41201142788791617
Ela_metadataset,LogisticRegression,0.9,Defaults,Defaults,0.5160476096962032,0.4839523903037968
Ela_metadataset,LogisticRegression,0.9,Tuning,Tuning,0.334612388011138,0.665387611988862
Ela_metadataset,LogisticRegression,0.9,Defaults,Tuning,0.33330123786880483,0.6666987621311952
Ela_metadataset,LogisticRegression,0.9,Defaults,Tuning,0.352328182738873,0.647671817261127
Ela_metadataset,LogisticRegression,0.9,Defaults,Tuning,0.19756332045346914,0.8024366795465309
Ela_metadataset,LogisticRegression,0.9,Defaults,Defaults,0.6181806914822503,0.3818193085177497
Ela_metadataset,LogisticRegression,0.9,Tuning,Tuning,0.008891363767408733,0.9911086362325913
Ela_metadataset,LogisticRegression,0.9,Tuning,Tuning,0.009325509753604244,0.9906744902463958
Ela_metadataset,LogisticRegression,0.9,Tuning,Tuning,0.09994539867331032,0.9000546013266897
Ela_metadataset,LogisticRegression,0.9,Defaults,Tuning,0.4283343627612288,0.5716656372387712
Ela_metadataset,LogisticRegression,0.9,Defaults,Tuning,0.024813459887616962,0.975186540112383
Ela_metadataset,LogisticRegression,0.9,Defaults,Defaults,0.6122346577389736,0.38776534226102644
Ela_metadataset,LogisticRegression,0.9,Defaults,Defaults,0.8528933648490787,0.1471066351509213
Ela_metadataset,LogisticRegression,0.9,Tuning,Tuning,0.40143345141742104,0.598566548582579
Ela_metadataset,LogisticRegression,0.9,Tuning,Defaults,0.6003805920914378,0.39961940790856226
Ela_metadataset,LogisticRegression,0.9,Defaults,Defaults,0.9717024194595154,0.02829758054048458
Ela_metadataset,LogisticRegression,0.9,Tuning,Tuning,0.10528109145198294,0.8947189085480171
Ela_metadataset,LogisticRegression,0.9,Defaults,Tuning,0.43807920267293965,0.5619207973270604
Ela_metadataset,LogisticRegression,0.9,Tuning,Tuning,0.006292449399125433,0.9937075506008746
Ela_metadataset,LogisticRegression,0.9,Tuning,Tuning,0.13935094678798265,0.8606490532120173
Ela_metadataset,LogisticRegression,0.9,Defaults,Defaults,0.8995833982014796,0.10041660179852045
Ela_metadataset,LogisticRegression,0.9,Tuning,Tuning,0.3716078602207661,0.6283921397792339
Ela_metadataset,LogisticRegression,0.9,Defaults,Defaults,0.8989105144499747,0.10108948555002524
Ela_metadataset,LogisticRegression,0.9,Tuning,Tuning,0.06915893301807541,0.9308410669819246
Ela_metadataset,LogisticRegression,0.9,Tuning,Tuning,0.05707931701999436,0.9429206829800056
Ela_metadataset,LogisticRegression,0.9,Tuning,Tuning,0.29557166871053386,0.7044283312894661
Ela_metadataset,LogisticRegression,0.9,Defaults,Tuning,0.10203247300652785,0.8979675269934722
Ela_metadataset,LogisticRegression,0.9,Tuning,Tuning,0.008996550095496603,0.9910034499045034
Ela_metadataset,LogisticRegression,0.9,Tuning,Tuning,0.27246045079743697,0.727539549202563
Ela_metadataset,LogisticRegression,0.9,Tuning,Tuning,0.024090348088755764,0.9759096519112442
Ela_metadataset,LogisticRegression,0.9,Defaults,Tuning,0.04889387916271448,0.9511061208372855
Ela_metadataset,LogisticRegression,0.9,Tuning,Tuning,0.008334446970812537,0.9916655530291875
Ela_metadataset,LogisticRegression,0.9,Tuning,Tuning,0.42121616633296377,0.5787838336670362
Ela_metadataset,LogisticRegression,0.9,Tuning,Tuning,0.002601200381688984,0.997398799618311
Ela_metadataset,LogisticRegression,0.9,Tuning,Tuning,0.013450624502856945,0.986549375497143
Ela_metadataset,LogisticRegression,0.9,Tuning,Defaults,0.6040572280494497,0.3959427719505503
Ela_metadataset,LogisticRegression,0.9,Tuning,Tuning,0.44040689811658773,0.5595931018834123
Ela_metadataset,LogisticRegression,0.9,Tuning,Tuning,0.010684949548320777,0.9893150504516792
Ela_metadataset,LogisticRegression,0.9,Defaults,Tuning,0.35117850087205127,0.6488214991279487
Ela_metadataset,LogisticRegression,0.9,Tuning,Tuning,0.013220996261249507,0.9867790037387505
Ela_metadataset,LogisticRegression,0.9,Tuning,Tuning,0.10530749504424586,0.8946925049557541
Ela_metadataset,LogisticRegression,0.9,Tuning,Tuning,0.1808339091175044,0.8191660908824956
Ela_metadataset,LogisticRegression,0.9,Tuning,Tuning,0.16473719518310193,0.8352628048168981
Ela_metadataset,LogisticRegression,0.9,Tuning,Tuning,2.2018901852161044e-05,0.9999779810981478
Ela_metadataset,LogisticRegression,0.9,Tuning,Tuning,0.1167808097298132,0.8832191902701868
Ela_metadataset,LogisticRegression,0.9,Tuning,Defaults,0.9264439829744766,0.07355601702552336
Ela_metadataset,LogisticRegression,0.9,Tuning,Tuning,0.18328680818795617,0.8167131918120438
Ela_metadataset,LogisticRegression,0.9,Defaults,Defaults,0.9963397977530002,0.0036602022469997605
Ela_metadataset,LogisticRegression,0.9,Tuning,Tuning,0.00010082886469786612,0.9998991711353021
Ela_metadataset,LogisticRegression,0.9,Defaults,Tuning,0.07524056243882948,0.9247594375611705
Ela_metadataset,LogisticRegression,0.9,Tuning,Tuning,0.010395795274721786,0.9896042047252782
Ela_metadataset,LogisticRegression,0.9,Tuning,Defaults,0.6348485610287545,0.36515143897124547
Ela_metadataset,LogisticRegression,0.9,Tuning,Tuning,0.008852020192836485,0.9911479798071635
Ela_metadataset,LogisticRegression,0.9,Tuning,Tuning,0.03187312990897495,0.968126870091025
Ela_metadataset,LogisticRegression,0.9,Defaults,Tuning,0.16053459767445888,0.8394654023255411
Ela_metadataset,LogisticRegression,0.9,Defaults,Defaults,0.646114668377934,0.353885331622066
Ela_metadataset,LogisticRegression,0.9,Tuning,Tuning,0.0754832069187582,0.9245167930812418
Ela_metadataset,LogisticRegression,0.9,Tuning,Tuning,0.11715921927013295,0.882840780729867
Ela_metadataset,LogisticRegression,0.9,Tuning,Tuning,0.3962016205164899,0.6037983794835101
Ela_metadataset,LogisticRegression,0.9,Tuning,Tuning,0.3655874165971672,0.6344125834028328
Ela_metadataset,LogisticRegression,0.9,Tuning,Tuning,0.0817261267818934,0.9182738732181066
Ela_metadataset,LogisticRegression,0.9,Tuning,Tuning,0.073412441069174,0.926587558930826
Ela_metadataset,LogisticRegression,0.9,Tuning,Tuning,0.05685228379919982,0.9431477162008002
Ela_metadataset,LogisticRegression,0.9,Tuning,Tuning,0.31023535189954565,0.6897646481004543
Ela_metadataset,LogisticRegression,0.9,Defaults,Tuning,0.18929973619833584,0.8107002638016642
Ela_metadataset,LogisticRegression,0.9,Tuning,Tuning,0.24329568604434082,0.7567043139556592
Ela_metadataset,LogisticRegression,0.9,Tuning,Defaults,0.6270860078137916,0.3729139921862084
Ela_metadataset,LogisticRegression,0.9,Tuning,Tuning,0.07495046254635263,0.9250495374536474
Ela_metadataset,LogisticRegression,0.9,Tuning,Tuning,0.40329035444409245,0.5967096455559076
Ela_metadataset,LogisticRegression,0.9,Defaults,Tuning,0.24210147808295912,0.7578985219170409
Ela_metadataset,LogisticRegression,0.9,Tuning,Tuning,0.020633013156714397,0.9793669868432856
Ela_metadataset,LogisticRegression,0.9,Tuning,Tuning,0.043867858554791694,0.9561321414452083
Ela_metadataset,LogisticRegression,0.9,Tuning,Tuning,0.002301628338540418,0.9976983716614596
Ela_metadataset,LogisticRegression,0.9,Defaults,Tuning,0.041599575192344695,0.9584004248076553
Ela_metadataset,LogisticRegression,0.9,Tuning,Tuning,0.07988312017088361,0.9201168798291164
Ela_metadataset,LogisticRegression,0.9,Tuning,Tuning,0.23854228464240768,0.7614577153575923
Ela_metadataset,LogisticRegression,0.9,Tuning,Tuning,0.016466112925950238,0.9835338870740498
Ela_metadataset,LogisticRegression,0.9,Defaults,Defaults,0.9798105132072861,0.020189486792713884
Ela_metadataset,LogisticRegression,0.9,Defaults,Defaults,0.7904277305721763,0.2095722694278237
Ela_metadataset,LogisticRegression,0.9,Tuning,Defaults,0.9887878901478087,0.011212109852191366
Ela_metadataset,LogisticRegression,0.9,Tuning,Tuning,0.056913523205499805,0.9430864767945002
Ela_metadataset,LogisticRegression,0.9,Tuning,Tuning,0.03731073782780514,0.9626892621721949
Ela_metadataset,LogisticRegression,0.9,Defaults,Tuning,0.1549754860068745,0.8450245139931255
Ela_metadataset,LogisticRegression,0.9,Defaults,Tuning,0.1819590398929133,0.8180409601070867
Ela_metadataset,LogisticRegression,0.9,Defaults,Defaults,0.6383827948877971,0.3616172051122029
Ela_metadataset,LogisticRegression,0.9,Tuning,Tuning,0.0325989023943839,0.9674010976056161
Ela_metadataset,LogisticRegression,0.9,Defaults,Tuning,5.304867656263923e-12,0.9999999999946951
Ela_metadataset,LogisticRegression,0.9,Tuning,Tuning,0.3233831885641403,0.6766168114358597
Ela_metadataset,LogisticRegression,0.9,Tuning,Tuning,0.01419836369756855,0.9858016363024314
Ela_metadataset,LogisticRegression,0.9,Defaults,Defaults,0.5306327713163268,0.4693672286836732
Ela_metadataset,LogisticRegression,0.9,Defaults,Tuning,0.18403275495834848,0.8159672450416515
Ela_metadataset,LogisticRegression,0.9,Tuning,Tuning,0.22693108610245494,0.7730689138975451
Ela_metadataset,LogisticRegression,0.9,Tuning,Defaults,0.7479328862701127,0.2520671137298874
Ela_metadataset,LogisticRegression,0.9,Defaults,Tuning,0.10968663947782298,0.890313360522177
Ela_metadataset,LogisticRegression,0.9,Tuning,Tuning,0.0036573035802370812,0.9963426964197629
Ela_metadataset,LogisticRegression,0.9,Tuning,Tuning,0.35462109920161644,0.6453789007983836
Ela_metadataset,LogisticRegression,0.9,Tuning,Tuning,0.057325531814841124,0.9426744681851589
Ela_metadataset,LogisticRegression,0.9,Tuning,Tuning,0.02720092435517718,0.9727990756448228
Ela_metadataset,LogisticRegression,0.95,Tuning,Tuning,0.18350957465751427,0.8164904253424857
Ela_metadataset,LogisticRegression,0.95,Tuning,Tuning,0.05436433563677212,0.9456356643632279
Ela_metadataset,LogisticRegression,0.95,Defaults,Defaults,0.9274840340772589,0.07251596592274114
Ela_metadataset,LogisticRegression,0.95,Tuning,Tuning,0.04941415095642043,0.9505858490435796
Ela_metadataset,LogisticRegression,0.95,Tuning,Tuning,0.008861931019160663,0.9911380689808393
Ela_metadataset,LogisticRegression,0.95,Tuning,Tuning,0.18049978188316562,0.8195002181168344
Ela_metadataset,LogisticRegression,0.95,Tuning,Tuning,0.011709459944822198,0.9882905400551778
Ela_metadataset,LogisticRegression,0.95,Defaults,Tuning,0.2753406448211466,0.7246593551788534
Ela_metadataset,LogisticRegression,0.95,Defaults,Defaults,0.5782764798847336,0.42172352011526637
Ela_metadataset,LogisticRegression,0.95,Tuning,Tuning,0.11805079610704161,0.8819492038929584
Ela_metadataset,LogisticRegression,0.95,Tuning,Tuning,0.022521046425399427,0.9774789535746006
Ela_metadataset,LogisticRegression,0.95,Defaults,Defaults,0.5048123887565596,0.4951876112434403
Ela_metadataset,LogisticRegression,0.95,Tuning,Tuning,0.22403249335886266,0.7759675066411373
Ela_metadataset,LogisticRegression,0.95,Tuning,Defaults,0.6092078276925841,0.39079217230741586
Ela_metadataset,LogisticRegression,0.95,Tuning,Tuning,4.760367292577783e-07,0.9999995239632707
Ela_metadataset,LogisticRegression,0.95,Tuning,Tuning,0.03351735397004629,0.9664826460299537
Ela_metadataset,LogisticRegression,0.95,Defaults,Defaults,0.620587003119002,0.37941299688099805
Ela_metadataset,LogisticRegression,0.95,Tuning,Tuning,0.006926396059269813,0.9930736039407302
Ela_metadataset,LogisticRegression,0.95,Defaults,Tuning,0.4812113133911199,0.5187886866088801
Ela_metadataset,LogisticRegression,0.95,Tuning,Defaults,0.9220282644247015,0.07797173557529846
Ela_metadataset,LogisticRegression,0.95,Tuning,Defaults,0.7124779049552912,0.28752209504470877
Ela_metadataset,LogisticRegression,0.95,Defaults,Defaults,0.6474692930274761,0.35253070697252387
Ela_metadataset,LogisticRegression,0.95,Tuning,Defaults,0.7108063919358211,0.28919360806417893
Ela_metadataset,LogisticRegression,0.95,Tuning,Tuning,0.0799676014643661,0.9200323985356339
Ela_metadataset,LogisticRegression,0.95,Tuning,Tuning,0.07770943327759428,0.9222905667224057
Ela_metadataset,LogisticRegression,0.95,Tuning,Tuning,0.03780364569037764,0.9621963543096224
Ela_metadataset,LogisticRegression,0.95,Tuning,Tuning,0.01943361043359748,0.9805663895664025
Ela_metadataset,LogisticRegression,0.95,Tuning,Tuning,0.030386359568104426,0.9696136404318956
Ela_metadataset,LogisticRegression,0.95,Tuning,Tuning,0.0041080455065301,0.9958919544934699
Ela_metadataset,LogisticRegression,0.95,Tuning,Tuning,0.08371349473656797,0.916286505263432
Ela_metadataset,LogisticRegression,0.95,Tuning,Tuning,4.8014230242032774e-05,0.999951985769758
Ela_metadataset,LogisticRegression,0.95,Tuning,Tuning,0.029298950279123104,0.9707010497208769
Ela_metadataset,LogisticRegression,0.95,Defaults,Defaults,0.9829533826939528,0.017046617306047174
Ela_metadataset,LogisticRegression,0.95,Defaults,Defaults,0.8827912487389398,0.11720875126106019
Ela_metadataset,LogisticRegression,0.95,Tuning,Tuning,0.007945515095255873,0.9920544849047441
Ela_metadataset,LogisticRegression,0.95,Tuning,Tuning,0.011542391700028576,0.9884576082999714
Ela_metadataset,LogisticRegression,0.95,Tuning,Tuning,0.1649260606979892,0.8350739393020108
Ela_metadataset,LogisticRegression,0.95,Defaults,Tuning,0.0869970964773722,0.9130029035226278
Ela_metadataset,LogisticRegression,0.95,Tuning,Tuning,0.06712173123261922,0.9328782687673808
Ela_metadataset,LogisticRegression,0.95,Defaults,Tuning,0.2529387027744935,0.7470612972255065
Ela_metadataset,LogisticRegression,0.95,Tuning,Tuning,0.10893145479370747,0.8910685452062925
Ela_metadataset,LogisticRegression,0.95,Tuning,Tuning,0.00010835371272088778,0.9998916462872791
Ela_metadataset,LogisticRegression,0.95,Tuning,Tuning,0.00183691324239188,0.9981630867576081
Ela_metadataset,LogisticRegression,0.95,Tuning,Tuning,0.04286141790905329,0.9571385820909467
Ela_metadataset,LogisticRegression,0.95,Tuning,Tuning,0.003758259979120604,0.9962417400208794
Ela_metadataset,LogisticRegression,0.95,Tuning,Tuning,0.19121844892583073,0.8087815510741693
Ela_metadataset,LogisticRegression,0.95,Tuning,Tuning,0.13890514848112612,0.8610948515188739
Ela_metadataset,LogisticRegression,0.95,Tuning,Tuning,0.07461064801002926,0.9253893519899707
Ela_metadataset,LogisticRegression,0.95,Tuning,Tuning,0.35945124499097403,0.640548755009026
Ela_metadataset,LogisticRegression,0.95,Tuning,Tuning,0.027494695019317783,0.9725053049806822
Ela_metadataset,LogisticRegression,0.95,Defaults,Defaults,0.9701774554558857,0.029822544544114257
Ela_metadataset,LogisticRegression,0.95,Tuning,Tuning,0.09266592355297021,0.9073340764470298
Ela_metadataset,LogisticRegression,0.95,Tuning,Tuning,0.007414209206047073,0.9925857907939529
Ela_metadataset,LogisticRegression,0.95,Defaults,Tuning,0.04094592964702859,0.9590540703529714
Ela_metadataset,LogisticRegression,0.95,Tuning,Tuning,0.2575901384661886,0.7424098615338114
Ela_metadataset,LogisticRegression,0.95,Tuning,Defaults,0.628961212484983,0.3710387875150169
Ela_metadataset,LogisticRegression,0.95,Tuning,Tuning,0.0017917125808859513,0.998208287419114
Ela_metadataset,LogisticRegression,0.95,Tuning,Defaults,0.5095694826217988,0.4904305173782012
Ela_metadataset,LogisticRegression,0.95,Tuning,Tuning,0.10270691320711023,0.8972930867928898
Ela_metadataset,LogisticRegression,0.95,Tuning,Tuning,0.035959554455491594,0.9640404455445084
Ela_metadataset,LogisticRegression,0.95,Tuning,Tuning,0.059879247081102926,0.9401207529188971
Ela_metadataset,LogisticRegression,0.95,Tuning,Defaults,0.7075775175941895,0.2924224824058105
Ela_metadataset,LogisticRegression,0.95,Tuning,Tuning,0.14880053030543394,0.8511994696945661
Ela_metadataset,LogisticRegression,0.95,Defaults,Tuning,0.47925484631748927,0.5207451536825107
Ela_metadataset,LogisticRegression,0.95,Tuning,Tuning,0.44563782091417803,0.554362179085822
Ela_metadataset,LogisticRegression,0.95,Defaults,Defaults,0.8283543528648423,0.17164564713515776
Ela_metadataset,LogisticRegression,0.95,Tuning,Tuning,0.17983937081483425,0.8201606291851657
Ela_metadataset,LogisticRegression,0.95,Tuning,Tuning,0.012915916338101296,0.9870840836618987
Ela_metadataset,LogisticRegression,0.95,Tuning,Tuning,0.3170059043688064,0.6829940956311936
Ela_metadataset,LogisticRegression,0.95,Tuning,Defaults,0.5629381295062297,0.4370618704937704
Ela_metadataset,LogisticRegression,0.95,Tuning,Defaults,0.6248701441476332,0.37512985585236674
Ela_metadataset,LogisticRegression,0.95,Defaults,Defaults,0.5333147235197864,0.46668527648021363
Ela_metadataset,LogisticRegression,0.95,Tuning,Tuning,0.38687106931433746,0.6131289306856625
Ela_metadataset,LogisticRegression,0.95,Defaults,Tuning,0.3282755670700188,0.6717244329299812
Ela_metadataset,LogisticRegression,0.95,Defaults,Tuning,0.36895524832478366,0.6310447516752163
Ela_metadataset,LogisticRegression,0.95,Defaults,Tuning,0.19183826347015942,0.8081617365298406
Ela_metadataset,LogisticRegression,0.95,Defaults,Defaults,0.6158092134471744,0.3841907865528256
Ela_metadataset,LogisticRegression,0.95,Tuning,Tuning,0.010975995946632122,0.9890240040533679
Ela_metadataset,LogisticRegression,0.95,Tuning,Tuning,0.014706170722736167,0.9852938292772638
Ela_metadataset,LogisticRegression,0.95,Tuning,Tuning,0.11875644748140057,0.8812435525185994
Ela_metadataset,LogisticRegression,0.95,Defaults,Tuning,0.48515206785303855,0.5148479321469615
Ela_metadataset,LogisticRegression,0.95,Defaults,Tuning,0.01565250477249991,0.9843474952275001
Ela_metadataset,LogisticRegression,0.95,Defaults,Defaults,0.6078961264102134,0.39210387358978666
Ela_metadataset,LogisticRegression,0.95,Defaults,Defaults,0.8542483202283505,0.1457516797716495
Ela_metadataset,LogisticRegression,0.95,Tuning,Tuning,0.4176560980516699,0.5823439019483301
Ela_metadataset,LogisticRegression,0.95,Tuning,Defaults,0.5684869654018329,0.43151303459816714
Ela_metadataset,LogisticRegression,0.95,Defaults,Defaults,0.9823737896737338,0.017626210326266194
Ela_metadataset,LogisticRegression,0.95,Tuning,Tuning,0.07230915296444829,0.9276908470355517
Ela_metadataset,LogisticRegression,0.95,Defaults,Tuning,0.46529242788224767,0.5347075721177523
Ela_metadataset,LogisticRegression,0.95,Tuning,Tuning,0.005828442114270804,0.9941715578857292
Ela_metadataset,LogisticRegression,0.95,Tuning,Tuning,0.1433326098488994,0.8566673901511006
Ela_metadataset,LogisticRegression,0.95,Defaults,Defaults,0.9462132753045832,0.05378672469541681
Ela_metadataset,LogisticRegression,0.95,Tuning,Tuning,0.3079122013821034,0.6920877986178966
Ela_metadataset,LogisticRegression,0.95,Defaults,Defaults,0.8902832684882441,0.10971673151175583
Ela_metadataset,LogisticRegression,0.95,Tuning,Tuning,0.08361649439328411,0.9163835056067159
Ela_metadataset,LogisticRegression,0.95,Tuning,Tuning,0.030849375751258568,0.9691506242487414
Ela_metadataset,LogisticRegression,0.95,Tuning,Tuning,0.2827553704481144,0.7172446295518856
Ela_metadataset,LogisticRegression,0.95,Defaults,Tuning,0.11892841089387352,0.8810715891061265
Ela_metadataset,LogisticRegression,0.95,Tuning,Tuning,0.006691389812127246,0.9933086101878728
Ela_metadataset,LogisticRegression,0.95,Tuning,Tuning,0.26916854128890344,0.7308314587110966
Ela_metadataset,LogisticRegression,0.95,Tuning,Tuning,0.02246852738520566,0.9775314726147943
Ela_metadataset,LogisticRegression,0.95,Defaults,Tuning,0.04372167370520086,0.9562783262947991
Ela_metadataset,LogisticRegression,0.95,Tuning,Tuning,0.0325010282292123,0.9674989717707877
Ela_metadataset,LogisticRegression,0.95,Tuning,Tuning,0.4429330990121607,0.5570669009878393
Ela_metadataset,LogisticRegression,0.95,Tuning,Tuning,0.0020350514238720585,0.9979649485761279
Ela_metadataset,LogisticRegression,0.95,Tuning,Tuning,0.01021061708724047,0.9897893829127595
Ela_metadataset,LogisticRegression,0.95,Tuning,Defaults,0.6556670749497768,0.3443329250502231
Ela_metadataset,LogisticRegression,0.95,Tuning,Tuning,0.3369843875969356,0.6630156124030644
Ela_metadataset,LogisticRegression,0.95,Tuning,Tuning,0.01378226317855602,0.986217736821444
Ela_metadataset,LogisticRegression,0.95,Defaults,Tuning,0.40300872966805157,0.5969912703319484
Ela_metadataset,LogisticRegression,0.95,Tuning,Tuning,0.008342434416871103,0.9916575655831289
Ela_metadataset,LogisticRegression,0.95,Tuning,Tuning,0.09625845879321138,0.9037415412067886
Ela_metadataset,LogisticRegression,0.95,Tuning,Tuning,0.16087336151102638,0.8391266384889736
Ela_metadataset,LogisticRegression,0.95,Tuning,Tuning,0.1377279134157381,0.8622720865842619
Ela_metadataset,LogisticRegression,0.95,Tuning,Tuning,7.916462066881458e-06,0.9999920835379331
Ela_metadataset,LogisticRegression,0.95,Tuning,Tuning,0.12503664912848034,0.8749633508715197
Ela_metadataset,LogisticRegression,0.95,Tuning,Defaults,0.9359709988264291,0.0640290011735709
Ela_metadataset,LogisticRegression,0.95,Tuning,Tuning,0.0693944036625882,0.9306055963374118
Ela_metadataset,LogisticRegression,0.95,Defaults,Defaults,0.997676177447498,0.0023238225525019753
Ela_metadataset,LogisticRegression,0.95,Tuning,Tuning,0.00021819153040425476,0.9997818084695957
Ela_metadataset,LogisticRegression,0.95,Defaults,Tuning,0.11494651178021598,0.885053488219784
Ela_metadataset,LogisticRegression,0.95,Tuning,Tuning,0.009695083844228236,0.9903049161557718
Ela_metadataset,LogisticRegression,0.95,Tuning,Defaults,0.6611955282954345,0.3388044717045655
Ela_metadataset,LogisticRegression,0.95,Tuning,Tuning,0.0093351078771996,0.9906648921228004
Ela_metadataset,LogisticRegression,0.95,Tuning,Tuning,0.02927647271798761,0.9707235272820124
Ela_metadataset,LogisticRegression,0.95,Defaults,Tuning,0.13134696201387663,0.8686530379861234
Ela_metadataset,LogisticRegression,0.95,Defaults,Defaults,0.6878286529278799,0.3121713470721201
Ela_metadataset,LogisticRegression,0.95,Tuning,Tuning,0.07546345612251704,0.924536543877483
Ela_metadataset,LogisticRegression,0.95,Tuning,Tuning,0.07722562519943765,0.9227743748005623
Ela_metadataset,LogisticRegression,0.95,Tuning,Tuning,0.3456105280832572,0.6543894719167428
Ela_metadataset,LogisticRegression,0.95,Tuning,Tuning,0.32442146327040966,0.6755785367295903
Ela_metadataset,LogisticRegression,0.95,Tuning,Tuning,0.09234674461258119,0.9076532553874188
Ela_metadataset,LogisticRegression,0.95,Tuning,Tuning,0.0556119003052189,0.9443880996947811
Ela_metadataset,LogisticRegression,0.95,Tuning,Tuning,0.055657400296861725,0.9443425997031383
Ela_metadataset,LogisticRegression,0.95,Tuning,Tuning,0.3598547397730081,0.6401452602269919
Ela_metadataset,LogisticRegression,0.95,Defaults,Tuning,0.20427458755368633,0.7957254124463137
Ela_metadataset,LogisticRegression,0.95,Tuning,Tuning,0.17536151034066905,0.824638489659331
Ela_metadataset,LogisticRegression,0.95,Tuning,Defaults,0.5925976953894114,0.4074023046105886
Ela_metadataset,LogisticRegression,0.95,Tuning,Tuning,0.1031178014186358,0.8968821985813642
Ela_metadataset,LogisticRegression,0.95,Tuning,Tuning,0.43522724384278855,0.5647727561572115
Ela_metadataset,LogisticRegression,0.95,Defaults,Tuning,0.18120422414215986,0.8187957758578401
Ela_metadataset,LogisticRegression,0.95,Tuning,Tuning,0.016593142882135425,0.9834068571178646
Ela_metadataset,LogisticRegression,0.95,Tuning,Tuning,0.03420854004426144,0.9657914599557386
Ela_metadataset,LogisticRegression,0.95,Tuning,Tuning,0.0019630414554979714,0.998036958544502
Ela_metadataset,LogisticRegression,0.95,Defaults,Tuning,0.04249728213138804,0.957502717868612
Ela_metadataset,LogisticRegression,0.95,Tuning,Tuning,0.07384873338315356,0.9261512666168464
Ela_metadataset,LogisticRegression,0.95,Tuning,Tuning,0.22315579080946057,0.7768442091905394
Ela_metadataset,LogisticRegression,0.95,Tuning,Tuning,0.009080927389011784,0.9909190726109882
Ela_metadataset,LogisticRegression,0.95,Defaults,Defaults,0.9791050284586629,0.020894971541337074
Ela_metadataset,LogisticRegression,0.95,Defaults,Defaults,0.8120867200133192,0.1879132799866808
Ela_metadataset,LogisticRegression,0.95,Tuning,Defaults,0.9852866165313192,0.014713383468680813
Ela_metadataset,LogisticRegression,0.95,Tuning,Tuning,0.04534815220837207,0.9546518477916279
Ela_metadataset,LogisticRegression,0.95,Tuning,Tuning,0.03470299047176306,0.9652970095282369
Ela_metadataset,LogisticRegression,0.95,Defaults,Tuning,0.1730031247693894,0.8269968752306106
Ela_metadataset,LogisticRegression,0.95,Defaults,Tuning,0.13659467428392946,0.8634053257160705
Ela_metadataset,LogisticRegression,0.95,Defaults,Defaults,0.6890015158505826,0.31099848414941744
Ela_metadataset,LogisticRegression,0.95,Tuning,Tuning,0.02334206592566823,0.9766579340743318
Ela_metadataset,LogisticRegression,0.95,Defaults,Tuning,1.4810375148499588e-13,0.9999999999998519
Ela_metadataset,LogisticRegression,0.95,Tuning,Tuning,0.3418493286383594,0.6581506713616406
Ela_metadataset,LogisticRegression,0.95,Tuning,Tuning,0.010994114786598952,0.989005885213401
Ela_metadataset,LogisticRegression,0.95,Defaults,Tuning,0.4340333923575377,0.5659666076424623
Ela_metadataset,LogisticRegression,0.95,Defaults,Tuning,0.17859520582247546,0.8214047941775245
Ela_metadataset,LogisticRegression,0.95,Tuning,Tuning,0.30888657591828506,0.6911134240817149
Ela_metadataset,LogisticRegression,0.95,Tuning,Defaults,0.7216019095840764,0.2783980904159236
Ela_metadataset,LogisticRegression,0.95,Defaults,Tuning,0.10183522391987787,0.8981647760801221
Ela_metadataset,LogisticRegression,0.95,Tuning,Tuning,0.0018660845284845795,0.9981339154715154
Ela_metadataset,LogisticRegression,0.95,Tuning,Tuning,0.42686550366787324,0.5731344963321268
Ela_metadataset,LogisticRegression,0.95,Tuning,Tuning,0.062310235159021676,0.9376897648409783
Ela_metadataset,LogisticRegression,0.95,Tuning,Tuning,0.030591002930222655,0.9694089970697773
Ela_metadataset,XGBoost,0.8,Tuning,Tuning,0.14589834213256836,0.8541016578674316
Ela_metadataset,XGBoost,0.8,Tuning,Tuning,0.03998798131942749,0.9600120186805725
Ela_metadataset,XGBoost,0.8,Defaults,Defaults,0.8699846863746643,0.1300153136253357
Ela_metadataset,XGBoost,0.8,Tuning,Tuning,0.049661099910736084,0.9503389000892639
Ela_metadataset,XGBoost,0.8,Tuning,Tuning,0.0013938546180725098,0.9986061453819275
Ela_metadataset,XGBoost,0.8,Tuning,Tuning,0.09867113828659058,0.9013288617134094
Ela_metadataset,XGBoost,0.8,Tuning,Tuning,0.006717205047607422,0.9932827949523926
Ela_metadataset,XGBoost,0.8,Defaults,Tuning,0.0168876051902771,0.9831123948097229
Ela_metadataset,XGBoost,0.8,Defaults,Defaults,0.5278897285461426,0.47211024165153503
Ela_metadataset,XGBoost,0.8,Tuning,Tuning,0.145125150680542,0.854874849319458
Ela_metadataset,XGBoost,0.8,Tuning,Tuning,0.001053154468536377,0.9989468455314636
Ela_metadataset,XGBoost,0.8,Defaults,Defaults,0.8734774589538574,0.12652252614498138
Ela_metadataset,XGBoost,0.8,Tuning,Defaults,0.6428050398826599,0.3571949601173401
Ela_metadataset,XGBoost,0.8,Tuning,Tuning,0.4876933693885803,0.5123066306114197
Ela_metadataset,XGBoost,0.8,Tuning,Tuning,0.0010852813720703125,0.9989147186279297
Ela_metadataset,XGBoost,0.8,Tuning,Tuning,0.0016763806343078613,0.9983236193656921
Ela_metadataset,XGBoost,0.8,Defaults,Tuning,0.42700624465942383,0.5729937553405762
Ela_metadataset,XGBoost,0.8,Tuning,Tuning,0.02660578489303589,0.9733942151069641
Ela_metadataset,XGBoost,0.8,Defaults,Defaults,0.6332705020904541,0.3667295277118683
Ela_metadataset,XGBoost,0.8,Tuning,Defaults,0.9705390930175781,0.029460899531841278
Ela_metadataset,XGBoost,0.8,Tuning,Tuning,0.2141786813735962,0.7858213186264038
Ela_metadataset,XGBoost,0.8,Defaults,Defaults,0.9926146268844604,0.007385361474007368
Ela_metadataset,XGBoost,0.8,Tuning,Tuning,0.4420507550239563,0.5579492449760437
Ela_metadataset,XGBoost,0.8,Tuning,Tuning,0.051268815994262695,0.9487311840057373
Ela_metadataset,XGBoost,0.8,Tuning,Tuning,0.004688262939453125,0.9953117370605469
Ela_metadataset,XGBoost,0.8,Tuning,Tuning,0.042065978050231934,0.9579340219497681
Ela_metadataset,XGBoost,0.8,Tuning,Tuning,0.006740748882293701,0.9932592511177063
Ela_metadataset,XGBoost,0.8,Tuning,Tuning,0.18019700050354004,0.81980299949646
Ela_metadataset,XGBoost,0.8,Tuning,Tuning,0.0059770941734313965,0.9940229058265686
Ela_metadataset,XGBoost,0.8,Tuning,Tuning,0.04525631666183472,0.9547436833381653
Ela_metadataset,XGBoost,0.8,Tuning,Tuning,0.01756507158279419,0.9824349284172058
Ela_metadataset,XGBoost,0.8,Tuning,Tuning,0.005575299263000488,0.9944247007369995
Ela_metadataset,XGBoost,0.8,Defaults,Defaults,0.9148675203323364,0.08513247966766357
Ela_metadataset,XGBoost,0.8,Defaults,Defaults,0.8778603076934814,0.12213970720767975
Ela_metadataset,XGBoost,0.8,Tuning,Tuning,0.0032137632369995117,0.9967862367630005
Ela_metadataset,XGBoost,0.8,Tuning,Tuning,0.3968147039413452,0.6031852960586548
Ela_metadataset,XGBoost,0.8,Tuning,Tuning,0.0552290678024292,0.9447709321975708
Ela_metadataset,XGBoost,0.8,Defaults,Tuning,0.4373204708099365,0.5626795291900635
Ela_metadataset,XGBoost,0.8,Tuning,Tuning,0.016233205795288086,0.9837667942047119
Ela_metadataset,XGBoost,0.8,Defaults,Defaults,0.561481773853302,0.438518226146698
Ela_metadataset,XGBoost,0.8,Tuning,Tuning,0.003344297409057617,0.9966557025909424
Ela_metadataset,XGBoost,0.8,Tuning,Tuning,0.0016707777976989746,0.998329222202301
Ela_metadataset,XGBoost,0.8,Tuning,Tuning,0.013637721538543701,0.9863622784614563
Ela_metadataset,XGBoost,0.8,Tuning,Tuning,0.0010079741477966309,0.9989920258522034
Ela_metadataset,XGBoost,0.8,Tuning,Tuning,0.009860455989837646,0.9901395440101624
Ela_metadataset,XGBoost,0.8,Tuning,Tuning,0.007031857967376709,0.9929681420326233
Ela_metadataset,XGBoost,0.8,Tuning,Tuning,0.16605520248413086,0.8339447975158691
Ela_metadataset,XGBoost,0.8,Tuning,Tuning,0.0013413429260253906,0.9986586570739746
Ela_metadataset,XGBoost,0.8,Tuning,Tuning,0.2669137120246887,0.7330862879753113
Ela_metadataset,XGBoost,0.8,Tuning,Tuning,0.0011654496192932129,0.9988345503807068
Ela_metadataset,XGBoost,0.8,Defaults,Defaults,0.6715210676193237,0.32847896218299866
Ela_metadataset,XGBoost,0.8,Tuning,Tuning,0.25413405895233154,0.7458659410476685
Ela_metadataset,XGBoost,0.8,Tuning,Tuning,0.043534696102142334,0.9564653038978577
Ela_metadataset,XGBoost,0.8,Defaults,Tuning,0.01417762041091919,0.9858223795890808
Ela_metadataset,XGBoost,0.8,Tuning,Tuning,0.45072752237319946,0.5492724776268005
Ela_metadataset,XGBoost,0.8,Tuning,Tuning,0.013583540916442871,0.9864164590835571
Ela_metadataset,XGBoost,0.8,Tuning,Tuning,0.005952239036560059,0.9940477609634399
Ela_metadataset,XGBoost,0.8,Tuning,Defaults,0.9392099380493164,0.060790032148361206
Ela_metadataset,XGBoost,0.8,Tuning,Tuning,0.06654572486877441,0.9334542751312256
Ela_metadataset,XGBoost,0.8,Tuning,Tuning,0.05662792921066284,0.9433720707893372
Ela_metadataset,XGBoost,0.8,Tuning,Defaults,0.6011467576026917,0.39885324239730835
Ela_metadataset,XGBoost,0.8,Tuning,Tuning,0.007065534591674805,0.9929344654083252
Ela_metadataset,XGBoost,0.8,Tuning,Tuning,0.002707064151763916,0.9972929358482361
Ela_metadataset,XGBoost,0.8,Defaults,Tuning,0.1570817232131958,0.8429182767868042
Ela_metadataset,XGBoost,0.8,Tuning,Tuning,0.057338595390319824,0.9426614046096802
Ela_metadataset,XGBoost,0.8,Defaults,Defaults,0.8655749559402466,0.13442504405975342
Ela_metadataset,XGBoost,0.8,Tuning,Tuning,0.005317866802215576,0.9946821331977844
Ela_metadataset,XGBoost,0.8,Tuning,Tuning,0.022216618061065674,0.9777833819389343
Ela_metadataset,XGBoost,0.8,Tuning,Tuning,0.07416319847106934,0.9258368015289307
Ela_metadataset,XGBoost,0.8,Tuning,Defaults,0.6573759317398071,0.34262409806251526
Ela_metadataset,XGBoost,0.8,Tuning,Tuning,0.44104599952697754,0.5589540004730225
Ela_metadataset,XGBoost,0.8,Defaults,Tuning,0.02995854616165161,0.9700414538383484
Ela_metadataset,XGBoost,0.8,Tuning,Tuning,0.017167866230010986,0.982832133769989
Ela_metadataset,XGBoost,0.8,Defaults,Defaults,0.7484865784645081,0.25151342153549194
Ela_metadataset,XGBoost,0.8,Defaults,Defaults,0.543677806854248,0.45632222294807434
Ela_metadataset,XGBoost,0.8,Defaults,Tuning,0.3560963273048401,0.6439036726951599
Ela_metadataset,XGBoost,0.8,Defaults,Defaults,0.927718460559845,0.07228153944015503
Ela_metadataset,XGBoost,0.8,Tuning,Tuning,0.03889411687850952,0.9611058831214905
Ela_metadataset,XGBoost,0.8,Tuning,Tuning,0.0187569260597229,0.9812430739402771
Ela_metadataset,XGBoost,0.8,Tuning,Tuning,0.002961277961730957,0.997038722038269
Ela_metadataset,XGBoost,0.8,Defaults,Tuning,0.3254133462905884,0.6745866537094116
Ela_metadataset,XGBoost,0.8,Defaults,Defaults,0.5624098777770996,0.4375901222229004
Ela_metadataset,XGBoost,0.8,Defaults,Tuning,0.34085869789123535,0.6591413021087646
Ela_metadataset,XGBoost,0.8,Defaults,Defaults,0.9986822009086609,0.0013177903601899743
Ela_metadataset,XGBoost,0.8,Tuning,Defaults,0.8144996762275696,0.1855003386735916
Ela_metadataset,XGBoost,0.8,Tuning,Tuning,0.35694873332977295,0.643051266670227
Ela_metadataset,XGBoost,0.8,Defaults,Defaults,0.931476354598999,0.06852366030216217
Ela_metadataset,XGBoost,0.8,Tuning,Tuning,0.0008133053779602051,0.9991866946220398
Ela_metadataset,XGBoost,0.8,Defaults,Tuning,0.10520762205123901,0.894792377948761
Ela_metadataset,XGBoost,0.8,Tuning,Tuning,0.003262460231781006,0.996737539768219
Ela_metadataset,XGBoost,0.8,Tuning,Tuning,0.08760452270507812,0.9123954772949219
Ela_metadataset,XGBoost,0.8,Defaults,Tuning,0.16891920566558838,0.8310807943344116
Ela_metadataset,XGBoost,0.8,Tuning,Tuning,0.10178893804550171,0.8982110619544983
Ela_metadataset,XGBoost,0.8,Defaults,Tuning,0.33498865365982056,0.6650113463401794
Ela_metadataset,XGBoost,0.8,Tuning,Tuning,0.01056826114654541,0.9894317388534546
Ela_metadataset,XGBoost,0.8,Tuning,Tuning,0.021116793155670166,0.9788832068443298
Ela_metadataset,XGBoost,0.8,Tuning,Tuning,0.23064380884170532,0.7693561911582947
Ela_metadataset,XGBoost,0.8,Defaults,Tuning,0.17816442251205444,0.8218355774879456
Ela_metadataset,XGBoost,0.8,Tuning,Tuning,0.005586564540863037,0.994413435459137
Ela_metadataset,XGBoost,0.8,Tuning,Tuning,0.17899203300476074,0.8210079669952393
Ela_metadataset,XGBoost,0.8,Tuning,Tuning,0.007411777973175049,0.992588222026825
Ela_metadataset,XGBoost,0.8,Defaults,Tuning,0.006619811058044434,0.9933801889419556
Ela_metadataset,XGBoost,0.8,Tuning,Tuning,0.013548016548156738,0.9864519834518433
Ela_metadataset,XGBoost,0.8,Tuning,Tuning,0.014549612998962402,0.9854503870010376
Ela_metadataset,XGBoost,0.8,Tuning,Tuning,0.008292973041534424,0.9917070269584656
Ela_metadataset,XGBoost,0.8,Tuning,Tuning,0.020003199577331543,0.9799968004226685
Ela_metadataset,XGBoost,0.8,Tuning,Tuning,0.059188008308410645,0.9408119916915894
Ela_metadataset,XGBoost,0.8,Tuning,Tuning,0.021103084087371826,0.9788969159126282
Ela_metadataset,XGBoost,0.8,Tuning,Tuning,0.016549766063690186,0.9834502339363098
Ela_metadataset,XGBoost,0.8,Defaults,Defaults,0.5077365636825562,0.49226343631744385
Ela_metadataset,XGBoost,0.8,Tuning,Tuning,0.03768265247344971,0.9623173475265503
Ela_metadataset,XGBoost,0.8,Tuning,Tuning,0.001984119415283203,0.9980158805847168
Ela_metadataset,XGBoost,0.8,Tuning,Tuning,0.03913182020187378,0.9608681797981262
Ela_metadataset,XGBoost,0.8,Tuning,Tuning,0.013388276100158691,0.9866117238998413
Ela_metadataset,XGBoost,0.8,Tuning,Tuning,0.007318437099456787,0.9926815629005432
Ela_metadataset,XGBoost,0.8,Tuning,Tuning,0.0013303756713867188,0.9986696243286133
Ela_metadataset,XGBoost,0.8,Tuning,Defaults,0.6147973537445068,0.3852026164531708
Ela_metadataset,XGBoost,0.8,Tuning,Defaults,0.5166252851486206,0.483374685049057
Ela_metadataset,XGBoost,0.8,Defaults,Tuning,0.07620352506637573,0.9237964749336243
Ela_metadataset,XGBoost,0.8,Tuning,Tuning,0.012276530265808105,0.9877234697341919
Ela_metadataset,XGBoost,0.8,Defaults,Tuning,0.015253067016601562,0.9847469329833984
Ela_metadataset,XGBoost,0.8,Tuning,Tuning,0.0009860992431640625,0.9990139007568359
Ela_metadataset,XGBoost,0.8,Tuning,Tuning,0.406637966632843,0.593362033367157
Ela_metadataset,XGBoost,0.8,Tuning,Tuning,0.0019207000732421875,0.9980792999267578
Ela_metadataset,XGBoost,0.8,Tuning,Tuning,0.22548907995224,0.77451092004776
Ela_metadataset,XGBoost,0.8,Defaults,Tuning,0.02523672580718994,0.9747632741928101
Ela_metadataset,XGBoost,0.8,Defaults,Defaults,0.9605190753936768,0.039480943232774734
Ela_metadataset,XGBoost,0.8,Tuning,Tuning,0.05542099475860596,0.944579005241394
Ela_metadataset,XGBoost,0.8,Tuning,Tuning,0.04427754878997803,0.955722451210022
Ela_metadataset,XGBoost,0.8,Tuning,Tuning,0.019377827644348145,0.9806221723556519
Ela_metadataset,XGBoost,0.8,Tuning,Tuning,0.004272341728210449,0.9957276582717896
Ela_metadataset,XGBoost,0.8,Tuning,Tuning,0.07535427808761597,0.924645721912384
Ela_metadataset,XGBoost,0.8,Tuning,Tuning,0.019113600254058838,0.9808863997459412
Ela_metadataset,XGBoost,0.8,Tuning,Tuning,0.32330429553985596,0.676695704460144
Ela_metadataset,XGBoost,0.8,Tuning,Tuning,0.12583774328231812,0.8741622567176819
Ela_metadataset,XGBoost,0.8,Defaults,Tuning,0.23173213005065918,0.7682678699493408
Ela_metadataset,XGBoost,0.8,Tuning,Tuning,0.4023640751838684,0.5976359248161316
Ela_metadataset,XGBoost,0.8,Tuning,Defaults,0.7080382704734802,0.2919617295265198
Ela_metadataset,XGBoost,0.8,Tuning,Tuning,0.07642775774002075,0.9235722422599792
Ela_metadataset,XGBoost,0.8,Tuning,Defaults,0.9258921146392822,0.07410789281129837
Ela_metadataset,XGBoost,0.8,Defaults,Defaults,0.5032773017883301,0.4967226982116699
Ela_metadataset,XGBoost,0.8,Tuning,Tuning,0.011080920696258545,0.9889190793037415
Ela_metadataset,XGBoost,0.8,Tuning,Tuning,0.011922836303710938,0.9880771636962891
Ela_metadataset,XGBoost,0.8,Tuning,Tuning,0.005550265312194824,0.9944497346878052
Ela_metadataset,XGBoost,0.8,Defaults,Tuning,0.0030798912048339844,0.996920108795166
Ela_metadataset,XGBoost,0.8,Tuning,Tuning,0.1692914366722107,0.8307085633277893
Ela_metadataset,XGBoost,0.8,Tuning,Tuning,0.019075632095336914,0.9809243679046631
Ela_metadataset,XGBoost,0.8,Tuning,Tuning,0.12277185916900635,0.8772281408309937
Ela_metadataset,XGBoost,0.8,Defaults,Defaults,0.9536205530166626,0.046379461884498596
Ela_metadataset,XGBoost,0.8,Defaults,Defaults,0.5639655590057373,0.4360344111919403
Ela_metadataset,XGBoost,0.8,Tuning,Defaults,0.9845893383026123,0.01541066262871027
Ela_metadataset,XGBoost,0.8,Tuning,Tuning,0.0067789554595947266,0.9932210445404053
Ela_metadataset,XGBoost,0.8,Tuning,Tuning,0.008830428123474121,0.9911695718765259
Ela_metadataset,XGBoost,0.8,Defaults,Tuning,0.018271148204803467,0.9817288517951965
Ela_metadataset,XGBoost,0.8,Defaults,Defaults,0.5386027097702026,0.461397260427475
Ela_metadataset,XGBoost,0.8,Defaults,Defaults,0.9901097416877747,0.00989028625190258
Ela_metadataset,XGBoost,0.8,Tuning,Tuning,0.012244224548339844,0.9877557754516602
Ela_metadataset,XGBoost,0.8,Defaults,Defaults,0.9733659029006958,0.026634080335497856
Ela_metadataset,XGBoost,0.8,Tuning,Tuning,0.2229626178741455,0.7770373821258545
Ela_metadataset,XGBoost,0.8,Tuning,Tuning,0.029616951942443848,0.9703830480575562
Ela_metadataset,XGBoost,0.8,Defaults,Tuning,0.16190999746322632,0.8380900025367737
Ela_metadataset,XGBoost,0.8,Defaults,Tuning,0.04064840078353882,0.9593515992164612
Ela_metadataset,XGBoost,0.8,Tuning,Tuning,0.07937097549438477,0.9206290245056152
Ela_metadataset,XGBoost,0.8,Tuning,Defaults,0.782179594039917,0.21782037615776062
Ela_metadataset,XGBoost,0.8,Defaults,Tuning,0.022033095359802246,0.9779669046401978
Ela_metadataset,XGBoost,0.8,Tuning,Tuning,0.0013169646263122559,0.9986830353736877
Ela_metadataset,XGBoost,0.8,Tuning,Defaults,0.6196967959403992,0.38030320405960083
Ela_metadataset,XGBoost,0.8,Tuning,Tuning,0.42918819189071655,0.5708118081092834
Ela_metadataset,XGBoost,0.8,Tuning,Tuning,0.021807312965393066,0.9781926870346069
Ela_metadataset,XGBoost,0.85,Tuning,Tuning,0.021396160125732422,0.9786038398742676
Ela_metadataset,XGBoost,0.85,Tuning,Tuning,0.030719280242919922,0.9692807197570801
Ela_metadataset,XGBoost,0.85,Defaults,Defaults,0.8049414157867432,0.19505859911441803
Ela_metadataset,XGBoost,0.85,Tuning,Tuning,0.02005976438522339,0.9799402356147766
Ela_metadataset,XGBoost,0.85,Tuning,Tuning,0.0015475749969482422,0.9984524250030518
Ela_metadataset,XGBoost,0.85,Tuning,Tuning,0.08032000064849854,0.9196799993515015
Ela_metadataset,XGBoost,0.85,Tuning,Tuning,0.006084263324737549,0.9939157366752625
Ela_metadataset,XGBoost,0.85,Defaults,Tuning,0.011016428470611572,0.9889835715293884
Ela_metadataset,XGBoost,0.85,Defaults,Defaults,0.6310533285140991,0.36894670128822327
Ela_metadataset,XGBoost,0.85,Tuning,Tuning,0.025930345058441162,0.9740696549415588
Ela_metadataset,XGBoost,0.85,Tuning,Tuning,0.0008266568183898926,0.9991733431816101
Ela_metadataset,XGBoost,0.85,Defaults,Defaults,0.9652332067489624,0.0347667820751667
Ela_metadataset,XGBoost,0.85,Tuning,Tuning,0.19518041610717773,0.8048195838928223
Ela_metadataset,XGBoost,0.85,Tuning,Tuning,0.2650291919708252,0.7349708080291748
Ela_metadataset,XGBoost,0.85,Tuning,Tuning,0.002439737319946289,0.9975602626800537
Ela_metadataset,XGBoost,0.85,Tuning,Tuning,0.002115786075592041,0.997884213924408
Ela_metadataset,XGBoost,0.85,Defaults,Defaults,0.5794156789779663,0.4205843210220337
Ela_metadataset,XGBoost,0.85,Tuning,Tuning,0.04025447368621826,0.9597455263137817
Ela_metadataset,XGBoost,0.85,Defaults,Defaults,0.8182865977287292,0.18171340227127075
Ela_metadataset,XGBoost,0.85,Tuning,Defaults,0.9808591604232788,0.019140809774398804
Ela_metadataset,XGBoost,0.85,Tuning,Tuning,0.10993295907974243,0.8900670409202576
Ela_metadataset,XGBoost,0.85,Defaults,Defaults,0.9876360893249512,0.012363925576210022
Ela_metadataset,XGBoost,0.85,Tuning,Defaults,0.8474992513656616,0.15250076353549957
Ela_metadataset,XGBoost,0.85,Tuning,Tuning,0.07604438066482544,0.9239556193351746
Ela_metadataset,XGBoost,0.85,Tuning,Tuning,0.0052713751792907715,0.9947286248207092
Ela_metadataset,XGBoost,0.85,Tuning,Tuning,0.010046899318695068,0.9899531006813049
Ela_metadataset,XGBoost,0.85,Tuning,Tuning,0.0021170973777770996,0.9978829026222229
Ela_metadataset,XGBoost,0.85,Tuning,Tuning,0.06407415866851807,0.9359258413314819
Ela_metadataset,XGBoost,0.85,Tuning,Tuning,0.0036792755126953125,0.9963207244873047
Ela_metadataset,XGBoost,0.85,Tuning,Tuning,0.047421932220458984,0.952578067779541
Ela_metadataset,XGBoost,0.85,Tuning,Tuning,0.009840667247772217,0.9901593327522278
Ela_metadataset,XGBoost,0.85,Tuning,Tuning,0.0020031332969665527,0.9979968667030334
Ela_metadataset,XGBoost,0.85,Defaults,Defaults,0.9600276350975037,0.03997233882546425
Ela_metadataset,XGBoost,0.85,Defaults,Defaults,0.9872461557388306,0.012753836810588837
Ela_metadataset,XGBoost,0.85,Tuning,Tuning,0.002115190029144287,0.9978848099708557
Ela_metadataset,XGBoost,0.85,Tuning,Tuning,0.4769594073295593,0.5230405926704407
Ela_metadataset,XGBoost,0.85,Tuning,Tuning,0.028950989246368408,0.9710490107536316
Ela_metadataset,XGBoost,0.85,Defaults,Tuning,0.38268136978149414,0.6173186302185059
Ela_metadataset,XGBoost,0.85,Tuning,Tuning,0.0036934614181518555,0.9963065385818481
Ela_metadataset,XGBoost,0.85,Defaults,Tuning,0.304831862449646,0.695168137550354
Ela_metadataset,XGBoost,0.85,Tuning,Tuning,0.004956364631652832,0.9950436353683472
Ela_metadataset,XGBoost,0.85,Tuning,Tuning,0.0012941360473632812,0.9987058639526367
Ela_metadataset,XGBoost,0.85,Tuning,Tuning,0.019991636276245117,0.9800083637237549
Ela_metadataset,XGBoost,0.85,Tuning,Tuning,0.0018913745880126953,0.9981086254119873
Ela_metadataset,XGBoost,0.85,Tuning,Tuning,0.005449235439300537,0.9945507645606995
Ela_metadataset,XGBoost,0.85,Tuning,Tuning,0.0041654109954833984,0.9958345890045166
Ela_metadataset,XGBoost,0.85,Tuning,Tuning,0.026006996631622314,0.9739930033683777
Ela_metadataset,XGBoost,0.85,Tuning,Tuning,0.0012146830558776855,0.9987853169441223
Ela_metadataset,XGBoost,0.85,Tuning,Tuning,0.04291433095932007,0.9570856690406799
Ela_metadataset,XGBoost,0.85,Tuning,Tuning,0.002950429916381836,0.9970495700836182
Ela_metadataset,XGBoost,0.85,Defaults,Defaults,0.8758112788200378,0.12418872863054276
Ela_metadataset,XGBoost,0.85,Tuning,Tuning,0.12201422452926636,0.8779857754707336
Ela_metadataset,XGBoost,0.85,Tuning,Tuning,0.009473204612731934,0.9905267953872681
Ela_metadataset,XGBoost,0.85,Defaults,Tuning,0.007355868816375732,0.9926441311836243
Ela_metadataset,XGBoost,0.85,Tuning,Defaults,0.5475542545318604,0.45244571566581726
Ela_metadataset,XGBoost,0.85,Tuning,Tuning,0.08101320266723633,0.9189867973327637
Ela_metadataset,XGBoost,0.85,Tuning,Tuning,0.0018182992935180664,0.9981817007064819
Ela_metadataset,XGBoost,0.85,Tuning,Defaults,0.9919379949569702,0.008061999455094337
Ela_metadataset,XGBoost,0.85,Tuning,Tuning,0.01758497953414917,0.9824150204658508
Ela_metadataset,XGBoost,0.85,Tuning,Tuning,0.05943983793258667,0.9405601620674133
Ela_metadataset,XGBoost,0.85,Tuning,Tuning,0.12824475765228271,0.8717552423477173
Ela_metadataset,XGBoost,0.85,Tuning,Tuning,0.012906134128570557,0.9870938658714294
Ela_metadataset,XGBoost,0.85,Tuning,Tuning,0.004452109336853027,0.995547890663147
Ela_metadataset,XGBoost,0.85,Defaults,Tuning,0.20834112167358398,0.791658878326416
Ela_metadataset,XGBoost,0.85,Tuning,Tuning,0.1376095414161682,0.8623904585838318
Ela_metadataset,XGBoost,0.85,Defaults,Defaults,0.9275899529457092,0.07241002470254898
Ela_metadataset,XGBoost,0.85,Tuning,Tuning,0.0024712681770324707,0.9975287318229675
Ela_metadataset,XGBoost,0.85,Tuning,Tuning,0.009170770645141602,0.9908292293548584
Ela_metadataset,XGBoost,0.85,Tuning,Tuning,0.005378127098083496,0.9946218729019165
Ela_metadataset,XGBoost,0.85,Tuning,Tuning,0.4811100363731384,0.5188899636268616
Ela_metadataset,XGBoost,0.85,Tuning,Defaults,0.7734084725379944,0.22659151256084442
Ela_metadataset,XGBoost,0.85,Defaults,Tuning,0.024728119373321533,0.9752718806266785
Ela_metadataset,XGBoost,0.85,Tuning,Tuning,0.06513488292694092,0.9348651170730591
Ela_metadataset,XGBoost,0.85,Defaults,Defaults,0.8031495809555054,0.19685043394565582
Ela_metadataset,XGBoost,0.85,Defaults,Defaults,0.5422962307929993,0.45770376920700073
Ela_metadataset,XGBoost,0.85,Defaults,Tuning,0.39272189140319824,0.6072781085968018
Ela_metadataset,XGBoost,0.85,Defaults,Defaults,0.9528458714485168,0.047154154628515244
Ela_metadataset,XGBoost,0.85,Tuning,Tuning,0.04596734046936035,0.9540326595306396
Ela_metadataset,XGBoost,0.85,Tuning,Tuning,0.051366329193115234,0.9486336708068848
Ela_metadataset,XGBoost,0.85,Tuning,Tuning,0.0021939873695373535,0.9978060126304626
Ela_metadataset,XGBoost,0.85,Defaults,Tuning,0.3018203377723694,0.6981796622276306
Ela_metadataset,XGBoost,0.85,Defaults,Tuning,0.1051216721534729,0.8948783278465271
Ela_metadataset,XGBoost,0.85,Defaults,Tuning,0.19397348165512085,0.8060265183448792
Ela_metadataset,XGBoost,0.85,Defaults,Defaults,0.9985824823379517,0.0014175038086250424
Ela_metadataset,XGBoost,0.85,Tuning,Defaults,0.5646843314170837,0.43531566858291626
Ela_metadataset,XGBoost,0.85,Tuning,Tuning,0.4402938485145569,0.5597061514854431
Ela_metadataset,XGBoost,0.85,Defaults,Defaults,0.9744322896003723,0.02556769549846649
Ela_metadataset,XGBoost,0.85,Tuning,Tuning,0.002475917339324951,0.997524082660675
Ela_metadataset,XGBoost,0.85,Defaults,Tuning,0.025096476078033447,0.9749035239219666
Ela_metadataset,XGBoost,0.85,Tuning,Tuning,0.0022702813148498535,0.9977297186851501
Ela_metadataset,XGBoost,0.85,Tuning,Tuning,0.03800696134567261,0.9619930386543274
Ela_metadataset,XGBoost,0.85,Defaults,Tuning,0.21907520294189453,0.7809247970581055
Ela_metadataset,XGBoost,0.85,Tuning,Tuning,0.216164231300354,0.783835768699646
Ela_metadataset,XGBoost,0.85,Defaults,Defaults,0.9163536429405212,0.08364634960889816
Ela_metadataset,XGBoost,0.85,Tuning,Tuning,0.02810293436050415,0.9718970656394958
Ela_metadataset,XGBoost,0.85,Tuning,Tuning,0.012812376022338867,0.9871876239776611
Ela_metadataset,XGBoost,0.85,Tuning,Tuning,0.03700977563858032,0.9629902243614197
Ela_metadataset,XGBoost,0.85,Defaults,Tuning,0.009213030338287354,0.9907869696617126
Ela_metadataset,XGBoost,0.85,Tuning,Tuning,0.01093447208404541,0.9890655279159546
Ela_metadataset,XGBoost,0.85,Tuning,Tuning,0.040355145931243896,0.9596448540687561
Ela_metadataset,XGBoost,0.85,Tuning,Tuning,0.0061727166175842285,0.9938272833824158
Ela_metadataset,XGBoost,0.85,Defaults,Tuning,0.006945312023162842,0.9930546879768372
Ela_metadataset,XGBoost,0.85,Tuning,Tuning,0.05427396297454834,0.9457260370254517
Ela_metadataset,XGBoost,0.85,Tuning,Tuning,0.012790918350219727,0.9872090816497803
Ela_metadataset,XGBoost,0.85,Tuning,Tuning,0.0035563111305236816,0.9964436888694763
Ela_metadataset,XGBoost,0.85,Tuning,Tuning,0.015762031078338623,0.9842379689216614
Ela_metadataset,XGBoost,0.85,Tuning,Defaults,0.6748179197311401,0.32518208026885986
Ela_metadataset,XGBoost,0.85,Tuning,Tuning,0.005737602710723877,0.9942623972892761
Ela_metadataset,XGBoost,0.85,Tuning,Tuning,0.02019745111465454,0.9798025488853455
Ela_metadataset,XGBoost,0.85,Defaults,Tuning,0.1212359070777893,0.8787640929222107
Ela_metadataset,XGBoost,0.85,Tuning,Tuning,0.009281814098358154,0.9907181859016418
Ela_metadataset,XGBoost,0.85,Tuning,Tuning,0.0017921924591064453,0.9982078075408936
Ela_metadataset,XGBoost,0.85,Tuning,Tuning,0.02480781078338623,0.9751921892166138
Ela_metadataset,XGBoost,0.85,Tuning,Tuning,0.03206789493560791,0.9679321050643921
Ela_metadataset,XGBoost,0.85,Tuning,Tuning,0.029724717140197754,0.9702752828598022
Ela_metadataset,XGBoost,0.85,Tuning,Tuning,0.0012496709823608398,0.9987503290176392
Ela_metadataset,XGBoost,0.85,Tuning,Tuning,0.24032580852508545,0.7596741914749146
Ela_metadataset,XGBoost,0.85,Tuning,Defaults,0.5981281995773315,0.40187183022499084
Ela_metadataset,XGBoost,0.85,Defaults,Tuning,0.4461356997489929,0.5538643002510071
Ela_metadataset,XGBoost,0.85,Tuning,Tuning,0.011560320854187012,0.988439679145813
Ela_metadataset,XGBoost,0.85,Defaults,Tuning,0.04850351810455322,0.9514964818954468
Ela_metadataset,XGBoost,0.85,Tuning,Tuning,0.0008498430252075195,0.9991501569747925
Ela_metadataset,XGBoost,0.85,Tuning,Tuning,0.296600878238678,0.703399121761322
Ela_metadataset,XGBoost,0.85,Tuning,Tuning,0.0029399991035461426,0.9970600008964539
Ela_metadataset,XGBoost,0.85,Tuning,Tuning,0.18739479780197144,0.8126052021980286
Ela_metadataset,XGBoost,0.85,Defaults,Tuning,0.07998239994049072,0.9200176000595093
Ela_metadataset,XGBoost,0.85,Defaults,Defaults,0.9382238388061523,0.061776190996170044
Ela_metadataset,XGBoost,0.85,Tuning,Tuning,0.04438656568527222,0.9556134343147278
Ela_metadataset,XGBoost,0.85,Tuning,Tuning,0.18141412734985352,0.8185858726501465
Ela_metadataset,XGBoost,0.85,Tuning,Tuning,0.012761175632476807,0.9872388243675232
Ela_metadataset,XGBoost,0.85,Tuning,Tuning,0.007565975189208984,0.992434024810791
Ela_metadataset,XGBoost,0.85,Tuning,Tuning,0.08600836992263794,0.9139916300773621
Ela_metadataset,XGBoost,0.85,Tuning,Tuning,0.04224371910095215,0.9577562808990479
Ela_metadataset,XGBoost,0.85,Tuning,Tuning,0.09167850017547607,0.9083214998245239
Ela_metadataset,XGBoost,0.85,Tuning,Tuning,0.30692511796951294,0.6930748820304871
Ela_metadataset,XGBoost,0.85,Defaults,Tuning,0.2854738235473633,0.7145261764526367
Ela_metadataset,XGBoost,0.85,Tuning,Defaults,0.9169875383377075,0.08301245421171188
Ela_metadataset,XGBoost,0.85,Tuning,Defaults,0.890072226524353,0.10992780327796936
Ela_metadataset,XGBoost,0.85,Tuning,Tuning,0.05336177349090576,0.9466382265090942
Ela_metadataset,XGBoost,0.85,Tuning,Defaults,0.986784040927887,0.013215986080467701
Ela_metadataset,XGBoost,0.85,Defaults,Tuning,0.45747441053390503,0.542525589466095
Ela_metadataset,XGBoost,0.85,Tuning,Tuning,0.011458158493041992,0.988541841506958
Ela_metadataset,XGBoost,0.85,Tuning,Tuning,0.015727758407592773,0.9842722415924072
Ela_metadataset,XGBoost,0.85,Tuning,Tuning,0.0029973387718200684,0.9970026612281799
Ela_metadataset,XGBoost,0.85,Defaults,Tuning,0.0015763044357299805,0.99842369556427
Ela_metadataset,XGBoost,0.85,Tuning,Tuning,0.4141066074371338,0.5858933925628662
Ela_metadataset,XGBoost,0.85,Tuning,Tuning,0.07079356908798218,0.9292064309120178
Ela_metadataset,XGBoost,0.85,Tuning,Tuning,0.1341279149055481,0.8658720850944519
Ela_metadataset,XGBoost,0.85,Defaults,Defaults,0.9555774927139282,0.04442248493432999
Ela_metadataset,XGBoost,0.85,Defaults,Tuning,0.2408657670021057,0.7591342329978943
Ela_metadataset,XGBoost,0.85,Tuning,Defaults,0.9543244242668152,0.045675598084926605
Ela_metadataset,XGBoost,0.85,Tuning,Tuning,0.00774616003036499,0.992253839969635
Ela_metadataset,XGBoost,0.85,Tuning,Tuning,0.009105682373046875,0.9908943176269531
Ela_metadataset,XGBoost,0.85,Defaults,Tuning,0.012434065341949463,0.9875659346580505
Ela_metadataset,XGBoost,0.85,Defaults,Tuning,0.29214155673980713,0.7078584432601929
Ela_metadataset,XGBoost,0.85,Defaults,Defaults,0.993628740310669,0.006371269468218088
Ela_metadataset,XGBoost,0.85,Tuning,Tuning,0.010157763957977295,0.9898422360420227
Ela_metadataset,XGBoost,0.85,Defaults,Defaults,0.5668563842773438,0.43314364552497864
Ela_metadataset,XGBoost,0.85,Tuning,Tuning,0.34515106678009033,0.6548489332199097
Ela_metadataset,XGBoost,0.85,Tuning,Tuning,0.00876075029373169,0.9912392497062683
Ela_metadataset,XGBoost,0.85,Defaults,Tuning,0.08784878253936768,0.9121512174606323
Ela_metadataset,XGBoost,0.85,Defaults,Tuning,0.1906248927116394,0.8093751072883606
Ela_metadataset,XGBoost,0.85,Tuning,Defaults,0.5251691937446594,0.4748308062553406
Ela_metadataset,XGBoost,0.85,Tuning,Defaults,0.5736474394798279,0.4263525605201721
Ela_metadataset,XGBoost,0.85,Defaults,Tuning,0.06709468364715576,0.9329053163528442
Ela_metadataset,XGBoost,0.85,Tuning,Tuning,0.0014074444770812988,0.9985925555229187
Ela_metadataset,XGBoost,0.85,Tuning,Tuning,0.2425946593284607,0.7574053406715393
Ela_metadataset,XGBoost,0.85,Tuning,Defaults,0.6681037545204163,0.33189624547958374
Ela_metadataset,XGBoost,0.85,Tuning,Tuning,0.0279158353805542,0.9720841646194458
Ela_metadataset,XGBoost,0.9,Tuning,Tuning,0.0446319580078125,0.9553680419921875
Ela_metadataset,XGBoost,0.9,Tuning,Tuning,0.01671057939529419,0.9832894206047058
Ela_metadataset,XGBoost,0.9,Defaults,Defaults,0.6731309294700623,0.32686907052993774
Ela_metadataset,XGBoost,0.9,Tuning,Tuning,0.0071302056312561035,0.9928697943687439
Ela_metadataset,XGBoost,0.9,Tuning,Tuning,0.0011038780212402344,0.9988961219787598
Ela_metadataset,XGBoost,0.9,Tuning,Tuning,0.05187326669692993,0.9481267333030701
Ela_metadataset,XGBoost,0.9,Tuning,Tuning,0.008791565895080566,0.9912084341049194
Ela_metadataset,XGBoost,0.9,Defaults,Tuning,0.008646190166473389,0.9913538098335266
Ela_metadataset,XGBoost,0.9,Defaults,Defaults,0.6438853144645691,0.3561146855354309
Ela_metadataset,XGBoost,0.9,Tuning,Tuning,0.08815056085586548,0.9118494391441345
Ela_metadataset,XGBoost,0.9,Tuning,Tuning,0.0012552738189697266,0.9987447261810303
Ela_metadataset,XGBoost,0.9,Defaults,Defaults,0.9556797742843628,0.0443202368915081
Ela_metadataset,XGBoost,0.9,Tuning,Tuning,0.273138165473938,0.726861834526062
Ela_metadataset,XGBoost,0.9,Tuning,Tuning,0.2686903476715088,0.7313096523284912
Ela_metadataset,XGBoost,0.9,Tuning,Tuning,0.0026382803916931152,0.9973617196083069
Ela_metadataset,XGBoost,0.9,Tuning,Tuning,0.003270745277404785,0.9967292547225952
Ela_metadataset,XGBoost,0.9,Defaults,Defaults,0.7498380541801453,0.25016194581985474
Ela_metadataset,XGBoost,0.9,Tuning,Tuning,0.03923755884170532,0.9607624411582947
Ela_metadataset,XGBoost,0.9,Defaults,Defaults,0.592985212802887,0.40701478719711304
Ela_metadataset,XGBoost,0.9,Tuning,Defaults,0.9866847395896912,0.013315270654857159
Ela_metadataset,XGBoost,0.9,Tuning,Tuning,0.06997460126876831,0.9300253987312317
Ela_metadataset,XGBoost,0.9,Defaults,Defaults,0.9793930053710938,0.020606976002454758
Ela_metadataset,XGBoost,0.9,Tuning,Defaults,0.7067034244537354,0.29329660534858704
Ela_metadataset,XGBoost,0.9,Tuning,Tuning,0.13049715757369995,0.8695028424263
Ela_metadataset,XGBoost,0.9,Tuning,Tuning,0.003200054168701172,0.9967999458312988
Ela_metadataset,XGBoost,0.9,Tuning,Tuning,0.004202723503112793,0.9957972764968872
Ela_metadataset,XGBoost,0.9,Tuning,Tuning,0.005675137042999268,0.9943248629570007
Ela_metadataset,XGBoost,0.9,Tuning,Tuning,0.06762629747390747,0.9323737025260925
Ela_metadataset,XGBoost,0.9,Tuning,Tuning,0.004790961742401123,0.9952090382575989
Ela_metadataset,XGBoost,0.9,Tuning,Tuning,0.03304600715637207,0.9669539928436279
Ela_metadataset,XGBoost,0.9,Tuning,Tuning,0.007079899311065674,0.9929201006889343
Ela_metadataset,XGBoost,0.9,Tuning,Tuning,0.0052817463874816895,0.9947182536125183
Ela_metadataset,XGBoost,0.9,Defaults,Defaults,0.9578356742858887,0.042164336889982224
Ela_metadataset,XGBoost,0.9,Defaults,Defaults,0.9924709796905518,0.007528997492045164
Ela_metadataset,XGBoost,0.9,Tuning,Tuning,0.002892434597015381,0.9971075654029846
Ela_metadataset,XGBoost,0.9,Tuning,Defaults,0.5156163573265076,0.48438364267349243
Ela_metadataset,XGBoost,0.9,Tuning,Tuning,0.034471213817596436,0.9655287861824036
Ela_metadataset,XGBoost,0.9,Defaults,Tuning,0.4288180470466614,0.5711819529533386
Ela_metadataset,XGBoost,0.9,Tuning,Tuning,0.006883680820465088,0.9931163191795349
Ela_metadataset,XGBoost,0.9,Defaults,Tuning,0.28999191522598267,0.7100080847740173
Ela_metadataset,XGBoost,0.9,Tuning,Tuning,0.004742324352264404,0.9952576756477356
Ela_metadataset,XGBoost,0.9,Tuning,Tuning,0.0007483363151550293,0.999251663684845
Ela_metadataset,XGBoost,0.9,Tuning,Tuning,0.01273047924041748,0.9872695207595825
Ela_metadataset,XGBoost,0.9,Tuning,Tuning,0.0012249350547790527,0.998775064945221
Ela_metadataset,XGBoost,0.9,Tuning,Tuning,0.004888713359832764,0.9951112866401672
Ela_metadataset,XGBoost,0.9,Tuning,Tuning,0.005479335784912109,0.9945206642150879
Ela_metadataset,XGBoost,0.9,Tuning,Tuning,0.022147297859191895,0.9778527021408081
Ela_metadataset,XGBoost,0.9,Tuning,Tuning,0.001081705093383789,0.9989182949066162
Ela_metadataset,XGBoost,0.9,Tuning,Tuning,0.06684160232543945,0.9331583976745605
Ela_metadataset,XGBoost,0.9,Tuning,Tuning,0.0011414289474487305,0.9988585710525513
Ela_metadataset,XGBoost,0.9,Defaults,Defaults,0.8995600342750549,0.10043995827436447
Ela_metadataset,XGBoost,0.9,Tuning,Tuning,0.22403669357299805,0.775963306427002
Ela_metadataset,XGBoost,0.9,Tuning,Tuning,0.010258674621582031,0.989741325378418
Ela_metadataset,XGBoost,0.9,Defaults,Tuning,0.009075582027435303,0.9909244179725647
Ela_metadataset,XGBoost,0.9,Tuning,Defaults,0.582871675491333,0.417128324508667
Ela_metadataset,XGBoost,0.9,Tuning,Tuning,0.03183215856552124,0.9681678414344788
Ela_metadataset,XGBoost,0.9,Tuning,Tuning,0.0013734102249145508,0.9986265897750854
Ela_metadataset,XGBoost,0.9,Tuning,Defaults,0.9948639273643494,0.005136054940521717
Ela_metadataset,XGBoost,0.9,Tuning,Tuning,0.018973469734191895,0.9810265302658081
Ela_metadataset,XGBoost,0.9,Tuning,Tuning,0.0697176456451416,0.9302823543548584
Ela_metadataset,XGBoost,0.9,Tuning,Tuning,0.1571347713470459,0.8428652286529541
Ela_metadataset,XGBoost,0.9,Tuning,Tuning,0.008388340473175049,0.991611659526825
Ela_metadataset,XGBoost,0.9,Tuning,Tuning,0.0017431378364562988,0.9982568621635437
Ela_metadataset,XGBoost,0.9,Defaults,Tuning,0.18488091230392456,0.8151190876960754
Ela_metadataset,XGBoost,0.9,Tuning,Tuning,0.43628990650177,0.56371009349823
Ela_metadataset,XGBoost,0.9,Defaults,Defaults,0.9249159693717957,0.07508400827646255
Ela_metadataset,XGBoost,0.9,Tuning,Tuning,0.001782834529876709,0.9982171654701233
Ela_metadataset,XGBoost,0.9,Tuning,Tuning,0.015256226062774658,0.9847437739372253
Ela_metadataset,XGBoost,0.9,Tuning,Tuning,0.0069997310638427734,0.9930002689361572
Ela_metadataset,XGBoost,0.9,Tuning,Defaults,0.5473494529724121,0.4526505172252655
Ela_metadataset,XGBoost,0.9,Tuning,Defaults,0.8909845352172852,0.10901547223329544
Ela_metadataset,XGBoost,0.9,Defaults,Tuning,0.027035832405090332,0.9729641675949097
Ela_metadataset,XGBoost,0.9,Tuning,Tuning,0.023075103759765625,0.9769248962402344
Ela_metadataset,XGBoost,0.9,Defaults,Tuning,0.3721235990524292,0.6278764009475708
Ela_metadataset,XGBoost,0.9,Defaults,Defaults,0.6441134214401245,0.3558865487575531
Ela_metadataset,XGBoost,0.9,Defaults,Defaults,0.5678672790527344,0.43213269114494324
Ela_metadataset,XGBoost,0.9,Defaults,Defaults,0.8867970705032349,0.11320292204618454
Ela_metadataset,XGBoost,0.9,Tuning,Tuning,0.017537832260131836,0.9824621677398682
Ela_metadataset,XGBoost,0.9,Tuning,Tuning,0.025269150733947754,0.9747308492660522
Ela_metadataset,XGBoost,0.9,Tuning,Tuning,0.0032126903533935547,0.9967873096466064
Ela_metadataset,XGBoost,0.9,Defaults,Tuning,0.45038241147994995,0.54961758852005
Ela_metadataset,XGBoost,0.9,Defaults,Tuning,0.09686332941055298,0.903136670589447
Ela_metadataset,XGBoost,0.9,Defaults,Tuning,0.222165048122406,0.777834951877594
Ela_metadataset,XGBoost,0.9,Defaults,Defaults,0.997935950756073,0.002064031781628728
Ela_metadataset,XGBoost,0.9,Tuning,Defaults,0.7613248825073242,0.23867513239383698
Ela_metadataset,XGBoost,0.9,Tuning,Defaults,0.5081051588058472,0.4918948709964752
Ela_metadataset,XGBoost,0.9,Defaults,Defaults,0.9655550122261047,0.03444499894976616
Ela_metadataset,XGBoost,0.9,Tuning,Tuning,0.0017292499542236328,0.9982707500457764
Ela_metadataset,XGBoost,0.9,Defaults,Tuning,0.02631521224975586,0.9736847877502441
Ela_metadataset,XGBoost,0.9,Tuning,Tuning,0.004564821720123291,0.9954351782798767
Ela_metadataset,XGBoost,0.9,Tuning,Tuning,0.04555600881576538,0.9544439911842346
Ela_metadataset,XGBoost,0.9,Defaults,Tuning,0.20154982805252075,0.7984501719474792
Ela_metadataset,XGBoost,0.9,Tuning,Tuning,0.2721945643424988,0.7278054356575012
Ela_metadataset,XGBoost,0.9,Defaults,Defaults,0.8560391068458557,0.1439608782529831
Ela_metadataset,XGBoost,0.9,Tuning,Tuning,0.020739972591400146,0.9792600274085999
Ela_metadataset,XGBoost,0.9,Tuning,Tuning,0.009171485900878906,0.9908285140991211
Ela_metadataset,XGBoost,0.9,Tuning,Tuning,0.0688314437866211,0.9311685562133789
Ela_metadataset,XGBoost,0.9,Defaults,Tuning,0.005680441856384277,0.9943195581436157
Ela_metadataset,XGBoost,0.9,Tuning,Tuning,0.020320117473602295,0.9796798825263977
Ela_metadataset,XGBoost,0.9,Tuning,Tuning,0.03318488597869873,0.9668151140213013
Ela_metadataset,XGBoost,0.9,Tuning,Tuning,0.011066913604736328,0.9889330863952637
Ela_metadataset,XGBoost,0.9,Defaults,Tuning,0.007252991199493408,0.9927470088005066
Ela_metadataset,XGBoost,0.9,Tuning,Tuning,0.04403829574584961,0.9559617042541504
Ela_metadataset,XGBoost,0.9,Tuning,Tuning,0.014993488788604736,0.9850065112113953
Ela_metadataset,XGBoost,0.9,Tuning,Tuning,0.0030555129051208496,0.9969444870948792
Ela_metadataset,XGBoost,0.9,Tuning,Tuning,0.03639185428619385,0.9636081457138062
Ela_metadataset,XGBoost,0.9,Tuning,Defaults,0.6873775124549866,0.3126224875450134
Ela_metadataset,XGBoost,0.9,Tuning,Tuning,0.005059719085693359,0.9949402809143066
Ela_metadataset,XGBoost,0.9,Tuning,Tuning,0.025121212005615234,0.9748787879943848
Ela_metadataset,XGBoost,0.9,Defaults,Tuning,0.09118181467056274,0.9088181853294373
Ela_metadataset,XGBoost,0.9,Tuning,Tuning,0.014168024063110352,0.9858319759368896
Ela_metadataset,XGBoost,0.9,Tuning,Tuning,0.0018729567527770996,0.9981270432472229
Ela_metadataset,XGBoost,0.9,Tuning,Tuning,0.02848571538925171,0.9715142846107483
Ela_metadataset,XGBoost,0.9,Tuning,Tuning,0.02909696102142334,0.9709030389785767
Ela_metadataset,XGBoost,0.9,Tuning,Tuning,0.030553162097930908,0.9694468379020691
Ela_metadataset,XGBoost,0.9,Tuning,Tuning,0.0007336735725402832,0.9992663264274597
Ela_metadataset,XGBoost,0.9,Tuning,Tuning,0.11250263452529907,0.8874973654747009
Ela_metadataset,XGBoost,0.9,Tuning,Tuning,0.43464183807373047,0.5653581619262695
Ela_metadataset,XGBoost,0.9,Defaults,Tuning,0.13603246212005615,0.8639675378799438
Ela_metadataset,XGBoost,0.9,Tuning,Tuning,0.015098154544830322,0.9849018454551697
Ela_metadataset,XGBoost,0.9,Defaults,Tuning,0.017495691776275635,0.9825043082237244
Ela_metadataset,XGBoost,0.9,Tuning,Tuning,0.0006161928176879883,0.999383807182312
Ela_metadataset,XGBoost,0.9,Tuning,Tuning,0.427490770816803,0.572509229183197
Ela_metadataset,XGBoost,0.9,Tuning,Tuning,0.0029584765434265137,0.9970415234565735
Ela_metadataset,XGBoost,0.9,Tuning,Tuning,0.11659705638885498,0.883402943611145
Ela_metadataset,XGBoost,0.9,Defaults,Tuning,0.0773499608039856,0.9226500391960144
Ela_metadataset,XGBoost,0.9,Defaults,Defaults,0.8941529393196106,0.10584703832864761
Ela_metadataset,XGBoost,0.9,Tuning,Tuning,0.014049708843231201,0.9859502911567688
Ela_metadataset,XGBoost,0.9,Tuning,Tuning,0.13132983446121216,0.8686701655387878
Ela_metadataset,XGBoost,0.9,Tuning,Tuning,0.0216333270072937,0.9783666729927063
Ela_metadataset,XGBoost,0.9,Tuning,Tuning,0.006076991558074951,0.993923008441925
Ela_metadataset,XGBoost,0.9,Tuning,Tuning,0.05431300401687622,0.9456869959831238
Ela_metadataset,XGBoost,0.9,Tuning,Tuning,0.02196967601776123,0.9780303239822388
Ela_metadataset,XGBoost,0.9,Tuning,Tuning,0.08568716049194336,0.9143128395080566
Ela_metadataset,XGBoost,0.9,Tuning,Tuning,0.21278077363967896,0.787219226360321
Ela_metadataset,XGBoost,0.9,Defaults,Tuning,0.18265116214752197,0.817348837852478
Ela_metadataset,XGBoost,0.9,Tuning,Defaults,0.907869815826416,0.09213020652532578
Ela_metadataset,XGBoost,0.9,Tuning,Defaults,0.7733831405639648,0.22661687433719635
Ela_metadataset,XGBoost,0.9,Tuning,Tuning,0.028527438640594482,0.9714725613594055
Ela_metadataset,XGBoost,0.9,Tuning,Defaults,0.985832691192627,0.01416732370853424
Ela_metadataset,XGBoost,0.9,Defaults,Tuning,0.44079047441482544,0.5592095255851746
Ela_metadataset,XGBoost,0.9,Tuning,Tuning,0.010128796100616455,0.9898712038993835
Ela_metadataset,XGBoost,0.9,Tuning,Tuning,0.014426648616790771,0.9855733513832092
Ela_metadataset,XGBoost,0.9,Tuning,Tuning,0.002798914909362793,0.9972010850906372
Ela_metadataset,XGBoost,0.9,Defaults,Tuning,0.0020588040351867676,0.9979411959648132
Ela_metadataset,XGBoost,0.9,Tuning,Tuning,0.2896338701248169,0.7103661298751831
Ela_metadataset,XGBoost,0.9,Tuning,Tuning,0.07637578248977661,0.9236242175102234
Ela_metadataset,XGBoost,0.9,Tuning,Tuning,0.11675024032592773,0.8832497596740723
Ela_metadataset,XGBoost,0.9,Defaults,Defaults,0.9395608901977539,0.06043911725282669
Ela_metadataset,XGBoost,0.9,Defaults,Defaults,0.7082882523536682,0.2917117476463318
Ela_metadataset,XGBoost,0.9,Tuning,Defaults,0.9478139877319336,0.05218600481748581
Ela_metadataset,XGBoost,0.9,Tuning,Tuning,0.009632110595703125,0.9903678894042969
Ela_metadataset,XGBoost,0.9,Tuning,Tuning,0.011009454727172852,0.9889905452728271
Ela_metadataset,XGBoost,0.9,Defaults,Tuning,0.01872730255126953,0.9812726974487305
Ela_metadataset,XGBoost,0.9,Defaults,Tuning,0.35867881774902344,0.6413211822509766
Ela_metadataset,XGBoost,0.9,Defaults,Defaults,0.9913271069526672,0.008672885596752167
Ela_metadataset,XGBoost,0.9,Tuning,Tuning,0.019230008125305176,0.9807699918746948
Ela_metadataset,XGBoost,0.9,Defaults,Tuning,0.47583556175231934,0.5241644382476807
Ela_metadataset,XGBoost,0.9,Tuning,Tuning,0.39076709747314453,0.6092329025268555
Ela_metadataset,XGBoost,0.9,Tuning,Tuning,0.0032699108123779297,0.9967300891876221
Ela_metadataset,XGBoost,0.9,Defaults,Tuning,0.061001479625701904,0.9389985203742981
Ela_metadataset,XGBoost,0.9,Defaults,Tuning,0.18964749574661255,0.8103525042533875
Ela_metadataset,XGBoost,0.9,Tuning,Defaults,0.5057918429374695,0.4942081570625305
Ela_metadataset,XGBoost,0.9,Tuning,Defaults,0.5502244234085083,0.4497755765914917
Ela_metadataset,XGBoost,0.9,Defaults,Tuning,0.03259432315826416,0.9674056768417358
Ela_metadataset,XGBoost,0.9,Tuning,Tuning,0.0010358095169067383,0.9989641904830933
Ela_metadataset,XGBoost,0.9,Tuning,Tuning,0.22243887186050415,0.7775611281394958
Ela_metadataset,XGBoost,0.9,Tuning,Defaults,0.680599570274353,0.3194003999233246
Ela_metadataset,XGBoost,0.9,Tuning,Tuning,0.021447300910949707,0.9785526990890503
Ela_metadataset,XGBoost,0.95,Tuning,Tuning,0.009656071662902832,0.9903439283370972
Ela_metadataset,XGBoost,0.95,Tuning,Tuning,0.003960132598876953,0.996039867401123
Ela_metadataset,XGBoost,0.95,Defaults,Defaults,0.9677241444587708,0.032275862991809845
Ela_metadataset,XGBoost,0.95,Tuning,Tuning,0.12717288732528687,0.8728271126747131
Ela_metadataset,XGBoost,0.95,Tuning,Tuning,0.0007924437522888184,0.9992075562477112
Ela_metadataset,XGBoost,0.95,Tuning,Tuning,0.022214770317077637,0.9777852296829224
Ela_metadataset,XGBoost,0.95,Tuning,Tuning,0.018992364406585693,0.9810076355934143
Ela_metadataset,XGBoost,0.95,Defaults,Tuning,0.0142134428024292,0.9857865571975708
Ela_metadataset,XGBoost,0.95,Defaults,Defaults,0.6856673359870911,0.31433266401290894
Ela_metadataset,XGBoost,0.95,Tuning,Tuning,0.1061546802520752,0.8938453197479248
Ela_metadataset,XGBoost,0.95,Tuning,Tuning,0.0007810592651367188,0.9992189407348633
Ela_metadataset,XGBoost,0.95,Defaults,Defaults,0.9330725073814392,0.06692750006914139
Ela_metadataset,XGBoost,0.95,Tuning,Tuning,0.028186798095703125,0.9718132019042969
Ela_metadataset,XGBoost,0.95,Tuning,Tuning,0.3794819712638855,0.6205180287361145
Ela_metadataset,XGBoost,0.95,Tuning,Tuning,0.001490771770477295,0.9985092282295227
Ela_metadataset,XGBoost,0.95,Tuning,Tuning,0.002352893352508545,0.9976471066474915
Ela_metadataset,XGBoost,0.95,Defaults,Tuning,0.2650300860404968,0.7349699139595032
Ela_metadataset,XGBoost,0.95,Tuning,Tuning,0.02703934907913208,0.9729606509208679
Ela_metadataset,XGBoost,0.95,Defaults,Defaults,0.6880592107772827,0.3119407892227173
Ela_metadataset,XGBoost,0.95,Tuning,Defaults,0.9766636490821838,0.023336360231041908
Ela_metadataset,XGBoost,0.95,Tuning,Tuning,0.3215944766998291,0.6784055233001709
Ela_metadataset,XGBoost,0.95,Defaults,Defaults,0.9691022038459778,0.030897798016667366
Ela_metadataset,XGBoost,0.95,Tuning,Defaults,0.5496156215667725,0.45038437843322754
Ela_metadataset,XGBoost,0.95,Tuning,Tuning,0.09065693616867065,0.9093430638313293
Ela_metadataset,XGBoost,0.95,Tuning,Tuning,0.007650971412658691,0.9923490285873413
Ela_metadataset,XGBoost,0.95,Tuning,Tuning,0.020929336547851562,0.9790706634521484
Ela_metadataset,XGBoost,0.95,Tuning,Tuning,0.010120034217834473,0.9898799657821655
Ela_metadataset,XGBoost,0.95,Tuning,Tuning,0.10741031169891357,0.8925896883010864
Ela_metadataset,XGBoost,0.95,Tuning,Tuning,0.0028591156005859375,0.9971408843994141
Ela_metadataset,XGBoost,0.95,Tuning,Tuning,0.008420586585998535,0.9915794134140015
Ela_metadataset,XGBoost,0.95,Tuning,Tuning,0.009642302989959717,0.9903576970100403
Ela_metadataset,XGBoost,0.95,Tuning,Tuning,0.0030493736267089844,0.996950626373291
Ela_metadataset,XGBoost,0.95,Defaults,Defaults,0.935029149055481,0.06497084349393845
Ela_metadataset,XGBoost,0.95,Defaults,Defaults,0.981605052947998,0.018394947052001953
Ela_metadataset,XGBoost,0.95,Tuning,Tuning,0.0011307597160339355,0.9988692402839661
Ela_metadataset,XGBoost,0.95,Tuning,Tuning,0.19481825828552246,0.8051817417144775
Ela_metadataset,XGBoost,0.95,Tuning,Tuning,0.029043257236480713,0.9709567427635193
Ela_metadataset,XGBoost,0.95,Defaults,Defaults,0.6012132167816162,0.3987868130207062
Ela_metadataset,XGBoost,0.95,Tuning,Tuning,0.0025034546852111816,0.9974965453147888
Ela_metadataset,XGBoost,0.95,Defaults,Tuning,0.2580101490020752,0.7419898509979248
Ela_metadataset,XGBoost,0.95,Tuning,Tuning,0.006050467491149902,0.9939495325088501
Ela_metadataset,XGBoost,0.95,Tuning,Tuning,0.0017488598823547363,0.9982511401176453
Ela_metadataset,XGBoost,0.95,Tuning,Tuning,0.047754883766174316,0.9522451162338257
Ela_metadataset,XGBoost,0.95,Tuning,Tuning,0.00045305490493774414,0.9995469450950623
Ela_metadataset,XGBoost,0.95,Tuning,Tuning,0.03252202272415161,0.9674779772758484
Ela_metadataset,XGBoost,0.95,Tuning,Tuning,0.018230557441711426,0.9817694425582886
Ela_metadataset,XGBoost,0.95,Tuning,Tuning,0.021979033946990967,0.978020966053009
Ela_metadataset,XGBoost,0.95,Tuning,Tuning,0.009500086307525635,0.9904999136924744
Ela_metadataset,XGBoost,0.95,Tuning,Tuning,0.025897979736328125,0.9741020202636719
Ela_metadataset,XGBoost,0.95,Tuning,Tuning,0.0017861127853393555,0.9982138872146606
Ela_metadataset,XGBoost,0.95,Defaults,Defaults,0.8472996354103088,0.15270037949085236
Ela_metadataset,XGBoost,0.95,Tuning,Tuning,0.14607423543930054,0.8539257645606995
Ela_metadataset,XGBoost,0.95,Tuning,Tuning,0.020801424980163574,0.9791985750198364
Ela_metadataset,XGBoost,0.95,Defaults,Tuning,0.00840914249420166,0.9915908575057983
Ela_metadataset,XGBoost,0.95,Tuning,Tuning,0.25953853130340576,0.7404614686965942
Ela_metadataset,XGBoost,0.95,Tuning,Tuning,0.23172718286514282,0.7682728171348572
Ela_metadataset,XGBoost,0.95,Tuning,Tuning,0.0018303394317626953,0.9981696605682373
Ela_metadataset,XGBoost,0.95,Tuning,Defaults,0.9983754754066467,0.0016244999133050442
Ela_metadataset,XGBoost,0.95,Tuning,Tuning,0.013551771640777588,0.9864482283592224
Ela_metadataset,XGBoost,0.95,Tuning,Tuning,0.0367201566696167,0.9632798433303833
Ela_metadataset,XGBoost,0.95,Tuning,Defaults,0.5829752683639526,0.41702476143836975
Ela_metadataset,XGBoost,0.95,Tuning,Tuning,0.0060689449310302734,0.9939310550689697
Ela_metadataset,XGBoost,0.95,Tuning,Tuning,0.0018208026885986328,0.9981791973114014
Ela_metadataset,XGBoost,0.95,Defaults,Tuning,0.46948426961898804,0.530515730381012
Ela_metadataset,XGBoost,0.95,Tuning,Tuning,0.1590915322303772,0.8409084677696228
Ela_metadataset,XGBoost,0.95,Defaults,Defaults,0.6001819372177124,0.3998180329799652
Ela_metadataset,XGBoost,0.95,Tuning,Tuning,0.0029372572898864746,0.9970627427101135
Ela_metadataset,XGBoost,0.95,Tuning,Tuning,0.011106550693511963,0.988893449306488
Ela_metadataset,XGBoost,0.95,Tuning,Tuning,0.004819512367248535,0.9951804876327515
Ela_metadataset,XGBoost,0.95,Tuning,Tuning,0.33667248487472534,0.6633275151252747
Ela_metadataset,XGBoost,0.95,Tuning,Defaults,0.9605149030685425,0.03948507830500603
Ela_metadataset,XGBoost,0.95,Defaults,Tuning,0.059728026390075684,0.9402719736099243
Ela_metadataset,XGBoost,0.95,Tuning,Tuning,0.10708260536193848,0.8929173946380615
Ela_metadataset,XGBoost,0.95,Defaults,Tuning,0.03617990016937256,0.9638200998306274
Ela_metadataset,XGBoost,0.95,Defaults,Defaults,0.6751471757888794,0.3248527944087982
Ela_metadataset,XGBoost,0.95,Defaults,Tuning,0.2668440341949463,0.7331559658050537
Ela_metadataset,XGBoost,0.95,Defaults,Defaults,0.9652208089828491,0.03477918729186058
Ela_metadataset,XGBoost,0.95,Tuning,Tuning,0.007326781749725342,0.9926732182502747
Ela_metadataset,XGBoost,0.95,Tuning,Tuning,0.00966489315032959,0.9903351068496704
Ela_metadataset,XGBoost,0.95,Tuning,Tuning,0.002103090286254883,0.9978969097137451
Ela_metadataset,XGBoost,0.95,Defaults,Tuning,0.35083961486816406,0.6491603851318359
Ela_metadataset,XGBoost,0.95,Defaults,Tuning,0.08489900827407837,0.9151009917259216
Ela_metadataset,XGBoost,0.95,Defaults,Defaults,0.5014179944992065,0.49858197569847107
Ela_metadataset,XGBoost,0.95,Defaults,Defaults,0.9781395792961121,0.02186042256653309
Ela_metadataset,XGBoost,0.95,Tuning,Defaults,0.6592743396759033,0.34072569012641907
Ela_metadataset,XGBoost,0.95,Tuning,Tuning,0.27366137504577637,0.7263386249542236
Ela_metadataset,XGBoost,0.95,Defaults,Defaults,0.9803988337516785,0.019601184874773026
Ela_metadataset,XGBoost,0.95,Tuning,Tuning,0.0009284019470214844,0.9990715980529785
Ela_metadataset,XGBoost,0.95,Defaults,Tuning,0.2521616220474243,0.7478383779525757
Ela_metadataset,XGBoost,0.95,Tuning,Tuning,0.0025538206100463867,0.9974461793899536
Ela_metadataset,XGBoost,0.95,Tuning,Tuning,0.06752347946166992,0.9324765205383301
Ela_metadataset,XGBoost,0.95,Defaults,Tuning,0.45429563522338867,0.5457043647766113
Ela_metadataset,XGBoost,0.95,Tuning,Defaults,0.7401947975158691,0.25980517268180847
Ela_metadataset,XGBoost,0.95,Defaults,Defaults,0.8407502174377441,0.15924981236457825
Ela_metadataset,XGBoost,0.95,Tuning,Tuning,0.005276203155517578,0.9947237968444824
Ela_metadataset,XGBoost,0.95,Tuning,Tuning,0.00836092233657837,0.9916390776634216
Ela_metadataset,XGBoost,0.95,Tuning,Tuning,0.05705004930496216,0.9429499506950378
Ela_metadataset,XGBoost,0.95,Defaults,Tuning,0.006201326847076416,0.9937986731529236
Ela_metadataset,XGBoost,0.95,Tuning,Tuning,0.006152808666229248,0.9938471913337708
Ela_metadataset,XGBoost,0.95,Tuning,Tuning,0.01783573627471924,0.9821642637252808
Ela_metadataset,XGBoost,0.95,Tuning,Tuning,0.006494641304016113,0.9935053586959839
Ela_metadataset,XGBoost,0.95,Defaults,Tuning,0.00400698184967041,0.9959930181503296
Ela_metadataset,XGBoost,0.95,Tuning,Tuning,0.04248303174972534,0.9575169682502747
Ela_metadataset,XGBoost,0.95,Tuning,Tuning,0.01664203405380249,0.9833579659461975
Ela_metadataset,XGBoost,0.95,Tuning,Tuning,0.002774834632873535,0.9972251653671265
Ela_metadataset,XGBoost,0.95,Tuning,Tuning,0.012736141681671143,0.9872638583183289
Ela_metadataset,XGBoost,0.95,Tuning,Defaults,0.5770751237869263,0.42292484641075134
Ela_metadataset,XGBoost,0.95,Tuning,Tuning,0.03710049390792847,0.9628995060920715
Ela_metadataset,XGBoost,0.95,Tuning,Tuning,0.02484285831451416,0.9751571416854858
Ela_metadataset,XGBoost,0.95,Defaults,Tuning,0.04961955547332764,0.9503804445266724
Ela_metadataset,XGBoost,0.95,Tuning,Tuning,0.06370455026626587,0.9362954497337341
Ela_metadataset,XGBoost,0.95,Tuning,Tuning,0.0009505152702331543,0.9990494847297668
Ela_metadataset,XGBoost,0.95,Tuning,Tuning,0.03998863697052002,0.96001136302948
Ela_metadataset,XGBoost,0.95,Tuning,Tuning,0.04379594326019287,0.9562040567398071
Ela_metadataset,XGBoost,0.95,Tuning,Tuning,0.004046440124511719,0.9959535598754883
Ela_metadataset,XGBoost,0.95,Tuning,Tuning,0.004729568958282471,0.9952704310417175
Ela_metadataset,XGBoost,0.95,Tuning,Tuning,0.2400866150856018,0.7599133849143982
Ela_metadataset,XGBoost,0.95,Tuning,Tuning,0.16650813817977905,0.833491861820221
Ela_metadataset,XGBoost,0.95,Defaults,Tuning,0.10546064376831055,0.8945393562316895
Ela_metadataset,XGBoost,0.95,Tuning,Tuning,0.008904337882995605,0.9910956621170044
Ela_metadataset,XGBoost,0.95,Defaults,Tuning,0.2756339907646179,0.7243660092353821
Ela_metadataset,XGBoost,0.95,Tuning,Tuning,0.0007845163345336914,0.9992154836654663
Ela_metadataset,XGBoost,0.95,Tuning,Tuning,0.08741968870162964,0.9125803112983704
Ela_metadataset,XGBoost,0.95,Tuning,Tuning,0.002367854118347168,0.9976321458816528
Ela_metadataset,XGBoost,0.95,Tuning,Tuning,0.043299734592437744,0.9567002654075623
Ela_metadataset,XGBoost,0.95,Defaults,Tuning,0.37653565406799316,0.6234643459320068
Ela_metadataset,XGBoost,0.95,Defaults,Defaults,0.8354907631874084,0.16450925171375275
Ela_metadataset,XGBoost,0.95,Tuning,Tuning,0.05139315128326416,0.9486068487167358
Ela_metadataset,XGBoost,0.95,Tuning,Tuning,0.0627012848854065,0.9372987151145935
Ela_metadataset,XGBoost,0.95,Tuning,Tuning,0.01922816038131714,0.9807718396186829
Ela_metadataset,XGBoost,0.95,Tuning,Tuning,0.005887091159820557,0.9941129088401794
Ela_metadataset,XGBoost,0.95,Tuning,Tuning,0.015380442142486572,0.9846195578575134
Ela_metadataset,XGBoost,0.95,Tuning,Tuning,0.037523627281188965,0.962476372718811
Ela_metadataset,XGBoost,0.95,Tuning,Tuning,0.0926942229270935,0.9073057770729065
Ela_metadataset,XGBoost,0.95,Tuning,Tuning,0.1636568307876587,0.8363431692123413
Ela_metadataset,XGBoost,0.95,Defaults,Tuning,0.0596887469291687,0.9403112530708313
Ela_metadataset,XGBoost,0.95,Tuning,Defaults,0.8284721970558167,0.17152778804302216
Ela_metadataset,XGBoost,0.95,Tuning,Tuning,0.25024545192718506,0.7497545480728149
Ela_metadataset,XGBoost,0.95,Tuning,Tuning,0.04268735647201538,0.9573126435279846
Ela_metadataset,XGBoost,0.95,Tuning,Defaults,0.9830028414726257,0.016997143626213074
Ela_metadataset,XGBoost,0.95,Defaults,Tuning,0.44696515798568726,0.5530348420143127
Ela_metadataset,XGBoost,0.95,Tuning,Tuning,0.0419011116027832,0.9580988883972168
Ela_metadataset,XGBoost,0.95,Tuning,Tuning,0.009417295455932617,0.9905827045440674
Ela_metadataset,XGBoost,0.95,Tuning,Tuning,0.0013515353202819824,0.998648464679718
Ela_metadataset,XGBoost,0.95,Defaults,Tuning,0.0023246407508850098,0.997675359249115
Ela_metadataset,XGBoost,0.95,Tuning,Tuning,0.23203033208847046,0.7679696679115295
Ela_metadataset,XGBoost,0.95,Tuning,Tuning,0.302304744720459,0.697695255279541
Ela_metadataset,XGBoost,0.95,Tuning,Tuning,0.024935364723205566,0.9750646352767944
Ela_metadataset,XGBoost,0.95,Defaults,Defaults,0.8944869637489319,0.1055130586028099
Ela_metadataset,XGBoost,0.95,Defaults,Tuning,0.49335652589797974,0.5066434741020203
Ela_metadataset,XGBoost,0.95,Tuning,Defaults,0.7730173468589783,0.22698265314102173
Ela_metadataset,XGBoost,0.95,Tuning,Tuning,0.001284956932067871,0.9987150430679321
Ela_metadataset,XGBoost,0.95,Tuning,Tuning,0.008948326110839844,0.9910516738891602
Ela_metadataset,XGBoost,0.95,Defaults,Tuning,0.016270577907562256,0.9837294220924377
Ela_metadataset,XGBoost,0.95,Defaults,Defaults,0.5642484426498413,0.4357515275478363
Ela_metadataset,XGBoost,0.95,Defaults,Defaults,0.9912296533584595,0.008770374581217766
Ela_metadataset,XGBoost,0.95,Tuning,Tuning,0.0016968250274658203,0.9983031749725342
Ela_metadataset,XGBoost,0.95,Defaults,Tuning,0.4421226978302002,0.5578773021697998
Ela_metadataset,XGBoost,0.95,Tuning,Tuning,0.11385136842727661,0.8861486315727234
Ela_metadataset,XGBoost,0.95,Tuning,Tuning,0.0016951560974121094,0.9983048439025879
Ela_metadataset,XGBoost,0.95,Defaults,Tuning,0.07715213298797607,0.9228478670120239
Ela_metadataset,XGBoost,0.95,Defaults,Tuning,0.13388729095458984,0.8661127090454102
Ela_metadataset,XGBoost,0.95,Tuning,Tuning,0.28161531686782837,0.7183846831321716
Ela_metadataset,XGBoost,0.95,Tuning,Tuning,0.45176976919174194,0.5482302308082581
Ela_metadataset,XGBoost,0.95,Defaults,Tuning,0.014709949493408203,0.9852900505065918
Ela_metadataset,XGBoost,0.95,Tuning,Tuning,0.0009308457374572754,0.9990691542625427
Ela_metadataset,XGBoost,0.95,Tuning,Tuning,0.28898197412490845,0.7110180258750916
Ela_metadataset,XGBoost,0.95,Tuning,Tuning,0.4013890027999878,0.5986109972000122
Ela_metadataset,XGBoost,0.95,Tuning,Tuning,0.00946199893951416,0.9905380010604858
