Dataset,Algorithm,CorrelationThreshold,TrueLabel,PredictedLabel,Prob_Defaults,Prob_Tuning
Baseline,SVM_Linear,0.8,Tuning,Tuning,0.2112628439613299,0.7887371560386702
Baseline,SVM_Linear,0.8,Tuning,Tuning,0.2571398241779423,0.742860175822058
Baseline,SVM_Linear,0.8,Defaults,Tuning,0.4085033441212861,0.5914966558787139
Baseline,SVM_Linear,0.8,Tuning,Tuning,0.22574502131620638,0.7742549786837936
Baseline,SVM_Linear,0.8,Tuning,Tuning,0.216837591316929,0.783162408683071
Baseline,SVM_Linear,0.8,Tuning,Tuning,0.38820109915567097,0.611798900844329
Baseline,SVM_Linear,0.8,Tuning,Tuning,0.11186062702240084,0.8881393729775992
Baseline,SVM_Linear,0.8,Defaults,Tuning,0.18093556857144868,0.819064431428551
Baseline,SVM_Linear,0.8,Defaults,Tuning,0.13132704083286875,0.8686729591671315
Baseline,SVM_Linear,0.8,Tuning,Tuning,0.24619559715292452,0.7538044028470757
Baseline,SVM_Linear,0.8,Tuning,Tuning,0.2511897868378388,0.7488102131621615
Baseline,SVM_Linear,0.8,Defaults,Tuning,0.28111135700654033,0.7188886429934596
Baseline,SVM_Linear,0.8,Tuning,Tuning,0.21448535587692993,0.7855146441230703
Baseline,SVM_Linear,0.8,Tuning,Tuning,0.21707375519280678,0.7829262448071934
Baseline,SVM_Linear,0.8,Tuning,Tuning,0.06552138314285748,0.9344786168571426
Baseline,SVM_Linear,0.8,Tuning,Tuning,0.2494031490500736,0.7505968509499265
Baseline,SVM_Linear,0.8,Defaults,Defaults,0.5571403437739926,0.44285965622600726
Baseline,SVM_Linear,0.8,Tuning,Tuning,0.25615487715446345,0.7438451228455366
Baseline,SVM_Linear,0.8,Defaults,Tuning,0.36204419536679044,0.6379558046332096
Baseline,SVM_Linear,0.8,Tuning,Tuning,0.30488532765918824,0.6951146723408118
Baseline,SVM_Linear,0.8,Tuning,Tuning,0.27998876131363687,0.7200112386863633
Baseline,SVM_Linear,0.8,Defaults,Tuning,0.2761352248357062,0.7238647751642938
Baseline,SVM_Linear,0.8,Tuning,Tuning,0.13641122163672342,0.8635887783632764
Baseline,SVM_Linear,0.8,Tuning,Tuning,0.29089522088275765,0.7091047791172422
Baseline,SVM_Linear,0.8,Tuning,Tuning,0.2813524732870742,0.7186475267129258
Baseline,SVM_Linear,0.8,Tuning,Tuning,0.24664720165883577,0.7533527983411641
Baseline,SVM_Linear,0.8,Tuning,Tuning,0.2554367860076265,0.7445632139923734
Baseline,SVM_Linear,0.8,Tuning,Tuning,0.27385614067681663,0.7261438593231833
Baseline,SVM_Linear,0.8,Tuning,Tuning,0.28285526347926704,0.7171447365207331
Baseline,SVM_Linear,0.8,Tuning,Tuning,0.23932646002669553,0.7606735399733044
Baseline,SVM_Linear,0.8,Tuning,Tuning,0.19611012561680005,0.8038898743831999
Baseline,SVM_Linear,0.8,Tuning,Tuning,0.2421469882651286,0.7578530117348713
Baseline,SVM_Linear,0.8,Defaults,Tuning,0.3817932249089198,0.61820677509108
Baseline,SVM_Linear,0.8,Defaults,Tuning,0.2422163998853472,0.7577836001146525
Baseline,SVM_Linear,0.8,Tuning,Tuning,0.188673314789395,0.8113266852106049
Baseline,SVM_Linear,0.8,Tuning,Tuning,0.4196340311461767,0.5803659688538233
Baseline,SVM_Linear,0.8,Tuning,Tuning,0.21289845211075928,0.7871015478892407
Baseline,SVM_Linear,0.8,Defaults,Tuning,0.3308251660480835,0.6691748339519168
Baseline,SVM_Linear,0.8,Tuning,Tuning,0.24992824842522202,0.750071751574778
Baseline,SVM_Linear,0.8,Defaults,Defaults,0.5,0.5
Baseline,SVM_Linear,0.8,Tuning,Tuning,0.3007129120181824,0.6992870879818176
Baseline,SVM_Linear,0.8,Tuning,Tuning,0.03852155298402893,0.9614784470159712
Baseline,SVM_Linear,0.8,Tuning,Defaults,0.5810847603072027,0.41891523969279726
Baseline,SVM_Linear,0.8,Tuning,Tuning,0.28172790810410775,0.718272091895892
Baseline,SVM_Linear,0.8,Tuning,Tuning,0.19853175222783448,0.8014682477721656
Baseline,SVM_Linear,0.8,Tuning,Tuning,0.32853550928068725,0.6714644907193127
Baseline,SVM_Linear,0.8,Tuning,Tuning,0.3538970913262443,0.6461029086737557
Baseline,SVM_Linear,0.8,Tuning,Tuning,0.1810043958670018,0.8189956041329983
Baseline,SVM_Linear,0.8,Tuning,Tuning,0.2845057559775581,0.7154942440224416
Baseline,SVM_Linear,0.8,Tuning,Tuning,0.16334364460223227,0.8366563553977676
Baseline,SVM_Linear,0.8,Defaults,Tuning,0.33851294405248855,0.6614870559475113
Baseline,SVM_Linear,0.8,Tuning,Tuning,0.20672286668218523,0.7932771333178148
Baseline,SVM_Linear,0.8,Tuning,Tuning,0.22318447795339022,0.7768155220466098
Baseline,SVM_Linear,0.8,Defaults,Tuning,0.2833431970272009,0.716656802972799
Baseline,SVM_Linear,0.8,Tuning,Tuning,0.35104711430133106,0.6489528856986689
Baseline,SVM_Linear,0.8,Tuning,Tuning,0.356624803727812,0.6433751962721882
Baseline,SVM_Linear,0.8,Tuning,Tuning,0.2965006699957078,0.7034993300042922
Baseline,SVM_Linear,0.8,Tuning,Tuning,0.37386389543102777,0.6261361045689723
Baseline,SVM_Linear,0.8,Tuning,Tuning,0.3470056190769259,0.652994380923074
Baseline,SVM_Linear,0.8,Tuning,Tuning,0.2776422944478171,0.7223577055521827
Baseline,SVM_Linear,0.8,Tuning,Tuning,0.10752346236957001,0.8924765376304298
Baseline,SVM_Linear,0.8,Tuning,Tuning,0.2260068711603615,0.7739931288396384
Baseline,SVM_Linear,0.8,Tuning,Tuning,0.2613413348689185,0.7386586651310815
Baseline,SVM_Linear,0.8,Defaults,Tuning,0.46411632875339,0.5358836712466101
Baseline,SVM_Linear,0.8,Tuning,Tuning,0.314400090436942,0.6855999095630582
Baseline,SVM_Linear,0.8,Defaults,Tuning,0.35233837440355276,0.6476616255964472
Baseline,SVM_Linear,0.8,Tuning,Tuning,0.24974226735315727,0.7502577326468427
Baseline,SVM_Linear,0.8,Tuning,Tuning,0.31254713140173357,0.6874528685982663
Baseline,SVM_Linear,0.8,Tuning,Tuning,0.31097775051446286,0.6890222494855371
Baseline,SVM_Linear,0.8,Tuning,Tuning,0.10402402311268828,0.8959759768873118
Baseline,SVM_Linear,0.8,Tuning,Tuning,0.3104882343182816,0.6895117656817183
Baseline,SVM_Linear,0.8,Defaults,Tuning,0.08762090286870958,0.9123790971312906
Baseline,SVM_Linear,0.8,Tuning,Tuning,0.25793205821541554,0.7420679417845844
Baseline,SVM_Linear,0.8,Defaults,Tuning,0.45236590003411786,0.5476340999658821
Baseline,SVM_Linear,0.8,Defaults,Tuning,0.3977459801577644,0.6022540198422357
Baseline,SVM_Linear,0.8,Defaults,Tuning,0.45613579281979133,0.5438642071802087
Baseline,SVM_Linear,0.8,Defaults,Tuning,0.4428209690636049,0.5571790309363952
Baseline,SVM_Linear,0.8,Tuning,Tuning,0.28243656797119127,0.7175634320288087
Baseline,SVM_Linear,0.8,Tuning,Tuning,0.2847157576224428,0.7152842423775572
Baseline,SVM_Linear,0.8,Tuning,Tuning,0.2709504196465307,0.7290495803534692
Baseline,SVM_Linear,0.8,Defaults,Tuning,0.30790795723635356,0.6920920427636466
Baseline,SVM_Linear,0.8,Defaults,Tuning,0.3709749357119493,0.6290250642880507
Baseline,SVM_Linear,0.8,Defaults,Tuning,0.338584925376679,0.6614150746233209
Baseline,SVM_Linear,0.8,Defaults,Tuning,0.459878325374382,0.540121674625618
Baseline,SVM_Linear,0.8,Tuning,Tuning,0.37219332104255987,0.6278066789574401
Baseline,SVM_Linear,0.8,Tuning,Tuning,0.4825688854075867,0.5174311145924133
Baseline,SVM_Linear,0.8,Defaults,Tuning,0.45053874176842207,0.5494612582315779
Baseline,SVM_Linear,0.8,Tuning,Tuning,0.1792404664881133,0.8207595335118867
Baseline,SVM_Linear,0.8,Defaults,Tuning,0.3827865203302593,0.6172134796697407
Baseline,SVM_Linear,0.8,Tuning,Tuning,0.1655524260482177,0.8344475739517822
Baseline,SVM_Linear,0.8,Tuning,Tuning,0.11761525163549585,0.8823847483645042
Baseline,SVM_Linear,0.8,Defaults,Tuning,0.3230002812133195,0.6769997187866805
Baseline,SVM_Linear,0.8,Tuning,Tuning,0.288682030087529,0.711317969912471
Baseline,SVM_Linear,0.8,Defaults,Tuning,3.0000008999999776e-14,0.9999999999999699
Baseline,SVM_Linear,0.8,Tuning,Tuning,0.19818580282062434,0.8018141971793757
Baseline,SVM_Linear,0.8,Tuning,Tuning,0.16483776454496488,0.8351622354550352
Baseline,SVM_Linear,0.8,Tuning,Tuning,0.23907987234234687,0.7609201276576532
Baseline,SVM_Linear,0.8,Defaults,Tuning,0.3696681631374034,0.6303318368625968
Baseline,SVM_Linear,0.8,Tuning,Tuning,0.2627903306741447,0.7372096693258553
Baseline,SVM_Linear,0.8,Tuning,Tuning,0.3618129647247079,0.6381870352752922
Baseline,SVM_Linear,0.8,Tuning,Tuning,0.2257623613607735,0.7742376386392266
Baseline,SVM_Linear,0.8,Defaults,Tuning,0.21305939979384578,0.7869406002061542
Baseline,SVM_Linear,0.8,Tuning,Tuning,0.29995419946131585,0.7000458005386843
Baseline,SVM_Linear,0.8,Tuning,Tuning,0.3534517456430233,0.6465482543569767
Baseline,SVM_Linear,0.8,Tuning,Tuning,0.16038499598254466,0.8396150040174554
Baseline,SVM_Linear,0.8,Tuning,Tuning,0.13108805309892296,0.8689119469010772
Baseline,SVM_Linear,0.8,Tuning,Tuning,0.4924068719767862,0.507593128023214
Baseline,SVM_Linear,0.8,Tuning,Tuning,0.1672454827304734,0.8327545172695264
Baseline,SVM_Linear,0.8,Tuning,Tuning,0.2877017056031387,0.7122982943968612
Baseline,SVM_Linear,0.8,Defaults,Tuning,0.3406573396406948,0.6593426603593054
Baseline,SVM_Linear,0.8,Tuning,Tuning,0.13552946034810406,0.864470539651896
Baseline,SVM_Linear,0.8,Tuning,Tuning,0.17850832125512323,0.8214916787448768
Baseline,SVM_Linear,0.8,Tuning,Tuning,0.10935867613380916,0.890641323866191
Baseline,SVM_Linear,0.8,Tuning,Tuning,0.2365309208539045,0.7634690791460954
Baseline,SVM_Linear,0.8,Tuning,Tuning,0.17212451936725276,0.8278754806327473
Baseline,SVM_Linear,0.8,Tuning,Tuning,0.31803021471808146,0.6819697852819187
Baseline,SVM_Linear,0.8,Tuning,Tuning,0.3862768785307893,0.6137231214692109
Baseline,SVM_Linear,0.8,Tuning,Tuning,0.10601084754481878,0.8939891524551814
Baseline,SVM_Linear,0.8,Defaults,Tuning,0.3110202432561273,0.6889797567438726
Baseline,SVM_Linear,0.8,Tuning,Tuning,0.1302811391952526,0.8697188608047475
Baseline,SVM_Linear,0.8,Defaults,Tuning,0.3860440238567523,0.6139559761432477
Baseline,SVM_Linear,0.8,Tuning,Tuning,0.3359025494709699,0.6640974505290301
Baseline,SVM_Linear,0.8,Tuning,Tuning,0.3097691005054645,0.6902308994945354
Baseline,SVM_Linear,0.8,Tuning,Tuning,0.3583991321971164,0.6416008678028835
Baseline,SVM_Linear,0.8,Tuning,Tuning,0.2588646211684913,0.7411353788315086
Baseline,SVM_Linear,0.8,Defaults,Tuning,0.31677586345721054,0.6832241365427894
Baseline,SVM_Linear,0.8,Defaults,Tuning,0.27845527106993423,0.7215447289300657
Baseline,SVM_Linear,0.8,Tuning,Tuning,0.12478728378863764,0.8752127162113623
Baseline,SVM_Linear,0.8,Tuning,Tuning,0.25692339888932325,0.7430766011106767
Baseline,SVM_Linear,0.8,Tuning,Tuning,0.19991776543105333,0.8000822345689466
Baseline,SVM_Linear,0.8,Tuning,Tuning,0.19991776543105333,0.8000822345689466
Baseline,SVM_Linear,0.8,Tuning,Tuning,0.1771625829260012,0.8228374170739987
Baseline,SVM_Linear,0.8,Tuning,Tuning,0.17178791787764666,0.8282120821223532
Baseline,SVM_Linear,0.8,Tuning,Tuning,0.4587904831579429,0.5412095168420572
Baseline,SVM_Linear,0.8,Tuning,Tuning,0.19733066884686784,0.802669331153132
Baseline,SVM_Linear,0.8,Defaults,Tuning,0.3012504007239635,0.6987495992760362
Baseline,SVM_Linear,0.8,Tuning,Tuning,0.3332097327310037,0.6667902672689965
Baseline,SVM_Linear,0.8,Tuning,Tuning,0.3383255138101097,0.6616744861898902
Baseline,SVM_Linear,0.8,Tuning,Tuning,0.378108624917453,0.6218913750825469
Baseline,SVM_Linear,0.8,Tuning,Tuning,0.21026651187877626,0.7897334881212237
Baseline,SVM_Linear,0.8,Defaults,Tuning,0.32093182802574594,0.679068171974254
Baseline,SVM_Linear,0.8,Tuning,Tuning,0.19305685321068852,0.8069431467893116
Baseline,SVM_Linear,0.8,Tuning,Tuning,0.06679651871725002,0.9332034812827501
Baseline,SVM_Linear,0.8,Tuning,Tuning,0.330190646354247,0.6698093536457532
Baseline,SVM_Linear,0.8,Defaults,Tuning,0.29867307344921523,0.7013269265507848
Baseline,SVM_Linear,0.8,Tuning,Tuning,0.11783141338604017,0.8821685866139598
Baseline,SVM_Linear,0.8,Tuning,Tuning,0.33192832595653526,0.6680716740434648
Baseline,SVM_Linear,0.8,Tuning,Tuning,0.15058220175973344,0.8494177982402666
Baseline,SVM_Linear,0.8,Defaults,Tuning,0.40734494457437115,0.5926550554256288
Baseline,SVM_Linear,0.8,Defaults,Tuning,0.3509414763290769,0.6490585236709231
Baseline,SVM_Linear,0.8,Tuning,Tuning,0.24623230108289665,0.7537676989171037
Baseline,SVM_Linear,0.8,Tuning,Tuning,0.1846805292105651,0.8153194707894349
Baseline,SVM_Linear,0.8,Tuning,Tuning,0.46639656367963944,0.5336034363203606
Baseline,SVM_Linear,0.8,Defaults,Tuning,0.33533811148768106,0.664661888512319
Baseline,SVM_Linear,0.8,Defaults,Tuning,0.3313713013808371,0.6686286986191629
Baseline,SVM_Linear,0.8,Defaults,Tuning,0.3798501222171933,0.6201498777828066
Baseline,SVM_Linear,0.8,Tuning,Tuning,0.22981259487697803,0.7701874051230219
Baseline,SVM_Linear,0.8,Defaults,Tuning,0.3267996967128119,0.6732003032871882
Baseline,SVM_Linear,0.8,Tuning,Defaults,0.570889013391913,0.4291109866080872
Baseline,SVM_Linear,0.8,Tuning,Tuning,0.23537918088680782,0.7646208191131921
Baseline,SVM_Linear,0.8,Defaults,Tuning,0.2522015654518347,0.7477984345481653
Baseline,SVM_Linear,0.8,Defaults,Tuning,0.42055163692071384,0.5794483630792862
Baseline,SVM_Linear,0.8,Tuning,Tuning,0.43566324243310184,0.5643367575668982
Baseline,SVM_Linear,0.8,Tuning,Tuning,0.19949008078041122,0.8005099192195888
Baseline,SVM_Linear,0.8,Defaults,Tuning,0.3095775331431545,0.6904224668568456
Baseline,SVM_Linear,0.8,Tuning,Tuning,0.10436330561562583,0.8956366943843742
Baseline,SVM_Linear,0.8,Tuning,Tuning,0.2166947260579583,0.7833052739420416
Baseline,SVM_Linear,0.8,Tuning,Tuning,0.03536224865328182,0.9646377513467181
Baseline,SVM_Linear,0.8,Tuning,Tuning,0.3441504726537647,0.6558495273462354
Baseline,SVM_Linear,0.85,Tuning,Tuning,0.22776250863078767,0.7722374913692123
Baseline,SVM_Linear,0.85,Tuning,Tuning,0.2474680649822331,0.7525319350177668
Baseline,SVM_Linear,0.85,Defaults,Tuning,0.4082743241722732,0.5917256758277266
Baseline,SVM_Linear,0.85,Tuning,Tuning,0.2373768658485764,0.7626231341514238
Baseline,SVM_Linear,0.85,Tuning,Tuning,0.2172775738991674,0.7827224261008324
Baseline,SVM_Linear,0.85,Tuning,Tuning,0.3671891502345456,0.6328108497654543
Baseline,SVM_Linear,0.85,Tuning,Tuning,0.09997980597430343,0.9000201940256966
Baseline,SVM_Linear,0.85,Defaults,Tuning,0.1674576684032406,0.8325423315967595
Baseline,SVM_Linear,0.85,Defaults,Tuning,0.1215803958824893,0.8784196041175106
Baseline,SVM_Linear,0.85,Tuning,Tuning,0.2745602167084216,0.7254397832915787
Baseline,SVM_Linear,0.85,Tuning,Tuning,0.2459616435528798,0.7540383564471204
Baseline,SVM_Linear,0.85,Defaults,Tuning,0.2992959916838778,0.7007040083161223
Baseline,SVM_Linear,0.85,Tuning,Tuning,0.2222861723853901,0.7777138276146099
Baseline,SVM_Linear,0.85,Tuning,Tuning,0.21524696031552257,0.7847530396844775
Baseline,SVM_Linear,0.85,Tuning,Tuning,0.06815618070771921,0.9318438192922806
Baseline,SVM_Linear,0.85,Tuning,Tuning,0.24591729262506412,0.7540827073749359
Baseline,SVM_Linear,0.85,Defaults,Defaults,0.5490729077162082,0.45092709228379174
Baseline,SVM_Linear,0.85,Tuning,Tuning,0.2766652211379462,0.7233347788620536
Baseline,SVM_Linear,0.85,Defaults,Tuning,0.31907886321061274,0.6809211367893875
Baseline,SVM_Linear,0.85,Tuning,Tuning,0.2965730447680754,0.7034269552319244
Baseline,SVM_Linear,0.85,Tuning,Tuning,0.30183263492263407,0.6981673650773658
Baseline,SVM_Linear,0.85,Defaults,Tuning,0.2564368996270416,0.743563100372958
Baseline,SVM_Linear,0.85,Tuning,Tuning,0.16697156434533098,0.8330284356546689
Baseline,SVM_Linear,0.85,Tuning,Tuning,0.29876295633327815,0.7012370436667219
Baseline,SVM_Linear,0.85,Tuning,Tuning,0.27419952957805704,0.7258004704219427
Baseline,SVM_Linear,0.85,Tuning,Tuning,0.24760988466805753,0.7523901153319426
Baseline,SVM_Linear,0.85,Tuning,Tuning,0.25260255511184293,0.7473974448881568
Baseline,SVM_Linear,0.85,Tuning,Tuning,0.27359271102248806,0.726407288977512
Baseline,SVM_Linear,0.85,Tuning,Tuning,0.2821193394005305,0.7178806605994696
Baseline,SVM_Linear,0.85,Tuning,Tuning,0.24275513962048148,0.7572448603795184
Baseline,SVM_Linear,0.85,Tuning,Tuning,0.21276034583792663,0.7872396541620735
Baseline,SVM_Linear,0.85,Tuning,Tuning,0.24312020344478835,0.7568797965552118
Baseline,SVM_Linear,0.85,Defaults,Tuning,0.40635513743735013,0.5936448625626498
Baseline,SVM_Linear,0.85,Defaults,Tuning,0.23337025853803045,0.7666297414619695
Baseline,SVM_Linear,0.85,Tuning,Tuning,0.2049935675793961,0.7950064324206038
Baseline,SVM_Linear,0.85,Tuning,Tuning,0.3876675763605777,0.6123324236394225
Baseline,SVM_Linear,0.85,Tuning,Tuning,0.22146445665784162,0.7785355433421584
Baseline,SVM_Linear,0.85,Defaults,Tuning,0.3354395459804852,0.6645604540195151
Baseline,SVM_Linear,0.85,Tuning,Tuning,0.2456612672903423,0.7543387327096576
Baseline,SVM_Linear,0.85,Defaults,Tuning,0.47766551879633223,0.5223344812036678
Baseline,SVM_Linear,0.85,Tuning,Tuning,0.3271879790452753,0.6728120209547248
Baseline,SVM_Linear,0.85,Tuning,Tuning,0.06134640884440779,0.9386535911555923
Baseline,SVM_Linear,0.85,Tuning,Defaults,0.5295752573543058,0.4704247426456943
Baseline,SVM_Linear,0.85,Tuning,Tuning,0.30187287934006346,0.6981271206599365
Baseline,SVM_Linear,0.85,Tuning,Tuning,0.23671908969969158,0.7632809103003083
Baseline,SVM_Linear,0.85,Tuning,Tuning,0.32532505778385196,0.6746749422161482
Baseline,SVM_Linear,0.85,Tuning,Tuning,0.30862011757272517,0.6913798824272747
Baseline,SVM_Linear,0.85,Tuning,Tuning,0.22021097369792114,0.7797890263020787
Baseline,SVM_Linear,0.85,Tuning,Tuning,0.28175436800824133,0.7182456319917586
Baseline,SVM_Linear,0.85,Tuning,Tuning,0.20303598115875418,0.7969640188412458
Baseline,SVM_Linear,0.85,Defaults,Tuning,0.2968583867754504,0.7031416132245496
Baseline,SVM_Linear,0.85,Tuning,Tuning,0.17233953359358495,0.8276604664064149
Baseline,SVM_Linear,0.85,Tuning,Tuning,0.1865699787233506,0.8134300212766497
Baseline,SVM_Linear,0.85,Defaults,Tuning,0.2865346695583536,0.7134653304416464
Baseline,SVM_Linear,0.85,Tuning,Tuning,0.3304173643446424,0.6695826356553578
Baseline,SVM_Linear,0.85,Tuning,Tuning,0.3389521694777331,0.661047830522267
Baseline,SVM_Linear,0.85,Tuning,Tuning,0.2968862340526366,0.7031137659473634
Baseline,SVM_Linear,0.85,Tuning,Tuning,0.35225489877673827,0.6477451012232618
Baseline,SVM_Linear,0.85,Tuning,Tuning,0.32439560042301935,0.6756043995769805
Baseline,SVM_Linear,0.85,Tuning,Tuning,0.27508596675140434,0.7249140332485953
Baseline,SVM_Linear,0.85,Tuning,Tuning,0.1271376403721802,0.8728623596278197
Baseline,SVM_Linear,0.85,Tuning,Tuning,0.23183463129390683,0.7681653687060933
Baseline,SVM_Linear,0.85,Tuning,Tuning,0.2625627280534979,0.737437271946502
Baseline,SVM_Linear,0.85,Defaults,Tuning,0.4280955507069267,0.5719044492930734
Baseline,SVM_Linear,0.85,Tuning,Tuning,0.30458590190646573,0.6954140980935344
Baseline,SVM_Linear,0.85,Defaults,Tuning,0.27863562032776723,0.7213643796722329
Baseline,SVM_Linear,0.85,Tuning,Tuning,0.26158781856816316,0.7384121814318367
Baseline,SVM_Linear,0.85,Tuning,Tuning,0.27457517103297996,0.7254248289670199
Baseline,SVM_Linear,0.85,Tuning,Tuning,0.30913934777447416,0.6908606522255261
Baseline,SVM_Linear,0.85,Tuning,Tuning,0.13460854167536546,0.8653914583246346
Baseline,SVM_Linear,0.85,Tuning,Tuning,0.30364742129079875,0.6963525787092012
Baseline,SVM_Linear,0.85,Defaults,Tuning,0.06426712314669307,0.9357328768533073
Baseline,SVM_Linear,0.85,Tuning,Tuning,0.26702267888520836,0.7329773211147916
Baseline,SVM_Linear,0.85,Defaults,Tuning,0.4230376837643191,0.5769623162356808
Baseline,SVM_Linear,0.85,Defaults,Tuning,0.3798479131724423,0.6201520868275577
Baseline,SVM_Linear,0.85,Defaults,Tuning,0.42385863401369955,0.5761413659863005
Baseline,SVM_Linear,0.85,Defaults,Tuning,0.4153779362101203,0.5846220637898796
Baseline,SVM_Linear,0.85,Tuning,Tuning,0.28085731337566205,0.7191426866243378
Baseline,SVM_Linear,0.85,Tuning,Tuning,0.28367640314129705,0.7163235968587031
Baseline,SVM_Linear,0.85,Tuning,Tuning,0.2718313159450097,0.7281686840549904
Baseline,SVM_Linear,0.85,Defaults,Tuning,0.2931514953195139,0.7068485046804862
Baseline,SVM_Linear,0.85,Defaults,Tuning,0.33171486690939234,0.6682851330906076
Baseline,SVM_Linear,0.85,Defaults,Tuning,0.3292966588089768,0.670703341191023
Baseline,SVM_Linear,0.85,Defaults,Tuning,0.43328876423037865,0.5667112357696213
Baseline,SVM_Linear,0.85,Tuning,Tuning,0.35619408358191923,0.6438059164180808
Baseline,SVM_Linear,0.85,Tuning,Tuning,0.45805961960827934,0.5419403803917207
Baseline,SVM_Linear,0.85,Defaults,Tuning,0.4178759628156994,0.5821240371843005
Baseline,SVM_Linear,0.85,Tuning,Tuning,0.20329822278567283,0.7967017772143273
Baseline,SVM_Linear,0.85,Defaults,Tuning,0.38128474547149693,0.6187152545285031
Baseline,SVM_Linear,0.85,Tuning,Tuning,0.19305944195278502,0.806940558047215
Baseline,SVM_Linear,0.85,Tuning,Tuning,0.12533085372785183,0.8746691462721482
Baseline,SVM_Linear,0.85,Defaults,Tuning,0.2967762530470805,0.7032237469529193
Baseline,SVM_Linear,0.85,Tuning,Tuning,0.28844404125486633,0.7115559587451336
Baseline,SVM_Linear,0.85,Defaults,Tuning,3.0000008999999776e-14,0.9999999999999699
Baseline,SVM_Linear,0.85,Tuning,Tuning,0.2043121013146979,0.795687898685302
Baseline,SVM_Linear,0.85,Tuning,Tuning,0.19622857075361003,0.8037714292463897
Baseline,SVM_Linear,0.85,Tuning,Tuning,0.23146701817580692,0.7685329818241932
Baseline,SVM_Linear,0.85,Defaults,Tuning,0.34965936490200095,0.650340635097999
Baseline,SVM_Linear,0.85,Tuning,Tuning,0.2603204377403729,0.7396795622596269
Baseline,SVM_Linear,0.85,Tuning,Tuning,0.3689387272919149,0.6310612727080851
Baseline,SVM_Linear,0.85,Tuning,Tuning,0.23328023887895605,0.7667197611210441
Baseline,SVM_Linear,0.85,Defaults,Tuning,0.22162148163656806,0.7783785183634319
Baseline,SVM_Linear,0.85,Tuning,Tuning,0.2998186840490175,0.7001813159509823
Baseline,SVM_Linear,0.85,Tuning,Tuning,0.36464681988410125,0.6353531801158987
Baseline,SVM_Linear,0.85,Tuning,Tuning,0.13288887726340995,0.8671111227365901
Baseline,SVM_Linear,0.85,Tuning,Tuning,0.15456127348682042,0.8454387265131794
Baseline,SVM_Linear,0.85,Tuning,Tuning,0.4940656101306139,0.505934389869386
Baseline,SVM_Linear,0.85,Tuning,Tuning,0.19559317513652186,0.8044068248634784
Baseline,SVM_Linear,0.85,Tuning,Tuning,0.31178247723254904,0.688217522767451
Baseline,SVM_Linear,0.85,Defaults,Tuning,0.33260101982969015,0.66739898017031
Baseline,SVM_Linear,0.85,Tuning,Tuning,0.14404598249406353,0.8559540175059367
Baseline,SVM_Linear,0.85,Tuning,Tuning,0.18638159659774253,0.8136184034022574
Baseline,SVM_Linear,0.85,Tuning,Tuning,0.12459838230610307,0.875401617693897
Baseline,SVM_Linear,0.85,Tuning,Tuning,0.2422641952248603,0.7577358047751398
Baseline,SVM_Linear,0.85,Tuning,Tuning,0.2339472953873481,0.766052704612652
Baseline,SVM_Linear,0.85,Tuning,Tuning,0.32570067254759205,0.6742993274524078
Baseline,SVM_Linear,0.85,Tuning,Tuning,0.3812442520357543,0.6187557479642456
Baseline,SVM_Linear,0.85,Tuning,Tuning,0.12896001185795858,0.8710399881420416
Baseline,SVM_Linear,0.85,Defaults,Tuning,0.3044709943258573,0.6955290056741427
Baseline,SVM_Linear,0.85,Tuning,Tuning,0.16965876746569392,0.8303412325343059
Baseline,SVM_Linear,0.85,Defaults,Tuning,0.3527725167172179,0.6472274832827821
Baseline,SVM_Linear,0.85,Tuning,Tuning,0.3226944111853195,0.6773055888146804
Baseline,SVM_Linear,0.85,Tuning,Tuning,0.31806495652424427,0.6819350434757556
Baseline,SVM_Linear,0.85,Tuning,Tuning,0.37009263128690373,0.6299073687130962
Baseline,SVM_Linear,0.85,Tuning,Tuning,0.25953406136462737,0.7404659386353727
Baseline,SVM_Linear,0.85,Defaults,Tuning,0.3099717007636618,0.6900282992363381
Baseline,SVM_Linear,0.85,Defaults,Tuning,0.2707290758764982,0.7292709241235017
Baseline,SVM_Linear,0.85,Tuning,Tuning,0.14275340117465984,0.8572465988253402
Baseline,SVM_Linear,0.85,Tuning,Tuning,0.2504762137015862,0.7495237862984135
Baseline,SVM_Linear,0.85,Tuning,Tuning,0.20913440870823474,0.7908655912917653
Baseline,SVM_Linear,0.85,Tuning,Tuning,0.20913440870823474,0.7908655912917653
Baseline,SVM_Linear,0.85,Tuning,Tuning,0.29757344331915025,0.7024265566808499
Baseline,SVM_Linear,0.85,Tuning,Tuning,0.18838437416026496,0.8116156258397349
Baseline,SVM_Linear,0.85,Tuning,Tuning,0.45977928323936296,0.5402207167606371
Baseline,SVM_Linear,0.85,Tuning,Tuning,0.20356204176589884,0.7964379582341012
Baseline,SVM_Linear,0.85,Defaults,Tuning,0.2902164619435754,0.7097835380564242
Baseline,SVM_Linear,0.85,Tuning,Tuning,0.3420728842440369,0.657927115755963
Baseline,SVM_Linear,0.85,Tuning,Tuning,0.3569769281928141,0.6430230718071859
Baseline,SVM_Linear,0.85,Tuning,Tuning,0.4086106070157332,0.5913893929842667
Baseline,SVM_Linear,0.85,Tuning,Tuning,0.22335180213707337,0.7766481978629266
Baseline,SVM_Linear,0.85,Defaults,Tuning,0.30946139598752764,0.6905386040124724
Baseline,SVM_Linear,0.85,Tuning,Tuning,0.22606027447334096,0.7739397255266591
Baseline,SVM_Linear,0.85,Tuning,Tuning,0.0899566828335771,0.9100433171664227
Baseline,SVM_Linear,0.85,Tuning,Tuning,0.30562092044428407,0.6943790795557159
Baseline,SVM_Linear,0.85,Defaults,Tuning,0.29339066839739975,0.7066093316026002
Baseline,SVM_Linear,0.85,Tuning,Tuning,0.1618224630007283,0.8381775369992719
Baseline,SVM_Linear,0.85,Tuning,Tuning,0.3350868171535341,0.664913182846466
Baseline,SVM_Linear,0.85,Tuning,Tuning,0.17300497429741024,0.8269950257025896
Baseline,SVM_Linear,0.85,Defaults,Tuning,0.3570547110822125,0.6429452889177876
Baseline,SVM_Linear,0.85,Defaults,Tuning,0.3349496032442767,0.6650503967557233
Baseline,SVM_Linear,0.85,Tuning,Tuning,0.2632918459479193,0.7367081540520806
Baseline,SVM_Linear,0.85,Tuning,Tuning,0.19630125538565707,0.8036987446143429
Baseline,SVM_Linear,0.85,Tuning,Tuning,0.4786514749318436,0.5213485250681563
Baseline,SVM_Linear,0.85,Defaults,Tuning,0.3105670305221535,0.6894329694778465
Baseline,SVM_Linear,0.85,Defaults,Tuning,0.3074348969238219,0.692565103076178
Baseline,SVM_Linear,0.85,Defaults,Tuning,0.3436004939823773,0.6563995060176226
Baseline,SVM_Linear,0.85,Tuning,Tuning,0.26589091771328244,0.7341090822867176
Baseline,SVM_Linear,0.85,Defaults,Tuning,0.3106321810578866,0.6893678189421135
Baseline,SVM_Linear,0.85,Tuning,Defaults,0.5919199568317985,0.4080800431682014
Baseline,SVM_Linear,0.85,Tuning,Tuning,0.24491951864235256,0.7550804813576474
Baseline,SVM_Linear,0.85,Defaults,Tuning,0.2525985815617205,0.7474014184382792
Baseline,SVM_Linear,0.85,Defaults,Tuning,0.3686727755337031,0.631327224466297
Baseline,SVM_Linear,0.85,Tuning,Tuning,0.4448765671951103,0.5551234328048896
Baseline,SVM_Linear,0.85,Tuning,Tuning,0.21943770327646986,0.78056229672353
Baseline,SVM_Linear,0.85,Defaults,Tuning,0.29018127638593516,0.709818723614065
Baseline,SVM_Linear,0.85,Tuning,Tuning,0.06899428380924716,0.9310057161907527
Baseline,SVM_Linear,0.85,Tuning,Tuning,0.21304417892964936,0.7869558210703508
Baseline,SVM_Linear,0.85,Tuning,Tuning,0.044279396089351754,0.9557206039106483
Baseline,SVM_Linear,0.85,Tuning,Tuning,0.3503345818099731,0.6496654181900269
Baseline,SVM_Linear,0.9,Tuning,Tuning,0.2074016217866279,0.7925983782133719
Baseline,SVM_Linear,0.9,Tuning,Tuning,0.25176337463644055,0.7482366253635594
Baseline,SVM_Linear,0.9,Defaults,Tuning,0.4016871515187079,0.5983128484812922
Baseline,SVM_Linear,0.9,Tuning,Tuning,0.2508187491814096,0.7491812508185902
Baseline,SVM_Linear,0.9,Tuning,Tuning,0.24288763058017226,0.7571123694198277
Baseline,SVM_Linear,0.9,Tuning,Tuning,0.3626928460362946,0.6373071539637055
Baseline,SVM_Linear,0.9,Tuning,Tuning,0.09750488572333943,0.9024951142766605
Baseline,SVM_Linear,0.9,Defaults,Tuning,0.1615153731693304,0.8384846268306697
Baseline,SVM_Linear,0.9,Defaults,Tuning,0.13056760731777775,0.869432392682222
Baseline,SVM_Linear,0.9,Tuning,Tuning,0.26206527772703914,0.7379347222729611
Baseline,SVM_Linear,0.9,Tuning,Tuning,0.2506600989493848,0.7493399010506151
Baseline,SVM_Linear,0.9,Defaults,Tuning,0.3092791225973794,0.6907208774026206
Baseline,SVM_Linear,0.9,Tuning,Tuning,0.21683398174969015,0.78316601825031
Baseline,SVM_Linear,0.9,Tuning,Tuning,0.22093671278397164,0.7790632872160285
Baseline,SVM_Linear,0.9,Tuning,Tuning,0.059425278869122834,0.9405747211308771
Baseline,SVM_Linear,0.9,Tuning,Tuning,0.24826412729258823,0.7517358727074117
Baseline,SVM_Linear,0.9,Defaults,Defaults,0.5703591434829549,0.4296408565170451
Baseline,SVM_Linear,0.9,Tuning,Tuning,0.27219748492863094,0.7278025150713691
Baseline,SVM_Linear,0.9,Defaults,Tuning,0.31099389359343976,0.6890061064065601
Baseline,SVM_Linear,0.9,Tuning,Tuning,0.337033939760733,0.662966060239267
Baseline,SVM_Linear,0.9,Tuning,Tuning,0.25367546956996384,0.7463245304300362
Baseline,SVM_Linear,0.9,Defaults,Tuning,0.2857393059876106,0.7142606940123892
Baseline,SVM_Linear,0.9,Tuning,Tuning,0.18377462908164824,0.8162253709183518
Baseline,SVM_Linear,0.9,Tuning,Tuning,0.29700109576112244,0.7029989042388775
Baseline,SVM_Linear,0.9,Tuning,Tuning,0.2789067636050536,0.7210932363949464
Baseline,SVM_Linear,0.9,Tuning,Tuning,0.24812227679866475,0.7518777232013352
Baseline,SVM_Linear,0.9,Tuning,Tuning,0.2783875265190377,0.7216124734809622
Baseline,SVM_Linear,0.9,Tuning,Tuning,0.2725000150086596,0.7274999849913405
Baseline,SVM_Linear,0.9,Tuning,Tuning,0.2757084404214373,0.7242915595785627
Baseline,SVM_Linear,0.9,Tuning,Tuning,0.24910859562966386,0.7508914043703362
Baseline,SVM_Linear,0.9,Tuning,Tuning,0.21372558652291385,0.7862744134770863
Baseline,SVM_Linear,0.9,Tuning,Tuning,0.26071771836721125,0.7392822816327886
Baseline,SVM_Linear,0.9,Defaults,Tuning,0.4218478701558216,0.5781521298441784
Baseline,SVM_Linear,0.9,Defaults,Tuning,0.25484022737769396,0.7451597726223061
Baseline,SVM_Linear,0.9,Tuning,Tuning,0.16695537080535428,0.8330446291946457
Baseline,SVM_Linear,0.9,Tuning,Tuning,0.3776280806389378,0.6223719193610622
Baseline,SVM_Linear,0.9,Tuning,Tuning,0.2180629604871518,0.7819370395128482
Baseline,SVM_Linear,0.9,Defaults,Tuning,0.3087684208077822,0.6912315791922177
Baseline,SVM_Linear,0.9,Tuning,Tuning,0.22638738642083797,0.7736126135791619
Baseline,SVM_Linear,0.9,Defaults,Tuning,0.45292146680414325,0.5470785331958566
Baseline,SVM_Linear,0.9,Tuning,Tuning,0.3073214404153749,0.692678559584625
Baseline,SVM_Linear,0.9,Tuning,Tuning,0.11598251435157556,0.8840174856484246
Baseline,SVM_Linear,0.9,Tuning,Defaults,0.5,0.5
Baseline,SVM_Linear,0.9,Tuning,Tuning,0.2667482430547029,0.7332517569452974
Baseline,SVM_Linear,0.9,Tuning,Tuning,0.23692702785891886,0.763072972141081
Baseline,SVM_Linear,0.9,Tuning,Tuning,0.30747496253837714,0.6925250374616229
Baseline,SVM_Linear,0.9,Tuning,Tuning,0.2788630805688413,0.7211369194311591
Baseline,SVM_Linear,0.9,Tuning,Tuning,0.24853858296815656,0.7514614170318435
Baseline,SVM_Linear,0.9,Tuning,Tuning,0.27529625011063713,0.7247037498893628
Baseline,SVM_Linear,0.9,Tuning,Tuning,0.20163994160874027,0.79836005839126
Baseline,SVM_Linear,0.9,Defaults,Tuning,0.271943734219742,0.7280562657802581
Baseline,SVM_Linear,0.9,Tuning,Tuning,0.19270488843226485,0.8072951115677351
Baseline,SVM_Linear,0.9,Tuning,Tuning,0.23902452642628466,0.7609754735737154
Baseline,SVM_Linear,0.9,Defaults,Tuning,0.3201156309754925,0.6798843690245076
Baseline,SVM_Linear,0.9,Tuning,Tuning,0.31228315922872146,0.6877168407712785
Baseline,SVM_Linear,0.9,Tuning,Tuning,0.3758975603027598,0.6241024396972403
Baseline,SVM_Linear,0.9,Tuning,Tuning,0.35257740953350664,0.6474225904664933
Baseline,SVM_Linear,0.9,Tuning,Tuning,0.3798872987513215,0.6201127012486785
Baseline,SVM_Linear,0.9,Tuning,Tuning,0.3395500541340342,0.6604499458659658
Baseline,SVM_Linear,0.9,Tuning,Tuning,0.27943496408137053,0.7205650359186296
Baseline,SVM_Linear,0.9,Tuning,Tuning,0.11451641334142966,0.8854835866585704
Baseline,SVM_Linear,0.9,Tuning,Tuning,0.21429677235735015,0.7857032276426499
Baseline,SVM_Linear,0.9,Tuning,Tuning,0.2474759928461665,0.7525240071538336
Baseline,SVM_Linear,0.9,Defaults,Tuning,0.3936690383915257,0.6063309616084742
Baseline,SVM_Linear,0.9,Tuning,Tuning,0.29217527047771197,0.7078247295222879
Baseline,SVM_Linear,0.9,Defaults,Tuning,0.28126368426258824,0.718736315737412
Baseline,SVM_Linear,0.9,Tuning,Tuning,0.24796990607531708,0.752030093924683
Baseline,SVM_Linear,0.9,Tuning,Tuning,0.24739751670076632,0.7526024832992336
Baseline,SVM_Linear,0.9,Tuning,Tuning,0.29344215952858765,0.7065578404714122
Baseline,SVM_Linear,0.9,Tuning,Tuning,0.13131750367028083,0.8686824963297192
Baseline,SVM_Linear,0.9,Tuning,Tuning,0.3075546074853939,0.692445392514606
Baseline,SVM_Linear,0.9,Defaults,Tuning,0.13300997829182992,0.86699002170817
Baseline,SVM_Linear,0.9,Tuning,Tuning,0.31366627122729523,0.6863337287727049
Baseline,SVM_Linear,0.9,Defaults,Tuning,0.41204816026408425,0.5879518397359158
Baseline,SVM_Linear,0.9,Defaults,Tuning,0.36907239213087206,0.6309276078691278
Baseline,SVM_Linear,0.9,Defaults,Tuning,0.4518255391221174,0.5481744608778826
Baseline,SVM_Linear,0.9,Defaults,Tuning,0.4116671976891729,0.5883328023108271
Baseline,SVM_Linear,0.9,Tuning,Tuning,0.2762737626134495,0.7237262373865504
Baseline,SVM_Linear,0.9,Tuning,Tuning,0.27970722222165884,0.7202927777783411
Baseline,SVM_Linear,0.9,Tuning,Tuning,0.2891679800932575,0.7108320199067426
Baseline,SVM_Linear,0.9,Defaults,Tuning,0.3016644343477978,0.6983355656522021
Baseline,SVM_Linear,0.9,Defaults,Tuning,0.381994663925782,0.6180053360742181
Baseline,SVM_Linear,0.9,Defaults,Tuning,0.3032416118309072,0.6967583881690927
Baseline,SVM_Linear,0.9,Defaults,Tuning,0.4384181919075184,0.5615818080924817
Baseline,SVM_Linear,0.9,Tuning,Tuning,0.3598896489178448,0.6401103510821552
Baseline,SVM_Linear,0.9,Tuning,Tuning,0.4019312459885009,0.5980687540114991
Baseline,SVM_Linear,0.9,Defaults,Tuning,0.4183037718667541,0.5816962281332461
Baseline,SVM_Linear,0.9,Tuning,Tuning,0.2066788531286785,0.7933211468713214
Baseline,SVM_Linear,0.9,Defaults,Tuning,0.3697564190741858,0.6302435809258142
Baseline,SVM_Linear,0.9,Tuning,Tuning,0.19097822056619648,0.8090217794338038
Baseline,SVM_Linear,0.9,Tuning,Tuning,0.11722356864760292,0.882776431352397
Baseline,SVM_Linear,0.9,Defaults,Tuning,0.2988209282885596,0.7011790717114406
Baseline,SVM_Linear,0.9,Tuning,Tuning,0.28417840257157306,0.7158215974284267
Baseline,SVM_Linear,0.9,Defaults,Tuning,3.0000008999999776e-14,0.9999999999999699
Baseline,SVM_Linear,0.9,Tuning,Tuning,0.18912299516335418,0.8108770048366459
Baseline,SVM_Linear,0.9,Tuning,Tuning,0.20654738246318705,0.7934526175368133
Baseline,SVM_Linear,0.9,Tuning,Tuning,0.2506208036453105,0.7493791963546896
Baseline,SVM_Linear,0.9,Defaults,Tuning,0.3658901267012289,0.634109873298771
Baseline,SVM_Linear,0.9,Tuning,Tuning,0.2562523183335453,0.7437476816664549
Baseline,SVM_Linear,0.9,Tuning,Tuning,0.3754501899526946,0.6245498100473054
Baseline,SVM_Linear,0.9,Tuning,Tuning,0.2500973472221685,0.7499026527778315
Baseline,SVM_Linear,0.9,Defaults,Tuning,0.17671735108315942,0.8232826489168406
Baseline,SVM_Linear,0.9,Tuning,Tuning,0.28535933276844655,0.7146406672315534
Baseline,SVM_Linear,0.9,Tuning,Tuning,0.3893718558278992,0.6106281441721008
Baseline,SVM_Linear,0.9,Tuning,Tuning,0.13847937945333863,0.8615206205466615
Baseline,SVM_Linear,0.9,Tuning,Tuning,0.1285788320450029,0.871421167954997
Baseline,SVM_Linear,0.9,Tuning,Tuning,0.4659932604561231,0.5340067395438769
Baseline,SVM_Linear,0.9,Tuning,Tuning,0.19567884614470374,0.8043211538552962
Baseline,SVM_Linear,0.9,Tuning,Tuning,0.25889220813457237,0.7411077918654279
Baseline,SVM_Linear,0.9,Defaults,Tuning,0.3460778107334677,0.6539221892665323
Baseline,SVM_Linear,0.9,Tuning,Tuning,0.09799645186110421,0.9020035481388958
Baseline,SVM_Linear,0.9,Tuning,Tuning,0.1709714833822952,0.8290285166177048
Baseline,SVM_Linear,0.9,Tuning,Tuning,0.1234371547364303,0.8765628452635698
Baseline,SVM_Linear,0.9,Tuning,Tuning,0.2837328876509237,0.7162671123490763
Baseline,SVM_Linear,0.9,Tuning,Tuning,0.2184621468109716,0.7815378531890285
Baseline,SVM_Linear,0.9,Tuning,Tuning,0.3154403997665612,0.6845596002334389
Baseline,SVM_Linear,0.9,Tuning,Tuning,0.348260599384995,0.6517394006150049
Baseline,SVM_Linear,0.9,Tuning,Tuning,0.09125904755034392,0.9087409524496561
Baseline,SVM_Linear,0.9,Defaults,Tuning,0.3170652468670838,0.6829347531329161
Baseline,SVM_Linear,0.9,Tuning,Tuning,0.1748882583067117,0.8251117416932882
Baseline,SVM_Linear,0.9,Defaults,Tuning,0.373081481335403,0.6269185186645971
Baseline,SVM_Linear,0.9,Tuning,Tuning,0.30708551164861775,0.6929144883513821
Baseline,SVM_Linear,0.9,Tuning,Tuning,0.3368659792104244,0.6631340207895755
Baseline,SVM_Linear,0.9,Tuning,Tuning,0.31885257041446124,0.6811474295855388
Baseline,SVM_Linear,0.9,Tuning,Tuning,0.25568867227694325,0.744311327723057
Baseline,SVM_Linear,0.9,Defaults,Tuning,0.3084367262116222,0.6915632737883777
Baseline,SVM_Linear,0.9,Defaults,Tuning,0.27764364885386084,0.7223563511461393
Baseline,SVM_Linear,0.9,Tuning,Tuning,0.14153679939500552,0.8584632006049945
Baseline,SVM_Linear,0.9,Tuning,Tuning,0.19348887766231024,0.8065111223376897
Baseline,SVM_Linear,0.9,Tuning,Tuning,0.22029247261731666,0.7797075273826833
Baseline,SVM_Linear,0.9,Tuning,Tuning,0.22029247261731666,0.7797075273826833
Baseline,SVM_Linear,0.9,Tuning,Tuning,0.19287486888233815,0.8071251311176616
Baseline,SVM_Linear,0.9,Tuning,Tuning,0.16673127087968578,0.833268729120314
Baseline,SVM_Linear,0.9,Tuning,Tuning,0.4784680348188066,0.5215319651811934
Baseline,SVM_Linear,0.9,Tuning,Tuning,0.16985678195724305,0.8301432180427569
Baseline,SVM_Linear,0.9,Defaults,Tuning,0.2570456287105105,0.7429543712894896
Baseline,SVM_Linear,0.9,Tuning,Tuning,0.3656439000333467,0.6343560999666533
Baseline,SVM_Linear,0.9,Tuning,Tuning,0.2710309361882696,0.7289690638117303
Baseline,SVM_Linear,0.9,Tuning,Tuning,0.3444483431264122,0.6555516568735877
Baseline,SVM_Linear,0.9,Tuning,Tuning,0.23213075923651696,0.7678692407634831
Baseline,SVM_Linear,0.9,Defaults,Tuning,0.30539861645939054,0.6946013835406095
Baseline,SVM_Linear,0.9,Tuning,Tuning,0.20789510426562868,0.7921048957343713
Baseline,SVM_Linear,0.9,Tuning,Tuning,0.050176573388423594,0.949823426611576
Baseline,SVM_Linear,0.9,Tuning,Tuning,0.31145176533220675,0.6885482346677932
Baseline,SVM_Linear,0.9,Defaults,Tuning,0.2857409335453976,0.7142590664546024
Baseline,SVM_Linear,0.9,Tuning,Tuning,0.1867486432567883,0.8132513567432118
Baseline,SVM_Linear,0.9,Tuning,Tuning,0.3288578365520609,0.6711421634479391
Baseline,SVM_Linear,0.9,Tuning,Tuning,0.13795592045273225,0.8620440795472678
Baseline,SVM_Linear,0.9,Defaults,Tuning,0.3865984208321469,0.6134015791678531
Baseline,SVM_Linear,0.9,Defaults,Tuning,0.3371136582128524,0.6628863417871476
Baseline,SVM_Linear,0.9,Tuning,Tuning,0.22228761934818447,0.7777123806518154
Baseline,SVM_Linear,0.9,Tuning,Tuning,0.1654450186961939,0.834554981303806
Baseline,SVM_Linear,0.9,Tuning,Defaults,0.66330291169093,0.33669708830906997
Baseline,SVM_Linear,0.9,Defaults,Tuning,0.3049858441840212,0.6950141558159787
Baseline,SVM_Linear,0.9,Defaults,Tuning,0.3067944568279139,0.693205543172086
Baseline,SVM_Linear,0.9,Defaults,Tuning,0.3542519723909613,0.6457480276090388
Baseline,SVM_Linear,0.9,Tuning,Tuning,0.281889876727599,0.7181101232724012
Baseline,SVM_Linear,0.9,Defaults,Tuning,0.3264512275368114,0.6735487724631887
Baseline,SVM_Linear,0.9,Tuning,Defaults,0.5970342083765738,0.40296579162342605
Baseline,SVM_Linear,0.9,Tuning,Tuning,0.2527321977165178,0.7472678022834823
Baseline,SVM_Linear,0.9,Defaults,Tuning,0.26746387887771517,0.7325361211222849
Baseline,SVM_Linear,0.9,Defaults,Tuning,0.3859201830189149,0.6140798169810854
Baseline,SVM_Linear,0.9,Tuning,Tuning,0.435779282929593,0.5642207170704069
Baseline,SVM_Linear,0.9,Tuning,Tuning,0.24173778996079756,0.7582622100392025
Baseline,SVM_Linear,0.9,Defaults,Tuning,0.32964792602222553,0.6703520739777746
Baseline,SVM_Linear,0.9,Tuning,Tuning,0.07801958094453489,0.921980419055465
Baseline,SVM_Linear,0.9,Tuning,Tuning,0.1863468174274727,0.8136531825725274
Baseline,SVM_Linear,0.9,Tuning,Tuning,0.019704531145522793,0.9802954688544772
Baseline,SVM_Linear,0.9,Tuning,Tuning,0.26779942023374176,0.7322005797662582
Baseline,SVM_Linear,0.95,Tuning,Tuning,0.17841038982706467,0.8215896101729353
Baseline,SVM_Linear,0.95,Tuning,Tuning,0.25440686666283385,0.7455931333371663
Baseline,SVM_Linear,0.95,Defaults,Tuning,0.4287036464248624,0.5712963535751376
Baseline,SVM_Linear,0.95,Tuning,Tuning,0.24018109358865972,0.7598189064113402
Baseline,SVM_Linear,0.95,Tuning,Tuning,0.23329445112176786,0.7667055488782321
Baseline,SVM_Linear,0.95,Tuning,Tuning,0.3962925650062955,0.6037074349937045
Baseline,SVM_Linear,0.95,Tuning,Tuning,0.14114712131979848,0.8588528786802014
Baseline,SVM_Linear,0.95,Defaults,Tuning,0.15141449960886294,0.848585500391137
Baseline,SVM_Linear,0.95,Defaults,Tuning,0.12220197429363869,0.8777980257063612
Baseline,SVM_Linear,0.95,Tuning,Tuning,0.23232929598860508,0.7676707040113947
Baseline,SVM_Linear,0.95,Tuning,Tuning,0.25313885014506693,0.746861149854933
Baseline,SVM_Linear,0.95,Defaults,Tuning,0.3143403922862812,0.685659607713719
Baseline,SVM_Linear,0.95,Tuning,Tuning,0.22026580543106544,0.7797341945689344
Baseline,SVM_Linear,0.95,Tuning,Tuning,0.22690849309035954,0.7730915069096407
Baseline,SVM_Linear,0.95,Tuning,Tuning,0.05199575128936881,0.9480042487106312
Baseline,SVM_Linear,0.95,Tuning,Tuning,0.2460807997763017,0.7539192002236984
Baseline,SVM_Linear,0.95,Defaults,Defaults,0.5728024394281245,0.4271975605718756
Baseline,SVM_Linear,0.95,Tuning,Tuning,0.24668584041982028,0.7533141595801797
Baseline,SVM_Linear,0.95,Defaults,Tuning,0.3297589145711093,0.6702410854288907
Baseline,SVM_Linear,0.95,Tuning,Tuning,0.3414492027192228,0.6585507972807769
Baseline,SVM_Linear,0.95,Tuning,Tuning,0.2930875152325243,0.7069124847674758
Baseline,SVM_Linear,0.95,Defaults,Tuning,0.2730532479635208,0.7269467520364791
Baseline,SVM_Linear,0.95,Tuning,Tuning,0.18905093426195826,0.8109490657380416
Baseline,SVM_Linear,0.95,Tuning,Tuning,0.2995021283021244,0.7004978716978756
Baseline,SVM_Linear,0.95,Tuning,Tuning,0.28536329794897075,0.7146367020510295
Baseline,SVM_Linear,0.95,Tuning,Tuning,0.2458300926249278,0.7541699073750722
Baseline,SVM_Linear,0.95,Tuning,Tuning,0.2833888118929871,0.7166111881070129
Baseline,SVM_Linear,0.95,Tuning,Tuning,0.267977376480908,0.732022623519092
Baseline,SVM_Linear,0.95,Tuning,Tuning,0.2711575074007241,0.728842492599276
Baseline,SVM_Linear,0.95,Tuning,Tuning,0.24464887085130477,0.7553511291486952
Baseline,SVM_Linear,0.95,Tuning,Tuning,0.2053712103788843,0.7946287896211157
Baseline,SVM_Linear,0.95,Tuning,Tuning,0.25692974006108343,0.7430702599389163
Baseline,SVM_Linear,0.95,Defaults,Tuning,0.42108754963406936,0.5789124503659305
Baseline,SVM_Linear,0.95,Defaults,Tuning,0.25590317294488785,0.744096827055112
Baseline,SVM_Linear,0.95,Tuning,Tuning,0.15354541304025693,0.8464545869597433
Baseline,SVM_Linear,0.95,Tuning,Tuning,0.3129142052601473,0.6870857947398528
Baseline,SVM_Linear,0.95,Tuning,Tuning,0.2507620321246132,0.749237967875387
Baseline,SVM_Linear,0.95,Defaults,Tuning,0.35581985394159227,0.6441801460584078
Baseline,SVM_Linear,0.95,Tuning,Tuning,0.24361275429412135,0.7563872457058786
Baseline,SVM_Linear,0.95,Defaults,Tuning,0.42625494051609963,0.5737450594839003
Baseline,SVM_Linear,0.95,Tuning,Tuning,0.28690398297366104,0.713096017026339
Baseline,SVM_Linear,0.95,Tuning,Tuning,0.19495240780893822,0.805047592191062
Baseline,SVM_Linear,0.95,Tuning,Defaults,0.5301017419122427,0.46989825808775754
Baseline,SVM_Linear,0.95,Tuning,Tuning,0.25515682429312714,0.7448431757068728
Baseline,SVM_Linear,0.95,Tuning,Tuning,0.24988624716974983,0.7501137528302501
Baseline,SVM_Linear,0.95,Tuning,Tuning,0.3178282767047532,0.6821717232952468
Baseline,SVM_Linear,0.95,Tuning,Tuning,0.31083979209028256,0.6891602079097173
Baseline,SVM_Linear,0.95,Tuning,Tuning,0.23225848679179464,0.7677415132082055
Baseline,SVM_Linear,0.95,Tuning,Tuning,0.2854202587062903,0.7145797412937097
Baseline,SVM_Linear,0.95,Tuning,Tuning,0.1967544418148854,0.8032455581851144
Baseline,SVM_Linear,0.95,Defaults,Tuning,0.2737631379989262,0.7262368620010737
Baseline,SVM_Linear,0.95,Tuning,Tuning,0.1141394515310871,0.8858605484689129
Baseline,SVM_Linear,0.95,Tuning,Tuning,0.16013352011751053,0.8398664798824895
Baseline,SVM_Linear,0.95,Defaults,Tuning,0.2798506978210244,0.7201493021789759
Baseline,SVM_Linear,0.95,Tuning,Tuning,0.3203866851209393,0.6796133148790607
Baseline,SVM_Linear,0.95,Tuning,Tuning,0.3980208888702538,0.6019791111297461
Baseline,SVM_Linear,0.95,Tuning,Tuning,0.34839659772836323,0.6516034022716367
Baseline,SVM_Linear,0.95,Tuning,Tuning,0.4167193965005297,0.5832806034994702
Baseline,SVM_Linear,0.95,Tuning,Tuning,0.3466154852287093,0.6533845147712909
Baseline,SVM_Linear,0.95,Tuning,Tuning,0.2603148085673065,0.7396851914326934
Baseline,SVM_Linear,0.95,Tuning,Tuning,0.11696306493822642,0.8830369350617735
Baseline,SVM_Linear,0.95,Tuning,Tuning,0.21905800405069503,0.7809419959493048
Baseline,SVM_Linear,0.95,Tuning,Tuning,0.24619015059849653,0.7538098494015033
Baseline,SVM_Linear,0.95,Defaults,Tuning,0.4031874076498352,0.5968125923501648
Baseline,SVM_Linear,0.95,Tuning,Tuning,0.29380309684807476,0.7061969031519252
Baseline,SVM_Linear,0.95,Defaults,Tuning,0.29099536989286867,0.7090046301071312
Baseline,SVM_Linear,0.95,Tuning,Tuning,0.24825602681226183,0.7517439731877381
Baseline,SVM_Linear,0.95,Tuning,Tuning,0.26707347718976326,0.7329265228102367
Baseline,SVM_Linear,0.95,Tuning,Tuning,0.30544846605638587,0.6945515339436141
Baseline,SVM_Linear,0.95,Tuning,Tuning,0.15351164263187253,0.8464883573681276
Baseline,SVM_Linear,0.95,Tuning,Tuning,0.2707204288826078,0.7292795711173924
Baseline,SVM_Linear,0.95,Defaults,Tuning,0.15374079384383188,0.8462592061561681
Baseline,SVM_Linear,0.95,Tuning,Tuning,0.31825870689700825,0.6817412931029919
Baseline,SVM_Linear,0.95,Defaults,Tuning,0.4491748387120799,0.55082516128792
Baseline,SVM_Linear,0.95,Defaults,Tuning,0.39543211134831197,0.604567888651688
Baseline,SVM_Linear,0.95,Defaults,Tuning,0.4890755123694832,0.5109244876305168
Baseline,SVM_Linear,0.95,Defaults,Tuning,0.44866973448038766,0.5513302655196124
Baseline,SVM_Linear,0.95,Tuning,Tuning,0.27373583316566413,0.7262641668343357
Baseline,SVM_Linear,0.95,Tuning,Tuning,0.27971416258896764,0.7202858374110325
Baseline,SVM_Linear,0.95,Tuning,Tuning,0.294176790470873,0.7058232095291268
Baseline,SVM_Linear,0.95,Defaults,Tuning,0.31079244990696847,0.6892075500930315
Baseline,SVM_Linear,0.95,Defaults,Tuning,0.38743349437654134,0.6125665056234586
Baseline,SVM_Linear,0.95,Defaults,Tuning,0.3039403664146627,0.6960596335853374
Baseline,SVM_Linear,0.95,Defaults,Tuning,0.45213054584816437,0.5478694541518355
Baseline,SVM_Linear,0.95,Tuning,Tuning,0.3846977860669618,0.6153022139330383
Baseline,SVM_Linear,0.95,Tuning,Tuning,0.3941958614816864,0.6058041385183137
Baseline,SVM_Linear,0.95,Defaults,Tuning,0.4355299727852529,0.564470027214747
Baseline,SVM_Linear,0.95,Tuning,Tuning,0.2059959977327621,0.7940040022672381
Baseline,SVM_Linear,0.95,Defaults,Tuning,0.3876961592284686,0.6123038407715314
Baseline,SVM_Linear,0.95,Tuning,Tuning,0.2040648466260576,0.7959351533739422
Baseline,SVM_Linear,0.95,Tuning,Tuning,0.11818005105197332,0.8818199489480268
Baseline,SVM_Linear,0.95,Defaults,Tuning,0.3170288722211948,0.6829711277788049
Baseline,SVM_Linear,0.95,Tuning,Tuning,0.26249583310726826,0.737504166892732
Baseline,SVM_Linear,0.95,Defaults,Tuning,3.0000008999999776e-14,0.9999999999999699
Baseline,SVM_Linear,0.95,Tuning,Tuning,0.18520186968689623,0.8147981303131039
Baseline,SVM_Linear,0.95,Tuning,Tuning,0.2020105849792226,0.797989415020777
Baseline,SVM_Linear,0.95,Tuning,Tuning,0.24347844493974855,0.7565215550602515
Baseline,SVM_Linear,0.95,Defaults,Tuning,0.385918772599031,0.6140812274009692
Baseline,SVM_Linear,0.95,Tuning,Tuning,0.263904907420163,0.7360950925798371
Baseline,SVM_Linear,0.95,Tuning,Tuning,0.3655373064978689,0.6344626935021311
Baseline,SVM_Linear,0.95,Tuning,Tuning,0.2538270005884958,0.7461729994115042
Baseline,SVM_Linear,0.95,Defaults,Tuning,0.17609225330867154,0.8239077466913285
Baseline,SVM_Linear,0.95,Tuning,Tuning,0.294398581161512,0.705601418838488
Baseline,SVM_Linear,0.95,Tuning,Tuning,0.36987434966076194,0.6301256503392382
Baseline,SVM_Linear,0.95,Tuning,Tuning,0.11130228269832425,0.8886977173016758
Baseline,SVM_Linear,0.95,Tuning,Tuning,0.10996280705332356,0.8900371929466764
Baseline,SVM_Linear,0.95,Tuning,Tuning,0.46124219871575806,0.538757801284242
Baseline,SVM_Linear,0.95,Tuning,Tuning,0.18873904393884194,0.8112609560611582
Baseline,SVM_Linear,0.95,Tuning,Tuning,0.24179924816121934,0.7582007518387806
Baseline,SVM_Linear,0.95,Defaults,Tuning,0.34600119493199144,0.6539988050680084
Baseline,SVM_Linear,0.95,Tuning,Tuning,0.10888607491584532,0.8911139250841547
Baseline,SVM_Linear,0.95,Tuning,Tuning,0.16768514407038226,0.8323148559296177
Baseline,SVM_Linear,0.95,Tuning,Tuning,0.3021851451446433,0.6978148548553565
Baseline,SVM_Linear,0.95,Tuning,Tuning,0.2511689756987085,0.7488310243012914
Baseline,SVM_Linear,0.95,Tuning,Tuning,0.17688342392618653,0.8231165760738135
Baseline,SVM_Linear,0.95,Tuning,Tuning,0.32215960398006466,0.6778403960199354
Baseline,SVM_Linear,0.95,Tuning,Tuning,0.3446994027340879,0.6553005972659123
Baseline,SVM_Linear,0.95,Tuning,Tuning,0.09666605024674235,0.9033339497532578
Baseline,SVM_Linear,0.95,Defaults,Tuning,0.32671761250494447,0.6732823874950556
Baseline,SVM_Linear,0.95,Tuning,Tuning,0.14679698549126277,0.8532030145087373
Baseline,SVM_Linear,0.95,Defaults,Tuning,0.39049193954469374,0.6095080604553064
Baseline,SVM_Linear,0.95,Tuning,Tuning,0.3040737035414481,0.695926296458552
Baseline,SVM_Linear,0.95,Tuning,Tuning,0.3243030042858709,0.675696995714129
Baseline,SVM_Linear,0.95,Tuning,Tuning,0.39668249102548275,0.6033175089745171
Baseline,SVM_Linear,0.95,Tuning,Tuning,0.2520682463887676,0.7479317536112324
Baseline,SVM_Linear,0.95,Defaults,Tuning,0.30508536367878325,0.6949146363212169
Baseline,SVM_Linear,0.95,Defaults,Tuning,0.2833559796720962,0.716644020327904
Baseline,SVM_Linear,0.95,Tuning,Tuning,0.14306369826533283,0.8569363017346671
Baseline,SVM_Linear,0.95,Tuning,Tuning,0.17437944126689592,0.825620558733104
Baseline,SVM_Linear,0.95,Tuning,Tuning,0.21873402065271866,0.7812659793472815
Baseline,SVM_Linear,0.95,Tuning,Tuning,0.21873402065271866,0.7812659793472815
Baseline,SVM_Linear,0.95,Tuning,Tuning,0.16040675137446897,0.839593248625531
Baseline,SVM_Linear,0.95,Tuning,Tuning,0.16326171996717626,0.8367382800328238
Baseline,SVM_Linear,0.95,Tuning,Tuning,0.4715956209325418,0.5284043790674581
Baseline,SVM_Linear,0.95,Tuning,Tuning,0.20821224591282797,0.7917877540871718
Baseline,SVM_Linear,0.95,Defaults,Tuning,0.2565884346590614,0.7434115653409386
Baseline,SVM_Linear,0.95,Tuning,Tuning,0.3525252279595127,0.6474747720404872
Baseline,SVM_Linear,0.95,Tuning,Tuning,0.28945216744482016,0.7105478325551798
Baseline,SVM_Linear,0.95,Tuning,Tuning,0.3260681167500163,0.6739318832499834
Baseline,SVM_Linear,0.95,Tuning,Tuning,0.24356727591160163,0.7564327240883985
Baseline,SVM_Linear,0.95,Defaults,Tuning,0.2946872638969714,0.7053127361030286
Baseline,SVM_Linear,0.95,Tuning,Tuning,0.21921675929318904,0.780783240706811
Baseline,SVM_Linear,0.95,Tuning,Tuning,0.10353589361283624,0.8964641063871638
Baseline,SVM_Linear,0.95,Tuning,Tuning,0.32047212490114296,0.6795278750988569
Baseline,SVM_Linear,0.95,Defaults,Tuning,0.289234954253749,0.7107650457462511
Baseline,SVM_Linear,0.95,Tuning,Tuning,0.10743911607416888,0.8925608839258311
Baseline,SVM_Linear,0.95,Tuning,Tuning,0.34055033093894316,0.6594496690610568
Baseline,SVM_Linear,0.95,Tuning,Tuning,0.14542268239659703,0.8545773176034028
Baseline,SVM_Linear,0.95,Defaults,Tuning,0.4160622741723653,0.5839377258276348
Baseline,SVM_Linear,0.95,Defaults,Tuning,0.327599560326323,0.6724004396736774
Baseline,SVM_Linear,0.95,Tuning,Tuning,0.2326331716768834,0.7673668283231166
Baseline,SVM_Linear,0.95,Tuning,Tuning,0.15753856761965387,0.8424614323803462
Baseline,SVM_Linear,0.95,Tuning,Defaults,0.706396132882659,0.2936038671173409
Baseline,SVM_Linear,0.95,Defaults,Tuning,0.3022478401674468,0.6977521598325531
Baseline,SVM_Linear,0.95,Defaults,Tuning,0.3146068008599773,0.685393199140023
Baseline,SVM_Linear,0.95,Defaults,Tuning,0.36576467105183796,0.634235328948162
Baseline,SVM_Linear,0.95,Tuning,Tuning,0.26953433862389575,0.730465661376104
Baseline,SVM_Linear,0.95,Defaults,Tuning,0.34632402802173223,0.6536759719782678
Baseline,SVM_Linear,0.95,Tuning,Defaults,0.6009664180117632,0.39903358198823685
Baseline,SVM_Linear,0.95,Tuning,Tuning,0.21351085388390734,0.786489146116093
Baseline,SVM_Linear,0.95,Defaults,Tuning,0.25824753645561865,0.7417524635443813
Baseline,SVM_Linear,0.95,Defaults,Tuning,0.393291713211402,0.6067082867885981
Baseline,SVM_Linear,0.95,Tuning,Tuning,0.4420541759860207,0.5579458240139793
Baseline,SVM_Linear,0.95,Tuning,Tuning,0.21205722780107886,0.7879427721989211
Baseline,SVM_Linear,0.95,Defaults,Tuning,0.3419088972099527,0.6580911027900476
Baseline,SVM_Linear,0.95,Tuning,Tuning,0.04102619708908285,0.9589738029109173
Baseline,SVM_Linear,0.95,Tuning,Tuning,0.23745280061823712,0.7625471993817627
Baseline,SVM_Linear,0.95,Tuning,Tuning,0.02573617155720659,0.9742638284427937
Baseline,SVM_Linear,0.95,Tuning,Tuning,0.285989461527788,0.7140105384722122
Baseline,SVM_RBF,0.8,Tuning,Tuning,0.17666680941354207,0.8233331905864579
Baseline,SVM_RBF,0.8,Tuning,Tuning,0.24150906437021757,0.7584909356297824
Baseline,SVM_RBF,0.8,Defaults,Tuning,0.38249701801869174,0.6175029819813082
Baseline,SVM_RBF,0.8,Tuning,Tuning,0.12772483670212975,0.8722751632978702
Baseline,SVM_RBF,0.8,Tuning,Tuning,0.14634684467164125,0.8536531553283586
Baseline,SVM_RBF,0.8,Tuning,Tuning,0.46803537985723653,0.5319646201427634
Baseline,SVM_RBF,0.8,Tuning,Tuning,0.13227535132066387,0.867724648679336
Baseline,SVM_RBF,0.8,Defaults,Tuning,0.1914562864302322,0.8085437135697678
Baseline,SVM_RBF,0.8,Defaults,Tuning,0.13098267885289344,0.8690173211471066
Baseline,SVM_RBF,0.8,Tuning,Tuning,0.2170545416026974,0.7829454583973027
Baseline,SVM_RBF,0.8,Tuning,Tuning,0.13635214274133794,0.8636478572586618
Baseline,SVM_RBF,0.8,Defaults,Tuning,0.36246213033368613,0.6375378696663138
Baseline,SVM_RBF,0.8,Tuning,Tuning,0.14228097430624279,0.8577190256937572
Baseline,SVM_RBF,0.8,Tuning,Tuning,0.15719072306841353,0.8428092769315865
Baseline,SVM_RBF,0.8,Tuning,Tuning,0.17358037947061197,0.8264196205293879
Baseline,SVM_RBF,0.8,Tuning,Tuning,0.13891904628336602,0.861080953716634
Baseline,SVM_RBF,0.8,Defaults,Defaults,0.5369649106564116,0.4630350893435882
Baseline,SVM_RBF,0.8,Tuning,Tuning,0.14048857848484073,0.8595114215151592
Baseline,SVM_RBF,0.8,Defaults,Tuning,0.21205621811450787,0.7879437818854923
Baseline,SVM_RBF,0.8,Tuning,Tuning,0.31039227701015765,0.6896077229898422
Baseline,SVM_RBF,0.8,Tuning,Tuning,0.37134226787061647,0.6286577321293836
Baseline,SVM_RBF,0.8,Defaults,Tuning,0.2637502740378415,0.7362497259621584
Baseline,SVM_RBF,0.8,Tuning,Tuning,0.10278377950801368,0.8972162204919863
Baseline,SVM_RBF,0.8,Tuning,Tuning,0.270434539268403,0.7295654607315967
Baseline,SVM_RBF,0.8,Tuning,Tuning,0.17705956871813217,0.8229404312818679
Baseline,SVM_RBF,0.8,Tuning,Tuning,0.1368763196434813,0.8631236803565189
Baseline,SVM_RBF,0.8,Tuning,Tuning,0.16053627858273084,0.8394637214172691
Baseline,SVM_RBF,0.8,Tuning,Tuning,0.16812227060184803,0.831877729398152
Baseline,SVM_RBF,0.8,Tuning,Tuning,0.15963753641666667,0.8403624635833336
Baseline,SVM_RBF,0.8,Tuning,Tuning,0.1282989810242788,0.8717010189757212
Baseline,SVM_RBF,0.8,Tuning,Tuning,0.13345265842217677,0.866547341577823
Baseline,SVM_RBF,0.8,Tuning,Tuning,0.1651733850610749,0.8348266149389252
Baseline,SVM_RBF,0.8,Defaults,Defaults,0.8384238567543304,0.1615761432456695
Baseline,SVM_RBF,0.8,Defaults,Tuning,0.2079306620901061,0.7920693379098938
Baseline,SVM_RBF,0.8,Tuning,Tuning,0.16818289479636098,0.8318171052036389
Baseline,SVM_RBF,0.8,Tuning,Tuning,0.25048446596087326,0.7495155340391271
Baseline,SVM_RBF,0.8,Tuning,Tuning,0.35203408260860086,0.6479659173913992
Baseline,SVM_RBF,0.8,Defaults,Tuning,0.2366662412931791,0.763333758706821
Baseline,SVM_RBF,0.8,Tuning,Tuning,0.23072160372922362,0.7692783962707764
Baseline,SVM_RBF,0.8,Defaults,Tuning,0.42780446518797205,0.572195534812028
Baseline,SVM_RBF,0.8,Tuning,Tuning,0.2050784741917261,0.7949215258082738
Baseline,SVM_RBF,0.8,Tuning,Tuning,0.19348748524874063,0.8065125147512595
Baseline,SVM_RBF,0.8,Tuning,Tuning,0.2772997683496405,0.7227002316503595
Baseline,SVM_RBF,0.8,Tuning,Tuning,0.23600957571316422,0.7639904242868357
Baseline,SVM_RBF,0.8,Tuning,Tuning,0.1812505370219947,0.8187494629780052
Baseline,SVM_RBF,0.8,Tuning,Tuning,0.29251149206397226,0.7074885079360278
Baseline,SVM_RBF,0.8,Tuning,Tuning,0.19721134235951848,0.8027886576404814
Baseline,SVM_RBF,0.8,Tuning,Tuning,0.10507872243301913,0.8949212775669811
Baseline,SVM_RBF,0.8,Tuning,Tuning,0.25955382366998575,0.7404461763300143
Baseline,SVM_RBF,0.8,Tuning,Tuning,0.13315882712336627,0.8668411728766336
Baseline,SVM_RBF,0.8,Defaults,Tuning,0.22257348081519612,0.7774265191848039
Baseline,SVM_RBF,0.8,Tuning,Tuning,0.17181864802060376,0.8281813519793966
Baseline,SVM_RBF,0.8,Tuning,Tuning,0.1705643698974931,0.829435630102507
Baseline,SVM_RBF,0.8,Defaults,Tuning,0.20293409481018962,0.7970659051898105
Baseline,SVM_RBF,0.8,Tuning,Defaults,0.7856087313914402,0.21439126860855984
Baseline,SVM_RBF,0.8,Tuning,Tuning,0.20909435863699838,0.7909056413630017
Baseline,SVM_RBF,0.8,Tuning,Tuning,0.24187085635107647,0.7581291436489236
Baseline,SVM_RBF,0.8,Tuning,Tuning,0.3688359810764885,0.6311640189235116
Baseline,SVM_RBF,0.8,Tuning,Tuning,0.23426421307579648,0.7657357869242037
Baseline,SVM_RBF,0.8,Tuning,Tuning,0.1576806317843588,0.8423193682156414
Baseline,SVM_RBF,0.8,Tuning,Tuning,0.15554989054995785,0.8444501094500421
Baseline,SVM_RBF,0.8,Tuning,Tuning,0.17322724746525228,0.8267727525347478
Baseline,SVM_RBF,0.8,Tuning,Tuning,0.2466933023220894,0.7533066976779108
Baseline,SVM_RBF,0.8,Defaults,Defaults,0.6055871048883914,0.3944128951116088
Baseline,SVM_RBF,0.8,Tuning,Tuning,0.41876319805291606,0.5812368019470838
Baseline,SVM_RBF,0.8,Defaults,Tuning,0.4236352142758986,0.5763647857241015
Baseline,SVM_RBF,0.8,Tuning,Tuning,0.15649637053253038,0.8435036294674697
Baseline,SVM_RBF,0.8,Tuning,Tuning,0.2696530905100496,0.7303469094899504
Baseline,SVM_RBF,0.8,Tuning,Tuning,0.19766121668935746,0.8023387833106422
Baseline,SVM_RBF,0.8,Tuning,Tuning,0.1858191740283128,0.8141808259716874
Baseline,SVM_RBF,0.8,Tuning,Tuning,0.17135354299185201,0.8286464570081477
Baseline,SVM_RBF,0.8,Defaults,Tuning,0.12270960387277731,0.8772903961272225
Baseline,SVM_RBF,0.8,Tuning,Tuning,0.15861411281136614,0.8413858871886339
Baseline,SVM_RBF,0.8,Defaults,Defaults,0.8264586922184252,0.17354130778157462
Baseline,SVM_RBF,0.8,Defaults,Defaults,0.8056739383155821,0.19432606168441813
Baseline,SVM_RBF,0.8,Defaults,Defaults,0.7902332133743013,0.20976678662569856
Baseline,SVM_RBF,0.8,Defaults,Defaults,0.821903208723587,0.17809679127641279
Baseline,SVM_RBF,0.8,Tuning,Tuning,0.15417700222703795,0.8458229977729622
Baseline,SVM_RBF,0.8,Tuning,Tuning,0.15475681390880913,0.845243186091191
Baseline,SVM_RBF,0.8,Tuning,Tuning,0.24692196315519996,0.7530780368448001
Baseline,SVM_RBF,0.8,Defaults,Tuning,0.3340320612412057,0.6659679387587941
Baseline,SVM_RBF,0.8,Defaults,Tuning,0.4170858874826454,0.5829141125173547
Baseline,SVM_RBF,0.8,Defaults,Tuning,0.29972629801347395,0.700273701986526
Baseline,SVM_RBF,0.8,Defaults,Tuning,0.3995696567827227,0.6004303432172773
Baseline,SVM_RBF,0.8,Tuning,Defaults,0.623293685872175,0.37670631412782507
Baseline,SVM_RBF,0.8,Tuning,Defaults,0.6245667914531596,0.37543320854684037
Baseline,SVM_RBF,0.8,Defaults,Defaults,0.6939830392298685,0.30601696077013174
Baseline,SVM_RBF,0.8,Tuning,Tuning,0.08730548793249113,0.912694512067509
Baseline,SVM_RBF,0.8,Defaults,Tuning,0.316739778782253,0.683260221217747
Baseline,SVM_RBF,0.8,Tuning,Tuning,0.144385782994587,0.8556142170054133
Baseline,SVM_RBF,0.8,Tuning,Tuning,0.09435948821214382,0.9056405117878561
Baseline,SVM_RBF,0.8,Defaults,Tuning,0.25323165509858103,0.7467683449014191
Baseline,SVM_RBF,0.8,Tuning,Tuning,0.1731857677359955,0.8268142322640044
Baseline,SVM_RBF,0.8,Defaults,Tuning,0.17592913874280164,0.8240708612571981
Baseline,SVM_RBF,0.8,Tuning,Tuning,0.1405294845264609,0.859470515473539
Baseline,SVM_RBF,0.8,Tuning,Tuning,0.11322688075960617,0.8867731192403938
Baseline,SVM_RBF,0.8,Tuning,Tuning,0.07377427897395009,0.9262257210260498
Baseline,SVM_RBF,0.8,Defaults,Tuning,0.3447665595816373,0.6552334404183627
Baseline,SVM_RBF,0.8,Tuning,Tuning,0.1652874834757013,0.8347125165242986
Baseline,SVM_RBF,0.8,Tuning,Tuning,0.15675900624652336,0.8432409937534766
Baseline,SVM_RBF,0.8,Tuning,Tuning,0.08449867852434546,0.9155013214756547
Baseline,SVM_RBF,0.8,Defaults,Tuning,0.1279401349603965,0.8720598650396034
Baseline,SVM_RBF,0.8,Tuning,Tuning,0.19320996292971215,0.8067900370702877
Baseline,SVM_RBF,0.8,Tuning,Tuning,0.39659290270623676,0.6034070972937633
Baseline,SVM_RBF,0.8,Tuning,Tuning,0.1839669480089024,0.8160330519910974
Baseline,SVM_RBF,0.8,Tuning,Tuning,0.0895647356906366,0.9104352643093634
Baseline,SVM_RBF,0.8,Tuning,Defaults,0.7156963750732809,0.28430362492671885
Baseline,SVM_RBF,0.8,Tuning,Tuning,0.1140570983249418,0.8859429016750583
Baseline,SVM_RBF,0.8,Tuning,Tuning,0.16852842057728634,0.8314715794227137
Baseline,SVM_RBF,0.8,Defaults,Defaults,0.6007424779532555,0.39925752204674436
Baseline,SVM_RBF,0.8,Tuning,Tuning,0.07403635757605949,0.9259636424239404
Baseline,SVM_RBF,0.8,Tuning,Tuning,0.07462129244336042,0.9253787075566395
Baseline,SVM_RBF,0.8,Tuning,Tuning,0.16459324899459143,0.8354067510054085
Baseline,SVM_RBF,0.8,Tuning,Tuning,0.10199829876098206,0.8980017012390179
Baseline,SVM_RBF,0.8,Tuning,Tuning,0.18298325395400622,0.8170167460459936
Baseline,SVM_RBF,0.8,Tuning,Tuning,0.3527527565126165,0.6472472434873836
Baseline,SVM_RBF,0.8,Tuning,Tuning,0.41531107431258313,0.5846889256874168
Baseline,SVM_RBF,0.8,Tuning,Tuning,0.13292563182707942,0.8670743681729205
Baseline,SVM_RBF,0.8,Defaults,Tuning,0.4478366716512887,0.5521633283487113
Baseline,SVM_RBF,0.8,Tuning,Tuning,0.1815102407889539,0.818489759211046
Baseline,SVM_RBF,0.8,Defaults,Defaults,0.641643346019403,0.3583566539805971
Baseline,SVM_RBF,0.8,Tuning,Tuning,0.23426626255543218,0.7657337374445682
Baseline,SVM_RBF,0.8,Tuning,Tuning,0.3280853949470831,0.6719146050529168
Baseline,SVM_RBF,0.8,Tuning,Tuning,0.2518933750415861,0.7481066249584138
Baseline,SVM_RBF,0.8,Tuning,Tuning,0.17285253730464997,0.8271474626953501
Baseline,SVM_RBF,0.8,Defaults,Tuning,0.2236237568345985,0.7763762431654015
Baseline,SVM_RBF,0.8,Defaults,Tuning,0.17992710707331958,0.8200728929266806
Baseline,SVM_RBF,0.8,Tuning,Tuning,0.0881586760372794,0.9118413239627203
Baseline,SVM_RBF,0.8,Tuning,Tuning,0.4587169525395898,0.5412830474604102
Baseline,SVM_RBF,0.8,Tuning,Tuning,0.1121824534321419,0.887817546567858
Baseline,SVM_RBF,0.8,Tuning,Tuning,0.1121824534321419,0.887817546567858
Baseline,SVM_RBF,0.8,Tuning,Tuning,0.18101963360809784,0.8189803663919022
Baseline,SVM_RBF,0.8,Tuning,Tuning,0.1674485123923112,0.8325514876076889
Baseline,SVM_RBF,0.8,Tuning,Defaults,0.6368626631303984,0.3631373368696016
Baseline,SVM_RBF,0.8,Tuning,Tuning,0.1429211710548131,0.8570788289451869
Baseline,SVM_RBF,0.8,Defaults,Tuning,0.2526066145906144,0.7473933854093858
Baseline,SVM_RBF,0.8,Tuning,Defaults,0.6164749472221132,0.38352505277788673
Baseline,SVM_RBF,0.8,Tuning,Defaults,0.6029219995887273,0.39707800041127256
Baseline,SVM_RBF,0.8,Tuning,Tuning,0.24692286620108728,0.7530771337989128
Baseline,SVM_RBF,0.8,Tuning,Tuning,0.128852964559922,0.871147035440078
Baseline,SVM_RBF,0.8,Defaults,Defaults,0.7329601277010269,0.2670398722989732
Baseline,SVM_RBF,0.8,Tuning,Tuning,0.12795303984713383,0.8720469601528662
Baseline,SVM_RBF,0.8,Tuning,Tuning,0.3308940345655806,0.6691059654344198
Baseline,SVM_RBF,0.8,Tuning,Tuning,0.22618861267003174,0.7738113873299683
Baseline,SVM_RBF,0.8,Defaults,Tuning,0.21671416989000217,0.7832858301099977
Baseline,SVM_RBF,0.8,Tuning,Tuning,0.14082475079181223,0.8591752492081878
Baseline,SVM_RBF,0.8,Tuning,Defaults,0.520845409489205,0.4791545905107948
Baseline,SVM_RBF,0.8,Tuning,Tuning,0.16487458836180038,0.8351254116381996
Baseline,SVM_RBF,0.8,Defaults,Defaults,0.6421999814774226,0.35780001852257726
Baseline,SVM_RBF,0.8,Defaults,Tuning,0.21696471351794017,0.7830352864820599
Baseline,SVM_RBF,0.8,Tuning,Tuning,0.2604918742117987,0.7395081257882014
Baseline,SVM_RBF,0.8,Tuning,Tuning,0.1410216909415662,0.8589783090584338
Baseline,SVM_RBF,0.8,Tuning,Tuning,0.19396339785270322,0.8060366021472967
Baseline,SVM_RBF,0.8,Defaults,Tuning,0.42417196500292104,0.5758280349970789
Baseline,SVM_RBF,0.8,Defaults,Tuning,0.39993037224704975,0.60006962775295
Baseline,SVM_RBF,0.8,Defaults,Defaults,0.6562525100923269,0.3437474899076732
Baseline,SVM_RBF,0.8,Tuning,Tuning,0.2364911773018872,0.7635088226981129
Baseline,SVM_RBF,0.8,Defaults,Defaults,0.5577378950052322,0.4422621049947677
Baseline,SVM_RBF,0.8,Tuning,Defaults,0.8470706129186896,0.1529293870813104
Baseline,SVM_RBF,0.8,Tuning,Tuning,0.18416121712730338,0.8158387828726967
Baseline,SVM_RBF,0.8,Defaults,Tuning,0.2656065666159779,0.734393433384022
Baseline,SVM_RBF,0.8,Defaults,Tuning,0.44345623600554607,0.556543763994454
Baseline,SVM_RBF,0.8,Tuning,Defaults,0.5627760356613954,0.43722396433860466
Baseline,SVM_RBF,0.8,Tuning,Tuning,0.1749624738127745,0.8250375261872255
Baseline,SVM_RBF,0.8,Defaults,Tuning,0.3386329604311019,0.661367039568898
Baseline,SVM_RBF,0.8,Tuning,Tuning,0.14811376376654664,0.8518862362334533
Baseline,SVM_RBF,0.8,Tuning,Tuning,0.17348564696909782,0.8265143530309023
Baseline,SVM_RBF,0.8,Tuning,Tuning,0.17750462555042157,0.8224953744495787
Baseline,SVM_RBF,0.8,Tuning,Tuning,0.14835684502613833,0.8516431549738617
Baseline,SVM_RBF,0.85,Tuning,Tuning,0.20561674892300516,0.7943832510769949
Baseline,SVM_RBF,0.85,Tuning,Tuning,0.24984688159314977,0.7501531184068504
Baseline,SVM_RBF,0.85,Defaults,Tuning,0.4178224173717646,0.5821775826282354
Baseline,SVM_RBF,0.85,Tuning,Tuning,0.12496358109908635,0.8750364189009135
Baseline,SVM_RBF,0.85,Tuning,Tuning,0.14548195163398292,0.8545180483660171
Baseline,SVM_RBF,0.85,Tuning,Tuning,0.46494845773164306,0.5350515422683568
Baseline,SVM_RBF,0.85,Tuning,Tuning,0.16475889611033137,0.8352411038896688
Baseline,SVM_RBF,0.85,Defaults,Tuning,0.19618232329944665,0.8038176767005533
Baseline,SVM_RBF,0.85,Defaults,Tuning,0.1384119103899534,0.8615880896100467
Baseline,SVM_RBF,0.85,Tuning,Tuning,0.2197763643991741,0.780223635600826
Baseline,SVM_RBF,0.85,Tuning,Tuning,0.14261307263283296,0.857386927367167
Baseline,SVM_RBF,0.85,Defaults,Tuning,0.37050357394102645,0.6294964260589735
Baseline,SVM_RBF,0.85,Tuning,Tuning,0.15319462902292771,0.8468053709770724
Baseline,SVM_RBF,0.85,Tuning,Tuning,0.16504645320393943,0.8349535467960608
Baseline,SVM_RBF,0.85,Tuning,Tuning,0.18458906312443515,0.815410936875565
Baseline,SVM_RBF,0.85,Tuning,Tuning,0.14631168143418818,0.8536883185658118
Baseline,SVM_RBF,0.85,Defaults,Defaults,0.5475933453435304,0.45240665465646934
Baseline,SVM_RBF,0.85,Tuning,Tuning,0.14394925766082067,0.8560507423391791
Baseline,SVM_RBF,0.85,Defaults,Tuning,0.23241211041310933,0.7675878895868905
Baseline,SVM_RBF,0.85,Tuning,Tuning,0.33804266279094286,0.6619573372090574
Baseline,SVM_RBF,0.85,Tuning,Tuning,0.4368887270031475,0.5631112729968526
Baseline,SVM_RBF,0.85,Defaults,Tuning,0.2867677803828016,0.7132322196171985
Baseline,SVM_RBF,0.85,Tuning,Tuning,0.11194038062243276,0.8880596193775672
Baseline,SVM_RBF,0.85,Tuning,Tuning,0.2869285434879689,0.7130714565120311
Baseline,SVM_RBF,0.85,Tuning,Tuning,0.18432642272308172,0.8156735772769182
Baseline,SVM_RBF,0.85,Tuning,Tuning,0.14226466783975428,0.8577353321602457
Baseline,SVM_RBF,0.85,Tuning,Tuning,0.15853020963246378,0.8414697903675361
Baseline,SVM_RBF,0.85,Tuning,Tuning,0.1699028523871676,0.8300971476128326
Baseline,SVM_RBF,0.85,Tuning,Tuning,0.16729895831400607,0.832701041685994
Baseline,SVM_RBF,0.85,Tuning,Tuning,0.13242443160914108,0.867575568390859
Baseline,SVM_RBF,0.85,Tuning,Tuning,0.14654746850187605,0.8534525314981238
Baseline,SVM_RBF,0.85,Tuning,Tuning,0.16302085021854396,0.8369791497814559
Baseline,SVM_RBF,0.85,Defaults,Defaults,0.8058768036704432,0.19412319632955674
Baseline,SVM_RBF,0.85,Defaults,Tuning,0.20629659282838536,0.7937034071716149
Baseline,SVM_RBF,0.85,Tuning,Tuning,0.17778641301525616,0.8222135869847439
Baseline,SVM_RBF,0.85,Tuning,Tuning,0.262899835675962,0.7371001643240381
Baseline,SVM_RBF,0.85,Tuning,Tuning,0.3441232248040061,0.6558767751959937
Baseline,SVM_RBF,0.85,Defaults,Tuning,0.2537915588994283,0.7462084411005718
Baseline,SVM_RBF,0.85,Tuning,Tuning,0.23060403185166858,0.7693959681483313
Baseline,SVM_RBF,0.85,Defaults,Tuning,0.4012288359179936,0.5987711640820065
Baseline,SVM_RBF,0.85,Tuning,Tuning,0.19566808269869043,0.8043319173013096
Baseline,SVM_RBF,0.85,Tuning,Tuning,0.19709755954286312,0.802902440457137
Baseline,SVM_RBF,0.85,Tuning,Tuning,0.2804604024970945,0.7195395975029055
Baseline,SVM_RBF,0.85,Tuning,Tuning,0.24898522251375674,0.7510147774862433
Baseline,SVM_RBF,0.85,Tuning,Tuning,0.19616692118659312,0.803833078813407
Baseline,SVM_RBF,0.85,Tuning,Tuning,0.29115212666807555,0.7088478733319243
Baseline,SVM_RBF,0.85,Tuning,Tuning,0.20071964030710177,0.7992803596928985
Baseline,SVM_RBF,0.85,Tuning,Tuning,0.10893245899244286,0.8910675410075571
Baseline,SVM_RBF,0.85,Tuning,Tuning,0.2714110232188047,0.7285889767811953
Baseline,SVM_RBF,0.85,Tuning,Tuning,0.13725119290639556,0.8627488070936044
Baseline,SVM_RBF,0.85,Defaults,Tuning,0.21804641062250196,0.7819535893774979
Baseline,SVM_RBF,0.85,Tuning,Tuning,0.1763656489728047,0.8236343510271953
Baseline,SVM_RBF,0.85,Tuning,Tuning,0.17483492962616132,0.8251650703738388
Baseline,SVM_RBF,0.85,Defaults,Tuning,0.18815463356078296,0.811845366439217
Baseline,SVM_RBF,0.85,Tuning,Defaults,0.7712217433857391,0.228778256614261
Baseline,SVM_RBF,0.85,Tuning,Tuning,0.1995894683403642,0.8004105316596357
Baseline,SVM_RBF,0.85,Tuning,Tuning,0.25426832127215215,0.7457316787278478
Baseline,SVM_RBF,0.85,Tuning,Tuning,0.39768210200675896,0.602317897993241
Baseline,SVM_RBF,0.85,Tuning,Tuning,0.22198572425676827,0.7780142757432318
Baseline,SVM_RBF,0.85,Tuning,Tuning,0.17744021345105584,0.8225597865489442
Baseline,SVM_RBF,0.85,Tuning,Tuning,0.15750979403142992,0.8424902059685702
Baseline,SVM_RBF,0.85,Tuning,Tuning,0.20893086369602992,0.7910691363039701
Baseline,SVM_RBF,0.85,Tuning,Tuning,0.24607328710160997,0.75392671289839
Baseline,SVM_RBF,0.85,Defaults,Defaults,0.5988990108878466,0.4011009891121535
Baseline,SVM_RBF,0.85,Tuning,Tuning,0.4632717139840686,0.5367282860159313
Baseline,SVM_RBF,0.85,Defaults,Tuning,0.401169733365832,0.598830266634168
Baseline,SVM_RBF,0.85,Tuning,Tuning,0.1736390280793829,0.8263609719206172
Baseline,SVM_RBF,0.85,Tuning,Tuning,0.2749257195414693,0.7250742804585305
Baseline,SVM_RBF,0.85,Tuning,Tuning,0.21150929548101374,0.7884907045189862
Baseline,SVM_RBF,0.85,Tuning,Tuning,0.19418310184986398,0.805816898150136
Baseline,SVM_RBF,0.85,Tuning,Tuning,0.18466654488554313,0.815333455114457
Baseline,SVM_RBF,0.85,Defaults,Tuning,0.11599914934579872,0.8840008506542015
Baseline,SVM_RBF,0.85,Tuning,Tuning,0.16596796370133596,0.8340320362986641
Baseline,SVM_RBF,0.85,Defaults,Defaults,0.818470257623942,0.18152974237605807
Baseline,SVM_RBF,0.85,Defaults,Defaults,0.7985687754148983,0.20143122458510165
Baseline,SVM_RBF,0.85,Defaults,Defaults,0.7814827135159427,0.2185172864840576
Baseline,SVM_RBF,0.85,Defaults,Defaults,0.8145544782689709,0.18544552173102916
Baseline,SVM_RBF,0.85,Tuning,Tuning,0.15856296389847765,0.8414370361015224
Baseline,SVM_RBF,0.85,Tuning,Tuning,0.1591455979196962,0.8408544020803037
Baseline,SVM_RBF,0.85,Tuning,Tuning,0.24482741464209015,0.7551725853579099
Baseline,SVM_RBF,0.85,Defaults,Tuning,0.3308661078033434,0.6691338921966568
Baseline,SVM_RBF,0.85,Defaults,Tuning,0.39288688588493115,0.6071131141150689
Baseline,SVM_RBF,0.85,Defaults,Tuning,0.2948167653635195,0.7051832346364806
Baseline,SVM_RBF,0.85,Defaults,Tuning,0.37378140051630226,0.6262185994836977
Baseline,SVM_RBF,0.85,Tuning,Defaults,0.5938429237912796,0.4061570762087203
Baseline,SVM_RBF,0.85,Tuning,Defaults,0.5836502299817597,0.41634977001824014
Baseline,SVM_RBF,0.85,Defaults,Defaults,0.6538469733695838,0.3461530266304161
Baseline,SVM_RBF,0.85,Tuning,Tuning,0.09543755010460386,0.9045624498953961
Baseline,SVM_RBF,0.85,Defaults,Tuning,0.3032393372112914,0.6967606627887086
Baseline,SVM_RBF,0.85,Tuning,Tuning,0.14630749779075414,0.853692502209246
Baseline,SVM_RBF,0.85,Tuning,Tuning,0.09703451564515302,0.9029654843548469
Baseline,SVM_RBF,0.85,Defaults,Tuning,0.2635990201167126,0.7364009798832875
Baseline,SVM_RBF,0.85,Tuning,Tuning,0.169921771640975,0.830078228359025
Baseline,SVM_RBF,0.85,Defaults,Tuning,0.17861673822621962,0.8213832617737804
Baseline,SVM_RBF,0.85,Tuning,Tuning,0.16167704765463317,0.8383229523453668
Baseline,SVM_RBF,0.85,Tuning,Tuning,0.12424486920290541,0.8757551307970944
Baseline,SVM_RBF,0.85,Tuning,Tuning,0.08305187425643344,0.9169481257435667
Baseline,SVM_RBF,0.85,Defaults,Tuning,0.33314161925850133,0.6668583807414987
Baseline,SVM_RBF,0.85,Tuning,Tuning,0.15998307749310667,0.8400169225068932
Baseline,SVM_RBF,0.85,Tuning,Tuning,0.17069598974770578,0.8293040102522942
Baseline,SVM_RBF,0.85,Tuning,Tuning,0.09017508170539164,0.9098249182946084
Baseline,SVM_RBF,0.85,Defaults,Tuning,0.14501941485585587,0.8549805851441441
Baseline,SVM_RBF,0.85,Tuning,Tuning,0.19225302868114247,0.8077469713188575
Baseline,SVM_RBF,0.85,Tuning,Tuning,0.43280120642855024,0.5671987935714498
Baseline,SVM_RBF,0.85,Tuning,Tuning,0.19455380209844805,0.8054461979015518
Baseline,SVM_RBF,0.85,Tuning,Tuning,0.10614307982232178,0.8938569201776781
Baseline,SVM_RBF,0.85,Tuning,Defaults,0.728220340743709,0.27177965925629116
Baseline,SVM_RBF,0.85,Tuning,Tuning,0.1253452130215907,0.8746547869784094
Baseline,SVM_RBF,0.85,Tuning,Tuning,0.19607589227244093,0.8039241077275588
Baseline,SVM_RBF,0.85,Defaults,Defaults,0.5991516917846141,0.400848308215386
Baseline,SVM_RBF,0.85,Tuning,Tuning,0.0848696795082452,0.9151303204917548
Baseline,SVM_RBF,0.85,Tuning,Tuning,0.089823651083985,0.9101763489160151
Baseline,SVM_RBF,0.85,Tuning,Tuning,0.17463174543394488,0.8253682545660552
Baseline,SVM_RBF,0.85,Tuning,Tuning,0.107957455965112,0.8920425440348883
Baseline,SVM_RBF,0.85,Tuning,Tuning,0.18673642865200854,0.8132635713479912
Baseline,SVM_RBF,0.85,Tuning,Tuning,0.34885653142800893,0.6511434685719912
Baseline,SVM_RBF,0.85,Tuning,Tuning,0.3975862060288896,0.6024137939711104
Baseline,SVM_RBF,0.85,Tuning,Tuning,0.13987312139363972,0.8601268786063603
Baseline,SVM_RBF,0.85,Defaults,Tuning,0.40358213840085105,0.5964178615991488
Baseline,SVM_RBF,0.85,Tuning,Tuning,0.1860563985690364,0.8139436014309636
Baseline,SVM_RBF,0.85,Defaults,Defaults,0.6206432292702385,0.3793567707297615
Baseline,SVM_RBF,0.85,Tuning,Tuning,0.23102912861609942,0.7689708713839006
Baseline,SVM_RBF,0.85,Tuning,Tuning,0.3531929459685413,0.6468070540314587
Baseline,SVM_RBF,0.85,Tuning,Tuning,0.24761798980562977,0.7523820101943702
Baseline,SVM_RBF,0.85,Tuning,Tuning,0.17318538610879683,0.8268146138912033
Baseline,SVM_RBF,0.85,Defaults,Tuning,0.2177186163591429,0.7822813836408573
Baseline,SVM_RBF,0.85,Defaults,Tuning,0.18565887077890966,0.8143411292210906
Baseline,SVM_RBF,0.85,Tuning,Tuning,0.10042448628671452,0.8995755137132855
Baseline,SVM_RBF,0.85,Tuning,Tuning,0.39386484014489653,0.6061351598551034
Baseline,SVM_RBF,0.85,Tuning,Tuning,0.1293882588903472,0.8706117411096529
Baseline,SVM_RBF,0.85,Tuning,Tuning,0.1293882588903472,0.8706117411096529
Baseline,SVM_RBF,0.85,Tuning,Tuning,0.18473691864334302,0.8152630813566568
Baseline,SVM_RBF,0.85,Tuning,Tuning,0.16550169632417924,0.8344983036758208
Baseline,SVM_RBF,0.85,Tuning,Defaults,0.6339074188102197,0.3660925811897802
Baseline,SVM_RBF,0.85,Tuning,Tuning,0.14940577698135626,0.8505942230186437
Baseline,SVM_RBF,0.85,Defaults,Tuning,0.2267573352934722,0.7732426647065277
Baseline,SVM_RBF,0.85,Tuning,Defaults,0.6118628023103332,0.3881371976896668
Baseline,SVM_RBF,0.85,Tuning,Defaults,0.6142815383310016,0.3857184616689984
Baseline,SVM_RBF,0.85,Tuning,Tuning,0.19106012901627073,0.8089398709837293
Baseline,SVM_RBF,0.85,Tuning,Tuning,0.13991623664723898,0.8600837633527608
Baseline,SVM_RBF,0.85,Defaults,Defaults,0.7087857092445414,0.2912142907554587
Baseline,SVM_RBF,0.85,Tuning,Tuning,0.1307895829199781,0.869210417080022
Baseline,SVM_RBF,0.85,Tuning,Tuning,0.36470585937900274,0.6352941406209973
Baseline,SVM_RBF,0.85,Tuning,Tuning,0.22292673878044375,0.7770732612195562
Baseline,SVM_RBF,0.85,Defaults,Tuning,0.2231730925044752,0.7768269074955247
Baseline,SVM_RBF,0.85,Tuning,Tuning,0.1382828541104081,0.861717145889592
Baseline,SVM_RBF,0.85,Tuning,Defaults,0.5187357788829781,0.481264221117022
Baseline,SVM_RBF,0.85,Tuning,Tuning,0.18559415836429358,0.8144058416357063
Baseline,SVM_RBF,0.85,Defaults,Defaults,0.621204603114945,0.37879539688505504
Baseline,SVM_RBF,0.85,Defaults,Tuning,0.2260511166063969,0.7739488833936031
Baseline,SVM_RBF,0.85,Tuning,Tuning,0.2703168132647418,0.7296831867352582
Baseline,SVM_RBF,0.85,Tuning,Tuning,0.15098376016678156,0.8490162398332183
Baseline,SVM_RBF,0.85,Tuning,Tuning,0.20037817316457482,0.7996218268354254
Baseline,SVM_RBF,0.85,Defaults,Tuning,0.3983852440978091,0.6016147559021908
Baseline,SVM_RBF,0.85,Defaults,Tuning,0.39731330089792416,0.6026866991020757
Baseline,SVM_RBF,0.85,Defaults,Defaults,0.6367634299652082,0.3632365700347919
Baseline,SVM_RBF,0.85,Tuning,Tuning,0.248127505381304,0.7518724946186958
Baseline,SVM_RBF,0.85,Defaults,Defaults,0.5374078925517134,0.46259210744828677
Baseline,SVM_RBF,0.85,Tuning,Defaults,0.8382686914963797,0.1617313085036202
Baseline,SVM_RBF,0.85,Tuning,Tuning,0.1834677950053781,0.8165322049946218
Baseline,SVM_RBF,0.85,Defaults,Tuning,0.27487850999151037,0.7251214900084894
Baseline,SVM_RBF,0.85,Defaults,Tuning,0.4637705150468753,0.5362294849531245
Baseline,SVM_RBF,0.85,Tuning,Defaults,0.5422904102705138,0.45770958972948617
Baseline,SVM_RBF,0.85,Tuning,Tuning,0.2040801726906331,0.7959198273093671
Baseline,SVM_RBF,0.85,Defaults,Tuning,0.3246656227152182,0.6753343772847821
Baseline,SVM_RBF,0.85,Tuning,Tuning,0.15099005152593065,0.8490099484740694
Baseline,SVM_RBF,0.85,Tuning,Tuning,0.1765862693406769,0.823413730659323
Baseline,SVM_RBF,0.85,Tuning,Tuning,0.18030300059451956,0.8196969994054805
Baseline,SVM_RBF,0.85,Tuning,Tuning,0.1557001146178759,0.8442998853821242
Baseline,SVM_RBF,0.9,Tuning,Tuning,0.16766881970981456,0.8323311802901854
Baseline,SVM_RBF,0.9,Tuning,Tuning,0.24698464935940673,0.7530153506405932
Baseline,SVM_RBF,0.9,Defaults,Tuning,0.42227663175077906,0.5777233682492209
Baseline,SVM_RBF,0.9,Tuning,Tuning,0.12297280932557039,0.8770271906744296
Baseline,SVM_RBF,0.9,Tuning,Tuning,0.1440680136929767,0.855931986307023
Baseline,SVM_RBF,0.9,Tuning,Defaults,0.5140337263090524,0.48596627369094747
Baseline,SVM_RBF,0.9,Tuning,Tuning,0.16962986485098283,0.8303701351490171
Baseline,SVM_RBF,0.9,Defaults,Tuning,0.19446621831988753,0.8055337816801125
Baseline,SVM_RBF,0.9,Defaults,Tuning,0.13772957027173044,0.8622704297282695
Baseline,SVM_RBF,0.9,Tuning,Tuning,0.21905959062948974,0.7809404093705105
Baseline,SVM_RBF,0.9,Tuning,Tuning,0.14371581733552335,0.8562841826644768
Baseline,SVM_RBF,0.9,Defaults,Tuning,0.4061142995846719,0.5938857004153281
Baseline,SVM_RBF,0.9,Tuning,Tuning,0.148762587069913,0.8512374129300871
Baseline,SVM_RBF,0.9,Tuning,Tuning,0.1661758754468011,0.8338241245531989
Baseline,SVM_RBF,0.9,Tuning,Tuning,0.17991683367114122,0.8200831663288589
Baseline,SVM_RBF,0.9,Tuning,Tuning,0.14866806234623747,0.8513319376537625
Baseline,SVM_RBF,0.9,Defaults,Defaults,0.5754957747365982,0.4245042252634021
Baseline,SVM_RBF,0.9,Tuning,Tuning,0.14337472055852032,0.8566252794414798
Baseline,SVM_RBF,0.9,Defaults,Tuning,0.2204738329030514,0.7795261670969484
Baseline,SVM_RBF,0.9,Tuning,Tuning,0.32617330439119874,0.6738266956088014
Baseline,SVM_RBF,0.9,Tuning,Tuning,0.42439309349588245,0.5756069065041175
Baseline,SVM_RBF,0.9,Defaults,Tuning,0.29390139615402944,0.7060986038459706
Baseline,SVM_RBF,0.9,Tuning,Tuning,0.12289663583297716,0.8771033641670227
Baseline,SVM_RBF,0.9,Tuning,Tuning,0.2937288819394197,0.7062711180605803
Baseline,SVM_RBF,0.9,Tuning,Tuning,0.185906874185439,0.8140931258145611
Baseline,SVM_RBF,0.9,Tuning,Tuning,0.14595342194281,0.8540465780571901
Baseline,SVM_RBF,0.9,Tuning,Tuning,0.15553673843145527,0.8444632615685446
Baseline,SVM_RBF,0.9,Tuning,Tuning,0.16083941098453647,0.8391605890154634
Baseline,SVM_RBF,0.9,Tuning,Tuning,0.16328195917295418,0.8367180408270457
Baseline,SVM_RBF,0.9,Tuning,Tuning,0.1339912920030492,0.8660087079969508
Baseline,SVM_RBF,0.9,Tuning,Tuning,0.15085905987548812,0.8491409401245117
Baseline,SVM_RBF,0.9,Tuning,Tuning,0.1601196128506422,0.8398803871493579
Baseline,SVM_RBF,0.9,Defaults,Defaults,0.7992281816046836,0.20077181839531644
Baseline,SVM_RBF,0.9,Defaults,Tuning,0.21118735549250803,0.788812644507492
Baseline,SVM_RBF,0.9,Tuning,Tuning,0.1561719385815538,0.843828061418446
Baseline,SVM_RBF,0.9,Tuning,Tuning,0.25165704742972067,0.7483429525702793
Baseline,SVM_RBF,0.9,Tuning,Tuning,0.3175378280493487,0.6824621719506511
Baseline,SVM_RBF,0.9,Defaults,Tuning,0.257849551329756,0.7421504486702442
Baseline,SVM_RBF,0.9,Tuning,Tuning,0.23080154728831548,0.7691984527116847
Baseline,SVM_RBF,0.9,Defaults,Tuning,0.396034867329926,0.603965132670074
Baseline,SVM_RBF,0.9,Tuning,Tuning,0.19241816246860324,0.8075818375313968
Baseline,SVM_RBF,0.9,Tuning,Tuning,0.18954851376598456,0.8104514862340154
Baseline,SVM_RBF,0.9,Tuning,Tuning,0.2725894510184837,0.7274105489815164
Baseline,SVM_RBF,0.9,Tuning,Tuning,0.2491020944327319,0.7508979055672681
Baseline,SVM_RBF,0.9,Tuning,Tuning,0.19811062882718325,0.8018893711728167
Baseline,SVM_RBF,0.9,Tuning,Tuning,0.27618236834386867,0.7238176316561312
Baseline,SVM_RBF,0.9,Tuning,Tuning,0.1936612222380008,0.8063387777619991
Baseline,SVM_RBF,0.9,Tuning,Tuning,0.11757153864378882,0.8824284613562111
Baseline,SVM_RBF,0.9,Tuning,Tuning,0.27929762944022113,0.7207023705597789
Baseline,SVM_RBF,0.9,Tuning,Tuning,0.12527811783901957,0.8747218821609803
Baseline,SVM_RBF,0.9,Defaults,Tuning,0.21562849814264473,0.7843715018573555
Baseline,SVM_RBF,0.9,Tuning,Tuning,0.17216119955320114,0.8278388004467986
Baseline,SVM_RBF,0.9,Tuning,Tuning,0.17142219673485337,0.8285778032651467
Baseline,SVM_RBF,0.9,Defaults,Tuning,0.18788872892534908,0.8121112710746509
Baseline,SVM_RBF,0.9,Tuning,Defaults,0.7684434231958576,0.23155657680414266
Baseline,SVM_RBF,0.9,Tuning,Tuning,0.22239947145757813,0.7776005285424217
Baseline,SVM_RBF,0.9,Tuning,Tuning,0.26044431514396355,0.7395556848560366
Baseline,SVM_RBF,0.9,Tuning,Tuning,0.39038734339859127,0.6096126566014086
Baseline,SVM_RBF,0.9,Tuning,Tuning,0.20740122820994641,0.7925987717900536
Baseline,SVM_RBF,0.9,Tuning,Tuning,0.19577625285083272,0.8042237471491673
Baseline,SVM_RBF,0.9,Tuning,Tuning,0.147804354143177,0.852195645856823
Baseline,SVM_RBF,0.9,Tuning,Tuning,0.19946340714557348,0.8005365928544267
Baseline,SVM_RBF,0.9,Tuning,Tuning,0.19349366315614794,0.806506336843852
Baseline,SVM_RBF,0.9,Defaults,Defaults,0.5852066873891107,0.4147933126108893
Baseline,SVM_RBF,0.9,Tuning,Tuning,0.4900802603854651,0.509919739614535
Baseline,SVM_RBF,0.9,Defaults,Tuning,0.38357879379552046,0.6164212062044794
Baseline,SVM_RBF,0.9,Tuning,Tuning,0.18211039550406008,0.81788960449594
Baseline,SVM_RBF,0.9,Tuning,Tuning,0.2864374085259423,0.7135625914740577
Baseline,SVM_RBF,0.9,Tuning,Tuning,0.24213204298129604,0.7578679570187039
Baseline,SVM_RBF,0.9,Tuning,Tuning,0.17608049739172918,0.8239195026082708
Baseline,SVM_RBF,0.9,Tuning,Tuning,0.21787255477101833,0.7821274452289816
Baseline,SVM_RBF,0.9,Defaults,Tuning,0.11135823941436851,0.8886417605856315
Baseline,SVM_RBF,0.9,Tuning,Tuning,0.18890054018042765,0.8110994598195724
Baseline,SVM_RBF,0.9,Defaults,Defaults,0.7922103806977217,0.20778961930227846
Baseline,SVM_RBF,0.9,Defaults,Defaults,0.7792264584810247,0.2207735415189753
Baseline,SVM_RBF,0.9,Defaults,Defaults,0.767400181129519,0.2325998188704809
Baseline,SVM_RBF,0.9,Defaults,Defaults,0.7901972692443573,0.20980273075564265
Baseline,SVM_RBF,0.9,Tuning,Tuning,0.15682091647502594,0.843179083524974
Baseline,SVM_RBF,0.9,Tuning,Tuning,0.1577494200725234,0.8422505799274768
Baseline,SVM_RBF,0.9,Tuning,Tuning,0.23241354767954936,0.7675864523204506
Baseline,SVM_RBF,0.9,Defaults,Tuning,0.3016637351065697,0.6983362648934304
Baseline,SVM_RBF,0.9,Defaults,Tuning,0.34607770406344773,0.6539222959365523
Baseline,SVM_RBF,0.9,Defaults,Tuning,0.30161140869802455,0.6983885913019754
Baseline,SVM_RBF,0.9,Defaults,Tuning,0.3860040552223716,0.6139959447776284
Baseline,SVM_RBF,0.9,Tuning,Defaults,0.5692428321338087,0.43075716786619134
Baseline,SVM_RBF,0.9,Tuning,Defaults,0.5639391132258645,0.4360608867741354
Baseline,SVM_RBF,0.9,Defaults,Defaults,0.6676457933967923,0.3323542066032077
Baseline,SVM_RBF,0.9,Tuning,Tuning,0.08777078977664106,0.9122292102233591
Baseline,SVM_RBF,0.9,Defaults,Tuning,0.29215633529878826,0.707843664701212
Baseline,SVM_RBF,0.9,Tuning,Tuning,0.1425334671201953,0.8574665328798046
Baseline,SVM_RBF,0.9,Tuning,Tuning,0.10425612258851184,0.8957438774114881
Baseline,SVM_RBF,0.9,Defaults,Tuning,0.2714116450711734,0.7285883549288267
Baseline,SVM_RBF,0.9,Tuning,Tuning,0.16658470651624976,0.8334152934837502
Baseline,SVM_RBF,0.9,Defaults,Tuning,0.17218110664067277,0.8278188933593275
Baseline,SVM_RBF,0.9,Tuning,Tuning,0.17098785215662024,0.8290121478433797
Baseline,SVM_RBF,0.9,Tuning,Tuning,0.10904418880435023,0.8909558111956497
Baseline,SVM_RBF,0.9,Tuning,Tuning,0.08112734042247073,0.9188726595775293
Baseline,SVM_RBF,0.9,Defaults,Tuning,0.3537155412301121,0.646284458769888
Baseline,SVM_RBF,0.9,Tuning,Tuning,0.1777068104426718,0.822293189557328
Baseline,SVM_RBF,0.9,Tuning,Tuning,0.17646816373700208,0.8235318362629979
Baseline,SVM_RBF,0.9,Tuning,Tuning,0.07483055251378758,0.9251694474862124
Baseline,SVM_RBF,0.9,Defaults,Tuning,0.14607978568785385,0.8539202143121459
Baseline,SVM_RBF,0.9,Tuning,Tuning,0.2366228620780074,0.7633771379219925
Baseline,SVM_RBF,0.9,Tuning,Tuning,0.4415336374777379,0.5584663625222623
Baseline,SVM_RBF,0.9,Tuning,Tuning,0.20104150707875848,0.7989584929212413
Baseline,SVM_RBF,0.9,Tuning,Tuning,0.10379667442334067,0.8962033255766592
Baseline,SVM_RBF,0.9,Tuning,Defaults,0.7588011799681372,0.24119882003186266
Baseline,SVM_RBF,0.9,Tuning,Tuning,0.10985118078391211,0.8901488192160879
Baseline,SVM_RBF,0.9,Tuning,Tuning,0.21039815957254662,0.7896018404274534
Baseline,SVM_RBF,0.9,Defaults,Defaults,0.5961337355040814,0.40386626449591845
Baseline,SVM_RBF,0.9,Tuning,Tuning,0.0863699481374191,0.9136300518625808
Baseline,SVM_RBF,0.9,Tuning,Tuning,0.09801726482569795,0.9019827351743019
Baseline,SVM_RBF,0.9,Tuning,Tuning,0.2158726445494261,0.784127355450574
Baseline,SVM_RBF,0.9,Tuning,Tuning,0.10812968581300496,0.891870314186995
Baseline,SVM_RBF,0.9,Tuning,Tuning,0.17837349268102037,0.8216265073189796
Baseline,SVM_RBF,0.9,Tuning,Tuning,0.3507900119011414,0.6492099880988588
Baseline,SVM_RBF,0.9,Tuning,Tuning,0.39660160804530803,0.6033983919546919
Baseline,SVM_RBF,0.9,Tuning,Tuning,0.12328523319210477,0.8767147668078951
Baseline,SVM_RBF,0.9,Defaults,Tuning,0.38280485370932793,0.617195146290672
Baseline,SVM_RBF,0.9,Tuning,Tuning,0.17667756861977701,0.8233224313802231
Baseline,SVM_RBF,0.9,Defaults,Defaults,0.5993541057374103,0.4006458942625897
Baseline,SVM_RBF,0.9,Tuning,Tuning,0.23751824453347234,0.7624817554665276
Baseline,SVM_RBF,0.9,Tuning,Tuning,0.33974112987440097,0.660258870125599
Baseline,SVM_RBF,0.9,Tuning,Tuning,0.24735692202697052,0.7526430779730295
Baseline,SVM_RBF,0.9,Tuning,Tuning,0.17354710120518757,0.8264528987948125
Baseline,SVM_RBF,0.9,Defaults,Tuning,0.22321625184612845,0.7767837481538715
Baseline,SVM_RBF,0.9,Defaults,Tuning,0.19425280569654274,0.8057471943034571
Baseline,SVM_RBF,0.9,Tuning,Tuning,0.09263257980873058,0.9073674201912693
Baseline,SVM_RBF,0.9,Tuning,Tuning,0.4302419451954577,0.5697580548045423
Baseline,SVM_RBF,0.9,Tuning,Tuning,0.12632657854939097,0.8736734214506089
Baseline,SVM_RBF,0.9,Tuning,Tuning,0.12632657854939097,0.8736734214506089
Baseline,SVM_RBF,0.9,Tuning,Tuning,0.17553694987512405,0.8244630501248758
Baseline,SVM_RBF,0.9,Tuning,Tuning,0.14942075720571474,0.8505792427942855
Baseline,SVM_RBF,0.9,Tuning,Defaults,0.6366793767465398,0.3633206232534602
Baseline,SVM_RBF,0.9,Tuning,Tuning,0.1264081785474038,0.8735918214525963
Baseline,SVM_RBF,0.9,Defaults,Tuning,0.23658199969687332,0.7634180003031265
Baseline,SVM_RBF,0.9,Tuning,Defaults,0.6426065352587075,0.35739346474129235
Baseline,SVM_RBF,0.9,Tuning,Defaults,0.6284386031674166,0.3715613968325833
Baseline,SVM_RBF,0.9,Tuning,Tuning,0.17829292373814512,0.8217070762618548
Baseline,SVM_RBF,0.9,Tuning,Tuning,0.1257838878701719,0.8742161121298281
Baseline,SVM_RBF,0.9,Defaults,Defaults,0.7033252530593572,0.2966747469406428
Baseline,SVM_RBF,0.9,Tuning,Tuning,0.14558727885823275,0.8544127211417671
Baseline,SVM_RBF,0.9,Tuning,Tuning,0.37012563779382174,0.6298743622061783
Baseline,SVM_RBF,0.9,Tuning,Tuning,0.26109156691272645,0.7389084330872737
Baseline,SVM_RBF,0.9,Defaults,Tuning,0.21956432927352923,0.7804356707264708
Baseline,SVM_RBF,0.9,Tuning,Tuning,0.11780896572539304,0.8821910342746071
Baseline,SVM_RBF,0.9,Tuning,Defaults,0.5215287062795161,0.4784712937204839
Baseline,SVM_RBF,0.9,Tuning,Tuning,0.1640253769441541,0.8359746230558459
Baseline,SVM_RBF,0.9,Defaults,Defaults,0.6223281879924628,0.37767181200753713
Baseline,SVM_RBF,0.9,Defaults,Tuning,0.21363867964172392,0.7863613203582758
Baseline,SVM_RBF,0.9,Tuning,Tuning,0.25129032747157737,0.7487096725284227
Baseline,SVM_RBF,0.9,Tuning,Tuning,0.12485290540055886,0.8751470945994411
Baseline,SVM_RBF,0.9,Tuning,Tuning,0.19686417433138864,0.8031358256686114
Baseline,SVM_RBF,0.9,Defaults,Tuning,0.40703502234493383,0.5929649776550662
Baseline,SVM_RBF,0.9,Defaults,Tuning,0.442109744147729,0.5578902558522711
Baseline,SVM_RBF,0.9,Defaults,Defaults,0.6382646539149226,0.3617353460850774
Baseline,SVM_RBF,0.9,Tuning,Tuning,0.19311670129123348,0.8068832987087666
Baseline,SVM_RBF,0.9,Defaults,Defaults,0.5384384180200283,0.46156158197997166
Baseline,SVM_RBF,0.9,Tuning,Defaults,0.8586963295219546,0.14130367047804535
Baseline,SVM_RBF,0.9,Tuning,Tuning,0.17334905657824234,0.8266509434217575
Baseline,SVM_RBF,0.9,Defaults,Tuning,0.26250127737183554,0.7374987226281645
Baseline,SVM_RBF,0.9,Defaults,Tuning,0.46241061777564096,0.5375893822243589
Baseline,SVM_RBF,0.9,Tuning,Defaults,0.5725952016673669,0.4274047983326332
Baseline,SVM_RBF,0.9,Tuning,Tuning,0.22795323908504156,0.7720467609149586
Baseline,SVM_RBF,0.9,Defaults,Tuning,0.3540292900919054,0.6459707099080946
Baseline,SVM_RBF,0.9,Tuning,Tuning,0.1426217296326799,0.8573782703673202
Baseline,SVM_RBF,0.9,Tuning,Tuning,0.19211092926345447,0.8078890707365457
Baseline,SVM_RBF,0.9,Tuning,Tuning,0.17076623323637555,0.8292337667636244
Baseline,SVM_RBF,0.9,Tuning,Tuning,0.13017100723500372,0.8698289927649963
Baseline,SVM_RBF,0.95,Tuning,Tuning,0.16007395909468597,0.8399260409053141
Baseline,SVM_RBF,0.95,Tuning,Tuning,0.24565704648333603,0.7543429535166639
Baseline,SVM_RBF,0.95,Defaults,Tuning,0.4152515359534587,0.5847484640465412
Baseline,SVM_RBF,0.95,Tuning,Tuning,0.11607348867940667,0.8839265113205933
Baseline,SVM_RBF,0.95,Tuning,Tuning,0.13356428134836035,0.8664357186516398
Baseline,SVM_RBF,0.95,Tuning,Defaults,0.5189338545574977,0.4810661454425021
Baseline,SVM_RBF,0.95,Tuning,Tuning,0.16833214128780732,0.8316678587121927
Baseline,SVM_RBF,0.95,Defaults,Tuning,0.19005042257255084,0.8099495774274492
Baseline,SVM_RBF,0.95,Defaults,Tuning,0.12875856895299298,0.8712414310470068
Baseline,SVM_RBF,0.95,Tuning,Tuning,0.21472970412658943,0.7852702958734105
Baseline,SVM_RBF,0.95,Tuning,Tuning,0.13999500249025615,0.8600049975097437
Baseline,SVM_RBF,0.95,Defaults,Tuning,0.4148846145240886,0.5851153854759114
Baseline,SVM_RBF,0.95,Tuning,Tuning,0.14130741512667702,0.858692584873323
Baseline,SVM_RBF,0.95,Tuning,Tuning,0.15711175786356946,0.8428882421364304
Baseline,SVM_RBF,0.95,Tuning,Tuning,0.17663088901067064,0.8233691109893294
Baseline,SVM_RBF,0.95,Tuning,Tuning,0.14859163542029097,0.851408364579709
Baseline,SVM_RBF,0.95,Defaults,Defaults,0.5640323327029598,0.43596766729704034
Baseline,SVM_RBF,0.95,Tuning,Tuning,0.14226922064665198,0.8577307793533481
Baseline,SVM_RBF,0.95,Defaults,Tuning,0.23575240445247395,0.7642475955475259
Baseline,SVM_RBF,0.95,Tuning,Tuning,0.31638995290355365,0.6836100470964463
Baseline,SVM_RBF,0.95,Tuning,Tuning,0.45428777629257966,0.5457122237074203
Baseline,SVM_RBF,0.95,Defaults,Tuning,0.28968518053119663,0.7103148194688033
Baseline,SVM_RBF,0.95,Tuning,Tuning,0.12011178975009273,0.8798882102499073
Baseline,SVM_RBF,0.95,Tuning,Tuning,0.2853249128222152,0.7146750871777844
Baseline,SVM_RBF,0.95,Tuning,Tuning,0.18556710916799857,0.8144328908320014
Baseline,SVM_RBF,0.95,Tuning,Tuning,0.14439284804378386,0.8556071519562163
Baseline,SVM_RBF,0.95,Tuning,Tuning,0.1437002529395955,0.8562997470604047
Baseline,SVM_RBF,0.95,Tuning,Tuning,0.15169508838825077,0.8483049116117491
Baseline,SVM_RBF,0.95,Tuning,Tuning,0.15728437114172938,0.8427156288582707
Baseline,SVM_RBF,0.95,Tuning,Tuning,0.12775026966858685,0.8722497303314131
Baseline,SVM_RBF,0.95,Tuning,Tuning,0.14570508774381738,0.8542949122561826
Baseline,SVM_RBF,0.95,Tuning,Tuning,0.14578934214463068,0.8542106578553694
Baseline,SVM_RBF,0.95,Defaults,Defaults,0.8107718567623211,0.1892281432376788
Baseline,SVM_RBF,0.95,Defaults,Tuning,0.21221277491258264,0.7877872250874173
Baseline,SVM_RBF,0.95,Tuning,Tuning,0.15418221378939284,0.8458177862106072
Baseline,SVM_RBF,0.95,Tuning,Tuning,0.2327143152204723,0.767285684779528
Baseline,SVM_RBF,0.95,Tuning,Tuning,0.3370971619487201,0.6629028380512803
Baseline,SVM_RBF,0.95,Defaults,Tuning,0.2650271940008799,0.7349728059991201
Baseline,SVM_RBF,0.95,Tuning,Tuning,0.22834340064796121,0.7716565993520389
Baseline,SVM_RBF,0.95,Defaults,Tuning,0.3777324893651568,0.6222675106348432
Baseline,SVM_RBF,0.95,Tuning,Tuning,0.18315741490622578,0.8168425850937739
Baseline,SVM_RBF,0.95,Tuning,Tuning,0.18729365740164505,0.8127063425983551
Baseline,SVM_RBF,0.95,Tuning,Tuning,0.27290453511174084,0.7270954648882592
Baseline,SVM_RBF,0.95,Tuning,Tuning,0.2331907541785513,0.7668092458214489
Baseline,SVM_RBF,0.95,Tuning,Tuning,0.20882931637428412,0.7911706836257161
Baseline,SVM_RBF,0.95,Tuning,Tuning,0.2763218503312704,0.7236781496687297
Baseline,SVM_RBF,0.95,Tuning,Tuning,0.19165047490422052,0.8083495250957793
Baseline,SVM_RBF,0.95,Tuning,Tuning,0.11855560223990282,0.8814443977600973
Baseline,SVM_RBF,0.95,Tuning,Tuning,0.27131552436266676,0.7286844756373332
Baseline,SVM_RBF,0.95,Tuning,Tuning,0.11886898264512259,0.8811310173548774
Baseline,SVM_RBF,0.95,Defaults,Tuning,0.22005413073926505,0.7799458692607348
Baseline,SVM_RBF,0.95,Tuning,Tuning,0.17084455371941776,0.8291554462805822
Baseline,SVM_RBF,0.95,Tuning,Tuning,0.1703852359144465,0.8296147640855535
Baseline,SVM_RBF,0.95,Defaults,Tuning,0.16313636149541758,0.8368636385045823
Baseline,SVM_RBF,0.95,Tuning,Defaults,0.7723696281983317,0.22763037180166837
Baseline,SVM_RBF,0.95,Tuning,Tuning,0.22916947771735843,0.7708305222826416
Baseline,SVM_RBF,0.95,Tuning,Tuning,0.28573602694775196,0.714263973052248
Baseline,SVM_RBF,0.95,Tuning,Tuning,0.39849007366842937,0.6015099263315705
Baseline,SVM_RBF,0.95,Tuning,Tuning,0.2090369923064823,0.7909630076935177
Baseline,SVM_RBF,0.95,Tuning,Tuning,0.19518596631119853,0.8048140336888016
Baseline,SVM_RBF,0.95,Tuning,Tuning,0.14458059226428352,0.8554194077357163
Baseline,SVM_RBF,0.95,Tuning,Tuning,0.19951601262437138,0.8004839873756283
Baseline,SVM_RBF,0.95,Tuning,Tuning,0.17855050224967192,0.8214494977503282
Baseline,SVM_RBF,0.95,Defaults,Defaults,0.6101392036750944,0.3898607963249054
Baseline,SVM_RBF,0.95,Tuning,Defaults,0.5,0.5
Baseline,SVM_RBF,0.95,Defaults,Tuning,0.38619008308809755,0.6138099169119023
Baseline,SVM_RBF,0.95,Tuning,Tuning,0.19297152370448584,0.8070284762955142
Baseline,SVM_RBF,0.95,Tuning,Tuning,0.2986415605537614,0.7013584394462388
Baseline,SVM_RBF,0.95,Tuning,Tuning,0.269141933836995,0.7308580661630051
Baseline,SVM_RBF,0.95,Tuning,Tuning,0.17508542438054547,0.8249145756194542
Baseline,SVM_RBF,0.95,Tuning,Tuning,0.17255208373573955,0.8274479162642603
Baseline,SVM_RBF,0.95,Defaults,Tuning,0.12047192578622606,0.879528074213774
Baseline,SVM_RBF,0.95,Tuning,Tuning,0.16060245333018358,0.8393975466698167
Baseline,SVM_RBF,0.95,Defaults,Defaults,0.8060593522578302,0.19394064774216963
Baseline,SVM_RBF,0.95,Defaults,Defaults,0.7928288412906801,0.20717115870932
Baseline,SVM_RBF,0.95,Defaults,Defaults,0.7650556063150802,0.23494439368491996
Baseline,SVM_RBF,0.95,Defaults,Defaults,0.8033277927834898,0.19667220721651038
Baseline,SVM_RBF,0.95,Tuning,Tuning,0.15609044467868852,0.8439095553213116
Baseline,SVM_RBF,0.95,Tuning,Tuning,0.15753445789216036,0.8424655421078396
Baseline,SVM_RBF,0.95,Tuning,Tuning,0.22297697750911594,0.7770230224908842
Baseline,SVM_RBF,0.95,Defaults,Tuning,0.3143460514253637,0.6856539485746361
Baseline,SVM_RBF,0.95,Defaults,Tuning,0.3472251049675928,0.6527748950324072
Baseline,SVM_RBF,0.95,Defaults,Tuning,0.3061435791863659,0.693856420813634
Baseline,SVM_RBF,0.95,Defaults,Tuning,0.38765150760434325,0.6123484923956567
Baseline,SVM_RBF,0.95,Tuning,Defaults,0.5603173127324687,0.43968268726753135
Baseline,SVM_RBF,0.95,Tuning,Defaults,0.5469248705935542,0.4530751294064458
Baseline,SVM_RBF,0.95,Defaults,Defaults,0.6851252943945225,0.3148747056054777
Baseline,SVM_RBF,0.95,Tuning,Tuning,0.08127068529358689,0.9187293147064133
Baseline,SVM_RBF,0.95,Defaults,Tuning,0.2937514435173165,0.7062485564826837
Baseline,SVM_RBF,0.95,Tuning,Tuning,0.13888261953633801,0.8611173804636622
Baseline,SVM_RBF,0.95,Tuning,Tuning,0.09321279370760195,0.906787206292398
Baseline,SVM_RBF,0.95,Defaults,Tuning,0.2802444523426424,0.7197555476573576
Baseline,SVM_RBF,0.95,Tuning,Tuning,0.15161100253932025,0.8483889974606798
Baseline,SVM_RBF,0.95,Defaults,Tuning,0.1688519196382519,0.831148080361748
Baseline,SVM_RBF,0.95,Tuning,Tuning,0.16892285088572356,0.8310771491142763
Baseline,SVM_RBF,0.95,Tuning,Tuning,0.10699270461857854,0.8930072953814213
Baseline,SVM_RBF,0.95,Tuning,Tuning,0.07905676148863597,0.9209432385113641
Baseline,SVM_RBF,0.95,Defaults,Tuning,0.3436745953376114,0.6563254046623883
Baseline,SVM_RBF,0.95,Tuning,Tuning,0.18081928328331173,0.8191807167166885
Baseline,SVM_RBF,0.95,Tuning,Tuning,0.18162733545515175,0.8183726645448482
Baseline,SVM_RBF,0.95,Tuning,Tuning,0.07127457429512209,0.9287254257048779
Baseline,SVM_RBF,0.95,Defaults,Tuning,0.14552526512192937,0.8544747348780707
Baseline,SVM_RBF,0.95,Tuning,Tuning,0.23326885702143993,0.76673114297856
Baseline,SVM_RBF,0.95,Tuning,Tuning,0.4438283915502325,0.5561716084497674
Baseline,SVM_RBF,0.95,Tuning,Tuning,0.2107959071631586,0.7892040928368412
Baseline,SVM_RBF,0.95,Tuning,Tuning,0.10245649719606688,0.8975435028039329
Baseline,SVM_RBF,0.95,Tuning,Defaults,0.7690673434138635,0.23093265658613626
Baseline,SVM_RBF,0.95,Tuning,Tuning,0.10732814315329235,0.8926718568467077
Baseline,SVM_RBF,0.95,Tuning,Tuning,0.20561705375844505,0.7943829462415547
Baseline,SVM_RBF,0.95,Defaults,Defaults,0.5968437313522732,0.4031562686477269
Baseline,SVM_RBF,0.95,Tuning,Tuning,0.08867990643067185,0.9113200935693282
Baseline,SVM_RBF,0.95,Tuning,Tuning,0.09286185400920736,0.9071381459907927
Baseline,SVM_RBF,0.95,Tuning,Tuning,0.3267230516320783,0.6732769483679217
Baseline,SVM_RBF,0.95,Tuning,Tuning,0.09943430757898013,0.9005656924210197
Baseline,SVM_RBF,0.95,Tuning,Tuning,0.17167093297345862,0.8283290670265416
Baseline,SVM_RBF,0.95,Tuning,Tuning,0.3460146413468118,0.6539853586531884
Baseline,SVM_RBF,0.95,Tuning,Tuning,0.4148517419154289,0.5851482580845712
Baseline,SVM_RBF,0.95,Tuning,Tuning,0.11944086651490986,0.88055913348509
Baseline,SVM_RBF,0.95,Defaults,Tuning,0.37227647581090706,0.6277235241890928
Baseline,SVM_RBF,0.95,Tuning,Tuning,0.17178554098103327,0.8282144590189666
Baseline,SVM_RBF,0.95,Defaults,Defaults,0.6146114776458317,0.38538852235416826
Baseline,SVM_RBF,0.95,Tuning,Tuning,0.2600773308088224,0.7399226691911776
Baseline,SVM_RBF,0.95,Tuning,Tuning,0.35159180969128,0.64840819030872
Baseline,SVM_RBF,0.95,Tuning,Tuning,0.2536318445612988,0.7463681554387012
Baseline,SVM_RBF,0.95,Tuning,Tuning,0.17220229140086735,0.8277977085991327
Baseline,SVM_RBF,0.95,Defaults,Tuning,0.2222914806475814,0.7777085193524186
Baseline,SVM_RBF,0.95,Defaults,Tuning,0.19298491224452727,0.8070150877554726
Baseline,SVM_RBF,0.95,Tuning,Tuning,0.08826534435977132,0.9117346556402287
Baseline,SVM_RBF,0.95,Tuning,Tuning,0.431008005099507,0.5689919949004929
Baseline,SVM_RBF,0.95,Tuning,Tuning,0.12336513386217415,0.8766348661378258
Baseline,SVM_RBF,0.95,Tuning,Tuning,0.12336513386217415,0.8766348661378258
Baseline,SVM_RBF,0.95,Tuning,Tuning,0.17181039354841648,0.8281896064515835
Baseline,SVM_RBF,0.95,Tuning,Tuning,0.14866137337974517,0.8513386266202548
Baseline,SVM_RBF,0.95,Tuning,Defaults,0.6167488458721768,0.3832511541278232
Baseline,SVM_RBF,0.95,Tuning,Tuning,0.13609674233113478,0.8639032576688652
Baseline,SVM_RBF,0.95,Defaults,Tuning,0.2561388692933146,0.7438611307066855
Baseline,SVM_RBF,0.95,Tuning,Defaults,0.6347302239507294,0.36526977604927047
Baseline,SVM_RBF,0.95,Tuning,Defaults,0.6660667582324925,0.3339332417675075
Baseline,SVM_RBF,0.95,Tuning,Tuning,0.1791363869842761,0.8208636130157237
Baseline,SVM_RBF,0.95,Tuning,Tuning,0.12702507943538943,0.8729749205646106
Baseline,SVM_RBF,0.95,Defaults,Defaults,0.6969720796570011,0.3030279203429988
Baseline,SVM_RBF,0.95,Tuning,Tuning,0.2069502437838638,0.7930497562161362
Baseline,SVM_RBF,0.95,Tuning,Tuning,0.3142659284269157,0.6857340715730843
Baseline,SVM_RBF,0.95,Tuning,Tuning,0.24880955855486514,0.751190441445135
Baseline,SVM_RBF,0.95,Defaults,Tuning,0.21842109255381578,0.7815789074461843
Baseline,SVM_RBF,0.95,Tuning,Tuning,0.11031260311682908,0.8896873968831709
Baseline,SVM_RBF,0.95,Tuning,Defaults,0.5,0.5
Baseline,SVM_RBF,0.95,Tuning,Tuning,0.1791612701366565,0.8208387298633434
Baseline,SVM_RBF,0.95,Defaults,Defaults,0.6333267056978933,0.3666732943021067
Baseline,SVM_RBF,0.95,Defaults,Tuning,0.22194320459161596,0.778056795408384
Baseline,SVM_RBF,0.95,Tuning,Tuning,0.25187624121357854,0.7481237587864213
Baseline,SVM_RBF,0.95,Tuning,Tuning,0.13257704964902856,0.8674229503509713
Baseline,SVM_RBF,0.95,Tuning,Tuning,0.20423955647346667,0.7957604435265333
Baseline,SVM_RBF,0.95,Defaults,Tuning,0.3876270572398798,0.6123729427601201
Baseline,SVM_RBF,0.95,Defaults,Tuning,0.41947082353776666,0.5805291764622335
Baseline,SVM_RBF,0.95,Defaults,Defaults,0.6161081353151628,0.3838918646848372
Baseline,SVM_RBF,0.95,Tuning,Tuning,0.17685588948822653,0.8231441105117736
Baseline,SVM_RBF,0.95,Defaults,Defaults,0.5298706547887075,0.4701293452112923
Baseline,SVM_RBF,0.95,Tuning,Defaults,0.8553357740299063,0.14466422597009373
Baseline,SVM_RBF,0.95,Tuning,Tuning,0.1681479702355221,0.831852029764478
Baseline,SVM_RBF,0.95,Defaults,Tuning,0.2695799208445129,0.730420079155487
Baseline,SVM_RBF,0.95,Defaults,Tuning,0.48851891946510617,0.511481080534894
Baseline,SVM_RBF,0.95,Tuning,Defaults,0.5980161040987144,0.40198389590128547
Baseline,SVM_RBF,0.95,Tuning,Tuning,0.23042607169064155,0.7695739283093584
Baseline,SVM_RBF,0.95,Defaults,Tuning,0.3591644120398095,0.6408355879601906
Baseline,SVM_RBF,0.95,Tuning,Tuning,0.14044506443458313,0.859554935565417
Baseline,SVM_RBF,0.95,Tuning,Tuning,0.2041041667668944,0.7958958332331055
Baseline,SVM_RBF,0.95,Tuning,Tuning,0.16766869417934524,0.8323313058206547
Baseline,SVM_RBF,0.95,Tuning,Tuning,0.13230998056724416,0.8676900194327557
Baseline,RandomForest,0.8,Tuning,Tuning,0.16,0.84
Baseline,RandomForest,0.8,Tuning,Tuning,0.11,0.89
Baseline,RandomForest,0.8,Defaults,Tuning,0.44,0.56
Baseline,RandomForest,0.8,Tuning,Tuning,0.07,0.93
Baseline,RandomForest,0.8,Tuning,Tuning,0.06,0.94
Baseline,RandomForest,0.8,Tuning,Tuning,0.49,0.51
Baseline,RandomForest,0.8,Tuning,Tuning,0.07,0.93
Baseline,RandomForest,0.8,Defaults,Tuning,0.25,0.75
Baseline,RandomForest,0.8,Defaults,Tuning,0.26,0.74
Baseline,RandomForest,0.8,Tuning,Tuning,0.24,0.76
Baseline,RandomForest,0.8,Tuning,Tuning,0.07,0.93
Baseline,RandomForest,0.8,Defaults,Tuning,0.24,0.76
Baseline,RandomForest,0.8,Tuning,Tuning,0.1,0.9
Baseline,RandomForest,0.8,Tuning,Tuning,0.02,0.98
Baseline,RandomForest,0.8,Tuning,Tuning,0.13,0.87
Baseline,RandomForest,0.8,Tuning,Tuning,0.03,0.97
Baseline,RandomForest,0.8,Defaults,Defaults,0.71,0.29
Baseline,RandomForest,0.8,Tuning,Tuning,0.23,0.77
Baseline,RandomForest,0.8,Defaults,Tuning,0.29,0.71
Baseline,RandomForest,0.8,Tuning,Tuning,0.33,0.67
Baseline,RandomForest,0.8,Tuning,Tuning,0.45,0.55
Baseline,RandomForest,0.8,Defaults,Tuning,0.31,0.69
Baseline,RandomForest,0.8,Tuning,Tuning,0.16,0.84
Baseline,RandomForest,0.8,Tuning,Tuning,0.36,0.64
Baseline,RandomForest,0.8,Tuning,Tuning,0.04,0.96
Baseline,RandomForest,0.8,Tuning,Tuning,0.01,0.99
Baseline,RandomForest,0.8,Tuning,Tuning,0.0,1.0
Baseline,RandomForest,0.8,Tuning,Tuning,0.06,0.94
Baseline,RandomForest,0.8,Tuning,Tuning,0.03,0.97
Baseline,RandomForest,0.8,Tuning,Tuning,0.01,0.99
Baseline,RandomForest,0.8,Tuning,Tuning,0.07,0.93
Baseline,RandomForest,0.8,Tuning,Tuning,0.02,0.98
Baseline,RandomForest,0.8,Defaults,Defaults,0.62,0.38
Baseline,RandomForest,0.8,Defaults,Tuning,0.33,0.67
Baseline,RandomForest,0.8,Tuning,Tuning,0.18,0.82
Baseline,RandomForest,0.8,Tuning,Tuning,0.24,0.76
Baseline,RandomForest,0.8,Tuning,Tuning,0.3,0.7
Baseline,RandomForest,0.8,Defaults,Tuning,0.49,0.51
Baseline,RandomForest,0.8,Tuning,Tuning,0.11,0.89
Baseline,RandomForest,0.8,Defaults,Defaults,0.6,0.4
Baseline,RandomForest,0.8,Tuning,Tuning,0.21,0.79
Baseline,RandomForest,0.8,Tuning,Tuning,0.22,0.78
Baseline,RandomForest,0.8,Tuning,Tuning,0.41,0.59
Baseline,RandomForest,0.8,Tuning,Tuning,0.12,0.88
Baseline,RandomForest,0.8,Tuning,Tuning,0.23,0.77
Baseline,RandomForest,0.8,Tuning,Tuning,0.23,0.77
Baseline,RandomForest,0.8,Tuning,Defaults,0.53,0.47
Baseline,RandomForest,0.8,Tuning,Tuning,0.07,0.93
Baseline,RandomForest,0.8,Tuning,Tuning,0.43,0.57
Baseline,RandomForest,0.8,Tuning,Tuning,0.2,0.8
Baseline,RandomForest,0.8,Defaults,Tuning,0.23,0.77
Baseline,RandomForest,0.8,Tuning,Tuning,0.19,0.81
Baseline,RandomForest,0.8,Tuning,Tuning,0.22,0.78
Baseline,RandomForest,0.8,Defaults,Tuning,0.16,0.84
Baseline,RandomForest,0.8,Tuning,Defaults,0.77,0.23
Baseline,RandomForest,0.8,Tuning,Tuning,0.15,0.85
Baseline,RandomForest,0.8,Tuning,Tuning,0.23,0.77
Baseline,RandomForest,0.8,Tuning,Defaults,0.51,0.49
Baseline,RandomForest,0.8,Tuning,Tuning,0.32,0.68
Baseline,RandomForest,0.8,Tuning,Tuning,0.1,0.9
Baseline,RandomForest,0.8,Tuning,Tuning,0.14,0.86
Baseline,RandomForest,0.8,Tuning,Tuning,0.23,0.77
Baseline,RandomForest,0.8,Tuning,Tuning,0.34,0.66
Baseline,RandomForest,0.8,Defaults,Tuning,0.39,0.61
Baseline,RandomForest,0.8,Tuning,Tuning,0.46,0.54
Baseline,RandomForest,0.8,Defaults,Tuning,0.44,0.56
Baseline,RandomForest,0.8,Tuning,Tuning,0.42,0.58
Baseline,RandomForest,0.8,Tuning,Tuning,0.29,0.71
Baseline,RandomForest,0.8,Tuning,Tuning,0.42,0.58
Baseline,RandomForest,0.8,Tuning,Tuning,0.35,0.65
Baseline,RandomForest,0.8,Tuning,Tuning,0.33,0.67
Baseline,RandomForest,0.8,Defaults,Tuning,0.03,0.97
Baseline,RandomForest,0.8,Tuning,Tuning,0.38,0.62
Baseline,RandomForest,0.8,Defaults,Defaults,0.93,0.07
Baseline,RandomForest,0.8,Defaults,Defaults,0.94,0.06
Baseline,RandomForest,0.8,Defaults,Defaults,0.9,0.1
Baseline,RandomForest,0.8,Defaults,Defaults,0.91,0.09
Baseline,RandomForest,0.8,Tuning,Tuning,0.18,0.82
Baseline,RandomForest,0.8,Tuning,Tuning,0.18,0.82
Baseline,RandomForest,0.8,Tuning,Tuning,0.25,0.75
Baseline,RandomForest,0.8,Defaults,Tuning,0.23,0.77
Baseline,RandomForest,0.8,Defaults,Tuning,0.41,0.59
Baseline,RandomForest,0.8,Defaults,Tuning,0.26,0.74
Baseline,RandomForest,0.8,Defaults,Tuning,0.48,0.52
Baseline,RandomForest,0.8,Tuning,Defaults,0.57,0.43
Baseline,RandomForest,0.8,Tuning,Defaults,0.58,0.42
Baseline,RandomForest,0.8,Defaults,Defaults,0.65,0.35
Baseline,RandomForest,0.8,Tuning,Tuning,0.03,0.97
Baseline,RandomForest,0.8,Defaults,Defaults,0.64,0.36
Baseline,RandomForest,0.8,Tuning,Tuning,0.19,0.81
Baseline,RandomForest,0.8,Tuning,Tuning,0.04,0.96
Baseline,RandomForest,0.8,Defaults,Tuning,0.19,0.81
Baseline,RandomForest,0.8,Tuning,Tuning,0.16,0.84
Baseline,RandomForest,0.8,Defaults,Tuning,0.33,0.67
Baseline,RandomForest,0.8,Tuning,Tuning,0.26,0.74
Baseline,RandomForest,0.8,Tuning,Tuning,0.06,0.94
Baseline,RandomForest,0.8,Tuning,Tuning,0.07,0.93
Baseline,RandomForest,0.8,Defaults,Defaults,0.56,0.44
Baseline,RandomForest,0.8,Tuning,Tuning,0.22,0.78
Baseline,RandomForest,0.8,Tuning,Tuning,0.12,0.88
Baseline,RandomForest,0.8,Tuning,Tuning,0.3,0.7
Baseline,RandomForest,0.8,Defaults,Tuning,0.02,0.98
Baseline,RandomForest,0.8,Tuning,Tuning,0.2,0.8
Baseline,RandomForest,0.8,Tuning,Tuning,0.25,0.75
Baseline,RandomForest,0.8,Tuning,Defaults,0.51,0.49
Baseline,RandomForest,0.8,Tuning,Tuning,0.12,0.88
Baseline,RandomForest,0.8,Tuning,Defaults,0.51,0.49
Baseline,RandomForest,0.8,Tuning,Tuning,0.07,0.93
Baseline,RandomForest,0.8,Tuning,Tuning,0.38,0.62
Baseline,RandomForest,0.8,Defaults,Tuning,0.36,0.64
Baseline,RandomForest,0.8,Tuning,Tuning,0.21,0.79
Baseline,RandomForest,0.8,Tuning,Tuning,0.06,0.94
Baseline,RandomForest,0.8,Tuning,Tuning,0.14,0.86
Baseline,RandomForest,0.8,Tuning,Tuning,0.05,0.95
Baseline,RandomForest,0.8,Tuning,Tuning,0.16,0.84
Baseline,RandomForest,0.8,Tuning,Tuning,0.15,0.85
Baseline,RandomForest,0.8,Tuning,Tuning,0.45,0.55
Baseline,RandomForest,0.8,Tuning,Tuning,0.13,0.87
Baseline,RandomForest,0.8,Defaults,Tuning,0.39,0.61
Baseline,RandomForest,0.8,Tuning,Tuning,0.38,0.62
Baseline,RandomForest,0.8,Defaults,Defaults,0.53,0.47
Baseline,RandomForest,0.8,Tuning,Tuning,0.33,0.67
Baseline,RandomForest,0.8,Tuning,Tuning,0.36,0.64
Baseline,RandomForest,0.8,Tuning,Tuning,0.42,0.58
Baseline,RandomForest,0.8,Tuning,Tuning,0.17,0.83
Baseline,RandomForest,0.8,Defaults,Tuning,0.24,0.76
Baseline,RandomForest,0.8,Defaults,Tuning,0.22,0.78
Baseline,RandomForest,0.8,Tuning,Tuning,0.04,0.96
Baseline,RandomForest,0.8,Tuning,Tuning,0.35,0.65
Baseline,RandomForest,0.8,Tuning,Tuning,0.04,0.96
Baseline,RandomForest,0.8,Tuning,Tuning,0.04,0.96
Baseline,RandomForest,0.8,Tuning,Tuning,0.26,0.74
Baseline,RandomForest,0.8,Tuning,Tuning,0.07,0.93
Baseline,RandomForest,0.8,Tuning,Tuning,0.44,0.56
Baseline,RandomForest,0.8,Tuning,Tuning,0.11,0.89
Baseline,RandomForest,0.8,Defaults,Tuning,0.37,0.63
Baseline,RandomForest,0.8,Tuning,Defaults,0.63,0.37
Baseline,RandomForest,0.8,Tuning,Defaults,0.66,0.34
Baseline,RandomForest,0.8,Tuning,Tuning,0.24,0.76
Baseline,RandomForest,0.8,Tuning,Tuning,0.47,0.53
Baseline,RandomForest,0.8,Defaults,Tuning,0.45,0.55
Baseline,RandomForest,0.8,Tuning,Tuning,0.41,0.59
Baseline,RandomForest,0.8,Tuning,Tuning,0.3,0.7
Baseline,RandomForest,0.8,Tuning,Tuning,0.21,0.79
Baseline,RandomForest,0.8,Defaults,Tuning,0.08,0.92
Baseline,RandomForest,0.8,Tuning,Tuning,0.21,0.79
Baseline,RandomForest,0.8,Tuning,Tuning,0.39,0.61
Baseline,RandomForest,0.8,Tuning,Tuning,0.17,0.83
Baseline,RandomForest,0.8,Defaults,Tuning,0.48,0.52
Baseline,RandomForest,0.8,Defaults,Tuning,0.44,0.56
Baseline,RandomForest,0.8,Tuning,Tuning,0.36,0.64
Baseline,RandomForest,0.8,Tuning,Tuning,0.2,0.8
Baseline,RandomForest,0.8,Tuning,Tuning,0.43,0.57
Baseline,RandomForest,0.8,Defaults,Defaults,0.53,0.47
Baseline,RandomForest,0.8,Defaults,Tuning,0.43,0.57
Baseline,RandomForest,0.8,Defaults,Defaults,0.62,0.38
Baseline,RandomForest,0.8,Tuning,Tuning,0.34,0.66
Baseline,RandomForest,0.8,Defaults,Defaults,0.51,0.49
Baseline,RandomForest,0.8,Tuning,Defaults,0.73,0.27
Baseline,RandomForest,0.8,Tuning,Tuning,0.18,0.82
Baseline,RandomForest,0.8,Defaults,Tuning,0.32,0.68
Baseline,RandomForest,0.8,Defaults,Tuning,0.4,0.6
Baseline,RandomForest,0.8,Tuning,Tuning,0.41,0.59
Baseline,RandomForest,0.8,Tuning,Tuning,0.2,0.8
Baseline,RandomForest,0.8,Defaults,Defaults,0.51,0.49
Baseline,RandomForest,0.8,Tuning,Tuning,0.3,0.7
Baseline,RandomForest,0.8,Tuning,Tuning,0.31,0.69
Baseline,RandomForest,0.8,Tuning,Tuning,0.28,0.72
Baseline,RandomForest,0.8,Tuning,Tuning,0.37,0.63
Baseline,RandomForest,0.85,Tuning,Tuning,0.15,0.85
Baseline,RandomForest,0.85,Tuning,Tuning,0.17,0.83
Baseline,RandomForest,0.85,Defaults,Defaults,0.52,0.48
Baseline,RandomForest,0.85,Tuning,Tuning,0.05,0.95
Baseline,RandomForest,0.85,Tuning,Tuning,0.03,0.97
Baseline,RandomForest,0.85,Tuning,Tuning,0.44,0.56
Baseline,RandomForest,0.85,Tuning,Tuning,0.03,0.97
Baseline,RandomForest,0.85,Defaults,Tuning,0.24,0.76
Baseline,RandomForest,0.85,Defaults,Tuning,0.31,0.69
Baseline,RandomForest,0.85,Tuning,Tuning,0.25,0.75
Baseline,RandomForest,0.85,Tuning,Tuning,0.05,0.95
Baseline,RandomForest,0.85,Defaults,Tuning,0.25,0.75
Baseline,RandomForest,0.85,Tuning,Tuning,0.04,0.96
Baseline,RandomForest,0.85,Tuning,Tuning,0.07,0.93
Baseline,RandomForest,0.85,Tuning,Tuning,0.1,0.9
Baseline,RandomForest,0.85,Tuning,Tuning,0.04,0.96
Baseline,RandomForest,0.85,Defaults,Defaults,0.72,0.28
Baseline,RandomForest,0.85,Tuning,Tuning,0.24,0.76
Baseline,RandomForest,0.85,Defaults,Tuning,0.27,0.73
Baseline,RandomForest,0.85,Tuning,Tuning,0.4,0.6
Baseline,RandomForest,0.85,Tuning,Defaults,0.51,0.49
Baseline,RandomForest,0.85,Defaults,Tuning,0.42,0.58
Baseline,RandomForest,0.85,Tuning,Tuning,0.24,0.76
Baseline,RandomForest,0.85,Tuning,Tuning,0.32,0.68
Baseline,RandomForest,0.85,Tuning,Tuning,0.04,0.96
Baseline,RandomForest,0.85,Tuning,Tuning,0.03,0.97
Baseline,RandomForest,0.85,Tuning,Tuning,0.01,0.99
Baseline,RandomForest,0.85,Tuning,Tuning,0.05,0.95
Baseline,RandomForest,0.85,Tuning,Tuning,0.01,0.99
Baseline,RandomForest,0.85,Tuning,Tuning,0.04,0.96
Baseline,RandomForest,0.85,Tuning,Tuning,0.05,0.95
Baseline,RandomForest,0.85,Tuning,Tuning,0.01,0.99
Baseline,RandomForest,0.85,Defaults,Defaults,0.61,0.39
Baseline,RandomForest,0.85,Defaults,Tuning,0.35,0.65
Baseline,RandomForest,0.85,Tuning,Tuning,0.15,0.85
Baseline,RandomForest,0.85,Tuning,Tuning,0.33,0.67
Baseline,RandomForest,0.85,Tuning,Tuning,0.34,0.66
Baseline,RandomForest,0.85,Defaults,Tuning,0.47,0.53
Baseline,RandomForest,0.85,Tuning,Tuning,0.1,0.9
Baseline,RandomForest,0.85,Defaults,Defaults,0.63,0.37
Baseline,RandomForest,0.85,Tuning,Tuning,0.17,0.83
Baseline,RandomForest,0.85,Tuning,Tuning,0.23,0.77
Baseline,RandomForest,0.85,Tuning,Tuning,0.37,0.63
Baseline,RandomForest,0.85,Tuning,Tuning,0.08,0.92
Baseline,RandomForest,0.85,Tuning,Tuning,0.24,0.76
Baseline,RandomForest,0.85,Tuning,Tuning,0.25,0.75
Baseline,RandomForest,0.85,Tuning,Defaults,0.51,0.49
Baseline,RandomForest,0.85,Tuning,Tuning,0.05,0.95
Baseline,RandomForest,0.85,Tuning,Tuning,0.44,0.56
Baseline,RandomForest,0.85,Tuning,Tuning,0.21,0.79
Baseline,RandomForest,0.85,Defaults,Tuning,0.37,0.63
Baseline,RandomForest,0.85,Tuning,Tuning,0.12,0.88
Baseline,RandomForest,0.85,Tuning,Tuning,0.14,0.86
Baseline,RandomForest,0.85,Defaults,Tuning,0.17,0.83
Baseline,RandomForest,0.85,Tuning,Defaults,0.75,0.25
Baseline,RandomForest,0.85,Tuning,Tuning,0.19,0.81
Baseline,RandomForest,0.85,Tuning,Tuning,0.28,0.72
Baseline,RandomForest,0.85,Tuning,Tuning,0.46,0.54
Baseline,RandomForest,0.85,Tuning,Tuning,0.29,0.71
Baseline,RandomForest,0.85,Tuning,Tuning,0.1,0.9
Baseline,RandomForest,0.85,Tuning,Tuning,0.07,0.93
Baseline,RandomForest,0.85,Tuning,Tuning,0.26,0.74
Baseline,RandomForest,0.85,Tuning,Tuning,0.33,0.67
Baseline,RandomForest,0.85,Defaults,Tuning,0.4,0.6
Baseline,RandomForest,0.85,Tuning,Tuning,0.4,0.6
Baseline,RandomForest,0.85,Defaults,Tuning,0.44,0.56
Baseline,RandomForest,0.85,Tuning,Tuning,0.41,0.59
Baseline,RandomForest,0.85,Tuning,Tuning,0.2,0.8
Baseline,RandomForest,0.85,Tuning,Tuning,0.48,0.52
Baseline,RandomForest,0.85,Tuning,Tuning,0.43,0.57
Baseline,RandomForest,0.85,Tuning,Tuning,0.28,0.72
Baseline,RandomForest,0.85,Defaults,Tuning,0.03,0.97
Baseline,RandomForest,0.85,Tuning,Tuning,0.33,0.67
Baseline,RandomForest,0.85,Defaults,Defaults,0.91,0.09
Baseline,RandomForest,0.85,Defaults,Defaults,0.93,0.07
Baseline,RandomForest,0.85,Defaults,Defaults,0.84,0.16
Baseline,RandomForest,0.85,Defaults,Defaults,0.89,0.11
Baseline,RandomForest,0.85,Tuning,Tuning,0.17,0.83
Baseline,RandomForest,0.85,Tuning,Tuning,0.19,0.81
Baseline,RandomForest,0.85,Tuning,Tuning,0.38,0.62
Baseline,RandomForest,0.85,Defaults,Tuning,0.29,0.71
Baseline,RandomForest,0.85,Defaults,Tuning,0.49,0.51
Baseline,RandomForest,0.85,Defaults,Tuning,0.32,0.68
Baseline,RandomForest,0.85,Defaults,Tuning,0.46,0.54
Baseline,RandomForest,0.85,Tuning,Defaults,0.71,0.29
Baseline,RandomForest,0.85,Tuning,Defaults,0.62,0.38
Baseline,RandomForest,0.85,Defaults,Defaults,0.61,0.39
Baseline,RandomForest,0.85,Tuning,Tuning,0.05,0.95
Baseline,RandomForest,0.85,Defaults,Defaults,0.58,0.42
Baseline,RandomForest,0.85,Tuning,Tuning,0.19,0.81
Baseline,RandomForest,0.85,Tuning,Tuning,0.06,0.94
Baseline,RandomForest,0.85,Defaults,Tuning,0.23,0.77
Baseline,RandomForest,0.85,Tuning,Tuning,0.21,0.79
Baseline,RandomForest,0.85,Defaults,Tuning,0.36,0.64
Baseline,RandomForest,0.85,Tuning,Tuning,0.23,0.77
Baseline,RandomForest,0.85,Tuning,Tuning,0.05,0.95
Baseline,RandomForest,0.85,Tuning,Tuning,0.12,0.88
Baseline,RandomForest,0.85,Defaults,Defaults,0.56,0.44
Baseline,RandomForest,0.85,Tuning,Tuning,0.28,0.72
Baseline,RandomForest,0.85,Tuning,Tuning,0.1,0.9
Baseline,RandomForest,0.85,Tuning,Tuning,0.26,0.74
Baseline,RandomForest,0.85,Defaults,Tuning,0.03,0.97
Baseline,RandomForest,0.85,Tuning,Tuning,0.21,0.79
Baseline,RandomForest,0.85,Tuning,Tuning,0.33,0.67
Baseline,RandomForest,0.85,Tuning,Tuning,0.48,0.52
Baseline,RandomForest,0.85,Tuning,Tuning,0.16,0.84
Baseline,RandomForest,0.85,Tuning,Defaults,0.52,0.48
Baseline,RandomForest,0.85,Tuning,Tuning,0.07,0.93
Baseline,RandomForest,0.85,Tuning,Tuning,0.44,0.56
Baseline,RandomForest,0.85,Defaults,Tuning,0.21,0.79
Baseline,RandomForest,0.85,Tuning,Tuning,0.19,0.81
Baseline,RandomForest,0.85,Tuning,Tuning,0.04,0.96
Baseline,RandomForest,0.85,Tuning,Tuning,0.13,0.87
Baseline,RandomForest,0.85,Tuning,Tuning,0.08,0.92
Baseline,RandomForest,0.85,Tuning,Tuning,0.09,0.91
Baseline,RandomForest,0.85,Tuning,Tuning,0.16,0.84
Baseline,RandomForest,0.85,Tuning,Tuning,0.45,0.55
Baseline,RandomForest,0.85,Tuning,Tuning,0.15,0.85
Baseline,RandomForest,0.85,Defaults,Tuning,0.43,0.57
Baseline,RandomForest,0.85,Tuning,Tuning,0.45,0.55
Baseline,RandomForest,0.85,Defaults,Defaults,0.54,0.46
Baseline,RandomForest,0.85,Tuning,Tuning,0.36,0.64
Baseline,RandomForest,0.85,Tuning,Tuning,0.42,0.58
Baseline,RandomForest,0.85,Tuning,Tuning,0.47,0.53
Baseline,RandomForest,0.85,Tuning,Tuning,0.1,0.9
Baseline,RandomForest,0.85,Defaults,Tuning,0.27,0.73
Baseline,RandomForest,0.85,Defaults,Tuning,0.14,0.86
Baseline,RandomForest,0.85,Tuning,Tuning,0.07,0.93
Baseline,RandomForest,0.85,Tuning,Tuning,0.25,0.75
Baseline,RandomForest,0.85,Tuning,Tuning,0.05,0.95
Baseline,RandomForest,0.85,Tuning,Tuning,0.05,0.95
Baseline,RandomForest,0.85,Tuning,Tuning,0.25,0.75
Baseline,RandomForest,0.85,Tuning,Tuning,0.12,0.88
Baseline,RandomForest,0.85,Tuning,Tuning,0.39,0.61
Baseline,RandomForest,0.85,Tuning,Tuning,0.16,0.84
Baseline,RandomForest,0.85,Defaults,Tuning,0.4,0.6
Baseline,RandomForest,0.85,Tuning,Defaults,0.72,0.28
Baseline,RandomForest,0.85,Tuning,Defaults,0.75,0.25
Baseline,RandomForest,0.85,Tuning,Tuning,0.2,0.8
Baseline,RandomForest,0.85,Tuning,Tuning,0.46,0.54
Baseline,RandomForest,0.85,Defaults,Tuning,0.43,0.57
Baseline,RandomForest,0.85,Tuning,Tuning,0.37,0.63
Baseline,RandomForest,0.85,Tuning,Tuning,0.21,0.79
Baseline,RandomForest,0.85,Tuning,Tuning,0.2,0.8
Baseline,RandomForest,0.85,Defaults,Tuning,0.06,0.94
Baseline,RandomForest,0.85,Tuning,Tuning,0.25,0.75
Baseline,RandomForest,0.85,Tuning,Tuning,0.4,0.6
Baseline,RandomForest,0.85,Tuning,Tuning,0.27,0.73
Baseline,RandomForest,0.85,Defaults,Tuning,0.46,0.54
Baseline,RandomForest,0.85,Defaults,Defaults,0.52,0.48
Baseline,RandomForest,0.85,Tuning,Tuning,0.38,0.62
Baseline,RandomForest,0.85,Tuning,Tuning,0.29,0.71
Baseline,RandomForest,0.85,Tuning,Tuning,0.25,0.75
Baseline,RandomForest,0.85,Defaults,Defaults,0.53,0.47
Baseline,RandomForest,0.85,Defaults,Tuning,0.42,0.58
Baseline,RandomForest,0.85,Defaults,Defaults,0.54,0.46
Baseline,RandomForest,0.85,Tuning,Tuning,0.33,0.67
Baseline,RandomForest,0.85,Defaults,Defaults,0.55,0.45
Baseline,RandomForest,0.85,Tuning,Defaults,0.77,0.23
Baseline,RandomForest,0.85,Tuning,Tuning,0.32,0.68
Baseline,RandomForest,0.85,Defaults,Tuning,0.26,0.74
Baseline,RandomForest,0.85,Defaults,Tuning,0.48,0.52
Baseline,RandomForest,0.85,Tuning,Tuning,0.48,0.52
Baseline,RandomForest,0.85,Tuning,Tuning,0.19,0.81
Baseline,RandomForest,0.85,Defaults,Defaults,0.5,0.5
Baseline,RandomForest,0.85,Tuning,Tuning,0.37,0.63
Baseline,RandomForest,0.85,Tuning,Tuning,0.23,0.77
Baseline,RandomForest,0.85,Tuning,Tuning,0.3,0.7
Baseline,RandomForest,0.85,Tuning,Tuning,0.32,0.68
Baseline,RandomForest,0.9,Tuning,Tuning,0.11,0.89
Baseline,RandomForest,0.9,Tuning,Tuning,0.1,0.9
Baseline,RandomForest,0.9,Defaults,Defaults,0.51,0.49
Baseline,RandomForest,0.9,Tuning,Tuning,0.03,0.97
Baseline,RandomForest,0.9,Tuning,Tuning,0.02,0.98
Baseline,RandomForest,0.9,Tuning,Tuning,0.42,0.58
Baseline,RandomForest,0.9,Tuning,Tuning,0.1,0.9
Baseline,RandomForest,0.9,Defaults,Tuning,0.22,0.78
Baseline,RandomForest,0.9,Defaults,Tuning,0.19,0.81
Baseline,RandomForest,0.9,Tuning,Tuning,0.21,0.79
Baseline,RandomForest,0.9,Tuning,Tuning,0.01,0.99
Baseline,RandomForest,0.9,Defaults,Tuning,0.27,0.73
Baseline,RandomForest,0.9,Tuning,Tuning,0.04,0.96
Baseline,RandomForest,0.9,Tuning,Tuning,0.01,0.99
Baseline,RandomForest,0.9,Tuning,Tuning,0.14,0.86
Baseline,RandomForest,0.9,Tuning,Tuning,0.0,1.0
Baseline,RandomForest,0.9,Defaults,Defaults,0.73,0.27
Baseline,RandomForest,0.9,Tuning,Tuning,0.18,0.82
Baseline,RandomForest,0.9,Defaults,Tuning,0.36,0.64
Baseline,RandomForest,0.9,Tuning,Tuning,0.46,0.54
Baseline,RandomForest,0.9,Tuning,Tuning,0.39,0.61
Baseline,RandomForest,0.9,Defaults,Tuning,0.39,0.61
Baseline,RandomForest,0.9,Tuning,Tuning,0.24,0.76
Baseline,RandomForest,0.9,Tuning,Tuning,0.3,0.7
Baseline,RandomForest,0.9,Tuning,Tuning,0.04,0.96
Baseline,RandomForest,0.9,Tuning,Tuning,0.01,0.99
Baseline,RandomForest,0.9,Tuning,Tuning,0.01,0.99
Baseline,RandomForest,0.9,Tuning,Tuning,0.04,0.96
Baseline,RandomForest,0.9,Tuning,Tuning,0.02,0.98
Baseline,RandomForest,0.9,Tuning,Tuning,0.01,0.99
Baseline,RandomForest,0.9,Tuning,Tuning,0.01,0.99
Baseline,RandomForest,0.9,Tuning,Tuning,0.0,1.0
Baseline,RandomForest,0.9,Defaults,Defaults,0.74,0.26
Baseline,RandomForest,0.9,Defaults,Tuning,0.4,0.6
Baseline,RandomForest,0.9,Tuning,Tuning,0.16,0.84
Baseline,RandomForest,0.9,Tuning,Tuning,0.33,0.67
Baseline,RandomForest,0.9,Tuning,Tuning,0.28,0.72
Baseline,RandomForest,0.9,Defaults,Tuning,0.44,0.56
Baseline,RandomForest,0.9,Tuning,Tuning,0.12,0.88
Baseline,RandomForest,0.9,Defaults,Defaults,0.58,0.42
Baseline,RandomForest,0.9,Tuning,Tuning,0.14,0.86
Baseline,RandomForest,0.9,Tuning,Tuning,0.15,0.85
Baseline,RandomForest,0.9,Tuning,Tuning,0.3,0.7
Baseline,RandomForest,0.9,Tuning,Tuning,0.08,0.92
Baseline,RandomForest,0.9,Tuning,Tuning,0.24,0.76
Baseline,RandomForest,0.9,Tuning,Tuning,0.19,0.81
Baseline,RandomForest,0.9,Tuning,Defaults,0.58,0.42
Baseline,RandomForest,0.9,Tuning,Tuning,0.14,0.86
Baseline,RandomForest,0.9,Tuning,Tuning,0.35,0.65
Baseline,RandomForest,0.9,Tuning,Tuning,0.18,0.82
Baseline,RandomForest,0.9,Defaults,Tuning,0.18,0.82
Baseline,RandomForest,0.9,Tuning,Tuning,0.1,0.9
Baseline,RandomForest,0.9,Tuning,Tuning,0.19,0.81
Baseline,RandomForest,0.9,Defaults,Tuning,0.25,0.75
Baseline,RandomForest,0.9,Tuning,Defaults,0.72,0.28
Baseline,RandomForest,0.9,Tuning,Tuning,0.17,0.83
Baseline,RandomForest,0.9,Tuning,Tuning,0.25,0.75
Baseline,RandomForest,0.9,Tuning,Defaults,0.5,0.5
Baseline,RandomForest,0.9,Tuning,Tuning,0.26,0.74
Baseline,RandomForest,0.9,Tuning,Tuning,0.17,0.83
Baseline,RandomForest,0.9,Tuning,Tuning,0.19,0.81
Baseline,RandomForest,0.9,Tuning,Tuning,0.25,0.75
Baseline,RandomForest,0.9,Tuning,Tuning,0.3,0.7
Baseline,RandomForest,0.9,Defaults,Tuning,0.35,0.65
Baseline,RandomForest,0.9,Tuning,Tuning,0.47,0.53
Baseline,RandomForest,0.9,Defaults,Tuning,0.33,0.67
Baseline,RandomForest,0.9,Tuning,Tuning,0.35,0.65
Baseline,RandomForest,0.9,Tuning,Tuning,0.2,0.8
Baseline,RandomForest,0.9,Tuning,Tuning,0.43,0.57
Baseline,RandomForest,0.9,Tuning,Tuning,0.45,0.55
Baseline,RandomForest,0.9,Tuning,Tuning,0.24,0.76
Baseline,RandomForest,0.9,Defaults,Tuning,0.02,0.98
Baseline,RandomForest,0.9,Tuning,Tuning,0.35,0.65
Baseline,RandomForest,0.9,Defaults,Defaults,0.93,0.07
Baseline,RandomForest,0.9,Defaults,Defaults,0.89,0.11
Baseline,RandomForest,0.9,Defaults,Defaults,0.82,0.18
Baseline,RandomForest,0.9,Defaults,Defaults,0.92,0.08
Baseline,RandomForest,0.9,Tuning,Tuning,0.18,0.82
Baseline,RandomForest,0.9,Tuning,Tuning,0.19,0.81
Baseline,RandomForest,0.9,Tuning,Tuning,0.35,0.65
Baseline,RandomForest,0.9,Defaults,Tuning,0.32,0.68
Baseline,RandomForest,0.9,Defaults,Tuning,0.36,0.64
Baseline,RandomForest,0.9,Defaults,Tuning,0.24,0.76
Baseline,RandomForest,0.9,Defaults,Tuning,0.45,0.55
Baseline,RandomForest,0.9,Tuning,Defaults,0.55,0.45
Baseline,RandomForest,0.9,Tuning,Defaults,0.52,0.48
Baseline,RandomForest,0.9,Defaults,Defaults,0.66,0.34
Baseline,RandomForest,0.9,Tuning,Tuning,0.03,0.97
Baseline,RandomForest,0.9,Defaults,Defaults,0.57,0.43
Baseline,RandomForest,0.9,Tuning,Tuning,0.14,0.86
Baseline,RandomForest,0.9,Tuning,Tuning,0.03,0.97
Baseline,RandomForest,0.9,Defaults,Tuning,0.21,0.79
Baseline,RandomForest,0.9,Tuning,Tuning,0.22,0.78
Baseline,RandomForest,0.9,Defaults,Tuning,0.42,0.58
Baseline,RandomForest,0.9,Tuning,Tuning,0.24,0.76
Baseline,RandomForest,0.9,Tuning,Tuning,0.04,0.96
Baseline,RandomForest,0.9,Tuning,Tuning,0.16,0.84
Baseline,RandomForest,0.9,Defaults,Defaults,0.5,0.5
Baseline,RandomForest,0.9,Tuning,Tuning,0.23,0.77
Baseline,RandomForest,0.9,Tuning,Tuning,0.15,0.85
Baseline,RandomForest,0.9,Tuning,Tuning,0.32,0.68
Baseline,RandomForest,0.9,Defaults,Tuning,0.01,0.99
Baseline,RandomForest,0.9,Tuning,Tuning,0.19,0.81
Baseline,RandomForest,0.9,Tuning,Tuning,0.23,0.77
Baseline,RandomForest,0.9,Tuning,Tuning,0.42,0.58
Baseline,RandomForest,0.9,Tuning,Tuning,0.14,0.86
Baseline,RandomForest,0.9,Tuning,Defaults,0.55,0.45
Baseline,RandomForest,0.9,Tuning,Tuning,0.08,0.92
Baseline,RandomForest,0.9,Tuning,Tuning,0.37,0.63
Baseline,RandomForest,0.9,Defaults,Tuning,0.36,0.64
Baseline,RandomForest,0.9,Tuning,Tuning,0.19,0.81
Baseline,RandomForest,0.9,Tuning,Tuning,0.07,0.93
Baseline,RandomForest,0.9,Tuning,Tuning,0.14,0.86
Baseline,RandomForest,0.9,Tuning,Tuning,0.04,0.96
Baseline,RandomForest,0.9,Tuning,Tuning,0.12,0.88
Baseline,RandomForest,0.9,Tuning,Tuning,0.23,0.77
Baseline,RandomForest,0.9,Tuning,Tuning,0.43,0.57
Baseline,RandomForest,0.9,Tuning,Tuning,0.18,0.82
Baseline,RandomForest,0.9,Defaults,Tuning,0.43,0.57
Baseline,RandomForest,0.9,Tuning,Tuning,0.28,0.72
Baseline,RandomForest,0.9,Defaults,Defaults,0.54,0.46
Baseline,RandomForest,0.9,Tuning,Tuning,0.41,0.59
Baseline,RandomForest,0.9,Tuning,Tuning,0.37,0.63
Baseline,RandomForest,0.9,Tuning,Tuning,0.34,0.66
Baseline,RandomForest,0.9,Tuning,Tuning,0.21,0.79
Baseline,RandomForest,0.9,Defaults,Tuning,0.34,0.66
Baseline,RandomForest,0.9,Defaults,Tuning,0.23,0.77
Baseline,RandomForest,0.9,Tuning,Tuning,0.08,0.92
Baseline,RandomForest,0.9,Tuning,Tuning,0.29,0.71
Baseline,RandomForest,0.9,Tuning,Tuning,0.06,0.94
Baseline,RandomForest,0.9,Tuning,Tuning,0.06,0.94
Baseline,RandomForest,0.9,Tuning,Tuning,0.21,0.79
Baseline,RandomForest,0.9,Tuning,Tuning,0.19,0.81
Baseline,RandomForest,0.9,Tuning,Tuning,0.42,0.58
Baseline,RandomForest,0.9,Tuning,Tuning,0.12,0.88
Baseline,RandomForest,0.9,Defaults,Tuning,0.35,0.65
Baseline,RandomForest,0.9,Tuning,Defaults,0.66,0.34
Baseline,RandomForest,0.9,Tuning,Defaults,0.71,0.29
Baseline,RandomForest,0.9,Tuning,Tuning,0.3,0.7
Baseline,RandomForest,0.9,Tuning,Tuning,0.41,0.59
Baseline,RandomForest,0.9,Defaults,Tuning,0.44,0.56
Baseline,RandomForest,0.9,Tuning,Tuning,0.28,0.72
Baseline,RandomForest,0.9,Tuning,Tuning,0.32,0.68
Baseline,RandomForest,0.9,Tuning,Tuning,0.15,0.85
Baseline,RandomForest,0.9,Defaults,Tuning,0.06,0.94
Baseline,RandomForest,0.9,Tuning,Tuning,0.17,0.83
Baseline,RandomForest,0.9,Tuning,Tuning,0.38,0.62
Baseline,RandomForest,0.9,Tuning,Tuning,0.17,0.83
Baseline,RandomForest,0.9,Defaults,Defaults,0.54,0.46
Baseline,RandomForest,0.9,Defaults,Tuning,0.47,0.53
Baseline,RandomForest,0.9,Tuning,Tuning,0.39,0.61
Baseline,RandomForest,0.9,Tuning,Tuning,0.26,0.74
Baseline,RandomForest,0.9,Tuning,Tuning,0.35,0.65
Baseline,RandomForest,0.9,Defaults,Tuning,0.44,0.56
Baseline,RandomForest,0.9,Defaults,Defaults,0.55,0.45
Baseline,RandomForest,0.9,Defaults,Defaults,0.58,0.42
Baseline,RandomForest,0.9,Tuning,Tuning,0.27,0.73
Baseline,RandomForest,0.9,Defaults,Tuning,0.46,0.54
Baseline,RandomForest,0.9,Tuning,Defaults,0.66,0.34
Baseline,RandomForest,0.9,Tuning,Tuning,0.22,0.78
Baseline,RandomForest,0.9,Defaults,Tuning,0.25,0.75
Baseline,RandomForest,0.9,Defaults,Defaults,0.52,0.48
Baseline,RandomForest,0.9,Tuning,Tuning,0.43,0.57
Baseline,RandomForest,0.9,Tuning,Tuning,0.17,0.83
Baseline,RandomForest,0.9,Defaults,Tuning,0.48,0.52
Baseline,RandomForest,0.9,Tuning,Tuning,0.38,0.62
Baseline,RandomForest,0.9,Tuning,Tuning,0.34,0.66
Baseline,RandomForest,0.9,Tuning,Tuning,0.23,0.77
Baseline,RandomForest,0.9,Tuning,Tuning,0.31,0.69
Baseline,RandomForest,0.95,Tuning,Tuning,0.13,0.87
Baseline,RandomForest,0.95,Tuning,Tuning,0.11,0.89
Baseline,RandomForest,0.95,Defaults,Defaults,0.62,0.38
Baseline,RandomForest,0.95,Tuning,Tuning,0.06,0.94
Baseline,RandomForest,0.95,Tuning,Tuning,0.06,0.94
Baseline,RandomForest,0.95,Tuning,Tuning,0.46,0.54
Baseline,RandomForest,0.95,Tuning,Tuning,0.09,0.91
Baseline,RandomForest,0.95,Defaults,Tuning,0.25,0.75
Baseline,RandomForest,0.95,Defaults,Tuning,0.2,0.8
Baseline,RandomForest,0.95,Tuning,Tuning,0.26,0.74
Baseline,RandomForest,0.95,Tuning,Tuning,0.06,0.94
Baseline,RandomForest,0.95,Defaults,Tuning,0.28,0.72
Baseline,RandomForest,0.95,Tuning,Tuning,0.07,0.93
Baseline,RandomForest,0.95,Tuning,Tuning,0.04,0.96
Baseline,RandomForest,0.95,Tuning,Tuning,0.19,0.81
Baseline,RandomForest,0.95,Tuning,Tuning,0.03,0.97
Baseline,RandomForest,0.95,Defaults,Defaults,0.69,0.31
Baseline,RandomForest,0.95,Tuning,Tuning,0.2,0.8
Baseline,RandomForest,0.95,Defaults,Tuning,0.29,0.71
Baseline,RandomForest,0.95,Tuning,Tuning,0.43,0.57
Baseline,RandomForest,0.95,Tuning,Tuning,0.4,0.6
Baseline,RandomForest,0.95,Defaults,Tuning,0.33,0.67
Baseline,RandomForest,0.95,Tuning,Tuning,0.18,0.82
Baseline,RandomForest,0.95,Tuning,Tuning,0.42,0.58
Baseline,RandomForest,0.95,Tuning,Tuning,0.07,0.93
Baseline,RandomForest,0.95,Tuning,Tuning,0.02,0.98
Baseline,RandomForest,0.95,Tuning,Tuning,0.03,0.97
Baseline,RandomForest,0.95,Tuning,Tuning,0.11,0.89
Baseline,RandomForest,0.95,Tuning,Tuning,0.03,0.97
Baseline,RandomForest,0.95,Tuning,Tuning,0.07,0.93
Baseline,RandomForest,0.95,Tuning,Tuning,0.01,0.99
Baseline,RandomForest,0.95,Tuning,Tuning,0.0,1.0
Baseline,RandomForest,0.95,Defaults,Defaults,0.61,0.39
Baseline,RandomForest,0.95,Defaults,Tuning,0.42,0.58
Baseline,RandomForest,0.95,Tuning,Tuning,0.13,0.87
Baseline,RandomForest,0.95,Tuning,Tuning,0.37,0.63
Baseline,RandomForest,0.95,Tuning,Tuning,0.27,0.73
Baseline,RandomForest,0.95,Defaults,Tuning,0.44,0.56
Baseline,RandomForest,0.95,Tuning,Tuning,0.2,0.8
Baseline,RandomForest,0.95,Defaults,Defaults,0.58,0.42
Baseline,RandomForest,0.95,Tuning,Tuning,0.21,0.79
Baseline,RandomForest,0.95,Tuning,Tuning,0.23,0.77
Baseline,RandomForest,0.95,Tuning,Tuning,0.38,0.62
Baseline,RandomForest,0.95,Tuning,Tuning,0.05,0.95
Baseline,RandomForest,0.95,Tuning,Tuning,0.18,0.82
Baseline,RandomForest,0.95,Tuning,Tuning,0.27,0.73
Baseline,RandomForest,0.95,Tuning,Defaults,0.52,0.48
Baseline,RandomForest,0.95,Tuning,Tuning,0.05,0.95
Baseline,RandomForest,0.95,Tuning,Tuning,0.33,0.67
Baseline,RandomForest,0.95,Tuning,Tuning,0.21,0.79
Baseline,RandomForest,0.95,Defaults,Tuning,0.22,0.78
Baseline,RandomForest,0.95,Tuning,Tuning,0.17,0.83
Baseline,RandomForest,0.95,Tuning,Tuning,0.17,0.83
Baseline,RandomForest,0.95,Defaults,Tuning,0.09,0.91
Baseline,RandomForest,0.95,Tuning,Defaults,0.7,0.3
Baseline,RandomForest,0.95,Tuning,Tuning,0.23,0.77
Baseline,RandomForest,0.95,Tuning,Tuning,0.22,0.78
Baseline,RandomForest,0.95,Tuning,Tuning,0.47,0.53
Baseline,RandomForest,0.95,Tuning,Tuning,0.36,0.64
Baseline,RandomForest,0.95,Tuning,Tuning,0.13,0.87
Baseline,RandomForest,0.95,Tuning,Tuning,0.09,0.91
Baseline,RandomForest,0.95,Tuning,Tuning,0.26,0.74
Baseline,RandomForest,0.95,Tuning,Tuning,0.21,0.79
Baseline,RandomForest,0.95,Defaults,Tuning,0.26,0.74
Baseline,RandomForest,0.95,Tuning,Tuning,0.49,0.51
Baseline,RandomForest,0.95,Defaults,Tuning,0.36,0.64
Baseline,RandomForest,0.95,Tuning,Tuning,0.42,0.58
Baseline,RandomForest,0.95,Tuning,Tuning,0.35,0.65
Baseline,RandomForest,0.95,Tuning,Tuning,0.48,0.52
Baseline,RandomForest,0.95,Tuning,Tuning,0.33,0.67
Baseline,RandomForest,0.95,Tuning,Tuning,0.25,0.75
Baseline,RandomForest,0.95,Defaults,Tuning,0.03,0.97
Baseline,RandomForest,0.95,Tuning,Tuning,0.36,0.64
Baseline,RandomForest,0.95,Defaults,Defaults,0.91,0.09
Baseline,RandomForest,0.95,Defaults,Defaults,0.91,0.09
Baseline,RandomForest,0.95,Defaults,Defaults,0.77,0.23
Baseline,RandomForest,0.95,Defaults,Defaults,0.91,0.09
Baseline,RandomForest,0.95,Tuning,Tuning,0.16,0.84
Baseline,RandomForest,0.95,Tuning,Tuning,0.16,0.84
Baseline,RandomForest,0.95,Tuning,Tuning,0.3,0.7
Baseline,RandomForest,0.95,Defaults,Tuning,0.33,0.67
Baseline,RandomForest,0.95,Defaults,Tuning,0.45,0.55
Baseline,RandomForest,0.95,Defaults,Tuning,0.3,0.7
Baseline,RandomForest,0.95,Defaults,Defaults,0.54,0.46
Baseline,RandomForest,0.95,Tuning,Defaults,0.71,0.29
Baseline,RandomForest,0.95,Tuning,Defaults,0.61,0.39
Baseline,RandomForest,0.95,Defaults,Defaults,0.67,0.33
Baseline,RandomForest,0.95,Tuning,Tuning,0.02,0.98
Baseline,RandomForest,0.95,Defaults,Defaults,0.64,0.36
Baseline,RandomForest,0.95,Tuning,Tuning,0.17,0.83
Baseline,RandomForest,0.95,Tuning,Tuning,0.03,0.97
Baseline,RandomForest,0.95,Defaults,Tuning,0.26,0.74
Baseline,RandomForest,0.95,Tuning,Tuning,0.18,0.82
Baseline,RandomForest,0.95,Defaults,Tuning,0.33,0.67
Baseline,RandomForest,0.95,Tuning,Tuning,0.33,0.67
Baseline,RandomForest,0.95,Tuning,Tuning,0.07,0.93
Baseline,RandomForest,0.95,Tuning,Tuning,0.08,0.92
Baseline,RandomForest,0.95,Defaults,Defaults,0.61,0.39
Baseline,RandomForest,0.95,Tuning,Tuning,0.34,0.66
Baseline,RandomForest,0.95,Tuning,Tuning,0.13,0.87
Baseline,RandomForest,0.95,Tuning,Tuning,0.27,0.73
Baseline,RandomForest,0.95,Defaults,Tuning,0.03,0.97
Baseline,RandomForest,0.95,Tuning,Tuning,0.13,0.87
Baseline,RandomForest,0.95,Tuning,Tuning,0.19,0.81
Baseline,RandomForest,0.95,Tuning,Tuning,0.42,0.58
Baseline,RandomForest,0.95,Tuning,Tuning,0.17,0.83
Baseline,RandomForest,0.95,Tuning,Defaults,0.54,0.46
Baseline,RandomForest,0.95,Tuning,Tuning,0.1,0.9
Baseline,RandomForest,0.95,Tuning,Tuning,0.36,0.64
Baseline,RandomForest,0.95,Defaults,Tuning,0.27,0.73
Baseline,RandomForest,0.95,Tuning,Tuning,0.23,0.77
Baseline,RandomForest,0.95,Tuning,Tuning,0.05,0.95
Baseline,RandomForest,0.95,Tuning,Tuning,0.13,0.87
Baseline,RandomForest,0.95,Tuning,Tuning,0.07,0.93
Baseline,RandomForest,0.95,Tuning,Tuning,0.21,0.79
Baseline,RandomForest,0.95,Tuning,Tuning,0.15,0.85
Baseline,RandomForest,0.95,Tuning,Defaults,0.56,0.44
Baseline,RandomForest,0.95,Tuning,Tuning,0.16,0.84
Baseline,RandomForest,0.95,Defaults,Tuning,0.46,0.54
Baseline,RandomForest,0.95,Tuning,Tuning,0.34,0.66
Baseline,RandomForest,0.95,Defaults,Defaults,0.6,0.4
Baseline,RandomForest,0.95,Tuning,Tuning,0.37,0.63
Baseline,RandomForest,0.95,Tuning,Tuning,0.49,0.51
Baseline,RandomForest,0.95,Tuning,Tuning,0.49,0.51
Baseline,RandomForest,0.95,Tuning,Tuning,0.15,0.85
Baseline,RandomForest,0.95,Defaults,Tuning,0.34,0.66
Baseline,RandomForest,0.95,Defaults,Tuning,0.14,0.86
Baseline,RandomForest,0.95,Tuning,Tuning,0.01,0.99
Baseline,RandomForest,0.95,Tuning,Tuning,0.3,0.7
Baseline,RandomForest,0.95,Tuning,Tuning,0.05,0.95
Baseline,RandomForest,0.95,Tuning,Tuning,0.05,0.95
Baseline,RandomForest,0.95,Tuning,Tuning,0.22,0.78
Baseline,RandomForest,0.95,Tuning,Tuning,0.19,0.81
Baseline,RandomForest,0.95,Tuning,Tuning,0.43,0.57
Baseline,RandomForest,0.95,Tuning,Tuning,0.14,0.86
Baseline,RandomForest,0.95,Defaults,Tuning,0.37,0.63
Baseline,RandomForest,0.95,Tuning,Defaults,0.71,0.29
Baseline,RandomForest,0.95,Tuning,Defaults,0.67,0.33
Baseline,RandomForest,0.95,Tuning,Tuning,0.17,0.83
Baseline,RandomForest,0.95,Tuning,Tuning,0.36,0.64
Baseline,RandomForest,0.95,Defaults,Tuning,0.32,0.68
Baseline,RandomForest,0.95,Tuning,Tuning,0.36,0.64
Baseline,RandomForest,0.95,Tuning,Tuning,0.24,0.76
Baseline,RandomForest,0.95,Tuning,Tuning,0.14,0.86
Baseline,RandomForest,0.95,Defaults,Tuning,0.16,0.84
Baseline,RandomForest,0.95,Tuning,Tuning,0.16,0.84
Baseline,RandomForest,0.95,Tuning,Tuning,0.4,0.6
Baseline,RandomForest,0.95,Tuning,Tuning,0.13,0.87
Baseline,RandomForest,0.95,Defaults,Tuning,0.48,0.52
Baseline,RandomForest,0.95,Defaults,Defaults,0.64,0.36
Baseline,RandomForest,0.95,Tuning,Tuning,0.45,0.55
Baseline,RandomForest,0.95,Tuning,Tuning,0.19,0.81
Baseline,RandomForest,0.95,Tuning,Tuning,0.33,0.67
Baseline,RandomForest,0.95,Defaults,Tuning,0.43,0.57
Baseline,RandomForest,0.95,Defaults,Tuning,0.46,0.54
Baseline,RandomForest,0.95,Defaults,Defaults,0.55,0.45
Baseline,RandomForest,0.95,Tuning,Tuning,0.34,0.66
Baseline,RandomForest,0.95,Defaults,Defaults,0.54,0.46
Baseline,RandomForest,0.95,Tuning,Defaults,0.72,0.28
Baseline,RandomForest,0.95,Tuning,Tuning,0.31,0.69
Baseline,RandomForest,0.95,Defaults,Tuning,0.25,0.75
Baseline,RandomForest,0.95,Defaults,Tuning,0.46,0.54
Baseline,RandomForest,0.95,Tuning,Tuning,0.43,0.57
Baseline,RandomForest,0.95,Tuning,Tuning,0.14,0.86
Baseline,RandomForest,0.95,Defaults,Defaults,0.61,0.39
Baseline,RandomForest,0.95,Tuning,Tuning,0.47,0.53
Baseline,RandomForest,0.95,Tuning,Tuning,0.24,0.76
Baseline,RandomForest,0.95,Tuning,Tuning,0.3,0.7
Baseline,RandomForest,0.95,Tuning,Tuning,0.3,0.7
Baseline,KNN,0.8,Tuning,Tuning,0.4,0.6
Baseline,KNN,0.8,Tuning,Defaults,0.8,0.2
Baseline,KNN,0.8,Defaults,Tuning,0.4,0.6
Baseline,KNN,0.8,Tuning,Tuning,0.0,1.0
Baseline,KNN,0.8,Tuning,Tuning,0.0,1.0
Baseline,KNN,0.8,Tuning,Tuning,0.4,0.6
Baseline,KNN,0.8,Tuning,Tuning,0.0,1.0
Baseline,KNN,0.8,Defaults,Tuning,0.0,1.0
Baseline,KNN,0.8,Defaults,Tuning,0.0,1.0
Baseline,KNN,0.8,Tuning,Tuning,0.4,0.6
Baseline,KNN,0.8,Tuning,Tuning,0.0,1.0
Baseline,KNN,0.8,Defaults,Tuning,0.4,0.6
Baseline,KNN,0.8,Tuning,Tuning,0.2,0.8
Baseline,KNN,0.8,Tuning,Tuning,0.2,0.8
Baseline,KNN,0.8,Tuning,Tuning,0.0,1.0
Baseline,KNN,0.8,Tuning,Tuning,0.0,1.0
Baseline,KNN,0.8,Defaults,Defaults,0.6,0.4
Baseline,KNN,0.8,Tuning,Tuning,0.4,0.6
Baseline,KNN,0.8,Defaults,Defaults,0.6,0.4
Baseline,KNN,0.8,Tuning,Tuning,0.2,0.8
Baseline,KNN,0.8,Tuning,Tuning,0.4,0.6
Baseline,KNN,0.8,Defaults,Defaults,0.8,0.2
Baseline,KNN,0.8,Tuning,Tuning,0.2,0.8
Baseline,KNN,0.8,Tuning,Tuning,0.2,0.8
Baseline,KNN,0.8,Tuning,Tuning,0.2,0.8
Baseline,KNN,0.8,Tuning,Tuning,0.0,1.0
Baseline,KNN,0.8,Tuning,Tuning,0.0,1.0
Baseline,KNN,0.8,Tuning,Tuning,0.0,1.0
Baseline,KNN,0.8,Tuning,Tuning,0.0,1.0
Baseline,KNN,0.8,Tuning,Tuning,0.0,1.0
Baseline,KNN,0.8,Tuning,Tuning,0.0,1.0
Baseline,KNN,0.8,Tuning,Tuning,0.0,1.0
Baseline,KNN,0.8,Defaults,Defaults,0.8,0.2
Baseline,KNN,0.8,Defaults,Tuning,0.4,0.6
Baseline,KNN,0.8,Tuning,Tuning,0.4,0.6
Baseline,KNN,0.8,Tuning,Tuning,0.2,0.8
Baseline,KNN,0.8,Tuning,Tuning,0.4,0.6
Baseline,KNN,0.8,Defaults,Tuning,0.2,0.8
Baseline,KNN,0.8,Tuning,Defaults,0.6,0.4
Baseline,KNN,0.8,Defaults,Defaults,0.6,0.4
Baseline,KNN,0.8,Tuning,Tuning,0.2,0.8
Baseline,KNN,0.8,Tuning,Tuning,0.2,0.8
Baseline,KNN,0.8,Tuning,Tuning,0.4,0.6
Baseline,KNN,0.8,Tuning,Tuning,0.4,0.6
Baseline,KNN,0.8,Tuning,Defaults,0.6,0.4
Baseline,KNN,0.8,Tuning,Defaults,0.6,0.4
Baseline,KNN,0.8,Tuning,Tuning,0.2,0.8
Baseline,KNN,0.8,Tuning,Tuning,0.2,0.8
Baseline,KNN,0.8,Tuning,Tuning,0.2,0.8
Baseline,KNN,0.8,Tuning,Tuning,0.4,0.6
Baseline,KNN,0.8,Defaults,Tuning,0.4,0.6
Baseline,KNN,0.8,Tuning,Tuning,0.2,0.8
Baseline,KNN,0.8,Tuning,Tuning,0.2,0.8
Baseline,KNN,0.8,Defaults,Tuning,0.4,0.6
Baseline,KNN,0.8,Tuning,Defaults,1.0,0.0
Baseline,KNN,0.8,Tuning,Tuning,0.0,1.0
Baseline,KNN,0.8,Tuning,Tuning,0.4,0.6
Baseline,KNN,0.8,Tuning,Defaults,0.6,0.4
Baseline,KNN,0.8,Tuning,Tuning,0.4,0.6
Baseline,KNN,0.8,Tuning,Tuning,0.2,0.8
Baseline,KNN,0.8,Tuning,Tuning,0.0,1.0
Baseline,KNN,0.8,Tuning,Tuning,0.2,0.8
Baseline,KNN,0.8,Tuning,Tuning,0.4,0.6
Baseline,KNN,0.8,Defaults,Defaults,0.6,0.4
Baseline,KNN,0.8,Tuning,Tuning,0.4,0.6
Baseline,KNN,0.8,Defaults,Defaults,0.8,0.2
Baseline,KNN,0.8,Tuning,Tuning,0.2,0.8
Baseline,KNN,0.8,Tuning,Tuning,0.4,0.6
Baseline,KNN,0.8,Tuning,Tuning,0.2,0.8
Baseline,KNN,0.8,Tuning,Tuning,0.2,0.8
Baseline,KNN,0.8,Tuning,Tuning,0.4,0.6
Baseline,KNN,0.8,Defaults,Tuning,0.0,1.0
Baseline,KNN,0.8,Tuning,Tuning,0.2,0.8
Baseline,KNN,0.8,Defaults,Defaults,0.6,0.4
Baseline,KNN,0.8,Defaults,Defaults,0.6,0.4
Baseline,KNN,0.8,Defaults,Defaults,0.6,0.4
Baseline,KNN,0.8,Defaults,Defaults,0.6,0.4
Baseline,KNN,0.8,Tuning,Defaults,0.6,0.4
Baseline,KNN,0.8,Tuning,Defaults,0.6,0.4
Baseline,KNN,0.8,Tuning,Defaults,0.8,0.2
Baseline,KNN,0.8,Defaults,Defaults,0.6,0.4
Baseline,KNN,0.8,Defaults,Defaults,0.6,0.4
Baseline,KNN,0.8,Defaults,Tuning,0.4,0.6
Baseline,KNN,0.8,Defaults,Defaults,0.6,0.4
Baseline,KNN,0.8,Tuning,Defaults,0.8,0.2
Baseline,KNN,0.8,Tuning,Defaults,0.6,0.4
Baseline,KNN,0.8,Defaults,Defaults,1.0,0.0
Baseline,KNN,0.8,Tuning,Tuning,0.0,1.0
Baseline,KNN,0.8,Defaults,Tuning,0.4,0.6
Baseline,KNN,0.8,Tuning,Defaults,0.8,0.2
Baseline,KNN,0.8,Tuning,Tuning,0.2,0.8
Baseline,KNN,0.8,Defaults,Tuning,0.2,0.8
Baseline,KNN,0.8,Tuning,Tuning,0.2,0.8
Baseline,KNN,0.8,Defaults,Tuning,0.2,0.8
Baseline,KNN,0.8,Tuning,Tuning,0.4,0.6
Baseline,KNN,0.8,Tuning,Tuning,0.4,0.6
Baseline,KNN,0.8,Tuning,Tuning,0.2,0.8
Baseline,KNN,0.8,Defaults,Defaults,0.6,0.4
Baseline,KNN,0.8,Tuning,Tuning,0.2,0.8
Baseline,KNN,0.8,Tuning,Tuning,0.4,0.6
Baseline,KNN,0.8,Tuning,Tuning,0.4,0.6
Baseline,KNN,0.8,Defaults,Tuning,0.2,0.8
Baseline,KNN,0.8,Tuning,Tuning,0.4,0.6
Baseline,KNN,0.8,Tuning,Defaults,0.6,0.4
Baseline,KNN,0.8,Tuning,Defaults,0.6,0.4
Baseline,KNN,0.8,Tuning,Tuning,0.2,0.8
Baseline,KNN,0.8,Tuning,Defaults,0.6,0.4
Baseline,KNN,0.8,Tuning,Tuning,0.4,0.6
Baseline,KNN,0.8,Tuning,Tuning,0.4,0.6
Baseline,KNN,0.8,Defaults,Defaults,0.6,0.4
Baseline,KNN,0.8,Tuning,Tuning,0.2,0.8
Baseline,KNN,0.8,Tuning,Tuning,0.0,1.0
Baseline,KNN,0.8,Tuning,Tuning,0.0,1.0
Baseline,KNN,0.8,Tuning,Tuning,0.0,1.0
Baseline,KNN,0.8,Tuning,Tuning,0.2,0.8
Baseline,KNN,0.8,Tuning,Tuning,0.4,0.6
Baseline,KNN,0.8,Tuning,Defaults,0.6,0.4
Baseline,KNN,0.8,Tuning,Tuning,0.0,1.0
Baseline,KNN,0.8,Defaults,Defaults,0.6,0.4
Baseline,KNN,0.8,Tuning,Tuning,0.4,0.6
Baseline,KNN,0.8,Defaults,Defaults,0.8,0.2
Baseline,KNN,0.8,Tuning,Defaults,0.6,0.4
Baseline,KNN,0.8,Tuning,Defaults,0.6,0.4
Baseline,KNN,0.8,Tuning,Defaults,0.8,0.2
Baseline,KNN,0.8,Tuning,Tuning,0.4,0.6
Baseline,KNN,0.8,Defaults,Tuning,0.2,0.8
Baseline,KNN,0.8,Defaults,Tuning,0.2,0.8
Baseline,KNN,0.8,Tuning,Tuning,0.2,0.8
Baseline,KNN,0.8,Tuning,Tuning,0.4,0.6
Baseline,KNN,0.8,Tuning,Tuning,0.2,0.8
Baseline,KNN,0.8,Tuning,Tuning,0.2,0.8
Baseline,KNN,0.8,Tuning,Tuning,0.4,0.6
Baseline,KNN,0.8,Tuning,Tuning,0.4,0.6
Baseline,KNN,0.8,Tuning,Tuning,0.2,0.8
Baseline,KNN,0.8,Tuning,Tuning,0.2,0.8
Baseline,KNN,0.8,Defaults,Tuning,0.0,1.0
Baseline,KNN,0.8,Tuning,Tuning,0.4,0.6
Baseline,KNN,0.8,Tuning,Tuning,0.4,0.6
Baseline,KNN,0.8,Tuning,Tuning,0.4,0.6
Baseline,KNN,0.8,Tuning,Tuning,0.2,0.8
Baseline,KNN,0.8,Defaults,Defaults,0.8,0.2
Baseline,KNN,0.8,Tuning,Tuning,0.4,0.6
Baseline,KNN,0.8,Tuning,Defaults,0.8,0.2
Baseline,KNN,0.8,Tuning,Tuning,0.4,0.6
Baseline,KNN,0.8,Defaults,Tuning,0.2,0.8
Baseline,KNN,0.8,Tuning,Tuning,0.0,1.0
Baseline,KNN,0.8,Tuning,Defaults,0.8,0.2
Baseline,KNN,0.8,Tuning,Tuning,0.4,0.6
Baseline,KNN,0.8,Defaults,Defaults,0.6,0.4
Baseline,KNN,0.8,Defaults,Tuning,0.4,0.6
Baseline,KNN,0.8,Tuning,Tuning,0.4,0.6
Baseline,KNN,0.8,Tuning,Defaults,0.6,0.4
Baseline,KNN,0.8,Tuning,Tuning,0.4,0.6
Baseline,KNN,0.8,Defaults,Tuning,0.4,0.6
Baseline,KNN,0.8,Defaults,Tuning,0.4,0.6
Baseline,KNN,0.8,Defaults,Defaults,0.6,0.4
Baseline,KNN,0.8,Tuning,Tuning,0.4,0.6
Baseline,KNN,0.8,Defaults,Tuning,0.4,0.6
Baseline,KNN,0.8,Tuning,Tuning,0.4,0.6
Baseline,KNN,0.8,Tuning,Tuning,0.2,0.8
Baseline,KNN,0.8,Defaults,Tuning,0.4,0.6
Baseline,KNN,0.8,Defaults,Defaults,0.8,0.2
Baseline,KNN,0.8,Tuning,Tuning,0.4,0.6
Baseline,KNN,0.8,Tuning,Tuning,0.0,1.0
Baseline,KNN,0.8,Defaults,Tuning,0.4,0.6
Baseline,KNN,0.8,Tuning,Defaults,0.6,0.4
Baseline,KNN,0.8,Tuning,Tuning,0.4,0.6
Baseline,KNN,0.8,Tuning,Tuning,0.2,0.8
Baseline,KNN,0.8,Tuning,Tuning,0.2,0.8
Baseline,KNN,0.85,Tuning,Tuning,0.4,0.6
Baseline,KNN,0.85,Tuning,Defaults,0.8,0.2
Baseline,KNN,0.85,Defaults,Tuning,0.4,0.6
Baseline,KNN,0.85,Tuning,Tuning,0.0,1.0
Baseline,KNN,0.85,Tuning,Tuning,0.0,1.0
Baseline,KNN,0.85,Tuning,Defaults,0.6,0.4
Baseline,KNN,0.85,Tuning,Tuning,0.0,1.0
Baseline,KNN,0.85,Defaults,Tuning,0.0,1.0
Baseline,KNN,0.85,Defaults,Tuning,0.0,1.0
Baseline,KNN,0.85,Tuning,Tuning,0.4,0.6
Baseline,KNN,0.85,Tuning,Tuning,0.0,1.0
Baseline,KNN,0.85,Defaults,Tuning,0.4,0.6
Baseline,KNN,0.85,Tuning,Tuning,0.2,0.8
Baseline,KNN,0.85,Tuning,Tuning,0.2,0.8
Baseline,KNN,0.85,Tuning,Tuning,0.0,1.0
Baseline,KNN,0.85,Tuning,Tuning,0.0,1.0
Baseline,KNN,0.85,Defaults,Defaults,0.6,0.4
Baseline,KNN,0.85,Tuning,Tuning,0.4,0.6
Baseline,KNN,0.85,Defaults,Defaults,0.6,0.4
Baseline,KNN,0.85,Tuning,Tuning,0.2,0.8
Baseline,KNN,0.85,Tuning,Defaults,0.6,0.4
Baseline,KNN,0.85,Defaults,Defaults,0.6,0.4
Baseline,KNN,0.85,Tuning,Tuning,0.2,0.8
Baseline,KNN,0.85,Tuning,Tuning,0.4,0.6
Baseline,KNN,0.85,Tuning,Tuning,0.2,0.8
Baseline,KNN,0.85,Tuning,Tuning,0.0,1.0
Baseline,KNN,0.85,Tuning,Tuning,0.0,1.0
Baseline,KNN,0.85,Tuning,Tuning,0.2,0.8
Baseline,KNN,0.85,Tuning,Tuning,0.0,1.0
Baseline,KNN,0.85,Tuning,Tuning,0.0,1.0
Baseline,KNN,0.85,Tuning,Tuning,0.0,1.0
Baseline,KNN,0.85,Tuning,Tuning,0.0,1.0
Baseline,KNN,0.85,Defaults,Defaults,0.8,0.2
Baseline,KNN,0.85,Defaults,Tuning,0.4,0.6
Baseline,KNN,0.85,Tuning,Tuning,0.4,0.6
Baseline,KNN,0.85,Tuning,Tuning,0.2,0.8
Baseline,KNN,0.85,Tuning,Defaults,0.6,0.4
Baseline,KNN,0.85,Defaults,Tuning,0.4,0.6
Baseline,KNN,0.85,Tuning,Defaults,0.6,0.4
Baseline,KNN,0.85,Defaults,Defaults,0.6,0.4
Baseline,KNN,0.85,Tuning,Tuning,0.2,0.8
Baseline,KNN,0.85,Tuning,Tuning,0.2,0.8
Baseline,KNN,0.85,Tuning,Tuning,0.4,0.6
Baseline,KNN,0.85,Tuning,Tuning,0.4,0.6
Baseline,KNN,0.85,Tuning,Defaults,0.6,0.4
Baseline,KNN,0.85,Tuning,Defaults,0.6,0.4
Baseline,KNN,0.85,Tuning,Tuning,0.4,0.6
Baseline,KNN,0.85,Tuning,Tuning,0.0,1.0
Baseline,KNN,0.85,Tuning,Tuning,0.4,0.6
Baseline,KNN,0.85,Tuning,Tuning,0.2,0.8
Baseline,KNN,0.85,Defaults,Tuning,0.4,0.6
Baseline,KNN,0.85,Tuning,Tuning,0.2,0.8
Baseline,KNN,0.85,Tuning,Tuning,0.2,0.8
Baseline,KNN,0.85,Defaults,Tuning,0.4,0.6
Baseline,KNN,0.85,Tuning,Defaults,1.0,0.0
Baseline,KNN,0.85,Tuning,Tuning,0.2,0.8
Baseline,KNN,0.85,Tuning,Tuning,0.4,0.6
Baseline,KNN,0.85,Tuning,Defaults,0.6,0.4
Baseline,KNN,0.85,Tuning,Tuning,0.4,0.6
Baseline,KNN,0.85,Tuning,Tuning,0.2,0.8
Baseline,KNN,0.85,Tuning,Tuning,0.0,1.0
Baseline,KNN,0.85,Tuning,Tuning,0.2,0.8
Baseline,KNN,0.85,Tuning,Tuning,0.0,1.0
Baseline,KNN,0.85,Defaults,Defaults,0.6,0.4
Baseline,KNN,0.85,Tuning,Tuning,0.4,0.6
Baseline,KNN,0.85,Defaults,Defaults,0.8,0.2
Baseline,KNN,0.85,Tuning,Tuning,0.2,0.8
Baseline,KNN,0.85,Tuning,Defaults,0.6,0.4
Baseline,KNN,0.85,Tuning,Tuning,0.4,0.6
Baseline,KNN,0.85,Tuning,Tuning,0.2,0.8
Baseline,KNN,0.85,Tuning,Tuning,0.4,0.6
Baseline,KNN,0.85,Defaults,Tuning,0.0,1.0
Baseline,KNN,0.85,Tuning,Tuning,0.2,0.8
Baseline,KNN,0.85,Defaults,Defaults,0.6,0.4
Baseline,KNN,0.85,Defaults,Defaults,0.6,0.4
Baseline,KNN,0.85,Defaults,Defaults,0.6,0.4
Baseline,KNN,0.85,Defaults,Defaults,0.6,0.4
Baseline,KNN,0.85,Tuning,Defaults,0.6,0.4
Baseline,KNN,0.85,Tuning,Defaults,0.6,0.4
Baseline,KNN,0.85,Tuning,Defaults,0.8,0.2
Baseline,KNN,0.85,Defaults,Defaults,0.6,0.4
Baseline,KNN,0.85,Defaults,Defaults,0.6,0.4
Baseline,KNN,0.85,Defaults,Tuning,0.4,0.6
Baseline,KNN,0.85,Defaults,Defaults,0.6,0.4
Baseline,KNN,0.85,Tuning,Defaults,0.8,0.2
Baseline,KNN,0.85,Tuning,Defaults,0.6,0.4
Baseline,KNN,0.85,Defaults,Defaults,0.8,0.2
Baseline,KNN,0.85,Tuning,Tuning,0.0,1.0
Baseline,KNN,0.85,Defaults,Tuning,0.4,0.6
Baseline,KNN,0.85,Tuning,Defaults,0.8,0.2
Baseline,KNN,0.85,Tuning,Tuning,0.0,1.0
Baseline,KNN,0.85,Defaults,Tuning,0.2,0.8
Baseline,KNN,0.85,Tuning,Tuning,0.2,0.8
Baseline,KNN,0.85,Defaults,Tuning,0.2,0.8
Baseline,KNN,0.85,Tuning,Tuning,0.4,0.6
Baseline,KNN,0.85,Tuning,Tuning,0.4,0.6
Baseline,KNN,0.85,Tuning,Tuning,0.2,0.8
Baseline,KNN,0.85,Defaults,Defaults,0.6,0.4
Baseline,KNN,0.85,Tuning,Tuning,0.0,1.0
Baseline,KNN,0.85,Tuning,Tuning,0.4,0.6
Baseline,KNN,0.85,Tuning,Tuning,0.2,0.8
Baseline,KNN,0.85,Defaults,Tuning,0.2,0.8
Baseline,KNN,0.85,Tuning,Tuning,0.2,0.8
Baseline,KNN,0.85,Tuning,Defaults,0.6,0.4
Baseline,KNN,0.85,Tuning,Defaults,0.6,0.4
Baseline,KNN,0.85,Tuning,Tuning,0.2,0.8
Baseline,KNN,0.85,Tuning,Defaults,0.6,0.4
Baseline,KNN,0.85,Tuning,Tuning,0.4,0.6
Baseline,KNN,0.85,Tuning,Tuning,0.4,0.6
Baseline,KNN,0.85,Defaults,Tuning,0.4,0.6
Baseline,KNN,0.85,Tuning,Tuning,0.2,0.8
Baseline,KNN,0.85,Tuning,Tuning,0.0,1.0
Baseline,KNN,0.85,Tuning,Tuning,0.0,1.0
Baseline,KNN,0.85,Tuning,Tuning,0.0,1.0
Baseline,KNN,0.85,Tuning,Tuning,0.2,0.8
Baseline,KNN,0.85,Tuning,Tuning,0.4,0.6
Baseline,KNN,0.85,Tuning,Defaults,0.6,0.4
Baseline,KNN,0.85,Tuning,Tuning,0.0,1.0
Baseline,KNN,0.85,Defaults,Defaults,0.6,0.4
Baseline,KNN,0.85,Tuning,Tuning,0.4,0.6
Baseline,KNN,0.85,Defaults,Defaults,0.8,0.2
Baseline,KNN,0.85,Tuning,Defaults,0.6,0.4
Baseline,KNN,0.85,Tuning,Defaults,0.6,0.4
Baseline,KNN,0.85,Tuning,Tuning,0.4,0.6
Baseline,KNN,0.85,Tuning,Tuning,0.4,0.6
Baseline,KNN,0.85,Defaults,Tuning,0.2,0.8
Baseline,KNN,0.85,Defaults,Tuning,0.2,0.8
Baseline,KNN,0.85,Tuning,Tuning,0.2,0.8
Baseline,KNN,0.85,Tuning,Defaults,0.6,0.4
Baseline,KNN,0.85,Tuning,Tuning,0.2,0.8
Baseline,KNN,0.85,Tuning,Tuning,0.2,0.8
Baseline,KNN,0.85,Tuning,Tuning,0.4,0.6
Baseline,KNN,0.85,Tuning,Tuning,0.4,0.6
Baseline,KNN,0.85,Tuning,Tuning,0.2,0.8
Baseline,KNN,0.85,Tuning,Tuning,0.2,0.8
Baseline,KNN,0.85,Defaults,Tuning,0.2,0.8
Baseline,KNN,0.85,Tuning,Tuning,0.4,0.6
Baseline,KNN,0.85,Tuning,Tuning,0.4,0.6
Baseline,KNN,0.85,Tuning,Tuning,0.0,1.0
Baseline,KNN,0.85,Tuning,Tuning,0.2,0.8
Baseline,KNN,0.85,Defaults,Defaults,0.8,0.2
Baseline,KNN,0.85,Tuning,Tuning,0.2,0.8
Baseline,KNN,0.85,Tuning,Defaults,0.8,0.2
Baseline,KNN,0.85,Tuning,Tuning,0.2,0.8
Baseline,KNN,0.85,Defaults,Tuning,0.2,0.8
Baseline,KNN,0.85,Tuning,Tuning,0.0,1.0
Baseline,KNN,0.85,Tuning,Defaults,0.6,0.4
Baseline,KNN,0.85,Tuning,Tuning,0.4,0.6
Baseline,KNN,0.85,Defaults,Defaults,0.6,0.4
Baseline,KNN,0.85,Defaults,Tuning,0.4,0.6
Baseline,KNN,0.85,Tuning,Defaults,0.6,0.4
Baseline,KNN,0.85,Tuning,Defaults,0.6,0.4
Baseline,KNN,0.85,Tuning,Tuning,0.4,0.6
Baseline,KNN,0.85,Defaults,Tuning,0.2,0.8
Baseline,KNN,0.85,Defaults,Tuning,0.4,0.6
Baseline,KNN,0.85,Defaults,Defaults,0.6,0.4
Baseline,KNN,0.85,Tuning,Tuning,0.2,0.8
Baseline,KNN,0.85,Defaults,Tuning,0.4,0.6
Baseline,KNN,0.85,Tuning,Tuning,0.4,0.6
Baseline,KNN,0.85,Tuning,Tuning,0.2,0.8
Baseline,KNN,0.85,Defaults,Tuning,0.4,0.6
Baseline,KNN,0.85,Defaults,Defaults,0.8,0.2
Baseline,KNN,0.85,Tuning,Tuning,0.4,0.6
Baseline,KNN,0.85,Tuning,Tuning,0.2,0.8
Baseline,KNN,0.85,Defaults,Defaults,0.6,0.4
Baseline,KNN,0.85,Tuning,Defaults,0.6,0.4
Baseline,KNN,0.85,Tuning,Tuning,0.4,0.6
Baseline,KNN,0.85,Tuning,Tuning,0.2,0.8
Baseline,KNN,0.85,Tuning,Tuning,0.2,0.8
Baseline,KNN,0.9,Tuning,Tuning,0.0,1.0
Baseline,KNN,0.9,Tuning,Defaults,0.6,0.4
Baseline,KNN,0.9,Defaults,Defaults,0.6,0.4
Baseline,KNN,0.9,Tuning,Tuning,0.0,1.0
Baseline,KNN,0.9,Tuning,Tuning,0.0,1.0
Baseline,KNN,0.9,Tuning,Defaults,0.6,0.4
Baseline,KNN,0.9,Tuning,Tuning,0.0,1.0
Baseline,KNN,0.9,Defaults,Tuning,0.0,1.0
Baseline,KNN,0.9,Defaults,Tuning,0.0,1.0
Baseline,KNN,0.9,Tuning,Tuning,0.4,0.6
Baseline,KNN,0.9,Tuning,Tuning,0.0,1.0
Baseline,KNN,0.9,Defaults,Tuning,0.4,0.6
Baseline,KNN,0.9,Tuning,Tuning,0.2,0.8
Baseline,KNN,0.9,Tuning,Tuning,0.0,1.0
Baseline,KNN,0.9,Tuning,Tuning,0.0,1.0
Baseline,KNN,0.9,Tuning,Tuning,0.0,1.0
Baseline,KNN,0.9,Defaults,Defaults,0.6,0.4
Baseline,KNN,0.9,Tuning,Tuning,0.4,0.6
Baseline,KNN,0.9,Defaults,Tuning,0.4,0.6
Baseline,KNN,0.9,Tuning,Tuning,0.2,0.8
Baseline,KNN,0.9,Tuning,Defaults,0.6,0.4
Baseline,KNN,0.9,Defaults,Defaults,0.6,0.4
Baseline,KNN,0.9,Tuning,Tuning,0.2,0.8
Baseline,KNN,0.9,Tuning,Tuning,0.2,0.8
Baseline,KNN,0.9,Tuning,Tuning,0.2,0.8
Baseline,KNN,0.9,Tuning,Tuning,0.0,1.0
Baseline,KNN,0.9,Tuning,Tuning,0.0,1.0
Baseline,KNN,0.9,Tuning,Tuning,0.2,0.8
Baseline,KNN,0.9,Tuning,Tuning,0.0,1.0
Baseline,KNN,0.9,Tuning,Tuning,0.0,1.0
Baseline,KNN,0.9,Tuning,Tuning,0.0,1.0
Baseline,KNN,0.9,Tuning,Tuning,0.0,1.0
Baseline,KNN,0.9,Defaults,Defaults,0.8,0.2
Baseline,KNN,0.9,Defaults,Tuning,0.4,0.6
Baseline,KNN,0.9,Tuning,Tuning,0.4,0.6
Baseline,KNN,0.9,Tuning,Tuning,0.2,0.8
Baseline,KNN,0.9,Tuning,Tuning,0.4,0.6
Baseline,KNN,0.9,Defaults,Tuning,0.4,0.6
Baseline,KNN,0.9,Tuning,Defaults,0.6,0.4
Baseline,KNN,0.9,Defaults,Defaults,0.6,0.4
Baseline,KNN,0.9,Tuning,Tuning,0.4,0.6
Baseline,KNN,0.9,Tuning,Tuning,0.2,0.8
Baseline,KNN,0.9,Tuning,Defaults,0.6,0.4
Baseline,KNN,0.9,Tuning,Tuning,0.4,0.6
Baseline,KNN,0.9,Tuning,Defaults,0.6,0.4
Baseline,KNN,0.9,Tuning,Tuning,0.4,0.6
Baseline,KNN,0.9,Tuning,Tuning,0.4,0.6
Baseline,KNN,0.9,Tuning,Tuning,0.0,1.0
Baseline,KNN,0.9,Tuning,Tuning,0.4,0.6
Baseline,KNN,0.9,Tuning,Tuning,0.2,0.8
Baseline,KNN,0.9,Defaults,Defaults,0.6,0.4
Baseline,KNN,0.9,Tuning,Tuning,0.2,0.8
Baseline,KNN,0.9,Tuning,Tuning,0.2,0.8
Baseline,KNN,0.9,Defaults,Tuning,0.2,0.8
Baseline,KNN,0.9,Tuning,Defaults,1.0,0.0
Baseline,KNN,0.9,Tuning,Tuning,0.0,1.0
Baseline,KNN,0.9,Tuning,Tuning,0.4,0.6
Baseline,KNN,0.9,Tuning,Defaults,0.6,0.4
Baseline,KNN,0.9,Tuning,Tuning,0.4,0.6
Baseline,KNN,0.9,Tuning,Tuning,0.2,0.8
Baseline,KNN,0.9,Tuning,Tuning,0.0,1.0
Baseline,KNN,0.9,Tuning,Tuning,0.2,0.8
Baseline,KNN,0.9,Tuning,Tuning,0.2,0.8
Baseline,KNN,0.9,Defaults,Defaults,0.6,0.4
Baseline,KNN,0.9,Tuning,Tuning,0.4,0.6
Baseline,KNN,0.9,Defaults,Defaults,0.8,0.2
Baseline,KNN,0.9,Tuning,Tuning,0.2,0.8
Baseline,KNN,0.9,Tuning,Defaults,0.6,0.4
Baseline,KNN,0.9,Tuning,Tuning,0.4,0.6
Baseline,KNN,0.9,Tuning,Tuning,0.2,0.8
Baseline,KNN,0.9,Tuning,Tuning,0.2,0.8
Baseline,KNN,0.9,Defaults,Tuning,0.0,1.0
Baseline,KNN,0.9,Tuning,Tuning,0.2,0.8
Baseline,KNN,0.9,Defaults,Defaults,0.6,0.4
Baseline,KNN,0.9,Defaults,Defaults,0.6,0.4
Baseline,KNN,0.9,Defaults,Defaults,0.6,0.4
Baseline,KNN,0.9,Defaults,Defaults,0.6,0.4
Baseline,KNN,0.9,Tuning,Defaults,0.6,0.4
Baseline,KNN,0.9,Tuning,Defaults,0.6,0.4
Baseline,KNN,0.9,Tuning,Defaults,0.6,0.4
Baseline,KNN,0.9,Defaults,Defaults,0.6,0.4
Baseline,KNN,0.9,Defaults,Defaults,0.6,0.4
Baseline,KNN,0.9,Defaults,Defaults,0.6,0.4
Baseline,KNN,0.9,Defaults,Defaults,0.6,0.4
Baseline,KNN,0.9,Tuning,Defaults,0.8,0.2
Baseline,KNN,0.9,Tuning,Defaults,0.6,0.4
Baseline,KNN,0.9,Defaults,Defaults,1.0,0.0
Baseline,KNN,0.9,Tuning,Tuning,0.0,1.0
Baseline,KNN,0.9,Defaults,Defaults,0.6,0.4
Baseline,KNN,0.9,Tuning,Defaults,0.6,0.4
Baseline,KNN,0.9,Tuning,Tuning,0.0,1.0
Baseline,KNN,0.9,Defaults,Tuning,0.2,0.8
Baseline,KNN,0.9,Tuning,Tuning,0.2,0.8
Baseline,KNN,0.9,Defaults,Tuning,0.2,0.8
Baseline,KNN,0.9,Tuning,Tuning,0.4,0.6
Baseline,KNN,0.9,Tuning,Tuning,0.4,0.6
Baseline,KNN,0.9,Tuning,Tuning,0.0,1.0
Baseline,KNN,0.9,Defaults,Defaults,0.6,0.4
Baseline,KNN,0.9,Tuning,Tuning,0.0,1.0
Baseline,KNN,0.9,Tuning,Tuning,0.4,0.6
Baseline,KNN,0.9,Tuning,Tuning,0.2,0.8
Baseline,KNN,0.9,Defaults,Tuning,0.2,0.8
Baseline,KNN,0.9,Tuning,Tuning,0.2,0.8
Baseline,KNN,0.9,Tuning,Defaults,0.6,0.4
Baseline,KNN,0.9,Tuning,Defaults,0.8,0.2
Baseline,KNN,0.9,Tuning,Tuning,0.2,0.8
Baseline,KNN,0.9,Tuning,Defaults,0.6,0.4
Baseline,KNN,0.9,Tuning,Tuning,0.4,0.6
Baseline,KNN,0.9,Tuning,Tuning,0.2,0.8
Baseline,KNN,0.9,Defaults,Tuning,0.4,0.6
Baseline,KNN,0.9,Tuning,Tuning,0.2,0.8
Baseline,KNN,0.9,Tuning,Tuning,0.0,1.0
Baseline,KNN,0.9,Tuning,Tuning,0.0,1.0
Baseline,KNN,0.9,Tuning,Tuning,0.0,1.0
Baseline,KNN,0.9,Tuning,Tuning,0.2,0.8
Baseline,KNN,0.9,Tuning,Tuning,0.4,0.6
Baseline,KNN,0.9,Tuning,Defaults,0.6,0.4
Baseline,KNN,0.9,Tuning,Tuning,0.0,1.0
Baseline,KNN,0.9,Defaults,Defaults,0.6,0.4
Baseline,KNN,0.9,Tuning,Tuning,0.2,0.8
Baseline,KNN,0.9,Defaults,Defaults,0.8,0.2
Baseline,KNN,0.9,Tuning,Tuning,0.4,0.6
Baseline,KNN,0.9,Tuning,Defaults,0.6,0.4
Baseline,KNN,0.9,Tuning,Tuning,0.4,0.6
Baseline,KNN,0.9,Tuning,Tuning,0.4,0.6
Baseline,KNN,0.9,Defaults,Tuning,0.2,0.8
Baseline,KNN,0.9,Defaults,Tuning,0.2,0.8
Baseline,KNN,0.9,Tuning,Tuning,0.2,0.8
Baseline,KNN,0.9,Tuning,Defaults,0.6,0.4
Baseline,KNN,0.9,Tuning,Tuning,0.2,0.8
Baseline,KNN,0.9,Tuning,Tuning,0.2,0.8
Baseline,KNN,0.9,Tuning,Tuning,0.4,0.6
Baseline,KNN,0.9,Tuning,Tuning,0.4,0.6
Baseline,KNN,0.9,Tuning,Tuning,0.2,0.8
Baseline,KNN,0.9,Tuning,Tuning,0.2,0.8
Baseline,KNN,0.9,Defaults,Tuning,0.2,0.8
Baseline,KNN,0.9,Tuning,Tuning,0.4,0.6
Baseline,KNN,0.9,Tuning,Tuning,0.4,0.6
Baseline,KNN,0.9,Tuning,Tuning,0.0,1.0
Baseline,KNN,0.9,Tuning,Tuning,0.4,0.6
Baseline,KNN,0.9,Defaults,Defaults,0.8,0.2
Baseline,KNN,0.9,Tuning,Tuning,0.2,0.8
Baseline,KNN,0.9,Tuning,Defaults,1.0,0.0
Baseline,KNN,0.9,Tuning,Tuning,0.2,0.8
Baseline,KNN,0.9,Defaults,Tuning,0.2,0.8
Baseline,KNN,0.9,Tuning,Tuning,0.0,1.0
Baseline,KNN,0.9,Tuning,Defaults,0.6,0.4
Baseline,KNN,0.9,Tuning,Tuning,0.2,0.8
Baseline,KNN,0.9,Defaults,Tuning,0.4,0.6
Baseline,KNN,0.9,Defaults,Tuning,0.4,0.6
Baseline,KNN,0.9,Tuning,Defaults,0.6,0.4
Baseline,KNN,0.9,Tuning,Defaults,0.6,0.4
Baseline,KNN,0.9,Tuning,Tuning,0.4,0.6
Baseline,KNN,0.9,Defaults,Tuning,0.2,0.8
Baseline,KNN,0.9,Defaults,Tuning,0.4,0.6
Baseline,KNN,0.9,Defaults,Defaults,0.6,0.4
Baseline,KNN,0.9,Tuning,Tuning,0.4,0.6
Baseline,KNN,0.9,Defaults,Tuning,0.4,0.6
Baseline,KNN,0.9,Tuning,Tuning,0.4,0.6
Baseline,KNN,0.9,Tuning,Tuning,0.2,0.8
Baseline,KNN,0.9,Defaults,Tuning,0.4,0.6
Baseline,KNN,0.9,Defaults,Defaults,0.8,0.2
Baseline,KNN,0.9,Tuning,Tuning,0.4,0.6
Baseline,KNN,0.9,Tuning,Tuning,0.2,0.8
Baseline,KNN,0.9,Defaults,Defaults,0.6,0.4
Baseline,KNN,0.9,Tuning,Defaults,0.6,0.4
Baseline,KNN,0.9,Tuning,Tuning,0.4,0.6
Baseline,KNN,0.9,Tuning,Tuning,0.2,0.8
Baseline,KNN,0.9,Tuning,Tuning,0.0,1.0
Baseline,KNN,0.95,Tuning,Tuning,0.0,1.0
Baseline,KNN,0.95,Tuning,Defaults,0.6,0.4
Baseline,KNN,0.95,Defaults,Defaults,0.6,0.4
Baseline,KNN,0.95,Tuning,Tuning,0.0,1.0
Baseline,KNN,0.95,Tuning,Tuning,0.0,1.0
Baseline,KNN,0.95,Tuning,Defaults,1.0,0.0
Baseline,KNN,0.95,Tuning,Tuning,0.0,1.0
Baseline,KNN,0.95,Defaults,Tuning,0.0,1.0
Baseline,KNN,0.95,Defaults,Tuning,0.0,1.0
Baseline,KNN,0.95,Tuning,Tuning,0.4,0.6
Baseline,KNN,0.95,Tuning,Tuning,0.0,1.0
Baseline,KNN,0.95,Defaults,Tuning,0.4,0.6
Baseline,KNN,0.95,Tuning,Tuning,0.2,0.8
Baseline,KNN,0.95,Tuning,Tuning,0.0,1.0
Baseline,KNN,0.95,Tuning,Tuning,0.0,1.0
Baseline,KNN,0.95,Tuning,Tuning,0.0,1.0
Baseline,KNN,0.95,Defaults,Defaults,0.6,0.4
Baseline,KNN,0.95,Tuning,Tuning,0.2,0.8
Baseline,KNN,0.95,Defaults,Tuning,0.4,0.6
Baseline,KNN,0.95,Tuning,Tuning,0.4,0.6
Baseline,KNN,0.95,Tuning,Defaults,0.6,0.4
Baseline,KNN,0.95,Defaults,Defaults,0.6,0.4
Baseline,KNN,0.95,Tuning,Tuning,0.2,0.8
Baseline,KNN,0.95,Tuning,Tuning,0.4,0.6
Baseline,KNN,0.95,Tuning,Tuning,0.2,0.8
Baseline,KNN,0.95,Tuning,Tuning,0.0,1.0
Baseline,KNN,0.95,Tuning,Tuning,0.0,1.0
Baseline,KNN,0.95,Tuning,Tuning,0.2,0.8
Baseline,KNN,0.95,Tuning,Tuning,0.0,1.0
Baseline,KNN,0.95,Tuning,Tuning,0.0,1.0
Baseline,KNN,0.95,Tuning,Tuning,0.0,1.0
Baseline,KNN,0.95,Tuning,Tuning,0.0,1.0
Baseline,KNN,0.95,Defaults,Defaults,0.8,0.2
Baseline,KNN,0.95,Defaults,Tuning,0.4,0.6
Baseline,KNN,0.95,Tuning,Tuning,0.4,0.6
Baseline,KNN,0.95,Tuning,Tuning,0.2,0.8
Baseline,KNN,0.95,Tuning,Tuning,0.4,0.6
Baseline,KNN,0.95,Defaults,Tuning,0.4,0.6
Baseline,KNN,0.95,Tuning,Defaults,0.6,0.4
Baseline,KNN,0.95,Defaults,Defaults,0.6,0.4
Baseline,KNN,0.95,Tuning,Tuning,0.4,0.6
Baseline,KNN,0.95,Tuning,Tuning,0.2,0.8
Baseline,KNN,0.95,Tuning,Defaults,0.6,0.4
Baseline,KNN,0.95,Tuning,Tuning,0.4,0.6
Baseline,KNN,0.95,Tuning,Defaults,0.6,0.4
Baseline,KNN,0.95,Tuning,Defaults,0.6,0.4
Baseline,KNN,0.95,Tuning,Tuning,0.4,0.6
Baseline,KNN,0.95,Tuning,Tuning,0.0,1.0
Baseline,KNN,0.95,Tuning,Tuning,0.4,0.6
Baseline,KNN,0.95,Tuning,Tuning,0.2,0.8
Baseline,KNN,0.95,Defaults,Tuning,0.4,0.6
Baseline,KNN,0.95,Tuning,Tuning,0.2,0.8
Baseline,KNN,0.95,Tuning,Tuning,0.2,0.8
Baseline,KNN,0.95,Defaults,Tuning,0.2,0.8
Baseline,KNN,0.95,Tuning,Defaults,0.8,0.2
Baseline,KNN,0.95,Tuning,Tuning,0.4,0.6
Baseline,KNN,0.95,Tuning,Defaults,0.6,0.4
Baseline,KNN,0.95,Tuning,Tuning,0.4,0.6
Baseline,KNN,0.95,Tuning,Tuning,0.4,0.6
Baseline,KNN,0.95,Tuning,Tuning,0.2,0.8
Baseline,KNN,0.95,Tuning,Tuning,0.0,1.0
Baseline,KNN,0.95,Tuning,Tuning,0.4,0.6
Baseline,KNN,0.95,Tuning,Tuning,0.0,1.0
Baseline,KNN,0.95,Defaults,Defaults,0.6,0.4
Baseline,KNN,0.95,Tuning,Tuning,0.4,0.6
Baseline,KNN,0.95,Defaults,Defaults,0.8,0.2
Baseline,KNN,0.95,Tuning,Tuning,0.4,0.6
Baseline,KNN,0.95,Tuning,Defaults,0.6,0.4
Baseline,KNN,0.95,Tuning,Tuning,0.4,0.6
Baseline,KNN,0.95,Tuning,Tuning,0.2,0.8
Baseline,KNN,0.95,Tuning,Tuning,0.2,0.8
Baseline,KNN,0.95,Defaults,Tuning,0.0,1.0
Baseline,KNN,0.95,Tuning,Tuning,0.2,0.8
Baseline,KNN,0.95,Defaults,Defaults,0.6,0.4
Baseline,KNN,0.95,Defaults,Defaults,0.6,0.4
Baseline,KNN,0.95,Defaults,Defaults,0.6,0.4
Baseline,KNN,0.95,Defaults,Defaults,0.6,0.4
Baseline,KNN,0.95,Tuning,Defaults,0.8,0.2
Baseline,KNN,0.95,Tuning,Defaults,0.8,0.2
Baseline,KNN,0.95,Tuning,Defaults,0.6,0.4
Baseline,KNN,0.95,Defaults,Defaults,0.6,0.4
Baseline,KNN,0.95,Defaults,Defaults,0.8,0.2
Baseline,KNN,0.95,Defaults,Defaults,0.6,0.4
Baseline,KNN,0.95,Defaults,Defaults,0.6,0.4
Baseline,KNN,0.95,Tuning,Defaults,0.8,0.2
Baseline,KNN,0.95,Tuning,Defaults,0.6,0.4
Baseline,KNN,0.95,Defaults,Defaults,1.0,0.0
Baseline,KNN,0.95,Tuning,Tuning,0.0,1.0
Baseline,KNN,0.95,Defaults,Defaults,0.6,0.4
Baseline,KNN,0.95,Tuning,Defaults,0.8,0.2
Baseline,KNN,0.95,Tuning,Tuning,0.0,1.0
Baseline,KNN,0.95,Defaults,Tuning,0.2,0.8
Baseline,KNN,0.95,Tuning,Tuning,0.2,0.8
Baseline,KNN,0.95,Defaults,Tuning,0.2,0.8
Baseline,KNN,0.95,Tuning,Tuning,0.4,0.6
Baseline,KNN,0.95,Tuning,Tuning,0.4,0.6
Baseline,KNN,0.95,Tuning,Tuning,0.0,1.0
Baseline,KNN,0.95,Defaults,Defaults,0.6,0.4
Baseline,KNN,0.95,Tuning,Tuning,0.0,1.0
Baseline,KNN,0.95,Tuning,Tuning,0.4,0.6
Baseline,KNN,0.95,Tuning,Tuning,0.4,0.6
Baseline,KNN,0.95,Defaults,Tuning,0.2,0.8
Baseline,KNN,0.95,Tuning,Tuning,0.2,0.8
Baseline,KNN,0.95,Tuning,Defaults,0.8,0.2
Baseline,KNN,0.95,Tuning,Defaults,0.8,0.2
Baseline,KNN,0.95,Tuning,Tuning,0.2,0.8
Baseline,KNN,0.95,Tuning,Defaults,0.6,0.4
Baseline,KNN,0.95,Tuning,Tuning,0.4,0.6
Baseline,KNN,0.95,Tuning,Tuning,0.2,0.8
Baseline,KNN,0.95,Defaults,Tuning,0.4,0.6
Baseline,KNN,0.95,Tuning,Tuning,0.2,0.8
Baseline,KNN,0.95,Tuning,Tuning,0.0,1.0
Baseline,KNN,0.95,Tuning,Defaults,0.6,0.4
Baseline,KNN,0.95,Tuning,Tuning,0.0,1.0
Baseline,KNN,0.95,Tuning,Tuning,0.2,0.8
Baseline,KNN,0.95,Tuning,Tuning,0.4,0.6
Baseline,KNN,0.95,Tuning,Defaults,0.6,0.4
Baseline,KNN,0.95,Tuning,Tuning,0.0,1.0
Baseline,KNN,0.95,Defaults,Defaults,0.6,0.4
Baseline,KNN,0.95,Tuning,Tuning,0.0,1.0
Baseline,KNN,0.95,Defaults,Defaults,0.8,0.2
Baseline,KNN,0.95,Tuning,Tuning,0.4,0.6
Baseline,KNN,0.95,Tuning,Defaults,0.6,0.4
Baseline,KNN,0.95,Tuning,Tuning,0.4,0.6
Baseline,KNN,0.95,Tuning,Tuning,0.4,0.6
Baseline,KNN,0.95,Defaults,Tuning,0.2,0.8
Baseline,KNN,0.95,Defaults,Tuning,0.2,0.8
Baseline,KNN,0.95,Tuning,Tuning,0.2,0.8
Baseline,KNN,0.95,Tuning,Defaults,0.8,0.2
Baseline,KNN,0.95,Tuning,Tuning,0.2,0.8
Baseline,KNN,0.95,Tuning,Tuning,0.2,0.8
Baseline,KNN,0.95,Tuning,Tuning,0.4,0.6
Baseline,KNN,0.95,Tuning,Tuning,0.4,0.6
Baseline,KNN,0.95,Tuning,Tuning,0.2,0.8
Baseline,KNN,0.95,Tuning,Tuning,0.2,0.8
Baseline,KNN,0.95,Defaults,Tuning,0.4,0.6
Baseline,KNN,0.95,Tuning,Tuning,0.4,0.6
Baseline,KNN,0.95,Tuning,Defaults,0.6,0.4
Baseline,KNN,0.95,Tuning,Tuning,0.0,1.0
Baseline,KNN,0.95,Tuning,Tuning,0.2,0.8
Baseline,KNN,0.95,Defaults,Defaults,0.8,0.2
Baseline,KNN,0.95,Tuning,Tuning,0.4,0.6
Baseline,KNN,0.95,Tuning,Defaults,0.8,0.2
Baseline,KNN,0.95,Tuning,Tuning,0.2,0.8
Baseline,KNN,0.95,Defaults,Tuning,0.2,0.8
Baseline,KNN,0.95,Tuning,Tuning,0.0,1.0
Baseline,KNN,0.95,Tuning,Tuning,0.4,0.6
Baseline,KNN,0.95,Tuning,Tuning,0.2,0.8
Baseline,KNN,0.95,Defaults,Tuning,0.4,0.6
Baseline,KNN,0.95,Defaults,Tuning,0.4,0.6
Baseline,KNN,0.95,Tuning,Tuning,0.4,0.6
Baseline,KNN,0.95,Tuning,Defaults,0.6,0.4
Baseline,KNN,0.95,Tuning,Tuning,0.4,0.6
Baseline,KNN,0.95,Defaults,Tuning,0.4,0.6
Baseline,KNN,0.95,Defaults,Tuning,0.4,0.6
Baseline,KNN,0.95,Defaults,Defaults,0.6,0.4
Baseline,KNN,0.95,Tuning,Tuning,0.4,0.6
Baseline,KNN,0.95,Defaults,Tuning,0.4,0.6
Baseline,KNN,0.95,Tuning,Tuning,0.4,0.6
Baseline,KNN,0.95,Tuning,Tuning,0.2,0.8
Baseline,KNN,0.95,Defaults,Tuning,0.4,0.6
Baseline,KNN,0.95,Defaults,Defaults,0.8,0.2
Baseline,KNN,0.95,Tuning,Tuning,0.4,0.6
Baseline,KNN,0.95,Tuning,Tuning,0.2,0.8
Baseline,KNN,0.95,Defaults,Defaults,0.6,0.4
Baseline,KNN,0.95,Tuning,Defaults,0.6,0.4
Baseline,KNN,0.95,Tuning,Tuning,0.4,0.6
Baseline,KNN,0.95,Tuning,Tuning,0.2,0.8
Baseline,KNN,0.95,Tuning,Tuning,0.0,1.0
Baseline,DecisionTree,0.8,Tuning,Tuning,0.0,1.0
Baseline,DecisionTree,0.8,Tuning,Tuning,0.0,1.0
Baseline,DecisionTree,0.8,Defaults,Tuning,0.0,1.0
Baseline,DecisionTree,0.8,Tuning,Tuning,0.0,1.0
Baseline,DecisionTree,0.8,Tuning,Tuning,0.0,1.0
Baseline,DecisionTree,0.8,Tuning,Defaults,1.0,0.0
Baseline,DecisionTree,0.8,Tuning,Tuning,0.0,1.0
Baseline,DecisionTree,0.8,Defaults,Tuning,0.0,1.0
Baseline,DecisionTree,0.8,Defaults,Defaults,1.0,0.0
Baseline,DecisionTree,0.8,Tuning,Tuning,0.0,1.0
Baseline,DecisionTree,0.8,Tuning,Tuning,0.0,1.0
Baseline,DecisionTree,0.8,Defaults,Tuning,0.0,1.0
Baseline,DecisionTree,0.8,Tuning,Tuning,0.0,1.0
Baseline,DecisionTree,0.8,Tuning,Tuning,0.0,1.0
Baseline,DecisionTree,0.8,Tuning,Tuning,0.0,1.0
Baseline,DecisionTree,0.8,Tuning,Tuning,0.0,1.0
Baseline,DecisionTree,0.8,Defaults,Defaults,1.0,0.0
Baseline,DecisionTree,0.8,Tuning,Tuning,0.0,1.0
Baseline,DecisionTree,0.8,Defaults,Tuning,0.0,1.0
Baseline,DecisionTree,0.8,Tuning,Tuning,0.0,1.0
Baseline,DecisionTree,0.8,Tuning,Tuning,0.0,1.0
Baseline,DecisionTree,0.8,Defaults,Tuning,0.0,1.0
Baseline,DecisionTree,0.8,Tuning,Tuning,0.0,1.0
Baseline,DecisionTree,0.8,Tuning,Tuning,0.0,1.0
Baseline,DecisionTree,0.8,Tuning,Tuning,0.0,1.0
Baseline,DecisionTree,0.8,Tuning,Tuning,0.0,1.0
Baseline,DecisionTree,0.8,Tuning,Tuning,0.0,1.0
Baseline,DecisionTree,0.8,Tuning,Tuning,0.0,1.0
Baseline,DecisionTree,0.8,Tuning,Tuning,0.0,1.0
Baseline,DecisionTree,0.8,Tuning,Tuning,0.0,1.0
Baseline,DecisionTree,0.8,Tuning,Tuning,0.0,1.0
Baseline,DecisionTree,0.8,Tuning,Tuning,0.0,1.0
Baseline,DecisionTree,0.8,Defaults,Defaults,1.0,0.0
Baseline,DecisionTree,0.8,Defaults,Defaults,1.0,0.0
Baseline,DecisionTree,0.8,Tuning,Tuning,0.0,1.0
Baseline,DecisionTree,0.8,Tuning,Defaults,1.0,0.0
Baseline,DecisionTree,0.8,Tuning,Tuning,0.0,1.0
Baseline,DecisionTree,0.8,Defaults,Defaults,1.0,0.0
Baseline,DecisionTree,0.8,Tuning,Tuning,0.0,1.0
Baseline,DecisionTree,0.8,Defaults,Defaults,1.0,0.0
Baseline,DecisionTree,0.8,Tuning,Defaults,1.0,0.0
Baseline,DecisionTree,0.8,Tuning,Defaults,1.0,0.0
Baseline,DecisionTree,0.8,Tuning,Tuning,0.0,1.0
Baseline,DecisionTree,0.8,Tuning,Tuning,0.0,1.0
Baseline,DecisionTree,0.8,Tuning,Tuning,0.0,1.0
Baseline,DecisionTree,0.8,Tuning,Tuning,0.0,1.0
Baseline,DecisionTree,0.8,Tuning,Tuning,0.0,1.0
Baseline,DecisionTree,0.8,Tuning,Tuning,0.0,1.0
Baseline,DecisionTree,0.8,Tuning,Tuning,0.0,1.0
Baseline,DecisionTree,0.8,Tuning,Defaults,1.0,0.0
Baseline,DecisionTree,0.8,Defaults,Tuning,0.0,1.0
Baseline,DecisionTree,0.8,Tuning,Tuning,0.0,1.0
Baseline,DecisionTree,0.8,Tuning,Tuning,0.0,1.0
Baseline,DecisionTree,0.8,Defaults,Tuning,0.0,1.0
Baseline,DecisionTree,0.8,Tuning,Tuning,0.0,1.0
Baseline,DecisionTree,0.8,Tuning,Tuning,0.0,1.0
Baseline,DecisionTree,0.8,Tuning,Tuning,0.0,1.0
Baseline,DecisionTree,0.8,Tuning,Defaults,1.0,0.0
Baseline,DecisionTree,0.8,Tuning,Tuning,0.0,1.0
Baseline,DecisionTree,0.8,Tuning,Tuning,0.0,1.0
Baseline,DecisionTree,0.8,Tuning,Tuning,0.0,1.0
Baseline,DecisionTree,0.8,Tuning,Tuning,0.0,1.0
Baseline,DecisionTree,0.8,Tuning,Tuning,0.0,1.0
Baseline,DecisionTree,0.8,Defaults,Tuning,0.0,1.0
Baseline,DecisionTree,0.8,Tuning,Tuning,0.0,1.0
Baseline,DecisionTree,0.8,Defaults,Tuning,0.0,1.0
Baseline,DecisionTree,0.8,Tuning,Tuning,0.0,1.0
Baseline,DecisionTree,0.8,Tuning,Defaults,1.0,0.0
Baseline,DecisionTree,0.8,Tuning,Tuning,0.0,1.0
Baseline,DecisionTree,0.8,Tuning,Tuning,0.0,1.0
Baseline,DecisionTree,0.8,Tuning,Tuning,0.0,1.0
Baseline,DecisionTree,0.8,Defaults,Tuning,0.0,1.0
Baseline,DecisionTree,0.8,Tuning,Defaults,1.0,0.0
Baseline,DecisionTree,0.8,Defaults,Defaults,1.0,0.0
Baseline,DecisionTree,0.8,Defaults,Defaults,1.0,0.0
Baseline,DecisionTree,0.8,Defaults,Defaults,1.0,0.0
Baseline,DecisionTree,0.8,Defaults,Defaults,1.0,0.0
Baseline,DecisionTree,0.8,Tuning,Tuning,0.0,1.0
Baseline,DecisionTree,0.8,Tuning,Tuning,0.0,1.0
Baseline,DecisionTree,0.8,Tuning,Tuning,0.0,1.0
Baseline,DecisionTree,0.8,Defaults,Defaults,1.0,0.0
Baseline,DecisionTree,0.8,Defaults,Defaults,1.0,0.0
Baseline,DecisionTree,0.8,Defaults,Tuning,0.0,1.0
Baseline,DecisionTree,0.8,Defaults,Tuning,0.0,1.0
Baseline,DecisionTree,0.8,Tuning,Tuning,0.0,1.0
Baseline,DecisionTree,0.8,Tuning,Defaults,1.0,0.0
Baseline,DecisionTree,0.8,Defaults,Defaults,1.0,0.0
Baseline,DecisionTree,0.8,Tuning,Tuning,0.0,1.0
Baseline,DecisionTree,0.8,Defaults,Defaults,1.0,0.0
Baseline,DecisionTree,0.8,Tuning,Tuning,0.0,1.0
Baseline,DecisionTree,0.8,Tuning,Tuning,0.0,1.0
Baseline,DecisionTree,0.8,Defaults,Tuning,0.0,1.0
Baseline,DecisionTree,0.8,Tuning,Tuning,0.0,1.0
Baseline,DecisionTree,0.8,Defaults,Defaults,1.0,0.0
Baseline,DecisionTree,0.8,Tuning,Tuning,0.0,1.0
Baseline,DecisionTree,0.8,Tuning,Tuning,0.0,1.0
Baseline,DecisionTree,0.8,Tuning,Tuning,0.0,1.0
Baseline,DecisionTree,0.8,Defaults,Defaults,1.0,0.0
Baseline,DecisionTree,0.8,Tuning,Tuning,0.0,1.0
Baseline,DecisionTree,0.8,Tuning,Defaults,1.0,0.0
Baseline,DecisionTree,0.8,Tuning,Tuning,0.0,1.0
Baseline,DecisionTree,0.8,Defaults,Tuning,0.0,1.0
Baseline,DecisionTree,0.8,Tuning,Defaults,1.0,0.0
Baseline,DecisionTree,0.8,Tuning,Tuning,0.0,1.0
Baseline,DecisionTree,0.8,Tuning,Defaults,1.0,0.0
Baseline,DecisionTree,0.8,Tuning,Tuning,0.0,1.0
Baseline,DecisionTree,0.8,Tuning,Defaults,1.0,0.0
Baseline,DecisionTree,0.8,Tuning,Tuning,0.0,1.0
Baseline,DecisionTree,0.8,Tuning,Tuning,0.0,1.0
Baseline,DecisionTree,0.8,Defaults,Defaults,1.0,0.0
Baseline,DecisionTree,0.8,Tuning,Tuning,0.0,1.0
Baseline,DecisionTree,0.8,Tuning,Tuning,0.0,1.0
Baseline,DecisionTree,0.8,Tuning,Tuning,0.0,1.0
Baseline,DecisionTree,0.8,Tuning,Tuning,0.0,1.0
Baseline,DecisionTree,0.8,Tuning,Defaults,1.0,0.0
Baseline,DecisionTree,0.8,Tuning,Tuning,0.0,1.0
Baseline,DecisionTree,0.8,Tuning,Tuning,0.0,1.0
Baseline,DecisionTree,0.8,Tuning,Tuning,0.0,1.0
Baseline,DecisionTree,0.8,Defaults,Tuning,0.0,1.0
Baseline,DecisionTree,0.8,Tuning,Defaults,1.0,0.0
Baseline,DecisionTree,0.8,Defaults,Defaults,1.0,0.0
Baseline,DecisionTree,0.8,Tuning,Tuning,0.0,1.0
Baseline,DecisionTree,0.8,Tuning,Tuning,0.0,1.0
Baseline,DecisionTree,0.8,Tuning,Tuning,0.0,1.0
Baseline,DecisionTree,0.8,Tuning,Tuning,0.0,1.0
Baseline,DecisionTree,0.8,Defaults,Tuning,0.0,1.0
Baseline,DecisionTree,0.8,Defaults,Defaults,1.0,0.0
Baseline,DecisionTree,0.8,Tuning,Defaults,1.0,0.0
Baseline,DecisionTree,0.8,Tuning,Defaults,1.0,0.0
Baseline,DecisionTree,0.8,Tuning,Tuning,0.0,1.0
Baseline,DecisionTree,0.8,Tuning,Tuning,0.0,1.0
Baseline,DecisionTree,0.8,Tuning,Tuning,0.0,1.0
Baseline,DecisionTree,0.8,Tuning,Tuning,0.0,1.0
Baseline,DecisionTree,0.8,Tuning,Tuning,0.0,1.0
Baseline,DecisionTree,0.8,Tuning,Tuning,0.0,1.0
Baseline,DecisionTree,0.8,Defaults,Tuning,0.0,1.0
Baseline,DecisionTree,0.8,Tuning,Defaults,1.0,0.0
Baseline,DecisionTree,0.8,Tuning,Defaults,1.0,0.0
Baseline,DecisionTree,0.8,Tuning,Defaults,1.0,0.0
Baseline,DecisionTree,0.8,Tuning,Tuning,0.0,1.0
Baseline,DecisionTree,0.8,Defaults,Tuning,0.0,1.0
Baseline,DecisionTree,0.8,Tuning,Defaults,1.0,0.0
Baseline,DecisionTree,0.8,Tuning,Defaults,1.0,0.0
Baseline,DecisionTree,0.8,Tuning,Tuning,0.0,1.0
Baseline,DecisionTree,0.8,Defaults,Tuning,0.0,1.0
Baseline,DecisionTree,0.8,Tuning,Defaults,1.0,0.0
Baseline,DecisionTree,0.8,Tuning,Tuning,0.0,1.0
Baseline,DecisionTree,0.8,Tuning,Tuning,0.0,1.0
Baseline,DecisionTree,0.8,Defaults,Tuning,0.0,1.0
Baseline,DecisionTree,0.8,Defaults,Defaults,1.0,0.0
Baseline,DecisionTree,0.8,Tuning,Tuning,0.0,1.0
Baseline,DecisionTree,0.8,Tuning,Tuning,0.0,1.0
Baseline,DecisionTree,0.8,Tuning,Defaults,1.0,0.0
Baseline,DecisionTree,0.8,Defaults,Tuning,0.0,1.0
Baseline,DecisionTree,0.8,Defaults,Defaults,1.0,0.0
Baseline,DecisionTree,0.8,Defaults,Defaults,1.0,0.0
Baseline,DecisionTree,0.8,Tuning,Tuning,0.0,1.0
Baseline,DecisionTree,0.8,Defaults,Tuning,0.0,1.0
Baseline,DecisionTree,0.8,Tuning,Defaults,1.0,0.0
Baseline,DecisionTree,0.8,Tuning,Tuning,0.0,1.0
Baseline,DecisionTree,0.8,Defaults,Tuning,0.0,1.0
Baseline,DecisionTree,0.8,Defaults,Defaults,1.0,0.0
Baseline,DecisionTree,0.8,Tuning,Tuning,0.0,1.0
Baseline,DecisionTree,0.8,Tuning,Tuning,0.0,1.0
Baseline,DecisionTree,0.8,Defaults,Tuning,0.0,1.0
Baseline,DecisionTree,0.8,Tuning,Tuning,0.0,1.0
Baseline,DecisionTree,0.8,Tuning,Tuning,0.0,1.0
Baseline,DecisionTree,0.8,Tuning,Tuning,0.0,1.0
Baseline,DecisionTree,0.8,Tuning,Tuning,0.0,1.0
Baseline,DecisionTree,0.85,Tuning,Tuning,0.0,1.0
Baseline,DecisionTree,0.85,Tuning,Tuning,0.0,1.0
Baseline,DecisionTree,0.85,Defaults,Defaults,1.0,0.0
Baseline,DecisionTree,0.85,Tuning,Tuning,0.0,1.0
Baseline,DecisionTree,0.85,Tuning,Tuning,0.0,1.0
Baseline,DecisionTree,0.85,Tuning,Defaults,1.0,0.0
Baseline,DecisionTree,0.85,Tuning,Tuning,0.0,1.0
Baseline,DecisionTree,0.85,Defaults,Tuning,0.0,1.0
Baseline,DecisionTree,0.85,Defaults,Defaults,1.0,0.0
Baseline,DecisionTree,0.85,Tuning,Tuning,0.0,1.0
Baseline,DecisionTree,0.85,Tuning,Tuning,0.0,1.0
Baseline,DecisionTree,0.85,Defaults,Tuning,0.0,1.0
Baseline,DecisionTree,0.85,Tuning,Tuning,0.0,1.0
Baseline,DecisionTree,0.85,Tuning,Tuning,0.0,1.0
Baseline,DecisionTree,0.85,Tuning,Tuning,0.0,1.0
Baseline,DecisionTree,0.85,Tuning,Tuning,0.0,1.0
Baseline,DecisionTree,0.85,Defaults,Defaults,1.0,0.0
Baseline,DecisionTree,0.85,Tuning,Tuning,0.0,1.0
Baseline,DecisionTree,0.85,Defaults,Tuning,0.0,1.0
Baseline,DecisionTree,0.85,Tuning,Tuning,0.0,1.0
Baseline,DecisionTree,0.85,Tuning,Tuning,0.0,1.0
Baseline,DecisionTree,0.85,Defaults,Tuning,0.0,1.0
Baseline,DecisionTree,0.85,Tuning,Defaults,1.0,0.0
Baseline,DecisionTree,0.85,Tuning,Tuning,0.0,1.0
Baseline,DecisionTree,0.85,Tuning,Tuning,0.0,1.0
Baseline,DecisionTree,0.85,Tuning,Tuning,0.0,1.0
Baseline,DecisionTree,0.85,Tuning,Tuning,0.0,1.0
Baseline,DecisionTree,0.85,Tuning,Tuning,0.0,1.0
Baseline,DecisionTree,0.85,Tuning,Tuning,0.0,1.0
Baseline,DecisionTree,0.85,Tuning,Tuning,0.0,1.0
Baseline,DecisionTree,0.85,Tuning,Tuning,0.0,1.0
Baseline,DecisionTree,0.85,Tuning,Tuning,0.0,1.0
Baseline,DecisionTree,0.85,Defaults,Defaults,1.0,0.0
Baseline,DecisionTree,0.85,Defaults,Defaults,1.0,0.0
Baseline,DecisionTree,0.85,Tuning,Tuning,0.0,1.0
Baseline,DecisionTree,0.85,Tuning,Defaults,1.0,0.0
Baseline,DecisionTree,0.85,Tuning,Tuning,0.0,1.0
Baseline,DecisionTree,0.85,Defaults,Defaults,1.0,0.0
Baseline,DecisionTree,0.85,Tuning,Tuning,0.0,1.0
Baseline,DecisionTree,0.85,Defaults,Defaults,1.0,0.0
Baseline,DecisionTree,0.85,Tuning,Defaults,1.0,0.0
Baseline,DecisionTree,0.85,Tuning,Tuning,0.0,1.0
Baseline,DecisionTree,0.85,Tuning,Tuning,0.0,1.0
Baseline,DecisionTree,0.85,Tuning,Tuning,0.0,1.0
Baseline,DecisionTree,0.85,Tuning,Tuning,0.0,1.0
Baseline,DecisionTree,0.85,Tuning,Tuning,0.0,1.0
Baseline,DecisionTree,0.85,Tuning,Tuning,0.0,1.0
Baseline,DecisionTree,0.85,Tuning,Tuning,0.0,1.0
Baseline,DecisionTree,0.85,Tuning,Tuning,0.0,1.0
Baseline,DecisionTree,0.85,Tuning,Defaults,1.0,0.0
Baseline,DecisionTree,0.85,Defaults,Tuning,0.0,1.0
Baseline,DecisionTree,0.85,Tuning,Tuning,0.0,1.0
Baseline,DecisionTree,0.85,Tuning,Tuning,0.0,1.0
Baseline,DecisionTree,0.85,Defaults,Tuning,0.0,1.0
Baseline,DecisionTree,0.85,Tuning,Tuning,0.0,1.0
Baseline,DecisionTree,0.85,Tuning,Tuning,0.0,1.0
Baseline,DecisionTree,0.85,Tuning,Tuning,0.0,1.0
Baseline,DecisionTree,0.85,Tuning,Defaults,1.0,0.0
Baseline,DecisionTree,0.85,Tuning,Tuning,0.0,1.0
Baseline,DecisionTree,0.85,Tuning,Tuning,0.0,1.0
Baseline,DecisionTree,0.85,Tuning,Tuning,0.0,1.0
Baseline,DecisionTree,0.85,Tuning,Tuning,0.0,1.0
Baseline,DecisionTree,0.85,Tuning,Tuning,0.0,1.0
Baseline,DecisionTree,0.85,Defaults,Tuning,0.0,1.0
Baseline,DecisionTree,0.85,Tuning,Tuning,0.0,1.0
Baseline,DecisionTree,0.85,Defaults,Tuning,0.0,1.0
Baseline,DecisionTree,0.85,Tuning,Tuning,0.0,1.0
Baseline,DecisionTree,0.85,Tuning,Defaults,1.0,0.0
Baseline,DecisionTree,0.85,Tuning,Tuning,0.0,1.0
Baseline,DecisionTree,0.85,Tuning,Defaults,1.0,0.0
Baseline,DecisionTree,0.85,Tuning,Tuning,0.0,1.0
Baseline,DecisionTree,0.85,Defaults,Tuning,0.0,1.0
Baseline,DecisionTree,0.85,Tuning,Defaults,1.0,0.0
Baseline,DecisionTree,0.85,Defaults,Defaults,1.0,0.0
Baseline,DecisionTree,0.85,Defaults,Defaults,1.0,0.0
Baseline,DecisionTree,0.85,Defaults,Defaults,1.0,0.0
Baseline,DecisionTree,0.85,Defaults,Defaults,1.0,0.0
Baseline,DecisionTree,0.85,Tuning,Tuning,0.0,1.0
Baseline,DecisionTree,0.85,Tuning,Tuning,0.0,1.0
Baseline,DecisionTree,0.85,Tuning,Tuning,0.0,1.0
Baseline,DecisionTree,0.85,Defaults,Defaults,1.0,0.0
Baseline,DecisionTree,0.85,Defaults,Defaults,1.0,0.0
Baseline,DecisionTree,0.85,Defaults,Tuning,0.0,1.0
Baseline,DecisionTree,0.85,Defaults,Tuning,0.0,1.0
Baseline,DecisionTree,0.85,Tuning,Tuning,0.0,1.0
Baseline,DecisionTree,0.85,Tuning,Defaults,1.0,0.0
Baseline,DecisionTree,0.85,Defaults,Defaults,1.0,0.0
Baseline,DecisionTree,0.85,Tuning,Tuning,0.0,1.0
Baseline,DecisionTree,0.85,Defaults,Tuning,0.0,1.0
Baseline,DecisionTree,0.85,Tuning,Tuning,0.0,1.0
Baseline,DecisionTree,0.85,Tuning,Tuning,0.0,1.0
Baseline,DecisionTree,0.85,Defaults,Tuning,0.0,1.0
Baseline,DecisionTree,0.85,Tuning,Tuning,0.0,1.0
Baseline,DecisionTree,0.85,Defaults,Defaults,1.0,0.0
Baseline,DecisionTree,0.85,Tuning,Tuning,0.0,1.0
Baseline,DecisionTree,0.85,Tuning,Tuning,0.0,1.0
Baseline,DecisionTree,0.85,Tuning,Tuning,0.0,1.0
Baseline,DecisionTree,0.85,Defaults,Defaults,1.0,0.0
Baseline,DecisionTree,0.85,Tuning,Tuning,0.0,1.0
Baseline,DecisionTree,0.85,Tuning,Tuning,0.0,1.0
Baseline,DecisionTree,0.85,Tuning,Tuning,0.0,1.0
Baseline,DecisionTree,0.85,Defaults,Tuning,0.0,1.0
Baseline,DecisionTree,0.85,Tuning,Defaults,1.0,0.0
Baseline,DecisionTree,0.85,Tuning,Tuning,0.0,1.0
Baseline,DecisionTree,0.85,Tuning,Defaults,1.0,0.0
Baseline,DecisionTree,0.85,Tuning,Tuning,0.0,1.0
Baseline,DecisionTree,0.85,Tuning,Defaults,1.0,0.0
Baseline,DecisionTree,0.85,Tuning,Tuning,0.0,1.0
Baseline,DecisionTree,0.85,Tuning,Tuning,0.0,1.0
Baseline,DecisionTree,0.85,Defaults,Defaults,1.0,0.0
Baseline,DecisionTree,0.85,Tuning,Tuning,0.0,1.0
Baseline,DecisionTree,0.85,Tuning,Tuning,0.0,1.0
Baseline,DecisionTree,0.85,Tuning,Tuning,0.0,1.0
Baseline,DecisionTree,0.85,Tuning,Tuning,0.0,1.0
Baseline,DecisionTree,0.85,Tuning,Tuning,0.0,1.0
Baseline,DecisionTree,0.85,Tuning,Tuning,0.0,1.0
Baseline,DecisionTree,0.85,Tuning,Tuning,0.0,1.0
Baseline,DecisionTree,0.85,Tuning,Tuning,0.0,1.0
Baseline,DecisionTree,0.85,Defaults,Defaults,1.0,0.0
Baseline,DecisionTree,0.85,Tuning,Defaults,1.0,0.0
Baseline,DecisionTree,0.85,Defaults,Defaults,1.0,0.0
Baseline,DecisionTree,0.85,Tuning,Tuning,0.0,1.0
Baseline,DecisionTree,0.85,Tuning,Tuning,0.0,1.0
Baseline,DecisionTree,0.85,Tuning,Tuning,0.0,1.0
Baseline,DecisionTree,0.85,Tuning,Tuning,0.0,1.0
Baseline,DecisionTree,0.85,Defaults,Tuning,0.0,1.0
Baseline,DecisionTree,0.85,Defaults,Defaults,1.0,0.0
Baseline,DecisionTree,0.85,Tuning,Tuning,0.0,1.0
Baseline,DecisionTree,0.85,Tuning,Defaults,1.0,0.0
Baseline,DecisionTree,0.85,Tuning,Tuning,0.0,1.0
Baseline,DecisionTree,0.85,Tuning,Tuning,0.0,1.0
Baseline,DecisionTree,0.85,Tuning,Tuning,0.0,1.0
Baseline,DecisionTree,0.85,Tuning,Tuning,0.0,1.0
Baseline,DecisionTree,0.85,Tuning,Tuning,0.0,1.0
Baseline,DecisionTree,0.85,Tuning,Defaults,1.0,0.0
Baseline,DecisionTree,0.85,Defaults,Tuning,0.0,1.0
Baseline,DecisionTree,0.85,Tuning,Defaults,1.0,0.0
Baseline,DecisionTree,0.85,Tuning,Defaults,1.0,0.0
Baseline,DecisionTree,0.85,Tuning,Defaults,1.0,0.0
Baseline,DecisionTree,0.85,Tuning,Tuning,0.0,1.0
Baseline,DecisionTree,0.85,Defaults,Defaults,1.0,0.0
Baseline,DecisionTree,0.85,Tuning,Defaults,1.0,0.0
Baseline,DecisionTree,0.85,Tuning,Tuning,0.0,1.0
Baseline,DecisionTree,0.85,Tuning,Tuning,0.0,1.0
Baseline,DecisionTree,0.85,Defaults,Tuning,0.0,1.0
Baseline,DecisionTree,0.85,Tuning,Defaults,1.0,0.0
Baseline,DecisionTree,0.85,Tuning,Tuning,0.0,1.0
Baseline,DecisionTree,0.85,Tuning,Tuning,0.0,1.0
Baseline,DecisionTree,0.85,Defaults,Tuning,0.0,1.0
Baseline,DecisionTree,0.85,Defaults,Defaults,1.0,0.0
Baseline,DecisionTree,0.85,Tuning,Defaults,1.0,0.0
Baseline,DecisionTree,0.85,Tuning,Tuning,0.0,1.0
Baseline,DecisionTree,0.85,Tuning,Defaults,1.0,0.0
Baseline,DecisionTree,0.85,Defaults,Tuning,0.0,1.0
Baseline,DecisionTree,0.85,Defaults,Defaults,1.0,0.0
Baseline,DecisionTree,0.85,Defaults,Tuning,0.0,1.0
Baseline,DecisionTree,0.85,Tuning,Tuning,0.0,1.0
Baseline,DecisionTree,0.85,Defaults,Tuning,0.0,1.0
Baseline,DecisionTree,0.85,Tuning,Defaults,1.0,0.0
Baseline,DecisionTree,0.85,Tuning,Tuning,0.0,1.0
Baseline,DecisionTree,0.85,Defaults,Tuning,0.0,1.0
Baseline,DecisionTree,0.85,Defaults,Defaults,1.0,0.0
Baseline,DecisionTree,0.85,Tuning,Tuning,0.0,1.0
Baseline,DecisionTree,0.85,Tuning,Tuning,0.0,1.0
Baseline,DecisionTree,0.85,Defaults,Tuning,0.0,1.0
Baseline,DecisionTree,0.85,Tuning,Tuning,0.0,1.0
Baseline,DecisionTree,0.85,Tuning,Tuning,0.0,1.0
Baseline,DecisionTree,0.85,Tuning,Tuning,0.0,1.0
Baseline,DecisionTree,0.85,Tuning,Tuning,0.0,1.0
Baseline,DecisionTree,0.9,Tuning,Defaults,1.0,0.0
Baseline,DecisionTree,0.9,Tuning,Tuning,0.0,1.0
Baseline,DecisionTree,0.9,Defaults,Defaults,1.0,0.0
Baseline,DecisionTree,0.9,Tuning,Tuning,0.0,1.0
Baseline,DecisionTree,0.9,Tuning,Tuning,0.0,1.0
Baseline,DecisionTree,0.9,Tuning,Defaults,1.0,0.0
Baseline,DecisionTree,0.9,Tuning,Defaults,1.0,0.0
Baseline,DecisionTree,0.9,Defaults,Tuning,0.0,1.0
Baseline,DecisionTree,0.9,Defaults,Defaults,1.0,0.0
Baseline,DecisionTree,0.9,Tuning,Tuning,0.0,1.0
Baseline,DecisionTree,0.9,Tuning,Tuning,0.0,1.0
Baseline,DecisionTree,0.9,Defaults,Tuning,0.0,1.0
Baseline,DecisionTree,0.9,Tuning,Tuning,0.0,1.0
Baseline,DecisionTree,0.9,Tuning,Tuning,0.0,1.0
Baseline,DecisionTree,0.9,Tuning,Tuning,0.0,1.0
Baseline,DecisionTree,0.9,Tuning,Tuning,0.0,1.0
Baseline,DecisionTree,0.9,Defaults,Defaults,1.0,0.0
Baseline,DecisionTree,0.9,Tuning,Defaults,1.0,0.0
Baseline,DecisionTree,0.9,Defaults,Tuning,0.0,1.0
Baseline,DecisionTree,0.9,Tuning,Defaults,1.0,0.0
Baseline,DecisionTree,0.9,Tuning,Tuning,0.0,1.0
Baseline,DecisionTree,0.9,Defaults,Tuning,0.0,1.0
Baseline,DecisionTree,0.9,Tuning,Tuning,0.0,1.0
Baseline,DecisionTree,0.9,Tuning,Tuning,0.0,1.0
Baseline,DecisionTree,0.9,Tuning,Tuning,0.0,1.0
Baseline,DecisionTree,0.9,Tuning,Tuning,0.0,1.0
Baseline,DecisionTree,0.9,Tuning,Tuning,0.0,1.0
Baseline,DecisionTree,0.9,Tuning,Tuning,0.0,1.0
Baseline,DecisionTree,0.9,Tuning,Tuning,0.0,1.0
Baseline,DecisionTree,0.9,Tuning,Tuning,0.0,1.0
Baseline,DecisionTree,0.9,Tuning,Tuning,0.0,1.0
Baseline,DecisionTree,0.9,Tuning,Tuning,0.0,1.0
Baseline,DecisionTree,0.9,Defaults,Defaults,1.0,0.0
Baseline,DecisionTree,0.9,Defaults,Defaults,1.0,0.0
Baseline,DecisionTree,0.9,Tuning,Tuning,0.0,1.0
Baseline,DecisionTree,0.9,Tuning,Defaults,1.0,0.0
Baseline,DecisionTree,0.9,Tuning,Tuning,0.0,1.0
Baseline,DecisionTree,0.9,Defaults,Defaults,1.0,0.0
Baseline,DecisionTree,0.9,Tuning,Tuning,0.0,1.0
Baseline,DecisionTree,0.9,Defaults,Defaults,1.0,0.0
Baseline,DecisionTree,0.9,Tuning,Defaults,1.0,0.0
Baseline,DecisionTree,0.9,Tuning,Tuning,0.0,1.0
Baseline,DecisionTree,0.9,Tuning,Tuning,0.0,1.0
Baseline,DecisionTree,0.9,Tuning,Tuning,0.0,1.0
Baseline,DecisionTree,0.9,Tuning,Tuning,0.0,1.0
Baseline,DecisionTree,0.9,Tuning,Tuning,0.0,1.0
Baseline,DecisionTree,0.9,Tuning,Tuning,0.0,1.0
Baseline,DecisionTree,0.9,Tuning,Tuning,0.0,1.0
Baseline,DecisionTree,0.9,Tuning,Tuning,0.0,1.0
Baseline,DecisionTree,0.9,Tuning,Defaults,1.0,0.0
Baseline,DecisionTree,0.9,Defaults,Defaults,1.0,0.0
Baseline,DecisionTree,0.9,Tuning,Tuning,0.0,1.0
Baseline,DecisionTree,0.9,Tuning,Tuning,0.0,1.0
Baseline,DecisionTree,0.9,Defaults,Tuning,0.0,1.0
Baseline,DecisionTree,0.9,Tuning,Tuning,0.0,1.0
Baseline,DecisionTree,0.9,Tuning,Tuning,0.0,1.0
Baseline,DecisionTree,0.9,Tuning,Tuning,0.0,1.0
Baseline,DecisionTree,0.9,Tuning,Defaults,1.0,0.0
Baseline,DecisionTree,0.9,Tuning,Tuning,0.0,1.0
Baseline,DecisionTree,0.9,Tuning,Tuning,0.0,1.0
Baseline,DecisionTree,0.9,Tuning,Tuning,0.0,1.0
Baseline,DecisionTree,0.9,Tuning,Tuning,0.0,1.0
Baseline,DecisionTree,0.9,Tuning,Tuning,0.0,1.0
Baseline,DecisionTree,0.9,Defaults,Tuning,0.0,1.0
Baseline,DecisionTree,0.9,Tuning,Tuning,0.0,1.0
Baseline,DecisionTree,0.9,Defaults,Tuning,0.0,1.0
Baseline,DecisionTree,0.9,Tuning,Tuning,0.0,1.0
Baseline,DecisionTree,0.9,Tuning,Tuning,0.0,1.0
Baseline,DecisionTree,0.9,Tuning,Tuning,0.0,1.0
Baseline,DecisionTree,0.9,Tuning,Defaults,1.0,0.0
Baseline,DecisionTree,0.9,Tuning,Tuning,0.0,1.0
Baseline,DecisionTree,0.9,Defaults,Tuning,0.0,1.0
Baseline,DecisionTree,0.9,Tuning,Tuning,0.0,1.0
Baseline,DecisionTree,0.9,Defaults,Defaults,1.0,0.0
Baseline,DecisionTree,0.9,Defaults,Defaults,1.0,0.0
Baseline,DecisionTree,0.9,Defaults,Defaults,1.0,0.0
Baseline,DecisionTree,0.9,Defaults,Defaults,1.0,0.0
Baseline,DecisionTree,0.9,Tuning,Tuning,0.0,1.0
Baseline,DecisionTree,0.9,Tuning,Tuning,0.0,1.0
Baseline,DecisionTree,0.9,Tuning,Tuning,0.0,1.0
Baseline,DecisionTree,0.9,Defaults,Tuning,0.0,1.0
Baseline,DecisionTree,0.9,Defaults,Tuning,0.0,1.0
Baseline,DecisionTree,0.9,Defaults,Tuning,0.0,1.0
Baseline,DecisionTree,0.9,Defaults,Defaults,1.0,0.0
Baseline,DecisionTree,0.9,Tuning,Tuning,0.0,1.0
Baseline,DecisionTree,0.9,Tuning,Defaults,1.0,0.0
Baseline,DecisionTree,0.9,Defaults,Defaults,1.0,0.0
Baseline,DecisionTree,0.9,Tuning,Tuning,0.0,1.0
Baseline,DecisionTree,0.9,Defaults,Tuning,0.0,1.0
Baseline,DecisionTree,0.9,Tuning,Tuning,0.0,1.0
Baseline,DecisionTree,0.9,Tuning,Tuning,0.0,1.0
Baseline,DecisionTree,0.9,Defaults,Tuning,0.0,1.0
Baseline,DecisionTree,0.9,Tuning,Tuning,0.0,1.0
Baseline,DecisionTree,0.9,Defaults,Defaults,1.0,0.0
Baseline,DecisionTree,0.9,Tuning,Tuning,0.0,1.0
Baseline,DecisionTree,0.9,Tuning,Tuning,0.0,1.0
Baseline,DecisionTree,0.9,Tuning,Tuning,0.0,1.0
Baseline,DecisionTree,0.9,Defaults,Defaults,1.0,0.0
Baseline,DecisionTree,0.9,Tuning,Tuning,0.0,1.0
Baseline,DecisionTree,0.9,Tuning,Defaults,1.0,0.0
Baseline,DecisionTree,0.9,Tuning,Tuning,0.0,1.0
Baseline,DecisionTree,0.9,Defaults,Tuning,0.0,1.0
Baseline,DecisionTree,0.9,Tuning,Defaults,1.0,0.0
Baseline,DecisionTree,0.9,Tuning,Tuning,0.0,1.0
Baseline,DecisionTree,0.9,Tuning,Defaults,1.0,0.0
Baseline,DecisionTree,0.9,Tuning,Tuning,0.0,1.0
Baseline,DecisionTree,0.9,Tuning,Defaults,1.0,0.0
Baseline,DecisionTree,0.9,Tuning,Tuning,0.0,1.0
Baseline,DecisionTree,0.9,Tuning,Tuning,0.0,1.0
Baseline,DecisionTree,0.9,Defaults,Defaults,1.0,0.0
Baseline,DecisionTree,0.9,Tuning,Tuning,0.0,1.0
Baseline,DecisionTree,0.9,Tuning,Tuning,0.0,1.0
Baseline,DecisionTree,0.9,Tuning,Tuning,0.0,1.0
Baseline,DecisionTree,0.9,Tuning,Tuning,0.0,1.0
Baseline,DecisionTree,0.9,Tuning,Tuning,0.0,1.0
Baseline,DecisionTree,0.9,Tuning,Tuning,0.0,1.0
Baseline,DecisionTree,0.9,Tuning,Tuning,0.0,1.0
Baseline,DecisionTree,0.9,Tuning,Tuning,0.0,1.0
Baseline,DecisionTree,0.9,Defaults,Defaults,1.0,0.0
Baseline,DecisionTree,0.9,Tuning,Defaults,1.0,0.0
Baseline,DecisionTree,0.9,Defaults,Defaults,1.0,0.0
Baseline,DecisionTree,0.9,Tuning,Tuning,0.0,1.0
Baseline,DecisionTree,0.9,Tuning,Tuning,0.0,1.0
Baseline,DecisionTree,0.9,Tuning,Tuning,0.0,1.0
Baseline,DecisionTree,0.9,Tuning,Tuning,0.0,1.0
Baseline,DecisionTree,0.9,Defaults,Tuning,0.0,1.0
Baseline,DecisionTree,0.9,Defaults,Defaults,1.0,0.0
Baseline,DecisionTree,0.9,Tuning,Tuning,0.0,1.0
Baseline,DecisionTree,0.9,Tuning,Defaults,1.0,0.0
Baseline,DecisionTree,0.9,Tuning,Tuning,0.0,1.0
Baseline,DecisionTree,0.9,Tuning,Tuning,0.0,1.0
Baseline,DecisionTree,0.9,Tuning,Tuning,0.0,1.0
Baseline,DecisionTree,0.9,Tuning,Tuning,0.0,1.0
Baseline,DecisionTree,0.9,Tuning,Tuning,0.0,1.0
Baseline,DecisionTree,0.9,Tuning,Tuning,0.0,1.0
Baseline,DecisionTree,0.9,Defaults,Tuning,0.0,1.0
Baseline,DecisionTree,0.9,Tuning,Defaults,1.0,0.0
Baseline,DecisionTree,0.9,Tuning,Defaults,1.0,0.0
Baseline,DecisionTree,0.9,Tuning,Tuning,0.0,1.0
Baseline,DecisionTree,0.9,Tuning,Tuning,0.0,1.0
Baseline,DecisionTree,0.9,Defaults,Tuning,0.0,1.0
Baseline,DecisionTree,0.9,Tuning,Defaults,1.0,0.0
Baseline,DecisionTree,0.9,Tuning,Tuning,0.0,1.0
Baseline,DecisionTree,0.9,Tuning,Tuning,0.0,1.0
Baseline,DecisionTree,0.9,Defaults,Tuning,0.0,1.0
Baseline,DecisionTree,0.9,Tuning,Tuning,0.0,1.0
Baseline,DecisionTree,0.9,Tuning,Tuning,0.0,1.0
Baseline,DecisionTree,0.9,Tuning,Tuning,0.0,1.0
Baseline,DecisionTree,0.9,Defaults,Defaults,1.0,0.0
Baseline,DecisionTree,0.9,Defaults,Tuning,0.0,1.0
Baseline,DecisionTree,0.9,Tuning,Tuning,0.0,1.0
Baseline,DecisionTree,0.9,Tuning,Tuning,0.0,1.0
Baseline,DecisionTree,0.9,Tuning,Defaults,1.0,0.0
Baseline,DecisionTree,0.9,Defaults,Tuning,0.0,1.0
Baseline,DecisionTree,0.9,Defaults,Defaults,1.0,0.0
Baseline,DecisionTree,0.9,Defaults,Tuning,0.0,1.0
Baseline,DecisionTree,0.9,Tuning,Tuning,0.0,1.0
Baseline,DecisionTree,0.9,Defaults,Tuning,0.0,1.0
Baseline,DecisionTree,0.9,Tuning,Defaults,1.0,0.0
Baseline,DecisionTree,0.9,Tuning,Defaults,1.0,0.0
Baseline,DecisionTree,0.9,Defaults,Tuning,0.0,1.0
Baseline,DecisionTree,0.9,Defaults,Defaults,1.0,0.0
Baseline,DecisionTree,0.9,Tuning,Tuning,0.0,1.0
Baseline,DecisionTree,0.9,Tuning,Tuning,0.0,1.0
Baseline,DecisionTree,0.9,Defaults,Tuning,0.0,1.0
Baseline,DecisionTree,0.9,Tuning,Tuning,0.0,1.0
Baseline,DecisionTree,0.9,Tuning,Tuning,0.0,1.0
Baseline,DecisionTree,0.9,Tuning,Tuning,0.0,1.0
Baseline,DecisionTree,0.9,Tuning,Tuning,0.0,1.0
Baseline,DecisionTree,0.95,Tuning,Defaults,1.0,0.0
Baseline,DecisionTree,0.95,Tuning,Tuning,0.0,1.0
Baseline,DecisionTree,0.95,Defaults,Defaults,1.0,0.0
Baseline,DecisionTree,0.95,Tuning,Tuning,0.0,1.0
Baseline,DecisionTree,0.95,Tuning,Tuning,0.0,1.0
Baseline,DecisionTree,0.95,Tuning,Defaults,1.0,0.0
Baseline,DecisionTree,0.95,Tuning,Tuning,0.0,1.0
Baseline,DecisionTree,0.95,Defaults,Tuning,0.0,1.0
Baseline,DecisionTree,0.95,Defaults,Defaults,1.0,0.0
Baseline,DecisionTree,0.95,Tuning,Tuning,0.0,1.0
Baseline,DecisionTree,0.95,Tuning,Tuning,0.0,1.0
Baseline,DecisionTree,0.95,Defaults,Tuning,0.0,1.0
Baseline,DecisionTree,0.95,Tuning,Tuning,0.0,1.0
Baseline,DecisionTree,0.95,Tuning,Tuning,0.0,1.0
Baseline,DecisionTree,0.95,Tuning,Tuning,0.0,1.0
Baseline,DecisionTree,0.95,Tuning,Tuning,0.0,1.0
Baseline,DecisionTree,0.95,Defaults,Defaults,1.0,0.0
Baseline,DecisionTree,0.95,Tuning,Defaults,1.0,0.0
Baseline,DecisionTree,0.95,Defaults,Tuning,0.0,1.0
Baseline,DecisionTree,0.95,Tuning,Tuning,0.0,1.0
Baseline,DecisionTree,0.95,Tuning,Tuning,0.0,1.0
Baseline,DecisionTree,0.95,Defaults,Tuning,0.0,1.0
Baseline,DecisionTree,0.95,Tuning,Tuning,0.0,1.0
Baseline,DecisionTree,0.95,Tuning,Tuning,0.0,1.0
Baseline,DecisionTree,0.95,Tuning,Tuning,0.0,1.0
Baseline,DecisionTree,0.95,Tuning,Tuning,0.0,1.0
Baseline,DecisionTree,0.95,Tuning,Tuning,0.0,1.0
Baseline,DecisionTree,0.95,Tuning,Tuning,0.0,1.0
Baseline,DecisionTree,0.95,Tuning,Tuning,0.0,1.0
Baseline,DecisionTree,0.95,Tuning,Tuning,0.0,1.0
Baseline,DecisionTree,0.95,Tuning,Tuning,0.0,1.0
Baseline,DecisionTree,0.95,Tuning,Tuning,0.0,1.0
Baseline,DecisionTree,0.95,Defaults,Defaults,1.0,0.0
Baseline,DecisionTree,0.95,Defaults,Defaults,1.0,0.0
Baseline,DecisionTree,0.95,Tuning,Tuning,0.0,1.0
Baseline,DecisionTree,0.95,Tuning,Defaults,1.0,0.0
Baseline,DecisionTree,0.95,Tuning,Tuning,0.0,1.0
Baseline,DecisionTree,0.95,Defaults,Defaults,1.0,0.0
Baseline,DecisionTree,0.95,Tuning,Tuning,0.0,1.0
Baseline,DecisionTree,0.95,Defaults,Defaults,1.0,0.0
Baseline,DecisionTree,0.95,Tuning,Defaults,1.0,0.0
Baseline,DecisionTree,0.95,Tuning,Tuning,0.0,1.0
Baseline,DecisionTree,0.95,Tuning,Tuning,0.0,1.0
Baseline,DecisionTree,0.95,Tuning,Tuning,0.0,1.0
Baseline,DecisionTree,0.95,Tuning,Tuning,0.0,1.0
Baseline,DecisionTree,0.95,Tuning,Tuning,0.0,1.0
Baseline,DecisionTree,0.95,Tuning,Defaults,1.0,0.0
Baseline,DecisionTree,0.95,Tuning,Tuning,0.0,1.0
Baseline,DecisionTree,0.95,Tuning,Tuning,0.0,1.0
Baseline,DecisionTree,0.95,Tuning,Defaults,1.0,0.0
Baseline,DecisionTree,0.95,Defaults,Tuning,0.0,1.0
Baseline,DecisionTree,0.95,Tuning,Tuning,0.0,1.0
Baseline,DecisionTree,0.95,Tuning,Tuning,0.0,1.0
Baseline,DecisionTree,0.95,Defaults,Tuning,0.0,1.0
Baseline,DecisionTree,0.95,Tuning,Tuning,0.0,1.0
Baseline,DecisionTree,0.95,Tuning,Tuning,0.0,1.0
Baseline,DecisionTree,0.95,Tuning,Tuning,0.0,1.0
Baseline,DecisionTree,0.95,Tuning,Defaults,1.0,0.0
Baseline,DecisionTree,0.95,Tuning,Tuning,0.0,1.0
Baseline,DecisionTree,0.95,Tuning,Tuning,0.0,1.0
Baseline,DecisionTree,0.95,Tuning,Tuning,0.0,1.0
Baseline,DecisionTree,0.95,Tuning,Tuning,0.0,1.0
Baseline,DecisionTree,0.95,Tuning,Tuning,0.0,1.0
Baseline,DecisionTree,0.95,Defaults,Tuning,0.0,1.0
Baseline,DecisionTree,0.95,Tuning,Tuning,0.0,1.0
Baseline,DecisionTree,0.95,Defaults,Tuning,0.0,1.0
Baseline,DecisionTree,0.95,Tuning,Defaults,1.0,0.0
Baseline,DecisionTree,0.95,Tuning,Tuning,0.0,1.0
Baseline,DecisionTree,0.95,Tuning,Tuning,0.0,1.0
Baseline,DecisionTree,0.95,Tuning,Tuning,0.0,1.0
Baseline,DecisionTree,0.95,Tuning,Tuning,0.0,1.0
Baseline,DecisionTree,0.95,Defaults,Tuning,0.0,1.0
Baseline,DecisionTree,0.95,Tuning,Tuning,0.0,1.0
Baseline,DecisionTree,0.95,Defaults,Defaults,1.0,0.0
Baseline,DecisionTree,0.95,Defaults,Defaults,1.0,0.0
Baseline,DecisionTree,0.95,Defaults,Defaults,1.0,0.0
Baseline,DecisionTree,0.95,Defaults,Defaults,1.0,0.0
Baseline,DecisionTree,0.95,Tuning,Tuning,0.0,1.0
Baseline,DecisionTree,0.95,Tuning,Tuning,0.0,1.0
Baseline,DecisionTree,0.95,Tuning,Tuning,0.0,1.0
Baseline,DecisionTree,0.95,Defaults,Tuning,0.0,1.0
Baseline,DecisionTree,0.95,Defaults,Defaults,1.0,0.0
Baseline,DecisionTree,0.95,Defaults,Tuning,0.0,1.0
Baseline,DecisionTree,0.95,Defaults,Defaults,1.0,0.0
Baseline,DecisionTree,0.95,Tuning,Tuning,0.0,1.0
Baseline,DecisionTree,0.95,Tuning,Defaults,1.0,0.0
Baseline,DecisionTree,0.95,Defaults,Defaults,1.0,0.0
Baseline,DecisionTree,0.95,Tuning,Tuning,0.0,1.0
Baseline,DecisionTree,0.95,Defaults,Defaults,1.0,0.0
Baseline,DecisionTree,0.95,Tuning,Tuning,0.0,1.0
Baseline,DecisionTree,0.95,Tuning,Tuning,0.0,1.0
Baseline,DecisionTree,0.95,Defaults,Tuning,0.0,1.0
Baseline,DecisionTree,0.95,Tuning,Tuning,0.0,1.0
Baseline,DecisionTree,0.95,Defaults,Defaults,1.0,0.0
Baseline,DecisionTree,0.95,Tuning,Tuning,0.0,1.0
Baseline,DecisionTree,0.95,Tuning,Tuning,0.0,1.0
Baseline,DecisionTree,0.95,Tuning,Tuning,0.0,1.0
Baseline,DecisionTree,0.95,Defaults,Defaults,1.0,0.0
Baseline,DecisionTree,0.95,Tuning,Tuning,0.0,1.0
Baseline,DecisionTree,0.95,Tuning,Defaults,1.0,0.0
Baseline,DecisionTree,0.95,Tuning,Tuning,0.0,1.0
Baseline,DecisionTree,0.95,Defaults,Tuning,0.0,1.0
Baseline,DecisionTree,0.95,Tuning,Defaults,1.0,0.0
Baseline,DecisionTree,0.95,Tuning,Tuning,0.0,1.0
Baseline,DecisionTree,0.95,Tuning,Defaults,1.0,0.0
Baseline,DecisionTree,0.95,Tuning,Tuning,0.0,1.0
Baseline,DecisionTree,0.95,Tuning,Defaults,1.0,0.0
Baseline,DecisionTree,0.95,Tuning,Tuning,0.0,1.0
Baseline,DecisionTree,0.95,Tuning,Tuning,0.0,1.0
Baseline,DecisionTree,0.95,Defaults,Defaults,1.0,0.0
Baseline,DecisionTree,0.95,Tuning,Tuning,0.0,1.0
Baseline,DecisionTree,0.95,Tuning,Tuning,0.0,1.0
Baseline,DecisionTree,0.95,Tuning,Tuning,0.0,1.0
Baseline,DecisionTree,0.95,Tuning,Tuning,0.0,1.0
Baseline,DecisionTree,0.95,Tuning,Tuning,0.0,1.0
Baseline,DecisionTree,0.95,Tuning,Tuning,0.0,1.0
Baseline,DecisionTree,0.95,Tuning,Tuning,0.0,1.0
Baseline,DecisionTree,0.95,Tuning,Tuning,0.0,1.0
Baseline,DecisionTree,0.95,Defaults,Defaults,1.0,0.0
Baseline,DecisionTree,0.95,Tuning,Tuning,0.0,1.0
Baseline,DecisionTree,0.95,Defaults,Defaults,1.0,0.0
Baseline,DecisionTree,0.95,Tuning,Tuning,0.0,1.0
Baseline,DecisionTree,0.95,Tuning,Tuning,0.0,1.0
Baseline,DecisionTree,0.95,Tuning,Defaults,1.0,0.0
Baseline,DecisionTree,0.95,Tuning,Tuning,0.0,1.0
Baseline,DecisionTree,0.95,Defaults,Tuning,0.0,1.0
Baseline,DecisionTree,0.95,Defaults,Defaults,1.0,0.0
Baseline,DecisionTree,0.95,Tuning,Tuning,0.0,1.0
Baseline,DecisionTree,0.95,Tuning,Defaults,1.0,0.0
Baseline,DecisionTree,0.95,Tuning,Tuning,0.0,1.0
Baseline,DecisionTree,0.95,Tuning,Tuning,0.0,1.0
Baseline,DecisionTree,0.95,Tuning,Tuning,0.0,1.0
Baseline,DecisionTree,0.95,Tuning,Tuning,0.0,1.0
Baseline,DecisionTree,0.95,Tuning,Tuning,0.0,1.0
Baseline,DecisionTree,0.95,Tuning,Tuning,0.0,1.0
Baseline,DecisionTree,0.95,Defaults,Tuning,0.0,1.0
Baseline,DecisionTree,0.95,Tuning,Defaults,1.0,0.0
Baseline,DecisionTree,0.95,Tuning,Defaults,1.0,0.0
Baseline,DecisionTree,0.95,Tuning,Tuning,0.0,1.0
Baseline,DecisionTree,0.95,Tuning,Tuning,0.0,1.0
Baseline,DecisionTree,0.95,Defaults,Tuning,0.0,1.0
Baseline,DecisionTree,0.95,Tuning,Defaults,1.0,0.0
Baseline,DecisionTree,0.95,Tuning,Tuning,0.0,1.0
Baseline,DecisionTree,0.95,Tuning,Tuning,0.0,1.0
Baseline,DecisionTree,0.95,Defaults,Tuning,0.0,1.0
Baseline,DecisionTree,0.95,Tuning,Defaults,1.0,0.0
Baseline,DecisionTree,0.95,Tuning,Tuning,0.0,1.0
Baseline,DecisionTree,0.95,Tuning,Tuning,0.0,1.0
Baseline,DecisionTree,0.95,Defaults,Tuning,0.0,1.0
Baseline,DecisionTree,0.95,Defaults,Tuning,0.0,1.0
Baseline,DecisionTree,0.95,Tuning,Defaults,1.0,0.0
Baseline,DecisionTree,0.95,Tuning,Tuning,0.0,1.0
Baseline,DecisionTree,0.95,Tuning,Defaults,1.0,0.0
Baseline,DecisionTree,0.95,Defaults,Tuning,0.0,1.0
Baseline,DecisionTree,0.95,Defaults,Defaults,1.0,0.0
Baseline,DecisionTree,0.95,Defaults,Tuning,0.0,1.0
Baseline,DecisionTree,0.95,Tuning,Defaults,1.0,0.0
Baseline,DecisionTree,0.95,Defaults,Tuning,0.0,1.0
Baseline,DecisionTree,0.95,Tuning,Defaults,1.0,0.0
Baseline,DecisionTree,0.95,Tuning,Tuning,0.0,1.0
Baseline,DecisionTree,0.95,Defaults,Tuning,0.0,1.0
Baseline,DecisionTree,0.95,Defaults,Defaults,1.0,0.0
Baseline,DecisionTree,0.95,Tuning,Tuning,0.0,1.0
Baseline,DecisionTree,0.95,Tuning,Tuning,0.0,1.0
Baseline,DecisionTree,0.95,Defaults,Tuning,0.0,1.0
Baseline,DecisionTree,0.95,Tuning,Tuning,0.0,1.0
Baseline,DecisionTree,0.95,Tuning,Tuning,0.0,1.0
Baseline,DecisionTree,0.95,Tuning,Defaults,1.0,0.0
Baseline,DecisionTree,0.95,Tuning,Tuning,0.0,1.0
Baseline,NaiveBayes,0.8,Tuning,Tuning,9.925505336900756e-10,0.99999999900745
Baseline,NaiveBayes,0.8,Tuning,Defaults,0.8408081044161095,0.15919189558388971
Baseline,NaiveBayes,0.8,Defaults,Defaults,0.99999985622993,1.4377007276021077e-07
Baseline,NaiveBayes,0.8,Tuning,Defaults,0.997885895207131,0.002114104792871428
Baseline,NaiveBayes,0.8,Tuning,Tuning,0.0042243027772619285,0.9957756972227368
Baseline,NaiveBayes,0.8,Tuning,Defaults,0.99999998313168,1.68683190516919e-08
Baseline,NaiveBayes,0.8,Tuning,Tuning,2.2023984400133403e-17,1.0
Baseline,NaiveBayes,0.8,Defaults,Defaults,0.9979317259098427,0.002068274090158447
Baseline,NaiveBayes,0.8,Defaults,Defaults,0.9953391932838829,0.004660806716114867
Baseline,NaiveBayes,0.8,Tuning,Defaults,0.9999840046858782,1.5995314120477512e-05
Baseline,NaiveBayes,0.8,Tuning,Defaults,0.9999985398654803,1.4601345198954826e-06
Baseline,NaiveBayes,0.8,Defaults,Tuning,0.00023200288649612657,0.9997679971135047
Baseline,NaiveBayes,0.8,Tuning,Defaults,0.9999873119934537,1.2688006542959037e-05
Baseline,NaiveBayes,0.8,Tuning,Defaults,0.9711540291256612,0.028845970874341206
Baseline,NaiveBayes,0.8,Tuning,Tuning,0.0,1.0
Baseline,NaiveBayes,0.8,Tuning,Defaults,0.999999754296363,2.4570363909666155e-07
Baseline,NaiveBayes,0.8,Defaults,Defaults,0.9999996460461262,3.5395387580883927e-07
Baseline,NaiveBayes,0.8,Tuning,Defaults,0.9999977011950766,2.298804922286526e-06
Baseline,NaiveBayes,0.8,Defaults,Defaults,0.9999999367653436,6.323465651516945e-08
Baseline,NaiveBayes,0.8,Tuning,Defaults,0.9999999971661637,2.833834081598996e-09
Baseline,NaiveBayes,0.8,Tuning,Defaults,0.9999900852408776,9.914759121954953e-06
Baseline,NaiveBayes,0.8,Defaults,Defaults,0.9999994383355869,5.616644111961956e-07
Baseline,NaiveBayes,0.8,Tuning,Defaults,0.9950175625560915,0.004982437443905032
Baseline,NaiveBayes,0.8,Tuning,Defaults,0.999999999265075,7.349252316477737e-10
Baseline,NaiveBayes,0.8,Tuning,Defaults,0.9999998969746482,1.0302535148223638e-07
Baseline,NaiveBayes,0.8,Tuning,Defaults,0.9999973368799792,2.663120020373679e-06
Baseline,NaiveBayes,0.8,Tuning,Defaults,0.9187054087446933,0.08129459125530332
Baseline,NaiveBayes,0.8,Tuning,Defaults,0.9999990042320646,9.957679373730199e-07
Baseline,NaiveBayes,0.8,Tuning,Defaults,0.999999327201407,6.727985936904265e-07
Baseline,NaiveBayes,0.8,Tuning,Defaults,0.9999609411464614,3.9058853537220324e-05
Baseline,NaiveBayes,0.8,Tuning,Defaults,0.8252469790055164,0.17475302099448206
Baseline,NaiveBayes,0.8,Tuning,Defaults,0.920038419699728,0.07996158030027535
Baseline,NaiveBayes,0.8,Defaults,Defaults,0.9999999998827604,1.1724268234937711e-10
Baseline,NaiveBayes,0.8,Defaults,Defaults,0.9999994882537168,5.117462834458471e-07
Baseline,NaiveBayes,0.8,Tuning,Defaults,0.9995731321788586,0.0004268678211401233
Baseline,NaiveBayes,0.8,Tuning,Defaults,0.9996778614637305,0.00032213853627430884
Baseline,NaiveBayes,0.8,Tuning,Defaults,0.9998593829177065,0.0001406170822902089
Baseline,NaiveBayes,0.8,Defaults,Defaults,0.9999999995444142,4.555882723540943e-10
Baseline,NaiveBayes,0.8,Tuning,Defaults,0.9999996242929039,3.7570709262824027e-07
Baseline,NaiveBayes,0.8,Defaults,Defaults,0.9999999879394609,1.2060536779203663e-08
Baseline,NaiveBayes,0.8,Tuning,Defaults,0.9997739627523549,0.0002260372476452171
Baseline,NaiveBayes,0.8,Tuning,Tuning,0.0,1.0
Baseline,NaiveBayes,0.8,Tuning,Defaults,0.999999999995353,4.64948226275445e-12
Baseline,NaiveBayes,0.8,Tuning,Defaults,0.9999654625692797,3.453743072278668e-05
Baseline,NaiveBayes,0.8,Tuning,Tuning,7.197905820324075e-08,0.9999999280209434
Baseline,NaiveBayes,0.8,Tuning,Defaults,0.9999938381790641,6.161820935014411e-06
Baseline,NaiveBayes,0.8,Tuning,Tuning,8.615323617137392e-75,1.0
Baseline,NaiveBayes,0.8,Tuning,Defaults,0.623768284486155,0.37623171551384654
Baseline,NaiveBayes,0.8,Tuning,Defaults,0.9999999968193052,3.1806946922525606e-09
Baseline,NaiveBayes,0.8,Tuning,Tuning,0.19629117206021035,0.8037088279397906
Baseline,NaiveBayes,0.8,Defaults,Defaults,0.9728443107836177,0.027155689216381482
Baseline,NaiveBayes,0.8,Tuning,Tuning,0.0,1.0
Baseline,NaiveBayes,0.8,Tuning,Tuning,0.0,1.0
Baseline,NaiveBayes,0.8,Defaults,Defaults,0.9999941962690234,5.803730976042424e-06
Baseline,NaiveBayes,0.8,Tuning,Defaults,0.9999999999978613,2.1414832831136314e-12
Baseline,NaiveBayes,0.8,Tuning,Defaults,0.9999999994561648,5.438362002349678e-10
Baseline,NaiveBayes,0.8,Tuning,Defaults,0.9999999997154418,2.845573632970739e-10
Baseline,NaiveBayes,0.8,Tuning,Defaults,0.9999999992586339,7.413648415909105e-10
Baseline,NaiveBayes,0.8,Tuning,Defaults,0.7923993730849892,0.20760062691501016
Baseline,NaiveBayes,0.8,Tuning,Defaults,0.9770353756852271,0.02296462431477428
Baseline,NaiveBayes,0.8,Tuning,Tuning,0.0,1.0
Baseline,NaiveBayes,0.8,Tuning,Defaults,0.9999999998829736,1.1702831002932317e-10
Baseline,NaiveBayes,0.8,Tuning,Defaults,0.9999999889932881,1.1006711794115488e-08
Baseline,NaiveBayes,0.8,Defaults,Defaults,0.9999999996556284,3.4437292738195143e-10
Baseline,NaiveBayes,0.8,Tuning,Defaults,0.9999999969816002,3.0183979941033276e-09
Baseline,NaiveBayes,0.8,Defaults,Defaults,0.9999998617569001,1.3824309866571981e-07
Baseline,NaiveBayes,0.8,Tuning,Tuning,0.012410905376891795,0.9875890946231062
Baseline,NaiveBayes,0.8,Tuning,Defaults,0.7208791184805663,0.27912088151943404
Baseline,NaiveBayes,0.8,Tuning,Defaults,0.9999999956022805,4.397719881746455e-09
Baseline,NaiveBayes,0.8,Tuning,Tuning,4.7444963631909336e-23,1.0
Baseline,NaiveBayes,0.8,Tuning,Defaults,0.9998253176432692,0.00017468235673295926
Baseline,NaiveBayes,0.8,Defaults,Tuning,4.180712983276999e-21,1.0
Baseline,NaiveBayes,0.8,Tuning,Tuning,0.2168125707680321,0.7831874292319668
Baseline,NaiveBayes,0.8,Defaults,Defaults,0.9999999991928448,8.07153805011546e-10
Baseline,NaiveBayes,0.8,Defaults,Defaults,0.9999999986637107,1.3362832368275465e-09
Baseline,NaiveBayes,0.8,Defaults,Defaults,0.9999999996053717,3.946293218056642e-10
Baseline,NaiveBayes,0.8,Defaults,Defaults,0.9999999986315657,1.3684356678290422e-09
Baseline,NaiveBayes,0.8,Tuning,Tuning,0.0,1.0
Baseline,NaiveBayes,0.8,Tuning,Tuning,0.0,1.0
Baseline,NaiveBayes,0.8,Tuning,Tuning,5.1256776512699576e-17,1.0
Baseline,NaiveBayes,0.8,Defaults,Defaults,0.890849592021694,0.10915040797830472
Baseline,NaiveBayes,0.8,Defaults,Defaults,0.98735276632003,0.01264723367996935
Baseline,NaiveBayes,0.8,Defaults,Defaults,0.9999803192838878,1.9680716109453008e-05
Baseline,NaiveBayes,0.8,Defaults,Defaults,0.9999984066976327,1.5933023660397927e-06
Baseline,NaiveBayes,0.8,Tuning,Defaults,0.9999981341627658,1.8658372327228585e-06
Baseline,NaiveBayes,0.8,Tuning,Defaults,0.9775964282132354,0.022403571786763152
Baseline,NaiveBayes,0.8,Defaults,Defaults,0.9999999998982148,1.0178569441295368e-10
Baseline,NaiveBayes,0.8,Tuning,Defaults,0.999999091852253,9.081477489093202e-07
Baseline,NaiveBayes,0.8,Defaults,Defaults,0.9999999542496393,4.575036124186601e-08
Baseline,NaiveBayes,0.8,Tuning,Tuning,2.0061620574435145e-10,0.9999999997993854
Baseline,NaiveBayes,0.8,Tuning,Defaults,0.916222948669306,0.08377705133069425
Baseline,NaiveBayes,0.8,Defaults,Defaults,0.9999835174499097,1.648255008868217e-05
Baseline,NaiveBayes,0.8,Tuning,Defaults,0.9999999837375385,1.626245992424234e-08
Baseline,NaiveBayes,0.8,Defaults,Tuning,0.0,1.0
Baseline,NaiveBayes,0.8,Tuning,Defaults,0.9927823064567056,0.007217693543292317
Baseline,NaiveBayes,0.8,Tuning,Defaults,0.9976283915005622,0.002371608499435459
Baseline,NaiveBayes,0.8,Tuning,Defaults,0.9999997800927318,2.1990726953334672e-07
Baseline,NaiveBayes,0.8,Defaults,Defaults,0.9999999872296713,1.2770326937829055e-08
Baseline,NaiveBayes,0.8,Tuning,Defaults,0.9999997595673311,2.404326700124584e-07
Baseline,NaiveBayes,0.8,Tuning,Defaults,0.999846182759137,0.0001538172408626706
Baseline,NaiveBayes,0.8,Tuning,Defaults,0.9999900188889964,9.981111000893229e-06
Baseline,NaiveBayes,0.8,Defaults,Defaults,0.9643287353680507,0.03567126463194574
Baseline,NaiveBayes,0.8,Tuning,Defaults,0.9999999988082919,1.1917090189175872e-09
Baseline,NaiveBayes,0.8,Tuning,Defaults,0.9999999993583124,6.416885108075367e-10
Baseline,NaiveBayes,0.8,Tuning,Tuning,2.0140829515237723e-91,1.0
Baseline,NaiveBayes,0.8,Tuning,Tuning,0.4008627470852187,0.5991372529147799
Baseline,NaiveBayes,0.8,Tuning,Defaults,0.9999999999243308,7.566801474298897e-11
Baseline,NaiveBayes,0.8,Tuning,Defaults,0.9977174120692202,0.0022825879307784036
Baseline,NaiveBayes,0.8,Tuning,Tuning,1.3268996415426273e-08,0.9999999867309982
Baseline,NaiveBayes,0.8,Defaults,Defaults,0.9999999971004954,2.8995020286266357e-09
Baseline,NaiveBayes,0.8,Tuning,Tuning,0.29274541980846797,0.7072545801915339
Baseline,NaiveBayes,0.8,Tuning,Defaults,0.9993186824594413,0.0006813175405575997
Baseline,NaiveBayes,0.8,Tuning,Defaults,0.9999984590949188,1.5409050831702264e-06
Baseline,NaiveBayes,0.8,Tuning,Defaults,0.9997573034246039,0.00024269657539488905
Baseline,NaiveBayes,0.8,Tuning,Tuning,6.727144856944033e-39,1.0
Baseline,NaiveBayes,0.8,Tuning,Defaults,0.9999999803520156,1.964798136746789e-08
Baseline,NaiveBayes,0.8,Tuning,Defaults,0.9999999619137022,3.808629627367957e-08
Baseline,NaiveBayes,0.8,Tuning,Defaults,0.9320483574180022,0.06795164258200112
Baseline,NaiveBayes,0.8,Defaults,Defaults,0.9999999999193463,8.065071910217076e-11
Baseline,NaiveBayes,0.8,Tuning,Tuning,3.511764115831034e-45,1.0
Baseline,NaiveBayes,0.8,Defaults,Defaults,0.9999999999967315,3.2698738032247485e-12
Baseline,NaiveBayes,0.8,Tuning,Defaults,0.9999999999526779,4.732376293196994e-11
Baseline,NaiveBayes,0.8,Tuning,Defaults,0.9999999991325268,8.67472784007614e-10
Baseline,NaiveBayes,0.8,Tuning,Tuning,1.8888706234940945e-48,1.0
Baseline,NaiveBayes,0.8,Tuning,Defaults,0.9999768141099338,2.3185890065073208e-05
Baseline,NaiveBayes,0.8,Defaults,Defaults,0.9901787558021858,0.009821244197816409
Baseline,NaiveBayes,0.8,Defaults,Defaults,0.9999996330974772,3.669025221034784e-07
Baseline,NaiveBayes,0.8,Tuning,Defaults,0.9999977534806216,2.2465193793728513e-06
Baseline,NaiveBayes,0.8,Tuning,Defaults,1.0,1.5174994609862935e-15
Baseline,NaiveBayes,0.8,Tuning,Defaults,0.9999982897150576,1.7102849437301497e-06
Baseline,NaiveBayes,0.8,Tuning,Defaults,0.9999982897150576,1.7102849437301497e-06
Baseline,NaiveBayes,0.8,Tuning,Tuning,1.565452644502354e-06,0.9999984345473681
Baseline,NaiveBayes,0.8,Tuning,Tuning,0.023381261089233142,0.976618738910771
Baseline,NaiveBayes,0.8,Tuning,Defaults,0.9999999978410301,2.1589684419122705e-09
Baseline,NaiveBayes,0.8,Tuning,Defaults,0.9980988815200514,0.001901118479950249
Baseline,NaiveBayes,0.8,Defaults,Defaults,0.9999999998980584,1.0194006084249783e-10
Baseline,NaiveBayes,0.8,Tuning,Defaults,0.9999999993871569,6.128455189419494e-10
Baseline,NaiveBayes,0.8,Tuning,Defaults,0.9999999998337614,1.6623834487790422e-10
Baseline,NaiveBayes,0.8,Tuning,Tuning,4.737229470515835e-19,1.0
Baseline,NaiveBayes,0.8,Tuning,Defaults,0.9988695124253999,0.0011304875745969931
Baseline,NaiveBayes,0.8,Defaults,Defaults,0.9999999998336833,1.6631536086433132e-10
Baseline,NaiveBayes,0.8,Tuning,Defaults,0.9999999292142218,7.07857801163695e-08
Baseline,NaiveBayes,0.8,Tuning,Defaults,0.9999999999996803,3.181224764529534e-13
Baseline,NaiveBayes,0.8,Tuning,Defaults,0.9999999991785202,8.214803560302761e-10
Baseline,NaiveBayes,0.8,Defaults,Defaults,0.999999992874109,7.125891111570744e-09
Baseline,NaiveBayes,0.8,Tuning,Defaults,0.9494673949938609,0.050532605006133886
Baseline,NaiveBayes,0.8,Tuning,Defaults,0.9999999944566369,5.543359644170248e-09
Baseline,NaiveBayes,0.8,Tuning,Defaults,0.9999999983587884,1.6412143680493321e-09
Baseline,NaiveBayes,0.8,Defaults,Defaults,0.999999995460918,4.539083537232465e-09
Baseline,NaiveBayes,0.8,Defaults,Defaults,0.9481532028030775,0.05184679719692441
Baseline,NaiveBayes,0.8,Tuning,Tuning,1.119090397103908e-16,1.0
Baseline,NaiveBayes,0.8,Tuning,Defaults,0.9757966748243291,0.024203325175667974
Baseline,NaiveBayes,0.8,Tuning,Tuning,0.0,1.0
Baseline,NaiveBayes,0.8,Defaults,Defaults,0.9999999993822897,6.177090811562888e-10
Baseline,NaiveBayes,0.8,Defaults,Defaults,0.9999999848056477,1.5194355366901186e-08
Baseline,NaiveBayes,0.8,Defaults,Defaults,0.9999999999844249,1.5576761245694666e-11
Baseline,NaiveBayes,0.8,Tuning,Defaults,0.9999998997284131,1.0027159329567178e-07
Baseline,NaiveBayes,0.8,Defaults,Defaults,0.999999999890214,1.0978515989970452e-10
Baseline,NaiveBayes,0.8,Tuning,Defaults,0.999999999982137,1.7864124020446983e-11
Baseline,NaiveBayes,0.8,Tuning,Defaults,0.9999348552974618,6.514470253749893e-05
Baseline,NaiveBayes,0.8,Defaults,Defaults,0.9999999994817053,5.182937575447925e-10
Baseline,NaiveBayes,0.8,Defaults,Defaults,0.9999999951429004,4.85709788774339e-09
Baseline,NaiveBayes,0.8,Tuning,Defaults,0.9999999998483773,1.5162278591968033e-10
Baseline,NaiveBayes,0.8,Tuning,Defaults,0.9999999821328346,1.786716779149077e-08
Baseline,NaiveBayes,0.8,Defaults,Defaults,0.9999858854600278,1.411453997567631e-05
Baseline,NaiveBayes,0.8,Tuning,Tuning,7.949040380195244e-143,1.0
Baseline,NaiveBayes,0.8,Tuning,Tuning,0.2091798453282815,0.7908201546717155
Baseline,NaiveBayes,0.8,Tuning,Tuning,0.0,1.0
Baseline,NaiveBayes,0.8,Tuning,Defaults,1.0,5.941500433337314e-54
Baseline,NaiveBayes,0.85,Tuning,Tuning,2.9523021419337816e-15,1.0
Baseline,NaiveBayes,0.85,Tuning,Tuning,2.4142399169248324e-57,1.0
Baseline,NaiveBayes,0.85,Defaults,Defaults,0.9999998951723497,1.0482764686086323e-07
Baseline,NaiveBayes,0.85,Tuning,Tuning,0.0062308857903354605,0.9937691142096625
Baseline,NaiveBayes,0.85,Tuning,Tuning,7.886886520163154e-39,1.0
Baseline,NaiveBayes,0.85,Tuning,Defaults,0.9999999975979534,2.4020486790220243e-09
Baseline,NaiveBayes,0.85,Tuning,Tuning,0.0,1.0
Baseline,NaiveBayes,0.85,Defaults,Defaults,0.9996357792096089,0.00036422079038774197
Baseline,NaiveBayes,0.85,Defaults,Defaults,0.9382896427492533,0.06171035725074498
Baseline,NaiveBayes,0.85,Tuning,Defaults,0.9999981436516769,1.856348323733865e-06
Baseline,NaiveBayes,0.85,Tuning,Defaults,0.999999778340278,2.2165971991871105e-07
Baseline,NaiveBayes,0.85,Defaults,Tuning,0.0030431722305115363,0.9969568277694894
Baseline,NaiveBayes,0.85,Tuning,Defaults,0.9998847711105628,0.00011522888943729281
Baseline,NaiveBayes,0.85,Tuning,Tuning,3.993787668347634e-08,0.9999999600621202
Baseline,NaiveBayes,0.85,Tuning,Tuning,0.0,1.0
Baseline,NaiveBayes,0.85,Tuning,Defaults,0.9999999704726581,2.952734038923271e-08
Baseline,NaiveBayes,0.85,Defaults,Defaults,0.999996689455253,3.31054474353964e-06
Baseline,NaiveBayes,0.85,Tuning,Defaults,0.9999997048605858,2.9513941073300104e-07
Baseline,NaiveBayes,0.85,Defaults,Defaults,0.9999999915625182,8.437481940801312e-09
Baseline,NaiveBayes,0.85,Tuning,Defaults,0.9999999996942179,3.0578235459949724e-10
Baseline,NaiveBayes,0.85,Tuning,Defaults,0.9999987096585425,1.2903414587334041e-06
Baseline,NaiveBayes,0.85,Defaults,Defaults,0.9999999795617003,2.0438301201008225e-08
Baseline,NaiveBayes,0.85,Tuning,Defaults,0.999711856871517,0.0002881431284833168
Baseline,NaiveBayes,0.85,Tuning,Defaults,0.9999999999569269,4.3075134872527724e-11
Baseline,NaiveBayes,0.85,Tuning,Defaults,0.9999999890216459,1.09783511326093e-08
Baseline,NaiveBayes,0.85,Tuning,Defaults,0.999998847561567,1.152438430652818e-06
Baseline,NaiveBayes,0.85,Tuning,Tuning,3.9085490175534194e-20,1.0
Baseline,NaiveBayes,0.85,Tuning,Defaults,0.9999995111189279,4.888810730836219e-07
Baseline,NaiveBayes,0.85,Tuning,Defaults,0.9999998371251156,1.6287488142014637e-07
Baseline,NaiveBayes,0.85,Tuning,Defaults,0.9989286616007771,0.0010713383992244775
Baseline,NaiveBayes,0.85,Tuning,Tuning,7.740300903492755e-13,0.9999999999992255
Baseline,NaiveBayes,0.85,Tuning,Tuning,3.1670587977930687e-17,1.0
Baseline,NaiveBayes,0.85,Defaults,Defaults,0.9999999999847233,1.527663958354148e-11
Baseline,NaiveBayes,0.85,Defaults,Defaults,0.9999999535436654,4.64563341278973e-08
Baseline,NaiveBayes,0.85,Tuning,Defaults,0.9997622290026769,0.00023777099732425475
Baseline,NaiveBayes,0.85,Tuning,Defaults,0.9999945165592113,5.483440782200363e-06
Baseline,NaiveBayes,0.85,Tuning,Defaults,0.9999744206756858,2.5579324314911505e-05
Baseline,NaiveBayes,0.85,Defaults,Defaults,0.9999999999867981,1.320103634926584e-11
Baseline,NaiveBayes,0.85,Tuning,Defaults,0.9999999547978727,4.5202123992889856e-08
Baseline,NaiveBayes,0.85,Defaults,Defaults,0.9999999972686382,2.7313626024379754e-09
Baseline,NaiveBayes,0.85,Tuning,Defaults,0.9984942879788434,0.0015057120211552967
Baseline,NaiveBayes,0.85,Tuning,Tuning,0.0,1.0
Baseline,NaiveBayes,0.85,Tuning,Defaults,0.9999999999995026,4.960744475179459e-13
Baseline,NaiveBayes,0.85,Tuning,Defaults,0.6803261462717591,0.31967385372824064
Baseline,NaiveBayes,0.85,Tuning,Tuning,7.915141260379578e-06,0.9999920848587365
Baseline,NaiveBayes,0.85,Tuning,Defaults,0.9999856650084264,1.433499157250557e-05
Baseline,NaiveBayes,0.85,Tuning,Tuning,5.262691879220376e-74,1.0
Baseline,NaiveBayes,0.85,Tuning,Defaults,0.684993875577883,0.3150061244221112
Baseline,NaiveBayes,0.85,Tuning,Defaults,0.9999999997881837,2.1181551704849312e-10
Baseline,NaiveBayes,0.85,Tuning,Defaults,0.6913825830201308,0.30861741697987
Baseline,NaiveBayes,0.85,Defaults,Defaults,0.9954994167200709,0.00450058327992665
Baseline,NaiveBayes,0.85,Tuning,Tuning,0.0,1.0
Baseline,NaiveBayes,0.85,Tuning,Tuning,0.0,1.0
Baseline,NaiveBayes,0.85,Defaults,Defaults,0.995368991159862,0.004631008840136513
Baseline,NaiveBayes,0.85,Tuning,Defaults,0.999999999999801,1.9751031627363515e-13
Baseline,NaiveBayes,0.85,Tuning,Defaults,0.9999999993999751,6.000268617555693e-10
Baseline,NaiveBayes,0.85,Tuning,Defaults,0.9999999999627249,3.727438613281999e-11
Baseline,NaiveBayes,0.85,Tuning,Defaults,0.9999999999652864,3.4713943167762946e-11
Baseline,NaiveBayes,0.85,Tuning,Defaults,0.6932509542290977,0.3067490457709003
Baseline,NaiveBayes,0.85,Tuning,Tuning,0.024296674844640934,0.9757033251553563
Baseline,NaiveBayes,0.85,Tuning,Tuning,0.0,1.0
Baseline,NaiveBayes,0.85,Tuning,Defaults,0.9999999999865707,1.3431296721306135e-11
Baseline,NaiveBayes,0.85,Tuning,Defaults,0.9999999989657127,1.0342855354498328e-09
Baseline,NaiveBayes,0.85,Defaults,Defaults,0.9999999999611902,3.8811246553481484e-11
Baseline,NaiveBayes,0.85,Tuning,Defaults,0.9999999985637871,1.436214237296321e-09
Baseline,NaiveBayes,0.85,Defaults,Defaults,0.9999999723886933,2.7611303471127665e-08
Baseline,NaiveBayes,0.85,Tuning,Tuning,0.08991765326884832,0.9100823467311495
Baseline,NaiveBayes,0.85,Tuning,Defaults,0.9070193921418584,0.0929806078581429
Baseline,NaiveBayes,0.85,Tuning,Defaults,0.9999999997836753,2.1632351381537616e-10
Baseline,NaiveBayes,0.85,Tuning,Tuning,1.729455886975641e-22,1.0
Baseline,NaiveBayes,0.85,Tuning,Defaults,0.9999790964985245,2.0903501478208605e-05
Baseline,NaiveBayes,0.85,Defaults,Tuning,1.3027770327277068e-20,1.0
Baseline,NaiveBayes,0.85,Tuning,Defaults,0.6631711789528706,0.33682882104713235
Baseline,NaiveBayes,0.85,Defaults,Defaults,0.9999999998903064,1.0968722551471489e-10
Baseline,NaiveBayes,0.85,Defaults,Defaults,0.9999999998179874,1.8201892769016036e-10
Baseline,NaiveBayes,0.85,Defaults,Defaults,0.9999999999508589,4.913765921188179e-11
Baseline,NaiveBayes,0.85,Defaults,Defaults,0.9999999998140368,1.859664480563877e-10
Baseline,NaiveBayes,0.85,Tuning,Tuning,0.0,1.0
Baseline,NaiveBayes,0.85,Tuning,Tuning,0.0,1.0
Baseline,NaiveBayes,0.85,Tuning,Tuning,1.7284610460417708e-16,1.0
Baseline,NaiveBayes,0.85,Defaults,Defaults,0.8814695916382284,0.11853040836177531
Baseline,NaiveBayes,0.85,Defaults,Defaults,0.9794466465197279,0.020553353480267825
Baseline,NaiveBayes,0.85,Defaults,Defaults,0.9999954291425951,4.570857405716844e-06
Baseline,NaiveBayes,0.85,Defaults,Defaults,0.9999998616913384,1.383086619230858e-07
Baseline,NaiveBayes,0.85,Tuning,Defaults,0.9999992343187731,7.656812258448433e-07
Baseline,NaiveBayes,0.85,Tuning,Defaults,0.9857738038244918,0.014226196175504137
Baseline,NaiveBayes,0.85,Defaults,Defaults,0.9999999999865636,1.3438837530244061e-11
Baseline,NaiveBayes,0.85,Tuning,Defaults,0.9999993808252227,6.191747740182307e-07
Baseline,NaiveBayes,0.85,Defaults,Defaults,0.9999999922703395,7.729663564683253e-09
Baseline,NaiveBayes,0.85,Tuning,Tuning,1.3921990618753952e-08,0.9999999860780094
Baseline,NaiveBayes,0.85,Tuning,Defaults,0.9089920789314186,0.09100792106858083
Baseline,NaiveBayes,0.85,Defaults,Defaults,0.9999962903155748,3.709684425640384e-06
Baseline,NaiveBayes,0.85,Tuning,Defaults,0.9999999984192982,1.580702035571055e-09
Baseline,NaiveBayes,0.85,Defaults,Tuning,0.0,1.0
Baseline,NaiveBayes,0.85,Tuning,Defaults,0.9907000418447368,0.009299958155261766
Baseline,NaiveBayes,0.85,Tuning,Defaults,0.9987468253556673,0.0012531746443346045
Baseline,NaiveBayes,0.85,Tuning,Defaults,0.9999999681373458,3.186265191678501e-08
Baseline,NaiveBayes,0.85,Defaults,Defaults,0.9999999988315906,1.1684073404712115e-09
Baseline,NaiveBayes,0.85,Tuning,Defaults,0.9999999303355291,6.966447089415212e-08
Baseline,NaiveBayes,0.85,Tuning,Defaults,0.9995341510565375,0.00046584894346791544
Baseline,NaiveBayes,0.85,Tuning,Defaults,0.99999531633483,4.683665168157152e-06
Baseline,NaiveBayes,0.85,Defaults,Defaults,0.8503781582261816,0.1496218417738182
Baseline,NaiveBayes,0.85,Tuning,Defaults,0.9999999998614442,1.385557963562591e-10
Baseline,NaiveBayes,0.85,Tuning,Defaults,0.9999999999583835,4.1618347191833934e-11
Baseline,NaiveBayes,0.85,Tuning,Tuning,1.9194667147964012e-90,1.0
Baseline,NaiveBayes,0.85,Tuning,Tuning,0.002554667752933997,0.9974453322470681
Baseline,NaiveBayes,0.85,Tuning,Defaults,0.9999999999910187,8.980820640071034e-12
Baseline,NaiveBayes,0.85,Tuning,Defaults,0.9987937706521063,0.0012062293478910073
Baseline,NaiveBayes,0.85,Tuning,Tuning,8.971586786739967e-09,0.9999999910284174
Baseline,NaiveBayes,0.85,Defaults,Defaults,0.999999997950205,2.049798468882486e-09
Baseline,NaiveBayes,0.85,Tuning,Tuning,0.25270173899671994,0.7472982610032785
Baseline,NaiveBayes,0.85,Tuning,Defaults,0.8921021213328907,0.10789787866711037
Baseline,NaiveBayes,0.85,Tuning,Defaults,0.9999523685690007,4.7631430996858725e-05
Baseline,NaiveBayes,0.85,Tuning,Defaults,0.9994624202964659,0.000537579703534587
Baseline,NaiveBayes,0.85,Tuning,Tuning,6.158543361254231e-38,1.0
Baseline,NaiveBayes,0.85,Tuning,Defaults,0.9999999957380084,4.261994356950676e-09
Baseline,NaiveBayes,0.85,Tuning,Defaults,0.9999999956744929,4.325507127795938e-09
Baseline,NaiveBayes,0.85,Tuning,Defaults,0.9033296341559077,0.09667036584409898
Baseline,NaiveBayes,0.85,Defaults,Defaults,0.9999999999900453,9.955651308608308e-12
Baseline,NaiveBayes,0.85,Tuning,Tuning,5.206413239759466e-44,1.0
Baseline,NaiveBayes,0.85,Defaults,Defaults,0.9999999999996945,3.0242586197807937e-13
Baseline,NaiveBayes,0.85,Tuning,Defaults,0.9999999999934559,6.5441826347782006e-12
Baseline,NaiveBayes,0.85,Tuning,Defaults,0.9999999998662474,1.337510125030157e-10
Baseline,NaiveBayes,0.85,Tuning,Tuning,1.9201547236567217e-48,1.0
Baseline,NaiveBayes,0.85,Tuning,Defaults,0.9999588519057326,4.1148094266607906e-05
Baseline,NaiveBayes,0.85,Defaults,Defaults,0.9941667907338959,0.0058332092661021705
Baseline,NaiveBayes,0.85,Defaults,Defaults,0.9999999270697613,7.293023943752588e-08
Baseline,NaiveBayes,0.85,Tuning,Defaults,0.9999040352121338,9.5964787863864e-05
Baseline,NaiveBayes,0.85,Tuning,Defaults,1.0,6.674288409221646e-16
Baseline,NaiveBayes,0.85,Tuning,Defaults,0.9999962908999656,3.7091000318479465e-06
Baseline,NaiveBayes,0.85,Tuning,Defaults,0.9999962908999656,3.7091000318479465e-06
Baseline,NaiveBayes,0.85,Tuning,Tuning,2.7360750914268596e-06,0.9999972639249022
Baseline,NaiveBayes,0.85,Tuning,Tuning,0.006950391116932213,0.9930496088830739
Baseline,NaiveBayes,0.85,Tuning,Defaults,0.9999999998136531,1.8634424204640636e-10
Baseline,NaiveBayes,0.85,Tuning,Defaults,0.999807856980775,0.0001921430192238558
Baseline,NaiveBayes,0.85,Defaults,Defaults,0.9999999999977263,2.2738682315470805e-12
Baseline,NaiveBayes,0.85,Tuning,Defaults,0.999999999969269,3.072847654325492e-11
Baseline,NaiveBayes,0.85,Tuning,Defaults,0.9999999999934559,6.54110914426472e-12
Baseline,NaiveBayes,0.85,Tuning,Tuning,5.624743589037462e-210,1.0
Baseline,NaiveBayes,0.85,Tuning,Defaults,0.9998706496465612,0.00012935035344273897
Baseline,NaiveBayes,0.85,Defaults,Defaults,0.9999999999785985,2.1403779125444065e-11
Baseline,NaiveBayes,0.85,Tuning,Defaults,0.9999999915467939,8.453203868335703e-09
Baseline,NaiveBayes,0.85,Tuning,Defaults,0.9999999999999645,3.661135761955077e-14
Baseline,NaiveBayes,0.85,Tuning,Defaults,0.9999999999044888,9.551061800886574e-11
Baseline,NaiveBayes,0.85,Defaults,Defaults,0.9999999992090949,7.909045100536286e-10
Baseline,NaiveBayes,0.85,Tuning,Defaults,0.9881852543030996,0.0118147456968976
Baseline,NaiveBayes,0.85,Tuning,Defaults,0.9999999995859596,4.140401008597272e-10
Baseline,NaiveBayes,0.85,Tuning,Defaults,0.9999999998246452,1.753552866682125e-10
Baseline,NaiveBayes,0.85,Defaults,Defaults,0.9999999995059099,4.940902529351711e-10
Baseline,NaiveBayes,0.85,Defaults,Defaults,0.9925367859219473,0.0074632140780519305
Baseline,NaiveBayes,0.85,Tuning,Tuning,3.577311114003373e-16,1.0
Baseline,NaiveBayes,0.85,Tuning,Defaults,0.995577360475402,0.004422639524597114
Baseline,NaiveBayes,0.85,Tuning,Tuning,0.0,1.0
Baseline,NaiveBayes,0.85,Defaults,Defaults,0.9999999999669491,3.305206176135623e-11
Baseline,NaiveBayes,0.85,Defaults,Defaults,0.9999999989591686,1.040830239594395e-09
Baseline,NaiveBayes,0.85,Defaults,Defaults,0.999999999998554,1.4473307422177962e-12
Baseline,NaiveBayes,0.85,Tuning,Defaults,0.9999999934311319,6.568870720780436e-09
Baseline,NaiveBayes,0.85,Defaults,Defaults,0.999999999987562,1.2437163720203149e-11
Baseline,NaiveBayes,0.85,Tuning,Defaults,0.9999999999982094,1.791213439012195e-12
Baseline,NaiveBayes,0.85,Tuning,Defaults,0.9999847871241323,1.521287586521473e-05
Baseline,NaiveBayes,0.85,Defaults,Defaults,0.9999999999530154,4.698592345251436e-11
Baseline,NaiveBayes,0.85,Defaults,Defaults,0.9999999991729425,8.270542871889168e-10
Baseline,NaiveBayes,0.85,Tuning,Defaults,0.9999999999799734,2.0028357906958628e-11
Baseline,NaiveBayes,0.85,Tuning,Defaults,0.9999999984240162,1.575986520072436e-09
Baseline,NaiveBayes,0.85,Defaults,Defaults,0.9999991923694289,8.076305722833476e-07
Baseline,NaiveBayes,0.85,Tuning,Tuning,8.541744689282949e-142,1.0
Baseline,NaiveBayes,0.85,Tuning,Defaults,0.7749062118035427,0.22509378819645767
Baseline,NaiveBayes,0.85,Tuning,Tuning,0.0,1.0
Baseline,NaiveBayes,0.85,Tuning,Defaults,1.0,2.6900796076722627e-54
Baseline,NaiveBayes,0.9,Tuning,Tuning,4.042651915655472e-297,1.0
Baseline,NaiveBayes,0.9,Tuning,Tuning,1.3689246042184069e-99,1.0
Baseline,NaiveBayes,0.9,Defaults,Defaults,0.9999999869424557,1.3057547744735617e-08
Baseline,NaiveBayes,0.9,Tuning,Tuning,1.0243136165162851e-05,0.9999897568638351
Baseline,NaiveBayes,0.9,Tuning,Tuning,4.0528720106480986e-65,1.0
Baseline,NaiveBayes,0.9,Tuning,Defaults,0.9999999999484714,5.152673296974963e-11
Baseline,NaiveBayes,0.9,Tuning,Tuning,0.0,1.0
Baseline,NaiveBayes,0.9,Defaults,Defaults,0.9999107455373281,8.925446267470956e-05
Baseline,NaiveBayes,0.9,Defaults,Defaults,0.8823866145127829,0.11761338548721921
Baseline,NaiveBayes,0.9,Tuning,Defaults,0.9999993348850831,6.651149226210956e-07
Baseline,NaiveBayes,0.9,Tuning,Defaults,0.9999996672411683,3.327588309129583e-07
Baseline,NaiveBayes,0.9,Defaults,Tuning,0.13552923076201429,0.864470769237984
Baseline,NaiveBayes,0.9,Tuning,Defaults,0.9987860109133111,0.0012139890866879137
Baseline,NaiveBayes,0.9,Tuning,Tuning,1.3024506997978528e-15,1.0
Baseline,NaiveBayes,0.9,Tuning,Tuning,0.0,1.0
Baseline,NaiveBayes,0.9,Tuning,Defaults,0.9999999335282603,6.647174090529036e-08
Baseline,NaiveBayes,0.9,Defaults,Defaults,0.9999990165078576,9.834921393839416e-07
Baseline,NaiveBayes,0.9,Tuning,Defaults,0.999999534484326,4.655156714034229e-07
Baseline,NaiveBayes,0.9,Defaults,Defaults,0.9999999996047393,3.952590404705077e-10
Baseline,NaiveBayes,0.9,Tuning,Defaults,0.9999999999120561,8.794249912529677e-11
Baseline,NaiveBayes,0.9,Tuning,Defaults,0.999999959230906,4.0769096144027196e-08
Baseline,NaiveBayes,0.9,Defaults,Defaults,0.9999999947076503,5.292348213876294e-09
Baseline,NaiveBayes,0.9,Tuning,Defaults,0.9999042824958221,9.571750417742364e-05
Baseline,NaiveBayes,0.9,Tuning,Defaults,0.9999999999936975,6.299155460466309e-12
Baseline,NaiveBayes,0.9,Tuning,Defaults,0.9999999900120926,9.987907285529976e-09
Baseline,NaiveBayes,0.9,Tuning,Defaults,0.999996635083802,3.3649161991982605e-06
Baseline,NaiveBayes,0.9,Tuning,Tuning,6.910964971522986e-35,1.0
Baseline,NaiveBayes,0.9,Tuning,Defaults,0.9999989859078039,1.0140921990320038e-06
Baseline,NaiveBayes,0.9,Tuning,Defaults,0.9999998702009818,1.2979902052304563e-07
Baseline,NaiveBayes,0.9,Tuning,Defaults,0.9777027585699006,0.022297241430098456
Baseline,NaiveBayes,0.9,Tuning,Tuning,5.003116454562066e-24,1.0
Baseline,NaiveBayes,0.9,Tuning,Tuning,5.659573107689517e-30,1.0
Baseline,NaiveBayes,0.9,Defaults,Defaults,0.9999999999997655,2.3179513800186114e-13
Baseline,NaiveBayes,0.9,Defaults,Defaults,0.9999999943793512,5.620646063036341e-09
Baseline,NaiveBayes,0.9,Tuning,Defaults,0.9981595299741046,0.001840470025891932
Baseline,NaiveBayes,0.9,Tuning,Defaults,0.9999998515989542,1.4840105170853597e-07
Baseline,NaiveBayes,0.9,Tuning,Defaults,0.9999983066463882,1.6933536157570579e-06
Baseline,NaiveBayes,0.9,Defaults,Defaults,0.9999999999996945,3.072893746431114e-13
Baseline,NaiveBayes,0.9,Tuning,Defaults,0.9999999894290995,1.0570897742518554e-08
Baseline,NaiveBayes,0.9,Defaults,Defaults,0.9999999992305888,7.69410526138794e-10
Baseline,NaiveBayes,0.9,Tuning,Defaults,0.9996356577531292,0.00036434224687223563
Baseline,NaiveBayes,0.9,Tuning,Tuning,0.0,1.0
Baseline,NaiveBayes,0.9,Tuning,Defaults,0.9999999999997158,2.8330260197345074e-13
Baseline,NaiveBayes,0.9,Tuning,Tuning,0.01980626392578261,0.9801937360742223
Baseline,NaiveBayes,0.9,Tuning,Tuning,0.000419839884094963,0.9995801601159019
Baseline,NaiveBayes,0.9,Tuning,Defaults,0.9999896066173012,1.039338270119858e-05
Baseline,NaiveBayes,0.9,Tuning,Tuning,1.4458993533413762e-72,1.0
Baseline,NaiveBayes,0.9,Tuning,Tuning,7.21352724911048e-05,0.9999278647275048
Baseline,NaiveBayes,0.9,Tuning,Defaults,0.9999999999880984,1.190238445240026e-11
Baseline,NaiveBayes,0.9,Tuning,Defaults,0.8665944155742137,0.13340558442579264
Baseline,NaiveBayes,0.9,Defaults,Defaults,0.999660320958214,0.00033967904178798633
Baseline,NaiveBayes,0.9,Tuning,Tuning,0.0,1.0
Baseline,NaiveBayes,0.9,Tuning,Tuning,0.0,1.0
Baseline,NaiveBayes,0.9,Defaults,Defaults,0.9802323234388065,0.019767676561196674
Baseline,NaiveBayes,0.9,Tuning,Defaults,1.0,2.8502057914411485e-15
Baseline,NaiveBayes,0.9,Tuning,Defaults,0.9999999999916724,8.329495923382751e-12
Baseline,NaiveBayes,0.9,Tuning,Defaults,0.9999999999993605,6.388778768207166e-13
Baseline,NaiveBayes,0.9,Tuning,Defaults,0.99999999999865,1.3520252519878086e-12
Baseline,NaiveBayes,0.9,Tuning,Tuning,0.4123023077242387,0.5876976922757594
Baseline,NaiveBayes,0.9,Tuning,Tuning,0.002421609044156916,0.9975783909558488
Baseline,NaiveBayes,0.9,Tuning,Tuning,0.0,1.0
Baseline,NaiveBayes,0.9,Tuning,Defaults,0.9999999999995524,4.456729084179618e-13
Baseline,NaiveBayes,0.9,Tuning,Defaults,0.9999999990204032,9.79593875824763e-10
Baseline,NaiveBayes,0.9,Defaults,Defaults,0.9999999999992539,7.481876062974219e-13
Baseline,NaiveBayes,0.9,Tuning,Defaults,0.9999999999498854,5.011417954706665e-11
Baseline,NaiveBayes,0.9,Defaults,Defaults,0.9999999976471585,2.352842506447906e-09
Baseline,NaiveBayes,0.9,Tuning,Defaults,0.793843603525782,0.20615639647421385
Baseline,NaiveBayes,0.9,Tuning,Defaults,0.9896381252718095,0.010361874728192826
Baseline,NaiveBayes,0.9,Tuning,Defaults,0.9999999999974207,2.576202049126992e-12
Baseline,NaiveBayes,0.9,Tuning,Tuning,6.446251506990511e-23,1.0
Baseline,NaiveBayes,0.9,Tuning,Defaults,0.9999943880016334,5.6119983657238165e-06
Baseline,NaiveBayes,0.9,Defaults,Tuning,6.6294429011863755e-21,1.0
Baseline,NaiveBayes,0.9,Tuning,Defaults,0.8927533969257785,0.10724660307422487
Baseline,NaiveBayes,0.9,Defaults,Defaults,0.9999999996333173,3.666781150640649e-10
Baseline,NaiveBayes,0.9,Defaults,Defaults,0.9999999993543298,6.456767041119762e-10
Baseline,NaiveBayes,0.9,Defaults,Defaults,0.99999999986521,1.3478658663304064e-10
Baseline,NaiveBayes,0.9,Defaults,Defaults,0.9999999993800657,6.199371234449624e-10
Baseline,NaiveBayes,0.9,Tuning,Tuning,0.0,1.0
Baseline,NaiveBayes,0.9,Tuning,Tuning,0.0,1.0
Baseline,NaiveBayes,0.9,Tuning,Tuning,1.5659110003219728e-15,1.0
Baseline,NaiveBayes,0.9,Defaults,Defaults,0.9273950124589749,0.07260498754102211
Baseline,NaiveBayes,0.9,Defaults,Tuning,0.15580768851592794,0.8441923114840741
Baseline,NaiveBayes,0.9,Defaults,Defaults,0.9999992206850176,7.793149835419148e-07
Baseline,NaiveBayes,0.9,Defaults,Defaults,0.9999999970605487,2.9394505086649865e-09
Baseline,NaiveBayes,0.9,Tuning,Defaults,0.9999998866078024,1.1339219866074456e-07
Baseline,NaiveBayes,0.9,Tuning,Defaults,0.9936908403627966,0.006309159637198766
Baseline,NaiveBayes,0.9,Defaults,Defaults,0.999999999999801,2.0020226851266297e-13
Baseline,NaiveBayes,0.9,Tuning,Defaults,0.9999986717361449,1.3282638537507148e-06
Baseline,NaiveBayes,0.9,Defaults,Defaults,0.9999999997993072,2.0069496663311804e-10
Baseline,NaiveBayes,0.9,Tuning,Tuning,6.259775928557211e-07,0.9999993740224055
Baseline,NaiveBayes,0.9,Tuning,Tuning,0.0005425429080763846,0.9994574570919235
Baseline,NaiveBayes,0.9,Defaults,Defaults,0.9999999000193377,9.998066451852906e-08
Baseline,NaiveBayes,0.9,Tuning,Defaults,0.999999999862915,1.3708442563169369e-10
Baseline,NaiveBayes,0.9,Defaults,Tuning,0.0,1.0
Baseline,NaiveBayes,0.9,Tuning,Defaults,0.9687692864413048,0.031230713558699046
Baseline,NaiveBayes,0.9,Tuning,Defaults,0.9998121244548643,0.00018787554514221032
Baseline,NaiveBayes,0.9,Tuning,Defaults,0.999999968562364,3.143763259434903e-08
Baseline,NaiveBayes,0.9,Defaults,Defaults,0.9999999999788329,2.1164228024586017e-11
Baseline,NaiveBayes,0.9,Tuning,Defaults,0.9999999535703037,4.642969783393775e-08
Baseline,NaiveBayes,0.9,Tuning,Defaults,0.9980331236342218,0.0019668763657737383
Baseline,NaiveBayes,0.9,Tuning,Defaults,0.9998902274142756,0.00010977258572545125
Baseline,NaiveBayes,0.9,Defaults,Tuning,0.05553673315915833,0.9444632668408486
Baseline,NaiveBayes,0.9,Tuning,Defaults,0.9999999999979643,2.035704106208964e-12
Baseline,NaiveBayes,0.9,Tuning,Defaults,0.9999999999990337,9.693293832573772e-13
Baseline,NaiveBayes,0.9,Tuning,Tuning,1.7744671070283414e-119,1.0
Baseline,NaiveBayes,0.9,Tuning,Tuning,9.401168499041978e-06,0.9999905988314977
Baseline,NaiveBayes,0.9,Tuning,Defaults,0.9999999999998863,1.1312243744953082e-13
Baseline,NaiveBayes,0.9,Tuning,Defaults,0.999819205588662,0.00018079441133748436
Baseline,NaiveBayes,0.9,Tuning,Tuning,5.455550014304042e-12,0.999999999994543
Baseline,NaiveBayes,0.9,Defaults,Defaults,0.999999998758696,1.241300938618697e-09
Baseline,NaiveBayes,0.9,Tuning,Tuning,0.00011968031627292329,0.9998803196837298
Baseline,NaiveBayes,0.9,Tuning,Tuning,0.27929211325634395,0.7207078867436506
Baseline,NaiveBayes,0.9,Tuning,Defaults,0.951106518048656,0.04889348195134542
Baseline,NaiveBayes,0.9,Tuning,Defaults,0.974661011795833,0.025338988204164876
Baseline,NaiveBayes,0.9,Tuning,Tuning,2.0597133137582346e-39,1.0
Baseline,NaiveBayes,0.9,Tuning,Defaults,0.9999999998831939,1.168090051575664e-10
Baseline,NaiveBayes,0.9,Tuning,Defaults,0.9999999995896189,4.103845157461881e-10
Baseline,NaiveBayes,0.9,Tuning,Tuning,0.48249948102092177,0.5175005189790781
Baseline,NaiveBayes,0.9,Defaults,Defaults,0.9999999999996518,3.4880501534227847e-13
Baseline,NaiveBayes,0.9,Tuning,Tuning,3.440575413109388e-49,1.0
Baseline,NaiveBayes,0.9,Defaults,Defaults,0.9999999999999929,6.896496193336174e-15
Baseline,NaiveBayes,0.9,Tuning,Defaults,0.9999999999995381,4.610291713399962e-13
Baseline,NaiveBayes,0.9,Tuning,Defaults,0.9999999999645226,3.547724227020311e-11
Baseline,NaiveBayes,0.9,Tuning,Tuning,1.2641383686755604e-47,1.0
Baseline,NaiveBayes,0.9,Tuning,Defaults,0.9999913251010678,8.674898930546329e-06
Baseline,NaiveBayes,0.9,Defaults,Defaults,0.9989806314221494,0.001019368577851102
Baseline,NaiveBayes,0.9,Defaults,Defaults,0.9999999954214474,4.578551151971887e-09
Baseline,NaiveBayes,0.9,Tuning,Defaults,0.5277867602255789,0.4722132397744269
Baseline,NaiveBayes,0.9,Tuning,Defaults,0.9999999999999858,1.6090419585711262e-14
Baseline,NaiveBayes,0.9,Tuning,Defaults,0.9524771853132628,0.047522814686739384
Baseline,NaiveBayes,0.9,Tuning,Defaults,0.9524771853132628,0.047522814686739384
Baseline,NaiveBayes,0.9,Tuning,Tuning,2.6034935863969884e-07,0.9999997396506385
Baseline,NaiveBayes,0.9,Tuning,Tuning,0.0012559324630422087,0.9987440675369587
Baseline,NaiveBayes,0.9,Tuning,Defaults,0.9999999999928662,7.135581424613985e-12
Baseline,NaiveBayes,0.9,Tuning,Defaults,0.9998905382666177,0.00010946173338508324
Baseline,NaiveBayes,0.9,Defaults,Defaults,0.9999999999996874,3.139078547961715e-13
Baseline,NaiveBayes,0.9,Tuning,Defaults,0.9999999999991545,8.455658852283869e-13
Baseline,NaiveBayes,0.9,Tuning,Defaults,0.9999999999995808,4.19940787990892e-13
Baseline,NaiveBayes,0.9,Tuning,Tuning,0.0,1.0
Baseline,NaiveBayes,0.9,Tuning,Defaults,0.9997692280486555,0.00023077195134842715
Baseline,NaiveBayes,0.9,Defaults,Defaults,0.9999999999997229,2.7429889405631307e-13
Baseline,NaiveBayes,0.9,Tuning,Defaults,0.9999999998758042,1.241970557631858e-10
Baseline,NaiveBayes,0.9,Tuning,Defaults,1.0,5.147405388433647e-16
Baseline,NaiveBayes,0.9,Tuning,Defaults,0.9999999999985967,1.4032711901783505e-12
Baseline,NaiveBayes,0.9,Defaults,Defaults,0.9999999999870894,1.2911304423162336e-11
Baseline,NaiveBayes,0.9,Tuning,Defaults,0.9994159423280243,0.0005840576719812708
Baseline,NaiveBayes,0.9,Tuning,Defaults,0.9999999999864926,1.3510225331183001e-11
Baseline,NaiveBayes,0.9,Tuning,Defaults,0.9999999999397176,6.028519810773442e-11
Baseline,NaiveBayes,0.9,Defaults,Defaults,0.9999999999808651,1.9133777133334793e-11
Baseline,NaiveBayes,0.9,Defaults,Defaults,0.89881710255349,0.10118289744650588
Baseline,NaiveBayes,0.9,Tuning,Tuning,6.917123170096183e-17,1.0
Baseline,NaiveBayes,0.9,Tuning,Tuning,0.25454947166060626,0.7454505283393883
Baseline,NaiveBayes,0.9,Tuning,Tuning,0.0,1.0
Baseline,NaiveBayes,0.9,Defaults,Defaults,0.9999999999990976,9.024818836443986e-13
Baseline,NaiveBayes,0.9,Defaults,Defaults,0.9999999999807017,1.9300228102823704e-11
Baseline,NaiveBayes,0.9,Defaults,Defaults,0.9999999999999787,1.9884636834887674e-14
Baseline,NaiveBayes,0.9,Tuning,Defaults,0.9999998789310995,1.2106890390649548e-07
Baseline,NaiveBayes,0.9,Defaults,Defaults,0.9999999999997229,2.7606548003495556e-13
Baseline,NaiveBayes,0.9,Tuning,Defaults,0.9999999999999716,2.5423444716881758e-14
Baseline,NaiveBayes,0.9,Tuning,Defaults,0.9999996488553057,3.511446978387404e-07
Baseline,NaiveBayes,0.9,Defaults,Defaults,0.999999999995751,4.247264704208374e-12
Baseline,NaiveBayes,0.9,Defaults,Defaults,0.9999999999850502,1.4955922532398016e-11
Baseline,NaiveBayes,0.9,Tuning,Defaults,0.9999999999996021,4.0122161373966975e-13
Baseline,NaiveBayes,0.9,Tuning,Defaults,0.9999999999413589,5.864395660307329e-11
Baseline,NaiveBayes,0.9,Defaults,Defaults,0.9999999866787946,1.3321208379674722e-08
Baseline,NaiveBayes,0.9,Tuning,Tuning,2.6332115306267474e-206,1.0
Baseline,NaiveBayes,0.9,Tuning,Defaults,0.9886603034923812,0.011339696507612783
Baseline,NaiveBayes,0.9,Tuning,Tuning,0.0,1.0
Baseline,NaiveBayes,0.9,Tuning,Defaults,1.0,6.061531860103534e-52
Baseline,NaiveBayes,0.95,Tuning,Tuning,1.7096046920430112e-300,1.0
Baseline,NaiveBayes,0.95,Tuning,Tuning,1.690560428756682e-98,1.0
Baseline,NaiveBayes,0.95,Defaults,Defaults,0.9999999988934363,1.1065613084180717e-09
Baseline,NaiveBayes,0.95,Tuning,Tuning,3.6053638534314725e-06,0.9999963946361469
Baseline,NaiveBayes,0.95,Tuning,Tuning,3.3565572052785293e-65,1.0
Baseline,NaiveBayes,0.95,Tuning,Defaults,0.9999999999893774,1.0619357490647814e-11
Baseline,NaiveBayes,0.95,Tuning,Tuning,0.0,1.0
Baseline,NaiveBayes,0.95,Defaults,Defaults,0.9999852118569736,1.4788143025601467e-05
Baseline,NaiveBayes,0.95,Defaults,Defaults,0.9856537595663282,0.014346240433666715
Baseline,NaiveBayes,0.95,Tuning,Defaults,0.9999999107244872,8.927551974771688e-08
Baseline,NaiveBayes,0.95,Tuning,Defaults,0.9999999646399906,3.536000751265383e-08
Baseline,NaiveBayes,0.95,Defaults,Defaults,0.6328940821234085,0.36710591787659025
Baseline,NaiveBayes,0.95,Tuning,Defaults,0.9998328249474935,0.00016717505250893528
Baseline,NaiveBayes,0.95,Tuning,Tuning,1.3939969346473463e-14,0.9999999999999858
Baseline,NaiveBayes,0.95,Tuning,Tuning,0.0,1.0
Baseline,NaiveBayes,0.95,Tuning,Defaults,0.9999999934763295,6.523668705425014e-09
Baseline,NaiveBayes,0.95,Defaults,Defaults,0.9999998969943871,1.0300561557892989e-07
Baseline,NaiveBayes,0.95,Tuning,Defaults,0.9999999328154154,6.718458922019293e-08
Baseline,NaiveBayes,0.95,Defaults,Defaults,0.9999999999758344,2.4168016300857202e-11
Baseline,NaiveBayes,0.95,Tuning,Defaults,0.9999985025780787,1.4974219251556182e-06
Baseline,NaiveBayes,0.95,Tuning,Defaults,0.9999999936501212,6.349884332069907e-09
Baseline,NaiveBayes,0.95,Defaults,Defaults,0.9999999996057056,3.942946038417733e-10
Baseline,NaiveBayes,0.95,Tuning,Defaults,0.9999248769445759,7.512305542631164e-05
Baseline,NaiveBayes,0.95,Tuning,Defaults,0.9999999999988134,1.1833852650545385e-12
Baseline,NaiveBayes,0.95,Tuning,Defaults,0.9999999990704538,9.295468065847233e-10
Baseline,NaiveBayes,0.95,Tuning,Defaults,0.9999993612648176,6.387351858250835e-07
Baseline,NaiveBayes,0.95,Tuning,Tuning,1.5710504331527317e-34,1.0
Baseline,NaiveBayes,0.95,Tuning,Defaults,0.9999997481154528,2.518845507452991e-07
Baseline,NaiveBayes,0.95,Tuning,Defaults,0.9999999871931068,1.2806890730626428e-08
Baseline,NaiveBayes,0.95,Tuning,Defaults,0.9920544684562211,0.007945531543772142
Baseline,NaiveBayes,0.95,Tuning,Tuning,4.780159253222649e-23,1.0
Baseline,NaiveBayes,0.95,Tuning,Tuning,1.1843209679982896e-29,1.0
Baseline,NaiveBayes,0.95,Defaults,Defaults,0.9999999999999716,2.7129052966746282e-14
Baseline,NaiveBayes,0.95,Defaults,Defaults,0.9999999994065192,5.934776045645149e-10
Baseline,NaiveBayes,0.95,Tuning,Tuning,0.44835073477629467,0.5516492652236996
Baseline,NaiveBayes,0.95,Tuning,Defaults,0.9999999820456368,1.7954369832691033e-08
Baseline,NaiveBayes,0.95,Tuning,Defaults,0.9999997881631881,2.118368118264611e-07
Baseline,NaiveBayes,0.95,Defaults,Defaults,0.9999999999999858,1.371519692213119e-14
Baseline,NaiveBayes,0.95,Tuning,Defaults,0.9999999988097841,1.1902177074594268e-09
Baseline,NaiveBayes,0.95,Defaults,Defaults,0.9999999993941273,6.05871506532747e-10
Baseline,NaiveBayes,0.95,Tuning,Defaults,0.5227329695609829,0.47726703043902396
Baseline,NaiveBayes,0.95,Tuning,Tuning,0.0,1.0
Baseline,NaiveBayes,0.95,Tuning,Defaults,0.9999999999999716,2.450129509093388e-14
Baseline,NaiveBayes,0.95,Tuning,Tuning,0.0798128809488868,0.9201871190511072
Baseline,NaiveBayes,0.95,Tuning,Tuning,0.005540627369111729,0.9944593726308941
Baseline,NaiveBayes,0.95,Tuning,Defaults,0.9999860399184247,1.3960081574741511e-05
Baseline,NaiveBayes,0.95,Tuning,Tuning,1.7719503149116655e-71,1.0
Baseline,NaiveBayes,0.95,Tuning,Tuning,1.5184891407534724e-07,0.9999998481510888
Baseline,NaiveBayes,0.95,Tuning,Defaults,0.9999999999988276,1.1713783067212086e-12
Baseline,NaiveBayes,0.95,Tuning,Defaults,0.7845736855574268,0.2154263144425717
Baseline,NaiveBayes,0.95,Defaults,Defaults,0.9999259153206219,7.408467937910213e-05
Baseline,NaiveBayes,0.95,Tuning,Tuning,0.0,1.0
Baseline,NaiveBayes,0.95,Tuning,Tuning,0.0,1.0
Baseline,NaiveBayes,0.95,Defaults,Defaults,0.9852184453007652,0.014781554699237974
Baseline,NaiveBayes,0.95,Tuning,Defaults,1.0,3.331226522188818e-16
Baseline,NaiveBayes,0.95,Tuning,Defaults,0.9999999999887663,1.1231185695514042e-11
Baseline,NaiveBayes,0.95,Tuning,Defaults,0.9999999999999574,4.5640198067800914e-14
Baseline,NaiveBayes,0.95,Tuning,Defaults,0.9999999999998792,1.2233490544169942e-13
Baseline,NaiveBayes,0.95,Tuning,Tuning,0.00042920275959805595,0.9995707972404033
Baseline,NaiveBayes,0.95,Tuning,Tuning,0.012514527627981246,0.9874854723720132
Baseline,NaiveBayes,0.95,Tuning,Tuning,0.0,1.0
Baseline,NaiveBayes,0.95,Tuning,Defaults,0.9999999999998508,1.5270045679824513e-13
Baseline,NaiveBayes,0.95,Tuning,Defaults,0.9999999996621938,3.378071835394376e-10
Baseline,NaiveBayes,0.95,Defaults,Defaults,0.9999999999999147,8.189012452929622e-14
Baseline,NaiveBayes,0.95,Tuning,Defaults,0.9999999999957865,4.215816244337061e-12
Baseline,NaiveBayes,0.95,Defaults,Defaults,0.9999999995181312,4.81865451602052e-10
Baseline,NaiveBayes,0.95,Tuning,Defaults,0.9837173094808258,0.016282690519174404
Baseline,NaiveBayes,0.95,Tuning,Defaults,0.9978531197989375,0.002146880201069335
Baseline,NaiveBayes,0.95,Tuning,Defaults,0.9999999999998366,1.6637084776632968e-13
Baseline,NaiveBayes,0.95,Tuning,Tuning,1.466933994283089e-22,1.0
Baseline,NaiveBayes,0.95,Tuning,Defaults,0.9999992634541724,7.365458251547573e-07
Baseline,NaiveBayes,0.95,Defaults,Tuning,2.5653254966588567e-20,1.0
Baseline,NaiveBayes,0.95,Tuning,Defaults,0.9849078291965707,0.015092170803432727
Baseline,NaiveBayes,0.95,Defaults,Defaults,0.9999999999582485,4.1749835861523465e-11
Baseline,NaiveBayes,0.95,Defaults,Defaults,0.9999999999086668,9.133899176066667e-11
Baseline,NaiveBayes,0.95,Defaults,Defaults,0.9999999999873097,1.2687765246640165e-11
Baseline,NaiveBayes,0.95,Defaults,Defaults,0.9999999999317453,6.825084018983808e-11
Baseline,NaiveBayes,0.95,Tuning,Tuning,0.0,1.0
Baseline,NaiveBayes,0.95,Tuning,Tuning,0.0,1.0
Baseline,NaiveBayes,0.95,Tuning,Tuning,8.600027616704468e-15,0.9999999999999858
Baseline,NaiveBayes,0.95,Defaults,Defaults,0.9902950696830769,0.009704930316922988
Baseline,NaiveBayes,0.95,Defaults,Tuning,0.0001227822542973097,0.9998772177457026
Baseline,NaiveBayes,0.95,Defaults,Defaults,0.9999998152051603,1.847948384010987e-07
Baseline,NaiveBayes,0.95,Defaults,Defaults,0.9999999996786784,3.213198712871742e-10
Baseline,NaiveBayes,0.95,Tuning,Defaults,0.9999999872496589,1.2750338471350118e-08
Baseline,NaiveBayes,0.95,Tuning,Defaults,0.9996474496774479,0.00035255032254988023
Baseline,NaiveBayes,0.95,Defaults,Defaults,0.9999999999999787,2.1027267877150583e-14
Baseline,NaiveBayes,0.95,Tuning,Defaults,0.999999774403126,2.2559687307947133e-07
Baseline,NaiveBayes,0.95,Defaults,Defaults,0.9999999999891926,1.0804068121998705e-11
Baseline,NaiveBayes,0.95,Tuning,Tuning,5.006143065874536e-06,0.9999949938569411
Baseline,NaiveBayes,0.95,Tuning,Tuning,0.0002087659027977458,0.9997912340972029
Baseline,NaiveBayes,0.95,Defaults,Defaults,0.9999999873781108,1.2621889462711787e-08
Baseline,NaiveBayes,0.95,Tuning,Defaults,0.9999999999410676,5.893413428359386e-11
Baseline,NaiveBayes,0.95,Defaults,Tuning,0.0,1.0
Baseline,NaiveBayes,0.95,Tuning,Tuning,0.025089020715638684,0.9749109792843573
Baseline,NaiveBayes,0.95,Tuning,Defaults,0.9998383846997771,0.00016161530022722927
Baseline,NaiveBayes,0.95,Tuning,Defaults,0.9999999894173116,1.0582685104799272e-08
Baseline,NaiveBayes,0.95,Defaults,Defaults,0.9999999999982094,1.7877703953355217e-12
Baseline,NaiveBayes,0.95,Tuning,Defaults,0.5490326288170663,0.45096737118292884
Baseline,NaiveBayes,0.95,Tuning,Tuning,0.3967763634024734,0.6032236365975305
Baseline,NaiveBayes,0.95,Tuning,Defaults,0.9999659264202634,3.407357973600556e-05
Baseline,NaiveBayes,0.95,Defaults,Tuning,5.253284794611521e-07,0.9999994746715218
Baseline,NaiveBayes,0.95,Tuning,Defaults,0.9999999999998508,1.4599033997114098e-13
Baseline,NaiveBayes,0.95,Tuning,Defaults,0.9999999999999503,5.155281829487251e-14
Baseline,NaiveBayes,0.95,Tuning,Tuning,3.8479695168841666e-146,1.0
Baseline,NaiveBayes,0.95,Tuning,Tuning,9.850876604606102e-10,0.9999999990149178
Baseline,NaiveBayes,0.95,Tuning,Defaults,0.9999999999999858,1.0766437361007057e-14
Baseline,NaiveBayes,0.95,Tuning,Defaults,0.9998437331465381,0.00015626685345810585
Baseline,NaiveBayes,0.95,Tuning,Tuning,6.572898846681281e-25,1.0
Baseline,NaiveBayes,0.95,Defaults,Defaults,0.999999999893987,1.0601331216250917e-10
Baseline,NaiveBayes,0.95,Tuning,Tuning,4.6399250322544685e-08,0.9999999536007504
Baseline,NaiveBayes,0.95,Tuning,Defaults,0.644953917729236,0.35504608227076995
Baseline,NaiveBayes,0.95,Tuning,Defaults,0.9999999961883361,3.811657311831369e-09
Baseline,NaiveBayes,0.95,Tuning,Defaults,0.9960201503679478,0.00397984963204952
Baseline,NaiveBayes,0.95,Tuning,Tuning,1.6893751989729756e-38,1.0
Baseline,NaiveBayes,0.95,Tuning,Defaults,0.999999999983018,1.6980706428950097e-11
Baseline,NaiveBayes,0.95,Tuning,Defaults,0.9999999999238369,7.61659256570188e-11
Baseline,NaiveBayes,0.95,Tuning,Tuning,0.0005395525054226189,0.9994604474945756
Baseline,NaiveBayes,0.95,Defaults,Defaults,0.9999999999999147,8.229660733239779e-14
Baseline,NaiveBayes,0.95,Tuning,Tuning,1.0124849005656706e-54,1.0
Baseline,NaiveBayes,0.95,Defaults,Defaults,1.0,5.359249764170722e-16
Baseline,NaiveBayes,0.95,Tuning,Defaults,0.999999999999929,7.449906469628804e-14
Baseline,NaiveBayes,0.95,Tuning,Defaults,0.9999999999504183,4.958194044540794e-11
Baseline,NaiveBayes,0.95,Tuning,Tuning,6.623033280972759e-47,1.0
Baseline,NaiveBayes,0.95,Tuning,Defaults,0.9999592742705354,4.0725729468149304e-05
Baseline,NaiveBayes,0.95,Defaults,Defaults,0.9992523650505186,0.0007476349494852684
Baseline,NaiveBayes,0.95,Defaults,Defaults,0.9999999985143972,1.4856031144003315e-09
Baseline,NaiveBayes,0.95,Tuning,Defaults,0.894178954467817,0.10582104553217644
Baseline,NaiveBayes,0.95,Tuning,Defaults,0.9999999999999858,7.755510838579293e-15
Baseline,NaiveBayes,0.95,Tuning,Defaults,0.9965381242677654,0.0034618757322284004
Baseline,NaiveBayes,0.95,Tuning,Defaults,0.9965381242677654,0.0034618757322284004
Baseline,NaiveBayes,0.95,Tuning,Tuning,2.529921242230756e-10,0.9999999997470184
Baseline,NaiveBayes,0.95,Tuning,Tuning,5.274283299182835e-08,0.9999999472571673
Baseline,NaiveBayes,0.95,Tuning,Defaults,0.9999999999978968,2.1036446751449052e-12
Baseline,NaiveBayes,0.95,Tuning,Defaults,0.999925123653993,7.487634600306156e-05
Baseline,NaiveBayes,0.95,Defaults,Defaults,0.999999999999801,1.990465646716682e-13
Baseline,NaiveBayes,0.95,Tuning,Defaults,0.9999999999999076,8.94768653035018e-14
Baseline,NaiveBayes,0.95,Tuning,Defaults,0.9999999999998508,1.487663810052105e-13
Baseline,NaiveBayes,0.95,Tuning,Tuning,0.0,1.0
Baseline,NaiveBayes,0.95,Tuning,Defaults,0.9999763380069693,2.3661993035264163e-05
Baseline,NaiveBayes,0.95,Defaults,Defaults,0.9999999999999503,4.9253636346835237e-14
Baseline,NaiveBayes,0.95,Tuning,Defaults,0.9999999999979181,2.0832814110188766e-12
Baseline,NaiveBayes,0.95,Tuning,Defaults,1.0,9.347215269301646e-19
Baseline,NaiveBayes,0.95,Tuning,Defaults,0.9999999999999005,1.0071978060482392e-13
Baseline,NaiveBayes,0.95,Defaults,Defaults,0.9999999999990621,9.357828184017916e-13
Baseline,NaiveBayes,0.95,Tuning,Defaults,0.9998654990135165,0.00013450098647636963
Baseline,NaiveBayes,0.95,Tuning,Defaults,0.9999999999986926,1.303890848691955e-12
Baseline,NaiveBayes,0.95,Tuning,Defaults,0.9999999999958789,4.124061925716705e-12
Baseline,NaiveBayes,0.95,Defaults,Defaults,0.9999999999980105,1.988776689896571e-12
Baseline,NaiveBayes,0.95,Defaults,Defaults,0.9787334948424026,0.02126650515759184
Baseline,NaiveBayes,0.95,Tuning,Tuning,2.2672911928927024e-16,1.0
Baseline,NaiveBayes,0.95,Tuning,Tuning,5.00031687682182e-12,0.9999999999949978
Baseline,NaiveBayes,0.95,Tuning,Tuning,0.0,1.0
Baseline,NaiveBayes,0.95,Defaults,Defaults,0.9999999999998863,1.1534886987071337e-13
Baseline,NaiveBayes,0.95,Defaults,Defaults,0.9999999999972431,2.7573244710134753e-12
Baseline,NaiveBayes,0.95,Defaults,Defaults,1.0,2.1750239444285985e-15
Baseline,NaiveBayes,0.95,Tuning,Defaults,0.9999967019887307,3.2980112635815664e-06
Baseline,NaiveBayes,0.95,Defaults,Defaults,0.9999999999999716,2.76824270064659e-14
Baseline,NaiveBayes,0.95,Tuning,Defaults,1.0,2.311377562253976e-15
Baseline,NaiveBayes,0.95,Tuning,Defaults,0.9999999444042602,5.559573837798929e-08
Baseline,NaiveBayes,0.95,Defaults,Defaults,0.9999999999995524,4.4489371931923947e-13
Baseline,NaiveBayes,0.95,Defaults,Defaults,0.9999999999969873,3.015715173407167e-12
Baseline,NaiveBayes,0.95,Tuning,Defaults,0.9999999999999503,4.964710728992725e-14
Baseline,NaiveBayes,0.95,Tuning,Defaults,0.9999999999874731,1.2529631404017055e-11
Baseline,NaiveBayes,0.95,Defaults,Defaults,0.9999999988543209,1.1456815521432688e-09
Baseline,NaiveBayes,0.95,Tuning,Tuning,0.0,1.0
Baseline,NaiveBayes,0.95,Tuning,Defaults,0.9992821111166196,0.000717888883373634
Baseline,NaiveBayes,0.95,Tuning,Tuning,0.0,1.0
Baseline,NaiveBayes,0.95,Tuning,Defaults,1.0,8.547925633982993e-50
Baseline,LogisticRegression,0.8,Tuning,Tuning,0.019897283697764334,0.9801027163022357
Baseline,LogisticRegression,0.8,Tuning,Tuning,0.16964062574809047,0.8303593742519095
Baseline,LogisticRegression,0.8,Defaults,Defaults,0.6385692008506176,0.3614307991493824
Baseline,LogisticRegression,0.8,Tuning,Tuning,0.06773943202819566,0.9322605679718043
Baseline,LogisticRegression,0.8,Tuning,Tuning,0.02408397862765732,0.9759160213723427
Baseline,LogisticRegression,0.8,Tuning,Defaults,0.6723477395347144,0.32765226046528556
Baseline,LogisticRegression,0.8,Tuning,Tuning,0.001821057566436357,0.9981789424335636
Baseline,LogisticRegression,0.8,Defaults,Tuning,0.047058880683653714,0.9529411193163463
Baseline,LogisticRegression,0.8,Defaults,Tuning,0.029752959023522596,0.9702470409764774
Baseline,LogisticRegression,0.8,Tuning,Tuning,0.10385045973916929,0.8961495402608307
Baseline,LogisticRegression,0.8,Tuning,Tuning,0.0793179428286932,0.9206820571713068
Baseline,LogisticRegression,0.8,Defaults,Tuning,0.32289390809398966,0.6771060919060103
Baseline,LogisticRegression,0.8,Tuning,Tuning,0.05131803803881907,0.9486819619611809
Baseline,LogisticRegression,0.8,Tuning,Tuning,0.03203481027714461,0.9679651897228554
Baseline,LogisticRegression,0.8,Tuning,Tuning,1.795516967706412e-05,0.9999820448303229
Baseline,LogisticRegression,0.8,Tuning,Tuning,0.11871031291646506,0.881289687083535
Baseline,LogisticRegression,0.8,Defaults,Defaults,0.8496877119800856,0.1503122880199144
Baseline,LogisticRegression,0.8,Tuning,Tuning,0.13527080492502241,0.8647291950749776
Baseline,LogisticRegression,0.8,Defaults,Tuning,0.3282852732770969,0.6717147267229031
Baseline,LogisticRegression,0.8,Tuning,Tuning,0.39448510908835854,0.6055148909116415
Baseline,LogisticRegression,0.8,Tuning,Tuning,0.3195812225535224,0.6804187774464776
Baseline,LogisticRegression,0.8,Defaults,Tuning,0.13130570191831537,0.8686942980816846
Baseline,LogisticRegression,0.8,Tuning,Tuning,0.008981492019226378,0.9910185079807736
Baseline,LogisticRegression,0.8,Tuning,Tuning,0.30326479869576295,0.696735201304237
Baseline,LogisticRegression,0.8,Tuning,Tuning,0.21661968736711923,0.7833803126328808
Baseline,LogisticRegression,0.8,Tuning,Tuning,0.10363375667676045,0.8963662433232396
Baseline,LogisticRegression,0.8,Tuning,Tuning,0.09861993802600655,0.9013800619739935
Baseline,LogisticRegression,0.8,Tuning,Tuning,0.14836463100818076,0.8516353689918192
Baseline,LogisticRegression,0.8,Tuning,Tuning,0.197036503970344,0.802963496029656
Baseline,LogisticRegression,0.8,Tuning,Tuning,0.05718362814333855,0.9428163718566615
Baseline,LogisticRegression,0.8,Tuning,Tuning,0.03216500060879157,0.9678349993912084
Baseline,LogisticRegression,0.8,Tuning,Tuning,0.05202170836450348,0.9479782916354965
Baseline,LogisticRegression,0.8,Defaults,Defaults,0.7410279168585643,0.25897208314143577
Baseline,LogisticRegression,0.8,Defaults,Tuning,0.31087017576206877,0.6891298242379312
Baseline,LogisticRegression,0.8,Tuning,Tuning,0.025747459401534112,0.9742525405984659
Baseline,LogisticRegression,0.8,Tuning,Defaults,0.9402005604706858,0.05979943952931424
Baseline,LogisticRegression,0.8,Tuning,Tuning,0.03795315983203307,0.9620468401679669
Baseline,LogisticRegression,0.8,Defaults,Defaults,0.605508946929511,0.39449105307048904
Baseline,LogisticRegression,0.8,Tuning,Tuning,0.2267529302117638,0.7732470697882362
Baseline,LogisticRegression,0.8,Defaults,Defaults,0.7852162406395025,0.21478375936049757
Baseline,LogisticRegression,0.8,Tuning,Tuning,0.18354350208624082,0.8164564979137592
Baseline,LogisticRegression,0.8,Tuning,Tuning,3.571742901442576e-11,0.9999999999642826
Baseline,LogisticRegression,0.8,Tuning,Defaults,0.9525705500492606,0.04742944995073934
Baseline,LogisticRegression,0.8,Tuning,Tuning,0.07295651654063184,0.9270434834593682
Baseline,LogisticRegression,0.8,Tuning,Tuning,0.03357103749458312,0.9664289625054169
Baseline,LogisticRegression,0.8,Tuning,Tuning,0.4289456083041475,0.5710543916958525
Baseline,LogisticRegression,0.8,Tuning,Tuning,0.02235136016792738,0.9776486398320726
Baseline,LogisticRegression,0.8,Tuning,Tuning,0.011373133647551215,0.9886268663524488
Baseline,LogisticRegression,0.8,Tuning,Tuning,0.18427183558176186,0.8157281644182381
Baseline,LogisticRegression,0.8,Tuning,Tuning,0.05059664445019518,0.9494033555498048
Baseline,LogisticRegression,0.8,Defaults,Tuning,0.39705324180338597,0.602946758196614
Baseline,LogisticRegression,0.8,Tuning,Tuning,0.07022360165156638,0.9297763983484336
Baseline,LogisticRegression,0.8,Tuning,Tuning,0.02011244774221832,0.9798875522577817
Baseline,LogisticRegression,0.8,Defaults,Tuning,0.13637595386447643,0.8636240461355236
Baseline,LogisticRegression,0.8,Tuning,Defaults,0.652820941286379,0.347179058713621
Baseline,LogisticRegression,0.8,Tuning,Tuning,0.42074502510345413,0.5792549748965459
Baseline,LogisticRegression,0.8,Tuning,Defaults,0.5815926165056966,0.41840738349430345
Baseline,LogisticRegression,0.8,Tuning,Defaults,0.6109233834574173,0.38907661654258274
Baseline,LogisticRegression,0.8,Tuning,Defaults,0.5529195494221983,0.44708045057780166
Baseline,LogisticRegression,0.8,Tuning,Tuning,0.04277948369277618,0.9572205163072238
Baseline,LogisticRegression,0.8,Tuning,Tuning,0.0002871075154351477,0.9997128924845649
Baseline,LogisticRegression,0.8,Tuning,Tuning,0.19323228945839055,0.8067677105416095
Baseline,LogisticRegression,0.8,Tuning,Tuning,0.25626455575225027,0.7437354442477497
Baseline,LogisticRegression,0.8,Defaults,Defaults,0.6612722587799709,0.33872774122002913
Baseline,LogisticRegression,0.8,Tuning,Defaults,0.5208844005657567,0.47911559943424326
Baseline,LogisticRegression,0.8,Defaults,Tuning,0.2410302893303975,0.7589697106696025
Baseline,LogisticRegression,0.8,Tuning,Tuning,0.18126866519622642,0.8187313348037736
Baseline,LogisticRegression,0.8,Tuning,Tuning,0.27308614970934963,0.7269138502906504
Baseline,LogisticRegression,0.8,Tuning,Tuning,0.3647221873752853,0.6352778126247147
Baseline,LogisticRegression,0.8,Tuning,Tuning,0.0047208952400868975,0.9952791047599131
Baseline,LogisticRegression,0.8,Tuning,Tuning,0.2836335257342978,0.7163664742657022
Baseline,LogisticRegression,0.8,Defaults,Tuning,0.0017715727244692614,0.9982284272755307
Baseline,LogisticRegression,0.8,Tuning,Tuning,0.2181014863772487,0.7818985136227513
Baseline,LogisticRegression,0.8,Defaults,Defaults,0.724981853598879,0.27501814640112093
Baseline,LogisticRegression,0.8,Defaults,Defaults,0.6931726171378724,0.30682738286212763
Baseline,LogisticRegression,0.8,Defaults,Defaults,0.7597536819368522,0.24024631806314772
Baseline,LogisticRegression,0.8,Defaults,Defaults,0.7015618737854126,0.2984381262145875
Baseline,LogisticRegression,0.8,Tuning,Tuning,0.07719521392261941,0.9228047860773806
Baseline,LogisticRegression,0.8,Tuning,Tuning,0.08798976620381016,0.9120102337961898
Baseline,LogisticRegression,0.8,Tuning,Tuning,0.05390043631256747,0.9460995636874325
Baseline,LogisticRegression,0.8,Defaults,Tuning,0.2430469907457905,0.7569530092542095
Baseline,LogisticRegression,0.8,Defaults,Tuning,0.4522320997781608,0.5477679002218392
Baseline,LogisticRegression,0.8,Defaults,Tuning,0.48344723633066045,0.5165527636693396
Baseline,LogisticRegression,0.8,Defaults,Defaults,0.6496555284134162,0.3503444715865837
Baseline,LogisticRegression,0.8,Tuning,Defaults,0.6946534897343568,0.3053465102656432
Baseline,LogisticRegression,0.8,Tuning,Defaults,0.9297591806815434,0.07024081931845665
Baseline,LogisticRegression,0.8,Defaults,Defaults,0.7363018716868853,0.2636981283131147
Baseline,LogisticRegression,0.8,Tuning,Tuning,0.02400596453363435,0.9759940354663657
Baseline,LogisticRegression,0.8,Defaults,Defaults,0.5641545091269493,0.4358454908730507
Baseline,LogisticRegression,0.8,Tuning,Tuning,0.016272482325584092,0.9837275176744159
Baseline,LogisticRegression,0.8,Tuning,Tuning,0.0031793245456664954,0.9968206754543335
Baseline,LogisticRegression,0.8,Defaults,Tuning,0.14409727149743567,0.8559027285025643
Baseline,LogisticRegression,0.8,Tuning,Tuning,0.19555691850282197,0.804443081497178
Baseline,LogisticRegression,0.8,Defaults,Tuning,0.0,1.0
Baseline,LogisticRegression,0.8,Tuning,Tuning,0.04801190186599247,0.9519880981340075
Baseline,LogisticRegression,0.8,Tuning,Tuning,0.025175150731374107,0.9748248492686259
Baseline,LogisticRegression,0.8,Tuning,Tuning,0.06321066812890364,0.9367893318710964
Baseline,LogisticRegression,0.8,Defaults,Defaults,0.6386258161981299,0.36137418380187014
Baseline,LogisticRegression,0.8,Tuning,Tuning,0.13332340853058733,0.8666765914694127
Baseline,LogisticRegression,0.8,Tuning,Tuning,0.34140590945486016,0.6585940905451398
Baseline,LogisticRegression,0.8,Tuning,Tuning,0.22598725219402593,0.7740127478059741
Baseline,LogisticRegression,0.8,Defaults,Tuning,0.04151863723634919,0.9584813627636508
Baseline,LogisticRegression,0.8,Tuning,Tuning,0.3500683800006116,0.6499316199993884
Baseline,LogisticRegression,0.8,Tuning,Defaults,0.5568517805947761,0.4431482194052238
Baseline,LogisticRegression,0.8,Tuning,Tuning,0.004227168689031835,0.9957728313109682
Baseline,LogisticRegression,0.8,Tuning,Tuning,0.006552131813122752,0.9934478681868772
Baseline,LogisticRegression,0.8,Tuning,Defaults,0.8901670632839009,0.10983293671609909
Baseline,LogisticRegression,0.8,Tuning,Tuning,0.025232347056451387,0.9747676529435486
Baseline,LogisticRegression,0.8,Tuning,Tuning,0.1713295245433336,0.8286704754566664
Baseline,LogisticRegression,0.8,Defaults,Defaults,0.546424809966032,0.45357519003396796
Baseline,LogisticRegression,0.8,Tuning,Tuning,0.004859790132718422,0.9951402098672816
Baseline,LogisticRegression,0.8,Tuning,Tuning,0.03169492591888445,0.9683050740811155
Baseline,LogisticRegression,0.8,Tuning,Tuning,0.0037623019151885595,0.9962376980848114
Baseline,LogisticRegression,0.8,Tuning,Tuning,0.04027032215962578,0.9597296778403742
Baseline,LogisticRegression,0.8,Tuning,Tuning,0.0039669087909756096,0.9960330912090244
Baseline,LogisticRegression,0.8,Tuning,Tuning,0.42182586134905176,0.5781741386509482
Baseline,LogisticRegression,0.8,Tuning,Defaults,0.7713228019126834,0.22867719808731654
Baseline,LogisticRegression,0.8,Tuning,Tuning,0.0017754197315312803,0.9982245802684687
Baseline,LogisticRegression,0.8,Defaults,Tuning,0.3845945717854016,0.6154054282145984
Baseline,LogisticRegression,0.8,Tuning,Tuning,0.0021638983180187754,0.9978361016819812
Baseline,LogisticRegression,0.8,Defaults,Defaults,0.6361457091643443,0.36385429083565574
Baseline,LogisticRegression,0.8,Tuning,Tuning,0.3549817155134293,0.6450182844865707
Baseline,LogisticRegression,0.8,Tuning,Tuning,0.43082922599389606,0.5691707740061039
Baseline,LogisticRegression,0.8,Tuning,Defaults,0.7233109894092148,0.2766890105907852
Baseline,LogisticRegression,0.8,Tuning,Tuning,0.2172462510120562,0.7827537489879438
Baseline,LogisticRegression,0.8,Defaults,Tuning,0.4034474393218017,0.5965525606781983
Baseline,LogisticRegression,0.8,Defaults,Tuning,0.18277181211312177,0.8172281878868782
Baseline,LogisticRegression,0.8,Tuning,Tuning,0.006093446952968207,0.9939065530470318
Baseline,LogisticRegression,0.8,Tuning,Tuning,0.24433357581530124,0.7556664241846988
Baseline,LogisticRegression,0.8,Tuning,Tuning,0.01577992179258525,0.9842200782074148
Baseline,LogisticRegression,0.8,Tuning,Tuning,0.01577992179258525,0.9842200782074148
Baseline,LogisticRegression,0.8,Tuning,Tuning,0.1477797926478528,0.8522202073521472
Baseline,LogisticRegression,0.8,Tuning,Tuning,0.024940178747507535,0.9750598212524925
Baseline,LogisticRegression,0.8,Tuning,Defaults,0.6361702435281513,0.36382975647184873
Baseline,LogisticRegression,0.8,Tuning,Tuning,0.060776765057188764,0.9392232349428112
Baseline,LogisticRegression,0.8,Defaults,Defaults,0.5736139250068686,0.4263860749931314
Baseline,LogisticRegression,0.8,Tuning,Tuning,0.490259412830642,0.509740587169358
Baseline,LogisticRegression,0.8,Tuning,Defaults,0.6992137870742339,0.3007862129257662
Baseline,LogisticRegression,0.8,Tuning,Tuning,0.2701391710422898,0.7298608289577102
Baseline,LogisticRegression,0.8,Tuning,Tuning,0.09433199541439796,0.905668004585602
Baseline,LogisticRegression,0.8,Defaults,Tuning,0.473411427332706,0.526588572667294
Baseline,LogisticRegression,0.8,Tuning,Tuning,0.044810021526020205,0.9551899784739798
Baseline,LogisticRegression,0.8,Tuning,Tuning,0.007063477798759932,0.9929365222012401
Baseline,LogisticRegression,0.8,Tuning,Tuning,0.3079925257513313,0.6920074742486687
Baseline,LogisticRegression,0.8,Defaults,Tuning,0.3049071666322797,0.6950928333677203
Baseline,LogisticRegression,0.8,Tuning,Tuning,0.0028811533687140845,0.9971188466312859
Baseline,LogisticRegression,0.8,Tuning,Defaults,0.5332264242193839,0.46677357578061607
Baseline,LogisticRegression,0.8,Tuning,Tuning,0.042250096003138005,0.957749903996862
Baseline,LogisticRegression,0.8,Defaults,Defaults,0.8783834751612388,0.12161652483876118
Baseline,LogisticRegression,0.8,Defaults,Defaults,0.7527347731655168,0.24726522683448313
Baseline,LogisticRegression,0.8,Tuning,Tuning,0.14730008901746106,0.8526999109825389
Baseline,LogisticRegression,0.8,Tuning,Tuning,0.06619897157959798,0.933801028420402
Baseline,LogisticRegression,0.8,Tuning,Defaults,0.5743588079951747,0.42564119200482536
Baseline,LogisticRegression,0.8,Defaults,Tuning,0.4480143374159592,0.5519856625840408
Baseline,LogisticRegression,0.8,Defaults,Tuning,0.49181195169411696,0.508188048305883
Baseline,LogisticRegression,0.8,Defaults,Defaults,0.7749083122991853,0.22509168770081467
Baseline,LogisticRegression,0.8,Tuning,Tuning,0.2313763164033964,0.7686236835966036
Baseline,LogisticRegression,0.8,Defaults,Defaults,0.5329520897017848,0.46704791029821524
Baseline,LogisticRegression,0.8,Tuning,Defaults,0.9207866447723362,0.07921335522766386
Baseline,LogisticRegression,0.8,Tuning,Tuning,0.07025031357441236,0.9297496864255876
Baseline,LogisticRegression,0.8,Defaults,Tuning,0.23138022959697757,0.7686197704030224
Baseline,LogisticRegression,0.8,Defaults,Defaults,0.8576527580205631,0.1423472419794369
Baseline,LogisticRegression,0.8,Tuning,Defaults,0.6987532981750745,0.3012467018249255
Baseline,LogisticRegression,0.8,Tuning,Tuning,0.06151083319823625,0.9384891668017638
Baseline,LogisticRegression,0.8,Defaults,Tuning,0.4468274746066907,0.5531725253933093
Baseline,LogisticRegression,0.8,Tuning,Tuning,0.0003075962396413834,0.9996924037603586
Baseline,LogisticRegression,0.8,Tuning,Tuning,0.1349396439217102,0.8650603560782898
Baseline,LogisticRegression,0.8,Tuning,Tuning,2.2846312733304508e-05,0.9999771536872667
Baseline,LogisticRegression,0.8,Tuning,Tuning,0.30721429725652316,0.6927857027434768
Baseline,LogisticRegression,0.85,Tuning,Tuning,0.027422071176126717,0.9725779288238733
Baseline,LogisticRegression,0.85,Tuning,Tuning,0.10942487889553987,0.8905751211044601
Baseline,LogisticRegression,0.85,Defaults,Defaults,0.6751136708920453,0.3248863291079547
Baseline,LogisticRegression,0.85,Tuning,Tuning,0.06173083451054795,0.938269165489452
Baseline,LogisticRegression,0.85,Tuning,Tuning,0.0165591986292023,0.9834408013707977
Baseline,LogisticRegression,0.85,Tuning,Defaults,0.688257494559636,0.31174250544036397
Baseline,LogisticRegression,0.85,Tuning,Tuning,0.00013756778213025456,0.9998624322178697
Baseline,LogisticRegression,0.85,Defaults,Tuning,0.04848140433346171,0.9515185956665383
Baseline,LogisticRegression,0.85,Defaults,Tuning,0.02881198266868734,0.9711880173313127
Baseline,LogisticRegression,0.85,Tuning,Tuning,0.10886702042196572,0.8911329795780343
Baseline,LogisticRegression,0.85,Tuning,Tuning,0.07755732436937002,0.92244267563063
Baseline,LogisticRegression,0.85,Defaults,Tuning,0.36093727084244254,0.6390627291575575
Baseline,LogisticRegression,0.85,Tuning,Tuning,0.05182172490848491,0.9481782750915151
Baseline,LogisticRegression,0.85,Tuning,Tuning,0.027010492418454435,0.9729895075815456
Baseline,LogisticRegression,0.85,Tuning,Tuning,2.4359277931429446e-06,0.9999975640722069
Baseline,LogisticRegression,0.85,Tuning,Tuning,0.11498033111939843,0.8850196688806016
Baseline,LogisticRegression,0.85,Defaults,Defaults,0.8583119940746832,0.14168800592531683
Baseline,LogisticRegression,0.85,Tuning,Tuning,0.13319854878945292,0.8668014512105471
Baseline,LogisticRegression,0.85,Defaults,Tuning,0.2726092967032191,0.7273907032967809
Baseline,LogisticRegression,0.85,Tuning,Tuning,0.39305610294931215,0.6069438970506879
Baseline,LogisticRegression,0.85,Tuning,Tuning,0.39208960442942864,0.6079103955705714
Baseline,LogisticRegression,0.85,Defaults,Tuning,0.15041003838879496,0.849589961611205
Baseline,LogisticRegression,0.85,Tuning,Tuning,0.011669759339050234,0.9883302406609498
Baseline,LogisticRegression,0.85,Tuning,Tuning,0.33030871087752,0.66969128912248
Baseline,LogisticRegression,0.85,Tuning,Tuning,0.21265205477611993,0.7873479452238801
Baseline,LogisticRegression,0.85,Tuning,Tuning,0.09841881937500907,0.9015811806249909
Baseline,LogisticRegression,0.85,Tuning,Tuning,0.07728720304462056,0.9227127969553794
Baseline,LogisticRegression,0.85,Tuning,Tuning,0.149532491728402,0.850467508271598
Baseline,LogisticRegression,0.85,Tuning,Tuning,0.20129267094597125,0.7987073290540287
Baseline,LogisticRegression,0.85,Tuning,Tuning,0.05304287463725654,0.9469571253627435
Baseline,LogisticRegression,0.85,Tuning,Tuning,0.027650858004444667,0.9723491419955553
Baseline,LogisticRegression,0.85,Tuning,Tuning,0.043527430310873694,0.9564725696891263
Baseline,LogisticRegression,0.85,Defaults,Defaults,0.7260717592008934,0.27392824079910655
Baseline,LogisticRegression,0.85,Defaults,Tuning,0.3058886982429244,0.6941113017570756
Baseline,LogisticRegression,0.85,Tuning,Tuning,0.02471083111413286,0.9752891688858671
Baseline,LogisticRegression,0.85,Tuning,Defaults,0.9398818411789618,0.06011815882103825
Baseline,LogisticRegression,0.85,Tuning,Tuning,0.029309785101476526,0.9706902148985235
Baseline,LogisticRegression,0.85,Defaults,Defaults,0.6319271050269222,0.36807289497307777
Baseline,LogisticRegression,0.85,Tuning,Tuning,0.20549368367541876,0.7945063163245812
Baseline,LogisticRegression,0.85,Defaults,Defaults,0.7688102844099517,0.2311897155900483
Baseline,LogisticRegression,0.85,Tuning,Tuning,0.24036337179746503,0.759636628202535
Baseline,LogisticRegression,0.85,Tuning,Tuning,1.4370882261971474e-10,0.9999999998562912
Baseline,LogisticRegression,0.85,Tuning,Defaults,0.9492376525542132,0.050762347445786726
Baseline,LogisticRegression,0.85,Tuning,Tuning,0.08007029198907623,0.9199297080109238
Baseline,LogisticRegression,0.85,Tuning,Tuning,0.047997424311487125,0.9520025756885129
Baseline,LogisticRegression,0.85,Tuning,Tuning,0.42909993103578437,0.5709000689642156
Baseline,LogisticRegression,0.85,Tuning,Tuning,0.02129562376023897,0.978704376239761
Baseline,LogisticRegression,0.85,Tuning,Tuning,0.014280926799990601,0.9857190732000094
Baseline,LogisticRegression,0.85,Tuning,Tuning,0.19113119625812525,0.8088688037418748
Baseline,LogisticRegression,0.85,Tuning,Tuning,0.060385676584242765,0.9396143234157572
Baseline,LogisticRegression,0.85,Defaults,Tuning,0.3456027265317456,0.6543972734682544
Baseline,LogisticRegression,0.85,Tuning,Tuning,0.0680856852232884,0.9319143147767116
Baseline,LogisticRegression,0.85,Tuning,Tuning,0.02173655429327004,0.97826344570673
Baseline,LogisticRegression,0.85,Defaults,Tuning,0.13659205882345016,0.8634079411765498
Baseline,LogisticRegression,0.85,Tuning,Defaults,0.6271861797622187,0.37281382023778126
Baseline,LogisticRegression,0.85,Tuning,Tuning,0.4682402231038646,0.5317597768961354
Baseline,LogisticRegression,0.85,Tuning,Defaults,0.6180193715846516,0.38198062841534836
Baseline,LogisticRegression,0.85,Tuning,Defaults,0.6191491699882381,0.38085083001176184
Baseline,LogisticRegression,0.85,Tuning,Defaults,0.5342584156585477,0.46574158434145224
Baseline,LogisticRegression,0.85,Tuning,Tuning,0.04375500556293288,0.9562449944370671
Baseline,LogisticRegression,0.85,Tuning,Tuning,0.00029288933613735857,0.9997071106638626
Baseline,LogisticRegression,0.85,Tuning,Tuning,0.19187711665211726,0.8081228833478827
Baseline,LogisticRegression,0.85,Tuning,Tuning,0.3247904538115872,0.6752095461884128
Baseline,LogisticRegression,0.85,Defaults,Defaults,0.6315596048921457,0.3684403951078543
Baseline,LogisticRegression,0.85,Tuning,Defaults,0.540938510450256,0.459061489549744
Baseline,LogisticRegression,0.85,Defaults,Tuning,0.2273075623516212,0.7726924376483788
Baseline,LogisticRegression,0.85,Tuning,Tuning,0.1731480725334521,0.8268519274665479
Baseline,LogisticRegression,0.85,Tuning,Tuning,0.24367383755679584,0.7563261624432042
Baseline,LogisticRegression,0.85,Tuning,Tuning,0.3744394333507829,0.6255605666492171
Baseline,LogisticRegression,0.85,Tuning,Tuning,0.004924201202043399,0.9950757987979566
Baseline,LogisticRegression,0.85,Tuning,Tuning,0.29569752197844923,0.7043024780215508
Baseline,LogisticRegression,0.85,Defaults,Tuning,0.0014397778177216436,0.9985602221822784
Baseline,LogisticRegression,0.85,Tuning,Tuning,0.21926736646994627,0.7807326335300537
Baseline,LogisticRegression,0.85,Defaults,Defaults,0.7291325484515014,0.27086745154849856
Baseline,LogisticRegression,0.85,Defaults,Defaults,0.7040766101115774,0.29592338988842254
Baseline,LogisticRegression,0.85,Defaults,Defaults,0.7531753085396425,0.2468246914603575
Baseline,LogisticRegression,0.85,Defaults,Defaults,0.7046702150992172,0.2953297849007828
Baseline,LogisticRegression,0.85,Tuning,Tuning,0.07571272578717314,0.9242872742128269
Baseline,LogisticRegression,0.85,Tuning,Tuning,0.0867711511385919,0.9132288488614081
Baseline,LogisticRegression,0.85,Tuning,Tuning,0.045099580519120774,0.9549004194808792
Baseline,LogisticRegression,0.85,Defaults,Tuning,0.2340696215273741,0.7659303784726259
Baseline,LogisticRegression,0.85,Defaults,Tuning,0.4391982270652478,0.5608017729347522
Baseline,LogisticRegression,0.85,Defaults,Tuning,0.467861936008958,0.532138063991042
Baseline,LogisticRegression,0.85,Defaults,Defaults,0.6485464211911763,0.35145357880882366
Baseline,LogisticRegression,0.85,Tuning,Defaults,0.6817612344681367,0.3182387655318632
Baseline,LogisticRegression,0.85,Tuning,Defaults,0.924734530732089,0.07526546926791103
Baseline,LogisticRegression,0.85,Defaults,Defaults,0.6711391148912296,0.32886088510877043
Baseline,LogisticRegression,0.85,Tuning,Tuning,0.028545126761013062,0.9714548732389869
Baseline,LogisticRegression,0.85,Defaults,Defaults,0.552853963322367,0.4471460366776329
Baseline,LogisticRegression,0.85,Tuning,Tuning,0.023157331348198973,0.976842668651801
Baseline,LogisticRegression,0.85,Tuning,Tuning,0.002619681525586337,0.9973803184744137
Baseline,LogisticRegression,0.85,Defaults,Tuning,0.1343588967159054,0.8656411032840946
Baseline,LogisticRegression,0.85,Tuning,Tuning,0.21157592347584075,0.7884240765241592
Baseline,LogisticRegression,0.85,Defaults,Tuning,0.0,1.0
Baseline,LogisticRegression,0.85,Tuning,Tuning,0.044482859788416595,0.9555171402115834
Baseline,LogisticRegression,0.85,Tuning,Tuning,0.03358288364914486,0.9664171163508551
Baseline,LogisticRegression,0.85,Tuning,Tuning,0.061055961242093004,0.938944038757907
Baseline,LogisticRegression,0.85,Defaults,Defaults,0.6267935100009625,0.37320648999903755
Baseline,LogisticRegression,0.85,Tuning,Tuning,0.13998094259211402,0.860019057407886
Baseline,LogisticRegression,0.85,Tuning,Tuning,0.3551104937300472,0.6448895062699528
Baseline,LogisticRegression,0.85,Tuning,Tuning,0.2105892456250692,0.7894107543749308
Baseline,LogisticRegression,0.85,Defaults,Tuning,0.034498967183156815,0.9655010328168432
Baseline,LogisticRegression,0.85,Tuning,Tuning,0.3378362102846175,0.6621637897153825
Baseline,LogisticRegression,0.85,Tuning,Defaults,0.6109541396232061,0.38904586037679384
Baseline,LogisticRegression,0.85,Tuning,Tuning,0.005340595504042311,0.9946594044959577
Baseline,LogisticRegression,0.85,Tuning,Tuning,0.00774424444179711,0.9922557555582029
Baseline,LogisticRegression,0.85,Tuning,Defaults,0.8969007366845753,0.10309926331542472
Baseline,LogisticRegression,0.85,Tuning,Tuning,0.03376233284140351,0.9662376671585965
Baseline,LogisticRegression,0.85,Tuning,Tuning,0.1786071936215965,0.8213928063784035
Baseline,LogisticRegression,0.85,Defaults,Defaults,0.5996154969702059,0.40038450302979417
Baseline,LogisticRegression,0.85,Tuning,Tuning,0.005026031197094216,0.9949739688029058
Baseline,LogisticRegression,0.85,Tuning,Tuning,0.03096322658151829,0.9690367734184817
Baseline,LogisticRegression,0.85,Tuning,Tuning,0.0034856310636972587,0.9965143689363027
Baseline,LogisticRegression,0.85,Tuning,Tuning,0.039747574720365386,0.9602524252796346
Baseline,LogisticRegression,0.85,Tuning,Tuning,0.003777127010740622,0.9962228729892594
Baseline,LogisticRegression,0.85,Tuning,Tuning,0.4410442123223898,0.5589557876776102
Baseline,LogisticRegression,0.85,Tuning,Defaults,0.8052486621065185,0.1947513378934815
Baseline,LogisticRegression,0.85,Tuning,Tuning,0.002217510437242387,0.9977824895627576
Baseline,LogisticRegression,0.85,Defaults,Tuning,0.3913254817766709,0.6086745182233291
Baseline,LogisticRegression,0.85,Tuning,Tuning,0.002589235928037059,0.9974107640719629
Baseline,LogisticRegression,0.85,Defaults,Defaults,0.617333725220814,0.3826662747791861
Baseline,LogisticRegression,0.85,Tuning,Tuning,0.3247449325361417,0.6752550674638583
Baseline,LogisticRegression,0.85,Tuning,Tuning,0.42817046577424234,0.5718295342257577
Baseline,LogisticRegression,0.85,Tuning,Defaults,0.7552112914928979,0.24478870850710216
Baseline,LogisticRegression,0.85,Tuning,Tuning,0.2054608570647528,0.7945391429352472
Baseline,LogisticRegression,0.85,Defaults,Tuning,0.3789757279994528,0.6210242720005472
Baseline,LogisticRegression,0.85,Defaults,Tuning,0.1703472328648019,0.8296527671351981
Baseline,LogisticRegression,0.85,Tuning,Tuning,0.006587913536668877,0.9934120864633311
Baseline,LogisticRegression,0.85,Tuning,Tuning,0.18007149675627798,0.819928503243722
Baseline,LogisticRegression,0.85,Tuning,Tuning,0.01807390269091136,0.9819260973090886
Baseline,LogisticRegression,0.85,Tuning,Tuning,0.01807390269091136,0.9819260973090886
Baseline,LogisticRegression,0.85,Tuning,Tuning,0.24829255040481613,0.7517074495951839
Baseline,LogisticRegression,0.85,Tuning,Tuning,0.02387466249181991,0.9761253375081801
Baseline,LogisticRegression,0.85,Tuning,Defaults,0.6731756257801428,0.3268243742198572
Baseline,LogisticRegression,0.85,Tuning,Tuning,0.058075431771831276,0.9419245682281687
Baseline,LogisticRegression,0.85,Defaults,Defaults,0.5505867564602436,0.4494132435397564
Baseline,LogisticRegression,0.85,Tuning,Tuning,0.48747189311604644,0.5125281068839536
Baseline,LogisticRegression,0.85,Tuning,Defaults,0.7025764933583072,0.2974235066416928
Baseline,LogisticRegression,0.85,Tuning,Tuning,0.18902190786280315,0.8109780921371968
Baseline,LogisticRegression,0.85,Tuning,Tuning,0.09001916544187605,0.909980834558124
Baseline,LogisticRegression,0.85,Defaults,Tuning,0.43981699797079565,0.5601830020292043
Baseline,LogisticRegression,0.85,Tuning,Tuning,0.04759386616221162,0.9524061338377884
Baseline,LogisticRegression,0.85,Tuning,Tuning,0.006740148961699277,0.9932598510383007
Baseline,LogisticRegression,0.85,Tuning,Tuning,0.3043213296179499,0.6956786703820501
Baseline,LogisticRegression,0.85,Defaults,Tuning,0.3301142999110813,0.6698857000889187
Baseline,LogisticRegression,0.85,Tuning,Tuning,0.004233749237156248,0.9957662507628438
Baseline,LogisticRegression,0.85,Tuning,Defaults,0.5607763650482217,0.4392236349517783
Baseline,LogisticRegression,0.85,Tuning,Tuning,0.044553674227315376,0.9554463257726846
Baseline,LogisticRegression,0.85,Defaults,Defaults,0.8519932518951638,0.14800674810483622
Baseline,LogisticRegression,0.85,Defaults,Defaults,0.7539286358758515,0.24607136412414857
Baseline,LogisticRegression,0.85,Tuning,Tuning,0.1267922565309223,0.8732077434690777
Baseline,LogisticRegression,0.85,Tuning,Tuning,0.07352337406637444,0.9264766259336256
Baseline,LogisticRegression,0.85,Tuning,Defaults,0.6114133699385919,0.38858663006140814
Baseline,LogisticRegression,0.85,Defaults,Tuning,0.46828590058426833,0.5317140994157317
Baseline,LogisticRegression,0.85,Defaults,Tuning,0.49209483022731404,0.507905169772686
Baseline,LogisticRegression,0.85,Defaults,Defaults,0.7857364682591647,0.21426353174083532
Baseline,LogisticRegression,0.85,Tuning,Tuning,0.2872869716062496,0.7127130283937504
Baseline,LogisticRegression,0.85,Defaults,Defaults,0.5488566544190739,0.45114334558092606
Baseline,LogisticRegression,0.85,Tuning,Defaults,0.9171690664287541,0.0828309335712459
Baseline,LogisticRegression,0.85,Tuning,Tuning,0.06985452441205509,0.9301454755879449
Baseline,LogisticRegression,0.85,Defaults,Tuning,0.2422052585454929,0.7577947414545071
Baseline,LogisticRegression,0.85,Defaults,Defaults,0.854185234619141,0.14581476538085902
Baseline,LogisticRegression,0.85,Tuning,Defaults,0.6872475718106725,0.3127524281893275
Baseline,LogisticRegression,0.85,Tuning,Tuning,0.07072086495707064,0.9292791350429294
Baseline,LogisticRegression,0.85,Defaults,Tuning,0.45153619788057997,0.54846380211942
Baseline,LogisticRegression,0.85,Tuning,Tuning,0.00037011607719894535,0.999629883922801
Baseline,LogisticRegression,0.85,Tuning,Tuning,0.13984690879405948,0.8601530912059405
Baseline,LogisticRegression,0.85,Tuning,Tuning,1.9592619311392667e-05,0.9999804073806886
Baseline,LogisticRegression,0.85,Tuning,Tuning,0.2963913252621605,0.7036086747378395
Baseline,LogisticRegression,0.9,Tuning,Tuning,0.006882140664322911,0.9931178593356771
Baseline,LogisticRegression,0.9,Tuning,Tuning,0.076627600816636,0.923372399183364
Baseline,LogisticRegression,0.9,Defaults,Defaults,0.6826993555788723,0.3173006444211277
Baseline,LogisticRegression,0.9,Tuning,Tuning,0.07990948190514069,0.9200905180948593
Baseline,LogisticRegression,0.9,Tuning,Tuning,0.022516544573855213,0.9774834554261448
Baseline,LogisticRegression,0.9,Tuning,Defaults,0.6948785175877576,0.3051214824122424
Baseline,LogisticRegression,0.9,Tuning,Tuning,0.00011079121208223963,0.9998892087879178
Baseline,LogisticRegression,0.9,Defaults,Tuning,0.045392317752541045,0.954607682247459
Baseline,LogisticRegression,0.9,Defaults,Tuning,0.025158025024736408,0.9748419749752636
Baseline,LogisticRegression,0.9,Tuning,Tuning,0.10981431391722662,0.8901856860827734
Baseline,LogisticRegression,0.9,Tuning,Tuning,0.07778012984334326,0.9222198701566567
Baseline,LogisticRegression,0.9,Defaults,Tuning,0.3975230400288322,0.6024769599711678
Baseline,LogisticRegression,0.9,Tuning,Tuning,0.04647441703558908,0.9535255829644109
Baseline,LogisticRegression,0.9,Tuning,Tuning,0.029339817593288853,0.9706601824067111
Baseline,LogisticRegression,0.9,Tuning,Tuning,1.7005181126572566e-06,0.9999982994818873
Baseline,LogisticRegression,0.9,Tuning,Tuning,0.11450420578783715,0.8854957942121628
Baseline,LogisticRegression,0.9,Defaults,Defaults,0.8985459343584475,0.10145406564155246
Baseline,LogisticRegression,0.9,Tuning,Tuning,0.15248402250668058,0.8475159774933194
Baseline,LogisticRegression,0.9,Defaults,Tuning,0.2706267426512058,0.7293732573487942
Baseline,LogisticRegression,0.9,Tuning,Defaults,0.5209776564658294,0.4790223435341706
Baseline,LogisticRegression,0.9,Tuning,Tuning,0.2707927532087201,0.7292072467912799
Baseline,LogisticRegression,0.9,Defaults,Tuning,0.15523375545439422,0.8447662445456058
Baseline,LogisticRegression,0.9,Tuning,Tuning,0.016401316514794262,0.9835986834852057
Baseline,LogisticRegression,0.9,Tuning,Tuning,0.2733135312663637,0.7266864687336363
Baseline,LogisticRegression,0.9,Tuning,Tuning,0.19887138158522022,0.8011286184147798
Baseline,LogisticRegression,0.9,Tuning,Tuning,0.09832822443927891,0.9016717755607211
Baseline,LogisticRegression,0.9,Tuning,Tuning,0.08352684562228008,0.9164731543777199
Baseline,LogisticRegression,0.9,Tuning,Tuning,0.13984771623228343,0.8601522837677166
Baseline,LogisticRegression,0.9,Tuning,Tuning,0.18272396687467185,0.8172760331253281
Baseline,LogisticRegression,0.9,Tuning,Tuning,0.058904176081707615,0.9410958239182924
Baseline,LogisticRegression,0.9,Tuning,Tuning,0.03845476284401794,0.9615452371559821
Baseline,LogisticRegression,0.9,Tuning,Tuning,0.04716969569481433,0.9528303043051857
Baseline,LogisticRegression,0.9,Defaults,Defaults,0.7693117380118729,0.23068826198812709
Baseline,LogisticRegression,0.9,Defaults,Tuning,0.3146398879879958,0.6853601120120042
Baseline,LogisticRegression,0.9,Tuning,Tuning,0.010207884191688943,0.9897921158083111
Baseline,LogisticRegression,0.9,Tuning,Defaults,0.9021851638601683,0.09781483613983166
Baseline,LogisticRegression,0.9,Tuning,Tuning,0.03557805964356531,0.9644219403564347
Baseline,LogisticRegression,0.9,Defaults,Defaults,0.5791125597690508,0.42088744023094915
Baseline,LogisticRegression,0.9,Tuning,Tuning,0.17564332276553785,0.8243566772344622
Baseline,LogisticRegression,0.9,Defaults,Defaults,0.7661889752564479,0.23381102474355214
Baseline,LogisticRegression,0.9,Tuning,Tuning,0.15564172971836732,0.8443582702816327
Baseline,LogisticRegression,0.9,Tuning,Tuning,2.828421941103443e-10,0.9999999997171578
Baseline,LogisticRegression,0.9,Tuning,Defaults,0.9471335499945209,0.0528664500054791
Baseline,LogisticRegression,0.9,Tuning,Tuning,0.055537627591694005,0.944462372408306
Baseline,LogisticRegression,0.9,Tuning,Tuning,0.09365918641133875,0.9063408135886613
Baseline,LogisticRegression,0.9,Tuning,Tuning,0.4265291104962642,0.5734708895037358
Baseline,LogisticRegression,0.9,Tuning,Tuning,0.02145301215721873,0.9785469878427813
Baseline,LogisticRegression,0.9,Tuning,Tuning,0.024853364474584527,0.9751466355254155
Baseline,LogisticRegression,0.9,Tuning,Tuning,0.15726801902942478,0.8427319809705752
Baseline,LogisticRegression,0.9,Tuning,Tuning,0.04951434725400605,0.950485652745994
Baseline,LogisticRegression,0.9,Defaults,Tuning,0.23150092462588556,0.7684990753741144
Baseline,LogisticRegression,0.9,Tuning,Tuning,0.029269517424451053,0.970730482575549
Baseline,LogisticRegression,0.9,Tuning,Tuning,0.024325301138726108,0.9756746988612739
Baseline,LogisticRegression,0.9,Defaults,Tuning,0.15108942807232217,0.8489105719276778
Baseline,LogisticRegression,0.9,Tuning,Defaults,0.6682764518020963,0.3317235481979038
Baseline,LogisticRegression,0.9,Tuning,Defaults,0.548999020311175,0.451000979688825
Baseline,LogisticRegression,0.9,Tuning,Defaults,0.6447498896124385,0.3552501103875615
Baseline,LogisticRegression,0.9,Tuning,Defaults,0.6596336004580894,0.34036639954191056
Baseline,LogisticRegression,0.9,Tuning,Defaults,0.5086093816644217,0.4913906183355783
Baseline,LogisticRegression,0.9,Tuning,Tuning,0.028719192896252688,0.9712808071037473
Baseline,LogisticRegression,0.9,Tuning,Tuning,0.0002530405161491611,0.9997469594838508
Baseline,LogisticRegression,0.9,Tuning,Tuning,0.16881368650669804,0.831186313493302
Baseline,LogisticRegression,0.9,Tuning,Tuning,0.27370747093530456,0.7262925290646954
Baseline,LogisticRegression,0.9,Defaults,Defaults,0.5847584540431768,0.41524154595682317
Baseline,LogisticRegression,0.9,Tuning,Tuning,0.4797584717389245,0.5202415282610755
Baseline,LogisticRegression,0.9,Defaults,Tuning,0.22969797560999194,0.770302024390008
Baseline,LogisticRegression,0.9,Tuning,Tuning,0.16837757227910655,0.8316224277208935
Baseline,LogisticRegression,0.9,Tuning,Tuning,0.2253180024465964,0.7746819975534036
Baseline,LogisticRegression,0.9,Tuning,Tuning,0.3393925556568552,0.6606074443431448
Baseline,LogisticRegression,0.9,Tuning,Tuning,0.007370227832556031,0.992629772167444
Baseline,LogisticRegression,0.9,Tuning,Tuning,0.4161019841777921,0.5838980158222079
Baseline,LogisticRegression,0.9,Defaults,Tuning,0.002366091352119515,0.9976339086478805
Baseline,LogisticRegression,0.9,Tuning,Tuning,0.3574809163419832,0.6425190836580168
Baseline,LogisticRegression,0.9,Defaults,Defaults,0.735738010834356,0.26426198916564403
Baseline,LogisticRegression,0.9,Defaults,Defaults,0.6942624485232788,0.3057375514767212
Baseline,LogisticRegression,0.9,Defaults,Defaults,0.7988324067018442,0.20116759329815587
Baseline,LogisticRegression,0.9,Defaults,Defaults,0.71211495992821,0.2878850400717901
Baseline,LogisticRegression,0.9,Tuning,Tuning,0.07584301902371704,0.924156980976283
Baseline,LogisticRegression,0.9,Tuning,Tuning,0.0875665611151647,0.9124334388848353
Baseline,LogisticRegression,0.9,Tuning,Tuning,0.029217886659091863,0.9707821133409081
Baseline,LogisticRegression,0.9,Defaults,Tuning,0.22852470551588344,0.7714752944841166
Baseline,LogisticRegression,0.9,Defaults,Tuning,0.49950383524593434,0.5004961647540657
Baseline,LogisticRegression,0.9,Defaults,Tuning,0.44861023613660267,0.5513897638633973
Baseline,LogisticRegression,0.9,Defaults,Defaults,0.7115817989359132,0.2884182010640868
Baseline,LogisticRegression,0.9,Tuning,Defaults,0.68925580106783,0.31074419893217003
Baseline,LogisticRegression,0.9,Tuning,Defaults,0.9065958097773232,0.09340419022267671
Baseline,LogisticRegression,0.9,Defaults,Defaults,0.7358407583758424,0.26415924162415755
Baseline,LogisticRegression,0.9,Tuning,Tuning,0.02594337416381587,0.9740566258361841
Baseline,LogisticRegression,0.9,Defaults,Defaults,0.5420004245001397,0.45799957549986026
Baseline,LogisticRegression,0.9,Tuning,Tuning,0.03613981484035811,0.9638601851596419
Baseline,LogisticRegression,0.9,Tuning,Tuning,0.002002774066130475,0.9979972259338695
Baseline,LogisticRegression,0.9,Defaults,Tuning,0.09960550329092921,0.9003944967090708
Baseline,LogisticRegression,0.9,Tuning,Tuning,0.16492123233535216,0.8350787676646478
Baseline,LogisticRegression,0.9,Defaults,Tuning,0.0,1.0
Baseline,LogisticRegression,0.9,Tuning,Tuning,0.029054107951037023,0.970945892048963
Baseline,LogisticRegression,0.9,Tuning,Tuning,0.038218836541788814,0.9617811634582112
Baseline,LogisticRegression,0.9,Tuning,Tuning,0.08703568574170029,0.9129643142582997
Baseline,LogisticRegression,0.9,Defaults,Defaults,0.6764438944612582,0.3235561055387418
Baseline,LogisticRegression,0.9,Tuning,Tuning,0.1280676583342033,0.8719323416657967
Baseline,LogisticRegression,0.9,Tuning,Tuning,0.34295349875261216,0.6570465012473878
Baseline,LogisticRegression,0.9,Tuning,Tuning,0.1894177681874497,0.8105822318125503
Baseline,LogisticRegression,0.9,Defaults,Tuning,0.015437159690508517,0.9845628403094915
Baseline,LogisticRegression,0.9,Tuning,Tuning,0.35444124213267814,0.6455587578673219
Baseline,LogisticRegression,0.9,Tuning,Defaults,0.6437475245305222,0.35625247546947786
Baseline,LogisticRegression,0.9,Tuning,Tuning,0.01310425476616961,0.9868957452338304
Baseline,LogisticRegression,0.9,Tuning,Tuning,0.005651456102207519,0.9943485438977925
Baseline,LogisticRegression,0.9,Tuning,Defaults,0.8851552087959559,0.11484479120404407
Baseline,LogisticRegression,0.9,Tuning,Tuning,0.03817448699171011,0.9618255130082899
Baseline,LogisticRegression,0.9,Tuning,Tuning,0.11404766844309089,0.8859523315569091
Baseline,LogisticRegression,0.9,Defaults,Defaults,0.6394837433142649,0.36051625668573506
Baseline,LogisticRegression,0.9,Tuning,Tuning,0.00208473228320194,0.9979152677167981
Baseline,LogisticRegression,0.9,Tuning,Tuning,0.06927101137502623,0.9307289886249738
Baseline,LogisticRegression,0.9,Tuning,Tuning,0.005359134853564651,0.9946408651464353
Baseline,LogisticRegression,0.9,Tuning,Tuning,0.05000225546868331,0.9499977445313167
Baseline,LogisticRegression,0.9,Tuning,Tuning,0.0047642988694655,0.9952357011305345
Baseline,LogisticRegression,0.9,Tuning,Tuning,0.38807560323559176,0.6119243967644082
Baseline,LogisticRegression,0.9,Tuning,Defaults,0.7523950016099868,0.24760499839001315
Baseline,LogisticRegression,0.9,Tuning,Tuning,0.0018271153015393393,0.9981728846984607
Baseline,LogisticRegression,0.9,Defaults,Tuning,0.3537117178582083,0.6462882821417917
Baseline,LogisticRegression,0.9,Tuning,Tuning,0.002250081214189237,0.9977499187858108
Baseline,LogisticRegression,0.9,Defaults,Defaults,0.5747933119163735,0.42520668808362655
Baseline,LogisticRegression,0.9,Tuning,Tuning,0.29880832096287613,0.7011916790371239
Baseline,LogisticRegression,0.9,Tuning,Tuning,0.46005368237435473,0.5399463176256453
Baseline,LogisticRegression,0.9,Tuning,Defaults,0.7227159681137438,0.2772840318862561
Baseline,LogisticRegression,0.9,Tuning,Tuning,0.21513337191923065,0.7848666280807693
Baseline,LogisticRegression,0.9,Defaults,Tuning,0.439434672045513,0.560565327954487
Baseline,LogisticRegression,0.9,Defaults,Tuning,0.20363103275519645,0.7963689672448035
Baseline,LogisticRegression,0.9,Tuning,Tuning,0.009689196873375994,0.990310803126624
Baseline,LogisticRegression,0.9,Tuning,Tuning,0.21755154880833072,0.7824484511916693
Baseline,LogisticRegression,0.9,Tuning,Tuning,0.03100116879786252,0.9689988312021375
Baseline,LogisticRegression,0.9,Tuning,Tuning,0.03100116879786252,0.9689988312021375
Baseline,LogisticRegression,0.9,Tuning,Tuning,0.19582002158667933,0.8041799784133207
Baseline,LogisticRegression,0.9,Tuning,Tuning,0.022950223126024794,0.9770497768739752
Baseline,LogisticRegression,0.9,Tuning,Defaults,0.7258994357258336,0.2741005642741664
Baseline,LogisticRegression,0.9,Tuning,Tuning,0.028199686032830407,0.9718003139671696
Baseline,LogisticRegression,0.9,Defaults,Tuning,0.450706827991711,0.549293172008289
Baseline,LogisticRegression,0.9,Tuning,Defaults,0.5997549155734141,0.40024508442658596
Baseline,LogisticRegression,0.9,Tuning,Defaults,0.5390738844367529,0.46092611556324714
Baseline,LogisticRegression,0.9,Tuning,Tuning,0.1644601895736234,0.8355398104263766
Baseline,LogisticRegression,0.9,Tuning,Tuning,0.11805773624045712,0.8819422637595429
Baseline,LogisticRegression,0.9,Defaults,Tuning,0.4540041272584775,0.5459958727415225
Baseline,LogisticRegression,0.9,Tuning,Tuning,0.045889811189503193,0.9541101888104968
Baseline,LogisticRegression,0.9,Tuning,Tuning,0.005526376574837011,0.994473623425163
Baseline,LogisticRegression,0.9,Tuning,Tuning,0.38680353679350266,0.6131964632064973
Baseline,LogisticRegression,0.9,Defaults,Tuning,0.26932617702898587,0.7306738229710141
Baseline,LogisticRegression,0.9,Tuning,Tuning,0.0034445375667297995,0.9965554624332702
Baseline,LogisticRegression,0.9,Tuning,Defaults,0.5600434784443522,0.43995652155564785
Baseline,LogisticRegression,0.9,Tuning,Tuning,0.05017615016823462,0.9498238498317654
Baseline,LogisticRegression,0.9,Defaults,Defaults,0.8870568383966504,0.11294316160334966
Baseline,LogisticRegression,0.9,Defaults,Defaults,0.8372839909705606,0.16271600902943936
Baseline,LogisticRegression,0.9,Tuning,Tuning,0.07293564614781622,0.9270643538521838
Baseline,LogisticRegression,0.9,Tuning,Tuning,0.049350190040312714,0.9506498099596873
Baseline,LogisticRegression,0.9,Tuning,Defaults,0.8173435716434887,0.1826564283565113
Baseline,LogisticRegression,0.9,Defaults,Tuning,0.4235588905681239,0.5764411094318761
Baseline,LogisticRegression,0.9,Defaults,Defaults,0.5917856854593848,0.40821431454061524
Baseline,LogisticRegression,0.9,Defaults,Defaults,0.8064055694993275,0.19359443050067252
Baseline,LogisticRegression,0.9,Tuning,Tuning,0.259526239908913,0.740473760091087
Baseline,LogisticRegression,0.9,Defaults,Defaults,0.5929483083115348,0.4070516916884653
Baseline,LogisticRegression,0.9,Tuning,Defaults,0.9203671669432775,0.07963283305672252
Baseline,LogisticRegression,0.9,Tuning,Tuning,0.07668841878838561,0.9233115812116144
Baseline,LogisticRegression,0.9,Defaults,Tuning,0.23914466139087098,0.760855338609129
Baseline,LogisticRegression,0.9,Defaults,Defaults,0.8852653944174212,0.11473460558257877
Baseline,LogisticRegression,0.9,Tuning,Defaults,0.6586783962791619,0.3413216037208381
Baseline,LogisticRegression,0.9,Tuning,Tuning,0.10204774752135692,0.8979522524786431
Baseline,LogisticRegression,0.9,Defaults,Defaults,0.5829621298414821,0.4170378701585179
Baseline,LogisticRegression,0.9,Tuning,Tuning,0.0017954731102095556,0.9982045268897904
Baseline,LogisticRegression,0.9,Tuning,Tuning,0.09806522158835151,0.9019347784116485
Baseline,LogisticRegression,0.9,Tuning,Tuning,1.0302216722046786e-05,0.999989697783278
Baseline,LogisticRegression,0.9,Tuning,Tuning,0.2409645752125178,0.7590354247874822
Baseline,LogisticRegression,0.95,Tuning,Tuning,0.004879360020315082,0.9951206399796849
Baseline,LogisticRegression,0.95,Tuning,Tuning,0.07781303302582776,0.9221869669741722
Baseline,LogisticRegression,0.95,Defaults,Defaults,0.691764256464344,0.308235743535656
Baseline,LogisticRegression,0.95,Tuning,Tuning,0.07723488112543708,0.9227651188745629
Baseline,LogisticRegression,0.95,Tuning,Tuning,0.023366360626153715,0.9766336393738463
Baseline,LogisticRegression,0.95,Tuning,Defaults,0.7618721731932725,0.23812782680672745
Baseline,LogisticRegression,0.95,Tuning,Tuning,0.0004692069635746643,0.9995307930364253
Baseline,LogisticRegression,0.95,Defaults,Tuning,0.044332348219686235,0.9556676517803138
Baseline,LogisticRegression,0.95,Defaults,Tuning,0.02397499286512672,0.9760250071348733
Baseline,LogisticRegression,0.95,Tuning,Tuning,0.11101373264858294,0.8889862673514171
Baseline,LogisticRegression,0.95,Tuning,Tuning,0.07733770721207045,0.9226622927879295
Baseline,LogisticRegression,0.95,Defaults,Tuning,0.43186422568006955,0.5681357743199305
Baseline,LogisticRegression,0.95,Tuning,Tuning,0.04783400821184258,0.9521659917881574
Baseline,LogisticRegression,0.95,Tuning,Tuning,0.02892143175516726,0.9710785682448327
Baseline,LogisticRegression,0.95,Tuning,Tuning,1.8608890085536345e-06,0.9999981391109914
Baseline,LogisticRegression,0.95,Tuning,Tuning,0.10710163894263847,0.8928983610573615
Baseline,LogisticRegression,0.95,Defaults,Defaults,0.9081606844511977,0.09183931554880231
Baseline,LogisticRegression,0.95,Tuning,Tuning,0.14079750469100505,0.859202495308995
Baseline,LogisticRegression,0.95,Defaults,Tuning,0.32244300620903044,0.6775569937909696
Baseline,LogisticRegression,0.95,Tuning,Defaults,0.5422269667209539,0.45777303327904606
Baseline,LogisticRegression,0.95,Tuning,Tuning,0.27776745099137323,0.7222325490086268
Baseline,LogisticRegression,0.95,Defaults,Tuning,0.15073725383435488,0.8492627461656451
Baseline,LogisticRegression,0.95,Tuning,Tuning,0.01538622997788941,0.9846137700221106
Baseline,LogisticRegression,0.95,Tuning,Tuning,0.2268744288255602,0.7731255711744398
Baseline,LogisticRegression,0.95,Tuning,Tuning,0.1917754794583334,0.8082245205416666
Baseline,LogisticRegression,0.95,Tuning,Tuning,0.08868626718378436,0.9113137328162156
Baseline,LogisticRegression,0.95,Tuning,Tuning,0.0935476269549893,0.9064523730450107
Baseline,LogisticRegression,0.95,Tuning,Tuning,0.12256396622621579,0.8774360337737842
Baseline,LogisticRegression,0.95,Tuning,Tuning,0.1566000320773261,0.8433999679226739
Baseline,LogisticRegression,0.95,Tuning,Tuning,0.05244879276336323,0.9475512072366368
Baseline,LogisticRegression,0.95,Tuning,Tuning,0.028597718527624716,0.9714022814723753
Baseline,LogisticRegression,0.95,Tuning,Tuning,0.04926163061934952,0.9507383693806505
Baseline,LogisticRegression,0.95,Defaults,Defaults,0.7779968480205353,0.22200315197946477
Baseline,LogisticRegression,0.95,Defaults,Tuning,0.3247759109581392,0.6752240890418608
Baseline,LogisticRegression,0.95,Tuning,Tuning,0.00872828727495678,0.9912717127250432
Baseline,LogisticRegression,0.95,Tuning,Defaults,0.8249594295106701,0.17504057048932992
Baseline,LogisticRegression,0.95,Tuning,Tuning,0.059703088982535846,0.9402969110174642
Baseline,LogisticRegression,0.95,Defaults,Defaults,0.7028741082959876,0.2971258917040124
Baseline,LogisticRegression,0.95,Tuning,Tuning,0.19953309290205445,0.8004669070979455
Baseline,LogisticRegression,0.95,Defaults,Defaults,0.7336298950250635,0.2663701049749366
Baseline,LogisticRegression,0.95,Tuning,Tuning,0.12364845029666804,0.876351549703332
Baseline,LogisticRegression,0.95,Tuning,Tuning,2.2502000263102673e-09,0.9999999977498
Baseline,LogisticRegression,0.95,Tuning,Defaults,0.9357505398868781,0.06424946011312191
Baseline,LogisticRegression,0.95,Tuning,Tuning,0.05590737571995463,0.9440926242800454
Baseline,LogisticRegression,0.95,Tuning,Tuning,0.08311699011252027,0.9168830098874797
Baseline,LogisticRegression,0.95,Tuning,Tuning,0.39227379966584375,0.6077262003341563
Baseline,LogisticRegression,0.95,Tuning,Tuning,0.019800684032851734,0.9801993159671483
Baseline,LogisticRegression,0.95,Tuning,Tuning,0.018738146094533836,0.9812618539054662
Baseline,LogisticRegression,0.95,Tuning,Tuning,0.16210004822249557,0.8378999517775044
Baseline,LogisticRegression,0.95,Tuning,Tuning,0.046883404819302976,0.953116595180697
Baseline,LogisticRegression,0.95,Defaults,Tuning,0.23712342677764553,0.7628765732223545
Baseline,LogisticRegression,0.95,Tuning,Tuning,0.009959871490106686,0.9900401285098933
Baseline,LogisticRegression,0.95,Tuning,Tuning,0.018221481206203927,0.9817785187937961
Baseline,LogisticRegression,0.95,Defaults,Tuning,0.11808648211424921,0.8819135178857508
Baseline,LogisticRegression,0.95,Tuning,Defaults,0.654732498658005,0.3452675013419951
Baseline,LogisticRegression,0.95,Tuning,Defaults,0.6287118471399532,0.3712881528600468
Baseline,LogisticRegression,0.95,Tuning,Defaults,0.6219580949222198,0.37804190507778024
Baseline,LogisticRegression,0.95,Tuning,Defaults,0.6919364176817486,0.30806358231825137
Baseline,LogisticRegression,0.95,Tuning,Tuning,0.4941208806951837,0.5058791193048163
Baseline,LogisticRegression,0.95,Tuning,Tuning,0.022164266245858766,0.9778357337541412
Baseline,LogisticRegression,0.95,Tuning,Tuning,0.0002833231694283622,0.9997166768305716
Baseline,LogisticRegression,0.95,Tuning,Tuning,0.1699352607428527,0.8300647392571473
Baseline,LogisticRegression,0.95,Tuning,Tuning,0.2549636503002777,0.7450363496997223
Baseline,LogisticRegression,0.95,Defaults,Defaults,0.603989930387381,0.3960100696126189
Baseline,LogisticRegression,0.95,Tuning,Tuning,0.4591349974588058,0.5408650025411942
Baseline,LogisticRegression,0.95,Defaults,Tuning,0.19794288829186957,0.8020571117081304
Baseline,LogisticRegression,0.95,Tuning,Tuning,0.1628589352324079,0.8371410647675921
Baseline,LogisticRegression,0.95,Tuning,Tuning,0.27759901213933913,0.7224009878606609
Baseline,LogisticRegression,0.95,Tuning,Tuning,0.37265819758031105,0.627341802419689
Baseline,LogisticRegression,0.95,Tuning,Tuning,0.014323846149585706,0.9856761538504143
Baseline,LogisticRegression,0.95,Tuning,Tuning,0.3212996102897203,0.6787003897102797
Baseline,LogisticRegression,0.95,Defaults,Tuning,0.0021158814305327622,0.9978841185694672
Baseline,LogisticRegression,0.95,Tuning,Tuning,0.34135398439656817,0.6586460156034318
Baseline,LogisticRegression,0.95,Defaults,Defaults,0.7596472565730226,0.24035274342697746
Baseline,LogisticRegression,0.95,Defaults,Defaults,0.7306573172399662,0.26934268276003376
Baseline,LogisticRegression,0.95,Defaults,Defaults,0.8199062770909203,0.18009372290907968
Baseline,LogisticRegression,0.95,Defaults,Defaults,0.7343135410181468,0.26568645898185317
Baseline,LogisticRegression,0.95,Tuning,Tuning,0.07181230322597365,0.9281876967740263
Baseline,LogisticRegression,0.95,Tuning,Tuning,0.08745752831694231,0.9125424716830577
Baseline,LogisticRegression,0.95,Tuning,Tuning,0.023392644682783348,0.9766073553172167
Baseline,LogisticRegression,0.95,Defaults,Tuning,0.24338520735425084,0.7566147926457492
Baseline,LogisticRegression,0.95,Defaults,Defaults,0.5271075463419472,0.4728924536580527
Baseline,LogisticRegression,0.95,Defaults,Tuning,0.39593261382651557,0.6040673861734844
Baseline,LogisticRegression,0.95,Defaults,Defaults,0.6987591473097626,0.30124085269023737
Baseline,LogisticRegression,0.95,Tuning,Defaults,0.7166504424050681,0.28334955759493186
Baseline,LogisticRegression,0.95,Tuning,Defaults,0.9188567457830974,0.08114325421690255
Baseline,LogisticRegression,0.95,Defaults,Defaults,0.7311165332302576,0.26888346676974234
Baseline,LogisticRegression,0.95,Tuning,Tuning,0.024683484521746735,0.9753165154782533
Baseline,LogisticRegression,0.95,Defaults,Defaults,0.6061893699472319,0.39381063005276806
Baseline,LogisticRegression,0.95,Tuning,Tuning,0.027617207233287644,0.9723827927667124
Baseline,LogisticRegression,0.95,Tuning,Tuning,0.0014452388443184638,0.9985547611556815
Baseline,LogisticRegression,0.95,Defaults,Tuning,0.10236154245518236,0.8976384575448176
Baseline,LogisticRegression,0.95,Tuning,Tuning,0.14019200445290814,0.8598079955470919
Baseline,LogisticRegression,0.95,Defaults,Tuning,0.0,1.0
Baseline,LogisticRegression,0.95,Tuning,Tuning,0.022220056943427435,0.9777799430565726
Baseline,LogisticRegression,0.95,Tuning,Tuning,0.04216262938013671,0.9578373706198633
Baseline,LogisticRegression,0.95,Tuning,Tuning,0.07701065310227118,0.9229893468977288
Baseline,LogisticRegression,0.95,Defaults,Defaults,0.6967762310252601,0.3032237689747399
Baseline,LogisticRegression,0.95,Tuning,Tuning,0.17587709407899332,0.8241229059210067
Baseline,LogisticRegression,0.95,Tuning,Tuning,0.43144345246652827,0.5685565475334717
Baseline,LogisticRegression,0.95,Tuning,Tuning,0.14671739910256687,0.8532826008974331
Baseline,LogisticRegression,0.95,Defaults,Tuning,0.012933582020889789,0.9870664179791102
Baseline,LogisticRegression,0.95,Tuning,Tuning,0.3416343652554146,0.6583656347445854
Baseline,LogisticRegression,0.95,Tuning,Defaults,0.6073795539856481,0.3926204460143519
Baseline,LogisticRegression,0.95,Tuning,Tuning,0.014090393438429993,0.98590960656157
Baseline,LogisticRegression,0.95,Tuning,Tuning,0.0030494987220324177,0.9969505012779676
Baseline,LogisticRegression,0.95,Tuning,Defaults,0.8803805173171123,0.11961948268288769
Baseline,LogisticRegression,0.95,Tuning,Tuning,0.04137550784847466,0.9586244921515253
Baseline,LogisticRegression,0.95,Tuning,Tuning,0.07639142956187894,0.9236085704381211
Baseline,LogisticRegression,0.95,Defaults,Defaults,0.6829948282924798,0.31700517170752013
Baseline,LogisticRegression,0.95,Tuning,Tuning,0.0023558933690622785,0.9976441066309377
Baseline,LogisticRegression,0.95,Tuning,Tuning,0.0622857945479961,0.9377142054520039
Baseline,LogisticRegression,0.95,Tuning,Tuning,0.1035963809465359,0.8964036190534641
Baseline,LogisticRegression,0.95,Tuning,Tuning,0.039555213724397964,0.960444786275602
Baseline,LogisticRegression,0.95,Tuning,Tuning,0.0023869557305710165,0.997613044269429
Baseline,LogisticRegression,0.95,Tuning,Tuning,0.4210212365739584,0.5789787634260416
Baseline,LogisticRegression,0.95,Tuning,Defaults,0.7383085483612074,0.2616914516387926
Baseline,LogisticRegression,0.95,Tuning,Tuning,0.002146397327958738,0.9978536026720413
Baseline,LogisticRegression,0.95,Defaults,Tuning,0.3947149152268258,0.6052850847731742
Baseline,LogisticRegression,0.95,Tuning,Tuning,0.0006828404898098217,0.9993171595101902
Baseline,LogisticRegression,0.95,Defaults,Defaults,0.6086410270954465,0.3913589729045534
Baseline,LogisticRegression,0.95,Tuning,Tuning,0.2529571399603633,0.7470428600396367
Baseline,LogisticRegression,0.95,Tuning,Tuning,0.46022029010765275,0.5397797098923472
Baseline,LogisticRegression,0.95,Tuning,Defaults,0.7466149289996833,0.25338507100031665
Baseline,LogisticRegression,0.95,Tuning,Tuning,0.20355607404798837,0.7964439259520116
Baseline,LogisticRegression,0.95,Defaults,Tuning,0.39811272762935435,0.6018872723706457
Baseline,LogisticRegression,0.95,Defaults,Tuning,0.21935475987302888,0.7806452401269711
Baseline,LogisticRegression,0.95,Tuning,Tuning,0.008401888389569234,0.9915981116104308
Baseline,LogisticRegression,0.95,Tuning,Tuning,0.13397028952040513,0.8660297104795949
Baseline,LogisticRegression,0.95,Tuning,Tuning,0.032726660152115006,0.967273339847885
Baseline,LogisticRegression,0.95,Tuning,Tuning,0.032726660152115006,0.967273339847885
Baseline,LogisticRegression,0.95,Tuning,Tuning,0.1161594962507898,0.8838405037492102
Baseline,LogisticRegression,0.95,Tuning,Tuning,0.022405147252554602,0.9775948527474454
Baseline,LogisticRegression,0.95,Tuning,Defaults,0.66364066137094,0.33635933862906003
Baseline,LogisticRegression,0.95,Tuning,Tuning,0.047963418782537626,0.9520365812174624
Baseline,LogisticRegression,0.95,Defaults,Tuning,0.3791417572600182,0.6208582427399818
Baseline,LogisticRegression,0.95,Tuning,Defaults,0.5762781335148968,0.4237218664851033
Baseline,LogisticRegression,0.95,Tuning,Defaults,0.5281001201136171,0.47189987988638293
Baseline,LogisticRegression,0.95,Tuning,Tuning,0.16374431996660566,0.8362556800333943
Baseline,LogisticRegression,0.95,Tuning,Tuning,0.1156312531409448,0.8843687468590552
Baseline,LogisticRegression,0.95,Defaults,Tuning,0.38796642410709814,0.6120335758929019
Baseline,LogisticRegression,0.95,Tuning,Tuning,0.11323974328775388,0.8867602567122461
Baseline,LogisticRegression,0.95,Tuning,Tuning,0.022182659722293052,0.977817340277707
Baseline,LogisticRegression,0.95,Tuning,Tuning,0.3740836443303004,0.6259163556696996
Baseline,LogisticRegression,0.95,Defaults,Tuning,0.27827035529067856,0.7217296447093214
Baseline,LogisticRegression,0.95,Tuning,Tuning,0.0014122190089504993,0.9985877809910495
Baseline,LogisticRegression,0.95,Tuning,Defaults,0.6589056173550255,0.3410943826449745
Baseline,LogisticRegression,0.95,Tuning,Tuning,0.054949709729743,0.945050290270257
Baseline,LogisticRegression,0.95,Defaults,Defaults,0.9174742050399051,0.08252579496009493
Baseline,LogisticRegression,0.95,Defaults,Defaults,0.8335813708151273,0.16641862918487269
Baseline,LogisticRegression,0.95,Tuning,Tuning,0.06787807533973111,0.9321219246602689
Baseline,LogisticRegression,0.95,Tuning,Tuning,0.04248193888088703,0.957518061119113
Baseline,LogisticRegression,0.95,Tuning,Defaults,0.7995432746459514,0.20045672535404863
Baseline,LogisticRegression,0.95,Defaults,Tuning,0.4102320609105842,0.5897679390894158
Baseline,LogisticRegression,0.95,Defaults,Defaults,0.5621850430221172,0.43781495697788275
Baseline,LogisticRegression,0.95,Defaults,Defaults,0.7816215422979932,0.2183784577020068
Baseline,LogisticRegression,0.95,Tuning,Tuning,0.3242314213623074,0.6757685786376926
Baseline,LogisticRegression,0.95,Defaults,Defaults,0.5940712269882966,0.4059287730117034
Baseline,LogisticRegression,0.95,Tuning,Defaults,0.9179278033100473,0.08207219668995275
Baseline,LogisticRegression,0.95,Tuning,Tuning,0.06145530288837986,0.9385446971116201
Baseline,LogisticRegression,0.95,Defaults,Tuning,0.24389021607618422,0.7561097839238158
Baseline,LogisticRegression,0.95,Defaults,Defaults,0.8624747734357698,0.13752522656423016
Baseline,LogisticRegression,0.95,Tuning,Defaults,0.6861968047163951,0.3138031952836049
Baseline,LogisticRegression,0.95,Tuning,Tuning,0.08045502708564489,0.9195449729143551
Baseline,LogisticRegression,0.95,Defaults,Defaults,0.6131513750130524,0.38684862498694755
Baseline,LogisticRegression,0.95,Tuning,Tuning,0.001216898844956349,0.9987831011550437
Baseline,LogisticRegression,0.95,Tuning,Tuning,0.1583468235746942,0.8416531764253058
Baseline,LogisticRegression,0.95,Tuning,Tuning,1.3238728902242869e-05,0.9999867612710978
Baseline,LogisticRegression,0.95,Tuning,Tuning,0.23456024555384059,0.7654397544461594
Baseline,XGBoost,0.8,Tuning,Tuning,0.006428360939025879,0.9935716390609741
Baseline,XGBoost,0.8,Tuning,Tuning,0.0012794733047485352,0.9987205266952515
Baseline,XGBoost,0.8,Defaults,Defaults,0.7889310121536255,0.21106895804405212
Baseline,XGBoost,0.8,Tuning,Tuning,0.0032166242599487305,0.9967833757400513
Baseline,XGBoost,0.8,Tuning,Tuning,0.003478407859802246,0.9965215921401978
Baseline,XGBoost,0.8,Tuning,Defaults,0.9030510187149048,0.09694896638393402
Baseline,XGBoost,0.8,Tuning,Tuning,0.0011079907417297363,0.9988920092582703
Baseline,XGBoost,0.8,Defaults,Tuning,0.13927984237670898,0.860720157623291
Baseline,XGBoost,0.8,Defaults,Tuning,0.16148531436920166,0.8385146856307983
Baseline,XGBoost,0.8,Tuning,Tuning,0.015811443328857422,0.9841885566711426
Baseline,XGBoost,0.8,Tuning,Tuning,0.0021587610244750977,0.9978412389755249
Baseline,XGBoost,0.8,Defaults,Tuning,0.0423237681388855,0.9576762318611145
Baseline,XGBoost,0.8,Tuning,Tuning,0.002074599266052246,0.9979254007339478
Baseline,XGBoost,0.8,Tuning,Tuning,0.0008999109268188477,0.9991000890731812
Baseline,XGBoost,0.8,Tuning,Tuning,0.011340618133544922,0.9886593818664551
Baseline,XGBoost,0.8,Tuning,Tuning,0.0025832653045654297,0.9974167346954346
Baseline,XGBoost,0.8,Defaults,Defaults,0.9917538166046143,0.008246184326708317
Baseline,XGBoost,0.8,Tuning,Tuning,0.07093733549118042,0.9290626645088196
Baseline,XGBoost,0.8,Defaults,Tuning,0.08229571580886841,0.9177042841911316
Baseline,XGBoost,0.8,Tuning,Tuning,0.27767324447631836,0.7223267555236816
Baseline,XGBoost,0.8,Tuning,Tuning,0.1811160445213318,0.8188839554786682
Baseline,XGBoost,0.8,Defaults,Tuning,0.049034297466278076,0.9509657025337219
Baseline,XGBoost,0.8,Tuning,Tuning,0.018804550170898438,0.9811954498291016
Baseline,XGBoost,0.8,Tuning,Tuning,0.044560372829437256,0.9554396271705627
Baseline,XGBoost,0.8,Tuning,Tuning,0.0021939873695373535,0.9978060126304626
Baseline,XGBoost,0.8,Tuning,Tuning,0.0014098286628723145,0.9985901713371277
Baseline,XGBoost,0.8,Tuning,Tuning,0.003726959228515625,0.9962730407714844
Baseline,XGBoost,0.8,Tuning,Tuning,0.004587233066558838,0.9954127669334412
Baseline,XGBoost,0.8,Tuning,Tuning,0.0007686614990234375,0.9992313385009766
Baseline,XGBoost,0.8,Tuning,Tuning,0.00676119327545166,0.9932388067245483
Baseline,XGBoost,0.8,Tuning,Tuning,0.0008542537689208984,0.9991457462310791
Baseline,XGBoost,0.8,Tuning,Tuning,0.003726959228515625,0.9962730407714844
Baseline,XGBoost,0.8,Defaults,Defaults,0.9762399792671204,0.02376001887023449
Baseline,XGBoost,0.8,Defaults,Tuning,0.15264290571212769,0.8473570942878723
Baseline,XGBoost,0.8,Tuning,Tuning,0.030259549617767334,0.9697404503822327
Baseline,XGBoost,0.8,Tuning,Tuning,0.14760583639144897,0.852394163608551
Baseline,XGBoost,0.8,Tuning,Tuning,0.23605602979660034,0.7639439702033997
Baseline,XGBoost,0.8,Defaults,Defaults,0.7165333032608032,0.28346672654151917
Baseline,XGBoost,0.8,Tuning,Tuning,0.005779862403869629,0.9942201375961304
Baseline,XGBoost,0.8,Defaults,Defaults,0.9655929803848267,0.034407030791044235
Baseline,XGBoost,0.8,Tuning,Tuning,0.019372880458831787,0.9806271195411682
Baseline,XGBoost,0.8,Tuning,Tuning,0.00911247730255127,0.9908875226974487
Baseline,XGBoost,0.8,Tuning,Tuning,0.1349133849143982,0.8650866150856018
Baseline,XGBoost,0.8,Tuning,Tuning,0.00024443864822387695,0.9997555613517761
Baseline,XGBoost,0.8,Tuning,Tuning,0.017181575298309326,0.9828184247016907
Baseline,XGBoost,0.8,Tuning,Tuning,0.008917808532714844,0.9910821914672852
Baseline,XGBoost,0.8,Tuning,Defaults,0.7108838558197021,0.28911614418029785
Baseline,XGBoost,0.8,Tuning,Tuning,0.0015016794204711914,0.9984983205795288
Baseline,XGBoost,0.8,Tuning,Tuning,0.21516048908233643,0.7848395109176636
Baseline,XGBoost,0.8,Tuning,Tuning,0.0419766902923584,0.9580233097076416
Baseline,XGBoost,0.8,Defaults,Tuning,0.03873121738433838,0.9612687826156616
Baseline,XGBoost,0.8,Tuning,Tuning,0.010575711727142334,0.9894242882728577
Baseline,XGBoost,0.8,Tuning,Tuning,0.0039209723472595215,0.9960790276527405
Baseline,XGBoost,0.8,Defaults,Tuning,0.013341069221496582,0.9866589307785034
Baseline,XGBoost,0.8,Tuning,Defaults,0.9599927663803101,0.04000724107027054
Baseline,XGBoost,0.8,Tuning,Tuning,0.03969871997833252,0.9603012800216675
Baseline,XGBoost,0.8,Tuning,Tuning,0.1110219955444336,0.8889780044555664
Baseline,XGBoost,0.8,Tuning,Defaults,0.7370835542678833,0.2629164755344391
Baseline,XGBoost,0.8,Tuning,Defaults,0.6625930070877075,0.33740702271461487
Baseline,XGBoost,0.8,Tuning,Tuning,0.002152562141418457,0.9978474378585815
Baseline,XGBoost,0.8,Tuning,Tuning,0.002220451831817627,0.9977795481681824
Baseline,XGBoost,0.8,Tuning,Tuning,0.01433783769607544,0.9856621623039246
Baseline,XGBoost,0.8,Tuning,Tuning,0.14413827657699585,0.8558617234230042
Baseline,XGBoost,0.8,Defaults,Tuning,0.05209273099899292,0.9479072690010071
Baseline,XGBoost,0.8,Tuning,Defaults,0.739200234413147,0.26079973578453064
Baseline,XGBoost,0.8,Defaults,Tuning,0.19443190097808838,0.8055680990219116
Baseline,XGBoost,0.8,Tuning,Tuning,0.134873628616333,0.865126371383667
Baseline,XGBoost,0.8,Tuning,Tuning,0.03568243980407715,0.9643175601959229
Baseline,XGBoost,0.8,Tuning,Tuning,0.3689597249031067,0.6310402750968933
Baseline,XGBoost,0.8,Tuning,Tuning,0.26977860927581787,0.7302213907241821
Baseline,XGBoost,0.8,Tuning,Tuning,0.09186798334121704,0.908132016658783
Baseline,XGBoost,0.8,Defaults,Tuning,0.0077588558197021484,0.9922411441802979
Baseline,XGBoost,0.8,Tuning,Tuning,0.2129496932029724,0.7870503067970276
Baseline,XGBoost,0.8,Defaults,Defaults,0.9434086084365845,0.056591399013996124
Baseline,XGBoost,0.8,Defaults,Defaults,0.9663287997245789,0.033671218901872635
Baseline,XGBoost,0.8,Defaults,Tuning,0.3023557662963867,0.6976442337036133
Baseline,XGBoost,0.8,Defaults,Defaults,0.9663287997245789,0.033671218901872635
Baseline,XGBoost,0.8,Tuning,Tuning,0.07518547773361206,0.9248145222663879
Baseline,XGBoost,0.8,Tuning,Tuning,0.11291438341140747,0.8870856165885925
Baseline,XGBoost,0.8,Tuning,Defaults,0.8371132016181946,0.1628868132829666
Baseline,XGBoost,0.8,Defaults,Tuning,0.36556512117385864,0.6344348788261414
Baseline,XGBoost,0.8,Defaults,Defaults,0.806360125541687,0.1936398446559906
Baseline,XGBoost,0.8,Defaults,Tuning,0.09043371677398682,0.9095662832260132
Baseline,XGBoost,0.8,Defaults,Defaults,0.7520819902420044,0.2479179948568344
Baseline,XGBoost,0.8,Tuning,Defaults,0.5367293357849121,0.4632706344127655
Baseline,XGBoost,0.8,Tuning,Tuning,0.20622754096984863,0.7937724590301514
Baseline,XGBoost,0.8,Defaults,Defaults,0.9753267168998718,0.02467326633632183
Baseline,XGBoost,0.8,Tuning,Tuning,0.0007880926132202148,0.9992119073867798
Baseline,XGBoost,0.8,Defaults,Defaults,0.912887692451477,0.08711231499910355
Baseline,XGBoost,0.8,Tuning,Tuning,0.012006878852844238,0.9879931211471558
Baseline,XGBoost,0.8,Tuning,Tuning,0.0005339980125427246,0.9994660019874573
Baseline,XGBoost,0.8,Defaults,Tuning,0.027096867561340332,0.9729031324386597
Baseline,XGBoost,0.8,Tuning,Tuning,0.007564961910247803,0.9924350380897522
Baseline,XGBoost,0.8,Defaults,Tuning,0.07087177038192749,0.9291282296180725
Baseline,XGBoost,0.8,Tuning,Tuning,0.14010530710220337,0.8598946928977966
Baseline,XGBoost,0.8,Tuning,Tuning,0.0027890801429748535,0.9972109198570251
Baseline,XGBoost,0.8,Tuning,Tuning,0.00793391466140747,0.9920660853385925
Baseline,XGBoost,0.8,Defaults,Defaults,0.7393893003463745,0.2606107294559479
Baseline,XGBoost,0.8,Tuning,Defaults,0.5676171779632568,0.43238285183906555
Baseline,XGBoost,0.8,Tuning,Tuning,0.0015500783920288086,0.9984499216079712
Baseline,XGBoost,0.8,Tuning,Tuning,0.05991518497467041,0.9400848150253296
Baseline,XGBoost,0.8,Defaults,Tuning,0.00046634674072265625,0.9995336532592773
Baseline,XGBoost,0.8,Tuning,Tuning,0.43548548221588135,0.5645145177841187
Baseline,XGBoost,0.8,Tuning,Tuning,0.06809943914413452,0.9319005608558655
Baseline,XGBoost,0.8,Tuning,Tuning,0.2417275309562683,0.7582724690437317
Baseline,XGBoost,0.8,Tuning,Tuning,0.0039408206939697266,0.9960591793060303
Baseline,XGBoost,0.8,Tuning,Defaults,0.6851927042007446,0.31480729579925537
Baseline,XGBoost,0.8,Tuning,Tuning,0.0027890801429748535,0.9972109198570251
Baseline,XGBoost,0.8,Tuning,Tuning,0.021532773971557617,0.9784672260284424
Baseline,XGBoost,0.8,Defaults,Tuning,0.4458179473876953,0.5541820526123047
Baseline,XGBoost,0.8,Tuning,Tuning,0.004540622234344482,0.9954593777656555
Baseline,XGBoost,0.8,Tuning,Tuning,0.0015214085578918457,0.9984785914421082
Baseline,XGBoost,0.8,Tuning,Tuning,0.0036556124687194824,0.9963443875312805
Baseline,XGBoost,0.8,Tuning,Tuning,0.0014430880546569824,0.998556911945343
Baseline,XGBoost,0.8,Tuning,Tuning,0.0024475455284118652,0.9975524544715881
Baseline,XGBoost,0.8,Tuning,Tuning,0.027158617973327637,0.9728413820266724
Baseline,XGBoost,0.8,Tuning,Defaults,0.6198012828826904,0.38019871711730957
Baseline,XGBoost,0.8,Tuning,Tuning,0.007303953170776367,0.9926960468292236
Baseline,XGBoost,0.8,Defaults,Tuning,0.06394559144973755,0.9360544085502625
Baseline,XGBoost,0.8,Tuning,Tuning,0.1808043122291565,0.8191956877708435
Baseline,XGBoost,0.8,Defaults,Defaults,0.7454351782798767,0.2545648217201233
Baseline,XGBoost,0.8,Tuning,Tuning,0.11096572875976562,0.8890342712402344
Baseline,XGBoost,0.8,Tuning,Tuning,0.11488562822341919,0.8851143717765808
Baseline,XGBoost,0.8,Tuning,Defaults,0.5536502599716187,0.44634971022605896
Baseline,XGBoost,0.8,Tuning,Tuning,0.001023411750793457,0.9989765882492065
Baseline,XGBoost,0.8,Defaults,Tuning,0.021796345710754395,0.9782036542892456
Baseline,XGBoost,0.8,Defaults,Tuning,0.06778866052627563,0.9322113394737244
Baseline,XGBoost,0.8,Tuning,Tuning,0.0006887912750244141,0.9993112087249756
Baseline,XGBoost,0.8,Tuning,Tuning,0.12286221981048584,0.8771377801895142
Baseline,XGBoost,0.8,Tuning,Tuning,0.0011754631996154785,0.9988245368003845
Baseline,XGBoost,0.8,Tuning,Tuning,0.0011754631996154785,0.9988245368003845
Baseline,XGBoost,0.8,Tuning,Tuning,0.01107567548751831,0.9889243245124817
Baseline,XGBoost,0.8,Tuning,Tuning,0.004543185234069824,0.9954568147659302
Baseline,XGBoost,0.8,Tuning,Tuning,0.10840356349945068,0.8915964365005493
Baseline,XGBoost,0.8,Tuning,Tuning,0.007392525672912598,0.9926074743270874
Baseline,XGBoost,0.8,Defaults,Tuning,0.06829112768173218,0.9317088723182678
Baseline,XGBoost,0.8,Tuning,Defaults,0.9655474424362183,0.034452542662620544
Baseline,XGBoost,0.8,Tuning,Defaults,0.9661905765533447,0.03380942344665527
Baseline,XGBoost,0.8,Tuning,Tuning,0.043502867221832275,0.9564971327781677
Baseline,XGBoost,0.8,Tuning,Defaults,0.6532936096191406,0.3467063903808594
Baseline,XGBoost,0.8,Defaults,Tuning,0.22866171598434448,0.7713382840156555
Baseline,XGBoost,0.8,Tuning,Defaults,0.7504540681838989,0.24954594671726227
Baseline,XGBoost,0.8,Tuning,Tuning,0.03681492805480957,0.9631850719451904
Baseline,XGBoost,0.8,Tuning,Tuning,0.06691247224807739,0.9330875277519226
Baseline,XGBoost,0.8,Defaults,Tuning,0.005671799182891846,0.9943282008171082
Baseline,XGBoost,0.8,Tuning,Tuning,0.13200491666793823,0.8679950833320618
Baseline,XGBoost,0.8,Tuning,Tuning,0.08706027269363403,0.912939727306366
Baseline,XGBoost,0.8,Tuning,Tuning,0.0036629438400268555,0.9963370561599731
Baseline,XGBoost,0.8,Defaults,Defaults,0.8280990123748779,0.17190100252628326
Baseline,XGBoost,0.8,Defaults,Defaults,0.9874930381774902,0.012506985105574131
Baseline,XGBoost,0.8,Tuning,Tuning,0.18297237157821655,0.8170276284217834
Baseline,XGBoost,0.8,Tuning,Tuning,0.006858646869659424,0.9931413531303406
Baseline,XGBoost,0.8,Tuning,Tuning,0.4481475353240967,0.5518524646759033
Baseline,XGBoost,0.8,Defaults,Tuning,0.21893399953842163,0.7810660004615784
Baseline,XGBoost,0.8,Defaults,Tuning,0.2313355803489685,0.7686644196510315
Baseline,XGBoost,0.8,Defaults,Defaults,0.5194610357284546,0.4805389940738678
Baseline,XGBoost,0.8,Tuning,Tuning,0.019484877586364746,0.9805151224136353
Baseline,XGBoost,0.8,Defaults,Defaults,0.528438925743103,0.47156110405921936
Baseline,XGBoost,0.8,Tuning,Defaults,0.9974237084388733,0.002576279453933239
Baseline,XGBoost,0.8,Tuning,Tuning,0.08086597919464111,0.9191340208053589
Baseline,XGBoost,0.8,Defaults,Tuning,0.350643515586853,0.649356484413147
Baseline,XGBoost,0.8,Defaults,Tuning,0.09567844867706299,0.904321551322937
Baseline,XGBoost,0.8,Tuning,Tuning,0.4512542486190796,0.5487457513809204
Baseline,XGBoost,0.8,Tuning,Tuning,0.05097097158432007,0.9490290284156799
Baseline,XGBoost,0.8,Defaults,Tuning,0.4642752408981323,0.5357247591018677
Baseline,XGBoost,0.8,Tuning,Tuning,0.06690394878387451,0.9330960512161255
Baseline,XGBoost,0.8,Tuning,Tuning,0.04922962188720703,0.950770378112793
Baseline,XGBoost,0.8,Tuning,Tuning,0.016632795333862305,0.9833672046661377
Baseline,XGBoost,0.8,Tuning,Tuning,0.12048989534378052,0.8795101046562195
Baseline,XGBoost,0.85,Tuning,Tuning,0.009211599826812744,0.9907884001731873
Baseline,XGBoost,0.85,Tuning,Tuning,0.0005832910537719727,0.999416708946228
Baseline,XGBoost,0.85,Defaults,Defaults,0.9291128516197205,0.07088716328144073
Baseline,XGBoost,0.85,Tuning,Tuning,0.004271566867828369,0.9957284331321716
Baseline,XGBoost,0.85,Tuning,Tuning,0.003409266471862793,0.9965907335281372
Baseline,XGBoost,0.85,Tuning,Defaults,0.855289876461029,0.14471012353897095
Baseline,XGBoost,0.85,Tuning,Tuning,0.0007783174514770508,0.999221682548523
Baseline,XGBoost,0.85,Defaults,Tuning,0.3024423122406006,0.6975576877593994
Baseline,XGBoost,0.85,Defaults,Tuning,0.30680936574935913,0.6931906342506409
Baseline,XGBoost,0.85,Tuning,Tuning,0.008200526237487793,0.9917994737625122
Baseline,XGBoost,0.85,Tuning,Tuning,0.00286102294921875,0.9971389770507812
Baseline,XGBoost,0.85,Defaults,Tuning,0.031709134578704834,0.9682908654212952
Baseline,XGBoost,0.85,Tuning,Tuning,0.0005484223365783691,0.9994515776634216
Baseline,XGBoost,0.85,Tuning,Tuning,0.0015420913696289062,0.9984579086303711
Baseline,XGBoost,0.85,Tuning,Tuning,0.003563523292541504,0.9964364767074585
Baseline,XGBoost,0.85,Tuning,Tuning,0.001225292682647705,0.9987747073173523
Baseline,XGBoost,0.85,Defaults,Defaults,0.9887886047363281,0.011211411096155643
Baseline,XGBoost,0.85,Tuning,Tuning,0.01392441987991333,0.9860755801200867
Baseline,XGBoost,0.85,Defaults,Tuning,0.18449699878692627,0.8155030012130737
Baseline,XGBoost,0.85,Tuning,Tuning,0.16548573970794678,0.8345142602920532
Baseline,XGBoost,0.85,Tuning,Tuning,0.16053688526153564,0.8394631147384644
Baseline,XGBoost,0.85,Defaults,Tuning,0.016776621341705322,0.9832233786582947
Baseline,XGBoost,0.85,Tuning,Tuning,0.08954966068267822,0.9104503393173218
Baseline,XGBoost,0.85,Tuning,Tuning,0.017444610595703125,0.9825553894042969
Baseline,XGBoost,0.85,Tuning,Tuning,0.0016294121742248535,0.9983705878257751
Baseline,XGBoost,0.85,Tuning,Tuning,0.0011710524559020996,0.9988289475440979
Baseline,XGBoost,0.85,Tuning,Tuning,0.003672778606414795,0.9963272213935852
Baseline,XGBoost,0.85,Tuning,Tuning,0.005091607570648193,0.9949083924293518
Baseline,XGBoost,0.85,Tuning,Tuning,0.0010367631912231445,0.9989632368087769
Baseline,XGBoost,0.85,Tuning,Tuning,0.0035692453384399414,0.9964307546615601
Baseline,XGBoost,0.85,Tuning,Tuning,0.0007603168487548828,0.9992396831512451
Baseline,XGBoost,0.85,Tuning,Tuning,0.0034355521202087402,0.9965644478797913
Baseline,XGBoost,0.85,Defaults,Defaults,0.9826160669326782,0.017383921891450882
Baseline,XGBoost,0.85,Defaults,Tuning,0.17743444442749023,0.8225655555725098
Baseline,XGBoost,0.85,Tuning,Tuning,0.03153574466705322,0.9684642553329468
Baseline,XGBoost,0.85,Tuning,Tuning,0.07714194059371948,0.9228580594062805
Baseline,XGBoost,0.85,Tuning,Tuning,0.150010883808136,0.849989116191864
Baseline,XGBoost,0.85,Defaults,Defaults,0.581401526927948,0.418598473072052
Baseline,XGBoost,0.85,Tuning,Tuning,0.010340631008148193,0.9896593689918518
Baseline,XGBoost,0.85,Defaults,Defaults,0.8966450691223145,0.10335496068000793
Baseline,XGBoost,0.85,Tuning,Tuning,0.04077565670013428,0.9592243432998657
Baseline,XGBoost,0.85,Tuning,Tuning,0.0059580206871032715,0.9940419793128967
Baseline,XGBoost,0.85,Tuning,Tuning,0.2717060446739197,0.7282939553260803
Baseline,XGBoost,0.85,Tuning,Tuning,0.00020676851272583008,0.9997932314872742
Baseline,XGBoost,0.85,Tuning,Tuning,0.008623480796813965,0.991376519203186
Baseline,XGBoost,0.85,Tuning,Tuning,0.024432778358459473,0.9755672216415405
Baseline,XGBoost,0.85,Tuning,Defaults,0.6618255376815796,0.3381744921207428
Baseline,XGBoost,0.85,Tuning,Tuning,0.002367377281188965,0.997632622718811
Baseline,XGBoost,0.85,Tuning,Tuning,0.24661380052566528,0.7533861994743347
Baseline,XGBoost,0.85,Tuning,Tuning,0.08753812313079834,0.9124618768692017
Baseline,XGBoost,0.85,Defaults,Tuning,0.0559614896774292,0.9440385103225708
Baseline,XGBoost,0.85,Tuning,Tuning,0.030743718147277832,0.9692562818527222
Baseline,XGBoost,0.85,Tuning,Tuning,0.005410909652709961,0.99458909034729
Baseline,XGBoost,0.85,Defaults,Tuning,0.05533897876739502,0.944661021232605
Baseline,XGBoost,0.85,Tuning,Defaults,0.9652753472328186,0.03472462669014931
Baseline,XGBoost,0.85,Tuning,Tuning,0.12862318754196167,0.8713768124580383
Baseline,XGBoost,0.85,Tuning,Tuning,0.03847569227218628,0.9615243077278137
Baseline,XGBoost,0.85,Tuning,Defaults,0.7468077540397644,0.2531922459602356
Baseline,XGBoost,0.85,Tuning,Tuning,0.362639844417572,0.637360155582428
Baseline,XGBoost,0.85,Tuning,Tuning,0.0016279816627502441,0.9983720183372498
Baseline,XGBoost,0.85,Tuning,Tuning,0.0005304217338562012,0.9994695782661438
Baseline,XGBoost,0.85,Tuning,Tuning,0.04517906904220581,0.9548209309577942
Baseline,XGBoost,0.85,Tuning,Tuning,0.07916843891143799,0.920831561088562
Baseline,XGBoost,0.85,Defaults,Tuning,0.034160494804382324,0.9658395051956177
Baseline,XGBoost,0.85,Tuning,Defaults,0.9297807216644287,0.07021929323673248
Baseline,XGBoost,0.85,Defaults,Tuning,0.21103250980377197,0.788967490196228
Baseline,XGBoost,0.85,Tuning,Tuning,0.2511039972305298,0.7488960027694702
Baseline,XGBoost,0.85,Tuning,Tuning,0.0367775559425354,0.9632224440574646
Baseline,XGBoost,0.85,Tuning,Tuning,0.36073535680770874,0.6392646431922913
Baseline,XGBoost,0.85,Tuning,Tuning,0.27320730686187744,0.7267926931381226
Baseline,XGBoost,0.85,Tuning,Tuning,0.042451441287994385,0.9575485587120056
Baseline,XGBoost,0.85,Defaults,Tuning,0.01022946834564209,0.9897705316543579
Baseline,XGBoost,0.85,Tuning,Tuning,0.12675654888153076,0.8732434511184692
Baseline,XGBoost,0.85,Defaults,Defaults,0.9640495181083679,0.03595047816634178
Baseline,XGBoost,0.85,Defaults,Defaults,0.9733228087425232,0.02667718566954136
Baseline,XGBoost,0.85,Defaults,Tuning,0.2512710690498352,0.7487289309501648
Baseline,XGBoost,0.85,Defaults,Defaults,0.9688253402709961,0.0311746783554554
Baseline,XGBoost,0.85,Tuning,Tuning,0.05974763631820679,0.9402523636817932
Baseline,XGBoost,0.85,Tuning,Tuning,0.07390892505645752,0.9260910749435425
Baseline,XGBoost,0.85,Tuning,Defaults,0.9173850417137146,0.0826149582862854
Baseline,XGBoost,0.85,Defaults,Defaults,0.7130155563354492,0.28698447346687317
Baseline,XGBoost,0.85,Defaults,Defaults,0.6389581561088562,0.3610418438911438
Baseline,XGBoost,0.85,Defaults,Tuning,0.1461491584777832,0.8538508415222168
Baseline,XGBoost,0.85,Defaults,Defaults,0.886433482170105,0.11356649547815323
Baseline,XGBoost,0.85,Tuning,Defaults,0.7272188663482666,0.272781103849411
Baseline,XGBoost,0.85,Tuning,Tuning,0.08375370502471924,0.9162462949752808
Baseline,XGBoost,0.85,Defaults,Defaults,0.9638275504112244,0.03617246448993683
Baseline,XGBoost,0.85,Tuning,Tuning,0.0012652277946472168,0.9987347722053528
Baseline,XGBoost,0.85,Defaults,Defaults,0.9611101746559143,0.0388898029923439
Baseline,XGBoost,0.85,Tuning,Tuning,0.018087267875671387,0.9819127321243286
Baseline,XGBoost,0.85,Tuning,Tuning,0.0008023381233215332,0.9991976618766785
Baseline,XGBoost,0.85,Defaults,Tuning,0.007785618305206299,0.9922143816947937
Baseline,XGBoost,0.85,Tuning,Tuning,0.027639329433441162,0.9723606705665588
Baseline,XGBoost,0.85,Defaults,Tuning,0.05651122331619263,0.9434887766838074
Baseline,XGBoost,0.85,Tuning,Tuning,0.13980954885482788,0.8601904511451721
Baseline,XGBoost,0.85,Tuning,Tuning,0.0008247494697570801,0.9991752505302429
Baseline,XGBoost,0.85,Tuning,Tuning,0.003620326519012451,0.9963796734809875
Baseline,XGBoost,0.85,Defaults,Defaults,0.814422070980072,0.18557792901992798
Baseline,XGBoost,0.85,Tuning,Tuning,0.3200361728668213,0.6799638271331787
Baseline,XGBoost,0.85,Tuning,Tuning,0.00044995546340942383,0.9995500445365906
Baseline,XGBoost,0.85,Tuning,Tuning,0.0422438383102417,0.9577561616897583
Baseline,XGBoost,0.85,Defaults,Tuning,0.0004937648773193359,0.9995062351226807
Baseline,XGBoost,0.85,Tuning,Tuning,0.23683202266693115,0.7631679773330688
Baseline,XGBoost,0.85,Tuning,Tuning,0.03827202320098877,0.9617279767990112
Baseline,XGBoost,0.85,Tuning,Tuning,0.25618481636047363,0.7438151836395264
Baseline,XGBoost,0.85,Tuning,Tuning,0.0030179619789123535,0.9969820380210876
Baseline,XGBoost,0.85,Tuning,Defaults,0.7168891429901123,0.2831108272075653
Baseline,XGBoost,0.85,Tuning,Tuning,0.0008247494697570801,0.9991752505302429
Baseline,XGBoost,0.85,Tuning,Tuning,0.17482000589370728,0.8251799941062927
Baseline,XGBoost,0.85,Defaults,Defaults,0.5998666286468506,0.400133341550827
Baseline,XGBoost,0.85,Tuning,Tuning,0.0032600760459899902,0.99673992395401
Baseline,XGBoost,0.85,Tuning,Tuning,0.0016151666641235352,0.9983848333358765
Baseline,XGBoost,0.85,Tuning,Tuning,0.0032889842987060547,0.996711015701294
Baseline,XGBoost,0.85,Tuning,Tuning,0.0008559226989746094,0.9991440773010254
Baseline,XGBoost,0.85,Tuning,Tuning,0.0035483837127685547,0.9964516162872314
Baseline,XGBoost,0.85,Tuning,Tuning,0.02381289005279541,0.9761871099472046
Baseline,XGBoost,0.85,Tuning,Defaults,0.9026198387145996,0.09738019108772278
Baseline,XGBoost,0.85,Tuning,Tuning,0.0013170838356018066,0.9986829161643982
Baseline,XGBoost,0.85,Defaults,Tuning,0.07455450296401978,0.9254454970359802
Baseline,XGBoost,0.85,Tuning,Tuning,0.14744704961776733,0.8525529503822327
Baseline,XGBoost,0.85,Defaults,Defaults,0.6781162023544312,0.32188376784324646
Baseline,XGBoost,0.85,Tuning,Tuning,0.08189928531646729,0.9181007146835327
Baseline,XGBoost,0.85,Tuning,Tuning,0.04113239049911499,0.958867609500885
Baseline,XGBoost,0.85,Tuning,Defaults,0.7888085842132568,0.21119138598442078
Baseline,XGBoost,0.85,Tuning,Tuning,0.004798531532287598,0.9952014684677124
Baseline,XGBoost,0.85,Defaults,Tuning,0.13665515184402466,0.8633448481559753
Baseline,XGBoost,0.85,Defaults,Tuning,0.02381300926208496,0.976186990737915
Baseline,XGBoost,0.85,Tuning,Tuning,0.0002632737159729004,0.9997367262840271
Baseline,XGBoost,0.85,Tuning,Tuning,0.0770907998085022,0.9229092001914978
Baseline,XGBoost,0.85,Tuning,Tuning,0.0013113617897033691,0.9986886382102966
Baseline,XGBoost,0.85,Tuning,Tuning,0.0013113617897033691,0.9986886382102966
Baseline,XGBoost,0.85,Tuning,Tuning,0.006566405296325684,0.9934335947036743
Baseline,XGBoost,0.85,Tuning,Tuning,0.0031079649925231934,0.9968920350074768
Baseline,XGBoost,0.85,Tuning,Tuning,0.1317499876022339,0.8682500123977661
Baseline,XGBoost,0.85,Tuning,Tuning,0.012030601501464844,0.9879693984985352
Baseline,XGBoost,0.85,Defaults,Tuning,0.05473637580871582,0.9452636241912842
Baseline,XGBoost,0.85,Tuning,Defaults,0.6261239647865295,0.37387603521347046
Baseline,XGBoost,0.85,Tuning,Defaults,0.9772170186042786,0.02278297208249569
Baseline,XGBoost,0.85,Tuning,Tuning,0.018750905990600586,0.9812490940093994
Baseline,XGBoost,0.85,Tuning,Defaults,0.8908921480178833,0.1091078668832779
Baseline,XGBoost,0.85,Defaults,Tuning,0.3149452209472656,0.6850547790527344
Baseline,XGBoost,0.85,Tuning,Tuning,0.3943835496902466,0.6056164503097534
Baseline,XGBoost,0.85,Tuning,Tuning,0.05091577768325806,0.9490842223167419
Baseline,XGBoost,0.85,Tuning,Tuning,0.0262758731842041,0.9737241268157959
Baseline,XGBoost,0.85,Defaults,Tuning,0.0035051703453063965,0.9964948296546936
Baseline,XGBoost,0.85,Tuning,Tuning,0.06791669130325317,0.9320833086967468
Baseline,XGBoost,0.85,Tuning,Tuning,0.10336822271347046,0.8966317772865295
Baseline,XGBoost,0.85,Tuning,Tuning,0.005811929702758789,0.9941880702972412
Baseline,XGBoost,0.85,Defaults,Defaults,0.9093672037124634,0.09063280373811722
Baseline,XGBoost,0.85,Defaults,Defaults,0.9648349285125732,0.03516504168510437
Baseline,XGBoost,0.85,Tuning,Tuning,0.04063302278518677,0.9593669772148132
Baseline,XGBoost,0.85,Tuning,Tuning,0.03253048658370972,0.9674695134162903
Baseline,XGBoost,0.85,Tuning,Tuning,0.35030317306518555,0.6496968269348145
Baseline,XGBoost,0.85,Defaults,Defaults,0.9036898016929626,0.09631022065877914
Baseline,XGBoost,0.85,Defaults,Tuning,0.12186300754547119,0.8781369924545288
Baseline,XGBoost,0.85,Defaults,Defaults,0.8278292417526245,0.1721707433462143
Baseline,XGBoost,0.85,Tuning,Tuning,0.018627643585205078,0.9813723564147949
Baseline,XGBoost,0.85,Defaults,Defaults,0.8232873678207397,0.17671260237693787
Baseline,XGBoost,0.85,Tuning,Defaults,0.996414840221405,0.00358515209518373
Baseline,XGBoost,0.85,Tuning,Tuning,0.13190561532974243,0.8680943846702576
Baseline,XGBoost,0.85,Defaults,Tuning,0.20772182941436768,0.7922781705856323
Baseline,XGBoost,0.85,Defaults,Tuning,0.04498177766799927,0.9550182223320007
Baseline,XGBoost,0.85,Tuning,Defaults,0.7153659462928772,0.2846340537071228
Baseline,XGBoost,0.85,Tuning,Tuning,0.03566771745681763,0.9643322825431824
Baseline,XGBoost,0.85,Defaults,Defaults,0.732805609703064,0.2671944200992584
Baseline,XGBoost,0.85,Tuning,Tuning,0.1240619421005249,0.8759380578994751
Baseline,XGBoost,0.85,Tuning,Tuning,0.01763373613357544,0.9823662638664246
Baseline,XGBoost,0.85,Tuning,Tuning,0.06509220600128174,0.9349077939987183
Baseline,XGBoost,0.85,Tuning,Tuning,0.06508612632751465,0.9349138736724854
Baseline,XGBoost,0.9,Tuning,Tuning,0.008080899715423584,0.9919191002845764
Baseline,XGBoost,0.9,Tuning,Tuning,0.0003916621208190918,0.9996083378791809
Baseline,XGBoost,0.9,Defaults,Defaults,0.865281343460083,0.1347186267375946
Baseline,XGBoost,0.9,Tuning,Tuning,0.009280085563659668,0.9907199144363403
Baseline,XGBoost,0.9,Tuning,Tuning,0.0059580206871032715,0.9940419793128967
Baseline,XGBoost,0.9,Tuning,Defaults,0.9161316156387329,0.08386839926242828
Baseline,XGBoost,0.9,Tuning,Tuning,0.000553429126739502,0.9994465708732605
Baseline,XGBoost,0.9,Defaults,Tuning,0.09365612268447876,0.9063438773155212
Baseline,XGBoost,0.9,Defaults,Tuning,0.46806013584136963,0.5319398641586304
Baseline,XGBoost,0.9,Tuning,Tuning,0.005007445812225342,0.9949925541877747
Baseline,XGBoost,0.9,Tuning,Tuning,0.0010491609573364258,0.9989508390426636
Baseline,XGBoost,0.9,Defaults,Tuning,0.019382715225219727,0.9806172847747803
Baseline,XGBoost,0.9,Tuning,Tuning,0.0002447962760925293,0.9997552037239075
Baseline,XGBoost,0.9,Tuning,Tuning,0.0005597472190856934,0.9994402527809143
Baseline,XGBoost,0.9,Tuning,Tuning,0.0039650797843933105,0.9960349202156067
Baseline,XGBoost,0.9,Tuning,Tuning,0.0007279515266418457,0.9992720484733582
Baseline,XGBoost,0.9,Defaults,Defaults,0.9954163432121277,0.004583659581840038
Baseline,XGBoost,0.9,Tuning,Tuning,0.042784035205841064,0.9572159647941589
Baseline,XGBoost,0.9,Defaults,Tuning,0.042267441749572754,0.9577325582504272
Baseline,XGBoost,0.9,Tuning,Tuning,0.4533456563949585,0.5466543436050415
Baseline,XGBoost,0.9,Tuning,Tuning,0.11163169145584106,0.8883683085441589
Baseline,XGBoost,0.9,Defaults,Tuning,0.019505977630615234,0.9804940223693848
Baseline,XGBoost,0.9,Tuning,Tuning,0.01638317108154297,0.983616828918457
Baseline,XGBoost,0.9,Tuning,Tuning,0.00935983657836914,0.9906401634216309
Baseline,XGBoost,0.9,Tuning,Tuning,0.0016155242919921875,0.9983844757080078
Baseline,XGBoost,0.9,Tuning,Tuning,0.0011225342750549316,0.9988774657249451
Baseline,XGBoost,0.9,Tuning,Tuning,0.004363596439361572,0.9956364035606384
Baseline,XGBoost,0.9,Tuning,Tuning,0.007298588752746582,0.9927014112472534
Baseline,XGBoost,0.9,Tuning,Tuning,0.0011487007141113281,0.9988512992858887
Baseline,XGBoost,0.9,Tuning,Tuning,0.006165146827697754,0.9938348531723022
Baseline,XGBoost,0.9,Tuning,Tuning,0.000619053840637207,0.9993809461593628
Baseline,XGBoost,0.9,Tuning,Tuning,0.004270493984222412,0.9957295060157776
Baseline,XGBoost,0.9,Defaults,Defaults,0.9511169791221619,0.04888300225138664
Baseline,XGBoost,0.9,Defaults,Tuning,0.30687522888183594,0.6931247711181641
Baseline,XGBoost,0.9,Tuning,Tuning,0.04763531684875488,0.9523646831512451
Baseline,XGBoost,0.9,Tuning,Tuning,0.13662344217300415,0.8633765578269958
Baseline,XGBoost,0.9,Tuning,Tuning,0.16430914402008057,0.8356908559799194
Baseline,XGBoost,0.9,Defaults,Defaults,0.7890135049819946,0.21098652482032776
Baseline,XGBoost,0.9,Tuning,Tuning,0.02348119020462036,0.9765188097953796
Baseline,XGBoost,0.9,Defaults,Defaults,0.947593092918396,0.05240689963102341
Baseline,XGBoost,0.9,Tuning,Tuning,0.029948115348815918,0.9700518846511841
Baseline,XGBoost,0.9,Tuning,Tuning,0.008172750473022461,0.9918272495269775
Baseline,XGBoost,0.9,Tuning,Tuning,0.16121971607208252,0.8387802839279175
Baseline,XGBoost,0.9,Tuning,Tuning,0.00014591217041015625,0.9998540878295898
Baseline,XGBoost,0.9,Tuning,Tuning,0.006149649620056152,0.9938503503799438
Baseline,XGBoost,0.9,Tuning,Tuning,0.0064446330070495605,0.9935553669929504
Baseline,XGBoost,0.9,Tuning,Defaults,0.7686154842376709,0.2313845455646515
Baseline,XGBoost,0.9,Tuning,Tuning,0.005194604396820068,0.9948053956031799
Baseline,XGBoost,0.9,Tuning,Tuning,0.09930580854415894,0.9006941914558411
Baseline,XGBoost,0.9,Tuning,Tuning,0.10186803340911865,0.8981319665908813
Baseline,XGBoost,0.9,Defaults,Tuning,0.03796583414077759,0.9620341658592224
Baseline,XGBoost,0.9,Tuning,Tuning,0.056578874588012695,0.9434211254119873
Baseline,XGBoost,0.9,Tuning,Tuning,0.003916501998901367,0.9960834980010986
Baseline,XGBoost,0.9,Defaults,Tuning,0.058888375759124756,0.9411116242408752
Baseline,XGBoost,0.9,Tuning,Defaults,0.962948739528656,0.03705128654837608
Baseline,XGBoost,0.9,Tuning,Tuning,0.02512037754058838,0.9748796224594116
Baseline,XGBoost,0.9,Tuning,Tuning,0.047531306743621826,0.9524686932563782
Baseline,XGBoost,0.9,Tuning,Defaults,0.7116937041282654,0.2883062958717346
Baseline,XGBoost,0.9,Tuning,Defaults,0.6408146023750305,0.3591853976249695
Baseline,XGBoost,0.9,Tuning,Tuning,0.0017577409744262695,0.9982422590255737
Baseline,XGBoost,0.9,Tuning,Tuning,0.0004754066467285156,0.9995245933532715
Baseline,XGBoost,0.9,Tuning,Tuning,0.020218849182128906,0.9797811508178711
Baseline,XGBoost,0.9,Tuning,Tuning,0.08278942108154297,0.917210578918457
Baseline,XGBoost,0.9,Defaults,Tuning,0.0620613694190979,0.9379386305809021
Baseline,XGBoost,0.9,Tuning,Defaults,0.7398800253868103,0.2601199746131897
Baseline,XGBoost,0.9,Defaults,Defaults,0.5127565860748291,0.4872433841228485
Baseline,XGBoost,0.9,Tuning,Tuning,0.09763383865356445,0.9023661613464355
Baseline,XGBoost,0.9,Tuning,Tuning,0.03618061542510986,0.9638193845748901
Baseline,XGBoost,0.9,Tuning,Defaults,0.5313999652862549,0.4686000347137451
Baseline,XGBoost,0.9,Tuning,Tuning,0.19080650806427002,0.80919349193573
Baseline,XGBoost,0.9,Tuning,Tuning,0.140150785446167,0.859849214553833
Baseline,XGBoost,0.9,Defaults,Tuning,0.006015598773956299,0.9939844012260437
Baseline,XGBoost,0.9,Tuning,Tuning,0.20713907480239868,0.7928609251976013
Baseline,XGBoost,0.9,Defaults,Defaults,0.9819716811180115,0.018028343096375465
Baseline,XGBoost,0.9,Defaults,Defaults,0.9738103151321411,0.026189671829342842
Baseline,XGBoost,0.9,Defaults,Tuning,0.26777184009552,0.73222815990448
Baseline,XGBoost,0.9,Defaults,Defaults,0.9738103151321411,0.026189671829342842
Baseline,XGBoost,0.9,Tuning,Tuning,0.07007455825805664,0.9299254417419434
Baseline,XGBoost,0.9,Tuning,Tuning,0.0456005334854126,0.9543994665145874
Baseline,XGBoost,0.9,Tuning,Defaults,0.9381870627403259,0.061812929809093475
Baseline,XGBoost,0.9,Defaults,Defaults,0.5897112488746643,0.4102887511253357
Baseline,XGBoost,0.9,Defaults,Tuning,0.35656970739364624,0.6434302926063538
Baseline,XGBoost,0.9,Defaults,Tuning,0.1941922903060913,0.8058077096939087
Baseline,XGBoost,0.9,Defaults,Defaults,0.7117389440536499,0.2882610559463501
Baseline,XGBoost,0.9,Tuning,Defaults,0.7622589468955994,0.23774106800556183
Baseline,XGBoost,0.9,Tuning,Tuning,0.07109034061431885,0.9289096593856812
Baseline,XGBoost,0.9,Defaults,Defaults,0.9780609607696533,0.021939018741250038
Baseline,XGBoost,0.9,Tuning,Tuning,0.0007097721099853516,0.9992902278900146
Baseline,XGBoost,0.9,Defaults,Defaults,0.8479178547859192,0.152082160115242
Baseline,XGBoost,0.9,Tuning,Tuning,0.005545914173126221,0.9944540858268738
Baseline,XGBoost,0.9,Tuning,Tuning,0.0006164312362670898,0.9993835687637329
Baseline,XGBoost,0.9,Defaults,Tuning,0.08359032869338989,0.9164096713066101
Baseline,XGBoost,0.9,Tuning,Tuning,0.05289793014526367,0.9471020698547363
Baseline,XGBoost,0.9,Defaults,Tuning,0.05487501621246338,0.9451249837875366
Baseline,XGBoost,0.9,Tuning,Tuning,0.14637064933776855,0.8536293506622314
Baseline,XGBoost,0.9,Tuning,Tuning,0.00206756591796875,0.9979324340820312
Baseline,XGBoost,0.9,Tuning,Tuning,0.012203693389892578,0.9877963066101074
Baseline,XGBoost,0.9,Defaults,Tuning,0.48844194412231445,0.5115580558776855
Baseline,XGBoost,0.9,Tuning,Tuning,0.28378963470458984,0.7162103652954102
Baseline,XGBoost,0.9,Tuning,Tuning,0.0014598369598388672,0.9985401630401611
Baseline,XGBoost,0.9,Tuning,Tuning,0.02389979362487793,0.9761002063751221
Baseline,XGBoost,0.9,Defaults,Tuning,0.0009263753890991211,0.9990736246109009
Baseline,XGBoost,0.9,Tuning,Tuning,0.4045424461364746,0.5954575538635254
Baseline,XGBoost,0.9,Tuning,Tuning,0.032467544078826904,0.9675324559211731
Baseline,XGBoost,0.9,Tuning,Tuning,0.25556403398513794,0.7444359660148621
Baseline,XGBoost,0.9,Tuning,Tuning,0.005432605743408203,0.9945673942565918
Baseline,XGBoost,0.9,Tuning,Defaults,0.5577821731567383,0.4422178268432617
Baseline,XGBoost,0.9,Tuning,Tuning,0.00206756591796875,0.9979324340820312
Baseline,XGBoost,0.9,Tuning,Tuning,0.14042848348617554,0.8595715165138245
Baseline,XGBoost,0.9,Defaults,Tuning,0.4319468140602112,0.5680531859397888
Baseline,XGBoost,0.9,Tuning,Tuning,0.022133290767669678,0.9778667092323303
Baseline,XGBoost,0.9,Tuning,Tuning,0.0019565820693969727,0.998043417930603
Baseline,XGBoost,0.9,Tuning,Tuning,0.002733945846557617,0.9972660541534424
Baseline,XGBoost,0.9,Tuning,Tuning,0.0010275840759277344,0.9989724159240723
Baseline,XGBoost,0.9,Tuning,Tuning,0.005417525768280029,0.99458247423172
Baseline,XGBoost,0.9,Tuning,Tuning,0.04062783718109131,0.9593721628189087
Baseline,XGBoost,0.9,Tuning,Defaults,0.7083230018615723,0.29167699813842773
Baseline,XGBoost,0.9,Tuning,Tuning,0.0026917457580566406,0.9973082542419434
Baseline,XGBoost,0.9,Defaults,Tuning,0.08361315727233887,0.9163868427276611
Baseline,XGBoost,0.9,Tuning,Tuning,0.029296278953552246,0.9707037210464478
Baseline,XGBoost,0.9,Defaults,Defaults,0.9144432544708252,0.08555677533149719
Baseline,XGBoost,0.9,Tuning,Tuning,0.17914026975631714,0.8208597302436829
Baseline,XGBoost,0.9,Tuning,Tuning,0.029022932052612305,0.9709770679473877
Baseline,XGBoost,0.9,Tuning,Tuning,0.353731632232666,0.646268367767334
Baseline,XGBoost,0.9,Tuning,Tuning,0.005976617336273193,0.9940233826637268
Baseline,XGBoost,0.9,Defaults,Tuning,0.06767970323562622,0.9323202967643738
Baseline,XGBoost,0.9,Defaults,Tuning,0.03163647651672363,0.9683635234832764
Baseline,XGBoost,0.9,Tuning,Tuning,0.000857234001159668,0.9991427659988403
Baseline,XGBoost,0.9,Tuning,Tuning,0.3620840311050415,0.6379159688949585
Baseline,XGBoost,0.9,Tuning,Tuning,0.0006646513938903809,0.9993353486061096
Baseline,XGBoost,0.9,Tuning,Tuning,0.0006646513938903809,0.9993353486061096
Baseline,XGBoost,0.9,Tuning,Tuning,0.006584525108337402,0.9934154748916626
Baseline,XGBoost,0.9,Tuning,Tuning,0.003463268280029297,0.9965367317199707
Baseline,XGBoost,0.9,Tuning,Tuning,0.062033236026763916,0.9379667639732361
Baseline,XGBoost,0.9,Tuning,Tuning,0.006252884864807129,0.9937471151351929
Baseline,XGBoost,0.9,Defaults,Tuning,0.07409322261810303,0.925906777381897
Baseline,XGBoost,0.9,Tuning,Defaults,0.911262035369873,0.08873793482780457
Baseline,XGBoost,0.9,Tuning,Defaults,0.9906883835792542,0.009311618283390999
Baseline,XGBoost,0.9,Tuning,Tuning,0.06915771961212158,0.9308422803878784
Baseline,XGBoost,0.9,Tuning,Defaults,0.9406176209449768,0.05938238278031349
Baseline,XGBoost,0.9,Defaults,Tuning,0.09197795391082764,0.9080220460891724
Baseline,XGBoost,0.9,Tuning,Tuning,0.3116825819015503,0.6883174180984497
Baseline,XGBoost,0.9,Tuning,Tuning,0.01628059148788452,0.9837194085121155
Baseline,XGBoost,0.9,Tuning,Tuning,0.049526751041412354,0.9504732489585876
Baseline,XGBoost,0.9,Defaults,Tuning,0.001070559024810791,0.9989294409751892
Baseline,XGBoost,0.9,Tuning,Tuning,0.06927341222763062,0.9307265877723694
Baseline,XGBoost,0.9,Tuning,Tuning,0.08889931440353394,0.9111006855964661
Baseline,XGBoost,0.9,Tuning,Tuning,0.0023503899574279785,0.997649610042572
Baseline,XGBoost,0.9,Defaults,Defaults,0.9379352927207947,0.06206473335623741
Baseline,XGBoost,0.9,Defaults,Defaults,0.8715633749961853,0.1284366399049759
Baseline,XGBoost,0.9,Tuning,Tuning,0.08664149045944214,0.9133585095405579
Baseline,XGBoost,0.9,Tuning,Tuning,0.0430789589881897,0.9569210410118103
Baseline,XGBoost,0.9,Tuning,Tuning,0.4339227080345154,0.5660772919654846
Baseline,XGBoost,0.9,Defaults,Tuning,0.49860548973083496,0.501394510269165
Baseline,XGBoost,0.9,Defaults,Defaults,0.5358010530471802,0.4641989469528198
Baseline,XGBoost,0.9,Defaults,Defaults,0.7211230993270874,0.2788769006729126
Baseline,XGBoost,0.9,Tuning,Tuning,0.03250080347061157,0.9674991965293884
Baseline,XGBoost,0.9,Defaults,Defaults,0.7388491034507751,0.26115089654922485
Baseline,XGBoost,0.9,Tuning,Defaults,0.9987552165985107,0.0012448059860616922
Baseline,XGBoost,0.9,Tuning,Tuning,0.46277207136154175,0.5372279286384583
Baseline,XGBoost,0.9,Defaults,Tuning,0.034448862075805664,0.9655511379241943
Baseline,XGBoost,0.9,Defaults,Tuning,0.08511203527450562,0.9148879647254944
Baseline,XGBoost,0.9,Tuning,Tuning,0.39629071950912476,0.6037092804908752
Baseline,XGBoost,0.9,Tuning,Tuning,0.01903456449508667,0.9809654355049133
Baseline,XGBoost,0.9,Defaults,Tuning,0.45920008420944214,0.5407999157905579
Baseline,XGBoost,0.9,Tuning,Tuning,0.101889967918396,0.898110032081604
Baseline,XGBoost,0.9,Tuning,Tuning,0.16487103700637817,0.8351289629936218
Baseline,XGBoost,0.9,Tuning,Tuning,0.07194727659225464,0.9280527234077454
Baseline,XGBoost,0.9,Tuning,Tuning,0.0892753005027771,0.9107246994972229
Baseline,XGBoost,0.95,Tuning,Tuning,0.006651341915130615,0.9933486580848694
Baseline,XGBoost,0.95,Tuning,Tuning,0.000624239444732666,0.9993757605552673
Baseline,XGBoost,0.95,Defaults,Defaults,0.738880455493927,0.261119544506073
Baseline,XGBoost,0.95,Tuning,Tuning,0.0020824074745178223,0.9979175925254822
Baseline,XGBoost,0.95,Tuning,Tuning,0.0036432743072509766,0.996356725692749
Baseline,XGBoost,0.95,Tuning,Defaults,0.8105602860450745,0.18943972885608673
Baseline,XGBoost,0.95,Tuning,Tuning,0.0011755824089050293,0.998824417591095
Baseline,XGBoost,0.95,Defaults,Tuning,0.060863375663757324,0.9391366243362427
Baseline,XGBoost,0.95,Defaults,Tuning,0.321780800819397,0.678219199180603
Baseline,XGBoost,0.95,Tuning,Tuning,0.007587850093841553,0.9924121499061584
Baseline,XGBoost,0.95,Tuning,Tuning,0.0012073516845703125,0.9987926483154297
Baseline,XGBoost,0.95,Defaults,Tuning,0.022199153900146484,0.9778008460998535
Baseline,XGBoost,0.95,Tuning,Tuning,0.0004532933235168457,0.9995467066764832
Baseline,XGBoost,0.95,Tuning,Tuning,0.0005571246147155762,0.9994428753852844
Baseline,XGBoost,0.95,Tuning,Tuning,0.0031026601791381836,0.9968973398208618
Baseline,XGBoost,0.95,Tuning,Tuning,0.0019118189811706543,0.9980881810188293
Baseline,XGBoost,0.95,Defaults,Defaults,0.9974361062049866,0.0025639066006988287
Baseline,XGBoost,0.95,Tuning,Tuning,0.03632718324661255,0.9636728167533875
Baseline,XGBoost,0.95,Defaults,Tuning,0.10808324813842773,0.8919167518615723
Baseline,XGBoost,0.95,Tuning,Tuning,0.16941076517105103,0.830589234828949
Baseline,XGBoost,0.95,Tuning,Tuning,0.1189466118812561,0.8810533881187439
Baseline,XGBoost,0.95,Defaults,Tuning,0.07981044054031372,0.9201895594596863
Baseline,XGBoost,0.95,Tuning,Tuning,0.006097674369812012,0.993902325630188
Baseline,XGBoost,0.95,Tuning,Tuning,0.009310007095336914,0.9906899929046631
Baseline,XGBoost,0.95,Tuning,Tuning,0.0012686848640441895,0.9987313151359558
Baseline,XGBoost,0.95,Tuning,Tuning,0.0006299614906311035,0.9993700385093689
Baseline,XGBoost,0.95,Tuning,Tuning,0.006961643695831299,0.9930383563041687
Baseline,XGBoost,0.95,Tuning,Tuning,0.016733765602111816,0.9832662343978882
Baseline,XGBoost,0.95,Tuning,Tuning,0.0019325613975524902,0.9980674386024475
Baseline,XGBoost,0.95,Tuning,Tuning,0.004032015800476074,0.9959679841995239
Baseline,XGBoost,0.95,Tuning,Tuning,0.0011986494064331055,0.9988013505935669
Baseline,XGBoost,0.95,Tuning,Tuning,0.005916774272918701,0.9940832257270813
Baseline,XGBoost,0.95,Defaults,Defaults,0.975178062915802,0.024821927770972252
Baseline,XGBoost,0.95,Defaults,Tuning,0.4739038348197937,0.5260961651802063
Baseline,XGBoost,0.95,Tuning,Tuning,0.011701703071594238,0.9882982969284058
Baseline,XGBoost,0.95,Tuning,Tuning,0.05487680435180664,0.9451231956481934
Baseline,XGBoost,0.95,Tuning,Tuning,0.06946897506713867,0.9305310249328613
Baseline,XGBoost,0.95,Defaults,Defaults,0.6621043086051941,0.3378956913948059
Baseline,XGBoost,0.95,Tuning,Tuning,0.060003578662872314,0.9399964213371277
Baseline,XGBoost,0.95,Defaults,Defaults,0.9576281905174255,0.04237181693315506
Baseline,XGBoost,0.95,Tuning,Tuning,0.01548779010772705,0.984512209892273
Baseline,XGBoost,0.95,Tuning,Tuning,0.012144744396209717,0.9878552556037903
Baseline,XGBoost,0.95,Tuning,Tuning,0.12587928771972656,0.8741207122802734
Baseline,XGBoost,0.95,Tuning,Tuning,0.00020498037338256836,0.9997950196266174
Baseline,XGBoost,0.95,Tuning,Tuning,0.00978022813796997,0.99021977186203
Baseline,XGBoost,0.95,Tuning,Tuning,0.009791910648345947,0.990208089351654
Baseline,XGBoost,0.95,Tuning,Defaults,0.8233715295791626,0.1766284853219986
Baseline,XGBoost,0.95,Tuning,Tuning,0.007495999336242676,0.9925040006637573
Baseline,XGBoost,0.95,Tuning,Tuning,0.08604401350021362,0.9139559864997864
Baseline,XGBoost,0.95,Tuning,Tuning,0.055895447731018066,0.9441045522689819
Baseline,XGBoost,0.95,Defaults,Tuning,0.06410598754882812,0.9358940124511719
Baseline,XGBoost,0.95,Tuning,Tuning,0.006970584392547607,0.9930294156074524
Baseline,XGBoost,0.95,Tuning,Tuning,0.00544583797454834,0.9945541620254517
Baseline,XGBoost,0.95,Defaults,Tuning,0.029783189296722412,0.9702168107032776
Baseline,XGBoost,0.95,Tuning,Defaults,0.9545794129371643,0.04542060196399689
Baseline,XGBoost,0.95,Tuning,Tuning,0.04648244380950928,0.9535175561904907
Baseline,XGBoost,0.95,Tuning,Tuning,0.020699143409729004,0.979300856590271
Baseline,XGBoost,0.95,Tuning,Tuning,0.40884506702423096,0.591154932975769
Baseline,XGBoost,0.95,Tuning,Tuning,0.286981463432312,0.713018536567688
Baseline,XGBoost,0.95,Tuning,Tuning,0.002080261707305908,0.9979197382926941
Baseline,XGBoost,0.95,Tuning,Tuning,0.002706587314605713,0.9972934126853943
Baseline,XGBoost,0.95,Tuning,Tuning,0.054136812686920166,0.9458631873130798
Baseline,XGBoost,0.95,Tuning,Tuning,0.09572023153305054,0.9042797684669495
Baseline,XGBoost,0.95,Defaults,Tuning,0.02448868751525879,0.9755113124847412
Baseline,XGBoost,0.95,Tuning,Defaults,0.9009453058242798,0.0990547239780426
Baseline,XGBoost,0.95,Defaults,Tuning,0.42997831106185913,0.5700216889381409
Baseline,XGBoost,0.95,Tuning,Tuning,0.1075284481048584,0.8924715518951416
Baseline,XGBoost,0.95,Tuning,Tuning,0.10827410221099854,0.8917258977890015
Baseline,XGBoost,0.95,Tuning,Defaults,0.8198491334915161,0.18015088140964508
Baseline,XGBoost,0.95,Tuning,Tuning,0.20640265941619873,0.7935973405838013
Baseline,XGBoost,0.95,Tuning,Tuning,0.15339422225952148,0.8466057777404785
Baseline,XGBoost,0.95,Defaults,Tuning,0.018197476863861084,0.9818025231361389
Baseline,XGBoost,0.95,Tuning,Tuning,0.22308027744293213,0.7769197225570679
Baseline,XGBoost,0.95,Defaults,Defaults,0.9668089151382446,0.033191077411174774
Baseline,XGBoost,0.95,Defaults,Defaults,0.965697169303894,0.03430281579494476
Baseline,XGBoost,0.95,Defaults,Tuning,0.3272674083709717,0.6727325916290283
Baseline,XGBoost,0.95,Defaults,Defaults,0.9710936546325684,0.028906315565109253
Baseline,XGBoost,0.95,Tuning,Tuning,0.05494368076324463,0.9450563192367554
Baseline,XGBoost,0.95,Tuning,Tuning,0.0569533109664917,0.9430466890335083
Baseline,XGBoost,0.95,Tuning,Defaults,0.8738299012184143,0.1261700838804245
Baseline,XGBoost,0.95,Defaults,Defaults,0.6114369630813599,0.38856300711631775
Baseline,XGBoost,0.95,Defaults,Defaults,0.5655838251113892,0.4344162046909332
Baseline,XGBoost,0.95,Defaults,Tuning,0.04735630750656128,0.9526436924934387
Baseline,XGBoost,0.95,Defaults,Defaults,0.7829639315605164,0.21703606843948364
Baseline,XGBoost,0.95,Tuning,Defaults,0.8914822340011597,0.10851774364709854
Baseline,XGBoost,0.95,Tuning,Tuning,0.10788917541503906,0.8921108245849609
Baseline,XGBoost,0.95,Defaults,Defaults,0.9758259057998657,0.024174105376005173
Baseline,XGBoost,0.95,Tuning,Tuning,0.0006787776947021484,0.9993212223052979
Baseline,XGBoost,0.95,Defaults,Defaults,0.8069874048233032,0.19301261007785797
Baseline,XGBoost,0.95,Tuning,Tuning,0.007560610771179199,0.9924393892288208
Baseline,XGBoost,0.95,Tuning,Tuning,0.0005958080291748047,0.9994041919708252
Baseline,XGBoost,0.95,Defaults,Tuning,0.020323216915130615,0.9796767830848694
Baseline,XGBoost,0.95,Tuning,Tuning,0.054887592792510986,0.945112407207489
Baseline,XGBoost,0.95,Defaults,Tuning,0.08390718698501587,0.9160928130149841
Baseline,XGBoost,0.95,Tuning,Tuning,0.05775398015975952,0.9422460198402405
Baseline,XGBoost,0.95,Tuning,Tuning,0.0024561285972595215,0.9975438714027405
Baseline,XGBoost,0.95,Tuning,Tuning,0.012303650379180908,0.9876963496208191
Baseline,XGBoost,0.95,Defaults,Defaults,0.7880837917327881,0.21191620826721191
Baseline,XGBoost,0.95,Tuning,Defaults,0.6201176643371582,0.3798823356628418
Baseline,XGBoost,0.95,Tuning,Tuning,0.0005628466606140137,0.999437153339386
Baseline,XGBoost,0.95,Tuning,Tuning,0.01587855815887451,0.9841214418411255
Baseline,XGBoost,0.95,Defaults,Tuning,0.0005736351013183594,0.9994263648986816
Baseline,XGBoost,0.95,Tuning,Tuning,0.381463885307312,0.618536114692688
Baseline,XGBoost,0.95,Tuning,Tuning,0.09851723909378052,0.9014827609062195
Baseline,XGBoost,0.95,Tuning,Tuning,0.4662799835205078,0.5337200164794922
Baseline,XGBoost,0.95,Tuning,Tuning,0.011488676071166992,0.988511323928833
Baseline,XGBoost,0.95,Tuning,Defaults,0.6296512484550476,0.3703487515449524
Baseline,XGBoost,0.95,Tuning,Tuning,0.0024561285972595215,0.9975438714027405
Baseline,XGBoost,0.95,Tuning,Tuning,0.16646099090576172,0.8335390090942383
Baseline,XGBoost,0.95,Defaults,Tuning,0.2504931688308716,0.7495068311691284
Baseline,XGBoost,0.95,Tuning,Tuning,0.008165955543518066,0.9918340444564819
Baseline,XGBoost,0.95,Tuning,Tuning,0.0033080577850341797,0.9966919422149658
Baseline,XGBoost,0.95,Tuning,Tuning,0.001784205436706543,0.9982157945632935
Baseline,XGBoost,0.95,Tuning,Tuning,0.0010963678359985352,0.9989036321640015
Baseline,XGBoost,0.95,Tuning,Tuning,0.002318263053894043,0.997681736946106
Baseline,XGBoost,0.95,Tuning,Tuning,0.0862497091293335,0.9137502908706665
Baseline,XGBoost,0.95,Tuning,Defaults,0.7713340520858765,0.22866596281528473
Baseline,XGBoost,0.95,Tuning,Tuning,0.0015017986297607422,0.9984982013702393
Baseline,XGBoost,0.95,Defaults,Tuning,0.4197695255279541,0.5802304744720459
Baseline,XGBoost,0.95,Tuning,Tuning,0.03871965408325195,0.961280345916748
Baseline,XGBoost,0.95,Defaults,Defaults,0.7180928587913513,0.2819071412086487
Baseline,XGBoost,0.95,Tuning,Tuning,0.1231566071510315,0.8768433928489685
Baseline,XGBoost,0.95,Tuning,Tuning,0.020604372024536133,0.9793956279754639
Baseline,XGBoost,0.95,Tuning,Defaults,0.901088297367096,0.09891171008348465
Baseline,XGBoost,0.95,Tuning,Tuning,0.003853321075439453,0.9961466789245605
Baseline,XGBoost,0.95,Defaults,Tuning,0.06541770696640015,0.9345822930335999
Baseline,XGBoost,0.95,Defaults,Tuning,0.006867349147796631,0.9931326508522034
Baseline,XGBoost,0.95,Tuning,Tuning,0.0009744167327880859,0.9990255832672119
Baseline,XGBoost,0.95,Tuning,Tuning,0.30483734607696533,0.6951626539230347
Baseline,XGBoost,0.95,Tuning,Tuning,0.0010048747062683105,0.9989951252937317
Baseline,XGBoost,0.95,Tuning,Tuning,0.0010048747062683105,0.9989951252937317
Baseline,XGBoost,0.95,Tuning,Tuning,0.004409074783325195,0.9955909252166748
Baseline,XGBoost,0.95,Tuning,Tuning,0.0037883520126342773,0.9962116479873657
Baseline,XGBoost,0.95,Tuning,Tuning,0.0744333267211914,0.9255666732788086
Baseline,XGBoost,0.95,Tuning,Tuning,0.012991487979888916,0.9870085120201111
Baseline,XGBoost,0.95,Defaults,Tuning,0.06832093000411987,0.9316790699958801
Baseline,XGBoost,0.95,Tuning,Defaults,0.977191686630249,0.02280830591917038
Baseline,XGBoost,0.95,Tuning,Defaults,0.9860008955001831,0.013999110087752342
Baseline,XGBoost,0.95,Tuning,Tuning,0.013756215572357178,0.9862437844276428
Baseline,XGBoost,0.95,Tuning,Defaults,0.9450989961624146,0.05490099638700485
Baseline,XGBoost,0.95,Defaults,Tuning,0.0847591757774353,0.9152408242225647
Baseline,XGBoost,0.95,Tuning,Defaults,0.6744874715805054,0.325512558221817
Baseline,XGBoost,0.95,Tuning,Tuning,0.015110611915588379,0.9848893880844116
Baseline,XGBoost,0.95,Tuning,Tuning,0.013539791107177734,0.9864602088928223
Baseline,XGBoost,0.95,Defaults,Tuning,0.0019056200981140137,0.998094379901886
Baseline,XGBoost,0.95,Tuning,Tuning,0.019346415996551514,0.9806535840034485
Baseline,XGBoost,0.95,Tuning,Tuning,0.2734507918357849,0.7265492081642151
Baseline,XGBoost,0.95,Tuning,Tuning,0.0033853650093078613,0.9966146349906921
Baseline,XGBoost,0.95,Defaults,Defaults,0.8092405200004578,0.19075947999954224
Baseline,XGBoost,0.95,Defaults,Defaults,0.8665551543235779,0.13344484567642212
Baseline,XGBoost,0.95,Tuning,Tuning,0.09355401992797852,0.9064459800720215
Baseline,XGBoost,0.95,Tuning,Tuning,0.07822233438491821,0.9217776656150818
Baseline,XGBoost,0.95,Tuning,Tuning,0.2899590730667114,0.7100409269332886
Baseline,XGBoost,0.95,Defaults,Defaults,0.7329205274581909,0.2670794725418091
Baseline,XGBoost,0.95,Defaults,Defaults,0.7371825575828552,0.2628174424171448
Baseline,XGBoost,0.95,Defaults,Defaults,0.5987893342971802,0.40121063590049744
Baseline,XGBoost,0.95,Tuning,Tuning,0.019914567470550537,0.9800854325294495
Baseline,XGBoost,0.95,Defaults,Defaults,0.8183202743530273,0.18167969584465027
Baseline,XGBoost,0.95,Tuning,Defaults,0.9974393248558044,0.0025606893468648195
Baseline,XGBoost,0.95,Tuning,Defaults,0.8866796493530273,0.11332036554813385
Baseline,XGBoost,0.95,Defaults,Tuning,0.04004389047622681,0.9599561095237732
Baseline,XGBoost,0.95,Defaults,Tuning,0.025381922721862793,0.9746180772781372
Baseline,XGBoost,0.95,Tuning,Defaults,0.5798832178115845,0.42011675238609314
Baseline,XGBoost,0.95,Tuning,Tuning,0.01804131269454956,0.9819586873054504
Baseline,XGBoost,0.95,Defaults,Defaults,0.8632010817527771,0.1367989033460617
Baseline,XGBoost,0.95,Tuning,Tuning,0.07027894258499146,0.9297210574150085
Baseline,XGBoost,0.95,Tuning,Tuning,0.033010005950927734,0.9669899940490723
Baseline,XGBoost,0.95,Tuning,Tuning,0.05431020259857178,0.9456897974014282
Baseline,XGBoost,0.95,Tuning,Tuning,0.017288386821746826,0.9827116131782532
Ela_metadataset,SVM_Linear,0.8,Tuning,Tuning,0.3729587674514094,0.6270412325485907
Ela_metadataset,SVM_Linear,0.8,Tuning,Tuning,0.19921482755665673,0.8007851724433432
Ela_metadataset,SVM_Linear,0.8,Defaults,Defaults,0.5513390207973393,0.4486609792026606
Ela_metadataset,SVM_Linear,0.8,Tuning,Tuning,0.23773721396723965,0.7622627860327603
Ela_metadataset,SVM_Linear,0.8,Tuning,Tuning,0.12588704735095516,0.8741129526490445
Ela_metadataset,SVM_Linear,0.8,Tuning,Tuning,0.35420654934008317,0.6457934506599169
Ela_metadataset,SVM_Linear,0.8,Tuning,Tuning,0.17067028824800098,0.8293297117519991
Ela_metadataset,SVM_Linear,0.8,Defaults,Tuning,0.30031719240582416,0.6996828075941758
Ela_metadataset,SVM_Linear,0.8,Defaults,Tuning,0.4448075140889916,0.5551924859110084
Ela_metadataset,SVM_Linear,0.8,Tuning,Tuning,0.2918811670876916,0.7081188329123084
Ela_metadataset,SVM_Linear,0.8,Tuning,Tuning,0.18290169027390982,0.8170983097260901
Ela_metadataset,SVM_Linear,0.8,Defaults,Tuning,0.2917031833251235,0.7082968166748767
Ela_metadataset,SVM_Linear,0.8,Tuning,Tuning,0.3051436962095451,0.6948563037904548
Ela_metadataset,SVM_Linear,0.8,Tuning,Defaults,0.518543918502338,0.4814560814976619
Ela_metadataset,SVM_Linear,0.8,Tuning,Tuning,0.013012421038206545,0.9869875789617935
Ela_metadataset,SVM_Linear,0.8,Tuning,Tuning,0.15250163779469048,0.8474983622053094
Ela_metadataset,SVM_Linear,0.8,Defaults,Defaults,0.5242639936831811,0.475736006316819
Ela_metadataset,SVM_Linear,0.8,Tuning,Tuning,0.10129271689340448,0.8987072831065953
Ela_metadataset,SVM_Linear,0.8,Defaults,Tuning,0.44052651631298734,0.5594734836870127
Ela_metadataset,SVM_Linear,0.8,Tuning,Defaults,0.6080459762415086,0.39195402375849153
Ela_metadataset,SVM_Linear,0.8,Tuning,Tuning,0.29095845375724755,0.7090415462427525
Ela_metadataset,SVM_Linear,0.8,Defaults,Defaults,0.5198867803255889,0.4801132196744112
Ela_metadataset,SVM_Linear,0.8,Tuning,Tuning,0.3801003354136414,0.6198996645863585
Ela_metadataset,SVM_Linear,0.8,Tuning,Tuning,0.20770623741172653,0.7922937625882734
Ela_metadataset,SVM_Linear,0.8,Tuning,Tuning,0.2082948603923766,0.7917051396076233
Ela_metadataset,SVM_Linear,0.8,Tuning,Tuning,0.17928641290166833,0.8207135870983316
Ela_metadataset,SVM_Linear,0.8,Tuning,Tuning,0.14621484588827097,0.8537851541117288
Ela_metadataset,SVM_Linear,0.8,Tuning,Tuning,0.16562610224371693,0.834373897756283
Ela_metadataset,SVM_Linear,0.8,Tuning,Tuning,0.10003136546550517,0.8999686345344947
Ela_metadataset,SVM_Linear,0.8,Tuning,Tuning,0.28670840466104264,0.7132915953389576
Ela_metadataset,SVM_Linear,0.8,Tuning,Tuning,0.021625042617609214,0.9783749573823909
Ela_metadataset,SVM_Linear,0.8,Tuning,Tuning,0.17205549042519935,0.8279445095748006
Ela_metadataset,SVM_Linear,0.8,Defaults,Defaults,0.5886691386820969,0.4113308613179032
Ela_metadataset,SVM_Linear,0.8,Defaults,Defaults,0.5623706799887325,0.4376293200112675
Ela_metadataset,SVM_Linear,0.8,Tuning,Tuning,0.1354376786446638,0.8645623213553363
Ela_metadataset,SVM_Linear,0.8,Tuning,Tuning,0.14069698923611543,0.8593030107638844
Ela_metadataset,SVM_Linear,0.8,Tuning,Tuning,0.16365638179569017,0.8363436182043098
Ela_metadataset,SVM_Linear,0.8,Defaults,Tuning,0.0032666848279772126,0.9967333151720228
Ela_metadataset,SVM_Linear,0.8,Tuning,Tuning,0.2091144027325557,0.7908855972674442
Ela_metadataset,SVM_Linear,0.8,Defaults,Tuning,0.4458335569025446,0.5541664430974554
Ela_metadataset,SVM_Linear,0.8,Tuning,Tuning,0.11094001497624312,0.889059985023757
Ela_metadataset,SVM_Linear,0.8,Tuning,Tuning,0.018899154867088274,0.9811008451329118
Ela_metadataset,SVM_Linear,0.8,Tuning,Tuning,0.14813297908583303,0.8518670209141669
Ela_metadataset,SVM_Linear,0.8,Tuning,Tuning,0.15995444292480013,0.8400455570751998
Ela_metadataset,SVM_Linear,0.8,Tuning,Tuning,0.056995288759057565,0.9430047112409425
Ela_metadataset,SVM_Linear,0.8,Tuning,Tuning,0.3027720123721469,0.6972279876278528
Ela_metadataset,SVM_Linear,0.8,Tuning,Tuning,0.3388739448610196,0.6611260551389804
Ela_metadataset,SVM_Linear,0.8,Tuning,Tuning,0.2932580249261077,0.7067419750738921
Ela_metadataset,SVM_Linear,0.8,Tuning,Tuning,0.4493866275553542,0.5506133724446458
Ela_metadataset,SVM_Linear,0.8,Tuning,Tuning,0.16915388225833086,0.8308461177416689
Ela_metadataset,SVM_Linear,0.8,Defaults,Tuning,0.29375538028323234,0.7062446197167677
Ela_metadataset,SVM_Linear,0.8,Tuning,Tuning,0.24604426366381982,0.7539557363361803
Ela_metadataset,SVM_Linear,0.8,Tuning,Tuning,0.09737782465452906,0.902622175345471
Ela_metadataset,SVM_Linear,0.8,Defaults,Tuning,0.21152997780029567,0.7884700221997044
Ela_metadataset,SVM_Linear,0.8,Tuning,Tuning,0.3473162668586271,0.6526837331413727
Ela_metadataset,SVM_Linear,0.8,Tuning,Tuning,0.44223311198160997,0.5577668880183899
Ela_metadataset,SVM_Linear,0.8,Tuning,Tuning,0.06262844671811219,0.9373715532818877
Ela_metadataset,SVM_Linear,0.8,Tuning,Tuning,0.38414972857012225,0.6158502714298777
Ela_metadataset,SVM_Linear,0.8,Tuning,Tuning,0.24562403897116833,0.7543759610288316
Ela_metadataset,SVM_Linear,0.8,Tuning,Tuning,0.13817972587860955,0.8618202741213903
Ela_metadataset,SVM_Linear,0.8,Tuning,Tuning,0.27575126792478016,0.72424873207522
Ela_metadataset,SVM_Linear,0.8,Tuning,Tuning,0.3762477230156225,0.6237522769843775
Ela_metadataset,SVM_Linear,0.8,Tuning,Tuning,0.2488329239337893,0.7511670760662107
Ela_metadataset,SVM_Linear,0.8,Defaults,Tuning,0.4073504428942156,0.5926495571057843
Ela_metadataset,SVM_Linear,0.8,Tuning,Tuning,0.3818846754109605,0.6181153245890395
Ela_metadataset,SVM_Linear,0.8,Defaults,Tuning,0.48916545291298913,0.5108345470870109
Ela_metadataset,SVM_Linear,0.8,Tuning,Tuning,0.2573993614162214,0.7426006385837786
Ela_metadataset,SVM_Linear,0.8,Tuning,Tuning,0.17661883749882185,0.8233811625011783
Ela_metadataset,SVM_Linear,0.8,Tuning,Tuning,0.3670273834843911,0.6329726165156088
Ela_metadataset,SVM_Linear,0.8,Tuning,Tuning,0.40718014005852177,0.5928198599414782
Ela_metadataset,SVM_Linear,0.8,Tuning,Tuning,0.4525422235245098,0.5474577764754902
Ela_metadataset,SVM_Linear,0.8,Defaults,Tuning,0.3706853601881176,0.6293146398118824
Ela_metadataset,SVM_Linear,0.8,Tuning,Tuning,0.3681797225474244,0.6318202774525755
Ela_metadataset,SVM_Linear,0.8,Defaults,Tuning,0.3780466042744659,0.6219533957255342
Ela_metadataset,SVM_Linear,0.8,Defaults,Tuning,0.3416181082953688,0.6583818917046311
Ela_metadataset,SVM_Linear,0.8,Defaults,Tuning,0.28245015361454767,0.7175498463854525
Ela_metadataset,SVM_Linear,0.8,Defaults,Tuning,0.40431415538852195,0.595685844611478
Ela_metadataset,SVM_Linear,0.8,Tuning,Tuning,0.12157928445367569,0.8784207155463244
Ela_metadataset,SVM_Linear,0.8,Tuning,Tuning,0.13099599316836197,0.8690040068316378
Ela_metadataset,SVM_Linear,0.8,Tuning,Tuning,0.2622658393187312,0.7377341606812688
Ela_metadataset,SVM_Linear,0.8,Defaults,Tuning,0.3386447557085636,0.6613552442914361
Ela_metadataset,SVM_Linear,0.8,Defaults,Tuning,0.3171133643814295,0.6828866356185704
Ela_metadataset,SVM_Linear,0.8,Defaults,Tuning,0.41115623412602514,0.5888437658739749
Ela_metadataset,SVM_Linear,0.8,Defaults,Tuning,0.4636686035043851,0.5363313964956148
Ela_metadataset,SVM_Linear,0.8,Tuning,Tuning,0.3359329980739658,0.6640670019260341
Ela_metadataset,SVM_Linear,0.8,Tuning,Tuning,0.39411432665432883,0.6058856733456711
Ela_metadataset,SVM_Linear,0.8,Defaults,Tuning,0.43917240461796603,0.560827595382034
Ela_metadataset,SVM_Linear,0.8,Tuning,Tuning,0.31321163371239086,0.6867883662876091
Ela_metadataset,SVM_Linear,0.8,Defaults,Tuning,0.33412580997585456,0.6658741900241455
Ela_metadataset,SVM_Linear,0.8,Tuning,Tuning,0.052548519350136706,0.9474514806498632
Ela_metadataset,SVM_Linear,0.8,Tuning,Tuning,0.28352349856078846,0.7164765014392115
Ela_metadataset,SVM_Linear,0.8,Defaults,Tuning,0.48839111678334574,0.5116088832166543
Ela_metadataset,SVM_Linear,0.8,Tuning,Tuning,0.290327867049652,0.7096721329503481
Ela_metadataset,SVM_Linear,0.8,Defaults,Tuning,0.39146126391313096,0.6085387360868689
Ela_metadataset,SVM_Linear,0.8,Tuning,Tuning,0.18913108512020915,0.810868914879791
Ela_metadataset,SVM_Linear,0.8,Tuning,Tuning,0.16108185346395748,0.8389181465360425
Ela_metadataset,SVM_Linear,0.8,Tuning,Tuning,0.3552284921211534,0.6447715078788466
Ela_metadataset,SVM_Linear,0.8,Defaults,Tuning,0.2641282980206811,0.7358717019793188
Ela_metadataset,SVM_Linear,0.8,Tuning,Tuning,0.12281891914347678,0.8771810808565234
Ela_metadataset,SVM_Linear,0.8,Tuning,Tuning,0.3534697750157911,0.646530224984209
Ela_metadataset,SVM_Linear,0.8,Tuning,Tuning,0.12884000875466392,0.8711599912453363
Ela_metadataset,SVM_Linear,0.8,Defaults,Tuning,0.2242810810900122,0.7757189189099877
Ela_metadataset,SVM_Linear,0.8,Tuning,Tuning,0.06590768597977797,0.9340923140202221
Ela_metadataset,SVM_Linear,0.8,Tuning,Tuning,0.27371894135577196,0.7262810586442282
Ela_metadataset,SVM_Linear,0.8,Tuning,Tuning,0.07214821252440869,0.9278517874755915
Ela_metadataset,SVM_Linear,0.8,Tuning,Tuning,0.12380016850994882,0.8761998314900512
Ela_metadataset,SVM_Linear,0.8,Tuning,Defaults,0.5,0.5
Ela_metadataset,SVM_Linear,0.8,Tuning,Tuning,0.49360346084415413,0.5063965391558458
Ela_metadataset,SVM_Linear,0.8,Tuning,Tuning,0.140962324508161,0.8590376754918393
Ela_metadataset,SVM_Linear,0.8,Defaults,Tuning,0.3527639163952993,0.6472360836047008
Ela_metadataset,SVM_Linear,0.8,Tuning,Tuning,0.12394889992967056,0.8760511000703296
Ela_metadataset,SVM_Linear,0.8,Tuning,Tuning,0.23393719301981317,0.7660628069801868
Ela_metadataset,SVM_Linear,0.8,Tuning,Tuning,0.3442778758632,0.6557221241368001
Ela_metadataset,SVM_Linear,0.8,Tuning,Tuning,0.28108658218954286,0.718913417810457
Ela_metadataset,SVM_Linear,0.8,Tuning,Tuning,0.01907072083456578,0.9809292791654343
Ela_metadataset,SVM_Linear,0.8,Tuning,Tuning,0.2695885091220934,0.7304114908779068
Ela_metadataset,SVM_Linear,0.8,Tuning,Defaults,0.6709958151804892,0.32900418481951077
Ela_metadataset,SVM_Linear,0.8,Tuning,Tuning,0.19259931082202603,0.807400689177974
Ela_metadataset,SVM_Linear,0.8,Defaults,Defaults,0.5483298928425413,0.45167010715745864
Ela_metadataset,SVM_Linear,0.8,Tuning,Tuning,0.02638461746735449,0.9736153825326458
Ela_metadataset,SVM_Linear,0.8,Defaults,Tuning,0.2661286602771979,0.7338713397228022
Ela_metadataset,SVM_Linear,0.8,Tuning,Tuning,0.15492586363880154,0.8450741363611983
Ela_metadataset,SVM_Linear,0.8,Tuning,Tuning,0.43263334323504493,0.5673666567649552
Ela_metadataset,SVM_Linear,0.8,Tuning,Tuning,0.08986331692515089,0.9101366830748491
Ela_metadataset,SVM_Linear,0.8,Tuning,Tuning,0.1199044766980162,0.8800955233019837
Ela_metadataset,SVM_Linear,0.8,Defaults,Tuning,0.28312272895576907,0.716877271044231
Ela_metadataset,SVM_Linear,0.8,Defaults,Tuning,0.3913363025769156,0.6086636974230845
Ela_metadataset,SVM_Linear,0.8,Tuning,Tuning,0.22005230220922753,0.7799476977907727
Ela_metadataset,SVM_Linear,0.8,Tuning,Tuning,0.21986361271529165,0.7801363872847086
Ela_metadataset,SVM_Linear,0.8,Tuning,Tuning,0.40589342968155756,0.5941065703184427
Ela_metadataset,SVM_Linear,0.8,Tuning,Tuning,0.3992505460094056,0.6007494539905942
Ela_metadataset,SVM_Linear,0.8,Tuning,Tuning,0.22317407310836251,0.7768259268916373
Ela_metadataset,SVM_Linear,0.8,Tuning,Tuning,0.1027890435186116,0.8972109564813885
Ela_metadataset,SVM_Linear,0.8,Tuning,Tuning,0.20170396846102467,0.7982960315389754
Ela_metadataset,SVM_Linear,0.8,Tuning,Tuning,0.35927989610668476,0.6407201038933152
Ela_metadataset,SVM_Linear,0.8,Defaults,Tuning,0.24321769854552544,0.7567823014544744
Ela_metadataset,SVM_Linear,0.8,Tuning,Tuning,0.3208667137371015,0.6791332862628984
Ela_metadataset,SVM_Linear,0.8,Tuning,Tuning,0.4418331613470063,0.5581668386529938
Ela_metadataset,SVM_Linear,0.8,Tuning,Tuning,0.16869084642650964,0.8313091535734904
Ela_metadataset,SVM_Linear,0.8,Tuning,Tuning,0.284928887852581,0.7150711121474187
Ela_metadataset,SVM_Linear,0.8,Defaults,Tuning,0.24006079550117237,0.7599392044988278
Ela_metadataset,SVM_Linear,0.8,Tuning,Tuning,0.13716433604503167,0.8628356639549686
Ela_metadataset,SVM_Linear,0.8,Tuning,Tuning,0.15472854390411422,0.8452714560958856
Ela_metadataset,SVM_Linear,0.8,Tuning,Tuning,0.07164241416825654,0.9283575858317435
Ela_metadataset,SVM_Linear,0.8,Defaults,Tuning,0.18184754202551165,0.8181524579744882
Ela_metadataset,SVM_Linear,0.8,Tuning,Tuning,0.20826306654639562,0.7917369334536042
Ela_metadataset,SVM_Linear,0.8,Tuning,Tuning,0.3147548541533438,0.6852451458466562
Ela_metadataset,SVM_Linear,0.8,Tuning,Tuning,0.12919324092827264,0.8708067590717273
Ela_metadataset,SVM_Linear,0.8,Defaults,Defaults,0.5342289602052809,0.46577103979471923
Ela_metadataset,SVM_Linear,0.8,Defaults,Tuning,0.40715223591408206,0.592847764085918
Ela_metadataset,SVM_Linear,0.8,Tuning,Defaults,0.931606404563651,0.06839359543634914
Ela_metadataset,SVM_Linear,0.8,Tuning,Tuning,0.13497313935385669,0.8650268606461432
Ela_metadataset,SVM_Linear,0.8,Tuning,Tuning,0.15699113525021313,0.8430088647497869
Ela_metadataset,SVM_Linear,0.8,Defaults,Tuning,0.30630877607294166,0.6936912239270584
Ela_metadataset,SVM_Linear,0.8,Defaults,Tuning,0.35410929344160097,0.6458907065583988
Ela_metadataset,SVM_Linear,0.8,Defaults,Defaults,0.5,0.5
Ela_metadataset,SVM_Linear,0.8,Tuning,Tuning,0.1554659649704925,0.8445340350295074
Ela_metadataset,SVM_Linear,0.8,Defaults,Defaults,0.6400380050200418,0.35996199497995823
Ela_metadataset,SVM_Linear,0.8,Tuning,Tuning,0.38057377360377426,0.6194262263962258
Ela_metadataset,SVM_Linear,0.8,Tuning,Tuning,0.07327567977482817,0.926724320225172
Ela_metadataset,SVM_Linear,0.8,Defaults,Tuning,0.3997221257398709,0.600277874260129
Ela_metadataset,SVM_Linear,0.8,Defaults,Tuning,0.33178627848970466,0.6682137215102956
Ela_metadataset,SVM_Linear,0.8,Tuning,Tuning,0.2176222015253998,0.7823777984746001
Ela_metadataset,SVM_Linear,0.8,Tuning,Defaults,0.5359973623096481,0.46400263769035177
Ela_metadataset,SVM_Linear,0.8,Defaults,Tuning,0.22305937586009422,0.7769406241399055
Ela_metadataset,SVM_Linear,0.8,Tuning,Tuning,0.05032213996817975,0.9496778600318202
Ela_metadataset,SVM_Linear,0.8,Tuning,Tuning,0.4045307571139721,0.5954692428860281
Ela_metadataset,SVM_Linear,0.8,Tuning,Tuning,0.43425737945271203,0.5657426205472877
Ela_metadataset,SVM_Linear,0.8,Tuning,Tuning,0.07755611544850144,0.9224438845514987
Ela_metadataset,SVM_Linear,0.85,Tuning,Tuning,0.30554718170067874,0.6944528182993213
Ela_metadataset,SVM_Linear,0.85,Tuning,Tuning,0.21315617658689215,0.7868438234131079
Ela_metadataset,SVM_Linear,0.85,Defaults,Defaults,0.6484055859403702,0.35159441405962966
Ela_metadataset,SVM_Linear,0.85,Tuning,Tuning,0.25530921775893056,0.7446907822410693
Ela_metadataset,SVM_Linear,0.85,Tuning,Tuning,0.12728944439622403,0.8727105556037761
Ela_metadataset,SVM_Linear,0.85,Tuning,Tuning,0.30277584166976845,0.6972241583302314
Ela_metadataset,SVM_Linear,0.85,Tuning,Tuning,0.1608354838976103,0.8391645161023898
Ela_metadataset,SVM_Linear,0.85,Defaults,Tuning,0.31427590010768314,0.6857240998923171
Ela_metadataset,SVM_Linear,0.85,Defaults,Tuning,0.38140952119971194,0.6185904788002881
Ela_metadataset,SVM_Linear,0.85,Tuning,Tuning,0.28477008984901336,0.7152299101509864
Ela_metadataset,SVM_Linear,0.85,Tuning,Tuning,0.1919773187287092,0.8080226812712906
Ela_metadataset,SVM_Linear,0.85,Defaults,Tuning,0.3517660650171229,0.6482339349828771
Ela_metadataset,SVM_Linear,0.85,Tuning,Tuning,0.3235678902736197,0.6764321097263802
Ela_metadataset,SVM_Linear,0.85,Tuning,Defaults,0.5187012920216119,0.48129870797838814
Ela_metadataset,SVM_Linear,0.85,Tuning,Tuning,0.0054454201220597775,0.99455457987794
Ela_metadataset,SVM_Linear,0.85,Tuning,Tuning,0.1920673487232271,0.8079326512767727
Ela_metadataset,SVM_Linear,0.85,Defaults,Tuning,0.44369306327098784,0.5563069367290122
Ela_metadataset,SVM_Linear,0.85,Tuning,Tuning,0.0878644395228351,0.9121355604771648
Ela_metadataset,SVM_Linear,0.85,Defaults,Tuning,0.44710230772095977,0.5528976922790402
Ela_metadataset,SVM_Linear,0.85,Tuning,Defaults,0.6786660086577095,0.3213339913422904
Ela_metadataset,SVM_Linear,0.85,Tuning,Tuning,0.3747045023118599,0.6252954976881402
Ela_metadataset,SVM_Linear,0.85,Defaults,Tuning,0.48598097813045316,0.5140190218695467
Ela_metadataset,SVM_Linear,0.85,Tuning,Tuning,0.3701307067631837,0.6298692932368163
Ela_metadataset,SVM_Linear,0.85,Tuning,Tuning,0.22593511421004953,0.7740648857899506
Ela_metadataset,SVM_Linear,0.85,Tuning,Tuning,0.2137929100121708,0.7862070899878292
Ela_metadataset,SVM_Linear,0.85,Tuning,Tuning,0.17399133786442922,0.8260086621355709
Ela_metadataset,SVM_Linear,0.85,Tuning,Tuning,0.14434180918402786,0.8556581908159722
Ela_metadataset,SVM_Linear,0.85,Tuning,Tuning,0.1336983245378356,0.8663016754621645
Ela_metadataset,SVM_Linear,0.85,Tuning,Tuning,0.07086999079430009,0.9291300092057
Ela_metadataset,SVM_Linear,0.85,Tuning,Tuning,0.2438218247140179,0.7561781752859823
Ela_metadataset,SVM_Linear,0.85,Tuning,Tuning,0.008940758417894582,0.9910592415821053
Ela_metadataset,SVM_Linear,0.85,Tuning,Tuning,0.15442328771428115,0.8455767122857187
Ela_metadataset,SVM_Linear,0.85,Defaults,Defaults,0.63030393533091,0.3696960646690899
Ela_metadataset,SVM_Linear,0.85,Defaults,Defaults,0.5776640864921,0.42233591350789995
Ela_metadataset,SVM_Linear,0.85,Tuning,Tuning,0.15509629199373368,0.8449037080062664
Ela_metadataset,SVM_Linear,0.85,Tuning,Tuning,0.12824018521448546,0.8717598147855143
Ela_metadataset,SVM_Linear,0.85,Tuning,Tuning,0.2618877497888995,0.7381122502111002
Ela_metadataset,SVM_Linear,0.85,Defaults,Tuning,0.0032504106664915725,0.9967495893335082
Ela_metadataset,SVM_Linear,0.85,Tuning,Tuning,0.18666425371347048,0.8133357462865295
Ela_metadataset,SVM_Linear,0.85,Defaults,Tuning,0.3075568367962399,0.69244316320376
Ela_metadataset,SVM_Linear,0.85,Tuning,Tuning,0.2365294250122929,0.7634705749877071
Ela_metadataset,SVM_Linear,0.85,Tuning,Tuning,0.03705418100848462,0.9629458189915154
Ela_metadataset,SVM_Linear,0.85,Tuning,Tuning,0.10063978077060019,0.8993602192293997
Ela_metadataset,SVM_Linear,0.85,Tuning,Tuning,0.17588158811472676,0.8241184118852732
Ela_metadataset,SVM_Linear,0.85,Tuning,Tuning,0.0632753901151507,0.9367246098848494
Ela_metadataset,SVM_Linear,0.85,Tuning,Tuning,0.256461068655896,0.7435389313441038
Ela_metadataset,SVM_Linear,0.85,Tuning,Tuning,0.2927809304884748,0.707219069511525
Ela_metadataset,SVM_Linear,0.85,Tuning,Tuning,0.2461360752570341,0.7538639247429659
Ela_metadataset,SVM_Linear,0.85,Tuning,Tuning,0.3830989467714728,0.6169010532285272
Ela_metadataset,SVM_Linear,0.85,Tuning,Tuning,0.15248388865693235,0.8475161113430678
Ela_metadataset,SVM_Linear,0.85,Defaults,Defaults,0.5,0.5
Ela_metadataset,SVM_Linear,0.85,Tuning,Tuning,0.21924001875745072,0.7807599812425492
Ela_metadataset,SVM_Linear,0.85,Tuning,Tuning,0.12141983280337539,0.8785801671966246
Ela_metadataset,SVM_Linear,0.85,Defaults,Tuning,0.17789973111781676,0.8221002688821831
Ela_metadataset,SVM_Linear,0.85,Tuning,Tuning,0.278378244983404,0.721621755016596
Ela_metadataset,SVM_Linear,0.85,Tuning,Tuning,0.4537880569650324,0.5462119430349676
Ela_metadataset,SVM_Linear,0.85,Tuning,Tuning,0.10427431245626613,0.895725687543734
Ela_metadataset,SVM_Linear,0.85,Tuning,Tuning,0.39944671491980366,0.6005532850801962
Ela_metadataset,SVM_Linear,0.85,Tuning,Tuning,0.3207574120365808,0.679242587963419
Ela_metadataset,SVM_Linear,0.85,Tuning,Tuning,0.20189393097932798,0.798106069020672
Ela_metadataset,SVM_Linear,0.85,Tuning,Tuning,0.1957325105213678,0.8042674894786325
Ela_metadataset,SVM_Linear,0.85,Tuning,Tuning,0.4017434940062789,0.598256505993721
Ela_metadataset,SVM_Linear,0.85,Tuning,Tuning,0.27494173457494153,0.7250582654250584
Ela_metadataset,SVM_Linear,0.85,Defaults,Tuning,0.354453144493753,0.645546855506247
Ela_metadataset,SVM_Linear,0.85,Tuning,Tuning,0.366709525175615,0.6332904748243849
Ela_metadataset,SVM_Linear,0.85,Defaults,Defaults,0.5446218176115171,0.455378182388483
Ela_metadataset,SVM_Linear,0.85,Tuning,Tuning,0.21959537230140505,0.7804046276985952
Ela_metadataset,SVM_Linear,0.85,Tuning,Tuning,0.13914445045536966,0.8608555495446303
Ela_metadataset,SVM_Linear,0.85,Tuning,Tuning,0.3536341474391196,0.6463658525608804
Ela_metadataset,SVM_Linear,0.85,Tuning,Tuning,0.44965506814498574,0.5503449318550143
Ela_metadataset,SVM_Linear,0.85,Tuning,Tuning,0.4867085343137562,0.5132914656862438
Ela_metadataset,SVM_Linear,0.85,Defaults,Tuning,0.35771424120313366,0.6422857587968662
Ela_metadataset,SVM_Linear,0.85,Tuning,Tuning,0.39178161128318956,0.6082183887168104
Ela_metadataset,SVM_Linear,0.85,Defaults,Tuning,0.3547189528045804,0.6452810471954195
Ela_metadataset,SVM_Linear,0.85,Defaults,Tuning,0.34994718757621995,0.6500528124237801
Ela_metadataset,SVM_Linear,0.85,Defaults,Tuning,0.26141193437517013,0.7385880656248298
Ela_metadataset,SVM_Linear,0.85,Defaults,Tuning,0.40813367872479345,0.5918663212752067
Ela_metadataset,SVM_Linear,0.85,Tuning,Tuning,0.09100055349095999,0.9089994465090401
Ela_metadataset,SVM_Linear,0.85,Tuning,Tuning,0.10139097099590097,0.8986090290040992
Ela_metadataset,SVM_Linear,0.85,Tuning,Tuning,0.20755961193689013,0.7924403880631099
Ela_metadataset,SVM_Linear,0.85,Defaults,Tuning,0.334383525817701,0.6656164741822991
Ela_metadataset,SVM_Linear,0.85,Defaults,Tuning,0.04675244058193515,0.9532475594180648
Ela_metadataset,SVM_Linear,0.85,Defaults,Tuning,0.39168243896031213,0.6083175610396878
Ela_metadataset,SVM_Linear,0.85,Defaults,Defaults,0.5158201230547113,0.4841798769452886
Ela_metadataset,SVM_Linear,0.85,Tuning,Tuning,0.3875262761700238,0.6124737238299763
Ela_metadataset,SVM_Linear,0.85,Tuning,Tuning,0.38195184161059154,0.6180481583894085
Ela_metadataset,SVM_Linear,0.85,Defaults,Defaults,0.5324871088384971,0.4675128911615029
Ela_metadataset,SVM_Linear,0.85,Tuning,Tuning,0.19147481727578722,0.8085251827242128
Ela_metadataset,SVM_Linear,0.85,Defaults,Tuning,0.3774244487007614,0.6225755512992385
Ela_metadataset,SVM_Linear,0.85,Tuning,Tuning,0.06401725891532853,0.9359827410846714
Ela_metadataset,SVM_Linear,0.85,Tuning,Tuning,0.2847245275446431,0.7152754724553569
Ela_metadataset,SVM_Linear,0.85,Defaults,Defaults,0.5866497334372345,0.4133502665627657
Ela_metadataset,SVM_Linear,0.85,Tuning,Tuning,0.3722395729254787,0.6277604270745212
Ela_metadataset,SVM_Linear,0.85,Defaults,Defaults,0.5206664709554817,0.47933352904451837
Ela_metadataset,SVM_Linear,0.85,Tuning,Tuning,0.2040291079653344,0.7959708920346656
Ela_metadataset,SVM_Linear,0.85,Tuning,Tuning,0.20141729105370312,0.7985827089462968
Ela_metadataset,SVM_Linear,0.85,Tuning,Tuning,0.3540423311851914,0.6459576688148084
Ela_metadataset,SVM_Linear,0.85,Defaults,Tuning,0.2266915069073326,0.7733084930926672
Ela_metadataset,SVM_Linear,0.85,Tuning,Tuning,0.10367932777209318,0.8963206722279067
Ela_metadataset,SVM_Linear,0.85,Tuning,Tuning,0.3490185169007423,0.6509814830992577
Ela_metadataset,SVM_Linear,0.85,Tuning,Tuning,0.11208222560283769,0.8879177743971624
Ela_metadataset,SVM_Linear,0.85,Defaults,Tuning,0.20307635475257962,0.7969236452474201
Ela_metadataset,SVM_Linear,0.85,Tuning,Tuning,0.16994297705124936,0.8300570229487506
Ela_metadataset,SVM_Linear,0.85,Tuning,Tuning,0.4005456092495195,0.5994543907504807
Ela_metadataset,SVM_Linear,0.85,Tuning,Tuning,0.05033382007558003,0.9496661799244197
Ela_metadataset,SVM_Linear,0.85,Tuning,Tuning,0.14193397407514172,0.8580660259248584
Ela_metadataset,SVM_Linear,0.85,Tuning,Tuning,0.4158894335341354,0.5841105664658647
Ela_metadataset,SVM_Linear,0.85,Tuning,Tuning,0.48891559129017603,0.5110844087098239
Ela_metadataset,SVM_Linear,0.85,Tuning,Tuning,0.1012795828446104,0.8987204171553893
Ela_metadataset,SVM_Linear,0.85,Defaults,Tuning,0.329460938007064,0.6705390619929361
Ela_metadataset,SVM_Linear,0.85,Tuning,Tuning,0.13545472789578342,0.8645452721042166
Ela_metadataset,SVM_Linear,0.85,Tuning,Tuning,0.1989687653074517,0.8010312346925482
Ela_metadataset,SVM_Linear,0.85,Tuning,Tuning,0.32351659488783285,0.6764834051121671
Ela_metadataset,SVM_Linear,0.85,Tuning,Tuning,0.2301225062801669,0.7698774937198329
Ela_metadataset,SVM_Linear,0.85,Tuning,Tuning,1.7223321825544486e-05,0.9999827766781746
Ela_metadataset,SVM_Linear,0.85,Tuning,Tuning,0.3433974760057612,0.6566025239942389
Ela_metadataset,SVM_Linear,0.85,Tuning,Defaults,0.7086065105859021,0.29139348941409793
Ela_metadataset,SVM_Linear,0.85,Tuning,Tuning,0.2886396128014848,0.7113603871985156
Ela_metadataset,SVM_Linear,0.85,Defaults,Defaults,0.6890029414945228,0.3109970585054774
Ela_metadataset,SVM_Linear,0.85,Tuning,Tuning,0.009556140572058539,0.9904438594279416
Ela_metadataset,SVM_Linear,0.85,Defaults,Tuning,0.24409375791241386,0.755906242087586
Ela_metadataset,SVM_Linear,0.85,Tuning,Tuning,0.10195640217055153,0.8980435978294485
Ela_metadataset,SVM_Linear,0.85,Tuning,Defaults,0.5430430084967738,0.4569569915032263
Ela_metadataset,SVM_Linear,0.85,Tuning,Tuning,0.08819520782685639,0.9118047921731436
Ela_metadataset,SVM_Linear,0.85,Tuning,Tuning,0.16270202838304332,0.8372979716169567
Ela_metadataset,SVM_Linear,0.85,Defaults,Tuning,0.2670118857111975,0.7329881142888026
Ela_metadataset,SVM_Linear,0.85,Defaults,Tuning,0.41351357378176845,0.5864864262182315
Ela_metadataset,SVM_Linear,0.85,Tuning,Tuning,0.1873508495097533,0.8126491504902468
Ela_metadataset,SVM_Linear,0.85,Tuning,Tuning,0.17371473308955793,0.8262852669104419
Ela_metadataset,SVM_Linear,0.85,Tuning,Tuning,0.33568994721933654,0.6643100527806634
Ela_metadataset,SVM_Linear,0.85,Tuning,Tuning,0.34327252618384824,0.6567274738161519
Ela_metadataset,SVM_Linear,0.85,Tuning,Tuning,0.21472743771874184,0.7852725622812581
Ela_metadataset,SVM_Linear,0.85,Tuning,Tuning,0.26048465697098117,0.7395153430290189
Ela_metadataset,SVM_Linear,0.85,Tuning,Tuning,0.12731484491831443,0.8726851550816854
Ela_metadataset,SVM_Linear,0.85,Tuning,Tuning,0.3595321388412388,0.6404678611587612
Ela_metadataset,SVM_Linear,0.85,Defaults,Tuning,0.2556806351576853,0.7443193648423148
Ela_metadataset,SVM_Linear,0.85,Tuning,Tuning,0.35130062484119917,0.6486993751588005
Ela_metadataset,SVM_Linear,0.85,Tuning,Tuning,0.49455768867414224,0.5054423113258577
Ela_metadataset,SVM_Linear,0.85,Tuning,Tuning,0.28197269544549064,0.7180273045545092
Ela_metadataset,SVM_Linear,0.85,Tuning,Tuning,0.30496734726340236,0.695032652736598
Ela_metadataset,SVM_Linear,0.85,Defaults,Tuning,0.2526366225943079,0.7473633774056923
Ela_metadataset,SVM_Linear,0.85,Tuning,Tuning,0.11792856019713033,0.8820714398028696
Ela_metadataset,SVM_Linear,0.85,Tuning,Tuning,0.13495502665736614,0.865044973342634
Ela_metadataset,SVM_Linear,0.85,Tuning,Tuning,0.04320743374899695,0.9567925662510032
Ela_metadataset,SVM_Linear,0.85,Defaults,Tuning,0.17315516356468133,0.8268448364353188
Ela_metadataset,SVM_Linear,0.85,Tuning,Tuning,0.18810083375976136,0.8118991662402385
Ela_metadataset,SVM_Linear,0.85,Tuning,Tuning,0.35376492437820356,0.6462350756217964
Ela_metadataset,SVM_Linear,0.85,Tuning,Tuning,0.08742921439802766,0.9125707856019724
Ela_metadataset,SVM_Linear,0.85,Defaults,Defaults,0.5412969297951284,0.4587030702048716
Ela_metadataset,SVM_Linear,0.85,Defaults,Tuning,0.4410107870951956,0.5589892129048043
Ela_metadataset,SVM_Linear,0.85,Tuning,Defaults,0.9162723411895863,0.08372765881041336
Ela_metadataset,SVM_Linear,0.85,Tuning,Tuning,0.16789556451308543,0.8321044354869147
Ela_metadataset,SVM_Linear,0.85,Tuning,Tuning,0.16518592232337967,0.8348140776766201
Ela_metadataset,SVM_Linear,0.85,Defaults,Tuning,0.22988927206482684,0.7701107279351731
Ela_metadataset,SVM_Linear,0.85,Defaults,Tuning,0.2450597930108506,0.7549402069891495
Ela_metadataset,SVM_Linear,0.85,Defaults,Tuning,0.4013370204608873,0.5986629795391126
Ela_metadataset,SVM_Linear,0.85,Tuning,Tuning,0.09110806713791775,0.9088919328620824
Ela_metadataset,SVM_Linear,0.85,Defaults,Defaults,0.5114861794773582,0.4885138205226417
Ela_metadataset,SVM_Linear,0.85,Tuning,Tuning,0.31782946051027894,0.6821705394897211
Ela_metadataset,SVM_Linear,0.85,Tuning,Tuning,0.07561685869859933,0.9243831413014008
Ela_metadataset,SVM_Linear,0.85,Defaults,Tuning,0.39273062124907787,0.6072693787509222
Ela_metadataset,SVM_Linear,0.85,Defaults,Tuning,0.3001811739852347,0.6998188260147653
Ela_metadataset,SVM_Linear,0.85,Tuning,Tuning,0.2485728670982725,0.7514271329017275
Ela_metadataset,SVM_Linear,0.85,Tuning,Tuning,0.48023898391201286,0.5197610160879872
Ela_metadataset,SVM_Linear,0.85,Defaults,Tuning,0.21002980902214705,0.7899701909778528
Ela_metadataset,SVM_Linear,0.85,Tuning,Tuning,0.06026802910254089,0.9397319708974592
Ela_metadataset,SVM_Linear,0.85,Tuning,Tuning,0.3434365183289068,0.6565634816710932
Ela_metadataset,SVM_Linear,0.85,Tuning,Tuning,0.44764411315853436,0.5523558868414655
Ela_metadataset,SVM_Linear,0.85,Tuning,Tuning,0.09248567646709475,0.9075143235329054
Ela_metadataset,SVM_Linear,0.9,Tuning,Tuning,0.3308565014580731,0.6691434985419268
Ela_metadataset,SVM_Linear,0.9,Tuning,Tuning,0.21899705518078547,0.7810029448192145
Ela_metadataset,SVM_Linear,0.9,Defaults,Defaults,0.6435876679879392,0.35641233201206074
Ela_metadataset,SVM_Linear,0.9,Tuning,Tuning,0.24745071561226162,0.7525492843877384
Ela_metadataset,SVM_Linear,0.9,Tuning,Tuning,0.10852333104544218,0.8914766689545578
Ela_metadataset,SVM_Linear,0.9,Tuning,Tuning,0.2787997122826683,0.7212002877173317
Ela_metadataset,SVM_Linear,0.9,Tuning,Tuning,0.12975270547524376,0.8702472945247562
Ela_metadataset,SVM_Linear,0.9,Defaults,Tuning,0.32002840402974486,0.6799715959702549
Ela_metadataset,SVM_Linear,0.9,Defaults,Tuning,0.40020525566232884,0.5997947443376711
Ela_metadataset,SVM_Linear,0.9,Tuning,Tuning,0.26364929118455643,0.7363507088154436
Ela_metadataset,SVM_Linear,0.9,Tuning,Tuning,0.1679836368061777,0.8320163631938224
Ela_metadataset,SVM_Linear,0.9,Defaults,Tuning,0.35292849156691775,0.6470715084330826
Ela_metadataset,SVM_Linear,0.9,Tuning,Tuning,0.33820908464095606,0.6617909153590441
Ela_metadataset,SVM_Linear,0.9,Tuning,Defaults,0.5212548909524098,0.47874510904759027
Ela_metadataset,SVM_Linear,0.9,Tuning,Tuning,0.003110951312863375,0.9968890486871365
Ela_metadataset,SVM_Linear,0.9,Tuning,Tuning,0.17162968054633046,0.8283703194536696
Ela_metadataset,SVM_Linear,0.9,Defaults,Tuning,0.41962027898437204,0.5803797210156281
Ela_metadataset,SVM_Linear,0.9,Tuning,Tuning,0.07099777255352373,0.9290022274464762
Ela_metadataset,SVM_Linear,0.9,Defaults,Tuning,0.42498877084151604,0.5750112291584839
Ela_metadataset,SVM_Linear,0.9,Tuning,Defaults,0.6680917218025806,0.3319082781974196
Ela_metadataset,SVM_Linear,0.9,Tuning,Tuning,0.3666682126958138,0.6333317873041864
Ela_metadataset,SVM_Linear,0.9,Defaults,Tuning,0.4930714939351329,0.5069285060648672
Ela_metadataset,SVM_Linear,0.9,Tuning,Tuning,0.3876102880978296,0.6123897119021704
Ela_metadataset,SVM_Linear,0.9,Tuning,Tuning,0.20294847000132865,0.7970515299986716
Ela_metadataset,SVM_Linear,0.9,Tuning,Tuning,0.20727734224545902,0.792722657754541
Ela_metadataset,SVM_Linear,0.9,Tuning,Tuning,0.15088730499759323,0.8491126950024068
Ela_metadataset,SVM_Linear,0.9,Tuning,Tuning,0.13158995159747724,0.8684100484025228
Ela_metadataset,SVM_Linear,0.9,Tuning,Tuning,0.12139856624833151,0.8786014337516685
Ela_metadataset,SVM_Linear,0.9,Tuning,Tuning,0.058426883951901265,0.9415731160480987
Ela_metadataset,SVM_Linear,0.9,Tuning,Tuning,0.23869292562274413,0.761307074377256
Ela_metadataset,SVM_Linear,0.9,Tuning,Tuning,0.005660368772465725,0.9943396312275344
Ela_metadataset,SVM_Linear,0.9,Tuning,Tuning,0.14242084420306658,0.8575791557969336
Ela_metadataset,SVM_Linear,0.9,Defaults,Defaults,0.6657562989512013,0.3342437010487988
Ela_metadataset,SVM_Linear,0.9,Defaults,Defaults,0.5709329405138274,0.4290670594861725
Ela_metadataset,SVM_Linear,0.9,Tuning,Tuning,0.15007024043595288,0.8499297595640469
Ela_metadataset,SVM_Linear,0.9,Tuning,Tuning,0.12557127689355566,0.8744287231064445
Ela_metadataset,SVM_Linear,0.9,Tuning,Tuning,0.24341466120765295,0.7565853387923471
Ela_metadataset,SVM_Linear,0.9,Defaults,Tuning,7.442293142900637e-06,0.9999925577068571
Ela_metadataset,SVM_Linear,0.9,Tuning,Tuning,0.16622504470514735,0.8337749552948525
Ela_metadataset,SVM_Linear,0.9,Defaults,Tuning,0.3049761780847911,0.6950238219152087
Ela_metadataset,SVM_Linear,0.9,Tuning,Tuning,0.21593537315828673,0.7840646268417133
Ela_metadataset,SVM_Linear,0.9,Tuning,Tuning,0.030514401731091708,0.9694855982689081
Ela_metadataset,SVM_Linear,0.9,Tuning,Tuning,0.07020138068695149,0.9297986193130486
Ela_metadataset,SVM_Linear,0.9,Tuning,Tuning,0.17556232986449358,0.8244376701355063
Ela_metadataset,SVM_Linear,0.9,Tuning,Tuning,0.061294998424773504,0.9387050015752264
Ela_metadataset,SVM_Linear,0.9,Tuning,Tuning,0.24047378949192905,0.7595262105080712
Ela_metadataset,SVM_Linear,0.9,Tuning,Tuning,0.29559111607236366,0.7044088839276363
Ela_metadataset,SVM_Linear,0.9,Tuning,Tuning,0.24591938641010566,0.7540806135898945
Ela_metadataset,SVM_Linear,0.9,Tuning,Tuning,0.3887081597874399,0.6112918402125601
Ela_metadataset,SVM_Linear,0.9,Tuning,Tuning,0.15130333028654389,0.848696669713456
Ela_metadataset,SVM_Linear,0.9,Defaults,Tuning,0.4810777468103082,0.5189222531896919
Ela_metadataset,SVM_Linear,0.9,Tuning,Tuning,0.21340671854484858,0.7865932814551513
Ela_metadataset,SVM_Linear,0.9,Tuning,Tuning,0.10481407408231064,0.8951859259176891
Ela_metadataset,SVM_Linear,0.9,Defaults,Tuning,0.17482541597567802,0.8251745840243221
Ela_metadataset,SVM_Linear,0.9,Tuning,Tuning,0.26861767984405044,0.7313823201559497
Ela_metadataset,SVM_Linear,0.9,Tuning,Tuning,0.4587672917381215,0.5412327082618785
Ela_metadataset,SVM_Linear,0.9,Tuning,Tuning,0.09267041493888038,0.9073295850611196
Ela_metadataset,SVM_Linear,0.9,Tuning,Tuning,0.3859576907988715,0.6140423092011286
Ela_metadataset,SVM_Linear,0.9,Tuning,Tuning,0.3038812005726073,0.6961187994273927
Ela_metadataset,SVM_Linear,0.9,Tuning,Tuning,0.19325705249148467,0.8067429475085154
Ela_metadataset,SVM_Linear,0.9,Tuning,Tuning,0.15810472016938734,0.8418952798306129
Ela_metadataset,SVM_Linear,0.9,Tuning,Tuning,0.39612622379357504,0.603873776206425
Ela_metadataset,SVM_Linear,0.9,Tuning,Tuning,0.26384570529710105,0.7361542947028987
Ela_metadataset,SVM_Linear,0.9,Defaults,Tuning,0.3544047822343961,0.645595217765604
Ela_metadataset,SVM_Linear,0.9,Tuning,Tuning,0.38984917275379827,0.6101508272462016
Ela_metadataset,SVM_Linear,0.9,Defaults,Defaults,0.5208920127146661,0.4791079872853338
Ela_metadataset,SVM_Linear,0.9,Tuning,Tuning,0.20533991954581307,0.7946600804541869
Ela_metadataset,SVM_Linear,0.9,Tuning,Tuning,0.12300646588949998,0.8769935341105
Ela_metadataset,SVM_Linear,0.9,Tuning,Tuning,0.351591829089423,0.6484081709105771
Ela_metadataset,SVM_Linear,0.9,Tuning,Tuning,0.43588184928910756,0.5641181507108926
Ela_metadataset,SVM_Linear,0.9,Tuning,Tuning,0.4755771447743047,0.5244228552256953
Ela_metadataset,SVM_Linear,0.9,Defaults,Tuning,0.35911341451889756,0.6408865854811024
Ela_metadataset,SVM_Linear,0.9,Tuning,Tuning,0.3847230317166431,0.6152769682833568
Ela_metadataset,SVM_Linear,0.9,Defaults,Tuning,0.3507318537067163,0.6492681462932834
Ela_metadataset,SVM_Linear,0.9,Defaults,Tuning,0.34724949384268644,0.6527505061573136
Ela_metadataset,SVM_Linear,0.9,Defaults,Tuning,0.2603606894605493,0.7396393105394509
Ela_metadataset,SVM_Linear,0.9,Defaults,Tuning,0.40784849984283705,0.592151500157163
Ela_metadataset,SVM_Linear,0.9,Tuning,Tuning,0.08687820178960136,0.9131217982103985
Ela_metadataset,SVM_Linear,0.9,Tuning,Tuning,0.09510362996659384,0.9048963700334062
Ela_metadataset,SVM_Linear,0.9,Tuning,Tuning,0.2081661349329592,0.7918338650670409
Ela_metadataset,SVM_Linear,0.9,Defaults,Tuning,0.3351752815598336,0.6648247184401664
Ela_metadataset,SVM_Linear,0.9,Defaults,Tuning,0.054414885690977015,0.945585114309023
Ela_metadataset,SVM_Linear,0.9,Defaults,Tuning,0.39846930312942425,0.6015306968705757
Ela_metadataset,SVM_Linear,0.9,Defaults,Defaults,0.5304933653441012,0.46950663465589887
Ela_metadataset,SVM_Linear,0.9,Tuning,Tuning,0.40422603041753424,0.5957739695824658
Ela_metadataset,SVM_Linear,0.9,Tuning,Tuning,0.39280943975569677,0.6071905602443033
Ela_metadataset,SVM_Linear,0.9,Defaults,Defaults,0.5430971347120715,0.4569028652879285
Ela_metadataset,SVM_Linear,0.9,Tuning,Tuning,0.19381305574625896,0.8061869442537409
Ela_metadataset,SVM_Linear,0.9,Defaults,Tuning,0.37536436549749325,0.6246356345025067
Ela_metadataset,SVM_Linear,0.9,Tuning,Tuning,0.07334345962205692,0.9266565403779431
Ela_metadataset,SVM_Linear,0.9,Tuning,Tuning,0.2815429488252375,0.7184570511747624
Ela_metadataset,SVM_Linear,0.9,Defaults,Defaults,0.5566052892604827,0.44339471073951725
Ela_metadataset,SVM_Linear,0.9,Tuning,Tuning,0.3820735162349357,0.6179264837650642
Ela_metadataset,SVM_Linear,0.9,Defaults,Defaults,0.5156961376090674,0.48430386239093254
Ela_metadataset,SVM_Linear,0.9,Tuning,Tuning,0.1803605632083195,0.8196394367916806
Ela_metadataset,SVM_Linear,0.9,Tuning,Tuning,0.1799766123010457,0.8200233876989541
Ela_metadataset,SVM_Linear,0.9,Tuning,Tuning,0.34370349691988683,0.6562965030801131
Ela_metadataset,SVM_Linear,0.9,Defaults,Tuning,0.24022269935531965,0.7597773006446804
Ela_metadataset,SVM_Linear,0.9,Tuning,Tuning,0.09959326182932345,0.9004067381706767
Ela_metadataset,SVM_Linear,0.9,Tuning,Tuning,0.3490168614840159,0.6509831385159841
Ela_metadataset,SVM_Linear,0.9,Tuning,Tuning,0.09736211487705787,0.9026378851229421
Ela_metadataset,SVM_Linear,0.9,Defaults,Tuning,0.20674133946548076,0.7932586605345192
Ela_metadataset,SVM_Linear,0.9,Tuning,Tuning,0.16167859445373134,0.8383214055462685
Ela_metadataset,SVM_Linear,0.9,Tuning,Tuning,0.3909370950686095,0.6090629049313904
Ela_metadataset,SVM_Linear,0.9,Tuning,Tuning,0.04759312541718617,0.9524068745828138
Ela_metadataset,SVM_Linear,0.9,Tuning,Tuning,0.12096546350879057,0.8790345364912093
Ela_metadataset,SVM_Linear,0.9,Tuning,Tuning,0.4278719607227567,0.5721280392772433
Ela_metadataset,SVM_Linear,0.9,Tuning,Tuning,0.48405432921545116,0.5159456707845489
Ela_metadataset,SVM_Linear,0.9,Tuning,Tuning,0.09066427416801692,0.9093357258319829
Ela_metadataset,SVM_Linear,0.9,Defaults,Tuning,0.33233785000652266,0.6676621499934776
Ela_metadataset,SVM_Linear,0.9,Tuning,Tuning,0.12497485036936483,0.875025149630635
Ela_metadataset,SVM_Linear,0.9,Tuning,Tuning,0.20432368759768726,0.7956763124023126
Ela_metadataset,SVM_Linear,0.9,Tuning,Tuning,0.3229467277075389,0.6770532722924612
Ela_metadataset,SVM_Linear,0.9,Tuning,Tuning,0.23152905825108974,0.7684709417489103
Ela_metadataset,SVM_Linear,0.9,Tuning,Tuning,9.986424146541828e-06,0.9999900135758535
Ela_metadataset,SVM_Linear,0.9,Tuning,Tuning,0.34464169300707154,0.6553583069929283
Ela_metadataset,SVM_Linear,0.9,Tuning,Defaults,0.7056047049280797,0.29439529507192025
Ela_metadataset,SVM_Linear,0.9,Tuning,Tuning,0.2595381355977447,0.7404618644022554
Ela_metadataset,SVM_Linear,0.9,Defaults,Defaults,0.7175775898237268,0.2824224101762732
Ela_metadataset,SVM_Linear,0.9,Tuning,Tuning,0.009714213581772341,0.9902857864182278
Ela_metadataset,SVM_Linear,0.9,Defaults,Tuning,0.2217920810978102,0.7782079189021898
Ela_metadataset,SVM_Linear,0.9,Tuning,Tuning,0.08171195517232338,0.9182880448276767
Ela_metadataset,SVM_Linear,0.9,Tuning,Defaults,0.5337346369094318,0.4662653630905681
Ela_metadataset,SVM_Linear,0.9,Tuning,Tuning,0.08965042128497044,0.9103495787150295
Ela_metadataset,SVM_Linear,0.9,Tuning,Tuning,0.16017845356127347,0.8398215464387266
Ela_metadataset,SVM_Linear,0.9,Defaults,Tuning,0.27226503740360725,0.7277349625963929
Ela_metadataset,SVM_Linear,0.9,Defaults,Tuning,0.4072595876788467,0.5927404123211533
Ela_metadataset,SVM_Linear,0.9,Tuning,Tuning,0.1866856612952393,0.8133143387047608
Ela_metadataset,SVM_Linear,0.9,Tuning,Tuning,0.17543882852212994,0.8245611714778701
Ela_metadataset,SVM_Linear,0.9,Tuning,Tuning,0.3366981651968797,0.6633018348031202
Ela_metadataset,SVM_Linear,0.9,Tuning,Tuning,0.3550487322315814,0.6449512677684187
Ela_metadataset,SVM_Linear,0.9,Tuning,Tuning,0.19855747754997746,0.8014425224500222
Ela_metadataset,SVM_Linear,0.9,Tuning,Tuning,0.23618605855286334,0.7638139414471365
Ela_metadataset,SVM_Linear,0.9,Tuning,Tuning,0.13449798952068756,0.8655020104793124
Ela_metadataset,SVM_Linear,0.9,Tuning,Tuning,0.3610084221197088,0.6389915778802912
Ela_metadataset,SVM_Linear,0.9,Defaults,Tuning,0.256877808785905,0.743122191214095
Ela_metadataset,SVM_Linear,0.9,Tuning,Tuning,0.3729195362032788,0.6270804637967212
Ela_metadataset,SVM_Linear,0.9,Tuning,Defaults,0.5126106506436423,0.4873893493563578
Ela_metadataset,SVM_Linear,0.9,Tuning,Tuning,0.3010277647661992,0.6989722352338008
Ela_metadataset,SVM_Linear,0.9,Tuning,Tuning,0.3152288144705892,0.684771185529411
Ela_metadataset,SVM_Linear,0.9,Defaults,Tuning,0.2456893078413804,0.7543106921586195
Ela_metadataset,SVM_Linear,0.9,Tuning,Tuning,0.12549903602885548,0.8745009639711444
Ela_metadataset,SVM_Linear,0.9,Tuning,Tuning,0.13257480335024976,0.8674251966497503
Ela_metadataset,SVM_Linear,0.9,Tuning,Tuning,0.039994062061612934,0.9600059379383871
Ela_metadataset,SVM_Linear,0.9,Defaults,Tuning,0.17699816189858397,0.8230018381014161
Ela_metadataset,SVM_Linear,0.9,Tuning,Tuning,0.18389205197862132,0.8161079480213785
Ela_metadataset,SVM_Linear,0.9,Tuning,Tuning,0.36660310064057683,0.6333968993594231
Ela_metadataset,SVM_Linear,0.9,Tuning,Tuning,0.0789843550656905,0.9210156449343093
Ela_metadataset,SVM_Linear,0.9,Defaults,Defaults,0.5458577880831825,0.45414221191681725
Ela_metadataset,SVM_Linear,0.9,Defaults,Tuning,0.4085916646993858,0.5914083353006142
Ela_metadataset,SVM_Linear,0.9,Tuning,Defaults,0.9034167280468223,0.09658327195317795
Ela_metadataset,SVM_Linear,0.9,Tuning,Tuning,0.1656523943809568,0.8343476056190431
Ela_metadataset,SVM_Linear,0.9,Tuning,Tuning,0.1714848658251089,0.828515134174891
Ela_metadataset,SVM_Linear,0.9,Defaults,Tuning,0.2328974600689569,0.767102539931043
Ela_metadataset,SVM_Linear,0.9,Defaults,Tuning,0.2419657744965407,0.7580342255034593
Ela_metadataset,SVM_Linear,0.9,Defaults,Tuning,0.38314489548705244,0.6168551045129476
Ela_metadataset,SVM_Linear,0.9,Tuning,Tuning,0.09954846969929436,0.9004515303007053
Ela_metadataset,SVM_Linear,0.9,Defaults,Defaults,0.5384847796605592,0.46151522033944087
Ela_metadataset,SVM_Linear,0.9,Tuning,Tuning,0.3228280185776816,0.6771719814223185
Ela_metadataset,SVM_Linear,0.9,Tuning,Tuning,0.08182919039434154,0.9181708096056586
Ela_metadataset,SVM_Linear,0.9,Defaults,Tuning,0.3995836603466778,0.6004163396533222
Ela_metadataset,SVM_Linear,0.9,Defaults,Tuning,0.30301058550355675,0.6969894144964432
Ela_metadataset,SVM_Linear,0.9,Tuning,Tuning,0.24028082170476414,0.7597191782952356
Ela_metadataset,SVM_Linear,0.9,Tuning,Defaults,0.5,0.5
Ela_metadataset,SVM_Linear,0.9,Defaults,Tuning,0.2123125328646546,0.7876874671353453
Ela_metadataset,SVM_Linear,0.9,Tuning,Tuning,0.0624144519422168,0.9375855480577832
Ela_metadataset,SVM_Linear,0.9,Tuning,Tuning,0.3304135891875909,0.669586410812409
Ela_metadataset,SVM_Linear,0.9,Tuning,Tuning,0.38710983448964753,0.6128901655103525
Ela_metadataset,SVM_Linear,0.9,Tuning,Tuning,0.10005494786857125,0.899945052131429
Ela_metadataset,SVM_Linear,0.95,Tuning,Tuning,0.298340848124097,0.7016591518759032
Ela_metadataset,SVM_Linear,0.95,Tuning,Tuning,0.21281941637344312,0.7871805836265571
Ela_metadataset,SVM_Linear,0.95,Defaults,Defaults,0.6538614662308918,0.3461385337691082
Ela_metadataset,SVM_Linear,0.95,Tuning,Tuning,0.2515224946511502,0.7484775053488499
Ela_metadataset,SVM_Linear,0.95,Tuning,Tuning,0.12568965524369574,0.8743103447563044
Ela_metadataset,SVM_Linear,0.95,Tuning,Tuning,0.24481315919193275,0.7551868408080673
Ela_metadataset,SVM_Linear,0.95,Tuning,Tuning,0.12623212194142241,0.8737678780585777
Ela_metadataset,SVM_Linear,0.95,Defaults,Tuning,0.2908849590907801,0.7091150409092197
Ela_metadataset,SVM_Linear,0.95,Defaults,Tuning,0.3830351392045877,0.6169648607954124
Ela_metadataset,SVM_Linear,0.95,Tuning,Tuning,0.23749900413500147,0.7625009958649983
Ela_metadataset,SVM_Linear,0.95,Tuning,Tuning,0.15410461765600822,0.8458953823439918
Ela_metadataset,SVM_Linear,0.95,Defaults,Tuning,0.3859071766745455,0.6140928233254547
Ela_metadataset,SVM_Linear,0.95,Tuning,Tuning,0.35381589855974793,0.6461841014402522
Ela_metadataset,SVM_Linear,0.95,Tuning,Tuning,0.4651114938052179,0.5348885061947821
Ela_metadataset,SVM_Linear,0.95,Tuning,Tuning,0.0038619398721572292,0.9961380601278427
Ela_metadataset,SVM_Linear,0.95,Tuning,Tuning,0.16339955858324046,0.8366004414167597
Ela_metadataset,SVM_Linear,0.95,Defaults,Tuning,0.4093042903970348,0.5906957096029652
Ela_metadataset,SVM_Linear,0.95,Tuning,Tuning,0.07034183745296106,0.929658162547039
Ela_metadataset,SVM_Linear,0.95,Defaults,Tuning,0.3656755983919638,0.6343244016080363
Ela_metadataset,SVM_Linear,0.95,Tuning,Defaults,0.6478025377640326,0.3521974622359673
Ela_metadataset,SVM_Linear,0.95,Tuning,Tuning,0.38682045262246934,0.6131795473775306
Ela_metadataset,SVM_Linear,0.95,Defaults,Defaults,0.5050811187723688,0.4949188812276311
Ela_metadataset,SVM_Linear,0.95,Tuning,Tuning,0.4577664413566057,0.5422335586433944
Ela_metadataset,SVM_Linear,0.95,Tuning,Tuning,0.18214695003578601,0.8178530499642139
Ela_metadataset,SVM_Linear,0.95,Tuning,Tuning,0.2052220080992187,0.7947779919007814
Ela_metadataset,SVM_Linear,0.95,Tuning,Tuning,0.13831302885193605,0.861686971148064
Ela_metadataset,SVM_Linear,0.95,Tuning,Tuning,0.15928917784336935,0.8407108221566306
Ela_metadataset,SVM_Linear,0.95,Tuning,Tuning,0.1223501741567447,0.8776498258432552
Ela_metadataset,SVM_Linear,0.95,Tuning,Tuning,0.06211190164024419,0.9378880983597556
Ela_metadataset,SVM_Linear,0.95,Tuning,Tuning,0.21958391999244903,0.7804160800075509
Ela_metadataset,SVM_Linear,0.95,Tuning,Tuning,0.005795121448581383,0.9942048785514185
Ela_metadataset,SVM_Linear,0.95,Tuning,Tuning,0.16057576345895794,0.8394242365410421
Ela_metadataset,SVM_Linear,0.95,Defaults,Defaults,0.6780208336078017,0.32197916639219837
Ela_metadataset,SVM_Linear,0.95,Defaults,Defaults,0.5833454635385786,0.4166545364614213
Ela_metadataset,SVM_Linear,0.95,Tuning,Tuning,0.09785705129021781,0.9021429487097822
Ela_metadataset,SVM_Linear,0.95,Tuning,Tuning,0.08644416686606197,0.9135558331339383
Ela_metadataset,SVM_Linear,0.95,Tuning,Tuning,0.21643619556586494,0.7835638044341352
Ela_metadataset,SVM_Linear,0.95,Defaults,Tuning,4.2551745157227725e-07,0.9999995744825485
Ela_metadataset,SVM_Linear,0.95,Tuning,Tuning,0.1789432320489636,0.8210567679510363
Ela_metadataset,SVM_Linear,0.95,Defaults,Tuning,0.33038453392199674,0.6696154660780032
Ela_metadataset,SVM_Linear,0.95,Tuning,Tuning,0.22768188743341794,0.7723181125665819
Ela_metadataset,SVM_Linear,0.95,Tuning,Tuning,0.023938962765897895,0.9760610372341021
Ela_metadataset,SVM_Linear,0.95,Tuning,Tuning,0.0768344524180636,0.9231655475819365
Ela_metadataset,SVM_Linear,0.95,Tuning,Tuning,0.16827396053397953,0.8317260394660208
Ela_metadataset,SVM_Linear,0.95,Tuning,Tuning,0.0784667815146807,0.9215332184853192
Ela_metadataset,SVM_Linear,0.95,Tuning,Tuning,0.2554625311222194,0.7445374688777808
Ela_metadataset,SVM_Linear,0.95,Tuning,Tuning,0.2249476446936339,0.7750523553063661
Ela_metadataset,SVM_Linear,0.95,Tuning,Tuning,0.23621121787150393,0.7637887821284961
Ela_metadataset,SVM_Linear,0.95,Tuning,Tuning,0.33364128861092546,0.6663587113890744
Ela_metadataset,SVM_Linear,0.95,Tuning,Tuning,0.1309628557149687,0.8690371442850313
Ela_metadataset,SVM_Linear,0.95,Defaults,Defaults,0.6375644943354901,0.36243550566451005
Ela_metadataset,SVM_Linear,0.95,Tuning,Tuning,0.1963041814997257,0.803695818500274
Ela_metadataset,SVM_Linear,0.95,Tuning,Tuning,0.09587703685264437,0.9041229631473559
Ela_metadataset,SVM_Linear,0.95,Defaults,Tuning,0.176958985470594,0.8230410145294058
Ela_metadataset,SVM_Linear,0.95,Tuning,Tuning,0.2613820362575793,0.7386179637424208
Ela_metadataset,SVM_Linear,0.95,Tuning,Tuning,0.40636621839132847,0.5936337816086715
Ela_metadataset,SVM_Linear,0.95,Tuning,Tuning,0.06393775970844288,0.936062240291557
Ela_metadataset,SVM_Linear,0.95,Tuning,Tuning,0.38256914117208407,0.6174308588279158
Ela_metadataset,SVM_Linear,0.95,Tuning,Tuning,0.33845465523327617,0.6615453447667238
Ela_metadataset,SVM_Linear,0.95,Tuning,Tuning,0.17553701065043906,0.8244629893495611
Ela_metadataset,SVM_Linear,0.95,Tuning,Tuning,0.20348819632375667,0.7965118036762435
Ela_metadataset,SVM_Linear,0.95,Tuning,Tuning,0.45544906554051867,0.5445509344594814
Ela_metadataset,SVM_Linear,0.95,Tuning,Tuning,0.2504975582874527,0.7495024417125472
Ela_metadataset,SVM_Linear,0.95,Defaults,Tuning,0.3578229598750251,0.6421770401249748
Ela_metadataset,SVM_Linear,0.95,Tuning,Tuning,0.37529387014667426,0.6247061298533256
Ela_metadataset,SVM_Linear,0.95,Defaults,Tuning,0.47984034802543,0.5201596519745699
Ela_metadataset,SVM_Linear,0.95,Tuning,Tuning,0.19652305481352467,0.8034769451864752
Ela_metadataset,SVM_Linear,0.95,Tuning,Tuning,0.12350470682154675,0.8764952931784534
Ela_metadataset,SVM_Linear,0.95,Tuning,Tuning,0.31991870107700626,0.6800812989229937
Ela_metadataset,SVM_Linear,0.95,Tuning,Tuning,0.4346640982556908,0.5653359017443091
Ela_metadataset,SVM_Linear,0.95,Tuning,Defaults,0.5,0.5
Ela_metadataset,SVM_Linear,0.95,Defaults,Tuning,0.38093543879396546,0.6190645612060345
Ela_metadataset,SVM_Linear,0.95,Tuning,Tuning,0.41050727334730824,0.5894927266526917
Ela_metadataset,SVM_Linear,0.95,Defaults,Tuning,0.3798929815879977,0.6201070184120021
Ela_metadataset,SVM_Linear,0.95,Defaults,Tuning,0.34386014056449665,0.6561398594355032
Ela_metadataset,SVM_Linear,0.95,Defaults,Tuning,0.273936280480348,0.7260637195196522
Ela_metadataset,SVM_Linear,0.95,Defaults,Tuning,0.424282051128592,0.575717948871408
Ela_metadataset,SVM_Linear,0.95,Tuning,Tuning,0.10999651576000703,0.8900034842399929
Ela_metadataset,SVM_Linear,0.95,Tuning,Tuning,0.13960102721799691,0.8603989727820031
Ela_metadataset,SVM_Linear,0.95,Tuning,Tuning,0.23297873140886688,0.7670212685911333
Ela_metadataset,SVM_Linear,0.95,Defaults,Tuning,0.3702887832676647,0.6297112167323353
Ela_metadataset,SVM_Linear,0.95,Defaults,Tuning,0.04482210154199439,0.9551778984580058
Ela_metadataset,SVM_Linear,0.95,Defaults,Tuning,0.39228001383258443,0.6077199861674156
Ela_metadataset,SVM_Linear,0.95,Defaults,Tuning,0.4819548014260888,0.5180451985739112
Ela_metadataset,SVM_Linear,0.95,Tuning,Tuning,0.37625469311821813,0.6237453068817819
Ela_metadataset,SVM_Linear,0.95,Tuning,Tuning,0.3387701665180976,0.6612298334819025
Ela_metadataset,SVM_Linear,0.95,Defaults,Defaults,0.5331932044544286,0.46680679554557125
Ela_metadataset,SVM_Linear,0.95,Tuning,Tuning,0.15761042392338326,0.8423895760766169
Ela_metadataset,SVM_Linear,0.95,Defaults,Tuning,0.35335904586420563,0.6466409541357946
Ela_metadataset,SVM_Linear,0.95,Tuning,Tuning,0.07719457994215861,0.9228054200578416
Ela_metadataset,SVM_Linear,0.95,Tuning,Tuning,0.2782917294726661,0.721708270527334
Ela_metadataset,SVM_Linear,0.95,Defaults,Defaults,0.5683884465661395,0.43161155343386043
Ela_metadataset,SVM_Linear,0.95,Tuning,Tuning,0.32706587234626794,0.6729341276537322
Ela_metadataset,SVM_Linear,0.95,Defaults,Tuning,0.3887288358484758,0.6112711641515243
Ela_metadataset,SVM_Linear,0.95,Tuning,Tuning,0.19657244922897965,0.8034275507710202
Ela_metadataset,SVM_Linear,0.95,Tuning,Tuning,0.12505072100278994,0.8749492789972102
Ela_metadataset,SVM_Linear,0.95,Tuning,Tuning,0.31454083328524807,0.685459166714752
Ela_metadataset,SVM_Linear,0.95,Defaults,Tuning,0.2651546474681358,0.7348453525318642
Ela_metadataset,SVM_Linear,0.95,Tuning,Tuning,0.0650007619864787,0.9349992380135212
Ela_metadataset,SVM_Linear,0.95,Tuning,Tuning,0.36764759054745133,0.6323524094525486
Ela_metadataset,SVM_Linear,0.95,Tuning,Tuning,0.08504496722375557,0.9149550327762446
Ela_metadataset,SVM_Linear,0.95,Defaults,Tuning,0.23247240956252274,0.7675275904374772
Ela_metadataset,SVM_Linear,0.95,Tuning,Tuning,0.16594067322216324,0.8340593267778367
Ela_metadataset,SVM_Linear,0.95,Tuning,Tuning,0.4107014617465759,0.589298538253424
Ela_metadataset,SVM_Linear,0.95,Tuning,Tuning,0.031398446869871206,0.9686015531301291
Ela_metadataset,SVM_Linear,0.95,Tuning,Tuning,0.0986486988665005,0.9013513011334998
Ela_metadataset,SVM_Linear,0.95,Tuning,Tuning,0.4482509709533544,0.5517490290466456
Ela_metadataset,SVM_Linear,0.95,Tuning,Tuning,0.43248051463350956,0.5675194853664904
Ela_metadataset,SVM_Linear,0.95,Tuning,Tuning,0.10017177802384213,0.8998282219761576
Ela_metadataset,SVM_Linear,0.95,Defaults,Tuning,0.3623940977314492,0.6376059022685509
Ela_metadataset,SVM_Linear,0.95,Tuning,Tuning,0.11730206434248164,0.8826979356575184
Ela_metadataset,SVM_Linear,0.95,Tuning,Tuning,0.19274807011192496,0.8072519298880751
Ela_metadataset,SVM_Linear,0.95,Tuning,Tuning,0.28343520933611427,0.7165647906638859
Ela_metadataset,SVM_Linear,0.95,Tuning,Tuning,0.1864961948534088,0.8135038051465915
Ela_metadataset,SVM_Linear,0.95,Tuning,Tuning,4.793181474748371e-06,0.9999952068185252
Ela_metadataset,SVM_Linear,0.95,Tuning,Tuning,0.2784616246126544,0.7215383753873453
Ela_metadataset,SVM_Linear,0.95,Tuning,Defaults,0.7117108302292415,0.28828916977075836
Ela_metadataset,SVM_Linear,0.95,Tuning,Tuning,0.19027224768377013,0.8097277523162297
Ela_metadataset,SVM_Linear,0.95,Defaults,Defaults,0.6809948923437096,0.31900510765629037
Ela_metadataset,SVM_Linear,0.95,Tuning,Tuning,0.016734325236320565,0.9832656747636793
Ela_metadataset,SVM_Linear,0.95,Defaults,Tuning,0.24408973608017054,0.7559102639198295
Ela_metadataset,SVM_Linear,0.95,Tuning,Tuning,0.0704997352894163,0.9295002647105838
Ela_metadataset,SVM_Linear,0.95,Tuning,Tuning,0.4844129272823601,0.5155870727176398
Ela_metadataset,SVM_Linear,0.95,Tuning,Tuning,0.06885480837490758,0.9311451916250923
Ela_metadataset,SVM_Linear,0.95,Tuning,Tuning,0.15220207812638023,0.8477979218736198
Ela_metadataset,SVM_Linear,0.95,Defaults,Tuning,0.24387279228862943,0.7561272077113704
Ela_metadataset,SVM_Linear,0.95,Defaults,Tuning,0.443169984429722,0.5568300155702782
Ela_metadataset,SVM_Linear,0.95,Tuning,Tuning,0.16263649288103318,0.8373635071189667
Ela_metadataset,SVM_Linear,0.95,Tuning,Tuning,0.15083138518988864,0.8491686148101114
Ela_metadataset,SVM_Linear,0.95,Tuning,Tuning,0.2791137785921648,0.7208862214078351
Ela_metadataset,SVM_Linear,0.95,Tuning,Tuning,0.29296528518628023,0.7070347148137198
Ela_metadataset,SVM_Linear,0.95,Tuning,Tuning,0.18208865946824226,0.8179113405317578
Ela_metadataset,SVM_Linear,0.95,Tuning,Tuning,0.19764245408195316,0.8023575459180469
Ela_metadataset,SVM_Linear,0.95,Tuning,Tuning,0.12182180109463274,0.8781781989053673
Ela_metadataset,SVM_Linear,0.95,Tuning,Tuning,0.3915537335429642,0.6084462664570358
Ela_metadataset,SVM_Linear,0.95,Defaults,Tuning,0.27303515377398246,0.7269648462260175
Ela_metadataset,SVM_Linear,0.95,Tuning,Tuning,0.32268832990358276,0.6773116700964171
Ela_metadataset,SVM_Linear,0.95,Tuning,Tuning,0.45765648651874624,0.5423435134812538
Ela_metadataset,SVM_Linear,0.95,Tuning,Tuning,0.24590071652289897,0.754099283477101
Ela_metadataset,SVM_Linear,0.95,Tuning,Tuning,0.34352408416875957,0.6564759158312404
Ela_metadataset,SVM_Linear,0.95,Defaults,Tuning,0.22001445841038467,0.7799855415896152
Ela_metadataset,SVM_Linear,0.95,Tuning,Tuning,0.07432685857496919,0.9256731414250307
Ela_metadataset,SVM_Linear,0.95,Tuning,Tuning,0.12779360026546088,0.8722063997345391
Ela_metadataset,SVM_Linear,0.95,Tuning,Tuning,0.02230261773921405,0.977697382260786
Ela_metadataset,SVM_Linear,0.95,Defaults,Tuning,0.17511458520241127,0.8248854147975888
Ela_metadataset,SVM_Linear,0.95,Tuning,Tuning,0.1465453031049071,0.8534546968950931
Ela_metadataset,SVM_Linear,0.95,Tuning,Tuning,0.32457692675138805,0.675423073248612
Ela_metadataset,SVM_Linear,0.95,Tuning,Tuning,0.050971743946329556,0.9490282560536704
Ela_metadataset,SVM_Linear,0.95,Defaults,Defaults,0.6062423337667633,0.39375766623323677
Ela_metadataset,SVM_Linear,0.95,Defaults,Tuning,0.43803119387078915,0.5619688061292107
Ela_metadataset,SVM_Linear,0.95,Tuning,Defaults,0.8998456046818811,0.10015439531811884
Ela_metadataset,SVM_Linear,0.95,Tuning,Tuning,0.15659705064259033,0.8434029493574096
Ela_metadataset,SVM_Linear,0.95,Tuning,Tuning,0.2040311716291445,0.7959688283708558
Ela_metadataset,SVM_Linear,0.95,Defaults,Tuning,0.25967297437030307,0.740327025629697
Ela_metadataset,SVM_Linear,0.95,Defaults,Tuning,0.2275641815979651,0.7724358184020349
Ela_metadataset,SVM_Linear,0.95,Defaults,Tuning,0.3799506314922442,0.6200493685077558
Ela_metadataset,SVM_Linear,0.95,Tuning,Tuning,0.08628178175311829,0.9137182182468817
Ela_metadataset,SVM_Linear,0.95,Defaults,Tuning,0.47031253000837453,0.5296874699916256
Ela_metadataset,SVM_Linear,0.95,Tuning,Tuning,0.3067089108260802,0.6932910891739198
Ela_metadataset,SVM_Linear,0.95,Tuning,Tuning,0.08368214008037626,0.9163178599196238
Ela_metadataset,SVM_Linear,0.95,Defaults,Tuning,0.367368564851957,0.6326314351480429
Ela_metadataset,SVM_Linear,0.95,Defaults,Tuning,0.28731095040613086,0.7126890495938689
Ela_metadataset,SVM_Linear,0.95,Tuning,Tuning,0.29381973737836065,0.7061802626216392
Ela_metadataset,SVM_Linear,0.95,Tuning,Tuning,0.49349893868100864,0.5065010613189914
Ela_metadataset,SVM_Linear,0.95,Defaults,Tuning,0.23325921783304696,0.766740782166953
Ela_metadataset,SVM_Linear,0.95,Tuning,Tuning,0.0355423844408501,0.9644576155591502
Ela_metadataset,SVM_Linear,0.95,Tuning,Tuning,0.28425098990083986,0.7157490100991603
Ela_metadataset,SVM_Linear,0.95,Tuning,Tuning,0.35298257539919076,0.6470174246008094
Ela_metadataset,SVM_Linear,0.95,Tuning,Tuning,0.14244731913383496,0.8575526808661649
Ela_metadataset,SVM_RBF,0.8,Tuning,Tuning,0.3251542355905003,0.6748457644094997
Ela_metadataset,SVM_RBF,0.8,Tuning,Tuning,0.1070209541799106,0.8929790458200894
Ela_metadataset,SVM_RBF,0.8,Defaults,Defaults,0.7377312415428121,0.2622687584571881
Ela_metadataset,SVM_RBF,0.8,Tuning,Tuning,0.12871673698759764,0.8712832630124023
Ela_metadataset,SVM_RBF,0.8,Tuning,Tuning,0.04133030217868525,0.9586696978213147
Ela_metadataset,SVM_RBF,0.8,Tuning,Tuning,0.27132580725859357,0.7286741927414062
Ela_metadataset,SVM_RBF,0.8,Tuning,Tuning,0.05261551602364178,0.947384483976358
Ela_metadataset,SVM_RBF,0.8,Defaults,Tuning,0.32405546276568925,0.6759445372343106
Ela_metadataset,SVM_RBF,0.8,Defaults,Tuning,0.38786843288748496,0.612131567112515
Ela_metadataset,SVM_RBF,0.8,Tuning,Tuning,0.24204078520010727,0.7579592147998928
Ela_metadataset,SVM_RBF,0.8,Tuning,Tuning,0.04474928077617562,0.9552507192238242
Ela_metadataset,SVM_RBF,0.8,Defaults,Tuning,0.26676393003920035,0.7332360699607998
Ela_metadataset,SVM_RBF,0.8,Tuning,Tuning,0.28047361143504523,0.719526388564955
Ela_metadataset,SVM_RBF,0.8,Tuning,Tuning,0.3039551447009111,0.6960448552990889
Ela_metadataset,SVM_RBF,0.8,Tuning,Tuning,0.2881906349530047,0.7118093650469951
Ela_metadataset,SVM_RBF,0.8,Tuning,Tuning,0.05620335621047394,0.943796643789526
Ela_metadataset,SVM_RBF,0.8,Defaults,Defaults,0.783218429322498,0.2167815706775019
Ela_metadataset,SVM_RBF,0.8,Tuning,Tuning,0.07172470876229886,0.9282752912377011
Ela_metadataset,SVM_RBF,0.8,Defaults,Tuning,0.4405620844022538,0.5594379155977462
Ela_metadataset,SVM_RBF,0.8,Tuning,Defaults,0.8668130270519667,0.13318697294803328
Ela_metadataset,SVM_RBF,0.8,Tuning,Tuning,0.2621070543884666,0.7378929456115332
Ela_metadataset,SVM_RBF,0.8,Defaults,Tuning,0.48644224464180236,0.5135577553581979
Ela_metadataset,SVM_RBF,0.8,Tuning,Defaults,0.7976033490098774,0.2023966509901225
Ela_metadataset,SVM_RBF,0.8,Tuning,Tuning,0.1439331929477952,0.8560668070522048
Ela_metadataset,SVM_RBF,0.8,Tuning,Tuning,0.08124431943149017,0.91875568056851
Ela_metadataset,SVM_RBF,0.8,Tuning,Tuning,0.3021715944175722,0.6978284055824278
Ela_metadataset,SVM_RBF,0.8,Tuning,Tuning,0.07601554053452152,0.9239844594654786
Ela_metadataset,SVM_RBF,0.8,Tuning,Tuning,0.0900902715746514,0.9099097284253486
Ela_metadataset,SVM_RBF,0.8,Tuning,Tuning,0.05781728161495682,0.942182718385043
Ela_metadataset,SVM_RBF,0.8,Tuning,Tuning,0.14641210435335683,0.8535878956466432
Ela_metadataset,SVM_RBF,0.8,Tuning,Tuning,0.16475139670641264,0.8352486032935874
Ela_metadataset,SVM_RBF,0.8,Tuning,Tuning,0.06718748114650588,0.9328125188534943
Ela_metadataset,SVM_RBF,0.8,Defaults,Defaults,0.7049053763111167,0.29509462368888345
Ela_metadataset,SVM_RBF,0.8,Defaults,Tuning,0.4865318454124688,0.5134681545875311
Ela_metadataset,SVM_RBF,0.8,Tuning,Tuning,0.0939439807519509,0.906056019248049
Ela_metadataset,SVM_RBF,0.8,Tuning,Tuning,0.2692800292042283,0.7307199707957717
Ela_metadataset,SVM_RBF,0.8,Tuning,Tuning,0.3671588078949181,0.6328411921050819
Ela_metadataset,SVM_RBF,0.8,Defaults,Tuning,0.33411645624388625,0.6658835437561138
Ela_metadataset,SVM_RBF,0.8,Tuning,Tuning,0.25120740948649295,0.748792590513507
Ela_metadataset,SVM_RBF,0.8,Defaults,Defaults,0.5315248152790083,0.46847518472099187
Ela_metadataset,SVM_RBF,0.8,Tuning,Tuning,0.1933085990601435,0.8066914009398568
Ela_metadataset,SVM_RBF,0.8,Tuning,Tuning,0.09057224119482458,0.9094277588051753
Ela_metadataset,SVM_RBF,0.8,Tuning,Tuning,0.26745729897051307,0.7325427010294869
Ela_metadataset,SVM_RBF,0.8,Tuning,Tuning,0.14961753020784338,0.8503824697921566
Ela_metadataset,SVM_RBF,0.8,Tuning,Tuning,0.28016909711484794,0.719830902885152
Ela_metadataset,SVM_RBF,0.8,Tuning,Tuning,0.16176611995037898,0.8382338800496207
Ela_metadataset,SVM_RBF,0.8,Tuning,Tuning,0.22432592167376517,0.7756740783262348
Ela_metadataset,SVM_RBF,0.8,Tuning,Tuning,0.13008521420945784,0.8699147857905422
Ela_metadataset,SVM_RBF,0.8,Tuning,Tuning,0.3457629147449477,0.6542370852550524
Ela_metadataset,SVM_RBF,0.8,Tuning,Tuning,0.127270792175908,0.8727292078240922
Ela_metadataset,SVM_RBF,0.8,Defaults,Tuning,0.42992816724120425,0.5700718327587958
Ela_metadataset,SVM_RBF,0.8,Tuning,Tuning,0.1605986966147581,0.8394013033852419
Ela_metadataset,SVM_RBF,0.8,Tuning,Tuning,0.0998836464487752,0.9001163535512249
Ela_metadataset,SVM_RBF,0.8,Defaults,Tuning,0.1601397643624288,0.8398602356375712
Ela_metadataset,SVM_RBF,0.8,Tuning,Tuning,0.3558179760919045,0.6441820239080955
Ela_metadataset,SVM_RBF,0.8,Tuning,Tuning,0.1862209498488178,0.8137790501511823
Ela_metadataset,SVM_RBF,0.8,Tuning,Tuning,0.09650819278488723,0.9034918072151128
Ela_metadataset,SVM_RBF,0.8,Tuning,Tuning,0.4352447113242231,0.5647552886757771
Ela_metadataset,SVM_RBF,0.8,Tuning,Tuning,0.3091533968010367,0.690846603198963
Ela_metadataset,SVM_RBF,0.8,Tuning,Tuning,0.3574233882469452,0.6425766117530549
Ela_metadataset,SVM_RBF,0.8,Tuning,Tuning,0.23265961925541712,0.7673403807445828
Ela_metadataset,SVM_RBF,0.8,Tuning,Tuning,0.1927677627378984,0.8072322372621014
Ela_metadataset,SVM_RBF,0.8,Tuning,Tuning,0.17938599687209736,0.8206140031279026
Ela_metadataset,SVM_RBF,0.8,Defaults,Tuning,0.3533015089809846,0.6466984910190156
Ela_metadataset,SVM_RBF,0.8,Tuning,Tuning,0.47817417513004856,0.5218258248699513
Ela_metadataset,SVM_RBF,0.8,Defaults,Defaults,0.5120250247451674,0.4879749752548326
Ela_metadataset,SVM_RBF,0.8,Tuning,Tuning,0.20125240196830477,0.7987475980316955
Ela_metadataset,SVM_RBF,0.8,Tuning,Tuning,0.25028063471654266,0.7497193652834572
Ela_metadataset,SVM_RBF,0.8,Tuning,Tuning,0.3277584391320913,0.6722415608679088
Ela_metadataset,SVM_RBF,0.8,Tuning,Tuning,0.44342413162007926,0.5565758683799208
Ela_metadataset,SVM_RBF,0.8,Tuning,Tuning,0.3906990730890809,0.6093009269109193
Ela_metadataset,SVM_RBF,0.8,Defaults,Tuning,0.3834597792464834,0.6165402207535166
Ela_metadataset,SVM_RBF,0.8,Tuning,Tuning,0.36672426953523074,0.6332757304647691
Ela_metadataset,SVM_RBF,0.8,Defaults,Tuning,0.3506502259612587,0.6493497740387414
Ela_metadataset,SVM_RBF,0.8,Defaults,Tuning,0.3698509751569686,0.6301490248430315
Ela_metadataset,SVM_RBF,0.8,Defaults,Tuning,0.197530038967529,0.8024699610324711
Ela_metadataset,SVM_RBF,0.8,Defaults,Tuning,0.33335481311704074,0.6666451868829594
Ela_metadataset,SVM_RBF,0.8,Tuning,Tuning,0.20216790560303396,0.797832094396966
Ela_metadataset,SVM_RBF,0.8,Tuning,Tuning,0.2311560196257591,0.7688439803742408
Ela_metadataset,SVM_RBF,0.8,Tuning,Tuning,0.27208399122061033,0.7279160087793894
Ela_metadataset,SVM_RBF,0.8,Defaults,Tuning,0.3343567405246712,0.6656432594753291
Ela_metadataset,SVM_RBF,0.8,Defaults,Tuning,0.2552830733807497,0.7447169266192502
Ela_metadataset,SVM_RBF,0.8,Defaults,Tuning,0.3552155579050661,0.644784442094934
Ela_metadataset,SVM_RBF,0.8,Defaults,Defaults,0.574874532919637,0.4251254670803631
Ela_metadataset,SVM_RBF,0.8,Tuning,Tuning,0.4115510258755233,0.5884489741244766
Ela_metadataset,SVM_RBF,0.8,Tuning,Defaults,0.5944638624343067,0.4055361375656933
Ela_metadataset,SVM_RBF,0.8,Defaults,Defaults,0.7129827574105202,0.2870172425894796
Ela_metadataset,SVM_RBF,0.8,Tuning,Tuning,0.193633096995527,0.8063669030044731
Ela_metadataset,SVM_RBF,0.8,Defaults,Tuning,0.24115081291443366,0.7588491870855664
Ela_metadataset,SVM_RBF,0.8,Tuning,Tuning,0.13878253356879403,0.8612174664312057
Ela_metadataset,SVM_RBF,0.8,Tuning,Tuning,0.22052394466026662,0.7794760553397334
Ela_metadataset,SVM_RBF,0.8,Defaults,Defaults,0.5874054483100553,0.4125945516899448
Ela_metadataset,SVM_RBF,0.8,Tuning,Tuning,0.22267326445093735,0.7773267355490627
Ela_metadataset,SVM_RBF,0.8,Defaults,Defaults,0.5694527775628384,0.43054722243716154
Ela_metadataset,SVM_RBF,0.8,Tuning,Tuning,0.25378754394565883,0.7462124560543412
Ela_metadataset,SVM_RBF,0.8,Tuning,Tuning,0.11851060205774143,0.8814893979422584
Ela_metadataset,SVM_RBF,0.8,Tuning,Tuning,0.20774144889268378,0.7922585511073161
Ela_metadataset,SVM_RBF,0.8,Defaults,Tuning,0.1499673603371637,0.8500326396628363
Ela_metadataset,SVM_RBF,0.8,Tuning,Tuning,0.09731645672196863,0.9026835432780314
Ela_metadataset,SVM_RBF,0.8,Tuning,Tuning,0.3418873916935684,0.6581126083064317
Ela_metadataset,SVM_RBF,0.8,Tuning,Tuning,0.08825576631318588,0.9117442336868142
Ela_metadataset,SVM_RBF,0.8,Defaults,Tuning,0.18005834942317647,0.8199416505768236
Ela_metadataset,SVM_RBF,0.8,Tuning,Tuning,0.24171795901228532,0.7582820409877146
Ela_metadataset,SVM_RBF,0.8,Tuning,Tuning,0.25371318193552717,0.746286818064473
Ela_metadataset,SVM_RBF,0.8,Tuning,Tuning,0.10506442149456233,0.8949355785054377
Ela_metadataset,SVM_RBF,0.8,Tuning,Tuning,0.11104296549217704,0.8889570345078229
Ela_metadataset,SVM_RBF,0.8,Tuning,Defaults,0.5392852662508953,0.4607147337491046
Ela_metadataset,SVM_RBF,0.8,Tuning,Tuning,0.24877515653591403,0.7512248434640859
Ela_metadataset,SVM_RBF,0.8,Tuning,Tuning,0.15926761627462124,0.8407323837253787
Ela_metadataset,SVM_RBF,0.8,Defaults,Tuning,0.29150783820638837,0.7084921617936116
Ela_metadataset,SVM_RBF,0.8,Tuning,Tuning,0.10977526273398011,0.8902247372660199
Ela_metadataset,SVM_RBF,0.8,Tuning,Tuning,0.15069062614040699,0.8493093738595933
Ela_metadataset,SVM_RBF,0.8,Tuning,Tuning,0.21228296227617277,0.7877170377238272
Ela_metadataset,SVM_RBF,0.8,Tuning,Tuning,0.19999629326218954,0.8000037067378103
Ela_metadataset,SVM_RBF,0.8,Tuning,Tuning,0.22951564082991263,0.7704843591700873
Ela_metadataset,SVM_RBF,0.8,Tuning,Tuning,0.19140827951708725,0.8085917204829125
Ela_metadataset,SVM_RBF,0.8,Tuning,Defaults,0.787621786502717,0.2123782134972828
Ela_metadataset,SVM_RBF,0.8,Tuning,Tuning,0.22261967600577479,0.7773803239942253
Ela_metadataset,SVM_RBF,0.8,Defaults,Defaults,0.6674540074585228,0.3325459925414772
Ela_metadataset,SVM_RBF,0.8,Tuning,Tuning,0.09089227677691403,0.909107723223086
Ela_metadataset,SVM_RBF,0.8,Defaults,Tuning,0.10513047937446056,0.8948695206255394
Ela_metadataset,SVM_RBF,0.8,Tuning,Tuning,0.048061904172205766,0.9519380958277942
Ela_metadataset,SVM_RBF,0.8,Tuning,Tuning,0.47684545119767385,0.5231545488023259
Ela_metadataset,SVM_RBF,0.8,Tuning,Tuning,0.18353884052433755,0.8164611594756627
Ela_metadataset,SVM_RBF,0.8,Tuning,Tuning,0.1236316780682541,0.8763683219317459
Ela_metadataset,SVM_RBF,0.8,Defaults,Tuning,0.2111435911155898,0.7888564088844102
Ela_metadataset,SVM_RBF,0.8,Defaults,Tuning,0.426845622337115,0.5731543776628849
Ela_metadataset,SVM_RBF,0.8,Tuning,Tuning,0.1880525493644528,0.8119474506355474
Ela_metadataset,SVM_RBF,0.8,Tuning,Tuning,0.15334172844640637,0.8466582715535936
Ela_metadataset,SVM_RBF,0.8,Tuning,Tuning,0.25348090344029556,0.7465190965597044
Ela_metadataset,SVM_RBF,0.8,Tuning,Tuning,0.2185754733664932,0.781424526633507
Ela_metadataset,SVM_RBF,0.8,Tuning,Tuning,0.3413227836735345,0.6586772163264654
Ela_metadataset,SVM_RBF,0.8,Tuning,Tuning,0.10898101827051052,0.8910189817294897
Ela_metadataset,SVM_RBF,0.8,Tuning,Tuning,0.1353626695084263,0.8646373304915738
Ela_metadataset,SVM_RBF,0.8,Tuning,Tuning,0.351798119304334,0.6482018806956662
Ela_metadataset,SVM_RBF,0.8,Defaults,Tuning,0.18927445909047266,0.8107255409095274
Ela_metadataset,SVM_RBF,0.8,Tuning,Defaults,0.6151346003852293,0.3848653996147709
Ela_metadataset,SVM_RBF,0.8,Tuning,Tuning,0.29182592955967673,0.7081740704403231
Ela_metadataset,SVM_RBF,0.8,Tuning,Tuning,0.2350878240380021,0.7649121759619978
Ela_metadataset,SVM_RBF,0.8,Tuning,Tuning,0.38814450244256715,0.6118554975574327
Ela_metadataset,SVM_RBF,0.8,Defaults,Tuning,0.398899753040109,0.6011002469598908
Ela_metadataset,SVM_RBF,0.8,Tuning,Tuning,0.14338306209486928,0.8566169379051309
Ela_metadataset,SVM_RBF,0.8,Tuning,Tuning,0.12792250236804653,0.8720774976319535
Ela_metadataset,SVM_RBF,0.8,Tuning,Tuning,0.14223215212852153,0.8577678478714786
Ela_metadataset,SVM_RBF,0.8,Defaults,Tuning,0.09910424694436183,0.900895753055638
Ela_metadataset,SVM_RBF,0.8,Tuning,Tuning,0.192030068820537,0.8079699311794627
Ela_metadataset,SVM_RBF,0.8,Tuning,Tuning,0.2675647835388597,0.7324352164611402
Ela_metadataset,SVM_RBF,0.8,Tuning,Tuning,0.14649977500740538,0.8535002249925946
Ela_metadataset,SVM_RBF,0.8,Defaults,Defaults,0.7532862887135461,0.2467137112864539
Ela_metadataset,SVM_RBF,0.8,Defaults,Defaults,0.5389509876830383,0.4610490123169616
Ela_metadataset,SVM_RBF,0.8,Tuning,Defaults,0.5555159370574863,0.4444840629425139
Ela_metadataset,SVM_RBF,0.8,Tuning,Tuning,0.2389677921108739,0.7610322078891261
Ela_metadataset,SVM_RBF,0.8,Tuning,Tuning,0.1862662412228654,0.8137337587771345
Ela_metadataset,SVM_RBF,0.8,Defaults,Tuning,0.19050776902005487,0.8094922309799449
Ela_metadataset,SVM_RBF,0.8,Defaults,Tuning,0.19573546383882587,0.8042645361611742
Ela_metadataset,SVM_RBF,0.8,Defaults,Tuning,0.46617019546005334,0.5338298045399466
Ela_metadataset,SVM_RBF,0.8,Tuning,Tuning,0.14434481240266994,0.8556551875973298
Ela_metadataset,SVM_RBF,0.8,Defaults,Tuning,0.32712371447564864,0.6728762855243514
Ela_metadataset,SVM_RBF,0.8,Tuning,Tuning,0.2841718681747121,0.7158281318252878
Ela_metadataset,SVM_RBF,0.8,Tuning,Tuning,0.15079591763215655,0.8492040823678433
Ela_metadataset,SVM_RBF,0.8,Defaults,Tuning,0.22322829886875092,0.7767717011312488
Ela_metadataset,SVM_RBF,0.8,Defaults,Tuning,0.23868562740399807,0.7613143725960019
Ela_metadataset,SVM_RBF,0.8,Tuning,Tuning,0.24834291571774114,0.751657084282259
Ela_metadataset,SVM_RBF,0.8,Tuning,Tuning,0.32292482003618767,0.6770751799638124
Ela_metadataset,SVM_RBF,0.8,Defaults,Tuning,0.4843868485375763,0.5156131514624238
Ela_metadataset,SVM_RBF,0.8,Tuning,Tuning,0.13357441923560134,0.8664255807643985
Ela_metadataset,SVM_RBF,0.8,Tuning,Tuning,0.4387760196776028,0.5612239803223971
Ela_metadataset,SVM_RBF,0.8,Tuning,Tuning,0.4463003936191865,0.5536996063808135
Ela_metadataset,SVM_RBF,0.8,Tuning,Tuning,0.26170146122709037,0.7382985387729097
Ela_metadataset,SVM_RBF,0.85,Tuning,Tuning,0.27011317183147526,0.7298868281685247
Ela_metadataset,SVM_RBF,0.85,Tuning,Tuning,0.12599978916070118,0.8740002108392987
Ela_metadataset,SVM_RBF,0.85,Defaults,Defaults,0.735535162788047,0.2644648372119529
Ela_metadataset,SVM_RBF,0.85,Tuning,Tuning,0.1168730939202746,0.8831269060797253
Ela_metadataset,SVM_RBF,0.85,Tuning,Tuning,0.043098713820564453,0.9569012861794356
Ela_metadataset,SVM_RBF,0.85,Tuning,Tuning,0.24219614482466922,0.7578038551753308
Ela_metadataset,SVM_RBF,0.85,Tuning,Tuning,0.05779182358766489,0.942208176412335
Ela_metadataset,SVM_RBF,0.85,Defaults,Tuning,0.33221056113646436,0.6677894388635357
Ela_metadataset,SVM_RBF,0.85,Defaults,Tuning,0.35162898543352916,0.6483710145664711
Ela_metadataset,SVM_RBF,0.85,Tuning,Tuning,0.2576431381865513,0.7423568618134487
Ela_metadataset,SVM_RBF,0.85,Tuning,Tuning,0.04810951488170812,0.9518904851182918
Ela_metadataset,SVM_RBF,0.85,Defaults,Tuning,0.3394639951845779,0.6605360048154221
Ela_metadataset,SVM_RBF,0.85,Tuning,Tuning,0.23818544796980318,0.7618145520301965
Ela_metadataset,SVM_RBF,0.85,Tuning,Tuning,0.2945054676280374,0.7054945323719627
Ela_metadataset,SVM_RBF,0.85,Tuning,Tuning,0.2864101250912834,0.7135898749087167
Ela_metadataset,SVM_RBF,0.85,Tuning,Tuning,0.08258783893989033,0.9174121610601097
Ela_metadataset,SVM_RBF,0.85,Defaults,Defaults,0.7143174542712273,0.28568254572877244
Ela_metadataset,SVM_RBF,0.85,Tuning,Tuning,0.08780786672205512,0.9121921332779448
Ela_metadataset,SVM_RBF,0.85,Defaults,Tuning,0.4748828698521623,0.5251171301478377
Ela_metadataset,SVM_RBF,0.85,Tuning,Defaults,0.8403157152318231,0.1596842847681768
Ela_metadataset,SVM_RBF,0.85,Tuning,Tuning,0.31572961885217954,0.6842703811478204
Ela_metadataset,SVM_RBF,0.85,Defaults,Tuning,0.4727324688999312,0.5272675311000689
Ela_metadataset,SVM_RBF,0.85,Tuning,Defaults,0.8487856136557637,0.15121438634423617
Ela_metadataset,SVM_RBF,0.85,Tuning,Tuning,0.1603502837553674,0.8396497162446326
Ela_metadataset,SVM_RBF,0.85,Tuning,Tuning,0.09867152607267374,0.9013284739273261
Ela_metadataset,SVM_RBF,0.85,Tuning,Tuning,0.3026571549474222,0.6973428450525777
Ela_metadataset,SVM_RBF,0.85,Tuning,Tuning,0.0658814459325628,0.9341185540674373
Ela_metadataset,SVM_RBF,0.85,Tuning,Tuning,0.09178988902428532,0.9082101109757148
Ela_metadataset,SVM_RBF,0.85,Tuning,Tuning,0.05286133944931948,0.9471386605506806
Ela_metadataset,SVM_RBF,0.85,Tuning,Tuning,0.12848439439277573,0.8715156056072242
Ela_metadataset,SVM_RBF,0.85,Tuning,Tuning,0.15428294375111706,0.8457170562488829
Ela_metadataset,SVM_RBF,0.85,Tuning,Tuning,0.05924596083491647,0.9407540391650834
Ela_metadataset,SVM_RBF,0.85,Defaults,Defaults,0.7238275168918338,0.2761724831081661
Ela_metadataset,SVM_RBF,0.85,Defaults,Defaults,0.5336667704629768,0.4663332295370231
Ela_metadataset,SVM_RBF,0.85,Tuning,Tuning,0.09337171881642355,0.9066282811835764
Ela_metadataset,SVM_RBF,0.85,Tuning,Tuning,0.26570858104303674,0.7342914189569634
Ela_metadataset,SVM_RBF,0.85,Tuning,Tuning,0.4040902369263197,0.5959097630736804
Ela_metadataset,SVM_RBF,0.85,Defaults,Tuning,0.35903714739052817,0.640962852609472
Ela_metadataset,SVM_RBF,0.85,Tuning,Tuning,0.22417428596838096,0.7758257140316192
Ela_metadataset,SVM_RBF,0.85,Defaults,Tuning,0.46237202683553896,0.5376279731644611
Ela_metadataset,SVM_RBF,0.85,Tuning,Tuning,0.18489562544731075,0.8151043745526891
Ela_metadataset,SVM_RBF,0.85,Tuning,Tuning,0.08899719730572359,0.9110028026942766
Ela_metadataset,SVM_RBF,0.85,Tuning,Tuning,0.26027864749327734,0.7397213525067228
Ela_metadataset,SVM_RBF,0.85,Tuning,Tuning,0.13415170231864493,0.8658482976813552
Ela_metadataset,SVM_RBF,0.85,Tuning,Tuning,0.24308311322642215,0.7569168867735779
Ela_metadataset,SVM_RBF,0.85,Tuning,Tuning,0.1728643074057983,0.8271356925942014
Ela_metadataset,SVM_RBF,0.85,Tuning,Tuning,0.19662289881823486,0.8033771011817652
Ela_metadataset,SVM_RBF,0.85,Tuning,Tuning,0.11198234839481351,0.8880176516051865
Ela_metadataset,SVM_RBF,0.85,Tuning,Tuning,0.29231502633561485,0.7076849736643851
Ela_metadataset,SVM_RBF,0.85,Tuning,Tuning,0.11448794573180293,0.885512054268197
Ela_metadataset,SVM_RBF,0.85,Defaults,Tuning,0.44914255157129246,0.5508574484287077
Ela_metadataset,SVM_RBF,0.85,Tuning,Tuning,0.1333245236254047,0.8666754763745954
Ela_metadataset,SVM_RBF,0.85,Tuning,Tuning,0.09325834121248018,0.90674165878752
Ela_metadataset,SVM_RBF,0.85,Defaults,Tuning,0.14131127431610904,0.858688725683891
Ela_metadataset,SVM_RBF,0.85,Tuning,Tuning,0.37647989364264295,0.6235201063573572
Ela_metadataset,SVM_RBF,0.85,Tuning,Tuning,0.19959409017765536,0.8004059098223445
Ela_metadataset,SVM_RBF,0.85,Tuning,Tuning,0.09540739273538877,0.9045926072646114
Ela_metadataset,SVM_RBF,0.85,Tuning,Tuning,0.4414186213031456,0.5585813786968544
Ela_metadataset,SVM_RBF,0.85,Tuning,Tuning,0.2923865491658492,0.707613450834151
Ela_metadataset,SVM_RBF,0.85,Tuning,Tuning,0.37281763046275584,0.6271823695372442
Ela_metadataset,SVM_RBF,0.85,Tuning,Tuning,0.1872884873532055,0.8127115126467945
Ela_metadataset,SVM_RBF,0.85,Tuning,Tuning,0.247185478817721,0.7528145211822791
Ela_metadataset,SVM_RBF,0.85,Tuning,Tuning,0.14787281300242094,0.852127186997579
Ela_metadataset,SVM_RBF,0.85,Defaults,Tuning,0.34900612139314374,0.6509938786068561
Ela_metadataset,SVM_RBF,0.85,Tuning,Tuning,0.4226120347577676,0.5773879652422325
Ela_metadataset,SVM_RBF,0.85,Defaults,Defaults,0.5299879233650145,0.47001207663498545
Ela_metadataset,SVM_RBF,0.85,Tuning,Tuning,0.19330014342920537,0.8066998565707949
Ela_metadataset,SVM_RBF,0.85,Tuning,Tuning,0.20000057639848046,0.7999994236015195
Ela_metadataset,SVM_RBF,0.85,Tuning,Tuning,0.25121709291454464,0.7487829070854556
Ela_metadataset,SVM_RBF,0.85,Tuning,Tuning,0.4858822803295093,0.5141177196704907
Ela_metadataset,SVM_RBF,0.85,Tuning,Tuning,0.42995403815040706,0.5700459618495929
Ela_metadataset,SVM_RBF,0.85,Defaults,Tuning,0.3993355107715313,0.6006644892284687
Ela_metadataset,SVM_RBF,0.85,Tuning,Tuning,0.3868426639391118,0.6131573360608883
Ela_metadataset,SVM_RBF,0.85,Defaults,Tuning,0.3408248226973268,0.6591751773026733
Ela_metadataset,SVM_RBF,0.85,Defaults,Tuning,0.40505372327163985,0.5949462767283601
Ela_metadataset,SVM_RBF,0.85,Defaults,Tuning,0.2074216199661746,0.7925783800338254
Ela_metadataset,SVM_RBF,0.85,Defaults,Tuning,0.3244573270825271,0.6755426729174728
Ela_metadataset,SVM_RBF,0.85,Tuning,Tuning,0.2050867966994984,0.7949132033005016
Ela_metadataset,SVM_RBF,0.85,Tuning,Tuning,0.23330982906796416,0.7666901709320357
Ela_metadataset,SVM_RBF,0.85,Tuning,Tuning,0.27172747074415665,0.7282725292558434
Ela_metadataset,SVM_RBF,0.85,Defaults,Tuning,0.33130153847570176,0.6686984615242982
Ela_metadataset,SVM_RBF,0.85,Defaults,Tuning,0.25169217089026735,0.7483078291097328
Ela_metadataset,SVM_RBF,0.85,Defaults,Tuning,0.3385212427290884,0.6614787572709117
Ela_metadataset,SVM_RBF,0.85,Defaults,Defaults,0.5747518598261655,0.42524814017383444
Ela_metadataset,SVM_RBF,0.85,Tuning,Defaults,0.5058709124371471,0.4941290875628529
Ela_metadataset,SVM_RBF,0.85,Tuning,Defaults,0.6570840937875926,0.3429159062124076
Ela_metadataset,SVM_RBF,0.85,Defaults,Defaults,0.7043232297432427,0.2956767702567572
Ela_metadataset,SVM_RBF,0.85,Tuning,Tuning,0.17226843056455748,0.8277315694354425
Ela_metadataset,SVM_RBF,0.85,Defaults,Tuning,0.2989630414085136,0.7010369585914863
Ela_metadataset,SVM_RBF,0.85,Tuning,Tuning,0.1378037631357023,0.8621962368642977
Ela_metadataset,SVM_RBF,0.85,Tuning,Tuning,0.2316807441781993,0.7683192558218007
Ela_metadataset,SVM_RBF,0.85,Defaults,Defaults,0.5717988403925904,0.42820115960740945
Ela_metadataset,SVM_RBF,0.85,Tuning,Tuning,0.253731355158701,0.7462686448412988
Ela_metadataset,SVM_RBF,0.85,Defaults,Defaults,0.6234744300049657,0.37652556999503434
Ela_metadataset,SVM_RBF,0.85,Tuning,Tuning,0.23345625260289102,0.7665437473971088
Ela_metadataset,SVM_RBF,0.85,Tuning,Tuning,0.12047584631685108,0.8795241536831491
Ela_metadataset,SVM_RBF,0.85,Tuning,Tuning,0.2182494357428489,0.7817505642571512
Ela_metadataset,SVM_RBF,0.85,Defaults,Tuning,0.13630499703591745,0.8636950029640827
Ela_metadataset,SVM_RBF,0.85,Tuning,Tuning,0.08510039473344967,0.9148996052665501
Ela_metadataset,SVM_RBF,0.85,Tuning,Tuning,0.2793814503206923,0.7206185496793078
Ela_metadataset,SVM_RBF,0.85,Tuning,Tuning,0.08988226663926556,0.9101177333607343
Ela_metadataset,SVM_RBF,0.85,Defaults,Tuning,0.1705581520299671,0.8294418479700328
Ela_metadataset,SVM_RBF,0.85,Tuning,Tuning,0.2471167459476407,0.7528832540523596
Ela_metadataset,SVM_RBF,0.85,Tuning,Tuning,0.26263905727536097,0.7373609427246391
Ela_metadataset,SVM_RBF,0.85,Tuning,Tuning,0.08358521520769198,0.9164147847923079
Ela_metadataset,SVM_RBF,0.85,Tuning,Tuning,0.09690546969086483,0.9030945303091352
Ela_metadataset,SVM_RBF,0.85,Tuning,Defaults,0.5175002233828535,0.4824997766171465
Ela_metadataset,SVM_RBF,0.85,Tuning,Tuning,0.21381835235396648,0.7861816476460334
Ela_metadataset,SVM_RBF,0.85,Tuning,Tuning,0.12428360486044585,0.875716395139554
Ela_metadataset,SVM_RBF,0.85,Defaults,Tuning,0.2781778536565294,0.7218221463434707
Ela_metadataset,SVM_RBF,0.85,Tuning,Tuning,0.09863066517488502,0.901369334825115
Ela_metadataset,SVM_RBF,0.85,Tuning,Tuning,0.11959786841973445,0.8804021315802655
Ela_metadataset,SVM_RBF,0.85,Tuning,Tuning,0.17947784124810748,0.8205221587518924
Ela_metadataset,SVM_RBF,0.85,Tuning,Tuning,0.197024959863205,0.802975040136795
Ela_metadataset,SVM_RBF,0.85,Tuning,Tuning,0.21861497687390546,0.7813850231260946
Ela_metadataset,SVM_RBF,0.85,Tuning,Tuning,0.18229715977713465,0.8177028402228654
Ela_metadataset,SVM_RBF,0.85,Tuning,Defaults,0.7832724463593832,0.21672755364061702
Ela_metadataset,SVM_RBF,0.85,Tuning,Tuning,0.23475626362814705,0.7652437363718532
Ela_metadataset,SVM_RBF,0.85,Defaults,Defaults,0.6947536216197281,0.30524637838027213
Ela_metadataset,SVM_RBF,0.85,Tuning,Tuning,0.09177109917526713,0.9082289008247331
Ela_metadataset,SVM_RBF,0.85,Defaults,Tuning,0.12032975887877402,0.8796702411212259
Ela_metadataset,SVM_RBF,0.85,Tuning,Tuning,0.05117294019277207,0.948827059807228
Ela_metadataset,SVM_RBF,0.85,Tuning,Defaults,0.576128550407998,0.42387144959200196
Ela_metadataset,SVM_RBF,0.85,Tuning,Tuning,0.1700182848089822,0.8299817151910178
Ela_metadataset,SVM_RBF,0.85,Tuning,Tuning,0.12321131175753672,0.8767886882424635
Ela_metadataset,SVM_RBF,0.85,Defaults,Tuning,0.2288436240746188,0.7711563759253812
Ela_metadataset,SVM_RBF,0.85,Defaults,Tuning,0.4055845510976271,0.5944154489023729
Ela_metadataset,SVM_RBF,0.85,Tuning,Tuning,0.15558013384587505,0.8444198661541251
Ela_metadataset,SVM_RBF,0.85,Tuning,Tuning,0.14127180927073885,0.8587281907292613
Ela_metadataset,SVM_RBF,0.85,Tuning,Tuning,0.20384406816098874,0.7961559318390112
Ela_metadataset,SVM_RBF,0.85,Tuning,Tuning,0.1829582514011949,0.8170417485988051
Ela_metadataset,SVM_RBF,0.85,Tuning,Tuning,0.39944725950230253,0.6005527404976975
Ela_metadataset,SVM_RBF,0.85,Tuning,Tuning,0.11955366060858988,0.8804463393914101
Ela_metadataset,SVM_RBF,0.85,Tuning,Tuning,0.12077832212005095,0.8792216778799491
Ela_metadataset,SVM_RBF,0.85,Tuning,Tuning,0.34956433105717344,0.6504356689428267
Ela_metadataset,SVM_RBF,0.85,Defaults,Tuning,0.2073555943318591,0.7926444056681409
Ela_metadataset,SVM_RBF,0.85,Tuning,Defaults,0.604615974045164,0.3953840259548362
Ela_metadataset,SVM_RBF,0.85,Tuning,Tuning,0.28724206621341686,0.7127579337865831
Ela_metadataset,SVM_RBF,0.85,Tuning,Tuning,0.22754294220439478,0.7724570577956053
Ela_metadataset,SVM_RBF,0.85,Tuning,Tuning,0.46147248674420205,0.5385275132557978
Ela_metadataset,SVM_RBF,0.85,Defaults,Tuning,0.44770876983165453,0.5522912301683456
Ela_metadataset,SVM_RBF,0.85,Tuning,Tuning,0.15663432432912397,0.8433656756708762
Ela_metadataset,SVM_RBF,0.85,Tuning,Tuning,0.1234450755875857,0.8765549244124144
Ela_metadataset,SVM_RBF,0.85,Tuning,Tuning,0.13055892259670734,0.8694410774032925
Ela_metadataset,SVM_RBF,0.85,Defaults,Tuning,0.10352065864715082,0.8964793413528491
Ela_metadataset,SVM_RBF,0.85,Tuning,Tuning,0.18440392227763677,0.8155960777223634
Ela_metadataset,SVM_RBF,0.85,Tuning,Tuning,0.2666611354761434,0.7333388645238567
Ela_metadataset,SVM_RBF,0.85,Tuning,Tuning,0.14287300823822466,0.8571269917617753
Ela_metadataset,SVM_RBF,0.85,Defaults,Defaults,0.7846205853267028,0.21537941467329727
Ela_metadataset,SVM_RBF,0.85,Defaults,Defaults,0.5406118511145586,0.4593881488854415
Ela_metadataset,SVM_RBF,0.85,Tuning,Defaults,0.5,0.5
Ela_metadataset,SVM_RBF,0.85,Tuning,Tuning,0.18414878401018867,0.8158512159898111
Ela_metadataset,SVM_RBF,0.85,Tuning,Tuning,0.15244202045380967,0.8475579795461903
Ela_metadataset,SVM_RBF,0.85,Defaults,Tuning,0.19958242120438166,0.8004175787956184
Ela_metadataset,SVM_RBF,0.85,Defaults,Tuning,0.17797934378818042,0.8220206562118195
Ela_metadataset,SVM_RBF,0.85,Defaults,Tuning,0.41286190505459813,0.587138094945402
Ela_metadataset,SVM_RBF,0.85,Tuning,Tuning,0.15155611770001362,0.8484438822999865
Ela_metadataset,SVM_RBF,0.85,Defaults,Tuning,0.3484853323272548,0.6515146676727454
Ela_metadataset,SVM_RBF,0.85,Tuning,Tuning,0.2550698725395692,0.744930127460431
Ela_metadataset,SVM_RBF,0.85,Tuning,Tuning,0.12263887361759129,0.8773611263824088
Ela_metadataset,SVM_RBF,0.85,Defaults,Tuning,0.22347439027441807,0.7765256097255819
Ela_metadataset,SVM_RBF,0.85,Defaults,Tuning,0.2585802994937386,0.7414197005062613
Ela_metadataset,SVM_RBF,0.85,Tuning,Tuning,0.230883386805149,0.7691166131948509
Ela_metadataset,SVM_RBF,0.85,Tuning,Tuning,0.33643207683082454,0.6635679231691755
Ela_metadataset,SVM_RBF,0.85,Defaults,Tuning,0.4482593229694696,0.5517406770305303
Ela_metadataset,SVM_RBF,0.85,Tuning,Tuning,0.11866161203196092,0.8813383879680391
Ela_metadataset,SVM_RBF,0.85,Tuning,Tuning,0.46802755572288174,0.5319724442771182
Ela_metadataset,SVM_RBF,0.85,Tuning,Tuning,0.4870925887042191,0.512907411295781
Ela_metadataset,SVM_RBF,0.85,Tuning,Tuning,0.21521221876395996,0.7847877812360399
Ela_metadataset,SVM_RBF,0.9,Tuning,Tuning,0.2839223974018321,0.7160776025981678
Ela_metadataset,SVM_RBF,0.9,Tuning,Tuning,0.1436667340571383,0.8563332659428619
Ela_metadataset,SVM_RBF,0.9,Defaults,Defaults,0.7373885413536364,0.26261145864636354
Ela_metadataset,SVM_RBF,0.9,Tuning,Tuning,0.125016429261765,0.8749835707382351
Ela_metadataset,SVM_RBF,0.9,Tuning,Tuning,0.04514418870013999,0.95485581129986
Ela_metadataset,SVM_RBF,0.9,Tuning,Tuning,0.24299260065222217,0.7570073993477779
Ela_metadataset,SVM_RBF,0.9,Tuning,Tuning,0.062429008560141164,0.9375709914398589
Ela_metadataset,SVM_RBF,0.9,Defaults,Tuning,0.32671837508157603,0.6732816249184239
Ela_metadataset,SVM_RBF,0.9,Defaults,Tuning,0.3507963565373262,0.6492036434626738
Ela_metadataset,SVM_RBF,0.9,Tuning,Tuning,0.2537630190224826,0.7462369809775173
Ela_metadataset,SVM_RBF,0.9,Tuning,Tuning,0.050316435769354635,0.9496835642306454
Ela_metadataset,SVM_RBF,0.9,Defaults,Tuning,0.3139008035424245,0.6860991964575756
Ela_metadataset,SVM_RBF,0.9,Tuning,Tuning,0.23345906278500902,0.7665409372149911
Ela_metadataset,SVM_RBF,0.9,Tuning,Tuning,0.2971727632735476,0.7028272367264522
Ela_metadataset,SVM_RBF,0.9,Tuning,Tuning,0.2806993637912099,0.7193006362087901
Ela_metadataset,SVM_RBF,0.9,Tuning,Tuning,0.08471318811722306,0.9152868118827768
Ela_metadataset,SVM_RBF,0.9,Defaults,Defaults,0.745277873652817,0.25472212634718333
Ela_metadataset,SVM_RBF,0.9,Tuning,Tuning,0.09113680222995049,0.9088631977700495
Ela_metadataset,SVM_RBF,0.9,Defaults,Defaults,0.5106775297185118,0.4893224702814881
Ela_metadataset,SVM_RBF,0.9,Tuning,Defaults,0.7858208901988192,0.21417910980118096
Ela_metadataset,SVM_RBF,0.9,Tuning,Tuning,0.3131201479032649,0.6868798520967349
Ela_metadataset,SVM_RBF,0.9,Defaults,Defaults,0.5,0.5
Ela_metadataset,SVM_RBF,0.9,Tuning,Defaults,0.8714900571316988,0.12850994286830109
Ela_metadataset,SVM_RBF,0.9,Tuning,Tuning,0.1693762498507488,0.8306237501492512
Ela_metadataset,SVM_RBF,0.9,Tuning,Tuning,0.09666404271161252,0.9033359572883874
Ela_metadataset,SVM_RBF,0.9,Tuning,Tuning,0.3181961545967052,0.6818038454032948
Ela_metadataset,SVM_RBF,0.9,Tuning,Tuning,0.07020572885773647,0.9297942711422634
Ela_metadataset,SVM_RBF,0.9,Tuning,Tuning,0.09804257490847809,0.9019574250915222
Ela_metadataset,SVM_RBF,0.9,Tuning,Tuning,0.05599890272519568,0.9440010972748044
Ela_metadataset,SVM_RBF,0.9,Tuning,Tuning,0.1408139902861741,0.8591860097138259
Ela_metadataset,SVM_RBF,0.9,Tuning,Tuning,0.1451041914751694,0.8548958085248307
Ela_metadataset,SVM_RBF,0.9,Tuning,Tuning,0.06558332853709299,0.934416671462907
Ela_metadataset,SVM_RBF,0.9,Defaults,Defaults,0.6829186495404559,0.31708135045954405
Ela_metadataset,SVM_RBF,0.9,Defaults,Tuning,0.4892302709566391,0.5107697290433609
Ela_metadataset,SVM_RBF,0.9,Tuning,Tuning,0.11105589310107106,0.888944106898929
Ela_metadataset,SVM_RBF,0.9,Tuning,Tuning,0.27097127714081864,0.7290287228591814
Ela_metadataset,SVM_RBF,0.9,Tuning,Tuning,0.4191613722321044,0.5808386277678956
Ela_metadataset,SVM_RBF,0.9,Defaults,Tuning,0.35835226755465127,0.6416477324453487
Ela_metadataset,SVM_RBF,0.9,Tuning,Tuning,0.22037283496396878,0.7796271650360314
Ela_metadataset,SVM_RBF,0.9,Defaults,Tuning,0.4949698938810618,0.5050301061189382
Ela_metadataset,SVM_RBF,0.9,Tuning,Tuning,0.19487976070716076,0.8051202392928392
Ela_metadataset,SVM_RBF,0.9,Tuning,Tuning,0.09464692671468311,0.905353073285317
Ela_metadataset,SVM_RBF,0.9,Tuning,Tuning,0.25623298660925337,0.7437670133907466
Ela_metadataset,SVM_RBF,0.9,Tuning,Tuning,0.14863777166765288,0.8513622283323471
Ela_metadataset,SVM_RBF,0.9,Tuning,Tuning,0.2720008085425621,0.7279991914574381
Ela_metadataset,SVM_RBF,0.9,Tuning,Tuning,0.18068232203186785,0.8193176779681322
Ela_metadataset,SVM_RBF,0.9,Tuning,Tuning,0.20011337135692925,0.7998866286430709
Ela_metadataset,SVM_RBF,0.9,Tuning,Tuning,0.12485333904629609,0.875146660953704
Ela_metadataset,SVM_RBF,0.9,Tuning,Tuning,0.2864432390936666,0.7135567609063335
Ela_metadataset,SVM_RBF,0.9,Tuning,Tuning,0.11935548879033496,0.8806445112096652
Ela_metadataset,SVM_RBF,0.9,Defaults,Tuning,0.45661412536220286,0.543385874637797
Ela_metadataset,SVM_RBF,0.9,Tuning,Tuning,0.1275662874481028,0.8724337125518973
Ela_metadataset,SVM_RBF,0.9,Tuning,Tuning,0.10100440101367049,0.8989955989863293
Ela_metadataset,SVM_RBF,0.9,Defaults,Tuning,0.1345577822835288,0.8654422177164711
Ela_metadataset,SVM_RBF,0.9,Tuning,Tuning,0.3556529715248226,0.6443470284751774
Ela_metadataset,SVM_RBF,0.9,Tuning,Tuning,0.20083833124980094,0.7991616687501991
Ela_metadataset,SVM_RBF,0.9,Tuning,Tuning,0.10773629023122853,0.8922637097687715
Ela_metadataset,SVM_RBF,0.9,Tuning,Tuning,0.41794059668707584,0.5820594033129239
Ela_metadataset,SVM_RBF,0.9,Tuning,Tuning,0.4355280495839511,0.564471950416049
Ela_metadataset,SVM_RBF,0.9,Tuning,Tuning,0.370057888305906,0.629942111694094
Ela_metadataset,SVM_RBF,0.9,Tuning,Tuning,0.19081918044735324,0.8091808195526469
Ela_metadataset,SVM_RBF,0.9,Tuning,Tuning,0.24205347040574654,0.7579465295942535
Ela_metadataset,SVM_RBF,0.9,Tuning,Tuning,0.14959418816867345,0.8504058118313265
Ela_metadataset,SVM_RBF,0.9,Defaults,Tuning,0.3534667950178154,0.6465332049821844
Ela_metadataset,SVM_RBF,0.9,Tuning,Tuning,0.4321937216195583,0.5678062783804417
Ela_metadataset,SVM_RBF,0.9,Defaults,Defaults,0.5177023990650058,0.48229760093499435
Ela_metadataset,SVM_RBF,0.9,Tuning,Tuning,0.17745938355885502,0.8225406164411448
Ela_metadataset,SVM_RBF,0.9,Tuning,Tuning,0.21146635892354043,0.7885336410764597
Ela_metadataset,SVM_RBF,0.9,Tuning,Tuning,0.25924630871718424,0.7407536912828157
Ela_metadataset,SVM_RBF,0.9,Tuning,Tuning,0.48700794132216024,0.5129920586778398
Ela_metadataset,SVM_RBF,0.9,Tuning,Tuning,0.41897070037543355,0.5810292996245666
Ela_metadataset,SVM_RBF,0.9,Defaults,Tuning,0.364888944283464,0.635111055716536
Ela_metadataset,SVM_RBF,0.9,Tuning,Tuning,0.3795198389386063,0.6204801610613937
Ela_metadataset,SVM_RBF,0.9,Defaults,Tuning,0.30600174886690157,0.6939982511330982
Ela_metadataset,SVM_RBF,0.9,Defaults,Tuning,0.367359933619942,0.6326400663800579
Ela_metadataset,SVM_RBF,0.9,Defaults,Tuning,0.18564521940865203,0.814354780591348
Ela_metadataset,SVM_RBF,0.9,Defaults,Tuning,0.30121336650757696,0.6987866334924232
Ela_metadataset,SVM_RBF,0.9,Tuning,Tuning,0.20154052756319019,0.7984594724368098
Ela_metadataset,SVM_RBF,0.9,Tuning,Tuning,0.28580633861426147,0.7141936613857385
Ela_metadataset,SVM_RBF,0.9,Tuning,Tuning,0.27796582488126675,0.7220341751187332
Ela_metadataset,SVM_RBF,0.9,Defaults,Tuning,0.3298792951277448,0.6701207048722554
Ela_metadataset,SVM_RBF,0.9,Defaults,Tuning,0.2474120396692005,0.7525879603307994
Ela_metadataset,SVM_RBF,0.9,Defaults,Tuning,0.31528439445046613,0.6847156055495338
Ela_metadataset,SVM_RBF,0.9,Defaults,Defaults,0.5356564324493608,0.4643435675506392
Ela_metadataset,SVM_RBF,0.9,Tuning,Tuning,0.4767798236774204,0.5232201763225794
Ela_metadataset,SVM_RBF,0.9,Tuning,Defaults,0.6720877778047488,0.3279122221952513
Ela_metadataset,SVM_RBF,0.9,Defaults,Defaults,0.6689400213912979,0.3310599786087021
Ela_metadataset,SVM_RBF,0.9,Tuning,Tuning,0.16652033530481294,0.8334796646951871
Ela_metadataset,SVM_RBF,0.9,Defaults,Tuning,0.26100593717049203,0.738994062829508
Ela_metadataset,SVM_RBF,0.9,Tuning,Tuning,0.12716161914721033,0.8728383808527895
Ela_metadataset,SVM_RBF,0.9,Tuning,Tuning,0.23870973821017438,0.7612902617898256
Ela_metadataset,SVM_RBF,0.9,Defaults,Defaults,0.5588430929973883,0.4411569070026117
Ela_metadataset,SVM_RBF,0.9,Tuning,Tuning,0.26233449083012766,0.7376655091698724
Ela_metadataset,SVM_RBF,0.9,Defaults,Defaults,0.6353470670776777,0.36465293292232226
Ela_metadataset,SVM_RBF,0.9,Tuning,Tuning,0.24273362733799655,0.7572663726620036
Ela_metadataset,SVM_RBF,0.9,Tuning,Tuning,0.1319110208739796,0.8680889791260203
Ela_metadataset,SVM_RBF,0.9,Tuning,Tuning,0.2168037590799613,0.7831962409200387
Ela_metadataset,SVM_RBF,0.9,Defaults,Tuning,0.15178750303579905,0.8482124969642011
Ela_metadataset,SVM_RBF,0.9,Tuning,Tuning,0.08280067817120776,0.9171993218287924
Ela_metadataset,SVM_RBF,0.9,Tuning,Tuning,0.25298304637056657,0.7470169536294337
Ela_metadataset,SVM_RBF,0.9,Tuning,Tuning,0.08487956725765253,0.9151204327423477
Ela_metadataset,SVM_RBF,0.9,Defaults,Tuning,0.14651048612613385,0.853489513873866
Ela_metadataset,SVM_RBF,0.9,Tuning,Tuning,0.25156425624875656,0.7484357437512434
Ela_metadataset,SVM_RBF,0.9,Tuning,Tuning,0.25871644165559843,0.7412835583444015
Ela_metadataset,SVM_RBF,0.9,Tuning,Tuning,0.08044023735854518,0.9195597626414549
Ela_metadataset,SVM_RBF,0.9,Tuning,Tuning,0.09512370028673904,0.904876299713261
Ela_metadataset,SVM_RBF,0.9,Tuning,Defaults,0.5,0.5
Ela_metadataset,SVM_RBF,0.9,Tuning,Tuning,0.21179368205808957,0.7882063179419108
Ela_metadataset,SVM_RBF,0.9,Tuning,Tuning,0.11664291879253642,0.8833570812074637
Ela_metadataset,SVM_RBF,0.9,Defaults,Tuning,0.26075835320812313,0.7392416467918766
Ela_metadataset,SVM_RBF,0.9,Tuning,Tuning,0.10085457866030759,0.8991454213396923
Ela_metadataset,SVM_RBF,0.9,Tuning,Tuning,0.1222642860535277,0.8777357139464724
Ela_metadataset,SVM_RBF,0.9,Tuning,Tuning,0.1770656589432859,0.8229343410567143
Ela_metadataset,SVM_RBF,0.9,Tuning,Tuning,0.1891059345072341,0.8108940654927658
Ela_metadataset,SVM_RBF,0.9,Tuning,Tuning,0.22039992252620294,0.7796000774737972
Ela_metadataset,SVM_RBF,0.9,Tuning,Tuning,0.21085852937547037,0.7891414706245296
Ela_metadataset,SVM_RBF,0.9,Tuning,Defaults,0.7868856333321991,0.21311436666780106
Ela_metadataset,SVM_RBF,0.9,Tuning,Tuning,0.22279121704128166,0.7772087829587181
Ela_metadataset,SVM_RBF,0.9,Defaults,Defaults,0.6968098063009457,0.3031901936990542
Ela_metadataset,SVM_RBF,0.9,Tuning,Tuning,0.08809200829491858,0.9119079917050816
Ela_metadataset,SVM_RBF,0.9,Defaults,Tuning,0.11682376469264565,0.8831762353073545
Ela_metadataset,SVM_RBF,0.9,Tuning,Tuning,0.047630081657824896,0.9523699183421751
Ela_metadataset,SVM_RBF,0.9,Tuning,Defaults,0.5702617530930351,0.429738246906965
Ela_metadataset,SVM_RBF,0.9,Tuning,Tuning,0.1748723047611884,0.8251276952388116
Ela_metadataset,SVM_RBF,0.9,Tuning,Tuning,0.13100983542819566,0.8689901645718042
Ela_metadataset,SVM_RBF,0.9,Defaults,Tuning,0.23077387754661888,0.7692261224533811
Ela_metadataset,SVM_RBF,0.9,Defaults,Tuning,0.3827856400103985,0.6172143599896015
Ela_metadataset,SVM_RBF,0.9,Tuning,Tuning,0.15300917390164204,0.8469908260983581
Ela_metadataset,SVM_RBF,0.9,Tuning,Tuning,0.14301294390564165,0.8569870560943584
Ela_metadataset,SVM_RBF,0.9,Tuning,Tuning,0.2111275928208759,0.788872407179124
Ela_metadataset,SVM_RBF,0.9,Tuning,Tuning,0.17335622974907788,0.8266437702509221
Ela_metadataset,SVM_RBF,0.9,Tuning,Tuning,0.39615761265435895,0.603842387345641
Ela_metadataset,SVM_RBF,0.9,Tuning,Tuning,0.13028004800389303,0.8697199519961069
Ela_metadataset,SVM_RBF,0.9,Tuning,Tuning,0.1263060862179808,0.8736939137820191
Ela_metadataset,SVM_RBF,0.9,Tuning,Tuning,0.354694330052523,0.6453056699474771
Ela_metadataset,SVM_RBF,0.9,Defaults,Tuning,0.19072737322634012,0.8092726267736597
Ela_metadataset,SVM_RBF,0.9,Tuning,Defaults,0.5743825602688434,0.42561743973115657
Ela_metadataset,SVM_RBF,0.9,Tuning,Tuning,0.2967506910687967,0.7032493089312032
Ela_metadataset,SVM_RBF,0.9,Tuning,Tuning,0.22046248389237275,0.7795375161076273
Ela_metadataset,SVM_RBF,0.9,Tuning,Tuning,0.49004593897138243,0.5099540610286175
Ela_metadataset,SVM_RBF,0.9,Defaults,Tuning,0.4300784645265577,0.5699215354734425
Ela_metadataset,SVM_RBF,0.9,Tuning,Tuning,0.16206899397053653,0.8379310060294637
Ela_metadataset,SVM_RBF,0.9,Tuning,Tuning,0.11853314365568242,0.8814668563443175
Ela_metadataset,SVM_RBF,0.9,Tuning,Tuning,0.13195059578736076,0.8680494042126392
Ela_metadataset,SVM_RBF,0.9,Defaults,Tuning,0.11084244655671426,0.8891575534432858
Ela_metadataset,SVM_RBF,0.9,Tuning,Tuning,0.19150729111437864,0.8084927088856213
Ela_metadataset,SVM_RBF,0.9,Tuning,Tuning,0.2554940508957885,0.7445059491042114
Ela_metadataset,SVM_RBF,0.9,Tuning,Tuning,0.14918223830168093,0.850817761698319
Ela_metadataset,SVM_RBF,0.9,Defaults,Defaults,0.8002983012117126,0.19970169878828745
Ela_metadataset,SVM_RBF,0.9,Defaults,Defaults,0.5350723892835749,0.46492761071642513
Ela_metadataset,SVM_RBF,0.9,Tuning,Tuning,0.4730756829148436,0.5269243170851564
Ela_metadataset,SVM_RBF,0.9,Tuning,Tuning,0.1952621381173703,0.8047378618826296
Ela_metadataset,SVM_RBF,0.9,Tuning,Tuning,0.14076218933025203,0.8592378106697477
Ela_metadataset,SVM_RBF,0.9,Defaults,Tuning,0.1914930591412413,0.8085069408587587
Ela_metadataset,SVM_RBF,0.9,Defaults,Tuning,0.1902961744910313,0.8097038255089687
Ela_metadataset,SVM_RBF,0.9,Defaults,Tuning,0.39699636543802674,0.6030036345619733
Ela_metadataset,SVM_RBF,0.9,Tuning,Tuning,0.17755305903937332,0.8224469409606268
Ela_metadataset,SVM_RBF,0.9,Defaults,Tuning,0.3493278398917261,0.6506721601082739
Ela_metadataset,SVM_RBF,0.9,Tuning,Tuning,0.24741307584752376,0.7525869241524764
Ela_metadataset,SVM_RBF,0.9,Tuning,Tuning,0.12580209112733964,0.8741979088726605
Ela_metadataset,SVM_RBF,0.9,Defaults,Tuning,0.2359762635928374,0.7640237364071624
Ela_metadataset,SVM_RBF,0.9,Defaults,Tuning,0.28340245530820585,0.7165975446917938
Ela_metadataset,SVM_RBF,0.9,Tuning,Tuning,0.23382170069075772,0.7661782993092421
Ela_metadataset,SVM_RBF,0.9,Tuning,Tuning,0.37242588559792794,0.627574114402072
Ela_metadataset,SVM_RBF,0.9,Defaults,Tuning,0.4925619613853433,0.5074380386146566
Ela_metadataset,SVM_RBF,0.9,Tuning,Tuning,0.11822329144452635,0.8817767085554739
Ela_metadataset,SVM_RBF,0.9,Tuning,Tuning,0.4870270440236108,0.5129729559763891
Ela_metadataset,SVM_RBF,0.9,Tuning,Defaults,0.5,0.5
Ela_metadataset,SVM_RBF,0.9,Tuning,Tuning,0.21742877632319813,0.782571223676802
Ela_metadataset,SVM_RBF,0.95,Tuning,Tuning,0.27425471402635715,0.7257452859736427
Ela_metadataset,SVM_RBF,0.95,Tuning,Tuning,0.10876123992385736,0.8912387600761427
Ela_metadataset,SVM_RBF,0.95,Defaults,Defaults,0.7549123006513934,0.2450876993486066
Ela_metadataset,SVM_RBF,0.95,Tuning,Tuning,0.12293332613211634,0.8770666738678838
Ela_metadataset,SVM_RBF,0.95,Tuning,Tuning,0.04391182063417008,0.9560881793658297
Ela_metadataset,SVM_RBF,0.95,Tuning,Tuning,0.2855230492380651,0.7144769507619351
Ela_metadataset,SVM_RBF,0.95,Tuning,Tuning,0.05382108607454685,0.9461789139254534
Ela_metadataset,SVM_RBF,0.95,Defaults,Tuning,0.3346093504716614,0.6653906495283384
Ela_metadataset,SVM_RBF,0.95,Defaults,Tuning,0.3834717325741547,0.6165282674258452
Ela_metadataset,SVM_RBF,0.95,Tuning,Tuning,0.2406908533045816,0.7593091466954186
Ela_metadataset,SVM_RBF,0.95,Tuning,Tuning,0.04628817004104422,0.9537118299589559
Ela_metadataset,SVM_RBF,0.95,Defaults,Tuning,0.35819301167970596,0.641806988320294
Ela_metadataset,SVM_RBF,0.95,Tuning,Tuning,0.24607285655999495,0.7539271434400051
Ela_metadataset,SVM_RBF,0.95,Tuning,Tuning,0.3393009179879817,0.6606990820120182
Ela_metadataset,SVM_RBF,0.95,Tuning,Tuning,0.2840943556492726,0.7159056443507273
Ela_metadataset,SVM_RBF,0.95,Tuning,Tuning,0.07839999640385549,0.9216000035961446
Ela_metadataset,SVM_RBF,0.95,Defaults,Defaults,0.7063178975018325,0.29368210249816756
Ela_metadataset,SVM_RBF,0.95,Tuning,Tuning,0.09412345184675376,0.9058765481532461
Ela_metadataset,SVM_RBF,0.95,Defaults,Tuning,0.47447207429916627,0.5255279257008337
Ela_metadataset,SVM_RBF,0.95,Tuning,Defaults,0.8104890646660471,0.1895109353339528
Ela_metadataset,SVM_RBF,0.95,Tuning,Tuning,0.30122602853238434,0.6987739714676157
Ela_metadataset,SVM_RBF,0.95,Defaults,Tuning,0.4735601587330362,0.5264398412669639
Ela_metadataset,SVM_RBF,0.95,Tuning,Defaults,0.8687380481774627,0.13126195182253744
Ela_metadataset,SVM_RBF,0.95,Tuning,Tuning,0.16022364563637082,0.8397763543636291
Ela_metadataset,SVM_RBF,0.95,Tuning,Tuning,0.09466531519379169,0.9053346848062084
Ela_metadataset,SVM_RBF,0.95,Tuning,Tuning,0.318802689623579,0.6811973103764211
Ela_metadataset,SVM_RBF,0.95,Tuning,Tuning,0.06391717353749803,0.936082826462502
Ela_metadataset,SVM_RBF,0.95,Tuning,Tuning,0.09778418330189607,0.902215816698104
Ela_metadataset,SVM_RBF,0.95,Tuning,Tuning,0.05588106405868837,0.9441189359413117
Ela_metadataset,SVM_RBF,0.95,Tuning,Tuning,0.14282450739951655,0.8571754926004836
Ela_metadataset,SVM_RBF,0.95,Tuning,Tuning,0.14775897091838183,0.852241029081618
Ela_metadataset,SVM_RBF,0.95,Tuning,Tuning,0.06303798687269388,0.936962013127306
Ela_metadataset,SVM_RBF,0.95,Defaults,Defaults,0.7546008234643592,0.24539917653564067
Ela_metadataset,SVM_RBF,0.95,Defaults,Defaults,0.5184022426219551,0.4815977573780448
Ela_metadataset,SVM_RBF,0.95,Tuning,Tuning,0.0929143052146461,0.9070856947853542
Ela_metadataset,SVM_RBF,0.95,Tuning,Tuning,0.21895570382107232,0.7810442961789277
Ela_metadataset,SVM_RBF,0.95,Tuning,Tuning,0.37544809342428553,0.6245519065757145
Ela_metadataset,SVM_RBF,0.95,Defaults,Tuning,0.400450632346921,0.599549367653079
Ela_metadataset,SVM_RBF,0.95,Tuning,Tuning,0.2229768856332397,0.7770231143667603
Ela_metadataset,SVM_RBF,0.95,Defaults,Tuning,0.461350960285431,0.5386490397145689
Ela_metadataset,SVM_RBF,0.95,Tuning,Tuning,0.18317941051555384,0.8168205894844462
Ela_metadataset,SVM_RBF,0.95,Tuning,Tuning,0.11809815615804949,0.8819018438419506
Ela_metadataset,SVM_RBF,0.95,Tuning,Tuning,0.25430270346571954,0.7456972965342805
Ela_metadataset,SVM_RBF,0.95,Tuning,Tuning,0.12379905765781161,0.8762009423421881
Ela_metadataset,SVM_RBF,0.95,Tuning,Tuning,0.2777205624275774,0.7222794375724224
Ela_metadataset,SVM_RBF,0.95,Tuning,Tuning,0.17532440920918746,0.8246755907908127
Ela_metadataset,SVM_RBF,0.95,Tuning,Tuning,0.19854048983371536,0.8014595101662845
Ela_metadataset,SVM_RBF,0.95,Tuning,Tuning,0.11793982313033213,0.8820601768696679
Ela_metadataset,SVM_RBF,0.95,Tuning,Tuning,0.3320687619090199,0.66793123809098
Ela_metadataset,SVM_RBF,0.95,Tuning,Tuning,0.09579998989352906,0.9042000101064711
Ela_metadataset,SVM_RBF,0.95,Defaults,Tuning,0.4783181140230546,0.5216818859769454
Ela_metadataset,SVM_RBF,0.95,Tuning,Tuning,0.12512559834191658,0.8748744016580835
Ela_metadataset,SVM_RBF,0.95,Tuning,Tuning,0.10828830131207205,0.8917116986879279
Ela_metadataset,SVM_RBF,0.95,Defaults,Tuning,0.09749074811964807,0.9025092518803518
Ela_metadataset,SVM_RBF,0.95,Tuning,Tuning,0.38801881953132095,0.6119811804686791
Ela_metadataset,SVM_RBF,0.95,Tuning,Tuning,0.221306766182858,0.7786932338171421
Ela_metadataset,SVM_RBF,0.95,Tuning,Tuning,0.10004583825116303,0.8999541617488371
Ela_metadataset,SVM_RBF,0.95,Tuning,Tuning,0.443215380575504,0.5567846194244958
Ela_metadataset,SVM_RBF,0.95,Tuning,Tuning,0.42957970166288945,0.5704202983371105
Ela_metadataset,SVM_RBF,0.95,Tuning,Tuning,0.3884471754492732,0.6115528245507268
Ela_metadataset,SVM_RBF,0.95,Tuning,Tuning,0.21035572638848124,0.7896442736115186
Ela_metadataset,SVM_RBF,0.95,Tuning,Tuning,0.21217277448348815,0.7878272255165121
Ela_metadataset,SVM_RBF,0.95,Tuning,Tuning,0.16970098717389023,0.8302990128261099
Ela_metadataset,SVM_RBF,0.95,Defaults,Tuning,0.3928239715220312,0.6071760284779689
Ela_metadataset,SVM_RBF,0.95,Tuning,Tuning,0.3961362354254843,0.6038637645745156
Ela_metadataset,SVM_RBF,0.95,Defaults,Defaults,0.512192150547651,0.4878078494523489
Ela_metadataset,SVM_RBF,0.95,Tuning,Tuning,0.17905928785379868,0.8209407121462015
Ela_metadataset,SVM_RBF,0.95,Tuning,Tuning,0.20945826214814742,0.7905417378518528
Ela_metadataset,SVM_RBF,0.95,Tuning,Tuning,0.26805834456010524,0.7319416554398946
Ela_metadataset,SVM_RBF,0.95,Tuning,Defaults,0.5200954191751016,0.47990458082489834
Ela_metadataset,SVM_RBF,0.95,Tuning,Tuning,0.45942375857332485,0.5405762414266752
Ela_metadataset,SVM_RBF,0.95,Defaults,Tuning,0.3784896725865153,0.6215103274134848
Ela_metadataset,SVM_RBF,0.95,Tuning,Tuning,0.39120502234508775,0.6087949776549122
Ela_metadataset,SVM_RBF,0.95,Defaults,Tuning,0.3165169245586575,0.6834830754413426
Ela_metadataset,SVM_RBF,0.95,Defaults,Tuning,0.38117210894354403,0.618827891056456
Ela_metadataset,SVM_RBF,0.95,Defaults,Tuning,0.2059454108495707,0.7940545891504294
Ela_metadataset,SVM_RBF,0.95,Defaults,Tuning,0.33023633048880247,0.6697636695111975
Ela_metadataset,SVM_RBF,0.95,Tuning,Tuning,0.19322206075916556,0.8067779392408345
Ela_metadataset,SVM_RBF,0.95,Tuning,Tuning,0.28862599556431284,0.7113740044356872
Ela_metadataset,SVM_RBF,0.95,Tuning,Tuning,0.28530869845027845,0.7146913015497217
Ela_metadataset,SVM_RBF,0.95,Defaults,Tuning,0.3256357415533542,0.6743642584466458
Ela_metadataset,SVM_RBF,0.95,Defaults,Tuning,0.2497115569131647,0.7502884430868354
Ela_metadataset,SVM_RBF,0.95,Defaults,Tuning,0.37245929554932294,0.6275407044506771
Ela_metadataset,SVM_RBF,0.95,Defaults,Defaults,0.5784171727155575,0.4215828272844427
Ela_metadataset,SVM_RBF,0.95,Tuning,Tuning,0.4916208394402945,0.5083791605597054
Ela_metadataset,SVM_RBF,0.95,Tuning,Defaults,0.7153691519802593,0.28463084801974076
Ela_metadataset,SVM_RBF,0.95,Defaults,Defaults,0.7429458949119181,0.257054105088082
Ela_metadataset,SVM_RBF,0.95,Tuning,Tuning,0.15238826279029216,0.8476117372097077
Ela_metadataset,SVM_RBF,0.95,Defaults,Tuning,0.2825207646512692,0.7174792353487308
Ela_metadataset,SVM_RBF,0.95,Tuning,Tuning,0.1275326278857066,0.8724673721142931
Ela_metadataset,SVM_RBF,0.95,Tuning,Tuning,0.25963015580334764,0.7403698441966522
Ela_metadataset,SVM_RBF,0.95,Defaults,Defaults,0.605111080488181,0.394888919511819
Ela_metadataset,SVM_RBF,0.95,Tuning,Tuning,0.2558797782939001,0.7441202217061001
Ela_metadataset,SVM_RBF,0.95,Defaults,Defaults,0.6499367918860945,0.35006320811390557
Ela_metadataset,SVM_RBF,0.95,Tuning,Tuning,0.23014875448062452,0.7698512455193757
Ela_metadataset,SVM_RBF,0.95,Tuning,Tuning,0.11109657255001158,0.8889034274499885
Ela_metadataset,SVM_RBF,0.95,Tuning,Tuning,0.23078894145835108,0.7692110585416491
Ela_metadataset,SVM_RBF,0.95,Defaults,Tuning,0.138920327606576,0.8610796723934241
Ela_metadataset,SVM_RBF,0.95,Tuning,Tuning,0.07991091184721419,0.9200890881527856
Ela_metadataset,SVM_RBF,0.95,Tuning,Tuning,0.23223516742201303,0.767764832577987
Ela_metadataset,SVM_RBF,0.95,Tuning,Tuning,0.08434426310340513,0.9156557368965947
Ela_metadataset,SVM_RBF,0.95,Defaults,Tuning,0.13012868747882958,0.8698713125211703
Ela_metadataset,SVM_RBF,0.95,Tuning,Tuning,0.2481332112579441,0.7518667887420558
Ela_metadataset,SVM_RBF,0.95,Tuning,Tuning,0.2690411357623496,0.7309588642376503
Ela_metadataset,SVM_RBF,0.95,Tuning,Tuning,0.08139933743758922,0.9186006625624109
Ela_metadataset,SVM_RBF,0.95,Tuning,Tuning,0.09631858899339449,0.9036814110066055
Ela_metadataset,SVM_RBF,0.95,Tuning,Tuning,0.4835247938393317,0.5164752061606684
Ela_metadataset,SVM_RBF,0.95,Tuning,Tuning,0.23977244445292795,0.760227555547072
Ela_metadataset,SVM_RBF,0.95,Tuning,Tuning,0.11748147989311811,0.8825185201068819
Ela_metadataset,SVM_RBF,0.95,Defaults,Tuning,0.26632532983601276,0.7336746701639871
Ela_metadataset,SVM_RBF,0.95,Tuning,Tuning,0.11299503773287708,0.8870049622671229
Ela_metadataset,SVM_RBF,0.95,Tuning,Tuning,0.10354063249008312,0.896459367509917
Ela_metadataset,SVM_RBF,0.95,Tuning,Tuning,0.17538327043317584,0.8246167295668241
Ela_metadataset,SVM_RBF,0.95,Tuning,Tuning,0.19124817599471589,0.8087518240052841
Ela_metadataset,SVM_RBF,0.95,Tuning,Tuning,0.2238028066286382,0.7761971933713622
Ela_metadataset,SVM_RBF,0.95,Tuning,Tuning,0.2079885993783729,0.7920114006216271
Ela_metadataset,SVM_RBF,0.95,Tuning,Defaults,0.8056074924608653,0.1943925075391347
Ela_metadataset,SVM_RBF,0.95,Tuning,Tuning,0.24269961189620431,0.7573003881037957
Ela_metadataset,SVM_RBF,0.95,Defaults,Defaults,0.7108425881810975,0.2891574118189023
Ela_metadataset,SVM_RBF,0.95,Tuning,Tuning,0.0918572162606233,0.9081427837393768
Ela_metadataset,SVM_RBF,0.95,Defaults,Tuning,0.143641056738202,0.856358943261798
Ela_metadataset,SVM_RBF,0.95,Tuning,Tuning,0.045311825233684835,0.9546881747663151
Ela_metadataset,SVM_RBF,0.95,Tuning,Defaults,0.5612175593075883,0.43878244069241173
Ela_metadataset,SVM_RBF,0.95,Tuning,Tuning,0.17793891446667223,0.8220610855333277
Ela_metadataset,SVM_RBF,0.95,Tuning,Tuning,0.14195044932293913,0.8580495506770608
Ela_metadataset,SVM_RBF,0.95,Defaults,Tuning,0.21897812057783012,0.7810218794221697
Ela_metadataset,SVM_RBF,0.95,Defaults,Tuning,0.4212016693554481,0.578798330644552
Ela_metadataset,SVM_RBF,0.95,Tuning,Tuning,0.1415234055048004,0.8584765944951998
Ela_metadataset,SVM_RBF,0.95,Tuning,Tuning,0.13138732849756013,0.8686126715024399
Ela_metadataset,SVM_RBF,0.95,Tuning,Tuning,0.20522401451716757,0.7947759854828326
Ela_metadataset,SVM_RBF,0.95,Tuning,Tuning,0.1471664117260442,0.8528335882739556
Ela_metadataset,SVM_RBF,0.95,Tuning,Tuning,0.38987903238820243,0.6101209676117977
Ela_metadataset,SVM_RBF,0.95,Tuning,Tuning,0.1470829682733106,0.8529170317266895
Ela_metadataset,SVM_RBF,0.95,Tuning,Tuning,0.11991570898785012,0.8800842910121498
Ela_metadataset,SVM_RBF,0.95,Tuning,Tuning,0.3328275412935236,0.6671724587064765
Ela_metadataset,SVM_RBF,0.95,Defaults,Tuning,0.17964009563947025,0.8203599043605297
Ela_metadataset,SVM_RBF,0.95,Tuning,Defaults,0.5367897742955479,0.4632102257044522
Ela_metadataset,SVM_RBF,0.95,Tuning,Tuning,0.29948792301901866,0.7005120769809817
Ela_metadataset,SVM_RBF,0.95,Tuning,Tuning,0.2170348750989678,0.782965124901032
Ela_metadataset,SVM_RBF,0.95,Tuning,Tuning,0.45554787661170343,0.5444521233882966
Ela_metadataset,SVM_RBF,0.95,Defaults,Tuning,0.3268204497458598,0.67317955025414
Ela_metadataset,SVM_RBF,0.95,Tuning,Tuning,0.169303970070519,0.830696029929481
Ela_metadataset,SVM_RBF,0.95,Tuning,Tuning,0.10569061370299067,0.8943093862970094
Ela_metadataset,SVM_RBF,0.95,Tuning,Tuning,0.1349163584256457,0.8650836415743542
Ela_metadataset,SVM_RBF,0.95,Defaults,Tuning,0.11467670625901163,0.8853232937409885
Ela_metadataset,SVM_RBF,0.95,Tuning,Tuning,0.18700424556239637,0.8129957544376037
Ela_metadataset,SVM_RBF,0.95,Tuning,Tuning,0.27164796689293436,0.7283520331070655
Ela_metadataset,SVM_RBF,0.95,Tuning,Tuning,0.1495383758589452,0.8504616241410549
Ela_metadataset,SVM_RBF,0.95,Defaults,Defaults,0.741990943866537,0.2580090561334631
Ela_metadataset,SVM_RBF,0.95,Defaults,Defaults,0.5401630309160392,0.4598369690839609
Ela_metadataset,SVM_RBF,0.95,Tuning,Tuning,0.4640702548161527,0.5359297451838473
Ela_metadataset,SVM_RBF,0.95,Tuning,Tuning,0.19880669774020923,0.8011933022597908
Ela_metadataset,SVM_RBF,0.95,Tuning,Tuning,0.13298610497792718,0.8670138950220727
Ela_metadataset,SVM_RBF,0.95,Defaults,Tuning,0.18384013693604553,0.8161598630639543
Ela_metadataset,SVM_RBF,0.95,Defaults,Tuning,0.1724035191337242,0.8275964808662759
Ela_metadataset,SVM_RBF,0.95,Defaults,Tuning,0.44846169278854014,0.5515383072114599
Ela_metadataset,SVM_RBF,0.95,Tuning,Tuning,0.15627957234627923,0.8437204276537208
Ela_metadataset,SVM_RBF,0.95,Defaults,Tuning,0.3812586823471183,0.6187413176528815
Ela_metadataset,SVM_RBF,0.95,Tuning,Tuning,0.2512774301005173,0.748722569899483
Ela_metadataset,SVM_RBF,0.95,Tuning,Tuning,0.12842080194302674,0.8715791980569733
Ela_metadataset,SVM_RBF,0.95,Defaults,Tuning,0.23082468379215396,0.769175316207846
Ela_metadataset,SVM_RBF,0.95,Defaults,Tuning,0.2993527643682361,0.7006472356317636
Ela_metadataset,SVM_RBF,0.95,Tuning,Tuning,0.22318717463179888,0.7768128253682012
Ela_metadataset,SVM_RBF,0.95,Tuning,Tuning,0.34257787623888514,0.6574221237611148
Ela_metadataset,SVM_RBF,0.95,Defaults,Tuning,0.41479149626461187,0.5852085037353882
Ela_metadataset,SVM_RBF,0.95,Tuning,Tuning,0.1107821418961768,0.8892178581038234
Ela_metadataset,SVM_RBF,0.95,Tuning,Defaults,0.5,0.5
Ela_metadataset,SVM_RBF,0.95,Tuning,Defaults,0.5270541882288219,0.4729458117711781
Ela_metadataset,SVM_RBF,0.95,Tuning,Tuning,0.20556479783205073,0.7944352021679493
Ela_metadataset,RandomForest,0.8,Tuning,Tuning,0.25,0.75
Ela_metadataset,RandomForest,0.8,Tuning,Tuning,0.24,0.76
Ela_metadataset,RandomForest,0.8,Defaults,Defaults,0.55,0.45
Ela_metadataset,RandomForest,0.8,Tuning,Tuning,0.25,0.75
Ela_metadataset,RandomForest,0.8,Tuning,Tuning,0.01,0.99
Ela_metadataset,RandomForest,0.8,Tuning,Tuning,0.39,0.61
Ela_metadataset,RandomForest,0.8,Tuning,Tuning,0.12,0.88
Ela_metadataset,RandomForest,0.8,Defaults,Tuning,0.08,0.92
Ela_metadataset,RandomForest,0.8,Defaults,Tuning,0.41,0.59
Ela_metadataset,RandomForest,0.8,Tuning,Tuning,0.24,0.76
Ela_metadataset,RandomForest,0.8,Tuning,Tuning,0.02,0.98
Ela_metadataset,RandomForest,0.8,Defaults,Defaults,0.52,0.48
Ela_metadataset,RandomForest,0.8,Tuning,Tuning,0.45,0.55
Ela_metadataset,RandomForest,0.8,Tuning,Defaults,0.52,0.48
Ela_metadataset,RandomForest,0.8,Tuning,Tuning,0.1,0.9
Ela_metadataset,RandomForest,0.8,Tuning,Tuning,0.02,0.98
Ela_metadataset,RandomForest,0.8,Defaults,Defaults,0.59,0.41
Ela_metadataset,RandomForest,0.8,Tuning,Tuning,0.15,0.85
Ela_metadataset,RandomForest,0.8,Defaults,Defaults,0.63,0.37
Ela_metadataset,RandomForest,0.8,Tuning,Defaults,0.79,0.21
Ela_metadataset,RandomForest,0.8,Tuning,Tuning,0.39,0.61
Ela_metadataset,RandomForest,0.8,Defaults,Defaults,0.76,0.24
Ela_metadataset,RandomForest,0.8,Tuning,Defaults,0.55,0.45
Ela_metadataset,RandomForest,0.8,Tuning,Tuning,0.19,0.81
Ela_metadataset,RandomForest,0.8,Tuning,Tuning,0.08,0.92
Ela_metadataset,RandomForest,0.8,Tuning,Tuning,0.23,0.77
Ela_metadataset,RandomForest,0.8,Tuning,Tuning,0.02,0.98
Ela_metadataset,RandomForest,0.8,Tuning,Tuning,0.16,0.84
Ela_metadataset,RandomForest,0.8,Tuning,Tuning,0.07,0.93
Ela_metadataset,RandomForest,0.8,Tuning,Tuning,0.11,0.89
Ela_metadataset,RandomForest,0.8,Tuning,Tuning,0.14,0.86
Ela_metadataset,RandomForest,0.8,Tuning,Tuning,0.02,0.98
Ela_metadataset,RandomForest,0.8,Defaults,Defaults,0.69,0.31
Ela_metadataset,RandomForest,0.8,Defaults,Defaults,0.69,0.31
Ela_metadataset,RandomForest,0.8,Tuning,Tuning,0.11,0.89
Ela_metadataset,RandomForest,0.8,Tuning,Tuning,0.31,0.69
Ela_metadataset,RandomForest,0.8,Tuning,Tuning,0.44,0.56
Ela_metadataset,RandomForest,0.8,Defaults,Defaults,0.51,0.49
Ela_metadataset,RandomForest,0.8,Tuning,Tuning,0.26,0.74
Ela_metadataset,RandomForest,0.8,Defaults,Defaults,0.51,0.49
Ela_metadataset,RandomForest,0.8,Tuning,Tuning,0.17,0.83
Ela_metadataset,RandomForest,0.8,Tuning,Tuning,0.13,0.87
Ela_metadataset,RandomForest,0.8,Tuning,Tuning,0.13,0.87
Ela_metadataset,RandomForest,0.8,Tuning,Tuning,0.1,0.9
Ela_metadataset,RandomForest,0.8,Tuning,Tuning,0.25,0.75
Ela_metadataset,RandomForest,0.8,Tuning,Tuning,0.05,0.95
Ela_metadataset,RandomForest,0.8,Tuning,Tuning,0.22,0.78
Ela_metadataset,RandomForest,0.8,Tuning,Tuning,0.11,0.89
Ela_metadataset,RandomForest,0.8,Tuning,Tuning,0.33,0.67
Ela_metadataset,RandomForest,0.8,Tuning,Tuning,0.12,0.88
Ela_metadataset,RandomForest,0.8,Defaults,Tuning,0.3,0.7
Ela_metadataset,RandomForest,0.8,Tuning,Tuning,0.19,0.81
Ela_metadataset,RandomForest,0.8,Tuning,Tuning,0.15,0.85
Ela_metadataset,RandomForest,0.8,Defaults,Tuning,0.04,0.96
Ela_metadataset,RandomForest,0.8,Tuning,Tuning,0.3,0.7
Ela_metadataset,RandomForest,0.8,Tuning,Tuning,0.22,0.78
Ela_metadataset,RandomForest,0.8,Tuning,Tuning,0.15,0.85
Ela_metadataset,RandomForest,0.8,Tuning,Defaults,0.53,0.47
Ela_metadataset,RandomForest,0.8,Tuning,Tuning,0.17,0.83
Ela_metadataset,RandomForest,0.8,Tuning,Tuning,0.18,0.82
Ela_metadataset,RandomForest,0.8,Tuning,Tuning,0.37,0.63
Ela_metadataset,RandomForest,0.8,Tuning,Tuning,0.17,0.83
Ela_metadataset,RandomForest,0.8,Tuning,Tuning,0.14,0.86
Ela_metadataset,RandomForest,0.8,Defaults,Tuning,0.27,0.73
Ela_metadataset,RandomForest,0.8,Tuning,Tuning,0.23,0.77
Ela_metadataset,RandomForest,0.8,Defaults,Defaults,0.52,0.48
Ela_metadataset,RandomForest,0.8,Tuning,Tuning,0.18,0.82
Ela_metadataset,RandomForest,0.8,Tuning,Tuning,0.28,0.72
Ela_metadataset,RandomForest,0.8,Tuning,Tuning,0.29,0.71
Ela_metadataset,RandomForest,0.8,Tuning,Tuning,0.33,0.67
Ela_metadataset,RandomForest,0.8,Tuning,Tuning,0.37,0.63
Ela_metadataset,RandomForest,0.8,Defaults,Tuning,0.2,0.8
Ela_metadataset,RandomForest,0.8,Tuning,Tuning,0.22,0.78
Ela_metadataset,RandomForest,0.8,Defaults,Tuning,0.43,0.57
Ela_metadataset,RandomForest,0.8,Defaults,Defaults,0.58,0.42
Ela_metadataset,RandomForest,0.8,Defaults,Defaults,0.54,0.46
Ela_metadataset,RandomForest,0.8,Defaults,Defaults,0.68,0.32
Ela_metadataset,RandomForest,0.8,Tuning,Tuning,0.14,0.86
Ela_metadataset,RandomForest,0.8,Tuning,Tuning,0.12,0.88
Ela_metadataset,RandomForest,0.8,Tuning,Tuning,0.12,0.88
Ela_metadataset,RandomForest,0.8,Defaults,Tuning,0.3,0.7
Ela_metadataset,RandomForest,0.8,Defaults,Tuning,0.38,0.62
Ela_metadataset,RandomForest,0.8,Defaults,Tuning,0.39,0.61
Ela_metadataset,RandomForest,0.8,Defaults,Defaults,0.68,0.32
Ela_metadataset,RandomForest,0.8,Tuning,Defaults,0.53,0.47
Ela_metadataset,RandomForest,0.8,Tuning,Tuning,0.37,0.63
Ela_metadataset,RandomForest,0.8,Defaults,Defaults,0.64,0.36
Ela_metadataset,RandomForest,0.8,Tuning,Tuning,0.25,0.75
Ela_metadataset,RandomForest,0.8,Defaults,Tuning,0.22,0.78
Ela_metadataset,RandomForest,0.8,Tuning,Tuning,0.17,0.83
Ela_metadataset,RandomForest,0.8,Tuning,Tuning,0.41,0.59
Ela_metadataset,RandomForest,0.8,Defaults,Tuning,0.41,0.59
Ela_metadataset,RandomForest,0.8,Tuning,Tuning,0.16,0.84
Ela_metadataset,RandomForest,0.8,Defaults,Tuning,0.46,0.54
Ela_metadataset,RandomForest,0.8,Tuning,Tuning,0.25,0.75
Ela_metadataset,RandomForest,0.8,Tuning,Tuning,0.16,0.84
Ela_metadataset,RandomForest,0.8,Tuning,Tuning,0.31,0.69
Ela_metadataset,RandomForest,0.8,Defaults,Tuning,0.2,0.8
Ela_metadataset,RandomForest,0.8,Tuning,Tuning,0.18,0.82
Ela_metadataset,RandomForest,0.8,Tuning,Tuning,0.4,0.6
Ela_metadataset,RandomForest,0.8,Tuning,Tuning,0.2,0.8
Ela_metadataset,RandomForest,0.8,Defaults,Tuning,0.12,0.88
Ela_metadataset,RandomForest,0.8,Tuning,Tuning,0.17,0.83
Ela_metadataset,RandomForest,0.8,Tuning,Tuning,0.3,0.7
Ela_metadataset,RandomForest,0.8,Tuning,Tuning,0.22,0.78
Ela_metadataset,RandomForest,0.8,Tuning,Tuning,0.16,0.84
Ela_metadataset,RandomForest,0.8,Tuning,Tuning,0.38,0.62
Ela_metadataset,RandomForest,0.8,Tuning,Tuning,0.15,0.85
Ela_metadataset,RandomForest,0.8,Tuning,Tuning,0.16,0.84
Ela_metadataset,RandomForest,0.8,Defaults,Tuning,0.23,0.77
Ela_metadataset,RandomForest,0.8,Tuning,Tuning,0.23,0.77
Ela_metadataset,RandomForest,0.8,Tuning,Tuning,0.05,0.95
Ela_metadataset,RandomForest,0.8,Tuning,Tuning,0.25,0.75
Ela_metadataset,RandomForest,0.8,Tuning,Tuning,0.12,0.88
Ela_metadataset,RandomForest,0.8,Tuning,Tuning,0.11,0.89
Ela_metadataset,RandomForest,0.8,Tuning,Tuning,0.18,0.82
Ela_metadataset,RandomForest,0.8,Tuning,Defaults,0.59,0.41
Ela_metadataset,RandomForest,0.8,Tuning,Tuning,0.4,0.6
Ela_metadataset,RandomForest,0.8,Defaults,Tuning,0.37,0.63
Ela_metadataset,RandomForest,0.8,Tuning,Tuning,0.27,0.73
Ela_metadataset,RandomForest,0.8,Defaults,Tuning,0.18,0.82
Ela_metadataset,RandomForest,0.8,Tuning,Tuning,0.08,0.92
Ela_metadataset,RandomForest,0.8,Tuning,Tuning,0.44,0.56
Ela_metadataset,RandomForest,0.8,Tuning,Tuning,0.2,0.8
Ela_metadataset,RandomForest,0.8,Tuning,Tuning,0.17,0.83
Ela_metadataset,RandomForest,0.8,Defaults,Tuning,0.23,0.77
Ela_metadataset,RandomForest,0.8,Defaults,Tuning,0.43,0.57
Ela_metadataset,RandomForest,0.8,Tuning,Tuning,0.26,0.74
Ela_metadataset,RandomForest,0.8,Tuning,Tuning,0.21,0.79
Ela_metadataset,RandomForest,0.8,Tuning,Tuning,0.16,0.84
Ela_metadataset,RandomForest,0.8,Tuning,Tuning,0.06,0.94
Ela_metadataset,RandomForest,0.8,Tuning,Tuning,0.31,0.69
Ela_metadataset,RandomForest,0.8,Tuning,Tuning,0.11,0.89
Ela_metadataset,RandomForest,0.8,Tuning,Tuning,0.21,0.79
Ela_metadataset,RandomForest,0.8,Tuning,Tuning,0.35,0.65
Ela_metadataset,RandomForest,0.8,Defaults,Tuning,0.28,0.72
Ela_metadataset,RandomForest,0.8,Tuning,Tuning,0.45,0.55
Ela_metadataset,RandomForest,0.8,Tuning,Tuning,0.4,0.6
Ela_metadataset,RandomForest,0.8,Tuning,Tuning,0.22,0.78
Ela_metadataset,RandomForest,0.8,Tuning,Tuning,0.38,0.62
Ela_metadataset,RandomForest,0.8,Defaults,Tuning,0.2,0.8
Ela_metadataset,RandomForest,0.8,Tuning,Tuning,0.15,0.85
Ela_metadataset,RandomForest,0.8,Tuning,Tuning,0.24,0.76
Ela_metadataset,RandomForest,0.8,Tuning,Tuning,0.14,0.86
Ela_metadataset,RandomForest,0.8,Defaults,Tuning,0.11,0.89
Ela_metadataset,RandomForest,0.8,Tuning,Tuning,0.27,0.73
Ela_metadataset,RandomForest,0.8,Tuning,Tuning,0.28,0.72
Ela_metadataset,RandomForest,0.8,Tuning,Tuning,0.19,0.81
Ela_metadataset,RandomForest,0.8,Defaults,Defaults,0.55,0.45
Ela_metadataset,RandomForest,0.8,Defaults,Defaults,0.5,0.5
Ela_metadataset,RandomForest,0.8,Tuning,Defaults,0.68,0.32
Ela_metadataset,RandomForest,0.8,Tuning,Tuning,0.15,0.85
Ela_metadataset,RandomForest,0.8,Tuning,Tuning,0.31,0.69
Ela_metadataset,RandomForest,0.8,Defaults,Tuning,0.31,0.69
Ela_metadataset,RandomForest,0.8,Defaults,Tuning,0.38,0.62
Ela_metadataset,RandomForest,0.8,Defaults,Defaults,0.52,0.48
Ela_metadataset,RandomForest,0.8,Tuning,Tuning,0.31,0.69
Ela_metadataset,RandomForest,0.8,Defaults,Tuning,0.43,0.57
Ela_metadataset,RandomForest,0.8,Tuning,Tuning,0.31,0.69
Ela_metadataset,RandomForest,0.8,Tuning,Tuning,0.21,0.79
Ela_metadataset,RandomForest,0.8,Defaults,Tuning,0.21,0.79
Ela_metadataset,RandomForest,0.8,Defaults,Tuning,0.21,0.79
Ela_metadataset,RandomForest,0.8,Tuning,Tuning,0.32,0.68
Ela_metadataset,RandomForest,0.8,Tuning,Tuning,0.35,0.65
Ela_metadataset,RandomForest,0.8,Defaults,Tuning,0.18,0.82
Ela_metadataset,RandomForest,0.8,Tuning,Tuning,0.09,0.91
Ela_metadataset,RandomForest,0.8,Tuning,Defaults,0.63,0.37
Ela_metadataset,RandomForest,0.8,Tuning,Defaults,0.56,0.44
Ela_metadataset,RandomForest,0.8,Tuning,Tuning,0.29,0.71
Ela_metadataset,RandomForest,0.85,Tuning,Tuning,0.19,0.81
Ela_metadataset,RandomForest,0.85,Tuning,Tuning,0.24,0.76
Ela_metadataset,RandomForest,0.85,Defaults,Defaults,0.58,0.42
Ela_metadataset,RandomForest,0.85,Tuning,Tuning,0.2,0.8
Ela_metadataset,RandomForest,0.85,Tuning,Tuning,0.03,0.97
Ela_metadataset,RandomForest,0.85,Tuning,Tuning,0.27,0.73
Ela_metadataset,RandomForest,0.85,Tuning,Tuning,0.1,0.9
Ela_metadataset,RandomForest,0.85,Defaults,Tuning,0.06,0.94
Ela_metadataset,RandomForest,0.85,Defaults,Defaults,0.52,0.48
Ela_metadataset,RandomForest,0.85,Tuning,Tuning,0.2,0.8
Ela_metadataset,RandomForest,0.85,Tuning,Tuning,0.03,0.97
Ela_metadataset,RandomForest,0.85,Defaults,Defaults,0.55,0.45
Ela_metadataset,RandomForest,0.85,Tuning,Tuning,0.35,0.65
Ela_metadataset,RandomForest,0.85,Tuning,Tuning,0.32,0.68
Ela_metadataset,RandomForest,0.85,Tuning,Tuning,0.13,0.87
Ela_metadataset,RandomForest,0.85,Tuning,Tuning,0.03,0.97
Ela_metadataset,RandomForest,0.85,Defaults,Defaults,0.66,0.34
Ela_metadataset,RandomForest,0.85,Tuning,Tuning,0.14,0.86
Ela_metadataset,RandomForest,0.85,Defaults,Defaults,0.5,0.5
Ela_metadataset,RandomForest,0.85,Tuning,Defaults,0.75,0.25
Ela_metadataset,RandomForest,0.85,Tuning,Tuning,0.45,0.55
Ela_metadataset,RandomForest,0.85,Defaults,Defaults,0.57,0.43
Ela_metadataset,RandomForest,0.85,Tuning,Defaults,0.66,0.34
Ela_metadataset,RandomForest,0.85,Tuning,Tuning,0.14,0.86
Ela_metadataset,RandomForest,0.85,Tuning,Tuning,0.15,0.85
Ela_metadataset,RandomForest,0.85,Tuning,Tuning,0.25,0.75
Ela_metadataset,RandomForest,0.85,Tuning,Tuning,0.04,0.96
Ela_metadataset,RandomForest,0.85,Tuning,Tuning,0.16,0.84
Ela_metadataset,RandomForest,0.85,Tuning,Tuning,0.03,0.97
Ela_metadataset,RandomForest,0.85,Tuning,Tuning,0.12,0.88
Ela_metadataset,RandomForest,0.85,Tuning,Tuning,0.12,0.88
Ela_metadataset,RandomForest,0.85,Tuning,Tuning,0.02,0.98
Ela_metadataset,RandomForest,0.85,Defaults,Defaults,0.79,0.21
Ela_metadataset,RandomForest,0.85,Defaults,Defaults,0.65,0.35
Ela_metadataset,RandomForest,0.85,Tuning,Tuning,0.18,0.82
Ela_metadataset,RandomForest,0.85,Tuning,Tuning,0.43,0.57
Ela_metadataset,RandomForest,0.85,Tuning,Defaults,0.5,0.5
Ela_metadataset,RandomForest,0.85,Defaults,Defaults,0.55,0.45
Ela_metadataset,RandomForest,0.85,Tuning,Tuning,0.21,0.79
Ela_metadataset,RandomForest,0.85,Defaults,Defaults,0.55,0.45
Ela_metadataset,RandomForest,0.85,Tuning,Tuning,0.07,0.93
Ela_metadataset,RandomForest,0.85,Tuning,Tuning,0.05,0.95
Ela_metadataset,RandomForest,0.85,Tuning,Tuning,0.13,0.87
Ela_metadataset,RandomForest,0.85,Tuning,Tuning,0.05,0.95
Ela_metadataset,RandomForest,0.85,Tuning,Tuning,0.17,0.83
Ela_metadataset,RandomForest,0.85,Tuning,Tuning,0.11,0.89
Ela_metadataset,RandomForest,0.85,Tuning,Tuning,0.2,0.8
Ela_metadataset,RandomForest,0.85,Tuning,Tuning,0.08,0.92
Ela_metadataset,RandomForest,0.85,Tuning,Tuning,0.37,0.63
Ela_metadataset,RandomForest,0.85,Tuning,Tuning,0.13,0.87
Ela_metadataset,RandomForest,0.85,Defaults,Tuning,0.38,0.62
Ela_metadataset,RandomForest,0.85,Tuning,Tuning,0.11,0.89
Ela_metadataset,RandomForest,0.85,Tuning,Tuning,0.09,0.91
Ela_metadataset,RandomForest,0.85,Defaults,Tuning,0.1,0.9
Ela_metadataset,RandomForest,0.85,Tuning,Tuning,0.29,0.71
Ela_metadataset,RandomForest,0.85,Tuning,Tuning,0.36,0.64
Ela_metadataset,RandomForest,0.85,Tuning,Tuning,0.09,0.91
Ela_metadataset,RandomForest,0.85,Tuning,Defaults,0.72,0.28
Ela_metadataset,RandomForest,0.85,Tuning,Tuning,0.15,0.85
Ela_metadataset,RandomForest,0.85,Tuning,Tuning,0.29,0.71
Ela_metadataset,RandomForest,0.85,Tuning,Tuning,0.31,0.69
Ela_metadataset,RandomForest,0.85,Tuning,Tuning,0.23,0.77
Ela_metadataset,RandomForest,0.85,Tuning,Tuning,0.12,0.88
Ela_metadataset,RandomForest,0.85,Defaults,Tuning,0.26,0.74
Ela_metadataset,RandomForest,0.85,Tuning,Tuning,0.24,0.76
Ela_metadataset,RandomForest,0.85,Defaults,Defaults,0.58,0.42
Ela_metadataset,RandomForest,0.85,Tuning,Tuning,0.19,0.81
Ela_metadataset,RandomForest,0.85,Tuning,Tuning,0.28,0.72
Ela_metadataset,RandomForest,0.85,Tuning,Tuning,0.24,0.76
Ela_metadataset,RandomForest,0.85,Tuning,Tuning,0.39,0.61
Ela_metadataset,RandomForest,0.85,Tuning,Tuning,0.46,0.54
Ela_metadataset,RandomForest,0.85,Defaults,Tuning,0.24,0.76
Ela_metadataset,RandomForest,0.85,Tuning,Tuning,0.24,0.76
Ela_metadataset,RandomForest,0.85,Defaults,Tuning,0.44,0.56
Ela_metadataset,RandomForest,0.85,Defaults,Defaults,0.53,0.47
Ela_metadataset,RandomForest,0.85,Defaults,Tuning,0.45,0.55
Ela_metadataset,RandomForest,0.85,Defaults,Defaults,0.77,0.23
Ela_metadataset,RandomForest,0.85,Tuning,Tuning,0.18,0.82
Ela_metadataset,RandomForest,0.85,Tuning,Tuning,0.2,0.8
Ela_metadataset,RandomForest,0.85,Tuning,Tuning,0.07,0.93
Ela_metadataset,RandomForest,0.85,Defaults,Tuning,0.26,0.74
Ela_metadataset,RandomForest,0.85,Defaults,Tuning,0.3,0.7
Ela_metadataset,RandomForest,0.85,Defaults,Tuning,0.37,0.63
Ela_metadataset,RandomForest,0.85,Defaults,Defaults,0.61,0.39
Ela_metadataset,RandomForest,0.85,Tuning,Defaults,0.57,0.43
Ela_metadataset,RandomForest,0.85,Tuning,Tuning,0.46,0.54
Ela_metadataset,RandomForest,0.85,Defaults,Defaults,0.76,0.24
Ela_metadataset,RandomForest,0.85,Tuning,Tuning,0.22,0.78
Ela_metadataset,RandomForest,0.85,Defaults,Tuning,0.26,0.74
Ela_metadataset,RandomForest,0.85,Tuning,Tuning,0.18,0.82
Ela_metadataset,RandomForest,0.85,Tuning,Tuning,0.35,0.65
Ela_metadataset,RandomForest,0.85,Defaults,Tuning,0.34,0.66
Ela_metadataset,RandomForest,0.85,Tuning,Tuning,0.2,0.8
Ela_metadataset,RandomForest,0.85,Defaults,Defaults,0.57,0.43
Ela_metadataset,RandomForest,0.85,Tuning,Tuning,0.19,0.81
Ela_metadataset,RandomForest,0.85,Tuning,Tuning,0.19,0.81
Ela_metadataset,RandomForest,0.85,Tuning,Tuning,0.18,0.82
Ela_metadataset,RandomForest,0.85,Defaults,Tuning,0.15,0.85
Ela_metadataset,RandomForest,0.85,Tuning,Tuning,0.12,0.88
Ela_metadataset,RandomForest,0.85,Tuning,Tuning,0.29,0.71
Ela_metadataset,RandomForest,0.85,Tuning,Tuning,0.15,0.85
Ela_metadataset,RandomForest,0.85,Defaults,Tuning,0.07,0.93
Ela_metadataset,RandomForest,0.85,Tuning,Tuning,0.11,0.89
Ela_metadataset,RandomForest,0.85,Tuning,Tuning,0.32,0.68
Ela_metadataset,RandomForest,0.85,Tuning,Tuning,0.2,0.8
Ela_metadataset,RandomForest,0.85,Tuning,Tuning,0.13,0.87
Ela_metadataset,RandomForest,0.85,Tuning,Tuning,0.44,0.56
Ela_metadataset,RandomForest,0.85,Tuning,Tuning,0.15,0.85
Ela_metadataset,RandomForest,0.85,Tuning,Tuning,0.1,0.9
Ela_metadataset,RandomForest,0.85,Defaults,Tuning,0.32,0.68
Ela_metadataset,RandomForest,0.85,Tuning,Tuning,0.11,0.89
Ela_metadataset,RandomForest,0.85,Tuning,Tuning,0.07,0.93
Ela_metadataset,RandomForest,0.85,Tuning,Tuning,0.21,0.79
Ela_metadataset,RandomForest,0.85,Tuning,Tuning,0.25,0.75
Ela_metadataset,RandomForest,0.85,Tuning,Tuning,0.09,0.91
Ela_metadataset,RandomForest,0.85,Tuning,Tuning,0.13,0.87
Ela_metadataset,RandomForest,0.85,Tuning,Defaults,0.63,0.37
Ela_metadataset,RandomForest,0.85,Tuning,Tuning,0.39,0.61
Ela_metadataset,RandomForest,0.85,Defaults,Tuning,0.46,0.54
Ela_metadataset,RandomForest,0.85,Tuning,Tuning,0.26,0.74
Ela_metadataset,RandomForest,0.85,Defaults,Tuning,0.3,0.7
Ela_metadataset,RandomForest,0.85,Tuning,Tuning,0.05,0.95
Ela_metadataset,RandomForest,0.85,Tuning,Tuning,0.4,0.6
Ela_metadataset,RandomForest,0.85,Tuning,Tuning,0.17,0.83
Ela_metadataset,RandomForest,0.85,Tuning,Tuning,0.13,0.87
Ela_metadataset,RandomForest,0.85,Defaults,Tuning,0.26,0.74
Ela_metadataset,RandomForest,0.85,Defaults,Tuning,0.46,0.54
Ela_metadataset,RandomForest,0.85,Tuning,Tuning,0.25,0.75
Ela_metadataset,RandomForest,0.85,Tuning,Tuning,0.26,0.74
Ela_metadataset,RandomForest,0.85,Tuning,Tuning,0.11,0.89
Ela_metadataset,RandomForest,0.85,Tuning,Tuning,0.08,0.92
Ela_metadataset,RandomForest,0.85,Tuning,Tuning,0.42,0.58
Ela_metadataset,RandomForest,0.85,Tuning,Tuning,0.13,0.87
Ela_metadataset,RandomForest,0.85,Tuning,Tuning,0.16,0.84
Ela_metadataset,RandomForest,0.85,Tuning,Tuning,0.22,0.78
Ela_metadataset,RandomForest,0.85,Defaults,Tuning,0.26,0.74
Ela_metadataset,RandomForest,0.85,Tuning,Defaults,0.58,0.42
Ela_metadataset,RandomForest,0.85,Tuning,Defaults,0.55,0.45
Ela_metadataset,RandomForest,0.85,Tuning,Tuning,0.24,0.76
Ela_metadataset,RandomForest,0.85,Tuning,Tuning,0.41,0.59
Ela_metadataset,RandomForest,0.85,Defaults,Tuning,0.21,0.79
Ela_metadataset,RandomForest,0.85,Tuning,Tuning,0.2,0.8
Ela_metadataset,RandomForest,0.85,Tuning,Tuning,0.18,0.82
Ela_metadataset,RandomForest,0.85,Tuning,Tuning,0.1,0.9
Ela_metadataset,RandomForest,0.85,Defaults,Tuning,0.14,0.86
Ela_metadataset,RandomForest,0.85,Tuning,Tuning,0.31,0.69
Ela_metadataset,RandomForest,0.85,Tuning,Tuning,0.42,0.58
Ela_metadataset,RandomForest,0.85,Tuning,Tuning,0.1,0.9
Ela_metadataset,RandomForest,0.85,Defaults,Defaults,0.58,0.42
Ela_metadataset,RandomForest,0.85,Defaults,Defaults,0.58,0.42
Ela_metadataset,RandomForest,0.85,Tuning,Defaults,0.54,0.46
Ela_metadataset,RandomForest,0.85,Tuning,Tuning,0.16,0.84
Ela_metadataset,RandomForest,0.85,Tuning,Tuning,0.23,0.77
Ela_metadataset,RandomForest,0.85,Defaults,Tuning,0.26,0.74
Ela_metadataset,RandomForest,0.85,Defaults,Tuning,0.29,0.71
Ela_metadataset,RandomForest,0.85,Defaults,Defaults,0.59,0.41
Ela_metadataset,RandomForest,0.85,Tuning,Tuning,0.25,0.75
Ela_metadataset,RandomForest,0.85,Defaults,Tuning,0.43,0.57
Ela_metadataset,RandomForest,0.85,Tuning,Tuning,0.36,0.64
Ela_metadataset,RandomForest,0.85,Tuning,Tuning,0.07,0.93
Ela_metadataset,RandomForest,0.85,Defaults,Tuning,0.28,0.72
Ela_metadataset,RandomForest,0.85,Defaults,Tuning,0.36,0.64
Ela_metadataset,RandomForest,0.85,Tuning,Tuning,0.31,0.69
Ela_metadataset,RandomForest,0.85,Tuning,Tuning,0.42,0.58
Ela_metadataset,RandomForest,0.85,Defaults,Tuning,0.24,0.76
Ela_metadataset,RandomForest,0.85,Tuning,Tuning,0.05,0.95
Ela_metadataset,RandomForest,0.85,Tuning,Tuning,0.47,0.53
Ela_metadataset,RandomForest,0.85,Tuning,Defaults,0.51,0.49
Ela_metadataset,RandomForest,0.85,Tuning,Tuning,0.25,0.75
Ela_metadataset,RandomForest,0.9,Tuning,Tuning,0.31,0.69
Ela_metadataset,RandomForest,0.9,Tuning,Tuning,0.24,0.76
Ela_metadataset,RandomForest,0.9,Defaults,Defaults,0.63,0.37
Ela_metadataset,RandomForest,0.9,Tuning,Tuning,0.17,0.83
Ela_metadataset,RandomForest,0.9,Tuning,Tuning,0.02,0.98
Ela_metadataset,RandomForest,0.9,Tuning,Tuning,0.3,0.7
Ela_metadataset,RandomForest,0.9,Tuning,Tuning,0.12,0.88
Ela_metadataset,RandomForest,0.9,Defaults,Tuning,0.15,0.85
Ela_metadataset,RandomForest,0.9,Defaults,Tuning,0.44,0.56
Ela_metadataset,RandomForest,0.9,Tuning,Tuning,0.32,0.68
Ela_metadataset,RandomForest,0.9,Tuning,Tuning,0.02,0.98
Ela_metadataset,RandomForest,0.9,Defaults,Defaults,0.54,0.46
Ela_metadataset,RandomForest,0.9,Tuning,Tuning,0.34,0.66
Ela_metadataset,RandomForest,0.9,Tuning,Tuning,0.3,0.7
Ela_metadataset,RandomForest,0.9,Tuning,Tuning,0.12,0.88
Ela_metadataset,RandomForest,0.9,Tuning,Tuning,0.05,0.95
Ela_metadataset,RandomForest,0.9,Defaults,Defaults,0.55,0.45
Ela_metadataset,RandomForest,0.9,Tuning,Tuning,0.17,0.83
Ela_metadataset,RandomForest,0.9,Defaults,Defaults,0.63,0.37
Ela_metadataset,RandomForest,0.9,Tuning,Defaults,0.78,0.22
Ela_metadataset,RandomForest,0.9,Tuning,Tuning,0.47,0.53
Ela_metadataset,RandomForest,0.9,Defaults,Defaults,0.62,0.38
Ela_metadataset,RandomForest,0.9,Tuning,Defaults,0.71,0.29
Ela_metadataset,RandomForest,0.9,Tuning,Tuning,0.18,0.82
Ela_metadataset,RandomForest,0.9,Tuning,Tuning,0.14,0.86
Ela_metadataset,RandomForest,0.9,Tuning,Tuning,0.24,0.76
Ela_metadataset,RandomForest,0.9,Tuning,Tuning,0.02,0.98
Ela_metadataset,RandomForest,0.9,Tuning,Tuning,0.14,0.86
Ela_metadataset,RandomForest,0.9,Tuning,Tuning,0.05,0.95
Ela_metadataset,RandomForest,0.9,Tuning,Tuning,0.11,0.89
Ela_metadataset,RandomForest,0.9,Tuning,Tuning,0.1,0.9
Ela_metadataset,RandomForest,0.9,Tuning,Tuning,0.02,0.98
Ela_metadataset,RandomForest,0.9,Defaults,Defaults,0.69,0.31
Ela_metadataset,RandomForest,0.9,Defaults,Defaults,0.69,0.31
Ela_metadataset,RandomForest,0.9,Tuning,Tuning,0.07,0.93
Ela_metadataset,RandomForest,0.9,Tuning,Tuning,0.29,0.71
Ela_metadataset,RandomForest,0.9,Tuning,Defaults,0.53,0.47
Ela_metadataset,RandomForest,0.9,Defaults,Defaults,0.55,0.45
Ela_metadataset,RandomForest,0.9,Tuning,Tuning,0.12,0.88
Ela_metadataset,RandomForest,0.9,Defaults,Tuning,0.43,0.57
Ela_metadataset,RandomForest,0.9,Tuning,Tuning,0.09,0.91
Ela_metadataset,RandomForest,0.9,Tuning,Tuning,0.07,0.93
Ela_metadataset,RandomForest,0.9,Tuning,Tuning,0.15,0.85
Ela_metadataset,RandomForest,0.9,Tuning,Tuning,0.06,0.94
Ela_metadataset,RandomForest,0.9,Tuning,Tuning,0.3,0.7
Ela_metadataset,RandomForest,0.9,Tuning,Tuning,0.08,0.92
Ela_metadataset,RandomForest,0.9,Tuning,Tuning,0.27,0.73
Ela_metadataset,RandomForest,0.9,Tuning,Tuning,0.09,0.91
Ela_metadataset,RandomForest,0.9,Tuning,Tuning,0.35,0.65
Ela_metadataset,RandomForest,0.9,Tuning,Tuning,0.15,0.85
Ela_metadataset,RandomForest,0.9,Defaults,Tuning,0.4,0.6
Ela_metadataset,RandomForest,0.9,Tuning,Tuning,0.18,0.82
Ela_metadataset,RandomForest,0.9,Tuning,Tuning,0.07,0.93
Ela_metadataset,RandomForest,0.9,Defaults,Tuning,0.08,0.92
Ela_metadataset,RandomForest,0.9,Tuning,Tuning,0.32,0.68
Ela_metadataset,RandomForest,0.9,Tuning,Tuning,0.3,0.7
Ela_metadataset,RandomForest,0.9,Tuning,Tuning,0.13,0.87
Ela_metadataset,RandomForest,0.9,Tuning,Defaults,0.6,0.4
Ela_metadataset,RandomForest,0.9,Tuning,Tuning,0.24,0.76
Ela_metadataset,RandomForest,0.9,Tuning,Tuning,0.17,0.83
Ela_metadataset,RandomForest,0.9,Tuning,Tuning,0.31,0.69
Ela_metadataset,RandomForest,0.9,Tuning,Tuning,0.3,0.7
Ela_metadataset,RandomForest,0.9,Tuning,Tuning,0.09,0.91
Ela_metadataset,RandomForest,0.9,Defaults,Tuning,0.16,0.84
Ela_metadataset,RandomForest,0.9,Tuning,Tuning,0.25,0.75
Ela_metadataset,RandomForest,0.9,Defaults,Defaults,0.58,0.42
Ela_metadataset,RandomForest,0.9,Tuning,Tuning,0.19,0.81
Ela_metadataset,RandomForest,0.9,Tuning,Tuning,0.24,0.76
Ela_metadataset,RandomForest,0.9,Tuning,Tuning,0.24,0.76
Ela_metadataset,RandomForest,0.9,Tuning,Tuning,0.4,0.6
Ela_metadataset,RandomForest,0.9,Tuning,Tuning,0.46,0.54
Ela_metadataset,RandomForest,0.9,Defaults,Tuning,0.26,0.74
Ela_metadataset,RandomForest,0.9,Tuning,Tuning,0.25,0.75
Ela_metadataset,RandomForest,0.9,Defaults,Defaults,0.51,0.49
Ela_metadataset,RandomForest,0.9,Defaults,Defaults,0.56,0.44
Ela_metadataset,RandomForest,0.9,Defaults,Tuning,0.48,0.52
Ela_metadataset,RandomForest,0.9,Defaults,Defaults,0.71,0.29
Ela_metadataset,RandomForest,0.9,Tuning,Tuning,0.21,0.79
Ela_metadataset,RandomForest,0.9,Tuning,Tuning,0.22,0.78
Ela_metadataset,RandomForest,0.9,Tuning,Tuning,0.12,0.88
Ela_metadataset,RandomForest,0.9,Defaults,Tuning,0.34,0.66
Ela_metadataset,RandomForest,0.9,Defaults,Tuning,0.4,0.6
Ela_metadataset,RandomForest,0.9,Defaults,Tuning,0.2,0.8
Ela_metadataset,RandomForest,0.9,Defaults,Defaults,0.67,0.33
Ela_metadataset,RandomForest,0.9,Tuning,Defaults,0.62,0.38
Ela_metadataset,RandomForest,0.9,Tuning,Tuning,0.48,0.52
Ela_metadataset,RandomForest,0.9,Defaults,Defaults,0.69,0.31
Ela_metadataset,RandomForest,0.9,Tuning,Tuning,0.17,0.83
Ela_metadataset,RandomForest,0.9,Defaults,Tuning,0.23,0.77
Ela_metadataset,RandomForest,0.9,Tuning,Tuning,0.22,0.78
Ela_metadataset,RandomForest,0.9,Tuning,Tuning,0.25,0.75
Ela_metadataset,RandomForest,0.9,Defaults,Tuning,0.34,0.66
Ela_metadataset,RandomForest,0.9,Tuning,Tuning,0.22,0.78
Ela_metadataset,RandomForest,0.9,Defaults,Defaults,0.6,0.4
Ela_metadataset,RandomForest,0.9,Tuning,Tuning,0.23,0.77
Ela_metadataset,RandomForest,0.9,Tuning,Tuning,0.15,0.85
Ela_metadataset,RandomForest,0.9,Tuning,Tuning,0.2,0.8
Ela_metadataset,RandomForest,0.9,Defaults,Tuning,0.18,0.82
Ela_metadataset,RandomForest,0.9,Tuning,Tuning,0.07,0.93
Ela_metadataset,RandomForest,0.9,Tuning,Tuning,0.25,0.75
Ela_metadataset,RandomForest,0.9,Tuning,Tuning,0.17,0.83
Ela_metadataset,RandomForest,0.9,Defaults,Tuning,0.09,0.91
Ela_metadataset,RandomForest,0.9,Tuning,Tuning,0.2,0.8
Ela_metadataset,RandomForest,0.9,Tuning,Tuning,0.26,0.74
Ela_metadataset,RandomForest,0.9,Tuning,Tuning,0.17,0.83
Ela_metadataset,RandomForest,0.9,Tuning,Tuning,0.1,0.9
Ela_metadataset,RandomForest,0.9,Tuning,Tuning,0.44,0.56
Ela_metadataset,RandomForest,0.9,Tuning,Tuning,0.16,0.84
Ela_metadataset,RandomForest,0.9,Tuning,Tuning,0.13,0.87
Ela_metadataset,RandomForest,0.9,Defaults,Tuning,0.27,0.73
Ela_metadataset,RandomForest,0.9,Tuning,Tuning,0.08,0.92
Ela_metadataset,RandomForest,0.9,Tuning,Tuning,0.04,0.96
Ela_metadataset,RandomForest,0.9,Tuning,Tuning,0.14,0.86
Ela_metadataset,RandomForest,0.9,Tuning,Tuning,0.22,0.78
Ela_metadataset,RandomForest,0.9,Tuning,Tuning,0.12,0.88
Ela_metadataset,RandomForest,0.9,Tuning,Tuning,0.19,0.81
Ela_metadataset,RandomForest,0.9,Tuning,Tuning,0.46,0.54
Ela_metadataset,RandomForest,0.9,Tuning,Tuning,0.36,0.64
Ela_metadataset,RandomForest,0.9,Defaults,Tuning,0.42,0.58
Ela_metadataset,RandomForest,0.9,Tuning,Tuning,0.27,0.73
Ela_metadataset,RandomForest,0.9,Defaults,Tuning,0.28,0.72
Ela_metadataset,RandomForest,0.9,Tuning,Tuning,0.03,0.97
Ela_metadataset,RandomForest,0.9,Tuning,Tuning,0.47,0.53
Ela_metadataset,RandomForest,0.9,Tuning,Tuning,0.11,0.89
Ela_metadataset,RandomForest,0.9,Tuning,Tuning,0.11,0.89
Ela_metadataset,RandomForest,0.9,Defaults,Tuning,0.24,0.76
Ela_metadataset,RandomForest,0.9,Defaults,Defaults,0.54,0.46
Ela_metadataset,RandomForest,0.9,Tuning,Tuning,0.19,0.81
Ela_metadataset,RandomForest,0.9,Tuning,Tuning,0.35,0.65
Ela_metadataset,RandomForest,0.9,Tuning,Tuning,0.11,0.89
Ela_metadataset,RandomForest,0.9,Tuning,Tuning,0.12,0.88
Ela_metadataset,RandomForest,0.9,Tuning,Tuning,0.37,0.63
Ela_metadataset,RandomForest,0.9,Tuning,Tuning,0.25,0.75
Ela_metadataset,RandomForest,0.9,Tuning,Tuning,0.24,0.76
Ela_metadataset,RandomForest,0.9,Tuning,Tuning,0.34,0.66
Ela_metadataset,RandomForest,0.9,Defaults,Tuning,0.25,0.75
Ela_metadataset,RandomForest,0.9,Tuning,Defaults,0.55,0.45
Ela_metadataset,RandomForest,0.9,Tuning,Defaults,0.51,0.49
Ela_metadataset,RandomForest,0.9,Tuning,Tuning,0.15,0.85
Ela_metadataset,RandomForest,0.9,Tuning,Defaults,0.57,0.43
Ela_metadataset,RandomForest,0.9,Defaults,Tuning,0.32,0.68
Ela_metadataset,RandomForest,0.9,Tuning,Tuning,0.2,0.8
Ela_metadataset,RandomForest,0.9,Tuning,Tuning,0.22,0.78
Ela_metadataset,RandomForest,0.9,Tuning,Tuning,0.1,0.9
Ela_metadataset,RandomForest,0.9,Defaults,Tuning,0.15,0.85
Ela_metadataset,RandomForest,0.9,Tuning,Tuning,0.34,0.66
Ela_metadataset,RandomForest,0.9,Tuning,Tuning,0.37,0.63
Ela_metadataset,RandomForest,0.9,Tuning,Tuning,0.22,0.78
Ela_metadataset,RandomForest,0.9,Defaults,Defaults,0.64,0.36
Ela_metadataset,RandomForest,0.9,Defaults,Tuning,0.48,0.52
Ela_metadataset,RandomForest,0.9,Tuning,Defaults,0.53,0.47
Ela_metadataset,RandomForest,0.9,Tuning,Tuning,0.23,0.77
Ela_metadataset,RandomForest,0.9,Tuning,Tuning,0.22,0.78
Ela_metadataset,RandomForest,0.9,Defaults,Tuning,0.37,0.63
Ela_metadataset,RandomForest,0.9,Defaults,Tuning,0.25,0.75
Ela_metadataset,RandomForest,0.9,Defaults,Defaults,0.59,0.41
Ela_metadataset,RandomForest,0.9,Tuning,Tuning,0.29,0.71
Ela_metadataset,RandomForest,0.9,Defaults,Tuning,0.39,0.61
Ela_metadataset,RandomForest,0.9,Tuning,Tuning,0.33,0.67
Ela_metadataset,RandomForest,0.9,Tuning,Tuning,0.14,0.86
Ela_metadataset,RandomForest,0.9,Defaults,Tuning,0.24,0.76
Ela_metadataset,RandomForest,0.9,Defaults,Tuning,0.21,0.79
Ela_metadataset,RandomForest,0.9,Tuning,Tuning,0.41,0.59
Ela_metadataset,RandomForest,0.9,Tuning,Tuning,0.38,0.62
Ela_metadataset,RandomForest,0.9,Defaults,Tuning,0.32,0.68
Ela_metadataset,RandomForest,0.9,Tuning,Tuning,0.06,0.94
Ela_metadataset,RandomForest,0.9,Tuning,Tuning,0.48,0.52
Ela_metadataset,RandomForest,0.9,Tuning,Defaults,0.56,0.44
Ela_metadataset,RandomForest,0.9,Tuning,Tuning,0.21,0.79
Ela_metadataset,RandomForest,0.95,Tuning,Tuning,0.17,0.83
Ela_metadataset,RandomForest,0.95,Tuning,Tuning,0.22,0.78
Ela_metadataset,RandomForest,0.95,Defaults,Defaults,0.63,0.37
Ela_metadataset,RandomForest,0.95,Tuning,Tuning,0.31,0.69
Ela_metadataset,RandomForest,0.95,Tuning,Tuning,0.07,0.93
Ela_metadataset,RandomForest,0.95,Tuning,Tuning,0.31,0.69
Ela_metadataset,RandomForest,0.95,Tuning,Tuning,0.1,0.9
Ela_metadataset,RandomForest,0.95,Defaults,Tuning,0.07,0.93
Ela_metadataset,RandomForest,0.95,Defaults,Defaults,0.52,0.48
Ela_metadataset,RandomForest,0.95,Tuning,Tuning,0.26,0.74
Ela_metadataset,RandomForest,0.95,Tuning,Tuning,0.02,0.98
Ela_metadataset,RandomForest,0.95,Defaults,Defaults,0.56,0.44
Ela_metadataset,RandomForest,0.95,Tuning,Tuning,0.27,0.73
Ela_metadataset,RandomForest,0.95,Tuning,Tuning,0.43,0.57
Ela_metadataset,RandomForest,0.95,Tuning,Tuning,0.12,0.88
Ela_metadataset,RandomForest,0.95,Tuning,Tuning,0.01,0.99
Ela_metadataset,RandomForest,0.95,Defaults,Tuning,0.49,0.51
Ela_metadataset,RandomForest,0.95,Tuning,Tuning,0.14,0.86
Ela_metadataset,RandomForest,0.95,Defaults,Defaults,0.55,0.45
Ela_metadataset,RandomForest,0.95,Tuning,Defaults,0.72,0.28
Ela_metadataset,RandomForest,0.95,Tuning,Tuning,0.45,0.55
Ela_metadataset,RandomForest,0.95,Defaults,Defaults,0.63,0.37
Ela_metadataset,RandomForest,0.95,Tuning,Defaults,0.71,0.29
Ela_metadataset,RandomForest,0.95,Tuning,Tuning,0.13,0.87
Ela_metadataset,RandomForest,0.95,Tuning,Tuning,0.16,0.84
Ela_metadataset,RandomForest,0.95,Tuning,Tuning,0.26,0.74
Ela_metadataset,RandomForest,0.95,Tuning,Tuning,0.02,0.98
Ela_metadataset,RandomForest,0.95,Tuning,Tuning,0.24,0.76
Ela_metadataset,RandomForest,0.95,Tuning,Tuning,0.05,0.95
Ela_metadataset,RandomForest,0.95,Tuning,Tuning,0.11,0.89
Ela_metadataset,RandomForest,0.95,Tuning,Tuning,0.11,0.89
Ela_metadataset,RandomForest,0.95,Tuning,Tuning,0.06,0.94
Ela_metadataset,RandomForest,0.95,Defaults,Defaults,0.74,0.26
Ela_metadataset,RandomForest,0.95,Defaults,Defaults,0.7,0.3
Ela_metadataset,RandomForest,0.95,Tuning,Tuning,0.03,0.97
Ela_metadataset,RandomForest,0.95,Tuning,Tuning,0.25,0.75
Ela_metadataset,RandomForest,0.95,Tuning,Tuning,0.43,0.57
Ela_metadataset,RandomForest,0.95,Defaults,Defaults,0.58,0.42
Ela_metadataset,RandomForest,0.95,Tuning,Tuning,0.22,0.78
Ela_metadataset,RandomForest,0.95,Defaults,Tuning,0.38,0.62
Ela_metadataset,RandomForest,0.95,Tuning,Tuning,0.1,0.9
Ela_metadataset,RandomForest,0.95,Tuning,Tuning,0.04,0.96
Ela_metadataset,RandomForest,0.95,Tuning,Tuning,0.13,0.87
Ela_metadataset,RandomForest,0.95,Tuning,Tuning,0.01,0.99
Ela_metadataset,RandomForest,0.95,Tuning,Tuning,0.25,0.75
Ela_metadataset,RandomForest,0.95,Tuning,Tuning,0.07,0.93
Ela_metadataset,RandomForest,0.95,Tuning,Tuning,0.18,0.82
Ela_metadataset,RandomForest,0.95,Tuning,Tuning,0.08,0.92
Ela_metadataset,RandomForest,0.95,Tuning,Tuning,0.3,0.7
Ela_metadataset,RandomForest,0.95,Tuning,Tuning,0.08,0.92
Ela_metadataset,RandomForest,0.95,Defaults,Tuning,0.27,0.73
Ela_metadataset,RandomForest,0.95,Tuning,Tuning,0.18,0.82
Ela_metadataset,RandomForest,0.95,Tuning,Tuning,0.04,0.96
Ela_metadataset,RandomForest,0.95,Defaults,Tuning,0.05,0.95
Ela_metadataset,RandomForest,0.95,Tuning,Tuning,0.21,0.79
Ela_metadataset,RandomForest,0.95,Tuning,Defaults,0.57,0.43
Ela_metadataset,RandomForest,0.95,Tuning,Tuning,0.1,0.9
Ela_metadataset,RandomForest,0.95,Tuning,Defaults,0.56,0.44
Ela_metadataset,RandomForest,0.95,Tuning,Tuning,0.26,0.74
Ela_metadataset,RandomForest,0.95,Tuning,Tuning,0.23,0.77
Ela_metadataset,RandomForest,0.95,Tuning,Tuning,0.28,0.72
Ela_metadataset,RandomForest,0.95,Tuning,Tuning,0.29,0.71
Ela_metadataset,RandomForest,0.95,Tuning,Tuning,0.09,0.91
Ela_metadataset,RandomForest,0.95,Defaults,Tuning,0.34,0.66
Ela_metadataset,RandomForest,0.95,Tuning,Tuning,0.24,0.76
Ela_metadataset,RandomForest,0.95,Defaults,Defaults,0.58,0.42
Ela_metadataset,RandomForest,0.95,Tuning,Tuning,0.31,0.69
Ela_metadataset,RandomForest,0.95,Tuning,Tuning,0.13,0.87
Ela_metadataset,RandomForest,0.95,Tuning,Tuning,0.16,0.84
Ela_metadataset,RandomForest,0.95,Tuning,Tuning,0.39,0.61
Ela_metadataset,RandomForest,0.95,Tuning,Defaults,0.55,0.45
Ela_metadataset,RandomForest,0.95,Defaults,Tuning,0.35,0.65
Ela_metadataset,RandomForest,0.95,Tuning,Tuning,0.29,0.71
Ela_metadataset,RandomForest,0.95,Defaults,Tuning,0.43,0.57
Ela_metadataset,RandomForest,0.95,Defaults,Defaults,0.61,0.39
Ela_metadataset,RandomForest,0.95,Defaults,Defaults,0.5,0.5
Ela_metadataset,RandomForest,0.95,Defaults,Defaults,0.68,0.32
Ela_metadataset,RandomForest,0.95,Tuning,Tuning,0.14,0.86
Ela_metadataset,RandomForest,0.95,Tuning,Tuning,0.13,0.87
Ela_metadataset,RandomForest,0.95,Tuning,Tuning,0.1,0.9
Ela_metadataset,RandomForest,0.95,Defaults,Tuning,0.26,0.74
Ela_metadataset,RandomForest,0.95,Defaults,Tuning,0.22,0.78
Ela_metadataset,RandomForest,0.95,Defaults,Tuning,0.38,0.62
Ela_metadataset,RandomForest,0.95,Defaults,Defaults,0.6,0.4
Ela_metadataset,RandomForest,0.95,Tuning,Tuning,0.37,0.63
Ela_metadataset,RandomForest,0.95,Tuning,Tuning,0.47,0.53
Ela_metadataset,RandomForest,0.95,Defaults,Defaults,0.76,0.24
Ela_metadataset,RandomForest,0.95,Tuning,Tuning,0.16,0.84
Ela_metadataset,RandomForest,0.95,Defaults,Tuning,0.36,0.64
Ela_metadataset,RandomForest,0.95,Tuning,Tuning,0.1,0.9
Ela_metadataset,RandomForest,0.95,Tuning,Tuning,0.43,0.57
Ela_metadataset,RandomForest,0.95,Defaults,Defaults,0.5,0.5
Ela_metadataset,RandomForest,0.95,Tuning,Tuning,0.33,0.67
Ela_metadataset,RandomForest,0.95,Defaults,Defaults,0.54,0.46
Ela_metadataset,RandomForest,0.95,Tuning,Tuning,0.24,0.76
Ela_metadataset,RandomForest,0.95,Tuning,Tuning,0.17,0.83
Ela_metadataset,RandomForest,0.95,Tuning,Tuning,0.3,0.7
Ela_metadataset,RandomForest,0.95,Defaults,Tuning,0.2,0.8
Ela_metadataset,RandomForest,0.95,Tuning,Tuning,0.12,0.88
Ela_metadataset,RandomForest,0.95,Tuning,Tuning,0.25,0.75
Ela_metadataset,RandomForest,0.95,Tuning,Tuning,0.2,0.8
Ela_metadataset,RandomForest,0.95,Defaults,Tuning,0.08,0.92
Ela_metadataset,RandomForest,0.95,Tuning,Tuning,0.13,0.87
Ela_metadataset,RandomForest,0.95,Tuning,Tuning,0.18,0.82
Ela_metadataset,RandomForest,0.95,Tuning,Tuning,0.17,0.83
Ela_metadataset,RandomForest,0.95,Tuning,Tuning,0.09,0.91
Ela_metadataset,RandomForest,0.95,Tuning,Tuning,0.4,0.6
Ela_metadataset,RandomForest,0.95,Tuning,Tuning,0.22,0.78
Ela_metadataset,RandomForest,0.95,Tuning,Tuning,0.12,0.88
Ela_metadataset,RandomForest,0.95,Defaults,Tuning,0.3,0.7
Ela_metadataset,RandomForest,0.95,Tuning,Tuning,0.23,0.77
Ela_metadataset,RandomForest,0.95,Tuning,Tuning,0.05,0.95
Ela_metadataset,RandomForest,0.95,Tuning,Tuning,0.24,0.76
Ela_metadataset,RandomForest,0.95,Tuning,Tuning,0.27,0.73
Ela_metadataset,RandomForest,0.95,Tuning,Tuning,0.16,0.84
Ela_metadataset,RandomForest,0.95,Tuning,Tuning,0.15,0.85
Ela_metadataset,RandomForest,0.95,Tuning,Defaults,0.5,0.5
Ela_metadataset,RandomForest,0.95,Tuning,Tuning,0.37,0.63
Ela_metadataset,RandomForest,0.95,Defaults,Tuning,0.49,0.51
Ela_metadataset,RandomForest,0.95,Tuning,Tuning,0.19,0.81
Ela_metadataset,RandomForest,0.95,Defaults,Tuning,0.29,0.71
Ela_metadataset,RandomForest,0.95,Tuning,Tuning,0.03,0.97
Ela_metadataset,RandomForest,0.95,Tuning,Tuning,0.34,0.66
Ela_metadataset,RandomForest,0.95,Tuning,Tuning,0.16,0.84
Ela_metadataset,RandomForest,0.95,Tuning,Tuning,0.17,0.83
Ela_metadataset,RandomForest,0.95,Defaults,Tuning,0.15,0.85
Ela_metadataset,RandomForest,0.95,Defaults,Defaults,0.54,0.46
Ela_metadataset,RandomForest,0.95,Tuning,Tuning,0.27,0.73
Ela_metadataset,RandomForest,0.95,Tuning,Tuning,0.27,0.73
Ela_metadataset,RandomForest,0.95,Tuning,Tuning,0.14,0.86
Ela_metadataset,RandomForest,0.95,Tuning,Tuning,0.03,0.97
Ela_metadataset,RandomForest,0.95,Tuning,Tuning,0.27,0.73
Ela_metadataset,RandomForest,0.95,Tuning,Tuning,0.24,0.76
Ela_metadataset,RandomForest,0.95,Tuning,Tuning,0.2,0.8
Ela_metadataset,RandomForest,0.95,Tuning,Tuning,0.39,0.61
Ela_metadataset,RandomForest,0.95,Defaults,Tuning,0.16,0.84
Ela_metadataset,RandomForest,0.95,Tuning,Defaults,0.51,0.49
Ela_metadataset,RandomForest,0.95,Tuning,Defaults,0.52,0.48
Ela_metadataset,RandomForest,0.95,Tuning,Tuning,0.3,0.7
Ela_metadataset,RandomForest,0.95,Tuning,Tuning,0.46,0.54
Ela_metadataset,RandomForest,0.95,Defaults,Tuning,0.23,0.77
Ela_metadataset,RandomForest,0.95,Tuning,Tuning,0.12,0.88
Ela_metadataset,RandomForest,0.95,Tuning,Tuning,0.11,0.89
Ela_metadataset,RandomForest,0.95,Tuning,Tuning,0.06,0.94
Ela_metadataset,RandomForest,0.95,Defaults,Tuning,0.07,0.93
Ela_metadataset,RandomForest,0.95,Tuning,Tuning,0.24,0.76
Ela_metadataset,RandomForest,0.95,Tuning,Defaults,0.62,0.38
Ela_metadataset,RandomForest,0.95,Tuning,Tuning,0.28,0.72
Ela_metadataset,RandomForest,0.95,Defaults,Defaults,0.62,0.38
Ela_metadataset,RandomForest,0.95,Defaults,Tuning,0.35,0.65
Ela_metadataset,RandomForest,0.95,Tuning,Tuning,0.46,0.54
Ela_metadataset,RandomForest,0.95,Tuning,Tuning,0.2,0.8
Ela_metadataset,RandomForest,0.95,Tuning,Tuning,0.28,0.72
Ela_metadataset,RandomForest,0.95,Defaults,Tuning,0.31,0.69
Ela_metadataset,RandomForest,0.95,Defaults,Tuning,0.27,0.73
Ela_metadataset,RandomForest,0.95,Defaults,Defaults,0.66,0.34
Ela_metadataset,RandomForest,0.95,Tuning,Tuning,0.2,0.8
Ela_metadataset,RandomForest,0.95,Defaults,Tuning,0.43,0.57
Ela_metadataset,RandomForest,0.95,Tuning,Tuning,0.32,0.68
Ela_metadataset,RandomForest,0.95,Tuning,Tuning,0.12,0.88
Ela_metadataset,RandomForest,0.95,Defaults,Tuning,0.28,0.72
Ela_metadataset,RandomForest,0.95,Defaults,Tuning,0.22,0.78
Ela_metadataset,RandomForest,0.95,Tuning,Tuning,0.36,0.64
Ela_metadataset,RandomForest,0.95,Tuning,Tuning,0.43,0.57
Ela_metadataset,RandomForest,0.95,Defaults,Tuning,0.22,0.78
Ela_metadataset,RandomForest,0.95,Tuning,Tuning,0.08,0.92
Ela_metadataset,RandomForest,0.95,Tuning,Defaults,0.5,0.5
Ela_metadataset,RandomForest,0.95,Tuning,Defaults,0.58,0.42
Ela_metadataset,RandomForest,0.95,Tuning,Tuning,0.16,0.84
Ela_metadataset,KNN,0.8,Tuning,Defaults,0.6,0.4
Ela_metadataset,KNN,0.8,Tuning,Tuning,0.4,0.6
Ela_metadataset,KNN,0.8,Defaults,Defaults,0.8,0.2
Ela_metadataset,KNN,0.8,Tuning,Tuning,0.4,0.6
Ela_metadataset,KNN,0.8,Tuning,Tuning,0.0,1.0
Ela_metadataset,KNN,0.8,Tuning,Tuning,0.2,0.8
Ela_metadataset,KNN,0.8,Tuning,Tuning,0.0,1.0
Ela_metadataset,KNN,0.8,Defaults,Tuning,0.4,0.6
Ela_metadataset,KNN,0.8,Defaults,Tuning,0.4,0.6
Ela_metadataset,KNN,0.8,Tuning,Tuning,0.2,0.8
Ela_metadataset,KNN,0.8,Tuning,Tuning,0.0,1.0
Ela_metadataset,KNN,0.8,Defaults,Tuning,0.4,0.6
Ela_metadataset,KNN,0.8,Tuning,Tuning,0.4,0.6
Ela_metadataset,KNN,0.8,Tuning,Tuning,0.2,0.8
Ela_metadataset,KNN,0.8,Tuning,Tuning,0.0,1.0
Ela_metadataset,KNN,0.8,Tuning,Tuning,0.0,1.0
Ela_metadataset,KNN,0.8,Defaults,Defaults,0.8,0.2
Ela_metadataset,KNN,0.8,Tuning,Tuning,0.0,1.0
Ela_metadataset,KNN,0.8,Defaults,Tuning,0.4,0.6
Ela_metadataset,KNN,0.8,Tuning,Defaults,0.8,0.2
Ela_metadataset,KNN,0.8,Tuning,Tuning,0.2,0.8
Ela_metadataset,KNN,0.8,Defaults,Tuning,0.2,0.8
Ela_metadataset,KNN,0.8,Tuning,Defaults,0.8,0.2
Ela_metadataset,KNN,0.8,Tuning,Tuning,0.0,1.0
Ela_metadataset,KNN,0.8,Tuning,Tuning,0.2,0.8
Ela_metadataset,KNN,0.8,Tuning,Defaults,0.6,0.4
Ela_metadataset,KNN,0.8,Tuning,Tuning,0.0,1.0
Ela_metadataset,KNN,0.8,Tuning,Tuning,0.0,1.0
Ela_metadataset,KNN,0.8,Tuning,Tuning,0.0,1.0
Ela_metadataset,KNN,0.8,Tuning,Tuning,0.4,0.6
Ela_metadataset,KNN,0.8,Tuning,Tuning,0.0,1.0
Ela_metadataset,KNN,0.8,Tuning,Tuning,0.0,1.0
Ela_metadataset,KNN,0.8,Defaults,Defaults,0.8,0.2
Ela_metadataset,KNN,0.8,Defaults,Tuning,0.4,0.6
Ela_metadataset,KNN,0.8,Tuning,Tuning,0.0,1.0
Ela_metadataset,KNN,0.8,Tuning,Tuning,0.2,0.8
Ela_metadataset,KNN,0.8,Tuning,Tuning,0.2,0.8
Ela_metadataset,KNN,0.8,Defaults,Tuning,0.4,0.6
Ela_metadataset,KNN,0.8,Tuning,Tuning,0.2,0.8
Ela_metadataset,KNN,0.8,Defaults,Tuning,0.4,0.6
Ela_metadataset,KNN,0.8,Tuning,Tuning,0.2,0.8
Ela_metadataset,KNN,0.8,Tuning,Tuning,0.0,1.0
Ela_metadataset,KNN,0.8,Tuning,Tuning,0.0,1.0
Ela_metadataset,KNN,0.8,Tuning,Tuning,0.0,1.0
Ela_metadataset,KNN,0.8,Tuning,Defaults,0.6,0.4
Ela_metadataset,KNN,0.8,Tuning,Tuning,0.4,0.6
Ela_metadataset,KNN,0.8,Tuning,Tuning,0.2,0.8
Ela_metadataset,KNN,0.8,Tuning,Tuning,0.2,0.8
Ela_metadataset,KNN,0.8,Tuning,Tuning,0.0,1.0
Ela_metadataset,KNN,0.8,Tuning,Tuning,0.2,0.8
Ela_metadataset,KNN,0.8,Defaults,Tuning,0.4,0.6
Ela_metadataset,KNN,0.8,Tuning,Tuning,0.4,0.6
Ela_metadataset,KNN,0.8,Tuning,Tuning,0.2,0.8
Ela_metadataset,KNN,0.8,Defaults,Tuning,0.4,0.6
Ela_metadataset,KNN,0.8,Tuning,Tuning,0.4,0.6
Ela_metadataset,KNN,0.8,Tuning,Tuning,0.4,0.6
Ela_metadataset,KNN,0.8,Tuning,Tuning,0.0,1.0
Ela_metadataset,KNN,0.8,Tuning,Defaults,0.8,0.2
Ela_metadataset,KNN,0.8,Tuning,Tuning,0.4,0.6
Ela_metadataset,KNN,0.8,Tuning,Tuning,0.0,1.0
Ela_metadataset,KNN,0.8,Tuning,Tuning,0.0,1.0
Ela_metadataset,KNN,0.8,Tuning,Tuning,0.4,0.6
Ela_metadataset,KNN,0.8,Tuning,Tuning,0.4,0.6
Ela_metadataset,KNN,0.8,Defaults,Tuning,0.4,0.6
Ela_metadataset,KNN,0.8,Tuning,Defaults,0.8,0.2
Ela_metadataset,KNN,0.8,Defaults,Tuning,0.4,0.6
Ela_metadataset,KNN,0.8,Tuning,Tuning,0.2,0.8
Ela_metadataset,KNN,0.8,Tuning,Tuning,0.2,0.8
Ela_metadataset,KNN,0.8,Tuning,Tuning,0.2,0.8
Ela_metadataset,KNN,0.8,Tuning,Defaults,0.6,0.4
Ela_metadataset,KNN,0.8,Tuning,Defaults,0.6,0.4
Ela_metadataset,KNN,0.8,Defaults,Tuning,0.4,0.6
Ela_metadataset,KNN,0.8,Tuning,Tuning,0.4,0.6
Ela_metadataset,KNN,0.8,Defaults,Defaults,0.6,0.4
Ela_metadataset,KNN,0.8,Defaults,Defaults,0.6,0.4
Ela_metadataset,KNN,0.8,Defaults,Tuning,0.4,0.6
Ela_metadataset,KNN,0.8,Defaults,Tuning,0.4,0.6
Ela_metadataset,KNN,0.8,Tuning,Tuning,0.4,0.6
Ela_metadataset,KNN,0.8,Tuning,Tuning,0.4,0.6
Ela_metadataset,KNN,0.8,Tuning,Tuning,0.2,0.8
Ela_metadataset,KNN,0.8,Defaults,Tuning,0.2,0.8
Ela_metadataset,KNN,0.8,Defaults,Tuning,0.0,1.0
Ela_metadataset,KNN,0.8,Defaults,Defaults,0.6,0.4
Ela_metadataset,KNN,0.8,Defaults,Defaults,0.6,0.4
Ela_metadataset,KNN,0.8,Tuning,Defaults,0.8,0.2
Ela_metadataset,KNN,0.8,Tuning,Tuning,0.4,0.6
Ela_metadataset,KNN,0.8,Defaults,Tuning,0.4,0.6
Ela_metadataset,KNN,0.8,Tuning,Tuning,0.2,0.8
Ela_metadataset,KNN,0.8,Defaults,Tuning,0.4,0.6
Ela_metadataset,KNN,0.8,Tuning,Tuning,0.2,0.8
Ela_metadataset,KNN,0.8,Tuning,Tuning,0.4,0.6
Ela_metadataset,KNN,0.8,Defaults,Tuning,0.4,0.6
Ela_metadataset,KNN,0.8,Tuning,Defaults,0.6,0.4
Ela_metadataset,KNN,0.8,Defaults,Defaults,0.6,0.4
Ela_metadataset,KNN,0.8,Tuning,Tuning,0.2,0.8
Ela_metadataset,KNN,0.8,Tuning,Tuning,0.2,0.8
Ela_metadataset,KNN,0.8,Tuning,Defaults,0.6,0.4
Ela_metadataset,KNN,0.8,Defaults,Tuning,0.2,0.8
Ela_metadataset,KNN,0.8,Tuning,Tuning,0.0,1.0
Ela_metadataset,KNN,0.8,Tuning,Tuning,0.0,1.0
Ela_metadataset,KNN,0.8,Tuning,Tuning,0.2,0.8
Ela_metadataset,KNN,0.8,Defaults,Tuning,0.0,1.0
Ela_metadataset,KNN,0.8,Tuning,Tuning,0.0,1.0
Ela_metadataset,KNN,0.8,Tuning,Defaults,0.6,0.4
Ela_metadataset,KNN,0.8,Tuning,Tuning,0.2,0.8
Ela_metadataset,KNN,0.8,Tuning,Tuning,0.0,1.0
Ela_metadataset,KNN,0.8,Tuning,Defaults,0.6,0.4
Ela_metadataset,KNN,0.8,Tuning,Tuning,0.4,0.6
Ela_metadataset,KNN,0.8,Tuning,Tuning,0.0,1.0
Ela_metadataset,KNN,0.8,Defaults,Tuning,0.4,0.6
Ela_metadataset,KNN,0.8,Tuning,Tuning,0.0,1.0
Ela_metadataset,KNN,0.8,Tuning,Tuning,0.4,0.6
Ela_metadataset,KNN,0.8,Tuning,Tuning,0.4,0.6
Ela_metadataset,KNN,0.8,Tuning,Defaults,0.8,0.2
Ela_metadataset,KNN,0.8,Tuning,Tuning,0.0,1.0
Ela_metadataset,KNN,0.8,Tuning,Tuning,0.2,0.8
Ela_metadataset,KNN,0.8,Tuning,Defaults,0.6,0.4
Ela_metadataset,KNN,0.8,Tuning,Tuning,0.2,0.8
Ela_metadataset,KNN,0.8,Defaults,Defaults,0.6,0.4
Ela_metadataset,KNN,0.8,Tuning,Tuning,0.0,1.0
Ela_metadataset,KNN,0.8,Defaults,Tuning,0.4,0.6
Ela_metadataset,KNN,0.8,Tuning,Tuning,0.0,1.0
Ela_metadataset,KNN,0.8,Tuning,Defaults,0.8,0.2
Ela_metadataset,KNN,0.8,Tuning,Tuning,0.2,0.8
Ela_metadataset,KNN,0.8,Tuning,Tuning,0.2,0.8
Ela_metadataset,KNN,0.8,Defaults,Tuning,0.2,0.8
Ela_metadataset,KNN,0.8,Defaults,Tuning,0.4,0.6
Ela_metadataset,KNN,0.8,Tuning,Defaults,0.6,0.4
Ela_metadataset,KNN,0.8,Tuning,Tuning,0.2,0.8
Ela_metadataset,KNN,0.8,Tuning,Tuning,0.4,0.6
Ela_metadataset,KNN,0.8,Tuning,Tuning,0.4,0.6
Ela_metadataset,KNN,0.8,Tuning,Defaults,0.8,0.2
Ela_metadataset,KNN,0.8,Tuning,Tuning,0.0,1.0
Ela_metadataset,KNN,0.8,Tuning,Tuning,0.4,0.6
Ela_metadataset,KNN,0.8,Tuning,Tuning,0.0,1.0
Ela_metadataset,KNN,0.8,Defaults,Tuning,0.2,0.8
Ela_metadataset,KNN,0.8,Tuning,Defaults,0.8,0.2
Ela_metadataset,KNN,0.8,Tuning,Tuning,0.4,0.6
Ela_metadataset,KNN,0.8,Tuning,Tuning,0.2,0.8
Ela_metadataset,KNN,0.8,Tuning,Defaults,0.6,0.4
Ela_metadataset,KNN,0.8,Defaults,Defaults,0.6,0.4
Ela_metadataset,KNN,0.8,Tuning,Tuning,0.4,0.6
Ela_metadataset,KNN,0.8,Tuning,Tuning,0.4,0.6
Ela_metadataset,KNN,0.8,Tuning,Tuning,0.0,1.0
Ela_metadataset,KNN,0.8,Defaults,Tuning,0.0,1.0
Ela_metadataset,KNN,0.8,Tuning,Tuning,0.4,0.6
Ela_metadataset,KNN,0.8,Tuning,Tuning,0.4,0.6
Ela_metadataset,KNN,0.8,Tuning,Tuning,0.0,1.0
Ela_metadataset,KNN,0.8,Defaults,Defaults,0.6,0.4
Ela_metadataset,KNN,0.8,Defaults,Tuning,0.4,0.6
Ela_metadataset,KNN,0.8,Tuning,Defaults,0.6,0.4
Ela_metadataset,KNN,0.8,Tuning,Tuning,0.2,0.8
Ela_metadataset,KNN,0.8,Tuning,Tuning,0.4,0.6
Ela_metadataset,KNN,0.8,Defaults,Tuning,0.0,1.0
Ela_metadataset,KNN,0.8,Defaults,Tuning,0.2,0.8
Ela_metadataset,KNN,0.8,Defaults,Defaults,0.8,0.2
Ela_metadataset,KNN,0.8,Tuning,Tuning,0.4,0.6
Ela_metadataset,KNN,0.8,Defaults,Tuning,0.2,0.8
Ela_metadataset,KNN,0.8,Tuning,Tuning,0.2,0.8
Ela_metadataset,KNN,0.8,Tuning,Tuning,0.2,0.8
Ela_metadataset,KNN,0.8,Defaults,Tuning,0.2,0.8
Ela_metadataset,KNN,0.8,Defaults,Tuning,0.2,0.8
Ela_metadataset,KNN,0.8,Tuning,Tuning,0.2,0.8
Ela_metadataset,KNN,0.8,Tuning,Tuning,0.2,0.8
Ela_metadataset,KNN,0.8,Defaults,Tuning,0.4,0.6
Ela_metadataset,KNN,0.8,Tuning,Tuning,0.2,0.8
Ela_metadataset,KNN,0.8,Tuning,Tuning,0.2,0.8
Ela_metadataset,KNN,0.8,Tuning,Defaults,0.6,0.4
Ela_metadataset,KNN,0.8,Tuning,Tuning,0.2,0.8
Ela_metadataset,KNN,0.85,Tuning,Defaults,0.6,0.4
Ela_metadataset,KNN,0.85,Tuning,Tuning,0.4,0.6
Ela_metadataset,KNN,0.85,Defaults,Defaults,0.8,0.2
Ela_metadataset,KNN,0.85,Tuning,Tuning,0.4,0.6
Ela_metadataset,KNN,0.85,Tuning,Tuning,0.0,1.0
Ela_metadataset,KNN,0.85,Tuning,Tuning,0.2,0.8
Ela_metadataset,KNN,0.85,Tuning,Tuning,0.0,1.0
Ela_metadataset,KNN,0.85,Defaults,Tuning,0.2,0.8
Ela_metadataset,KNN,0.85,Defaults,Tuning,0.4,0.6
Ela_metadataset,KNN,0.85,Tuning,Tuning,0.2,0.8
Ela_metadataset,KNN,0.85,Tuning,Tuning,0.0,1.0
Ela_metadataset,KNN,0.85,Defaults,Tuning,0.4,0.6
Ela_metadataset,KNN,0.85,Tuning,Tuning,0.2,0.8
Ela_metadataset,KNN,0.85,Tuning,Tuning,0.0,1.0
Ela_metadataset,KNN,0.85,Tuning,Tuning,0.0,1.0
Ela_metadataset,KNN,0.85,Tuning,Tuning,0.0,1.0
Ela_metadataset,KNN,0.85,Defaults,Defaults,0.6,0.4
Ela_metadataset,KNN,0.85,Tuning,Tuning,0.0,1.0
Ela_metadataset,KNN,0.85,Defaults,Tuning,0.4,0.6
Ela_metadataset,KNN,0.85,Tuning,Defaults,0.8,0.2
Ela_metadataset,KNN,0.85,Tuning,Tuning,0.2,0.8
Ela_metadataset,KNN,0.85,Defaults,Tuning,0.2,0.8
Ela_metadataset,KNN,0.85,Tuning,Defaults,1.0,0.0
Ela_metadataset,KNN,0.85,Tuning,Tuning,0.0,1.0
Ela_metadataset,KNN,0.85,Tuning,Tuning,0.2,0.8
Ela_metadataset,KNN,0.85,Tuning,Tuning,0.4,0.6
Ela_metadataset,KNN,0.85,Tuning,Tuning,0.0,1.0
Ela_metadataset,KNN,0.85,Tuning,Tuning,0.0,1.0
Ela_metadataset,KNN,0.85,Tuning,Tuning,0.0,1.0
Ela_metadataset,KNN,0.85,Tuning,Tuning,0.4,0.6
Ela_metadataset,KNN,0.85,Tuning,Tuning,0.0,1.0
Ela_metadataset,KNN,0.85,Tuning,Tuning,0.0,1.0
Ela_metadataset,KNN,0.85,Defaults,Defaults,0.8,0.2
Ela_metadataset,KNN,0.85,Defaults,Tuning,0.4,0.6
Ela_metadataset,KNN,0.85,Tuning,Tuning,0.0,1.0
Ela_metadataset,KNN,0.85,Tuning,Tuning,0.2,0.8
Ela_metadataset,KNN,0.85,Tuning,Tuning,0.2,0.8
Ela_metadataset,KNN,0.85,Defaults,Tuning,0.4,0.6
Ela_metadataset,KNN,0.85,Tuning,Tuning,0.2,0.8
Ela_metadataset,KNN,0.85,Defaults,Tuning,0.4,0.6
Ela_metadataset,KNN,0.85,Tuning,Tuning,0.0,1.0
Ela_metadataset,KNN,0.85,Tuning,Tuning,0.0,1.0
Ela_metadataset,KNN,0.85,Tuning,Tuning,0.0,1.0
Ela_metadataset,KNN,0.85,Tuning,Tuning,0.0,1.0
Ela_metadataset,KNN,0.85,Tuning,Tuning,0.4,0.6
Ela_metadataset,KNN,0.85,Tuning,Tuning,0.4,0.6
Ela_metadataset,KNN,0.85,Tuning,Tuning,0.2,0.8
Ela_metadataset,KNN,0.85,Tuning,Tuning,0.2,0.8
Ela_metadataset,KNN,0.85,Tuning,Tuning,0.0,1.0
Ela_metadataset,KNN,0.85,Tuning,Tuning,0.2,0.8
Ela_metadataset,KNN,0.85,Defaults,Tuning,0.4,0.6
Ela_metadataset,KNN,0.85,Tuning,Tuning,0.2,0.8
Ela_metadataset,KNN,0.85,Tuning,Tuning,0.2,0.8
Ela_metadataset,KNN,0.85,Defaults,Tuning,0.4,0.6
Ela_metadataset,KNN,0.85,Tuning,Tuning,0.4,0.6
Ela_metadataset,KNN,0.85,Tuning,Tuning,0.4,0.6
Ela_metadataset,KNN,0.85,Tuning,Tuning,0.0,1.0
Ela_metadataset,KNN,0.85,Tuning,Defaults,0.8,0.2
Ela_metadataset,KNN,0.85,Tuning,Tuning,0.4,0.6
Ela_metadataset,KNN,0.85,Tuning,Tuning,0.4,0.6
Ela_metadataset,KNN,0.85,Tuning,Tuning,0.0,1.0
Ela_metadataset,KNN,0.85,Tuning,Tuning,0.4,0.6
Ela_metadataset,KNN,0.85,Tuning,Tuning,0.2,0.8
Ela_metadataset,KNN,0.85,Defaults,Tuning,0.4,0.6
Ela_metadataset,KNN,0.85,Tuning,Defaults,0.8,0.2
Ela_metadataset,KNN,0.85,Defaults,Tuning,0.4,0.6
Ela_metadataset,KNN,0.85,Tuning,Tuning,0.2,0.8
Ela_metadataset,KNN,0.85,Tuning,Tuning,0.0,1.0
Ela_metadataset,KNN,0.85,Tuning,Tuning,0.2,0.8
Ela_metadataset,KNN,0.85,Tuning,Defaults,0.6,0.4
Ela_metadataset,KNN,0.85,Tuning,Defaults,0.6,0.4
Ela_metadataset,KNN,0.85,Defaults,Tuning,0.4,0.6
Ela_metadataset,KNN,0.85,Tuning,Tuning,0.4,0.6
Ela_metadataset,KNN,0.85,Defaults,Defaults,0.6,0.4
Ela_metadataset,KNN,0.85,Defaults,Defaults,0.6,0.4
Ela_metadataset,KNN,0.85,Defaults,Tuning,0.4,0.6
Ela_metadataset,KNN,0.85,Defaults,Tuning,0.4,0.6
Ela_metadataset,KNN,0.85,Tuning,Tuning,0.4,0.6
Ela_metadataset,KNN,0.85,Tuning,Tuning,0.4,0.6
Ela_metadataset,KNN,0.85,Tuning,Tuning,0.0,1.0
Ela_metadataset,KNN,0.85,Defaults,Tuning,0.2,0.8
Ela_metadataset,KNN,0.85,Defaults,Tuning,0.2,0.8
Ela_metadataset,KNN,0.85,Defaults,Defaults,0.6,0.4
Ela_metadataset,KNN,0.85,Defaults,Defaults,0.6,0.4
Ela_metadataset,KNN,0.85,Tuning,Defaults,0.8,0.2
Ela_metadataset,KNN,0.85,Tuning,Tuning,0.4,0.6
Ela_metadataset,KNN,0.85,Defaults,Defaults,0.6,0.4
Ela_metadataset,KNN,0.85,Tuning,Tuning,0.2,0.8
Ela_metadataset,KNN,0.85,Defaults,Tuning,0.4,0.6
Ela_metadataset,KNN,0.85,Tuning,Tuning,0.4,0.6
Ela_metadataset,KNN,0.85,Tuning,Tuning,0.4,0.6
Ela_metadataset,KNN,0.85,Defaults,Defaults,0.6,0.4
Ela_metadataset,KNN,0.85,Tuning,Defaults,0.6,0.4
Ela_metadataset,KNN,0.85,Defaults,Defaults,0.6,0.4
Ela_metadataset,KNN,0.85,Tuning,Tuning,0.2,0.8
Ela_metadataset,KNN,0.85,Tuning,Tuning,0.2,0.8
Ela_metadataset,KNN,0.85,Tuning,Defaults,0.8,0.2
Ela_metadataset,KNN,0.85,Defaults,Tuning,0.2,0.8
Ela_metadataset,KNN,0.85,Tuning,Tuning,0.0,1.0
Ela_metadataset,KNN,0.85,Tuning,Tuning,0.0,1.0
Ela_metadataset,KNN,0.85,Tuning,Tuning,0.2,0.8
Ela_metadataset,KNN,0.85,Defaults,Tuning,0.0,1.0
Ela_metadataset,KNN,0.85,Tuning,Tuning,0.0,1.0
Ela_metadataset,KNN,0.85,Tuning,Tuning,0.4,0.6
Ela_metadataset,KNN,0.85,Tuning,Tuning,0.2,0.8
Ela_metadataset,KNN,0.85,Tuning,Tuning,0.0,1.0
Ela_metadataset,KNN,0.85,Tuning,Defaults,0.8,0.2
Ela_metadataset,KNN,0.85,Tuning,Tuning,0.2,0.8
Ela_metadataset,KNN,0.85,Tuning,Tuning,0.0,1.0
Ela_metadataset,KNN,0.85,Defaults,Tuning,0.4,0.6
Ela_metadataset,KNN,0.85,Tuning,Tuning,0.0,1.0
Ela_metadataset,KNN,0.85,Tuning,Tuning,0.2,0.8
Ela_metadataset,KNN,0.85,Tuning,Tuning,0.4,0.6
Ela_metadataset,KNN,0.85,Tuning,Defaults,0.6,0.4
Ela_metadataset,KNN,0.85,Tuning,Tuning,0.0,1.0
Ela_metadataset,KNN,0.85,Tuning,Tuning,0.4,0.6
Ela_metadataset,KNN,0.85,Tuning,Defaults,0.6,0.4
Ela_metadataset,KNN,0.85,Tuning,Tuning,0.2,0.8
Ela_metadataset,KNN,0.85,Defaults,Defaults,0.8,0.2
Ela_metadataset,KNN,0.85,Tuning,Tuning,0.0,1.0
Ela_metadataset,KNN,0.85,Defaults,Tuning,0.4,0.6
Ela_metadataset,KNN,0.85,Tuning,Tuning,0.0,1.0
Ela_metadataset,KNN,0.85,Tuning,Defaults,0.8,0.2
Ela_metadataset,KNN,0.85,Tuning,Tuning,0.0,1.0
Ela_metadataset,KNN,0.85,Tuning,Tuning,0.2,0.8
Ela_metadataset,KNN,0.85,Defaults,Tuning,0.2,0.8
Ela_metadataset,KNN,0.85,Defaults,Tuning,0.4,0.6
Ela_metadataset,KNN,0.85,Tuning,Defaults,0.6,0.4
Ela_metadataset,KNN,0.85,Tuning,Tuning,0.4,0.6
Ela_metadataset,KNN,0.85,Tuning,Defaults,0.6,0.4
Ela_metadataset,KNN,0.85,Tuning,Tuning,0.4,0.6
Ela_metadataset,KNN,0.85,Tuning,Defaults,0.8,0.2
Ela_metadataset,KNN,0.85,Tuning,Tuning,0.0,1.0
Ela_metadataset,KNN,0.85,Tuning,Tuning,0.2,0.8
Ela_metadataset,KNN,0.85,Tuning,Tuning,0.0,1.0
Ela_metadataset,KNN,0.85,Defaults,Tuning,0.4,0.6
Ela_metadataset,KNN,0.85,Tuning,Defaults,0.8,0.2
Ela_metadataset,KNN,0.85,Tuning,Tuning,0.4,0.6
Ela_metadataset,KNN,0.85,Tuning,Tuning,0.2,0.8
Ela_metadataset,KNN,0.85,Tuning,Defaults,0.8,0.2
Ela_metadataset,KNN,0.85,Defaults,Defaults,0.8,0.2
Ela_metadataset,KNN,0.85,Tuning,Tuning,0.4,0.6
Ela_metadataset,KNN,0.85,Tuning,Tuning,0.4,0.6
Ela_metadataset,KNN,0.85,Tuning,Tuning,0.0,1.0
Ela_metadataset,KNN,0.85,Defaults,Tuning,0.0,1.0
Ela_metadataset,KNN,0.85,Tuning,Defaults,0.6,0.4
Ela_metadataset,KNN,0.85,Tuning,Tuning,0.2,0.8
Ela_metadataset,KNN,0.85,Tuning,Tuning,0.0,1.0
Ela_metadataset,KNN,0.85,Defaults,Defaults,0.6,0.4
Ela_metadataset,KNN,0.85,Defaults,Defaults,0.6,0.4
Ela_metadataset,KNN,0.85,Tuning,Defaults,0.6,0.4
Ela_metadataset,KNN,0.85,Tuning,Tuning,0.2,0.8
Ela_metadataset,KNN,0.85,Tuning,Tuning,0.2,0.8
Ela_metadataset,KNN,0.85,Defaults,Tuning,0.0,1.0
Ela_metadataset,KNN,0.85,Defaults,Tuning,0.2,0.8
Ela_metadataset,KNN,0.85,Defaults,Tuning,0.4,0.6
Ela_metadataset,KNN,0.85,Tuning,Tuning,0.4,0.6
Ela_metadataset,KNN,0.85,Defaults,Tuning,0.0,1.0
Ela_metadataset,KNN,0.85,Tuning,Tuning,0.4,0.6
Ela_metadataset,KNN,0.85,Tuning,Tuning,0.2,0.8
Ela_metadataset,KNN,0.85,Defaults,Tuning,0.2,0.8
Ela_metadataset,KNN,0.85,Defaults,Tuning,0.2,0.8
Ela_metadataset,KNN,0.85,Tuning,Tuning,0.2,0.8
Ela_metadataset,KNN,0.85,Tuning,Tuning,0.2,0.8
Ela_metadataset,KNN,0.85,Defaults,Tuning,0.4,0.6
Ela_metadataset,KNN,0.85,Tuning,Tuning,0.2,0.8
Ela_metadataset,KNN,0.85,Tuning,Tuning,0.4,0.6
Ela_metadataset,KNN,0.85,Tuning,Defaults,0.6,0.4
Ela_metadataset,KNN,0.85,Tuning,Tuning,0.2,0.8
Ela_metadataset,KNN,0.9,Tuning,Defaults,0.6,0.4
Ela_metadataset,KNN,0.9,Tuning,Tuning,0.2,0.8
Ela_metadataset,KNN,0.9,Defaults,Defaults,0.6,0.4
Ela_metadataset,KNN,0.9,Tuning,Tuning,0.4,0.6
Ela_metadataset,KNN,0.9,Tuning,Tuning,0.0,1.0
Ela_metadataset,KNN,0.9,Tuning,Tuning,0.2,0.8
Ela_metadataset,KNN,0.9,Tuning,Tuning,0.0,1.0
Ela_metadataset,KNN,0.9,Defaults,Tuning,0.4,0.6
Ela_metadataset,KNN,0.9,Defaults,Tuning,0.4,0.6
Ela_metadataset,KNN,0.9,Tuning,Tuning,0.2,0.8
Ela_metadataset,KNN,0.9,Tuning,Tuning,0.0,1.0
Ela_metadataset,KNN,0.9,Defaults,Tuning,0.4,0.6
Ela_metadataset,KNN,0.9,Tuning,Tuning,0.2,0.8
Ela_metadataset,KNN,0.9,Tuning,Tuning,0.0,1.0
Ela_metadataset,KNN,0.9,Tuning,Tuning,0.0,1.0
Ela_metadataset,KNN,0.9,Tuning,Tuning,0.0,1.0
Ela_metadataset,KNN,0.9,Defaults,Defaults,0.6,0.4
Ela_metadataset,KNN,0.9,Tuning,Tuning,0.0,1.0
Ela_metadataset,KNN,0.9,Defaults,Tuning,0.4,0.6
Ela_metadataset,KNN,0.9,Tuning,Defaults,0.8,0.2
Ela_metadataset,KNN,0.9,Tuning,Tuning,0.2,0.8
Ela_metadataset,KNN,0.9,Defaults,Tuning,0.4,0.6
Ela_metadataset,KNN,0.9,Tuning,Defaults,1.0,0.0
Ela_metadataset,KNN,0.9,Tuning,Tuning,0.0,1.0
Ela_metadataset,KNN,0.9,Tuning,Tuning,0.2,0.8
Ela_metadataset,KNN,0.9,Tuning,Defaults,0.6,0.4
Ela_metadataset,KNN,0.9,Tuning,Tuning,0.0,1.0
Ela_metadataset,KNN,0.9,Tuning,Tuning,0.2,0.8
Ela_metadataset,KNN,0.9,Tuning,Tuning,0.0,1.0
Ela_metadataset,KNN,0.9,Tuning,Tuning,0.4,0.6
Ela_metadataset,KNN,0.9,Tuning,Tuning,0.0,1.0
Ela_metadataset,KNN,0.9,Tuning,Tuning,0.0,1.0
Ela_metadataset,KNN,0.9,Defaults,Defaults,0.8,0.2
Ela_metadataset,KNN,0.9,Defaults,Tuning,0.4,0.6
Ela_metadataset,KNN,0.9,Tuning,Tuning,0.0,1.0
Ela_metadataset,KNN,0.9,Tuning,Tuning,0.2,0.8
Ela_metadataset,KNN,0.9,Tuning,Tuning,0.2,0.8
Ela_metadataset,KNN,0.9,Defaults,Tuning,0.4,0.6
Ela_metadataset,KNN,0.9,Tuning,Tuning,0.2,0.8
Ela_metadataset,KNN,0.9,Defaults,Defaults,0.6,0.4
Ela_metadataset,KNN,0.9,Tuning,Tuning,0.0,1.0
Ela_metadataset,KNN,0.9,Tuning,Tuning,0.0,1.0
Ela_metadataset,KNN,0.9,Tuning,Tuning,0.0,1.0
Ela_metadataset,KNN,0.9,Tuning,Tuning,0.0,1.0
Ela_metadataset,KNN,0.9,Tuning,Defaults,0.6,0.4
Ela_metadataset,KNN,0.9,Tuning,Tuning,0.4,0.6
Ela_metadataset,KNN,0.9,Tuning,Tuning,0.2,0.8
Ela_metadataset,KNN,0.9,Tuning,Tuning,0.0,1.0
Ela_metadataset,KNN,0.9,Tuning,Tuning,0.0,1.0
Ela_metadataset,KNN,0.9,Tuning,Tuning,0.2,0.8
Ela_metadataset,KNN,0.9,Defaults,Tuning,0.4,0.6
Ela_metadataset,KNN,0.9,Tuning,Tuning,0.2,0.8
Ela_metadataset,KNN,0.9,Tuning,Tuning,0.2,0.8
Ela_metadataset,KNN,0.9,Defaults,Tuning,0.4,0.6
Ela_metadataset,KNN,0.9,Tuning,Tuning,0.4,0.6
Ela_metadataset,KNN,0.9,Tuning,Tuning,0.4,0.6
Ela_metadataset,KNN,0.9,Tuning,Tuning,0.0,1.0
Ela_metadataset,KNN,0.9,Tuning,Defaults,0.6,0.4
Ela_metadataset,KNN,0.9,Tuning,Tuning,0.4,0.6
Ela_metadataset,KNN,0.9,Tuning,Tuning,0.4,0.6
Ela_metadataset,KNN,0.9,Tuning,Tuning,0.0,1.0
Ela_metadataset,KNN,0.9,Tuning,Tuning,0.4,0.6
Ela_metadataset,KNN,0.9,Tuning,Tuning,0.2,0.8
Ela_metadataset,KNN,0.9,Defaults,Tuning,0.4,0.6
Ela_metadataset,KNN,0.9,Tuning,Defaults,0.8,0.2
Ela_metadataset,KNN,0.9,Defaults,Tuning,0.4,0.6
Ela_metadataset,KNN,0.9,Tuning,Tuning,0.0,1.0
Ela_metadataset,KNN,0.9,Tuning,Tuning,0.0,1.0
Ela_metadataset,KNN,0.9,Tuning,Tuning,0.2,0.8
Ela_metadataset,KNN,0.9,Tuning,Defaults,0.6,0.4
Ela_metadataset,KNN,0.9,Tuning,Defaults,0.6,0.4
Ela_metadataset,KNN,0.9,Defaults,Tuning,0.4,0.6
Ela_metadataset,KNN,0.9,Tuning,Tuning,0.4,0.6
Ela_metadataset,KNN,0.9,Defaults,Defaults,0.6,0.4
Ela_metadataset,KNN,0.9,Defaults,Defaults,0.6,0.4
Ela_metadataset,KNN,0.9,Defaults,Defaults,0.6,0.4
Ela_metadataset,KNN,0.9,Defaults,Tuning,0.4,0.6
Ela_metadataset,KNN,0.9,Tuning,Tuning,0.4,0.6
Ela_metadataset,KNN,0.9,Tuning,Tuning,0.4,0.6
Ela_metadataset,KNN,0.9,Tuning,Tuning,0.0,1.0
Ela_metadataset,KNN,0.9,Defaults,Tuning,0.2,0.8
Ela_metadataset,KNN,0.9,Defaults,Tuning,0.2,0.8
Ela_metadataset,KNN,0.9,Defaults,Defaults,0.6,0.4
Ela_metadataset,KNN,0.9,Defaults,Defaults,0.6,0.4
Ela_metadataset,KNN,0.9,Tuning,Defaults,1.0,0.0
Ela_metadataset,KNN,0.9,Tuning,Tuning,0.4,0.6
Ela_metadataset,KNN,0.9,Defaults,Tuning,0.4,0.6
Ela_metadataset,KNN,0.9,Tuning,Tuning,0.2,0.8
Ela_metadataset,KNN,0.9,Defaults,Tuning,0.4,0.6
Ela_metadataset,KNN,0.9,Tuning,Tuning,0.0,1.0
Ela_metadataset,KNN,0.9,Tuning,Tuning,0.4,0.6
Ela_metadataset,KNN,0.9,Defaults,Tuning,0.4,0.6
Ela_metadataset,KNN,0.9,Tuning,Defaults,0.6,0.4
Ela_metadataset,KNN,0.9,Defaults,Defaults,0.6,0.4
Ela_metadataset,KNN,0.9,Tuning,Tuning,0.2,0.8
Ela_metadataset,KNN,0.9,Tuning,Tuning,0.2,0.8
Ela_metadataset,KNN,0.9,Tuning,Tuning,0.4,0.6
Ela_metadataset,KNN,0.9,Defaults,Tuning,0.2,0.8
Ela_metadataset,KNN,0.9,Tuning,Tuning,0.0,1.0
Ela_metadataset,KNN,0.9,Tuning,Tuning,0.0,1.0
Ela_metadataset,KNN,0.9,Tuning,Tuning,0.2,0.8
Ela_metadataset,KNN,0.9,Defaults,Tuning,0.0,1.0
Ela_metadataset,KNN,0.9,Tuning,Tuning,0.0,1.0
Ela_metadataset,KNN,0.9,Tuning,Tuning,0.4,0.6
Ela_metadataset,KNN,0.9,Tuning,Tuning,0.2,0.8
Ela_metadataset,KNN,0.9,Tuning,Tuning,0.0,1.0
Ela_metadataset,KNN,0.9,Tuning,Defaults,0.8,0.2
Ela_metadataset,KNN,0.9,Tuning,Tuning,0.2,0.8
Ela_metadataset,KNN,0.9,Tuning,Tuning,0.0,1.0
Ela_metadataset,KNN,0.9,Defaults,Tuning,0.4,0.6
Ela_metadataset,KNN,0.9,Tuning,Tuning,0.0,1.0
Ela_metadataset,KNN,0.9,Tuning,Tuning,0.4,0.6
Ela_metadataset,KNN,0.9,Tuning,Tuning,0.4,0.6
Ela_metadataset,KNN,0.9,Tuning,Defaults,0.8,0.2
Ela_metadataset,KNN,0.9,Tuning,Tuning,0.0,1.0
Ela_metadataset,KNN,0.9,Tuning,Tuning,0.2,0.8
Ela_metadataset,KNN,0.9,Tuning,Defaults,0.6,0.4
Ela_metadataset,KNN,0.9,Tuning,Tuning,0.2,0.8
Ela_metadataset,KNN,0.9,Defaults,Defaults,0.6,0.4
Ela_metadataset,KNN,0.9,Tuning,Tuning,0.0,1.0
Ela_metadataset,KNN,0.9,Defaults,Tuning,0.4,0.6
Ela_metadataset,KNN,0.9,Tuning,Tuning,0.0,1.0
Ela_metadataset,KNN,0.9,Tuning,Defaults,0.8,0.2
Ela_metadataset,KNN,0.9,Tuning,Tuning,0.0,1.0
Ela_metadataset,KNN,0.9,Tuning,Tuning,0.2,0.8
Ela_metadataset,KNN,0.9,Defaults,Tuning,0.2,0.8
Ela_metadataset,KNN,0.9,Defaults,Tuning,0.4,0.6
Ela_metadataset,KNN,0.9,Tuning,Defaults,0.6,0.4
Ela_metadataset,KNN,0.9,Tuning,Tuning,0.4,0.6
Ela_metadataset,KNN,0.9,Tuning,Defaults,0.6,0.4
Ela_metadataset,KNN,0.9,Tuning,Tuning,0.4,0.6
Ela_metadataset,KNN,0.9,Tuning,Defaults,0.8,0.2
Ela_metadataset,KNN,0.9,Tuning,Tuning,0.0,1.0
Ela_metadataset,KNN,0.9,Tuning,Tuning,0.2,0.8
Ela_metadataset,KNN,0.9,Tuning,Tuning,0.0,1.0
Ela_metadataset,KNN,0.9,Defaults,Tuning,0.4,0.6
Ela_metadataset,KNN,0.9,Tuning,Defaults,0.6,0.4
Ela_metadataset,KNN,0.9,Tuning,Tuning,0.2,0.8
Ela_metadataset,KNN,0.9,Tuning,Tuning,0.2,0.8
Ela_metadataset,KNN,0.9,Tuning,Defaults,0.6,0.4
Ela_metadataset,KNN,0.9,Defaults,Defaults,0.8,0.2
Ela_metadataset,KNN,0.9,Tuning,Tuning,0.4,0.6
Ela_metadataset,KNN,0.9,Tuning,Tuning,0.4,0.6
Ela_metadataset,KNN,0.9,Tuning,Tuning,0.0,1.0
Ela_metadataset,KNN,0.9,Defaults,Tuning,0.0,1.0
Ela_metadataset,KNN,0.9,Tuning,Defaults,0.6,0.4
Ela_metadataset,KNN,0.9,Tuning,Tuning,0.4,0.6
Ela_metadataset,KNN,0.9,Tuning,Tuning,0.0,1.0
Ela_metadataset,KNN,0.9,Defaults,Defaults,0.6,0.4
Ela_metadataset,KNN,0.9,Defaults,Tuning,0.4,0.6
Ela_metadataset,KNN,0.9,Tuning,Defaults,0.6,0.4
Ela_metadataset,KNN,0.9,Tuning,Tuning,0.4,0.6
Ela_metadataset,KNN,0.9,Tuning,Tuning,0.0,1.0
Ela_metadataset,KNN,0.9,Defaults,Tuning,0.0,1.0
Ela_metadataset,KNN,0.9,Defaults,Tuning,0.2,0.8
Ela_metadataset,KNN,0.9,Defaults,Tuning,0.4,0.6
Ela_metadataset,KNN,0.9,Tuning,Tuning,0.4,0.6
Ela_metadataset,KNN,0.9,Defaults,Tuning,0.2,0.8
Ela_metadataset,KNN,0.9,Tuning,Tuning,0.2,0.8
Ela_metadataset,KNN,0.9,Tuning,Tuning,0.2,0.8
Ela_metadataset,KNN,0.9,Defaults,Tuning,0.2,0.8
Ela_metadataset,KNN,0.9,Defaults,Tuning,0.2,0.8
Ela_metadataset,KNN,0.9,Tuning,Tuning,0.2,0.8
Ela_metadataset,KNN,0.9,Tuning,Tuning,0.4,0.6
Ela_metadataset,KNN,0.9,Defaults,Tuning,0.4,0.6
Ela_metadataset,KNN,0.9,Tuning,Tuning,0.2,0.8
Ela_metadataset,KNN,0.9,Tuning,Tuning,0.4,0.6
Ela_metadataset,KNN,0.9,Tuning,Defaults,0.6,0.4
Ela_metadataset,KNN,0.9,Tuning,Tuning,0.2,0.8
Ela_metadataset,KNN,0.95,Tuning,Tuning,0.4,0.6
Ela_metadataset,KNN,0.95,Tuning,Tuning,0.2,0.8
Ela_metadataset,KNN,0.95,Defaults,Defaults,0.6,0.4
Ela_metadataset,KNN,0.95,Tuning,Tuning,0.4,0.6
Ela_metadataset,KNN,0.95,Tuning,Tuning,0.0,1.0
Ela_metadataset,KNN,0.95,Tuning,Tuning,0.2,0.8
Ela_metadataset,KNN,0.95,Tuning,Tuning,0.0,1.0
Ela_metadataset,KNN,0.95,Defaults,Tuning,0.4,0.6
Ela_metadataset,KNN,0.95,Defaults,Tuning,0.4,0.6
Ela_metadataset,KNN,0.95,Tuning,Tuning,0.2,0.8
Ela_metadataset,KNN,0.95,Tuning,Tuning,0.0,1.0
Ela_metadataset,KNN,0.95,Defaults,Defaults,0.6,0.4
Ela_metadataset,KNN,0.95,Tuning,Tuning,0.2,0.8
Ela_metadataset,KNN,0.95,Tuning,Tuning,0.0,1.0
Ela_metadataset,KNN,0.95,Tuning,Tuning,0.0,1.0
Ela_metadataset,KNN,0.95,Tuning,Tuning,0.0,1.0
Ela_metadataset,KNN,0.95,Defaults,Defaults,0.6,0.4
Ela_metadataset,KNN,0.95,Tuning,Tuning,0.0,1.0
Ela_metadataset,KNN,0.95,Defaults,Tuning,0.4,0.6
Ela_metadataset,KNN,0.95,Tuning,Defaults,1.0,0.0
Ela_metadataset,KNN,0.95,Tuning,Tuning,0.2,0.8
Ela_metadataset,KNN,0.95,Defaults,Tuning,0.2,0.8
Ela_metadataset,KNN,0.95,Tuning,Defaults,1.0,0.0
Ela_metadataset,KNN,0.95,Tuning,Tuning,0.0,1.0
Ela_metadataset,KNN,0.95,Tuning,Tuning,0.2,0.8
Ela_metadataset,KNN,0.95,Tuning,Defaults,0.6,0.4
Ela_metadataset,KNN,0.95,Tuning,Tuning,0.0,1.0
Ela_metadataset,KNN,0.95,Tuning,Tuning,0.0,1.0
Ela_metadataset,KNN,0.95,Tuning,Tuning,0.0,1.0
Ela_metadataset,KNN,0.95,Tuning,Tuning,0.4,0.6
Ela_metadataset,KNN,0.95,Tuning,Tuning,0.0,1.0
Ela_metadataset,KNN,0.95,Tuning,Tuning,0.0,1.0
Ela_metadataset,KNN,0.95,Defaults,Defaults,0.8,0.2
Ela_metadataset,KNN,0.95,Defaults,Tuning,0.4,0.6
Ela_metadataset,KNN,0.95,Tuning,Tuning,0.0,1.0
Ela_metadataset,KNN,0.95,Tuning,Tuning,0.2,0.8
Ela_metadataset,KNN,0.95,Tuning,Tuning,0.2,0.8
Ela_metadataset,KNN,0.95,Defaults,Tuning,0.4,0.6
Ela_metadataset,KNN,0.95,Tuning,Tuning,0.0,1.0
Ela_metadataset,KNN,0.95,Defaults,Tuning,0.4,0.6
Ela_metadataset,KNN,0.95,Tuning,Tuning,0.0,1.0
Ela_metadataset,KNN,0.95,Tuning,Tuning,0.2,0.8
Ela_metadataset,KNN,0.95,Tuning,Tuning,0.0,1.0
Ela_metadataset,KNN,0.95,Tuning,Tuning,0.0,1.0
Ela_metadataset,KNN,0.95,Tuning,Tuning,0.4,0.6
Ela_metadataset,KNN,0.95,Tuning,Tuning,0.4,0.6
Ela_metadataset,KNN,0.95,Tuning,Tuning,0.2,0.8
Ela_metadataset,KNN,0.95,Tuning,Tuning,0.0,1.0
Ela_metadataset,KNN,0.95,Tuning,Tuning,0.2,0.8
Ela_metadataset,KNN,0.95,Tuning,Tuning,0.2,0.8
Ela_metadataset,KNN,0.95,Defaults,Defaults,0.6,0.4
Ela_metadataset,KNN,0.95,Tuning,Tuning,0.2,0.8
Ela_metadataset,KNN,0.95,Tuning,Tuning,0.2,0.8
Ela_metadataset,KNN,0.95,Defaults,Tuning,0.2,0.8
Ela_metadataset,KNN,0.95,Tuning,Tuning,0.4,0.6
Ela_metadataset,KNN,0.95,Tuning,Tuning,0.4,0.6
Ela_metadataset,KNN,0.95,Tuning,Tuning,0.0,1.0
Ela_metadataset,KNN,0.95,Tuning,Defaults,0.8,0.2
Ela_metadataset,KNN,0.95,Tuning,Tuning,0.4,0.6
Ela_metadataset,KNN,0.95,Tuning,Tuning,0.4,0.6
Ela_metadataset,KNN,0.95,Tuning,Tuning,0.0,1.0
Ela_metadataset,KNN,0.95,Tuning,Tuning,0.2,0.8
Ela_metadataset,KNN,0.95,Tuning,Tuning,0.2,0.8
Ela_metadataset,KNN,0.95,Defaults,Tuning,0.4,0.6
Ela_metadataset,KNN,0.95,Tuning,Defaults,0.8,0.2
Ela_metadataset,KNN,0.95,Defaults,Tuning,0.4,0.6
Ela_metadataset,KNN,0.95,Tuning,Tuning,0.2,0.8
Ela_metadataset,KNN,0.95,Tuning,Tuning,0.0,1.0
Ela_metadataset,KNN,0.95,Tuning,Tuning,0.2,0.8
Ela_metadataset,KNN,0.95,Tuning,Defaults,0.6,0.4
Ela_metadataset,KNN,0.95,Tuning,Defaults,0.6,0.4
Ela_metadataset,KNN,0.95,Defaults,Tuning,0.4,0.6
Ela_metadataset,KNN,0.95,Tuning,Tuning,0.4,0.6
Ela_metadataset,KNN,0.95,Defaults,Defaults,0.6,0.4
Ela_metadataset,KNN,0.95,Defaults,Defaults,0.6,0.4
Ela_metadataset,KNN,0.95,Defaults,Defaults,0.6,0.4
Ela_metadataset,KNN,0.95,Defaults,Tuning,0.4,0.6
Ela_metadataset,KNN,0.95,Tuning,Tuning,0.2,0.8
Ela_metadataset,KNN,0.95,Tuning,Tuning,0.4,0.6
Ela_metadataset,KNN,0.95,Tuning,Tuning,0.0,1.0
Ela_metadataset,KNN,0.95,Defaults,Tuning,0.2,0.8
Ela_metadataset,KNN,0.95,Defaults,Tuning,0.2,0.8
Ela_metadataset,KNN,0.95,Defaults,Defaults,0.8,0.2
Ela_metadataset,KNN,0.95,Defaults,Defaults,0.6,0.4
Ela_metadataset,KNN,0.95,Tuning,Defaults,1.0,0.0
Ela_metadataset,KNN,0.95,Tuning,Tuning,0.4,0.6
Ela_metadataset,KNN,0.95,Defaults,Tuning,0.4,0.6
Ela_metadataset,KNN,0.95,Tuning,Tuning,0.2,0.8
Ela_metadataset,KNN,0.95,Defaults,Tuning,0.4,0.6
Ela_metadataset,KNN,0.95,Tuning,Tuning,0.2,0.8
Ela_metadataset,KNN,0.95,Tuning,Tuning,0.4,0.6
Ela_metadataset,KNN,0.95,Defaults,Defaults,0.6,0.4
Ela_metadataset,KNN,0.95,Tuning,Defaults,0.6,0.4
Ela_metadataset,KNN,0.95,Defaults,Defaults,0.6,0.4
Ela_metadataset,KNN,0.95,Tuning,Tuning,0.2,0.8
Ela_metadataset,KNN,0.95,Tuning,Tuning,0.0,1.0
Ela_metadataset,KNN,0.95,Tuning,Tuning,0.4,0.6
Ela_metadataset,KNN,0.95,Defaults,Tuning,0.0,1.0
Ela_metadataset,KNN,0.95,Tuning,Tuning,0.0,1.0
Ela_metadataset,KNN,0.95,Tuning,Tuning,0.0,1.0
Ela_metadataset,KNN,0.95,Tuning,Tuning,0.2,0.8
Ela_metadataset,KNN,0.95,Defaults,Tuning,0.0,1.0
Ela_metadataset,KNN,0.95,Tuning,Tuning,0.0,1.0
Ela_metadataset,KNN,0.95,Tuning,Tuning,0.4,0.6
Ela_metadataset,KNN,0.95,Tuning,Tuning,0.2,0.8
Ela_metadataset,KNN,0.95,Tuning,Tuning,0.0,1.0
Ela_metadataset,KNN,0.95,Tuning,Defaults,0.8,0.2
Ela_metadataset,KNN,0.95,Tuning,Tuning,0.2,0.8
Ela_metadataset,KNN,0.95,Tuning,Tuning,0.0,1.0
Ela_metadataset,KNN,0.95,Defaults,Tuning,0.4,0.6
Ela_metadataset,KNN,0.95,Tuning,Tuning,0.0,1.0
Ela_metadataset,KNN,0.95,Tuning,Tuning,0.2,0.8
Ela_metadataset,KNN,0.95,Tuning,Defaults,0.6,0.4
Ela_metadataset,KNN,0.95,Tuning,Defaults,0.8,0.2
Ela_metadataset,KNN,0.95,Tuning,Tuning,0.0,1.0
Ela_metadataset,KNN,0.95,Tuning,Tuning,0.2,0.8
Ela_metadataset,KNN,0.95,Tuning,Defaults,0.6,0.4
Ela_metadataset,KNN,0.95,Tuning,Tuning,0.2,0.8
Ela_metadataset,KNN,0.95,Defaults,Defaults,0.6,0.4
Ela_metadataset,KNN,0.95,Tuning,Tuning,0.0,1.0
Ela_metadataset,KNN,0.95,Defaults,Tuning,0.4,0.6
Ela_metadataset,KNN,0.95,Tuning,Tuning,0.0,1.0
Ela_metadataset,KNN,0.95,Tuning,Defaults,0.8,0.2
Ela_metadataset,KNN,0.95,Tuning,Tuning,0.0,1.0
Ela_metadataset,KNN,0.95,Tuning,Tuning,0.2,0.8
Ela_metadataset,KNN,0.95,Defaults,Tuning,0.2,0.8
Ela_metadataset,KNN,0.95,Defaults,Tuning,0.4,0.6
Ela_metadataset,KNN,0.95,Tuning,Tuning,0.4,0.6
Ela_metadataset,KNN,0.95,Tuning,Tuning,0.2,0.8
Ela_metadataset,KNN,0.95,Tuning,Tuning,0.4,0.6
Ela_metadataset,KNN,0.95,Tuning,Tuning,0.2,0.8
Ela_metadataset,KNN,0.95,Tuning,Defaults,0.8,0.2
Ela_metadataset,KNN,0.95,Tuning,Tuning,0.0,1.0
Ela_metadataset,KNN,0.95,Tuning,Tuning,0.2,0.8
Ela_metadataset,KNN,0.95,Tuning,Tuning,0.0,1.0
Ela_metadataset,KNN,0.95,Defaults,Tuning,0.4,0.6
Ela_metadataset,KNN,0.95,Tuning,Defaults,0.6,0.4
Ela_metadataset,KNN,0.95,Tuning,Tuning,0.4,0.6
Ela_metadataset,KNN,0.95,Tuning,Tuning,0.2,0.8
Ela_metadataset,KNN,0.95,Tuning,Defaults,0.8,0.2
Ela_metadataset,KNN,0.95,Defaults,Tuning,0.2,0.8
Ela_metadataset,KNN,0.95,Tuning,Tuning,0.4,0.6
Ela_metadataset,KNN,0.95,Tuning,Tuning,0.4,0.6
Ela_metadataset,KNN,0.95,Tuning,Tuning,0.2,0.8
Ela_metadataset,KNN,0.95,Defaults,Tuning,0.0,1.0
Ela_metadataset,KNN,0.95,Tuning,Defaults,0.6,0.4
Ela_metadataset,KNN,0.95,Tuning,Tuning,0.4,0.6
Ela_metadataset,KNN,0.95,Tuning,Tuning,0.0,1.0
Ela_metadataset,KNN,0.95,Defaults,Defaults,0.6,0.4
Ela_metadataset,KNN,0.95,Defaults,Tuning,0.4,0.6
Ela_metadataset,KNN,0.95,Tuning,Tuning,0.4,0.6
Ela_metadataset,KNN,0.95,Tuning,Tuning,0.4,0.6
Ela_metadataset,KNN,0.95,Tuning,Tuning,0.0,1.0
Ela_metadataset,KNN,0.95,Defaults,Tuning,0.0,1.0
Ela_metadataset,KNN,0.95,Defaults,Tuning,0.2,0.8
Ela_metadataset,KNN,0.95,Defaults,Defaults,0.8,0.2
Ela_metadataset,KNN,0.95,Tuning,Tuning,0.2,0.8
Ela_metadataset,KNN,0.95,Defaults,Tuning,0.2,0.8
Ela_metadataset,KNN,0.95,Tuning,Tuning,0.2,0.8
Ela_metadataset,KNN,0.95,Tuning,Tuning,0.2,0.8
Ela_metadataset,KNN,0.95,Defaults,Tuning,0.2,0.8
Ela_metadataset,KNN,0.95,Defaults,Tuning,0.2,0.8
Ela_metadataset,KNN,0.95,Tuning,Tuning,0.2,0.8
Ela_metadataset,KNN,0.95,Tuning,Tuning,0.2,0.8
Ela_metadataset,KNN,0.95,Defaults,Tuning,0.4,0.6
Ela_metadataset,KNN,0.95,Tuning,Tuning,0.2,0.8
Ela_metadataset,KNN,0.95,Tuning,Tuning,0.4,0.6
Ela_metadataset,KNN,0.95,Tuning,Defaults,0.6,0.4
Ela_metadataset,KNN,0.95,Tuning,Tuning,0.2,0.8
Ela_metadataset,DecisionTree,0.8,Tuning,Tuning,0.0,1.0
Ela_metadataset,DecisionTree,0.8,Tuning,Tuning,0.0,1.0
Ela_metadataset,DecisionTree,0.8,Defaults,Defaults,1.0,0.0
Ela_metadataset,DecisionTree,0.8,Tuning,Tuning,0.0,1.0
Ela_metadataset,DecisionTree,0.8,Tuning,Tuning,0.0,1.0
Ela_metadataset,DecisionTree,0.8,Tuning,Tuning,0.0,1.0
Ela_metadataset,DecisionTree,0.8,Tuning,Tuning,0.0,1.0
Ela_metadataset,DecisionTree,0.8,Defaults,Tuning,0.0,1.0
Ela_metadataset,DecisionTree,0.8,Defaults,Tuning,0.0,1.0
Ela_metadataset,DecisionTree,0.8,Tuning,Tuning,0.0,1.0
Ela_metadataset,DecisionTree,0.8,Tuning,Tuning,0.0,1.0
Ela_metadataset,DecisionTree,0.8,Defaults,Tuning,0.0,1.0
Ela_metadataset,DecisionTree,0.8,Tuning,Tuning,0.0,1.0
Ela_metadataset,DecisionTree,0.8,Tuning,Defaults,1.0,0.0
Ela_metadataset,DecisionTree,0.8,Tuning,Tuning,0.0,1.0
Ela_metadataset,DecisionTree,0.8,Tuning,Tuning,0.0,1.0
Ela_metadataset,DecisionTree,0.8,Defaults,Tuning,0.0,1.0
Ela_metadataset,DecisionTree,0.8,Tuning,Tuning,0.0,1.0
Ela_metadataset,DecisionTree,0.8,Defaults,Defaults,1.0,0.0
Ela_metadataset,DecisionTree,0.8,Tuning,Defaults,1.0,0.0
Ela_metadataset,DecisionTree,0.8,Tuning,Defaults,1.0,0.0
Ela_metadataset,DecisionTree,0.8,Defaults,Defaults,1.0,0.0
Ela_metadataset,DecisionTree,0.8,Tuning,Tuning,0.0,1.0
Ela_metadataset,DecisionTree,0.8,Tuning,Tuning,0.0,1.0
Ela_metadataset,DecisionTree,0.8,Tuning,Tuning,0.0,1.0
Ela_metadataset,DecisionTree,0.8,Tuning,Tuning,0.0,1.0
Ela_metadataset,DecisionTree,0.8,Tuning,Tuning,0.0,1.0
Ela_metadataset,DecisionTree,0.8,Tuning,Tuning,0.0,1.0
Ela_metadataset,DecisionTree,0.8,Tuning,Tuning,0.0,1.0
Ela_metadataset,DecisionTree,0.8,Tuning,Tuning,0.0,1.0
Ela_metadataset,DecisionTree,0.8,Tuning,Tuning,0.0,1.0
Ela_metadataset,DecisionTree,0.8,Tuning,Tuning,0.0,1.0
Ela_metadataset,DecisionTree,0.8,Defaults,Defaults,1.0,0.0
Ela_metadataset,DecisionTree,0.8,Defaults,Defaults,1.0,0.0
Ela_metadataset,DecisionTree,0.8,Tuning,Tuning,0.0,1.0
Ela_metadataset,DecisionTree,0.8,Tuning,Tuning,0.0,1.0
Ela_metadataset,DecisionTree,0.8,Tuning,Defaults,1.0,0.0
Ela_metadataset,DecisionTree,0.8,Defaults,Tuning,0.0,1.0
Ela_metadataset,DecisionTree,0.8,Tuning,Tuning,0.0,1.0
Ela_metadataset,DecisionTree,0.8,Defaults,Defaults,1.0,0.0
Ela_metadataset,DecisionTree,0.8,Tuning,Tuning,0.0,1.0
Ela_metadataset,DecisionTree,0.8,Tuning,Tuning,0.0,1.0
Ela_metadataset,DecisionTree,0.8,Tuning,Tuning,0.0,1.0
Ela_metadataset,DecisionTree,0.8,Tuning,Tuning,0.0,1.0
Ela_metadataset,DecisionTree,0.8,Tuning,Tuning,0.0,1.0
Ela_metadataset,DecisionTree,0.8,Tuning,Tuning,0.0,1.0
Ela_metadataset,DecisionTree,0.8,Tuning,Tuning,0.0,1.0
Ela_metadataset,DecisionTree,0.8,Tuning,Tuning,0.0,1.0
Ela_metadataset,DecisionTree,0.8,Tuning,Tuning,0.0,1.0
Ela_metadataset,DecisionTree,0.8,Tuning,Tuning,0.0,1.0
Ela_metadataset,DecisionTree,0.8,Defaults,Tuning,0.0,1.0
Ela_metadataset,DecisionTree,0.8,Tuning,Tuning,0.0,1.0
Ela_metadataset,DecisionTree,0.8,Tuning,Tuning,0.0,1.0
Ela_metadataset,DecisionTree,0.8,Defaults,Tuning,0.0,1.0
Ela_metadataset,DecisionTree,0.8,Tuning,Defaults,1.0,0.0
Ela_metadataset,DecisionTree,0.8,Tuning,Defaults,1.0,0.0
Ela_metadataset,DecisionTree,0.8,Tuning,Tuning,0.0,1.0
Ela_metadataset,DecisionTree,0.8,Tuning,Tuning,0.0,1.0
Ela_metadataset,DecisionTree,0.8,Tuning,Defaults,1.0,0.0
Ela_metadataset,DecisionTree,0.8,Tuning,Defaults,1.0,0.0
Ela_metadataset,DecisionTree,0.8,Tuning,Tuning,0.0,1.0
Ela_metadataset,DecisionTree,0.8,Tuning,Tuning,0.0,1.0
Ela_metadataset,DecisionTree,0.8,Tuning,Defaults,1.0,0.0
Ela_metadataset,DecisionTree,0.8,Defaults,Defaults,1.0,0.0
Ela_metadataset,DecisionTree,0.8,Tuning,Tuning,0.0,1.0
Ela_metadataset,DecisionTree,0.8,Defaults,Defaults,1.0,0.0
Ela_metadataset,DecisionTree,0.8,Tuning,Tuning,0.0,1.0
Ela_metadataset,DecisionTree,0.8,Tuning,Tuning,0.0,1.0
Ela_metadataset,DecisionTree,0.8,Tuning,Tuning,0.0,1.0
Ela_metadataset,DecisionTree,0.8,Tuning,Tuning,0.0,1.0
Ela_metadataset,DecisionTree,0.8,Tuning,Tuning,0.0,1.0
Ela_metadataset,DecisionTree,0.8,Defaults,Tuning,0.0,1.0
Ela_metadataset,DecisionTree,0.8,Tuning,Tuning,0.0,1.0
Ela_metadataset,DecisionTree,0.8,Defaults,Defaults,1.0,0.0
Ela_metadataset,DecisionTree,0.8,Defaults,Defaults,1.0,0.0
Ela_metadataset,DecisionTree,0.8,Defaults,Defaults,1.0,0.0
Ela_metadataset,DecisionTree,0.8,Defaults,Defaults,1.0,0.0
Ela_metadataset,DecisionTree,0.8,Tuning,Tuning,0.0,1.0
Ela_metadataset,DecisionTree,0.8,Tuning,Tuning,0.0,1.0
Ela_metadataset,DecisionTree,0.8,Tuning,Tuning,0.0,1.0
Ela_metadataset,DecisionTree,0.8,Defaults,Tuning,0.0,1.0
Ela_metadataset,DecisionTree,0.8,Defaults,Tuning,0.0,1.0
Ela_metadataset,DecisionTree,0.8,Defaults,Tuning,0.0,1.0
Ela_metadataset,DecisionTree,0.8,Defaults,Defaults,1.0,0.0
Ela_metadataset,DecisionTree,0.8,Tuning,Defaults,1.0,0.0
Ela_metadataset,DecisionTree,0.8,Tuning,Defaults,1.0,0.0
Ela_metadataset,DecisionTree,0.8,Defaults,Defaults,1.0,0.0
Ela_metadataset,DecisionTree,0.8,Tuning,Defaults,1.0,0.0
Ela_metadataset,DecisionTree,0.8,Defaults,Tuning,0.0,1.0
Ela_metadataset,DecisionTree,0.8,Tuning,Tuning,0.0,1.0
Ela_metadataset,DecisionTree,0.8,Tuning,Tuning,0.0,1.0
Ela_metadataset,DecisionTree,0.8,Defaults,Defaults,1.0,0.0
Ela_metadataset,DecisionTree,0.8,Tuning,Tuning,0.0,1.0
Ela_metadataset,DecisionTree,0.8,Defaults,Tuning,0.0,1.0
Ela_metadataset,DecisionTree,0.8,Tuning,Defaults,1.0,0.0
Ela_metadataset,DecisionTree,0.8,Tuning,Tuning,0.0,1.0
Ela_metadataset,DecisionTree,0.8,Tuning,Tuning,0.0,1.0
Ela_metadataset,DecisionTree,0.8,Defaults,Tuning,0.0,1.0
Ela_metadataset,DecisionTree,0.8,Tuning,Tuning,0.0,1.0
Ela_metadataset,DecisionTree,0.8,Tuning,Tuning,0.0,1.0
Ela_metadataset,DecisionTree,0.8,Tuning,Tuning,0.0,1.0
Ela_metadataset,DecisionTree,0.8,Defaults,Tuning,0.0,1.0
Ela_metadataset,DecisionTree,0.8,Tuning,Tuning,0.0,1.0
Ela_metadataset,DecisionTree,0.8,Tuning,Tuning,0.0,1.0
Ela_metadataset,DecisionTree,0.8,Tuning,Tuning,0.0,1.0
Ela_metadataset,DecisionTree,0.8,Tuning,Tuning,0.0,1.0
Ela_metadataset,DecisionTree,0.8,Tuning,Defaults,1.0,0.0
Ela_metadataset,DecisionTree,0.8,Tuning,Tuning,0.0,1.0
Ela_metadataset,DecisionTree,0.8,Tuning,Tuning,0.0,1.0
Ela_metadataset,DecisionTree,0.8,Defaults,Tuning,0.0,1.0
Ela_metadataset,DecisionTree,0.8,Tuning,Tuning,0.0,1.0
Ela_metadataset,DecisionTree,0.8,Tuning,Tuning,0.0,1.0
Ela_metadataset,DecisionTree,0.8,Tuning,Tuning,0.0,1.0
Ela_metadataset,DecisionTree,0.8,Tuning,Tuning,0.0,1.0
Ela_metadataset,DecisionTree,0.8,Tuning,Tuning,0.0,1.0
Ela_metadataset,DecisionTree,0.8,Tuning,Tuning,0.0,1.0
Ela_metadataset,DecisionTree,0.8,Tuning,Defaults,1.0,0.0
Ela_metadataset,DecisionTree,0.8,Tuning,Defaults,1.0,0.0
Ela_metadataset,DecisionTree,0.8,Defaults,Tuning,0.0,1.0
Ela_metadataset,DecisionTree,0.8,Tuning,Tuning,0.0,1.0
Ela_metadataset,DecisionTree,0.8,Defaults,Tuning,0.0,1.0
Ela_metadataset,DecisionTree,0.8,Tuning,Tuning,0.0,1.0
Ela_metadataset,DecisionTree,0.8,Tuning,Defaults,1.0,0.0
Ela_metadataset,DecisionTree,0.8,Tuning,Tuning,0.0,1.0
Ela_metadataset,DecisionTree,0.8,Tuning,Tuning,0.0,1.0
Ela_metadataset,DecisionTree,0.8,Defaults,Defaults,1.0,0.0
Ela_metadataset,DecisionTree,0.8,Defaults,Tuning,0.0,1.0
Ela_metadataset,DecisionTree,0.8,Tuning,Tuning,0.0,1.0
Ela_metadataset,DecisionTree,0.8,Tuning,Tuning,0.0,1.0
Ela_metadataset,DecisionTree,0.8,Tuning,Tuning,0.0,1.0
Ela_metadataset,DecisionTree,0.8,Tuning,Tuning,0.0,1.0
Ela_metadataset,DecisionTree,0.8,Tuning,Tuning,0.0,1.0
Ela_metadataset,DecisionTree,0.8,Tuning,Tuning,0.0,1.0
Ela_metadataset,DecisionTree,0.8,Tuning,Tuning,0.0,1.0
Ela_metadataset,DecisionTree,0.8,Tuning,Defaults,1.0,0.0
Ela_metadataset,DecisionTree,0.8,Defaults,Tuning,0.0,1.0
Ela_metadataset,DecisionTree,0.8,Tuning,Tuning,0.0,1.0
Ela_metadataset,DecisionTree,0.8,Tuning,Defaults,1.0,0.0
Ela_metadataset,DecisionTree,0.8,Tuning,Tuning,0.0,1.0
Ela_metadataset,DecisionTree,0.8,Tuning,Tuning,0.0,1.0
Ela_metadataset,DecisionTree,0.8,Defaults,Tuning,0.0,1.0
Ela_metadataset,DecisionTree,0.8,Tuning,Tuning,0.0,1.0
Ela_metadataset,DecisionTree,0.8,Tuning,Tuning,0.0,1.0
Ela_metadataset,DecisionTree,0.8,Tuning,Tuning,0.0,1.0
Ela_metadataset,DecisionTree,0.8,Defaults,Tuning,0.0,1.0
Ela_metadataset,DecisionTree,0.8,Tuning,Tuning,0.0,1.0
Ela_metadataset,DecisionTree,0.8,Tuning,Tuning,0.0,1.0
Ela_metadataset,DecisionTree,0.8,Tuning,Tuning,0.0,1.0
Ela_metadataset,DecisionTree,0.8,Defaults,Tuning,0.0,1.0
Ela_metadataset,DecisionTree,0.8,Defaults,Defaults,1.0,0.0
Ela_metadataset,DecisionTree,0.8,Tuning,Defaults,1.0,0.0
Ela_metadataset,DecisionTree,0.8,Tuning,Tuning,0.0,1.0
Ela_metadataset,DecisionTree,0.8,Tuning,Tuning,0.0,1.0
Ela_metadataset,DecisionTree,0.8,Defaults,Defaults,1.0,0.0
Ela_metadataset,DecisionTree,0.8,Defaults,Tuning,0.0,1.0
Ela_metadataset,DecisionTree,0.8,Defaults,Tuning,0.0,1.0
Ela_metadataset,DecisionTree,0.8,Tuning,Tuning,0.0,1.0
Ela_metadataset,DecisionTree,0.8,Defaults,Defaults,1.0,0.0
Ela_metadataset,DecisionTree,0.8,Tuning,Tuning,0.0,1.0
Ela_metadataset,DecisionTree,0.8,Tuning,Tuning,0.0,1.0
Ela_metadataset,DecisionTree,0.8,Defaults,Tuning,0.0,1.0
Ela_metadataset,DecisionTree,0.8,Defaults,Tuning,0.0,1.0
Ela_metadataset,DecisionTree,0.8,Tuning,Tuning,0.0,1.0
Ela_metadataset,DecisionTree,0.8,Tuning,Tuning,0.0,1.0
Ela_metadataset,DecisionTree,0.8,Defaults,Tuning,0.0,1.0
Ela_metadataset,DecisionTree,0.8,Tuning,Tuning,0.0,1.0
Ela_metadataset,DecisionTree,0.8,Tuning,Tuning,0.0,1.0
Ela_metadataset,DecisionTree,0.8,Tuning,Defaults,1.0,0.0
Ela_metadataset,DecisionTree,0.8,Tuning,Tuning,0.0,1.0
Ela_metadataset,DecisionTree,0.85,Tuning,Tuning,0.0,1.0
Ela_metadataset,DecisionTree,0.85,Tuning,Tuning,0.0,1.0
Ela_metadataset,DecisionTree,0.85,Defaults,Defaults,1.0,0.0
Ela_metadataset,DecisionTree,0.85,Tuning,Tuning,0.0,1.0
Ela_metadataset,DecisionTree,0.85,Tuning,Tuning,0.0,1.0
Ela_metadataset,DecisionTree,0.85,Tuning,Defaults,1.0,0.0
Ela_metadataset,DecisionTree,0.85,Tuning,Tuning,0.0,1.0
Ela_metadataset,DecisionTree,0.85,Defaults,Tuning,0.0,1.0
Ela_metadataset,DecisionTree,0.85,Defaults,Defaults,1.0,0.0
Ela_metadataset,DecisionTree,0.85,Tuning,Defaults,1.0,0.0
Ela_metadataset,DecisionTree,0.85,Tuning,Tuning,0.0,1.0
Ela_metadataset,DecisionTree,0.85,Defaults,Defaults,1.0,0.0
Ela_metadataset,DecisionTree,0.85,Tuning,Tuning,0.0,1.0
Ela_metadataset,DecisionTree,0.85,Tuning,Tuning,0.0,1.0
Ela_metadataset,DecisionTree,0.85,Tuning,Tuning,0.0,1.0
Ela_metadataset,DecisionTree,0.85,Tuning,Tuning,0.0,1.0
Ela_metadataset,DecisionTree,0.85,Defaults,Tuning,0.0,1.0
Ela_metadataset,DecisionTree,0.85,Tuning,Tuning,0.0,1.0
Ela_metadataset,DecisionTree,0.85,Defaults,Tuning,0.0,1.0
Ela_metadataset,DecisionTree,0.85,Tuning,Defaults,1.0,0.0
Ela_metadataset,DecisionTree,0.85,Tuning,Defaults,1.0,0.0
Ela_metadataset,DecisionTree,0.85,Defaults,Defaults,1.0,0.0
Ela_metadataset,DecisionTree,0.85,Tuning,Defaults,1.0,0.0
Ela_metadataset,DecisionTree,0.85,Tuning,Tuning,0.0,1.0
Ela_metadataset,DecisionTree,0.85,Tuning,Tuning,0.0,1.0
Ela_metadataset,DecisionTree,0.85,Tuning,Tuning,0.0,1.0
Ela_metadataset,DecisionTree,0.85,Tuning,Tuning,0.0,1.0
Ela_metadataset,DecisionTree,0.85,Tuning,Tuning,0.0,1.0
Ela_metadataset,DecisionTree,0.85,Tuning,Tuning,0.0,1.0
Ela_metadataset,DecisionTree,0.85,Tuning,Tuning,0.0,1.0
Ela_metadataset,DecisionTree,0.85,Tuning,Tuning,0.0,1.0
Ela_metadataset,DecisionTree,0.85,Tuning,Tuning,0.0,1.0
Ela_metadataset,DecisionTree,0.85,Defaults,Defaults,1.0,0.0
Ela_metadataset,DecisionTree,0.85,Defaults,Tuning,0.0,1.0
Ela_metadataset,DecisionTree,0.85,Tuning,Tuning,0.0,1.0
Ela_metadataset,DecisionTree,0.85,Tuning,Defaults,1.0,0.0
Ela_metadataset,DecisionTree,0.85,Tuning,Defaults,1.0,0.0
Ela_metadataset,DecisionTree,0.85,Defaults,Defaults,1.0,0.0
Ela_metadataset,DecisionTree,0.85,Tuning,Tuning,0.0,1.0
Ela_metadataset,DecisionTree,0.85,Defaults,Defaults,1.0,0.0
Ela_metadataset,DecisionTree,0.85,Tuning,Tuning,0.0,1.0
Ela_metadataset,DecisionTree,0.85,Tuning,Tuning,0.0,1.0
Ela_metadataset,DecisionTree,0.85,Tuning,Tuning,0.0,1.0
Ela_metadataset,DecisionTree,0.85,Tuning,Tuning,0.0,1.0
Ela_metadataset,DecisionTree,0.85,Tuning,Defaults,1.0,0.0
Ela_metadataset,DecisionTree,0.85,Tuning,Tuning,0.0,1.0
Ela_metadataset,DecisionTree,0.85,Tuning,Tuning,0.0,1.0
Ela_metadataset,DecisionTree,0.85,Tuning,Tuning,0.0,1.0
Ela_metadataset,DecisionTree,0.85,Tuning,Defaults,1.0,0.0
Ela_metadataset,DecisionTree,0.85,Tuning,Tuning,0.0,1.0
Ela_metadataset,DecisionTree,0.85,Defaults,Tuning,0.0,1.0
Ela_metadataset,DecisionTree,0.85,Tuning,Tuning,0.0,1.0
Ela_metadataset,DecisionTree,0.85,Tuning,Tuning,0.0,1.0
Ela_metadataset,DecisionTree,0.85,Defaults,Tuning,0.0,1.0
Ela_metadataset,DecisionTree,0.85,Tuning,Defaults,1.0,0.0
Ela_metadataset,DecisionTree,0.85,Tuning,Defaults,1.0,0.0
Ela_metadataset,DecisionTree,0.85,Tuning,Defaults,1.0,0.0
Ela_metadataset,DecisionTree,0.85,Tuning,Defaults,1.0,0.0
Ela_metadataset,DecisionTree,0.85,Tuning,Defaults,1.0,0.0
Ela_metadataset,DecisionTree,0.85,Tuning,Defaults,1.0,0.0
Ela_metadataset,DecisionTree,0.85,Tuning,Tuning,0.0,1.0
Ela_metadataset,DecisionTree,0.85,Tuning,Tuning,0.0,1.0
Ela_metadataset,DecisionTree,0.85,Tuning,Tuning,0.0,1.0
Ela_metadataset,DecisionTree,0.85,Defaults,Tuning,0.0,1.0
Ela_metadataset,DecisionTree,0.85,Tuning,Defaults,1.0,0.0
Ela_metadataset,DecisionTree,0.85,Defaults,Tuning,0.0,1.0
Ela_metadataset,DecisionTree,0.85,Tuning,Tuning,0.0,1.0
Ela_metadataset,DecisionTree,0.85,Tuning,Tuning,0.0,1.0
Ela_metadataset,DecisionTree,0.85,Tuning,Tuning,0.0,1.0
Ela_metadataset,DecisionTree,0.85,Tuning,Tuning,0.0,1.0
Ela_metadataset,DecisionTree,0.85,Tuning,Tuning,0.0,1.0
Ela_metadataset,DecisionTree,0.85,Defaults,Tuning,0.0,1.0
Ela_metadataset,DecisionTree,0.85,Tuning,Tuning,0.0,1.0
Ela_metadataset,DecisionTree,0.85,Defaults,Tuning,0.0,1.0
Ela_metadataset,DecisionTree,0.85,Defaults,Defaults,1.0,0.0
Ela_metadataset,DecisionTree,0.85,Defaults,Defaults,1.0,0.0
Ela_metadataset,DecisionTree,0.85,Defaults,Defaults,1.0,0.0
Ela_metadataset,DecisionTree,0.85,Tuning,Tuning,0.0,1.0
Ela_metadataset,DecisionTree,0.85,Tuning,Tuning,0.0,1.0
Ela_metadataset,DecisionTree,0.85,Tuning,Tuning,0.0,1.0
Ela_metadataset,DecisionTree,0.85,Defaults,Defaults,1.0,0.0
Ela_metadataset,DecisionTree,0.85,Defaults,Defaults,1.0,0.0
Ela_metadataset,DecisionTree,0.85,Defaults,Tuning,0.0,1.0
Ela_metadataset,DecisionTree,0.85,Defaults,Defaults,1.0,0.0
Ela_metadataset,DecisionTree,0.85,Tuning,Tuning,0.0,1.0
Ela_metadataset,DecisionTree,0.85,Tuning,Tuning,0.0,1.0
Ela_metadataset,DecisionTree,0.85,Defaults,Tuning,0.0,1.0
Ela_metadataset,DecisionTree,0.85,Tuning,Tuning,0.0,1.0
Ela_metadataset,DecisionTree,0.85,Defaults,Tuning,0.0,1.0
Ela_metadataset,DecisionTree,0.85,Tuning,Tuning,0.0,1.0
Ela_metadataset,DecisionTree,0.85,Tuning,Tuning,0.0,1.0
Ela_metadataset,DecisionTree,0.85,Defaults,Tuning,0.0,1.0
Ela_metadataset,DecisionTree,0.85,Tuning,Tuning,0.0,1.0
Ela_metadataset,DecisionTree,0.85,Defaults,Defaults,1.0,0.0
Ela_metadataset,DecisionTree,0.85,Tuning,Defaults,1.0,0.0
Ela_metadataset,DecisionTree,0.85,Tuning,Tuning,0.0,1.0
Ela_metadataset,DecisionTree,0.85,Tuning,Tuning,0.0,1.0
Ela_metadataset,DecisionTree,0.85,Defaults,Tuning,0.0,1.0
Ela_metadataset,DecisionTree,0.85,Tuning,Tuning,0.0,1.0
Ela_metadataset,DecisionTree,0.85,Tuning,Tuning,0.0,1.0
Ela_metadataset,DecisionTree,0.85,Tuning,Tuning,0.0,1.0
Ela_metadataset,DecisionTree,0.85,Defaults,Tuning,0.0,1.0
Ela_metadataset,DecisionTree,0.85,Tuning,Tuning,0.0,1.0
Ela_metadataset,DecisionTree,0.85,Tuning,Tuning,0.0,1.0
Ela_metadataset,DecisionTree,0.85,Tuning,Defaults,1.0,0.0
Ela_metadataset,DecisionTree,0.85,Tuning,Tuning,0.0,1.0
Ela_metadataset,DecisionTree,0.85,Tuning,Defaults,1.0,0.0
Ela_metadataset,DecisionTree,0.85,Tuning,Tuning,0.0,1.0
Ela_metadataset,DecisionTree,0.85,Tuning,Tuning,0.0,1.0
Ela_metadataset,DecisionTree,0.85,Defaults,Tuning,0.0,1.0
Ela_metadataset,DecisionTree,0.85,Tuning,Tuning,0.0,1.0
Ela_metadataset,DecisionTree,0.85,Tuning,Tuning,0.0,1.0
Ela_metadataset,DecisionTree,0.85,Tuning,Tuning,0.0,1.0
Ela_metadataset,DecisionTree,0.85,Tuning,Defaults,1.0,0.0
Ela_metadataset,DecisionTree,0.85,Tuning,Tuning,0.0,1.0
Ela_metadataset,DecisionTree,0.85,Tuning,Tuning,0.0,1.0
Ela_metadataset,DecisionTree,0.85,Tuning,Defaults,1.0,0.0
Ela_metadataset,DecisionTree,0.85,Tuning,Tuning,0.0,1.0
Ela_metadataset,DecisionTree,0.85,Defaults,Tuning,0.0,1.0
Ela_metadataset,DecisionTree,0.85,Tuning,Defaults,1.0,0.0
Ela_metadataset,DecisionTree,0.85,Defaults,Defaults,1.0,0.0
Ela_metadataset,DecisionTree,0.85,Tuning,Tuning,0.0,1.0
Ela_metadataset,DecisionTree,0.85,Tuning,Defaults,1.0,0.0
Ela_metadataset,DecisionTree,0.85,Tuning,Tuning,0.0,1.0
Ela_metadataset,DecisionTree,0.85,Tuning,Defaults,1.0,0.0
Ela_metadataset,DecisionTree,0.85,Defaults,Defaults,1.0,0.0
Ela_metadataset,DecisionTree,0.85,Defaults,Tuning,0.0,1.0
Ela_metadataset,DecisionTree,0.85,Tuning,Tuning,0.0,1.0
Ela_metadataset,DecisionTree,0.85,Tuning,Defaults,1.0,0.0
Ela_metadataset,DecisionTree,0.85,Tuning,Tuning,0.0,1.0
Ela_metadataset,DecisionTree,0.85,Tuning,Tuning,0.0,1.0
Ela_metadataset,DecisionTree,0.85,Tuning,Defaults,1.0,0.0
Ela_metadataset,DecisionTree,0.85,Tuning,Tuning,0.0,1.0
Ela_metadataset,DecisionTree,0.85,Tuning,Tuning,0.0,1.0
Ela_metadataset,DecisionTree,0.85,Tuning,Tuning,0.0,1.0
Ela_metadataset,DecisionTree,0.85,Defaults,Defaults,1.0,0.0
Ela_metadataset,DecisionTree,0.85,Tuning,Tuning,0.0,1.0
Ela_metadataset,DecisionTree,0.85,Tuning,Defaults,1.0,0.0
Ela_metadataset,DecisionTree,0.85,Tuning,Defaults,1.0,0.0
Ela_metadataset,DecisionTree,0.85,Tuning,Defaults,1.0,0.0
Ela_metadataset,DecisionTree,0.85,Defaults,Tuning,0.0,1.0
Ela_metadataset,DecisionTree,0.85,Tuning,Tuning,0.0,1.0
Ela_metadataset,DecisionTree,0.85,Tuning,Tuning,0.0,1.0
Ela_metadataset,DecisionTree,0.85,Tuning,Tuning,0.0,1.0
Ela_metadataset,DecisionTree,0.85,Defaults,Tuning,0.0,1.0
Ela_metadataset,DecisionTree,0.85,Tuning,Defaults,1.0,0.0
Ela_metadataset,DecisionTree,0.85,Tuning,Defaults,1.0,0.0
Ela_metadataset,DecisionTree,0.85,Tuning,Tuning,0.0,1.0
Ela_metadataset,DecisionTree,0.85,Defaults,Tuning,0.0,1.0
Ela_metadataset,DecisionTree,0.85,Defaults,Tuning,0.0,1.0
Ela_metadataset,DecisionTree,0.85,Tuning,Tuning,0.0,1.0
Ela_metadataset,DecisionTree,0.85,Tuning,Tuning,0.0,1.0
Ela_metadataset,DecisionTree,0.85,Tuning,Defaults,1.0,0.0
Ela_metadataset,DecisionTree,0.85,Defaults,Tuning,0.0,1.0
Ela_metadataset,DecisionTree,0.85,Defaults,Defaults,1.0,0.0
Ela_metadataset,DecisionTree,0.85,Defaults,Defaults,1.0,0.0
Ela_metadataset,DecisionTree,0.85,Tuning,Tuning,0.0,1.0
Ela_metadataset,DecisionTree,0.85,Defaults,Defaults,1.0,0.0
Ela_metadataset,DecisionTree,0.85,Tuning,Defaults,1.0,0.0
Ela_metadataset,DecisionTree,0.85,Tuning,Tuning,0.0,1.0
Ela_metadataset,DecisionTree,0.85,Defaults,Defaults,1.0,0.0
Ela_metadataset,DecisionTree,0.85,Defaults,Defaults,1.0,0.0
Ela_metadataset,DecisionTree,0.85,Tuning,Tuning,0.0,1.0
Ela_metadataset,DecisionTree,0.85,Tuning,Defaults,1.0,0.0
Ela_metadataset,DecisionTree,0.85,Defaults,Tuning,0.0,1.0
Ela_metadataset,DecisionTree,0.85,Tuning,Tuning,0.0,1.0
Ela_metadataset,DecisionTree,0.85,Tuning,Tuning,0.0,1.0
Ela_metadataset,DecisionTree,0.85,Tuning,Defaults,1.0,0.0
Ela_metadataset,DecisionTree,0.85,Tuning,Defaults,1.0,0.0
Ela_metadataset,DecisionTree,0.9,Tuning,Tuning,0.0,1.0
Ela_metadataset,DecisionTree,0.9,Tuning,Tuning,0.0,1.0
Ela_metadataset,DecisionTree,0.9,Defaults,Defaults,1.0,0.0
Ela_metadataset,DecisionTree,0.9,Tuning,Tuning,0.0,1.0
Ela_metadataset,DecisionTree,0.9,Tuning,Tuning,0.0,1.0
Ela_metadataset,DecisionTree,0.9,Tuning,Tuning,0.0,1.0
Ela_metadataset,DecisionTree,0.9,Tuning,Tuning,0.0,1.0
Ela_metadataset,DecisionTree,0.9,Defaults,Tuning,0.0,1.0
Ela_metadataset,DecisionTree,0.9,Defaults,Defaults,1.0,0.0
Ela_metadataset,DecisionTree,0.9,Tuning,Defaults,1.0,0.0
Ela_metadataset,DecisionTree,0.9,Tuning,Tuning,0.0,1.0
Ela_metadataset,DecisionTree,0.9,Defaults,Defaults,1.0,0.0
Ela_metadataset,DecisionTree,0.9,Tuning,Tuning,0.0,1.0
Ela_metadataset,DecisionTree,0.9,Tuning,Tuning,0.0,1.0
Ela_metadataset,DecisionTree,0.9,Tuning,Tuning,0.0,1.0
Ela_metadataset,DecisionTree,0.9,Tuning,Tuning,0.0,1.0
Ela_metadataset,DecisionTree,0.9,Defaults,Tuning,0.0,1.0
Ela_metadataset,DecisionTree,0.9,Tuning,Tuning,0.0,1.0
Ela_metadataset,DecisionTree,0.9,Defaults,Defaults,1.0,0.0
Ela_metadataset,DecisionTree,0.9,Tuning,Defaults,1.0,0.0
Ela_metadataset,DecisionTree,0.9,Tuning,Defaults,1.0,0.0
Ela_metadataset,DecisionTree,0.9,Defaults,Defaults,1.0,0.0
Ela_metadataset,DecisionTree,0.9,Tuning,Defaults,1.0,0.0
Ela_metadataset,DecisionTree,0.9,Tuning,Tuning,0.0,1.0
Ela_metadataset,DecisionTree,0.9,Tuning,Defaults,1.0,0.0
Ela_metadataset,DecisionTree,0.9,Tuning,Tuning,0.0,1.0
Ela_metadataset,DecisionTree,0.9,Tuning,Tuning,0.0,1.0
Ela_metadataset,DecisionTree,0.9,Tuning,Tuning,0.0,1.0
Ela_metadataset,DecisionTree,0.9,Tuning,Tuning,0.0,1.0
Ela_metadataset,DecisionTree,0.9,Tuning,Tuning,0.0,1.0
Ela_metadataset,DecisionTree,0.9,Tuning,Tuning,0.0,1.0
Ela_metadataset,DecisionTree,0.9,Tuning,Tuning,0.0,1.0
Ela_metadataset,DecisionTree,0.9,Defaults,Defaults,1.0,0.0
Ela_metadataset,DecisionTree,0.9,Defaults,Tuning,0.0,1.0
Ela_metadataset,DecisionTree,0.9,Tuning,Tuning,0.0,1.0
Ela_metadataset,DecisionTree,0.9,Tuning,Defaults,1.0,0.0
Ela_metadataset,DecisionTree,0.9,Tuning,Tuning,0.0,1.0
Ela_metadataset,DecisionTree,0.9,Defaults,Defaults,1.0,0.0
Ela_metadataset,DecisionTree,0.9,Tuning,Tuning,0.0,1.0
Ela_metadataset,DecisionTree,0.9,Defaults,Defaults,1.0,0.0
Ela_metadataset,DecisionTree,0.9,Tuning,Tuning,0.0,1.0
Ela_metadataset,DecisionTree,0.9,Tuning,Tuning,0.0,1.0
Ela_metadataset,DecisionTree,0.9,Tuning,Tuning,0.0,1.0
Ela_metadataset,DecisionTree,0.9,Tuning,Tuning,0.0,1.0
Ela_metadataset,DecisionTree,0.9,Tuning,Defaults,1.0,0.0
Ela_metadataset,DecisionTree,0.9,Tuning,Tuning,0.0,1.0
Ela_metadataset,DecisionTree,0.9,Tuning,Tuning,0.0,1.0
Ela_metadataset,DecisionTree,0.9,Tuning,Tuning,0.0,1.0
Ela_metadataset,DecisionTree,0.9,Tuning,Defaults,1.0,0.0
Ela_metadataset,DecisionTree,0.9,Tuning,Tuning,0.0,1.0
Ela_metadataset,DecisionTree,0.9,Defaults,Tuning,0.0,1.0
Ela_metadataset,DecisionTree,0.9,Tuning,Tuning,0.0,1.0
Ela_metadataset,DecisionTree,0.9,Tuning,Tuning,0.0,1.0
Ela_metadataset,DecisionTree,0.9,Defaults,Tuning,0.0,1.0
Ela_metadataset,DecisionTree,0.9,Tuning,Defaults,1.0,0.0
Ela_metadataset,DecisionTree,0.9,Tuning,Tuning,0.0,1.0
Ela_metadataset,DecisionTree,0.9,Tuning,Tuning,0.0,1.0
Ela_metadataset,DecisionTree,0.9,Tuning,Defaults,1.0,0.0
Ela_metadataset,DecisionTree,0.9,Tuning,Defaults,1.0,0.0
Ela_metadataset,DecisionTree,0.9,Tuning,Defaults,1.0,0.0
Ela_metadataset,DecisionTree,0.9,Tuning,Tuning,0.0,1.0
Ela_metadataset,DecisionTree,0.9,Tuning,Tuning,0.0,1.0
Ela_metadataset,DecisionTree,0.9,Tuning,Tuning,0.0,1.0
Ela_metadataset,DecisionTree,0.9,Defaults,Tuning,0.0,1.0
Ela_metadataset,DecisionTree,0.9,Tuning,Defaults,1.0,0.0
Ela_metadataset,DecisionTree,0.9,Defaults,Defaults,1.0,0.0
Ela_metadataset,DecisionTree,0.9,Tuning,Tuning,0.0,1.0
Ela_metadataset,DecisionTree,0.9,Tuning,Tuning,0.0,1.0
Ela_metadataset,DecisionTree,0.9,Tuning,Tuning,0.0,1.0
Ela_metadataset,DecisionTree,0.9,Tuning,Tuning,0.0,1.0
Ela_metadataset,DecisionTree,0.9,Tuning,Tuning,0.0,1.0
Ela_metadataset,DecisionTree,0.9,Defaults,Tuning,0.0,1.0
Ela_metadataset,DecisionTree,0.9,Tuning,Tuning,0.0,1.0
Ela_metadataset,DecisionTree,0.9,Defaults,Tuning,0.0,1.0
Ela_metadataset,DecisionTree,0.9,Defaults,Defaults,1.0,0.0
Ela_metadataset,DecisionTree,0.9,Defaults,Tuning,0.0,1.0
Ela_metadataset,DecisionTree,0.9,Defaults,Defaults,1.0,0.0
Ela_metadataset,DecisionTree,0.9,Tuning,Tuning,0.0,1.0
Ela_metadataset,DecisionTree,0.9,Tuning,Tuning,0.0,1.0
Ela_metadataset,DecisionTree,0.9,Tuning,Tuning,0.0,1.0
Ela_metadataset,DecisionTree,0.9,Defaults,Tuning,0.0,1.0
Ela_metadataset,DecisionTree,0.9,Defaults,Defaults,1.0,0.0
Ela_metadataset,DecisionTree,0.9,Defaults,Tuning,0.0,1.0
Ela_metadataset,DecisionTree,0.9,Defaults,Defaults,1.0,0.0
Ela_metadataset,DecisionTree,0.9,Tuning,Tuning,0.0,1.0
Ela_metadataset,DecisionTree,0.9,Tuning,Defaults,1.0,0.0
Ela_metadataset,DecisionTree,0.9,Defaults,Tuning,0.0,1.0
Ela_metadataset,DecisionTree,0.9,Tuning,Tuning,0.0,1.0
Ela_metadataset,DecisionTree,0.9,Defaults,Tuning,0.0,1.0
Ela_metadataset,DecisionTree,0.9,Tuning,Tuning,0.0,1.0
Ela_metadataset,DecisionTree,0.9,Tuning,Tuning,0.0,1.0
Ela_metadataset,DecisionTree,0.9,Defaults,Tuning,0.0,1.0
Ela_metadataset,DecisionTree,0.9,Tuning,Tuning,0.0,1.0
Ela_metadataset,DecisionTree,0.9,Defaults,Defaults,1.0,0.0
Ela_metadataset,DecisionTree,0.9,Tuning,Defaults,1.0,0.0
Ela_metadataset,DecisionTree,0.9,Tuning,Tuning,0.0,1.0
Ela_metadataset,DecisionTree,0.9,Tuning,Tuning,0.0,1.0
Ela_metadataset,DecisionTree,0.9,Defaults,Tuning,0.0,1.0
Ela_metadataset,DecisionTree,0.9,Tuning,Tuning,0.0,1.0
Ela_metadataset,DecisionTree,0.9,Tuning,Tuning,0.0,1.0
Ela_metadataset,DecisionTree,0.9,Tuning,Tuning,0.0,1.0
Ela_metadataset,DecisionTree,0.9,Defaults,Tuning,0.0,1.0
Ela_metadataset,DecisionTree,0.9,Tuning,Defaults,1.0,0.0
Ela_metadataset,DecisionTree,0.9,Tuning,Tuning,0.0,1.0
Ela_metadataset,DecisionTree,0.9,Tuning,Defaults,1.0,0.0
Ela_metadataset,DecisionTree,0.9,Tuning,Tuning,0.0,1.0
Ela_metadataset,DecisionTree,0.9,Tuning,Defaults,1.0,0.0
Ela_metadataset,DecisionTree,0.9,Tuning,Tuning,0.0,1.0
Ela_metadataset,DecisionTree,0.9,Tuning,Tuning,0.0,1.0
Ela_metadataset,DecisionTree,0.9,Defaults,Tuning,0.0,1.0
Ela_metadataset,DecisionTree,0.9,Tuning,Tuning,0.0,1.0
Ela_metadataset,DecisionTree,0.9,Tuning,Tuning,0.0,1.0
Ela_metadataset,DecisionTree,0.9,Tuning,Tuning,0.0,1.0
Ela_metadataset,DecisionTree,0.9,Tuning,Tuning,0.0,1.0
Ela_metadataset,DecisionTree,0.9,Tuning,Tuning,0.0,1.0
Ela_metadataset,DecisionTree,0.9,Tuning,Tuning,0.0,1.0
Ela_metadataset,DecisionTree,0.9,Tuning,Defaults,1.0,0.0
Ela_metadataset,DecisionTree,0.9,Tuning,Tuning,0.0,1.0
Ela_metadataset,DecisionTree,0.9,Defaults,Tuning,0.0,1.0
Ela_metadataset,DecisionTree,0.9,Tuning,Defaults,1.0,0.0
Ela_metadataset,DecisionTree,0.9,Defaults,Defaults,1.0,0.0
Ela_metadataset,DecisionTree,0.9,Tuning,Tuning,0.0,1.0
Ela_metadataset,DecisionTree,0.9,Tuning,Defaults,1.0,0.0
Ela_metadataset,DecisionTree,0.9,Tuning,Tuning,0.0,1.0
Ela_metadataset,DecisionTree,0.9,Tuning,Tuning,0.0,1.0
Ela_metadataset,DecisionTree,0.9,Defaults,Defaults,1.0,0.0
Ela_metadataset,DecisionTree,0.9,Defaults,Tuning,0.0,1.0
Ela_metadataset,DecisionTree,0.9,Tuning,Tuning,0.0,1.0
Ela_metadataset,DecisionTree,0.9,Tuning,Defaults,1.0,0.0
Ela_metadataset,DecisionTree,0.9,Tuning,Tuning,0.0,1.0
Ela_metadataset,DecisionTree,0.9,Tuning,Tuning,0.0,1.0
Ela_metadataset,DecisionTree,0.9,Tuning,Tuning,0.0,1.0
Ela_metadataset,DecisionTree,0.9,Tuning,Tuning,0.0,1.0
Ela_metadataset,DecisionTree,0.9,Tuning,Tuning,0.0,1.0
Ela_metadataset,DecisionTree,0.9,Tuning,Tuning,0.0,1.0
Ela_metadataset,DecisionTree,0.9,Defaults,Defaults,1.0,0.0
Ela_metadataset,DecisionTree,0.9,Tuning,Tuning,0.0,1.0
Ela_metadataset,DecisionTree,0.9,Tuning,Defaults,1.0,0.0
Ela_metadataset,DecisionTree,0.9,Tuning,Defaults,1.0,0.0
Ela_metadataset,DecisionTree,0.9,Tuning,Defaults,1.0,0.0
Ela_metadataset,DecisionTree,0.9,Defaults,Tuning,0.0,1.0
Ela_metadataset,DecisionTree,0.9,Tuning,Tuning,0.0,1.0
Ela_metadataset,DecisionTree,0.9,Tuning,Tuning,0.0,1.0
Ela_metadataset,DecisionTree,0.9,Tuning,Tuning,0.0,1.0
Ela_metadataset,DecisionTree,0.9,Defaults,Tuning,0.0,1.0
Ela_metadataset,DecisionTree,0.9,Tuning,Tuning,0.0,1.0
Ela_metadataset,DecisionTree,0.9,Tuning,Defaults,1.0,0.0
Ela_metadataset,DecisionTree,0.9,Tuning,Tuning,0.0,1.0
Ela_metadataset,DecisionTree,0.9,Defaults,Defaults,1.0,0.0
Ela_metadataset,DecisionTree,0.9,Defaults,Tuning,0.0,1.0
Ela_metadataset,DecisionTree,0.9,Tuning,Defaults,1.0,0.0
Ela_metadataset,DecisionTree,0.9,Tuning,Tuning,0.0,1.0
Ela_metadataset,DecisionTree,0.9,Tuning,Defaults,1.0,0.0
Ela_metadataset,DecisionTree,0.9,Defaults,Tuning,0.0,1.0
Ela_metadataset,DecisionTree,0.9,Defaults,Defaults,1.0,0.0
Ela_metadataset,DecisionTree,0.9,Defaults,Defaults,1.0,0.0
Ela_metadataset,DecisionTree,0.9,Tuning,Tuning,0.0,1.0
Ela_metadataset,DecisionTree,0.9,Defaults,Defaults,1.0,0.0
Ela_metadataset,DecisionTree,0.9,Tuning,Defaults,1.0,0.0
Ela_metadataset,DecisionTree,0.9,Tuning,Tuning,0.0,1.0
Ela_metadataset,DecisionTree,0.9,Defaults,Tuning,0.0,1.0
Ela_metadataset,DecisionTree,0.9,Defaults,Defaults,1.0,0.0
Ela_metadataset,DecisionTree,0.9,Tuning,Tuning,0.0,1.0
Ela_metadataset,DecisionTree,0.9,Tuning,Defaults,1.0,0.0
Ela_metadataset,DecisionTree,0.9,Defaults,Tuning,0.0,1.0
Ela_metadataset,DecisionTree,0.9,Tuning,Tuning,0.0,1.0
Ela_metadataset,DecisionTree,0.9,Tuning,Tuning,0.0,1.0
Ela_metadataset,DecisionTree,0.9,Tuning,Defaults,1.0,0.0
Ela_metadataset,DecisionTree,0.9,Tuning,Tuning,0.0,1.0
Ela_metadataset,DecisionTree,0.95,Tuning,Tuning,0.0,1.0
Ela_metadataset,DecisionTree,0.95,Tuning,Tuning,0.0,1.0
Ela_metadataset,DecisionTree,0.95,Defaults,Tuning,0.0,1.0
Ela_metadataset,DecisionTree,0.95,Tuning,Defaults,1.0,0.0
Ela_metadataset,DecisionTree,0.95,Tuning,Tuning,0.0,1.0
Ela_metadataset,DecisionTree,0.95,Tuning,Tuning,0.0,1.0
Ela_metadataset,DecisionTree,0.95,Tuning,Tuning,0.0,1.0
Ela_metadataset,DecisionTree,0.95,Defaults,Tuning,0.0,1.0
Ela_metadataset,DecisionTree,0.95,Defaults,Defaults,1.0,0.0
Ela_metadataset,DecisionTree,0.95,Tuning,Defaults,1.0,0.0
Ela_metadataset,DecisionTree,0.95,Tuning,Tuning,0.0,1.0
Ela_metadataset,DecisionTree,0.95,Defaults,Tuning,0.0,1.0
Ela_metadataset,DecisionTree,0.95,Tuning,Defaults,1.0,0.0
Ela_metadataset,DecisionTree,0.95,Tuning,Defaults,1.0,0.0
Ela_metadataset,DecisionTree,0.95,Tuning,Tuning,0.0,1.0
Ela_metadataset,DecisionTree,0.95,Tuning,Tuning,0.0,1.0
Ela_metadataset,DecisionTree,0.95,Defaults,Tuning,0.0,1.0
Ela_metadataset,DecisionTree,0.95,Tuning,Tuning,0.0,1.0
Ela_metadataset,DecisionTree,0.95,Defaults,Tuning,0.0,1.0
Ela_metadataset,DecisionTree,0.95,Tuning,Defaults,1.0,0.0
Ela_metadataset,DecisionTree,0.95,Tuning,Defaults,1.0,0.0
Ela_metadataset,DecisionTree,0.95,Defaults,Defaults,1.0,0.0
Ela_metadataset,DecisionTree,0.95,Tuning,Tuning,0.0,1.0
Ela_metadataset,DecisionTree,0.95,Tuning,Tuning,0.0,1.0
Ela_metadataset,DecisionTree,0.95,Tuning,Defaults,1.0,0.0
Ela_metadataset,DecisionTree,0.95,Tuning,Tuning,0.0,1.0
Ela_metadataset,DecisionTree,0.95,Tuning,Tuning,0.0,1.0
Ela_metadataset,DecisionTree,0.95,Tuning,Tuning,0.0,1.0
Ela_metadataset,DecisionTree,0.95,Tuning,Tuning,0.0,1.0
Ela_metadataset,DecisionTree,0.95,Tuning,Tuning,0.0,1.0
Ela_metadataset,DecisionTree,0.95,Tuning,Tuning,0.0,1.0
Ela_metadataset,DecisionTree,0.95,Tuning,Tuning,0.0,1.0
Ela_metadataset,DecisionTree,0.95,Defaults,Tuning,0.0,1.0
Ela_metadataset,DecisionTree,0.95,Defaults,Defaults,1.0,0.0
Ela_metadataset,DecisionTree,0.95,Tuning,Tuning,0.0,1.0
Ela_metadataset,DecisionTree,0.95,Tuning,Defaults,1.0,0.0
Ela_metadataset,DecisionTree,0.95,Tuning,Defaults,1.0,0.0
Ela_metadataset,DecisionTree,0.95,Defaults,Defaults,1.0,0.0
Ela_metadataset,DecisionTree,0.95,Tuning,Tuning,0.0,1.0
Ela_metadataset,DecisionTree,0.95,Defaults,Defaults,1.0,0.0
Ela_metadataset,DecisionTree,0.95,Tuning,Tuning,0.0,1.0
Ela_metadataset,DecisionTree,0.95,Tuning,Tuning,0.0,1.0
Ela_metadataset,DecisionTree,0.95,Tuning,Tuning,0.0,1.0
Ela_metadataset,DecisionTree,0.95,Tuning,Tuning,0.0,1.0
Ela_metadataset,DecisionTree,0.95,Tuning,Tuning,0.0,1.0
Ela_metadataset,DecisionTree,0.95,Tuning,Tuning,0.0,1.0
Ela_metadataset,DecisionTree,0.95,Tuning,Tuning,0.0,1.0
Ela_metadataset,DecisionTree,0.95,Tuning,Tuning,0.0,1.0
Ela_metadataset,DecisionTree,0.95,Tuning,Defaults,1.0,0.0
Ela_metadataset,DecisionTree,0.95,Tuning,Defaults,1.0,0.0
Ela_metadataset,DecisionTree,0.95,Defaults,Tuning,0.0,1.0
Ela_metadataset,DecisionTree,0.95,Tuning,Defaults,1.0,0.0
Ela_metadataset,DecisionTree,0.95,Tuning,Tuning,0.0,1.0
Ela_metadataset,DecisionTree,0.95,Defaults,Tuning,0.0,1.0
Ela_metadataset,DecisionTree,0.95,Tuning,Defaults,1.0,0.0
Ela_metadataset,DecisionTree,0.95,Tuning,Tuning,0.0,1.0
Ela_metadataset,DecisionTree,0.95,Tuning,Tuning,0.0,1.0
Ela_metadataset,DecisionTree,0.95,Tuning,Defaults,1.0,0.0
Ela_metadataset,DecisionTree,0.95,Tuning,Defaults,1.0,0.0
Ela_metadataset,DecisionTree,0.95,Tuning,Tuning,0.0,1.0
Ela_metadataset,DecisionTree,0.95,Tuning,Defaults,1.0,0.0
Ela_metadataset,DecisionTree,0.95,Tuning,Tuning,0.0,1.0
Ela_metadataset,DecisionTree,0.95,Tuning,Tuning,0.0,1.0
Ela_metadataset,DecisionTree,0.95,Defaults,Tuning,0.0,1.0
Ela_metadataset,DecisionTree,0.95,Tuning,Tuning,0.0,1.0
Ela_metadataset,DecisionTree,0.95,Defaults,Tuning,0.0,1.0
Ela_metadataset,DecisionTree,0.95,Tuning,Defaults,1.0,0.0
Ela_metadataset,DecisionTree,0.95,Tuning,Tuning,0.0,1.0
Ela_metadataset,DecisionTree,0.95,Tuning,Tuning,0.0,1.0
Ela_metadataset,DecisionTree,0.95,Tuning,Defaults,1.0,0.0
Ela_metadataset,DecisionTree,0.95,Tuning,Defaults,1.0,0.0
Ela_metadataset,DecisionTree,0.95,Defaults,Tuning,0.0,1.0
Ela_metadataset,DecisionTree,0.95,Tuning,Tuning,0.0,1.0
Ela_metadataset,DecisionTree,0.95,Defaults,Tuning,0.0,1.0
Ela_metadataset,DecisionTree,0.95,Defaults,Tuning,0.0,1.0
Ela_metadataset,DecisionTree,0.95,Defaults,Tuning,0.0,1.0
Ela_metadataset,DecisionTree,0.95,Defaults,Defaults,1.0,0.0
Ela_metadataset,DecisionTree,0.95,Tuning,Tuning,0.0,1.0
Ela_metadataset,DecisionTree,0.95,Tuning,Tuning,0.0,1.0
Ela_metadataset,DecisionTree,0.95,Tuning,Tuning,0.0,1.0
Ela_metadataset,DecisionTree,0.95,Defaults,Defaults,1.0,0.0
Ela_metadataset,DecisionTree,0.95,Defaults,Tuning,0.0,1.0
Ela_metadataset,DecisionTree,0.95,Defaults,Tuning,0.0,1.0
Ela_metadataset,DecisionTree,0.95,Defaults,Defaults,1.0,0.0
Ela_metadataset,DecisionTree,0.95,Tuning,Tuning,0.0,1.0
Ela_metadataset,DecisionTree,0.95,Tuning,Tuning,0.0,1.0
Ela_metadataset,DecisionTree,0.95,Defaults,Defaults,1.0,0.0
Ela_metadataset,DecisionTree,0.95,Tuning,Tuning,0.0,1.0
Ela_metadataset,DecisionTree,0.95,Defaults,Defaults,1.0,0.0
Ela_metadataset,DecisionTree,0.95,Tuning,Tuning,0.0,1.0
Ela_metadataset,DecisionTree,0.95,Tuning,Defaults,1.0,0.0
Ela_metadataset,DecisionTree,0.95,Defaults,Tuning,0.0,1.0
Ela_metadataset,DecisionTree,0.95,Tuning,Defaults,1.0,0.0
Ela_metadataset,DecisionTree,0.95,Defaults,Defaults,1.0,0.0
Ela_metadataset,DecisionTree,0.95,Tuning,Defaults,1.0,0.0
Ela_metadataset,DecisionTree,0.95,Tuning,Tuning,0.0,1.0
Ela_metadataset,DecisionTree,0.95,Tuning,Defaults,1.0,0.0
Ela_metadataset,DecisionTree,0.95,Defaults,Tuning,0.0,1.0
Ela_metadataset,DecisionTree,0.95,Tuning,Tuning,0.0,1.0
Ela_metadataset,DecisionTree,0.95,Tuning,Defaults,1.0,0.0
Ela_metadataset,DecisionTree,0.95,Tuning,Tuning,0.0,1.0
Ela_metadataset,DecisionTree,0.95,Defaults,Tuning,0.0,1.0
Ela_metadataset,DecisionTree,0.95,Tuning,Tuning,0.0,1.0
Ela_metadataset,DecisionTree,0.95,Tuning,Tuning,0.0,1.0
Ela_metadataset,DecisionTree,0.95,Tuning,Tuning,0.0,1.0
Ela_metadataset,DecisionTree,0.95,Tuning,Tuning,0.0,1.0
Ela_metadataset,DecisionTree,0.95,Tuning,Defaults,1.0,0.0
Ela_metadataset,DecisionTree,0.95,Tuning,Defaults,1.0,0.0
Ela_metadataset,DecisionTree,0.95,Tuning,Tuning,0.0,1.0
Ela_metadataset,DecisionTree,0.95,Defaults,Tuning,0.0,1.0
Ela_metadataset,DecisionTree,0.95,Tuning,Tuning,0.0,1.0
Ela_metadataset,DecisionTree,0.95,Tuning,Tuning,0.0,1.0
Ela_metadataset,DecisionTree,0.95,Tuning,Tuning,0.0,1.0
Ela_metadataset,DecisionTree,0.95,Tuning,Tuning,0.0,1.0
Ela_metadataset,DecisionTree,0.95,Tuning,Tuning,0.0,1.0
Ela_metadataset,DecisionTree,0.95,Tuning,Tuning,0.0,1.0
Ela_metadataset,DecisionTree,0.95,Tuning,Tuning,0.0,1.0
Ela_metadataset,DecisionTree,0.95,Tuning,Defaults,1.0,0.0
Ela_metadataset,DecisionTree,0.95,Defaults,Defaults,1.0,0.0
Ela_metadataset,DecisionTree,0.95,Tuning,Defaults,1.0,0.0
Ela_metadataset,DecisionTree,0.95,Defaults,Tuning,0.0,1.0
Ela_metadataset,DecisionTree,0.95,Tuning,Tuning,0.0,1.0
Ela_metadataset,DecisionTree,0.95,Tuning,Tuning,0.0,1.0
Ela_metadataset,DecisionTree,0.95,Tuning,Defaults,1.0,0.0
Ela_metadataset,DecisionTree,0.95,Tuning,Tuning,0.0,1.0
Ela_metadataset,DecisionTree,0.95,Defaults,Tuning,0.0,1.0
Ela_metadataset,DecisionTree,0.95,Defaults,Defaults,1.0,0.0
Ela_metadataset,DecisionTree,0.95,Tuning,Tuning,0.0,1.0
Ela_metadataset,DecisionTree,0.95,Tuning,Defaults,1.0,0.0
Ela_metadataset,DecisionTree,0.95,Tuning,Tuning,0.0,1.0
Ela_metadataset,DecisionTree,0.95,Tuning,Tuning,0.0,1.0
Ela_metadataset,DecisionTree,0.95,Tuning,Tuning,0.0,1.0
Ela_metadataset,DecisionTree,0.95,Tuning,Defaults,1.0,0.0
Ela_metadataset,DecisionTree,0.95,Tuning,Defaults,1.0,0.0
Ela_metadataset,DecisionTree,0.95,Tuning,Tuning,0.0,1.0
Ela_metadataset,DecisionTree,0.95,Defaults,Tuning,0.0,1.0
Ela_metadataset,DecisionTree,0.95,Tuning,Defaults,1.0,0.0
Ela_metadataset,DecisionTree,0.95,Tuning,Tuning,0.0,1.0
Ela_metadataset,DecisionTree,0.95,Tuning,Tuning,0.0,1.0
Ela_metadataset,DecisionTree,0.95,Tuning,Defaults,1.0,0.0
Ela_metadataset,DecisionTree,0.95,Defaults,Tuning,0.0,1.0
Ela_metadataset,DecisionTree,0.95,Tuning,Tuning,0.0,1.0
Ela_metadataset,DecisionTree,0.95,Tuning,Tuning,0.0,1.0
Ela_metadataset,DecisionTree,0.95,Tuning,Tuning,0.0,1.0
Ela_metadataset,DecisionTree,0.95,Defaults,Tuning,0.0,1.0
Ela_metadataset,DecisionTree,0.95,Tuning,Defaults,1.0,0.0
Ela_metadataset,DecisionTree,0.95,Tuning,Defaults,1.0,0.0
Ela_metadataset,DecisionTree,0.95,Tuning,Tuning,0.0,1.0
Ela_metadataset,DecisionTree,0.95,Defaults,Tuning,0.0,1.0
Ela_metadataset,DecisionTree,0.95,Defaults,Tuning,0.0,1.0
Ela_metadataset,DecisionTree,0.95,Tuning,Defaults,1.0,0.0
Ela_metadataset,DecisionTree,0.95,Tuning,Tuning,0.0,1.0
Ela_metadataset,DecisionTree,0.95,Tuning,Defaults,1.0,0.0
Ela_metadataset,DecisionTree,0.95,Defaults,Tuning,0.0,1.0
Ela_metadataset,DecisionTree,0.95,Defaults,Defaults,1.0,0.0
Ela_metadataset,DecisionTree,0.95,Defaults,Defaults,1.0,0.0
Ela_metadataset,DecisionTree,0.95,Tuning,Defaults,1.0,0.0
Ela_metadataset,DecisionTree,0.95,Defaults,Tuning,0.0,1.0
Ela_metadataset,DecisionTree,0.95,Tuning,Tuning,0.0,1.0
Ela_metadataset,DecisionTree,0.95,Tuning,Tuning,0.0,1.0
Ela_metadataset,DecisionTree,0.95,Defaults,Tuning,0.0,1.0
Ela_metadataset,DecisionTree,0.95,Defaults,Defaults,1.0,0.0
Ela_metadataset,DecisionTree,0.95,Tuning,Tuning,0.0,1.0
Ela_metadataset,DecisionTree,0.95,Tuning,Tuning,0.0,1.0
Ela_metadataset,DecisionTree,0.95,Defaults,Tuning,0.0,1.0
Ela_metadataset,DecisionTree,0.95,Tuning,Tuning,0.0,1.0
Ela_metadataset,DecisionTree,0.95,Tuning,Defaults,1.0,0.0
Ela_metadataset,DecisionTree,0.95,Tuning,Defaults,1.0,0.0
Ela_metadataset,DecisionTree,0.95,Tuning,Tuning,0.0,1.0
Ela_metadataset,NaiveBayes,0.8,Tuning,Defaults,0.9729203251427082,0.027079674857291586
Ela_metadataset,NaiveBayes,0.8,Tuning,Defaults,0.8869942968632344,0.11300570313676485
Ela_metadataset,NaiveBayes,0.8,Defaults,Defaults,0.9999174352531756,8.256474682273575e-05
Ela_metadataset,NaiveBayes,0.8,Tuning,Defaults,0.9919159018738668,0.008084098126133154
Ela_metadataset,NaiveBayes,0.8,Tuning,Defaults,0.9592061122156246,0.04079388778437649
Ela_metadataset,NaiveBayes,0.8,Tuning,Defaults,0.9992999791425053,0.0007000208574960984
Ela_metadataset,NaiveBayes,0.8,Tuning,Defaults,0.8631507464933462,0.13684925350665472
Ela_metadataset,NaiveBayes,0.8,Defaults,Defaults,0.9985965708836887,0.0014034291163113428
Ela_metadataset,NaiveBayes,0.8,Defaults,Defaults,0.9994956347691331,0.000504365230866928
Ela_metadataset,NaiveBayes,0.8,Tuning,Defaults,0.9939268682492038,0.006073131750796684
Ela_metadataset,NaiveBayes,0.8,Tuning,Defaults,0.9879984499123694,0.012001550087631114
Ela_metadataset,NaiveBayes,0.8,Defaults,Defaults,0.9868240640066303,0.013175935993368316
Ela_metadataset,NaiveBayes,0.8,Tuning,Defaults,0.9989191721344596,0.0010808278655412532
Ela_metadataset,NaiveBayes,0.8,Tuning,Defaults,0.9994800238774741,0.0005199761225267715
Ela_metadataset,NaiveBayes,0.8,Tuning,Tuning,0.0,1.0
Ela_metadataset,NaiveBayes,0.8,Tuning,Defaults,0.9751541546943033,0.02484584530569738
Ela_metadataset,NaiveBayes,0.8,Defaults,Defaults,0.9999863966110462,1.3603388954662772e-05
Ela_metadataset,NaiveBayes,0.8,Tuning,Tuning,0.03569614892405555,0.964303851075948
Ela_metadataset,NaiveBayes,0.8,Defaults,Defaults,0.9999042353923827,9.576460761555662e-05
Ela_metadataset,NaiveBayes,0.8,Tuning,Defaults,0.9999999999983338,1.6656983725932812e-12
Ela_metadataset,NaiveBayes,0.8,Tuning,Defaults,0.9982718119882823,0.001728188011717674
Ela_metadataset,NaiveBayes,0.8,Defaults,Defaults,0.9999584789716549,4.152102834640088e-05
Ela_metadataset,NaiveBayes,0.8,Tuning,Defaults,0.9999989240416409,1.0759583599341905e-06
Ela_metadataset,NaiveBayes,0.8,Tuning,Defaults,0.9983530695411844,0.0016469304588143424
Ela_metadataset,NaiveBayes,0.8,Tuning,Defaults,0.9732984184309199,0.026701581569081156
Ela_metadataset,NaiveBayes,0.8,Tuning,Defaults,0.9960403751164874,0.003959624883511701
Ela_metadataset,NaiveBayes,0.8,Tuning,Defaults,0.9542396109511638,0.04576038904883485
Ela_metadataset,NaiveBayes,0.8,Tuning,Defaults,0.9963916218436101,0.003608378156389315
Ela_metadataset,NaiveBayes,0.8,Tuning,Tuning,0.08988193077691033,0.9101180692230931
Ela_metadataset,NaiveBayes,0.8,Tuning,Defaults,0.9990583354884546,0.0009416645115444979
Ela_metadataset,NaiveBayes,0.8,Tuning,Tuning,5.944821249882026e-09,0.9999999940551803
Ela_metadataset,NaiveBayes,0.8,Tuning,Defaults,0.9759257204213647,0.024074279578634387
Ela_metadataset,NaiveBayes,0.8,Defaults,Defaults,0.9997850338746579,0.0002149661253435313
Ela_metadataset,NaiveBayes,0.8,Defaults,Defaults,0.9999939443624583,6.055637542999747e-06
Ela_metadataset,NaiveBayes,0.8,Tuning,Tuning,0.02917273763152291,0.9708272623684764
Ela_metadataset,NaiveBayes,0.8,Tuning,Defaults,1.0,0.0
Ela_metadataset,NaiveBayes,0.8,Tuning,Defaults,0.8639486942329172,0.13605130576708296
Ela_metadataset,NaiveBayes,0.8,Defaults,Defaults,1.0,8.712653766885906e-86
Ela_metadataset,NaiveBayes,0.8,Tuning,Defaults,0.9959353898633106,0.0040646101366889
Ela_metadataset,NaiveBayes,0.8,Defaults,Defaults,0.9999402685451734,5.973145482655691e-05
Ela_metadataset,NaiveBayes,0.8,Tuning,Tuning,0.010869229971039932,0.9891307700289583
Ela_metadataset,NaiveBayes,0.8,Tuning,Tuning,1.2917638607706956e-06,0.9999987082361373
Ela_metadataset,NaiveBayes,0.8,Tuning,Tuning,0.0,1.0
Ela_metadataset,NaiveBayes,0.8,Tuning,Defaults,0.7161226533075584,0.28387734669244347
Ela_metadataset,NaiveBayes,0.8,Tuning,Defaults,0.9832655531793888,0.016734446820611027
Ela_metadataset,NaiveBayes,0.8,Tuning,Defaults,0.9972767778516697,0.0027232221483298605
Ela_metadataset,NaiveBayes,0.8,Tuning,Defaults,0.9273888671100752,0.0726111328899246
Ela_metadataset,NaiveBayes,0.8,Tuning,Defaults,0.9978808487549595,0.0021191512450396436
Ela_metadataset,NaiveBayes,0.8,Tuning,Defaults,0.9987487094455582,0.0012512905544423576
Ela_metadataset,NaiveBayes,0.8,Tuning,Defaults,0.9826218984937005,0.017378101506298614
Ela_metadataset,NaiveBayes,0.8,Defaults,Tuning,7.483560587065963e-13,0.9999999999992539
Ela_metadataset,NaiveBayes,0.8,Tuning,Defaults,0.514423734305614,0.4855762656943854
Ela_metadataset,NaiveBayes,0.8,Tuning,Tuning,0.0016193041638779694,0.9983806958361217
Ela_metadataset,NaiveBayes,0.8,Defaults,Defaults,0.996083743435103,0.00391625656489692
Ela_metadataset,NaiveBayes,0.8,Tuning,Defaults,0.9868641723391246,0.013135827660874622
Ela_metadataset,NaiveBayes,0.8,Tuning,Defaults,0.7862419189128039,0.2137580810871962
Ela_metadataset,NaiveBayes,0.8,Tuning,Tuning,2.2614076564545343e-10,0.9999999997738627
Ela_metadataset,NaiveBayes,0.8,Tuning,Defaults,0.9988987539391211,0.0011012460608776978
Ela_metadataset,NaiveBayes,0.8,Tuning,Tuning,2.948639332556904e-07,0.9999997051360703
Ela_metadataset,NaiveBayes,0.8,Tuning,Tuning,0.0,1.0
Ela_metadataset,NaiveBayes,0.8,Tuning,Defaults,0.9849963822195186,0.015003617780482195
Ela_metadataset,NaiveBayes,0.8,Tuning,Defaults,0.9768380864916425,0.023161913508359923
Ela_metadataset,NaiveBayes,0.8,Tuning,Defaults,0.9916996298440498,0.008300370155950646
Ela_metadataset,NaiveBayes,0.8,Defaults,Defaults,0.9875074021620979,0.012492597837901827
Ela_metadataset,NaiveBayes,0.8,Tuning,Defaults,0.9991977121892228,0.0008022878107769447
Ela_metadataset,NaiveBayes,0.8,Defaults,Defaults,0.9997819549320928,0.0002180450679055752
Ela_metadataset,NaiveBayes,0.8,Tuning,Defaults,0.9963026771201114,0.003697322879890116
Ela_metadataset,NaiveBayes,0.8,Tuning,Defaults,0.988341522459795,0.011658477540204375
Ela_metadataset,NaiveBayes,0.8,Tuning,Defaults,0.9965623937501128,0.0034376062498887214
Ela_metadataset,NaiveBayes,0.8,Tuning,Defaults,0.9994086958299677,0.0005913041700307542
Ela_metadataset,NaiveBayes,0.8,Tuning,Defaults,0.9990936275611434,0.0009063724388578391
Ela_metadataset,NaiveBayes,0.8,Defaults,Defaults,0.9992709164574058,0.0007290835425955897
Ela_metadataset,NaiveBayes,0.8,Tuning,Defaults,0.9990643455680319,0.0009356544319674254
Ela_metadataset,NaiveBayes,0.8,Defaults,Defaults,0.997929857715189,0.0020701422848102956
Ela_metadataset,NaiveBayes,0.8,Defaults,Defaults,0.9912018136521918,0.008798186347807688
Ela_metadataset,NaiveBayes,0.8,Defaults,Defaults,0.9998969344441091,0.00010306555589215936
Ela_metadataset,NaiveBayes,0.8,Defaults,Defaults,0.9994308108281221,0.000569189171877414
Ela_metadataset,NaiveBayes,0.8,Tuning,Defaults,0.886333406887126,0.11366659311287555
Ela_metadataset,NaiveBayes,0.8,Tuning,Defaults,0.9992599786639692,0.000740021336031252
Ela_metadataset,NaiveBayes,0.8,Tuning,Defaults,0.9999995532421341,4.46757862395303e-07
Ela_metadataset,NaiveBayes,0.8,Defaults,Defaults,0.9877154299899652,0.0122845700100333
Ela_metadataset,NaiveBayes,0.8,Defaults,Tuning,2.4283889816159586e-44,1.0
Ela_metadataset,NaiveBayes,0.8,Defaults,Defaults,0.9989698568101806,0.0010301431898210864
Ela_metadataset,NaiveBayes,0.8,Defaults,Defaults,0.9997860774983471,0.00021392250165317122
Ela_metadataset,NaiveBayes,0.8,Tuning,Defaults,0.999068082075214,0.0009319179247841815
Ela_metadataset,NaiveBayes,0.8,Tuning,Defaults,0.9999981104116333,1.889588362383113e-06
Ela_metadataset,NaiveBayes,0.8,Defaults,Defaults,0.9998479471154511,0.00015205288454728865
Ela_metadataset,NaiveBayes,0.8,Tuning,Defaults,0.999326621972707,0.0006733780272926592
Ela_metadataset,NaiveBayes,0.8,Defaults,Defaults,0.9980177817653428,0.0019822182346556374
Ela_metadataset,NaiveBayes,0.8,Tuning,Defaults,0.940973536124581,0.05902646387541837
Ela_metadataset,NaiveBayes,0.8,Tuning,Defaults,0.993047909443465,0.006952090556533453
Ela_metadataset,NaiveBayes,0.8,Defaults,Defaults,0.9867077695440876,0.013292230455911632
Ela_metadataset,NaiveBayes,0.8,Tuning,Defaults,0.9964159366614498,0.0035840633385512454
Ela_metadataset,NaiveBayes,0.8,Defaults,Defaults,0.9695035567175575,0.03049644328244355
Ela_metadataset,NaiveBayes,0.8,Tuning,Tuning,0.02096511430126543,0.9790348856987324
Ela_metadataset,NaiveBayes,0.8,Tuning,Tuning,0.013413883132114876,0.9865861168678877
Ela_metadataset,NaiveBayes,0.8,Tuning,Defaults,0.9858720098938414,0.014127990106157678
Ela_metadataset,NaiveBayes,0.8,Defaults,Defaults,0.9818148380678239,0.01818516193217731
Ela_metadataset,NaiveBayes,0.8,Tuning,Defaults,0.7627595780911575,0.23724042190884292
Ela_metadataset,NaiveBayes,0.8,Tuning,Tuning,0.18047487305971438,0.8195251269402827
Ela_metadataset,NaiveBayes,0.8,Tuning,Defaults,0.981581486855389,0.01841851314461186
Ela_metadataset,NaiveBayes,0.8,Defaults,Tuning,5.813401493624009e-23,1.0
Ela_metadataset,NaiveBayes,0.8,Tuning,Tuning,6.239212794473905e-31,1.0
Ela_metadataset,NaiveBayes,0.8,Tuning,Defaults,0.9979217527966844,0.0020782472033163517
Ela_metadataset,NaiveBayes,0.8,Tuning,Defaults,0.609576033190212,0.39042396680978747
Ela_metadataset,NaiveBayes,0.8,Tuning,Tuning,0.0014074018900652363,0.998592598109933
Ela_metadataset,NaiveBayes,0.8,Tuning,Defaults,0.999051311448887,0.0009486885511136347
Ela_metadataset,NaiveBayes,0.8,Tuning,Tuning,0.43501570516833876,0.5649842948316633
Ela_metadataset,NaiveBayes,0.8,Tuning,Defaults,0.9621257363223262,0.03787426367767392
Ela_metadataset,NaiveBayes,0.8,Defaults,Defaults,0.996602646450687,0.0033973535493123583
Ela_metadataset,NaiveBayes,0.8,Tuning,Defaults,0.9288457018973698,0.0711542981026288
Ela_metadataset,NaiveBayes,0.8,Tuning,Defaults,0.9849125990133173,0.0150874009866816
Ela_metadataset,NaiveBayes,0.8,Tuning,Defaults,0.9805705741936918,0.019429425806308347
Ela_metadataset,NaiveBayes,0.8,Tuning,Defaults,0.9947673426856228,0.005232657314378667
Ela_metadataset,NaiveBayes,0.8,Tuning,Tuning,1.0037189768425267e-11,0.99999999998996
Ela_metadataset,NaiveBayes,0.8,Tuning,Defaults,0.9996982780969175,0.0003017219030844141
Ela_metadataset,NaiveBayes,0.8,Tuning,Defaults,0.9999999999994174,5.795517365168829e-13
Ela_metadataset,NaiveBayes,0.8,Tuning,Tuning,0.005646970149939605,0.9943530298500636
Ela_metadataset,NaiveBayes,0.8,Defaults,Defaults,0.9999999960010229,3.9989736211102066e-09
Ela_metadataset,NaiveBayes,0.8,Tuning,Tuning,0.01654323262064462,0.9834567673793579
Ela_metadataset,NaiveBayes,0.8,Defaults,Defaults,0.9896829679308707,0.010317032069128932
Ela_metadataset,NaiveBayes,0.8,Tuning,Defaults,0.9177333081274562,0.08226669187254222
Ela_metadataset,NaiveBayes,0.8,Tuning,Defaults,0.9995450868458813,0.0004549131541199751
Ela_metadataset,NaiveBayes,0.8,Tuning,Defaults,0.8968994781677166,0.1031005218322818
Ela_metadataset,NaiveBayes,0.8,Tuning,Tuning,3.6278504390251134e-12,0.9999999999963691
Ela_metadataset,NaiveBayes,0.8,Defaults,Defaults,0.6739115168027169,0.32608848319728156
Ela_metadataset,NaiveBayes,0.8,Defaults,Defaults,0.9984199028483157,0.00158009715168499
Ela_metadataset,NaiveBayes,0.8,Tuning,Defaults,0.9896809956291055,0.010319004370895177
Ela_metadataset,NaiveBayes,0.8,Tuning,Defaults,0.9686484247904734,0.031351575209525626
Ela_metadataset,NaiveBayes,0.8,Tuning,Defaults,0.9986465063797965,0.0013534936202038207
Ela_metadataset,NaiveBayes,0.8,Tuning,Defaults,0.9976149456915332,0.0023850543084680373
Ela_metadataset,NaiveBayes,0.8,Tuning,Defaults,0.9982149693076577,0.0017850306923414623
Ela_metadataset,NaiveBayes,0.8,Tuning,Tuning,2.2460417642144905e-10,0.9999999997753974
Ela_metadataset,NaiveBayes,0.8,Tuning,Defaults,0.9867972035945453,0.013202796405453143
Ela_metadataset,NaiveBayes,0.8,Tuning,Defaults,0.9999630675520254,3.6932447976048683e-05
Ela_metadataset,NaiveBayes,0.8,Defaults,Defaults,0.9922963101483913,0.007703689851608051
Ela_metadataset,NaiveBayes,0.8,Tuning,Defaults,0.9999379139775848,6.208602241481146e-05
Ela_metadataset,NaiveBayes,0.8,Tuning,Defaults,0.9999680354498115,3.1964550189603127e-05
Ela_metadataset,NaiveBayes,0.8,Tuning,Tuning,3.8073913289179613e-07,0.9999996192608706
Ela_metadataset,NaiveBayes,0.8,Tuning,Defaults,0.9993893462763863,0.0006106537236141631
Ela_metadataset,NaiveBayes,0.8,Defaults,Defaults,0.6221019852296382,0.37789801477036505
Ela_metadataset,NaiveBayes,0.8,Tuning,Defaults,0.9073343285823262,0.09266567141767265
Ela_metadataset,NaiveBayes,0.8,Tuning,Defaults,0.8507680725752825,0.1492319274247197
Ela_metadataset,NaiveBayes,0.8,Tuning,Defaults,0.643444078128386,0.3565559218716148
Ela_metadataset,NaiveBayes,0.8,Defaults,Defaults,0.9725571369433438,0.027442863056655203
Ela_metadataset,NaiveBayes,0.8,Tuning,Defaults,0.9720515575411841,0.027948442458814213
Ela_metadataset,NaiveBayes,0.8,Tuning,Defaults,0.9978429117882319,0.0021570882117689376
Ela_metadataset,NaiveBayes,0.8,Tuning,Tuning,0.1078754452168524,0.8921245547831488
Ela_metadataset,NaiveBayes,0.8,Defaults,Defaults,0.9999999351152361,6.488476562940483e-08
Ela_metadataset,NaiveBayes,0.8,Defaults,Defaults,0.9998329637751557,0.0001670362248428993
Ela_metadataset,NaiveBayes,0.8,Tuning,Defaults,0.9999978117016821,2.188298316515048e-06
Ela_metadataset,NaiveBayes,0.8,Tuning,Defaults,0.989093391182463,0.01090660881753857
Ela_metadataset,NaiveBayes,0.8,Tuning,Defaults,0.9999982950586496,1.7049413478872885e-06
Ela_metadataset,NaiveBayes,0.8,Defaults,Defaults,0.8770285147712273,0.12297148522877524
Ela_metadataset,NaiveBayes,0.8,Defaults,Tuning,0.0026183893070395197,0.9973816106929574
Ela_metadataset,NaiveBayes,0.8,Defaults,Defaults,0.9991042662169773,0.0008957337830208613
Ela_metadataset,NaiveBayes,0.8,Tuning,Defaults,0.9834252757432764,0.016574724256725154
Ela_metadataset,NaiveBayes,0.8,Defaults,Tuning,0.0,1.0
Ela_metadataset,NaiveBayes,0.8,Tuning,Defaults,0.9966846433460785,0.003315356653922147
Ela_metadataset,NaiveBayes,0.8,Tuning,Defaults,0.8420283385972549,0.1579716614027436
Ela_metadataset,NaiveBayes,0.8,Defaults,Defaults,0.9968852631498297,0.0031147368501688584
Ela_metadataset,NaiveBayes,0.8,Defaults,Defaults,0.9533463951072835,0.04665360489271569
Ela_metadataset,NaiveBayes,0.8,Tuning,Defaults,0.9738246405193628,0.026175359480635887
Ela_metadataset,NaiveBayes,0.8,Tuning,Defaults,0.9938871384979256,0.006112861502075947
Ela_metadataset,NaiveBayes,0.8,Defaults,Defaults,0.9997552458765716,0.00024475412342734335
Ela_metadataset,NaiveBayes,0.8,Tuning,Tuning,0.49450711412764653,0.5054928858723527
Ela_metadataset,NaiveBayes,0.8,Tuning,Defaults,0.9987178589368002,0.0012821410631988664
Ela_metadataset,NaiveBayes,0.8,Tuning,Defaults,0.9999999999932783,6.722600187703059e-12
Ela_metadataset,NaiveBayes,0.8,Tuning,Defaults,0.998710569785322,0.001289430214677435
Ela_metadataset,NaiveBayes,0.85,Tuning,Defaults,0.9489119569869419,0.05108804301305665
Ela_metadataset,NaiveBayes,0.85,Tuning,Defaults,0.8008795248571318,0.19912047514287096
Ela_metadataset,NaiveBayes,0.85,Defaults,Defaults,0.9999792482577885,2.075174221307683e-05
Ela_metadataset,NaiveBayes,0.85,Tuning,Defaults,0.9813535968304016,0.018646403169599153
Ela_metadataset,NaiveBayes,0.85,Tuning,Defaults,0.9280519678948005,0.071948032105198
Ela_metadataset,NaiveBayes,0.85,Tuning,Defaults,0.9993263322615414,0.0006736677384569764
Ela_metadataset,NaiveBayes,0.85,Tuning,Defaults,0.8964462601179116,0.10355373988208849
Ela_metadataset,NaiveBayes,0.85,Defaults,Defaults,0.9991641393438923,0.000835860656107649
Ela_metadataset,NaiveBayes,0.85,Defaults,Defaults,0.9991782908996576,0.000821709100342005
Ela_metadataset,NaiveBayes,0.85,Tuning,Defaults,0.9982487668033482,0.001751233196651473
Ela_metadataset,NaiveBayes,0.85,Tuning,Defaults,0.984050671903181,0.0159493280968208
Ela_metadataset,NaiveBayes,0.85,Defaults,Defaults,0.9896231604290122,0.01037683957098783
Ela_metadataset,NaiveBayes,0.85,Tuning,Defaults,0.9977966041505749,0.002203395849424462
Ela_metadataset,NaiveBayes,0.85,Tuning,Defaults,0.9997327181147698,0.0002672818852317149
Ela_metadataset,NaiveBayes,0.85,Tuning,Tuning,0.0,1.0
Ela_metadataset,NaiveBayes,0.85,Tuning,Defaults,0.9879016797355931,0.012098320264407625
Ela_metadataset,NaiveBayes,0.85,Defaults,Defaults,0.9999917079532739,8.292046729045502e-06
Ela_metadataset,NaiveBayes,0.85,Tuning,Tuning,0.0841999527894152,0.9158000472105815
Ela_metadataset,NaiveBayes,0.85,Defaults,Defaults,0.999950752270377,4.924772962243496e-05
Ela_metadataset,NaiveBayes,0.85,Tuning,Defaults,0.9999999999991118,8.868321975974496e-13
Ela_metadataset,NaiveBayes,0.85,Tuning,Defaults,0.9975231318614867,0.002476868138515596
Ela_metadataset,NaiveBayes,0.85,Defaults,Defaults,0.999964805119606,3.519488039459476e-05
Ela_metadataset,NaiveBayes,0.85,Tuning,Defaults,0.9999999455723781,5.442761870596613e-08
Ela_metadataset,NaiveBayes,0.85,Tuning,Defaults,0.9989439818229926,0.0010560181770074494
Ela_metadataset,NaiveBayes,0.85,Tuning,Defaults,0.9919051369630163,0.00809486303698315
Ela_metadataset,NaiveBayes,0.85,Tuning,Defaults,0.9960050515640533,0.003994948435948224
Ela_metadataset,NaiveBayes,0.85,Tuning,Defaults,0.9277207133402302,0.07227928665976754
Ela_metadataset,NaiveBayes,0.85,Tuning,Defaults,0.997473430335092,0.0025265696649063585
Ela_metadataset,NaiveBayes,0.85,Tuning,Tuning,0.11679098241241836,0.8832090175875852
Ela_metadataset,NaiveBayes,0.85,Tuning,Defaults,0.9990036446149132,0.0009963553850859896
Ela_metadataset,NaiveBayes,0.85,Tuning,Tuning,8.755373426384637e-09,0.9999999912446214
Ela_metadataset,NaiveBayes,0.85,Tuning,Defaults,0.9677080843968451,0.032291915603155495
Ela_metadataset,NaiveBayes,0.85,Defaults,Defaults,0.9997104795637628,0.0002895204362350106
Ela_metadataset,NaiveBayes,0.85,Defaults,Defaults,0.9999979860577952,2.013942203016352e-06
Ela_metadataset,NaiveBayes,0.85,Tuning,Tuning,0.015268272238161297,0.9847317277618384
Ela_metadataset,NaiveBayes,0.85,Tuning,Defaults,1.0,0.0
Ela_metadataset,NaiveBayes,0.85,Tuning,Defaults,0.8414562897219919,0.15854371027800906
Ela_metadataset,NaiveBayes,0.85,Defaults,Defaults,1.0,2.5139380137665402e-86
Ela_metadataset,NaiveBayes,0.85,Tuning,Defaults,0.9938031069638972,0.006196893036102362
Ela_metadataset,NaiveBayes,0.85,Defaults,Defaults,0.9999735851046795,2.6414895322496302e-05
Ela_metadataset,NaiveBayes,0.85,Tuning,Tuning,0.0048578412152464005,0.9951421587847528
Ela_metadataset,NaiveBayes,0.85,Tuning,Tuning,5.364750990015262e-07,0.9999994635249028
Ela_metadataset,NaiveBayes,0.85,Tuning,Tuning,0.0,1.0
Ela_metadataset,NaiveBayes,0.85,Tuning,Defaults,0.5486851366773533,0.4513148633226444
Ela_metadataset,NaiveBayes,0.85,Tuning,Defaults,0.9481739073766587,0.05182609262333893
Ela_metadataset,NaiveBayes,0.85,Tuning,Defaults,0.9983377050103939,0.001662294989607014
Ela_metadataset,NaiveBayes,0.85,Tuning,Defaults,0.8835218133612158,0.11647818663878183
Ela_metadataset,NaiveBayes,0.85,Tuning,Defaults,0.9957831259137209,0.004216874086281495
Ela_metadataset,NaiveBayes,0.85,Tuning,Defaults,0.998158871987661,0.0018411280123406014
Ela_metadataset,NaiveBayes,0.85,Tuning,Defaults,0.9664125820593771,0.033587417940620104
Ela_metadataset,NaiveBayes,0.85,Defaults,Tuning,5.490487022957995e-13,0.9999999999994458
Ela_metadataset,NaiveBayes,0.85,Tuning,Tuning,0.2430854470732593,0.7569145529267427
Ela_metadataset,NaiveBayes,0.85,Tuning,Tuning,0.000438971653877325,0.9995610283461219
Ela_metadataset,NaiveBayes,0.85,Defaults,Defaults,0.9915255369316127,0.008474463068386787
Ela_metadataset,NaiveBayes,0.85,Tuning,Defaults,0.9780262964784467,0.021973703521556566
Ela_metadataset,NaiveBayes,0.85,Tuning,Defaults,0.7461731249345532,0.25382687506544915
Ela_metadataset,NaiveBayes,0.85,Tuning,Tuning,9.046678336567641e-11,0.9999999999095337
Ela_metadataset,NaiveBayes,0.85,Tuning,Defaults,0.9984880165868726,0.0015119834131289461
Ela_metadataset,NaiveBayes,0.85,Tuning,Tuning,9.50100873047457e-08,0.9999999049899105
Ela_metadataset,NaiveBayes,0.85,Tuning,Tuning,0.0,1.0
Ela_metadataset,NaiveBayes,0.85,Tuning,Defaults,0.9885339579723904,0.011466042027606732
Ela_metadataset,NaiveBayes,0.85,Tuning,Defaults,0.9726421014930182,0.027357898506979738
Ela_metadataset,NaiveBayes,0.85,Tuning,Defaults,0.9819511470050437,0.01804885299495761
Ela_metadataset,NaiveBayes,0.85,Defaults,Defaults,0.9778074643547304,0.02219253564527024
Ela_metadataset,NaiveBayes,0.85,Tuning,Defaults,0.9986161182530945,0.0013838817469040898
Ela_metadataset,NaiveBayes,0.85,Defaults,Defaults,0.9999453216981193,5.4678301882365474e-05
Ela_metadataset,NaiveBayes,0.85,Tuning,Defaults,0.9936264572562884,0.006373542743711013
Ela_metadataset,NaiveBayes,0.85,Tuning,Defaults,0.9670781556218914,0.032921844378111804
Ela_metadataset,NaiveBayes,0.85,Tuning,Defaults,0.9922641365603699,0.007735863439630698
Ela_metadataset,NaiveBayes,0.85,Tuning,Defaults,0.9995467916438671,0.00045320835613269194
Ela_metadataset,NaiveBayes,0.85,Tuning,Defaults,0.9993558109967626,0.0006441890032370877
Ela_metadataset,NaiveBayes,0.85,Defaults,Defaults,0.9994885576381892,0.0005114423618122465
Ela_metadataset,NaiveBayes,0.85,Tuning,Defaults,0.9992215117077972,0.0007784882922034273
Ela_metadataset,NaiveBayes,0.85,Defaults,Defaults,0.997013447065475,0.0029865529345236338
Ela_metadataset,NaiveBayes,0.85,Defaults,Defaults,0.9915932061647548,0.00840679383524261
Ela_metadataset,NaiveBayes,0.85,Defaults,Defaults,0.9998646642564181,0.0001353357435784185
Ela_metadataset,NaiveBayes,0.85,Defaults,Defaults,0.9993504849214322,0.000649515078568533
Ela_metadataset,NaiveBayes,0.85,Tuning,Defaults,0.8704682024939069,0.12953179750609145
Ela_metadataset,NaiveBayes,0.85,Tuning,Defaults,0.9992559817302252,0.0007440182697743693
Ela_metadataset,NaiveBayes,0.85,Tuning,Defaults,0.9999991836460104,8.163539920272849e-07
Ela_metadataset,NaiveBayes,0.85,Defaults,Defaults,0.9966872825649976,0.0033127174350033152
Ela_metadataset,NaiveBayes,0.85,Defaults,Tuning,2.675077589225402e-44,1.0
Ela_metadataset,NaiveBayes,0.85,Defaults,Defaults,0.9983578148066496,0.0016421851933493387
Ela_metadataset,NaiveBayes,0.85,Defaults,Defaults,0.9998256554800329,0.00017434451996815861
Ela_metadataset,NaiveBayes,0.85,Tuning,Defaults,0.9993004470021976,0.0006995529978012187
Ela_metadataset,NaiveBayes,0.85,Tuning,Defaults,0.999999692666795,3.0733320295880255e-07
Ela_metadataset,NaiveBayes,0.85,Defaults,Defaults,0.9998295398649965,0.00017046013500273102
Ela_metadataset,NaiveBayes,0.85,Tuning,Defaults,0.9986428776124799,0.0013571223875196304
Ela_metadataset,NaiveBayes,0.85,Defaults,Defaults,0.9989085340552161,0.0010914659447829164
Ela_metadataset,NaiveBayes,0.85,Tuning,Defaults,0.8546248112377658,0.14537518876223074
Ela_metadataset,NaiveBayes,0.85,Tuning,Defaults,0.9880748383272896,0.011925161672710384
Ela_metadataset,NaiveBayes,0.85,Defaults,Defaults,0.979293393895051,0.020706606104951907
Ela_metadataset,NaiveBayes,0.85,Tuning,Defaults,0.9972854906859365,0.002714509314064456
Ela_metadataset,NaiveBayes,0.85,Defaults,Defaults,0.999978458491186,2.154150881145889e-05
Ela_metadataset,NaiveBayes,0.85,Tuning,Tuning,0.006224621723536189,0.9937753782764672
Ela_metadataset,NaiveBayes,0.85,Tuning,Tuning,0.006021569198844929,0.9939784308011521
Ela_metadataset,NaiveBayes,0.85,Tuning,Defaults,0.970442773116935,0.029557226883066147
Ela_metadataset,NaiveBayes,0.85,Defaults,Defaults,0.9586151936611835,0.04138480633881734
Ela_metadataset,NaiveBayes,0.85,Tuning,Defaults,0.5804509766896447,0.41954902331035454
Ela_metadataset,NaiveBayes,0.85,Tuning,Tuning,0.05469683131153143,0.9453031686884674
Ela_metadataset,NaiveBayes,0.85,Tuning,Defaults,0.9614138892495598,0.038586110750439426
Ela_metadataset,NaiveBayes,0.85,Defaults,Tuning,1.4185913914408842e-23,1.0
Ela_metadataset,NaiveBayes,0.85,Tuning,Tuning,2.4958629930844514e-31,1.0
Ela_metadataset,NaiveBayes,0.85,Tuning,Defaults,0.995513390585484,0.004486609414516654
Ela_metadataset,NaiveBayes,0.85,Tuning,Tuning,0.4495565756722032,0.5504434243277939
Ela_metadataset,NaiveBayes,0.85,Tuning,Tuning,0.00043184435626729233,0.9995681556437332
Ela_metadataset,NaiveBayes,0.85,Tuning,Defaults,0.9982721394278339,0.0017278605721649655
Ela_metadataset,NaiveBayes,0.85,Tuning,Tuning,0.25537792948901306,0.7446220705109835
Ela_metadataset,NaiveBayes,0.85,Tuning,Defaults,0.8977904617634808,0.1022095382365211
Ela_metadataset,NaiveBayes,0.85,Defaults,Defaults,0.9930654784405777,0.0069345215594237095
Ela_metadataset,NaiveBayes,0.85,Tuning,Defaults,0.7590179445322861,0.24098205546771062
Ela_metadataset,NaiveBayes,0.85,Tuning,Defaults,0.9630903507614544,0.03690964923854479
Ela_metadataset,NaiveBayes,0.85,Tuning,Defaults,0.9580916723705779,0.0419083276294236
Ela_metadataset,NaiveBayes,0.85,Tuning,Defaults,0.9931479496493325,0.006852050350666061
Ela_metadataset,NaiveBayes,0.85,Tuning,Tuning,8.070272628276019e-12,0.9999999999919282
Ela_metadataset,NaiveBayes,0.85,Tuning,Defaults,0.9994328302497004,0.0005671697502990771
Ela_metadataset,NaiveBayes,0.85,Tuning,Defaults,0.9999999999995524,4.510594145941548e-13
Ela_metadataset,NaiveBayes,0.85,Tuning,Tuning,0.0019045419690935273,0.998095458030909
Ela_metadataset,NaiveBayes,0.85,Defaults,Defaults,0.9999999999998792,1.2183488921902194e-13
Ela_metadataset,NaiveBayes,0.85,Tuning,Tuning,0.007501986499862803,0.9924980135001344
Ela_metadataset,NaiveBayes,0.85,Defaults,Defaults,0.9775770989900568,0.022422901009941976
Ela_metadataset,NaiveBayes,0.85,Tuning,Defaults,0.9573778852627528,0.04262211473724476
Ela_metadataset,NaiveBayes,0.85,Tuning,Defaults,0.9997907658439599,0.00020923415604186634
Ela_metadataset,NaiveBayes,0.85,Tuning,Defaults,0.8229350405986585,0.17706495940134062
Ela_metadataset,NaiveBayes,0.85,Tuning,Tuning,1.2936225697513082e-12,0.9999999999987068
Ela_metadataset,NaiveBayes,0.85,Defaults,Tuning,0.4865820204307588,0.5134179795692405
Ela_metadataset,NaiveBayes,0.85,Defaults,Defaults,0.9970650592056794,0.002934940794319594
Ela_metadataset,NaiveBayes,0.85,Tuning,Defaults,0.9811111937055673,0.01888880629443179
Ela_metadataset,NaiveBayes,0.85,Tuning,Defaults,0.9524399342517835,0.047560065748213975
Ela_metadataset,NaiveBayes,0.85,Tuning,Defaults,0.9974008564242407,0.0025991435757605763
Ela_metadataset,NaiveBayes,0.85,Tuning,Defaults,0.9954242776721529,0.0045757223278467185
Ela_metadataset,NaiveBayes,0.85,Tuning,Defaults,0.9984678722087242,0.0015321277912758349
Ela_metadataset,NaiveBayes,0.85,Tuning,Tuning,7.598013545042167e-11,0.9999999999240217
Ela_metadataset,NaiveBayes,0.85,Tuning,Defaults,0.9773321182854877,0.02266788171451073
Ela_metadataset,NaiveBayes,0.85,Tuning,Defaults,0.9999824517260175,1.754827398092012e-05
Ela_metadataset,NaiveBayes,0.85,Defaults,Defaults,0.9905049759761695,0.009495024023830028
Ela_metadataset,NaiveBayes,0.85,Tuning,Defaults,0.9999672503303785,3.27496696180696e-05
Ela_metadataset,NaiveBayes,0.85,Tuning,Defaults,0.9999614109415154,3.85890584825077e-05
Ela_metadataset,NaiveBayes,0.85,Tuning,Tuning,2.1689028916624644e-07,0.9999997831097098
Ela_metadataset,NaiveBayes,0.85,Tuning,Defaults,0.9995424917377773,0.0004575082622216173
Ela_metadataset,NaiveBayes,0.85,Defaults,Defaults,0.5309572420387286,0.4690427579612699
Ela_metadataset,NaiveBayes,0.85,Tuning,Defaults,0.891651575711801,0.10834842428820167
Ela_metadataset,NaiveBayes,0.85,Tuning,Defaults,0.7264684202939201,0.2735315797060786
Ela_metadataset,NaiveBayes,0.85,Tuning,Defaults,0.5024573784665873,0.49754262153340906
Ela_metadataset,NaiveBayes,0.85,Defaults,Defaults,0.9577729948361803,0.042227005163821295
Ela_metadataset,NaiveBayes,0.85,Tuning,Defaults,0.9424004374404588,0.057599562559542614
Ela_metadataset,NaiveBayes,0.85,Tuning,Defaults,0.997862854367766,0.0021371456322324682
Ela_metadataset,NaiveBayes,0.85,Tuning,Tuning,0.20327930262197969,0.7967206973780175
Ela_metadataset,NaiveBayes,0.85,Defaults,Defaults,0.9999999995416076,4.583924788693751e-10
Ela_metadataset,NaiveBayes,0.85,Defaults,Defaults,0.9999193600226938,8.063997730772781e-05
Ela_metadataset,NaiveBayes,0.85,Tuning,Defaults,0.9999974463053001,2.5536946998622526e-06
Ela_metadataset,NaiveBayes,0.85,Tuning,Defaults,0.9787145380259429,0.021285461974056865
Ela_metadataset,NaiveBayes,0.85,Tuning,Defaults,0.9999970016960419,2.9983039586826843e-06
Ela_metadataset,NaiveBayes,0.85,Defaults,Defaults,0.8151252539121449,0.18487474608785748
Ela_metadataset,NaiveBayes,0.85,Defaults,Tuning,0.0018531351550822735,0.998146864844911
Ela_metadataset,NaiveBayes,0.85,Defaults,Defaults,0.9983926830720524,0.0016073169279460238
Ela_metadataset,NaiveBayes,0.85,Tuning,Defaults,0.970658269460632,0.02934173053936532
Ela_metadataset,NaiveBayes,0.85,Defaults,Tuning,0.0,1.0
Ela_metadataset,NaiveBayes,0.85,Tuning,Defaults,0.9944102494747502,0.005589750525248673
Ela_metadataset,NaiveBayes,0.85,Tuning,Defaults,0.602655155762769,0.3973448442372312
Ela_metadataset,NaiveBayes,0.85,Defaults,Defaults,0.9973268438992926,0.002673156100708762
Ela_metadataset,NaiveBayes,0.85,Defaults,Defaults,0.9141035855764077,0.08589641442359006
Ela_metadataset,NaiveBayes,0.85,Tuning,Defaults,0.9618293585881159,0.03817064141188477
Ela_metadataset,NaiveBayes,0.85,Tuning,Defaults,0.9881952628360339,0.011804737163963627
Ela_metadataset,NaiveBayes,0.85,Defaults,Defaults,0.9997538541714304,0.00024614582857080547
Ela_metadataset,NaiveBayes,0.85,Tuning,Tuning,0.3178138460420869,0.6821861539579124
Ela_metadataset,NaiveBayes,0.85,Tuning,Defaults,0.9977214413607645,0.0022785586392333333
Ela_metadataset,NaiveBayes,0.85,Tuning,Defaults,0.9999999999991473,8.492734193367742e-13
Ela_metadataset,NaiveBayes,0.85,Tuning,Defaults,0.9952964948830584,0.0047035051169395945
Ela_metadataset,NaiveBayes,0.9,Tuning,Defaults,0.9463830875217324,0.05361691247827046
Ela_metadataset,NaiveBayes,0.9,Tuning,Defaults,0.5484032581249084,0.4515967418750891
Ela_metadataset,NaiveBayes,0.9,Defaults,Defaults,0.9999870652582944,1.2934741707046103e-05
Ela_metadataset,NaiveBayes,0.9,Tuning,Defaults,0.9630861782523259,0.03691382174767374
Ela_metadataset,NaiveBayes,0.9,Tuning,Defaults,0.9239525547004314,0.07604744529956836
Ela_metadataset,NaiveBayes,0.9,Tuning,Defaults,0.9996305633615538,0.0003694366384454093
Ela_metadataset,NaiveBayes,0.9,Tuning,Defaults,0.9403915164468986,0.05960848355310124
Ela_metadataset,NaiveBayes,0.9,Defaults,Defaults,0.9994684106743299,0.0005315893256700267
Ela_metadataset,NaiveBayes,0.9,Defaults,Defaults,0.999344950265483,0.0006550497345183209
Ela_metadataset,NaiveBayes,0.9,Tuning,Defaults,0.9989591663630225,0.0010408336369797982
Ela_metadataset,NaiveBayes,0.9,Tuning,Defaults,0.9892548807721685,0.010745119227831649
Ela_metadataset,NaiveBayes,0.9,Defaults,Defaults,0.9893383365208447,0.01066166347915498
Ela_metadataset,NaiveBayes,0.9,Tuning,Defaults,0.9977638892973497,0.0022361107026511256
Ela_metadataset,NaiveBayes,0.9,Tuning,Defaults,0.9998521118867181,0.00014788811328335103
Ela_metadataset,NaiveBayes,0.9,Tuning,Tuning,0.0,1.0
Ela_metadataset,NaiveBayes,0.9,Tuning,Defaults,0.992204513255066,0.007795486744936755
Ela_metadataset,NaiveBayes,0.9,Defaults,Defaults,0.9999943472298765,5.652770122026792e-06
Ela_metadataset,NaiveBayes,0.9,Tuning,Tuning,0.15984325044623077,0.8401567495537716
Ela_metadataset,NaiveBayes,0.9,Defaults,Defaults,0.9999770002017668,2.299979823429554e-05
Ela_metadataset,NaiveBayes,0.9,Tuning,Defaults,0.9999999999993712,6.270810750457588e-13
Ela_metadataset,NaiveBayes,0.9,Tuning,Defaults,0.9982267610364335,0.00177323896356495
Ela_metadataset,NaiveBayes,0.9,Defaults,Defaults,0.9999804001460206,1.9599853980263125e-05
Ela_metadataset,NaiveBayes,0.9,Tuning,Defaults,0.999999971974987,2.8025011488126613e-08
Ela_metadataset,NaiveBayes,0.9,Tuning,Defaults,0.9994469892256111,0.0005530107743881062
Ela_metadataset,NaiveBayes,0.9,Tuning,Defaults,0.9929448674925461,0.007055132507453727
Ela_metadataset,NaiveBayes,0.9,Tuning,Defaults,0.9978709371032228,0.0021290628967765212
Ela_metadataset,NaiveBayes,0.9,Tuning,Defaults,0.9404453044850752,0.059554695514927154
Ela_metadataset,NaiveBayes,0.9,Tuning,Defaults,0.9984387556273234,0.0015612443726789019
Ela_metadataset,NaiveBayes,0.9,Tuning,Tuning,0.16659235767881014,0.8334076423211928
Ela_metadataset,NaiveBayes,0.9,Tuning,Defaults,0.9991874027072034,0.0008125972927965884
Ela_metadataset,NaiveBayes,0.9,Tuning,Tuning,1.3142821180350617e-08,0.9999999868571764
Ela_metadataset,NaiveBayes,0.9,Tuning,Defaults,0.9751043715560475,0.024895628443955205
Ela_metadataset,NaiveBayes,0.9,Defaults,Defaults,0.9995855061316137,0.00041449386838799947
Ela_metadataset,NaiveBayes,0.9,Defaults,Defaults,0.9999984055795635,1.59442043553342e-06
Ela_metadataset,NaiveBayes,0.9,Tuning,Tuning,0.0037278828796420745,0.9962721171203557
Ela_metadataset,NaiveBayes,0.9,Tuning,Defaults,1.0,0.0
Ela_metadataset,NaiveBayes,0.9,Tuning,Defaults,0.547444567097227,0.4525554329027734
Ela_metadataset,NaiveBayes,0.9,Defaults,Defaults,1.0,1.645024446175541e-86
Ela_metadataset,NaiveBayes,0.9,Tuning,Defaults,0.995781635350759,0.004218364649237507
Ela_metadataset,NaiveBayes,0.9,Defaults,Defaults,0.9999852383925817,1.476160742165615e-05
Ela_metadataset,NaiveBayes,0.9,Tuning,Tuning,0.0011727659983929556,0.998827234001609
Ela_metadataset,NaiveBayes,0.9,Tuning,Tuning,1.5825247489930918e-07,0.9999998417475223
Ela_metadataset,NaiveBayes,0.9,Tuning,Tuning,0.0,1.0
Ela_metadataset,NaiveBayes,0.9,Tuning,Tuning,0.27116587865868014,0.728834121341322
Ela_metadataset,NaiveBayes,0.9,Tuning,Defaults,0.9595546772460497,0.04044532275394772
Ela_metadataset,NaiveBayes,0.9,Tuning,Defaults,0.9988765509870944,0.0011234490129050478
Ela_metadataset,NaiveBayes,0.9,Tuning,Defaults,0.8833653794593144,0.11663462054068771
Ela_metadataset,NaiveBayes,0.9,Tuning,Defaults,0.9969158768391292,0.0030841231608681225
Ela_metadataset,NaiveBayes,0.9,Tuning,Defaults,0.998353270959268,0.0016467290407322416
Ela_metadataset,NaiveBayes,0.9,Tuning,Defaults,0.9035241874776712,0.09647581252232616
Ela_metadataset,NaiveBayes,0.9,Defaults,Tuning,1.1441120579591896e-12,0.9999999999988489
Ela_metadataset,NaiveBayes,0.9,Tuning,Tuning,0.1505388792957329,0.8494611207042642
Ela_metadataset,NaiveBayes,0.9,Tuning,Tuning,0.00021353589123282972,0.9997864641087664
Ela_metadataset,NaiveBayes,0.9,Defaults,Defaults,0.9897211298866385,0.010278870113363215
Ela_metadataset,NaiveBayes,0.9,Tuning,Defaults,0.9642494021181564,0.03575059788184517
Ela_metadataset,NaiveBayes,0.9,Tuning,Defaults,0.6893606762790875,0.310639323720916
Ela_metadataset,NaiveBayes,0.9,Tuning,Tuning,2.6557464055481595e-11,0.9999999999734399
Ela_metadataset,NaiveBayes,0.9,Tuning,Defaults,0.9982744904226544,0.0017255095773459274
Ela_metadataset,NaiveBayes,0.9,Tuning,Tuning,3.1900108620009565e-06,0.9999968099891424
Ela_metadataset,NaiveBayes,0.9,Tuning,Tuning,0.0,1.0
Ela_metadataset,NaiveBayes,0.9,Tuning,Defaults,0.9947461246529982,0.005253875347001072
Ela_metadataset,NaiveBayes,0.9,Tuning,Defaults,0.9691229884984677,0.030877011501534074
Ela_metadataset,NaiveBayes,0.9,Tuning,Defaults,0.9723637685875071,0.02763623141249452
Ela_metadataset,NaiveBayes,0.9,Defaults,Defaults,0.9589689300797608,0.041031069920236855
Ela_metadataset,NaiveBayes,0.9,Tuning,Defaults,0.9976611727059107,0.0023388272940901506
Ela_metadataset,NaiveBayes,0.9,Defaults,Defaults,0.999970097619504,2.9902380494666905e-05
Ela_metadataset,NaiveBayes,0.9,Tuning,Defaults,0.9923202955870254,0.00767970441297617
Ela_metadataset,NaiveBayes,0.9,Tuning,Defaults,0.9704349660968317,0.029565033903165696
Ela_metadataset,NaiveBayes,0.9,Tuning,Defaults,0.991970898170344,0.008029101829656857
Ela_metadataset,NaiveBayes,0.9,Tuning,Defaults,0.9997058991997386,0.0002941008002631451
Ela_metadataset,NaiveBayes,0.9,Tuning,Defaults,0.9994102025116003,0.0005897974883981801
Ela_metadataset,NaiveBayes,0.9,Defaults,Defaults,0.9995781466153898,0.00042185338461127406
Ela_metadataset,NaiveBayes,0.9,Tuning,Defaults,0.9994390412273124,0.0005609587726882329
Ela_metadataset,NaiveBayes,0.9,Defaults,Defaults,0.996529612766413,0.0034703872335853933
Ela_metadataset,NaiveBayes,0.9,Defaults,Defaults,0.991772794881249,0.008227205118750048
Ela_metadataset,NaiveBayes,0.9,Defaults,Defaults,0.999884604684431,0.0001153953155710763
Ela_metadataset,NaiveBayes,0.9,Defaults,Defaults,0.9994993077606114,0.0005006922393873129
Ela_metadataset,NaiveBayes,0.9,Tuning,Defaults,0.8871765632718617,0.11282343672814017
Ela_metadataset,NaiveBayes,0.9,Tuning,Defaults,0.9996259236384161,0.0003740763615842354
Ela_metadataset,NaiveBayes,0.9,Tuning,Defaults,0.999999483088159,5.169118439943277e-07
Ela_metadataset,NaiveBayes,0.9,Defaults,Defaults,0.9980770469039841,0.001922953096018476
Ela_metadataset,NaiveBayes,0.9,Defaults,Tuning,4.806705403211352e-44,1.0
Ela_metadataset,NaiveBayes,0.9,Defaults,Defaults,0.9980294048005764,0.00197059519942378
Ela_metadataset,NaiveBayes,0.9,Defaults,Defaults,0.9998338794737159,0.00016612052628491903
Ela_metadataset,NaiveBayes,0.9,Tuning,Defaults,0.9991125254753944,0.0008874745246050146
Ela_metadataset,NaiveBayes,0.9,Tuning,Defaults,0.999999883758569,1.162414361606381e-07
Ela_metadataset,NaiveBayes,0.9,Defaults,Defaults,0.9998333543268393,0.00016664567316196618
Ela_metadataset,NaiveBayes,0.9,Tuning,Defaults,0.9982630489778931,0.0017369510221035187
Ela_metadataset,NaiveBayes,0.9,Defaults,Defaults,0.9988991931556589,0.0011008068443409918
Ela_metadataset,NaiveBayes,0.9,Tuning,Defaults,0.8344802247581758,0.16551977524182554
Ela_metadataset,NaiveBayes,0.9,Tuning,Defaults,0.9769471711356447,0.023052828864355213
Ela_metadataset,NaiveBayes,0.9,Defaults,Defaults,0.9556299080635838,0.0443700919364152
Ela_metadataset,NaiveBayes,0.9,Tuning,Defaults,0.9981182083123111,0.0018817916876905936
Ela_metadataset,NaiveBayes,0.9,Defaults,Defaults,0.9999885515241766,1.1448475823333244e-05
Ela_metadataset,NaiveBayes,0.9,Tuning,Tuning,0.004170609884371848,0.9958293901156297
Ela_metadataset,NaiveBayes,0.9,Tuning,Tuning,0.001343105105485033,0.9986568948945116
Ela_metadataset,NaiveBayes,0.9,Tuning,Defaults,0.9316951419676172,0.06830485803238445
Ela_metadataset,NaiveBayes,0.9,Defaults,Defaults,0.932169989899469,0.06783001010053226
Ela_metadataset,NaiveBayes,0.9,Tuning,Tuning,0.401987172488034,0.5980128275119682
Ela_metadataset,NaiveBayes,0.9,Tuning,Tuning,0.05634410199233762,0.9436558980076607
Ela_metadataset,NaiveBayes,0.9,Tuning,Defaults,0.9521106846949756,0.04788931530502465
Ela_metadataset,NaiveBayes,0.9,Defaults,Tuning,7.704054331009064e-24,1.0
Ela_metadataset,NaiveBayes,0.9,Tuning,Tuning,7.810410492314179e-32,1.0
Ela_metadataset,NaiveBayes,0.9,Tuning,Defaults,0.9945980089521749,0.005401991047825432
Ela_metadataset,NaiveBayes,0.9,Tuning,Tuning,0.33087301885902937,0.6691269811409727
Ela_metadataset,NaiveBayes,0.9,Tuning,Tuning,0.000293793674636266,0.9997062063253607
Ela_metadataset,NaiveBayes,0.9,Tuning,Defaults,0.9971043050397611,0.00289569496023918
Ela_metadataset,NaiveBayes,0.9,Tuning,Tuning,0.14062736448350077,0.8593726355164998
Ela_metadataset,NaiveBayes,0.9,Tuning,Defaults,0.8529295904393175,0.1470704095606835
Ela_metadataset,NaiveBayes,0.9,Defaults,Defaults,0.9830295347214236,0.0169704652785755
Ela_metadataset,NaiveBayes,0.9,Tuning,Defaults,0.6648930195237353,0.33510698047626264
Ela_metadataset,NaiveBayes,0.9,Tuning,Defaults,0.938365099722847,0.061634900277153674
Ela_metadataset,NaiveBayes,0.9,Tuning,Defaults,0.8966050616975991,0.10339493830240314
Ela_metadataset,NaiveBayes,0.9,Tuning,Defaults,0.993674505698783,0.006325494301214552
Ela_metadataset,NaiveBayes,0.9,Tuning,Tuning,2.5066624321091306e-11,0.999999999974932
Ela_metadataset,NaiveBayes,0.9,Tuning,Defaults,0.9996333998495468,0.00036660015045608755
Ela_metadataset,NaiveBayes,0.9,Tuning,Defaults,0.9999999999996589,3.392863814558321e-13
Ela_metadataset,NaiveBayes,0.9,Tuning,Tuning,0.0019777574459008108,0.9980222425541027
Ela_metadataset,NaiveBayes,0.9,Defaults,Defaults,0.9999999999998863,1.1302491259919069e-13
Ela_metadataset,NaiveBayes,0.9,Tuning,Tuning,0.006209261396981523,0.9937907386030151
Ela_metadataset,NaiveBayes,0.9,Defaults,Defaults,0.9704972276402003,0.029502772359798018
Ela_metadataset,NaiveBayes,0.9,Tuning,Defaults,0.9702844148036077,0.029715585196394553
Ela_metadataset,NaiveBayes,0.9,Tuning,Defaults,0.9998543749047962,0.00014562509520228508
Ela_metadataset,NaiveBayes,0.9,Tuning,Defaults,0.5290930483088283,0.47090695169116975
Ela_metadataset,NaiveBayes,0.9,Tuning,Tuning,6.021552369767292e-13,0.999999999999396
Ela_metadataset,NaiveBayes,0.9,Defaults,Tuning,0.00446926778082057,0.9955307322191725
Ela_metadataset,NaiveBayes,0.9,Defaults,Defaults,0.9949928604482056,0.0050071395517933045
Ela_metadataset,NaiveBayes,0.9,Tuning,Defaults,0.9610987182613615,0.038901281738641554
Ela_metadataset,NaiveBayes,0.9,Tuning,Defaults,0.9233051033599144,0.0766948966400877
Ela_metadataset,NaiveBayes,0.9,Tuning,Defaults,0.9974614000159645,0.0025385999840337996
Ela_metadataset,NaiveBayes,0.9,Tuning,Defaults,0.9919811686537636,0.008018831346237387
Ela_metadataset,NaiveBayes,0.9,Tuning,Defaults,0.9989143153263519,0.0010856846736494415
Ela_metadataset,NaiveBayes,0.9,Tuning,Tuning,5.154359669612761e-11,0.9999999999484572
Ela_metadataset,NaiveBayes,0.9,Tuning,Defaults,0.9610168314669344,0.03898316853306302
Ela_metadataset,NaiveBayes,0.9,Tuning,Defaults,0.999990734432318,9.265567681613824e-06
Ela_metadataset,NaiveBayes,0.9,Defaults,Defaults,0.9894417955692387,0.010558204430761997
Ela_metadataset,NaiveBayes,0.9,Tuning,Defaults,0.9999689166392042,3.108336079549649e-05
Ela_metadataset,NaiveBayes,0.9,Tuning,Defaults,0.9999671879198355,3.2812080165407404e-05
Ela_metadataset,NaiveBayes,0.9,Tuning,Tuning,5.7925525904505876e-08,0.999999942074476
Ela_metadataset,NaiveBayes,0.9,Tuning,Defaults,0.9996926970955496,0.0003073029044508423
Ela_metadataset,NaiveBayes,0.9,Defaults,Tuning,0.1805017026824587,0.8194982973175408
Ela_metadataset,NaiveBayes,0.9,Tuning,Defaults,0.8382619108206658,0.16173808917933633
Ela_metadataset,NaiveBayes,0.9,Tuning,Defaults,0.5670144344929575,0.4329855655070431
Ela_metadataset,NaiveBayes,0.9,Tuning,Tuning,0.3019528537556317,0.6980471462443687
Ela_metadataset,NaiveBayes,0.9,Defaults,Defaults,0.957573094804212,0.042426905195786555
Ela_metadataset,NaiveBayes,0.9,Tuning,Defaults,0.8860980214458897,0.11390197855410744
Ela_metadataset,NaiveBayes,0.9,Tuning,Defaults,0.9980487011810522,0.0019512988189461403
Ela_metadataset,NaiveBayes,0.9,Tuning,Tuning,0.361109744249958,0.6388902557500428
Ela_metadataset,NaiveBayes,0.9,Defaults,Defaults,0.9999999996792397,3.2075726783795075e-10
Ela_metadataset,NaiveBayes,0.9,Defaults,Defaults,0.9999625871347687,3.7412865230828885e-05
Ela_metadataset,NaiveBayes,0.9,Tuning,Defaults,0.99999756254983,2.4374501691196323e-06
Ela_metadataset,NaiveBayes,0.9,Tuning,Defaults,0.9871870317190174,0.012812968280984017
Ela_metadataset,NaiveBayes,0.9,Tuning,Defaults,0.9999984980862687,1.5019137318229708e-06
Ela_metadataset,NaiveBayes,0.9,Defaults,Defaults,0.8126377994533381,0.18736220054666047
Ela_metadataset,NaiveBayes,0.9,Defaults,Tuning,0.0030046885876333657,0.9969953114123681
Ela_metadataset,NaiveBayes,0.9,Defaults,Defaults,0.9985178482566802,0.0014821517433206558
Ela_metadataset,NaiveBayes,0.9,Tuning,Defaults,0.9569614832041677,0.043038516795833474
Ela_metadataset,NaiveBayes,0.9,Defaults,Tuning,0.0,1.0
Ela_metadataset,NaiveBayes,0.9,Tuning,Defaults,0.9932821878177135,0.006717812182287541
Ela_metadataset,NaiveBayes,0.9,Tuning,Defaults,0.5826958616717217,0.41730413832827845
Ela_metadataset,NaiveBayes,0.9,Defaults,Defaults,0.9984712502569482,0.001528749743052418
Ela_metadataset,NaiveBayes,0.9,Defaults,Defaults,0.7755929995437013,0.22440700045630105
Ela_metadataset,NaiveBayes,0.9,Tuning,Defaults,0.9646761246954784,0.03532387530452273
Ela_metadataset,NaiveBayes,0.9,Tuning,Defaults,0.980517205963492,0.019482794036508783
Ela_metadataset,NaiveBayes,0.9,Defaults,Defaults,0.9998227106590489,0.00017728934095093105
Ela_metadataset,NaiveBayes,0.9,Tuning,Tuning,0.3086875836447758,0.691312416355221
Ela_metadataset,NaiveBayes,0.9,Tuning,Defaults,0.9983989869306422,0.0016010130693554416
Ela_metadataset,NaiveBayes,0.9,Tuning,Defaults,0.9999999999995737,4.2044199602116216e-13
Ela_metadataset,NaiveBayes,0.9,Tuning,Defaults,0.992407190934145,0.007592809065854361
Ela_metadataset,NaiveBayes,0.95,Tuning,Defaults,0.9616529656175861,0.03834703438241158
Ela_metadataset,NaiveBayes,0.95,Tuning,Defaults,0.5058690300499664,0.4941309699500351
Ela_metadataset,NaiveBayes,0.95,Defaults,Defaults,0.9999948843001333,5.1156998673712796e-06
Ela_metadataset,NaiveBayes,0.95,Tuning,Defaults,0.9864700711889574,0.013529928811040145
Ela_metadataset,NaiveBayes,0.95,Tuning,Defaults,0.9587341235019248,0.041265876498077635
Ela_metadataset,NaiveBayes,0.95,Tuning,Defaults,0.9998572575424902,0.00014274245750917877
Ela_metadataset,NaiveBayes,0.95,Tuning,Defaults,0.9626196213014727,0.037380378698530864
Ela_metadataset,NaiveBayes,0.95,Defaults,Defaults,0.9997951305769052,0.00020486942309435615
Ela_metadataset,NaiveBayes,0.95,Defaults,Defaults,0.9997239026781025,0.00027609732189813775
Ela_metadataset,NaiveBayes,0.95,Tuning,Defaults,0.9994386111512182,0.0005613888487822332
Ela_metadataset,NaiveBayes,0.95,Tuning,Defaults,0.9957557609406593,0.004244239059343883
Ela_metadataset,NaiveBayes,0.95,Defaults,Defaults,0.9966625995666311,0.00333740043337134
Ela_metadataset,NaiveBayes,0.95,Tuning,Defaults,0.9990299769767855,0.0009700230232146191
Ela_metadataset,NaiveBayes,0.95,Tuning,Defaults,0.9999501885349422,4.9811465060171296e-05
Ela_metadataset,NaiveBayes,0.95,Tuning,Tuning,0.0,1.0
Ela_metadataset,NaiveBayes,0.95,Tuning,Defaults,0.9964810737831574,0.0035189262168411786
Ela_metadataset,NaiveBayes,0.95,Defaults,Defaults,0.9999754530417179,2.454695828027839e-05
Ela_metadataset,NaiveBayes,0.95,Tuning,Tuning,0.08868780916858406,0.9113121908314178
Ela_metadataset,NaiveBayes,0.95,Defaults,Defaults,0.9999849603956139,1.5039604383935275e-05
Ela_metadataset,NaiveBayes,0.95,Tuning,Defaults,0.9999999999993605,6.379622231516436e-13
Ela_metadataset,NaiveBayes,0.95,Tuning,Defaults,0.9982218545248286,0.0017781454751737414
Ela_metadataset,NaiveBayes,0.95,Defaults,Defaults,0.9999880292224211,1.1970777582174228e-05
Ela_metadataset,NaiveBayes,0.95,Tuning,Defaults,0.9999998655811614,1.344188403513259e-07
Ela_metadataset,NaiveBayes,0.95,Tuning,Defaults,0.999760378927173,0.00023962107282906686
Ela_metadataset,NaiveBayes,0.95,Tuning,Defaults,0.9965574675517989,0.003442532448201448
Ela_metadataset,NaiveBayes,0.95,Tuning,Defaults,0.9992032268661296,0.0007967731338692482
Ela_metadataset,NaiveBayes,0.95,Tuning,Defaults,0.9696849886841123,0.030315011315890754
Ela_metadataset,NaiveBayes,0.95,Tuning,Defaults,0.9991373176674481,0.0008626823325489837
Ela_metadataset,NaiveBayes,0.95,Tuning,Tuning,0.20453361366931558,0.7954663863306867
Ela_metadataset,NaiveBayes,0.95,Tuning,Defaults,0.9997242928230505,0.00027570717695053185
Ela_metadataset,NaiveBayes,0.95,Tuning,Tuning,5.622038378969988e-09,0.9999999943779585
Ela_metadataset,NaiveBayes,0.95,Tuning,Defaults,0.9876178243811181,0.012382175618881554
Ela_metadataset,NaiveBayes,0.95,Defaults,Defaults,0.9998088070426232,0.00019119295738018722
Ela_metadataset,NaiveBayes,0.95,Defaults,Defaults,0.9999994867089551,5.132910461803159e-07
Ela_metadataset,NaiveBayes,0.95,Tuning,Tuning,0.00047641140474320953,0.9995235885952553
Ela_metadataset,NaiveBayes,0.95,Tuning,Defaults,1.0,0.0
Ela_metadataset,NaiveBayes,0.95,Tuning,Tuning,0.43071556396941824,0.5692844360305822
Ela_metadataset,NaiveBayes,0.95,Defaults,Defaults,1.0,3.1003286158351113e-86
Ela_metadataset,NaiveBayes,0.95,Tuning,Defaults,0.9971235874728767,0.0028764125271206684
Ela_metadataset,NaiveBayes,0.95,Defaults,Defaults,0.9999758952503629,2.4104749636003586e-05
Ela_metadataset,NaiveBayes,0.95,Tuning,Tuning,0.001151657021634782,0.9988483429783632
Ela_metadataset,NaiveBayes,0.95,Tuning,Tuning,4.1001635119323545e-09,0.9999999958998345
Ela_metadataset,NaiveBayes,0.95,Tuning,Tuning,0.0,1.0
Ela_metadataset,NaiveBayes,0.95,Tuning,Tuning,0.14369583875280456,0.8563041612471959
Ela_metadataset,NaiveBayes,0.95,Tuning,Defaults,0.5354937667512216,0.46450623324877677
Ela_metadataset,NaiveBayes,0.95,Tuning,Defaults,0.9993744755935112,0.0006255244064902823
Ela_metadataset,NaiveBayes,0.95,Tuning,Defaults,0.963719121231511,0.03628087876849154
Ela_metadataset,NaiveBayes,0.95,Tuning,Defaults,0.9989568583225269,0.0010431416774734795
Ela_metadataset,NaiveBayes,0.95,Tuning,Defaults,0.999328799889466,0.0006712001105371296
Ela_metadataset,NaiveBayes,0.95,Tuning,Defaults,0.8102748214526935,0.18972517854730986
Ela_metadataset,NaiveBayes,0.95,Defaults,Tuning,6.664812841614168e-14,0.999999999999929
Ela_metadataset,NaiveBayes,0.95,Tuning,Tuning,0.009309324026387449,0.9906906759736113
Ela_metadataset,NaiveBayes,0.95,Tuning,Tuning,3.19378197277125e-06,0.9999968062180271
Ela_metadataset,NaiveBayes,0.95,Defaults,Defaults,0.988536141464677,0.01146385853532134
Ela_metadataset,NaiveBayes,0.95,Tuning,Defaults,0.9840341033982806,0.015965896601722186
Ela_metadataset,NaiveBayes,0.95,Tuning,Defaults,0.8375218202865002,0.16247817971350273
Ela_metadataset,NaiveBayes,0.95,Tuning,Tuning,8.555505920056947e-13,0.9999999999991473
Ela_metadataset,NaiveBayes,0.95,Tuning,Defaults,0.9994276506425643,0.0005723493574345677
Ela_metadataset,NaiveBayes,0.95,Tuning,Tuning,1.702932058287784e-07,0.999999829706795
Ela_metadataset,NaiveBayes,0.95,Tuning,Tuning,0.0,1.0
Ela_metadataset,NaiveBayes,0.95,Tuning,Defaults,0.98647726393763,0.013522736062371015
Ela_metadataset,NaiveBayes,0.95,Tuning,Defaults,0.9640414915635911,0.03595850843641164
Ela_metadataset,NaiveBayes,0.95,Tuning,Defaults,0.984638012944184,0.015361987055816057
Ela_metadataset,NaiveBayes,0.95,Defaults,Defaults,0.9845545413250033,0.015445458674994328
Ela_metadataset,NaiveBayes,0.95,Tuning,Defaults,0.998731618952226,0.0012683810477742904
Ela_metadataset,NaiveBayes,0.95,Defaults,Defaults,0.9999889852201603,1.101477984076182e-05
Ela_metadataset,NaiveBayes,0.95,Tuning,Defaults,0.9946247056684385,0.005375294331557975
Ela_metadataset,NaiveBayes,0.95,Tuning,Defaults,0.9399688630605533,0.060031136939444465
Ela_metadataset,NaiveBayes,0.95,Tuning,Defaults,0.9963760605817631,0.003623939418239148
Ela_metadataset,NaiveBayes,0.95,Tuning,Defaults,0.9998981084807824,0.00010189151921763237
Ela_metadataset,NaiveBayes,0.95,Tuning,Defaults,0.9997933551174022,0.0002066448825960817
Ela_metadataset,NaiveBayes,0.95,Defaults,Defaults,0.9998435361289205,0.00015646387108064975
Ela_metadataset,NaiveBayes,0.95,Tuning,Defaults,0.9997303544328566,0.00026964556714584407
Ela_metadataset,NaiveBayes,0.95,Defaults,Defaults,0.9986066608661706,0.0013933391338289995
Ela_metadataset,NaiveBayes,0.95,Defaults,Defaults,0.9966996286537338,0.0033003713462692614
Ela_metadataset,NaiveBayes,0.95,Defaults,Defaults,0.9999486894148396,5.131058516091031e-05
Ela_metadataset,NaiveBayes,0.95,Defaults,Defaults,0.9998259155330699,0.00017408446693166116
Ela_metadataset,NaiveBayes,0.95,Tuning,Defaults,0.8825301837036502,0.11746981629634728
Ela_metadataset,NaiveBayes,0.95,Tuning,Defaults,0.9995495758838606,0.00045042411613821
Ela_metadataset,NaiveBayes,0.95,Tuning,Defaults,0.9999996009746198,3.990253767564288e-07
Ela_metadataset,NaiveBayes,0.95,Defaults,Defaults,0.9790655776465522,0.020934422353443758
Ela_metadataset,NaiveBayes,0.95,Defaults,Tuning,4.305228261574216e-44,1.0
Ela_metadataset,NaiveBayes,0.95,Defaults,Defaults,0.9994010597445672,0.0005989402554306504
Ela_metadataset,NaiveBayes,0.95,Defaults,Defaults,0.9999442227921813,5.5777207817376695e-05
Ela_metadataset,NaiveBayes,0.95,Tuning,Defaults,0.9996919739131567,0.0003080260868435118
Ela_metadataset,NaiveBayes,0.95,Tuning,Defaults,0.9999997509621633,2.490378427937391e-07
Ela_metadataset,NaiveBayes,0.95,Defaults,Defaults,0.9999248024603842,7.519753961484114e-05
Ela_metadataset,NaiveBayes,0.95,Tuning,Defaults,0.9992696520588856,0.00073034794111245
Ela_metadataset,NaiveBayes,0.95,Defaults,Defaults,0.9996266711135903,0.0003733288864079192
Ela_metadataset,NaiveBayes,0.95,Tuning,Defaults,0.5950904673403988,0.404909532659604
Ela_metadataset,NaiveBayes,0.95,Tuning,Defaults,0.9942785181648848,0.005721481835112013
Ela_metadataset,NaiveBayes,0.95,Defaults,Defaults,0.984319205660437,0.01568079433956096
Ela_metadataset,NaiveBayes,0.95,Tuning,Defaults,0.9993314531157619,0.0006685468842353794
Ela_metadataset,NaiveBayes,0.95,Defaults,Defaults,0.999985116713288,1.4883286710016305e-05
Ela_metadataset,NaiveBayes,0.95,Tuning,Tuning,0.00020743060758778657,0.9997925693924108
Ela_metadataset,NaiveBayes,0.95,Tuning,Tuning,0.00028298857266100626,0.9997170114273403
Ela_metadataset,NaiveBayes,0.95,Tuning,Defaults,0.9803216109469259,0.01967838905307628
Ela_metadataset,NaiveBayes,0.95,Defaults,Defaults,0.9441513311398546,0.05584866886014401
Ela_metadataset,NaiveBayes,0.95,Tuning,Tuning,0.3119551127732426,0.6880448872267544
Ela_metadataset,NaiveBayes,0.95,Tuning,Tuning,0.0007298809380987002,0.9992701190618999
Ela_metadataset,NaiveBayes,0.95,Tuning,Defaults,0.9700086583605492,0.02999134163945082
Ela_metadataset,NaiveBayes,0.95,Defaults,Tuning,2.6300221998977626e-26,1.0
Ela_metadataset,NaiveBayes,0.95,Tuning,Tuning,2.0038129543053432e-32,1.0
Ela_metadataset,NaiveBayes,0.95,Tuning,Defaults,0.9969251828138507,0.0030748171861468064
Ela_metadataset,NaiveBayes,0.95,Tuning,Tuning,0.37829258555153283,0.621707414448467
Ela_metadataset,NaiveBayes,0.95,Tuning,Tuning,1.389762865614256e-05,0.999986102371341
Ela_metadataset,NaiveBayes,0.95,Tuning,Defaults,0.9987891550448771,0.0012108449551256186
Ela_metadataset,NaiveBayes,0.95,Tuning,Tuning,0.08685716375214958,0.9131428362478472
Ela_metadataset,NaiveBayes,0.95,Tuning,Defaults,0.6118533724392858,0.3881466275607109
Ela_metadataset,NaiveBayes,0.95,Defaults,Defaults,0.9932281037491069,0.006771896250890465
Ela_metadataset,NaiveBayes,0.95,Tuning,Tuning,0.01905793103282847,0.9809420689671732
Ela_metadataset,NaiveBayes,0.95,Tuning,Defaults,0.899220891128474,0.10077910887152272
Ela_metadataset,NaiveBayes,0.95,Tuning,Defaults,0.9464170101661245,0.05358298983387388
Ela_metadataset,NaiveBayes,0.95,Tuning,Defaults,0.9976475549287458,0.0023524450712536916
Ela_metadataset,NaiveBayes,0.95,Tuning,Tuning,2.9258191734846745e-11,0.9999999999707399
Ela_metadataset,NaiveBayes,0.95,Tuning,Defaults,0.9998742544903377,0.00012574550966193055
Ela_metadataset,NaiveBayes,0.95,Tuning,Defaults,0.9999999999989342,1.0682934072765106e-12
Ela_metadataset,NaiveBayes,0.95,Tuning,Tuning,2.2587854148931866e-06,0.9999977412145784
Ela_metadataset,NaiveBayes,0.95,Defaults,Defaults,0.9999999999998792,1.2248484533860624e-13
Ela_metadataset,NaiveBayes,0.95,Tuning,Tuning,0.0038225411136335696,0.9961774588863673
Ela_metadataset,NaiveBayes,0.95,Defaults,Defaults,0.9887819793195055,0.011218020680491578
Ela_metadataset,NaiveBayes,0.95,Tuning,Defaults,0.9793163810018546,0.02068361899814284
Ela_metadataset,NaiveBayes,0.95,Tuning,Defaults,0.9999478049591617,5.219504083568356e-05
Ela_metadataset,NaiveBayes,0.95,Tuning,Defaults,0.6199862344836492,0.38001376551635135
Ela_metadataset,NaiveBayes,0.95,Tuning,Tuning,2.6894013345928263e-15,1.0
Ela_metadataset,NaiveBayes,0.95,Defaults,Tuning,0.00016620336394056198,0.9998337966360573
Ela_metadataset,NaiveBayes,0.95,Defaults,Defaults,0.9984544187427287,0.0015455812572720197
Ela_metadataset,NaiveBayes,0.95,Tuning,Defaults,0.9847588038618028,0.015241196138197272
Ela_metadataset,NaiveBayes,0.95,Tuning,Defaults,0.9110416725517965,0.08895832744820407
Ela_metadataset,NaiveBayes,0.95,Tuning,Defaults,0.9975055667177773,0.002494433282223014
Ela_metadataset,NaiveBayes,0.95,Tuning,Defaults,0.9921199274809271,0.007880072519070493
Ela_metadataset,NaiveBayes,0.95,Tuning,Defaults,0.9994890927115676,0.0005109072884356972
Ela_metadataset,NaiveBayes,0.95,Tuning,Tuning,1.4353095066251496e-13,0.9999999999998579
Ela_metadataset,NaiveBayes,0.95,Tuning,Defaults,0.9704189229802399,0.029581077019763556
Ela_metadataset,NaiveBayes,0.95,Tuning,Defaults,0.9999942680475797,5.731952418604012e-06
Ela_metadataset,NaiveBayes,0.95,Defaults,Defaults,0.9954433692653818,0.0045566307346156815
Ela_metadataset,NaiveBayes,0.95,Tuning,Defaults,0.9997626781437808,0.00023732185621579805
Ela_metadataset,NaiveBayes,0.95,Tuning,Defaults,0.9999905642912321,9.435708767021279e-06
Ela_metadataset,NaiveBayes,0.95,Tuning,Tuning,2.9679626815368283e-08,0.9999999703203746
Ela_metadataset,NaiveBayes,0.95,Tuning,Defaults,0.9998747997290368,0.00012520027096347413
Ela_metadataset,NaiveBayes,0.95,Defaults,Tuning,0.08270847524185598,0.9172915247581453
Ela_metadataset,NaiveBayes,0.95,Tuning,Defaults,0.9317367066002686,0.06826329339973033
Ela_metadataset,NaiveBayes,0.95,Tuning,Tuning,0.3408622392730419,0.6591377607269575
Ela_metadataset,NaiveBayes,0.95,Tuning,Tuning,0.2927689940722893,0.7072310059277097
Ela_metadataset,NaiveBayes,0.95,Defaults,Defaults,0.9737611661341836,0.02623883386581871
Ela_metadataset,NaiveBayes,0.95,Tuning,Defaults,0.9243053177924939,0.07569468220750541
Ela_metadataset,NaiveBayes,0.95,Tuning,Defaults,0.9994187531325684,0.0005812468674337174
Ela_metadataset,NaiveBayes,0.95,Tuning,Tuning,0.44715725487910946,0.5528427451208927
Ela_metadataset,NaiveBayes,0.95,Defaults,Defaults,0.9999999917339721,8.266028743310484e-09
Ela_metadataset,NaiveBayes,0.95,Defaults,Defaults,0.9999861793414005,1.3820658596775973e-05
Ela_metadataset,NaiveBayes,0.95,Tuning,Defaults,0.9999829623658338,1.7037634167824536e-05
Ela_metadataset,NaiveBayes,0.95,Tuning,Defaults,0.995538953431462,0.004461046568535943
Ela_metadataset,NaiveBayes,0.95,Tuning,Defaults,0.999986854144707,1.3145855290076813e-05
Ela_metadataset,NaiveBayes,0.95,Defaults,Defaults,0.9065530794415632,0.09344692055843555
Ela_metadataset,NaiveBayes,0.95,Defaults,Tuning,0.0003684400085446811,0.9996315599914571
Ela_metadataset,NaiveBayes,0.95,Defaults,Defaults,0.9995415491425147,0.00045845085748355454
Ela_metadataset,NaiveBayes,0.95,Tuning,Defaults,0.9578712381939297,0.042128761806066894
Ela_metadataset,NaiveBayes,0.95,Defaults,Tuning,0.0,1.0
Ela_metadataset,NaiveBayes,0.95,Tuning,Defaults,0.9964707545485968,0.003529245451402798
Ela_metadataset,NaiveBayes,0.95,Tuning,Tuning,0.1043524798865602,0.8956475201134385
Ela_metadataset,NaiveBayes,0.95,Defaults,Defaults,0.9994485280525022,0.0005514719474978665
Ela_metadataset,NaiveBayes,0.95,Defaults,Defaults,0.8978881664573786,0.10211183354261809
Ela_metadataset,NaiveBayes,0.95,Tuning,Defaults,0.9859978818193619,0.014002118180638191
Ela_metadataset,NaiveBayes,0.95,Tuning,Defaults,0.9854551221444859,0.014544877855513129
Ela_metadataset,NaiveBayes,0.95,Defaults,Defaults,0.9932861597778964,0.006713840222106281
Ela_metadataset,NaiveBayes,0.95,Tuning,Defaults,0.5428364057269263,0.45716359427307246
Ela_metadataset,NaiveBayes,0.95,Tuning,Defaults,0.9988730034014678,0.0011269965985324106
Ela_metadataset,NaiveBayes,0.95,Tuning,Defaults,0.9999999999943014,5.700825189059376e-12
Ela_metadataset,NaiveBayes,0.95,Tuning,Defaults,0.8293257746325876,0.17067422536741125
Ela_metadataset,LogisticRegression,0.8,Tuning,Tuning,0.46758137623336615,0.5324186237666338
Ela_metadataset,LogisticRegression,0.8,Tuning,Tuning,0.08495346248435165,0.9150465375156484
Ela_metadataset,LogisticRegression,0.8,Defaults,Defaults,0.8542374533117058,0.14576254668829425
Ela_metadataset,LogisticRegression,0.8,Tuning,Tuning,0.10162701620558989,0.8983729837944101
Ela_metadataset,LogisticRegression,0.8,Tuning,Tuning,0.008035607842588943,0.9919643921574111
Ela_metadataset,LogisticRegression,0.8,Tuning,Tuning,0.2900059702308082,0.7099940297691918
Ela_metadataset,LogisticRegression,0.8,Tuning,Tuning,0.01451418618788447,0.9854858138121155
Ela_metadataset,LogisticRegression,0.8,Defaults,Tuning,0.2895527009840202,0.7104472990159798
Ela_metadataset,LogisticRegression,0.8,Defaults,Defaults,0.5628873857680583,0.4371126142319417
Ela_metadataset,LogisticRegression,0.8,Tuning,Tuning,0.14404315047807592,0.8559568495219241
Ela_metadataset,LogisticRegression,0.8,Tuning,Tuning,0.03396629191574507,0.9660337080842549
Ela_metadataset,LogisticRegression,0.8,Defaults,Tuning,0.31110356044062093,0.6888964395593791
Ela_metadataset,LogisticRegression,0.8,Tuning,Tuning,0.19811670184633545,0.8018832981536645
Ela_metadataset,LogisticRegression,0.8,Tuning,Defaults,0.6408498558195888,0.3591501441804112
Ela_metadataset,LogisticRegression,0.8,Tuning,Tuning,2.2310199866426572e-06,0.9999977689800134
Ela_metadataset,LogisticRegression,0.8,Tuning,Tuning,0.022753987741814585,0.9772460122581854
Ela_metadataset,LogisticRegression,0.8,Defaults,Defaults,0.8079631650627725,0.19203683493722748
Ela_metadataset,LogisticRegression,0.8,Tuning,Tuning,0.003024602720512415,0.9969753972794876
Ela_metadataset,LogisticRegression,0.8,Defaults,Tuning,0.4612589688586839,0.5387410311413161
Ela_metadataset,LogisticRegression,0.8,Tuning,Defaults,0.9393156011615902,0.06068439883840987
Ela_metadataset,LogisticRegression,0.8,Tuning,Tuning,0.46316707872513596,0.536832921274864
Ela_metadataset,LogisticRegression,0.8,Defaults,Defaults,0.5973401165387531,0.40265988346124687
Ela_metadataset,LogisticRegression,0.8,Tuning,Tuning,0.49404859507898435,0.5059514049210156
Ela_metadataset,LogisticRegression,0.8,Tuning,Tuning,0.06653274317383906,0.9334672568261609
Ela_metadataset,LogisticRegression,0.8,Tuning,Tuning,0.05624078977137403,0.943759210228626
Ela_metadataset,LogisticRegression,0.8,Tuning,Tuning,0.06682152417613263,0.9331784758238674
Ela_metadataset,LogisticRegression,0.8,Tuning,Tuning,0.024613069002810017,0.97538693099719
Ela_metadataset,LogisticRegression,0.8,Tuning,Tuning,0.04805162728772916,0.9519483727122708
Ela_metadataset,LogisticRegression,0.8,Tuning,Tuning,0.006762706680041308,0.9932372933199587
Ela_metadataset,LogisticRegression,0.8,Tuning,Tuning,0.0754086291241165,0.9245913708758835
Ela_metadataset,LogisticRegression,0.8,Tuning,Tuning,6.741832517276336e-05,0.9999325816748272
Ela_metadataset,LogisticRegression,0.8,Tuning,Tuning,0.03403326027460074,0.9659667397253993
Ela_metadataset,LogisticRegression,0.8,Defaults,Defaults,0.8916636083090909,0.1083363916909091
Ela_metadataset,LogisticRegression,0.8,Defaults,Defaults,0.7590219512395776,0.24097804876042236
Ela_metadataset,LogisticRegression,0.8,Tuning,Tuning,0.023289530376620404,0.9767104696233796
Ela_metadataset,LogisticRegression,0.8,Tuning,Tuning,0.08313894609478867,0.9168610539052113
Ela_metadataset,LogisticRegression,0.8,Tuning,Tuning,0.14377002533957173,0.8562299746604283
Ela_metadataset,LogisticRegression,0.8,Defaults,Tuning,0.0013271766024196552,0.9986728233975803
Ela_metadataset,LogisticRegression,0.8,Tuning,Tuning,0.06690943754849543,0.9330905624515046
Ela_metadataset,LogisticRegression,0.8,Defaults,Tuning,0.47692630687641235,0.5230736931235876
Ela_metadataset,LogisticRegression,0.8,Tuning,Tuning,0.021022639908201746,0.9789773600917983
Ela_metadataset,LogisticRegression,0.8,Tuning,Tuning,0.00011813913196989656,0.9998818608680301
Ela_metadataset,LogisticRegression,0.8,Tuning,Tuning,0.0036515985701426334,0.9963484014298574
Ela_metadataset,LogisticRegression,0.8,Tuning,Tuning,0.03663249615502895,0.963367503844971
Ela_metadataset,LogisticRegression,0.8,Tuning,Tuning,0.015943249737038978,0.984056750262961
Ela_metadataset,LogisticRegression,0.8,Tuning,Tuning,0.16437198345136894,0.8356280165486311
Ela_metadataset,LogisticRegression,0.8,Tuning,Tuning,0.30473133344669145,0.6952686665533085
Ela_metadataset,LogisticRegression,0.8,Tuning,Tuning,0.17101284917607273,0.8289871508239273
Ela_metadataset,LogisticRegression,0.8,Tuning,Tuning,0.4633123239902591,0.5366876760097409
Ela_metadataset,LogisticRegression,0.8,Tuning,Tuning,0.06231627870915668,0.9376837212908433
Ela_metadataset,LogisticRegression,0.8,Defaults,Defaults,0.720781973969449,0.27921802603055107
Ela_metadataset,LogisticRegression,0.8,Tuning,Tuning,0.14069442133114973,0.8593055786688503
Ela_metadataset,LogisticRegression,0.8,Tuning,Tuning,0.012103926751031113,0.9878960732489689
Ela_metadataset,LogisticRegression,0.8,Defaults,Tuning,0.15571350874280587,0.8442864912571941
Ela_metadataset,LogisticRegression,0.8,Tuning,Tuning,0.24826777569814584,0.7517322243018542
Ela_metadataset,LogisticRegression,0.8,Tuning,Defaults,0.5596612307397091,0.4403387692602909
Ela_metadataset,LogisticRegression,0.8,Tuning,Tuning,0.005671661226131941,0.9943283387738681
Ela_metadataset,LogisticRegression,0.8,Tuning,Tuning,0.3952344903187023,0.6047655096812977
Ela_metadataset,LogisticRegression,0.8,Tuning,Tuning,0.044904456276007254,0.9550955437239927
Ela_metadataset,LogisticRegression,0.8,Tuning,Tuning,0.022490475223690076,0.9775095247763099
Ela_metadataset,LogisticRegression,0.8,Tuning,Tuning,0.1137673012142062,0.8862326987857938
Ela_metadataset,LogisticRegression,0.8,Tuning,Defaults,0.5380574862458019,0.4619425137541982
Ela_metadataset,LogisticRegression,0.8,Tuning,Tuning,0.2378037715864083,0.7621962284135917
Ela_metadataset,LogisticRegression,0.8,Defaults,Defaults,0.5995952869729801,0.4004047130270198
Ela_metadataset,LogisticRegression,0.8,Tuning,Tuning,0.46134290601160743,0.5386570939883926
Ela_metadataset,LogisticRegression,0.8,Defaults,Defaults,0.7684223101194663,0.2315776898805338
Ela_metadataset,LogisticRegression,0.8,Tuning,Tuning,0.1916524614740358,0.8083475385259642
Ela_metadataset,LogisticRegression,0.8,Tuning,Tuning,0.04620191519737327,0.9537980848026267
Ela_metadataset,LogisticRegression,0.8,Tuning,Tuning,0.37183182129333336,0.6281681787066666
Ela_metadataset,LogisticRegression,0.8,Tuning,Defaults,0.5204762914400697,0.4795237085599303
Ela_metadataset,LogisticRegression,0.8,Tuning,Defaults,0.5176191671796697,0.48238083282033034
Ela_metadataset,LogisticRegression,0.8,Defaults,Tuning,0.4024199298847789,0.5975800701152211
Ela_metadataset,LogisticRegression,0.8,Tuning,Tuning,0.36351780914179044,0.6364821908582096
Ela_metadataset,LogisticRegression,0.8,Defaults,Tuning,0.39381258777714956,0.6061874122228504
Ela_metadataset,LogisticRegression,0.8,Defaults,Tuning,0.3003175820821995,0.6996824179178005
Ela_metadataset,LogisticRegression,0.8,Defaults,Tuning,0.16859557984479667,0.8314044201552033
Ela_metadataset,LogisticRegression,0.8,Defaults,Defaults,0.6625279183728714,0.33747208162712866
Ela_metadataset,LogisticRegression,0.8,Tuning,Tuning,0.01681202327200315,0.9831879767279968
Ela_metadataset,LogisticRegression,0.8,Tuning,Tuning,0.011579022136169903,0.9884209778638301
Ela_metadataset,LogisticRegression,0.8,Tuning,Tuning,0.1257051229200905,0.8742948770799095
Ela_metadataset,LogisticRegression,0.8,Defaults,Tuning,0.4574476733198465,0.5425523266801535
Ela_metadataset,LogisticRegression,0.8,Defaults,Tuning,0.04109222621467867,0.9589077737853213
Ela_metadataset,LogisticRegression,0.8,Defaults,Defaults,0.6347027723565506,0.3652972276434494
Ela_metadataset,LogisticRegression,0.8,Defaults,Defaults,0.787963537900578,0.21203646209942198
Ela_metadataset,LogisticRegression,0.8,Tuning,Tuning,0.23588319851286887,0.7641168014871311
Ela_metadataset,LogisticRegression,0.8,Tuning,Defaults,0.605081024567409,0.3949189754325911
Ela_metadataset,LogisticRegression,0.8,Defaults,Defaults,0.9211533604126517,0.07884663958734824
Ela_metadataset,LogisticRegression,0.8,Tuning,Tuning,0.11731712027185859,0.8826828797281414
Ela_metadataset,LogisticRegression,0.8,Defaults,Tuning,0.25286461417749984,0.7471353858225002
Ela_metadataset,LogisticRegression,0.8,Tuning,Tuning,0.00853369502945589,0.9914663049705441
Ela_metadataset,LogisticRegression,0.8,Tuning,Tuning,0.20552719579680767,0.7944728042031923
Ela_metadataset,LogisticRegression,0.8,Defaults,Defaults,0.8736483160993131,0.12635168390068688
Ela_metadataset,LogisticRegression,0.8,Tuning,Tuning,0.24465205096139242,0.7553479490386076
Ela_metadataset,LogisticRegression,0.8,Defaults,Defaults,0.5552645330708623,0.44473546692913773
Ela_metadataset,LogisticRegression,0.8,Tuning,Tuning,0.06069678947512236,0.9393032105248776
Ela_metadataset,LogisticRegression,0.8,Tuning,Tuning,0.06669013279331404,0.933309867206686
Ela_metadataset,LogisticRegression,0.8,Tuning,Tuning,0.24886476321013684,0.7511352367898632
Ela_metadataset,LogisticRegression,0.8,Defaults,Tuning,0.1531718030145035,0.8468281969854965
Ela_metadataset,LogisticRegression,0.8,Tuning,Tuning,0.01311428582530072,0.9868857141746993
Ela_metadataset,LogisticRegression,0.8,Tuning,Tuning,0.31195249464782326,0.6880475053521767
Ela_metadataset,LogisticRegression,0.8,Tuning,Tuning,0.03533051466641224,0.9646694853335878
Ela_metadataset,LogisticRegression,0.8,Defaults,Tuning,0.04158716462724865,0.9584128353727513
Ela_metadataset,LogisticRegression,0.8,Tuning,Tuning,0.003893749506631572,0.9961062504933684
Ela_metadataset,LogisticRegression,0.8,Tuning,Tuning,0.20819058528088807,0.7918094147191119
Ela_metadataset,LogisticRegression,0.8,Tuning,Tuning,0.002360112545313875,0.9976398874546861
Ela_metadataset,LogisticRegression,0.8,Tuning,Tuning,0.019022180550043566,0.9809778194499564
Ela_metadataset,LogisticRegression,0.8,Tuning,Defaults,0.7790535355590793,0.22094646444092067
Ela_metadataset,LogisticRegression,0.8,Tuning,Defaults,0.6096063488378196,0.39039365116218033
Ela_metadataset,LogisticRegression,0.8,Tuning,Tuning,0.017207273752704255,0.9827927262472957
Ela_metadataset,LogisticRegression,0.8,Defaults,Tuning,0.476581671835419,0.523418328164581
Ela_metadataset,LogisticRegression,0.8,Tuning,Tuning,0.021066743710422275,0.9789332562895777
Ela_metadataset,LogisticRegression,0.8,Tuning,Tuning,0.15472369374504813,0.8452763062549519
Ela_metadataset,LogisticRegression,0.8,Tuning,Tuning,0.3104793389965501,0.6895206610034499
Ela_metadataset,LogisticRegression,0.8,Tuning,Tuning,0.16037543689943778,0.8396245631005622
Ela_metadataset,LogisticRegression,0.8,Tuning,Tuning,0.00011947322410110761,0.9998805267758989
Ela_metadataset,LogisticRegression,0.8,Tuning,Tuning,0.1301288867236321,0.8698711132763679
Ela_metadataset,LogisticRegression,0.8,Tuning,Defaults,0.9616280235494246,0.038371976450575385
Ela_metadataset,LogisticRegression,0.8,Tuning,Tuning,0.10528813502439982,0.8947118649756002
Ela_metadataset,LogisticRegression,0.8,Defaults,Defaults,0.9361332052620076,0.06386679473799242
Ela_metadataset,LogisticRegression,0.8,Tuning,Tuning,0.0002817949872006009,0.9997182050127994
Ela_metadataset,LogisticRegression,0.8,Defaults,Tuning,0.09125677104457308,0.9087432289554269
Ela_metadataset,LogisticRegression,0.8,Tuning,Tuning,0.012092680008390033,0.98790731999161
Ela_metadataset,LogisticRegression,0.8,Tuning,Defaults,0.5151173604509185,0.4848826395490815
Ela_metadataset,LogisticRegression,0.8,Tuning,Tuning,0.006502774842649051,0.993497225157351
Ela_metadataset,LogisticRegression,0.8,Tuning,Tuning,0.02204956976955219,0.9779504302304478
Ela_metadataset,LogisticRegression,0.8,Defaults,Tuning,0.0873315383186497,0.9126684616813503
Ela_metadataset,LogisticRegression,0.8,Defaults,Defaults,0.5772589132768249,0.4227410867231751
Ela_metadataset,LogisticRegression,0.8,Tuning,Tuning,0.0815295142899033,0.9184704857100967
Ela_metadataset,LogisticRegression,0.8,Tuning,Tuning,0.16039805970609833,0.8396019402939017
Ela_metadataset,LogisticRegression,0.8,Tuning,Defaults,0.5230898647727842,0.47691013522721576
Ela_metadataset,LogisticRegression,0.8,Tuning,Tuning,0.4087640446754912,0.5912359553245088
Ela_metadataset,LogisticRegression,0.8,Tuning,Tuning,0.09455324874899262,0.9054467512510074
Ela_metadataset,LogisticRegression,0.8,Tuning,Tuning,0.029237025899474856,0.9707629741005251
Ela_metadataset,LogisticRegression,0.8,Tuning,Tuning,0.05267519768295825,0.9473248023170417
Ela_metadataset,LogisticRegression,0.8,Tuning,Tuning,0.34393973002668543,0.6560602699733146
Ela_metadataset,LogisticRegression,0.8,Defaults,Tuning,0.1367412864338966,0.8632587135661034
Ela_metadataset,LogisticRegression,0.8,Tuning,Tuning,0.3642673933538563,0.6357326066461437
Ela_metadataset,LogisticRegression,0.8,Tuning,Defaults,0.6030012537917839,0.3969987462082161
Ela_metadataset,LogisticRegression,0.8,Tuning,Tuning,0.06289525389010686,0.9371047461098931
Ela_metadataset,LogisticRegression,0.8,Tuning,Tuning,0.3561967600070305,0.6438032399929695
Ela_metadataset,LogisticRegression,0.8,Defaults,Tuning,0.10352845900836416,0.8964715409916358
Ela_metadataset,LogisticRegression,0.8,Tuning,Tuning,0.015381646824662476,0.9846183531753375
Ela_metadataset,LogisticRegression,0.8,Tuning,Tuning,0.0403134468588372,0.9596865531411628
Ela_metadataset,LogisticRegression,0.8,Tuning,Tuning,0.00172452955013902,0.998275470449861
Ela_metadataset,LogisticRegression,0.8,Defaults,Tuning,0.026705857174119663,0.9732941428258803
Ela_metadataset,LogisticRegression,0.8,Tuning,Tuning,0.0985603785258512,0.9014396214741488
Ela_metadataset,LogisticRegression,0.8,Tuning,Tuning,0.1908426314644931,0.8091573685355069
Ela_metadataset,LogisticRegression,0.8,Tuning,Tuning,0.022284105010450195,0.9777158949895498
Ela_metadataset,LogisticRegression,0.8,Defaults,Defaults,0.947816917095782,0.05218308290421804
Ela_metadataset,LogisticRegression,0.8,Defaults,Defaults,0.7563295000483912,0.2436704999516088
Ela_metadataset,LogisticRegression,0.8,Tuning,Defaults,0.991716630110282,0.00828336988971798
Ela_metadataset,LogisticRegression,0.8,Tuning,Tuning,0.09969413629606849,0.9003058637039315
Ela_metadataset,LogisticRegression,0.8,Tuning,Tuning,0.08085557953809497,0.919144420461905
Ela_metadataset,LogisticRegression,0.8,Defaults,Tuning,0.2062228828828775,0.7937771171171225
Ela_metadataset,LogisticRegression,0.8,Defaults,Tuning,0.3437719314330113,0.6562280685669887
Ela_metadataset,LogisticRegression,0.8,Defaults,Defaults,0.8035125156688111,0.19648748433118893
Ela_metadataset,LogisticRegression,0.8,Tuning,Tuning,0.05503624048479294,0.9449637595152071
Ela_metadataset,LogisticRegression,0.8,Defaults,Tuning,4.972600109454106e-11,0.999999999950274
Ela_metadataset,LogisticRegression,0.8,Tuning,Tuning,0.3581070260581458,0.6418929739418542
Ela_metadataset,LogisticRegression,0.8,Tuning,Tuning,0.02074832128279802,0.979251678717202
Ela_metadataset,LogisticRegression,0.8,Defaults,Tuning,0.44612771913955485,0.5538722808604452
Ela_metadataset,LogisticRegression,0.8,Defaults,Tuning,0.19581353867877427,0.8041864613212257
Ela_metadataset,LogisticRegression,0.8,Tuning,Tuning,0.2447037537130643,0.7552962462869357
Ela_metadataset,LogisticRegression,0.8,Tuning,Defaults,0.6672502212222272,0.3327497787777728
Ela_metadataset,LogisticRegression,0.8,Defaults,Tuning,0.1054146729481854,0.8945853270518146
Ela_metadataset,LogisticRegression,0.8,Tuning,Tuning,0.010055776809530403,0.9899442231904696
Ela_metadataset,LogisticRegression,0.8,Tuning,Tuning,0.37694705930759964,0.6230529406924004
Ela_metadataset,LogisticRegression,0.8,Tuning,Tuning,0.17168023487190254,0.8283197651280975
Ela_metadataset,LogisticRegression,0.8,Tuning,Tuning,0.023438307330028052,0.976561692669972
Ela_metadataset,LogisticRegression,0.85,Tuning,Tuning,0.22362996477744956,0.7763700352225504
Ela_metadataset,LogisticRegression,0.85,Tuning,Tuning,0.06411108204466065,0.9358889179553394
Ela_metadataset,LogisticRegression,0.85,Defaults,Defaults,0.9149635874292186,0.08503641257078139
Ela_metadataset,LogisticRegression,0.85,Tuning,Tuning,0.05363765006958754,0.9463623499304125
Ela_metadataset,LogisticRegression,0.85,Tuning,Tuning,0.006599048468048263,0.9934009515319517
Ela_metadataset,LogisticRegression,0.85,Tuning,Tuning,0.22001176654696142,0.7799882334530386
Ela_metadataset,LogisticRegression,0.85,Tuning,Tuning,0.015080975704214739,0.9849190242957853
Ela_metadataset,LogisticRegression,0.85,Defaults,Tuning,0.3097075035213196,0.6902924964786804
Ela_metadataset,LogisticRegression,0.85,Defaults,Defaults,0.5607299166953579,0.4392700833046422
Ela_metadataset,LogisticRegression,0.85,Tuning,Tuning,0.15190817525506284,0.8480918247449372
Ela_metadataset,LogisticRegression,0.85,Tuning,Tuning,0.027799880345505512,0.9722001196544945
Ela_metadataset,LogisticRegression,0.85,Defaults,Tuning,0.4384484786196048,0.5615515213803952
Ela_metadataset,LogisticRegression,0.85,Tuning,Tuning,0.20592470012623298,0.794075299873767
Ela_metadataset,LogisticRegression,0.85,Tuning,Defaults,0.6733666589520358,0.32663334104796415
Ela_metadataset,LogisticRegression,0.85,Tuning,Tuning,5.939867024906675e-07,0.9999994060132975
Ela_metadataset,LogisticRegression,0.85,Tuning,Tuning,0.03403412373594916,0.9659658762640508
Ela_metadataset,LogisticRegression,0.85,Defaults,Defaults,0.7297128510262814,0.27028714897371864
Ela_metadataset,LogisticRegression,0.85,Tuning,Tuning,0.005540345602865537,0.9944596543971345
Ela_metadataset,LogisticRegression,0.85,Defaults,Defaults,0.5651532510799013,0.43484674892009867
Ela_metadataset,LogisticRegression,0.85,Tuning,Defaults,0.930774000571429,0.06922599942857104
Ela_metadataset,LogisticRegression,0.85,Tuning,Defaults,0.7234889088231012,0.27651109117689876
Ela_metadataset,LogisticRegression,0.85,Defaults,Defaults,0.5837644772744986,0.41623552272550135
Ela_metadataset,LogisticRegression,0.85,Tuning,Defaults,0.6728300604693455,0.32716993953065454
Ela_metadataset,LogisticRegression,0.85,Tuning,Tuning,0.08357534021130308,0.9164246597886969
Ela_metadataset,LogisticRegression,0.85,Tuning,Tuning,0.07137648493315829,0.9286235150668417
Ela_metadataset,LogisticRegression,0.85,Tuning,Tuning,0.04917490948531211,0.9508250905146879
Ela_metadataset,LogisticRegression,0.85,Tuning,Tuning,0.01784056848410187,0.9821594315158981
Ela_metadataset,LogisticRegression,0.85,Tuning,Tuning,0.035050561721233886,0.9649494382787661
Ela_metadataset,LogisticRegression,0.85,Tuning,Tuning,0.004875186206765192,0.9951248137932348
Ela_metadataset,LogisticRegression,0.85,Tuning,Tuning,0.09189256890875497,0.908107431091245
Ela_metadataset,LogisticRegression,0.85,Tuning,Tuning,5.50443253809485e-05,0.999944955674619
Ela_metadataset,LogisticRegression,0.85,Tuning,Tuning,0.02731503807662672,0.9726849619233733
Ela_metadataset,LogisticRegression,0.85,Defaults,Defaults,0.9699917710505549,0.030008228949445107
Ela_metadataset,LogisticRegression,0.85,Defaults,Defaults,0.8692453855721796,0.1307546144278205
Ela_metadataset,LogisticRegression,0.85,Tuning,Tuning,0.01652123487431867,0.9834787651256813
Ela_metadataset,LogisticRegression,0.85,Tuning,Tuning,0.037178272954921376,0.9628217270450786
Ela_metadataset,LogisticRegression,0.85,Tuning,Tuning,0.20759972158170525,0.7924002784182947
Ela_metadataset,LogisticRegression,0.85,Defaults,Tuning,0.019088659764572524,0.9809113402354275
Ela_metadataset,LogisticRegression,0.85,Tuning,Tuning,0.047998458225105955,0.952001541774894
Ela_metadataset,LogisticRegression,0.85,Defaults,Tuning,0.21772069692348373,0.7822793030765163
Ela_metadataset,LogisticRegression,0.85,Tuning,Tuning,0.04476012909110283,0.9552398709088972
Ela_metadataset,LogisticRegression,0.85,Tuning,Tuning,0.00014658519919774626,0.9998534148008023
Ela_metadataset,LogisticRegression,0.85,Tuning,Tuning,0.0016928799038264941,0.9983071200961735
Ela_metadataset,LogisticRegression,0.85,Tuning,Tuning,0.047301507497648165,0.9526984925023518
Ela_metadataset,LogisticRegression,0.85,Tuning,Tuning,0.005595099566457873,0.9944049004335421
Ela_metadataset,LogisticRegression,0.85,Tuning,Tuning,0.16840198555363883,0.8315980144463612
Ela_metadataset,LogisticRegression,0.85,Tuning,Tuning,0.17556006577184569,0.8244399342281543
Ela_metadataset,LogisticRegression,0.85,Tuning,Tuning,0.09378339901300736,0.9062166009869926
Ela_metadataset,LogisticRegression,0.85,Tuning,Tuning,0.3506731396174225,0.6493268603825775
Ela_metadataset,LogisticRegression,0.85,Tuning,Tuning,0.04542583227574848,0.9545741677242515
Ela_metadataset,LogisticRegression,0.85,Defaults,Defaults,0.9180581865964786,0.08194181340352139
Ela_metadataset,LogisticRegression,0.85,Tuning,Tuning,0.10517761206330267,0.8948223879366973
Ela_metadataset,LogisticRegression,0.85,Tuning,Tuning,0.009781960599885564,0.9902180394001144
Ela_metadataset,LogisticRegression,0.85,Defaults,Tuning,0.05902677787337263,0.9409732221266274
Ela_metadataset,LogisticRegression,0.85,Tuning,Tuning,0.22143334639007695,0.778566653609923
Ela_metadataset,LogisticRegression,0.85,Tuning,Defaults,0.6470568835048279,0.35294311649517207
Ela_metadataset,LogisticRegression,0.85,Tuning,Tuning,0.003777999591896508,0.9962220004081035
Ela_metadataset,LogisticRegression,0.85,Tuning,Tuning,0.47933347214308075,0.5206665278569192
Ela_metadataset,LogisticRegression,0.85,Tuning,Tuning,0.06775859680769891,0.9322414031923011
Ela_metadataset,LogisticRegression,0.85,Tuning,Tuning,0.032631336184553494,0.9673686638154465
Ela_metadataset,LogisticRegression,0.85,Tuning,Tuning,0.03832416505731384,0.9616758349426862
Ela_metadataset,LogisticRegression,0.85,Tuning,Defaults,0.6538188704140395,0.34618112958596053
Ela_metadataset,LogisticRegression,0.85,Tuning,Tuning,0.14390110523037491,0.8560988947696251
Ela_metadataset,LogisticRegression,0.85,Defaults,Tuning,0.45221364370978234,0.5477863562902177
Ela_metadataset,LogisticRegression,0.85,Tuning,Tuning,0.4156625819733082,0.5843374180266918
Ela_metadataset,LogisticRegression,0.85,Defaults,Defaults,0.8563679203746177,0.14363207962538227
Ela_metadataset,LogisticRegression,0.85,Tuning,Tuning,0.1916761964674285,0.8083238035325715
Ela_metadataset,LogisticRegression,0.85,Tuning,Tuning,0.018687243235740336,0.9813127567642597
Ela_metadataset,LogisticRegression,0.85,Tuning,Tuning,0.2728764986791865,0.7271235013208135
Ela_metadataset,LogisticRegression,0.85,Tuning,Defaults,0.5474878605384168,0.45251213946158314
Ela_metadataset,LogisticRegression,0.85,Tuning,Defaults,0.5952046609609409,0.404795339039059
Ela_metadataset,LogisticRegression,0.85,Defaults,Defaults,0.5066644857228584,0.4933355142771417
Ela_metadataset,LogisticRegression,0.85,Tuning,Tuning,0.33340403146209907,0.6665959685379009
Ela_metadataset,LogisticRegression,0.85,Defaults,Tuning,0.32656070704833295,0.673439292951667
Ela_metadataset,LogisticRegression,0.85,Defaults,Tuning,0.35347942471102267,0.6465205752889773
Ela_metadataset,LogisticRegression,0.85,Defaults,Tuning,0.21849778079430793,0.7815022192056921
Ela_metadataset,LogisticRegression,0.85,Defaults,Defaults,0.6122506834327472,0.3877493165672528
Ela_metadataset,LogisticRegression,0.85,Tuning,Tuning,0.008646560297468464,0.9913534397025315
Ela_metadataset,LogisticRegression,0.85,Tuning,Tuning,0.010522610434308022,0.989477389565692
Ela_metadataset,LogisticRegression,0.85,Tuning,Tuning,0.10321980745180304,0.896780192548197
Ela_metadataset,LogisticRegression,0.85,Defaults,Tuning,0.42207523210218123,0.5779247678978188
Ela_metadataset,LogisticRegression,0.85,Defaults,Tuning,0.02778789460612452,0.9722121053938755
Ela_metadataset,LogisticRegression,0.85,Defaults,Defaults,0.6012070239160165,0.39879297608398345
Ela_metadataset,LogisticRegression,0.85,Defaults,Defaults,0.8477394039978506,0.1522605960021494
Ela_metadataset,LogisticRegression,0.85,Tuning,Tuning,0.3834652995156653,0.6165347004843347
Ela_metadataset,LogisticRegression,0.85,Tuning,Defaults,0.5780052429712024,0.4219947570287976
Ela_metadataset,LogisticRegression,0.85,Defaults,Defaults,0.9711325086931093,0.028867491306890685
Ela_metadataset,LogisticRegression,0.85,Tuning,Tuning,0.11054441683983662,0.8894555831601634
Ela_metadataset,LogisticRegression,0.85,Defaults,Tuning,0.4372755059150437,0.5627244940849563
Ela_metadataset,LogisticRegression,0.85,Tuning,Tuning,0.005979024400862842,0.9940209755991372
Ela_metadataset,LogisticRegression,0.85,Tuning,Tuning,0.13787275531361654,0.8621272446863835
Ela_metadataset,LogisticRegression,0.85,Defaults,Defaults,0.9053908176235679,0.09460918237643211
Ela_metadataset,LogisticRegression,0.85,Tuning,Tuning,0.37085797418296584,0.6291420258170342
Ela_metadataset,LogisticRegression,0.85,Defaults,Defaults,0.8945793601399992,0.10542063986000087
Ela_metadataset,LogisticRegression,0.85,Tuning,Tuning,0.07012314352052118,0.9298768564794788
Ela_metadataset,LogisticRegression,0.85,Tuning,Tuning,0.05939479423200622,0.9406052057679938
Ela_metadataset,LogisticRegression,0.85,Tuning,Tuning,0.28730344330657354,0.7126965566934265
Ela_metadataset,LogisticRegression,0.85,Defaults,Tuning,0.10414769559733628,0.8958523044026637
Ela_metadataset,LogisticRegression,0.85,Tuning,Tuning,0.008085251551498196,0.9919147484485018
Ela_metadataset,LogisticRegression,0.85,Tuning,Tuning,0.27450423328727447,0.7254957667127255
Ela_metadataset,LogisticRegression,0.85,Tuning,Tuning,0.025477999353420877,0.9745220006465791
Ela_metadataset,LogisticRegression,0.85,Defaults,Tuning,0.048089163109716004,0.951910836890284
Ela_metadataset,LogisticRegression,0.85,Tuning,Tuning,0.007806446723154892,0.9921935532768451
Ela_metadataset,LogisticRegression,0.85,Tuning,Tuning,0.4244002273389994,0.5755997726610006
Ela_metadataset,LogisticRegression,0.85,Tuning,Tuning,0.002521129979966452,0.9974788700200335
Ela_metadataset,LogisticRegression,0.85,Tuning,Tuning,0.013244011360396324,0.9867559886396037
Ela_metadataset,LogisticRegression,0.85,Tuning,Defaults,0.5966414074588662,0.4033585925411339
Ela_metadataset,LogisticRegression,0.85,Tuning,Tuning,0.457661895278773,0.542338104721227
Ela_metadataset,LogisticRegression,0.85,Tuning,Tuning,0.010121361966670128,0.9898786380333299
Ela_metadataset,LogisticRegression,0.85,Defaults,Tuning,0.3381292012388928,0.6618707987611072
Ela_metadataset,LogisticRegression,0.85,Tuning,Tuning,0.012289114956227531,0.9877108850437725
Ela_metadataset,LogisticRegression,0.85,Tuning,Tuning,0.09590768379389292,0.9040923162061071
Ela_metadataset,LogisticRegression,0.85,Tuning,Tuning,0.18092235374620413,0.8190776462537959
Ela_metadataset,LogisticRegression,0.85,Tuning,Tuning,0.1696468601954465,0.8303531398045535
Ela_metadataset,LogisticRegression,0.85,Tuning,Tuning,2.189412856845596e-05,0.9999781058714315
Ela_metadataset,LogisticRegression,0.85,Tuning,Tuning,0.12238444428034079,0.8776155557196592
Ela_metadataset,LogisticRegression,0.85,Tuning,Defaults,0.9262618348606012,0.07373816513939882
Ela_metadataset,LogisticRegression,0.85,Tuning,Tuning,0.19285795256277294,0.8071420474372271
Ela_metadataset,LogisticRegression,0.85,Defaults,Defaults,0.9952727493310833,0.004727250668916664
Ela_metadataset,LogisticRegression,0.85,Tuning,Tuning,0.00010458600830409726,0.9998954139916959
Ela_metadataset,LogisticRegression,0.85,Defaults,Tuning,0.08197276714268331,0.9180272328573167
Ela_metadataset,LogisticRegression,0.85,Tuning,Tuning,0.010662649263057267,0.9893373507369427
Ela_metadataset,LogisticRegression,0.85,Tuning,Defaults,0.6386369555577722,0.3613630444422278
Ela_metadataset,LogisticRegression,0.85,Tuning,Tuning,0.008225244948684818,0.9917747550513152
Ela_metadataset,LogisticRegression,0.85,Tuning,Tuning,0.02932409972976846,0.9706759002702315
Ela_metadataset,LogisticRegression,0.85,Defaults,Tuning,0.17178244298916856,0.8282175570108314
Ela_metadataset,LogisticRegression,0.85,Defaults,Defaults,0.6369347619375385,0.36306523806246144
Ela_metadataset,LogisticRegression,0.85,Tuning,Tuning,0.07545268767512647,0.9245473123248735
Ela_metadataset,LogisticRegression,0.85,Tuning,Tuning,0.11541602007315499,0.884583979926845
Ela_metadataset,LogisticRegression,0.85,Tuning,Tuning,0.41160523126537074,0.5883947687346293
Ela_metadataset,LogisticRegression,0.85,Tuning,Tuning,0.3512369245038651,0.6487630754961349
Ela_metadataset,LogisticRegression,0.85,Tuning,Tuning,0.08217210161440558,0.9178278983855944
Ela_metadataset,LogisticRegression,0.85,Tuning,Tuning,0.0726096231163279,0.9273903768836721
Ela_metadataset,LogisticRegression,0.85,Tuning,Tuning,0.05281073854713925,0.9471892614528608
Ela_metadataset,LogisticRegression,0.85,Tuning,Tuning,0.30986065084110825,0.6901393491588917
Ela_metadataset,LogisticRegression,0.85,Defaults,Tuning,0.1847081184385433,0.8152918815614567
Ela_metadataset,LogisticRegression,0.85,Tuning,Tuning,0.23528465741231974,0.7647153425876803
Ela_metadataset,LogisticRegression,0.85,Tuning,Defaults,0.6187728486606718,0.3812271513393282
Ela_metadataset,LogisticRegression,0.85,Tuning,Tuning,0.0730448460470815,0.9269551539529185
Ela_metadataset,LogisticRegression,0.85,Tuning,Tuning,0.40396507590129227,0.5960349240987077
Ela_metadataset,LogisticRegression,0.85,Defaults,Tuning,0.23871793444222278,0.7612820655577772
Ela_metadataset,LogisticRegression,0.85,Tuning,Tuning,0.02258690040171929,0.9774130995982807
Ela_metadataset,LogisticRegression,0.85,Tuning,Tuning,0.04315802728427531,0.9568419727157247
Ela_metadataset,LogisticRegression,0.85,Tuning,Tuning,0.002447296807933763,0.9975527031920662
Ela_metadataset,LogisticRegression,0.85,Defaults,Tuning,0.040950695917639446,0.9590493040823606
Ela_metadataset,LogisticRegression,0.85,Tuning,Tuning,0.07849130842211771,0.9215086915778823
Ela_metadataset,LogisticRegression,0.85,Tuning,Tuning,0.23498924918485142,0.7650107508151486
Ela_metadataset,LogisticRegression,0.85,Tuning,Tuning,0.016838853352137084,0.9831611466478629
Ela_metadataset,LogisticRegression,0.85,Defaults,Defaults,0.9788114024006852,0.021188597599314764
Ela_metadataset,LogisticRegression,0.85,Defaults,Defaults,0.811019381995842,0.18898061800415794
Ela_metadataset,LogisticRegression,0.85,Tuning,Defaults,0.989048067411678,0.010951932588322081
Ela_metadataset,LogisticRegression,0.85,Tuning,Tuning,0.0659849713813283,0.9340150286186717
Ela_metadataset,LogisticRegression,0.85,Tuning,Tuning,0.041723508702430134,0.9582764912975699
Ela_metadataset,LogisticRegression,0.85,Defaults,Tuning,0.16083655910098205,0.839163440899018
Ela_metadataset,LogisticRegression,0.85,Defaults,Tuning,0.1841242961588686,0.8158757038411314
Ela_metadataset,LogisticRegression,0.85,Defaults,Defaults,0.6690780268199814,0.33092197318001865
Ela_metadataset,LogisticRegression,0.85,Tuning,Tuning,0.03171853944891212,0.9682814605510879
Ela_metadataset,LogisticRegression,0.85,Defaults,Tuning,4.6069814629845496e-12,0.999999999995393
Ela_metadataset,LogisticRegression,0.85,Tuning,Tuning,0.3193587850850612,0.6806412149149388
Ela_metadataset,LogisticRegression,0.85,Tuning,Tuning,0.013247671118086668,0.9867523288819133
Ela_metadataset,LogisticRegression,0.85,Defaults,Defaults,0.5365337802524075,0.46346621974759244
Ela_metadataset,LogisticRegression,0.85,Defaults,Tuning,0.17709902480037942,0.8229009751996206
Ela_metadataset,LogisticRegression,0.85,Tuning,Tuning,0.21848271185636137,0.7815172881436386
Ela_metadataset,LogisticRegression,0.85,Tuning,Defaults,0.7312512778710116,0.26874872212898837
Ela_metadataset,LogisticRegression,0.85,Defaults,Tuning,0.11192884896959343,0.8880711510304066
Ela_metadataset,LogisticRegression,0.85,Tuning,Tuning,0.003615709715172999,0.996384290284827
Ela_metadataset,LogisticRegression,0.85,Tuning,Tuning,0.34850913182568877,0.6514908681743112
Ela_metadataset,LogisticRegression,0.85,Tuning,Tuning,0.056780282717564856,0.9432197172824351
Ela_metadataset,LogisticRegression,0.85,Tuning,Tuning,0.025860607636525756,0.9741393923634742
Ela_metadataset,LogisticRegression,0.9,Tuning,Tuning,0.21273226200874784,0.7872677379912522
Ela_metadataset,LogisticRegression,0.9,Tuning,Tuning,0.06910089877671244,0.9308991012232876
Ela_metadataset,LogisticRegression,0.9,Defaults,Defaults,0.9167194755522766,0.08328052444772341
Ela_metadataset,LogisticRegression,0.9,Tuning,Tuning,0.05549993028060907,0.9445000697193909
Ela_metadataset,LogisticRegression,0.9,Tuning,Tuning,0.006752895922104374,0.9932471040778956
Ela_metadataset,LogisticRegression,0.9,Tuning,Tuning,0.21406571883470527,0.7859342811652947
Ela_metadataset,LogisticRegression,0.9,Tuning,Tuning,0.015160328519524868,0.9848396714804751
Ela_metadataset,LogisticRegression,0.9,Defaults,Tuning,0.307728839257851,0.692271160742149
Ela_metadataset,LogisticRegression,0.9,Defaults,Defaults,0.5699861090085142,0.4300138909914858
Ela_metadataset,LogisticRegression,0.9,Tuning,Tuning,0.14421196828057248,0.8557880317194275
Ela_metadataset,LogisticRegression,0.9,Tuning,Tuning,0.02801631856097253,0.9719836814390275
Ela_metadataset,LogisticRegression,0.9,Defaults,Tuning,0.44572861940455755,0.5542713805954425
Ela_metadataset,LogisticRegression,0.9,Tuning,Tuning,0.22307678337638392,0.7769232166236161
Ela_metadataset,LogisticRegression,0.9,Tuning,Defaults,0.671103386644764,0.32889661335523607
Ela_metadataset,LogisticRegression,0.9,Tuning,Tuning,5.569982526321127e-07,0.9999994430017474
Ela_metadataset,LogisticRegression,0.9,Tuning,Tuning,0.034454860807830445,0.9655451391921696
Ela_metadataset,LogisticRegression,0.9,Defaults,Defaults,0.7337850768917508,0.26621492310824924
Ela_metadataset,LogisticRegression,0.9,Tuning,Tuning,0.005501449964553484,0.9944985500354465
Ela_metadataset,LogisticRegression,0.9,Defaults,Defaults,0.5461405165751312,0.45385948342486887
Ela_metadataset,LogisticRegression,0.9,Tuning,Defaults,0.9288495589303087,0.0711504410696912
Ela_metadataset,LogisticRegression,0.9,Tuning,Defaults,0.7113432435462448,0.28865675645375527
Ela_metadataset,LogisticRegression,0.9,Defaults,Defaults,0.583970241189662,0.416029758810338
Ela_metadataset,LogisticRegression,0.9,Tuning,Defaults,0.6765084913499892,0.3234915086500108
Ela_metadataset,LogisticRegression,0.9,Tuning,Tuning,0.08286008588580707,0.9171399141141929
Ela_metadataset,LogisticRegression,0.9,Tuning,Tuning,0.07512272518767016,0.9248772748123298
Ela_metadataset,LogisticRegression,0.9,Tuning,Tuning,0.046276443420119606,0.9537235565798804
Ela_metadataset,LogisticRegression,0.9,Tuning,Tuning,0.017685602108988063,0.9823143978910119
Ela_metadataset,LogisticRegression,0.9,Tuning,Tuning,0.03352704419142616,0.9664729558085738
Ela_metadataset,LogisticRegression,0.9,Tuning,Tuning,0.004581714577765683,0.9954182854222343
Ela_metadataset,LogisticRegression,0.9,Tuning,Tuning,0.09083753470575961,0.9091624652942404
Ela_metadataset,LogisticRegression,0.9,Tuning,Tuning,5.607140393004695e-05,0.99994392859607
Ela_metadataset,LogisticRegression,0.9,Tuning,Tuning,0.027477550910054993,0.972522449089945
Ela_metadataset,LogisticRegression,0.9,Defaults,Defaults,0.9715751062697965,0.028424893730203512
Ela_metadataset,LogisticRegression,0.9,Defaults,Defaults,0.8584518833586202,0.1415481166413798
Ela_metadataset,LogisticRegression,0.9,Tuning,Tuning,0.016992538170308547,0.9830074618296915
Ela_metadataset,LogisticRegression,0.9,Tuning,Tuning,0.040245330304059634,0.9597546696959404
Ela_metadataset,LogisticRegression,0.9,Tuning,Tuning,0.19665688834103479,0.8033431116589652
Ela_metadataset,LogisticRegression,0.9,Defaults,Tuning,0.020989703729296205,0.9790102962707038
Ela_metadataset,LogisticRegression,0.9,Tuning,Tuning,0.049363204062391586,0.9506367959376084
Ela_metadataset,LogisticRegression,0.9,Defaults,Tuning,0.21493352768212648,0.7850664723178735
Ela_metadataset,LogisticRegression,0.9,Tuning,Tuning,0.04522386692269176,0.9547761330773082
Ela_metadataset,LogisticRegression,0.9,Tuning,Tuning,0.00015311992510991246,0.9998468800748901
Ela_metadataset,LogisticRegression,0.9,Tuning,Tuning,0.0015835766339964419,0.9984164233660036
Ela_metadataset,LogisticRegression,0.9,Tuning,Tuning,0.047137210692786535,0.9528627893072135
Ela_metadataset,LogisticRegression,0.9,Tuning,Tuning,0.005336282014478111,0.9946637179855219
Ela_metadataset,LogisticRegression,0.9,Tuning,Tuning,0.1658374040179158,0.8341625959820842
Ela_metadataset,LogisticRegression,0.9,Tuning,Tuning,0.18233450647877802,0.817665493521222
Ela_metadataset,LogisticRegression,0.9,Tuning,Tuning,0.08570281495350429,0.9142971850464957
Ela_metadataset,LogisticRegression,0.9,Tuning,Tuning,0.347700215464681,0.652299784535319
Ela_metadataset,LogisticRegression,0.9,Tuning,Tuning,0.04691241942514046,0.9530875805748595
Ela_metadataset,LogisticRegression,0.9,Defaults,Defaults,0.9192811293462366,0.0807188706537634
Ela_metadataset,LogisticRegression,0.9,Tuning,Tuning,0.11228887354585249,0.8877111264541475
Ela_metadataset,LogisticRegression,0.9,Tuning,Tuning,0.009148095959192859,0.9908519040408071
Ela_metadataset,LogisticRegression,0.9,Defaults,Tuning,0.05434058997607294,0.9456594100239271
Ela_metadataset,LogisticRegression,0.9,Tuning,Tuning,0.22432286208170193,0.7756771379182981
Ela_metadataset,LogisticRegression,0.9,Tuning,Defaults,0.6504756336910568,0.34952436630894324
Ela_metadataset,LogisticRegression,0.9,Tuning,Tuning,0.003853125364730703,0.9961468746352693
Ela_metadataset,LogisticRegression,0.9,Tuning,Tuning,0.48187902076725597,0.518120979232744
Ela_metadataset,LogisticRegression,0.9,Tuning,Tuning,0.06448165999961453,0.9355183400003855
Ela_metadataset,LogisticRegression,0.9,Tuning,Tuning,0.03361608807478844,0.9663839119252116
Ela_metadataset,LogisticRegression,0.9,Tuning,Tuning,0.03860848032252784,0.9613915196774722
Ela_metadataset,LogisticRegression,0.9,Tuning,Defaults,0.643320008876602,0.35667999112339793
Ela_metadataset,LogisticRegression,0.9,Tuning,Tuning,0.1517561332277847,0.8482438667722153
Ela_metadataset,LogisticRegression,0.9,Defaults,Tuning,0.4542486129611315,0.5457513870388685
Ela_metadataset,LogisticRegression,0.9,Tuning,Tuning,0.4302110851603026,0.5697889148396974
Ela_metadataset,LogisticRegression,0.9,Defaults,Defaults,0.8528061516129666,0.14719384838703337
Ela_metadataset,LogisticRegression,0.9,Tuning,Tuning,0.19365822745825878,0.8063417725417412
Ela_metadataset,LogisticRegression,0.9,Tuning,Tuning,0.018521434119114666,0.9814785658808853
Ela_metadataset,LogisticRegression,0.9,Tuning,Tuning,0.26864670092883336,0.7313532990711666
Ela_metadataset,LogisticRegression,0.9,Tuning,Defaults,0.538519319831387,0.461480680168613
Ela_metadataset,LogisticRegression,0.9,Tuning,Defaults,0.5879885721120839,0.41201142788791617
Ela_metadataset,LogisticRegression,0.9,Defaults,Defaults,0.5160476096962032,0.4839523903037968
Ela_metadataset,LogisticRegression,0.9,Tuning,Tuning,0.334612388011138,0.665387611988862
Ela_metadataset,LogisticRegression,0.9,Defaults,Tuning,0.33330123786880483,0.6666987621311952
Ela_metadataset,LogisticRegression,0.9,Defaults,Tuning,0.352328182738873,0.647671817261127
Ela_metadataset,LogisticRegression,0.9,Defaults,Tuning,0.19756332045346914,0.8024366795465309
Ela_metadataset,LogisticRegression,0.9,Defaults,Defaults,0.6181806914822503,0.3818193085177497
Ela_metadataset,LogisticRegression,0.9,Tuning,Tuning,0.008891363767408733,0.9911086362325913
Ela_metadataset,LogisticRegression,0.9,Tuning,Tuning,0.009325509753604244,0.9906744902463958
Ela_metadataset,LogisticRegression,0.9,Tuning,Tuning,0.09994539867331032,0.9000546013266897
Ela_metadataset,LogisticRegression,0.9,Defaults,Tuning,0.4283343627612288,0.5716656372387712
Ela_metadataset,LogisticRegression,0.9,Defaults,Tuning,0.024813459887616962,0.975186540112383
Ela_metadataset,LogisticRegression,0.9,Defaults,Defaults,0.6122346577389736,0.38776534226102644
Ela_metadataset,LogisticRegression,0.9,Defaults,Defaults,0.8528933648490787,0.1471066351509213
Ela_metadataset,LogisticRegression,0.9,Tuning,Tuning,0.40143345141742104,0.598566548582579
Ela_metadataset,LogisticRegression,0.9,Tuning,Defaults,0.6003805920914378,0.39961940790856226
Ela_metadataset,LogisticRegression,0.9,Defaults,Defaults,0.9717024194595154,0.02829758054048458
Ela_metadataset,LogisticRegression,0.9,Tuning,Tuning,0.10528109145198294,0.8947189085480171
Ela_metadataset,LogisticRegression,0.9,Defaults,Tuning,0.43807920267293965,0.5619207973270604
Ela_metadataset,LogisticRegression,0.9,Tuning,Tuning,0.006292449399125433,0.9937075506008746
Ela_metadataset,LogisticRegression,0.9,Tuning,Tuning,0.13935094678798265,0.8606490532120173
Ela_metadataset,LogisticRegression,0.9,Defaults,Defaults,0.8995833982014796,0.10041660179852045
Ela_metadataset,LogisticRegression,0.9,Tuning,Tuning,0.3716078602207661,0.6283921397792339
Ela_metadataset,LogisticRegression,0.9,Defaults,Defaults,0.8989105144499747,0.10108948555002524
Ela_metadataset,LogisticRegression,0.9,Tuning,Tuning,0.06915893301807541,0.9308410669819246
Ela_metadataset,LogisticRegression,0.9,Tuning,Tuning,0.05707931701999436,0.9429206829800056
Ela_metadataset,LogisticRegression,0.9,Tuning,Tuning,0.29557166871053386,0.7044283312894661
Ela_metadataset,LogisticRegression,0.9,Defaults,Tuning,0.10203247300652785,0.8979675269934722
Ela_metadataset,LogisticRegression,0.9,Tuning,Tuning,0.008996550095496603,0.9910034499045034
Ela_metadataset,LogisticRegression,0.9,Tuning,Tuning,0.27246045079743697,0.727539549202563
Ela_metadataset,LogisticRegression,0.9,Tuning,Tuning,0.024090348088755764,0.9759096519112442
Ela_metadataset,LogisticRegression,0.9,Defaults,Tuning,0.04889387916271448,0.9511061208372855
Ela_metadataset,LogisticRegression,0.9,Tuning,Tuning,0.008334446970812537,0.9916655530291875
Ela_metadataset,LogisticRegression,0.9,Tuning,Tuning,0.42121616633296377,0.5787838336670362
Ela_metadataset,LogisticRegression,0.9,Tuning,Tuning,0.002601200381688984,0.997398799618311
Ela_metadataset,LogisticRegression,0.9,Tuning,Tuning,0.013450624502856945,0.986549375497143
Ela_metadataset,LogisticRegression,0.9,Tuning,Defaults,0.6040572280494497,0.3959427719505503
Ela_metadataset,LogisticRegression,0.9,Tuning,Tuning,0.44040689811658773,0.5595931018834123
Ela_metadataset,LogisticRegression,0.9,Tuning,Tuning,0.010684949548320777,0.9893150504516792
Ela_metadataset,LogisticRegression,0.9,Defaults,Tuning,0.35117850087205127,0.6488214991279487
Ela_metadataset,LogisticRegression,0.9,Tuning,Tuning,0.013220996261249507,0.9867790037387505
Ela_metadataset,LogisticRegression,0.9,Tuning,Tuning,0.10530749504424586,0.8946925049557541
Ela_metadataset,LogisticRegression,0.9,Tuning,Tuning,0.1808339091175044,0.8191660908824956
Ela_metadataset,LogisticRegression,0.9,Tuning,Tuning,0.16473719518310193,0.8352628048168981
Ela_metadataset,LogisticRegression,0.9,Tuning,Tuning,2.2018901852161044e-05,0.9999779810981478
Ela_metadataset,LogisticRegression,0.9,Tuning,Tuning,0.1167808097298132,0.8832191902701868
Ela_metadataset,LogisticRegression,0.9,Tuning,Defaults,0.9264439829744766,0.07355601702552336
Ela_metadataset,LogisticRegression,0.9,Tuning,Tuning,0.18328680818795617,0.8167131918120438
Ela_metadataset,LogisticRegression,0.9,Defaults,Defaults,0.9963397977530002,0.0036602022469997605
Ela_metadataset,LogisticRegression,0.9,Tuning,Tuning,0.00010082886469786612,0.9998991711353021
Ela_metadataset,LogisticRegression,0.9,Defaults,Tuning,0.07524056243882948,0.9247594375611705
Ela_metadataset,LogisticRegression,0.9,Tuning,Tuning,0.010395795274721786,0.9896042047252782
Ela_metadataset,LogisticRegression,0.9,Tuning,Defaults,0.6348485610287545,0.36515143897124547
Ela_metadataset,LogisticRegression,0.9,Tuning,Tuning,0.008852020192836485,0.9911479798071635
Ela_metadataset,LogisticRegression,0.9,Tuning,Tuning,0.03187312990897495,0.968126870091025
Ela_metadataset,LogisticRegression,0.9,Defaults,Tuning,0.16053459767445888,0.8394654023255411
Ela_metadataset,LogisticRegression,0.9,Defaults,Defaults,0.646114668377934,0.353885331622066
Ela_metadataset,LogisticRegression,0.9,Tuning,Tuning,0.0754832069187582,0.9245167930812418
Ela_metadataset,LogisticRegression,0.9,Tuning,Tuning,0.11715921927013295,0.882840780729867
Ela_metadataset,LogisticRegression,0.9,Tuning,Tuning,0.3962016205164899,0.6037983794835101
Ela_metadataset,LogisticRegression,0.9,Tuning,Tuning,0.3655874165971672,0.6344125834028328
Ela_metadataset,LogisticRegression,0.9,Tuning,Tuning,0.0817261267818934,0.9182738732181066
Ela_metadataset,LogisticRegression,0.9,Tuning,Tuning,0.073412441069174,0.926587558930826
Ela_metadataset,LogisticRegression,0.9,Tuning,Tuning,0.05685228379919982,0.9431477162008002
Ela_metadataset,LogisticRegression,0.9,Tuning,Tuning,0.31023535189954565,0.6897646481004543
Ela_metadataset,LogisticRegression,0.9,Defaults,Tuning,0.18929973619833584,0.8107002638016642
Ela_metadataset,LogisticRegression,0.9,Tuning,Tuning,0.24329568604434082,0.7567043139556592
Ela_metadataset,LogisticRegression,0.9,Tuning,Defaults,0.6270860078137916,0.3729139921862084
Ela_metadataset,LogisticRegression,0.9,Tuning,Tuning,0.07495046254635263,0.9250495374536474
Ela_metadataset,LogisticRegression,0.9,Tuning,Tuning,0.40329035444409245,0.5967096455559076
Ela_metadataset,LogisticRegression,0.9,Defaults,Tuning,0.24210147808295912,0.7578985219170409
Ela_metadataset,LogisticRegression,0.9,Tuning,Tuning,0.020633013156714397,0.9793669868432856
Ela_metadataset,LogisticRegression,0.9,Tuning,Tuning,0.043867858554791694,0.9561321414452083
Ela_metadataset,LogisticRegression,0.9,Tuning,Tuning,0.002301628338540418,0.9976983716614596
Ela_metadataset,LogisticRegression,0.9,Defaults,Tuning,0.041599575192344695,0.9584004248076553
Ela_metadataset,LogisticRegression,0.9,Tuning,Tuning,0.07988312017088361,0.9201168798291164
Ela_metadataset,LogisticRegression,0.9,Tuning,Tuning,0.23854228464240768,0.7614577153575923
Ela_metadataset,LogisticRegression,0.9,Tuning,Tuning,0.016466112925950238,0.9835338870740498
Ela_metadataset,LogisticRegression,0.9,Defaults,Defaults,0.9798105132072861,0.020189486792713884
Ela_metadataset,LogisticRegression,0.9,Defaults,Defaults,0.7904277305721763,0.2095722694278237
Ela_metadataset,LogisticRegression,0.9,Tuning,Defaults,0.9887878901478087,0.011212109852191366
Ela_metadataset,LogisticRegression,0.9,Tuning,Tuning,0.056913523205499805,0.9430864767945002
Ela_metadataset,LogisticRegression,0.9,Tuning,Tuning,0.03731073782780514,0.9626892621721949
Ela_metadataset,LogisticRegression,0.9,Defaults,Tuning,0.1549754860068745,0.8450245139931255
Ela_metadataset,LogisticRegression,0.9,Defaults,Tuning,0.1819590398929133,0.8180409601070867
Ela_metadataset,LogisticRegression,0.9,Defaults,Defaults,0.6383827948877971,0.3616172051122029
Ela_metadataset,LogisticRegression,0.9,Tuning,Tuning,0.0325989023943839,0.9674010976056161
Ela_metadataset,LogisticRegression,0.9,Defaults,Tuning,5.304867656263923e-12,0.9999999999946951
Ela_metadataset,LogisticRegression,0.9,Tuning,Tuning,0.3233831885641403,0.6766168114358597
Ela_metadataset,LogisticRegression,0.9,Tuning,Tuning,0.01419836369756855,0.9858016363024314
Ela_metadataset,LogisticRegression,0.9,Defaults,Defaults,0.5306327713163268,0.4693672286836732
Ela_metadataset,LogisticRegression,0.9,Defaults,Tuning,0.18403275495834848,0.8159672450416515
Ela_metadataset,LogisticRegression,0.9,Tuning,Tuning,0.22693108610245494,0.7730689138975451
Ela_metadataset,LogisticRegression,0.9,Tuning,Defaults,0.7479328862701127,0.2520671137298874
Ela_metadataset,LogisticRegression,0.9,Defaults,Tuning,0.10968663947782298,0.890313360522177
Ela_metadataset,LogisticRegression,0.9,Tuning,Tuning,0.0036573035802370812,0.9963426964197629
Ela_metadataset,LogisticRegression,0.9,Tuning,Tuning,0.35462109920161644,0.6453789007983836
Ela_metadataset,LogisticRegression,0.9,Tuning,Tuning,0.057325531814841124,0.9426744681851589
Ela_metadataset,LogisticRegression,0.9,Tuning,Tuning,0.02720092435517718,0.9727990756448228
Ela_metadataset,LogisticRegression,0.95,Tuning,Tuning,0.18350957465751427,0.8164904253424857
Ela_metadataset,LogisticRegression,0.95,Tuning,Tuning,0.05436433563677212,0.9456356643632279
Ela_metadataset,LogisticRegression,0.95,Defaults,Defaults,0.9274840340772589,0.07251596592274114
Ela_metadataset,LogisticRegression,0.95,Tuning,Tuning,0.04941415095642043,0.9505858490435796
Ela_metadataset,LogisticRegression,0.95,Tuning,Tuning,0.008861931019160663,0.9911380689808393
Ela_metadataset,LogisticRegression,0.95,Tuning,Tuning,0.18049978188316562,0.8195002181168344
Ela_metadataset,LogisticRegression,0.95,Tuning,Tuning,0.011709459944822198,0.9882905400551778
Ela_metadataset,LogisticRegression,0.95,Defaults,Tuning,0.2753406448211466,0.7246593551788534
Ela_metadataset,LogisticRegression,0.95,Defaults,Defaults,0.5782764798847336,0.42172352011526637
Ela_metadataset,LogisticRegression,0.95,Tuning,Tuning,0.11805079610704161,0.8819492038929584
Ela_metadataset,LogisticRegression,0.95,Tuning,Tuning,0.022521046425399427,0.9774789535746006
Ela_metadataset,LogisticRegression,0.95,Defaults,Defaults,0.5048123887565596,0.4951876112434403
Ela_metadataset,LogisticRegression,0.95,Tuning,Tuning,0.22403249335886266,0.7759675066411373
Ela_metadataset,LogisticRegression,0.95,Tuning,Defaults,0.6092078276925841,0.39079217230741586
Ela_metadataset,LogisticRegression,0.95,Tuning,Tuning,4.760367292577783e-07,0.9999995239632707
Ela_metadataset,LogisticRegression,0.95,Tuning,Tuning,0.03351735397004629,0.9664826460299537
Ela_metadataset,LogisticRegression,0.95,Defaults,Defaults,0.620587003119002,0.37941299688099805
Ela_metadataset,LogisticRegression,0.95,Tuning,Tuning,0.006926396059269813,0.9930736039407302
Ela_metadataset,LogisticRegression,0.95,Defaults,Tuning,0.4812113133911199,0.5187886866088801
Ela_metadataset,LogisticRegression,0.95,Tuning,Defaults,0.9220282644247015,0.07797173557529846
Ela_metadataset,LogisticRegression,0.95,Tuning,Defaults,0.7124779049552912,0.28752209504470877
Ela_metadataset,LogisticRegression,0.95,Defaults,Defaults,0.6474692930274761,0.35253070697252387
Ela_metadataset,LogisticRegression,0.95,Tuning,Defaults,0.7108063919358211,0.28919360806417893
Ela_metadataset,LogisticRegression,0.95,Tuning,Tuning,0.0799676014643661,0.9200323985356339
Ela_metadataset,LogisticRegression,0.95,Tuning,Tuning,0.07770943327759428,0.9222905667224057
Ela_metadataset,LogisticRegression,0.95,Tuning,Tuning,0.03780364569037764,0.9621963543096224
Ela_metadataset,LogisticRegression,0.95,Tuning,Tuning,0.01943361043359748,0.9805663895664025
Ela_metadataset,LogisticRegression,0.95,Tuning,Tuning,0.030386359568104426,0.9696136404318956
Ela_metadataset,LogisticRegression,0.95,Tuning,Tuning,0.0041080455065301,0.9958919544934699
Ela_metadataset,LogisticRegression,0.95,Tuning,Tuning,0.08371349473656797,0.916286505263432
Ela_metadataset,LogisticRegression,0.95,Tuning,Tuning,4.8014230242032774e-05,0.999951985769758
Ela_metadataset,LogisticRegression,0.95,Tuning,Tuning,0.029298950279123104,0.9707010497208769
Ela_metadataset,LogisticRegression,0.95,Defaults,Defaults,0.9829533826939528,0.017046617306047174
Ela_metadataset,LogisticRegression,0.95,Defaults,Defaults,0.8827912487389398,0.11720875126106019
Ela_metadataset,LogisticRegression,0.95,Tuning,Tuning,0.007945515095255873,0.9920544849047441
Ela_metadataset,LogisticRegression,0.95,Tuning,Tuning,0.011542391700028576,0.9884576082999714
Ela_metadataset,LogisticRegression,0.95,Tuning,Tuning,0.1649260606979892,0.8350739393020108
Ela_metadataset,LogisticRegression,0.95,Defaults,Tuning,0.0869970964773722,0.9130029035226278
Ela_metadataset,LogisticRegression,0.95,Tuning,Tuning,0.06712173123261922,0.9328782687673808
Ela_metadataset,LogisticRegression,0.95,Defaults,Tuning,0.2529387027744935,0.7470612972255065
Ela_metadataset,LogisticRegression,0.95,Tuning,Tuning,0.10893145479370747,0.8910685452062925
Ela_metadataset,LogisticRegression,0.95,Tuning,Tuning,0.00010835371272088778,0.9998916462872791
Ela_metadataset,LogisticRegression,0.95,Tuning,Tuning,0.00183691324239188,0.9981630867576081
Ela_metadataset,LogisticRegression,0.95,Tuning,Tuning,0.04286141790905329,0.9571385820909467
Ela_metadataset,LogisticRegression,0.95,Tuning,Tuning,0.003758259979120604,0.9962417400208794
Ela_metadataset,LogisticRegression,0.95,Tuning,Tuning,0.19121844892583073,0.8087815510741693
Ela_metadataset,LogisticRegression,0.95,Tuning,Tuning,0.13890514848112612,0.8610948515188739
Ela_metadataset,LogisticRegression,0.95,Tuning,Tuning,0.07461064801002926,0.9253893519899707
Ela_metadataset,LogisticRegression,0.95,Tuning,Tuning,0.35945124499097403,0.640548755009026
Ela_metadataset,LogisticRegression,0.95,Tuning,Tuning,0.027494695019317783,0.9725053049806822
Ela_metadataset,LogisticRegression,0.95,Defaults,Defaults,0.9701774554558857,0.029822544544114257
Ela_metadataset,LogisticRegression,0.95,Tuning,Tuning,0.09266592355297021,0.9073340764470298
Ela_metadataset,LogisticRegression,0.95,Tuning,Tuning,0.007414209206047073,0.9925857907939529
Ela_metadataset,LogisticRegression,0.95,Defaults,Tuning,0.04094592964702859,0.9590540703529714
Ela_metadataset,LogisticRegression,0.95,Tuning,Tuning,0.2575901384661886,0.7424098615338114
Ela_metadataset,LogisticRegression,0.95,Tuning,Defaults,0.628961212484983,0.3710387875150169
Ela_metadataset,LogisticRegression,0.95,Tuning,Tuning,0.0017917125808859513,0.998208287419114
Ela_metadataset,LogisticRegression,0.95,Tuning,Defaults,0.5095694826217988,0.4904305173782012
Ela_metadataset,LogisticRegression,0.95,Tuning,Tuning,0.10270691320711023,0.8972930867928898
Ela_metadataset,LogisticRegression,0.95,Tuning,Tuning,0.035959554455491594,0.9640404455445084
Ela_metadataset,LogisticRegression,0.95,Tuning,Tuning,0.059879247081102926,0.9401207529188971
Ela_metadataset,LogisticRegression,0.95,Tuning,Defaults,0.7075775175941895,0.2924224824058105
Ela_metadataset,LogisticRegression,0.95,Tuning,Tuning,0.14880053030543394,0.8511994696945661
Ela_metadataset,LogisticRegression,0.95,Defaults,Tuning,0.47925484631748927,0.5207451536825107
Ela_metadataset,LogisticRegression,0.95,Tuning,Tuning,0.44563782091417803,0.554362179085822
Ela_metadataset,LogisticRegression,0.95,Defaults,Defaults,0.8283543528648423,0.17164564713515776
Ela_metadataset,LogisticRegression,0.95,Tuning,Tuning,0.17983937081483425,0.8201606291851657
Ela_metadataset,LogisticRegression,0.95,Tuning,Tuning,0.012915916338101296,0.9870840836618987
Ela_metadataset,LogisticRegression,0.95,Tuning,Tuning,0.3170059043688064,0.6829940956311936
Ela_metadataset,LogisticRegression,0.95,Tuning,Defaults,0.5629381295062297,0.4370618704937704
Ela_metadataset,LogisticRegression,0.95,Tuning,Defaults,0.6248701441476332,0.37512985585236674
Ela_metadataset,LogisticRegression,0.95,Defaults,Defaults,0.5333147235197864,0.46668527648021363
Ela_metadataset,LogisticRegression,0.95,Tuning,Tuning,0.38687106931433746,0.6131289306856625
Ela_metadataset,LogisticRegression,0.95,Defaults,Tuning,0.3282755670700188,0.6717244329299812
Ela_metadataset,LogisticRegression,0.95,Defaults,Tuning,0.36895524832478366,0.6310447516752163
Ela_metadataset,LogisticRegression,0.95,Defaults,Tuning,0.19183826347015942,0.8081617365298406
Ela_metadataset,LogisticRegression,0.95,Defaults,Defaults,0.6158092134471744,0.3841907865528256
Ela_metadataset,LogisticRegression,0.95,Tuning,Tuning,0.010975995946632122,0.9890240040533679
Ela_metadataset,LogisticRegression,0.95,Tuning,Tuning,0.014706170722736167,0.9852938292772638
Ela_metadataset,LogisticRegression,0.95,Tuning,Tuning,0.11875644748140057,0.8812435525185994
Ela_metadataset,LogisticRegression,0.95,Defaults,Tuning,0.48515206785303855,0.5148479321469615
Ela_metadataset,LogisticRegression,0.95,Defaults,Tuning,0.01565250477249991,0.9843474952275001
Ela_metadataset,LogisticRegression,0.95,Defaults,Defaults,0.6078961264102134,0.39210387358978666
Ela_metadataset,LogisticRegression,0.95,Defaults,Defaults,0.8542483202283505,0.1457516797716495
Ela_metadataset,LogisticRegression,0.95,Tuning,Tuning,0.4176560980516699,0.5823439019483301
Ela_metadataset,LogisticRegression,0.95,Tuning,Defaults,0.5684869654018329,0.43151303459816714
Ela_metadataset,LogisticRegression,0.95,Defaults,Defaults,0.9823737896737338,0.017626210326266194
Ela_metadataset,LogisticRegression,0.95,Tuning,Tuning,0.07230915296444829,0.9276908470355517
Ela_metadataset,LogisticRegression,0.95,Defaults,Tuning,0.46529242788224767,0.5347075721177523
Ela_metadataset,LogisticRegression,0.95,Tuning,Tuning,0.005828442114270804,0.9941715578857292
Ela_metadataset,LogisticRegression,0.95,Tuning,Tuning,0.1433326098488994,0.8566673901511006
Ela_metadataset,LogisticRegression,0.95,Defaults,Defaults,0.9462132753045832,0.05378672469541681
Ela_metadataset,LogisticRegression,0.95,Tuning,Tuning,0.3079122013821034,0.6920877986178966
Ela_metadataset,LogisticRegression,0.95,Defaults,Defaults,0.8902832684882441,0.10971673151175583
Ela_metadataset,LogisticRegression,0.95,Tuning,Tuning,0.08361649439328411,0.9163835056067159
Ela_metadataset,LogisticRegression,0.95,Tuning,Tuning,0.030849375751258568,0.9691506242487414
Ela_metadataset,LogisticRegression,0.95,Tuning,Tuning,0.2827553704481144,0.7172446295518856
Ela_metadataset,LogisticRegression,0.95,Defaults,Tuning,0.11892841089387352,0.8810715891061265
Ela_metadataset,LogisticRegression,0.95,Tuning,Tuning,0.006691389812127246,0.9933086101878728
Ela_metadataset,LogisticRegression,0.95,Tuning,Tuning,0.26916854128890344,0.7308314587110966
Ela_metadataset,LogisticRegression,0.95,Tuning,Tuning,0.02246852738520566,0.9775314726147943
Ela_metadataset,LogisticRegression,0.95,Defaults,Tuning,0.04372167370520086,0.9562783262947991
Ela_metadataset,LogisticRegression,0.95,Tuning,Tuning,0.0325010282292123,0.9674989717707877
Ela_metadataset,LogisticRegression,0.95,Tuning,Tuning,0.4429330990121607,0.5570669009878393
Ela_metadataset,LogisticRegression,0.95,Tuning,Tuning,0.0020350514238720585,0.9979649485761279
Ela_metadataset,LogisticRegression,0.95,Tuning,Tuning,0.01021061708724047,0.9897893829127595
Ela_metadataset,LogisticRegression,0.95,Tuning,Defaults,0.6556670749497768,0.3443329250502231
Ela_metadataset,LogisticRegression,0.95,Tuning,Tuning,0.3369843875969356,0.6630156124030644
Ela_metadataset,LogisticRegression,0.95,Tuning,Tuning,0.01378226317855602,0.986217736821444
Ela_metadataset,LogisticRegression,0.95,Defaults,Tuning,0.40300872966805157,0.5969912703319484
Ela_metadataset,LogisticRegression,0.95,Tuning,Tuning,0.008342434416871103,0.9916575655831289
Ela_metadataset,LogisticRegression,0.95,Tuning,Tuning,0.09625845879321138,0.9037415412067886
Ela_metadataset,LogisticRegression,0.95,Tuning,Tuning,0.16087336151102638,0.8391266384889736
Ela_metadataset,LogisticRegression,0.95,Tuning,Tuning,0.1377279134157381,0.8622720865842619
Ela_metadataset,LogisticRegression,0.95,Tuning,Tuning,7.916462066881458e-06,0.9999920835379331
Ela_metadataset,LogisticRegression,0.95,Tuning,Tuning,0.12503664912848034,0.8749633508715197
Ela_metadataset,LogisticRegression,0.95,Tuning,Defaults,0.9359709988264291,0.0640290011735709
Ela_metadataset,LogisticRegression,0.95,Tuning,Tuning,0.0693944036625882,0.9306055963374118
Ela_metadataset,LogisticRegression,0.95,Defaults,Defaults,0.997676177447498,0.0023238225525019753
Ela_metadataset,LogisticRegression,0.95,Tuning,Tuning,0.00021819153040425476,0.9997818084695957
Ela_metadataset,LogisticRegression,0.95,Defaults,Tuning,0.11494651178021598,0.885053488219784
Ela_metadataset,LogisticRegression,0.95,Tuning,Tuning,0.009695083844228236,0.9903049161557718
Ela_metadataset,LogisticRegression,0.95,Tuning,Defaults,0.6611955282954345,0.3388044717045655
Ela_metadataset,LogisticRegression,0.95,Tuning,Tuning,0.0093351078771996,0.9906648921228004
Ela_metadataset,LogisticRegression,0.95,Tuning,Tuning,0.02927647271798761,0.9707235272820124
Ela_metadataset,LogisticRegression,0.95,Defaults,Tuning,0.13134696201387663,0.8686530379861234
Ela_metadataset,LogisticRegression,0.95,Defaults,Defaults,0.6878286529278799,0.3121713470721201
Ela_metadataset,LogisticRegression,0.95,Tuning,Tuning,0.07546345612251704,0.924536543877483
Ela_metadataset,LogisticRegression,0.95,Tuning,Tuning,0.07722562519943765,0.9227743748005623
Ela_metadataset,LogisticRegression,0.95,Tuning,Tuning,0.3456105280832572,0.6543894719167428
Ela_metadataset,LogisticRegression,0.95,Tuning,Tuning,0.32442146327040966,0.6755785367295903
Ela_metadataset,LogisticRegression,0.95,Tuning,Tuning,0.09234674461258119,0.9076532553874188
Ela_metadataset,LogisticRegression,0.95,Tuning,Tuning,0.0556119003052189,0.9443880996947811
Ela_metadataset,LogisticRegression,0.95,Tuning,Tuning,0.055657400296861725,0.9443425997031383
Ela_metadataset,LogisticRegression,0.95,Tuning,Tuning,0.3598547397730081,0.6401452602269919
Ela_metadataset,LogisticRegression,0.95,Defaults,Tuning,0.20427458755368633,0.7957254124463137
Ela_metadataset,LogisticRegression,0.95,Tuning,Tuning,0.17536151034066905,0.824638489659331
Ela_metadataset,LogisticRegression,0.95,Tuning,Defaults,0.5925976953894114,0.4074023046105886
Ela_metadataset,LogisticRegression,0.95,Tuning,Tuning,0.1031178014186358,0.8968821985813642
Ela_metadataset,LogisticRegression,0.95,Tuning,Tuning,0.43522724384278855,0.5647727561572115
Ela_metadataset,LogisticRegression,0.95,Defaults,Tuning,0.18120422414215986,0.8187957758578401
Ela_metadataset,LogisticRegression,0.95,Tuning,Tuning,0.016593142882135425,0.9834068571178646
Ela_metadataset,LogisticRegression,0.95,Tuning,Tuning,0.03420854004426144,0.9657914599557386
Ela_metadataset,LogisticRegression,0.95,Tuning,Tuning,0.0019630414554979714,0.998036958544502
Ela_metadataset,LogisticRegression,0.95,Defaults,Tuning,0.04249728213138804,0.957502717868612
Ela_metadataset,LogisticRegression,0.95,Tuning,Tuning,0.07384873338315356,0.9261512666168464
Ela_metadataset,LogisticRegression,0.95,Tuning,Tuning,0.22315579080946057,0.7768442091905394
Ela_metadataset,LogisticRegression,0.95,Tuning,Tuning,0.009080927389011784,0.9909190726109882
Ela_metadataset,LogisticRegression,0.95,Defaults,Defaults,0.9791050284586629,0.020894971541337074
Ela_metadataset,LogisticRegression,0.95,Defaults,Defaults,0.8120867200133192,0.1879132799866808
Ela_metadataset,LogisticRegression,0.95,Tuning,Defaults,0.9852866165313192,0.014713383468680813
Ela_metadataset,LogisticRegression,0.95,Tuning,Tuning,0.04534815220837207,0.9546518477916279
Ela_metadataset,LogisticRegression,0.95,Tuning,Tuning,0.03470299047176306,0.9652970095282369
Ela_metadataset,LogisticRegression,0.95,Defaults,Tuning,0.1730031247693894,0.8269968752306106
Ela_metadataset,LogisticRegression,0.95,Defaults,Tuning,0.13659467428392946,0.8634053257160705
Ela_metadataset,LogisticRegression,0.95,Defaults,Defaults,0.6890015158505826,0.31099848414941744
Ela_metadataset,LogisticRegression,0.95,Tuning,Tuning,0.02334206592566823,0.9766579340743318
Ela_metadataset,LogisticRegression,0.95,Defaults,Tuning,1.4810375148499588e-13,0.9999999999998519
Ela_metadataset,LogisticRegression,0.95,Tuning,Tuning,0.3418493286383594,0.6581506713616406
Ela_metadataset,LogisticRegression,0.95,Tuning,Tuning,0.010994114786598952,0.989005885213401
Ela_metadataset,LogisticRegression,0.95,Defaults,Tuning,0.4340333923575377,0.5659666076424623
Ela_metadataset,LogisticRegression,0.95,Defaults,Tuning,0.17859520582247546,0.8214047941775245
Ela_metadataset,LogisticRegression,0.95,Tuning,Tuning,0.30888657591828506,0.6911134240817149
Ela_metadataset,LogisticRegression,0.95,Tuning,Defaults,0.7216019095840764,0.2783980904159236
Ela_metadataset,LogisticRegression,0.95,Defaults,Tuning,0.10183522391987787,0.8981647760801221
Ela_metadataset,LogisticRegression,0.95,Tuning,Tuning,0.0018660845284845795,0.9981339154715154
Ela_metadataset,LogisticRegression,0.95,Tuning,Tuning,0.42686550366787324,0.5731344963321268
Ela_metadataset,LogisticRegression,0.95,Tuning,Tuning,0.062310235159021676,0.9376897648409783
Ela_metadataset,LogisticRegression,0.95,Tuning,Tuning,0.030591002930222655,0.9694089970697773
Ela_metadataset,XGBoost,0.8,Tuning,Tuning,0.14589834213256836,0.8541016578674316
Ela_metadataset,XGBoost,0.8,Tuning,Tuning,0.03998798131942749,0.9600120186805725
Ela_metadataset,XGBoost,0.8,Defaults,Defaults,0.8699846863746643,0.1300153136253357
Ela_metadataset,XGBoost,0.8,Tuning,Tuning,0.049661099910736084,0.9503389000892639
Ela_metadataset,XGBoost,0.8,Tuning,Tuning,0.0013938546180725098,0.9986061453819275
Ela_metadataset,XGBoost,0.8,Tuning,Tuning,0.09867113828659058,0.9013288617134094
Ela_metadataset,XGBoost,0.8,Tuning,Tuning,0.006717205047607422,0.9932827949523926
Ela_metadataset,XGBoost,0.8,Defaults,Tuning,0.0168876051902771,0.9831123948097229
Ela_metadataset,XGBoost,0.8,Defaults,Defaults,0.5278897285461426,0.47211024165153503
Ela_metadataset,XGBoost,0.8,Tuning,Tuning,0.145125150680542,0.854874849319458
Ela_metadataset,XGBoost,0.8,Tuning,Tuning,0.001053154468536377,0.9989468455314636
Ela_metadataset,XGBoost,0.8,Defaults,Defaults,0.8734774589538574,0.12652252614498138
Ela_metadataset,XGBoost,0.8,Tuning,Defaults,0.6428050398826599,0.3571949601173401
Ela_metadataset,XGBoost,0.8,Tuning,Tuning,0.4876933693885803,0.5123066306114197
Ela_metadataset,XGBoost,0.8,Tuning,Tuning,0.0010852813720703125,0.9989147186279297
Ela_metadataset,XGBoost,0.8,Tuning,Tuning,0.0016763806343078613,0.9983236193656921
Ela_metadataset,XGBoost,0.8,Defaults,Tuning,0.42700624465942383,0.5729937553405762
Ela_metadataset,XGBoost,0.8,Tuning,Tuning,0.02660578489303589,0.9733942151069641
Ela_metadataset,XGBoost,0.8,Defaults,Defaults,0.6332705020904541,0.3667295277118683
Ela_metadataset,XGBoost,0.8,Tuning,Defaults,0.9705390930175781,0.029460899531841278
Ela_metadataset,XGBoost,0.8,Tuning,Tuning,0.2141786813735962,0.7858213186264038
Ela_metadataset,XGBoost,0.8,Defaults,Defaults,0.9926146268844604,0.007385361474007368
Ela_metadataset,XGBoost,0.8,Tuning,Tuning,0.4420507550239563,0.5579492449760437
Ela_metadataset,XGBoost,0.8,Tuning,Tuning,0.051268815994262695,0.9487311840057373
Ela_metadataset,XGBoost,0.8,Tuning,Tuning,0.004688262939453125,0.9953117370605469
Ela_metadataset,XGBoost,0.8,Tuning,Tuning,0.042065978050231934,0.9579340219497681
Ela_metadataset,XGBoost,0.8,Tuning,Tuning,0.006740748882293701,0.9932592511177063
Ela_metadataset,XGBoost,0.8,Tuning,Tuning,0.18019700050354004,0.81980299949646
Ela_metadataset,XGBoost,0.8,Tuning,Tuning,0.0059770941734313965,0.9940229058265686
Ela_metadataset,XGBoost,0.8,Tuning,Tuning,0.04525631666183472,0.9547436833381653
Ela_metadataset,XGBoost,0.8,Tuning,Tuning,0.01756507158279419,0.9824349284172058
Ela_metadataset,XGBoost,0.8,Tuning,Tuning,0.005575299263000488,0.9944247007369995
Ela_metadataset,XGBoost,0.8,Defaults,Defaults,0.9148675203323364,0.08513247966766357
Ela_metadataset,XGBoost,0.8,Defaults,Defaults,0.8778603076934814,0.12213970720767975
Ela_metadataset,XGBoost,0.8,Tuning,Tuning,0.0032137632369995117,0.9967862367630005
Ela_metadataset,XGBoost,0.8,Tuning,Tuning,0.3968147039413452,0.6031852960586548
Ela_metadataset,XGBoost,0.8,Tuning,Tuning,0.0552290678024292,0.9447709321975708
Ela_metadataset,XGBoost,0.8,Defaults,Tuning,0.4373204708099365,0.5626795291900635
Ela_metadataset,XGBoost,0.8,Tuning,Tuning,0.016233205795288086,0.9837667942047119
Ela_metadataset,XGBoost,0.8,Defaults,Defaults,0.561481773853302,0.438518226146698
Ela_metadataset,XGBoost,0.8,Tuning,Tuning,0.003344297409057617,0.9966557025909424
Ela_metadataset,XGBoost,0.8,Tuning,Tuning,0.0016707777976989746,0.998329222202301
Ela_metadataset,XGBoost,0.8,Tuning,Tuning,0.013637721538543701,0.9863622784614563
Ela_metadataset,XGBoost,0.8,Tuning,Tuning,0.0010079741477966309,0.9989920258522034
Ela_metadataset,XGBoost,0.8,Tuning,Tuning,0.009860455989837646,0.9901395440101624
Ela_metadataset,XGBoost,0.8,Tuning,Tuning,0.007031857967376709,0.9929681420326233
Ela_metadataset,XGBoost,0.8,Tuning,Tuning,0.16605520248413086,0.8339447975158691
Ela_metadataset,XGBoost,0.8,Tuning,Tuning,0.0013413429260253906,0.9986586570739746
Ela_metadataset,XGBoost,0.8,Tuning,Tuning,0.2669137120246887,0.7330862879753113
Ela_metadataset,XGBoost,0.8,Tuning,Tuning,0.0011654496192932129,0.9988345503807068
Ela_metadataset,XGBoost,0.8,Defaults,Defaults,0.6715210676193237,0.32847896218299866
Ela_metadataset,XGBoost,0.8,Tuning,Tuning,0.25413405895233154,0.7458659410476685
Ela_metadataset,XGBoost,0.8,Tuning,Tuning,0.043534696102142334,0.9564653038978577
Ela_metadataset,XGBoost,0.8,Defaults,Tuning,0.01417762041091919,0.9858223795890808
Ela_metadataset,XGBoost,0.8,Tuning,Tuning,0.45072752237319946,0.5492724776268005
Ela_metadataset,XGBoost,0.8,Tuning,Tuning,0.013583540916442871,0.9864164590835571
Ela_metadataset,XGBoost,0.8,Tuning,Tuning,0.005952239036560059,0.9940477609634399
Ela_metadataset,XGBoost,0.8,Tuning,Defaults,0.9392099380493164,0.060790032148361206
Ela_metadataset,XGBoost,0.8,Tuning,Tuning,0.06654572486877441,0.9334542751312256
Ela_metadataset,XGBoost,0.8,Tuning,Tuning,0.05662792921066284,0.9433720707893372
Ela_metadataset,XGBoost,0.8,Tuning,Defaults,0.6011467576026917,0.39885324239730835
Ela_metadataset,XGBoost,0.8,Tuning,Tuning,0.007065534591674805,0.9929344654083252
Ela_metadataset,XGBoost,0.8,Tuning,Tuning,0.002707064151763916,0.9972929358482361
Ela_metadataset,XGBoost,0.8,Defaults,Tuning,0.1570817232131958,0.8429182767868042
Ela_metadataset,XGBoost,0.8,Tuning,Tuning,0.057338595390319824,0.9426614046096802
Ela_metadataset,XGBoost,0.8,Defaults,Defaults,0.8655749559402466,0.13442504405975342
Ela_metadataset,XGBoost,0.8,Tuning,Tuning,0.005317866802215576,0.9946821331977844
Ela_metadataset,XGBoost,0.8,Tuning,Tuning,0.022216618061065674,0.9777833819389343
Ela_metadataset,XGBoost,0.8,Tuning,Tuning,0.07416319847106934,0.9258368015289307
Ela_metadataset,XGBoost,0.8,Tuning,Defaults,0.6573759317398071,0.34262409806251526
Ela_metadataset,XGBoost,0.8,Tuning,Tuning,0.44104599952697754,0.5589540004730225
Ela_metadataset,XGBoost,0.8,Defaults,Tuning,0.02995854616165161,0.9700414538383484
Ela_metadataset,XGBoost,0.8,Tuning,Tuning,0.017167866230010986,0.982832133769989
Ela_metadataset,XGBoost,0.8,Defaults,Defaults,0.7484865784645081,0.25151342153549194
Ela_metadataset,XGBoost,0.8,Defaults,Defaults,0.543677806854248,0.45632222294807434
Ela_metadataset,XGBoost,0.8,Defaults,Tuning,0.3560963273048401,0.6439036726951599
Ela_metadataset,XGBoost,0.8,Defaults,Defaults,0.927718460559845,0.07228153944015503
Ela_metadataset,XGBoost,0.8,Tuning,Tuning,0.03889411687850952,0.9611058831214905
Ela_metadataset,XGBoost,0.8,Tuning,Tuning,0.0187569260597229,0.9812430739402771
Ela_metadataset,XGBoost,0.8,Tuning,Tuning,0.002961277961730957,0.997038722038269
Ela_metadataset,XGBoost,0.8,Defaults,Tuning,0.3254133462905884,0.6745866537094116
Ela_metadataset,XGBoost,0.8,Defaults,Defaults,0.5624098777770996,0.4375901222229004
Ela_metadataset,XGBoost,0.8,Defaults,Tuning,0.34085869789123535,0.6591413021087646
Ela_metadataset,XGBoost,0.8,Defaults,Defaults,0.9986822009086609,0.0013177903601899743
Ela_metadataset,XGBoost,0.8,Tuning,Defaults,0.8144996762275696,0.1855003386735916
Ela_metadataset,XGBoost,0.8,Tuning,Tuning,0.35694873332977295,0.643051266670227
Ela_metadataset,XGBoost,0.8,Defaults,Defaults,0.931476354598999,0.06852366030216217
Ela_metadataset,XGBoost,0.8,Tuning,Tuning,0.0008133053779602051,0.9991866946220398
Ela_metadataset,XGBoost,0.8,Defaults,Tuning,0.10520762205123901,0.894792377948761
Ela_metadataset,XGBoost,0.8,Tuning,Tuning,0.003262460231781006,0.996737539768219
Ela_metadataset,XGBoost,0.8,Tuning,Tuning,0.08760452270507812,0.9123954772949219
Ela_metadataset,XGBoost,0.8,Defaults,Tuning,0.16891920566558838,0.8310807943344116
Ela_metadataset,XGBoost,0.8,Tuning,Tuning,0.10178893804550171,0.8982110619544983
Ela_metadataset,XGBoost,0.8,Defaults,Tuning,0.33498865365982056,0.6650113463401794
Ela_metadataset,XGBoost,0.8,Tuning,Tuning,0.01056826114654541,0.9894317388534546
Ela_metadataset,XGBoost,0.8,Tuning,Tuning,0.021116793155670166,0.9788832068443298
Ela_metadataset,XGBoost,0.8,Tuning,Tuning,0.23064380884170532,0.7693561911582947
Ela_metadataset,XGBoost,0.8,Defaults,Tuning,0.17816442251205444,0.8218355774879456
Ela_metadataset,XGBoost,0.8,Tuning,Tuning,0.005586564540863037,0.994413435459137
Ela_metadataset,XGBoost,0.8,Tuning,Tuning,0.17899203300476074,0.8210079669952393
Ela_metadataset,XGBoost,0.8,Tuning,Tuning,0.007411777973175049,0.992588222026825
Ela_metadataset,XGBoost,0.8,Defaults,Tuning,0.006619811058044434,0.9933801889419556
Ela_metadataset,XGBoost,0.8,Tuning,Tuning,0.013548016548156738,0.9864519834518433
Ela_metadataset,XGBoost,0.8,Tuning,Tuning,0.014549612998962402,0.9854503870010376
Ela_metadataset,XGBoost,0.8,Tuning,Tuning,0.008292973041534424,0.9917070269584656
Ela_metadataset,XGBoost,0.8,Tuning,Tuning,0.020003199577331543,0.9799968004226685
Ela_metadataset,XGBoost,0.8,Tuning,Tuning,0.059188008308410645,0.9408119916915894
Ela_metadataset,XGBoost,0.8,Tuning,Tuning,0.021103084087371826,0.9788969159126282
Ela_metadataset,XGBoost,0.8,Tuning,Tuning,0.016549766063690186,0.9834502339363098
Ela_metadataset,XGBoost,0.8,Defaults,Defaults,0.5077365636825562,0.49226343631744385
Ela_metadataset,XGBoost,0.8,Tuning,Tuning,0.03768265247344971,0.9623173475265503
Ela_metadataset,XGBoost,0.8,Tuning,Tuning,0.001984119415283203,0.9980158805847168
Ela_metadataset,XGBoost,0.8,Tuning,Tuning,0.03913182020187378,0.9608681797981262
Ela_metadataset,XGBoost,0.8,Tuning,Tuning,0.013388276100158691,0.9866117238998413
Ela_metadataset,XGBoost,0.8,Tuning,Tuning,0.007318437099456787,0.9926815629005432
Ela_metadataset,XGBoost,0.8,Tuning,Tuning,0.0013303756713867188,0.9986696243286133
Ela_metadataset,XGBoost,0.8,Tuning,Defaults,0.6147973537445068,0.3852026164531708
Ela_metadataset,XGBoost,0.8,Tuning,Defaults,0.5166252851486206,0.483374685049057
Ela_metadataset,XGBoost,0.8,Defaults,Tuning,0.07620352506637573,0.9237964749336243
Ela_metadataset,XGBoost,0.8,Tuning,Tuning,0.012276530265808105,0.9877234697341919
Ela_metadataset,XGBoost,0.8,Defaults,Tuning,0.015253067016601562,0.9847469329833984
Ela_metadataset,XGBoost,0.8,Tuning,Tuning,0.0009860992431640625,0.9990139007568359
Ela_metadataset,XGBoost,0.8,Tuning,Tuning,0.406637966632843,0.593362033367157
Ela_metadataset,XGBoost,0.8,Tuning,Tuning,0.0019207000732421875,0.9980792999267578
Ela_metadataset,XGBoost,0.8,Tuning,Tuning,0.22548907995224,0.77451092004776
Ela_metadataset,XGBoost,0.8,Defaults,Tuning,0.02523672580718994,0.9747632741928101
Ela_metadataset,XGBoost,0.8,Defaults,Defaults,0.9605190753936768,0.039480943232774734
Ela_metadataset,XGBoost,0.8,Tuning,Tuning,0.05542099475860596,0.944579005241394
Ela_metadataset,XGBoost,0.8,Tuning,Tuning,0.04427754878997803,0.955722451210022
Ela_metadataset,XGBoost,0.8,Tuning,Tuning,0.019377827644348145,0.9806221723556519
Ela_metadataset,XGBoost,0.8,Tuning,Tuning,0.004272341728210449,0.9957276582717896
Ela_metadataset,XGBoost,0.8,Tuning,Tuning,0.07535427808761597,0.924645721912384
Ela_metadataset,XGBoost,0.8,Tuning,Tuning,0.019113600254058838,0.9808863997459412
Ela_metadataset,XGBoost,0.8,Tuning,Tuning,0.32330429553985596,0.676695704460144
Ela_metadataset,XGBoost,0.8,Tuning,Tuning,0.12583774328231812,0.8741622567176819
Ela_metadataset,XGBoost,0.8,Defaults,Tuning,0.23173213005065918,0.7682678699493408
Ela_metadataset,XGBoost,0.8,Tuning,Tuning,0.4023640751838684,0.5976359248161316
Ela_metadataset,XGBoost,0.8,Tuning,Defaults,0.7080382704734802,0.2919617295265198
Ela_metadataset,XGBoost,0.8,Tuning,Tuning,0.07642775774002075,0.9235722422599792
Ela_metadataset,XGBoost,0.8,Tuning,Defaults,0.9258921146392822,0.07410789281129837
Ela_metadataset,XGBoost,0.8,Defaults,Defaults,0.5032773017883301,0.4967226982116699
Ela_metadataset,XGBoost,0.8,Tuning,Tuning,0.011080920696258545,0.9889190793037415
Ela_metadataset,XGBoost,0.8,Tuning,Tuning,0.011922836303710938,0.9880771636962891
Ela_metadataset,XGBoost,0.8,Tuning,Tuning,0.005550265312194824,0.9944497346878052
Ela_metadataset,XGBoost,0.8,Defaults,Tuning,0.0030798912048339844,0.996920108795166
Ela_metadataset,XGBoost,0.8,Tuning,Tuning,0.1692914366722107,0.8307085633277893
Ela_metadataset,XGBoost,0.8,Tuning,Tuning,0.019075632095336914,0.9809243679046631
Ela_metadataset,XGBoost,0.8,Tuning,Tuning,0.12277185916900635,0.8772281408309937
Ela_metadataset,XGBoost,0.8,Defaults,Defaults,0.9536205530166626,0.046379461884498596
Ela_metadataset,XGBoost,0.8,Defaults,Defaults,0.5639655590057373,0.4360344111919403
Ela_metadataset,XGBoost,0.8,Tuning,Defaults,0.9845893383026123,0.01541066262871027
Ela_metadataset,XGBoost,0.8,Tuning,Tuning,0.0067789554595947266,0.9932210445404053
Ela_metadataset,XGBoost,0.8,Tuning,Tuning,0.008830428123474121,0.9911695718765259
Ela_metadataset,XGBoost,0.8,Defaults,Tuning,0.018271148204803467,0.9817288517951965
Ela_metadataset,XGBoost,0.8,Defaults,Defaults,0.5386027097702026,0.461397260427475
Ela_metadataset,XGBoost,0.8,Defaults,Defaults,0.9901097416877747,0.00989028625190258
Ela_metadataset,XGBoost,0.8,Tuning,Tuning,0.012244224548339844,0.9877557754516602
Ela_metadataset,XGBoost,0.8,Defaults,Defaults,0.9733659029006958,0.026634080335497856
Ela_metadataset,XGBoost,0.8,Tuning,Tuning,0.2229626178741455,0.7770373821258545
Ela_metadataset,XGBoost,0.8,Tuning,Tuning,0.029616951942443848,0.9703830480575562
Ela_metadataset,XGBoost,0.8,Defaults,Tuning,0.16190999746322632,0.8380900025367737
Ela_metadataset,XGBoost,0.8,Defaults,Tuning,0.04064840078353882,0.9593515992164612
Ela_metadataset,XGBoost,0.8,Tuning,Tuning,0.07937097549438477,0.9206290245056152
Ela_metadataset,XGBoost,0.8,Tuning,Defaults,0.782179594039917,0.21782037615776062
Ela_metadataset,XGBoost,0.8,Defaults,Tuning,0.022033095359802246,0.9779669046401978
Ela_metadataset,XGBoost,0.8,Tuning,Tuning,0.0013169646263122559,0.9986830353736877
Ela_metadataset,XGBoost,0.8,Tuning,Defaults,0.6196967959403992,0.38030320405960083
Ela_metadataset,XGBoost,0.8,Tuning,Tuning,0.42918819189071655,0.5708118081092834
Ela_metadataset,XGBoost,0.8,Tuning,Tuning,0.021807312965393066,0.9781926870346069
Ela_metadataset,XGBoost,0.85,Tuning,Tuning,0.021396160125732422,0.9786038398742676
Ela_metadataset,XGBoost,0.85,Tuning,Tuning,0.030719280242919922,0.9692807197570801
Ela_metadataset,XGBoost,0.85,Defaults,Defaults,0.8049414157867432,0.19505859911441803
Ela_metadataset,XGBoost,0.85,Tuning,Tuning,0.02005976438522339,0.9799402356147766
Ela_metadataset,XGBoost,0.85,Tuning,Tuning,0.0015475749969482422,0.9984524250030518
Ela_metadataset,XGBoost,0.85,Tuning,Tuning,0.08032000064849854,0.9196799993515015
Ela_metadataset,XGBoost,0.85,Tuning,Tuning,0.006084263324737549,0.9939157366752625
Ela_metadataset,XGBoost,0.85,Defaults,Tuning,0.011016428470611572,0.9889835715293884
Ela_metadataset,XGBoost,0.85,Defaults,Defaults,0.6310533285140991,0.36894670128822327
Ela_metadataset,XGBoost,0.85,Tuning,Tuning,0.025930345058441162,0.9740696549415588
Ela_metadataset,XGBoost,0.85,Tuning,Tuning,0.0008266568183898926,0.9991733431816101
Ela_metadataset,XGBoost,0.85,Defaults,Defaults,0.9652332067489624,0.0347667820751667
Ela_metadataset,XGBoost,0.85,Tuning,Tuning,0.19518041610717773,0.8048195838928223
Ela_metadataset,XGBoost,0.85,Tuning,Tuning,0.2650291919708252,0.7349708080291748
Ela_metadataset,XGBoost,0.85,Tuning,Tuning,0.002439737319946289,0.9975602626800537
Ela_metadataset,XGBoost,0.85,Tuning,Tuning,0.002115786075592041,0.997884213924408
Ela_metadataset,XGBoost,0.85,Defaults,Defaults,0.5794156789779663,0.4205843210220337
Ela_metadataset,XGBoost,0.85,Tuning,Tuning,0.04025447368621826,0.9597455263137817
Ela_metadataset,XGBoost,0.85,Defaults,Defaults,0.8182865977287292,0.18171340227127075
Ela_metadataset,XGBoost,0.85,Tuning,Defaults,0.9808591604232788,0.019140809774398804
Ela_metadataset,XGBoost,0.85,Tuning,Tuning,0.10993295907974243,0.8900670409202576
Ela_metadataset,XGBoost,0.85,Defaults,Defaults,0.9876360893249512,0.012363925576210022
Ela_metadataset,XGBoost,0.85,Tuning,Defaults,0.8474992513656616,0.15250076353549957
Ela_metadataset,XGBoost,0.85,Tuning,Tuning,0.07604438066482544,0.9239556193351746
Ela_metadataset,XGBoost,0.85,Tuning,Tuning,0.0052713751792907715,0.9947286248207092
Ela_metadataset,XGBoost,0.85,Tuning,Tuning,0.010046899318695068,0.9899531006813049
Ela_metadataset,XGBoost,0.85,Tuning,Tuning,0.0021170973777770996,0.9978829026222229
Ela_metadataset,XGBoost,0.85,Tuning,Tuning,0.06407415866851807,0.9359258413314819
Ela_metadataset,XGBoost,0.85,Tuning,Tuning,0.0036792755126953125,0.9963207244873047
Ela_metadataset,XGBoost,0.85,Tuning,Tuning,0.047421932220458984,0.952578067779541
Ela_metadataset,XGBoost,0.85,Tuning,Tuning,0.009840667247772217,0.9901593327522278
Ela_metadataset,XGBoost,0.85,Tuning,Tuning,0.0020031332969665527,0.9979968667030334
Ela_metadataset,XGBoost,0.85,Defaults,Defaults,0.9600276350975037,0.03997233882546425
Ela_metadataset,XGBoost,0.85,Defaults,Defaults,0.9872461557388306,0.012753836810588837
Ela_metadataset,XGBoost,0.85,Tuning,Tuning,0.002115190029144287,0.9978848099708557
Ela_metadataset,XGBoost,0.85,Tuning,Tuning,0.4769594073295593,0.5230405926704407
Ela_metadataset,XGBoost,0.85,Tuning,Tuning,0.028950989246368408,0.9710490107536316
Ela_metadataset,XGBoost,0.85,Defaults,Tuning,0.38268136978149414,0.6173186302185059
Ela_metadataset,XGBoost,0.85,Tuning,Tuning,0.0036934614181518555,0.9963065385818481
Ela_metadataset,XGBoost,0.85,Defaults,Tuning,0.304831862449646,0.695168137550354
Ela_metadataset,XGBoost,0.85,Tuning,Tuning,0.004956364631652832,0.9950436353683472
Ela_metadataset,XGBoost,0.85,Tuning,Tuning,0.0012941360473632812,0.9987058639526367
Ela_metadataset,XGBoost,0.85,Tuning,Tuning,0.019991636276245117,0.9800083637237549
Ela_metadataset,XGBoost,0.85,Tuning,Tuning,0.0018913745880126953,0.9981086254119873
Ela_metadataset,XGBoost,0.85,Tuning,Tuning,0.005449235439300537,0.9945507645606995
Ela_metadataset,XGBoost,0.85,Tuning,Tuning,0.0041654109954833984,0.9958345890045166
Ela_metadataset,XGBoost,0.85,Tuning,Tuning,0.026006996631622314,0.9739930033683777
Ela_metadataset,XGBoost,0.85,Tuning,Tuning,0.0012146830558776855,0.9987853169441223
Ela_metadataset,XGBoost,0.85,Tuning,Tuning,0.04291433095932007,0.9570856690406799
Ela_metadataset,XGBoost,0.85,Tuning,Tuning,0.002950429916381836,0.9970495700836182
Ela_metadataset,XGBoost,0.85,Defaults,Defaults,0.8758112788200378,0.12418872863054276
Ela_metadataset,XGBoost,0.85,Tuning,Tuning,0.12201422452926636,0.8779857754707336
Ela_metadataset,XGBoost,0.85,Tuning,Tuning,0.009473204612731934,0.9905267953872681
Ela_metadataset,XGBoost,0.85,Defaults,Tuning,0.007355868816375732,0.9926441311836243
Ela_metadataset,XGBoost,0.85,Tuning,Defaults,0.5475542545318604,0.45244571566581726
Ela_metadataset,XGBoost,0.85,Tuning,Tuning,0.08101320266723633,0.9189867973327637
Ela_metadataset,XGBoost,0.85,Tuning,Tuning,0.0018182992935180664,0.9981817007064819
Ela_metadataset,XGBoost,0.85,Tuning,Defaults,0.9919379949569702,0.008061999455094337
Ela_metadataset,XGBoost,0.85,Tuning,Tuning,0.01758497953414917,0.9824150204658508
Ela_metadataset,XGBoost,0.85,Tuning,Tuning,0.05943983793258667,0.9405601620674133
Ela_metadataset,XGBoost,0.85,Tuning,Tuning,0.12824475765228271,0.8717552423477173
Ela_metadataset,XGBoost,0.85,Tuning,Tuning,0.012906134128570557,0.9870938658714294
Ela_metadataset,XGBoost,0.85,Tuning,Tuning,0.004452109336853027,0.995547890663147
Ela_metadataset,XGBoost,0.85,Defaults,Tuning,0.20834112167358398,0.791658878326416
Ela_metadataset,XGBoost,0.85,Tuning,Tuning,0.1376095414161682,0.8623904585838318
Ela_metadataset,XGBoost,0.85,Defaults,Defaults,0.9275899529457092,0.07241002470254898
Ela_metadataset,XGBoost,0.85,Tuning,Tuning,0.0024712681770324707,0.9975287318229675
Ela_metadataset,XGBoost,0.85,Tuning,Tuning,0.009170770645141602,0.9908292293548584
Ela_metadataset,XGBoost,0.85,Tuning,Tuning,0.005378127098083496,0.9946218729019165
Ela_metadataset,XGBoost,0.85,Tuning,Tuning,0.4811100363731384,0.5188899636268616
Ela_metadataset,XGBoost,0.85,Tuning,Defaults,0.7734084725379944,0.22659151256084442
Ela_metadataset,XGBoost,0.85,Defaults,Tuning,0.024728119373321533,0.9752718806266785
Ela_metadataset,XGBoost,0.85,Tuning,Tuning,0.06513488292694092,0.9348651170730591
Ela_metadataset,XGBoost,0.85,Defaults,Defaults,0.8031495809555054,0.19685043394565582
Ela_metadataset,XGBoost,0.85,Defaults,Defaults,0.5422962307929993,0.45770376920700073
Ela_metadataset,XGBoost,0.85,Defaults,Tuning,0.39272189140319824,0.6072781085968018
Ela_metadataset,XGBoost,0.85,Defaults,Defaults,0.9528458714485168,0.047154154628515244
Ela_metadataset,XGBoost,0.85,Tuning,Tuning,0.04596734046936035,0.9540326595306396
Ela_metadataset,XGBoost,0.85,Tuning,Tuning,0.051366329193115234,0.9486336708068848
Ela_metadataset,XGBoost,0.85,Tuning,Tuning,0.0021939873695373535,0.9978060126304626
Ela_metadataset,XGBoost,0.85,Defaults,Tuning,0.3018203377723694,0.6981796622276306
Ela_metadataset,XGBoost,0.85,Defaults,Tuning,0.1051216721534729,0.8948783278465271
Ela_metadataset,XGBoost,0.85,Defaults,Tuning,0.19397348165512085,0.8060265183448792
Ela_metadataset,XGBoost,0.85,Defaults,Defaults,0.9985824823379517,0.0014175038086250424
Ela_metadataset,XGBoost,0.85,Tuning,Defaults,0.5646843314170837,0.43531566858291626
Ela_metadataset,XGBoost,0.85,Tuning,Tuning,0.4402938485145569,0.5597061514854431
Ela_metadataset,XGBoost,0.85,Defaults,Defaults,0.9744322896003723,0.02556769549846649
Ela_metadataset,XGBoost,0.85,Tuning,Tuning,0.002475917339324951,0.997524082660675
Ela_metadataset,XGBoost,0.85,Defaults,Tuning,0.025096476078033447,0.9749035239219666
Ela_metadataset,XGBoost,0.85,Tuning,Tuning,0.0022702813148498535,0.9977297186851501
Ela_metadataset,XGBoost,0.85,Tuning,Tuning,0.03800696134567261,0.9619930386543274
Ela_metadataset,XGBoost,0.85,Defaults,Tuning,0.21907520294189453,0.7809247970581055
Ela_metadataset,XGBoost,0.85,Tuning,Tuning,0.216164231300354,0.783835768699646
Ela_metadataset,XGBoost,0.85,Defaults,Defaults,0.9163536429405212,0.08364634960889816
Ela_metadataset,XGBoost,0.85,Tuning,Tuning,0.02810293436050415,0.9718970656394958
Ela_metadataset,XGBoost,0.85,Tuning,Tuning,0.012812376022338867,0.9871876239776611
Ela_metadataset,XGBoost,0.85,Tuning,Tuning,0.03700977563858032,0.9629902243614197
Ela_metadataset,XGBoost,0.85,Defaults,Tuning,0.009213030338287354,0.9907869696617126
Ela_metadataset,XGBoost,0.85,Tuning,Tuning,0.01093447208404541,0.9890655279159546
Ela_metadataset,XGBoost,0.85,Tuning,Tuning,0.040355145931243896,0.9596448540687561
Ela_metadataset,XGBoost,0.85,Tuning,Tuning,0.0061727166175842285,0.9938272833824158
Ela_metadataset,XGBoost,0.85,Defaults,Tuning,0.006945312023162842,0.9930546879768372
Ela_metadataset,XGBoost,0.85,Tuning,Tuning,0.05427396297454834,0.9457260370254517
Ela_metadataset,XGBoost,0.85,Tuning,Tuning,0.012790918350219727,0.9872090816497803
Ela_metadataset,XGBoost,0.85,Tuning,Tuning,0.0035563111305236816,0.9964436888694763
Ela_metadataset,XGBoost,0.85,Tuning,Tuning,0.015762031078338623,0.9842379689216614
Ela_metadataset,XGBoost,0.85,Tuning,Defaults,0.6748179197311401,0.32518208026885986
Ela_metadataset,XGBoost,0.85,Tuning,Tuning,0.005737602710723877,0.9942623972892761
Ela_metadataset,XGBoost,0.85,Tuning,Tuning,0.02019745111465454,0.9798025488853455
Ela_metadataset,XGBoost,0.85,Defaults,Tuning,0.1212359070777893,0.8787640929222107
Ela_metadataset,XGBoost,0.85,Tuning,Tuning,0.009281814098358154,0.9907181859016418
Ela_metadataset,XGBoost,0.85,Tuning,Tuning,0.0017921924591064453,0.9982078075408936
Ela_metadataset,XGBoost,0.85,Tuning,Tuning,0.02480781078338623,0.9751921892166138
Ela_metadataset,XGBoost,0.85,Tuning,Tuning,0.03206789493560791,0.9679321050643921
Ela_metadataset,XGBoost,0.85,Tuning,Tuning,0.029724717140197754,0.9702752828598022
Ela_metadataset,XGBoost,0.85,Tuning,Tuning,0.0012496709823608398,0.9987503290176392
Ela_metadataset,XGBoost,0.85,Tuning,Tuning,0.24032580852508545,0.7596741914749146
Ela_metadataset,XGBoost,0.85,Tuning,Defaults,0.5981281995773315,0.40187183022499084
Ela_metadataset,XGBoost,0.85,Defaults,Tuning,0.4461356997489929,0.5538643002510071
Ela_metadataset,XGBoost,0.85,Tuning,Tuning,0.011560320854187012,0.988439679145813
Ela_metadataset,XGBoost,0.85,Defaults,Tuning,0.04850351810455322,0.9514964818954468
Ela_metadataset,XGBoost,0.85,Tuning,Tuning,0.0008498430252075195,0.9991501569747925
Ela_metadataset,XGBoost,0.85,Tuning,Tuning,0.296600878238678,0.703399121761322
Ela_metadataset,XGBoost,0.85,Tuning,Tuning,0.0029399991035461426,0.9970600008964539
Ela_metadataset,XGBoost,0.85,Tuning,Tuning,0.18739479780197144,0.8126052021980286
Ela_metadataset,XGBoost,0.85,Defaults,Tuning,0.07998239994049072,0.9200176000595093
Ela_metadataset,XGBoost,0.85,Defaults,Defaults,0.9382238388061523,0.061776190996170044
Ela_metadataset,XGBoost,0.85,Tuning,Tuning,0.04438656568527222,0.9556134343147278
Ela_metadataset,XGBoost,0.85,Tuning,Tuning,0.18141412734985352,0.8185858726501465
Ela_metadataset,XGBoost,0.85,Tuning,Tuning,0.012761175632476807,0.9872388243675232
Ela_metadataset,XGBoost,0.85,Tuning,Tuning,0.007565975189208984,0.992434024810791
Ela_metadataset,XGBoost,0.85,Tuning,Tuning,0.08600836992263794,0.9139916300773621
Ela_metadataset,XGBoost,0.85,Tuning,Tuning,0.04224371910095215,0.9577562808990479
Ela_metadataset,XGBoost,0.85,Tuning,Tuning,0.09167850017547607,0.9083214998245239
Ela_metadataset,XGBoost,0.85,Tuning,Tuning,0.30692511796951294,0.6930748820304871
Ela_metadataset,XGBoost,0.85,Defaults,Tuning,0.2854738235473633,0.7145261764526367
Ela_metadataset,XGBoost,0.85,Tuning,Defaults,0.9169875383377075,0.08301245421171188
Ela_metadataset,XGBoost,0.85,Tuning,Defaults,0.890072226524353,0.10992780327796936
Ela_metadataset,XGBoost,0.85,Tuning,Tuning,0.05336177349090576,0.9466382265090942
Ela_metadataset,XGBoost,0.85,Tuning,Defaults,0.986784040927887,0.013215986080467701
Ela_metadataset,XGBoost,0.85,Defaults,Tuning,0.45747441053390503,0.542525589466095
Ela_metadataset,XGBoost,0.85,Tuning,Tuning,0.011458158493041992,0.988541841506958
Ela_metadataset,XGBoost,0.85,Tuning,Tuning,0.015727758407592773,0.9842722415924072
Ela_metadataset,XGBoost,0.85,Tuning,Tuning,0.0029973387718200684,0.9970026612281799
Ela_metadataset,XGBoost,0.85,Defaults,Tuning,0.0015763044357299805,0.99842369556427
Ela_metadataset,XGBoost,0.85,Tuning,Tuning,0.4141066074371338,0.5858933925628662
Ela_metadataset,XGBoost,0.85,Tuning,Tuning,0.07079356908798218,0.9292064309120178
Ela_metadataset,XGBoost,0.85,Tuning,Tuning,0.1341279149055481,0.8658720850944519
Ela_metadataset,XGBoost,0.85,Defaults,Defaults,0.9555774927139282,0.04442248493432999
Ela_metadataset,XGBoost,0.85,Defaults,Tuning,0.2408657670021057,0.7591342329978943
Ela_metadataset,XGBoost,0.85,Tuning,Defaults,0.9543244242668152,0.045675598084926605
Ela_metadataset,XGBoost,0.85,Tuning,Tuning,0.00774616003036499,0.992253839969635
Ela_metadataset,XGBoost,0.85,Tuning,Tuning,0.009105682373046875,0.9908943176269531
Ela_metadataset,XGBoost,0.85,Defaults,Tuning,0.012434065341949463,0.9875659346580505
Ela_metadataset,XGBoost,0.85,Defaults,Tuning,0.29214155673980713,0.7078584432601929
Ela_metadataset,XGBoost,0.85,Defaults,Defaults,0.993628740310669,0.006371269468218088
Ela_metadataset,XGBoost,0.85,Tuning,Tuning,0.010157763957977295,0.9898422360420227
Ela_metadataset,XGBoost,0.85,Defaults,Defaults,0.5668563842773438,0.43314364552497864
Ela_metadataset,XGBoost,0.85,Tuning,Tuning,0.34515106678009033,0.6548489332199097
Ela_metadataset,XGBoost,0.85,Tuning,Tuning,0.00876075029373169,0.9912392497062683
Ela_metadataset,XGBoost,0.85,Defaults,Tuning,0.08784878253936768,0.9121512174606323
Ela_metadataset,XGBoost,0.85,Defaults,Tuning,0.1906248927116394,0.8093751072883606
Ela_metadataset,XGBoost,0.85,Tuning,Defaults,0.5251691937446594,0.4748308062553406
Ela_metadataset,XGBoost,0.85,Tuning,Defaults,0.5736474394798279,0.4263525605201721
Ela_metadataset,XGBoost,0.85,Defaults,Tuning,0.06709468364715576,0.9329053163528442
Ela_metadataset,XGBoost,0.85,Tuning,Tuning,0.0014074444770812988,0.9985925555229187
Ela_metadataset,XGBoost,0.85,Tuning,Tuning,0.2425946593284607,0.7574053406715393
Ela_metadataset,XGBoost,0.85,Tuning,Defaults,0.6681037545204163,0.33189624547958374
Ela_metadataset,XGBoost,0.85,Tuning,Tuning,0.0279158353805542,0.9720841646194458
Ela_metadataset,XGBoost,0.9,Tuning,Tuning,0.0446319580078125,0.9553680419921875
Ela_metadataset,XGBoost,0.9,Tuning,Tuning,0.01671057939529419,0.9832894206047058
Ela_metadataset,XGBoost,0.9,Defaults,Defaults,0.6731309294700623,0.32686907052993774
Ela_metadataset,XGBoost,0.9,Tuning,Tuning,0.0071302056312561035,0.9928697943687439
Ela_metadataset,XGBoost,0.9,Tuning,Tuning,0.0011038780212402344,0.9988961219787598
Ela_metadataset,XGBoost,0.9,Tuning,Tuning,0.05187326669692993,0.9481267333030701
Ela_metadataset,XGBoost,0.9,Tuning,Tuning,0.008791565895080566,0.9912084341049194
Ela_metadataset,XGBoost,0.9,Defaults,Tuning,0.008646190166473389,0.9913538098335266
Ela_metadataset,XGBoost,0.9,Defaults,Defaults,0.6438853144645691,0.3561146855354309
Ela_metadataset,XGBoost,0.9,Tuning,Tuning,0.08815056085586548,0.9118494391441345
Ela_metadataset,XGBoost,0.9,Tuning,Tuning,0.0012552738189697266,0.9987447261810303
Ela_metadataset,XGBoost,0.9,Defaults,Defaults,0.9556797742843628,0.0443202368915081
Ela_metadataset,XGBoost,0.9,Tuning,Tuning,0.273138165473938,0.726861834526062
Ela_metadataset,XGBoost,0.9,Tuning,Tuning,0.2686903476715088,0.7313096523284912
Ela_metadataset,XGBoost,0.9,Tuning,Tuning,0.0026382803916931152,0.9973617196083069
Ela_metadataset,XGBoost,0.9,Tuning,Tuning,0.003270745277404785,0.9967292547225952
Ela_metadataset,XGBoost,0.9,Defaults,Defaults,0.7498380541801453,0.25016194581985474
Ela_metadataset,XGBoost,0.9,Tuning,Tuning,0.03923755884170532,0.9607624411582947
Ela_metadataset,XGBoost,0.9,Defaults,Defaults,0.592985212802887,0.40701478719711304
Ela_metadataset,XGBoost,0.9,Tuning,Defaults,0.9866847395896912,0.013315270654857159
Ela_metadataset,XGBoost,0.9,Tuning,Tuning,0.06997460126876831,0.9300253987312317
Ela_metadataset,XGBoost,0.9,Defaults,Defaults,0.9793930053710938,0.020606976002454758
Ela_metadataset,XGBoost,0.9,Tuning,Defaults,0.7067034244537354,0.29329660534858704
Ela_metadataset,XGBoost,0.9,Tuning,Tuning,0.13049715757369995,0.8695028424263
Ela_metadataset,XGBoost,0.9,Tuning,Tuning,0.003200054168701172,0.9967999458312988
Ela_metadataset,XGBoost,0.9,Tuning,Tuning,0.004202723503112793,0.9957972764968872
Ela_metadataset,XGBoost,0.9,Tuning,Tuning,0.005675137042999268,0.9943248629570007
Ela_metadataset,XGBoost,0.9,Tuning,Tuning,0.06762629747390747,0.9323737025260925
Ela_metadataset,XGBoost,0.9,Tuning,Tuning,0.004790961742401123,0.9952090382575989
Ela_metadataset,XGBoost,0.9,Tuning,Tuning,0.03304600715637207,0.9669539928436279
Ela_metadataset,XGBoost,0.9,Tuning,Tuning,0.007079899311065674,0.9929201006889343
Ela_metadataset,XGBoost,0.9,Tuning,Tuning,0.0052817463874816895,0.9947182536125183
Ela_metadataset,XGBoost,0.9,Defaults,Defaults,0.9578356742858887,0.042164336889982224
Ela_metadataset,XGBoost,0.9,Defaults,Defaults,0.9924709796905518,0.007528997492045164
Ela_metadataset,XGBoost,0.9,Tuning,Tuning,0.002892434597015381,0.9971075654029846
Ela_metadataset,XGBoost,0.9,Tuning,Defaults,0.5156163573265076,0.48438364267349243
Ela_metadataset,XGBoost,0.9,Tuning,Tuning,0.034471213817596436,0.9655287861824036
Ela_metadataset,XGBoost,0.9,Defaults,Tuning,0.4288180470466614,0.5711819529533386
Ela_metadataset,XGBoost,0.9,Tuning,Tuning,0.006883680820465088,0.9931163191795349
Ela_metadataset,XGBoost,0.9,Defaults,Tuning,0.28999191522598267,0.7100080847740173
Ela_metadataset,XGBoost,0.9,Tuning,Tuning,0.004742324352264404,0.9952576756477356
Ela_metadataset,XGBoost,0.9,Tuning,Tuning,0.0007483363151550293,0.999251663684845
Ela_metadataset,XGBoost,0.9,Tuning,Tuning,0.01273047924041748,0.9872695207595825
Ela_metadataset,XGBoost,0.9,Tuning,Tuning,0.0012249350547790527,0.998775064945221
Ela_metadataset,XGBoost,0.9,Tuning,Tuning,0.004888713359832764,0.9951112866401672
Ela_metadataset,XGBoost,0.9,Tuning,Tuning,0.005479335784912109,0.9945206642150879
Ela_metadataset,XGBoost,0.9,Tuning,Tuning,0.022147297859191895,0.9778527021408081
Ela_metadataset,XGBoost,0.9,Tuning,Tuning,0.001081705093383789,0.9989182949066162
Ela_metadataset,XGBoost,0.9,Tuning,Tuning,0.06684160232543945,0.9331583976745605
Ela_metadataset,XGBoost,0.9,Tuning,Tuning,0.0011414289474487305,0.9988585710525513
Ela_metadataset,XGBoost,0.9,Defaults,Defaults,0.8995600342750549,0.10043995827436447
Ela_metadataset,XGBoost,0.9,Tuning,Tuning,0.22403669357299805,0.775963306427002
Ela_metadataset,XGBoost,0.9,Tuning,Tuning,0.010258674621582031,0.989741325378418
Ela_metadataset,XGBoost,0.9,Defaults,Tuning,0.009075582027435303,0.9909244179725647
Ela_metadataset,XGBoost,0.9,Tuning,Defaults,0.582871675491333,0.417128324508667
Ela_metadataset,XGBoost,0.9,Tuning,Tuning,0.03183215856552124,0.9681678414344788
Ela_metadataset,XGBoost,0.9,Tuning,Tuning,0.0013734102249145508,0.9986265897750854
Ela_metadataset,XGBoost,0.9,Tuning,Defaults,0.9948639273643494,0.005136054940521717
Ela_metadataset,XGBoost,0.9,Tuning,Tuning,0.018973469734191895,0.9810265302658081
Ela_metadataset,XGBoost,0.9,Tuning,Tuning,0.0697176456451416,0.9302823543548584
Ela_metadataset,XGBoost,0.9,Tuning,Tuning,0.1571347713470459,0.8428652286529541
Ela_metadataset,XGBoost,0.9,Tuning,Tuning,0.008388340473175049,0.991611659526825
Ela_metadataset,XGBoost,0.9,Tuning,Tuning,0.0017431378364562988,0.9982568621635437
Ela_metadataset,XGBoost,0.9,Defaults,Tuning,0.18488091230392456,0.8151190876960754
Ela_metadataset,XGBoost,0.9,Tuning,Tuning,0.43628990650177,0.56371009349823
Ela_metadataset,XGBoost,0.9,Defaults,Defaults,0.9249159693717957,0.07508400827646255
Ela_metadataset,XGBoost,0.9,Tuning,Tuning,0.001782834529876709,0.9982171654701233
Ela_metadataset,XGBoost,0.9,Tuning,Tuning,0.015256226062774658,0.9847437739372253
Ela_metadataset,XGBoost,0.9,Tuning,Tuning,0.0069997310638427734,0.9930002689361572
Ela_metadataset,XGBoost,0.9,Tuning,Defaults,0.5473494529724121,0.4526505172252655
Ela_metadataset,XGBoost,0.9,Tuning,Defaults,0.8909845352172852,0.10901547223329544
Ela_metadataset,XGBoost,0.9,Defaults,Tuning,0.027035832405090332,0.9729641675949097
Ela_metadataset,XGBoost,0.9,Tuning,Tuning,0.023075103759765625,0.9769248962402344
Ela_metadataset,XGBoost,0.9,Defaults,Tuning,0.3721235990524292,0.6278764009475708
Ela_metadataset,XGBoost,0.9,Defaults,Defaults,0.6441134214401245,0.3558865487575531
Ela_metadataset,XGBoost,0.9,Defaults,Defaults,0.5678672790527344,0.43213269114494324
Ela_metadataset,XGBoost,0.9,Defaults,Defaults,0.8867970705032349,0.11320292204618454
Ela_metadataset,XGBoost,0.9,Tuning,Tuning,0.017537832260131836,0.9824621677398682
Ela_metadataset,XGBoost,0.9,Tuning,Tuning,0.025269150733947754,0.9747308492660522
Ela_metadataset,XGBoost,0.9,Tuning,Tuning,0.0032126903533935547,0.9967873096466064
Ela_metadataset,XGBoost,0.9,Defaults,Tuning,0.45038241147994995,0.54961758852005
Ela_metadataset,XGBoost,0.9,Defaults,Tuning,0.09686332941055298,0.903136670589447
Ela_metadataset,XGBoost,0.9,Defaults,Tuning,0.222165048122406,0.777834951877594
Ela_metadataset,XGBoost,0.9,Defaults,Defaults,0.997935950756073,0.002064031781628728
Ela_metadataset,XGBoost,0.9,Tuning,Defaults,0.7613248825073242,0.23867513239383698
Ela_metadataset,XGBoost,0.9,Tuning,Defaults,0.5081051588058472,0.4918948709964752
Ela_metadataset,XGBoost,0.9,Defaults,Defaults,0.9655550122261047,0.03444499894976616
Ela_metadataset,XGBoost,0.9,Tuning,Tuning,0.0017292499542236328,0.9982707500457764
Ela_metadataset,XGBoost,0.9,Defaults,Tuning,0.02631521224975586,0.9736847877502441
Ela_metadataset,XGBoost,0.9,Tuning,Tuning,0.004564821720123291,0.9954351782798767
Ela_metadataset,XGBoost,0.9,Tuning,Tuning,0.04555600881576538,0.9544439911842346
Ela_metadataset,XGBoost,0.9,Defaults,Tuning,0.20154982805252075,0.7984501719474792
Ela_metadataset,XGBoost,0.9,Tuning,Tuning,0.2721945643424988,0.7278054356575012
Ela_metadataset,XGBoost,0.9,Defaults,Defaults,0.8560391068458557,0.1439608782529831
Ela_metadataset,XGBoost,0.9,Tuning,Tuning,0.020739972591400146,0.9792600274085999
Ela_metadataset,XGBoost,0.9,Tuning,Tuning,0.009171485900878906,0.9908285140991211
Ela_metadataset,XGBoost,0.9,Tuning,Tuning,0.0688314437866211,0.9311685562133789
Ela_metadataset,XGBoost,0.9,Defaults,Tuning,0.005680441856384277,0.9943195581436157
Ela_metadataset,XGBoost,0.9,Tuning,Tuning,0.020320117473602295,0.9796798825263977
Ela_metadataset,XGBoost,0.9,Tuning,Tuning,0.03318488597869873,0.9668151140213013
Ela_metadataset,XGBoost,0.9,Tuning,Tuning,0.011066913604736328,0.9889330863952637
Ela_metadataset,XGBoost,0.9,Defaults,Tuning,0.007252991199493408,0.9927470088005066
Ela_metadataset,XGBoost,0.9,Tuning,Tuning,0.04403829574584961,0.9559617042541504
Ela_metadataset,XGBoost,0.9,Tuning,Tuning,0.014993488788604736,0.9850065112113953
Ela_metadataset,XGBoost,0.9,Tuning,Tuning,0.0030555129051208496,0.9969444870948792
Ela_metadataset,XGBoost,0.9,Tuning,Tuning,0.03639185428619385,0.9636081457138062
Ela_metadataset,XGBoost,0.9,Tuning,Defaults,0.6873775124549866,0.3126224875450134
Ela_metadataset,XGBoost,0.9,Tuning,Tuning,0.005059719085693359,0.9949402809143066
Ela_metadataset,XGBoost,0.9,Tuning,Tuning,0.025121212005615234,0.9748787879943848
Ela_metadataset,XGBoost,0.9,Defaults,Tuning,0.09118181467056274,0.9088181853294373
Ela_metadataset,XGBoost,0.9,Tuning,Tuning,0.014168024063110352,0.9858319759368896
Ela_metadataset,XGBoost,0.9,Tuning,Tuning,0.0018729567527770996,0.9981270432472229
Ela_metadataset,XGBoost,0.9,Tuning,Tuning,0.02848571538925171,0.9715142846107483
Ela_metadataset,XGBoost,0.9,Tuning,Tuning,0.02909696102142334,0.9709030389785767
Ela_metadataset,XGBoost,0.9,Tuning,Tuning,0.030553162097930908,0.9694468379020691
Ela_metadataset,XGBoost,0.9,Tuning,Tuning,0.0007336735725402832,0.9992663264274597
Ela_metadataset,XGBoost,0.9,Tuning,Tuning,0.11250263452529907,0.8874973654747009
Ela_metadataset,XGBoost,0.9,Tuning,Tuning,0.43464183807373047,0.5653581619262695
Ela_metadataset,XGBoost,0.9,Defaults,Tuning,0.13603246212005615,0.8639675378799438
Ela_metadataset,XGBoost,0.9,Tuning,Tuning,0.015098154544830322,0.9849018454551697
Ela_metadataset,XGBoost,0.9,Defaults,Tuning,0.017495691776275635,0.9825043082237244
Ela_metadataset,XGBoost,0.9,Tuning,Tuning,0.0006161928176879883,0.999383807182312
Ela_metadataset,XGBoost,0.9,Tuning,Tuning,0.427490770816803,0.572509229183197
Ela_metadataset,XGBoost,0.9,Tuning,Tuning,0.0029584765434265137,0.9970415234565735
Ela_metadataset,XGBoost,0.9,Tuning,Tuning,0.11659705638885498,0.883402943611145
Ela_metadataset,XGBoost,0.9,Defaults,Tuning,0.0773499608039856,0.9226500391960144
Ela_metadataset,XGBoost,0.9,Defaults,Defaults,0.8941529393196106,0.10584703832864761
Ela_metadataset,XGBoost,0.9,Tuning,Tuning,0.014049708843231201,0.9859502911567688
Ela_metadataset,XGBoost,0.9,Tuning,Tuning,0.13132983446121216,0.8686701655387878
Ela_metadataset,XGBoost,0.9,Tuning,Tuning,0.0216333270072937,0.9783666729927063
Ela_metadataset,XGBoost,0.9,Tuning,Tuning,0.006076991558074951,0.993923008441925
Ela_metadataset,XGBoost,0.9,Tuning,Tuning,0.05431300401687622,0.9456869959831238
Ela_metadataset,XGBoost,0.9,Tuning,Tuning,0.02196967601776123,0.9780303239822388
Ela_metadataset,XGBoost,0.9,Tuning,Tuning,0.08568716049194336,0.9143128395080566
Ela_metadataset,XGBoost,0.9,Tuning,Tuning,0.21278077363967896,0.787219226360321
Ela_metadataset,XGBoost,0.9,Defaults,Tuning,0.18265116214752197,0.817348837852478
Ela_metadataset,XGBoost,0.9,Tuning,Defaults,0.907869815826416,0.09213020652532578
Ela_metadataset,XGBoost,0.9,Tuning,Defaults,0.7733831405639648,0.22661687433719635
Ela_metadataset,XGBoost,0.9,Tuning,Tuning,0.028527438640594482,0.9714725613594055
Ela_metadataset,XGBoost,0.9,Tuning,Defaults,0.985832691192627,0.01416732370853424
Ela_metadataset,XGBoost,0.9,Defaults,Tuning,0.44079047441482544,0.5592095255851746
Ela_metadataset,XGBoost,0.9,Tuning,Tuning,0.010128796100616455,0.9898712038993835
Ela_metadataset,XGBoost,0.9,Tuning,Tuning,0.014426648616790771,0.9855733513832092
Ela_metadataset,XGBoost,0.9,Tuning,Tuning,0.002798914909362793,0.9972010850906372
Ela_metadataset,XGBoost,0.9,Defaults,Tuning,0.0020588040351867676,0.9979411959648132
Ela_metadataset,XGBoost,0.9,Tuning,Tuning,0.2896338701248169,0.7103661298751831
Ela_metadataset,XGBoost,0.9,Tuning,Tuning,0.07637578248977661,0.9236242175102234
Ela_metadataset,XGBoost,0.9,Tuning,Tuning,0.11675024032592773,0.8832497596740723
Ela_metadataset,XGBoost,0.9,Defaults,Defaults,0.9395608901977539,0.06043911725282669
Ela_metadataset,XGBoost,0.9,Defaults,Defaults,0.7082882523536682,0.2917117476463318
Ela_metadataset,XGBoost,0.9,Tuning,Defaults,0.9478139877319336,0.05218600481748581
Ela_metadataset,XGBoost,0.9,Tuning,Tuning,0.009632110595703125,0.9903678894042969
Ela_metadataset,XGBoost,0.9,Tuning,Tuning,0.011009454727172852,0.9889905452728271
Ela_metadataset,XGBoost,0.9,Defaults,Tuning,0.01872730255126953,0.9812726974487305
Ela_metadataset,XGBoost,0.9,Defaults,Tuning,0.35867881774902344,0.6413211822509766
Ela_metadataset,XGBoost,0.9,Defaults,Defaults,0.9913271069526672,0.008672885596752167
Ela_metadataset,XGBoost,0.9,Tuning,Tuning,0.019230008125305176,0.9807699918746948
Ela_metadataset,XGBoost,0.9,Defaults,Tuning,0.47583556175231934,0.5241644382476807
Ela_metadataset,XGBoost,0.9,Tuning,Tuning,0.39076709747314453,0.6092329025268555
Ela_metadataset,XGBoost,0.9,Tuning,Tuning,0.0032699108123779297,0.9967300891876221
Ela_metadataset,XGBoost,0.9,Defaults,Tuning,0.061001479625701904,0.9389985203742981
Ela_metadataset,XGBoost,0.9,Defaults,Tuning,0.18964749574661255,0.8103525042533875
Ela_metadataset,XGBoost,0.9,Tuning,Defaults,0.5057918429374695,0.4942081570625305
Ela_metadataset,XGBoost,0.9,Tuning,Defaults,0.5502244234085083,0.4497755765914917
Ela_metadataset,XGBoost,0.9,Defaults,Tuning,0.03259432315826416,0.9674056768417358
Ela_metadataset,XGBoost,0.9,Tuning,Tuning,0.0010358095169067383,0.9989641904830933
Ela_metadataset,XGBoost,0.9,Tuning,Tuning,0.22243887186050415,0.7775611281394958
Ela_metadataset,XGBoost,0.9,Tuning,Defaults,0.680599570274353,0.3194003999233246
Ela_metadataset,XGBoost,0.9,Tuning,Tuning,0.021447300910949707,0.9785526990890503
Ela_metadataset,XGBoost,0.95,Tuning,Tuning,0.009656071662902832,0.9903439283370972
Ela_metadataset,XGBoost,0.95,Tuning,Tuning,0.003960132598876953,0.996039867401123
Ela_metadataset,XGBoost,0.95,Defaults,Defaults,0.9677241444587708,0.032275862991809845
Ela_metadataset,XGBoost,0.95,Tuning,Tuning,0.12717288732528687,0.8728271126747131
Ela_metadataset,XGBoost,0.95,Tuning,Tuning,0.0007924437522888184,0.9992075562477112
Ela_metadataset,XGBoost,0.95,Tuning,Tuning,0.022214770317077637,0.9777852296829224
Ela_metadataset,XGBoost,0.95,Tuning,Tuning,0.018992364406585693,0.9810076355934143
Ela_metadataset,XGBoost,0.95,Defaults,Tuning,0.0142134428024292,0.9857865571975708
Ela_metadataset,XGBoost,0.95,Defaults,Defaults,0.6856673359870911,0.31433266401290894
Ela_metadataset,XGBoost,0.95,Tuning,Tuning,0.1061546802520752,0.8938453197479248
Ela_metadataset,XGBoost,0.95,Tuning,Tuning,0.0007810592651367188,0.9992189407348633
Ela_metadataset,XGBoost,0.95,Defaults,Defaults,0.9330725073814392,0.06692750006914139
Ela_metadataset,XGBoost,0.95,Tuning,Tuning,0.028186798095703125,0.9718132019042969
Ela_metadataset,XGBoost,0.95,Tuning,Tuning,0.3794819712638855,0.6205180287361145
Ela_metadataset,XGBoost,0.95,Tuning,Tuning,0.001490771770477295,0.9985092282295227
Ela_metadataset,XGBoost,0.95,Tuning,Tuning,0.002352893352508545,0.9976471066474915
Ela_metadataset,XGBoost,0.95,Defaults,Tuning,0.2650300860404968,0.7349699139595032
Ela_metadataset,XGBoost,0.95,Tuning,Tuning,0.02703934907913208,0.9729606509208679
Ela_metadataset,XGBoost,0.95,Defaults,Defaults,0.6880592107772827,0.3119407892227173
Ela_metadataset,XGBoost,0.95,Tuning,Defaults,0.9766636490821838,0.023336360231041908
Ela_metadataset,XGBoost,0.95,Tuning,Tuning,0.3215944766998291,0.6784055233001709
Ela_metadataset,XGBoost,0.95,Defaults,Defaults,0.9691022038459778,0.030897798016667366
Ela_metadataset,XGBoost,0.95,Tuning,Defaults,0.5496156215667725,0.45038437843322754
Ela_metadataset,XGBoost,0.95,Tuning,Tuning,0.09065693616867065,0.9093430638313293
Ela_metadataset,XGBoost,0.95,Tuning,Tuning,0.007650971412658691,0.9923490285873413
Ela_metadataset,XGBoost,0.95,Tuning,Tuning,0.020929336547851562,0.9790706634521484
Ela_metadataset,XGBoost,0.95,Tuning,Tuning,0.010120034217834473,0.9898799657821655
Ela_metadataset,XGBoost,0.95,Tuning,Tuning,0.10741031169891357,0.8925896883010864
Ela_metadataset,XGBoost,0.95,Tuning,Tuning,0.0028591156005859375,0.9971408843994141
Ela_metadataset,XGBoost,0.95,Tuning,Tuning,0.008420586585998535,0.9915794134140015
Ela_metadataset,XGBoost,0.95,Tuning,Tuning,0.009642302989959717,0.9903576970100403
Ela_metadataset,XGBoost,0.95,Tuning,Tuning,0.0030493736267089844,0.996950626373291
Ela_metadataset,XGBoost,0.95,Defaults,Defaults,0.935029149055481,0.06497084349393845
Ela_metadataset,XGBoost,0.95,Defaults,Defaults,0.981605052947998,0.018394947052001953
Ela_metadataset,XGBoost,0.95,Tuning,Tuning,0.0011307597160339355,0.9988692402839661
Ela_metadataset,XGBoost,0.95,Tuning,Tuning,0.19481825828552246,0.8051817417144775
Ela_metadataset,XGBoost,0.95,Tuning,Tuning,0.029043257236480713,0.9709567427635193
Ela_metadataset,XGBoost,0.95,Defaults,Defaults,0.6012132167816162,0.3987868130207062
Ela_metadataset,XGBoost,0.95,Tuning,Tuning,0.0025034546852111816,0.9974965453147888
Ela_metadataset,XGBoost,0.95,Defaults,Tuning,0.2580101490020752,0.7419898509979248
Ela_metadataset,XGBoost,0.95,Tuning,Tuning,0.006050467491149902,0.9939495325088501
Ela_metadataset,XGBoost,0.95,Tuning,Tuning,0.0017488598823547363,0.9982511401176453
Ela_metadataset,XGBoost,0.95,Tuning,Tuning,0.047754883766174316,0.9522451162338257
Ela_metadataset,XGBoost,0.95,Tuning,Tuning,0.00045305490493774414,0.9995469450950623
Ela_metadataset,XGBoost,0.95,Tuning,Tuning,0.03252202272415161,0.9674779772758484
Ela_metadataset,XGBoost,0.95,Tuning,Tuning,0.018230557441711426,0.9817694425582886
Ela_metadataset,XGBoost,0.95,Tuning,Tuning,0.021979033946990967,0.978020966053009
Ela_metadataset,XGBoost,0.95,Tuning,Tuning,0.009500086307525635,0.9904999136924744
Ela_metadataset,XGBoost,0.95,Tuning,Tuning,0.025897979736328125,0.9741020202636719
Ela_metadataset,XGBoost,0.95,Tuning,Tuning,0.0017861127853393555,0.9982138872146606
Ela_metadataset,XGBoost,0.95,Defaults,Defaults,0.8472996354103088,0.15270037949085236
Ela_metadataset,XGBoost,0.95,Tuning,Tuning,0.14607423543930054,0.8539257645606995
Ela_metadataset,XGBoost,0.95,Tuning,Tuning,0.020801424980163574,0.9791985750198364
Ela_metadataset,XGBoost,0.95,Defaults,Tuning,0.00840914249420166,0.9915908575057983
Ela_metadataset,XGBoost,0.95,Tuning,Tuning,0.25953853130340576,0.7404614686965942
Ela_metadataset,XGBoost,0.95,Tuning,Tuning,0.23172718286514282,0.7682728171348572
Ela_metadataset,XGBoost,0.95,Tuning,Tuning,0.0018303394317626953,0.9981696605682373
Ela_metadataset,XGBoost,0.95,Tuning,Defaults,0.9983754754066467,0.0016244999133050442
Ela_metadataset,XGBoost,0.95,Tuning,Tuning,0.013551771640777588,0.9864482283592224
Ela_metadataset,XGBoost,0.95,Tuning,Tuning,0.0367201566696167,0.9632798433303833
Ela_metadataset,XGBoost,0.95,Tuning,Defaults,0.5829752683639526,0.41702476143836975
Ela_metadataset,XGBoost,0.95,Tuning,Tuning,0.0060689449310302734,0.9939310550689697
Ela_metadataset,XGBoost,0.95,Tuning,Tuning,0.0018208026885986328,0.9981791973114014
Ela_metadataset,XGBoost,0.95,Defaults,Tuning,0.46948426961898804,0.530515730381012
Ela_metadataset,XGBoost,0.95,Tuning,Tuning,0.1590915322303772,0.8409084677696228
Ela_metadataset,XGBoost,0.95,Defaults,Defaults,0.6001819372177124,0.3998180329799652
Ela_metadataset,XGBoost,0.95,Tuning,Tuning,0.0029372572898864746,0.9970627427101135
Ela_metadataset,XGBoost,0.95,Tuning,Tuning,0.011106550693511963,0.988893449306488
Ela_metadataset,XGBoost,0.95,Tuning,Tuning,0.004819512367248535,0.9951804876327515
Ela_metadataset,XGBoost,0.95,Tuning,Tuning,0.33667248487472534,0.6633275151252747
Ela_metadataset,XGBoost,0.95,Tuning,Defaults,0.9605149030685425,0.03948507830500603
Ela_metadataset,XGBoost,0.95,Defaults,Tuning,0.059728026390075684,0.9402719736099243
Ela_metadataset,XGBoost,0.95,Tuning,Tuning,0.10708260536193848,0.8929173946380615
Ela_metadataset,XGBoost,0.95,Defaults,Tuning,0.03617990016937256,0.9638200998306274
Ela_metadataset,XGBoost,0.95,Defaults,Defaults,0.6751471757888794,0.3248527944087982
Ela_metadataset,XGBoost,0.95,Defaults,Tuning,0.2668440341949463,0.7331559658050537
Ela_metadataset,XGBoost,0.95,Defaults,Defaults,0.9652208089828491,0.03477918729186058
Ela_metadataset,XGBoost,0.95,Tuning,Tuning,0.007326781749725342,0.9926732182502747
Ela_metadataset,XGBoost,0.95,Tuning,Tuning,0.00966489315032959,0.9903351068496704
Ela_metadataset,XGBoost,0.95,Tuning,Tuning,0.002103090286254883,0.9978969097137451
Ela_metadataset,XGBoost,0.95,Defaults,Tuning,0.35083961486816406,0.6491603851318359
Ela_metadataset,XGBoost,0.95,Defaults,Tuning,0.08489900827407837,0.9151009917259216
Ela_metadataset,XGBoost,0.95,Defaults,Defaults,0.5014179944992065,0.49858197569847107
Ela_metadataset,XGBoost,0.95,Defaults,Defaults,0.9781395792961121,0.02186042256653309
Ela_metadataset,XGBoost,0.95,Tuning,Defaults,0.6592743396759033,0.34072569012641907
Ela_metadataset,XGBoost,0.95,Tuning,Tuning,0.27366137504577637,0.7263386249542236
Ela_metadataset,XGBoost,0.95,Defaults,Defaults,0.9803988337516785,0.019601184874773026
Ela_metadataset,XGBoost,0.95,Tuning,Tuning,0.0009284019470214844,0.9990715980529785
Ela_metadataset,XGBoost,0.95,Defaults,Tuning,0.2521616220474243,0.7478383779525757
Ela_metadataset,XGBoost,0.95,Tuning,Tuning,0.0025538206100463867,0.9974461793899536
Ela_metadataset,XGBoost,0.95,Tuning,Tuning,0.06752347946166992,0.9324765205383301
Ela_metadataset,XGBoost,0.95,Defaults,Tuning,0.45429563522338867,0.5457043647766113
Ela_metadataset,XGBoost,0.95,Tuning,Defaults,0.7401947975158691,0.25980517268180847
Ela_metadataset,XGBoost,0.95,Defaults,Defaults,0.8407502174377441,0.15924981236457825
Ela_metadataset,XGBoost,0.95,Tuning,Tuning,0.005276203155517578,0.9947237968444824
Ela_metadataset,XGBoost,0.95,Tuning,Tuning,0.00836092233657837,0.9916390776634216
Ela_metadataset,XGBoost,0.95,Tuning,Tuning,0.05705004930496216,0.9429499506950378
Ela_metadataset,XGBoost,0.95,Defaults,Tuning,0.006201326847076416,0.9937986731529236
Ela_metadataset,XGBoost,0.95,Tuning,Tuning,0.006152808666229248,0.9938471913337708
Ela_metadataset,XGBoost,0.95,Tuning,Tuning,0.01783573627471924,0.9821642637252808
Ela_metadataset,XGBoost,0.95,Tuning,Tuning,0.006494641304016113,0.9935053586959839
Ela_metadataset,XGBoost,0.95,Defaults,Tuning,0.00400698184967041,0.9959930181503296
Ela_metadataset,XGBoost,0.95,Tuning,Tuning,0.04248303174972534,0.9575169682502747
Ela_metadataset,XGBoost,0.95,Tuning,Tuning,0.01664203405380249,0.9833579659461975
Ela_metadataset,XGBoost,0.95,Tuning,Tuning,0.002774834632873535,0.9972251653671265
Ela_metadataset,XGBoost,0.95,Tuning,Tuning,0.012736141681671143,0.9872638583183289
Ela_metadataset,XGBoost,0.95,Tuning,Defaults,0.5770751237869263,0.42292484641075134
Ela_metadataset,XGBoost,0.95,Tuning,Tuning,0.03710049390792847,0.9628995060920715
Ela_metadataset,XGBoost,0.95,Tuning,Tuning,0.02484285831451416,0.9751571416854858
Ela_metadataset,XGBoost,0.95,Defaults,Tuning,0.04961955547332764,0.9503804445266724
Ela_metadataset,XGBoost,0.95,Tuning,Tuning,0.06370455026626587,0.9362954497337341
Ela_metadataset,XGBoost,0.95,Tuning,Tuning,0.0009505152702331543,0.9990494847297668
Ela_metadataset,XGBoost,0.95,Tuning,Tuning,0.03998863697052002,0.96001136302948
Ela_metadataset,XGBoost,0.95,Tuning,Tuning,0.04379594326019287,0.9562040567398071
Ela_metadataset,XGBoost,0.95,Tuning,Tuning,0.004046440124511719,0.9959535598754883
Ela_metadataset,XGBoost,0.95,Tuning,Tuning,0.004729568958282471,0.9952704310417175
Ela_metadataset,XGBoost,0.95,Tuning,Tuning,0.2400866150856018,0.7599133849143982
Ela_metadataset,XGBoost,0.95,Tuning,Tuning,0.16650813817977905,0.833491861820221
Ela_metadataset,XGBoost,0.95,Defaults,Tuning,0.10546064376831055,0.8945393562316895
Ela_metadataset,XGBoost,0.95,Tuning,Tuning,0.008904337882995605,0.9910956621170044
Ela_metadataset,XGBoost,0.95,Defaults,Tuning,0.2756339907646179,0.7243660092353821
Ela_metadataset,XGBoost,0.95,Tuning,Tuning,0.0007845163345336914,0.9992154836654663
Ela_metadataset,XGBoost,0.95,Tuning,Tuning,0.08741968870162964,0.9125803112983704
Ela_metadataset,XGBoost,0.95,Tuning,Tuning,0.002367854118347168,0.9976321458816528
Ela_metadataset,XGBoost,0.95,Tuning,Tuning,0.043299734592437744,0.9567002654075623
Ela_metadataset,XGBoost,0.95,Defaults,Tuning,0.37653565406799316,0.6234643459320068
Ela_metadataset,XGBoost,0.95,Defaults,Defaults,0.8354907631874084,0.16450925171375275
Ela_metadataset,XGBoost,0.95,Tuning,Tuning,0.05139315128326416,0.9486068487167358
Ela_metadataset,XGBoost,0.95,Tuning,Tuning,0.0627012848854065,0.9372987151145935
Ela_metadataset,XGBoost,0.95,Tuning,Tuning,0.01922816038131714,0.9807718396186829
Ela_metadataset,XGBoost,0.95,Tuning,Tuning,0.005887091159820557,0.9941129088401794
Ela_metadataset,XGBoost,0.95,Tuning,Tuning,0.015380442142486572,0.9846195578575134
Ela_metadataset,XGBoost,0.95,Tuning,Tuning,0.037523627281188965,0.962476372718811
Ela_metadataset,XGBoost,0.95,Tuning,Tuning,0.0926942229270935,0.9073057770729065
Ela_metadataset,XGBoost,0.95,Tuning,Tuning,0.1636568307876587,0.8363431692123413
Ela_metadataset,XGBoost,0.95,Defaults,Tuning,0.0596887469291687,0.9403112530708313
Ela_metadataset,XGBoost,0.95,Tuning,Defaults,0.8284721970558167,0.17152778804302216
Ela_metadataset,XGBoost,0.95,Tuning,Tuning,0.25024545192718506,0.7497545480728149
Ela_metadataset,XGBoost,0.95,Tuning,Tuning,0.04268735647201538,0.9573126435279846
Ela_metadataset,XGBoost,0.95,Tuning,Defaults,0.9830028414726257,0.016997143626213074
Ela_metadataset,XGBoost,0.95,Defaults,Tuning,0.44696515798568726,0.5530348420143127
Ela_metadataset,XGBoost,0.95,Tuning,Tuning,0.0419011116027832,0.9580988883972168
Ela_metadataset,XGBoost,0.95,Tuning,Tuning,0.009417295455932617,0.9905827045440674
Ela_metadataset,XGBoost,0.95,Tuning,Tuning,0.0013515353202819824,0.998648464679718
Ela_metadataset,XGBoost,0.95,Defaults,Tuning,0.0023246407508850098,0.997675359249115
Ela_metadataset,XGBoost,0.95,Tuning,Tuning,0.23203033208847046,0.7679696679115295
Ela_metadataset,XGBoost,0.95,Tuning,Tuning,0.302304744720459,0.697695255279541
Ela_metadataset,XGBoost,0.95,Tuning,Tuning,0.024935364723205566,0.9750646352767944
Ela_metadataset,XGBoost,0.95,Defaults,Defaults,0.8944869637489319,0.1055130586028099
Ela_metadataset,XGBoost,0.95,Defaults,Tuning,0.49335652589797974,0.5066434741020203
Ela_metadataset,XGBoost,0.95,Tuning,Defaults,0.7730173468589783,0.22698265314102173
Ela_metadataset,XGBoost,0.95,Tuning,Tuning,0.001284956932067871,0.9987150430679321
Ela_metadataset,XGBoost,0.95,Tuning,Tuning,0.008948326110839844,0.9910516738891602
Ela_metadataset,XGBoost,0.95,Defaults,Tuning,0.016270577907562256,0.9837294220924377
Ela_metadataset,XGBoost,0.95,Defaults,Defaults,0.5642484426498413,0.4357515275478363
Ela_metadataset,XGBoost,0.95,Defaults,Defaults,0.9912296533584595,0.008770374581217766
Ela_metadataset,XGBoost,0.95,Tuning,Tuning,0.0016968250274658203,0.9983031749725342
Ela_metadataset,XGBoost,0.95,Defaults,Tuning,0.4421226978302002,0.5578773021697998
Ela_metadataset,XGBoost,0.95,Tuning,Tuning,0.11385136842727661,0.8861486315727234
Ela_metadataset,XGBoost,0.95,Tuning,Tuning,0.0016951560974121094,0.9983048439025879
Ela_metadataset,XGBoost,0.95,Defaults,Tuning,0.07715213298797607,0.9228478670120239
Ela_metadataset,XGBoost,0.95,Defaults,Tuning,0.13388729095458984,0.8661127090454102
Ela_metadataset,XGBoost,0.95,Tuning,Tuning,0.28161531686782837,0.7183846831321716
Ela_metadataset,XGBoost,0.95,Tuning,Tuning,0.45176976919174194,0.5482302308082581
Ela_metadataset,XGBoost,0.95,Defaults,Tuning,0.014709949493408203,0.9852900505065918
Ela_metadataset,XGBoost,0.95,Tuning,Tuning,0.0009308457374572754,0.9990691542625427
Ela_metadataset,XGBoost,0.95,Tuning,Tuning,0.28898197412490845,0.7110180258750916
Ela_metadataset,XGBoost,0.95,Tuning,Tuning,0.4013890027999878,0.5986109972000122
Ela_metadataset,XGBoost,0.95,Tuning,Tuning,0.00946199893951416,0.9905380010604858
