Dataset,Algorithm,CorrelationThreshold,TrueLabel,PredictedLabel,Prob_Defaults,Prob_Tuning
Baseline,SVM_Linear,0.8,Tuning,Tuning,0.13976570674711722,0.8602342932528828
Baseline,SVM_Linear,0.8,Tuning,Tuning,0.2228103520479486,0.7771896479520514
Baseline,SVM_Linear,0.8,Defaults,Tuning,0.41033509890208725,0.5896649010979127
Baseline,SVM_Linear,0.8,Tuning,Tuning,0.16923371076241914,0.8307662892375807
Baseline,SVM_Linear,0.8,Tuning,Tuning,0.15350278296624037,0.8464972170337598
Baseline,SVM_Linear,0.8,Tuning,Tuning,0.4736433415838673,0.5263566584161326
Baseline,SVM_Linear,0.8,Tuning,Tuning,0.03261981555353384,0.9673801844464662
Baseline,SVM_Linear,0.8,Defaults,Tuning,0.16064691491995503,0.839353085080045
Baseline,SVM_Linear,0.8,Defaults,Tuning,0.10695033341729347,0.8930496665827065
Baseline,SVM_Linear,0.8,Tuning,Tuning,0.20301762954184618,0.7969823704581538
Baseline,SVM_Linear,0.8,Tuning,Tuning,0.213171456252376,0.7868285437476237
Baseline,SVM_Linear,0.8,Defaults,Tuning,0.27817917343414006,0.7218208265658598
Baseline,SVM_Linear,0.8,Tuning,Tuning,0.15003163822793938,0.8499683617720608
Baseline,SVM_Linear,0.8,Tuning,Tuning,0.15442011093871952,0.8455798890612805
Baseline,SVM_Linear,0.8,Tuning,Tuning,0.009414173289654952,0.9905858267103449
Baseline,SVM_Linear,0.8,Tuning,Tuning,0.2135779233892334,0.7864220766107667
Baseline,SVM_Linear,0.8,Defaults,Defaults,0.5620637179453775,0.4379362820546226
Baseline,SVM_Linear,0.8,Tuning,Tuning,0.227580227336051,0.772419772663949
Baseline,SVM_Linear,0.8,Defaults,Tuning,0.35329881537096236,0.6467011846290378
Baseline,SVM_Linear,0.8,Tuning,Tuning,0.32724200113522095,0.6727579988647793
Baseline,SVM_Linear,0.8,Tuning,Tuning,0.2763826409125258,0.7236173590874742
Baseline,SVM_Linear,0.8,Defaults,Tuning,0.28506550741065373,0.7149344925893464
Baseline,SVM_Linear,0.8,Tuning,Tuning,0.056250612092018086,0.9437493879079819
Baseline,SVM_Linear,0.8,Tuning,Tuning,0.2999377218031148,0.700062278196885
Baseline,SVM_Linear,0.8,Tuning,Tuning,0.28388846308239507,0.716111536917605
Baseline,SVM_Linear,0.8,Tuning,Tuning,0.2156363392827011,0.7843636607172992
Baseline,SVM_Linear,0.8,Tuning,Tuning,0.2316199200686386,0.7683800799313615
Baseline,SVM_Linear,0.8,Tuning,Tuning,0.26583930154524055,0.7341606984547596
Baseline,SVM_Linear,0.8,Tuning,Tuning,0.2832325327167909,0.7167674672832091
Baseline,SVM_Linear,0.8,Tuning,Tuning,0.2005685020340357,0.7994314979659644
Baseline,SVM_Linear,0.8,Tuning,Tuning,0.13052979918721608,0.8694702008127839
Baseline,SVM_Linear,0.8,Tuning,Tuning,0.20577199851336458,0.7942280014866354
Baseline,SVM_Linear,0.8,Defaults,Tuning,0.3891407797788183,0.6108592202211817
Baseline,SVM_Linear,0.8,Defaults,Tuning,0.2452576269120059,0.7547423730879941
Baseline,SVM_Linear,0.8,Tuning,Tuning,0.12065775924325398,0.8793422407567462
Baseline,SVM_Linear,0.8,Tuning,Defaults,0.5451435664872128,0.4548564335127871
Baseline,SVM_Linear,0.8,Tuning,Tuning,0.16427117728778648,0.8357288227122135
Baseline,SVM_Linear,0.8,Defaults,Tuning,0.3326107804075743,0.6673892195924258
Baseline,SVM_Linear,0.8,Tuning,Tuning,0.22581897331607806,0.774181026683922
Baseline,SVM_Linear,0.8,Defaults,Defaults,0.5,0.5
Baseline,SVM_Linear,0.8,Tuning,Tuning,0.32035563486642055,0.6796443651335793
Baseline,SVM_Linear,0.8,Tuning,Tuning,0.0026260124477688338,0.9973739875522311
Baseline,SVM_Linear,0.8,Tuning,Defaults,0.7826772564089484,0.2173227435910518
Baseline,SVM_Linear,0.8,Tuning,Tuning,0.27775921218745603,0.7222407878125443
Baseline,SVM_Linear,0.8,Tuning,Tuning,0.1453687087200245,0.8546312912799755
Baseline,SVM_Linear,0.8,Tuning,Tuning,0.3553985134647911,0.6446014865352087
Baseline,SVM_Linear,0.8,Tuning,Tuning,0.4346494794879106,0.5653505205120893
Baseline,SVM_Linear,0.8,Tuning,Tuning,0.11358476283502414,0.8864152371649759
Baseline,SVM_Linear,0.8,Tuning,Tuning,0.27802793805342846,0.7219720619465716
Baseline,SVM_Linear,0.8,Tuning,Tuning,0.09807411778671227,0.9019258822132877
Baseline,SVM_Linear,0.8,Defaults,Tuning,0.3310235714729086,0.6689764285270914
Baseline,SVM_Linear,0.8,Tuning,Tuning,0.15455828586286272,0.8454417141371371
Baseline,SVM_Linear,0.8,Tuning,Tuning,0.1772282272446595,0.8227717727553405
Baseline,SVM_Linear,0.8,Defaults,Tuning,0.27844676552020936,0.7215532344797905
Baseline,SVM_Linear,0.8,Tuning,Tuning,0.39730545904862036,0.6026945409513794
Baseline,SVM_Linear,0.8,Tuning,Tuning,0.382844807763956,0.6171551922360441
Baseline,SVM_Linear,0.8,Tuning,Tuning,0.29662002829774153,0.7033799717022583
Baseline,SVM_Linear,0.8,Tuning,Tuning,0.44309864767090323,0.5569013523290968
Baseline,SVM_Linear,0.8,Tuning,Tuning,0.36575159254216283,0.6342484074578371
Baseline,SVM_Linear,0.8,Tuning,Tuning,0.264568478195384,0.735431521804616
Baseline,SVM_Linear,0.8,Tuning,Tuning,0.04452522752068832,0.9554747724793117
Baseline,SVM_Linear,0.8,Tuning,Tuning,0.1900507735655517,0.8099492264344484
Baseline,SVM_Linear,0.8,Tuning,Tuning,0.24207000655423136,0.757929993445769
Baseline,SVM_Linear,0.8,Defaults,Tuning,0.4837241318875848,0.5162758681124151
Baseline,SVM_Linear,0.8,Tuning,Tuning,0.3268991411703463,0.6731008588296536
Baseline,SVM_Linear,0.8,Defaults,Tuning,0.3529858076883905,0.6470141923116096
Baseline,SVM_Linear,0.8,Tuning,Tuning,0.21548421692974712,0.7845157830702529
Baseline,SVM_Linear,0.8,Tuning,Tuning,0.32646472224053813,0.6735352777594616
Baseline,SVM_Linear,0.8,Tuning,Tuning,0.32169374972841247,0.6783062502715875
Baseline,SVM_Linear,0.8,Tuning,Tuning,0.03819848230008765,0.9618015176999124
Baseline,SVM_Linear,0.8,Tuning,Tuning,0.3255147960677358,0.6744852039322641
Baseline,SVM_Linear,0.8,Defaults,Tuning,0.047168134561094595,0.9528318654389053
Baseline,SVM_Linear,0.8,Tuning,Tuning,0.2272262314173784,0.7727737685826216
Baseline,SVM_Linear,0.8,Defaults,Tuning,0.4805923610253338,0.5194076389746661
Baseline,SVM_Linear,0.8,Defaults,Tuning,0.41386459639156487,0.5861354036084351
Baseline,SVM_Linear,0.8,Defaults,Defaults,0.505836986314775,0.4941630136852249
Baseline,SVM_Linear,0.8,Defaults,Tuning,0.4842202060278635,0.5157797939721366
Baseline,SVM_Linear,0.8,Tuning,Tuning,0.26913186011538653,0.7308681398846135
Baseline,SVM_Linear,0.8,Tuning,Tuning,0.27311018335694415,0.7268898166430557
Baseline,SVM_Linear,0.8,Tuning,Tuning,0.2477241688960375,0.7522758311039625
Baseline,SVM_Linear,0.8,Defaults,Tuning,0.30065055338427576,0.6993494466157242
Baseline,SVM_Linear,0.8,Defaults,Tuning,0.3771526522140866,0.6228473477859133
Baseline,SVM_Linear,0.8,Defaults,Tuning,0.3473508895096592,0.6526491104903408
Baseline,SVM_Linear,0.8,Defaults,Defaults,0.5226613924637061,0.4773386075362938
Baseline,SVM_Linear,0.8,Tuning,Tuning,0.46227507932572004,0.5377249206742801
Baseline,SVM_Linear,0.8,Tuning,Defaults,0.6114759305843347,0.38852406941566525
Baseline,SVM_Linear,0.8,Defaults,Defaults,0.5,0.5
Baseline,SVM_Linear,0.8,Tuning,Tuning,0.1230834395422379,0.8769165604577622
Baseline,SVM_Linear,0.8,Defaults,Tuning,0.4153430044258457,0.5846569955741543
Baseline,SVM_Linear,0.8,Tuning,Tuning,0.10687158785897935,0.8931284121410207
Baseline,SVM_Linear,0.8,Tuning,Tuning,0.05813160535981954,0.9418683946401805
Baseline,SVM_Linear,0.8,Defaults,Tuning,0.3298888374082288,0.6701111625917712
Baseline,SVM_Linear,0.8,Tuning,Tuning,0.2850582641992374,0.7149417358007626
Baseline,SVM_Linear,0.8,Defaults,Tuning,3.0000008999999776e-14,0.9999999999999699
Baseline,SVM_Linear,0.8,Tuning,Tuning,0.1469274127117388,0.8530725872882611
Baseline,SVM_Linear,0.8,Tuning,Tuning,0.105429671197373,0.8945703288026268
Baseline,SVM_Linear,0.8,Tuning,Tuning,0.20547201011341215,0.7945279898865878
Baseline,SVM_Linear,0.8,Defaults,Tuning,0.4413692719083152,0.5586307280916848
Baseline,SVM_Linear,0.8,Tuning,Tuning,0.2415155840894085,0.7584844159105912
Baseline,SVM_Linear,0.8,Tuning,Tuning,0.38875614692042176,0.6112438530795784
Baseline,SVM_Linear,0.8,Tuning,Tuning,0.1955212456479907,0.8044787543520091
Baseline,SVM_Linear,0.8,Defaults,Tuning,0.145422041297233,0.8545779587027672
Baseline,SVM_Linear,0.8,Tuning,Tuning,0.30138281057094174,0.6986171894290584
Baseline,SVM_Linear,0.8,Tuning,Tuning,0.36875854792543084,0.6312414520745692
Baseline,SVM_Linear,0.8,Tuning,Tuning,0.11484790358928053,0.8851520964107196
Baseline,SVM_Linear,0.8,Tuning,Tuning,0.08265377775573587,0.917346222244264
Baseline,SVM_Linear,0.8,Tuning,Defaults,0.5507720825412029,0.44922791745879714
Baseline,SVM_Linear,0.8,Tuning,Tuning,0.11574352149669155,0.8842564785033086
Baseline,SVM_Linear,0.8,Tuning,Tuning,0.2808497816918665,0.7191502183081336
Baseline,SVM_Linear,0.8,Defaults,Tuning,0.3858879699431267,0.6141120300568733
Baseline,SVM_Linear,0.8,Tuning,Tuning,0.07733963615233914,0.9226603638476608
Baseline,SVM_Linear,0.8,Tuning,Tuning,0.12467007164083128,0.875329928359169
Baseline,SVM_Linear,0.8,Tuning,Tuning,0.05431716004515745,0.9456828399548424
Baseline,SVM_Linear,0.8,Tuning,Tuning,0.20297967109200393,0.7970203289079961
Baseline,SVM_Linear,0.8,Tuning,Tuning,0.12058224950148091,0.8794177504985191
Baseline,SVM_Linear,0.8,Tuning,Tuning,0.3318623461240243,0.6681376538759756
Baseline,SVM_Linear,0.8,Tuning,Tuning,0.45730259534520157,0.5426974046547983
Baseline,SVM_Linear,0.8,Tuning,Tuning,0.04702185438105127,0.9529781456189486
Baseline,SVM_Linear,0.8,Defaults,Tuning,0.3283627732450453,0.6716372267549545
Baseline,SVM_Linear,0.8,Tuning,Tuning,0.06904812059207317,0.930951879407927
Baseline,SVM_Linear,0.8,Defaults,Tuning,0.4876697068498096,0.5123302931501905
Baseline,SVM_Linear,0.8,Tuning,Tuning,0.3541406095998979,0.6458593904001021
Baseline,SVM_Linear,0.8,Tuning,Tuning,0.3159670832780787,0.6840329167219211
Baseline,SVM_Linear,0.8,Tuning,Tuning,0.38977868313525493,0.6102213168647451
Baseline,SVM_Linear,0.8,Tuning,Tuning,0.23262981045763928,0.7673701895423606
Baseline,SVM_Linear,0.8,Defaults,Tuning,0.33582871207491044,0.6641712879250894
Baseline,SVM_Linear,0.8,Defaults,Tuning,0.25507585979972053,0.7449241402002793
Baseline,SVM_Linear,0.8,Tuning,Tuning,0.06341245595523323,0.9365875440447666
Baseline,SVM_Linear,0.8,Tuning,Tuning,0.22389815010289063,0.7761018498971095
Baseline,SVM_Linear,0.8,Tuning,Tuning,0.14780135388951413,0.8521986461104858
Baseline,SVM_Linear,0.8,Tuning,Tuning,0.14780135388951413,0.8521986461104858
Baseline,SVM_Linear,0.8,Tuning,Tuning,0.12527119059067954,0.8747288094093203
Baseline,SVM_Linear,0.8,Tuning,Tuning,0.112132009761027,0.887867990238973
Baseline,SVM_Linear,0.8,Tuning,Defaults,0.5157541610983049,0.4842458389016951
Baseline,SVM_Linear,0.8,Tuning,Tuning,0.15062857598967497,0.8493714240103252
Baseline,SVM_Linear,0.8,Defaults,Tuning,0.31198391700605377,0.6880160829939463
Baseline,SVM_Linear,0.8,Tuning,Tuning,0.34797078942327553,0.6520292105767246
Baseline,SVM_Linear,0.8,Tuning,Tuning,0.3444052614471753,0.6555947385528248
Baseline,SVM_Linear,0.8,Tuning,Tuning,0.3902445198566507,0.6097554801433493
Baseline,SVM_Linear,0.8,Tuning,Tuning,0.18693278787041306,0.8130672121295871
Baseline,SVM_Linear,0.8,Defaults,Tuning,0.3605708299448744,0.6394291700551257
Baseline,SVM_Linear,0.8,Tuning,Tuning,0.1686617324496623,0.8313382675503375
Baseline,SVM_Linear,0.8,Tuning,Tuning,0.04513266841668404,0.9548673315833159
Baseline,SVM_Linear,0.8,Tuning,Tuning,0.32737234493674255,0.6726276550632576
Baseline,SVM_Linear,0.8,Defaults,Tuning,0.3174297285074684,0.6825702714925315
Baseline,SVM_Linear,0.8,Tuning,Tuning,0.06834722958285222,0.9316527704171479
Baseline,SVM_Linear,0.8,Tuning,Tuning,0.3389964439804707,0.6610035560195294
Baseline,SVM_Linear,0.8,Tuning,Tuning,0.10987747991465105,0.8901225200853489
Baseline,SVM_Linear,0.8,Defaults,Defaults,0.6674550764267524,0.33254492357324744
Baseline,SVM_Linear,0.8,Defaults,Tuning,0.485239592435253,0.5147604075647471
Baseline,SVM_Linear,0.8,Tuning,Tuning,0.2226970511172517,0.7773029488827482
Baseline,SVM_Linear,0.8,Tuning,Tuning,0.13432863325014163,0.8656713667498586
Baseline,SVM_Linear,0.8,Tuning,Defaults,0.5654934854161782,0.4345065145838217
Baseline,SVM_Linear,0.8,Defaults,Tuning,0.42227898776330414,0.5777210122366958
Baseline,SVM_Linear,0.8,Defaults,Tuning,0.413017049626934,0.5869829503730661
Baseline,SVM_Linear,0.8,Defaults,Defaults,0.5593880106180484,0.4406119893819516
Baseline,SVM_Linear,0.8,Tuning,Tuning,0.19292826341755384,0.8070717365824462
Baseline,SVM_Linear,0.8,Defaults,Tuning,0.3915854903659071,0.6084145096340929
Baseline,SVM_Linear,0.8,Tuning,Defaults,0.716715470141927,0.283284529858073
Baseline,SVM_Linear,0.8,Tuning,Tuning,0.20618433404012293,0.793815665959877
Baseline,SVM_Linear,0.8,Defaults,Tuning,0.20900621308062647,0.7909937869193735
Baseline,SVM_Linear,0.8,Defaults,Defaults,0.6385810897193421,0.3614189102806578
Baseline,SVM_Linear,0.8,Tuning,Defaults,0.5067493302394952,0.4932506697605048
Baseline,SVM_Linear,0.8,Tuning,Tuning,0.16062169443766847,0.8393783055623315
Baseline,SVM_Linear,0.8,Defaults,Tuning,0.34158081152166603,0.6584191884783339
Baseline,SVM_Linear,0.8,Tuning,Tuning,0.056028459528008986,0.9439715404719908
Baseline,SVM_Linear,0.8,Tuning,Tuning,0.17500809908184228,0.8249919009181578
Baseline,SVM_Linear,0.8,Tuning,Tuning,0.011981423600204667,0.9880185763997955
Baseline,SVM_Linear,0.8,Tuning,Tuning,0.36334286024272466,0.6366571397572751
Baseline,SVM_Linear,0.85,Tuning,Tuning,0.15716301937192564,0.8428369806280743
Baseline,SVM_Linear,0.85,Tuning,Tuning,0.2004755340579369,0.7995244659420632
Baseline,SVM_Linear,0.85,Defaults,Tuning,0.40933442630480926,0.5906655736951908
Baseline,SVM_Linear,0.85,Tuning,Tuning,0.1830707058790662,0.8169292941209337
Baseline,SVM_Linear,0.85,Tuning,Tuning,0.14404535285978246,0.8559546471402175
Baseline,SVM_Linear,0.85,Tuning,Tuning,0.4849566420440111,0.515043357955989
Baseline,SVM_Linear,0.85,Tuning,Tuning,0.01777109425437364,0.9822289057456264
Baseline,SVM_Linear,0.85,Defaults,Tuning,0.1486964949480042,0.8513035050519959
Baseline,SVM_Linear,0.85,Defaults,Tuning,0.09726016443339935,0.9027398355666006
Baseline,SVM_Linear,0.85,Tuning,Tuning,0.26094864712818583,0.7390513528718142
Baseline,SVM_Linear,0.85,Tuning,Tuning,0.19783269294143074,0.8021673070585692
Baseline,SVM_Linear,0.85,Defaults,Tuning,0.3006904810429969,0.6993095189570032
Baseline,SVM_Linear,0.85,Tuning,Tuning,0.14974009852730039,0.8502599014726996
Baseline,SVM_Linear,0.85,Tuning,Tuning,0.13843578440538917,0.8615642155946107
Baseline,SVM_Linear,0.85,Tuning,Tuning,0.005808738319712895,0.9941912616802873
Baseline,SVM_Linear,0.85,Tuning,Tuning,0.19769179681394627,0.8023082031860538
Baseline,SVM_Linear,0.85,Defaults,Defaults,0.5472484364707147,0.4527515635292851
Baseline,SVM_Linear,0.85,Tuning,Tuning,0.26910739957587043,0.7308926004241295
Baseline,SVM_Linear,0.85,Defaults,Tuning,0.3224235979965666,0.6775764020034333
Baseline,SVM_Linear,0.85,Tuning,Tuning,0.3212897985102988,0.6787102014897012
Baseline,SVM_Linear,0.85,Tuning,Tuning,0.3308244208304009,0.669175579169599
Baseline,SVM_Linear,0.85,Defaults,Tuning,0.27388464854475186,0.7261153514552483
Baseline,SVM_Linear,0.85,Tuning,Tuning,0.06893074916566931,0.9310692508343307
Baseline,SVM_Linear,0.85,Tuning,Tuning,0.33347419395791345,0.6665258060420866
Baseline,SVM_Linear,0.85,Tuning,Tuning,0.2672850398438611,0.732714960156139
Baseline,SVM_Linear,0.85,Tuning,Tuning,0.19919653903558554,0.8008034609644142
Baseline,SVM_Linear,0.85,Tuning,Tuning,0.21059772874924468,0.7894022712507553
Baseline,SVM_Linear,0.85,Tuning,Tuning,0.2638985333585097,0.7361014666414905
Baseline,SVM_Linear,0.85,Tuning,Tuning,0.28416840000860966,0.7158315999913903
Baseline,SVM_Linear,0.85,Tuning,Tuning,0.1889324360917064,0.8110675639082936
Baseline,SVM_Linear,0.85,Tuning,Tuning,0.127650169909575,0.8723498300904251
Baseline,SVM_Linear,0.85,Tuning,Tuning,0.18786936139573346,0.8121306386042668
Baseline,SVM_Linear,0.85,Defaults,Tuning,0.41348404217049706,0.5865159578295028
Baseline,SVM_Linear,0.85,Defaults,Tuning,0.2404610143837751,0.759538985616225
Baseline,SVM_Linear,0.85,Tuning,Tuning,0.11375970597687296,0.886240294023127
Baseline,SVM_Linear,0.85,Tuning,Defaults,0.5906201192180986,0.40937988078190135
Baseline,SVM_Linear,0.85,Tuning,Tuning,0.15095420337097576,0.8490457966290241
Baseline,SVM_Linear,0.85,Defaults,Tuning,0.33983750459706347,0.6601624954029367
Baseline,SVM_Linear,0.85,Tuning,Tuning,0.20207336087312355,0.7979266391268763
Baseline,SVM_Linear,0.85,Defaults,Tuning,0.4706855656873538,0.5293144343126461
Baseline,SVM_Linear,0.85,Tuning,Tuning,0.4157805871040259,0.5842194128959741
Baseline,SVM_Linear,0.85,Tuning,Tuning,0.004595515245970327,0.9954044847540297
Baseline,SVM_Linear,0.85,Tuning,Defaults,0.7792055577297917,0.22079444227020836
Baseline,SVM_Linear,0.85,Tuning,Tuning,0.3331935044847065,0.6668064955152935
Baseline,SVM_Linear,0.85,Tuning,Tuning,0.17651898484104817,0.823481015158952
Baseline,SVM_Linear,0.85,Tuning,Tuning,0.40201293087874135,0.5979870691212587
Baseline,SVM_Linear,0.85,Tuning,Tuning,0.36542640178457014,0.6345735982154297
Baseline,SVM_Linear,0.85,Tuning,Tuning,0.14033080305651707,0.8596691969434829
Baseline,SVM_Linear,0.85,Tuning,Tuning,0.2811205730241907,0.7188794269758093
Baseline,SVM_Linear,0.85,Tuning,Tuning,0.11705757237400745,0.8829424276259924
Baseline,SVM_Linear,0.85,Defaults,Tuning,0.29648106351772036,0.7035189364822798
Baseline,SVM_Linear,0.85,Tuning,Tuning,0.07437339877456649,0.9256266012254335
Baseline,SVM_Linear,0.85,Tuning,Tuning,0.09197040434576303,0.9080295956542369
Baseline,SVM_Linear,0.85,Defaults,Tuning,0.28959754642802776,0.7104024535719722
Baseline,SVM_Linear,0.85,Tuning,Tuning,0.3886105290759373,0.6113894709240629
Baseline,SVM_Linear,0.85,Tuning,Tuning,0.3830356456153942,0.6169643543846057
Baseline,SVM_Linear,0.85,Tuning,Tuning,0.3084061238175328,0.6915938761824671
Baseline,SVM_Linear,0.85,Tuning,Tuning,0.42484985255565966,0.5751501474443403
Baseline,SVM_Linear,0.85,Tuning,Tuning,0.3429248243252989,0.657075175674701
Baseline,SVM_Linear,0.85,Tuning,Tuning,0.26378053508295696,0.7362194649170429
Baseline,SVM_Linear,0.85,Tuning,Tuning,0.053936615633453755,0.9460633843665461
Baseline,SVM_Linear,0.85,Tuning,Tuning,0.1975297140312153,0.8024702859687848
Baseline,SVM_Linear,0.85,Tuning,Tuning,0.24137272065955595,0.7586272793404438
Baseline,SVM_Linear,0.85,Defaults,Tuning,0.44462665360562853,0.5553733463943714
Baseline,SVM_Linear,0.85,Tuning,Tuning,0.31809155857681976,0.6819084414231804
Baseline,SVM_Linear,0.85,Defaults,Tuning,0.2819800273052791,0.7180199726947208
Baseline,SVM_Linear,0.85,Tuning,Tuning,0.2367239650477292,0.7632760349522708
Baseline,SVM_Linear,0.85,Tuning,Tuning,0.259349404104337,0.7406505958956631
Baseline,SVM_Linear,0.85,Tuning,Tuning,0.324946169082583,0.675053830917417
Baseline,SVM_Linear,0.85,Tuning,Tuning,0.058322471059049794,0.9416775289409502
Baseline,SVM_Linear,0.85,Tuning,Tuning,0.31476304524799914,0.6852369547520007
Baseline,SVM_Linear,0.85,Defaults,Tuning,0.033329541911557625,0.9666704580884424
Baseline,SVM_Linear,0.85,Tuning,Tuning,0.24361090449985628,0.756389095500144
Baseline,SVM_Linear,0.85,Defaults,Tuning,0.4801196838211963,0.5198803161788036
Baseline,SVM_Linear,0.85,Defaults,Tuning,0.42249944643914555,0.5775005535608545
Baseline,SVM_Linear,0.85,Defaults,Tuning,0.4940442051039669,0.505955794896033
Baseline,SVM_Linear,0.85,Defaults,Tuning,0.4799915496633128,0.5200084503366872
Baseline,SVM_Linear,0.85,Tuning,Tuning,0.269612250967907,0.7303877490320932
Baseline,SVM_Linear,0.85,Tuning,Tuning,0.2750030582528288,0.7249969417471713
Baseline,SVM_Linear,0.85,Tuning,Tuning,0.2524452013052396,0.7475547986947605
Baseline,SVM_Linear,0.85,Defaults,Tuning,0.2916654460520335,0.7083345539479664
Baseline,SVM_Linear,0.85,Defaults,Tuning,0.33643109325852166,0.6635689067414785
Baseline,SVM_Linear,0.85,Defaults,Tuning,0.34996749260305704,0.6500325073969432
Baseline,SVM_Linear,0.85,Defaults,Defaults,0.5,0.5
Baseline,SVM_Linear,0.85,Tuning,Tuning,0.4549711935531941,0.5450288064468057
Baseline,SVM_Linear,0.85,Tuning,Defaults,0.5790761454047159,0.42092385459528414
Baseline,SVM_Linear,0.85,Defaults,Tuning,0.4737343291891908,0.5262656708108091
Baseline,SVM_Linear,0.85,Tuning,Tuning,0.1459634097465668,0.854036590253433
Baseline,SVM_Linear,0.85,Defaults,Tuning,0.4362777478427261,0.563722252157274
Baseline,SVM_Linear,0.85,Tuning,Tuning,0.1313208025423323,0.8686791974576678
Baseline,SVM_Linear,0.85,Tuning,Tuning,0.05804750870653969,0.9419524912934604
Baseline,SVM_Linear,0.85,Defaults,Tuning,0.306719758038509,0.6932802419614906
Baseline,SVM_Linear,0.85,Tuning,Tuning,0.28382724682069305,0.7161727531793068
Baseline,SVM_Linear,0.85,Defaults,Tuning,3.0000008999999776e-14,0.9999999999999699
Baseline,SVM_Linear,0.85,Tuning,Tuning,0.14968024798560983,0.8503197520143904
Baseline,SVM_Linear,0.85,Tuning,Tuning,0.13826505426943295,0.861734945730567
Baseline,SVM_Linear,0.85,Tuning,Tuning,0.19037684715609296,0.8096231528439068
Baseline,SVM_Linear,0.85,Defaults,Tuning,0.4556856103130072,0.5443143896869929
Baseline,SVM_Linear,0.85,Tuning,Tuning,0.235129555620526,0.764870444379474
Baseline,SVM_Linear,0.85,Tuning,Tuning,0.4101456698744905,0.5898543301255094
Baseline,SVM_Linear,0.85,Tuning,Tuning,0.19990711212838208,0.8000928878716179
Baseline,SVM_Linear,0.85,Defaults,Tuning,0.14667052627082425,0.8533294737291756
Baseline,SVM_Linear,0.85,Tuning,Tuning,0.29808166798134444,0.7019183320186555
Baseline,SVM_Linear,0.85,Tuning,Tuning,0.392119626763317,0.607880373236683
Baseline,SVM_Linear,0.85,Tuning,Tuning,0.08410684472225574,0.9158931552777443
Baseline,SVM_Linear,0.85,Tuning,Tuning,0.10660125956637712,0.893398740433623
Baseline,SVM_Linear,0.85,Tuning,Defaults,0.5654606103909238,0.4345393896090762
Baseline,SVM_Linear,0.85,Tuning,Tuning,0.14801355506829691,0.851986444931703
Baseline,SVM_Linear,0.85,Tuning,Tuning,0.3185630650779023,0.6814369349220979
Baseline,SVM_Linear,0.85,Defaults,Tuning,0.40854769579930716,0.5914523042006928
Baseline,SVM_Linear,0.85,Tuning,Tuning,0.08194067880234657,0.9180593211976534
Baseline,SVM_Linear,0.85,Tuning,Tuning,0.13068839999962376,0.8693116000003764
Baseline,SVM_Linear,0.85,Tuning,Tuning,0.06448073301648176,0.9355192669835183
Baseline,SVM_Linear,0.85,Tuning,Tuning,0.2111666996405241,0.7888333003594757
Baseline,SVM_Linear,0.85,Tuning,Tuning,0.20119728853817156,0.7988027114618285
Baseline,SVM_Linear,0.85,Tuning,Tuning,0.33981215907791884,0.6601878409220812
Baseline,SVM_Linear,0.85,Tuning,Tuning,0.4446434116806649,0.555356588319335
Baseline,SVM_Linear,0.85,Tuning,Tuning,0.06501816734183682,0.9349818326581631
Baseline,SVM_Linear,0.85,Defaults,Tuning,0.33655648192164,0.6634435180783599
Baseline,SVM_Linear,0.85,Tuning,Tuning,0.10776333753582078,0.8922366624641792
Baseline,SVM_Linear,0.85,Defaults,Tuning,0.4538868923817557,0.5461131076182443
Baseline,SVM_Linear,0.85,Tuning,Tuning,0.3337220682476954,0.6662779317523045
Baseline,SVM_Linear,0.85,Tuning,Tuning,0.3302231638446718,0.6697768361553282
Baseline,SVM_Linear,0.85,Tuning,Tuning,0.41696495709326986,0.5830350429067301
Baseline,SVM_Linear,0.85,Tuning,Tuning,0.23499458628051487,0.765005413719485
Baseline,SVM_Linear,0.85,Defaults,Tuning,0.33679338166060935,0.6632066183393907
Baseline,SVM_Linear,0.85,Defaults,Tuning,0.24123743218231974,0.7587625678176804
Baseline,SVM_Linear,0.85,Tuning,Tuning,0.0742225396006895,0.9257774603993105
Baseline,SVM_Linear,0.85,Tuning,Tuning,0.21355184424145887,0.7864481557585409
Baseline,SVM_Linear,0.85,Tuning,Tuning,0.15548322623314326,0.8445167737668569
Baseline,SVM_Linear,0.85,Tuning,Tuning,0.15548322623314326,0.8445167737668569
Baseline,SVM_Linear,0.85,Tuning,Tuning,0.29452062077745855,0.7054793792225414
Baseline,SVM_Linear,0.85,Tuning,Tuning,0.12734833321322614,0.8726516667867739
Baseline,SVM_Linear,0.85,Tuning,Defaults,0.5395838926421489,0.46041610735785127
Baseline,SVM_Linear,0.85,Tuning,Tuning,0.1552379499080529,0.844762050091947
Baseline,SVM_Linear,0.85,Defaults,Tuning,0.30056298037624035,0.6994370196237595
Baseline,SVM_Linear,0.85,Tuning,Tuning,0.35975098080038226,0.6402490191996179
Baseline,SVM_Linear,0.85,Tuning,Tuning,0.36935630345591736,0.6306436965440827
Baseline,SVM_Linear,0.85,Tuning,Tuning,0.41883133239032816,0.5811686676096718
Baseline,SVM_Linear,0.85,Tuning,Tuning,0.20287441315666319,0.7971255868433368
Baseline,SVM_Linear,0.85,Defaults,Tuning,0.37569688604953966,0.6243031139504605
Baseline,SVM_Linear,0.85,Tuning,Tuning,0.20762834575184635,0.7923716542481538
Baseline,SVM_Linear,0.85,Tuning,Tuning,0.06943266447400297,0.930567335525997
Baseline,SVM_Linear,0.85,Tuning,Tuning,0.2972803609012069,0.7027196390987928
Baseline,SVM_Linear,0.85,Defaults,Tuning,0.3234274914226667,0.676572508577333
Baseline,SVM_Linear,0.85,Tuning,Tuning,0.12146602915211321,0.8785339708478868
Baseline,SVM_Linear,0.85,Tuning,Tuning,0.3373272032879732,0.6626727967120267
Baseline,SVM_Linear,0.85,Tuning,Tuning,0.1374709402943627,0.8625290597056373
Baseline,SVM_Linear,0.85,Defaults,Defaults,0.6186005340753062,0.3813994659246938
Baseline,SVM_Linear,0.85,Defaults,Tuning,0.48686224536428513,0.5131377546357149
Baseline,SVM_Linear,0.85,Tuning,Tuning,0.24382504154957488,0.7561749584504249
Baseline,SVM_Linear,0.85,Tuning,Tuning,0.1616506684348637,0.8383493315651361
Baseline,SVM_Linear,0.85,Tuning,Defaults,0.5349856099971346,0.4650143900028655
Baseline,SVM_Linear,0.85,Defaults,Tuning,0.3816654927542082,0.6183345072457918
Baseline,SVM_Linear,0.85,Defaults,Tuning,0.3896266111435952,0.6103733888564048
Baseline,SVM_Linear,0.85,Defaults,Defaults,0.5362144006319138,0.4637855993680863
Baseline,SVM_Linear,0.85,Tuning,Tuning,0.25056794264849747,0.7494320573515025
Baseline,SVM_Linear,0.85,Defaults,Tuning,0.3830775718500846,0.6169224281499155
Baseline,SVM_Linear,0.85,Tuning,Defaults,0.6722106499680768,0.3277893500319231
Baseline,SVM_Linear,0.85,Tuning,Tuning,0.22461448331826078,0.7753855166817392
Baseline,SVM_Linear,0.85,Defaults,Tuning,0.20961924304439175,0.7903807569556082
Baseline,SVM_Linear,0.85,Defaults,Defaults,0.5934983615589503,0.4065016384410496
Baseline,SVM_Linear,0.85,Tuning,Tuning,0.48731721739576794,0.5126827826042322
Baseline,SVM_Linear,0.85,Tuning,Tuning,0.1901419817128921,0.8098580182871079
Baseline,SVM_Linear,0.85,Defaults,Tuning,0.3090572487992567,0.6909427512007433
Baseline,SVM_Linear,0.85,Tuning,Tuning,0.03554908042465181,0.9644509195753483
Baseline,SVM_Linear,0.85,Tuning,Tuning,0.17760742164487248,0.8223925783551275
Baseline,SVM_Linear,0.85,Tuning,Tuning,0.021266289428347452,0.9787337105716525
Baseline,SVM_Linear,0.85,Tuning,Tuning,0.354705016719056,0.645294983280944
Baseline,SVM_Linear,0.9,Tuning,Tuning,0.12019105046029363,0.8798089495397062
Baseline,SVM_Linear,0.9,Tuning,Tuning,0.20897712891174436,0.7910228710882555
Baseline,SVM_Linear,0.9,Defaults,Tuning,0.3871945672092137,0.6128054327907863
Baseline,SVM_Linear,0.9,Tuning,Tuning,0.2099248931824086,0.7900751068175916
Baseline,SVM_Linear,0.9,Tuning,Tuning,0.19092595581410998,0.8090740441858902
Baseline,SVM_Linear,0.9,Tuning,Tuning,0.4624004161753196,0.5375995838246802
Baseline,SVM_Linear,0.9,Tuning,Tuning,0.01304764698840099,0.986952353011599
Baseline,SVM_Linear,0.9,Defaults,Tuning,0.15116696616261435,0.8488330338373857
Baseline,SVM_Linear,0.9,Defaults,Tuning,0.10499508761108196,0.8950049123889181
Baseline,SVM_Linear,0.9,Tuning,Tuning,0.23386798005795545,0.7661320199420444
Baseline,SVM_Linear,0.9,Tuning,Tuning,0.20827628332485448,0.7917237166751455
Baseline,SVM_Linear,0.9,Defaults,Tuning,0.3072095999048367,0.6927904000951632
Baseline,SVM_Linear,0.9,Tuning,Tuning,0.13800734111415808,0.8619926588858419
Baseline,SVM_Linear,0.9,Tuning,Tuning,0.14593119289044923,0.854068807109551
Baseline,SVM_Linear,0.9,Tuning,Tuning,0.003152144891887317,0.9968478551081127
Baseline,SVM_Linear,0.9,Tuning,Tuning,0.20317604104344214,0.7968239589565578
Baseline,SVM_Linear,0.9,Defaults,Defaults,0.5350491577055254,0.4649508422944745
Baseline,SVM_Linear,0.9,Tuning,Tuning,0.2618135678436729,0.7381864321563273
Baseline,SVM_Linear,0.9,Defaults,Tuning,0.31171819703061865,0.6882818029693815
Baseline,SVM_Linear,0.9,Tuning,Tuning,0.4377841373768743,0.5622158626231256
Baseline,SVM_Linear,0.9,Tuning,Tuning,0.2250765668163685,0.7749234331836312
Baseline,SVM_Linear,0.9,Defaults,Tuning,0.2952894007618102,0.7047105992381898
Baseline,SVM_Linear,0.9,Tuning,Tuning,0.09643237839786889,0.9035676216021311
Baseline,SVM_Linear,0.9,Tuning,Tuning,0.33541332278600083,0.6645866772139993
Baseline,SVM_Linear,0.9,Tuning,Tuning,0.2856724966354876,0.7143275033645125
Baseline,SVM_Linear,0.9,Tuning,Tuning,0.21207115738454027,0.7879288426154598
Baseline,SVM_Linear,0.9,Tuning,Tuning,0.28257362962949917,0.7174263703705008
Baseline,SVM_Linear,0.9,Tuning,Tuning,0.26766483083969755,0.7323351691603024
Baseline,SVM_Linear,0.9,Tuning,Tuning,0.27589750723960155,0.7241024927603987
Baseline,SVM_Linear,0.9,Tuning,Tuning,0.21389639891718346,0.7861036010828165
Baseline,SVM_Linear,0.9,Tuning,Tuning,0.1424770015401274,0.8575229984598727
Baseline,SVM_Linear,0.9,Tuning,Tuning,0.24035073387009825,0.7596492661299017
Baseline,SVM_Linear,0.9,Defaults,Tuning,0.4031862735984438,0.5968137264015564
Baseline,SVM_Linear,0.9,Defaults,Tuning,0.2644342727994226,0.7355657272005771
Baseline,SVM_Linear,0.9,Tuning,Tuning,0.07143164894223732,0.9285683510577628
Baseline,SVM_Linear,0.9,Tuning,Defaults,0.5270188369384416,0.4729811630615583
Baseline,SVM_Linear,0.9,Tuning,Tuning,0.157099769610882,0.8429002303891181
Baseline,SVM_Linear,0.9,Defaults,Tuning,0.31329552244484177,0.6867044775551582
Baseline,SVM_Linear,0.9,Tuning,Tuning,0.17387752147498245,0.8261224785250175
Baseline,SVM_Linear,0.9,Defaults,Tuning,0.42678152073428227,0.5732184792657178
Baseline,SVM_Linear,0.9,Tuning,Tuning,0.3524736657510629,0.6475263342489371
Baseline,SVM_Linear,0.9,Tuning,Tuning,0.028703247019185748,0.9712967529808143
Baseline,SVM_Linear,0.9,Tuning,Defaults,0.7949304791063603,0.20506952089363983
Baseline,SVM_Linear,0.9,Tuning,Tuning,0.246883127651886,0.7531168723481141
Baseline,SVM_Linear,0.9,Tuning,Tuning,0.18640235273591566,0.8135976472640843
Baseline,SVM_Linear,0.9,Tuning,Tuning,0.34322968132465187,0.6567703186753481
Baseline,SVM_Linear,0.9,Tuning,Tuning,0.2718634041299261,0.7281365958700741
Baseline,SVM_Linear,0.9,Tuning,Tuning,0.20812234334542573,0.7918776566545739
Baseline,SVM_Linear,0.9,Tuning,Tuning,0.2656865691259318,0.7343134308740683
Baseline,SVM_Linear,0.9,Tuning,Tuning,0.12352175609280315,0.8764782439071971
Baseline,SVM_Linear,0.9,Defaults,Tuning,0.2785116949089935,0.7214883050910064
Baseline,SVM_Linear,0.9,Tuning,Tuning,0.11004773373275614,0.8899522662672438
Baseline,SVM_Linear,0.9,Tuning,Tuning,0.1897311197789032,0.8102688802210969
Baseline,SVM_Linear,0.9,Defaults,Tuning,0.3223404495454678,0.6776595504545322
Baseline,SVM_Linear,0.9,Tuning,Tuning,0.34985841887233987,0.6501415811276602
Baseline,SVM_Linear,0.9,Tuning,Tuning,0.4617047696726745,0.5382952303273255
Baseline,SVM_Linear,0.9,Tuning,Tuning,0.4123251108548747,0.5876748891451253
Baseline,SVM_Linear,0.9,Tuning,Tuning,0.4870844357691155,0.5129155642308844
Baseline,SVM_Linear,0.9,Tuning,Tuning,0.38219923052580157,0.6178007694741985
Baseline,SVM_Linear,0.9,Tuning,Tuning,0.27049289333606413,0.7295071066639359
Baseline,SVM_Linear,0.9,Tuning,Tuning,0.03883439483818249,0.9611656051618176
Baseline,SVM_Linear,0.9,Tuning,Tuning,0.15841360037801866,0.8415863996219815
Baseline,SVM_Linear,0.9,Tuning,Tuning,0.21289342964543326,0.7871065703545667
Baseline,SVM_Linear,0.9,Defaults,Tuning,0.394523229562267,0.6054767704377328
Baseline,SVM_Linear,0.9,Tuning,Tuning,0.2895350475217869,0.7104649524782131
Baseline,SVM_Linear,0.9,Defaults,Tuning,0.28380867925299985,0.7161913207470002
Baseline,SVM_Linear,0.9,Tuning,Tuning,0.2099999615647991,0.7900000384352006
Baseline,SVM_Linear,0.9,Tuning,Tuning,0.21109899299658488,0.7889010070034151
Baseline,SVM_Linear,0.9,Tuning,Tuning,0.29435189851123905,0.7056481014887608
Baseline,SVM_Linear,0.9,Tuning,Tuning,0.05825767458552943,0.9417423254144706
Baseline,SVM_Linear,0.9,Tuning,Tuning,0.3252346065427138,0.6747653934572863
Baseline,SVM_Linear,0.9,Defaults,Tuning,0.10538848310852192,0.8946115168914779
Baseline,SVM_Linear,0.9,Tuning,Tuning,0.3333456297528289,0.6666543702471711
Baseline,SVM_Linear,0.9,Defaults,Tuning,0.42791504321465446,0.5720849567853455
Baseline,SVM_Linear,0.9,Defaults,Tuning,0.37833880734147723,0.6216611926585226
Baseline,SVM_Linear,0.9,Defaults,Tuning,0.4764661571854858,0.5235338428145144
Baseline,SVM_Linear,0.9,Defaults,Tuning,0.4258155487895501,0.5741844512104499
Baseline,SVM_Linear,0.9,Tuning,Tuning,0.2583916535758767,0.7416083464241234
Baseline,SVM_Linear,0.9,Tuning,Tuning,0.2649041211575031,0.7350958788424968
Baseline,SVM_Linear,0.9,Tuning,Tuning,0.2822052605809712,0.7177947394190286
Baseline,SVM_Linear,0.9,Defaults,Tuning,0.29411686859511044,0.7058831314048896
Baseline,SVM_Linear,0.9,Defaults,Tuning,0.39377668605848365,0.6062233139415163
Baseline,SVM_Linear,0.9,Defaults,Tuning,0.3047561305830128,0.695243869416987
Baseline,SVM_Linear,0.9,Defaults,Tuning,0.4780011693241612,0.5219988306758387
Baseline,SVM_Linear,0.9,Tuning,Tuning,0.46451983588892076,0.5354801641110792
Baseline,SVM_Linear,0.9,Tuning,Defaults,0.5212596284511058,0.47874037154889426
Baseline,SVM_Linear,0.9,Defaults,Tuning,0.4602490124776579,0.5397509875223421
Baseline,SVM_Linear,0.9,Tuning,Tuning,0.13422523038436066,0.8657747696156393
Baseline,SVM_Linear,0.9,Defaults,Tuning,0.40712651927734106,0.592873480722659
Baseline,SVM_Linear,0.9,Tuning,Tuning,0.11275805358443299,0.8872419464155671
Baseline,SVM_Linear,0.9,Tuning,Tuning,0.03675700724348108,0.9632429927565189
Baseline,SVM_Linear,0.9,Defaults,Tuning,0.31014953880333873,0.6898504611966614
Baseline,SVM_Linear,0.9,Tuning,Tuning,0.2705760883926461,0.7294239116073536
Baseline,SVM_Linear,0.9,Defaults,Tuning,3.0000008999999776e-14,0.9999999999999699
Baseline,SVM_Linear,0.9,Tuning,Tuning,0.10584247300434532,0.8941575269956548
Baseline,SVM_Linear,0.9,Tuning,Tuning,0.13056326391935325,0.869436736080647
Baseline,SVM_Linear,0.9,Tuning,Tuning,0.20702325870288057,0.7929767412971193
Baseline,SVM_Linear,0.9,Defaults,Tuning,0.47258031850196974,0.5274196814980301
Baseline,SVM_Linear,0.9,Tuning,Tuning,0.21791712459935486,0.7820828754006452
Baseline,SVM_Linear,0.9,Tuning,Tuning,0.4521423948086772,0.5478576051913228
Baseline,SVM_Linear,0.9,Tuning,Tuning,0.21621176656638225,0.7837882334336179
Baseline,SVM_Linear,0.9,Defaults,Tuning,0.10443611343259812,0.8955638865674017
Baseline,SVM_Linear,0.9,Tuning,Tuning,0.27019625770352845,0.7298037422964717
Baseline,SVM_Linear,0.9,Tuning,Tuning,0.4512631822235762,0.5487368177764239
Baseline,SVM_Linear,0.9,Tuning,Tuning,0.07270629319879039,0.9272937068012097
Baseline,SVM_Linear,0.9,Tuning,Tuning,0.06309917110769263,0.9369008288923073
Baseline,SVM_Linear,0.9,Tuning,Defaults,0.5380780069570941,0.4619219930429058
Baseline,SVM_Linear,0.9,Tuning,Tuning,0.1367485352466926,0.8632514647533074
Baseline,SVM_Linear,0.9,Tuning,Tuning,0.2289946885900259,0.771005311409974
Baseline,SVM_Linear,0.9,Defaults,Tuning,0.41859027263934345,0.5814097273606565
Baseline,SVM_Linear,0.9,Tuning,Tuning,0.03710556661130152,0.9628944333886984
Baseline,SVM_Linear,0.9,Tuning,Tuning,0.10969629423455636,0.8903037057654436
Baseline,SVM_Linear,0.9,Tuning,Tuning,0.05834624133504674,0.9416537586649534
Baseline,SVM_Linear,0.9,Tuning,Tuning,0.26607958019331623,0.7339204198066838
Baseline,SVM_Linear,0.9,Tuning,Tuning,0.17256377596394049,0.8274362240360594
Baseline,SVM_Linear,0.9,Tuning,Tuning,0.3149946344472816,0.6850053655527184
Baseline,SVM_Linear,0.9,Tuning,Tuning,0.38614773469275493,0.613852265307245
Baseline,SVM_Linear,0.9,Tuning,Tuning,0.036743760690625384,0.9632562393093747
Baseline,SVM_Linear,0.9,Defaults,Tuning,0.3555390406540696,0.6444609593459303
Baseline,SVM_Linear,0.9,Tuning,Tuning,0.11234685308233415,0.8876531469176658
Baseline,SVM_Linear,0.9,Defaults,Defaults,0.5141049265018331,0.48589507349816696
Baseline,SVM_Linear,0.9,Tuning,Tuning,0.30125068088328155,0.6987493191167184
Baseline,SVM_Linear,0.9,Tuning,Tuning,0.34224626576886796,0.6577537342311317
Baseline,SVM_Linear,0.9,Tuning,Tuning,0.3141047760814058,0.6858952239185945
Baseline,SVM_Linear,0.9,Tuning,Tuning,0.22506728241462623,0.7749327175853735
Baseline,SVM_Linear,0.9,Defaults,Tuning,0.3229909107491875,0.6770090892508123
Baseline,SVM_Linear,0.9,Defaults,Tuning,0.261064945570967,0.7389350544290328
Baseline,SVM_Linear,0.9,Tuning,Tuning,0.07875670366313349,0.9212432963368665
Baseline,SVM_Linear,0.9,Tuning,Tuning,0.13197599581213548,0.8680240041878646
Baseline,SVM_Linear,0.9,Tuning,Tuning,0.17217252038058814,0.8278274796194119
Baseline,SVM_Linear,0.9,Tuning,Tuning,0.17217252038058814,0.8278274796194119
Baseline,SVM_Linear,0.9,Tuning,Tuning,0.13592971232583637,0.8640702876741638
Baseline,SVM_Linear,0.9,Tuning,Tuning,0.10582394379000826,0.8941760562099917
Baseline,SVM_Linear,0.9,Tuning,Defaults,0.562372141873721,0.43762785812627897
Baseline,SVM_Linear,0.9,Tuning,Tuning,0.11811381531022967,0.8818861846897702
Baseline,SVM_Linear,0.9,Defaults,Tuning,0.20603671534462584,0.7939632846553741
Baseline,SVM_Linear,0.9,Tuning,Tuning,0.38567492002161907,0.6143250799783808
Baseline,SVM_Linear,0.9,Tuning,Tuning,0.24872350142971672,0.7512764985702836
Baseline,SVM_Linear,0.9,Tuning,Tuning,0.33118677386809864,0.6688132261319013
Baseline,SVM_Linear,0.9,Tuning,Tuning,0.20879918046523277,0.7912008195347674
Baseline,SVM_Linear,0.9,Defaults,Tuning,0.3504342412906567,0.6495657587093435
Baseline,SVM_Linear,0.9,Tuning,Tuning,0.18084843517347,0.8191515648265301
Baseline,SVM_Linear,0.9,Tuning,Tuning,0.031551788261278704,0.9684482117387213
Baseline,SVM_Linear,0.9,Tuning,Tuning,0.2977466591212268,0.7022533408787731
Baseline,SVM_Linear,0.9,Defaults,Tuning,0.2984583431810957,0.7015416568189043
Baseline,SVM_Linear,0.9,Tuning,Tuning,0.15099431952612366,0.8490056804738764
Baseline,SVM_Linear,0.9,Tuning,Tuning,0.31951671804299303,0.6804832819570066
Baseline,SVM_Linear,0.9,Tuning,Tuning,0.10935844567745062,0.8906415543225492
Baseline,SVM_Linear,0.9,Defaults,Defaults,0.677283089014387,0.3227169109856131
Baseline,SVM_Linear,0.9,Defaults,Tuning,0.48726543666337135,0.5127345633366287
Baseline,SVM_Linear,0.9,Tuning,Tuning,0.19545085661476883,0.8045491433852311
Baseline,SVM_Linear,0.9,Tuning,Tuning,0.13530383950726693,0.864696160492733
Baseline,SVM_Linear,0.9,Tuning,Defaults,0.7152030874431692,0.284796912556831
Baseline,SVM_Linear,0.9,Defaults,Tuning,0.36695160922547637,0.6330483907745236
Baseline,SVM_Linear,0.9,Defaults,Tuning,0.3658543221209059,0.6341456778790941
Baseline,SVM_Linear,0.9,Defaults,Defaults,0.5726379003474787,0.4273620996525214
Baseline,SVM_Linear,0.9,Tuning,Tuning,0.26134932003702643,0.7386506799629736
Baseline,SVM_Linear,0.9,Defaults,Tuning,0.4423018939088316,0.5576981060911684
Baseline,SVM_Linear,0.9,Tuning,Defaults,0.6073258125150791,0.3926741874849209
Baseline,SVM_Linear,0.9,Tuning,Tuning,0.2300643911790086,0.7699356088209913
Baseline,SVM_Linear,0.9,Defaults,Tuning,0.2471490518763872,0.7528509481236128
Baseline,SVM_Linear,0.9,Defaults,Defaults,0.6236622572029495,0.3763377427970506
Baseline,SVM_Linear,0.9,Tuning,Tuning,0.44931778885804885,0.5506822111419512
Baseline,SVM_Linear,0.9,Tuning,Tuning,0.2181615181328214,0.7818384818671784
Baseline,SVM_Linear,0.9,Defaults,Tuning,0.4249462246476783,0.5750537753523218
Baseline,SVM_Linear,0.9,Tuning,Tuning,0.053418535912140026,0.94658146408786
Baseline,SVM_Linear,0.9,Tuning,Tuning,0.15492952224647946,0.8450704777535206
Baseline,SVM_Linear,0.9,Tuning,Tuning,0.010336329588316425,0.9896636704116836
Baseline,SVM_Linear,0.9,Tuning,Tuning,0.24824864354617432,0.7517513564538256
Baseline,SVM_Linear,0.95,Tuning,Tuning,0.10604454923403747,0.8939554507659625
Baseline,SVM_Linear,0.95,Tuning,Tuning,0.23070640608492862,0.7692935939150715
Baseline,SVM_Linear,0.95,Defaults,Tuning,0.41796727712385745,0.5820327228761427
Baseline,SVM_Linear,0.95,Tuning,Tuning,0.20814737317362297,0.7918526268263771
Baseline,SVM_Linear,0.95,Tuning,Tuning,0.1930054598757924,0.8069945401242078
Baseline,SVM_Linear,0.95,Tuning,Tuning,0.4762692811001059,0.5237307188998941
Baseline,SVM_Linear,0.95,Tuning,Tuning,0.06464266986114238,0.9353573301388575
Baseline,SVM_Linear,0.95,Defaults,Tuning,0.14288240818955766,0.8571175918104426
Baseline,SVM_Linear,0.95,Defaults,Tuning,0.10478857198144254,0.8952114280185575
Baseline,SVM_Linear,0.95,Tuning,Tuning,0.19141024238421808,0.8085897576157819
Baseline,SVM_Linear,0.95,Tuning,Tuning,0.22941150659410134,0.7705884934058987
Baseline,SVM_Linear,0.95,Defaults,Tuning,0.31235593633975023,0.6876440636602498
Baseline,SVM_Linear,0.95,Tuning,Tuning,0.17005565245226567,0.8299443475477343
Baseline,SVM_Linear,0.95,Tuning,Tuning,0.1817834108479595,0.8182165891520404
Baseline,SVM_Linear,0.95,Tuning,Tuning,0.007265274516081125,0.992734725483919
Baseline,SVM_Linear,0.95,Tuning,Tuning,0.21661260614552355,0.7833873938544765
Baseline,SVM_Linear,0.95,Defaults,Defaults,0.5409460983611046,0.4590539016388952
Baseline,SVM_Linear,0.95,Tuning,Tuning,0.21732039173571327,0.782679608264287
Baseline,SVM_Linear,0.95,Defaults,Tuning,0.3301724116503296,0.6698275883496705
Baseline,SVM_Linear,0.95,Tuning,Tuning,0.41900032960450545,0.5809996703954945
Baseline,SVM_Linear,0.95,Tuning,Tuning,0.31595946452159296,0.6840405354784072
Baseline,SVM_Linear,0.95,Defaults,Tuning,0.2849971511718276,0.7150028488281726
Baseline,SVM_Linear,0.95,Tuning,Tuning,0.12811752951635155,0.8718824704836485
Baseline,SVM_Linear,0.95,Tuning,Tuning,0.33379898702504546,0.6662010129749547
Baseline,SVM_Linear,0.95,Tuning,Tuning,0.30138763257691925,0.6986123674230807
Baseline,SVM_Linear,0.95,Tuning,Tuning,0.22451770223936965,0.7754822977606302
Baseline,SVM_Linear,0.95,Tuning,Tuning,0.29593158032073513,0.7040684196792648
Baseline,SVM_Linear,0.95,Tuning,Tuning,0.26622736465363783,0.7337726353463623
Baseline,SVM_Linear,0.95,Tuning,Tuning,0.272325577293937,0.7276744227060631
Baseline,SVM_Linear,0.95,Tuning,Tuning,0.2217767988246018,0.7782232011753983
Baseline,SVM_Linear,0.95,Tuning,Tuning,0.15492989850319025,0.8450701014968097
Baseline,SVM_Linear,0.95,Tuning,Tuning,0.24471848663904855,0.7552815133609514
Baseline,SVM_Linear,0.95,Defaults,Tuning,0.39831995821518984,0.6016800417848103
Baseline,SVM_Linear,0.95,Defaults,Tuning,0.2645918702671717,0.7354081297328281
Baseline,SVM_Linear,0.95,Tuning,Tuning,0.084600086050709,0.9153999139492911
Baseline,SVM_Linear,0.95,Tuning,Tuning,0.35046091567090243,0.6495390843290975
Baseline,SVM_Linear,0.95,Tuning,Tuning,0.23293785871503137,0.7670621412849686
Baseline,SVM_Linear,0.95,Defaults,Tuning,0.35397082226943316,0.6460291777305669
Baseline,SVM_Linear,0.95,Tuning,Tuning,0.22313772472440127,0.7768622752755986
Baseline,SVM_Linear,0.95,Defaults,Tuning,0.40795384123690487,0.5920461587630951
Baseline,SVM_Linear,0.95,Tuning,Tuning,0.3006565858571363,0.6993434141428637
Baseline,SVM_Linear,0.95,Tuning,Tuning,0.14424611536514934,0.8557538846348508
Baseline,SVM_Linear,0.95,Tuning,Defaults,0.7773750482844002,0.2226249517155997
Baseline,SVM_Linear,0.95,Tuning,Tuning,0.23695668343894333,0.7630433165610567
Baseline,SVM_Linear,0.95,Tuning,Tuning,0.22905716232231066,0.7709428376776895
Baseline,SVM_Linear,0.95,Tuning,Tuning,0.3464718130821102,0.6535281869178897
Baseline,SVM_Linear,0.95,Tuning,Tuning,0.3371395532315007,0.6628604467684992
Baseline,SVM_Linear,0.95,Tuning,Tuning,0.19812502699450468,0.8018749730054955
Baseline,SVM_Linear,0.95,Tuning,Tuning,0.28860959620661925,0.7113904037933807
Baseline,SVM_Linear,0.95,Tuning,Tuning,0.14432942259982035,0.8556705774001798
Baseline,SVM_Linear,0.95,Defaults,Tuning,0.2823413701008383,0.7176586298991618
Baseline,SVM_Linear,0.95,Tuning,Tuning,0.05293473268702206,0.9470652673129779
Baseline,SVM_Linear,0.95,Tuning,Tuning,0.09823999946838204,0.9017600005316179
Baseline,SVM_Linear,0.95,Defaults,Tuning,0.2855226539779614,0.7144773460220386
Baseline,SVM_Linear,0.95,Tuning,Tuning,0.3517644891244315,0.6482355108755685
Baseline,SVM_Linear,0.95,Tuning,Tuning,0.47116297549827574,0.5288370245017241
Baseline,SVM_Linear,0.95,Tuning,Tuning,0.3772975990348666,0.6227024009651333
Baseline,SVM_Linear,0.95,Tuning,Defaults,0.5059213908966557,0.4940786091033444
Baseline,SVM_Linear,0.95,Tuning,Tuning,0.3866311002154101,0.6133688997845901
Baseline,SVM_Linear,0.95,Tuning,Tuning,0.24950220300051582,0.7504977969994843
Baseline,SVM_Linear,0.95,Tuning,Tuning,0.06713073558316644,0.9328692644168336
Baseline,SVM_Linear,0.95,Tuning,Tuning,0.19356844330202447,0.8064315566979754
Baseline,SVM_Linear,0.95,Tuning,Tuning,0.2299856147818506,0.7700143852181497
Baseline,SVM_Linear,0.95,Defaults,Tuning,0.395967670181028,0.6040323298189719
Baseline,SVM_Linear,0.95,Tuning,Tuning,0.2941349244888639,0.7058650755111362
Baseline,SVM_Linear,0.95,Defaults,Tuning,0.29678398557008573,0.7032160144299144
Baseline,SVM_Linear,0.95,Tuning,Tuning,0.22852911583388996,0.7714708841661099
Baseline,SVM_Linear,0.95,Tuning,Tuning,0.25652648782764265,0.7434735121723576
Baseline,SVM_Linear,0.95,Tuning,Tuning,0.31883378590501266,0.6811662140949872
Baseline,SVM_Linear,0.95,Tuning,Tuning,0.10319124134897714,0.896808758651023
Baseline,SVM_Linear,0.95,Tuning,Tuning,0.26205765702164874,0.7379423429783514
Baseline,SVM_Linear,0.95,Defaults,Tuning,0.13430084056570665,0.8656991594342933
Baseline,SVM_Linear,0.95,Tuning,Tuning,0.3345609120507111,0.6654390879492887
Baseline,SVM_Linear,0.95,Defaults,Tuning,0.45724168108521696,0.5427583189147831
Baseline,SVM_Linear,0.95,Defaults,Tuning,0.40286860029731214,0.5971313997026877
Baseline,SVM_Linear,0.95,Defaults,Defaults,0.5,0.5
Baseline,SVM_Linear,0.95,Defaults,Tuning,0.4583307660522857,0.5416692339477143
Baseline,SVM_Linear,0.95,Tuning,Tuning,0.26073370940150464,0.7392662905984957
Baseline,SVM_Linear,0.95,Tuning,Tuning,0.2701319984600607,0.7298680015399392
Baseline,SVM_Linear,0.95,Tuning,Tuning,0.2923826156788806,0.7076173843211193
Baseline,SVM_Linear,0.95,Defaults,Tuning,0.30686803582325817,0.6931319641767419
Baseline,SVM_Linear,0.95,Defaults,Tuning,0.3878577044330531,0.6121422955669467
Baseline,SVM_Linear,0.95,Defaults,Tuning,0.3079088154464344,0.6920911845535657
Baseline,SVM_Linear,0.95,Defaults,Tuning,0.47068634822502675,0.5293136517749734
Baseline,SVM_Linear,0.95,Tuning,Tuning,0.4752948024153153,0.5247051975846849
Baseline,SVM_Linear,0.95,Tuning,Tuning,0.46954577767029415,0.5304542223297056
Baseline,SVM_Linear,0.95,Defaults,Tuning,0.46182175133480957,0.5381782486651905
Baseline,SVM_Linear,0.95,Tuning,Tuning,0.15407058048755723,0.8459294195124428
Baseline,SVM_Linear,0.95,Defaults,Tuning,0.4133230793702692,0.5866769206297306
Baseline,SVM_Linear,0.95,Tuning,Tuning,0.15083626097153868,0.8491637390284613
Baseline,SVM_Linear,0.95,Tuning,Tuning,0.055346551589054646,0.9446534484109452
Baseline,SVM_Linear,0.95,Defaults,Tuning,0.3328936081288354,0.6671063918711647
Baseline,SVM_Linear,0.95,Tuning,Tuning,0.23951659065965558,0.7604834093403444
Baseline,SVM_Linear,0.95,Defaults,Tuning,3.0000008999999776e-14,0.9999999999999699
Baseline,SVM_Linear,0.95,Tuning,Tuning,0.12330632464995973,0.8766936753500402
Baseline,SVM_Linear,0.95,Tuning,Tuning,0.1458397715086702,0.8541602284913299
Baseline,SVM_Linear,0.95,Tuning,Tuning,0.20751178419416944,0.7924882158058306
Baseline,SVM_Linear,0.95,Defaults,Tuning,0.4519576183596712,0.5480423816403287
Baseline,SVM_Linear,0.95,Tuning,Tuning,0.24078420807866327,0.7592157919213367
Baseline,SVM_Linear,0.95,Tuning,Tuning,0.4065788591585516,0.5934211408414484
Baseline,SVM_Linear,0.95,Tuning,Tuning,0.23085827321196037,0.7691417267880396
Baseline,SVM_Linear,0.95,Defaults,Tuning,0.11960982717998629,0.8803901728200136
Baseline,SVM_Linear,0.95,Tuning,Tuning,0.28418482433012093,0.7158151756698791
Baseline,SVM_Linear,0.95,Tuning,Tuning,0.3975806895653936,0.6024193104346065
Baseline,SVM_Linear,0.95,Tuning,Tuning,0.07315902692108439,0.9268409730789157
Baseline,SVM_Linear,0.95,Tuning,Tuning,0.07167882391078789,0.9283211760892122
Baseline,SVM_Linear,0.95,Tuning,Tuning,0.4938659460069462,0.506134053993054
Baseline,SVM_Linear,0.95,Tuning,Tuning,0.15379313346308002,0.8462068665369198
Baseline,SVM_Linear,0.95,Tuning,Tuning,0.21582091389841623,0.784179086101584
Baseline,SVM_Linear,0.95,Defaults,Tuning,0.3960766968679906,0.6039233031320095
Baseline,SVM_Linear,0.95,Tuning,Tuning,0.07127158445462324,0.9287284155453767
Baseline,SVM_Linear,0.95,Tuning,Tuning,0.13062549518222064,0.8693745048177792
Baseline,SVM_Linear,0.95,Tuning,Tuning,0.2938324261731583,0.7061675738268417
Baseline,SVM_Linear,0.95,Tuning,Tuning,0.22804799401173723,0.7719520059882627
Baseline,SVM_Linear,0.95,Tuning,Tuning,0.1449631439788573,0.8550368560211428
Baseline,SVM_Linear,0.95,Tuning,Tuning,0.32627667714332326,0.6737233228566768
Baseline,SVM_Linear,0.95,Tuning,Tuning,0.3536294518576617,0.6463705481423384
Baseline,SVM_Linear,0.95,Tuning,Tuning,0.05910969170465826,0.9408903082953416
Baseline,SVM_Linear,0.95,Defaults,Tuning,0.36324517583856203,0.636754824161438
Baseline,SVM_Linear,0.95,Tuning,Tuning,0.1089295124335384,0.8910704875664615
Baseline,SVM_Linear,0.95,Defaults,Defaults,0.5064008815662192,0.49359911843378085
Baseline,SVM_Linear,0.95,Tuning,Tuning,0.29579635101394514,0.7042036489860549
Baseline,SVM_Linear,0.95,Tuning,Tuning,0.32432652193703904,0.6756734780629609
Baseline,SVM_Linear,0.95,Tuning,Tuning,0.41185958912042714,0.588140410879573
Baseline,SVM_Linear,0.95,Tuning,Tuning,0.23114729825007357,0.7688527017499264
Baseline,SVM_Linear,0.95,Defaults,Tuning,0.314320793021636,0.6856792069783637
Baseline,SVM_Linear,0.95,Defaults,Tuning,0.2779209469054147,0.7220790530945852
Baseline,SVM_Linear,0.95,Tuning,Tuning,0.10519052932356589,0.894809470676434
Baseline,SVM_Linear,0.95,Tuning,Tuning,0.1361607226972518,0.8638392773027482
Baseline,SVM_Linear,0.95,Tuning,Tuning,0.19000862543647476,0.8099913745635251
Baseline,SVM_Linear,0.95,Tuning,Tuning,0.19000862543647476,0.8099913745635251
Baseline,SVM_Linear,0.95,Tuning,Tuning,0.12364832475087903,0.8763516752491207
Baseline,SVM_Linear,0.95,Tuning,Tuning,0.12725324482172248,0.8727467551782776
Baseline,SVM_Linear,0.95,Tuning,Defaults,0.515642453670692,0.48435754632930805
Baseline,SVM_Linear,0.95,Tuning,Tuning,0.18429477983296744,0.8157052201670326
Baseline,SVM_Linear,0.95,Defaults,Tuning,0.21754854545985713,0.7824514545401426
Baseline,SVM_Linear,0.95,Tuning,Tuning,0.36034661173751736,0.6396533882624825
Baseline,SVM_Linear,0.95,Tuning,Tuning,0.27372310447821413,0.7262768955217858
Baseline,SVM_Linear,0.95,Tuning,Tuning,0.30770990849709007,0.6922900915029099
Baseline,SVM_Linear,0.95,Tuning,Tuning,0.23300663242638306,0.7669933675736171
Baseline,SVM_Linear,0.95,Defaults,Tuning,0.30921985285306436,0.6907801471469355
Baseline,SVM_Linear,0.95,Tuning,Tuning,0.20339340940701484,0.7966065905929852
Baseline,SVM_Linear,0.95,Tuning,Tuning,0.09082657207329725,0.9091734279267029
Baseline,SVM_Linear,0.95,Tuning,Tuning,0.3056367982069797,0.6943632017930205
Baseline,SVM_Linear,0.95,Defaults,Tuning,0.30483733384522016,0.6951626661547798
Baseline,SVM_Linear,0.95,Tuning,Tuning,0.0855175908997436,0.9144824091002565
Baseline,SVM_Linear,0.95,Tuning,Tuning,0.3316778143237229,0.6683221856762769
Baseline,SVM_Linear,0.95,Tuning,Tuning,0.1326084559129556,0.8673915440870447
Baseline,SVM_Linear,0.95,Defaults,Defaults,0.682695458108314,0.3173045418916861
Baseline,SVM_Linear,0.95,Defaults,Tuning,0.41459658093046087,0.5854034190695392
Baseline,SVM_Linear,0.95,Tuning,Tuning,0.2184373787851451,0.7815626212148551
Baseline,SVM_Linear,0.95,Tuning,Tuning,0.14366904889471982,0.8563309511052801
Baseline,SVM_Linear,0.95,Tuning,Defaults,0.7111807060563327,0.2888192939436674
Baseline,SVM_Linear,0.95,Defaults,Tuning,0.3511697287330279,0.6488302712669721
Baseline,SVM_Linear,0.95,Defaults,Tuning,0.3824080482385419,0.6175919517614581
Baseline,SVM_Linear,0.95,Defaults,Defaults,0.5338144316074865,0.46618556839251335
Baseline,SVM_Linear,0.95,Tuning,Tuning,0.2548620707564095,0.7451379292435907
Baseline,SVM_Linear,0.95,Defaults,Tuning,0.4766871063482488,0.5233128936517513
Baseline,SVM_Linear,0.95,Tuning,Defaults,0.5991645064997376,0.4008354935002624
Baseline,SVM_Linear,0.95,Tuning,Tuning,0.19535931639455262,0.8046406836054474
Baseline,SVM_Linear,0.95,Defaults,Tuning,0.23853041029037775,0.7614695897096222
Baseline,SVM_Linear,0.95,Defaults,Defaults,0.56163055698262,0.4383694430173802
Baseline,SVM_Linear,0.95,Tuning,Tuning,0.44738082246758354,0.5526191775324164
Baseline,SVM_Linear,0.95,Tuning,Tuning,0.19271791568379196,0.8072820843162078
Baseline,SVM_Linear,0.95,Defaults,Tuning,0.4337630131574183,0.5662369868425818
Baseline,SVM_Linear,0.95,Tuning,Tuning,0.028588805737935985,0.9714111942620639
Baseline,SVM_Linear,0.95,Tuning,Tuning,0.2176789973779618,0.7823210026220384
Baseline,SVM_Linear,0.95,Tuning,Tuning,0.015957591406589627,0.9840424085934103
Baseline,SVM_Linear,0.95,Tuning,Tuning,0.2721216152930698,0.7278783847069301
Baseline,SVM_RBF,0.8,Tuning,Tuning,0.15830418632527576,0.8416958136747242
Baseline,SVM_RBF,0.8,Tuning,Tuning,0.2262112118996992,0.7737887881003009
Baseline,SVM_RBF,0.8,Defaults,Tuning,0.3878608704011102,0.6121391295988896
Baseline,SVM_RBF,0.8,Tuning,Tuning,0.10581270497635137,0.8941872950236487
Baseline,SVM_RBF,0.8,Tuning,Tuning,0.12451457782201802,0.8754854221779819
Baseline,SVM_RBF,0.8,Tuning,Tuning,0.47282202543393587,0.5271779745660642
Baseline,SVM_RBF,0.8,Tuning,Tuning,0.1104529776932534,0.8895470223067468
Baseline,SVM_RBF,0.8,Defaults,Tuning,0.19818519832246068,0.8018148016775394
Baseline,SVM_RBF,0.8,Defaults,Tuning,0.13426689398808392,0.865733106011916
Baseline,SVM_RBF,0.8,Tuning,Tuning,0.19839426352851391,0.801605736471486
Baseline,SVM_RBF,0.8,Tuning,Tuning,0.11450024469022994,0.8854997553097701
Baseline,SVM_RBF,0.8,Defaults,Tuning,0.3639610305446368,0.6360389694553634
Baseline,SVM_RBF,0.8,Tuning,Tuning,0.12076829692876624,0.8792317030712336
Baseline,SVM_RBF,0.8,Tuning,Tuning,0.13577261445862518,0.8642273855413747
Baseline,SVM_RBF,0.8,Tuning,Tuning,0.15314280825514454,0.8468571917448556
Baseline,SVM_RBF,0.8,Tuning,Tuning,0.11746010550987497,0.8825398944901252
Baseline,SVM_RBF,0.8,Defaults,Defaults,0.5407368892850273,0.45926311071497256
Baseline,SVM_RBF,0.8,Tuning,Tuning,0.11882398290154395,0.8811760170984562
Baseline,SVM_RBF,0.8,Defaults,Tuning,0.22444180655308735,0.7755581934469127
Baseline,SVM_RBF,0.8,Tuning,Tuning,0.3095169587528807,0.6904830412471195
Baseline,SVM_RBF,0.8,Tuning,Tuning,0.3786077496258522,0.6213922503741477
Baseline,SVM_RBF,0.8,Defaults,Tuning,0.27676418474322967,0.7232358152567703
Baseline,SVM_RBF,0.8,Tuning,Tuning,0.08275911294198328,0.9172408870580168
Baseline,SVM_RBF,0.8,Tuning,Tuning,0.2615537691541044,0.7384462308458954
Baseline,SVM_RBF,0.8,Tuning,Tuning,0.155092100350018,0.844907899649982
Baseline,SVM_RBF,0.8,Tuning,Tuning,0.11171236337390378,0.8882876366260961
Baseline,SVM_RBF,0.8,Tuning,Tuning,0.13656731388414178,0.8634326861158582
Baseline,SVM_RBF,0.8,Tuning,Tuning,0.14387055644506516,0.8561294435549348
Baseline,SVM_RBF,0.8,Tuning,Tuning,0.1355610916179719,0.8644389083820281
Baseline,SVM_RBF,0.8,Tuning,Tuning,0.10291427673531446,0.8970857232646856
Baseline,SVM_RBF,0.8,Tuning,Tuning,0.10817468780778393,0.8918253121922161
Baseline,SVM_RBF,0.8,Tuning,Tuning,0.1414447558855985,0.8585552441144015
Baseline,SVM_RBF,0.8,Defaults,Defaults,0.8116778653395039,0.18832213466049605
Baseline,SVM_RBF,0.8,Defaults,Tuning,0.21487192630501442,0.7851280736949855
Baseline,SVM_RBF,0.8,Tuning,Tuning,0.14424545155401491,0.8557545484459851
Baseline,SVM_RBF,0.8,Tuning,Tuning,0.23864103725922503,0.761358962740775
Baseline,SVM_RBF,0.8,Tuning,Tuning,0.36963200900395826,0.6303679909960419
Baseline,SVM_RBF,0.8,Defaults,Tuning,0.24532879484185863,0.7546712051581415
Baseline,SVM_RBF,0.8,Tuning,Tuning,0.21603573292836206,0.783964267071638
Baseline,SVM_RBF,0.8,Defaults,Tuning,0.43097893969866247,0.5690210603013376
Baseline,SVM_RBF,0.8,Tuning,Tuning,0.18585550394455855,0.8141444960554416
Baseline,SVM_RBF,0.8,Tuning,Tuning,0.170892915765969,0.829107084234031
Baseline,SVM_RBF,0.8,Tuning,Tuning,0.2767973103427814,0.7232026896572187
Baseline,SVM_RBF,0.8,Tuning,Tuning,0.2248688869461227,0.7751311130538774
Baseline,SVM_RBF,0.8,Tuning,Tuning,0.15680945679957273,0.8431905432004272
Baseline,SVM_RBF,0.8,Tuning,Tuning,0.29869554325526754,0.7013044567447324
Baseline,SVM_RBF,0.8,Tuning,Tuning,0.1741927512297869,0.8258072487702132
Baseline,SVM_RBF,0.8,Tuning,Tuning,0.07206278581419429,0.9279372141858058
Baseline,SVM_RBF,0.8,Tuning,Tuning,0.25826250476822854,0.7417374952317715
Baseline,SVM_RBF,0.8,Tuning,Tuning,0.10276628060933131,0.8972337193906688
Baseline,SVM_RBF,0.8,Defaults,Tuning,0.23205575245980803,0.7679442475401919
Baseline,SVM_RBF,0.8,Tuning,Tuning,0.1459257282883817,0.8540742717116181
Baseline,SVM_RBF,0.8,Tuning,Tuning,0.14440023794882081,0.8555997620511792
Baseline,SVM_RBF,0.8,Defaults,Tuning,0.2066637595772286,0.7933362404227715
Baseline,SVM_RBF,0.8,Tuning,Defaults,0.8759062991412992,0.12409370085870071
Baseline,SVM_RBF,0.8,Tuning,Tuning,0.2002078033672069,0.7997921966327932
Baseline,SVM_RBF,0.8,Tuning,Tuning,0.23784514806252857,0.7621548519374712
Baseline,SVM_RBF,0.8,Tuning,Tuning,0.3995172662367613,0.6004827337632387
Baseline,SVM_RBF,0.8,Tuning,Tuning,0.22933061361640694,0.7706693863835932
Baseline,SVM_RBF,0.8,Tuning,Tuning,0.14159313690919292,0.8584068630908072
Baseline,SVM_RBF,0.8,Tuning,Tuning,0.13975926291228094,0.8602407370877191
Baseline,SVM_RBF,0.8,Tuning,Tuning,0.15956027802623685,0.8404397219737632
Baseline,SVM_RBF,0.8,Tuning,Tuning,0.24211277613828125,0.7578872238617188
Baseline,SVM_RBF,0.8,Defaults,Defaults,0.6164196280655676,0.38358037193443245
Baseline,SVM_RBF,0.8,Tuning,Tuning,0.4454682838122938,0.5545317161877061
Baseline,SVM_RBF,0.8,Defaults,Tuning,0.4400274672888076,0.5599725327111923
Baseline,SVM_RBF,0.8,Tuning,Tuning,0.13671656187461065,0.8632834381253895
Baseline,SVM_RBF,0.8,Tuning,Tuning,0.26681864883281964,0.7331813511671804
Baseline,SVM_RBF,0.8,Tuning,Tuning,0.18420322689856702,0.815796773101433
Baseline,SVM_RBF,0.8,Tuning,Tuning,0.17210779334860027,0.8278922066513995
Baseline,SVM_RBF,0.8,Tuning,Tuning,0.1566452481603889,0.8433547518396113
Baseline,SVM_RBF,0.8,Defaults,Tuning,0.1053449292792109,0.8946550707207892
Baseline,SVM_RBF,0.8,Tuning,Tuning,0.14187887872013458,0.8581211212798654
Baseline,SVM_RBF,0.8,Defaults,Defaults,0.8801098363812984,0.11989016361870185
Baseline,SVM_RBF,0.8,Defaults,Defaults,0.8623188836137764,0.13768111638622357
Baseline,SVM_RBF,0.8,Defaults,Defaults,0.8488935060335704,0.15110649396642944
Baseline,SVM_RBF,0.8,Defaults,Defaults,0.8759863522677345,0.12401364773226531
Baseline,SVM_RBF,0.8,Tuning,Tuning,0.13734464870942534,0.8626553512905745
Baseline,SVM_RBF,0.8,Tuning,Tuning,0.13798046579121254,0.8620195342087876
Baseline,SVM_RBF,0.8,Tuning,Tuning,0.24123884103927312,0.7587611589607269
Baseline,SVM_RBF,0.8,Defaults,Tuning,0.3352884709899338,0.6647115290100664
Baseline,SVM_RBF,0.8,Defaults,Tuning,0.4335062069555756,0.5664937930444243
Baseline,SVM_RBF,0.8,Defaults,Tuning,0.2942234314565784,0.7057765685434216
Baseline,SVM_RBF,0.8,Defaults,Tuning,0.4093289900772711,0.590671009922729
Baseline,SVM_RBF,0.8,Tuning,Defaults,0.6563109603742195,0.34368903962578035
Baseline,SVM_RBF,0.8,Tuning,Defaults,0.6806699702484552,0.3193300297515446
Baseline,SVM_RBF,0.8,Defaults,Defaults,0.754037200302878,0.24596279969712198
Baseline,SVM_RBF,0.8,Tuning,Tuning,0.08221287958689888,0.9177871204131008
Baseline,SVM_RBF,0.8,Defaults,Tuning,0.318490901890782,0.6815090981092179
Baseline,SVM_RBF,0.8,Tuning,Tuning,0.13972590919497344,0.8602740908050267
Baseline,SVM_RBF,0.8,Tuning,Tuning,0.08913246846488657,0.9108675315351132
Baseline,SVM_RBF,0.8,Defaults,Tuning,0.2441744138002309,0.7558255861997691
Baseline,SVM_RBF,0.8,Tuning,Tuning,0.169756611087846,0.8302433889121538
Baseline,SVM_RBF,0.8,Defaults,Tuning,0.14731585578443598,0.8526841442155639
Baseline,SVM_RBF,0.8,Tuning,Tuning,0.1365129534353927,0.8634870465646073
Baseline,SVM_RBF,0.8,Tuning,Tuning,0.10799184521046327,0.8920081547895368
Baseline,SVM_RBF,0.8,Tuning,Tuning,0.06819343226110594,0.9318065677388943
Baseline,SVM_RBF,0.8,Defaults,Tuning,0.3519771105485886,0.6480228894514115
Baseline,SVM_RBF,0.8,Tuning,Tuning,0.16102483473955145,0.8389751652604484
Baseline,SVM_RBF,0.8,Tuning,Tuning,0.1533957800497699,0.8466042199502299
Baseline,SVM_RBF,0.8,Tuning,Tuning,0.07864227655652245,0.9213577234434778
Baseline,SVM_RBF,0.8,Defaults,Tuning,0.09755346772346978,0.9024465322765303
Baseline,SVM_RBF,0.8,Tuning,Tuning,0.19435539669001445,0.8056446033099854
Baseline,SVM_RBF,0.8,Tuning,Tuning,0.4110571916052391,0.588942808394761
Baseline,SVM_RBF,0.8,Tuning,Tuning,0.1822639776602309,0.817736022339769
Baseline,SVM_RBF,0.8,Tuning,Tuning,0.0861087214540228,0.9138912785459774
Baseline,SVM_RBF,0.8,Tuning,Defaults,0.7304303848788101,0.26956961512118993
Baseline,SVM_RBF,0.8,Tuning,Tuning,0.1085348580618929,0.8914651419381071
Baseline,SVM_RBF,0.8,Tuning,Tuning,0.1636534004338478,0.8363465995661522
Baseline,SVM_RBF,0.8,Defaults,Defaults,0.6886473995134711,0.311352600486529
Baseline,SVM_RBF,0.8,Tuning,Tuning,0.06730839185628522,0.9326916081437147
Baseline,SVM_RBF,0.8,Tuning,Tuning,0.06781914030170229,0.9321808596982978
Baseline,SVM_RBF,0.8,Tuning,Tuning,0.16036815111401687,0.839631848885983
Baseline,SVM_RBF,0.8,Tuning,Tuning,0.0950198057496462,0.9049801942503537
Baseline,SVM_RBF,0.8,Tuning,Tuning,0.179333963650622,0.820666036349378
Baseline,SVM_RBF,0.8,Tuning,Tuning,0.3689796624938916,0.6310203375061084
Baseline,SVM_RBF,0.8,Tuning,Tuning,0.44217054163870373,0.5578294583612963
Baseline,SVM_RBF,0.8,Tuning,Tuning,0.12422572815755566,0.8757742718424444
Baseline,SVM_RBF,0.8,Defaults,Tuning,0.48535724378253176,0.5146427562174682
Baseline,SVM_RBF,0.8,Tuning,Tuning,0.17651947930329,0.82348052069671
Baseline,SVM_RBF,0.8,Defaults,Defaults,0.7178149054406237,0.28218509455937657
Baseline,SVM_RBF,0.8,Tuning,Tuning,0.23500407692303113,0.764995923076969
Baseline,SVM_RBF,0.8,Tuning,Tuning,0.3373374936161397,0.6626625063838605
Baseline,SVM_RBF,0.8,Tuning,Tuning,0.2519692843778474,0.7480307156221525
Baseline,SVM_RBF,0.8,Tuning,Tuning,0.16731800772281483,0.8326819922771851
Baseline,SVM_RBF,0.8,Defaults,Tuning,0.201611760545251,0.798388239454749
Baseline,SVM_RBF,0.8,Defaults,Tuning,0.15153892139914182,0.8484610786008581
Baseline,SVM_RBF,0.8,Tuning,Tuning,0.07943890036372095,0.920561099636279
Baseline,SVM_RBF,0.8,Tuning,Tuning,0.47695736608850153,0.5230426339114985
Baseline,SVM_RBF,0.8,Tuning,Tuning,0.10341022440559035,0.8965897755944094
Baseline,SVM_RBF,0.8,Tuning,Tuning,0.10341022440559035,0.8965897755944094
Baseline,SVM_RBF,0.8,Tuning,Tuning,0.17393247603114823,0.8260675239688519
Baseline,SVM_RBF,0.8,Tuning,Tuning,0.16124006765666696,0.838759932343333
Baseline,SVM_RBF,0.8,Tuning,Defaults,0.6587635420801667,0.3412364579198332
Baseline,SVM_RBF,0.8,Tuning,Tuning,0.13944378594276757,0.8605562140572323
Baseline,SVM_RBF,0.8,Defaults,Tuning,0.23728053933020873,0.7627194606697911
Baseline,SVM_RBF,0.8,Tuning,Defaults,0.6199462276579879,0.380053772342012
Baseline,SVM_RBF,0.8,Tuning,Defaults,0.6030731856331548,0.39692681436684524
Baseline,SVM_RBF,0.8,Tuning,Tuning,0.24383360690928663,0.7561663930907132
Baseline,SVM_RBF,0.8,Tuning,Tuning,0.12803849911854964,0.8719615008814505
Baseline,SVM_RBF,0.8,Defaults,Defaults,0.8122051936600262,0.18779480633997356
Baseline,SVM_RBF,0.8,Tuning,Tuning,0.12838602823892672,0.8716139717610734
Baseline,SVM_RBF,0.8,Tuning,Tuning,0.3238732670440508,0.6761267329559495
Baseline,SVM_RBF,0.8,Tuning,Tuning,0.22481193431689003,0.7751880656831098
Baseline,SVM_RBF,0.8,Defaults,Tuning,0.18796528713693594,0.8120347128630638
Baseline,SVM_RBF,0.8,Tuning,Tuning,0.14072472379209458,0.8592752762079054
Baseline,SVM_RBF,0.8,Tuning,Defaults,0.5120800966466269,0.4879199033533732
Baseline,SVM_RBF,0.8,Tuning,Tuning,0.16613634795176818,0.8338636520482318
Baseline,SVM_RBF,0.8,Defaults,Defaults,0.754622479197507,0.24537752080249314
Baseline,SVM_RBF,0.8,Defaults,Tuning,0.1879510707547522,0.8120489292452479
Baseline,SVM_RBF,0.8,Tuning,Tuning,0.2554298897753329,0.7445701102246673
Baseline,SVM_RBF,0.8,Tuning,Tuning,0.14139277341819598,0.8586072265818042
Baseline,SVM_RBF,0.8,Tuning,Tuning,0.19266123970351676,0.8073387602964833
Baseline,SVM_RBF,0.8,Defaults,Tuning,0.4548993839753677,0.5451006160246323
Baseline,SVM_RBF,0.8,Defaults,Tuning,0.42809654350165915,0.5719034564983407
Baseline,SVM_RBF,0.8,Defaults,Defaults,0.7769491330713908,0.22305086692860918
Baseline,SVM_RBF,0.8,Tuning,Tuning,0.23504342364814593,0.7649565763518542
Baseline,SVM_RBF,0.8,Defaults,Defaults,0.6507002842478303,0.3492997157521698
Baseline,SVM_RBF,0.8,Tuning,Defaults,0.8481046209851838,0.15189537901481623
Baseline,SVM_RBF,0.8,Tuning,Tuning,0.18235149354446184,0.8176485064555381
Baseline,SVM_RBF,0.8,Defaults,Tuning,0.2494309962522591,0.7505690037477406
Baseline,SVM_RBF,0.8,Defaults,Tuning,0.4719413062580356,0.5280586937419643
Baseline,SVM_RBF,0.8,Tuning,Defaults,0.5715359223588244,0.42846407764117567
Baseline,SVM_RBF,0.8,Tuning,Tuning,0.17575172512752316,0.8242482748724769
Baseline,SVM_RBF,0.8,Defaults,Tuning,0.34214861550225095,0.657851384497749
Baseline,SVM_RBF,0.8,Tuning,Tuning,0.1481758577692919,0.8518241422307081
Baseline,SVM_RBF,0.8,Tuning,Tuning,0.1726246407673886,0.8273753592326114
Baseline,SVM_RBF,0.8,Tuning,Tuning,0.1762751722593447,0.8237248277406554
Baseline,SVM_RBF,0.8,Tuning,Tuning,0.1476571481160011,0.8523428518839989
Baseline,SVM_RBF,0.85,Tuning,Tuning,0.19113925417355845,0.8088607458264415
Baseline,SVM_RBF,0.85,Tuning,Tuning,0.23630682744806136,0.7636931725519385
Baseline,SVM_RBF,0.85,Defaults,Tuning,0.42148720209303675,0.5785127979069633
Baseline,SVM_RBF,0.85,Tuning,Tuning,0.10643014857759543,0.8935698514224044
Baseline,SVM_RBF,0.85,Tuning,Tuning,0.12689679202299614,0.8731032079770037
Baseline,SVM_RBF,0.85,Tuning,Tuning,0.45754325101622206,0.542456748983778
Baseline,SVM_RBF,0.85,Tuning,Tuning,0.14679568284270442,0.8532043171572956
Baseline,SVM_RBF,0.85,Defaults,Tuning,0.20298259322187925,0.7970174067781209
Baseline,SVM_RBF,0.85,Defaults,Tuning,0.14407689955514683,0.8559231004448532
Baseline,SVM_RBF,0.85,Tuning,Tuning,0.20308892562636974,0.7969110743736304
Baseline,SVM_RBF,0.85,Tuning,Tuning,0.124097132558253,0.8759028674417472
Baseline,SVM_RBF,0.85,Defaults,Tuning,0.3706178130310974,0.6293821869689025
Baseline,SVM_RBF,0.85,Tuning,Tuning,0.1350513676805781,0.864948632319422
Baseline,SVM_RBF,0.85,Tuning,Tuning,0.1470040241987874,0.8529959758012127
Baseline,SVM_RBF,0.85,Tuning,Tuning,0.1675378365622853,0.8324621634377147
Baseline,SVM_RBF,0.85,Tuning,Tuning,0.12815683085513072,0.8718431691448691
Baseline,SVM_RBF,0.85,Defaults,Defaults,0.5486880540302971,0.4513119459697029
Baseline,SVM_RBF,0.85,Tuning,Tuning,0.12540507456110825,0.8745949254388917
Baseline,SVM_RBF,0.85,Defaults,Tuning,0.24425775484606155,0.7557422451539385
Baseline,SVM_RBF,0.85,Tuning,Tuning,0.34165179194514705,0.658348208054853
Baseline,SVM_RBF,0.85,Tuning,Tuning,0.45132111780944734,0.5486788821905527
Baseline,SVM_RBF,0.85,Defaults,Tuning,0.2979260421610232,0.7020739578389767
Baseline,SVM_RBF,0.85,Tuning,Tuning,0.09416626989871307,0.9058337301012869
Baseline,SVM_RBF,0.85,Tuning,Tuning,0.2810926811015783,0.7189073188984216
Baseline,SVM_RBF,0.85,Tuning,Tuning,0.1633442711571256,0.8366557288428743
Baseline,SVM_RBF,0.85,Tuning,Tuning,0.11676974121174723,0.8832302587882527
Baseline,SVM_RBF,0.85,Tuning,Tuning,0.13397705052535708,0.8660229494746429
Baseline,SVM_RBF,0.85,Tuning,Tuning,0.14568087783809025,0.8543191221619099
Baseline,SVM_RBF,0.85,Tuning,Tuning,0.14336075382515806,0.856639246174842
Baseline,SVM_RBF,0.85,Tuning,Tuning,0.10665400751043333,0.8933459924895667
Baseline,SVM_RBF,0.85,Tuning,Tuning,0.12127246980294647,0.8787275301970536
Baseline,SVM_RBF,0.85,Tuning,Tuning,0.1390026817920368,0.8609973182079634
Baseline,SVM_RBF,0.85,Defaults,Defaults,0.7656383164185937,0.23436168358140647
Baseline,SVM_RBF,0.85,Defaults,Tuning,0.21508311049339351,0.7849168895066064
Baseline,SVM_RBF,0.85,Tuning,Tuning,0.15479016007820018,0.8452098399217999
Baseline,SVM_RBF,0.85,Tuning,Tuning,0.25388502247660466,0.7461149775233951
Baseline,SVM_RBF,0.85,Tuning,Tuning,0.35493637957152324,0.6450636204284766
Baseline,SVM_RBF,0.85,Defaults,Tuning,0.26326790330842614,0.7367320966915737
Baseline,SVM_RBF,0.85,Tuning,Tuning,0.21646259035161938,0.7835374096483806
Baseline,SVM_RBF,0.85,Defaults,Tuning,0.40421070838647005,0.5957892916135298
Baseline,SVM_RBF,0.85,Tuning,Tuning,0.17501239809860097,0.8249876019013989
Baseline,SVM_RBF,0.85,Tuning,Tuning,0.1766844212069977,0.823315578793002
Baseline,SVM_RBF,0.85,Tuning,Tuning,0.28121150710106196,0.718788492898938
Baseline,SVM_RBF,0.85,Tuning,Tuning,0.24152424931190414,0.758475750688096
Baseline,SVM_RBF,0.85,Tuning,Tuning,0.17693491807274334,0.8230650819272567
Baseline,SVM_RBF,0.85,Tuning,Tuning,0.2959115368626346,0.7040884631373653
Baseline,SVM_RBF,0.85,Tuning,Tuning,0.17937246513645322,0.8206275348635467
Baseline,SVM_RBF,0.85,Tuning,Tuning,0.07766024573937125,0.9223397542606288
Baseline,SVM_RBF,0.85,Tuning,Tuning,0.27202339273580994,0.7279766072641901
Baseline,SVM_RBF,0.85,Tuning,Tuning,0.10863917117451757,0.8913608288254824
Baseline,SVM_RBF,0.85,Defaults,Tuning,0.22908675932624056,0.7709132406737593
Baseline,SVM_RBF,0.85,Tuning,Tuning,0.15233629150878172,0.8476637084912183
Baseline,SVM_RBF,0.85,Tuning,Tuning,0.1505112519240724,0.8494887480759277
Baseline,SVM_RBF,0.85,Defaults,Tuning,0.19360641314493,0.80639358685507
Baseline,SVM_RBF,0.85,Tuning,Defaults,0.8530786203807054,0.1469213796192945
Baseline,SVM_RBF,0.85,Tuning,Tuning,0.19034508974470749,0.8096549102552925
Baseline,SVM_RBF,0.85,Tuning,Tuning,0.25329180279693386,0.7467081972030662
Baseline,SVM_RBF,0.85,Tuning,Tuning,0.43033932424055155,0.5696606757594483
Baseline,SVM_RBF,0.85,Tuning,Tuning,0.21612494321574863,0.7838750567842512
Baseline,SVM_RBF,0.85,Tuning,Tuning,0.1652087913198003,0.8347912086801998
Baseline,SVM_RBF,0.85,Tuning,Tuning,0.14387660774344974,0.8561233922565503
Baseline,SVM_RBF,0.85,Tuning,Tuning,0.20111788573406444,0.7988821142659356
Baseline,SVM_RBF,0.85,Tuning,Tuning,0.2431403228607817,0.7568596771392184
Baseline,SVM_RBF,0.85,Defaults,Defaults,0.6050927890738713,0.3949072109261288
Baseline,SVM_RBF,0.85,Tuning,Defaults,0.5,0.5
Baseline,SVM_RBF,0.85,Defaults,Tuning,0.4205215063457426,0.5794784936542575
Baseline,SVM_RBF,0.85,Tuning,Tuning,0.15844685386010054,0.8415531461398994
Baseline,SVM_RBF,0.85,Tuning,Tuning,0.2751993428377847,0.7248006571622152
Baseline,SVM_RBF,0.85,Tuning,Tuning,0.2017032937027589,0.7982967062972411
Baseline,SVM_RBF,0.85,Tuning,Tuning,0.18393439586963098,0.816065604130369
Baseline,SVM_RBF,0.85,Tuning,Tuning,0.17352876341534815,0.8264712365846517
Baseline,SVM_RBF,0.85,Defaults,Tuning,0.10060059276571565,0.8993994072342844
Baseline,SVM_RBF,0.85,Tuning,Tuning,0.15263837410215003,0.84736162589785
Baseline,SVM_RBF,0.85,Defaults,Defaults,0.8752243810519027,0.1247756189480972
Baseline,SVM_RBF,0.85,Defaults,Defaults,0.8585262275940715,0.14147377240592848
Baseline,SVM_RBF,0.85,Defaults,Defaults,0.8433647996398002,0.1566352003602
Baseline,SVM_RBF,0.85,Defaults,Defaults,0.8714535232252852,0.1285464767747145
Baseline,SVM_RBF,0.85,Tuning,Tuning,0.14476240992580722,0.855237590074193
Baseline,SVM_RBF,0.85,Tuning,Tuning,0.14540171153608988,0.8545982884639102
Baseline,SVM_RBF,0.85,Tuning,Tuning,0.2407644698827199,0.7592355301172802
Baseline,SVM_RBF,0.85,Defaults,Tuning,0.33622969104494066,0.6637703089550593
Baseline,SVM_RBF,0.85,Defaults,Tuning,0.4115166264837242,0.5884833735162758
Baseline,SVM_RBF,0.85,Defaults,Tuning,0.29202847827684514,0.707971521723155
Baseline,SVM_RBF,0.85,Defaults,Tuning,0.3832286639431704,0.6167713360568294
Baseline,SVM_RBF,0.85,Tuning,Defaults,0.6237040364961746,0.3762959635038255
Baseline,SVM_RBF,0.85,Tuning,Defaults,0.633214797975369,0.36678520202463094
Baseline,SVM_RBF,0.85,Defaults,Defaults,0.7093647021285986,0.2906352978714017
Baseline,SVM_RBF,0.85,Tuning,Tuning,0.09072538819218451,0.9092746118078155
Baseline,SVM_RBF,0.85,Defaults,Tuning,0.3068640586545621,0.6931359413454379
Baseline,SVM_RBF,0.85,Tuning,Tuning,0.14272245119343102,0.8572775488065688
Baseline,SVM_RBF,0.85,Tuning,Tuning,0.09224839013462786,0.9077516098653721
Baseline,SVM_RBF,0.85,Defaults,Tuning,0.2602311022172255,0.7397688977827745
Baseline,SVM_RBF,0.85,Tuning,Tuning,0.16669115517475167,0.8333088448252484
Baseline,SVM_RBF,0.85,Defaults,Tuning,0.15268118135142156,0.8473188186485784
Baseline,SVM_RBF,0.85,Tuning,Tuning,0.15904127377789254,0.8409587262221077
Baseline,SVM_RBF,0.85,Tuning,Tuning,0.11941598570153573,0.8805840142984643
Baseline,SVM_RBF,0.85,Tuning,Tuning,0.07753699991690305,0.9224630000830971
Baseline,SVM_RBF,0.85,Defaults,Tuning,0.3399093014848166,0.6600906985151833
Baseline,SVM_RBF,0.85,Tuning,Tuning,0.15534294152350242,0.8446570584764975
Baseline,SVM_RBF,0.85,Tuning,Tuning,0.16839621081233028,0.8316037891876699
Baseline,SVM_RBF,0.85,Tuning,Tuning,0.08446559209960887,0.9155344079003912
Baseline,SVM_RBF,0.85,Defaults,Tuning,0.11643853214580073,0.8835614678541992
Baseline,SVM_RBF,0.85,Tuning,Tuning,0.19215891540896868,0.8078410845910313
Baseline,SVM_RBF,0.85,Tuning,Tuning,0.4505873133953116,0.5494126866046884
Baseline,SVM_RBF,0.85,Tuning,Tuning,0.1930045073416505,0.8069954926583496
Baseline,SVM_RBF,0.85,Tuning,Tuning,0.10318652407062558,0.8968134759293744
Baseline,SVM_RBF,0.85,Tuning,Defaults,0.746877266793865,0.253122733206135
Baseline,SVM_RBF,0.85,Tuning,Tuning,0.11997173851629739,0.8800282614837026
Baseline,SVM_RBF,0.85,Tuning,Tuning,0.1925241544797626,0.8074758455202373
Baseline,SVM_RBF,0.85,Defaults,Defaults,0.6844240264276165,0.31557597357238343
Baseline,SVM_RBF,0.85,Tuning,Tuning,0.07839211227971833,0.9216078877202818
Baseline,SVM_RBF,0.85,Tuning,Tuning,0.08315951761891173,0.9168404823810882
Baseline,SVM_RBF,0.85,Tuning,Tuning,0.17071332773585246,0.8292866722641475
Baseline,SVM_RBF,0.85,Tuning,Tuning,0.10135398668244142,0.8986460133175588
Baseline,SVM_RBF,0.85,Tuning,Tuning,0.18317763069070692,0.816822369309293
Baseline,SVM_RBF,0.85,Tuning,Tuning,0.3575679106171132,0.6424320893828869
Baseline,SVM_RBF,0.85,Tuning,Tuning,0.4173663710286683,0.5826336289713316
Baseline,SVM_RBF,0.85,Tuning,Tuning,0.13066246285321712,0.869337537146783
Baseline,SVM_RBF,0.85,Defaults,Tuning,0.430087534339031,0.569912465660969
Baseline,SVM_RBF,0.85,Tuning,Tuning,0.18029702572154477,0.8197029742784552
Baseline,SVM_RBF,0.85,Defaults,Defaults,0.6919585534158175,0.3080414465841827
Baseline,SVM_RBF,0.85,Tuning,Tuning,0.23040215709979128,0.7695978429002087
Baseline,SVM_RBF,0.85,Tuning,Tuning,0.36017102512289184,0.6398289748771081
Baseline,SVM_RBF,0.85,Tuning,Tuning,0.24639667193762757,0.7536033280623724
Baseline,SVM_RBF,0.85,Tuning,Tuning,0.16771215769106929,0.8322878423089308
Baseline,SVM_RBF,0.85,Defaults,Tuning,0.1984340221526651,0.801565977847335
Baseline,SVM_RBF,0.85,Defaults,Tuning,0.16334636940213357,0.8366536305978663
Baseline,SVM_RBF,0.85,Tuning,Tuning,0.09217994748751521,0.9078200525124849
Baseline,SVM_RBF,0.85,Tuning,Tuning,0.4043497423326424,0.5956502576673575
Baseline,SVM_RBF,0.85,Tuning,Tuning,0.12188981769225676,0.8781101823077432
Baseline,SVM_RBF,0.85,Tuning,Tuning,0.12188981769225676,0.8781101823077432
Baseline,SVM_RBF,0.85,Tuning,Tuning,0.17813248682272143,0.8218675131772786
Baseline,SVM_RBF,0.85,Tuning,Tuning,0.15894258231838493,0.8410574176816149
Baseline,SVM_RBF,0.85,Tuning,Defaults,0.6501857009866753,0.3498142990133248
Baseline,SVM_RBF,0.85,Tuning,Tuning,0.14619087580755713,0.8538091241924429
Baseline,SVM_RBF,0.85,Defaults,Tuning,0.2100468540723429,0.789953145927657
Baseline,SVM_RBF,0.85,Tuning,Defaults,0.6076138278887138,0.3923861721112864
Baseline,SVM_RBF,0.85,Tuning,Defaults,0.607601185680911,0.39239881431908885
Baseline,SVM_RBF,0.85,Tuning,Tuning,0.18854176116456237,0.8114582388354377
Baseline,SVM_RBF,0.85,Tuning,Tuning,0.13829876250426199,0.8617012374957381
Baseline,SVM_RBF,0.85,Defaults,Defaults,0.7782264236054328,0.22177357639456732
Baseline,SVM_RBF,0.85,Tuning,Tuning,0.1305582439431809,0.8694417560568191
Baseline,SVM_RBF,0.85,Tuning,Tuning,0.35382354907540164,0.6461764509245983
Baseline,SVM_RBF,0.85,Tuning,Tuning,0.22045526948956565,0.7795447305104345
Baseline,SVM_RBF,0.85,Defaults,Tuning,0.19988653569262038,0.8001134643073796
Baseline,SVM_RBF,0.85,Tuning,Tuning,0.13774255448007616,0.862257445519924
Baseline,SVM_RBF,0.85,Tuning,Defaults,0.5083572726983192,0.49164272730168074
Baseline,SVM_RBF,0.85,Tuning,Tuning,0.18526073174590496,0.8147392682540949
Baseline,SVM_RBF,0.85,Defaults,Defaults,0.7242326083395276,0.2757673916604724
Baseline,SVM_RBF,0.85,Defaults,Tuning,0.20338885063986195,0.796611149360138
Baseline,SVM_RBF,0.85,Tuning,Tuning,0.26341427926329675,0.7365857207367033
Baseline,SVM_RBF,0.85,Tuning,Tuning,0.1498982283285126,0.8501017716714875
Baseline,SVM_RBF,0.85,Tuning,Tuning,0.19756705137421846,0.8024329486257816
Baseline,SVM_RBF,0.85,Defaults,Tuning,0.42098507668338947,0.5790149233166105
Baseline,SVM_RBF,0.85,Defaults,Tuning,0.4263386012109,0.5736613987890999
Baseline,SVM_RBF,0.85,Defaults,Defaults,0.7514421583268238,0.24855784167317618
Baseline,SVM_RBF,0.85,Tuning,Tuning,0.24516334016298266,0.7548366598370173
Baseline,SVM_RBF,0.85,Defaults,Defaults,0.6225032986763076,0.37749670132369245
Baseline,SVM_RBF,0.85,Tuning,Defaults,0.8384680507588882,0.1615319492411119
Baseline,SVM_RBF,0.85,Tuning,Tuning,0.18056998275158892,0.8194300172484107
Baseline,SVM_RBF,0.85,Defaults,Tuning,0.2645994565139838,0.7354005434860161
Baseline,SVM_RBF,0.85,Defaults,Defaults,0.5,0.5
Baseline,SVM_RBF,0.85,Tuning,Defaults,0.544924025801732,0.45507597419826806
Baseline,SVM_RBF,0.85,Tuning,Tuning,0.2046137783271684,0.7953862216728316
Baseline,SVM_RBF,0.85,Defaults,Tuning,0.3254525770342003,0.6745474229657996
Baseline,SVM_RBF,0.85,Tuning,Tuning,0.15097512167312463,0.8490248783268752
Baseline,SVM_RBF,0.85,Tuning,Tuning,0.17593246000708013,0.82406753999292
Baseline,SVM_RBF,0.85,Tuning,Tuning,0.17908050868727968,0.8209194913127204
Baseline,SVM_RBF,0.85,Tuning,Tuning,0.1552020502796345,0.8447979497203657
Baseline,SVM_RBF,0.9,Tuning,Tuning,0.15360695632141372,0.8463930436785861
Baseline,SVM_RBF,0.9,Tuning,Tuning,0.23664585081675568,0.7633541491832445
Baseline,SVM_RBF,0.9,Defaults,Tuning,0.4219454750524131,0.578054524947587
Baseline,SVM_RBF,0.9,Tuning,Tuning,0.10546230514605298,0.8945376948539471
Baseline,SVM_RBF,0.9,Tuning,Tuning,0.12671286072984694,0.8732871392701531
Baseline,SVM_RBF,0.9,Tuning,Defaults,0.5131198868335927,0.48688011316640717
Baseline,SVM_RBF,0.9,Tuning,Tuning,0.15341940446143476,0.8465805955385651
Baseline,SVM_RBF,0.9,Defaults,Tuning,0.20520442167098993,0.7947955783290104
Baseline,SVM_RBF,0.9,Defaults,Tuning,0.14783625992541688,0.852163740074583
Baseline,SVM_RBF,0.9,Tuning,Tuning,0.20553986272574445,0.7944601372742557
Baseline,SVM_RBF,0.9,Tuning,Tuning,0.12662935606180986,0.8733706439381902
Baseline,SVM_RBF,0.9,Defaults,Tuning,0.40369651276648766,0.5963034872335123
Baseline,SVM_RBF,0.9,Tuning,Tuning,0.13188388909908244,0.8681161109009173
Baseline,SVM_RBF,0.9,Tuning,Tuning,0.14979544678187337,0.8502045532181266
Baseline,SVM_RBF,0.9,Tuning,Tuning,0.16462619663751552,0.8353738033624845
Baseline,SVM_RBF,0.9,Tuning,Tuning,0.1320587231668899,0.8679412768331103
Baseline,SVM_RBF,0.9,Defaults,Defaults,0.5693274970204838,0.4306725029795161
Baseline,SVM_RBF,0.9,Tuning,Tuning,0.1262399834699507,0.8737600165300493
Baseline,SVM_RBF,0.9,Defaults,Tuning,0.23605565462457967,0.7639443453754203
Baseline,SVM_RBF,0.9,Tuning,Tuning,0.33224387245067666,0.6677561275493232
Baseline,SVM_RBF,0.9,Tuning,Tuning,0.44216013306822627,0.5578398669317737
Baseline,SVM_RBF,0.9,Defaults,Tuning,0.30708481149331973,0.6929151885066804
Baseline,SVM_RBF,0.9,Tuning,Tuning,0.1068139891496061,0.8931860108503937
Baseline,SVM_RBF,0.9,Tuning,Tuning,0.29352196699677763,0.7064780330032224
Baseline,SVM_RBF,0.9,Tuning,Tuning,0.16905464784674856,0.8309453521532515
Baseline,SVM_RBF,0.9,Tuning,Tuning,0.12491255387431337,0.8750874461256867
Baseline,SVM_RBF,0.9,Tuning,Tuning,0.1350940374775361,0.8649059625224637
Baseline,SVM_RBF,0.9,Tuning,Tuning,0.14043843372156847,0.8595615662784313
Baseline,SVM_RBF,0.9,Tuning,Tuning,0.14342549872696703,0.8565745012730329
Baseline,SVM_RBF,0.9,Tuning,Tuning,0.11242757080536218,0.8875724291946377
Baseline,SVM_RBF,0.9,Tuning,Tuning,0.13017714914710116,0.8698228508528988
Baseline,SVM_RBF,0.9,Tuning,Tuning,0.1402313680071488,0.8597686319928513
Baseline,SVM_RBF,0.9,Defaults,Defaults,0.7590889311059985,0.24091106889400174
Baseline,SVM_RBF,0.9,Defaults,Tuning,0.2208645736330648,0.7791354263669351
Baseline,SVM_RBF,0.9,Tuning,Tuning,0.1357532292753234,0.8642467707246767
Baseline,SVM_RBF,0.9,Tuning,Tuning,0.24377900634424293,0.7562209936557571
Baseline,SVM_RBF,0.9,Tuning,Tuning,0.3270191681347023,0.6729808318652978
Baseline,SVM_RBF,0.9,Defaults,Tuning,0.26877591222097397,0.7312240877790259
Baseline,SVM_RBF,0.9,Tuning,Tuning,0.22110662217400678,0.7788933778259932
Baseline,SVM_RBF,0.9,Defaults,Tuning,0.3970981395010566,0.6029018604989433
Baseline,SVM_RBF,0.9,Tuning,Tuning,0.17518158187497268,0.8248184181250274
Baseline,SVM_RBF,0.9,Tuning,Tuning,0.1724357544603928,0.8275642455396072
Baseline,SVM_RBF,0.9,Tuning,Tuning,0.2737542775870754,0.7262457224129247
Baseline,SVM_RBF,0.9,Tuning,Tuning,0.24536263917474385,0.7546373608252561
Baseline,SVM_RBF,0.9,Tuning,Tuning,0.18392105045994925,0.8160789495400506
Baseline,SVM_RBF,0.9,Tuning,Tuning,0.2777234100249526,0.7222765899750472
Baseline,SVM_RBF,0.9,Tuning,Tuning,0.17447569969502646,0.8255243003049734
Baseline,SVM_RBF,0.9,Tuning,Tuning,0.08968098905813073,0.9103190109418693
Baseline,SVM_RBF,0.9,Tuning,Tuning,0.2851222680361581,0.7148777319638421
Baseline,SVM_RBF,0.9,Tuning,Tuning,0.09931387366569606,0.900686126334304
Baseline,SVM_RBF,0.9,Defaults,Tuning,0.22794142451866767,0.7720585754813324
Baseline,SVM_RBF,0.9,Tuning,Tuning,0.15083678743594658,0.8491632125640535
Baseline,SVM_RBF,0.9,Tuning,Tuning,0.14991051876792447,0.8500894812320755
Baseline,SVM_RBF,0.9,Defaults,Tuning,0.19441071483591496,0.8055892851640851
Baseline,SVM_RBF,0.9,Tuning,Defaults,0.8458937312530032,0.1541062687469968
Baseline,SVM_RBF,0.9,Tuning,Tuning,0.2190474412679955,0.7809525587320046
Baseline,SVM_RBF,0.9,Tuning,Tuning,0.26225074309380936,0.7377492569061905
Baseline,SVM_RBF,0.9,Tuning,Tuning,0.4181149014791399,0.58188509852086
Baseline,SVM_RBF,0.9,Tuning,Tuning,0.20177337462333425,0.798226625376666
Baseline,SVM_RBF,0.9,Tuning,Tuning,0.18832946906904538,0.8116705309309546
Baseline,SVM_RBF,0.9,Tuning,Tuning,0.13653416052812364,0.8634658394718764
Baseline,SVM_RBF,0.9,Tuning,Tuning,0.19309369077408373,0.8069063092259161
Baseline,SVM_RBF,0.9,Tuning,Tuning,0.18636644127081622,0.8136335587291836
Baseline,SVM_RBF,0.9,Defaults,Defaults,0.5932440023421204,0.40675599765787956
Baseline,SVM_RBF,0.9,Tuning,Defaults,0.5190268534993782,0.4809731465006217
Baseline,SVM_RBF,0.9,Defaults,Tuning,0.40145186453504506,0.5985481354649549
Baseline,SVM_RBF,0.9,Tuning,Tuning,0.17116281086464497,0.8288371891353552
Baseline,SVM_RBF,0.9,Tuning,Tuning,0.2875553156872599,0.7124446843127402
Baseline,SVM_RBF,0.9,Tuning,Tuning,0.23786824670591042,0.7621317532940896
Baseline,SVM_RBF,0.9,Tuning,Tuning,0.1670546145639884,0.8329453854360118
Baseline,SVM_RBF,0.9,Tuning,Tuning,0.21201450229806504,0.7879854977019347
Baseline,SVM_RBF,0.9,Defaults,Tuning,0.09821952951188423,0.9017804704881158
Baseline,SVM_RBF,0.9,Tuning,Tuning,0.1801602071587451,0.8198397928412549
Baseline,SVM_RBF,0.9,Defaults,Defaults,0.8489502058163829,0.15104979418361686
Baseline,SVM_RBF,0.9,Defaults,Defaults,0.8373841952966857,0.16261580470331408
Baseline,SVM_RBF,0.9,Defaults,Defaults,0.8265319866613108,0.17346801333868933
Baseline,SVM_RBF,0.9,Defaults,Defaults,0.8467513800434182,0.15324861995658168
Baseline,SVM_RBF,0.9,Tuning,Tuning,0.146042481856991,0.8539575181430089
Baseline,SVM_RBF,0.9,Tuning,Tuning,0.14698825501367563,0.8530117449863244
Baseline,SVM_RBF,0.9,Tuning,Tuning,0.22803727067971927,0.771962729320281
Baseline,SVM_RBF,0.9,Defaults,Tuning,0.30419693357017,0.6958030664298301
Baseline,SVM_RBF,0.9,Defaults,Tuning,0.3523732589934772,0.6476267410065227
Baseline,SVM_RBF,0.9,Defaults,Tuning,0.30328600723105736,0.6967139927689425
Baseline,SVM_RBF,0.9,Defaults,Tuning,0.4024985431330197,0.5975014568669803
Baseline,SVM_RBF,0.9,Tuning,Defaults,0.5852927868834298,0.4147072131165699
Baseline,SVM_RBF,0.9,Tuning,Defaults,0.597604106779928,0.40239589322007197
Baseline,SVM_RBF,0.9,Defaults,Defaults,0.7283942006956958,0.2716057993043042
Baseline,SVM_RBF,0.9,Tuning,Tuning,0.08603808835785295,0.913961911642147
Baseline,SVM_RBF,0.9,Defaults,Tuning,0.2966348481263395,0.7033651518736604
Baseline,SVM_RBF,0.9,Tuning,Tuning,0.1421068628088417,0.8578931371911586
Baseline,SVM_RBF,0.9,Tuning,Tuning,0.10252218906161385,0.8974778109383861
Baseline,SVM_RBF,0.9,Defaults,Tuning,0.2732105764479983,0.7267894235520016
Baseline,SVM_RBF,0.9,Tuning,Tuning,0.16576142563587845,0.8342385743641214
Baseline,SVM_RBF,0.9,Defaults,Tuning,0.1473598752035965,0.8526401247964034
Baseline,SVM_RBF,0.9,Tuning,Tuning,0.17142119700393932,0.8285788029960609
Baseline,SVM_RBF,0.9,Tuning,Tuning,0.10649209129105597,0.8935079087089439
Baseline,SVM_RBF,0.9,Tuning,Tuning,0.07821009884324225,0.9217899011567577
Baseline,SVM_RBF,0.9,Defaults,Tuning,0.3684875543536222,0.6315124456463779
Baseline,SVM_RBF,0.9,Tuning,Tuning,0.17676332465662822,0.823236675343372
Baseline,SVM_RBF,0.9,Tuning,Tuning,0.17661649383641978,0.8233835061635804
Baseline,SVM_RBF,0.9,Tuning,Tuning,0.07163453021916706,0.9283654697808329
Baseline,SVM_RBF,0.9,Defaults,Tuning,0.11693384286548152,0.8830661571345184
Baseline,SVM_RBF,0.9,Tuning,Tuning,0.2393524089211514,0.7606475910788485
Baseline,SVM_RBF,0.9,Tuning,Tuning,0.45384868280326096,0.5461513171967392
Baseline,SVM_RBF,0.9,Tuning,Tuning,0.20148660675999025,0.7985133932400099
Baseline,SVM_RBF,0.9,Tuning,Tuning,0.10442863412655543,0.8955713658734445
Baseline,SVM_RBF,0.9,Tuning,Defaults,0.7686730168222914,0.2313269831777084
Baseline,SVM_RBF,0.9,Tuning,Tuning,0.10726207128854354,0.8927379287114566
Baseline,SVM_RBF,0.9,Tuning,Tuning,0.20916507740751164,0.7908349225924886
Baseline,SVM_RBF,0.9,Defaults,Defaults,0.6948440850357931,0.30515591496420696
Baseline,SVM_RBF,0.9,Tuning,Tuning,0.08335055141478376,0.9166494485852162
Baseline,SVM_RBF,0.9,Tuning,Tuning,0.0949299882116185,0.9050700117883816
Baseline,SVM_RBF,0.9,Tuning,Tuning,0.21553218779660832,0.7844678122033917
Baseline,SVM_RBF,0.9,Tuning,Tuning,0.1050961400608322,0.8949038599391678
Baseline,SVM_RBF,0.9,Tuning,Tuning,0.17693343394676586,0.8230665660532341
Baseline,SVM_RBF,0.9,Tuning,Tuning,0.35678646599933705,0.6432135340006628
Baseline,SVM_RBF,0.9,Tuning,Tuning,0.40800309478122454,0.5919969052187753
Baseline,SVM_RBF,0.9,Tuning,Tuning,0.11757130017706971,0.8824286998229302
Baseline,SVM_RBF,0.9,Defaults,Tuning,0.41457910674501197,0.5854208932549881
Baseline,SVM_RBF,0.9,Tuning,Tuning,0.17366410444683714,0.8263358955531628
Baseline,SVM_RBF,0.9,Defaults,Defaults,0.6800581726757646,0.3199418273242354
Baseline,SVM_RBF,0.9,Tuning,Tuning,0.2388496792391268,0.7611503207608731
Baseline,SVM_RBF,0.9,Tuning,Tuning,0.3436243036476029,0.656375696352397
Baseline,SVM_RBF,0.9,Tuning,Tuning,0.24577415122713178,0.7542258487728681
Baseline,SVM_RBF,0.9,Tuning,Tuning,0.171141856555465,0.8288581434445351
Baseline,SVM_RBF,0.9,Defaults,Tuning,0.20689082114400884,0.7931091788559911
Baseline,SVM_RBF,0.9,Defaults,Tuning,0.17382829582359932,0.8261717041764007
Baseline,SVM_RBF,0.9,Tuning,Tuning,0.08891577238718149,0.9110842276128183
Baseline,SVM_RBF,0.9,Tuning,Tuning,0.43485299895474744,0.5651470010452526
Baseline,SVM_RBF,0.9,Tuning,Tuning,0.12239177670921253,0.8776082232907876
Baseline,SVM_RBF,0.9,Tuning,Tuning,0.12239177670921253,0.8776082232907876
Baseline,SVM_RBF,0.9,Tuning,Tuning,0.1716456233885598,0.8283543766114404
Baseline,SVM_RBF,0.9,Tuning,Tuning,0.14542499590102742,0.8545750040989727
Baseline,SVM_RBF,0.9,Tuning,Defaults,0.6430741877423647,0.3569258122576354
Baseline,SVM_RBF,0.9,Tuning,Tuning,0.12778650772936187,0.8722134922706382
Baseline,SVM_RBF,0.9,Defaults,Tuning,0.22490083208933456,0.7750991679106655
Baseline,SVM_RBF,0.9,Tuning,Defaults,0.6275892699315788,0.3724107300684212
Baseline,SVM_RBF,0.9,Tuning,Defaults,0.6073091280145614,0.3926908719854386
Baseline,SVM_RBF,0.9,Tuning,Tuning,0.17847395359683374,0.8215260464031662
Baseline,SVM_RBF,0.9,Tuning,Tuning,0.12751223334354292,0.8724877666564569
Baseline,SVM_RBF,0.9,Defaults,Defaults,0.776957753297729,0.22304224670227132
Baseline,SVM_RBF,0.9,Tuning,Tuning,0.14839999106646112,0.8516000089335388
Baseline,SVM_RBF,0.9,Tuning,Tuning,0.35573316793989224,0.6442668320601077
Baseline,SVM_RBF,0.9,Tuning,Tuning,0.25676777081090246,0.7432322291890975
Baseline,SVM_RBF,0.9,Defaults,Tuning,0.19744155301343408,0.8025584469865659
Baseline,SVM_RBF,0.9,Tuning,Tuning,0.11916812080357829,0.8808318791964218
Baseline,SVM_RBF,0.9,Tuning,Defaults,0.5,0.5
Baseline,SVM_RBF,0.9,Tuning,Tuning,0.16701378357020988,0.83298621642979
Baseline,SVM_RBF,0.9,Defaults,Defaults,0.7302511893181881,0.2697488106818118
Baseline,SVM_RBF,0.9,Defaults,Tuning,0.19078672750488807,0.809213272495112
Baseline,SVM_RBF,0.9,Tuning,Tuning,0.24534601285224825,0.7546539871477519
Baseline,SVM_RBF,0.9,Tuning,Tuning,0.12607581866576958,0.8739241813342303
Baseline,SVM_RBF,0.9,Tuning,Tuning,0.1952073067450623,0.8047926932549375
Baseline,SVM_RBF,0.9,Defaults,Tuning,0.43797887022535614,0.5620211297746438
Baseline,SVM_RBF,0.9,Defaults,Tuning,0.4903292233033655,0.5096707766966346
Baseline,SVM_RBF,0.9,Defaults,Defaults,0.7496006413933065,0.2503993586066936
Baseline,SVM_RBF,0.9,Tuning,Tuning,0.19237308774500556,0.8076269122549946
Baseline,SVM_RBF,0.9,Defaults,Defaults,0.6231883336781031,0.376811666321897
Baseline,SVM_RBF,0.9,Tuning,Defaults,0.8453487059463399,0.1546512940536602
Baseline,SVM_RBF,0.9,Tuning,Tuning,0.17366249102449996,0.8263375089755001
Baseline,SVM_RBF,0.9,Defaults,Tuning,0.2506330298938106,0.7493669701061897
Baseline,SVM_RBF,0.9,Defaults,Defaults,0.5,0.5
Baseline,SVM_RBF,0.9,Tuning,Defaults,0.5668669316557268,0.4331330683442731
Baseline,SVM_RBF,0.9,Tuning,Tuning,0.22873613179960245,0.7712638682003977
Baseline,SVM_RBF,0.9,Defaults,Tuning,0.35984067513013135,0.6401593248698687
Baseline,SVM_RBF,0.9,Tuning,Tuning,0.14511061618072657,0.8548893838192735
Baseline,SVM_RBF,0.9,Tuning,Tuning,0.19251940165536824,0.8074805983446318
Baseline,SVM_RBF,0.9,Tuning,Tuning,0.17108441986074202,0.8289155801392579
Baseline,SVM_RBF,0.9,Tuning,Tuning,0.1322426282294585,0.8677573717705416
Baseline,SVM_RBF,0.95,Tuning,Tuning,0.14554489011294924,0.8544551098870509
Baseline,SVM_RBF,0.95,Tuning,Tuning,0.2363400183303137,0.7636599816696864
Baseline,SVM_RBF,0.95,Defaults,Tuning,0.41409853200662616,0.5859014679933738
Baseline,SVM_RBF,0.95,Tuning,Tuning,0.09830737925747153,0.9016926207425283
Baseline,SVM_RBF,0.95,Tuning,Tuning,0.11586801419757621,0.8841319858024237
Baseline,SVM_RBF,0.95,Tuning,Defaults,0.5245875682322289,0.4754124317677714
Baseline,SVM_RBF,0.95,Tuning,Tuning,0.1522665102218461,0.847733489778154
Baseline,SVM_RBF,0.95,Defaults,Tuning,0.20147757622407475,0.7985224237759252
Baseline,SVM_RBF,0.95,Defaults,Tuning,0.1411123078412855,0.8588876921587143
Baseline,SVM_RBF,0.95,Tuning,Tuning,0.20225050730739397,0.7977494926926058
Baseline,SVM_RBF,0.95,Tuning,Tuning,0.12245440232799402,0.8775455976720061
Baseline,SVM_RBF,0.95,Defaults,Tuning,0.40918400969099844,0.5908159903090014
Baseline,SVM_RBF,0.95,Tuning,Tuning,0.12385375646966983,0.8761462435303304
Baseline,SVM_RBF,0.95,Tuning,Tuning,0.14018513948628697,0.859814860513713
Baseline,SVM_RBF,0.95,Tuning,Tuning,0.16120210789544787,0.838797892104552
Baseline,SVM_RBF,0.95,Tuning,Tuning,0.13167227386530195,0.868327726134698
Baseline,SVM_RBF,0.95,Defaults,Defaults,0.5543229111374768,0.4456770888625232
Baseline,SVM_RBF,0.95,Tuning,Tuning,0.12477177545561369,0.8752282245443862
Baseline,SVM_RBF,0.95,Defaults,Tuning,0.25009742253490796,0.7499025774650921
Baseline,SVM_RBF,0.95,Tuning,Tuning,0.32306540072919926,0.6769345992708006
Baseline,SVM_RBF,0.95,Tuning,Tuning,0.48031146729930013,0.5196885327006999
Baseline,SVM_RBF,0.95,Defaults,Tuning,0.30200909557421274,0.6979909044257874
Baseline,SVM_RBF,0.95,Tuning,Tuning,0.10376520269796197,0.8962347973020379
Baseline,SVM_RBF,0.95,Tuning,Tuning,0.28555971952419357,0.7144402804758064
Baseline,SVM_RBF,0.95,Tuning,Tuning,0.1697726217793235,0.8302273782206765
Baseline,SVM_RBF,0.95,Tuning,Tuning,0.124128508728771,0.875871491271229
Baseline,SVM_RBF,0.95,Tuning,Tuning,0.12338898264868216,0.8766110173513177
Baseline,SVM_RBF,0.95,Tuning,Tuning,0.13179595280726558,0.8682040471927344
Baseline,SVM_RBF,0.95,Tuning,Tuning,0.13774834823062027,0.8622516517693798
Baseline,SVM_RBF,0.95,Tuning,Tuning,0.10679528097384484,0.8932047190261554
Baseline,SVM_RBF,0.95,Tuning,Tuning,0.12560809087909247,0.8743919091209076
Baseline,SVM_RBF,0.95,Tuning,Tuning,0.12579916902634405,0.8742008309736561
Baseline,SVM_RBF,0.95,Defaults,Defaults,0.7651756778306517,0.23482432216934837
Baseline,SVM_RBF,0.95,Defaults,Tuning,0.22249920426736097,0.777500795732639
Baseline,SVM_RBF,0.95,Tuning,Tuning,0.13442833235731352,0.8655716676426866
Baseline,SVM_RBF,0.95,Tuning,Tuning,0.22279614624485894,0.7772038537551411
Baseline,SVM_RBF,0.95,Tuning,Tuning,0.35338536729235026,0.6466146327076499
Baseline,SVM_RBF,0.95,Defaults,Tuning,0.2761173214265412,0.7238826785734587
Baseline,SVM_RBF,0.95,Tuning,Tuning,0.21944898865702447,0.7805510113429756
Baseline,SVM_RBF,0.95,Defaults,Tuning,0.3777348039856662,0.6222651960143338
Baseline,SVM_RBF,0.95,Tuning,Tuning,0.16544917010927357,0.8345508298907263
Baseline,SVM_RBF,0.95,Tuning,Tuning,0.17075972032403894,0.8292402796759609
Baseline,SVM_RBF,0.95,Tuning,Tuning,0.2753190853310242,0.7246809146689756
Baseline,SVM_RBF,0.95,Tuning,Tuning,0.22644584390682562,0.7735541560931745
Baseline,SVM_RBF,0.95,Tuning,Tuning,0.19726965849283606,0.8027303415071642
Baseline,SVM_RBF,0.95,Tuning,Tuning,0.2799750201115248,0.720024979888475
Baseline,SVM_RBF,0.95,Tuning,Tuning,0.1730111782051907,0.8269888217948094
Baseline,SVM_RBF,0.95,Tuning,Tuning,0.09185161309385938,0.9081483869061405
Baseline,SVM_RBF,0.95,Tuning,Tuning,0.277210159631424,0.722789840368576
Baseline,SVM_RBF,0.95,Tuning,Tuning,0.0948166876581683,0.9051833123418318
Baseline,SVM_RBF,0.95,Defaults,Tuning,0.23311115268256047,0.7668888473174396
Baseline,SVM_RBF,0.95,Tuning,Tuning,0.1517371084915971,0.8482628915084031
Baseline,SVM_RBF,0.95,Tuning,Tuning,0.15108350526219405,0.8489164947378058
Baseline,SVM_RBF,0.95,Defaults,Tuning,0.17073230689423582,0.8292676931057643
Baseline,SVM_RBF,0.95,Tuning,Defaults,0.8442789070870097,0.15572109291299063
Baseline,SVM_RBF,0.95,Tuning,Tuning,0.23009995914736317,0.7699000408526369
Baseline,SVM_RBF,0.95,Tuning,Tuning,0.2919389948501597,0.7080610051498402
Baseline,SVM_RBF,0.95,Tuning,Tuning,0.4256313638935628,0.5743686361064372
Baseline,SVM_RBF,0.95,Tuning,Tuning,0.20744437515440584,0.7925556248455942
Baseline,SVM_RBF,0.95,Tuning,Tuning,0.19163199402855438,0.8083680059714458
Baseline,SVM_RBF,0.95,Tuning,Tuning,0.13739586363608414,0.8626041363639159
Baseline,SVM_RBF,0.95,Tuning,Tuning,0.19674145402454987,0.8032585459754501
Baseline,SVM_RBF,0.95,Tuning,Tuning,0.1742454641590261,0.8257545358409739
Baseline,SVM_RBF,0.95,Defaults,Defaults,0.6141237752574943,0.38587622474250555
Baseline,SVM_RBF,0.95,Tuning,Defaults,0.5216689177560279,0.4783310822439722
Baseline,SVM_RBF,0.95,Defaults,Tuning,0.4028042067226344,0.5971957932773656
Baseline,SVM_RBF,0.95,Tuning,Tuning,0.1860240375536657,0.8139759624463342
Baseline,SVM_RBF,0.95,Tuning,Tuning,0.30320395852729737,0.6967960414727028
Baseline,SVM_RBF,0.95,Tuning,Tuning,0.27029814567106003,0.72970185432894
Baseline,SVM_RBF,0.95,Tuning,Tuning,0.16860479384605953,0.8313952061539407
Baseline,SVM_RBF,0.95,Tuning,Tuning,0.16596737840152806,0.8340326215984721
Baseline,SVM_RBF,0.95,Defaults,Tuning,0.10690969468879509,0.8930903053112048
Baseline,SVM_RBF,0.95,Tuning,Tuning,0.15228138870069904,0.8477186112993009
Baseline,SVM_RBF,0.95,Defaults,Defaults,0.8629962771546282,0.13700372284537188
Baseline,SVM_RBF,0.95,Defaults,Defaults,0.8518840626389582,0.1481159373610418
Baseline,SVM_RBF,0.95,Defaults,Defaults,0.8251454033433798,0.1748545966566199
Baseline,SVM_RBF,0.95,Defaults,Defaults,0.8599660559753456,0.14003394402465458
Baseline,SVM_RBF,0.95,Tuning,Tuning,0.14811478610102943,0.8518852138989707
Baseline,SVM_RBF,0.95,Tuning,Tuning,0.14962770375561044,0.8503722962443895
Baseline,SVM_RBF,0.95,Tuning,Tuning,0.21986286776886932,0.7801371322311309
Baseline,SVM_RBF,0.95,Defaults,Tuning,0.3175229651956734,0.6824770348043266
Baseline,SVM_RBF,0.95,Defaults,Tuning,0.351844696750494,0.648155303249506
Baseline,SVM_RBF,0.95,Defaults,Tuning,0.3072792013935407,0.6927207986064593
Baseline,SVM_RBF,0.95,Defaults,Tuning,0.40037286999448535,0.5996271300055147
Baseline,SVM_RBF,0.95,Tuning,Defaults,0.5730534078877227,0.42694659211227726
Baseline,SVM_RBF,0.95,Tuning,Defaults,0.5741577381718516,0.42584226182814855
Baseline,SVM_RBF,0.95,Defaults,Defaults,0.7344878333400451,0.26551216665995486
Baseline,SVM_RBF,0.95,Tuning,Tuning,0.0819355130021407,0.9180644869978591
Baseline,SVM_RBF,0.95,Defaults,Tuning,0.29752721690796663,0.7024727830920334
Baseline,SVM_RBF,0.95,Tuning,Tuning,0.14134447035648007,0.85865552964352
Baseline,SVM_RBF,0.95,Tuning,Tuning,0.09374358623532375,0.9062564137646762
Baseline,SVM_RBF,0.95,Defaults,Tuning,0.2838112917478984,0.7161887082521017
Baseline,SVM_RBF,0.95,Tuning,Tuning,0.15228335471516247,0.8477166452848376
Baseline,SVM_RBF,0.95,Defaults,Tuning,0.14557189222081637,0.8544281077791835
Baseline,SVM_RBF,0.95,Tuning,Tuning,0.17087613596886925,0.8291238640311306
Baseline,SVM_RBF,0.95,Tuning,Tuning,0.10632403238344343,0.8936759676165565
Baseline,SVM_RBF,0.95,Tuning,Tuning,0.07784702645759875,0.9221529735424012
Baseline,SVM_RBF,0.95,Defaults,Tuning,0.3532080616707796,0.6467919383292204
Baseline,SVM_RBF,0.95,Tuning,Tuning,0.18198517892839375,0.8180148210716063
Baseline,SVM_RBF,0.95,Tuning,Tuning,0.18378795863675873,0.816212041363241
Baseline,SVM_RBF,0.95,Tuning,Tuning,0.06979667129630486,0.930203328703695
Baseline,SVM_RBF,0.95,Defaults,Tuning,0.11920242892274922,0.8807975710772509
Baseline,SVM_RBF,0.95,Tuning,Tuning,0.23631912727173668,0.7636808727282632
Baseline,SVM_RBF,0.95,Tuning,Tuning,0.4537974174090954,0.5462025825909048
Baseline,SVM_RBF,0.95,Tuning,Tuning,0.21180518430519,0.7881948156948099
Baseline,SVM_RBF,0.95,Tuning,Tuning,0.10428305261911912,0.895716947380881
Baseline,SVM_RBF,0.95,Tuning,Defaults,0.7724240157429703,0.22757598425702966
Baseline,SVM_RBF,0.95,Tuning,Tuning,0.10648154723437248,0.8935184527656275
Baseline,SVM_RBF,0.95,Tuning,Tuning,0.20498718700081595,0.7950128129991839
Baseline,SVM_RBF,0.95,Defaults,Defaults,0.695183700209828,0.30481629979017216
Baseline,SVM_RBF,0.95,Tuning,Tuning,0.08768113789248068,0.9123188621075193
Baseline,SVM_RBF,0.95,Tuning,Tuning,0.09188465878086265,0.9081153412191373
Baseline,SVM_RBF,0.95,Tuning,Tuning,0.3270342737322281,0.672965726267772
Baseline,SVM_RBF,0.95,Tuning,Tuning,0.09849693966123763,0.9015030603387626
Baseline,SVM_RBF,0.95,Tuning,Tuning,0.1716243157727087,0.8283756842272912
Baseline,SVM_RBF,0.95,Tuning,Tuning,0.3508683055349283,0.6491316944650717
Baseline,SVM_RBF,0.95,Tuning,Tuning,0.4193195733447697,0.5806804266552302
Baseline,SVM_RBF,0.95,Tuning,Tuning,0.11663910534460309,0.883360894655397
Baseline,SVM_RBF,0.95,Defaults,Tuning,0.40028392507178034,0.5997160749282195
Baseline,SVM_RBF,0.95,Tuning,Tuning,0.170369171664723,0.8296308283352768
Baseline,SVM_RBF,0.95,Defaults,Defaults,0.7015197591428377,0.2984802408571621
Baseline,SVM_RBF,0.95,Tuning,Tuning,0.2614561800963131,0.738543819903687
Baseline,SVM_RBF,0.95,Tuning,Tuning,0.35158705455438255,0.6484129454456175
Baseline,SVM_RBF,0.95,Tuning,Tuning,0.25211575100320366,0.7478842489967964
Baseline,SVM_RBF,0.95,Tuning,Tuning,0.1717656422524708,0.8282343577475292
Baseline,SVM_RBF,0.95,Defaults,Tuning,0.20707597542717984,0.7929240245728202
Baseline,SVM_RBF,0.95,Defaults,Tuning,0.17256099951225634,0.8274390004877435
Baseline,SVM_RBF,0.95,Tuning,Tuning,0.08711064117501126,0.9128893588249888
Baseline,SVM_RBF,0.95,Tuning,Tuning,0.42867163430250893,0.571328365697491
Baseline,SVM_RBF,0.95,Tuning,Tuning,0.12255204603001867,0.8774479539699812
Baseline,SVM_RBF,0.95,Tuning,Tuning,0.12255204603001867,0.8774479539699812
Baseline,SVM_RBF,0.95,Tuning,Tuning,0.16959261902082381,0.8304073809791761
Baseline,SVM_RBF,0.95,Tuning,Tuning,0.14712903033078983,0.8528709696692103
Baseline,SVM_RBF,0.95,Tuning,Defaults,0.6119182890026595,0.38808171099734057
Baseline,SVM_RBF,0.95,Tuning,Tuning,0.13913155784386466,0.8608684421561354
Baseline,SVM_RBF,0.95,Defaults,Tuning,0.24876427119842429,0.7512357288015755
Baseline,SVM_RBF,0.95,Tuning,Defaults,0.6134254306698277,0.3865745693301723
Baseline,SVM_RBF,0.95,Tuning,Defaults,0.6379467370555071,0.36205326294449286
Baseline,SVM_RBF,0.95,Tuning,Tuning,0.18032761743365602,0.819672382566344
Baseline,SVM_RBF,0.95,Tuning,Tuning,0.13044259602812605,0.8695574039718741
Baseline,SVM_RBF,0.95,Defaults,Defaults,0.7675997184801269,0.2324002815198731
Baseline,SVM_RBF,0.95,Tuning,Tuning,0.207479976015122,0.792520023984878
Baseline,SVM_RBF,0.95,Tuning,Tuning,0.30370491040319336,0.6962950895968066
Baseline,SVM_RBF,0.95,Tuning,Tuning,0.24673554551028284,0.7532644544897173
Baseline,SVM_RBF,0.95,Defaults,Tuning,0.19721854650014267,0.8027814534998573
Baseline,SVM_RBF,0.95,Tuning,Tuning,0.11344942542011455,0.8865505745798853
Baseline,SVM_RBF,0.95,Tuning,Tuning,0.4803050834972652,0.5196949165027349
Baseline,SVM_RBF,0.95,Tuning,Tuning,0.18229612676228618,0.8177038732377135
Baseline,SVM_RBF,0.95,Defaults,Defaults,0.7446336611381316,0.2553663388618685
Baseline,SVM_RBF,0.95,Defaults,Tuning,0.20219170757631713,0.797808292423683
Baseline,SVM_RBF,0.95,Tuning,Tuning,0.24735595822611978,0.7526440417738801
Baseline,SVM_RBF,0.95,Tuning,Tuning,0.13455362731779283,0.8654463726822073
Baseline,SVM_RBF,0.95,Tuning,Tuning,0.20313221101417872,0.7968677889858212
Baseline,SVM_RBF,0.95,Defaults,Tuning,0.4158166663568951,0.5841833336431048
Baseline,SVM_RBF,0.95,Defaults,Tuning,0.45893965886442495,0.5410603411355749
Baseline,SVM_RBF,0.95,Defaults,Defaults,0.7266066707032982,0.2733933292967017
Baseline,SVM_RBF,0.95,Tuning,Tuning,0.17732948797094497,0.822670512029055
Baseline,SVM_RBF,0.95,Defaults,Defaults,0.6194256130741093,0.3805743869258907
Baseline,SVM_RBF,0.95,Tuning,Defaults,0.8390316700683885,0.1609683299316115
Baseline,SVM_RBF,0.95,Tuning,Tuning,0.16946942359315637,0.8305305764068437
Baseline,SVM_RBF,0.95,Defaults,Tuning,0.26039557892179493,0.7396044210782051
Baseline,SVM_RBF,0.95,Defaults,Defaults,0.5340148605638795,0.46598513943612063
Baseline,SVM_RBF,0.95,Tuning,Defaults,0.5891447662988146,0.41085523370118543
Baseline,SVM_RBF,0.95,Tuning,Tuning,0.23250568036739877,0.7674943196326014
Baseline,SVM_RBF,0.95,Defaults,Tuning,0.3741363297177363,0.6258636702822635
Baseline,SVM_RBF,0.95,Tuning,Tuning,0.14382384928960182,0.856176150710398
Baseline,SVM_RBF,0.95,Tuning,Tuning,0.20464625927163171,0.7953537407283683
Baseline,SVM_RBF,0.95,Tuning,Tuning,0.16928841802014724,0.8307115819798525
Baseline,SVM_RBF,0.95,Tuning,Tuning,0.13526423799797999,0.8647357620020197
Baseline,RandomForest,0.8,Tuning,Tuning,0.15,0.85
Baseline,RandomForest,0.8,Tuning,Tuning,0.1,0.9
Baseline,RandomForest,0.8,Defaults,Tuning,0.44,0.56
Baseline,RandomForest,0.8,Tuning,Tuning,0.04,0.96
Baseline,RandomForest,0.8,Tuning,Tuning,0.04,0.96
Baseline,RandomForest,0.8,Tuning,Tuning,0.48,0.52
Baseline,RandomForest,0.8,Tuning,Tuning,0.09,0.91
Baseline,RandomForest,0.8,Defaults,Tuning,0.19,0.81
Baseline,RandomForest,0.8,Defaults,Tuning,0.13,0.87
Baseline,RandomForest,0.8,Tuning,Tuning,0.32,0.68
Baseline,RandomForest,0.8,Tuning,Tuning,0.04,0.96
Baseline,RandomForest,0.8,Defaults,Tuning,0.28,0.72
Baseline,RandomForest,0.8,Tuning,Tuning,0.08,0.92
Baseline,RandomForest,0.8,Tuning,Tuning,0.06,0.94
Baseline,RandomForest,0.8,Tuning,Tuning,0.1,0.9
Baseline,RandomForest,0.8,Tuning,Tuning,0.02,0.98
Baseline,RandomForest,0.8,Defaults,Defaults,0.71,0.29
Baseline,RandomForest,0.8,Tuning,Tuning,0.28,0.72
Baseline,RandomForest,0.8,Defaults,Tuning,0.26,0.74
Baseline,RandomForest,0.8,Tuning,Tuning,0.38,0.62
Baseline,RandomForest,0.8,Tuning,Tuning,0.42,0.58
Baseline,RandomForest,0.8,Defaults,Tuning,0.36,0.64
Baseline,RandomForest,0.8,Tuning,Tuning,0.15,0.85
Baseline,RandomForest,0.8,Tuning,Tuning,0.31,0.69
Baseline,RandomForest,0.8,Tuning,Tuning,0.12,0.88
Baseline,RandomForest,0.8,Tuning,Tuning,0.0,1.0
Baseline,RandomForest,0.8,Tuning,Tuning,0.01,0.99
Baseline,RandomForest,0.8,Tuning,Tuning,0.05,0.95
Baseline,RandomForest,0.8,Tuning,Tuning,0.05,0.95
Baseline,RandomForest,0.8,Tuning,Tuning,0.03,0.97
Baseline,RandomForest,0.8,Tuning,Tuning,0.04,0.96
Baseline,RandomForest,0.8,Tuning,Tuning,0.01,0.99
Baseline,RandomForest,0.8,Defaults,Defaults,0.6,0.4
Baseline,RandomForest,0.8,Defaults,Tuning,0.41,0.59
Baseline,RandomForest,0.8,Tuning,Tuning,0.29,0.71
Baseline,RandomForest,0.8,Tuning,Tuning,0.29,0.71
Baseline,RandomForest,0.8,Tuning,Tuning,0.36,0.64
Baseline,RandomForest,0.8,Defaults,Tuning,0.43,0.57
Baseline,RandomForest,0.8,Tuning,Tuning,0.1,0.9
Baseline,RandomForest,0.8,Defaults,Defaults,0.59,0.41
Baseline,RandomForest,0.8,Tuning,Tuning,0.21,0.79
Baseline,RandomForest,0.8,Tuning,Tuning,0.16,0.84
Baseline,RandomForest,0.8,Tuning,Tuning,0.36,0.64
Baseline,RandomForest,0.8,Tuning,Tuning,0.12,0.88
Baseline,RandomForest,0.8,Tuning,Tuning,0.25,0.75
Baseline,RandomForest,0.8,Tuning,Tuning,0.26,0.74
Baseline,RandomForest,0.8,Tuning,Tuning,0.49,0.51
Baseline,RandomForest,0.8,Tuning,Tuning,0.08,0.92
Baseline,RandomForest,0.8,Tuning,Tuning,0.43,0.57
Baseline,RandomForest,0.8,Tuning,Tuning,0.22,0.78
Baseline,RandomForest,0.8,Defaults,Tuning,0.31,0.69
Baseline,RandomForest,0.8,Tuning,Tuning,0.12,0.88
Baseline,RandomForest,0.8,Tuning,Tuning,0.14,0.86
Baseline,RandomForest,0.8,Defaults,Tuning,0.22,0.78
Baseline,RandomForest,0.8,Tuning,Defaults,0.72,0.28
Baseline,RandomForest,0.8,Tuning,Tuning,0.19,0.81
Baseline,RandomForest,0.8,Tuning,Tuning,0.23,0.77
Baseline,RandomForest,0.8,Tuning,Defaults,0.61,0.39
Baseline,RandomForest,0.8,Tuning,Tuning,0.41,0.59
Baseline,RandomForest,0.8,Tuning,Tuning,0.15,0.85
Baseline,RandomForest,0.8,Tuning,Tuning,0.08,0.92
Baseline,RandomForest,0.8,Tuning,Tuning,0.18,0.82
Baseline,RandomForest,0.8,Tuning,Tuning,0.32,0.68
Baseline,RandomForest,0.8,Defaults,Tuning,0.33,0.67
Baseline,RandomForest,0.8,Tuning,Tuning,0.48,0.52
Baseline,RandomForest,0.8,Defaults,Tuning,0.44,0.56
Baseline,RandomForest,0.8,Tuning,Tuning,0.41,0.59
Baseline,RandomForest,0.8,Tuning,Tuning,0.29,0.71
Baseline,RandomForest,0.8,Tuning,Defaults,0.54,0.46
Baseline,RandomForest,0.8,Tuning,Tuning,0.46,0.54
Baseline,RandomForest,0.8,Tuning,Tuning,0.27,0.73
Baseline,RandomForest,0.8,Defaults,Tuning,0.0,1.0
Baseline,RandomForest,0.8,Tuning,Tuning,0.33,0.67
Baseline,RandomForest,0.8,Defaults,Defaults,0.94,0.06
Baseline,RandomForest,0.8,Defaults,Defaults,0.85,0.15
Baseline,RandomForest,0.8,Defaults,Defaults,0.78,0.22
Baseline,RandomForest,0.8,Defaults,Defaults,0.91,0.09
Baseline,RandomForest,0.8,Tuning,Tuning,0.28,0.72
Baseline,RandomForest,0.8,Tuning,Tuning,0.25,0.75
Baseline,RandomForest,0.8,Tuning,Tuning,0.3,0.7
Baseline,RandomForest,0.8,Defaults,Tuning,0.35,0.65
Baseline,RandomForest,0.8,Defaults,Tuning,0.49,0.51
Baseline,RandomForest,0.8,Defaults,Tuning,0.26,0.74
Baseline,RandomForest,0.8,Defaults,Tuning,0.4,0.6
Baseline,RandomForest,0.8,Tuning,Tuning,0.49,0.51
Baseline,RandomForest,0.8,Tuning,Defaults,0.54,0.46
Baseline,RandomForest,0.8,Defaults,Defaults,0.64,0.36
Baseline,RandomForest,0.8,Tuning,Tuning,0.05,0.95
Baseline,RandomForest,0.8,Defaults,Defaults,0.56,0.44
Baseline,RandomForest,0.8,Tuning,Tuning,0.14,0.86
Baseline,RandomForest,0.8,Tuning,Tuning,0.05,0.95
Baseline,RandomForest,0.8,Defaults,Tuning,0.28,0.72
Baseline,RandomForest,0.8,Tuning,Tuning,0.22,0.78
Baseline,RandomForest,0.8,Defaults,Tuning,0.36,0.64
Baseline,RandomForest,0.8,Tuning,Tuning,0.28,0.72
Baseline,RandomForest,0.8,Tuning,Tuning,0.04,0.96
Baseline,RandomForest,0.8,Tuning,Tuning,0.09,0.91
Baseline,RandomForest,0.8,Defaults,Tuning,0.48,0.52
Baseline,RandomForest,0.8,Tuning,Tuning,0.31,0.69
Baseline,RandomForest,0.8,Tuning,Tuning,0.18,0.82
Baseline,RandomForest,0.8,Tuning,Tuning,0.26,0.74
Baseline,RandomForest,0.8,Defaults,Tuning,0.06,0.94
Baseline,RandomForest,0.8,Tuning,Tuning,0.17,0.83
Baseline,RandomForest,0.8,Tuning,Tuning,0.23,0.77
Baseline,RandomForest,0.8,Tuning,Tuning,0.38,0.62
Baseline,RandomForest,0.8,Tuning,Tuning,0.09,0.91
Baseline,RandomForest,0.8,Tuning,Defaults,0.54,0.46
Baseline,RandomForest,0.8,Tuning,Tuning,0.07,0.93
Baseline,RandomForest,0.8,Tuning,Tuning,0.31,0.69
Baseline,RandomForest,0.8,Defaults,Tuning,0.27,0.73
Baseline,RandomForest,0.8,Tuning,Tuning,0.2,0.8
Baseline,RandomForest,0.8,Tuning,Tuning,0.09,0.91
Baseline,RandomForest,0.8,Tuning,Tuning,0.15,0.85
Baseline,RandomForest,0.8,Tuning,Tuning,0.02,0.98
Baseline,RandomForest,0.8,Tuning,Tuning,0.08,0.92
Baseline,RandomForest,0.8,Tuning,Tuning,0.22,0.78
Baseline,RandomForest,0.8,Tuning,Tuning,0.46,0.54
Baseline,RandomForest,0.8,Tuning,Tuning,0.15,0.85
Baseline,RandomForest,0.8,Defaults,Tuning,0.32,0.68
Baseline,RandomForest,0.8,Tuning,Tuning,0.35,0.65
Baseline,RandomForest,0.8,Defaults,Defaults,0.59,0.41
Baseline,RandomForest,0.8,Tuning,Tuning,0.36,0.64
Baseline,RandomForest,0.8,Tuning,Tuning,0.45,0.55
Baseline,RandomForest,0.8,Tuning,Tuning,0.45,0.55
Baseline,RandomForest,0.8,Tuning,Tuning,0.09,0.91
Baseline,RandomForest,0.8,Defaults,Tuning,0.22,0.78
Baseline,RandomForest,0.8,Defaults,Tuning,0.19,0.81
Baseline,RandomForest,0.8,Tuning,Tuning,0.03,0.97
Baseline,RandomForest,0.8,Tuning,Tuning,0.21,0.79
Baseline,RandomForest,0.8,Tuning,Tuning,0.0,1.0
Baseline,RandomForest,0.8,Tuning,Tuning,0.0,1.0
Baseline,RandomForest,0.8,Tuning,Tuning,0.34,0.66
Baseline,RandomForest,0.8,Tuning,Tuning,0.13,0.87
Baseline,RandomForest,0.8,Tuning,Tuning,0.33,0.67
Baseline,RandomForest,0.8,Tuning,Tuning,0.18,0.82
Baseline,RandomForest,0.8,Defaults,Tuning,0.42,0.58
Baseline,RandomForest,0.8,Tuning,Defaults,0.65,0.35
Baseline,RandomForest,0.8,Tuning,Defaults,0.73,0.27
Baseline,RandomForest,0.8,Tuning,Tuning,0.21,0.79
Baseline,RandomForest,0.8,Tuning,Tuning,0.25,0.75
Baseline,RandomForest,0.8,Defaults,Tuning,0.35,0.65
Baseline,RandomForest,0.8,Tuning,Tuning,0.33,0.67
Baseline,RandomForest,0.8,Tuning,Tuning,0.34,0.66
Baseline,RandomForest,0.8,Tuning,Tuning,0.2,0.8
Baseline,RandomForest,0.8,Defaults,Tuning,0.11,0.89
Baseline,RandomForest,0.8,Tuning,Tuning,0.16,0.84
Baseline,RandomForest,0.8,Tuning,Tuning,0.39,0.61
Baseline,RandomForest,0.8,Tuning,Tuning,0.1,0.9
Baseline,RandomForest,0.8,Defaults,Tuning,0.46,0.54
Baseline,RandomForest,0.8,Defaults,Defaults,0.51,0.49
Baseline,RandomForest,0.8,Tuning,Tuning,0.46,0.54
Baseline,RandomForest,0.8,Tuning,Tuning,0.2,0.8
Baseline,RandomForest,0.8,Tuning,Tuning,0.4,0.6
Baseline,RandomForest,0.8,Defaults,Tuning,0.47,0.53
Baseline,RandomForest,0.8,Defaults,Tuning,0.39,0.61
Baseline,RandomForest,0.8,Defaults,Defaults,0.5,0.5
Baseline,RandomForest,0.8,Tuning,Tuning,0.33,0.67
Baseline,RandomForest,0.8,Defaults,Tuning,0.39,0.61
Baseline,RandomForest,0.8,Tuning,Defaults,0.79,0.21
Baseline,RandomForest,0.8,Tuning,Tuning,0.26,0.74
Baseline,RandomForest,0.8,Defaults,Tuning,0.24,0.76
Baseline,RandomForest,0.8,Defaults,Tuning,0.43,0.57
Baseline,RandomForest,0.8,Tuning,Tuning,0.39,0.61
Baseline,RandomForest,0.8,Tuning,Tuning,0.13,0.87
Baseline,RandomForest,0.8,Defaults,Defaults,0.6,0.4
Baseline,RandomForest,0.8,Tuning,Tuning,0.33,0.67
Baseline,RandomForest,0.8,Tuning,Tuning,0.2,0.8
Baseline,RandomForest,0.8,Tuning,Tuning,0.29,0.71
Baseline,RandomForest,0.8,Tuning,Tuning,0.31,0.69
Baseline,RandomForest,0.85,Tuning,Tuning,0.18,0.82
Baseline,RandomForest,0.85,Tuning,Tuning,0.09,0.91
Baseline,RandomForest,0.85,Defaults,Tuning,0.45,0.55
Baseline,RandomForest,0.85,Tuning,Tuning,0.03,0.97
Baseline,RandomForest,0.85,Tuning,Tuning,0.07,0.93
Baseline,RandomForest,0.85,Tuning,Defaults,0.57,0.43
Baseline,RandomForest,0.85,Tuning,Tuning,0.08,0.92
Baseline,RandomForest,0.85,Defaults,Tuning,0.2,0.8
Baseline,RandomForest,0.85,Defaults,Tuning,0.3,0.7
Baseline,RandomForest,0.85,Tuning,Tuning,0.24,0.76
Baseline,RandomForest,0.85,Tuning,Tuning,0.03,0.97
Baseline,RandomForest,0.85,Defaults,Tuning,0.19,0.81
Baseline,RandomForest,0.85,Tuning,Tuning,0.05,0.95
Baseline,RandomForest,0.85,Tuning,Tuning,0.07,0.93
Baseline,RandomForest,0.85,Tuning,Tuning,0.19,0.81
Baseline,RandomForest,0.85,Tuning,Tuning,0.02,0.98
Baseline,RandomForest,0.85,Defaults,Defaults,0.72,0.28
Baseline,RandomForest,0.85,Tuning,Tuning,0.14,0.86
Baseline,RandomForest,0.85,Defaults,Tuning,0.32,0.68
Baseline,RandomForest,0.85,Tuning,Defaults,0.59,0.41
Baseline,RandomForest,0.85,Tuning,Tuning,0.43,0.57
Baseline,RandomForest,0.85,Defaults,Tuning,0.38,0.62
Baseline,RandomForest,0.85,Tuning,Tuning,0.24,0.76
Baseline,RandomForest,0.85,Tuning,Tuning,0.32,0.68
Baseline,RandomForest,0.85,Tuning,Tuning,0.04,0.96
Baseline,RandomForest,0.85,Tuning,Tuning,0.0,1.0
Baseline,RandomForest,0.85,Tuning,Tuning,0.02,0.98
Baseline,RandomForest,0.85,Tuning,Tuning,0.06,0.94
Baseline,RandomForest,0.85,Tuning,Tuning,0.04,0.96
Baseline,RandomForest,0.85,Tuning,Tuning,0.07,0.93
Baseline,RandomForest,0.85,Tuning,Tuning,0.05,0.95
Baseline,RandomForest,0.85,Tuning,Tuning,0.04,0.96
Baseline,RandomForest,0.85,Defaults,Defaults,0.67,0.33
Baseline,RandomForest,0.85,Defaults,Tuning,0.42,0.58
Baseline,RandomForest,0.85,Tuning,Tuning,0.24,0.76
Baseline,RandomForest,0.85,Tuning,Tuning,0.36,0.64
Baseline,RandomForest,0.85,Tuning,Tuning,0.36,0.64
Baseline,RandomForest,0.85,Defaults,Defaults,0.5,0.5
Baseline,RandomForest,0.85,Tuning,Tuning,0.09,0.91
Baseline,RandomForest,0.85,Defaults,Defaults,0.61,0.39
Baseline,RandomForest,0.85,Tuning,Tuning,0.18,0.82
Baseline,RandomForest,0.85,Tuning,Tuning,0.3,0.7
Baseline,RandomForest,0.85,Tuning,Tuning,0.35,0.65
Baseline,RandomForest,0.85,Tuning,Tuning,0.07,0.93
Baseline,RandomForest,0.85,Tuning,Tuning,0.28,0.72
Baseline,RandomForest,0.85,Tuning,Tuning,0.23,0.77
Baseline,RandomForest,0.85,Tuning,Tuning,0.48,0.52
Baseline,RandomForest,0.85,Tuning,Tuning,0.12,0.88
Baseline,RandomForest,0.85,Tuning,Tuning,0.42,0.58
Baseline,RandomForest,0.85,Tuning,Tuning,0.24,0.76
Baseline,RandomForest,0.85,Defaults,Tuning,0.29,0.71
Baseline,RandomForest,0.85,Tuning,Tuning,0.21,0.79
Baseline,RandomForest,0.85,Tuning,Tuning,0.17,0.83
Baseline,RandomForest,0.85,Defaults,Tuning,0.19,0.81
Baseline,RandomForest,0.85,Tuning,Defaults,0.69,0.31
Baseline,RandomForest,0.85,Tuning,Tuning,0.24,0.76
Baseline,RandomForest,0.85,Tuning,Tuning,0.22,0.78
Baseline,RandomForest,0.85,Tuning,Defaults,0.5,0.5
Baseline,RandomForest,0.85,Tuning,Tuning,0.36,0.64
Baseline,RandomForest,0.85,Tuning,Tuning,0.14,0.86
Baseline,RandomForest,0.85,Tuning,Tuning,0.14,0.86
Baseline,RandomForest,0.85,Tuning,Tuning,0.2,0.8
Baseline,RandomForest,0.85,Tuning,Tuning,0.3,0.7
Baseline,RandomForest,0.85,Defaults,Tuning,0.33,0.67
Baseline,RandomForest,0.85,Tuning,Tuning,0.46,0.54
Baseline,RandomForest,0.85,Defaults,Tuning,0.36,0.64
Baseline,RandomForest,0.85,Tuning,Tuning,0.46,0.54
Baseline,RandomForest,0.85,Tuning,Tuning,0.27,0.73
Baseline,RandomForest,0.85,Tuning,Defaults,0.51,0.49
Baseline,RandomForest,0.85,Tuning,Tuning,0.47,0.53
Baseline,RandomForest,0.85,Tuning,Tuning,0.37,0.63
Baseline,RandomForest,0.85,Defaults,Tuning,0.06,0.94
Baseline,RandomForest,0.85,Tuning,Tuning,0.37,0.63
Baseline,RandomForest,0.85,Defaults,Defaults,0.92,0.08
Baseline,RandomForest,0.85,Defaults,Defaults,0.91,0.09
Baseline,RandomForest,0.85,Defaults,Defaults,0.84,0.16
Baseline,RandomForest,0.85,Defaults,Defaults,0.94,0.06
Baseline,RandomForest,0.85,Tuning,Tuning,0.2,0.8
Baseline,RandomForest,0.85,Tuning,Tuning,0.19,0.81
Baseline,RandomForest,0.85,Tuning,Tuning,0.37,0.63
Baseline,RandomForest,0.85,Defaults,Tuning,0.31,0.69
Baseline,RandomForest,0.85,Defaults,Defaults,0.51,0.49
Baseline,RandomForest,0.85,Defaults,Tuning,0.31,0.69
Baseline,RandomForest,0.85,Defaults,Tuning,0.48,0.52
Baseline,RandomForest,0.85,Tuning,Defaults,0.63,0.37
Baseline,RandomForest,0.85,Tuning,Defaults,0.56,0.44
Baseline,RandomForest,0.85,Defaults,Defaults,0.57,0.43
Baseline,RandomForest,0.85,Tuning,Tuning,0.04,0.96
Baseline,RandomForest,0.85,Defaults,Defaults,0.63,0.37
Baseline,RandomForest,0.85,Tuning,Tuning,0.18,0.82
Baseline,RandomForest,0.85,Tuning,Tuning,0.04,0.96
Baseline,RandomForest,0.85,Defaults,Tuning,0.3,0.7
Baseline,RandomForest,0.85,Tuning,Tuning,0.08,0.92
Baseline,RandomForest,0.85,Defaults,Tuning,0.38,0.62
Baseline,RandomForest,0.85,Tuning,Tuning,0.25,0.75
Baseline,RandomForest,0.85,Tuning,Tuning,0.07,0.93
Baseline,RandomForest,0.85,Tuning,Tuning,0.11,0.89
Baseline,RandomForest,0.85,Defaults,Tuning,0.46,0.54
Baseline,RandomForest,0.85,Tuning,Tuning,0.29,0.71
Baseline,RandomForest,0.85,Tuning,Tuning,0.16,0.84
Baseline,RandomForest,0.85,Tuning,Tuning,0.24,0.76
Baseline,RandomForest,0.85,Defaults,Tuning,0.02,0.98
Baseline,RandomForest,0.85,Tuning,Tuning,0.19,0.81
Baseline,RandomForest,0.85,Tuning,Tuning,0.34,0.66
Baseline,RandomForest,0.85,Tuning,Defaults,0.51,0.49
Baseline,RandomForest,0.85,Tuning,Tuning,0.14,0.86
Baseline,RandomForest,0.85,Tuning,Defaults,0.52,0.48
Baseline,RandomForest,0.85,Tuning,Tuning,0.03,0.97
Baseline,RandomForest,0.85,Tuning,Tuning,0.37,0.63
Baseline,RandomForest,0.85,Defaults,Tuning,0.23,0.77
Baseline,RandomForest,0.85,Tuning,Tuning,0.2,0.8
Baseline,RandomForest,0.85,Tuning,Tuning,0.04,0.96
Baseline,RandomForest,0.85,Tuning,Tuning,0.15,0.85
Baseline,RandomForest,0.85,Tuning,Tuning,0.06,0.94
Baseline,RandomForest,0.85,Tuning,Tuning,0.13,0.87
Baseline,RandomForest,0.85,Tuning,Tuning,0.15,0.85
Baseline,RandomForest,0.85,Tuning,Defaults,0.5,0.5
Baseline,RandomForest,0.85,Tuning,Tuning,0.18,0.82
Baseline,RandomForest,0.85,Defaults,Tuning,0.34,0.66
Baseline,RandomForest,0.85,Tuning,Tuning,0.38,0.62
Baseline,RandomForest,0.85,Defaults,Defaults,0.55,0.45
Baseline,RandomForest,0.85,Tuning,Tuning,0.32,0.68
Baseline,RandomForest,0.85,Tuning,Tuning,0.43,0.57
Baseline,RandomForest,0.85,Tuning,Tuning,0.42,0.58
Baseline,RandomForest,0.85,Tuning,Tuning,0.06,0.94
Baseline,RandomForest,0.85,Defaults,Tuning,0.25,0.75
Baseline,RandomForest,0.85,Defaults,Tuning,0.18,0.82
Baseline,RandomForest,0.85,Tuning,Tuning,0.05,0.95
Baseline,RandomForest,0.85,Tuning,Tuning,0.26,0.74
Baseline,RandomForest,0.85,Tuning,Tuning,0.02,0.98
Baseline,RandomForest,0.85,Tuning,Tuning,0.02,0.98
Baseline,RandomForest,0.85,Tuning,Tuning,0.28,0.72
Baseline,RandomForest,0.85,Tuning,Tuning,0.17,0.83
Baseline,RandomForest,0.85,Tuning,Tuning,0.42,0.58
Baseline,RandomForest,0.85,Tuning,Tuning,0.14,0.86
Baseline,RandomForest,0.85,Defaults,Tuning,0.47,0.53
Baseline,RandomForest,0.85,Tuning,Defaults,0.67,0.33
Baseline,RandomForest,0.85,Tuning,Defaults,0.74,0.26
Baseline,RandomForest,0.85,Tuning,Tuning,0.37,0.63
Baseline,RandomForest,0.85,Tuning,Tuning,0.4,0.6
Baseline,RandomForest,0.85,Defaults,Tuning,0.45,0.55
Baseline,RandomForest,0.85,Tuning,Tuning,0.37,0.63
Baseline,RandomForest,0.85,Tuning,Tuning,0.32,0.68
Baseline,RandomForest,0.85,Tuning,Tuning,0.17,0.83
Baseline,RandomForest,0.85,Defaults,Tuning,0.08,0.92
Baseline,RandomForest,0.85,Tuning,Tuning,0.25,0.75
Baseline,RandomForest,0.85,Tuning,Tuning,0.33,0.67
Baseline,RandomForest,0.85,Tuning,Tuning,0.16,0.84
Baseline,RandomForest,0.85,Defaults,Defaults,0.52,0.48
Baseline,RandomForest,0.85,Defaults,Defaults,0.51,0.49
Baseline,RandomForest,0.85,Tuning,Tuning,0.4,0.6
Baseline,RandomForest,0.85,Tuning,Tuning,0.29,0.71
Baseline,RandomForest,0.85,Tuning,Tuning,0.28,0.72
Baseline,RandomForest,0.85,Defaults,Tuning,0.49,0.51
Baseline,RandomForest,0.85,Defaults,Tuning,0.4,0.6
Baseline,RandomForest,0.85,Defaults,Defaults,0.51,0.49
Baseline,RandomForest,0.85,Tuning,Tuning,0.3,0.7
Baseline,RandomForest,0.85,Defaults,Tuning,0.41,0.59
Baseline,RandomForest,0.85,Tuning,Defaults,0.75,0.25
Baseline,RandomForest,0.85,Tuning,Tuning,0.24,0.76
Baseline,RandomForest,0.85,Defaults,Tuning,0.22,0.78
Baseline,RandomForest,0.85,Defaults,Tuning,0.43,0.57
Baseline,RandomForest,0.85,Tuning,Tuning,0.44,0.56
Baseline,RandomForest,0.85,Tuning,Tuning,0.17,0.83
Baseline,RandomForest,0.85,Defaults,Tuning,0.46,0.54
Baseline,RandomForest,0.85,Tuning,Tuning,0.4,0.6
Baseline,RandomForest,0.85,Tuning,Tuning,0.23,0.77
Baseline,RandomForest,0.85,Tuning,Tuning,0.33,0.67
Baseline,RandomForest,0.85,Tuning,Tuning,0.37,0.63
Baseline,RandomForest,0.9,Tuning,Tuning,0.13,0.87
Baseline,RandomForest,0.9,Tuning,Tuning,0.15,0.85
Baseline,RandomForest,0.9,Defaults,Defaults,0.52,0.48
Baseline,RandomForest,0.9,Tuning,Tuning,0.03,0.97
Baseline,RandomForest,0.9,Tuning,Tuning,0.04,0.96
Baseline,RandomForest,0.9,Tuning,Tuning,0.46,0.54
Baseline,RandomForest,0.9,Tuning,Tuning,0.05,0.95
Baseline,RandomForest,0.9,Defaults,Tuning,0.25,0.75
Baseline,RandomForest,0.9,Defaults,Tuning,0.23,0.77
Baseline,RandomForest,0.9,Tuning,Tuning,0.18,0.82
Baseline,RandomForest,0.9,Tuning,Tuning,0.02,0.98
Baseline,RandomForest,0.9,Defaults,Tuning,0.26,0.74
Baseline,RandomForest,0.9,Tuning,Tuning,0.07,0.93
Baseline,RandomForest,0.9,Tuning,Tuning,0.06,0.94
Baseline,RandomForest,0.9,Tuning,Tuning,0.11,0.89
Baseline,RandomForest,0.9,Tuning,Tuning,0.01,0.99
Baseline,RandomForest,0.9,Defaults,Defaults,0.75,0.25
Baseline,RandomForest,0.9,Tuning,Tuning,0.14,0.86
Baseline,RandomForest,0.9,Defaults,Tuning,0.29,0.71
Baseline,RandomForest,0.9,Tuning,Tuning,0.42,0.58
Baseline,RandomForest,0.9,Tuning,Tuning,0.39,0.61
Baseline,RandomForest,0.9,Defaults,Tuning,0.32,0.68
Baseline,RandomForest,0.9,Tuning,Tuning,0.18,0.82
Baseline,RandomForest,0.9,Tuning,Tuning,0.34,0.66
Baseline,RandomForest,0.9,Tuning,Tuning,0.06,0.94
Baseline,RandomForest,0.9,Tuning,Tuning,0.01,0.99
Baseline,RandomForest,0.9,Tuning,Tuning,0.02,0.98
Baseline,RandomForest,0.9,Tuning,Tuning,0.08,0.92
Baseline,RandomForest,0.9,Tuning,Tuning,0.03,0.97
Baseline,RandomForest,0.9,Tuning,Tuning,0.06,0.94
Baseline,RandomForest,0.9,Tuning,Tuning,0.04,0.96
Baseline,RandomForest,0.9,Tuning,Tuning,0.02,0.98
Baseline,RandomForest,0.9,Defaults,Defaults,0.74,0.26
Baseline,RandomForest,0.9,Defaults,Tuning,0.32,0.68
Baseline,RandomForest,0.9,Tuning,Tuning,0.16,0.84
Baseline,RandomForest,0.9,Tuning,Tuning,0.39,0.61
Baseline,RandomForest,0.9,Tuning,Tuning,0.25,0.75
Baseline,RandomForest,0.9,Defaults,Tuning,0.48,0.52
Baseline,RandomForest,0.9,Tuning,Tuning,0.16,0.84
Baseline,RandomForest,0.9,Defaults,Defaults,0.62,0.38
Baseline,RandomForest,0.9,Tuning,Tuning,0.14,0.86
Baseline,RandomForest,0.9,Tuning,Tuning,0.14,0.86
Baseline,RandomForest,0.9,Tuning,Tuning,0.42,0.58
Baseline,RandomForest,0.9,Tuning,Tuning,0.18,0.82
Baseline,RandomForest,0.9,Tuning,Tuning,0.26,0.74
Baseline,RandomForest,0.9,Tuning,Tuning,0.25,0.75
Baseline,RandomForest,0.9,Tuning,Tuning,0.48,0.52
Baseline,RandomForest,0.9,Tuning,Tuning,0.12,0.88
Baseline,RandomForest,0.9,Tuning,Tuning,0.34,0.66
Baseline,RandomForest,0.9,Tuning,Tuning,0.19,0.81
Baseline,RandomForest,0.9,Defaults,Tuning,0.3,0.7
Baseline,RandomForest,0.9,Tuning,Tuning,0.15,0.85
Baseline,RandomForest,0.9,Tuning,Tuning,0.1,0.9
Baseline,RandomForest,0.9,Defaults,Tuning,0.18,0.82
Baseline,RandomForest,0.9,Tuning,Defaults,0.65,0.35
Baseline,RandomForest,0.9,Tuning,Tuning,0.19,0.81
Baseline,RandomForest,0.9,Tuning,Tuning,0.2,0.8
Baseline,RandomForest,0.9,Tuning,Defaults,0.51,0.49
Baseline,RandomForest,0.9,Tuning,Tuning,0.29,0.71
Baseline,RandomForest,0.9,Tuning,Tuning,0.17,0.83
Baseline,RandomForest,0.9,Tuning,Tuning,0.11,0.89
Baseline,RandomForest,0.9,Tuning,Tuning,0.24,0.76
Baseline,RandomForest,0.9,Tuning,Tuning,0.27,0.73
Baseline,RandomForest,0.9,Defaults,Tuning,0.3,0.7
Baseline,RandomForest,0.9,Tuning,Defaults,0.56,0.44
Baseline,RandomForest,0.9,Defaults,Tuning,0.34,0.66
Baseline,RandomForest,0.9,Tuning,Tuning,0.37,0.63
Baseline,RandomForest,0.9,Tuning,Tuning,0.31,0.69
Baseline,RandomForest,0.9,Tuning,Tuning,0.47,0.53
Baseline,RandomForest,0.9,Tuning,Tuning,0.39,0.61
Baseline,RandomForest,0.9,Tuning,Tuning,0.27,0.73
Baseline,RandomForest,0.9,Defaults,Tuning,0.04,0.96
Baseline,RandomForest,0.9,Tuning,Tuning,0.29,0.71
Baseline,RandomForest,0.9,Defaults,Defaults,0.95,0.05
Baseline,RandomForest,0.9,Defaults,Defaults,0.92,0.08
Baseline,RandomForest,0.9,Defaults,Defaults,0.84,0.16
Baseline,RandomForest,0.9,Defaults,Defaults,0.94,0.06
Baseline,RandomForest,0.9,Tuning,Tuning,0.21,0.79
Baseline,RandomForest,0.9,Tuning,Tuning,0.21,0.79
Baseline,RandomForest,0.9,Tuning,Tuning,0.41,0.59
Baseline,RandomForest,0.9,Defaults,Tuning,0.34,0.66
Baseline,RandomForest,0.9,Defaults,Tuning,0.45,0.55
Baseline,RandomForest,0.9,Defaults,Tuning,0.32,0.68
Baseline,RandomForest,0.9,Defaults,Tuning,0.48,0.52
Baseline,RandomForest,0.9,Tuning,Defaults,0.67,0.33
Baseline,RandomForest,0.9,Tuning,Defaults,0.52,0.48
Baseline,RandomForest,0.9,Defaults,Defaults,0.74,0.26
Baseline,RandomForest,0.9,Tuning,Tuning,0.01,0.99
Baseline,RandomForest,0.9,Defaults,Defaults,0.6,0.4
Baseline,RandomForest,0.9,Tuning,Tuning,0.22,0.78
Baseline,RandomForest,0.9,Tuning,Tuning,0.08,0.92
Baseline,RandomForest,0.9,Defaults,Tuning,0.23,0.77
Baseline,RandomForest,0.9,Tuning,Tuning,0.23,0.77
Baseline,RandomForest,0.9,Defaults,Defaults,0.5,0.5
Baseline,RandomForest,0.9,Tuning,Tuning,0.29,0.71
Baseline,RandomForest,0.9,Tuning,Tuning,0.03,0.97
Baseline,RandomForest,0.9,Tuning,Tuning,0.17,0.83
Baseline,RandomForest,0.9,Defaults,Defaults,0.56,0.44
Baseline,RandomForest,0.9,Tuning,Tuning,0.25,0.75
Baseline,RandomForest,0.9,Tuning,Tuning,0.15,0.85
Baseline,RandomForest,0.9,Tuning,Tuning,0.29,0.71
Baseline,RandomForest,0.9,Defaults,Tuning,0.04,0.96
Baseline,RandomForest,0.9,Tuning,Tuning,0.22,0.78
Baseline,RandomForest,0.9,Tuning,Tuning,0.29,0.71
Baseline,RandomForest,0.9,Tuning,Tuning,0.41,0.59
Baseline,RandomForest,0.9,Tuning,Tuning,0.12,0.88
Baseline,RandomForest,0.9,Tuning,Defaults,0.63,0.37
Baseline,RandomForest,0.9,Tuning,Tuning,0.08,0.92
Baseline,RandomForest,0.9,Tuning,Tuning,0.38,0.62
Baseline,RandomForest,0.9,Defaults,Tuning,0.24,0.76
Baseline,RandomForest,0.9,Tuning,Tuning,0.19,0.81
Baseline,RandomForest,0.9,Tuning,Tuning,0.07,0.93
Baseline,RandomForest,0.9,Tuning,Tuning,0.14,0.86
Baseline,RandomForest,0.9,Tuning,Tuning,0.03,0.97
Baseline,RandomForest,0.9,Tuning,Tuning,0.14,0.86
Baseline,RandomForest,0.9,Tuning,Tuning,0.23,0.77
Baseline,RandomForest,0.9,Tuning,Tuning,0.47,0.53
Baseline,RandomForest,0.9,Tuning,Tuning,0.14,0.86
Baseline,RandomForest,0.9,Defaults,Tuning,0.36,0.64
Baseline,RandomForest,0.9,Tuning,Tuning,0.34,0.66
Baseline,RandomForest,0.9,Defaults,Tuning,0.49,0.51
Baseline,RandomForest,0.9,Tuning,Tuning,0.32,0.68
Baseline,RandomForest,0.9,Tuning,Tuning,0.37,0.63
Baseline,RandomForest,0.9,Tuning,Tuning,0.32,0.68
Baseline,RandomForest,0.9,Tuning,Tuning,0.1,0.9
Baseline,RandomForest,0.9,Defaults,Tuning,0.19,0.81
Baseline,RandomForest,0.9,Defaults,Tuning,0.15,0.85
Baseline,RandomForest,0.9,Tuning,Tuning,0.03,0.97
Baseline,RandomForest,0.9,Tuning,Tuning,0.25,0.75
Baseline,RandomForest,0.9,Tuning,Tuning,0.02,0.98
Baseline,RandomForest,0.9,Tuning,Tuning,0.02,0.98
Baseline,RandomForest,0.9,Tuning,Tuning,0.27,0.73
Baseline,RandomForest,0.9,Tuning,Tuning,0.19,0.81
Baseline,RandomForest,0.9,Tuning,Tuning,0.44,0.56
Baseline,RandomForest,0.9,Tuning,Tuning,0.14,0.86
Baseline,RandomForest,0.9,Defaults,Tuning,0.42,0.58
Baseline,RandomForest,0.9,Tuning,Defaults,0.63,0.37
Baseline,RandomForest,0.9,Tuning,Defaults,0.63,0.37
Baseline,RandomForest,0.9,Tuning,Tuning,0.15,0.85
Baseline,RandomForest,0.9,Tuning,Tuning,0.36,0.64
Baseline,RandomForest,0.9,Defaults,Tuning,0.41,0.59
Baseline,RandomForest,0.9,Tuning,Tuning,0.26,0.74
Baseline,RandomForest,0.9,Tuning,Tuning,0.31,0.69
Baseline,RandomForest,0.9,Tuning,Tuning,0.13,0.87
Baseline,RandomForest,0.9,Defaults,Tuning,0.1,0.9
Baseline,RandomForest,0.9,Tuning,Tuning,0.23,0.77
Baseline,RandomForest,0.9,Tuning,Tuning,0.36,0.64
Baseline,RandomForest,0.9,Tuning,Tuning,0.12,0.88
Baseline,RandomForest,0.9,Defaults,Tuning,0.48,0.52
Baseline,RandomForest,0.9,Defaults,Tuning,0.47,0.53
Baseline,RandomForest,0.9,Tuning,Tuning,0.42,0.58
Baseline,RandomForest,0.9,Tuning,Tuning,0.16,0.84
Baseline,RandomForest,0.9,Tuning,Tuning,0.35,0.65
Baseline,RandomForest,0.9,Defaults,Defaults,0.55,0.45
Baseline,RandomForest,0.9,Defaults,Tuning,0.43,0.57
Baseline,RandomForest,0.9,Defaults,Tuning,0.48,0.52
Baseline,RandomForest,0.9,Tuning,Tuning,0.31,0.69
Baseline,RandomForest,0.9,Defaults,Tuning,0.44,0.56
Baseline,RandomForest,0.9,Tuning,Defaults,0.75,0.25
Baseline,RandomForest,0.9,Tuning,Tuning,0.26,0.74
Baseline,RandomForest,0.9,Defaults,Tuning,0.23,0.77
Baseline,RandomForest,0.9,Defaults,Tuning,0.47,0.53
Baseline,RandomForest,0.9,Tuning,Tuning,0.43,0.57
Baseline,RandomForest,0.9,Tuning,Tuning,0.2,0.8
Baseline,RandomForest,0.9,Defaults,Defaults,0.57,0.43
Baseline,RandomForest,0.9,Tuning,Tuning,0.39,0.61
Baseline,RandomForest,0.9,Tuning,Tuning,0.21,0.79
Baseline,RandomForest,0.9,Tuning,Tuning,0.39,0.61
Baseline,RandomForest,0.9,Tuning,Tuning,0.26,0.74
Baseline,RandomForest,0.95,Tuning,Tuning,0.15,0.85
Baseline,RandomForest,0.95,Tuning,Tuning,0.15,0.85
Baseline,RandomForest,0.95,Defaults,Tuning,0.45,0.55
Baseline,RandomForest,0.95,Tuning,Tuning,0.05,0.95
Baseline,RandomForest,0.95,Tuning,Tuning,0.03,0.97
Baseline,RandomForest,0.95,Tuning,Tuning,0.43,0.57
Baseline,RandomForest,0.95,Tuning,Tuning,0.09,0.91
Baseline,RandomForest,0.95,Defaults,Tuning,0.26,0.74
Baseline,RandomForest,0.95,Defaults,Tuning,0.28,0.72
Baseline,RandomForest,0.95,Tuning,Tuning,0.28,0.72
Baseline,RandomForest,0.95,Tuning,Tuning,0.02,0.98
Baseline,RandomForest,0.95,Defaults,Tuning,0.24,0.76
Baseline,RandomForest,0.95,Tuning,Tuning,0.07,0.93
Baseline,RandomForest,0.95,Tuning,Tuning,0.02,0.98
Baseline,RandomForest,0.95,Tuning,Tuning,0.16,0.84
Baseline,RandomForest,0.95,Tuning,Tuning,0.03,0.97
Baseline,RandomForest,0.95,Defaults,Defaults,0.67,0.33
Baseline,RandomForest,0.95,Tuning,Tuning,0.24,0.76
Baseline,RandomForest,0.95,Defaults,Tuning,0.31,0.69
Baseline,RandomForest,0.95,Tuning,Tuning,0.4,0.6
Baseline,RandomForest,0.95,Tuning,Tuning,0.44,0.56
Baseline,RandomForest,0.95,Defaults,Tuning,0.38,0.62
Baseline,RandomForest,0.95,Tuning,Tuning,0.2,0.8
Baseline,RandomForest,0.95,Tuning,Tuning,0.21,0.79
Baseline,RandomForest,0.95,Tuning,Tuning,0.0,1.0
Baseline,RandomForest,0.95,Tuning,Tuning,0.01,0.99
Baseline,RandomForest,0.95,Tuning,Tuning,0.0,1.0
Baseline,RandomForest,0.95,Tuning,Tuning,0.04,0.96
Baseline,RandomForest,0.95,Tuning,Tuning,0.03,0.97
Baseline,RandomForest,0.95,Tuning,Tuning,0.08,0.92
Baseline,RandomForest,0.95,Tuning,Tuning,0.07,0.93
Baseline,RandomForest,0.95,Tuning,Tuning,0.0,1.0
Baseline,RandomForest,0.95,Defaults,Defaults,0.56,0.44
Baseline,RandomForest,0.95,Defaults,Tuning,0.42,0.58
Baseline,RandomForest,0.95,Tuning,Tuning,0.19,0.81
Baseline,RandomForest,0.95,Tuning,Tuning,0.32,0.68
Baseline,RandomForest,0.95,Tuning,Tuning,0.25,0.75
Baseline,RandomForest,0.95,Defaults,Tuning,0.43,0.57
Baseline,RandomForest,0.95,Tuning,Tuning,0.18,0.82
Baseline,RandomForest,0.95,Defaults,Defaults,0.56,0.44
Baseline,RandomForest,0.95,Tuning,Tuning,0.19,0.81
Baseline,RandomForest,0.95,Tuning,Tuning,0.23,0.77
Baseline,RandomForest,0.95,Tuning,Tuning,0.35,0.65
Baseline,RandomForest,0.95,Tuning,Tuning,0.14,0.86
Baseline,RandomForest,0.95,Tuning,Tuning,0.18,0.82
Baseline,RandomForest,0.95,Tuning,Tuning,0.17,0.83
Baseline,RandomForest,0.95,Tuning,Defaults,0.52,0.48
Baseline,RandomForest,0.95,Tuning,Tuning,0.06,0.94
Baseline,RandomForest,0.95,Tuning,Tuning,0.48,0.52
Baseline,RandomForest,0.95,Tuning,Tuning,0.14,0.86
Baseline,RandomForest,0.95,Defaults,Tuning,0.21,0.79
Baseline,RandomForest,0.95,Tuning,Tuning,0.13,0.87
Baseline,RandomForest,0.95,Tuning,Tuning,0.18,0.82
Baseline,RandomForest,0.95,Defaults,Tuning,0.19,0.81
Baseline,RandomForest,0.95,Tuning,Defaults,0.69,0.31
Baseline,RandomForest,0.95,Tuning,Tuning,0.19,0.81
Baseline,RandomForest,0.95,Tuning,Tuning,0.19,0.81
Baseline,RandomForest,0.95,Tuning,Defaults,0.53,0.47
Baseline,RandomForest,0.95,Tuning,Tuning,0.33,0.67
Baseline,RandomForest,0.95,Tuning,Tuning,0.12,0.88
Baseline,RandomForest,0.95,Tuning,Tuning,0.16,0.84
Baseline,RandomForest,0.95,Tuning,Tuning,0.22,0.78
Baseline,RandomForest,0.95,Tuning,Tuning,0.29,0.71
Baseline,RandomForest,0.95,Defaults,Tuning,0.29,0.71
Baseline,RandomForest,0.95,Tuning,Defaults,0.52,0.48
Baseline,RandomForest,0.95,Defaults,Tuning,0.42,0.58
Baseline,RandomForest,0.95,Tuning,Tuning,0.46,0.54
Baseline,RandomForest,0.95,Tuning,Tuning,0.37,0.63
Baseline,RandomForest,0.95,Tuning,Tuning,0.43,0.57
Baseline,RandomForest,0.95,Tuning,Tuning,0.3,0.7
Baseline,RandomForest,0.95,Tuning,Tuning,0.24,0.76
Baseline,RandomForest,0.95,Defaults,Tuning,0.02,0.98
Baseline,RandomForest,0.95,Tuning,Tuning,0.28,0.72
Baseline,RandomForest,0.95,Defaults,Defaults,0.94,0.06
Baseline,RandomForest,0.95,Defaults,Defaults,0.91,0.09
Baseline,RandomForest,0.95,Defaults,Defaults,0.85,0.15
Baseline,RandomForest,0.95,Defaults,Defaults,0.96,0.04
Baseline,RandomForest,0.95,Tuning,Tuning,0.25,0.75
Baseline,RandomForest,0.95,Tuning,Tuning,0.24,0.76
Baseline,RandomForest,0.95,Tuning,Tuning,0.4,0.6
Baseline,RandomForest,0.95,Defaults,Tuning,0.4,0.6
Baseline,RandomForest,0.95,Defaults,Defaults,0.51,0.49
Baseline,RandomForest,0.95,Defaults,Tuning,0.33,0.67
Baseline,RandomForest,0.95,Defaults,Tuning,0.4,0.6
Baseline,RandomForest,0.95,Tuning,Defaults,0.56,0.44
Baseline,RandomForest,0.95,Tuning,Defaults,0.55,0.45
Baseline,RandomForest,0.95,Defaults,Defaults,0.71,0.29
Baseline,RandomForest,0.95,Tuning,Tuning,0.02,0.98
Baseline,RandomForest,0.95,Defaults,Defaults,0.61,0.39
Baseline,RandomForest,0.95,Tuning,Tuning,0.17,0.83
Baseline,RandomForest,0.95,Tuning,Tuning,0.05,0.95
Baseline,RandomForest,0.95,Defaults,Tuning,0.33,0.67
Baseline,RandomForest,0.95,Tuning,Tuning,0.17,0.83
Baseline,RandomForest,0.95,Defaults,Tuning,0.38,0.62
Baseline,RandomForest,0.95,Tuning,Tuning,0.24,0.76
Baseline,RandomForest,0.95,Tuning,Tuning,0.04,0.96
Baseline,RandomForest,0.95,Tuning,Tuning,0.06,0.94
Baseline,RandomForest,0.95,Defaults,Defaults,0.53,0.47
Baseline,RandomForest,0.95,Tuning,Tuning,0.28,0.72
Baseline,RandomForest,0.95,Tuning,Tuning,0.12,0.88
Baseline,RandomForest,0.95,Tuning,Tuning,0.27,0.73
Baseline,RandomForest,0.95,Defaults,Tuning,0.02,0.98
Baseline,RandomForest,0.95,Tuning,Tuning,0.19,0.81
Baseline,RandomForest,0.95,Tuning,Tuning,0.33,0.67
Baseline,RandomForest,0.95,Tuning,Tuning,0.44,0.56
Baseline,RandomForest,0.95,Tuning,Tuning,0.18,0.82
Baseline,RandomForest,0.95,Tuning,Defaults,0.6,0.4
Baseline,RandomForest,0.95,Tuning,Tuning,0.05,0.95
Baseline,RandomForest,0.95,Tuning,Tuning,0.39,0.61
Baseline,RandomForest,0.95,Defaults,Tuning,0.26,0.74
Baseline,RandomForest,0.95,Tuning,Tuning,0.2,0.8
Baseline,RandomForest,0.95,Tuning,Tuning,0.1,0.9
Baseline,RandomForest,0.95,Tuning,Tuning,0.22,0.78
Baseline,RandomForest,0.95,Tuning,Tuning,0.03,0.97
Baseline,RandomForest,0.95,Tuning,Tuning,0.08,0.92
Baseline,RandomForest,0.95,Tuning,Tuning,0.19,0.81
Baseline,RandomForest,0.95,Tuning,Tuning,0.45,0.55
Baseline,RandomForest,0.95,Tuning,Tuning,0.2,0.8
Baseline,RandomForest,0.95,Defaults,Tuning,0.43,0.57
Baseline,RandomForest,0.95,Tuning,Tuning,0.36,0.64
Baseline,RandomForest,0.95,Defaults,Defaults,0.57,0.43
Baseline,RandomForest,0.95,Tuning,Tuning,0.33,0.67
Baseline,RandomForest,0.95,Tuning,Tuning,0.43,0.57
Baseline,RandomForest,0.95,Tuning,Tuning,0.45,0.55
Baseline,RandomForest,0.95,Tuning,Tuning,0.19,0.81
Baseline,RandomForest,0.95,Defaults,Tuning,0.27,0.73
Baseline,RandomForest,0.95,Defaults,Tuning,0.15,0.85
Baseline,RandomForest,0.95,Tuning,Tuning,0.07,0.93
Baseline,RandomForest,0.95,Tuning,Tuning,0.3,0.7
Baseline,RandomForest,0.95,Tuning,Tuning,0.02,0.98
Baseline,RandomForest,0.95,Tuning,Tuning,0.02,0.98
Baseline,RandomForest,0.95,Tuning,Tuning,0.22,0.78
Baseline,RandomForest,0.95,Tuning,Tuning,0.15,0.85
Baseline,RandomForest,0.95,Tuning,Tuning,0.37,0.63
Baseline,RandomForest,0.95,Tuning,Tuning,0.17,0.83
Baseline,RandomForest,0.95,Defaults,Tuning,0.33,0.67
Baseline,RandomForest,0.95,Tuning,Defaults,0.74,0.26
Baseline,RandomForest,0.95,Tuning,Defaults,0.71,0.29
Baseline,RandomForest,0.95,Tuning,Tuning,0.21,0.79
Baseline,RandomForest,0.95,Tuning,Tuning,0.43,0.57
Baseline,RandomForest,0.95,Defaults,Tuning,0.42,0.58
Baseline,RandomForest,0.95,Tuning,Tuning,0.47,0.53
Baseline,RandomForest,0.95,Tuning,Tuning,0.3,0.7
Baseline,RandomForest,0.95,Tuning,Tuning,0.22,0.78
Baseline,RandomForest,0.95,Defaults,Tuning,0.12,0.88
Baseline,RandomForest,0.95,Tuning,Tuning,0.29,0.71
Baseline,RandomForest,0.95,Tuning,Tuning,0.39,0.61
Baseline,RandomForest,0.95,Tuning,Tuning,0.25,0.75
Baseline,RandomForest,0.95,Defaults,Defaults,0.51,0.49
Baseline,RandomForest,0.95,Defaults,Tuning,0.45,0.55
Baseline,RandomForest,0.95,Tuning,Tuning,0.36,0.64
Baseline,RandomForest,0.95,Tuning,Tuning,0.25,0.75
Baseline,RandomForest,0.95,Tuning,Tuning,0.45,0.55
Baseline,RandomForest,0.95,Defaults,Tuning,0.42,0.58
Baseline,RandomForest,0.95,Defaults,Tuning,0.39,0.61
Baseline,RandomForest,0.95,Defaults,Defaults,0.54,0.46
Baseline,RandomForest,0.95,Tuning,Tuning,0.34,0.66
Baseline,RandomForest,0.95,Defaults,Tuning,0.47,0.53
Baseline,RandomForest,0.95,Tuning,Defaults,0.73,0.27
Baseline,RandomForest,0.95,Tuning,Tuning,0.34,0.66
Baseline,RandomForest,0.95,Defaults,Tuning,0.18,0.82
Baseline,RandomForest,0.95,Defaults,Tuning,0.48,0.52
Baseline,RandomForest,0.95,Tuning,Tuning,0.43,0.57
Baseline,RandomForest,0.95,Tuning,Tuning,0.18,0.82
Baseline,RandomForest,0.95,Defaults,Tuning,0.47,0.53
Baseline,RandomForest,0.95,Tuning,Tuning,0.35,0.65
Baseline,RandomForest,0.95,Tuning,Tuning,0.25,0.75
Baseline,RandomForest,0.95,Tuning,Tuning,0.33,0.67
Baseline,RandomForest,0.95,Tuning,Tuning,0.25,0.75
Baseline,KNN,0.8,Tuning,Tuning,0.4,0.6
Baseline,KNN,0.8,Tuning,Defaults,0.8,0.2
Baseline,KNN,0.8,Defaults,Tuning,0.4,0.6
Baseline,KNN,0.8,Tuning,Tuning,0.0,1.0
Baseline,KNN,0.8,Tuning,Tuning,0.0,1.0
Baseline,KNN,0.8,Tuning,Tuning,0.4,0.6
Baseline,KNN,0.8,Tuning,Tuning,0.0,1.0
Baseline,KNN,0.8,Defaults,Tuning,0.0,1.0
Baseline,KNN,0.8,Defaults,Tuning,0.0,1.0
Baseline,KNN,0.8,Tuning,Tuning,0.4,0.6
Baseline,KNN,0.8,Tuning,Tuning,0.0,1.0
Baseline,KNN,0.8,Defaults,Tuning,0.4,0.6
Baseline,KNN,0.8,Tuning,Tuning,0.2,0.8
Baseline,KNN,0.8,Tuning,Tuning,0.2,0.8
Baseline,KNN,0.8,Tuning,Tuning,0.0,1.0
Baseline,KNN,0.8,Tuning,Tuning,0.0,1.0
Baseline,KNN,0.8,Defaults,Defaults,0.6,0.4
Baseline,KNN,0.8,Tuning,Tuning,0.4,0.6
Baseline,KNN,0.8,Defaults,Defaults,0.6,0.4
Baseline,KNN,0.8,Tuning,Tuning,0.2,0.8
Baseline,KNN,0.8,Tuning,Tuning,0.4,0.6
Baseline,KNN,0.8,Defaults,Defaults,0.8,0.2
Baseline,KNN,0.8,Tuning,Tuning,0.2,0.8
Baseline,KNN,0.8,Tuning,Tuning,0.2,0.8
Baseline,KNN,0.8,Tuning,Tuning,0.2,0.8
Baseline,KNN,0.8,Tuning,Tuning,0.0,1.0
Baseline,KNN,0.8,Tuning,Tuning,0.0,1.0
Baseline,KNN,0.8,Tuning,Tuning,0.0,1.0
Baseline,KNN,0.8,Tuning,Tuning,0.0,1.0
Baseline,KNN,0.8,Tuning,Tuning,0.0,1.0
Baseline,KNN,0.8,Tuning,Tuning,0.0,1.0
Baseline,KNN,0.8,Tuning,Tuning,0.0,1.0
Baseline,KNN,0.8,Defaults,Defaults,0.8,0.2
Baseline,KNN,0.8,Defaults,Tuning,0.4,0.6
Baseline,KNN,0.8,Tuning,Tuning,0.4,0.6
Baseline,KNN,0.8,Tuning,Tuning,0.2,0.8
Baseline,KNN,0.8,Tuning,Tuning,0.4,0.6
Baseline,KNN,0.8,Defaults,Tuning,0.2,0.8
Baseline,KNN,0.8,Tuning,Defaults,0.6,0.4
Baseline,KNN,0.8,Defaults,Defaults,0.6,0.4
Baseline,KNN,0.8,Tuning,Tuning,0.2,0.8
Baseline,KNN,0.8,Tuning,Tuning,0.2,0.8
Baseline,KNN,0.8,Tuning,Tuning,0.4,0.6
Baseline,KNN,0.8,Tuning,Tuning,0.4,0.6
Baseline,KNN,0.8,Tuning,Defaults,0.6,0.4
Baseline,KNN,0.8,Tuning,Defaults,0.6,0.4
Baseline,KNN,0.8,Tuning,Tuning,0.2,0.8
Baseline,KNN,0.8,Tuning,Tuning,0.2,0.8
Baseline,KNN,0.8,Tuning,Tuning,0.2,0.8
Baseline,KNN,0.8,Tuning,Tuning,0.4,0.6
Baseline,KNN,0.8,Defaults,Tuning,0.4,0.6
Baseline,KNN,0.8,Tuning,Tuning,0.2,0.8
Baseline,KNN,0.8,Tuning,Tuning,0.2,0.8
Baseline,KNN,0.8,Defaults,Tuning,0.4,0.6
Baseline,KNN,0.8,Tuning,Defaults,1.0,0.0
Baseline,KNN,0.8,Tuning,Tuning,0.0,1.0
Baseline,KNN,0.8,Tuning,Tuning,0.4,0.6
Baseline,KNN,0.8,Tuning,Defaults,0.6,0.4
Baseline,KNN,0.8,Tuning,Tuning,0.4,0.6
Baseline,KNN,0.8,Tuning,Tuning,0.2,0.8
Baseline,KNN,0.8,Tuning,Tuning,0.0,1.0
Baseline,KNN,0.8,Tuning,Tuning,0.2,0.8
Baseline,KNN,0.8,Tuning,Tuning,0.4,0.6
Baseline,KNN,0.8,Defaults,Defaults,0.6,0.4
Baseline,KNN,0.8,Tuning,Tuning,0.4,0.6
Baseline,KNN,0.8,Defaults,Defaults,0.8,0.2
Baseline,KNN,0.8,Tuning,Tuning,0.2,0.8
Baseline,KNN,0.8,Tuning,Tuning,0.4,0.6
Baseline,KNN,0.8,Tuning,Tuning,0.2,0.8
Baseline,KNN,0.8,Tuning,Tuning,0.2,0.8
Baseline,KNN,0.8,Tuning,Tuning,0.4,0.6
Baseline,KNN,0.8,Defaults,Tuning,0.0,1.0
Baseline,KNN,0.8,Tuning,Tuning,0.2,0.8
Baseline,KNN,0.8,Defaults,Defaults,0.6,0.4
Baseline,KNN,0.8,Defaults,Defaults,0.6,0.4
Baseline,KNN,0.8,Defaults,Defaults,0.6,0.4
Baseline,KNN,0.8,Defaults,Defaults,0.6,0.4
Baseline,KNN,0.8,Tuning,Defaults,0.6,0.4
Baseline,KNN,0.8,Tuning,Defaults,0.6,0.4
Baseline,KNN,0.8,Tuning,Defaults,0.8,0.2
Baseline,KNN,0.8,Defaults,Defaults,0.6,0.4
Baseline,KNN,0.8,Defaults,Defaults,0.6,0.4
Baseline,KNN,0.8,Defaults,Tuning,0.4,0.6
Baseline,KNN,0.8,Defaults,Defaults,0.6,0.4
Baseline,KNN,0.8,Tuning,Defaults,0.8,0.2
Baseline,KNN,0.8,Tuning,Defaults,0.6,0.4
Baseline,KNN,0.8,Defaults,Defaults,1.0,0.0
Baseline,KNN,0.8,Tuning,Tuning,0.0,1.0
Baseline,KNN,0.8,Defaults,Tuning,0.4,0.6
Baseline,KNN,0.8,Tuning,Defaults,0.8,0.2
Baseline,KNN,0.8,Tuning,Tuning,0.2,0.8
Baseline,KNN,0.8,Defaults,Tuning,0.2,0.8
Baseline,KNN,0.8,Tuning,Tuning,0.2,0.8
Baseline,KNN,0.8,Defaults,Tuning,0.2,0.8
Baseline,KNN,0.8,Tuning,Tuning,0.4,0.6
Baseline,KNN,0.8,Tuning,Tuning,0.4,0.6
Baseline,KNN,0.8,Tuning,Tuning,0.2,0.8
Baseline,KNN,0.8,Defaults,Defaults,0.6,0.4
Baseline,KNN,0.8,Tuning,Tuning,0.2,0.8
Baseline,KNN,0.8,Tuning,Tuning,0.4,0.6
Baseline,KNN,0.8,Tuning,Tuning,0.4,0.6
Baseline,KNN,0.8,Defaults,Tuning,0.2,0.8
Baseline,KNN,0.8,Tuning,Tuning,0.4,0.6
Baseline,KNN,0.8,Tuning,Defaults,0.6,0.4
Baseline,KNN,0.8,Tuning,Defaults,0.6,0.4
Baseline,KNN,0.8,Tuning,Tuning,0.2,0.8
Baseline,KNN,0.8,Tuning,Defaults,0.6,0.4
Baseline,KNN,0.8,Tuning,Tuning,0.4,0.6
Baseline,KNN,0.8,Tuning,Tuning,0.4,0.6
Baseline,KNN,0.8,Defaults,Defaults,0.6,0.4
Baseline,KNN,0.8,Tuning,Tuning,0.2,0.8
Baseline,KNN,0.8,Tuning,Tuning,0.0,1.0
Baseline,KNN,0.8,Tuning,Tuning,0.0,1.0
Baseline,KNN,0.8,Tuning,Tuning,0.0,1.0
Baseline,KNN,0.8,Tuning,Tuning,0.2,0.8
Baseline,KNN,0.8,Tuning,Tuning,0.4,0.6
Baseline,KNN,0.8,Tuning,Defaults,0.6,0.4
Baseline,KNN,0.8,Tuning,Tuning,0.0,1.0
Baseline,KNN,0.8,Defaults,Defaults,0.6,0.4
Baseline,KNN,0.8,Tuning,Tuning,0.4,0.6
Baseline,KNN,0.8,Defaults,Defaults,0.8,0.2
Baseline,KNN,0.8,Tuning,Defaults,0.6,0.4
Baseline,KNN,0.8,Tuning,Defaults,0.6,0.4
Baseline,KNN,0.8,Tuning,Defaults,0.8,0.2
Baseline,KNN,0.8,Tuning,Tuning,0.4,0.6
Baseline,KNN,0.8,Defaults,Tuning,0.2,0.8
Baseline,KNN,0.8,Defaults,Tuning,0.2,0.8
Baseline,KNN,0.8,Tuning,Tuning,0.2,0.8
Baseline,KNN,0.8,Tuning,Tuning,0.4,0.6
Baseline,KNN,0.8,Tuning,Tuning,0.2,0.8
Baseline,KNN,0.8,Tuning,Tuning,0.2,0.8
Baseline,KNN,0.8,Tuning,Tuning,0.4,0.6
Baseline,KNN,0.8,Tuning,Tuning,0.4,0.6
Baseline,KNN,0.8,Tuning,Tuning,0.2,0.8
Baseline,KNN,0.8,Tuning,Tuning,0.2,0.8
Baseline,KNN,0.8,Defaults,Tuning,0.0,1.0
Baseline,KNN,0.8,Tuning,Tuning,0.4,0.6
Baseline,KNN,0.8,Tuning,Tuning,0.4,0.6
Baseline,KNN,0.8,Tuning,Tuning,0.4,0.6
Baseline,KNN,0.8,Tuning,Tuning,0.2,0.8
Baseline,KNN,0.8,Defaults,Defaults,0.8,0.2
Baseline,KNN,0.8,Tuning,Tuning,0.4,0.6
Baseline,KNN,0.8,Tuning,Defaults,0.8,0.2
Baseline,KNN,0.8,Tuning,Tuning,0.4,0.6
Baseline,KNN,0.8,Defaults,Tuning,0.2,0.8
Baseline,KNN,0.8,Tuning,Tuning,0.0,1.0
Baseline,KNN,0.8,Tuning,Defaults,0.8,0.2
Baseline,KNN,0.8,Tuning,Tuning,0.4,0.6
Baseline,KNN,0.8,Defaults,Defaults,0.6,0.4
Baseline,KNN,0.8,Defaults,Tuning,0.4,0.6
Baseline,KNN,0.8,Tuning,Tuning,0.4,0.6
Baseline,KNN,0.8,Tuning,Defaults,0.6,0.4
Baseline,KNN,0.8,Tuning,Tuning,0.4,0.6
Baseline,KNN,0.8,Defaults,Tuning,0.4,0.6
Baseline,KNN,0.8,Defaults,Tuning,0.4,0.6
Baseline,KNN,0.8,Defaults,Defaults,0.6,0.4
Baseline,KNN,0.8,Tuning,Tuning,0.4,0.6
Baseline,KNN,0.8,Defaults,Tuning,0.4,0.6
Baseline,KNN,0.8,Tuning,Tuning,0.4,0.6
Baseline,KNN,0.8,Tuning,Tuning,0.2,0.8
Baseline,KNN,0.8,Defaults,Tuning,0.4,0.6
Baseline,KNN,0.8,Defaults,Defaults,0.8,0.2
Baseline,KNN,0.8,Tuning,Tuning,0.4,0.6
Baseline,KNN,0.8,Tuning,Tuning,0.0,1.0
Baseline,KNN,0.8,Defaults,Tuning,0.4,0.6
Baseline,KNN,0.8,Tuning,Defaults,0.6,0.4
Baseline,KNN,0.8,Tuning,Tuning,0.4,0.6
Baseline,KNN,0.8,Tuning,Tuning,0.2,0.8
Baseline,KNN,0.8,Tuning,Tuning,0.2,0.8
Baseline,KNN,0.85,Tuning,Tuning,0.4,0.6
Baseline,KNN,0.85,Tuning,Defaults,0.8,0.2
Baseline,KNN,0.85,Defaults,Tuning,0.4,0.6
Baseline,KNN,0.85,Tuning,Tuning,0.0,1.0
Baseline,KNN,0.85,Tuning,Tuning,0.0,1.0
Baseline,KNN,0.85,Tuning,Defaults,0.6,0.4
Baseline,KNN,0.85,Tuning,Tuning,0.0,1.0
Baseline,KNN,0.85,Defaults,Tuning,0.0,1.0
Baseline,KNN,0.85,Defaults,Tuning,0.0,1.0
Baseline,KNN,0.85,Tuning,Tuning,0.4,0.6
Baseline,KNN,0.85,Tuning,Tuning,0.0,1.0
Baseline,KNN,0.85,Defaults,Tuning,0.4,0.6
Baseline,KNN,0.85,Tuning,Tuning,0.2,0.8
Baseline,KNN,0.85,Tuning,Tuning,0.2,0.8
Baseline,KNN,0.85,Tuning,Tuning,0.0,1.0
Baseline,KNN,0.85,Tuning,Tuning,0.0,1.0
Baseline,KNN,0.85,Defaults,Defaults,0.6,0.4
Baseline,KNN,0.85,Tuning,Tuning,0.4,0.6
Baseline,KNN,0.85,Defaults,Defaults,0.6,0.4
Baseline,KNN,0.85,Tuning,Tuning,0.2,0.8
Baseline,KNN,0.85,Tuning,Defaults,0.6,0.4
Baseline,KNN,0.85,Defaults,Defaults,0.6,0.4
Baseline,KNN,0.85,Tuning,Tuning,0.2,0.8
Baseline,KNN,0.85,Tuning,Tuning,0.4,0.6
Baseline,KNN,0.85,Tuning,Tuning,0.2,0.8
Baseline,KNN,0.85,Tuning,Tuning,0.0,1.0
Baseline,KNN,0.85,Tuning,Tuning,0.0,1.0
Baseline,KNN,0.85,Tuning,Tuning,0.2,0.8
Baseline,KNN,0.85,Tuning,Tuning,0.0,1.0
Baseline,KNN,0.85,Tuning,Tuning,0.0,1.0
Baseline,KNN,0.85,Tuning,Tuning,0.0,1.0
Baseline,KNN,0.85,Tuning,Tuning,0.0,1.0
Baseline,KNN,0.85,Defaults,Defaults,0.8,0.2
Baseline,KNN,0.85,Defaults,Tuning,0.4,0.6
Baseline,KNN,0.85,Tuning,Tuning,0.4,0.6
Baseline,KNN,0.85,Tuning,Tuning,0.2,0.8
Baseline,KNN,0.85,Tuning,Defaults,0.6,0.4
Baseline,KNN,0.85,Defaults,Tuning,0.4,0.6
Baseline,KNN,0.85,Tuning,Defaults,0.6,0.4
Baseline,KNN,0.85,Defaults,Defaults,0.6,0.4
Baseline,KNN,0.85,Tuning,Tuning,0.2,0.8
Baseline,KNN,0.85,Tuning,Tuning,0.2,0.8
Baseline,KNN,0.85,Tuning,Tuning,0.4,0.6
Baseline,KNN,0.85,Tuning,Tuning,0.4,0.6
Baseline,KNN,0.85,Tuning,Defaults,0.6,0.4
Baseline,KNN,0.85,Tuning,Defaults,0.6,0.4
Baseline,KNN,0.85,Tuning,Tuning,0.4,0.6
Baseline,KNN,0.85,Tuning,Tuning,0.0,1.0
Baseline,KNN,0.85,Tuning,Tuning,0.4,0.6
Baseline,KNN,0.85,Tuning,Tuning,0.2,0.8
Baseline,KNN,0.85,Defaults,Tuning,0.4,0.6
Baseline,KNN,0.85,Tuning,Tuning,0.2,0.8
Baseline,KNN,0.85,Tuning,Tuning,0.2,0.8
Baseline,KNN,0.85,Defaults,Tuning,0.4,0.6
Baseline,KNN,0.85,Tuning,Defaults,1.0,0.0
Baseline,KNN,0.85,Tuning,Tuning,0.2,0.8
Baseline,KNN,0.85,Tuning,Tuning,0.4,0.6
Baseline,KNN,0.85,Tuning,Defaults,0.6,0.4
Baseline,KNN,0.85,Tuning,Tuning,0.4,0.6
Baseline,KNN,0.85,Tuning,Tuning,0.2,0.8
Baseline,KNN,0.85,Tuning,Tuning,0.0,1.0
Baseline,KNN,0.85,Tuning,Tuning,0.2,0.8
Baseline,KNN,0.85,Tuning,Tuning,0.0,1.0
Baseline,KNN,0.85,Defaults,Defaults,0.6,0.4
Baseline,KNN,0.85,Tuning,Tuning,0.4,0.6
Baseline,KNN,0.85,Defaults,Defaults,0.8,0.2
Baseline,KNN,0.85,Tuning,Tuning,0.2,0.8
Baseline,KNN,0.85,Tuning,Defaults,0.6,0.4
Baseline,KNN,0.85,Tuning,Tuning,0.4,0.6
Baseline,KNN,0.85,Tuning,Tuning,0.2,0.8
Baseline,KNN,0.85,Tuning,Tuning,0.4,0.6
Baseline,KNN,0.85,Defaults,Tuning,0.0,1.0
Baseline,KNN,0.85,Tuning,Tuning,0.2,0.8
Baseline,KNN,0.85,Defaults,Defaults,0.6,0.4
Baseline,KNN,0.85,Defaults,Defaults,0.6,0.4
Baseline,KNN,0.85,Defaults,Defaults,0.6,0.4
Baseline,KNN,0.85,Defaults,Defaults,0.6,0.4
Baseline,KNN,0.85,Tuning,Defaults,0.6,0.4
Baseline,KNN,0.85,Tuning,Defaults,0.6,0.4
Baseline,KNN,0.85,Tuning,Defaults,0.8,0.2
Baseline,KNN,0.85,Defaults,Defaults,0.6,0.4
Baseline,KNN,0.85,Defaults,Defaults,0.6,0.4
Baseline,KNN,0.85,Defaults,Tuning,0.4,0.6
Baseline,KNN,0.85,Defaults,Defaults,0.6,0.4
Baseline,KNN,0.85,Tuning,Defaults,0.8,0.2
Baseline,KNN,0.85,Tuning,Defaults,0.6,0.4
Baseline,KNN,0.85,Defaults,Defaults,0.8,0.2
Baseline,KNN,0.85,Tuning,Tuning,0.0,1.0
Baseline,KNN,0.85,Defaults,Tuning,0.4,0.6
Baseline,KNN,0.85,Tuning,Defaults,0.8,0.2
Baseline,KNN,0.85,Tuning,Tuning,0.0,1.0
Baseline,KNN,0.85,Defaults,Tuning,0.2,0.8
Baseline,KNN,0.85,Tuning,Tuning,0.2,0.8
Baseline,KNN,0.85,Defaults,Tuning,0.2,0.8
Baseline,KNN,0.85,Tuning,Tuning,0.4,0.6
Baseline,KNN,0.85,Tuning,Tuning,0.4,0.6
Baseline,KNN,0.85,Tuning,Tuning,0.2,0.8
Baseline,KNN,0.85,Defaults,Defaults,0.6,0.4
Baseline,KNN,0.85,Tuning,Tuning,0.0,1.0
Baseline,KNN,0.85,Tuning,Tuning,0.4,0.6
Baseline,KNN,0.85,Tuning,Tuning,0.2,0.8
Baseline,KNN,0.85,Defaults,Tuning,0.2,0.8
Baseline,KNN,0.85,Tuning,Tuning,0.2,0.8
Baseline,KNN,0.85,Tuning,Defaults,0.6,0.4
Baseline,KNN,0.85,Tuning,Defaults,0.6,0.4
Baseline,KNN,0.85,Tuning,Tuning,0.2,0.8
Baseline,KNN,0.85,Tuning,Defaults,0.6,0.4
Baseline,KNN,0.85,Tuning,Tuning,0.4,0.6
Baseline,KNN,0.85,Tuning,Tuning,0.4,0.6
Baseline,KNN,0.85,Defaults,Tuning,0.4,0.6
Baseline,KNN,0.85,Tuning,Tuning,0.2,0.8
Baseline,KNN,0.85,Tuning,Tuning,0.0,1.0
Baseline,KNN,0.85,Tuning,Tuning,0.0,1.0
Baseline,KNN,0.85,Tuning,Tuning,0.0,1.0
Baseline,KNN,0.85,Tuning,Tuning,0.2,0.8
Baseline,KNN,0.85,Tuning,Tuning,0.4,0.6
Baseline,KNN,0.85,Tuning,Defaults,0.6,0.4
Baseline,KNN,0.85,Tuning,Tuning,0.0,1.0
Baseline,KNN,0.85,Defaults,Defaults,0.6,0.4
Baseline,KNN,0.85,Tuning,Tuning,0.4,0.6
Baseline,KNN,0.85,Defaults,Defaults,0.8,0.2
Baseline,KNN,0.85,Tuning,Defaults,0.6,0.4
Baseline,KNN,0.85,Tuning,Defaults,0.6,0.4
Baseline,KNN,0.85,Tuning,Tuning,0.4,0.6
Baseline,KNN,0.85,Tuning,Tuning,0.4,0.6
Baseline,KNN,0.85,Defaults,Tuning,0.2,0.8
Baseline,KNN,0.85,Defaults,Tuning,0.2,0.8
Baseline,KNN,0.85,Tuning,Tuning,0.2,0.8
Baseline,KNN,0.85,Tuning,Defaults,0.6,0.4
Baseline,KNN,0.85,Tuning,Tuning,0.2,0.8
Baseline,KNN,0.85,Tuning,Tuning,0.2,0.8
Baseline,KNN,0.85,Tuning,Tuning,0.4,0.6
Baseline,KNN,0.85,Tuning,Tuning,0.4,0.6
Baseline,KNN,0.85,Tuning,Tuning,0.2,0.8
Baseline,KNN,0.85,Tuning,Tuning,0.2,0.8
Baseline,KNN,0.85,Defaults,Tuning,0.2,0.8
Baseline,KNN,0.85,Tuning,Tuning,0.4,0.6
Baseline,KNN,0.85,Tuning,Tuning,0.4,0.6
Baseline,KNN,0.85,Tuning,Tuning,0.0,1.0
Baseline,KNN,0.85,Tuning,Tuning,0.2,0.8
Baseline,KNN,0.85,Defaults,Defaults,0.8,0.2
Baseline,KNN,0.85,Tuning,Tuning,0.2,0.8
Baseline,KNN,0.85,Tuning,Defaults,0.8,0.2
Baseline,KNN,0.85,Tuning,Tuning,0.2,0.8
Baseline,KNN,0.85,Defaults,Tuning,0.2,0.8
Baseline,KNN,0.85,Tuning,Tuning,0.0,1.0
Baseline,KNN,0.85,Tuning,Defaults,0.6,0.4
Baseline,KNN,0.85,Tuning,Tuning,0.4,0.6
Baseline,KNN,0.85,Defaults,Defaults,0.6,0.4
Baseline,KNN,0.85,Defaults,Tuning,0.4,0.6
Baseline,KNN,0.85,Tuning,Defaults,0.6,0.4
Baseline,KNN,0.85,Tuning,Defaults,0.6,0.4
Baseline,KNN,0.85,Tuning,Tuning,0.4,0.6
Baseline,KNN,0.85,Defaults,Tuning,0.2,0.8
Baseline,KNN,0.85,Defaults,Tuning,0.4,0.6
Baseline,KNN,0.85,Defaults,Defaults,0.6,0.4
Baseline,KNN,0.85,Tuning,Tuning,0.2,0.8
Baseline,KNN,0.85,Defaults,Tuning,0.4,0.6
Baseline,KNN,0.85,Tuning,Tuning,0.4,0.6
Baseline,KNN,0.85,Tuning,Tuning,0.2,0.8
Baseline,KNN,0.85,Defaults,Tuning,0.4,0.6
Baseline,KNN,0.85,Defaults,Defaults,0.8,0.2
Baseline,KNN,0.85,Tuning,Tuning,0.4,0.6
Baseline,KNN,0.85,Tuning,Tuning,0.2,0.8
Baseline,KNN,0.85,Defaults,Defaults,0.6,0.4
Baseline,KNN,0.85,Tuning,Defaults,0.6,0.4
Baseline,KNN,0.85,Tuning,Tuning,0.4,0.6
Baseline,KNN,0.85,Tuning,Tuning,0.2,0.8
Baseline,KNN,0.85,Tuning,Tuning,0.2,0.8
Baseline,KNN,0.9,Tuning,Tuning,0.0,1.0
Baseline,KNN,0.9,Tuning,Defaults,0.6,0.4
Baseline,KNN,0.9,Defaults,Defaults,0.6,0.4
Baseline,KNN,0.9,Tuning,Tuning,0.0,1.0
Baseline,KNN,0.9,Tuning,Tuning,0.0,1.0
Baseline,KNN,0.9,Tuning,Defaults,0.6,0.4
Baseline,KNN,0.9,Tuning,Tuning,0.0,1.0
Baseline,KNN,0.9,Defaults,Tuning,0.0,1.0
Baseline,KNN,0.9,Defaults,Tuning,0.0,1.0
Baseline,KNN,0.9,Tuning,Tuning,0.4,0.6
Baseline,KNN,0.9,Tuning,Tuning,0.0,1.0
Baseline,KNN,0.9,Defaults,Tuning,0.4,0.6
Baseline,KNN,0.9,Tuning,Tuning,0.2,0.8
Baseline,KNN,0.9,Tuning,Tuning,0.0,1.0
Baseline,KNN,0.9,Tuning,Tuning,0.0,1.0
Baseline,KNN,0.9,Tuning,Tuning,0.0,1.0
Baseline,KNN,0.9,Defaults,Defaults,0.6,0.4
Baseline,KNN,0.9,Tuning,Tuning,0.4,0.6
Baseline,KNN,0.9,Defaults,Tuning,0.4,0.6
Baseline,KNN,0.9,Tuning,Tuning,0.2,0.8
Baseline,KNN,0.9,Tuning,Defaults,0.6,0.4
Baseline,KNN,0.9,Defaults,Defaults,0.6,0.4
Baseline,KNN,0.9,Tuning,Tuning,0.2,0.8
Baseline,KNN,0.9,Tuning,Tuning,0.2,0.8
Baseline,KNN,0.9,Tuning,Tuning,0.2,0.8
Baseline,KNN,0.9,Tuning,Tuning,0.0,1.0
Baseline,KNN,0.9,Tuning,Tuning,0.0,1.0
Baseline,KNN,0.9,Tuning,Tuning,0.2,0.8
Baseline,KNN,0.9,Tuning,Tuning,0.0,1.0
Baseline,KNN,0.9,Tuning,Tuning,0.0,1.0
Baseline,KNN,0.9,Tuning,Tuning,0.0,1.0
Baseline,KNN,0.9,Tuning,Tuning,0.0,1.0
Baseline,KNN,0.9,Defaults,Defaults,0.8,0.2
Baseline,KNN,0.9,Defaults,Tuning,0.4,0.6
Baseline,KNN,0.9,Tuning,Tuning,0.4,0.6
Baseline,KNN,0.9,Tuning,Tuning,0.2,0.8
Baseline,KNN,0.9,Tuning,Tuning,0.4,0.6
Baseline,KNN,0.9,Defaults,Tuning,0.4,0.6
Baseline,KNN,0.9,Tuning,Defaults,0.6,0.4
Baseline,KNN,0.9,Defaults,Defaults,0.6,0.4
Baseline,KNN,0.9,Tuning,Tuning,0.4,0.6
Baseline,KNN,0.9,Tuning,Tuning,0.2,0.8
Baseline,KNN,0.9,Tuning,Defaults,0.6,0.4
Baseline,KNN,0.9,Tuning,Tuning,0.4,0.6
Baseline,KNN,0.9,Tuning,Defaults,0.6,0.4
Baseline,KNN,0.9,Tuning,Tuning,0.4,0.6
Baseline,KNN,0.9,Tuning,Tuning,0.4,0.6
Baseline,KNN,0.9,Tuning,Tuning,0.0,1.0
Baseline,KNN,0.9,Tuning,Tuning,0.4,0.6
Baseline,KNN,0.9,Tuning,Tuning,0.2,0.8
Baseline,KNN,0.9,Defaults,Defaults,0.6,0.4
Baseline,KNN,0.9,Tuning,Tuning,0.2,0.8
Baseline,KNN,0.9,Tuning,Tuning,0.2,0.8
Baseline,KNN,0.9,Defaults,Tuning,0.2,0.8
Baseline,KNN,0.9,Tuning,Defaults,1.0,0.0
Baseline,KNN,0.9,Tuning,Tuning,0.0,1.0
Baseline,KNN,0.9,Tuning,Tuning,0.4,0.6
Baseline,KNN,0.9,Tuning,Defaults,0.6,0.4
Baseline,KNN,0.9,Tuning,Tuning,0.4,0.6
Baseline,KNN,0.9,Tuning,Tuning,0.2,0.8
Baseline,KNN,0.9,Tuning,Tuning,0.0,1.0
Baseline,KNN,0.9,Tuning,Tuning,0.2,0.8
Baseline,KNN,0.9,Tuning,Tuning,0.2,0.8
Baseline,KNN,0.9,Defaults,Defaults,0.6,0.4
Baseline,KNN,0.9,Tuning,Tuning,0.4,0.6
Baseline,KNN,0.9,Defaults,Defaults,0.8,0.2
Baseline,KNN,0.9,Tuning,Tuning,0.2,0.8
Baseline,KNN,0.9,Tuning,Defaults,0.6,0.4
Baseline,KNN,0.9,Tuning,Tuning,0.4,0.6
Baseline,KNN,0.9,Tuning,Tuning,0.2,0.8
Baseline,KNN,0.9,Tuning,Tuning,0.2,0.8
Baseline,KNN,0.9,Defaults,Tuning,0.0,1.0
Baseline,KNN,0.9,Tuning,Tuning,0.2,0.8
Baseline,KNN,0.9,Defaults,Defaults,0.6,0.4
Baseline,KNN,0.9,Defaults,Defaults,0.6,0.4
Baseline,KNN,0.9,Defaults,Defaults,0.6,0.4
Baseline,KNN,0.9,Defaults,Defaults,0.6,0.4
Baseline,KNN,0.9,Tuning,Defaults,0.6,0.4
Baseline,KNN,0.9,Tuning,Defaults,0.6,0.4
Baseline,KNN,0.9,Tuning,Defaults,0.6,0.4
Baseline,KNN,0.9,Defaults,Defaults,0.6,0.4
Baseline,KNN,0.9,Defaults,Defaults,0.6,0.4
Baseline,KNN,0.9,Defaults,Defaults,0.6,0.4
Baseline,KNN,0.9,Defaults,Defaults,0.6,0.4
Baseline,KNN,0.9,Tuning,Defaults,0.8,0.2
Baseline,KNN,0.9,Tuning,Defaults,0.6,0.4
Baseline,KNN,0.9,Defaults,Defaults,1.0,0.0
Baseline,KNN,0.9,Tuning,Tuning,0.0,1.0
Baseline,KNN,0.9,Defaults,Defaults,0.6,0.4
Baseline,KNN,0.9,Tuning,Defaults,0.6,0.4
Baseline,KNN,0.9,Tuning,Tuning,0.0,1.0
Baseline,KNN,0.9,Defaults,Tuning,0.2,0.8
Baseline,KNN,0.9,Tuning,Tuning,0.2,0.8
Baseline,KNN,0.9,Defaults,Tuning,0.2,0.8
Baseline,KNN,0.9,Tuning,Tuning,0.4,0.6
Baseline,KNN,0.9,Tuning,Tuning,0.4,0.6
Baseline,KNN,0.9,Tuning,Tuning,0.0,1.0
Baseline,KNN,0.9,Defaults,Defaults,0.6,0.4
Baseline,KNN,0.9,Tuning,Tuning,0.0,1.0
Baseline,KNN,0.9,Tuning,Tuning,0.4,0.6
Baseline,KNN,0.9,Tuning,Tuning,0.2,0.8
Baseline,KNN,0.9,Defaults,Tuning,0.2,0.8
Baseline,KNN,0.9,Tuning,Tuning,0.2,0.8
Baseline,KNN,0.9,Tuning,Defaults,0.6,0.4
Baseline,KNN,0.9,Tuning,Defaults,0.8,0.2
Baseline,KNN,0.9,Tuning,Tuning,0.2,0.8
Baseline,KNN,0.9,Tuning,Defaults,0.6,0.4
Baseline,KNN,0.9,Tuning,Tuning,0.4,0.6
Baseline,KNN,0.9,Tuning,Tuning,0.2,0.8
Baseline,KNN,0.9,Defaults,Tuning,0.4,0.6
Baseline,KNN,0.9,Tuning,Tuning,0.2,0.8
Baseline,KNN,0.9,Tuning,Tuning,0.0,1.0
Baseline,KNN,0.9,Tuning,Tuning,0.0,1.0
Baseline,KNN,0.9,Tuning,Tuning,0.0,1.0
Baseline,KNN,0.9,Tuning,Tuning,0.2,0.8
Baseline,KNN,0.9,Tuning,Tuning,0.4,0.6
Baseline,KNN,0.9,Tuning,Defaults,0.6,0.4
Baseline,KNN,0.9,Tuning,Tuning,0.0,1.0
Baseline,KNN,0.9,Defaults,Defaults,0.6,0.4
Baseline,KNN,0.9,Tuning,Tuning,0.2,0.8
Baseline,KNN,0.9,Defaults,Defaults,0.8,0.2
Baseline,KNN,0.9,Tuning,Tuning,0.4,0.6
Baseline,KNN,0.9,Tuning,Defaults,0.6,0.4
Baseline,KNN,0.9,Tuning,Tuning,0.4,0.6
Baseline,KNN,0.9,Tuning,Tuning,0.4,0.6
Baseline,KNN,0.9,Defaults,Tuning,0.2,0.8
Baseline,KNN,0.9,Defaults,Tuning,0.2,0.8
Baseline,KNN,0.9,Tuning,Tuning,0.2,0.8
Baseline,KNN,0.9,Tuning,Defaults,0.6,0.4
Baseline,KNN,0.9,Tuning,Tuning,0.2,0.8
Baseline,KNN,0.9,Tuning,Tuning,0.2,0.8
Baseline,KNN,0.9,Tuning,Tuning,0.4,0.6
Baseline,KNN,0.9,Tuning,Tuning,0.4,0.6
Baseline,KNN,0.9,Tuning,Tuning,0.2,0.8
Baseline,KNN,0.9,Tuning,Tuning,0.2,0.8
Baseline,KNN,0.9,Defaults,Tuning,0.2,0.8
Baseline,KNN,0.9,Tuning,Tuning,0.4,0.6
Baseline,KNN,0.9,Tuning,Tuning,0.4,0.6
Baseline,KNN,0.9,Tuning,Tuning,0.0,1.0
Baseline,KNN,0.9,Tuning,Tuning,0.4,0.6
Baseline,KNN,0.9,Defaults,Defaults,0.8,0.2
Baseline,KNN,0.9,Tuning,Tuning,0.2,0.8
Baseline,KNN,0.9,Tuning,Defaults,1.0,0.0
Baseline,KNN,0.9,Tuning,Tuning,0.2,0.8
Baseline,KNN,0.9,Defaults,Tuning,0.2,0.8
Baseline,KNN,0.9,Tuning,Tuning,0.0,1.0
Baseline,KNN,0.9,Tuning,Defaults,0.6,0.4
Baseline,KNN,0.9,Tuning,Tuning,0.2,0.8
Baseline,KNN,0.9,Defaults,Tuning,0.4,0.6
Baseline,KNN,0.9,Defaults,Tuning,0.4,0.6
Baseline,KNN,0.9,Tuning,Defaults,0.6,0.4
Baseline,KNN,0.9,Tuning,Defaults,0.6,0.4
Baseline,KNN,0.9,Tuning,Tuning,0.4,0.6
Baseline,KNN,0.9,Defaults,Tuning,0.2,0.8
Baseline,KNN,0.9,Defaults,Tuning,0.4,0.6
Baseline,KNN,0.9,Defaults,Defaults,0.6,0.4
Baseline,KNN,0.9,Tuning,Tuning,0.4,0.6
Baseline,KNN,0.9,Defaults,Tuning,0.4,0.6
Baseline,KNN,0.9,Tuning,Tuning,0.4,0.6
Baseline,KNN,0.9,Tuning,Tuning,0.2,0.8
Baseline,KNN,0.9,Defaults,Tuning,0.4,0.6
Baseline,KNN,0.9,Defaults,Defaults,0.8,0.2
Baseline,KNN,0.9,Tuning,Tuning,0.4,0.6
Baseline,KNN,0.9,Tuning,Tuning,0.2,0.8
Baseline,KNN,0.9,Defaults,Defaults,0.6,0.4
Baseline,KNN,0.9,Tuning,Defaults,0.6,0.4
Baseline,KNN,0.9,Tuning,Tuning,0.4,0.6
Baseline,KNN,0.9,Tuning,Tuning,0.2,0.8
Baseline,KNN,0.9,Tuning,Tuning,0.0,1.0
Baseline,KNN,0.95,Tuning,Tuning,0.0,1.0
Baseline,KNN,0.95,Tuning,Defaults,0.6,0.4
Baseline,KNN,0.95,Defaults,Defaults,0.6,0.4
Baseline,KNN,0.95,Tuning,Tuning,0.0,1.0
Baseline,KNN,0.95,Tuning,Tuning,0.0,1.0
Baseline,KNN,0.95,Tuning,Defaults,1.0,0.0
Baseline,KNN,0.95,Tuning,Tuning,0.0,1.0
Baseline,KNN,0.95,Defaults,Tuning,0.0,1.0
Baseline,KNN,0.95,Defaults,Tuning,0.0,1.0
Baseline,KNN,0.95,Tuning,Tuning,0.4,0.6
Baseline,KNN,0.95,Tuning,Tuning,0.0,1.0
Baseline,KNN,0.95,Defaults,Tuning,0.4,0.6
Baseline,KNN,0.95,Tuning,Tuning,0.2,0.8
Baseline,KNN,0.95,Tuning,Tuning,0.0,1.0
Baseline,KNN,0.95,Tuning,Tuning,0.0,1.0
Baseline,KNN,0.95,Tuning,Tuning,0.0,1.0
Baseline,KNN,0.95,Defaults,Defaults,0.6,0.4
Baseline,KNN,0.95,Tuning,Tuning,0.2,0.8
Baseline,KNN,0.95,Defaults,Tuning,0.4,0.6
Baseline,KNN,0.95,Tuning,Tuning,0.4,0.6
Baseline,KNN,0.95,Tuning,Defaults,0.6,0.4
Baseline,KNN,0.95,Defaults,Defaults,0.6,0.4
Baseline,KNN,0.95,Tuning,Tuning,0.2,0.8
Baseline,KNN,0.95,Tuning,Tuning,0.4,0.6
Baseline,KNN,0.95,Tuning,Tuning,0.2,0.8
Baseline,KNN,0.95,Tuning,Tuning,0.0,1.0
Baseline,KNN,0.95,Tuning,Tuning,0.0,1.0
Baseline,KNN,0.95,Tuning,Tuning,0.2,0.8
Baseline,KNN,0.95,Tuning,Tuning,0.0,1.0
Baseline,KNN,0.95,Tuning,Tuning,0.0,1.0
Baseline,KNN,0.95,Tuning,Tuning,0.0,1.0
Baseline,KNN,0.95,Tuning,Tuning,0.0,1.0
Baseline,KNN,0.95,Defaults,Defaults,0.8,0.2
Baseline,KNN,0.95,Defaults,Tuning,0.4,0.6
Baseline,KNN,0.95,Tuning,Tuning,0.4,0.6
Baseline,KNN,0.95,Tuning,Tuning,0.2,0.8
Baseline,KNN,0.95,Tuning,Tuning,0.4,0.6
Baseline,KNN,0.95,Defaults,Tuning,0.4,0.6
Baseline,KNN,0.95,Tuning,Defaults,0.6,0.4
Baseline,KNN,0.95,Defaults,Defaults,0.6,0.4
Baseline,KNN,0.95,Tuning,Tuning,0.4,0.6
Baseline,KNN,0.95,Tuning,Tuning,0.2,0.8
Baseline,KNN,0.95,Tuning,Defaults,0.6,0.4
Baseline,KNN,0.95,Tuning,Tuning,0.4,0.6
Baseline,KNN,0.95,Tuning,Defaults,0.6,0.4
Baseline,KNN,0.95,Tuning,Defaults,0.6,0.4
Baseline,KNN,0.95,Tuning,Tuning,0.4,0.6
Baseline,KNN,0.95,Tuning,Tuning,0.0,1.0
Baseline,KNN,0.95,Tuning,Tuning,0.4,0.6
Baseline,KNN,0.95,Tuning,Tuning,0.2,0.8
Baseline,KNN,0.95,Defaults,Tuning,0.4,0.6
Baseline,KNN,0.95,Tuning,Tuning,0.2,0.8
Baseline,KNN,0.95,Tuning,Tuning,0.2,0.8
Baseline,KNN,0.95,Defaults,Tuning,0.2,0.8
Baseline,KNN,0.95,Tuning,Defaults,0.8,0.2
Baseline,KNN,0.95,Tuning,Tuning,0.4,0.6
Baseline,KNN,0.95,Tuning,Defaults,0.6,0.4
Baseline,KNN,0.95,Tuning,Tuning,0.4,0.6
Baseline,KNN,0.95,Tuning,Tuning,0.4,0.6
Baseline,KNN,0.95,Tuning,Tuning,0.2,0.8
Baseline,KNN,0.95,Tuning,Tuning,0.0,1.0
Baseline,KNN,0.95,Tuning,Tuning,0.4,0.6
Baseline,KNN,0.95,Tuning,Tuning,0.0,1.0
Baseline,KNN,0.95,Defaults,Defaults,0.6,0.4
Baseline,KNN,0.95,Tuning,Tuning,0.4,0.6
Baseline,KNN,0.95,Defaults,Defaults,0.8,0.2
Baseline,KNN,0.95,Tuning,Tuning,0.4,0.6
Baseline,KNN,0.95,Tuning,Defaults,0.6,0.4
Baseline,KNN,0.95,Tuning,Tuning,0.4,0.6
Baseline,KNN,0.95,Tuning,Tuning,0.2,0.8
Baseline,KNN,0.95,Tuning,Tuning,0.2,0.8
Baseline,KNN,0.95,Defaults,Tuning,0.0,1.0
Baseline,KNN,0.95,Tuning,Tuning,0.2,0.8
Baseline,KNN,0.95,Defaults,Defaults,0.6,0.4
Baseline,KNN,0.95,Defaults,Defaults,0.6,0.4
Baseline,KNN,0.95,Defaults,Defaults,0.6,0.4
Baseline,KNN,0.95,Defaults,Defaults,0.6,0.4
Baseline,KNN,0.95,Tuning,Defaults,0.8,0.2
Baseline,KNN,0.95,Tuning,Defaults,0.8,0.2
Baseline,KNN,0.95,Tuning,Defaults,0.6,0.4
Baseline,KNN,0.95,Defaults,Defaults,0.6,0.4
Baseline,KNN,0.95,Defaults,Defaults,0.8,0.2
Baseline,KNN,0.95,Defaults,Defaults,0.6,0.4
Baseline,KNN,0.95,Defaults,Defaults,0.6,0.4
Baseline,KNN,0.95,Tuning,Defaults,0.8,0.2
Baseline,KNN,0.95,Tuning,Defaults,0.6,0.4
Baseline,KNN,0.95,Defaults,Defaults,1.0,0.0
Baseline,KNN,0.95,Tuning,Tuning,0.0,1.0
Baseline,KNN,0.95,Defaults,Defaults,0.6,0.4
Baseline,KNN,0.95,Tuning,Defaults,0.8,0.2
Baseline,KNN,0.95,Tuning,Tuning,0.0,1.0
Baseline,KNN,0.95,Defaults,Tuning,0.2,0.8
Baseline,KNN,0.95,Tuning,Tuning,0.2,0.8
Baseline,KNN,0.95,Defaults,Tuning,0.2,0.8
Baseline,KNN,0.95,Tuning,Tuning,0.4,0.6
Baseline,KNN,0.95,Tuning,Tuning,0.4,0.6
Baseline,KNN,0.95,Tuning,Tuning,0.0,1.0
Baseline,KNN,0.95,Defaults,Defaults,0.6,0.4
Baseline,KNN,0.95,Tuning,Tuning,0.0,1.0
Baseline,KNN,0.95,Tuning,Tuning,0.4,0.6
Baseline,KNN,0.95,Tuning,Tuning,0.4,0.6
Baseline,KNN,0.95,Defaults,Tuning,0.2,0.8
Baseline,KNN,0.95,Tuning,Tuning,0.2,0.8
Baseline,KNN,0.95,Tuning,Defaults,0.8,0.2
Baseline,KNN,0.95,Tuning,Defaults,0.8,0.2
Baseline,KNN,0.95,Tuning,Tuning,0.2,0.8
Baseline,KNN,0.95,Tuning,Defaults,0.6,0.4
Baseline,KNN,0.95,Tuning,Tuning,0.4,0.6
Baseline,KNN,0.95,Tuning,Tuning,0.2,0.8
Baseline,KNN,0.95,Defaults,Tuning,0.4,0.6
Baseline,KNN,0.95,Tuning,Tuning,0.2,0.8
Baseline,KNN,0.95,Tuning,Tuning,0.0,1.0
Baseline,KNN,0.95,Tuning,Defaults,0.6,0.4
Baseline,KNN,0.95,Tuning,Tuning,0.0,1.0
Baseline,KNN,0.95,Tuning,Tuning,0.2,0.8
Baseline,KNN,0.95,Tuning,Tuning,0.4,0.6
Baseline,KNN,0.95,Tuning,Defaults,0.6,0.4
Baseline,KNN,0.95,Tuning,Tuning,0.0,1.0
Baseline,KNN,0.95,Defaults,Defaults,0.6,0.4
Baseline,KNN,0.95,Tuning,Tuning,0.0,1.0
Baseline,KNN,0.95,Defaults,Defaults,0.8,0.2
Baseline,KNN,0.95,Tuning,Tuning,0.4,0.6
Baseline,KNN,0.95,Tuning,Defaults,0.6,0.4
Baseline,KNN,0.95,Tuning,Tuning,0.4,0.6
Baseline,KNN,0.95,Tuning,Tuning,0.4,0.6
Baseline,KNN,0.95,Defaults,Tuning,0.2,0.8
Baseline,KNN,0.95,Defaults,Tuning,0.2,0.8
Baseline,KNN,0.95,Tuning,Tuning,0.2,0.8
Baseline,KNN,0.95,Tuning,Defaults,0.8,0.2
Baseline,KNN,0.95,Tuning,Tuning,0.2,0.8
Baseline,KNN,0.95,Tuning,Tuning,0.2,0.8
Baseline,KNN,0.95,Tuning,Tuning,0.4,0.6
Baseline,KNN,0.95,Tuning,Tuning,0.4,0.6
Baseline,KNN,0.95,Tuning,Tuning,0.2,0.8
Baseline,KNN,0.95,Tuning,Tuning,0.2,0.8
Baseline,KNN,0.95,Defaults,Tuning,0.4,0.6
Baseline,KNN,0.95,Tuning,Tuning,0.4,0.6
Baseline,KNN,0.95,Tuning,Defaults,0.6,0.4
Baseline,KNN,0.95,Tuning,Tuning,0.0,1.0
Baseline,KNN,0.95,Tuning,Tuning,0.2,0.8
Baseline,KNN,0.95,Defaults,Defaults,0.8,0.2
Baseline,KNN,0.95,Tuning,Tuning,0.4,0.6
Baseline,KNN,0.95,Tuning,Defaults,0.8,0.2
Baseline,KNN,0.95,Tuning,Tuning,0.2,0.8
Baseline,KNN,0.95,Defaults,Tuning,0.2,0.8
Baseline,KNN,0.95,Tuning,Tuning,0.0,1.0
Baseline,KNN,0.95,Tuning,Tuning,0.4,0.6
Baseline,KNN,0.95,Tuning,Tuning,0.2,0.8
Baseline,KNN,0.95,Defaults,Tuning,0.4,0.6
Baseline,KNN,0.95,Defaults,Tuning,0.4,0.6
Baseline,KNN,0.95,Tuning,Tuning,0.4,0.6
Baseline,KNN,0.95,Tuning,Defaults,0.6,0.4
Baseline,KNN,0.95,Tuning,Tuning,0.4,0.6
Baseline,KNN,0.95,Defaults,Tuning,0.4,0.6
Baseline,KNN,0.95,Defaults,Tuning,0.4,0.6
Baseline,KNN,0.95,Defaults,Defaults,0.6,0.4
Baseline,KNN,0.95,Tuning,Tuning,0.4,0.6
Baseline,KNN,0.95,Defaults,Tuning,0.4,0.6
Baseline,KNN,0.95,Tuning,Tuning,0.4,0.6
Baseline,KNN,0.95,Tuning,Tuning,0.2,0.8
Baseline,KNN,0.95,Defaults,Tuning,0.4,0.6
Baseline,KNN,0.95,Defaults,Defaults,0.8,0.2
Baseline,KNN,0.95,Tuning,Tuning,0.4,0.6
Baseline,KNN,0.95,Tuning,Tuning,0.2,0.8
Baseline,KNN,0.95,Defaults,Defaults,0.6,0.4
Baseline,KNN,0.95,Tuning,Defaults,0.6,0.4
Baseline,KNN,0.95,Tuning,Tuning,0.4,0.6
Baseline,KNN,0.95,Tuning,Tuning,0.2,0.8
Baseline,KNN,0.95,Tuning,Tuning,0.0,1.0
Baseline,DecisionTree,0.8,Tuning,Defaults,1.0,0.0
Baseline,DecisionTree,0.8,Tuning,Tuning,0.0,1.0
Baseline,DecisionTree,0.8,Defaults,Tuning,0.0,1.0
Baseline,DecisionTree,0.8,Tuning,Tuning,0.0,1.0
Baseline,DecisionTree,0.8,Tuning,Tuning,0.0,1.0
Baseline,DecisionTree,0.8,Tuning,Defaults,1.0,0.0
Baseline,DecisionTree,0.8,Tuning,Defaults,1.0,0.0
Baseline,DecisionTree,0.8,Defaults,Tuning,0.0,1.0
Baseline,DecisionTree,0.8,Defaults,Defaults,1.0,0.0
Baseline,DecisionTree,0.8,Tuning,Tuning,0.0,1.0
Baseline,DecisionTree,0.8,Tuning,Tuning,0.0,1.0
Baseline,DecisionTree,0.8,Defaults,Tuning,0.0,1.0
Baseline,DecisionTree,0.8,Tuning,Tuning,0.0,1.0
Baseline,DecisionTree,0.8,Tuning,Tuning,0.0,1.0
Baseline,DecisionTree,0.8,Tuning,Tuning,0.0,1.0
Baseline,DecisionTree,0.8,Tuning,Tuning,0.0,1.0
Baseline,DecisionTree,0.8,Defaults,Defaults,1.0,0.0
Baseline,DecisionTree,0.8,Tuning,Tuning,0.0,1.0
Baseline,DecisionTree,0.8,Defaults,Tuning,0.0,1.0
Baseline,DecisionTree,0.8,Tuning,Defaults,1.0,0.0
Baseline,DecisionTree,0.8,Tuning,Tuning,0.0,1.0
Baseline,DecisionTree,0.8,Defaults,Tuning,0.0,1.0
Baseline,DecisionTree,0.8,Tuning,Tuning,0.0,1.0
Baseline,DecisionTree,0.8,Tuning,Tuning,0.0,1.0
Baseline,DecisionTree,0.8,Tuning,Tuning,0.0,1.0
Baseline,DecisionTree,0.8,Tuning,Tuning,0.0,1.0
Baseline,DecisionTree,0.8,Tuning,Tuning,0.0,1.0
Baseline,DecisionTree,0.8,Tuning,Tuning,0.0,1.0
Baseline,DecisionTree,0.8,Tuning,Tuning,0.0,1.0
Baseline,DecisionTree,0.8,Tuning,Tuning,0.0,1.0
Baseline,DecisionTree,0.8,Tuning,Tuning,0.0,1.0
Baseline,DecisionTree,0.8,Tuning,Tuning,0.0,1.0
Baseline,DecisionTree,0.8,Defaults,Defaults,1.0,0.0
Baseline,DecisionTree,0.8,Defaults,Defaults,1.0,0.0
Baseline,DecisionTree,0.8,Tuning,Tuning,0.0,1.0
Baseline,DecisionTree,0.8,Tuning,Defaults,1.0,0.0
Baseline,DecisionTree,0.8,Tuning,Tuning,0.0,1.0
Baseline,DecisionTree,0.8,Defaults,Defaults,1.0,0.0
Baseline,DecisionTree,0.8,Tuning,Tuning,0.0,1.0
Baseline,DecisionTree,0.8,Defaults,Defaults,1.0,0.0
Baseline,DecisionTree,0.8,Tuning,Defaults,1.0,0.0
Baseline,DecisionTree,0.8,Tuning,Tuning,0.0,1.0
Baseline,DecisionTree,0.8,Tuning,Tuning,0.0,1.0
Baseline,DecisionTree,0.8,Tuning,Tuning,0.0,1.0
Baseline,DecisionTree,0.8,Tuning,Tuning,0.0,1.0
Baseline,DecisionTree,0.8,Tuning,Tuning,0.0,1.0
Baseline,DecisionTree,0.8,Tuning,Tuning,0.0,1.0
Baseline,DecisionTree,0.8,Tuning,Tuning,0.0,1.0
Baseline,DecisionTree,0.8,Tuning,Tuning,0.0,1.0
Baseline,DecisionTree,0.8,Tuning,Defaults,1.0,0.0
Baseline,DecisionTree,0.8,Defaults,Defaults,1.0,0.0
Baseline,DecisionTree,0.8,Tuning,Tuning,0.0,1.0
Baseline,DecisionTree,0.8,Tuning,Tuning,0.0,1.0
Baseline,DecisionTree,0.8,Defaults,Tuning,0.0,1.0
Baseline,DecisionTree,0.8,Tuning,Tuning,0.0,1.0
Baseline,DecisionTree,0.8,Tuning,Tuning,0.0,1.0
Baseline,DecisionTree,0.8,Tuning,Tuning,0.0,1.0
Baseline,DecisionTree,0.8,Tuning,Defaults,1.0,0.0
Baseline,DecisionTree,0.8,Tuning,Tuning,0.0,1.0
Baseline,DecisionTree,0.8,Tuning,Tuning,0.0,1.0
Baseline,DecisionTree,0.8,Tuning,Tuning,0.0,1.0
Baseline,DecisionTree,0.8,Tuning,Tuning,0.0,1.0
Baseline,DecisionTree,0.8,Tuning,Tuning,0.0,1.0
Baseline,DecisionTree,0.8,Defaults,Tuning,0.0,1.0
Baseline,DecisionTree,0.8,Tuning,Tuning,0.0,1.0
Baseline,DecisionTree,0.8,Defaults,Tuning,0.0,1.0
Baseline,DecisionTree,0.8,Tuning,Tuning,0.0,1.0
Baseline,DecisionTree,0.8,Tuning,Defaults,1.0,0.0
Baseline,DecisionTree,0.8,Tuning,Tuning,0.0,1.0
Baseline,DecisionTree,0.8,Tuning,Defaults,1.0,0.0
Baseline,DecisionTree,0.8,Tuning,Tuning,0.0,1.0
Baseline,DecisionTree,0.8,Defaults,Tuning,0.0,1.0
Baseline,DecisionTree,0.8,Tuning,Defaults,1.0,0.0
Baseline,DecisionTree,0.8,Defaults,Defaults,1.0,0.0
Baseline,DecisionTree,0.8,Defaults,Defaults,1.0,0.0
Baseline,DecisionTree,0.8,Defaults,Defaults,1.0,0.0
Baseline,DecisionTree,0.8,Defaults,Defaults,1.0,0.0
Baseline,DecisionTree,0.8,Tuning,Tuning,0.0,1.0
Baseline,DecisionTree,0.8,Tuning,Tuning,0.0,1.0
Baseline,DecisionTree,0.8,Tuning,Tuning,0.0,1.0
Baseline,DecisionTree,0.8,Defaults,Tuning,0.0,1.0
Baseline,DecisionTree,0.8,Defaults,Defaults,1.0,0.0
Baseline,DecisionTree,0.8,Defaults,Tuning,0.0,1.0
Baseline,DecisionTree,0.8,Defaults,Defaults,1.0,0.0
Baseline,DecisionTree,0.8,Tuning,Tuning,0.0,1.0
Baseline,DecisionTree,0.8,Tuning,Defaults,1.0,0.0
Baseline,DecisionTree,0.8,Defaults,Defaults,1.0,0.0
Baseline,DecisionTree,0.8,Tuning,Tuning,0.0,1.0
Baseline,DecisionTree,0.8,Defaults,Defaults,1.0,0.0
Baseline,DecisionTree,0.8,Tuning,Tuning,0.0,1.0
Baseline,DecisionTree,0.8,Tuning,Tuning,0.0,1.0
Baseline,DecisionTree,0.8,Defaults,Tuning,0.0,1.0
Baseline,DecisionTree,0.8,Tuning,Tuning,0.0,1.0
Baseline,DecisionTree,0.8,Defaults,Defaults,1.0,0.0
Baseline,DecisionTree,0.8,Tuning,Tuning,0.0,1.0
Baseline,DecisionTree,0.8,Tuning,Tuning,0.0,1.0
Baseline,DecisionTree,0.8,Tuning,Tuning,0.0,1.0
Baseline,DecisionTree,0.8,Defaults,Defaults,1.0,0.0
Baseline,DecisionTree,0.8,Tuning,Tuning,0.0,1.0
Baseline,DecisionTree,0.8,Tuning,Defaults,1.0,0.0
Baseline,DecisionTree,0.8,Tuning,Tuning,0.0,1.0
Baseline,DecisionTree,0.8,Defaults,Tuning,0.0,1.0
Baseline,DecisionTree,0.8,Tuning,Tuning,0.0,1.0
Baseline,DecisionTree,0.8,Tuning,Tuning,0.0,1.0
Baseline,DecisionTree,0.8,Tuning,Defaults,1.0,0.0
Baseline,DecisionTree,0.8,Tuning,Tuning,0.0,1.0
Baseline,DecisionTree,0.8,Tuning,Defaults,1.0,0.0
Baseline,DecisionTree,0.8,Tuning,Tuning,0.0,1.0
Baseline,DecisionTree,0.8,Tuning,Defaults,1.0,0.0
Baseline,DecisionTree,0.8,Defaults,Defaults,1.0,0.0
Baseline,DecisionTree,0.8,Tuning,Tuning,0.0,1.0
Baseline,DecisionTree,0.8,Tuning,Tuning,0.0,1.0
Baseline,DecisionTree,0.8,Tuning,Tuning,0.0,1.0
Baseline,DecisionTree,0.8,Tuning,Tuning,0.0,1.0
Baseline,DecisionTree,0.8,Tuning,Defaults,1.0,0.0
Baseline,DecisionTree,0.8,Tuning,Tuning,0.0,1.0
Baseline,DecisionTree,0.8,Tuning,Tuning,0.0,1.0
Baseline,DecisionTree,0.8,Tuning,Tuning,0.0,1.0
Baseline,DecisionTree,0.8,Defaults,Tuning,0.0,1.0
Baseline,DecisionTree,0.8,Tuning,Defaults,1.0,0.0
Baseline,DecisionTree,0.8,Defaults,Defaults,1.0,0.0
Baseline,DecisionTree,0.8,Tuning,Tuning,0.0,1.0
Baseline,DecisionTree,0.8,Tuning,Tuning,0.0,1.0
Baseline,DecisionTree,0.8,Tuning,Defaults,1.0,0.0
Baseline,DecisionTree,0.8,Tuning,Tuning,0.0,1.0
Baseline,DecisionTree,0.8,Defaults,Tuning,0.0,1.0
Baseline,DecisionTree,0.8,Defaults,Defaults,1.0,0.0
Baseline,DecisionTree,0.8,Tuning,Tuning,0.0,1.0
Baseline,DecisionTree,0.8,Tuning,Defaults,1.0,0.0
Baseline,DecisionTree,0.8,Tuning,Tuning,0.0,1.0
Baseline,DecisionTree,0.8,Tuning,Tuning,0.0,1.0
Baseline,DecisionTree,0.8,Tuning,Tuning,0.0,1.0
Baseline,DecisionTree,0.8,Tuning,Tuning,0.0,1.0
Baseline,DecisionTree,0.8,Tuning,Tuning,0.0,1.0
Baseline,DecisionTree,0.8,Tuning,Tuning,0.0,1.0
Baseline,DecisionTree,0.8,Defaults,Tuning,0.0,1.0
Baseline,DecisionTree,0.8,Tuning,Defaults,1.0,0.0
Baseline,DecisionTree,0.8,Tuning,Defaults,1.0,0.0
Baseline,DecisionTree,0.8,Tuning,Defaults,1.0,0.0
Baseline,DecisionTree,0.8,Tuning,Tuning,0.0,1.0
Baseline,DecisionTree,0.8,Defaults,Tuning,0.0,1.0
Baseline,DecisionTree,0.8,Tuning,Defaults,1.0,0.0
Baseline,DecisionTree,0.8,Tuning,Defaults,1.0,0.0
Baseline,DecisionTree,0.8,Tuning,Tuning,0.0,1.0
Baseline,DecisionTree,0.8,Defaults,Tuning,0.0,1.0
Baseline,DecisionTree,0.8,Tuning,Defaults,1.0,0.0
Baseline,DecisionTree,0.8,Tuning,Defaults,1.0,0.0
Baseline,DecisionTree,0.8,Tuning,Tuning,0.0,1.0
Baseline,DecisionTree,0.8,Defaults,Tuning,0.0,1.0
Baseline,DecisionTree,0.8,Defaults,Tuning,0.0,1.0
Baseline,DecisionTree,0.8,Tuning,Defaults,1.0,0.0
Baseline,DecisionTree,0.8,Tuning,Tuning,0.0,1.0
Baseline,DecisionTree,0.8,Tuning,Defaults,1.0,0.0
Baseline,DecisionTree,0.8,Defaults,Tuning,0.0,1.0
Baseline,DecisionTree,0.8,Defaults,Defaults,1.0,0.0
Baseline,DecisionTree,0.8,Defaults,Defaults,1.0,0.0
Baseline,DecisionTree,0.8,Tuning,Tuning,0.0,1.0
Baseline,DecisionTree,0.8,Defaults,Tuning,0.0,1.0
Baseline,DecisionTree,0.8,Tuning,Defaults,1.0,0.0
Baseline,DecisionTree,0.8,Tuning,Tuning,0.0,1.0
Baseline,DecisionTree,0.8,Defaults,Tuning,0.0,1.0
Baseline,DecisionTree,0.8,Defaults,Defaults,1.0,0.0
Baseline,DecisionTree,0.8,Tuning,Tuning,0.0,1.0
Baseline,DecisionTree,0.8,Tuning,Tuning,0.0,1.0
Baseline,DecisionTree,0.8,Defaults,Defaults,1.0,0.0
Baseline,DecisionTree,0.8,Tuning,Tuning,0.0,1.0
Baseline,DecisionTree,0.8,Tuning,Tuning,0.0,1.0
Baseline,DecisionTree,0.8,Tuning,Defaults,1.0,0.0
Baseline,DecisionTree,0.8,Tuning,Tuning,0.0,1.0
Baseline,DecisionTree,0.85,Tuning,Defaults,1.0,0.0
Baseline,DecisionTree,0.85,Tuning,Tuning,0.0,1.0
Baseline,DecisionTree,0.85,Defaults,Defaults,1.0,0.0
Baseline,DecisionTree,0.85,Tuning,Tuning,0.0,1.0
Baseline,DecisionTree,0.85,Tuning,Tuning,0.0,1.0
Baseline,DecisionTree,0.85,Tuning,Defaults,1.0,0.0
Baseline,DecisionTree,0.85,Tuning,Tuning,0.0,1.0
Baseline,DecisionTree,0.85,Defaults,Tuning,0.0,1.0
Baseline,DecisionTree,0.85,Defaults,Defaults,1.0,0.0
Baseline,DecisionTree,0.85,Tuning,Tuning,0.0,1.0
Baseline,DecisionTree,0.85,Tuning,Tuning,0.0,1.0
Baseline,DecisionTree,0.85,Defaults,Tuning,0.0,1.0
Baseline,DecisionTree,0.85,Tuning,Tuning,0.0,1.0
Baseline,DecisionTree,0.85,Tuning,Tuning,0.0,1.0
Baseline,DecisionTree,0.85,Tuning,Tuning,0.0,1.0
Baseline,DecisionTree,0.85,Tuning,Tuning,0.0,1.0
Baseline,DecisionTree,0.85,Defaults,Defaults,1.0,0.0
Baseline,DecisionTree,0.85,Tuning,Tuning,0.0,1.0
Baseline,DecisionTree,0.85,Defaults,Tuning,0.0,1.0
Baseline,DecisionTree,0.85,Tuning,Tuning,0.0,1.0
Baseline,DecisionTree,0.85,Tuning,Tuning,0.0,1.0
Baseline,DecisionTree,0.85,Defaults,Tuning,0.0,1.0
Baseline,DecisionTree,0.85,Tuning,Defaults,1.0,0.0
Baseline,DecisionTree,0.85,Tuning,Tuning,0.0,1.0
Baseline,DecisionTree,0.85,Tuning,Tuning,0.0,1.0
Baseline,DecisionTree,0.85,Tuning,Tuning,0.0,1.0
Baseline,DecisionTree,0.85,Tuning,Tuning,0.0,1.0
Baseline,DecisionTree,0.85,Tuning,Tuning,0.0,1.0
Baseline,DecisionTree,0.85,Tuning,Tuning,0.0,1.0
Baseline,DecisionTree,0.85,Tuning,Tuning,0.0,1.0
Baseline,DecisionTree,0.85,Tuning,Tuning,0.0,1.0
Baseline,DecisionTree,0.85,Tuning,Tuning,0.0,1.0
Baseline,DecisionTree,0.85,Defaults,Defaults,1.0,0.0
Baseline,DecisionTree,0.85,Defaults,Defaults,1.0,0.0
Baseline,DecisionTree,0.85,Tuning,Tuning,0.0,1.0
Baseline,DecisionTree,0.85,Tuning,Defaults,1.0,0.0
Baseline,DecisionTree,0.85,Tuning,Tuning,0.0,1.0
Baseline,DecisionTree,0.85,Defaults,Defaults,1.0,0.0
Baseline,DecisionTree,0.85,Tuning,Tuning,0.0,1.0
Baseline,DecisionTree,0.85,Defaults,Defaults,1.0,0.0
Baseline,DecisionTree,0.85,Tuning,Defaults,1.0,0.0
Baseline,DecisionTree,0.85,Tuning,Tuning,0.0,1.0
Baseline,DecisionTree,0.85,Tuning,Tuning,0.0,1.0
Baseline,DecisionTree,0.85,Tuning,Tuning,0.0,1.0
Baseline,DecisionTree,0.85,Tuning,Tuning,0.0,1.0
Baseline,DecisionTree,0.85,Tuning,Tuning,0.0,1.0
Baseline,DecisionTree,0.85,Tuning,Tuning,0.0,1.0
Baseline,DecisionTree,0.85,Tuning,Tuning,0.0,1.0
Baseline,DecisionTree,0.85,Tuning,Tuning,0.0,1.0
Baseline,DecisionTree,0.85,Tuning,Defaults,1.0,0.0
Baseline,DecisionTree,0.85,Defaults,Tuning,0.0,1.0
Baseline,DecisionTree,0.85,Tuning,Tuning,0.0,1.0
Baseline,DecisionTree,0.85,Tuning,Tuning,0.0,1.0
Baseline,DecisionTree,0.85,Defaults,Tuning,0.0,1.0
Baseline,DecisionTree,0.85,Tuning,Tuning,0.0,1.0
Baseline,DecisionTree,0.85,Tuning,Tuning,0.0,1.0
Baseline,DecisionTree,0.85,Tuning,Tuning,0.0,1.0
Baseline,DecisionTree,0.85,Tuning,Defaults,1.0,0.0
Baseline,DecisionTree,0.85,Tuning,Tuning,0.0,1.0
Baseline,DecisionTree,0.85,Tuning,Tuning,0.0,1.0
Baseline,DecisionTree,0.85,Tuning,Tuning,0.0,1.0
Baseline,DecisionTree,0.85,Tuning,Tuning,0.0,1.0
Baseline,DecisionTree,0.85,Tuning,Tuning,0.0,1.0
Baseline,DecisionTree,0.85,Defaults,Tuning,0.0,1.0
Baseline,DecisionTree,0.85,Tuning,Tuning,0.0,1.0
Baseline,DecisionTree,0.85,Defaults,Tuning,0.0,1.0
Baseline,DecisionTree,0.85,Tuning,Tuning,0.0,1.0
Baseline,DecisionTree,0.85,Tuning,Tuning,0.0,1.0
Baseline,DecisionTree,0.85,Tuning,Tuning,0.0,1.0
Baseline,DecisionTree,0.85,Tuning,Defaults,1.0,0.0
Baseline,DecisionTree,0.85,Tuning,Tuning,0.0,1.0
Baseline,DecisionTree,0.85,Defaults,Tuning,0.0,1.0
Baseline,DecisionTree,0.85,Tuning,Defaults,1.0,0.0
Baseline,DecisionTree,0.85,Defaults,Defaults,1.0,0.0
Baseline,DecisionTree,0.85,Defaults,Defaults,1.0,0.0
Baseline,DecisionTree,0.85,Defaults,Defaults,1.0,0.0
Baseline,DecisionTree,0.85,Defaults,Defaults,1.0,0.0
Baseline,DecisionTree,0.85,Tuning,Tuning,0.0,1.0
Baseline,DecisionTree,0.85,Tuning,Tuning,0.0,1.0
Baseline,DecisionTree,0.85,Tuning,Tuning,0.0,1.0
Baseline,DecisionTree,0.85,Defaults,Defaults,1.0,0.0
Baseline,DecisionTree,0.85,Defaults,Tuning,0.0,1.0
Baseline,DecisionTree,0.85,Defaults,Tuning,0.0,1.0
Baseline,DecisionTree,0.85,Defaults,Defaults,1.0,0.0
Baseline,DecisionTree,0.85,Tuning,Tuning,0.0,1.0
Baseline,DecisionTree,0.85,Tuning,Defaults,1.0,0.0
Baseline,DecisionTree,0.85,Defaults,Defaults,1.0,0.0
Baseline,DecisionTree,0.85,Tuning,Tuning,0.0,1.0
Baseline,DecisionTree,0.85,Defaults,Tuning,0.0,1.0
Baseline,DecisionTree,0.85,Tuning,Tuning,0.0,1.0
Baseline,DecisionTree,0.85,Tuning,Tuning,0.0,1.0
Baseline,DecisionTree,0.85,Defaults,Tuning,0.0,1.0
Baseline,DecisionTree,0.85,Tuning,Tuning,0.0,1.0
Baseline,DecisionTree,0.85,Defaults,Defaults,1.0,0.0
Baseline,DecisionTree,0.85,Tuning,Tuning,0.0,1.0
Baseline,DecisionTree,0.85,Tuning,Tuning,0.0,1.0
Baseline,DecisionTree,0.85,Tuning,Tuning,0.0,1.0
Baseline,DecisionTree,0.85,Defaults,Defaults,1.0,0.0
Baseline,DecisionTree,0.85,Tuning,Tuning,0.0,1.0
Baseline,DecisionTree,0.85,Tuning,Tuning,0.0,1.0
Baseline,DecisionTree,0.85,Tuning,Tuning,0.0,1.0
Baseline,DecisionTree,0.85,Defaults,Tuning,0.0,1.0
Baseline,DecisionTree,0.85,Tuning,Defaults,1.0,0.0
Baseline,DecisionTree,0.85,Tuning,Tuning,0.0,1.0
Baseline,DecisionTree,0.85,Tuning,Defaults,1.0,0.0
Baseline,DecisionTree,0.85,Tuning,Tuning,0.0,1.0
Baseline,DecisionTree,0.85,Tuning,Defaults,1.0,0.0
Baseline,DecisionTree,0.85,Tuning,Tuning,0.0,1.0
Baseline,DecisionTree,0.85,Tuning,Tuning,0.0,1.0
Baseline,DecisionTree,0.85,Defaults,Defaults,1.0,0.0
Baseline,DecisionTree,0.85,Tuning,Tuning,0.0,1.0
Baseline,DecisionTree,0.85,Tuning,Tuning,0.0,1.0
Baseline,DecisionTree,0.85,Tuning,Tuning,0.0,1.0
Baseline,DecisionTree,0.85,Tuning,Tuning,0.0,1.0
Baseline,DecisionTree,0.85,Tuning,Defaults,1.0,0.0
Baseline,DecisionTree,0.85,Tuning,Tuning,0.0,1.0
Baseline,DecisionTree,0.85,Tuning,Tuning,0.0,1.0
Baseline,DecisionTree,0.85,Tuning,Tuning,0.0,1.0
Baseline,DecisionTree,0.85,Defaults,Defaults,1.0,0.0
Baseline,DecisionTree,0.85,Tuning,Defaults,1.0,0.0
Baseline,DecisionTree,0.85,Defaults,Defaults,1.0,0.0
Baseline,DecisionTree,0.85,Tuning,Tuning,0.0,1.0
Baseline,DecisionTree,0.85,Tuning,Tuning,0.0,1.0
Baseline,DecisionTree,0.85,Tuning,Tuning,0.0,1.0
Baseline,DecisionTree,0.85,Tuning,Tuning,0.0,1.0
Baseline,DecisionTree,0.85,Defaults,Tuning,0.0,1.0
Baseline,DecisionTree,0.85,Defaults,Defaults,1.0,0.0
Baseline,DecisionTree,0.85,Tuning,Tuning,0.0,1.0
Baseline,DecisionTree,0.85,Tuning,Defaults,1.0,0.0
Baseline,DecisionTree,0.85,Tuning,Tuning,0.0,1.0
Baseline,DecisionTree,0.85,Tuning,Tuning,0.0,1.0
Baseline,DecisionTree,0.85,Tuning,Tuning,0.0,1.0
Baseline,DecisionTree,0.85,Tuning,Tuning,0.0,1.0
Baseline,DecisionTree,0.85,Tuning,Tuning,0.0,1.0
Baseline,DecisionTree,0.85,Tuning,Tuning,0.0,1.0
Baseline,DecisionTree,0.85,Defaults,Tuning,0.0,1.0
Baseline,DecisionTree,0.85,Tuning,Defaults,1.0,0.0
Baseline,DecisionTree,0.85,Tuning,Defaults,1.0,0.0
Baseline,DecisionTree,0.85,Tuning,Defaults,1.0,0.0
Baseline,DecisionTree,0.85,Tuning,Tuning,0.0,1.0
Baseline,DecisionTree,0.85,Defaults,Tuning,0.0,1.0
Baseline,DecisionTree,0.85,Tuning,Defaults,1.0,0.0
Baseline,DecisionTree,0.85,Tuning,Tuning,0.0,1.0
Baseline,DecisionTree,0.85,Tuning,Tuning,0.0,1.0
Baseline,DecisionTree,0.85,Defaults,Tuning,0.0,1.0
Baseline,DecisionTree,0.85,Tuning,Tuning,0.0,1.0
Baseline,DecisionTree,0.85,Tuning,Tuning,0.0,1.0
Baseline,DecisionTree,0.85,Tuning,Tuning,0.0,1.0
Baseline,DecisionTree,0.85,Defaults,Tuning,0.0,1.0
Baseline,DecisionTree,0.85,Defaults,Tuning,0.0,1.0
Baseline,DecisionTree,0.85,Tuning,Defaults,1.0,0.0
Baseline,DecisionTree,0.85,Tuning,Tuning,0.0,1.0
Baseline,DecisionTree,0.85,Tuning,Defaults,1.0,0.0
Baseline,DecisionTree,0.85,Defaults,Tuning,0.0,1.0
Baseline,DecisionTree,0.85,Defaults,Defaults,1.0,0.0
Baseline,DecisionTree,0.85,Defaults,Tuning,0.0,1.0
Baseline,DecisionTree,0.85,Tuning,Tuning,0.0,1.0
Baseline,DecisionTree,0.85,Defaults,Tuning,0.0,1.0
Baseline,DecisionTree,0.85,Tuning,Defaults,1.0,0.0
Baseline,DecisionTree,0.85,Tuning,Tuning,0.0,1.0
Baseline,DecisionTree,0.85,Defaults,Tuning,0.0,1.0
Baseline,DecisionTree,0.85,Defaults,Defaults,1.0,0.0
Baseline,DecisionTree,0.85,Tuning,Tuning,0.0,1.0
Baseline,DecisionTree,0.85,Tuning,Tuning,0.0,1.0
Baseline,DecisionTree,0.85,Defaults,Defaults,1.0,0.0
Baseline,DecisionTree,0.85,Tuning,Tuning,0.0,1.0
Baseline,DecisionTree,0.85,Tuning,Tuning,0.0,1.0
Baseline,DecisionTree,0.85,Tuning,Tuning,0.0,1.0
Baseline,DecisionTree,0.85,Tuning,Defaults,1.0,0.0
Baseline,DecisionTree,0.9,Tuning,Defaults,1.0,0.0
Baseline,DecisionTree,0.9,Tuning,Tuning,0.0,1.0
Baseline,DecisionTree,0.9,Defaults,Defaults,1.0,0.0
Baseline,DecisionTree,0.9,Tuning,Tuning,0.0,1.0
Baseline,DecisionTree,0.9,Tuning,Tuning,0.0,1.0
Baseline,DecisionTree,0.9,Tuning,Defaults,1.0,0.0
Baseline,DecisionTree,0.9,Tuning,Tuning,0.0,1.0
Baseline,DecisionTree,0.9,Defaults,Tuning,0.0,1.0
Baseline,DecisionTree,0.9,Defaults,Defaults,1.0,0.0
Baseline,DecisionTree,0.9,Tuning,Tuning,0.0,1.0
Baseline,DecisionTree,0.9,Tuning,Tuning,0.0,1.0
Baseline,DecisionTree,0.9,Defaults,Tuning,0.0,1.0
Baseline,DecisionTree,0.9,Tuning,Tuning,0.0,1.0
Baseline,DecisionTree,0.9,Tuning,Tuning,0.0,1.0
Baseline,DecisionTree,0.9,Tuning,Tuning,0.0,1.0
Baseline,DecisionTree,0.9,Tuning,Tuning,0.0,1.0
Baseline,DecisionTree,0.9,Defaults,Defaults,1.0,0.0
Baseline,DecisionTree,0.9,Tuning,Tuning,0.0,1.0
Baseline,DecisionTree,0.9,Defaults,Tuning,0.0,1.0
Baseline,DecisionTree,0.9,Tuning,Tuning,0.0,1.0
Baseline,DecisionTree,0.9,Tuning,Tuning,0.0,1.0
Baseline,DecisionTree,0.9,Defaults,Tuning,0.0,1.0
Baseline,DecisionTree,0.9,Tuning,Defaults,1.0,0.0
Baseline,DecisionTree,0.9,Tuning,Tuning,0.0,1.0
Baseline,DecisionTree,0.9,Tuning,Tuning,0.0,1.0
Baseline,DecisionTree,0.9,Tuning,Tuning,0.0,1.0
Baseline,DecisionTree,0.9,Tuning,Tuning,0.0,1.0
Baseline,DecisionTree,0.9,Tuning,Tuning,0.0,1.0
Baseline,DecisionTree,0.9,Tuning,Tuning,0.0,1.0
Baseline,DecisionTree,0.9,Tuning,Tuning,0.0,1.0
Baseline,DecisionTree,0.9,Tuning,Tuning,0.0,1.0
Baseline,DecisionTree,0.9,Tuning,Tuning,0.0,1.0
Baseline,DecisionTree,0.9,Defaults,Defaults,1.0,0.0
Baseline,DecisionTree,0.9,Defaults,Defaults,1.0,0.0
Baseline,DecisionTree,0.9,Tuning,Tuning,0.0,1.0
Baseline,DecisionTree,0.9,Tuning,Defaults,1.0,0.0
Baseline,DecisionTree,0.9,Tuning,Tuning,0.0,1.0
Baseline,DecisionTree,0.9,Defaults,Defaults,1.0,0.0
Baseline,DecisionTree,0.9,Tuning,Tuning,0.0,1.0
Baseline,DecisionTree,0.9,Defaults,Defaults,1.0,0.0
Baseline,DecisionTree,0.9,Tuning,Defaults,1.0,0.0
Baseline,DecisionTree,0.9,Tuning,Tuning,0.0,1.0
Baseline,DecisionTree,0.9,Tuning,Tuning,0.0,1.0
Baseline,DecisionTree,0.9,Tuning,Tuning,0.0,1.0
Baseline,DecisionTree,0.9,Tuning,Tuning,0.0,1.0
Baseline,DecisionTree,0.9,Tuning,Tuning,0.0,1.0
Baseline,DecisionTree,0.9,Tuning,Tuning,0.0,1.0
Baseline,DecisionTree,0.9,Tuning,Tuning,0.0,1.0
Baseline,DecisionTree,0.9,Tuning,Tuning,0.0,1.0
Baseline,DecisionTree,0.9,Tuning,Defaults,1.0,0.0
Baseline,DecisionTree,0.9,Defaults,Defaults,1.0,0.0
Baseline,DecisionTree,0.9,Tuning,Tuning,0.0,1.0
Baseline,DecisionTree,0.9,Tuning,Tuning,0.0,1.0
Baseline,DecisionTree,0.9,Defaults,Tuning,0.0,1.0
Baseline,DecisionTree,0.9,Tuning,Tuning,0.0,1.0
Baseline,DecisionTree,0.9,Tuning,Tuning,0.0,1.0
Baseline,DecisionTree,0.9,Tuning,Tuning,0.0,1.0
Baseline,DecisionTree,0.9,Tuning,Defaults,1.0,0.0
Baseline,DecisionTree,0.9,Tuning,Tuning,0.0,1.0
Baseline,DecisionTree,0.9,Tuning,Tuning,0.0,1.0
Baseline,DecisionTree,0.9,Tuning,Tuning,0.0,1.0
Baseline,DecisionTree,0.9,Tuning,Tuning,0.0,1.0
Baseline,DecisionTree,0.9,Tuning,Tuning,0.0,1.0
Baseline,DecisionTree,0.9,Defaults,Tuning,0.0,1.0
Baseline,DecisionTree,0.9,Tuning,Tuning,0.0,1.0
Baseline,DecisionTree,0.9,Defaults,Tuning,0.0,1.0
Baseline,DecisionTree,0.9,Tuning,Tuning,0.0,1.0
Baseline,DecisionTree,0.9,Tuning,Defaults,1.0,0.0
Baseline,DecisionTree,0.9,Tuning,Tuning,0.0,1.0
Baseline,DecisionTree,0.9,Tuning,Defaults,1.0,0.0
Baseline,DecisionTree,0.9,Tuning,Tuning,0.0,1.0
Baseline,DecisionTree,0.9,Defaults,Tuning,0.0,1.0
Baseline,DecisionTree,0.9,Tuning,Tuning,0.0,1.0
Baseline,DecisionTree,0.9,Defaults,Defaults,1.0,0.0
Baseline,DecisionTree,0.9,Defaults,Defaults,1.0,0.0
Baseline,DecisionTree,0.9,Defaults,Defaults,1.0,0.0
Baseline,DecisionTree,0.9,Defaults,Defaults,1.0,0.0
Baseline,DecisionTree,0.9,Tuning,Tuning,0.0,1.0
Baseline,DecisionTree,0.9,Tuning,Tuning,0.0,1.0
Baseline,DecisionTree,0.9,Tuning,Tuning,0.0,1.0
Baseline,DecisionTree,0.9,Defaults,Defaults,1.0,0.0
Baseline,DecisionTree,0.9,Defaults,Defaults,1.0,0.0
Baseline,DecisionTree,0.9,Defaults,Tuning,0.0,1.0
Baseline,DecisionTree,0.9,Defaults,Defaults,1.0,0.0
Baseline,DecisionTree,0.9,Tuning,Tuning,0.0,1.0
Baseline,DecisionTree,0.9,Tuning,Defaults,1.0,0.0
Baseline,DecisionTree,0.9,Defaults,Defaults,1.0,0.0
Baseline,DecisionTree,0.9,Tuning,Tuning,0.0,1.0
Baseline,DecisionTree,0.9,Defaults,Tuning,0.0,1.0
Baseline,DecisionTree,0.9,Tuning,Tuning,0.0,1.0
Baseline,DecisionTree,0.9,Tuning,Tuning,0.0,1.0
Baseline,DecisionTree,0.9,Defaults,Tuning,0.0,1.0
Baseline,DecisionTree,0.9,Tuning,Tuning,0.0,1.0
Baseline,DecisionTree,0.9,Defaults,Defaults,1.0,0.0
Baseline,DecisionTree,0.9,Tuning,Tuning,0.0,1.0
Baseline,DecisionTree,0.9,Tuning,Tuning,0.0,1.0
Baseline,DecisionTree,0.9,Tuning,Tuning,0.0,1.0
Baseline,DecisionTree,0.9,Defaults,Defaults,1.0,0.0
Baseline,DecisionTree,0.9,Tuning,Tuning,0.0,1.0
Baseline,DecisionTree,0.9,Tuning,Defaults,1.0,0.0
Baseline,DecisionTree,0.9,Tuning,Tuning,0.0,1.0
Baseline,DecisionTree,0.9,Defaults,Tuning,0.0,1.0
Baseline,DecisionTree,0.9,Tuning,Defaults,1.0,0.0
Baseline,DecisionTree,0.9,Tuning,Tuning,0.0,1.0
Baseline,DecisionTree,0.9,Tuning,Defaults,1.0,0.0
Baseline,DecisionTree,0.9,Tuning,Tuning,0.0,1.0
Baseline,DecisionTree,0.9,Tuning,Defaults,1.0,0.0
Baseline,DecisionTree,0.9,Tuning,Tuning,0.0,1.0
Baseline,DecisionTree,0.9,Tuning,Tuning,0.0,1.0
Baseline,DecisionTree,0.9,Defaults,Defaults,1.0,0.0
Baseline,DecisionTree,0.9,Tuning,Tuning,0.0,1.0
Baseline,DecisionTree,0.9,Tuning,Tuning,0.0,1.0
Baseline,DecisionTree,0.9,Tuning,Tuning,0.0,1.0
Baseline,DecisionTree,0.9,Tuning,Tuning,0.0,1.0
Baseline,DecisionTree,0.9,Tuning,Tuning,0.0,1.0
Baseline,DecisionTree,0.9,Tuning,Tuning,0.0,1.0
Baseline,DecisionTree,0.9,Tuning,Tuning,0.0,1.0
Baseline,DecisionTree,0.9,Tuning,Tuning,0.0,1.0
Baseline,DecisionTree,0.9,Defaults,Tuning,0.0,1.0
Baseline,DecisionTree,0.9,Tuning,Defaults,1.0,0.0
Baseline,DecisionTree,0.9,Defaults,Defaults,1.0,0.0
Baseline,DecisionTree,0.9,Tuning,Tuning,0.0,1.0
Baseline,DecisionTree,0.9,Tuning,Tuning,0.0,1.0
Baseline,DecisionTree,0.9,Tuning,Defaults,1.0,0.0
Baseline,DecisionTree,0.9,Tuning,Tuning,0.0,1.0
Baseline,DecisionTree,0.9,Defaults,Tuning,0.0,1.0
Baseline,DecisionTree,0.9,Defaults,Defaults,1.0,0.0
Baseline,DecisionTree,0.9,Tuning,Tuning,0.0,1.0
Baseline,DecisionTree,0.9,Tuning,Defaults,1.0,0.0
Baseline,DecisionTree,0.9,Tuning,Tuning,0.0,1.0
Baseline,DecisionTree,0.9,Tuning,Tuning,0.0,1.0
Baseline,DecisionTree,0.9,Tuning,Tuning,0.0,1.0
Baseline,DecisionTree,0.9,Tuning,Tuning,0.0,1.0
Baseline,DecisionTree,0.9,Tuning,Tuning,0.0,1.0
Baseline,DecisionTree,0.9,Tuning,Defaults,1.0,0.0
Baseline,DecisionTree,0.9,Defaults,Tuning,0.0,1.0
Baseline,DecisionTree,0.9,Tuning,Defaults,1.0,0.0
Baseline,DecisionTree,0.9,Tuning,Defaults,1.0,0.0
Baseline,DecisionTree,0.9,Tuning,Tuning,0.0,1.0
Baseline,DecisionTree,0.9,Tuning,Tuning,0.0,1.0
Baseline,DecisionTree,0.9,Defaults,Tuning,0.0,1.0
Baseline,DecisionTree,0.9,Tuning,Defaults,1.0,0.0
Baseline,DecisionTree,0.9,Tuning,Defaults,1.0,0.0
Baseline,DecisionTree,0.9,Tuning,Defaults,1.0,0.0
Baseline,DecisionTree,0.9,Defaults,Tuning,0.0,1.0
Baseline,DecisionTree,0.9,Tuning,Defaults,1.0,0.0
Baseline,DecisionTree,0.9,Tuning,Tuning,0.0,1.0
Baseline,DecisionTree,0.9,Tuning,Tuning,0.0,1.0
Baseline,DecisionTree,0.9,Defaults,Tuning,0.0,1.0
Baseline,DecisionTree,0.9,Defaults,Tuning,0.0,1.0
Baseline,DecisionTree,0.9,Tuning,Defaults,1.0,0.0
Baseline,DecisionTree,0.9,Tuning,Tuning,0.0,1.0
Baseline,DecisionTree,0.9,Tuning,Defaults,1.0,0.0
Baseline,DecisionTree,0.9,Defaults,Tuning,0.0,1.0
Baseline,DecisionTree,0.9,Defaults,Defaults,1.0,0.0
Baseline,DecisionTree,0.9,Defaults,Tuning,0.0,1.0
Baseline,DecisionTree,0.9,Tuning,Tuning,0.0,1.0
Baseline,DecisionTree,0.9,Defaults,Tuning,0.0,1.0
Baseline,DecisionTree,0.9,Tuning,Defaults,1.0,0.0
Baseline,DecisionTree,0.9,Tuning,Defaults,1.0,0.0
Baseline,DecisionTree,0.9,Defaults,Tuning,0.0,1.0
Baseline,DecisionTree,0.9,Defaults,Defaults,1.0,0.0
Baseline,DecisionTree,0.9,Tuning,Tuning,0.0,1.0
Baseline,DecisionTree,0.9,Tuning,Tuning,0.0,1.0
Baseline,DecisionTree,0.9,Defaults,Tuning,0.0,1.0
Baseline,DecisionTree,0.9,Tuning,Tuning,0.0,1.0
Baseline,DecisionTree,0.9,Tuning,Tuning,0.0,1.0
Baseline,DecisionTree,0.9,Tuning,Tuning,0.0,1.0
Baseline,DecisionTree,0.9,Tuning,Tuning,0.0,1.0
Baseline,DecisionTree,0.95,Tuning,Defaults,1.0,0.0
Baseline,DecisionTree,0.95,Tuning,Defaults,1.0,0.0
Baseline,DecisionTree,0.95,Defaults,Defaults,1.0,0.0
Baseline,DecisionTree,0.95,Tuning,Tuning,0.0,1.0
Baseline,DecisionTree,0.95,Tuning,Tuning,0.0,1.0
Baseline,DecisionTree,0.95,Tuning,Defaults,1.0,0.0
Baseline,DecisionTree,0.95,Tuning,Defaults,1.0,0.0
Baseline,DecisionTree,0.95,Defaults,Tuning,0.0,1.0
Baseline,DecisionTree,0.95,Defaults,Defaults,1.0,0.0
Baseline,DecisionTree,0.95,Tuning,Tuning,0.0,1.0
Baseline,DecisionTree,0.95,Tuning,Tuning,0.0,1.0
Baseline,DecisionTree,0.95,Defaults,Tuning,0.0,1.0
Baseline,DecisionTree,0.95,Tuning,Tuning,0.0,1.0
Baseline,DecisionTree,0.95,Tuning,Tuning,0.0,1.0
Baseline,DecisionTree,0.95,Tuning,Defaults,1.0,0.0
Baseline,DecisionTree,0.95,Tuning,Tuning,0.0,1.0
Baseline,DecisionTree,0.95,Defaults,Defaults,1.0,0.0
Baseline,DecisionTree,0.95,Tuning,Tuning,0.0,1.0
Baseline,DecisionTree,0.95,Defaults,Tuning,0.0,1.0
Baseline,DecisionTree,0.95,Tuning,Defaults,1.0,0.0
Baseline,DecisionTree,0.95,Tuning,Tuning,0.0,1.0
Baseline,DecisionTree,0.95,Defaults,Tuning,0.0,1.0
Baseline,DecisionTree,0.95,Tuning,Tuning,0.0,1.0
Baseline,DecisionTree,0.95,Tuning,Tuning,0.0,1.0
Baseline,DecisionTree,0.95,Tuning,Tuning,0.0,1.0
Baseline,DecisionTree,0.95,Tuning,Tuning,0.0,1.0
Baseline,DecisionTree,0.95,Tuning,Tuning,0.0,1.0
Baseline,DecisionTree,0.95,Tuning,Tuning,0.0,1.0
Baseline,DecisionTree,0.95,Tuning,Tuning,0.0,1.0
Baseline,DecisionTree,0.95,Tuning,Tuning,0.0,1.0
Baseline,DecisionTree,0.95,Tuning,Tuning,0.0,1.0
Baseline,DecisionTree,0.95,Tuning,Tuning,0.0,1.0
Baseline,DecisionTree,0.95,Defaults,Defaults,1.0,0.0
Baseline,DecisionTree,0.95,Defaults,Defaults,1.0,0.0
Baseline,DecisionTree,0.95,Tuning,Tuning,0.0,1.0
Baseline,DecisionTree,0.95,Tuning,Defaults,1.0,0.0
Baseline,DecisionTree,0.95,Tuning,Tuning,0.0,1.0
Baseline,DecisionTree,0.95,Defaults,Defaults,1.0,0.0
Baseline,DecisionTree,0.95,Tuning,Tuning,0.0,1.0
Baseline,DecisionTree,0.95,Defaults,Defaults,1.0,0.0
Baseline,DecisionTree,0.95,Tuning,Defaults,1.0,0.0
Baseline,DecisionTree,0.95,Tuning,Tuning,0.0,1.0
Baseline,DecisionTree,0.95,Tuning,Tuning,0.0,1.0
Baseline,DecisionTree,0.95,Tuning,Tuning,0.0,1.0
Baseline,DecisionTree,0.95,Tuning,Tuning,0.0,1.0
Baseline,DecisionTree,0.95,Tuning,Tuning,0.0,1.0
Baseline,DecisionTree,0.95,Tuning,Defaults,1.0,0.0
Baseline,DecisionTree,0.95,Tuning,Tuning,0.0,1.0
Baseline,DecisionTree,0.95,Tuning,Tuning,0.0,1.0
Baseline,DecisionTree,0.95,Tuning,Defaults,1.0,0.0
Baseline,DecisionTree,0.95,Defaults,Defaults,1.0,0.0
Baseline,DecisionTree,0.95,Tuning,Tuning,0.0,1.0
Baseline,DecisionTree,0.95,Tuning,Tuning,0.0,1.0
Baseline,DecisionTree,0.95,Defaults,Tuning,0.0,1.0
Baseline,DecisionTree,0.95,Tuning,Tuning,0.0,1.0
Baseline,DecisionTree,0.95,Tuning,Tuning,0.0,1.0
Baseline,DecisionTree,0.95,Tuning,Tuning,0.0,1.0
Baseline,DecisionTree,0.95,Tuning,Defaults,1.0,0.0
Baseline,DecisionTree,0.95,Tuning,Tuning,0.0,1.0
Baseline,DecisionTree,0.95,Tuning,Tuning,0.0,1.0
Baseline,DecisionTree,0.95,Tuning,Tuning,0.0,1.0
Baseline,DecisionTree,0.95,Tuning,Tuning,0.0,1.0
Baseline,DecisionTree,0.95,Tuning,Tuning,0.0,1.0
Baseline,DecisionTree,0.95,Defaults,Tuning,0.0,1.0
Baseline,DecisionTree,0.95,Tuning,Tuning,0.0,1.0
Baseline,DecisionTree,0.95,Defaults,Tuning,0.0,1.0
Baseline,DecisionTree,0.95,Tuning,Defaults,1.0,0.0
Baseline,DecisionTree,0.95,Tuning,Tuning,0.0,1.0
Baseline,DecisionTree,0.95,Tuning,Tuning,0.0,1.0
Baseline,DecisionTree,0.95,Tuning,Tuning,0.0,1.0
Baseline,DecisionTree,0.95,Tuning,Tuning,0.0,1.0
Baseline,DecisionTree,0.95,Defaults,Tuning,0.0,1.0
Baseline,DecisionTree,0.95,Tuning,Tuning,0.0,1.0
Baseline,DecisionTree,0.95,Defaults,Defaults,1.0,0.0
Baseline,DecisionTree,0.95,Defaults,Defaults,1.0,0.0
Baseline,DecisionTree,0.95,Defaults,Defaults,1.0,0.0
Baseline,DecisionTree,0.95,Defaults,Defaults,1.0,0.0
Baseline,DecisionTree,0.95,Tuning,Tuning,0.0,1.0
Baseline,DecisionTree,0.95,Tuning,Tuning,0.0,1.0
Baseline,DecisionTree,0.95,Tuning,Tuning,0.0,1.0
Baseline,DecisionTree,0.95,Defaults,Tuning,0.0,1.0
Baseline,DecisionTree,0.95,Defaults,Defaults,1.0,0.0
Baseline,DecisionTree,0.95,Defaults,Tuning,0.0,1.0
Baseline,DecisionTree,0.95,Defaults,Defaults,1.0,0.0
Baseline,DecisionTree,0.95,Tuning,Defaults,1.0,0.0
Baseline,DecisionTree,0.95,Tuning,Defaults,1.0,0.0
Baseline,DecisionTree,0.95,Defaults,Defaults,1.0,0.0
Baseline,DecisionTree,0.95,Tuning,Tuning,0.0,1.0
Baseline,DecisionTree,0.95,Defaults,Tuning,0.0,1.0
Baseline,DecisionTree,0.95,Tuning,Tuning,0.0,1.0
Baseline,DecisionTree,0.95,Tuning,Tuning,0.0,1.0
Baseline,DecisionTree,0.95,Defaults,Tuning,0.0,1.0
Baseline,DecisionTree,0.95,Tuning,Tuning,0.0,1.0
Baseline,DecisionTree,0.95,Defaults,Defaults,1.0,0.0
Baseline,DecisionTree,0.95,Tuning,Tuning,0.0,1.0
Baseline,DecisionTree,0.95,Tuning,Tuning,0.0,1.0
Baseline,DecisionTree,0.95,Tuning,Tuning,0.0,1.0
Baseline,DecisionTree,0.95,Defaults,Defaults,1.0,0.0
Baseline,DecisionTree,0.95,Tuning,Tuning,0.0,1.0
Baseline,DecisionTree,0.95,Tuning,Defaults,1.0,0.0
Baseline,DecisionTree,0.95,Tuning,Tuning,0.0,1.0
Baseline,DecisionTree,0.95,Defaults,Tuning,0.0,1.0
Baseline,DecisionTree,0.95,Tuning,Tuning,0.0,1.0
Baseline,DecisionTree,0.95,Tuning,Tuning,0.0,1.0
Baseline,DecisionTree,0.95,Tuning,Defaults,1.0,0.0
Baseline,DecisionTree,0.95,Tuning,Tuning,0.0,1.0
Baseline,DecisionTree,0.95,Tuning,Defaults,1.0,0.0
Baseline,DecisionTree,0.95,Tuning,Tuning,0.0,1.0
Baseline,DecisionTree,0.95,Tuning,Tuning,0.0,1.0
Baseline,DecisionTree,0.95,Defaults,Defaults,1.0,0.0
Baseline,DecisionTree,0.95,Tuning,Tuning,0.0,1.0
Baseline,DecisionTree,0.95,Tuning,Tuning,0.0,1.0
Baseline,DecisionTree,0.95,Tuning,Tuning,0.0,1.0
Baseline,DecisionTree,0.95,Tuning,Tuning,0.0,1.0
Baseline,DecisionTree,0.95,Tuning,Tuning,0.0,1.0
Baseline,DecisionTree,0.95,Tuning,Tuning,0.0,1.0
Baseline,DecisionTree,0.95,Tuning,Tuning,0.0,1.0
Baseline,DecisionTree,0.95,Tuning,Tuning,0.0,1.0
Baseline,DecisionTree,0.95,Defaults,Tuning,0.0,1.0
Baseline,DecisionTree,0.95,Tuning,Defaults,1.0,0.0
Baseline,DecisionTree,0.95,Defaults,Defaults,1.0,0.0
Baseline,DecisionTree,0.95,Tuning,Tuning,0.0,1.0
Baseline,DecisionTree,0.95,Tuning,Tuning,0.0,1.0
Baseline,DecisionTree,0.95,Tuning,Defaults,1.0,0.0
Baseline,DecisionTree,0.95,Tuning,Tuning,0.0,1.0
Baseline,DecisionTree,0.95,Defaults,Tuning,0.0,1.0
Baseline,DecisionTree,0.95,Defaults,Defaults,1.0,0.0
Baseline,DecisionTree,0.95,Tuning,Tuning,0.0,1.0
Baseline,DecisionTree,0.95,Tuning,Tuning,0.0,1.0
Baseline,DecisionTree,0.95,Tuning,Tuning,0.0,1.0
Baseline,DecisionTree,0.95,Tuning,Tuning,0.0,1.0
Baseline,DecisionTree,0.95,Tuning,Defaults,1.0,0.0
Baseline,DecisionTree,0.95,Tuning,Tuning,0.0,1.0
Baseline,DecisionTree,0.95,Tuning,Tuning,0.0,1.0
Baseline,DecisionTree,0.95,Tuning,Tuning,0.0,1.0
Baseline,DecisionTree,0.95,Defaults,Tuning,0.0,1.0
Baseline,DecisionTree,0.95,Tuning,Defaults,1.0,0.0
Baseline,DecisionTree,0.95,Tuning,Defaults,1.0,0.0
Baseline,DecisionTree,0.95,Tuning,Tuning,0.0,1.0
Baseline,DecisionTree,0.95,Tuning,Tuning,0.0,1.0
Baseline,DecisionTree,0.95,Defaults,Tuning,0.0,1.0
Baseline,DecisionTree,0.95,Tuning,Defaults,1.0,0.0
Baseline,DecisionTree,0.95,Tuning,Tuning,0.0,1.0
Baseline,DecisionTree,0.95,Tuning,Tuning,0.0,1.0
Baseline,DecisionTree,0.95,Defaults,Tuning,0.0,1.0
Baseline,DecisionTree,0.95,Tuning,Defaults,1.0,0.0
Baseline,DecisionTree,0.95,Tuning,Defaults,1.0,0.0
Baseline,DecisionTree,0.95,Tuning,Tuning,0.0,1.0
Baseline,DecisionTree,0.95,Defaults,Tuning,0.0,1.0
Baseline,DecisionTree,0.95,Defaults,Tuning,0.0,1.0
Baseline,DecisionTree,0.95,Tuning,Defaults,1.0,0.0
Baseline,DecisionTree,0.95,Tuning,Tuning,0.0,1.0
Baseline,DecisionTree,0.95,Tuning,Defaults,1.0,0.0
Baseline,DecisionTree,0.95,Defaults,Tuning,0.0,1.0
Baseline,DecisionTree,0.95,Defaults,Defaults,1.0,0.0
Baseline,DecisionTree,0.95,Defaults,Tuning,0.0,1.0
Baseline,DecisionTree,0.95,Tuning,Defaults,1.0,0.0
Baseline,DecisionTree,0.95,Defaults,Tuning,0.0,1.0
Baseline,DecisionTree,0.95,Tuning,Defaults,1.0,0.0
Baseline,DecisionTree,0.95,Tuning,Tuning,0.0,1.0
Baseline,DecisionTree,0.95,Defaults,Tuning,0.0,1.0
Baseline,DecisionTree,0.95,Defaults,Defaults,1.0,0.0
Baseline,DecisionTree,0.95,Tuning,Tuning,0.0,1.0
Baseline,DecisionTree,0.95,Tuning,Tuning,0.0,1.0
Baseline,DecisionTree,0.95,Defaults,Defaults,1.0,0.0
Baseline,DecisionTree,0.95,Tuning,Tuning,0.0,1.0
Baseline,DecisionTree,0.95,Tuning,Tuning,0.0,1.0
Baseline,DecisionTree,0.95,Tuning,Defaults,1.0,0.0
Baseline,DecisionTree,0.95,Tuning,Tuning,0.0,1.0
Baseline,NaiveBayes,0.8,Tuning,Tuning,9.925505336900756e-10,0.99999999900745
Baseline,NaiveBayes,0.8,Tuning,Defaults,0.8408081044161095,0.15919189558388971
Baseline,NaiveBayes,0.8,Defaults,Defaults,0.99999985622993,1.4377007276021077e-07
Baseline,NaiveBayes,0.8,Tuning,Defaults,0.997885895207131,0.002114104792871428
Baseline,NaiveBayes,0.8,Tuning,Tuning,0.0042243027772619285,0.9957756972227368
Baseline,NaiveBayes,0.8,Tuning,Defaults,0.99999998313168,1.68683190516919e-08
Baseline,NaiveBayes,0.8,Tuning,Tuning,2.2023984400133403e-17,1.0
Baseline,NaiveBayes,0.8,Defaults,Defaults,0.9979317259098427,0.002068274090158447
Baseline,NaiveBayes,0.8,Defaults,Defaults,0.9953391932838829,0.004660806716114867
Baseline,NaiveBayes,0.8,Tuning,Defaults,0.9999840046858782,1.5995314120477512e-05
Baseline,NaiveBayes,0.8,Tuning,Defaults,0.9999985398654803,1.4601345198954826e-06
Baseline,NaiveBayes,0.8,Defaults,Tuning,0.00023200288649612657,0.9997679971135047
Baseline,NaiveBayes,0.8,Tuning,Defaults,0.9999873119934537,1.2688006542959037e-05
Baseline,NaiveBayes,0.8,Tuning,Defaults,0.9711540291256612,0.028845970874341206
Baseline,NaiveBayes,0.8,Tuning,Tuning,0.0,1.0
Baseline,NaiveBayes,0.8,Tuning,Defaults,0.999999754296363,2.4570363909666155e-07
Baseline,NaiveBayes,0.8,Defaults,Defaults,0.9999996460461262,3.5395387580883927e-07
Baseline,NaiveBayes,0.8,Tuning,Defaults,0.9999977011950766,2.298804922286526e-06
Baseline,NaiveBayes,0.8,Defaults,Defaults,0.9999999367653436,6.323465651516945e-08
Baseline,NaiveBayes,0.8,Tuning,Defaults,0.9999999971661637,2.833834081598996e-09
Baseline,NaiveBayes,0.8,Tuning,Defaults,0.9999900852408776,9.914759121954953e-06
Baseline,NaiveBayes,0.8,Defaults,Defaults,0.9999994383355869,5.616644111961956e-07
Baseline,NaiveBayes,0.8,Tuning,Defaults,0.9950175625560915,0.004982437443905032
Baseline,NaiveBayes,0.8,Tuning,Defaults,0.999999999265075,7.349252316477737e-10
Baseline,NaiveBayes,0.8,Tuning,Defaults,0.9999998969746482,1.0302535148223638e-07
Baseline,NaiveBayes,0.8,Tuning,Defaults,0.9999973368799792,2.663120020373679e-06
Baseline,NaiveBayes,0.8,Tuning,Defaults,0.9187054087446933,0.08129459125530332
Baseline,NaiveBayes,0.8,Tuning,Defaults,0.9999990042320646,9.957679373730199e-07
Baseline,NaiveBayes,0.8,Tuning,Defaults,0.999999327201407,6.727985936904265e-07
Baseline,NaiveBayes,0.8,Tuning,Defaults,0.9999609411464614,3.9058853537220324e-05
Baseline,NaiveBayes,0.8,Tuning,Defaults,0.8252469790055164,0.17475302099448206
Baseline,NaiveBayes,0.8,Tuning,Defaults,0.920038419699728,0.07996158030027535
Baseline,NaiveBayes,0.8,Defaults,Defaults,0.9999999998827604,1.1724268234937711e-10
Baseline,NaiveBayes,0.8,Defaults,Defaults,0.9999994882537168,5.117462834458471e-07
Baseline,NaiveBayes,0.8,Tuning,Defaults,0.9995731321788586,0.0004268678211401233
Baseline,NaiveBayes,0.8,Tuning,Defaults,0.9996778614637305,0.00032213853627430884
Baseline,NaiveBayes,0.8,Tuning,Defaults,0.9998593829177065,0.0001406170822902089
Baseline,NaiveBayes,0.8,Defaults,Defaults,0.9999999995444142,4.555882723540943e-10
Baseline,NaiveBayes,0.8,Tuning,Defaults,0.9999996242929039,3.7570709262824027e-07
Baseline,NaiveBayes,0.8,Defaults,Defaults,0.9999999879394609,1.2060536779203663e-08
Baseline,NaiveBayes,0.8,Tuning,Defaults,0.9997739627523549,0.0002260372476452171
Baseline,NaiveBayes,0.8,Tuning,Tuning,0.0,1.0
Baseline,NaiveBayes,0.8,Tuning,Defaults,0.999999999995353,4.64948226275445e-12
Baseline,NaiveBayes,0.8,Tuning,Defaults,0.9999654625692797,3.453743072278668e-05
Baseline,NaiveBayes,0.8,Tuning,Tuning,7.197905820324075e-08,0.9999999280209434
Baseline,NaiveBayes,0.8,Tuning,Defaults,0.9999938381790641,6.161820935014411e-06
Baseline,NaiveBayes,0.8,Tuning,Tuning,8.615323617137392e-75,1.0
Baseline,NaiveBayes,0.8,Tuning,Defaults,0.623768284486155,0.37623171551384654
Baseline,NaiveBayes,0.8,Tuning,Defaults,0.9999999968193052,3.1806946922525606e-09
Baseline,NaiveBayes,0.8,Tuning,Tuning,0.19629117206021035,0.8037088279397906
Baseline,NaiveBayes,0.8,Defaults,Defaults,0.9728443107836177,0.027155689216381482
Baseline,NaiveBayes,0.8,Tuning,Tuning,0.0,1.0
Baseline,NaiveBayes,0.8,Tuning,Tuning,0.0,1.0
Baseline,NaiveBayes,0.8,Defaults,Defaults,0.9999941962690234,5.803730976042424e-06
Baseline,NaiveBayes,0.8,Tuning,Defaults,0.9999999999978613,2.1414832831136314e-12
Baseline,NaiveBayes,0.8,Tuning,Defaults,0.9999999994561648,5.438362002349678e-10
Baseline,NaiveBayes,0.8,Tuning,Defaults,0.9999999997154418,2.845573632970739e-10
Baseline,NaiveBayes,0.8,Tuning,Defaults,0.9999999992586339,7.413648415909105e-10
Baseline,NaiveBayes,0.8,Tuning,Defaults,0.7923993730849892,0.20760062691501016
Baseline,NaiveBayes,0.8,Tuning,Defaults,0.9770353756852271,0.02296462431477428
Baseline,NaiveBayes,0.8,Tuning,Tuning,0.0,1.0
Baseline,NaiveBayes,0.8,Tuning,Defaults,0.9999999998829736,1.1702831002932317e-10
Baseline,NaiveBayes,0.8,Tuning,Defaults,0.9999999889932881,1.1006711794115488e-08
Baseline,NaiveBayes,0.8,Defaults,Defaults,0.9999999996556284,3.4437292738195143e-10
Baseline,NaiveBayes,0.8,Tuning,Defaults,0.9999999969816002,3.0183979941033276e-09
Baseline,NaiveBayes,0.8,Defaults,Defaults,0.9999998617569001,1.3824309866571981e-07
Baseline,NaiveBayes,0.8,Tuning,Tuning,0.012410905376891795,0.9875890946231062
Baseline,NaiveBayes,0.8,Tuning,Defaults,0.7208791184805663,0.27912088151943404
Baseline,NaiveBayes,0.8,Tuning,Defaults,0.9999999956022805,4.397719881746455e-09
Baseline,NaiveBayes,0.8,Tuning,Tuning,4.7444963631909336e-23,1.0
Baseline,NaiveBayes,0.8,Tuning,Defaults,0.9998253176432692,0.00017468235673295926
Baseline,NaiveBayes,0.8,Defaults,Tuning,4.180712983276999e-21,1.0
Baseline,NaiveBayes,0.8,Tuning,Tuning,0.2168125707680321,0.7831874292319668
Baseline,NaiveBayes,0.8,Defaults,Defaults,0.9999999991928448,8.07153805011546e-10
Baseline,NaiveBayes,0.8,Defaults,Defaults,0.9999999986637107,1.3362832368275465e-09
Baseline,NaiveBayes,0.8,Defaults,Defaults,0.9999999996053717,3.946293218056642e-10
Baseline,NaiveBayes,0.8,Defaults,Defaults,0.9999999986315657,1.3684356678290422e-09
Baseline,NaiveBayes,0.8,Tuning,Tuning,0.0,1.0
Baseline,NaiveBayes,0.8,Tuning,Tuning,0.0,1.0
Baseline,NaiveBayes,0.8,Tuning,Tuning,5.1256776512699576e-17,1.0
Baseline,NaiveBayes,0.8,Defaults,Defaults,0.890849592021694,0.10915040797830472
Baseline,NaiveBayes,0.8,Defaults,Defaults,0.98735276632003,0.01264723367996935
Baseline,NaiveBayes,0.8,Defaults,Defaults,0.9999803192838878,1.9680716109453008e-05
Baseline,NaiveBayes,0.8,Defaults,Defaults,0.9999984066976327,1.5933023660397927e-06
Baseline,NaiveBayes,0.8,Tuning,Defaults,0.9999981341627658,1.8658372327228585e-06
Baseline,NaiveBayes,0.8,Tuning,Defaults,0.9775964282132354,0.022403571786763152
Baseline,NaiveBayes,0.8,Defaults,Defaults,0.9999999998982148,1.0178569441295368e-10
Baseline,NaiveBayes,0.8,Tuning,Defaults,0.999999091852253,9.081477489093202e-07
Baseline,NaiveBayes,0.8,Defaults,Defaults,0.9999999542496393,4.575036124186601e-08
Baseline,NaiveBayes,0.8,Tuning,Tuning,2.0061620574435145e-10,0.9999999997993854
Baseline,NaiveBayes,0.8,Tuning,Defaults,0.916222948669306,0.08377705133069425
Baseline,NaiveBayes,0.8,Defaults,Defaults,0.9999835174499097,1.648255008868217e-05
Baseline,NaiveBayes,0.8,Tuning,Defaults,0.9999999837375385,1.626245992424234e-08
Baseline,NaiveBayes,0.8,Defaults,Tuning,0.0,1.0
Baseline,NaiveBayes,0.8,Tuning,Defaults,0.9927823064567056,0.007217693543292317
Baseline,NaiveBayes,0.8,Tuning,Defaults,0.9976283915005622,0.002371608499435459
Baseline,NaiveBayes,0.8,Tuning,Defaults,0.9999997800927318,2.1990726953334672e-07
Baseline,NaiveBayes,0.8,Defaults,Defaults,0.9999999872296713,1.2770326937829055e-08
Baseline,NaiveBayes,0.8,Tuning,Defaults,0.9999997595673311,2.404326700124584e-07
Baseline,NaiveBayes,0.8,Tuning,Defaults,0.999846182759137,0.0001538172408626706
Baseline,NaiveBayes,0.8,Tuning,Defaults,0.9999900188889964,9.981111000893229e-06
Baseline,NaiveBayes,0.8,Defaults,Defaults,0.9643287353680507,0.03567126463194574
Baseline,NaiveBayes,0.8,Tuning,Defaults,0.9999999988082919,1.1917090189175872e-09
Baseline,NaiveBayes,0.8,Tuning,Defaults,0.9999999993583124,6.416885108075367e-10
Baseline,NaiveBayes,0.8,Tuning,Tuning,2.0140829515237723e-91,1.0
Baseline,NaiveBayes,0.8,Tuning,Tuning,0.4008627470852187,0.5991372529147799
Baseline,NaiveBayes,0.8,Tuning,Defaults,0.9999999999243308,7.566801474298897e-11
Baseline,NaiveBayes,0.8,Tuning,Defaults,0.9977174120692202,0.0022825879307784036
Baseline,NaiveBayes,0.8,Tuning,Tuning,1.3268996415426273e-08,0.9999999867309982
Baseline,NaiveBayes,0.8,Defaults,Defaults,0.9999999971004954,2.8995020286266357e-09
Baseline,NaiveBayes,0.8,Tuning,Tuning,0.29274541980846797,0.7072545801915339
Baseline,NaiveBayes,0.8,Tuning,Defaults,0.9993186824594413,0.0006813175405575997
Baseline,NaiveBayes,0.8,Tuning,Defaults,0.9999984590949188,1.5409050831702264e-06
Baseline,NaiveBayes,0.8,Tuning,Defaults,0.9997573034246039,0.00024269657539488905
Baseline,NaiveBayes,0.8,Tuning,Tuning,6.727144856944033e-39,1.0
Baseline,NaiveBayes,0.8,Tuning,Defaults,0.9999999803520156,1.964798136746789e-08
Baseline,NaiveBayes,0.8,Tuning,Defaults,0.9999999619137022,3.808629627367957e-08
Baseline,NaiveBayes,0.8,Tuning,Defaults,0.9320483574180022,0.06795164258200112
Baseline,NaiveBayes,0.8,Defaults,Defaults,0.9999999999193463,8.065071910217076e-11
Baseline,NaiveBayes,0.8,Tuning,Tuning,3.511764115831034e-45,1.0
Baseline,NaiveBayes,0.8,Defaults,Defaults,0.9999999999967315,3.2698738032247485e-12
Baseline,NaiveBayes,0.8,Tuning,Defaults,0.9999999999526779,4.732376293196994e-11
Baseline,NaiveBayes,0.8,Tuning,Defaults,0.9999999991325268,8.67472784007614e-10
Baseline,NaiveBayes,0.8,Tuning,Tuning,1.8888706234940945e-48,1.0
Baseline,NaiveBayes,0.8,Tuning,Defaults,0.9999768141099338,2.3185890065073208e-05
Baseline,NaiveBayes,0.8,Defaults,Defaults,0.9901787558021858,0.009821244197816409
Baseline,NaiveBayes,0.8,Defaults,Defaults,0.9999996330974772,3.669025221034784e-07
Baseline,NaiveBayes,0.8,Tuning,Defaults,0.9999977534806216,2.2465193793728513e-06
Baseline,NaiveBayes,0.8,Tuning,Defaults,1.0,1.5174994609862935e-15
Baseline,NaiveBayes,0.8,Tuning,Defaults,0.9999982897150576,1.7102849437301497e-06
Baseline,NaiveBayes,0.8,Tuning,Defaults,0.9999982897150576,1.7102849437301497e-06
Baseline,NaiveBayes,0.8,Tuning,Tuning,1.565452644502354e-06,0.9999984345473681
Baseline,NaiveBayes,0.8,Tuning,Tuning,0.023381261089233142,0.976618738910771
Baseline,NaiveBayes,0.8,Tuning,Defaults,0.9999999978410301,2.1589684419122705e-09
Baseline,NaiveBayes,0.8,Tuning,Defaults,0.9980988815200514,0.001901118479950249
Baseline,NaiveBayes,0.8,Defaults,Defaults,0.9999999998980584,1.0194006084249783e-10
Baseline,NaiveBayes,0.8,Tuning,Defaults,0.9999999993871569,6.128455189419494e-10
Baseline,NaiveBayes,0.8,Tuning,Defaults,0.9999999998337614,1.6623834487790422e-10
Baseline,NaiveBayes,0.8,Tuning,Tuning,4.737229470515835e-19,1.0
Baseline,NaiveBayes,0.8,Tuning,Defaults,0.9988695124253999,0.0011304875745969931
Baseline,NaiveBayes,0.8,Defaults,Defaults,0.9999999998336833,1.6631536086433132e-10
Baseline,NaiveBayes,0.8,Tuning,Defaults,0.9999999292142218,7.07857801163695e-08
Baseline,NaiveBayes,0.8,Tuning,Defaults,0.9999999999996803,3.181224764529534e-13
Baseline,NaiveBayes,0.8,Tuning,Defaults,0.9999999991785202,8.214803560302761e-10
Baseline,NaiveBayes,0.8,Defaults,Defaults,0.999999992874109,7.125891111570744e-09
Baseline,NaiveBayes,0.8,Tuning,Defaults,0.9494673949938609,0.050532605006133886
Baseline,NaiveBayes,0.8,Tuning,Defaults,0.9999999944566369,5.543359644170248e-09
Baseline,NaiveBayes,0.8,Tuning,Defaults,0.9999999983587884,1.6412143680493321e-09
Baseline,NaiveBayes,0.8,Defaults,Defaults,0.999999995460918,4.539083537232465e-09
Baseline,NaiveBayes,0.8,Defaults,Defaults,0.9481532028030775,0.05184679719692441
Baseline,NaiveBayes,0.8,Tuning,Tuning,1.119090397103908e-16,1.0
Baseline,NaiveBayes,0.8,Tuning,Defaults,0.9757966748243291,0.024203325175667974
Baseline,NaiveBayes,0.8,Tuning,Tuning,0.0,1.0
Baseline,NaiveBayes,0.8,Defaults,Defaults,0.9999999993822897,6.177090811562888e-10
Baseline,NaiveBayes,0.8,Defaults,Defaults,0.9999999848056477,1.5194355366901186e-08
Baseline,NaiveBayes,0.8,Defaults,Defaults,0.9999999999844249,1.5576761245694666e-11
Baseline,NaiveBayes,0.8,Tuning,Defaults,0.9999998997284131,1.0027159329567178e-07
Baseline,NaiveBayes,0.8,Defaults,Defaults,0.999999999890214,1.0978515989970452e-10
Baseline,NaiveBayes,0.8,Tuning,Defaults,0.999999999982137,1.7864124020446983e-11
Baseline,NaiveBayes,0.8,Tuning,Defaults,0.9999348552974618,6.514470253749893e-05
Baseline,NaiveBayes,0.8,Defaults,Defaults,0.9999999994817053,5.182937575447925e-10
Baseline,NaiveBayes,0.8,Defaults,Defaults,0.9999999951429004,4.85709788774339e-09
Baseline,NaiveBayes,0.8,Tuning,Defaults,0.9999999998483773,1.5162278591968033e-10
Baseline,NaiveBayes,0.8,Tuning,Defaults,0.9999999821328346,1.786716779149077e-08
Baseline,NaiveBayes,0.8,Defaults,Defaults,0.9999858854600278,1.411453997567631e-05
Baseline,NaiveBayes,0.8,Tuning,Tuning,7.949040380195244e-143,1.0
Baseline,NaiveBayes,0.8,Tuning,Tuning,0.2091798453282815,0.7908201546717155
Baseline,NaiveBayes,0.8,Tuning,Tuning,0.0,1.0
Baseline,NaiveBayes,0.8,Tuning,Defaults,1.0,5.941500433337314e-54
Baseline,NaiveBayes,0.85,Tuning,Tuning,2.9523021419337816e-15,1.0
Baseline,NaiveBayes,0.85,Tuning,Tuning,2.4142399169248324e-57,1.0
Baseline,NaiveBayes,0.85,Defaults,Defaults,0.9999998951723497,1.0482764686086323e-07
Baseline,NaiveBayes,0.85,Tuning,Tuning,0.0062308857903354605,0.9937691142096625
Baseline,NaiveBayes,0.85,Tuning,Tuning,7.886886520163154e-39,1.0
Baseline,NaiveBayes,0.85,Tuning,Defaults,0.9999999975979534,2.4020486790220243e-09
Baseline,NaiveBayes,0.85,Tuning,Tuning,0.0,1.0
Baseline,NaiveBayes,0.85,Defaults,Defaults,0.9996357792096089,0.00036422079038774197
Baseline,NaiveBayes,0.85,Defaults,Defaults,0.9382896427492533,0.06171035725074498
Baseline,NaiveBayes,0.85,Tuning,Defaults,0.9999981436516769,1.856348323733865e-06
Baseline,NaiveBayes,0.85,Tuning,Defaults,0.999999778340278,2.2165971991871105e-07
Baseline,NaiveBayes,0.85,Defaults,Tuning,0.0030431722305115363,0.9969568277694894
Baseline,NaiveBayes,0.85,Tuning,Defaults,0.9998847711105628,0.00011522888943729281
Baseline,NaiveBayes,0.85,Tuning,Tuning,3.993787668347634e-08,0.9999999600621202
Baseline,NaiveBayes,0.85,Tuning,Tuning,0.0,1.0
Baseline,NaiveBayes,0.85,Tuning,Defaults,0.9999999704726581,2.952734038923271e-08
Baseline,NaiveBayes,0.85,Defaults,Defaults,0.999996689455253,3.31054474353964e-06
Baseline,NaiveBayes,0.85,Tuning,Defaults,0.9999997048605858,2.9513941073300104e-07
Baseline,NaiveBayes,0.85,Defaults,Defaults,0.9999999915625182,8.437481940801312e-09
Baseline,NaiveBayes,0.85,Tuning,Defaults,0.9999999996942179,3.0578235459949724e-10
Baseline,NaiveBayes,0.85,Tuning,Defaults,0.9999987096585425,1.2903414587334041e-06
Baseline,NaiveBayes,0.85,Defaults,Defaults,0.9999999795617003,2.0438301201008225e-08
Baseline,NaiveBayes,0.85,Tuning,Defaults,0.999711856871517,0.0002881431284833168
Baseline,NaiveBayes,0.85,Tuning,Defaults,0.9999999999569269,4.3075134872527724e-11
Baseline,NaiveBayes,0.85,Tuning,Defaults,0.9999999890216459,1.09783511326093e-08
Baseline,NaiveBayes,0.85,Tuning,Defaults,0.999998847561567,1.152438430652818e-06
Baseline,NaiveBayes,0.85,Tuning,Tuning,3.9085490175534194e-20,1.0
Baseline,NaiveBayes,0.85,Tuning,Defaults,0.9999995111189279,4.888810730836219e-07
Baseline,NaiveBayes,0.85,Tuning,Defaults,0.9999998371251156,1.6287488142014637e-07
Baseline,NaiveBayes,0.85,Tuning,Defaults,0.9989286616007771,0.0010713383992244775
Baseline,NaiveBayes,0.85,Tuning,Tuning,7.740300903492755e-13,0.9999999999992255
Baseline,NaiveBayes,0.85,Tuning,Tuning,3.1670587977930687e-17,1.0
Baseline,NaiveBayes,0.85,Defaults,Defaults,0.9999999999847233,1.527663958354148e-11
Baseline,NaiveBayes,0.85,Defaults,Defaults,0.9999999535436654,4.64563341278973e-08
Baseline,NaiveBayes,0.85,Tuning,Defaults,0.9997622290026769,0.00023777099732425475
Baseline,NaiveBayes,0.85,Tuning,Defaults,0.9999945165592113,5.483440782200363e-06
Baseline,NaiveBayes,0.85,Tuning,Defaults,0.9999744206756858,2.5579324314911505e-05
Baseline,NaiveBayes,0.85,Defaults,Defaults,0.9999999999867981,1.320103634926584e-11
Baseline,NaiveBayes,0.85,Tuning,Defaults,0.9999999547978727,4.5202123992889856e-08
Baseline,NaiveBayes,0.85,Defaults,Defaults,0.9999999972686382,2.7313626024379754e-09
Baseline,NaiveBayes,0.85,Tuning,Defaults,0.9984942879788434,0.0015057120211552967
Baseline,NaiveBayes,0.85,Tuning,Tuning,0.0,1.0
Baseline,NaiveBayes,0.85,Tuning,Defaults,0.9999999999995026,4.960744475179459e-13
Baseline,NaiveBayes,0.85,Tuning,Defaults,0.6803261462717591,0.31967385372824064
Baseline,NaiveBayes,0.85,Tuning,Tuning,7.915141260379578e-06,0.9999920848587365
Baseline,NaiveBayes,0.85,Tuning,Defaults,0.9999856650084264,1.433499157250557e-05
Baseline,NaiveBayes,0.85,Tuning,Tuning,5.262691879220376e-74,1.0
Baseline,NaiveBayes,0.85,Tuning,Defaults,0.684993875577883,0.3150061244221112
Baseline,NaiveBayes,0.85,Tuning,Defaults,0.9999999997881837,2.1181551704849312e-10
Baseline,NaiveBayes,0.85,Tuning,Defaults,0.6913825830201308,0.30861741697987
Baseline,NaiveBayes,0.85,Defaults,Defaults,0.9954994167200709,0.00450058327992665
Baseline,NaiveBayes,0.85,Tuning,Tuning,0.0,1.0
Baseline,NaiveBayes,0.85,Tuning,Tuning,0.0,1.0
Baseline,NaiveBayes,0.85,Defaults,Defaults,0.995368991159862,0.004631008840136513
Baseline,NaiveBayes,0.85,Tuning,Defaults,0.999999999999801,1.9751031627363515e-13
Baseline,NaiveBayes,0.85,Tuning,Defaults,0.9999999993999751,6.000268617555693e-10
Baseline,NaiveBayes,0.85,Tuning,Defaults,0.9999999999627249,3.727438613281999e-11
Baseline,NaiveBayes,0.85,Tuning,Defaults,0.9999999999652864,3.4713943167762946e-11
Baseline,NaiveBayes,0.85,Tuning,Defaults,0.6932509542290977,0.3067490457709003
Baseline,NaiveBayes,0.85,Tuning,Tuning,0.024296674844640934,0.9757033251553563
Baseline,NaiveBayes,0.85,Tuning,Tuning,0.0,1.0
Baseline,NaiveBayes,0.85,Tuning,Defaults,0.9999999999865707,1.3431296721306135e-11
Baseline,NaiveBayes,0.85,Tuning,Defaults,0.9999999989657127,1.0342855354498328e-09
Baseline,NaiveBayes,0.85,Defaults,Defaults,0.9999999999611902,3.8811246553481484e-11
Baseline,NaiveBayes,0.85,Tuning,Defaults,0.9999999985637871,1.436214237296321e-09
Baseline,NaiveBayes,0.85,Defaults,Defaults,0.9999999723886933,2.7611303471127665e-08
Baseline,NaiveBayes,0.85,Tuning,Tuning,0.08991765326884832,0.9100823467311495
Baseline,NaiveBayes,0.85,Tuning,Defaults,0.9070193921418584,0.0929806078581429
Baseline,NaiveBayes,0.85,Tuning,Defaults,0.9999999997836753,2.1632351381537616e-10
Baseline,NaiveBayes,0.85,Tuning,Tuning,1.729455886975641e-22,1.0
Baseline,NaiveBayes,0.85,Tuning,Defaults,0.9999790964985245,2.0903501478208605e-05
Baseline,NaiveBayes,0.85,Defaults,Tuning,1.3027770327277068e-20,1.0
Baseline,NaiveBayes,0.85,Tuning,Defaults,0.6631711789528706,0.33682882104713235
Baseline,NaiveBayes,0.85,Defaults,Defaults,0.9999999998903064,1.0968722551471489e-10
Baseline,NaiveBayes,0.85,Defaults,Defaults,0.9999999998179874,1.8201892769016036e-10
Baseline,NaiveBayes,0.85,Defaults,Defaults,0.9999999999508589,4.913765921188179e-11
Baseline,NaiveBayes,0.85,Defaults,Defaults,0.9999999998140368,1.859664480563877e-10
Baseline,NaiveBayes,0.85,Tuning,Tuning,0.0,1.0
Baseline,NaiveBayes,0.85,Tuning,Tuning,0.0,1.0
Baseline,NaiveBayes,0.85,Tuning,Tuning,1.7284610460417708e-16,1.0
Baseline,NaiveBayes,0.85,Defaults,Defaults,0.8814695916382284,0.11853040836177531
Baseline,NaiveBayes,0.85,Defaults,Defaults,0.9794466465197279,0.020553353480267825
Baseline,NaiveBayes,0.85,Defaults,Defaults,0.9999954291425951,4.570857405716844e-06
Baseline,NaiveBayes,0.85,Defaults,Defaults,0.9999998616913384,1.383086619230858e-07
Baseline,NaiveBayes,0.85,Tuning,Defaults,0.9999992343187731,7.656812258448433e-07
Baseline,NaiveBayes,0.85,Tuning,Defaults,0.9857738038244918,0.014226196175504137
Baseline,NaiveBayes,0.85,Defaults,Defaults,0.9999999999865636,1.3438837530244061e-11
Baseline,NaiveBayes,0.85,Tuning,Defaults,0.9999993808252227,6.191747740182307e-07
Baseline,NaiveBayes,0.85,Defaults,Defaults,0.9999999922703395,7.729663564683253e-09
Baseline,NaiveBayes,0.85,Tuning,Tuning,1.3921990618753952e-08,0.9999999860780094
Baseline,NaiveBayes,0.85,Tuning,Defaults,0.9089920789314186,0.09100792106858083
Baseline,NaiveBayes,0.85,Defaults,Defaults,0.9999962903155748,3.709684425640384e-06
Baseline,NaiveBayes,0.85,Tuning,Defaults,0.9999999984192982,1.580702035571055e-09
Baseline,NaiveBayes,0.85,Defaults,Tuning,0.0,1.0
Baseline,NaiveBayes,0.85,Tuning,Defaults,0.9907000418447368,0.009299958155261766
Baseline,NaiveBayes,0.85,Tuning,Defaults,0.9987468253556673,0.0012531746443346045
Baseline,NaiveBayes,0.85,Tuning,Defaults,0.9999999681373458,3.186265191678501e-08
Baseline,NaiveBayes,0.85,Defaults,Defaults,0.9999999988315906,1.1684073404712115e-09
Baseline,NaiveBayes,0.85,Tuning,Defaults,0.9999999303355291,6.966447089415212e-08
Baseline,NaiveBayes,0.85,Tuning,Defaults,0.9995341510565375,0.00046584894346791544
Baseline,NaiveBayes,0.85,Tuning,Defaults,0.99999531633483,4.683665168157152e-06
Baseline,NaiveBayes,0.85,Defaults,Defaults,0.8503781582261816,0.1496218417738182
Baseline,NaiveBayes,0.85,Tuning,Defaults,0.9999999998614442,1.385557963562591e-10
Baseline,NaiveBayes,0.85,Tuning,Defaults,0.9999999999583835,4.1618347191833934e-11
Baseline,NaiveBayes,0.85,Tuning,Tuning,1.9194667147964012e-90,1.0
Baseline,NaiveBayes,0.85,Tuning,Tuning,0.002554667752933997,0.9974453322470681
Baseline,NaiveBayes,0.85,Tuning,Defaults,0.9999999999910187,8.980820640071034e-12
Baseline,NaiveBayes,0.85,Tuning,Defaults,0.9987937706521063,0.0012062293478910073
Baseline,NaiveBayes,0.85,Tuning,Tuning,8.971586786739967e-09,0.9999999910284174
Baseline,NaiveBayes,0.85,Defaults,Defaults,0.999999997950205,2.049798468882486e-09
Baseline,NaiveBayes,0.85,Tuning,Tuning,0.25270173899671994,0.7472982610032785
Baseline,NaiveBayes,0.85,Tuning,Defaults,0.8921021213328907,0.10789787866711037
Baseline,NaiveBayes,0.85,Tuning,Defaults,0.9999523685690007,4.7631430996858725e-05
Baseline,NaiveBayes,0.85,Tuning,Defaults,0.9994624202964659,0.000537579703534587
Baseline,NaiveBayes,0.85,Tuning,Tuning,6.158543361254231e-38,1.0
Baseline,NaiveBayes,0.85,Tuning,Defaults,0.9999999957380084,4.261994356950676e-09
Baseline,NaiveBayes,0.85,Tuning,Defaults,0.9999999956744929,4.325507127795938e-09
Baseline,NaiveBayes,0.85,Tuning,Defaults,0.9033296341559077,0.09667036584409898
Baseline,NaiveBayes,0.85,Defaults,Defaults,0.9999999999900453,9.955651308608308e-12
Baseline,NaiveBayes,0.85,Tuning,Tuning,5.206413239759466e-44,1.0
Baseline,NaiveBayes,0.85,Defaults,Defaults,0.9999999999996945,3.0242586197807937e-13
Baseline,NaiveBayes,0.85,Tuning,Defaults,0.9999999999934559,6.5441826347782006e-12
Baseline,NaiveBayes,0.85,Tuning,Defaults,0.9999999998662474,1.337510125030157e-10
Baseline,NaiveBayes,0.85,Tuning,Tuning,1.9201547236567217e-48,1.0
Baseline,NaiveBayes,0.85,Tuning,Defaults,0.9999588519057326,4.1148094266607906e-05
Baseline,NaiveBayes,0.85,Defaults,Defaults,0.9941667907338959,0.0058332092661021705
Baseline,NaiveBayes,0.85,Defaults,Defaults,0.9999999270697613,7.293023943752588e-08
Baseline,NaiveBayes,0.85,Tuning,Defaults,0.9999040352121338,9.5964787863864e-05
Baseline,NaiveBayes,0.85,Tuning,Defaults,1.0,6.674288409221646e-16
Baseline,NaiveBayes,0.85,Tuning,Defaults,0.9999962908999656,3.7091000318479465e-06
Baseline,NaiveBayes,0.85,Tuning,Defaults,0.9999962908999656,3.7091000318479465e-06
Baseline,NaiveBayes,0.85,Tuning,Tuning,2.7360750914268596e-06,0.9999972639249022
Baseline,NaiveBayes,0.85,Tuning,Tuning,0.006950391116932213,0.9930496088830739
Baseline,NaiveBayes,0.85,Tuning,Defaults,0.9999999998136531,1.8634424204640636e-10
Baseline,NaiveBayes,0.85,Tuning,Defaults,0.999807856980775,0.0001921430192238558
Baseline,NaiveBayes,0.85,Defaults,Defaults,0.9999999999977263,2.2738682315470805e-12
Baseline,NaiveBayes,0.85,Tuning,Defaults,0.999999999969269,3.072847654325492e-11
Baseline,NaiveBayes,0.85,Tuning,Defaults,0.9999999999934559,6.54110914426472e-12
Baseline,NaiveBayes,0.85,Tuning,Tuning,5.624743589037462e-210,1.0
Baseline,NaiveBayes,0.85,Tuning,Defaults,0.9998706496465612,0.00012935035344273897
Baseline,NaiveBayes,0.85,Defaults,Defaults,0.9999999999785985,2.1403779125444065e-11
Baseline,NaiveBayes,0.85,Tuning,Defaults,0.9999999915467939,8.453203868335703e-09
Baseline,NaiveBayes,0.85,Tuning,Defaults,0.9999999999999645,3.661135761955077e-14
Baseline,NaiveBayes,0.85,Tuning,Defaults,0.9999999999044888,9.551061800886574e-11
Baseline,NaiveBayes,0.85,Defaults,Defaults,0.9999999992090949,7.909045100536286e-10
Baseline,NaiveBayes,0.85,Tuning,Defaults,0.9881852543030996,0.0118147456968976
Baseline,NaiveBayes,0.85,Tuning,Defaults,0.9999999995859596,4.140401008597272e-10
Baseline,NaiveBayes,0.85,Tuning,Defaults,0.9999999998246452,1.753552866682125e-10
Baseline,NaiveBayes,0.85,Defaults,Defaults,0.9999999995059099,4.940902529351711e-10
Baseline,NaiveBayes,0.85,Defaults,Defaults,0.9925367859219473,0.0074632140780519305
Baseline,NaiveBayes,0.85,Tuning,Tuning,3.577311114003373e-16,1.0
Baseline,NaiveBayes,0.85,Tuning,Defaults,0.995577360475402,0.004422639524597114
Baseline,NaiveBayes,0.85,Tuning,Tuning,0.0,1.0
Baseline,NaiveBayes,0.85,Defaults,Defaults,0.9999999999669491,3.305206176135623e-11
Baseline,NaiveBayes,0.85,Defaults,Defaults,0.9999999989591686,1.040830239594395e-09
Baseline,NaiveBayes,0.85,Defaults,Defaults,0.999999999998554,1.4473307422177962e-12
Baseline,NaiveBayes,0.85,Tuning,Defaults,0.9999999934311319,6.568870720780436e-09
Baseline,NaiveBayes,0.85,Defaults,Defaults,0.999999999987562,1.2437163720203149e-11
Baseline,NaiveBayes,0.85,Tuning,Defaults,0.9999999999982094,1.791213439012195e-12
Baseline,NaiveBayes,0.85,Tuning,Defaults,0.9999847871241323,1.521287586521473e-05
Baseline,NaiveBayes,0.85,Defaults,Defaults,0.9999999999530154,4.698592345251436e-11
Baseline,NaiveBayes,0.85,Defaults,Defaults,0.9999999991729425,8.270542871889168e-10
Baseline,NaiveBayes,0.85,Tuning,Defaults,0.9999999999799734,2.0028357906958628e-11
Baseline,NaiveBayes,0.85,Tuning,Defaults,0.9999999984240162,1.575986520072436e-09
Baseline,NaiveBayes,0.85,Defaults,Defaults,0.9999991923694289,8.076305722833476e-07
Baseline,NaiveBayes,0.85,Tuning,Tuning,8.541744689282949e-142,1.0
Baseline,NaiveBayes,0.85,Tuning,Defaults,0.7749062118035427,0.22509378819645767
Baseline,NaiveBayes,0.85,Tuning,Tuning,0.0,1.0
Baseline,NaiveBayes,0.85,Tuning,Defaults,1.0,2.6900796076722627e-54
Baseline,NaiveBayes,0.9,Tuning,Tuning,4.042651915655472e-297,1.0
Baseline,NaiveBayes,0.9,Tuning,Tuning,1.3689246042184069e-99,1.0
Baseline,NaiveBayes,0.9,Defaults,Defaults,0.9999999869424557,1.3057547744735617e-08
Baseline,NaiveBayes,0.9,Tuning,Tuning,1.0243136165162851e-05,0.9999897568638351
Baseline,NaiveBayes,0.9,Tuning,Tuning,4.0528720106480986e-65,1.0
Baseline,NaiveBayes,0.9,Tuning,Defaults,0.9999999999484714,5.152673296974963e-11
Baseline,NaiveBayes,0.9,Tuning,Tuning,0.0,1.0
Baseline,NaiveBayes,0.9,Defaults,Defaults,0.9999107455373281,8.925446267470956e-05
Baseline,NaiveBayes,0.9,Defaults,Defaults,0.8823866145127829,0.11761338548721921
Baseline,NaiveBayes,0.9,Tuning,Defaults,0.9999993348850831,6.651149226210956e-07
Baseline,NaiveBayes,0.9,Tuning,Defaults,0.9999996672411683,3.327588309129583e-07
Baseline,NaiveBayes,0.9,Defaults,Tuning,0.13552923076201429,0.864470769237984
Baseline,NaiveBayes,0.9,Tuning,Defaults,0.9987860109133111,0.0012139890866879137
Baseline,NaiveBayes,0.9,Tuning,Tuning,1.3024506997978528e-15,1.0
Baseline,NaiveBayes,0.9,Tuning,Tuning,0.0,1.0
Baseline,NaiveBayes,0.9,Tuning,Defaults,0.9999999335282603,6.647174090529036e-08
Baseline,NaiveBayes,0.9,Defaults,Defaults,0.9999990165078576,9.834921393839416e-07
Baseline,NaiveBayes,0.9,Tuning,Defaults,0.999999534484326,4.655156714034229e-07
Baseline,NaiveBayes,0.9,Defaults,Defaults,0.9999999996047393,3.952590404705077e-10
Baseline,NaiveBayes,0.9,Tuning,Defaults,0.9999999999120561,8.794249912529677e-11
Baseline,NaiveBayes,0.9,Tuning,Defaults,0.999999959230906,4.0769096144027196e-08
Baseline,NaiveBayes,0.9,Defaults,Defaults,0.9999999947076503,5.292348213876294e-09
Baseline,NaiveBayes,0.9,Tuning,Defaults,0.9999042824958221,9.571750417742364e-05
Baseline,NaiveBayes,0.9,Tuning,Defaults,0.9999999999936975,6.299155460466309e-12
Baseline,NaiveBayes,0.9,Tuning,Defaults,0.9999999900120926,9.987907285529976e-09
Baseline,NaiveBayes,0.9,Tuning,Defaults,0.999996635083802,3.3649161991982605e-06
Baseline,NaiveBayes,0.9,Tuning,Tuning,6.910964971522986e-35,1.0
Baseline,NaiveBayes,0.9,Tuning,Defaults,0.9999989859078039,1.0140921990320038e-06
Baseline,NaiveBayes,0.9,Tuning,Defaults,0.9999998702009818,1.2979902052304563e-07
Baseline,NaiveBayes,0.9,Tuning,Defaults,0.9777027585699006,0.022297241430098456
Baseline,NaiveBayes,0.9,Tuning,Tuning,5.003116454562066e-24,1.0
Baseline,NaiveBayes,0.9,Tuning,Tuning,5.659573107689517e-30,1.0
Baseline,NaiveBayes,0.9,Defaults,Defaults,0.9999999999997655,2.3179513800186114e-13
Baseline,NaiveBayes,0.9,Defaults,Defaults,0.9999999943793512,5.620646063036341e-09
Baseline,NaiveBayes,0.9,Tuning,Defaults,0.9981595299741046,0.001840470025891932
Baseline,NaiveBayes,0.9,Tuning,Defaults,0.9999998515989542,1.4840105170853597e-07
Baseline,NaiveBayes,0.9,Tuning,Defaults,0.9999983066463882,1.6933536157570579e-06
Baseline,NaiveBayes,0.9,Defaults,Defaults,0.9999999999996945,3.072893746431114e-13
Baseline,NaiveBayes,0.9,Tuning,Defaults,0.9999999894290995,1.0570897742518554e-08
Baseline,NaiveBayes,0.9,Defaults,Defaults,0.9999999992305888,7.69410526138794e-10
Baseline,NaiveBayes,0.9,Tuning,Defaults,0.9996356577531292,0.00036434224687223563
Baseline,NaiveBayes,0.9,Tuning,Tuning,0.0,1.0
Baseline,NaiveBayes,0.9,Tuning,Defaults,0.9999999999997158,2.8330260197345074e-13
Baseline,NaiveBayes,0.9,Tuning,Tuning,0.01980626392578261,0.9801937360742223
Baseline,NaiveBayes,0.9,Tuning,Tuning,0.000419839884094963,0.9995801601159019
Baseline,NaiveBayes,0.9,Tuning,Defaults,0.9999896066173012,1.039338270119858e-05
Baseline,NaiveBayes,0.9,Tuning,Tuning,1.4458993533413762e-72,1.0
Baseline,NaiveBayes,0.9,Tuning,Tuning,7.21352724911048e-05,0.9999278647275048
Baseline,NaiveBayes,0.9,Tuning,Defaults,0.9999999999880984,1.190238445240026e-11
Baseline,NaiveBayes,0.9,Tuning,Defaults,0.8665944155742137,0.13340558442579264
Baseline,NaiveBayes,0.9,Defaults,Defaults,0.999660320958214,0.00033967904178798633
Baseline,NaiveBayes,0.9,Tuning,Tuning,0.0,1.0
Baseline,NaiveBayes,0.9,Tuning,Tuning,0.0,1.0
Baseline,NaiveBayes,0.9,Defaults,Defaults,0.9802323234388065,0.019767676561196674
Baseline,NaiveBayes,0.9,Tuning,Defaults,1.0,2.8502057914411485e-15
Baseline,NaiveBayes,0.9,Tuning,Defaults,0.9999999999916724,8.329495923382751e-12
Baseline,NaiveBayes,0.9,Tuning,Defaults,0.9999999999993605,6.388778768207166e-13
Baseline,NaiveBayes,0.9,Tuning,Defaults,0.99999999999865,1.3520252519878086e-12
Baseline,NaiveBayes,0.9,Tuning,Tuning,0.4123023077242387,0.5876976922757594
Baseline,NaiveBayes,0.9,Tuning,Tuning,0.002421609044156916,0.9975783909558488
Baseline,NaiveBayes,0.9,Tuning,Tuning,0.0,1.0
Baseline,NaiveBayes,0.9,Tuning,Defaults,0.9999999999995524,4.456729084179618e-13
Baseline,NaiveBayes,0.9,Tuning,Defaults,0.9999999990204032,9.79593875824763e-10
Baseline,NaiveBayes,0.9,Defaults,Defaults,0.9999999999992539,7.481876062974219e-13
Baseline,NaiveBayes,0.9,Tuning,Defaults,0.9999999999498854,5.011417954706665e-11
Baseline,NaiveBayes,0.9,Defaults,Defaults,0.9999999976471585,2.352842506447906e-09
Baseline,NaiveBayes,0.9,Tuning,Defaults,0.793843603525782,0.20615639647421385
Baseline,NaiveBayes,0.9,Tuning,Defaults,0.9896381252718095,0.010361874728192826
Baseline,NaiveBayes,0.9,Tuning,Defaults,0.9999999999974207,2.576202049126992e-12
Baseline,NaiveBayes,0.9,Tuning,Tuning,6.446251506990511e-23,1.0
Baseline,NaiveBayes,0.9,Tuning,Defaults,0.9999943880016334,5.6119983657238165e-06
Baseline,NaiveBayes,0.9,Defaults,Tuning,6.6294429011863755e-21,1.0
Baseline,NaiveBayes,0.9,Tuning,Defaults,0.8927533969257785,0.10724660307422487
Baseline,NaiveBayes,0.9,Defaults,Defaults,0.9999999996333173,3.666781150640649e-10
Baseline,NaiveBayes,0.9,Defaults,Defaults,0.9999999993543298,6.456767041119762e-10
Baseline,NaiveBayes,0.9,Defaults,Defaults,0.99999999986521,1.3478658663304064e-10
Baseline,NaiveBayes,0.9,Defaults,Defaults,0.9999999993800657,6.199371234449624e-10
Baseline,NaiveBayes,0.9,Tuning,Tuning,0.0,1.0
Baseline,NaiveBayes,0.9,Tuning,Tuning,0.0,1.0
Baseline,NaiveBayes,0.9,Tuning,Tuning,1.5659110003219728e-15,1.0
Baseline,NaiveBayes,0.9,Defaults,Defaults,0.9273950124589749,0.07260498754102211
Baseline,NaiveBayes,0.9,Defaults,Tuning,0.15580768851592794,0.8441923114840741
Baseline,NaiveBayes,0.9,Defaults,Defaults,0.9999992206850176,7.793149835419148e-07
Baseline,NaiveBayes,0.9,Defaults,Defaults,0.9999999970605487,2.9394505086649865e-09
Baseline,NaiveBayes,0.9,Tuning,Defaults,0.9999998866078024,1.1339219866074456e-07
Baseline,NaiveBayes,0.9,Tuning,Defaults,0.9936908403627966,0.006309159637198766
Baseline,NaiveBayes,0.9,Defaults,Defaults,0.999999999999801,2.0020226851266297e-13
Baseline,NaiveBayes,0.9,Tuning,Defaults,0.9999986717361449,1.3282638537507148e-06
Baseline,NaiveBayes,0.9,Defaults,Defaults,0.9999999997993072,2.0069496663311804e-10
Baseline,NaiveBayes,0.9,Tuning,Tuning,6.259775928557211e-07,0.9999993740224055
Baseline,NaiveBayes,0.9,Tuning,Tuning,0.0005425429080763846,0.9994574570919235
Baseline,NaiveBayes,0.9,Defaults,Defaults,0.9999999000193377,9.998066451852906e-08
Baseline,NaiveBayes,0.9,Tuning,Defaults,0.999999999862915,1.3708442563169369e-10
Baseline,NaiveBayes,0.9,Defaults,Tuning,0.0,1.0
Baseline,NaiveBayes,0.9,Tuning,Defaults,0.9687692864413048,0.031230713558699046
Baseline,NaiveBayes,0.9,Tuning,Defaults,0.9998121244548643,0.00018787554514221032
Baseline,NaiveBayes,0.9,Tuning,Defaults,0.999999968562364,3.143763259434903e-08
Baseline,NaiveBayes,0.9,Defaults,Defaults,0.9999999999788329,2.1164228024586017e-11
Baseline,NaiveBayes,0.9,Tuning,Defaults,0.9999999535703037,4.642969783393775e-08
Baseline,NaiveBayes,0.9,Tuning,Defaults,0.9980331236342218,0.0019668763657737383
Baseline,NaiveBayes,0.9,Tuning,Defaults,0.9998902274142756,0.00010977258572545125
Baseline,NaiveBayes,0.9,Defaults,Tuning,0.05553673315915833,0.9444632668408486
Baseline,NaiveBayes,0.9,Tuning,Defaults,0.9999999999979643,2.035704106208964e-12
Baseline,NaiveBayes,0.9,Tuning,Defaults,0.9999999999990337,9.693293832573772e-13
Baseline,NaiveBayes,0.9,Tuning,Tuning,1.7744671070283414e-119,1.0
Baseline,NaiveBayes,0.9,Tuning,Tuning,9.401168499041978e-06,0.9999905988314977
Baseline,NaiveBayes,0.9,Tuning,Defaults,0.9999999999998863,1.1312243744953082e-13
Baseline,NaiveBayes,0.9,Tuning,Defaults,0.999819205588662,0.00018079441133748436
Baseline,NaiveBayes,0.9,Tuning,Tuning,5.455550014304042e-12,0.999999999994543
Baseline,NaiveBayes,0.9,Defaults,Defaults,0.999999998758696,1.241300938618697e-09
Baseline,NaiveBayes,0.9,Tuning,Tuning,0.00011968031627292329,0.9998803196837298
Baseline,NaiveBayes,0.9,Tuning,Tuning,0.27929211325634395,0.7207078867436506
Baseline,NaiveBayes,0.9,Tuning,Defaults,0.951106518048656,0.04889348195134542
Baseline,NaiveBayes,0.9,Tuning,Defaults,0.974661011795833,0.025338988204164876
Baseline,NaiveBayes,0.9,Tuning,Tuning,2.0597133137582346e-39,1.0
Baseline,NaiveBayes,0.9,Tuning,Defaults,0.9999999998831939,1.168090051575664e-10
Baseline,NaiveBayes,0.9,Tuning,Defaults,0.9999999995896189,4.103845157461881e-10
Baseline,NaiveBayes,0.9,Tuning,Tuning,0.48249948102092177,0.5175005189790781
Baseline,NaiveBayes,0.9,Defaults,Defaults,0.9999999999996518,3.4880501534227847e-13
Baseline,NaiveBayes,0.9,Tuning,Tuning,3.440575413109388e-49,1.0
Baseline,NaiveBayes,0.9,Defaults,Defaults,0.9999999999999929,6.896496193336174e-15
Baseline,NaiveBayes,0.9,Tuning,Defaults,0.9999999999995381,4.610291713399962e-13
Baseline,NaiveBayes,0.9,Tuning,Defaults,0.9999999999645226,3.547724227020311e-11
Baseline,NaiveBayes,0.9,Tuning,Tuning,1.2641383686755604e-47,1.0
Baseline,NaiveBayes,0.9,Tuning,Defaults,0.9999913251010678,8.674898930546329e-06
Baseline,NaiveBayes,0.9,Defaults,Defaults,0.9989806314221494,0.001019368577851102
Baseline,NaiveBayes,0.9,Defaults,Defaults,0.9999999954214474,4.578551151971887e-09
Baseline,NaiveBayes,0.9,Tuning,Defaults,0.5277867602255789,0.4722132397744269
Baseline,NaiveBayes,0.9,Tuning,Defaults,0.9999999999999858,1.6090419585711262e-14
Baseline,NaiveBayes,0.9,Tuning,Defaults,0.9524771853132628,0.047522814686739384
Baseline,NaiveBayes,0.9,Tuning,Defaults,0.9524771853132628,0.047522814686739384
Baseline,NaiveBayes,0.9,Tuning,Tuning,2.6034935863969884e-07,0.9999997396506385
Baseline,NaiveBayes,0.9,Tuning,Tuning,0.0012559324630422087,0.9987440675369587
Baseline,NaiveBayes,0.9,Tuning,Defaults,0.9999999999928662,7.135581424613985e-12
Baseline,NaiveBayes,0.9,Tuning,Defaults,0.9998905382666177,0.00010946173338508324
Baseline,NaiveBayes,0.9,Defaults,Defaults,0.9999999999996874,3.139078547961715e-13
Baseline,NaiveBayes,0.9,Tuning,Defaults,0.9999999999991545,8.455658852283869e-13
Baseline,NaiveBayes,0.9,Tuning,Defaults,0.9999999999995808,4.19940787990892e-13
Baseline,NaiveBayes,0.9,Tuning,Tuning,0.0,1.0
Baseline,NaiveBayes,0.9,Tuning,Defaults,0.9997692280486555,0.00023077195134842715
Baseline,NaiveBayes,0.9,Defaults,Defaults,0.9999999999997229,2.7429889405631307e-13
Baseline,NaiveBayes,0.9,Tuning,Defaults,0.9999999998758042,1.241970557631858e-10
Baseline,NaiveBayes,0.9,Tuning,Defaults,1.0,5.147405388433647e-16
Baseline,NaiveBayes,0.9,Tuning,Defaults,0.9999999999985967,1.4032711901783505e-12
Baseline,NaiveBayes,0.9,Defaults,Defaults,0.9999999999870894,1.2911304423162336e-11
Baseline,NaiveBayes,0.9,Tuning,Defaults,0.9994159423280243,0.0005840576719812708
Baseline,NaiveBayes,0.9,Tuning,Defaults,0.9999999999864926,1.3510225331183001e-11
Baseline,NaiveBayes,0.9,Tuning,Defaults,0.9999999999397176,6.028519810773442e-11
Baseline,NaiveBayes,0.9,Defaults,Defaults,0.9999999999808651,1.9133777133334793e-11
Baseline,NaiveBayes,0.9,Defaults,Defaults,0.89881710255349,0.10118289744650588
Baseline,NaiveBayes,0.9,Tuning,Tuning,6.917123170096183e-17,1.0
Baseline,NaiveBayes,0.9,Tuning,Tuning,0.25454947166060626,0.7454505283393883
Baseline,NaiveBayes,0.9,Tuning,Tuning,0.0,1.0
Baseline,NaiveBayes,0.9,Defaults,Defaults,0.9999999999990976,9.024818836443986e-13
Baseline,NaiveBayes,0.9,Defaults,Defaults,0.9999999999807017,1.9300228102823704e-11
Baseline,NaiveBayes,0.9,Defaults,Defaults,0.9999999999999787,1.9884636834887674e-14
Baseline,NaiveBayes,0.9,Tuning,Defaults,0.9999998789310995,1.2106890390649548e-07
Baseline,NaiveBayes,0.9,Defaults,Defaults,0.9999999999997229,2.7606548003495556e-13
Baseline,NaiveBayes,0.9,Tuning,Defaults,0.9999999999999716,2.5423444716881758e-14
Baseline,NaiveBayes,0.9,Tuning,Defaults,0.9999996488553057,3.511446978387404e-07
Baseline,NaiveBayes,0.9,Defaults,Defaults,0.999999999995751,4.247264704208374e-12
Baseline,NaiveBayes,0.9,Defaults,Defaults,0.9999999999850502,1.4955922532398016e-11
Baseline,NaiveBayes,0.9,Tuning,Defaults,0.9999999999996021,4.0122161373966975e-13
Baseline,NaiveBayes,0.9,Tuning,Defaults,0.9999999999413589,5.864395660307329e-11
Baseline,NaiveBayes,0.9,Defaults,Defaults,0.9999999866787946,1.3321208379674722e-08
Baseline,NaiveBayes,0.9,Tuning,Tuning,2.6332115306267474e-206,1.0
Baseline,NaiveBayes,0.9,Tuning,Defaults,0.9886603034923812,0.011339696507612783
Baseline,NaiveBayes,0.9,Tuning,Tuning,0.0,1.0
Baseline,NaiveBayes,0.9,Tuning,Defaults,1.0,6.061531860103534e-52
Baseline,NaiveBayes,0.95,Tuning,Tuning,1.7096046920430112e-300,1.0
Baseline,NaiveBayes,0.95,Tuning,Tuning,1.690560428756682e-98,1.0
Baseline,NaiveBayes,0.95,Defaults,Defaults,0.9999999988934363,1.1065613084180717e-09
Baseline,NaiveBayes,0.95,Tuning,Tuning,3.6053638534314725e-06,0.9999963946361469
Baseline,NaiveBayes,0.95,Tuning,Tuning,3.3565572052785293e-65,1.0
Baseline,NaiveBayes,0.95,Tuning,Defaults,0.9999999999893774,1.0619357490647814e-11
Baseline,NaiveBayes,0.95,Tuning,Tuning,0.0,1.0
Baseline,NaiveBayes,0.95,Defaults,Defaults,0.9999852118569736,1.4788143025601467e-05
Baseline,NaiveBayes,0.95,Defaults,Defaults,0.9856537595663282,0.014346240433666715
Baseline,NaiveBayes,0.95,Tuning,Defaults,0.9999999107244872,8.927551974771688e-08
Baseline,NaiveBayes,0.95,Tuning,Defaults,0.9999999646399906,3.536000751265383e-08
Baseline,NaiveBayes,0.95,Defaults,Defaults,0.6328940821234085,0.36710591787659025
Baseline,NaiveBayes,0.95,Tuning,Defaults,0.9998328249474935,0.00016717505250893528
Baseline,NaiveBayes,0.95,Tuning,Tuning,1.3939969346473463e-14,0.9999999999999858
Baseline,NaiveBayes,0.95,Tuning,Tuning,0.0,1.0
Baseline,NaiveBayes,0.95,Tuning,Defaults,0.9999999934763295,6.523668705425014e-09
Baseline,NaiveBayes,0.95,Defaults,Defaults,0.9999998969943871,1.0300561557892989e-07
Baseline,NaiveBayes,0.95,Tuning,Defaults,0.9999999328154154,6.718458922019293e-08
Baseline,NaiveBayes,0.95,Defaults,Defaults,0.9999999999758344,2.4168016300857202e-11
Baseline,NaiveBayes,0.95,Tuning,Defaults,0.9999985025780787,1.4974219251556182e-06
Baseline,NaiveBayes,0.95,Tuning,Defaults,0.9999999936501212,6.349884332069907e-09
Baseline,NaiveBayes,0.95,Defaults,Defaults,0.9999999996057056,3.942946038417733e-10
Baseline,NaiveBayes,0.95,Tuning,Defaults,0.9999248769445759,7.512305542631164e-05
Baseline,NaiveBayes,0.95,Tuning,Defaults,0.9999999999988134,1.1833852650545385e-12
Baseline,NaiveBayes,0.95,Tuning,Defaults,0.9999999990704538,9.295468065847233e-10
Baseline,NaiveBayes,0.95,Tuning,Defaults,0.9999993612648176,6.387351858250835e-07
Baseline,NaiveBayes,0.95,Tuning,Tuning,1.5710504331527317e-34,1.0
Baseline,NaiveBayes,0.95,Tuning,Defaults,0.9999997481154528,2.518845507452991e-07
Baseline,NaiveBayes,0.95,Tuning,Defaults,0.9999999871931068,1.2806890730626428e-08
Baseline,NaiveBayes,0.95,Tuning,Defaults,0.9920544684562211,0.007945531543772142
Baseline,NaiveBayes,0.95,Tuning,Tuning,4.780159253222649e-23,1.0
Baseline,NaiveBayes,0.95,Tuning,Tuning,1.1843209679982896e-29,1.0
Baseline,NaiveBayes,0.95,Defaults,Defaults,0.9999999999999716,2.7129052966746282e-14
Baseline,NaiveBayes,0.95,Defaults,Defaults,0.9999999994065192,5.934776045645149e-10
Baseline,NaiveBayes,0.95,Tuning,Tuning,0.44835073477629467,0.5516492652236996
Baseline,NaiveBayes,0.95,Tuning,Defaults,0.9999999820456368,1.7954369832691033e-08
Baseline,NaiveBayes,0.95,Tuning,Defaults,0.9999997881631881,2.118368118264611e-07
Baseline,NaiveBayes,0.95,Defaults,Defaults,0.9999999999999858,1.371519692213119e-14
Baseline,NaiveBayes,0.95,Tuning,Defaults,0.9999999988097841,1.1902177074594268e-09
Baseline,NaiveBayes,0.95,Defaults,Defaults,0.9999999993941273,6.05871506532747e-10
Baseline,NaiveBayes,0.95,Tuning,Defaults,0.5227329695609829,0.47726703043902396
Baseline,NaiveBayes,0.95,Tuning,Tuning,0.0,1.0
Baseline,NaiveBayes,0.95,Tuning,Defaults,0.9999999999999716,2.450129509093388e-14
Baseline,NaiveBayes,0.95,Tuning,Tuning,0.0798128809488868,0.9201871190511072
Baseline,NaiveBayes,0.95,Tuning,Tuning,0.005540627369111729,0.9944593726308941
Baseline,NaiveBayes,0.95,Tuning,Defaults,0.9999860399184247,1.3960081574741511e-05
Baseline,NaiveBayes,0.95,Tuning,Tuning,1.7719503149116655e-71,1.0
Baseline,NaiveBayes,0.95,Tuning,Tuning,1.5184891407534724e-07,0.9999998481510888
Baseline,NaiveBayes,0.95,Tuning,Defaults,0.9999999999988276,1.1713783067212086e-12
Baseline,NaiveBayes,0.95,Tuning,Defaults,0.7845736855574268,0.2154263144425717
Baseline,NaiveBayes,0.95,Defaults,Defaults,0.9999259153206219,7.408467937910213e-05
Baseline,NaiveBayes,0.95,Tuning,Tuning,0.0,1.0
Baseline,NaiveBayes,0.95,Tuning,Tuning,0.0,1.0
Baseline,NaiveBayes,0.95,Defaults,Defaults,0.9852184453007652,0.014781554699237974
Baseline,NaiveBayes,0.95,Tuning,Defaults,1.0,3.331226522188818e-16
Baseline,NaiveBayes,0.95,Tuning,Defaults,0.9999999999887663,1.1231185695514042e-11
Baseline,NaiveBayes,0.95,Tuning,Defaults,0.9999999999999574,4.5640198067800914e-14
Baseline,NaiveBayes,0.95,Tuning,Defaults,0.9999999999998792,1.2233490544169942e-13
Baseline,NaiveBayes,0.95,Tuning,Tuning,0.00042920275959805595,0.9995707972404033
Baseline,NaiveBayes,0.95,Tuning,Tuning,0.012514527627981246,0.9874854723720132
Baseline,NaiveBayes,0.95,Tuning,Tuning,0.0,1.0
Baseline,NaiveBayes,0.95,Tuning,Defaults,0.9999999999998508,1.5270045679824513e-13
Baseline,NaiveBayes,0.95,Tuning,Defaults,0.9999999996621938,3.378071835394376e-10
Baseline,NaiveBayes,0.95,Defaults,Defaults,0.9999999999999147,8.189012452929622e-14
Baseline,NaiveBayes,0.95,Tuning,Defaults,0.9999999999957865,4.215816244337061e-12
Baseline,NaiveBayes,0.95,Defaults,Defaults,0.9999999995181312,4.81865451602052e-10
Baseline,NaiveBayes,0.95,Tuning,Defaults,0.9837173094808258,0.016282690519174404
Baseline,NaiveBayes,0.95,Tuning,Defaults,0.9978531197989375,0.002146880201069335
Baseline,NaiveBayes,0.95,Tuning,Defaults,0.9999999999998366,1.6637084776632968e-13
Baseline,NaiveBayes,0.95,Tuning,Tuning,1.466933994283089e-22,1.0
Baseline,NaiveBayes,0.95,Tuning,Defaults,0.9999992634541724,7.365458251547573e-07
Baseline,NaiveBayes,0.95,Defaults,Tuning,2.5653254966588567e-20,1.0
Baseline,NaiveBayes,0.95,Tuning,Defaults,0.9849078291965707,0.015092170803432727
Baseline,NaiveBayes,0.95,Defaults,Defaults,0.9999999999582485,4.1749835861523465e-11
Baseline,NaiveBayes,0.95,Defaults,Defaults,0.9999999999086668,9.133899176066667e-11
Baseline,NaiveBayes,0.95,Defaults,Defaults,0.9999999999873097,1.2687765246640165e-11
Baseline,NaiveBayes,0.95,Defaults,Defaults,0.9999999999317453,6.825084018983808e-11
Baseline,NaiveBayes,0.95,Tuning,Tuning,0.0,1.0
Baseline,NaiveBayes,0.95,Tuning,Tuning,0.0,1.0
Baseline,NaiveBayes,0.95,Tuning,Tuning,8.600027616704468e-15,0.9999999999999858
Baseline,NaiveBayes,0.95,Defaults,Defaults,0.9902950696830769,0.009704930316922988
Baseline,NaiveBayes,0.95,Defaults,Tuning,0.0001227822542973097,0.9998772177457026
Baseline,NaiveBayes,0.95,Defaults,Defaults,0.9999998152051603,1.847948384010987e-07
Baseline,NaiveBayes,0.95,Defaults,Defaults,0.9999999996786784,3.213198712871742e-10
Baseline,NaiveBayes,0.95,Tuning,Defaults,0.9999999872496589,1.2750338471350118e-08
Baseline,NaiveBayes,0.95,Tuning,Defaults,0.9996474496774479,0.00035255032254988023
Baseline,NaiveBayes,0.95,Defaults,Defaults,0.9999999999999787,2.1027267877150583e-14
Baseline,NaiveBayes,0.95,Tuning,Defaults,0.999999774403126,2.2559687307947133e-07
Baseline,NaiveBayes,0.95,Defaults,Defaults,0.9999999999891926,1.0804068121998705e-11
Baseline,NaiveBayes,0.95,Tuning,Tuning,5.006143065874536e-06,0.9999949938569411
Baseline,NaiveBayes,0.95,Tuning,Tuning,0.0002087659027977458,0.9997912340972029
Baseline,NaiveBayes,0.95,Defaults,Defaults,0.9999999873781108,1.2621889462711787e-08
Baseline,NaiveBayes,0.95,Tuning,Defaults,0.9999999999410676,5.893413428359386e-11
Baseline,NaiveBayes,0.95,Defaults,Tuning,0.0,1.0
Baseline,NaiveBayes,0.95,Tuning,Tuning,0.025089020715638684,0.9749109792843573
Baseline,NaiveBayes,0.95,Tuning,Defaults,0.9998383846997771,0.00016161530022722927
Baseline,NaiveBayes,0.95,Tuning,Defaults,0.9999999894173116,1.0582685104799272e-08
Baseline,NaiveBayes,0.95,Defaults,Defaults,0.9999999999982094,1.7877703953355217e-12
Baseline,NaiveBayes,0.95,Tuning,Defaults,0.5490326288170663,0.45096737118292884
Baseline,NaiveBayes,0.95,Tuning,Tuning,0.3967763634024734,0.6032236365975305
Baseline,NaiveBayes,0.95,Tuning,Defaults,0.9999659264202634,3.407357973600556e-05
Baseline,NaiveBayes,0.95,Defaults,Tuning,5.253284794611521e-07,0.9999994746715218
Baseline,NaiveBayes,0.95,Tuning,Defaults,0.9999999999998508,1.4599033997114098e-13
Baseline,NaiveBayes,0.95,Tuning,Defaults,0.9999999999999503,5.155281829487251e-14
Baseline,NaiveBayes,0.95,Tuning,Tuning,3.8479695168841666e-146,1.0
Baseline,NaiveBayes,0.95,Tuning,Tuning,9.850876604606102e-10,0.9999999990149178
Baseline,NaiveBayes,0.95,Tuning,Defaults,0.9999999999999858,1.0766437361007057e-14
Baseline,NaiveBayes,0.95,Tuning,Defaults,0.9998437331465381,0.00015626685345810585
Baseline,NaiveBayes,0.95,Tuning,Tuning,6.572898846681281e-25,1.0
Baseline,NaiveBayes,0.95,Defaults,Defaults,0.999999999893987,1.0601331216250917e-10
Baseline,NaiveBayes,0.95,Tuning,Tuning,4.6399250322544685e-08,0.9999999536007504
Baseline,NaiveBayes,0.95,Tuning,Defaults,0.644953917729236,0.35504608227076995
Baseline,NaiveBayes,0.95,Tuning,Defaults,0.9999999961883361,3.811657311831369e-09
Baseline,NaiveBayes,0.95,Tuning,Defaults,0.9960201503679478,0.00397984963204952
Baseline,NaiveBayes,0.95,Tuning,Tuning,1.6893751989729756e-38,1.0
Baseline,NaiveBayes,0.95,Tuning,Defaults,0.999999999983018,1.6980706428950097e-11
Baseline,NaiveBayes,0.95,Tuning,Defaults,0.9999999999238369,7.61659256570188e-11
Baseline,NaiveBayes,0.95,Tuning,Tuning,0.0005395525054226189,0.9994604474945756
Baseline,NaiveBayes,0.95,Defaults,Defaults,0.9999999999999147,8.229660733239779e-14
Baseline,NaiveBayes,0.95,Tuning,Tuning,1.0124849005656706e-54,1.0
Baseline,NaiveBayes,0.95,Defaults,Defaults,1.0,5.359249764170722e-16
Baseline,NaiveBayes,0.95,Tuning,Defaults,0.999999999999929,7.449906469628804e-14
Baseline,NaiveBayes,0.95,Tuning,Defaults,0.9999999999504183,4.958194044540794e-11
Baseline,NaiveBayes,0.95,Tuning,Tuning,6.623033280972759e-47,1.0
Baseline,NaiveBayes,0.95,Tuning,Defaults,0.9999592742705354,4.0725729468149304e-05
Baseline,NaiveBayes,0.95,Defaults,Defaults,0.9992523650505186,0.0007476349494852684
Baseline,NaiveBayes,0.95,Defaults,Defaults,0.9999999985143972,1.4856031144003315e-09
Baseline,NaiveBayes,0.95,Tuning,Defaults,0.894178954467817,0.10582104553217644
Baseline,NaiveBayes,0.95,Tuning,Defaults,0.9999999999999858,7.755510838579293e-15
Baseline,NaiveBayes,0.95,Tuning,Defaults,0.9965381242677654,0.0034618757322284004
Baseline,NaiveBayes,0.95,Tuning,Defaults,0.9965381242677654,0.0034618757322284004
Baseline,NaiveBayes,0.95,Tuning,Tuning,2.529921242230756e-10,0.9999999997470184
Baseline,NaiveBayes,0.95,Tuning,Tuning,5.274283299182835e-08,0.9999999472571673
Baseline,NaiveBayes,0.95,Tuning,Defaults,0.9999999999978968,2.1036446751449052e-12
Baseline,NaiveBayes,0.95,Tuning,Defaults,0.999925123653993,7.487634600306156e-05
Baseline,NaiveBayes,0.95,Defaults,Defaults,0.999999999999801,1.990465646716682e-13
Baseline,NaiveBayes,0.95,Tuning,Defaults,0.9999999999999076,8.94768653035018e-14
Baseline,NaiveBayes,0.95,Tuning,Defaults,0.9999999999998508,1.487663810052105e-13
Baseline,NaiveBayes,0.95,Tuning,Tuning,0.0,1.0
Baseline,NaiveBayes,0.95,Tuning,Defaults,0.9999763380069693,2.3661993035264163e-05
Baseline,NaiveBayes,0.95,Defaults,Defaults,0.9999999999999503,4.9253636346835237e-14
Baseline,NaiveBayes,0.95,Tuning,Defaults,0.9999999999979181,2.0832814110188766e-12
Baseline,NaiveBayes,0.95,Tuning,Defaults,1.0,9.347215269301646e-19
Baseline,NaiveBayes,0.95,Tuning,Defaults,0.9999999999999005,1.0071978060482392e-13
Baseline,NaiveBayes,0.95,Defaults,Defaults,0.9999999999990621,9.357828184017916e-13
Baseline,NaiveBayes,0.95,Tuning,Defaults,0.9998654990135165,0.00013450098647636963
Baseline,NaiveBayes,0.95,Tuning,Defaults,0.9999999999986926,1.303890848691955e-12
Baseline,NaiveBayes,0.95,Tuning,Defaults,0.9999999999958789,4.124061925716705e-12
Baseline,NaiveBayes,0.95,Defaults,Defaults,0.9999999999980105,1.988776689896571e-12
Baseline,NaiveBayes,0.95,Defaults,Defaults,0.9787334948424026,0.02126650515759184
Baseline,NaiveBayes,0.95,Tuning,Tuning,2.2672911928927024e-16,1.0
Baseline,NaiveBayes,0.95,Tuning,Tuning,5.00031687682182e-12,0.9999999999949978
Baseline,NaiveBayes,0.95,Tuning,Tuning,0.0,1.0
Baseline,NaiveBayes,0.95,Defaults,Defaults,0.9999999999998863,1.1534886987071337e-13
Baseline,NaiveBayes,0.95,Defaults,Defaults,0.9999999999972431,2.7573244710134753e-12
Baseline,NaiveBayes,0.95,Defaults,Defaults,1.0,2.1750239444285985e-15
Baseline,NaiveBayes,0.95,Tuning,Defaults,0.9999967019887307,3.2980112635815664e-06
Baseline,NaiveBayes,0.95,Defaults,Defaults,0.9999999999999716,2.76824270064659e-14
Baseline,NaiveBayes,0.95,Tuning,Defaults,1.0,2.311377562253976e-15
Baseline,NaiveBayes,0.95,Tuning,Defaults,0.9999999444042602,5.559573837798929e-08
Baseline,NaiveBayes,0.95,Defaults,Defaults,0.9999999999995524,4.4489371931923947e-13
Baseline,NaiveBayes,0.95,Defaults,Defaults,0.9999999999969873,3.015715173407167e-12
Baseline,NaiveBayes,0.95,Tuning,Defaults,0.9999999999999503,4.964710728992725e-14
Baseline,NaiveBayes,0.95,Tuning,Defaults,0.9999999999874731,1.2529631404017055e-11
Baseline,NaiveBayes,0.95,Defaults,Defaults,0.9999999988543209,1.1456815521432688e-09
Baseline,NaiveBayes,0.95,Tuning,Tuning,0.0,1.0
Baseline,NaiveBayes,0.95,Tuning,Defaults,0.9992821111166196,0.000717888883373634
Baseline,NaiveBayes,0.95,Tuning,Tuning,0.0,1.0
Baseline,NaiveBayes,0.95,Tuning,Defaults,1.0,8.547925633982993e-50
Baseline,LogisticRegression,0.8,Tuning,Tuning,0.019897283697764334,0.9801027163022357
Baseline,LogisticRegression,0.8,Tuning,Tuning,0.16964062574809047,0.8303593742519095
Baseline,LogisticRegression,0.8,Defaults,Defaults,0.6385692008506176,0.3614307991493824
Baseline,LogisticRegression,0.8,Tuning,Tuning,0.06773943202819566,0.9322605679718043
Baseline,LogisticRegression,0.8,Tuning,Tuning,0.02408397862765732,0.9759160213723427
Baseline,LogisticRegression,0.8,Tuning,Defaults,0.6723477395347144,0.32765226046528556
Baseline,LogisticRegression,0.8,Tuning,Tuning,0.001821057566436357,0.9981789424335636
Baseline,LogisticRegression,0.8,Defaults,Tuning,0.047058880683653714,0.9529411193163463
Baseline,LogisticRegression,0.8,Defaults,Tuning,0.029752959023522596,0.9702470409764774
Baseline,LogisticRegression,0.8,Tuning,Tuning,0.10385045973916929,0.8961495402608307
Baseline,LogisticRegression,0.8,Tuning,Tuning,0.0793179428286932,0.9206820571713068
Baseline,LogisticRegression,0.8,Defaults,Tuning,0.32289390809398966,0.6771060919060103
Baseline,LogisticRegression,0.8,Tuning,Tuning,0.05131803803881907,0.9486819619611809
Baseline,LogisticRegression,0.8,Tuning,Tuning,0.03203481027714461,0.9679651897228554
Baseline,LogisticRegression,0.8,Tuning,Tuning,1.795516967706412e-05,0.9999820448303229
Baseline,LogisticRegression,0.8,Tuning,Tuning,0.11871031291646506,0.881289687083535
Baseline,LogisticRegression,0.8,Defaults,Defaults,0.8496877119800856,0.1503122880199144
Baseline,LogisticRegression,0.8,Tuning,Tuning,0.13527080492502241,0.8647291950749776
Baseline,LogisticRegression,0.8,Defaults,Tuning,0.3282852732770969,0.6717147267229031
Baseline,LogisticRegression,0.8,Tuning,Tuning,0.39448510908835854,0.6055148909116415
Baseline,LogisticRegression,0.8,Tuning,Tuning,0.3195812225535224,0.6804187774464776
Baseline,LogisticRegression,0.8,Defaults,Tuning,0.13130570191831537,0.8686942980816846
Baseline,LogisticRegression,0.8,Tuning,Tuning,0.008981492019226378,0.9910185079807736
Baseline,LogisticRegression,0.8,Tuning,Tuning,0.30326479869576295,0.696735201304237
Baseline,LogisticRegression,0.8,Tuning,Tuning,0.21661968736711923,0.7833803126328808
Baseline,LogisticRegression,0.8,Tuning,Tuning,0.10363375667676045,0.8963662433232396
Baseline,LogisticRegression,0.8,Tuning,Tuning,0.09861993802600655,0.9013800619739935
Baseline,LogisticRegression,0.8,Tuning,Tuning,0.14836463100818076,0.8516353689918192
Baseline,LogisticRegression,0.8,Tuning,Tuning,0.197036503970344,0.802963496029656
Baseline,LogisticRegression,0.8,Tuning,Tuning,0.05718362814333855,0.9428163718566615
Baseline,LogisticRegression,0.8,Tuning,Tuning,0.03216500060879157,0.9678349993912084
Baseline,LogisticRegression,0.8,Tuning,Tuning,0.05202170836450348,0.9479782916354965
Baseline,LogisticRegression,0.8,Defaults,Defaults,0.7410279168585643,0.25897208314143577
Baseline,LogisticRegression,0.8,Defaults,Tuning,0.31087017576206877,0.6891298242379312
Baseline,LogisticRegression,0.8,Tuning,Tuning,0.025747459401534112,0.9742525405984659
Baseline,LogisticRegression,0.8,Tuning,Defaults,0.9402005604706858,0.05979943952931424
Baseline,LogisticRegression,0.8,Tuning,Tuning,0.03795315983203307,0.9620468401679669
Baseline,LogisticRegression,0.8,Defaults,Defaults,0.605508946929511,0.39449105307048904
Baseline,LogisticRegression,0.8,Tuning,Tuning,0.2267529302117638,0.7732470697882362
Baseline,LogisticRegression,0.8,Defaults,Defaults,0.7852162406395025,0.21478375936049757
Baseline,LogisticRegression,0.8,Tuning,Tuning,0.18354350208624082,0.8164564979137592
Baseline,LogisticRegression,0.8,Tuning,Tuning,3.571742901442576e-11,0.9999999999642826
Baseline,LogisticRegression,0.8,Tuning,Defaults,0.9525705500492606,0.04742944995073934
Baseline,LogisticRegression,0.8,Tuning,Tuning,0.07295651654063184,0.9270434834593682
Baseline,LogisticRegression,0.8,Tuning,Tuning,0.03357103749458312,0.9664289625054169
Baseline,LogisticRegression,0.8,Tuning,Tuning,0.4289456083041475,0.5710543916958525
Baseline,LogisticRegression,0.8,Tuning,Tuning,0.02235136016792738,0.9776486398320726
Baseline,LogisticRegression,0.8,Tuning,Tuning,0.011373133647551215,0.9886268663524488
Baseline,LogisticRegression,0.8,Tuning,Tuning,0.18427183558176186,0.8157281644182381
Baseline,LogisticRegression,0.8,Tuning,Tuning,0.05059664445019518,0.9494033555498048
Baseline,LogisticRegression,0.8,Defaults,Tuning,0.39705324180338597,0.602946758196614
Baseline,LogisticRegression,0.8,Tuning,Tuning,0.07022360165156638,0.9297763983484336
Baseline,LogisticRegression,0.8,Tuning,Tuning,0.02011244774221832,0.9798875522577817
Baseline,LogisticRegression,0.8,Defaults,Tuning,0.13637595386447643,0.8636240461355236
Baseline,LogisticRegression,0.8,Tuning,Defaults,0.652820941286379,0.347179058713621
Baseline,LogisticRegression,0.8,Tuning,Tuning,0.42074502510345413,0.5792549748965459
Baseline,LogisticRegression,0.8,Tuning,Defaults,0.5815926165056966,0.41840738349430345
Baseline,LogisticRegression,0.8,Tuning,Defaults,0.6109233834574173,0.38907661654258274
Baseline,LogisticRegression,0.8,Tuning,Defaults,0.5529195494221983,0.44708045057780166
Baseline,LogisticRegression,0.8,Tuning,Tuning,0.04277948369277618,0.9572205163072238
Baseline,LogisticRegression,0.8,Tuning,Tuning,0.0002871075154351477,0.9997128924845649
Baseline,LogisticRegression,0.8,Tuning,Tuning,0.19323228945839055,0.8067677105416095
Baseline,LogisticRegression,0.8,Tuning,Tuning,0.25626455575225027,0.7437354442477497
Baseline,LogisticRegression,0.8,Defaults,Defaults,0.6612722587799709,0.33872774122002913
Baseline,LogisticRegression,0.8,Tuning,Defaults,0.5208844005657567,0.47911559943424326
Baseline,LogisticRegression,0.8,Defaults,Tuning,0.2410302893303975,0.7589697106696025
Baseline,LogisticRegression,0.8,Tuning,Tuning,0.18126866519622642,0.8187313348037736
Baseline,LogisticRegression,0.8,Tuning,Tuning,0.27308614970934963,0.7269138502906504
Baseline,LogisticRegression,0.8,Tuning,Tuning,0.3647221873752853,0.6352778126247147
Baseline,LogisticRegression,0.8,Tuning,Tuning,0.0047208952400868975,0.9952791047599131
Baseline,LogisticRegression,0.8,Tuning,Tuning,0.2836335257342978,0.7163664742657022
Baseline,LogisticRegression,0.8,Defaults,Tuning,0.0017715727244692614,0.9982284272755307
Baseline,LogisticRegression,0.8,Tuning,Tuning,0.2181014863772487,0.7818985136227513
Baseline,LogisticRegression,0.8,Defaults,Defaults,0.724981853598879,0.27501814640112093
Baseline,LogisticRegression,0.8,Defaults,Defaults,0.6931726171378724,0.30682738286212763
Baseline,LogisticRegression,0.8,Defaults,Defaults,0.7597536819368522,0.24024631806314772
Baseline,LogisticRegression,0.8,Defaults,Defaults,0.7015618737854126,0.2984381262145875
Baseline,LogisticRegression,0.8,Tuning,Tuning,0.07719521392261941,0.9228047860773806
Baseline,LogisticRegression,0.8,Tuning,Tuning,0.08798976620381016,0.9120102337961898
Baseline,LogisticRegression,0.8,Tuning,Tuning,0.05390043631256747,0.9460995636874325
Baseline,LogisticRegression,0.8,Defaults,Tuning,0.2430469907457905,0.7569530092542095
Baseline,LogisticRegression,0.8,Defaults,Tuning,0.4522320997781608,0.5477679002218392
Baseline,LogisticRegression,0.8,Defaults,Tuning,0.48344723633066045,0.5165527636693396
Baseline,LogisticRegression,0.8,Defaults,Defaults,0.6496555284134162,0.3503444715865837
Baseline,LogisticRegression,0.8,Tuning,Defaults,0.6946534897343568,0.3053465102656432
Baseline,LogisticRegression,0.8,Tuning,Defaults,0.9297591806815434,0.07024081931845665
Baseline,LogisticRegression,0.8,Defaults,Defaults,0.7363018716868853,0.2636981283131147
Baseline,LogisticRegression,0.8,Tuning,Tuning,0.02400596453363435,0.9759940354663657
Baseline,LogisticRegression,0.8,Defaults,Defaults,0.5641545091269493,0.4358454908730507
Baseline,LogisticRegression,0.8,Tuning,Tuning,0.016272482325584092,0.9837275176744159
Baseline,LogisticRegression,0.8,Tuning,Tuning,0.0031793245456664954,0.9968206754543335
Baseline,LogisticRegression,0.8,Defaults,Tuning,0.14409727149743567,0.8559027285025643
Baseline,LogisticRegression,0.8,Tuning,Tuning,0.19555691850282197,0.804443081497178
Baseline,LogisticRegression,0.8,Defaults,Tuning,0.0,1.0
Baseline,LogisticRegression,0.8,Tuning,Tuning,0.04801190186599247,0.9519880981340075
Baseline,LogisticRegression,0.8,Tuning,Tuning,0.025175150731374107,0.9748248492686259
Baseline,LogisticRegression,0.8,Tuning,Tuning,0.06321066812890364,0.9367893318710964
Baseline,LogisticRegression,0.8,Defaults,Defaults,0.6386258161981299,0.36137418380187014
Baseline,LogisticRegression,0.8,Tuning,Tuning,0.13332340853058733,0.8666765914694127
Baseline,LogisticRegression,0.8,Tuning,Tuning,0.34140590945486016,0.6585940905451398
Baseline,LogisticRegression,0.8,Tuning,Tuning,0.22598725219402593,0.7740127478059741
Baseline,LogisticRegression,0.8,Defaults,Tuning,0.04151863723634919,0.9584813627636508
Baseline,LogisticRegression,0.8,Tuning,Tuning,0.3500683800006116,0.6499316199993884
Baseline,LogisticRegression,0.8,Tuning,Defaults,0.5568517805947761,0.4431482194052238
Baseline,LogisticRegression,0.8,Tuning,Tuning,0.004227168689031835,0.9957728313109682
Baseline,LogisticRegression,0.8,Tuning,Tuning,0.006552131813122752,0.9934478681868772
Baseline,LogisticRegression,0.8,Tuning,Defaults,0.8901670632839009,0.10983293671609909
Baseline,LogisticRegression,0.8,Tuning,Tuning,0.025232347056451387,0.9747676529435486
Baseline,LogisticRegression,0.8,Tuning,Tuning,0.1713295245433336,0.8286704754566664
Baseline,LogisticRegression,0.8,Defaults,Defaults,0.546424809966032,0.45357519003396796
Baseline,LogisticRegression,0.8,Tuning,Tuning,0.004859790132718422,0.9951402098672816
Baseline,LogisticRegression,0.8,Tuning,Tuning,0.03169492591888445,0.9683050740811155
Baseline,LogisticRegression,0.8,Tuning,Tuning,0.0037623019151885595,0.9962376980848114
Baseline,LogisticRegression,0.8,Tuning,Tuning,0.04027032215962578,0.9597296778403742
Baseline,LogisticRegression,0.8,Tuning,Tuning,0.0039669087909756096,0.9960330912090244
Baseline,LogisticRegression,0.8,Tuning,Tuning,0.42182586134905176,0.5781741386509482
Baseline,LogisticRegression,0.8,Tuning,Defaults,0.7713228019126834,0.22867719808731654
Baseline,LogisticRegression,0.8,Tuning,Tuning,0.0017754197315312803,0.9982245802684687
Baseline,LogisticRegression,0.8,Defaults,Tuning,0.3845945717854016,0.6154054282145984
Baseline,LogisticRegression,0.8,Tuning,Tuning,0.0021638983180187754,0.9978361016819812
Baseline,LogisticRegression,0.8,Defaults,Defaults,0.6361457091643443,0.36385429083565574
Baseline,LogisticRegression,0.8,Tuning,Tuning,0.3549817155134293,0.6450182844865707
Baseline,LogisticRegression,0.8,Tuning,Tuning,0.43082922599389606,0.5691707740061039
Baseline,LogisticRegression,0.8,Tuning,Defaults,0.7233109894092148,0.2766890105907852
Baseline,LogisticRegression,0.8,Tuning,Tuning,0.2172462510120562,0.7827537489879438
Baseline,LogisticRegression,0.8,Defaults,Tuning,0.4034474393218017,0.5965525606781983
Baseline,LogisticRegression,0.8,Defaults,Tuning,0.18277181211312177,0.8172281878868782
Baseline,LogisticRegression,0.8,Tuning,Tuning,0.006093446952968207,0.9939065530470318
Baseline,LogisticRegression,0.8,Tuning,Tuning,0.24433357581530124,0.7556664241846988
Baseline,LogisticRegression,0.8,Tuning,Tuning,0.01577992179258525,0.9842200782074148
Baseline,LogisticRegression,0.8,Tuning,Tuning,0.01577992179258525,0.9842200782074148
Baseline,LogisticRegression,0.8,Tuning,Tuning,0.1477797926478528,0.8522202073521472
Baseline,LogisticRegression,0.8,Tuning,Tuning,0.024940178747507535,0.9750598212524925
Baseline,LogisticRegression,0.8,Tuning,Defaults,0.6361702435281513,0.36382975647184873
Baseline,LogisticRegression,0.8,Tuning,Tuning,0.060776765057188764,0.9392232349428112
Baseline,LogisticRegression,0.8,Defaults,Defaults,0.5736139250068686,0.4263860749931314
Baseline,LogisticRegression,0.8,Tuning,Tuning,0.490259412830642,0.509740587169358
Baseline,LogisticRegression,0.8,Tuning,Defaults,0.6992137870742339,0.3007862129257662
Baseline,LogisticRegression,0.8,Tuning,Tuning,0.2701391710422898,0.7298608289577102
Baseline,LogisticRegression,0.8,Tuning,Tuning,0.09433199541439796,0.905668004585602
Baseline,LogisticRegression,0.8,Defaults,Tuning,0.473411427332706,0.526588572667294
Baseline,LogisticRegression,0.8,Tuning,Tuning,0.044810021526020205,0.9551899784739798
Baseline,LogisticRegression,0.8,Tuning,Tuning,0.007063477798759932,0.9929365222012401
Baseline,LogisticRegression,0.8,Tuning,Tuning,0.3079925257513313,0.6920074742486687
Baseline,LogisticRegression,0.8,Defaults,Tuning,0.3049071666322797,0.6950928333677203
Baseline,LogisticRegression,0.8,Tuning,Tuning,0.0028811533687140845,0.9971188466312859
Baseline,LogisticRegression,0.8,Tuning,Defaults,0.5332264242193839,0.46677357578061607
Baseline,LogisticRegression,0.8,Tuning,Tuning,0.042250096003138005,0.957749903996862
Baseline,LogisticRegression,0.8,Defaults,Defaults,0.8783834751612388,0.12161652483876118
Baseline,LogisticRegression,0.8,Defaults,Defaults,0.7527347731655168,0.24726522683448313
Baseline,LogisticRegression,0.8,Tuning,Tuning,0.14730008901746106,0.8526999109825389
Baseline,LogisticRegression,0.8,Tuning,Tuning,0.06619897157959798,0.933801028420402
Baseline,LogisticRegression,0.8,Tuning,Defaults,0.5743588079951747,0.42564119200482536
Baseline,LogisticRegression,0.8,Defaults,Tuning,0.4480143374159592,0.5519856625840408
Baseline,LogisticRegression,0.8,Defaults,Tuning,0.49181195169411696,0.508188048305883
Baseline,LogisticRegression,0.8,Defaults,Defaults,0.7749083122991853,0.22509168770081467
Baseline,LogisticRegression,0.8,Tuning,Tuning,0.2313763164033964,0.7686236835966036
Baseline,LogisticRegression,0.8,Defaults,Defaults,0.5329520897017848,0.46704791029821524
Baseline,LogisticRegression,0.8,Tuning,Defaults,0.9207866447723362,0.07921335522766386
Baseline,LogisticRegression,0.8,Tuning,Tuning,0.07025031357441236,0.9297496864255876
Baseline,LogisticRegression,0.8,Defaults,Tuning,0.23138022959697757,0.7686197704030224
Baseline,LogisticRegression,0.8,Defaults,Defaults,0.8576527580205631,0.1423472419794369
Baseline,LogisticRegression,0.8,Tuning,Defaults,0.6987532981750745,0.3012467018249255
Baseline,LogisticRegression,0.8,Tuning,Tuning,0.06151083319823625,0.9384891668017638
Baseline,LogisticRegression,0.8,Defaults,Tuning,0.4468274746066907,0.5531725253933093
Baseline,LogisticRegression,0.8,Tuning,Tuning,0.0003075962396413834,0.9996924037603586
Baseline,LogisticRegression,0.8,Tuning,Tuning,0.1349396439217102,0.8650603560782898
Baseline,LogisticRegression,0.8,Tuning,Tuning,2.2846312733304508e-05,0.9999771536872667
Baseline,LogisticRegression,0.8,Tuning,Tuning,0.30721429725652316,0.6927857027434768
Baseline,LogisticRegression,0.85,Tuning,Tuning,0.027422071176126717,0.9725779288238733
Baseline,LogisticRegression,0.85,Tuning,Tuning,0.10942487889553987,0.8905751211044601
Baseline,LogisticRegression,0.85,Defaults,Defaults,0.6751136708920453,0.3248863291079547
Baseline,LogisticRegression,0.85,Tuning,Tuning,0.06173083451054795,0.938269165489452
Baseline,LogisticRegression,0.85,Tuning,Tuning,0.0165591986292023,0.9834408013707977
Baseline,LogisticRegression,0.85,Tuning,Defaults,0.688257494559636,0.31174250544036397
Baseline,LogisticRegression,0.85,Tuning,Tuning,0.00013756778213025456,0.9998624322178697
Baseline,LogisticRegression,0.85,Defaults,Tuning,0.04848140433346171,0.9515185956665383
Baseline,LogisticRegression,0.85,Defaults,Tuning,0.02881198266868734,0.9711880173313127
Baseline,LogisticRegression,0.85,Tuning,Tuning,0.10886702042196572,0.8911329795780343
Baseline,LogisticRegression,0.85,Tuning,Tuning,0.07755732436937002,0.92244267563063
Baseline,LogisticRegression,0.85,Defaults,Tuning,0.36093727084244254,0.6390627291575575
Baseline,LogisticRegression,0.85,Tuning,Tuning,0.05182172490848491,0.9481782750915151
Baseline,LogisticRegression,0.85,Tuning,Tuning,0.027010492418454435,0.9729895075815456
Baseline,LogisticRegression,0.85,Tuning,Tuning,2.4359277931429446e-06,0.9999975640722069
Baseline,LogisticRegression,0.85,Tuning,Tuning,0.11498033111939843,0.8850196688806016
Baseline,LogisticRegression,0.85,Defaults,Defaults,0.8583119940746832,0.14168800592531683
Baseline,LogisticRegression,0.85,Tuning,Tuning,0.13319854878945292,0.8668014512105471
Baseline,LogisticRegression,0.85,Defaults,Tuning,0.2726092967032191,0.7273907032967809
Baseline,LogisticRegression,0.85,Tuning,Tuning,0.39305610294931215,0.6069438970506879
Baseline,LogisticRegression,0.85,Tuning,Tuning,0.39208960442942864,0.6079103955705714
Baseline,LogisticRegression,0.85,Defaults,Tuning,0.15041003838879496,0.849589961611205
Baseline,LogisticRegression,0.85,Tuning,Tuning,0.011669759339050234,0.9883302406609498
Baseline,LogisticRegression,0.85,Tuning,Tuning,0.33030871087752,0.66969128912248
Baseline,LogisticRegression,0.85,Tuning,Tuning,0.21265205477611993,0.7873479452238801
Baseline,LogisticRegression,0.85,Tuning,Tuning,0.09841881937500907,0.9015811806249909
Baseline,LogisticRegression,0.85,Tuning,Tuning,0.07728720304462056,0.9227127969553794
Baseline,LogisticRegression,0.85,Tuning,Tuning,0.149532491728402,0.850467508271598
Baseline,LogisticRegression,0.85,Tuning,Tuning,0.20129267094597125,0.7987073290540287
Baseline,LogisticRegression,0.85,Tuning,Tuning,0.05304287463725654,0.9469571253627435
Baseline,LogisticRegression,0.85,Tuning,Tuning,0.027650858004444667,0.9723491419955553
Baseline,LogisticRegression,0.85,Tuning,Tuning,0.043527430310873694,0.9564725696891263
Baseline,LogisticRegression,0.85,Defaults,Defaults,0.7260717592008934,0.27392824079910655
Baseline,LogisticRegression,0.85,Defaults,Tuning,0.3058886982429244,0.6941113017570756
Baseline,LogisticRegression,0.85,Tuning,Tuning,0.02471083111413286,0.9752891688858671
Baseline,LogisticRegression,0.85,Tuning,Defaults,0.9398818411789618,0.06011815882103825
Baseline,LogisticRegression,0.85,Tuning,Tuning,0.029309785101476526,0.9706902148985235
Baseline,LogisticRegression,0.85,Defaults,Defaults,0.6319271050269222,0.36807289497307777
Baseline,LogisticRegression,0.85,Tuning,Tuning,0.20549368367541876,0.7945063163245812
Baseline,LogisticRegression,0.85,Defaults,Defaults,0.7688102844099517,0.2311897155900483
Baseline,LogisticRegression,0.85,Tuning,Tuning,0.24036337179746503,0.759636628202535
Baseline,LogisticRegression,0.85,Tuning,Tuning,1.4370882261971474e-10,0.9999999998562912
Baseline,LogisticRegression,0.85,Tuning,Defaults,0.9492376525542132,0.050762347445786726
Baseline,LogisticRegression,0.85,Tuning,Tuning,0.08007029198907623,0.9199297080109238
Baseline,LogisticRegression,0.85,Tuning,Tuning,0.047997424311487125,0.9520025756885129
Baseline,LogisticRegression,0.85,Tuning,Tuning,0.42909993103578437,0.5709000689642156
Baseline,LogisticRegression,0.85,Tuning,Tuning,0.02129562376023897,0.978704376239761
Baseline,LogisticRegression,0.85,Tuning,Tuning,0.014280926799990601,0.9857190732000094
Baseline,LogisticRegression,0.85,Tuning,Tuning,0.19113119625812525,0.8088688037418748
Baseline,LogisticRegression,0.85,Tuning,Tuning,0.060385676584242765,0.9396143234157572
Baseline,LogisticRegression,0.85,Defaults,Tuning,0.3456027265317456,0.6543972734682544
Baseline,LogisticRegression,0.85,Tuning,Tuning,0.0680856852232884,0.9319143147767116
Baseline,LogisticRegression,0.85,Tuning,Tuning,0.02173655429327004,0.97826344570673
Baseline,LogisticRegression,0.85,Defaults,Tuning,0.13659205882345016,0.8634079411765498
Baseline,LogisticRegression,0.85,Tuning,Defaults,0.6271861797622187,0.37281382023778126
Baseline,LogisticRegression,0.85,Tuning,Tuning,0.4682402231038646,0.5317597768961354
Baseline,LogisticRegression,0.85,Tuning,Defaults,0.6180193715846516,0.38198062841534836
Baseline,LogisticRegression,0.85,Tuning,Defaults,0.6191491699882381,0.38085083001176184
Baseline,LogisticRegression,0.85,Tuning,Defaults,0.5342584156585477,0.46574158434145224
Baseline,LogisticRegression,0.85,Tuning,Tuning,0.04375500556293288,0.9562449944370671
Baseline,LogisticRegression,0.85,Tuning,Tuning,0.00029288933613735857,0.9997071106638626
Baseline,LogisticRegression,0.85,Tuning,Tuning,0.19187711665211726,0.8081228833478827
Baseline,LogisticRegression,0.85,Tuning,Tuning,0.3247904538115872,0.6752095461884128
Baseline,LogisticRegression,0.85,Defaults,Defaults,0.6315596048921457,0.3684403951078543
Baseline,LogisticRegression,0.85,Tuning,Defaults,0.540938510450256,0.459061489549744
Baseline,LogisticRegression,0.85,Defaults,Tuning,0.2273075623516212,0.7726924376483788
Baseline,LogisticRegression,0.85,Tuning,Tuning,0.1731480725334521,0.8268519274665479
Baseline,LogisticRegression,0.85,Tuning,Tuning,0.24367383755679584,0.7563261624432042
Baseline,LogisticRegression,0.85,Tuning,Tuning,0.3744394333507829,0.6255605666492171
Baseline,LogisticRegression,0.85,Tuning,Tuning,0.004924201202043399,0.9950757987979566
Baseline,LogisticRegression,0.85,Tuning,Tuning,0.29569752197844923,0.7043024780215508
Baseline,LogisticRegression,0.85,Defaults,Tuning,0.0014397778177216436,0.9985602221822784
Baseline,LogisticRegression,0.85,Tuning,Tuning,0.21926736646994627,0.7807326335300537
Baseline,LogisticRegression,0.85,Defaults,Defaults,0.7291325484515014,0.27086745154849856
Baseline,LogisticRegression,0.85,Defaults,Defaults,0.7040766101115774,0.29592338988842254
Baseline,LogisticRegression,0.85,Defaults,Defaults,0.7531753085396425,0.2468246914603575
Baseline,LogisticRegression,0.85,Defaults,Defaults,0.7046702150992172,0.2953297849007828
Baseline,LogisticRegression,0.85,Tuning,Tuning,0.07571272578717314,0.9242872742128269
Baseline,LogisticRegression,0.85,Tuning,Tuning,0.0867711511385919,0.9132288488614081
Baseline,LogisticRegression,0.85,Tuning,Tuning,0.045099580519120774,0.9549004194808792
Baseline,LogisticRegression,0.85,Defaults,Tuning,0.2340696215273741,0.7659303784726259
Baseline,LogisticRegression,0.85,Defaults,Tuning,0.4391982270652478,0.5608017729347522
Baseline,LogisticRegression,0.85,Defaults,Tuning,0.467861936008958,0.532138063991042
Baseline,LogisticRegression,0.85,Defaults,Defaults,0.6485464211911763,0.35145357880882366
Baseline,LogisticRegression,0.85,Tuning,Defaults,0.6817612344681367,0.3182387655318632
Baseline,LogisticRegression,0.85,Tuning,Defaults,0.924734530732089,0.07526546926791103
Baseline,LogisticRegression,0.85,Defaults,Defaults,0.6711391148912296,0.32886088510877043
Baseline,LogisticRegression,0.85,Tuning,Tuning,0.028545126761013062,0.9714548732389869
Baseline,LogisticRegression,0.85,Defaults,Defaults,0.552853963322367,0.4471460366776329
Baseline,LogisticRegression,0.85,Tuning,Tuning,0.023157331348198973,0.976842668651801
Baseline,LogisticRegression,0.85,Tuning,Tuning,0.002619681525586337,0.9973803184744137
Baseline,LogisticRegression,0.85,Defaults,Tuning,0.1343588967159054,0.8656411032840946
Baseline,LogisticRegression,0.85,Tuning,Tuning,0.21157592347584075,0.7884240765241592
Baseline,LogisticRegression,0.85,Defaults,Tuning,0.0,1.0
Baseline,LogisticRegression,0.85,Tuning,Tuning,0.044482859788416595,0.9555171402115834
Baseline,LogisticRegression,0.85,Tuning,Tuning,0.03358288364914486,0.9664171163508551
Baseline,LogisticRegression,0.85,Tuning,Tuning,0.061055961242093004,0.938944038757907
Baseline,LogisticRegression,0.85,Defaults,Defaults,0.6267935100009625,0.37320648999903755
Baseline,LogisticRegression,0.85,Tuning,Tuning,0.13998094259211402,0.860019057407886
Baseline,LogisticRegression,0.85,Tuning,Tuning,0.3551104937300472,0.6448895062699528
Baseline,LogisticRegression,0.85,Tuning,Tuning,0.2105892456250692,0.7894107543749308
Baseline,LogisticRegression,0.85,Defaults,Tuning,0.034498967183156815,0.9655010328168432
Baseline,LogisticRegression,0.85,Tuning,Tuning,0.3378362102846175,0.6621637897153825
Baseline,LogisticRegression,0.85,Tuning,Defaults,0.6109541396232061,0.38904586037679384
Baseline,LogisticRegression,0.85,Tuning,Tuning,0.005340595504042311,0.9946594044959577
Baseline,LogisticRegression,0.85,Tuning,Tuning,0.00774424444179711,0.9922557555582029
Baseline,LogisticRegression,0.85,Tuning,Defaults,0.8969007366845753,0.10309926331542472
Baseline,LogisticRegression,0.85,Tuning,Tuning,0.03376233284140351,0.9662376671585965
Baseline,LogisticRegression,0.85,Tuning,Tuning,0.1786071936215965,0.8213928063784035
Baseline,LogisticRegression,0.85,Defaults,Defaults,0.5996154969702059,0.40038450302979417
Baseline,LogisticRegression,0.85,Tuning,Tuning,0.005026031197094216,0.9949739688029058
Baseline,LogisticRegression,0.85,Tuning,Tuning,0.03096322658151829,0.9690367734184817
Baseline,LogisticRegression,0.85,Tuning,Tuning,0.0034856310636972587,0.9965143689363027
Baseline,LogisticRegression,0.85,Tuning,Tuning,0.039747574720365386,0.9602524252796346
Baseline,LogisticRegression,0.85,Tuning,Tuning,0.003777127010740622,0.9962228729892594
Baseline,LogisticRegression,0.85,Tuning,Tuning,0.4410442123223898,0.5589557876776102
Baseline,LogisticRegression,0.85,Tuning,Defaults,0.8052486621065185,0.1947513378934815
Baseline,LogisticRegression,0.85,Tuning,Tuning,0.002217510437242387,0.9977824895627576
Baseline,LogisticRegression,0.85,Defaults,Tuning,0.3913254817766709,0.6086745182233291
Baseline,LogisticRegression,0.85,Tuning,Tuning,0.002589235928037059,0.9974107640719629
Baseline,LogisticRegression,0.85,Defaults,Defaults,0.617333725220814,0.3826662747791861
Baseline,LogisticRegression,0.85,Tuning,Tuning,0.3247449325361417,0.6752550674638583
Baseline,LogisticRegression,0.85,Tuning,Tuning,0.42817046577424234,0.5718295342257577
Baseline,LogisticRegression,0.85,Tuning,Defaults,0.7552112914928979,0.24478870850710216
Baseline,LogisticRegression,0.85,Tuning,Tuning,0.2054608570647528,0.7945391429352472
Baseline,LogisticRegression,0.85,Defaults,Tuning,0.3789757279994528,0.6210242720005472
Baseline,LogisticRegression,0.85,Defaults,Tuning,0.1703472328648019,0.8296527671351981
Baseline,LogisticRegression,0.85,Tuning,Tuning,0.006587913536668877,0.9934120864633311
Baseline,LogisticRegression,0.85,Tuning,Tuning,0.18007149675627798,0.819928503243722
Baseline,LogisticRegression,0.85,Tuning,Tuning,0.01807390269091136,0.9819260973090886
Baseline,LogisticRegression,0.85,Tuning,Tuning,0.01807390269091136,0.9819260973090886
Baseline,LogisticRegression,0.85,Tuning,Tuning,0.24829255040481613,0.7517074495951839
Baseline,LogisticRegression,0.85,Tuning,Tuning,0.02387466249181991,0.9761253375081801
Baseline,LogisticRegression,0.85,Tuning,Defaults,0.6731756257801428,0.3268243742198572
Baseline,LogisticRegression,0.85,Tuning,Tuning,0.058075431771831276,0.9419245682281687
Baseline,LogisticRegression,0.85,Defaults,Defaults,0.5505867564602436,0.4494132435397564
Baseline,LogisticRegression,0.85,Tuning,Tuning,0.48747189311604644,0.5125281068839536
Baseline,LogisticRegression,0.85,Tuning,Defaults,0.7025764933583072,0.2974235066416928
Baseline,LogisticRegression,0.85,Tuning,Tuning,0.18902190786280315,0.8109780921371968
Baseline,LogisticRegression,0.85,Tuning,Tuning,0.09001916544187605,0.909980834558124
Baseline,LogisticRegression,0.85,Defaults,Tuning,0.43981699797079565,0.5601830020292043
Baseline,LogisticRegression,0.85,Tuning,Tuning,0.04759386616221162,0.9524061338377884
Baseline,LogisticRegression,0.85,Tuning,Tuning,0.006740148961699277,0.9932598510383007
Baseline,LogisticRegression,0.85,Tuning,Tuning,0.3043213296179499,0.6956786703820501
Baseline,LogisticRegression,0.85,Defaults,Tuning,0.3301142999110813,0.6698857000889187
Baseline,LogisticRegression,0.85,Tuning,Tuning,0.004233749237156248,0.9957662507628438
Baseline,LogisticRegression,0.85,Tuning,Defaults,0.5607763650482217,0.4392236349517783
Baseline,LogisticRegression,0.85,Tuning,Tuning,0.044553674227315376,0.9554463257726846
Baseline,LogisticRegression,0.85,Defaults,Defaults,0.8519932518951638,0.14800674810483622
Baseline,LogisticRegression,0.85,Defaults,Defaults,0.7539286358758515,0.24607136412414857
Baseline,LogisticRegression,0.85,Tuning,Tuning,0.1267922565309223,0.8732077434690777
Baseline,LogisticRegression,0.85,Tuning,Tuning,0.07352337406637444,0.9264766259336256
Baseline,LogisticRegression,0.85,Tuning,Defaults,0.6114133699385919,0.38858663006140814
Baseline,LogisticRegression,0.85,Defaults,Tuning,0.46828590058426833,0.5317140994157317
Baseline,LogisticRegression,0.85,Defaults,Tuning,0.49209483022731404,0.507905169772686
Baseline,LogisticRegression,0.85,Defaults,Defaults,0.7857364682591647,0.21426353174083532
Baseline,LogisticRegression,0.85,Tuning,Tuning,0.2872869716062496,0.7127130283937504
Baseline,LogisticRegression,0.85,Defaults,Defaults,0.5488566544190739,0.45114334558092606
Baseline,LogisticRegression,0.85,Tuning,Defaults,0.9171690664287541,0.0828309335712459
Baseline,LogisticRegression,0.85,Tuning,Tuning,0.06985452441205509,0.9301454755879449
Baseline,LogisticRegression,0.85,Defaults,Tuning,0.2422052585454929,0.7577947414545071
Baseline,LogisticRegression,0.85,Defaults,Defaults,0.854185234619141,0.14581476538085902
Baseline,LogisticRegression,0.85,Tuning,Defaults,0.6872475718106725,0.3127524281893275
Baseline,LogisticRegression,0.85,Tuning,Tuning,0.07072086495707064,0.9292791350429294
Baseline,LogisticRegression,0.85,Defaults,Tuning,0.45153619788057997,0.54846380211942
Baseline,LogisticRegression,0.85,Tuning,Tuning,0.00037011607719894535,0.999629883922801
Baseline,LogisticRegression,0.85,Tuning,Tuning,0.13984690879405948,0.8601530912059405
Baseline,LogisticRegression,0.85,Tuning,Tuning,1.9592619311392667e-05,0.9999804073806886
Baseline,LogisticRegression,0.85,Tuning,Tuning,0.2963913252621605,0.7036086747378395
Baseline,LogisticRegression,0.9,Tuning,Tuning,0.006882140664322911,0.9931178593356771
Baseline,LogisticRegression,0.9,Tuning,Tuning,0.076627600816636,0.923372399183364
Baseline,LogisticRegression,0.9,Defaults,Defaults,0.6826993555788723,0.3173006444211277
Baseline,LogisticRegression,0.9,Tuning,Tuning,0.07990948190514069,0.9200905180948593
Baseline,LogisticRegression,0.9,Tuning,Tuning,0.022516544573855213,0.9774834554261448
Baseline,LogisticRegression,0.9,Tuning,Defaults,0.6948785175877576,0.3051214824122424
Baseline,LogisticRegression,0.9,Tuning,Tuning,0.00011079121208223963,0.9998892087879178
Baseline,LogisticRegression,0.9,Defaults,Tuning,0.045392317752541045,0.954607682247459
Baseline,LogisticRegression,0.9,Defaults,Tuning,0.025158025024736408,0.9748419749752636
Baseline,LogisticRegression,0.9,Tuning,Tuning,0.10981431391722662,0.8901856860827734
Baseline,LogisticRegression,0.9,Tuning,Tuning,0.07778012984334326,0.9222198701566567
Baseline,LogisticRegression,0.9,Defaults,Tuning,0.3975230400288322,0.6024769599711678
Baseline,LogisticRegression,0.9,Tuning,Tuning,0.04647441703558908,0.9535255829644109
Baseline,LogisticRegression,0.9,Tuning,Tuning,0.029339817593288853,0.9706601824067111
Baseline,LogisticRegression,0.9,Tuning,Tuning,1.7005181126572566e-06,0.9999982994818873
Baseline,LogisticRegression,0.9,Tuning,Tuning,0.11450420578783715,0.8854957942121628
Baseline,LogisticRegression,0.9,Defaults,Defaults,0.8985459343584475,0.10145406564155246
Baseline,LogisticRegression,0.9,Tuning,Tuning,0.15248402250668058,0.8475159774933194
Baseline,LogisticRegression,0.9,Defaults,Tuning,0.2706267426512058,0.7293732573487942
Baseline,LogisticRegression,0.9,Tuning,Defaults,0.5209776564658294,0.4790223435341706
Baseline,LogisticRegression,0.9,Tuning,Tuning,0.2707927532087201,0.7292072467912799
Baseline,LogisticRegression,0.9,Defaults,Tuning,0.15523375545439422,0.8447662445456058
Baseline,LogisticRegression,0.9,Tuning,Tuning,0.016401316514794262,0.9835986834852057
Baseline,LogisticRegression,0.9,Tuning,Tuning,0.2733135312663637,0.7266864687336363
Baseline,LogisticRegression,0.9,Tuning,Tuning,0.19887138158522022,0.8011286184147798
Baseline,LogisticRegression,0.9,Tuning,Tuning,0.09832822443927891,0.9016717755607211
Baseline,LogisticRegression,0.9,Tuning,Tuning,0.08352684562228008,0.9164731543777199
Baseline,LogisticRegression,0.9,Tuning,Tuning,0.13984771623228343,0.8601522837677166
Baseline,LogisticRegression,0.9,Tuning,Tuning,0.18272396687467185,0.8172760331253281
Baseline,LogisticRegression,0.9,Tuning,Tuning,0.058904176081707615,0.9410958239182924
Baseline,LogisticRegression,0.9,Tuning,Tuning,0.03845476284401794,0.9615452371559821
Baseline,LogisticRegression,0.9,Tuning,Tuning,0.04716969569481433,0.9528303043051857
Baseline,LogisticRegression,0.9,Defaults,Defaults,0.7693117380118729,0.23068826198812709
Baseline,LogisticRegression,0.9,Defaults,Tuning,0.3146398879879958,0.6853601120120042
Baseline,LogisticRegression,0.9,Tuning,Tuning,0.010207884191688943,0.9897921158083111
Baseline,LogisticRegression,0.9,Tuning,Defaults,0.9021851638601683,0.09781483613983166
Baseline,LogisticRegression,0.9,Tuning,Tuning,0.03557805964356531,0.9644219403564347
Baseline,LogisticRegression,0.9,Defaults,Defaults,0.5791125597690508,0.42088744023094915
Baseline,LogisticRegression,0.9,Tuning,Tuning,0.17564332276553785,0.8243566772344622
Baseline,LogisticRegression,0.9,Defaults,Defaults,0.7661889752564479,0.23381102474355214
Baseline,LogisticRegression,0.9,Tuning,Tuning,0.15564172971836732,0.8443582702816327
Baseline,LogisticRegression,0.9,Tuning,Tuning,2.828421941103443e-10,0.9999999997171578
Baseline,LogisticRegression,0.9,Tuning,Defaults,0.9471335499945209,0.0528664500054791
Baseline,LogisticRegression,0.9,Tuning,Tuning,0.055537627591694005,0.944462372408306
Baseline,LogisticRegression,0.9,Tuning,Tuning,0.09365918641133875,0.9063408135886613
Baseline,LogisticRegression,0.9,Tuning,Tuning,0.4265291104962642,0.5734708895037358
Baseline,LogisticRegression,0.9,Tuning,Tuning,0.02145301215721873,0.9785469878427813
Baseline,LogisticRegression,0.9,Tuning,Tuning,0.024853364474584527,0.9751466355254155
Baseline,LogisticRegression,0.9,Tuning,Tuning,0.15726801902942478,0.8427319809705752
Baseline,LogisticRegression,0.9,Tuning,Tuning,0.04951434725400605,0.950485652745994
Baseline,LogisticRegression,0.9,Defaults,Tuning,0.23150092462588556,0.7684990753741144
Baseline,LogisticRegression,0.9,Tuning,Tuning,0.029269517424451053,0.970730482575549
Baseline,LogisticRegression,0.9,Tuning,Tuning,0.024325301138726108,0.9756746988612739
Baseline,LogisticRegression,0.9,Defaults,Tuning,0.15108942807232217,0.8489105719276778
Baseline,LogisticRegression,0.9,Tuning,Defaults,0.6682764518020963,0.3317235481979038
Baseline,LogisticRegression,0.9,Tuning,Defaults,0.548999020311175,0.451000979688825
Baseline,LogisticRegression,0.9,Tuning,Defaults,0.6447498896124385,0.3552501103875615
Baseline,LogisticRegression,0.9,Tuning,Defaults,0.6596336004580894,0.34036639954191056
Baseline,LogisticRegression,0.9,Tuning,Defaults,0.5086093816644217,0.4913906183355783
Baseline,LogisticRegression,0.9,Tuning,Tuning,0.028719192896252688,0.9712808071037473
Baseline,LogisticRegression,0.9,Tuning,Tuning,0.0002530405161491611,0.9997469594838508
Baseline,LogisticRegression,0.9,Tuning,Tuning,0.16881368650669804,0.831186313493302
Baseline,LogisticRegression,0.9,Tuning,Tuning,0.27370747093530456,0.7262925290646954
Baseline,LogisticRegression,0.9,Defaults,Defaults,0.5847584540431768,0.41524154595682317
Baseline,LogisticRegression,0.9,Tuning,Tuning,0.4797584717389245,0.5202415282610755
Baseline,LogisticRegression,0.9,Defaults,Tuning,0.22969797560999194,0.770302024390008
Baseline,LogisticRegression,0.9,Tuning,Tuning,0.16837757227910655,0.8316224277208935
Baseline,LogisticRegression,0.9,Tuning,Tuning,0.2253180024465964,0.7746819975534036
Baseline,LogisticRegression,0.9,Tuning,Tuning,0.3393925556568552,0.6606074443431448
Baseline,LogisticRegression,0.9,Tuning,Tuning,0.007370227832556031,0.992629772167444
Baseline,LogisticRegression,0.9,Tuning,Tuning,0.4161019841777921,0.5838980158222079
Baseline,LogisticRegression,0.9,Defaults,Tuning,0.002366091352119515,0.9976339086478805
Baseline,LogisticRegression,0.9,Tuning,Tuning,0.3574809163419832,0.6425190836580168
Baseline,LogisticRegression,0.9,Defaults,Defaults,0.735738010834356,0.26426198916564403
Baseline,LogisticRegression,0.9,Defaults,Defaults,0.6942624485232788,0.3057375514767212
Baseline,LogisticRegression,0.9,Defaults,Defaults,0.7988324067018442,0.20116759329815587
Baseline,LogisticRegression,0.9,Defaults,Defaults,0.71211495992821,0.2878850400717901
Baseline,LogisticRegression,0.9,Tuning,Tuning,0.07584301902371704,0.924156980976283
Baseline,LogisticRegression,0.9,Tuning,Tuning,0.0875665611151647,0.9124334388848353
Baseline,LogisticRegression,0.9,Tuning,Tuning,0.029217886659091863,0.9707821133409081
Baseline,LogisticRegression,0.9,Defaults,Tuning,0.22852470551588344,0.7714752944841166
Baseline,LogisticRegression,0.9,Defaults,Tuning,0.49950383524593434,0.5004961647540657
Baseline,LogisticRegression,0.9,Defaults,Tuning,0.44861023613660267,0.5513897638633973
Baseline,LogisticRegression,0.9,Defaults,Defaults,0.7115817989359132,0.2884182010640868
Baseline,LogisticRegression,0.9,Tuning,Defaults,0.68925580106783,0.31074419893217003
Baseline,LogisticRegression,0.9,Tuning,Defaults,0.9065958097773232,0.09340419022267671
Baseline,LogisticRegression,0.9,Defaults,Defaults,0.7358407583758424,0.26415924162415755
Baseline,LogisticRegression,0.9,Tuning,Tuning,0.02594337416381587,0.9740566258361841
Baseline,LogisticRegression,0.9,Defaults,Defaults,0.5420004245001397,0.45799957549986026
Baseline,LogisticRegression,0.9,Tuning,Tuning,0.03613981484035811,0.9638601851596419
Baseline,LogisticRegression,0.9,Tuning,Tuning,0.002002774066130475,0.9979972259338695
Baseline,LogisticRegression,0.9,Defaults,Tuning,0.09960550329092921,0.9003944967090708
Baseline,LogisticRegression,0.9,Tuning,Tuning,0.16492123233535216,0.8350787676646478
Baseline,LogisticRegression,0.9,Defaults,Tuning,0.0,1.0
Baseline,LogisticRegression,0.9,Tuning,Tuning,0.029054107951037023,0.970945892048963
Baseline,LogisticRegression,0.9,Tuning,Tuning,0.038218836541788814,0.9617811634582112
Baseline,LogisticRegression,0.9,Tuning,Tuning,0.08703568574170029,0.9129643142582997
Baseline,LogisticRegression,0.9,Defaults,Defaults,0.6764438944612582,0.3235561055387418
Baseline,LogisticRegression,0.9,Tuning,Tuning,0.1280676583342033,0.8719323416657967
Baseline,LogisticRegression,0.9,Tuning,Tuning,0.34295349875261216,0.6570465012473878
Baseline,LogisticRegression,0.9,Tuning,Tuning,0.1894177681874497,0.8105822318125503
Baseline,LogisticRegression,0.9,Defaults,Tuning,0.015437159690508517,0.9845628403094915
Baseline,LogisticRegression,0.9,Tuning,Tuning,0.35444124213267814,0.6455587578673219
Baseline,LogisticRegression,0.9,Tuning,Defaults,0.6437475245305222,0.35625247546947786
Baseline,LogisticRegression,0.9,Tuning,Tuning,0.01310425476616961,0.9868957452338304
Baseline,LogisticRegression,0.9,Tuning,Tuning,0.005651456102207519,0.9943485438977925
Baseline,LogisticRegression,0.9,Tuning,Defaults,0.8851552087959559,0.11484479120404407
Baseline,LogisticRegression,0.9,Tuning,Tuning,0.03817448699171011,0.9618255130082899
Baseline,LogisticRegression,0.9,Tuning,Tuning,0.11404766844309089,0.8859523315569091
Baseline,LogisticRegression,0.9,Defaults,Defaults,0.6394837433142649,0.36051625668573506
Baseline,LogisticRegression,0.9,Tuning,Tuning,0.00208473228320194,0.9979152677167981
Baseline,LogisticRegression,0.9,Tuning,Tuning,0.06927101137502623,0.9307289886249738
Baseline,LogisticRegression,0.9,Tuning,Tuning,0.005359134853564651,0.9946408651464353
Baseline,LogisticRegression,0.9,Tuning,Tuning,0.05000225546868331,0.9499977445313167
Baseline,LogisticRegression,0.9,Tuning,Tuning,0.0047642988694655,0.9952357011305345
Baseline,LogisticRegression,0.9,Tuning,Tuning,0.38807560323559176,0.6119243967644082
Baseline,LogisticRegression,0.9,Tuning,Defaults,0.7523950016099868,0.24760499839001315
Baseline,LogisticRegression,0.9,Tuning,Tuning,0.0018271153015393393,0.9981728846984607
Baseline,LogisticRegression,0.9,Defaults,Tuning,0.3537117178582083,0.6462882821417917
Baseline,LogisticRegression,0.9,Tuning,Tuning,0.002250081214189237,0.9977499187858108
Baseline,LogisticRegression,0.9,Defaults,Defaults,0.5747933119163735,0.42520668808362655
Baseline,LogisticRegression,0.9,Tuning,Tuning,0.29880832096287613,0.7011916790371239
Baseline,LogisticRegression,0.9,Tuning,Tuning,0.46005368237435473,0.5399463176256453
Baseline,LogisticRegression,0.9,Tuning,Defaults,0.7227159681137438,0.2772840318862561
Baseline,LogisticRegression,0.9,Tuning,Tuning,0.21513337191923065,0.7848666280807693
Baseline,LogisticRegression,0.9,Defaults,Tuning,0.439434672045513,0.560565327954487
Baseline,LogisticRegression,0.9,Defaults,Tuning,0.20363103275519645,0.7963689672448035
Baseline,LogisticRegression,0.9,Tuning,Tuning,0.009689196873375994,0.990310803126624
Baseline,LogisticRegression,0.9,Tuning,Tuning,0.21755154880833072,0.7824484511916693
Baseline,LogisticRegression,0.9,Tuning,Tuning,0.03100116879786252,0.9689988312021375
Baseline,LogisticRegression,0.9,Tuning,Tuning,0.03100116879786252,0.9689988312021375
Baseline,LogisticRegression,0.9,Tuning,Tuning,0.19582002158667933,0.8041799784133207
Baseline,LogisticRegression,0.9,Tuning,Tuning,0.022950223126024794,0.9770497768739752
Baseline,LogisticRegression,0.9,Tuning,Defaults,0.7258994357258336,0.2741005642741664
Baseline,LogisticRegression,0.9,Tuning,Tuning,0.028199686032830407,0.9718003139671696
Baseline,LogisticRegression,0.9,Defaults,Tuning,0.450706827991711,0.549293172008289
Baseline,LogisticRegression,0.9,Tuning,Defaults,0.5997549155734141,0.40024508442658596
Baseline,LogisticRegression,0.9,Tuning,Defaults,0.5390738844367529,0.46092611556324714
Baseline,LogisticRegression,0.9,Tuning,Tuning,0.1644601895736234,0.8355398104263766
Baseline,LogisticRegression,0.9,Tuning,Tuning,0.11805773624045712,0.8819422637595429
Baseline,LogisticRegression,0.9,Defaults,Tuning,0.4540041272584775,0.5459958727415225
Baseline,LogisticRegression,0.9,Tuning,Tuning,0.045889811189503193,0.9541101888104968
Baseline,LogisticRegression,0.9,Tuning,Tuning,0.005526376574837011,0.994473623425163
Baseline,LogisticRegression,0.9,Tuning,Tuning,0.38680353679350266,0.6131964632064973
Baseline,LogisticRegression,0.9,Defaults,Tuning,0.26932617702898587,0.7306738229710141
Baseline,LogisticRegression,0.9,Tuning,Tuning,0.0034445375667297995,0.9965554624332702
Baseline,LogisticRegression,0.9,Tuning,Defaults,0.5600434784443522,0.43995652155564785
Baseline,LogisticRegression,0.9,Tuning,Tuning,0.05017615016823462,0.9498238498317654
Baseline,LogisticRegression,0.9,Defaults,Defaults,0.8870568383966504,0.11294316160334966
Baseline,LogisticRegression,0.9,Defaults,Defaults,0.8372839909705606,0.16271600902943936
Baseline,LogisticRegression,0.9,Tuning,Tuning,0.07293564614781622,0.9270643538521838
Baseline,LogisticRegression,0.9,Tuning,Tuning,0.049350190040312714,0.9506498099596873
Baseline,LogisticRegression,0.9,Tuning,Defaults,0.8173435716434887,0.1826564283565113
Baseline,LogisticRegression,0.9,Defaults,Tuning,0.4235588905681239,0.5764411094318761
Baseline,LogisticRegression,0.9,Defaults,Defaults,0.5917856854593848,0.40821431454061524
Baseline,LogisticRegression,0.9,Defaults,Defaults,0.8064055694993275,0.19359443050067252
Baseline,LogisticRegression,0.9,Tuning,Tuning,0.259526239908913,0.740473760091087
Baseline,LogisticRegression,0.9,Defaults,Defaults,0.5929483083115348,0.4070516916884653
Baseline,LogisticRegression,0.9,Tuning,Defaults,0.9203671669432775,0.07963283305672252
Baseline,LogisticRegression,0.9,Tuning,Tuning,0.07668841878838561,0.9233115812116144
Baseline,LogisticRegression,0.9,Defaults,Tuning,0.23914466139087098,0.760855338609129
Baseline,LogisticRegression,0.9,Defaults,Defaults,0.8852653944174212,0.11473460558257877
Baseline,LogisticRegression,0.9,Tuning,Defaults,0.6586783962791619,0.3413216037208381
Baseline,LogisticRegression,0.9,Tuning,Tuning,0.10204774752135692,0.8979522524786431
Baseline,LogisticRegression,0.9,Defaults,Defaults,0.5829621298414821,0.4170378701585179
Baseline,LogisticRegression,0.9,Tuning,Tuning,0.0017954731102095556,0.9982045268897904
Baseline,LogisticRegression,0.9,Tuning,Tuning,0.09806522158835151,0.9019347784116485
Baseline,LogisticRegression,0.9,Tuning,Tuning,1.0302216722046786e-05,0.999989697783278
Baseline,LogisticRegression,0.9,Tuning,Tuning,0.2409645752125178,0.7590354247874822
Baseline,LogisticRegression,0.95,Tuning,Tuning,0.004879360020315082,0.9951206399796849
Baseline,LogisticRegression,0.95,Tuning,Tuning,0.07781303302582776,0.9221869669741722
Baseline,LogisticRegression,0.95,Defaults,Defaults,0.691764256464344,0.308235743535656
Baseline,LogisticRegression,0.95,Tuning,Tuning,0.07723488112543708,0.9227651188745629
Baseline,LogisticRegression,0.95,Tuning,Tuning,0.023366360626153715,0.9766336393738463
Baseline,LogisticRegression,0.95,Tuning,Defaults,0.7618721731932725,0.23812782680672745
Baseline,LogisticRegression,0.95,Tuning,Tuning,0.0004692069635746643,0.9995307930364253
Baseline,LogisticRegression,0.95,Defaults,Tuning,0.044332348219686235,0.9556676517803138
Baseline,LogisticRegression,0.95,Defaults,Tuning,0.02397499286512672,0.9760250071348733
Baseline,LogisticRegression,0.95,Tuning,Tuning,0.11101373264858294,0.8889862673514171
Baseline,LogisticRegression,0.95,Tuning,Tuning,0.07733770721207045,0.9226622927879295
Baseline,LogisticRegression,0.95,Defaults,Tuning,0.43186422568006955,0.5681357743199305
Baseline,LogisticRegression,0.95,Tuning,Tuning,0.04783400821184258,0.9521659917881574
Baseline,LogisticRegression,0.95,Tuning,Tuning,0.02892143175516726,0.9710785682448327
Baseline,LogisticRegression,0.95,Tuning,Tuning,1.8608890085536345e-06,0.9999981391109914
Baseline,LogisticRegression,0.95,Tuning,Tuning,0.10710163894263847,0.8928983610573615
Baseline,LogisticRegression,0.95,Defaults,Defaults,0.9081606844511977,0.09183931554880231
Baseline,LogisticRegression,0.95,Tuning,Tuning,0.14079750469100505,0.859202495308995
Baseline,LogisticRegression,0.95,Defaults,Tuning,0.32244300620903044,0.6775569937909696
Baseline,LogisticRegression,0.95,Tuning,Defaults,0.5422269667209539,0.45777303327904606
Baseline,LogisticRegression,0.95,Tuning,Tuning,0.27776745099137323,0.7222325490086268
Baseline,LogisticRegression,0.95,Defaults,Tuning,0.15073725383435488,0.8492627461656451
Baseline,LogisticRegression,0.95,Tuning,Tuning,0.01538622997788941,0.9846137700221106
Baseline,LogisticRegression,0.95,Tuning,Tuning,0.2268744288255602,0.7731255711744398
Baseline,LogisticRegression,0.95,Tuning,Tuning,0.1917754794583334,0.8082245205416666
Baseline,LogisticRegression,0.95,Tuning,Tuning,0.08868626718378436,0.9113137328162156
Baseline,LogisticRegression,0.95,Tuning,Tuning,0.0935476269549893,0.9064523730450107
Baseline,LogisticRegression,0.95,Tuning,Tuning,0.12256396622621579,0.8774360337737842
Baseline,LogisticRegression,0.95,Tuning,Tuning,0.1566000320773261,0.8433999679226739
Baseline,LogisticRegression,0.95,Tuning,Tuning,0.05244879276336323,0.9475512072366368
Baseline,LogisticRegression,0.95,Tuning,Tuning,0.028597718527624716,0.9714022814723753
Baseline,LogisticRegression,0.95,Tuning,Tuning,0.04926163061934952,0.9507383693806505
Baseline,LogisticRegression,0.95,Defaults,Defaults,0.7779968480205353,0.22200315197946477
Baseline,LogisticRegression,0.95,Defaults,Tuning,0.3247759109581392,0.6752240890418608
Baseline,LogisticRegression,0.95,Tuning,Tuning,0.00872828727495678,0.9912717127250432
Baseline,LogisticRegression,0.95,Tuning,Defaults,0.8249594295106701,0.17504057048932992
Baseline,LogisticRegression,0.95,Tuning,Tuning,0.059703088982535846,0.9402969110174642
Baseline,LogisticRegression,0.95,Defaults,Defaults,0.7028741082959876,0.2971258917040124
Baseline,LogisticRegression,0.95,Tuning,Tuning,0.19953309290205445,0.8004669070979455
Baseline,LogisticRegression,0.95,Defaults,Defaults,0.7336298950250635,0.2663701049749366
Baseline,LogisticRegression,0.95,Tuning,Tuning,0.12364845029666804,0.876351549703332
Baseline,LogisticRegression,0.95,Tuning,Tuning,2.2502000263102673e-09,0.9999999977498
Baseline,LogisticRegression,0.95,Tuning,Defaults,0.9357505398868781,0.06424946011312191
Baseline,LogisticRegression,0.95,Tuning,Tuning,0.05590737571995463,0.9440926242800454
Baseline,LogisticRegression,0.95,Tuning,Tuning,0.08311699011252027,0.9168830098874797
Baseline,LogisticRegression,0.95,Tuning,Tuning,0.39227379966584375,0.6077262003341563
Baseline,LogisticRegression,0.95,Tuning,Tuning,0.019800684032851734,0.9801993159671483
Baseline,LogisticRegression,0.95,Tuning,Tuning,0.018738146094533836,0.9812618539054662
Baseline,LogisticRegression,0.95,Tuning,Tuning,0.16210004822249557,0.8378999517775044
Baseline,LogisticRegression,0.95,Tuning,Tuning,0.046883404819302976,0.953116595180697
Baseline,LogisticRegression,0.95,Defaults,Tuning,0.23712342677764553,0.7628765732223545
Baseline,LogisticRegression,0.95,Tuning,Tuning,0.009959871490106686,0.9900401285098933
Baseline,LogisticRegression,0.95,Tuning,Tuning,0.018221481206203927,0.9817785187937961
Baseline,LogisticRegression,0.95,Defaults,Tuning,0.11808648211424921,0.8819135178857508
Baseline,LogisticRegression,0.95,Tuning,Defaults,0.654732498658005,0.3452675013419951
Baseline,LogisticRegression,0.95,Tuning,Defaults,0.6287118471399532,0.3712881528600468
Baseline,LogisticRegression,0.95,Tuning,Defaults,0.6219580949222198,0.37804190507778024
Baseline,LogisticRegression,0.95,Tuning,Defaults,0.6919364176817486,0.30806358231825137
Baseline,LogisticRegression,0.95,Tuning,Tuning,0.4941208806951837,0.5058791193048163
Baseline,LogisticRegression,0.95,Tuning,Tuning,0.022164266245858766,0.9778357337541412
Baseline,LogisticRegression,0.95,Tuning,Tuning,0.0002833231694283622,0.9997166768305716
Baseline,LogisticRegression,0.95,Tuning,Tuning,0.1699352607428527,0.8300647392571473
Baseline,LogisticRegression,0.95,Tuning,Tuning,0.2549636503002777,0.7450363496997223
Baseline,LogisticRegression,0.95,Defaults,Defaults,0.603989930387381,0.3960100696126189
Baseline,LogisticRegression,0.95,Tuning,Tuning,0.4591349974588058,0.5408650025411942
Baseline,LogisticRegression,0.95,Defaults,Tuning,0.19794288829186957,0.8020571117081304
Baseline,LogisticRegression,0.95,Tuning,Tuning,0.1628589352324079,0.8371410647675921
Baseline,LogisticRegression,0.95,Tuning,Tuning,0.27759901213933913,0.7224009878606609
Baseline,LogisticRegression,0.95,Tuning,Tuning,0.37265819758031105,0.627341802419689
Baseline,LogisticRegression,0.95,Tuning,Tuning,0.014323846149585706,0.9856761538504143
Baseline,LogisticRegression,0.95,Tuning,Tuning,0.3212996102897203,0.6787003897102797
Baseline,LogisticRegression,0.95,Defaults,Tuning,0.0021158814305327622,0.9978841185694672
Baseline,LogisticRegression,0.95,Tuning,Tuning,0.34135398439656817,0.6586460156034318
Baseline,LogisticRegression,0.95,Defaults,Defaults,0.7596472565730226,0.24035274342697746
Baseline,LogisticRegression,0.95,Defaults,Defaults,0.7306573172399662,0.26934268276003376
Baseline,LogisticRegression,0.95,Defaults,Defaults,0.8199062770909203,0.18009372290907968
Baseline,LogisticRegression,0.95,Defaults,Defaults,0.7343135410181468,0.26568645898185317
Baseline,LogisticRegression,0.95,Tuning,Tuning,0.07181230322597365,0.9281876967740263
Baseline,LogisticRegression,0.95,Tuning,Tuning,0.08745752831694231,0.9125424716830577
Baseline,LogisticRegression,0.95,Tuning,Tuning,0.023392644682783348,0.9766073553172167
Baseline,LogisticRegression,0.95,Defaults,Tuning,0.24338520735425084,0.7566147926457492
Baseline,LogisticRegression,0.95,Defaults,Defaults,0.5271075463419472,0.4728924536580527
Baseline,LogisticRegression,0.95,Defaults,Tuning,0.39593261382651557,0.6040673861734844
Baseline,LogisticRegression,0.95,Defaults,Defaults,0.6987591473097626,0.30124085269023737
Baseline,LogisticRegression,0.95,Tuning,Defaults,0.7166504424050681,0.28334955759493186
Baseline,LogisticRegression,0.95,Tuning,Defaults,0.9188567457830974,0.08114325421690255
Baseline,LogisticRegression,0.95,Defaults,Defaults,0.7311165332302576,0.26888346676974234
Baseline,LogisticRegression,0.95,Tuning,Tuning,0.024683484521746735,0.9753165154782533
Baseline,LogisticRegression,0.95,Defaults,Defaults,0.6061893699472319,0.39381063005276806
Baseline,LogisticRegression,0.95,Tuning,Tuning,0.027617207233287644,0.9723827927667124
Baseline,LogisticRegression,0.95,Tuning,Tuning,0.0014452388443184638,0.9985547611556815
Baseline,LogisticRegression,0.95,Defaults,Tuning,0.10236154245518236,0.8976384575448176
Baseline,LogisticRegression,0.95,Tuning,Tuning,0.14019200445290814,0.8598079955470919
Baseline,LogisticRegression,0.95,Defaults,Tuning,0.0,1.0
Baseline,LogisticRegression,0.95,Tuning,Tuning,0.022220056943427435,0.9777799430565726
Baseline,LogisticRegression,0.95,Tuning,Tuning,0.04216262938013671,0.9578373706198633
Baseline,LogisticRegression,0.95,Tuning,Tuning,0.07701065310227118,0.9229893468977288
Baseline,LogisticRegression,0.95,Defaults,Defaults,0.6967762310252601,0.3032237689747399
Baseline,LogisticRegression,0.95,Tuning,Tuning,0.17587709407899332,0.8241229059210067
Baseline,LogisticRegression,0.95,Tuning,Tuning,0.43144345246652827,0.5685565475334717
Baseline,LogisticRegression,0.95,Tuning,Tuning,0.14671739910256687,0.8532826008974331
Baseline,LogisticRegression,0.95,Defaults,Tuning,0.012933582020889789,0.9870664179791102
Baseline,LogisticRegression,0.95,Tuning,Tuning,0.3416343652554146,0.6583656347445854
Baseline,LogisticRegression,0.95,Tuning,Defaults,0.6073795539856481,0.3926204460143519
Baseline,LogisticRegression,0.95,Tuning,Tuning,0.014090393438429993,0.98590960656157
Baseline,LogisticRegression,0.95,Tuning,Tuning,0.0030494987220324177,0.9969505012779676
Baseline,LogisticRegression,0.95,Tuning,Defaults,0.8803805173171123,0.11961948268288769
Baseline,LogisticRegression,0.95,Tuning,Tuning,0.04137550784847466,0.9586244921515253
Baseline,LogisticRegression,0.95,Tuning,Tuning,0.07639142956187894,0.9236085704381211
Baseline,LogisticRegression,0.95,Defaults,Defaults,0.6829948282924798,0.31700517170752013
Baseline,LogisticRegression,0.95,Tuning,Tuning,0.0023558933690622785,0.9976441066309377
Baseline,LogisticRegression,0.95,Tuning,Tuning,0.0622857945479961,0.9377142054520039
Baseline,LogisticRegression,0.95,Tuning,Tuning,0.1035963809465359,0.8964036190534641
Baseline,LogisticRegression,0.95,Tuning,Tuning,0.039555213724397964,0.960444786275602
Baseline,LogisticRegression,0.95,Tuning,Tuning,0.0023869557305710165,0.997613044269429
Baseline,LogisticRegression,0.95,Tuning,Tuning,0.4210212365739584,0.5789787634260416
Baseline,LogisticRegression,0.95,Tuning,Defaults,0.7383085483612074,0.2616914516387926
Baseline,LogisticRegression,0.95,Tuning,Tuning,0.002146397327958738,0.9978536026720413
Baseline,LogisticRegression,0.95,Defaults,Tuning,0.3947149152268258,0.6052850847731742
Baseline,LogisticRegression,0.95,Tuning,Tuning,0.0006828404898098217,0.9993171595101902
Baseline,LogisticRegression,0.95,Defaults,Defaults,0.6086410270954465,0.3913589729045534
Baseline,LogisticRegression,0.95,Tuning,Tuning,0.2529571399603633,0.7470428600396367
Baseline,LogisticRegression,0.95,Tuning,Tuning,0.46022029010765275,0.5397797098923472
Baseline,LogisticRegression,0.95,Tuning,Defaults,0.7466149289996833,0.25338507100031665
Baseline,LogisticRegression,0.95,Tuning,Tuning,0.20355607404798837,0.7964439259520116
Baseline,LogisticRegression,0.95,Defaults,Tuning,0.39811272762935435,0.6018872723706457
Baseline,LogisticRegression,0.95,Defaults,Tuning,0.21935475987302888,0.7806452401269711
Baseline,LogisticRegression,0.95,Tuning,Tuning,0.008401888389569234,0.9915981116104308
Baseline,LogisticRegression,0.95,Tuning,Tuning,0.13397028952040513,0.8660297104795949
Baseline,LogisticRegression,0.95,Tuning,Tuning,0.032726660152115006,0.967273339847885
Baseline,LogisticRegression,0.95,Tuning,Tuning,0.032726660152115006,0.967273339847885
Baseline,LogisticRegression,0.95,Tuning,Tuning,0.1161594962507898,0.8838405037492102
Baseline,LogisticRegression,0.95,Tuning,Tuning,0.022405147252554602,0.9775948527474454
Baseline,LogisticRegression,0.95,Tuning,Defaults,0.66364066137094,0.33635933862906003
Baseline,LogisticRegression,0.95,Tuning,Tuning,0.047963418782537626,0.9520365812174624
Baseline,LogisticRegression,0.95,Defaults,Tuning,0.3791417572600182,0.6208582427399818
Baseline,LogisticRegression,0.95,Tuning,Defaults,0.5762781335148968,0.4237218664851033
Baseline,LogisticRegression,0.95,Tuning,Defaults,0.5281001201136171,0.47189987988638293
Baseline,LogisticRegression,0.95,Tuning,Tuning,0.16374431996660566,0.8362556800333943
Baseline,LogisticRegression,0.95,Tuning,Tuning,0.1156312531409448,0.8843687468590552
Baseline,LogisticRegression,0.95,Defaults,Tuning,0.38796642410709814,0.6120335758929019
Baseline,LogisticRegression,0.95,Tuning,Tuning,0.11323974328775388,0.8867602567122461
Baseline,LogisticRegression,0.95,Tuning,Tuning,0.022182659722293052,0.977817340277707
Baseline,LogisticRegression,0.95,Tuning,Tuning,0.3740836443303004,0.6259163556696996
Baseline,LogisticRegression,0.95,Defaults,Tuning,0.27827035529067856,0.7217296447093214
Baseline,LogisticRegression,0.95,Tuning,Tuning,0.0014122190089504993,0.9985877809910495
Baseline,LogisticRegression,0.95,Tuning,Defaults,0.6589056173550255,0.3410943826449745
Baseline,LogisticRegression,0.95,Tuning,Tuning,0.054949709729743,0.945050290270257
Baseline,LogisticRegression,0.95,Defaults,Defaults,0.9174742050399051,0.08252579496009493
Baseline,LogisticRegression,0.95,Defaults,Defaults,0.8335813708151273,0.16641862918487269
Baseline,LogisticRegression,0.95,Tuning,Tuning,0.06787807533973111,0.9321219246602689
Baseline,LogisticRegression,0.95,Tuning,Tuning,0.04248193888088703,0.957518061119113
Baseline,LogisticRegression,0.95,Tuning,Defaults,0.7995432746459514,0.20045672535404863
Baseline,LogisticRegression,0.95,Defaults,Tuning,0.4102320609105842,0.5897679390894158
Baseline,LogisticRegression,0.95,Defaults,Defaults,0.5621850430221172,0.43781495697788275
Baseline,LogisticRegression,0.95,Defaults,Defaults,0.7816215422979932,0.2183784577020068
Baseline,LogisticRegression,0.95,Tuning,Tuning,0.3242314213623074,0.6757685786376926
Baseline,LogisticRegression,0.95,Defaults,Defaults,0.5940712269882966,0.4059287730117034
Baseline,LogisticRegression,0.95,Tuning,Defaults,0.9179278033100473,0.08207219668995275
Baseline,LogisticRegression,0.95,Tuning,Tuning,0.06145530288837986,0.9385446971116201
Baseline,LogisticRegression,0.95,Defaults,Tuning,0.24389021607618422,0.7561097839238158
Baseline,LogisticRegression,0.95,Defaults,Defaults,0.8624747734357698,0.13752522656423016
Baseline,LogisticRegression,0.95,Tuning,Defaults,0.6861968047163951,0.3138031952836049
Baseline,LogisticRegression,0.95,Tuning,Tuning,0.08045502708564489,0.9195449729143551
Baseline,LogisticRegression,0.95,Defaults,Defaults,0.6131513750130524,0.38684862498694755
Baseline,LogisticRegression,0.95,Tuning,Tuning,0.001216898844956349,0.9987831011550437
Baseline,LogisticRegression,0.95,Tuning,Tuning,0.1583468235746942,0.8416531764253058
Baseline,LogisticRegression,0.95,Tuning,Tuning,1.3238728902242869e-05,0.9999867612710978
Baseline,LogisticRegression,0.95,Tuning,Tuning,0.23456024555384059,0.7654397544461594
Baseline,XGBoost,0.8,Tuning,Tuning,0.006428360939025879,0.9935716390609741
Baseline,XGBoost,0.8,Tuning,Tuning,0.0012794733047485352,0.9987205266952515
Baseline,XGBoost,0.8,Defaults,Defaults,0.7889310121536255,0.21106895804405212
Baseline,XGBoost,0.8,Tuning,Tuning,0.0032166242599487305,0.9967833757400513
Baseline,XGBoost,0.8,Tuning,Tuning,0.003478407859802246,0.9965215921401978
Baseline,XGBoost,0.8,Tuning,Defaults,0.9030510187149048,0.09694896638393402
Baseline,XGBoost,0.8,Tuning,Tuning,0.0011079907417297363,0.9988920092582703
Baseline,XGBoost,0.8,Defaults,Tuning,0.13927984237670898,0.860720157623291
Baseline,XGBoost,0.8,Defaults,Tuning,0.16148531436920166,0.8385146856307983
Baseline,XGBoost,0.8,Tuning,Tuning,0.015811443328857422,0.9841885566711426
Baseline,XGBoost,0.8,Tuning,Tuning,0.0021587610244750977,0.9978412389755249
Baseline,XGBoost,0.8,Defaults,Tuning,0.0423237681388855,0.9576762318611145
Baseline,XGBoost,0.8,Tuning,Tuning,0.002074599266052246,0.9979254007339478
Baseline,XGBoost,0.8,Tuning,Tuning,0.0008999109268188477,0.9991000890731812
Baseline,XGBoost,0.8,Tuning,Tuning,0.011340618133544922,0.9886593818664551
Baseline,XGBoost,0.8,Tuning,Tuning,0.0025832653045654297,0.9974167346954346
Baseline,XGBoost,0.8,Defaults,Defaults,0.9917538166046143,0.008246184326708317
Baseline,XGBoost,0.8,Tuning,Tuning,0.07093733549118042,0.9290626645088196
Baseline,XGBoost,0.8,Defaults,Tuning,0.08229571580886841,0.9177042841911316
Baseline,XGBoost,0.8,Tuning,Tuning,0.27767324447631836,0.7223267555236816
Baseline,XGBoost,0.8,Tuning,Tuning,0.1811160445213318,0.8188839554786682
Baseline,XGBoost,0.8,Defaults,Tuning,0.049034297466278076,0.9509657025337219
Baseline,XGBoost,0.8,Tuning,Tuning,0.018804550170898438,0.9811954498291016
Baseline,XGBoost,0.8,Tuning,Tuning,0.044560372829437256,0.9554396271705627
Baseline,XGBoost,0.8,Tuning,Tuning,0.0021939873695373535,0.9978060126304626
Baseline,XGBoost,0.8,Tuning,Tuning,0.0014098286628723145,0.9985901713371277
Baseline,XGBoost,0.8,Tuning,Tuning,0.003726959228515625,0.9962730407714844
Baseline,XGBoost,0.8,Tuning,Tuning,0.004587233066558838,0.9954127669334412
Baseline,XGBoost,0.8,Tuning,Tuning,0.0007686614990234375,0.9992313385009766
Baseline,XGBoost,0.8,Tuning,Tuning,0.00676119327545166,0.9932388067245483
Baseline,XGBoost,0.8,Tuning,Tuning,0.0008542537689208984,0.9991457462310791
Baseline,XGBoost,0.8,Tuning,Tuning,0.003726959228515625,0.9962730407714844
Baseline,XGBoost,0.8,Defaults,Defaults,0.9762399792671204,0.02376001887023449
Baseline,XGBoost,0.8,Defaults,Tuning,0.15264290571212769,0.8473570942878723
Baseline,XGBoost,0.8,Tuning,Tuning,0.030259549617767334,0.9697404503822327
Baseline,XGBoost,0.8,Tuning,Tuning,0.14760583639144897,0.852394163608551
Baseline,XGBoost,0.8,Tuning,Tuning,0.23605602979660034,0.7639439702033997
Baseline,XGBoost,0.8,Defaults,Defaults,0.7165333032608032,0.28346672654151917
Baseline,XGBoost,0.8,Tuning,Tuning,0.005779862403869629,0.9942201375961304
Baseline,XGBoost,0.8,Defaults,Defaults,0.9655929803848267,0.034407030791044235
Baseline,XGBoost,0.8,Tuning,Tuning,0.019372880458831787,0.9806271195411682
Baseline,XGBoost,0.8,Tuning,Tuning,0.00911247730255127,0.9908875226974487
Baseline,XGBoost,0.8,Tuning,Tuning,0.1349133849143982,0.8650866150856018
Baseline,XGBoost,0.8,Tuning,Tuning,0.00024443864822387695,0.9997555613517761
Baseline,XGBoost,0.8,Tuning,Tuning,0.017181575298309326,0.9828184247016907
Baseline,XGBoost,0.8,Tuning,Tuning,0.008917808532714844,0.9910821914672852
Baseline,XGBoost,0.8,Tuning,Defaults,0.7108838558197021,0.28911614418029785
Baseline,XGBoost,0.8,Tuning,Tuning,0.0015016794204711914,0.9984983205795288
Baseline,XGBoost,0.8,Tuning,Tuning,0.21516048908233643,0.7848395109176636
Baseline,XGBoost,0.8,Tuning,Tuning,0.0419766902923584,0.9580233097076416
Baseline,XGBoost,0.8,Defaults,Tuning,0.03873121738433838,0.9612687826156616
Baseline,XGBoost,0.8,Tuning,Tuning,0.010575711727142334,0.9894242882728577
Baseline,XGBoost,0.8,Tuning,Tuning,0.0039209723472595215,0.9960790276527405
Baseline,XGBoost,0.8,Defaults,Tuning,0.013341069221496582,0.9866589307785034
Baseline,XGBoost,0.8,Tuning,Defaults,0.9599927663803101,0.04000724107027054
Baseline,XGBoost,0.8,Tuning,Tuning,0.03969871997833252,0.9603012800216675
Baseline,XGBoost,0.8,Tuning,Tuning,0.1110219955444336,0.8889780044555664
Baseline,XGBoost,0.8,Tuning,Defaults,0.7370835542678833,0.2629164755344391
Baseline,XGBoost,0.8,Tuning,Defaults,0.6625930070877075,0.33740702271461487
Baseline,XGBoost,0.8,Tuning,Tuning,0.002152562141418457,0.9978474378585815
Baseline,XGBoost,0.8,Tuning,Tuning,0.002220451831817627,0.9977795481681824
Baseline,XGBoost,0.8,Tuning,Tuning,0.01433783769607544,0.9856621623039246
Baseline,XGBoost,0.8,Tuning,Tuning,0.14413827657699585,0.8558617234230042
Baseline,XGBoost,0.8,Defaults,Tuning,0.05209273099899292,0.9479072690010071
Baseline,XGBoost,0.8,Tuning,Defaults,0.739200234413147,0.26079973578453064
Baseline,XGBoost,0.8,Defaults,Tuning,0.19443190097808838,0.8055680990219116
Baseline,XGBoost,0.8,Tuning,Tuning,0.134873628616333,0.865126371383667
Baseline,XGBoost,0.8,Tuning,Tuning,0.03568243980407715,0.9643175601959229
Baseline,XGBoost,0.8,Tuning,Tuning,0.3689597249031067,0.6310402750968933
Baseline,XGBoost,0.8,Tuning,Tuning,0.26977860927581787,0.7302213907241821
Baseline,XGBoost,0.8,Tuning,Tuning,0.09186798334121704,0.908132016658783
Baseline,XGBoost,0.8,Defaults,Tuning,0.0077588558197021484,0.9922411441802979
Baseline,XGBoost,0.8,Tuning,Tuning,0.2129496932029724,0.7870503067970276
Baseline,XGBoost,0.8,Defaults,Defaults,0.9434086084365845,0.056591399013996124
Baseline,XGBoost,0.8,Defaults,Defaults,0.9663287997245789,0.033671218901872635
Baseline,XGBoost,0.8,Defaults,Tuning,0.3023557662963867,0.6976442337036133
Baseline,XGBoost,0.8,Defaults,Defaults,0.9663287997245789,0.033671218901872635
Baseline,XGBoost,0.8,Tuning,Tuning,0.07518547773361206,0.9248145222663879
Baseline,XGBoost,0.8,Tuning,Tuning,0.11291438341140747,0.8870856165885925
Baseline,XGBoost,0.8,Tuning,Defaults,0.8371132016181946,0.1628868132829666
Baseline,XGBoost,0.8,Defaults,Tuning,0.36556512117385864,0.6344348788261414
Baseline,XGBoost,0.8,Defaults,Defaults,0.806360125541687,0.1936398446559906
Baseline,XGBoost,0.8,Defaults,Tuning,0.09043371677398682,0.9095662832260132
Baseline,XGBoost,0.8,Defaults,Defaults,0.7520819902420044,0.2479179948568344
Baseline,XGBoost,0.8,Tuning,Defaults,0.5367293357849121,0.4632706344127655
Baseline,XGBoost,0.8,Tuning,Tuning,0.20622754096984863,0.7937724590301514
Baseline,XGBoost,0.8,Defaults,Defaults,0.9753267168998718,0.02467326633632183
Baseline,XGBoost,0.8,Tuning,Tuning,0.0007880926132202148,0.9992119073867798
Baseline,XGBoost,0.8,Defaults,Defaults,0.912887692451477,0.08711231499910355
Baseline,XGBoost,0.8,Tuning,Tuning,0.012006878852844238,0.9879931211471558
Baseline,XGBoost,0.8,Tuning,Tuning,0.0005339980125427246,0.9994660019874573
Baseline,XGBoost,0.8,Defaults,Tuning,0.027096867561340332,0.9729031324386597
Baseline,XGBoost,0.8,Tuning,Tuning,0.007564961910247803,0.9924350380897522
Baseline,XGBoost,0.8,Defaults,Tuning,0.07087177038192749,0.9291282296180725
Baseline,XGBoost,0.8,Tuning,Tuning,0.14010530710220337,0.8598946928977966
Baseline,XGBoost,0.8,Tuning,Tuning,0.0027890801429748535,0.9972109198570251
Baseline,XGBoost,0.8,Tuning,Tuning,0.00793391466140747,0.9920660853385925
Baseline,XGBoost,0.8,Defaults,Defaults,0.7393893003463745,0.2606107294559479
Baseline,XGBoost,0.8,Tuning,Defaults,0.5676171779632568,0.43238285183906555
Baseline,XGBoost,0.8,Tuning,Tuning,0.0015500783920288086,0.9984499216079712
Baseline,XGBoost,0.8,Tuning,Tuning,0.05991518497467041,0.9400848150253296
Baseline,XGBoost,0.8,Defaults,Tuning,0.00046634674072265625,0.9995336532592773
Baseline,XGBoost,0.8,Tuning,Tuning,0.43548548221588135,0.5645145177841187
Baseline,XGBoost,0.8,Tuning,Tuning,0.06809943914413452,0.9319005608558655
Baseline,XGBoost,0.8,Tuning,Tuning,0.2417275309562683,0.7582724690437317
Baseline,XGBoost,0.8,Tuning,Tuning,0.0039408206939697266,0.9960591793060303
Baseline,XGBoost,0.8,Tuning,Defaults,0.6851927042007446,0.31480729579925537
Baseline,XGBoost,0.8,Tuning,Tuning,0.0027890801429748535,0.9972109198570251
Baseline,XGBoost,0.8,Tuning,Tuning,0.021532773971557617,0.9784672260284424
Baseline,XGBoost,0.8,Defaults,Tuning,0.4458179473876953,0.5541820526123047
Baseline,XGBoost,0.8,Tuning,Tuning,0.004540622234344482,0.9954593777656555
Baseline,XGBoost,0.8,Tuning,Tuning,0.0015214085578918457,0.9984785914421082
Baseline,XGBoost,0.8,Tuning,Tuning,0.0036556124687194824,0.9963443875312805
Baseline,XGBoost,0.8,Tuning,Tuning,0.0014430880546569824,0.998556911945343
Baseline,XGBoost,0.8,Tuning,Tuning,0.0024475455284118652,0.9975524544715881
Baseline,XGBoost,0.8,Tuning,Tuning,0.027158617973327637,0.9728413820266724
Baseline,XGBoost,0.8,Tuning,Defaults,0.6198012828826904,0.38019871711730957
Baseline,XGBoost,0.8,Tuning,Tuning,0.007303953170776367,0.9926960468292236
Baseline,XGBoost,0.8,Defaults,Tuning,0.06394559144973755,0.9360544085502625
Baseline,XGBoost,0.8,Tuning,Tuning,0.1808043122291565,0.8191956877708435
Baseline,XGBoost,0.8,Defaults,Defaults,0.7454351782798767,0.2545648217201233
Baseline,XGBoost,0.8,Tuning,Tuning,0.11096572875976562,0.8890342712402344
Baseline,XGBoost,0.8,Tuning,Tuning,0.11488562822341919,0.8851143717765808
Baseline,XGBoost,0.8,Tuning,Defaults,0.5536502599716187,0.44634971022605896
Baseline,XGBoost,0.8,Tuning,Tuning,0.001023411750793457,0.9989765882492065
Baseline,XGBoost,0.8,Defaults,Tuning,0.021796345710754395,0.9782036542892456
Baseline,XGBoost,0.8,Defaults,Tuning,0.06778866052627563,0.9322113394737244
Baseline,XGBoost,0.8,Tuning,Tuning,0.0006887912750244141,0.9993112087249756
Baseline,XGBoost,0.8,Tuning,Tuning,0.12286221981048584,0.8771377801895142
Baseline,XGBoost,0.8,Tuning,Tuning,0.0011754631996154785,0.9988245368003845
Baseline,XGBoost,0.8,Tuning,Tuning,0.0011754631996154785,0.9988245368003845
Baseline,XGBoost,0.8,Tuning,Tuning,0.01107567548751831,0.9889243245124817
Baseline,XGBoost,0.8,Tuning,Tuning,0.004543185234069824,0.9954568147659302
Baseline,XGBoost,0.8,Tuning,Tuning,0.10840356349945068,0.8915964365005493
Baseline,XGBoost,0.8,Tuning,Tuning,0.007392525672912598,0.9926074743270874
Baseline,XGBoost,0.8,Defaults,Tuning,0.06829112768173218,0.9317088723182678
Baseline,XGBoost,0.8,Tuning,Defaults,0.9655474424362183,0.034452542662620544
Baseline,XGBoost,0.8,Tuning,Defaults,0.9661905765533447,0.03380942344665527
Baseline,XGBoost,0.8,Tuning,Tuning,0.043502867221832275,0.9564971327781677
Baseline,XGBoost,0.8,Tuning,Defaults,0.6532936096191406,0.3467063903808594
Baseline,XGBoost,0.8,Defaults,Tuning,0.22866171598434448,0.7713382840156555
Baseline,XGBoost,0.8,Tuning,Defaults,0.7504540681838989,0.24954594671726227
Baseline,XGBoost,0.8,Tuning,Tuning,0.03681492805480957,0.9631850719451904
Baseline,XGBoost,0.8,Tuning,Tuning,0.06691247224807739,0.9330875277519226
Baseline,XGBoost,0.8,Defaults,Tuning,0.005671799182891846,0.9943282008171082
Baseline,XGBoost,0.8,Tuning,Tuning,0.13200491666793823,0.8679950833320618
Baseline,XGBoost,0.8,Tuning,Tuning,0.08706027269363403,0.912939727306366
Baseline,XGBoost,0.8,Tuning,Tuning,0.0036629438400268555,0.9963370561599731
Baseline,XGBoost,0.8,Defaults,Defaults,0.8280990123748779,0.17190100252628326
Baseline,XGBoost,0.8,Defaults,Defaults,0.9874930381774902,0.012506985105574131
Baseline,XGBoost,0.8,Tuning,Tuning,0.18297237157821655,0.8170276284217834
Baseline,XGBoost,0.8,Tuning,Tuning,0.006858646869659424,0.9931413531303406
Baseline,XGBoost,0.8,Tuning,Tuning,0.4481475353240967,0.5518524646759033
Baseline,XGBoost,0.8,Defaults,Tuning,0.21893399953842163,0.7810660004615784
Baseline,XGBoost,0.8,Defaults,Tuning,0.2313355803489685,0.7686644196510315
Baseline,XGBoost,0.8,Defaults,Defaults,0.5194610357284546,0.4805389940738678
Baseline,XGBoost,0.8,Tuning,Tuning,0.019484877586364746,0.9805151224136353
Baseline,XGBoost,0.8,Defaults,Defaults,0.528438925743103,0.47156110405921936
Baseline,XGBoost,0.8,Tuning,Defaults,0.9974237084388733,0.002576279453933239
Baseline,XGBoost,0.8,Tuning,Tuning,0.08086597919464111,0.9191340208053589
Baseline,XGBoost,0.8,Defaults,Tuning,0.350643515586853,0.649356484413147
Baseline,XGBoost,0.8,Defaults,Tuning,0.09567844867706299,0.904321551322937
Baseline,XGBoost,0.8,Tuning,Tuning,0.4512542486190796,0.5487457513809204
Baseline,XGBoost,0.8,Tuning,Tuning,0.05097097158432007,0.9490290284156799
Baseline,XGBoost,0.8,Defaults,Tuning,0.4642752408981323,0.5357247591018677
Baseline,XGBoost,0.8,Tuning,Tuning,0.06690394878387451,0.9330960512161255
Baseline,XGBoost,0.8,Tuning,Tuning,0.04922962188720703,0.950770378112793
Baseline,XGBoost,0.8,Tuning,Tuning,0.016632795333862305,0.9833672046661377
Baseline,XGBoost,0.8,Tuning,Tuning,0.12048989534378052,0.8795101046562195
Baseline,XGBoost,0.85,Tuning,Tuning,0.009211599826812744,0.9907884001731873
Baseline,XGBoost,0.85,Tuning,Tuning,0.0005832910537719727,0.999416708946228
Baseline,XGBoost,0.85,Defaults,Defaults,0.9291128516197205,0.07088716328144073
Baseline,XGBoost,0.85,Tuning,Tuning,0.004271566867828369,0.9957284331321716
Baseline,XGBoost,0.85,Tuning,Tuning,0.003409266471862793,0.9965907335281372
Baseline,XGBoost,0.85,Tuning,Defaults,0.855289876461029,0.14471012353897095
Baseline,XGBoost,0.85,Tuning,Tuning,0.0007783174514770508,0.999221682548523
Baseline,XGBoost,0.85,Defaults,Tuning,0.3024423122406006,0.6975576877593994
Baseline,XGBoost,0.85,Defaults,Tuning,0.30680936574935913,0.6931906342506409
Baseline,XGBoost,0.85,Tuning,Tuning,0.008200526237487793,0.9917994737625122
Baseline,XGBoost,0.85,Tuning,Tuning,0.00286102294921875,0.9971389770507812
Baseline,XGBoost,0.85,Defaults,Tuning,0.031709134578704834,0.9682908654212952
Baseline,XGBoost,0.85,Tuning,Tuning,0.0005484223365783691,0.9994515776634216
Baseline,XGBoost,0.85,Tuning,Tuning,0.0015420913696289062,0.9984579086303711
Baseline,XGBoost,0.85,Tuning,Tuning,0.003563523292541504,0.9964364767074585
Baseline,XGBoost,0.85,Tuning,Tuning,0.001225292682647705,0.9987747073173523
Baseline,XGBoost,0.85,Defaults,Defaults,0.9887886047363281,0.011211411096155643
Baseline,XGBoost,0.85,Tuning,Tuning,0.01392441987991333,0.9860755801200867
Baseline,XGBoost,0.85,Defaults,Tuning,0.18449699878692627,0.8155030012130737
Baseline,XGBoost,0.85,Tuning,Tuning,0.16548573970794678,0.8345142602920532
Baseline,XGBoost,0.85,Tuning,Tuning,0.16053688526153564,0.8394631147384644
Baseline,XGBoost,0.85,Defaults,Tuning,0.016776621341705322,0.9832233786582947
Baseline,XGBoost,0.85,Tuning,Tuning,0.08954966068267822,0.9104503393173218
Baseline,XGBoost,0.85,Tuning,Tuning,0.017444610595703125,0.9825553894042969
Baseline,XGBoost,0.85,Tuning,Tuning,0.0016294121742248535,0.9983705878257751
Baseline,XGBoost,0.85,Tuning,Tuning,0.0011710524559020996,0.9988289475440979
Baseline,XGBoost,0.85,Tuning,Tuning,0.003672778606414795,0.9963272213935852
Baseline,XGBoost,0.85,Tuning,Tuning,0.005091607570648193,0.9949083924293518
Baseline,XGBoost,0.85,Tuning,Tuning,0.0010367631912231445,0.9989632368087769
Baseline,XGBoost,0.85,Tuning,Tuning,0.0035692453384399414,0.9964307546615601
Baseline,XGBoost,0.85,Tuning,Tuning,0.0007603168487548828,0.9992396831512451
Baseline,XGBoost,0.85,Tuning,Tuning,0.0034355521202087402,0.9965644478797913
Baseline,XGBoost,0.85,Defaults,Defaults,0.9826160669326782,0.017383921891450882
Baseline,XGBoost,0.85,Defaults,Tuning,0.17743444442749023,0.8225655555725098
Baseline,XGBoost,0.85,Tuning,Tuning,0.03153574466705322,0.9684642553329468
Baseline,XGBoost,0.85,Tuning,Tuning,0.07714194059371948,0.9228580594062805
Baseline,XGBoost,0.85,Tuning,Tuning,0.150010883808136,0.849989116191864
Baseline,XGBoost,0.85,Defaults,Defaults,0.581401526927948,0.418598473072052
Baseline,XGBoost,0.85,Tuning,Tuning,0.010340631008148193,0.9896593689918518
Baseline,XGBoost,0.85,Defaults,Defaults,0.8966450691223145,0.10335496068000793
Baseline,XGBoost,0.85,Tuning,Tuning,0.04077565670013428,0.9592243432998657
Baseline,XGBoost,0.85,Tuning,Tuning,0.0059580206871032715,0.9940419793128967
Baseline,XGBoost,0.85,Tuning,Tuning,0.2717060446739197,0.7282939553260803
Baseline,XGBoost,0.85,Tuning,Tuning,0.00020676851272583008,0.9997932314872742
Baseline,XGBoost,0.85,Tuning,Tuning,0.008623480796813965,0.991376519203186
Baseline,XGBoost,0.85,Tuning,Tuning,0.024432778358459473,0.9755672216415405
Baseline,XGBoost,0.85,Tuning,Defaults,0.6618255376815796,0.3381744921207428
Baseline,XGBoost,0.85,Tuning,Tuning,0.002367377281188965,0.997632622718811
Baseline,XGBoost,0.85,Tuning,Tuning,0.24661380052566528,0.7533861994743347
Baseline,XGBoost,0.85,Tuning,Tuning,0.08753812313079834,0.9124618768692017
Baseline,XGBoost,0.85,Defaults,Tuning,0.0559614896774292,0.9440385103225708
Baseline,XGBoost,0.85,Tuning,Tuning,0.030743718147277832,0.9692562818527222
Baseline,XGBoost,0.85,Tuning,Tuning,0.005410909652709961,0.99458909034729
Baseline,XGBoost,0.85,Defaults,Tuning,0.05533897876739502,0.944661021232605
Baseline,XGBoost,0.85,Tuning,Defaults,0.9652753472328186,0.03472462669014931
Baseline,XGBoost,0.85,Tuning,Tuning,0.12862318754196167,0.8713768124580383
Baseline,XGBoost,0.85,Tuning,Tuning,0.03847569227218628,0.9615243077278137
Baseline,XGBoost,0.85,Tuning,Defaults,0.7468077540397644,0.2531922459602356
Baseline,XGBoost,0.85,Tuning,Tuning,0.362639844417572,0.637360155582428
Baseline,XGBoost,0.85,Tuning,Tuning,0.0016279816627502441,0.9983720183372498
Baseline,XGBoost,0.85,Tuning,Tuning,0.0005304217338562012,0.9994695782661438
Baseline,XGBoost,0.85,Tuning,Tuning,0.04517906904220581,0.9548209309577942
Baseline,XGBoost,0.85,Tuning,Tuning,0.07916843891143799,0.920831561088562
Baseline,XGBoost,0.85,Defaults,Tuning,0.034160494804382324,0.9658395051956177
Baseline,XGBoost,0.85,Tuning,Defaults,0.9297807216644287,0.07021929323673248
Baseline,XGBoost,0.85,Defaults,Tuning,0.21103250980377197,0.788967490196228
Baseline,XGBoost,0.85,Tuning,Tuning,0.2511039972305298,0.7488960027694702
Baseline,XGBoost,0.85,Tuning,Tuning,0.0367775559425354,0.9632224440574646
Baseline,XGBoost,0.85,Tuning,Tuning,0.36073535680770874,0.6392646431922913
Baseline,XGBoost,0.85,Tuning,Tuning,0.27320730686187744,0.7267926931381226
Baseline,XGBoost,0.85,Tuning,Tuning,0.042451441287994385,0.9575485587120056
Baseline,XGBoost,0.85,Defaults,Tuning,0.01022946834564209,0.9897705316543579
Baseline,XGBoost,0.85,Tuning,Tuning,0.12675654888153076,0.8732434511184692
Baseline,XGBoost,0.85,Defaults,Defaults,0.9640495181083679,0.03595047816634178
Baseline,XGBoost,0.85,Defaults,Defaults,0.9733228087425232,0.02667718566954136
Baseline,XGBoost,0.85,Defaults,Tuning,0.2512710690498352,0.7487289309501648
Baseline,XGBoost,0.85,Defaults,Defaults,0.9688253402709961,0.0311746783554554
Baseline,XGBoost,0.85,Tuning,Tuning,0.05974763631820679,0.9402523636817932
Baseline,XGBoost,0.85,Tuning,Tuning,0.07390892505645752,0.9260910749435425
Baseline,XGBoost,0.85,Tuning,Defaults,0.9173850417137146,0.0826149582862854
Baseline,XGBoost,0.85,Defaults,Defaults,0.7130155563354492,0.28698447346687317
Baseline,XGBoost,0.85,Defaults,Defaults,0.6389581561088562,0.3610418438911438
Baseline,XGBoost,0.85,Defaults,Tuning,0.1461491584777832,0.8538508415222168
Baseline,XGBoost,0.85,Defaults,Defaults,0.886433482170105,0.11356649547815323
Baseline,XGBoost,0.85,Tuning,Defaults,0.7272188663482666,0.272781103849411
Baseline,XGBoost,0.85,Tuning,Tuning,0.08375370502471924,0.9162462949752808
Baseline,XGBoost,0.85,Defaults,Defaults,0.9638275504112244,0.03617246448993683
Baseline,XGBoost,0.85,Tuning,Tuning,0.0012652277946472168,0.9987347722053528
Baseline,XGBoost,0.85,Defaults,Defaults,0.9611101746559143,0.0388898029923439
Baseline,XGBoost,0.85,Tuning,Tuning,0.018087267875671387,0.9819127321243286
Baseline,XGBoost,0.85,Tuning,Tuning,0.0008023381233215332,0.9991976618766785
Baseline,XGBoost,0.85,Defaults,Tuning,0.007785618305206299,0.9922143816947937
Baseline,XGBoost,0.85,Tuning,Tuning,0.027639329433441162,0.9723606705665588
Baseline,XGBoost,0.85,Defaults,Tuning,0.05651122331619263,0.9434887766838074
Baseline,XGBoost,0.85,Tuning,Tuning,0.13980954885482788,0.8601904511451721
Baseline,XGBoost,0.85,Tuning,Tuning,0.0008247494697570801,0.9991752505302429
Baseline,XGBoost,0.85,Tuning,Tuning,0.003620326519012451,0.9963796734809875
Baseline,XGBoost,0.85,Defaults,Defaults,0.814422070980072,0.18557792901992798
Baseline,XGBoost,0.85,Tuning,Tuning,0.3200361728668213,0.6799638271331787
Baseline,XGBoost,0.85,Tuning,Tuning,0.00044995546340942383,0.9995500445365906
Baseline,XGBoost,0.85,Tuning,Tuning,0.0422438383102417,0.9577561616897583
Baseline,XGBoost,0.85,Defaults,Tuning,0.0004937648773193359,0.9995062351226807
Baseline,XGBoost,0.85,Tuning,Tuning,0.23683202266693115,0.7631679773330688
Baseline,XGBoost,0.85,Tuning,Tuning,0.03827202320098877,0.9617279767990112
Baseline,XGBoost,0.85,Tuning,Tuning,0.25618481636047363,0.7438151836395264
Baseline,XGBoost,0.85,Tuning,Tuning,0.0030179619789123535,0.9969820380210876
Baseline,XGBoost,0.85,Tuning,Defaults,0.7168891429901123,0.2831108272075653
Baseline,XGBoost,0.85,Tuning,Tuning,0.0008247494697570801,0.9991752505302429
Baseline,XGBoost,0.85,Tuning,Tuning,0.17482000589370728,0.8251799941062927
Baseline,XGBoost,0.85,Defaults,Defaults,0.5998666286468506,0.400133341550827
Baseline,XGBoost,0.85,Tuning,Tuning,0.0032600760459899902,0.99673992395401
Baseline,XGBoost,0.85,Tuning,Tuning,0.0016151666641235352,0.9983848333358765
Baseline,XGBoost,0.85,Tuning,Tuning,0.0032889842987060547,0.996711015701294
Baseline,XGBoost,0.85,Tuning,Tuning,0.0008559226989746094,0.9991440773010254
Baseline,XGBoost,0.85,Tuning,Tuning,0.0035483837127685547,0.9964516162872314
Baseline,XGBoost,0.85,Tuning,Tuning,0.02381289005279541,0.9761871099472046
Baseline,XGBoost,0.85,Tuning,Defaults,0.9026198387145996,0.09738019108772278
Baseline,XGBoost,0.85,Tuning,Tuning,0.0013170838356018066,0.9986829161643982
Baseline,XGBoost,0.85,Defaults,Tuning,0.07455450296401978,0.9254454970359802
Baseline,XGBoost,0.85,Tuning,Tuning,0.14744704961776733,0.8525529503822327
Baseline,XGBoost,0.85,Defaults,Defaults,0.6781162023544312,0.32188376784324646
Baseline,XGBoost,0.85,Tuning,Tuning,0.08189928531646729,0.9181007146835327
Baseline,XGBoost,0.85,Tuning,Tuning,0.04113239049911499,0.958867609500885
Baseline,XGBoost,0.85,Tuning,Defaults,0.7888085842132568,0.21119138598442078
Baseline,XGBoost,0.85,Tuning,Tuning,0.004798531532287598,0.9952014684677124
Baseline,XGBoost,0.85,Defaults,Tuning,0.13665515184402466,0.8633448481559753
Baseline,XGBoost,0.85,Defaults,Tuning,0.02381300926208496,0.976186990737915
Baseline,XGBoost,0.85,Tuning,Tuning,0.0002632737159729004,0.9997367262840271
Baseline,XGBoost,0.85,Tuning,Tuning,0.0770907998085022,0.9229092001914978
Baseline,XGBoost,0.85,Tuning,Tuning,0.0013113617897033691,0.9986886382102966
Baseline,XGBoost,0.85,Tuning,Tuning,0.0013113617897033691,0.9986886382102966
Baseline,XGBoost,0.85,Tuning,Tuning,0.006566405296325684,0.9934335947036743
Baseline,XGBoost,0.85,Tuning,Tuning,0.0031079649925231934,0.9968920350074768
Baseline,XGBoost,0.85,Tuning,Tuning,0.1317499876022339,0.8682500123977661
Baseline,XGBoost,0.85,Tuning,Tuning,0.012030601501464844,0.9879693984985352
Baseline,XGBoost,0.85,Defaults,Tuning,0.05473637580871582,0.9452636241912842
Baseline,XGBoost,0.85,Tuning,Defaults,0.6261239647865295,0.37387603521347046
Baseline,XGBoost,0.85,Tuning,Defaults,0.9772170186042786,0.02278297208249569
Baseline,XGBoost,0.85,Tuning,Tuning,0.018750905990600586,0.9812490940093994
Baseline,XGBoost,0.85,Tuning,Defaults,0.8908921480178833,0.1091078668832779
Baseline,XGBoost,0.85,Defaults,Tuning,0.3149452209472656,0.6850547790527344
Baseline,XGBoost,0.85,Tuning,Tuning,0.3943835496902466,0.6056164503097534
Baseline,XGBoost,0.85,Tuning,Tuning,0.05091577768325806,0.9490842223167419
Baseline,XGBoost,0.85,Tuning,Tuning,0.0262758731842041,0.9737241268157959
Baseline,XGBoost,0.85,Defaults,Tuning,0.0035051703453063965,0.9964948296546936
Baseline,XGBoost,0.85,Tuning,Tuning,0.06791669130325317,0.9320833086967468
Baseline,XGBoost,0.85,Tuning,Tuning,0.10336822271347046,0.8966317772865295
Baseline,XGBoost,0.85,Tuning,Tuning,0.005811929702758789,0.9941880702972412
Baseline,XGBoost,0.85,Defaults,Defaults,0.9093672037124634,0.09063280373811722
Baseline,XGBoost,0.85,Defaults,Defaults,0.9648349285125732,0.03516504168510437
Baseline,XGBoost,0.85,Tuning,Tuning,0.04063302278518677,0.9593669772148132
Baseline,XGBoost,0.85,Tuning,Tuning,0.03253048658370972,0.9674695134162903
Baseline,XGBoost,0.85,Tuning,Tuning,0.35030317306518555,0.6496968269348145
Baseline,XGBoost,0.85,Defaults,Defaults,0.9036898016929626,0.09631022065877914
Baseline,XGBoost,0.85,Defaults,Tuning,0.12186300754547119,0.8781369924545288
Baseline,XGBoost,0.85,Defaults,Defaults,0.8278292417526245,0.1721707433462143
Baseline,XGBoost,0.85,Tuning,Tuning,0.018627643585205078,0.9813723564147949
Baseline,XGBoost,0.85,Defaults,Defaults,0.8232873678207397,0.17671260237693787
Baseline,XGBoost,0.85,Tuning,Defaults,0.996414840221405,0.00358515209518373
Baseline,XGBoost,0.85,Tuning,Tuning,0.13190561532974243,0.8680943846702576
Baseline,XGBoost,0.85,Defaults,Tuning,0.20772182941436768,0.7922781705856323
Baseline,XGBoost,0.85,Defaults,Tuning,0.04498177766799927,0.9550182223320007
Baseline,XGBoost,0.85,Tuning,Defaults,0.7153659462928772,0.2846340537071228
Baseline,XGBoost,0.85,Tuning,Tuning,0.03566771745681763,0.9643322825431824
Baseline,XGBoost,0.85,Defaults,Defaults,0.732805609703064,0.2671944200992584
Baseline,XGBoost,0.85,Tuning,Tuning,0.1240619421005249,0.8759380578994751
Baseline,XGBoost,0.85,Tuning,Tuning,0.01763373613357544,0.9823662638664246
Baseline,XGBoost,0.85,Tuning,Tuning,0.06509220600128174,0.9349077939987183
Baseline,XGBoost,0.85,Tuning,Tuning,0.06508612632751465,0.9349138736724854
Baseline,XGBoost,0.9,Tuning,Tuning,0.008080899715423584,0.9919191002845764
Baseline,XGBoost,0.9,Tuning,Tuning,0.0003916621208190918,0.9996083378791809
Baseline,XGBoost,0.9,Defaults,Defaults,0.865281343460083,0.1347186267375946
Baseline,XGBoost,0.9,Tuning,Tuning,0.009280085563659668,0.9907199144363403
Baseline,XGBoost,0.9,Tuning,Tuning,0.0059580206871032715,0.9940419793128967
Baseline,XGBoost,0.9,Tuning,Defaults,0.9161316156387329,0.08386839926242828
Baseline,XGBoost,0.9,Tuning,Tuning,0.000553429126739502,0.9994465708732605
Baseline,XGBoost,0.9,Defaults,Tuning,0.09365612268447876,0.9063438773155212
Baseline,XGBoost,0.9,Defaults,Tuning,0.46806013584136963,0.5319398641586304
Baseline,XGBoost,0.9,Tuning,Tuning,0.005007445812225342,0.9949925541877747
Baseline,XGBoost,0.9,Tuning,Tuning,0.0010491609573364258,0.9989508390426636
Baseline,XGBoost,0.9,Defaults,Tuning,0.019382715225219727,0.9806172847747803
Baseline,XGBoost,0.9,Tuning,Tuning,0.0002447962760925293,0.9997552037239075
Baseline,XGBoost,0.9,Tuning,Tuning,0.0005597472190856934,0.9994402527809143
Baseline,XGBoost,0.9,Tuning,Tuning,0.0039650797843933105,0.9960349202156067
Baseline,XGBoost,0.9,Tuning,Tuning,0.0007279515266418457,0.9992720484733582
Baseline,XGBoost,0.9,Defaults,Defaults,0.9954163432121277,0.004583659581840038
Baseline,XGBoost,0.9,Tuning,Tuning,0.042784035205841064,0.9572159647941589
Baseline,XGBoost,0.9,Defaults,Tuning,0.042267441749572754,0.9577325582504272
Baseline,XGBoost,0.9,Tuning,Tuning,0.4533456563949585,0.5466543436050415
Baseline,XGBoost,0.9,Tuning,Tuning,0.11163169145584106,0.8883683085441589
Baseline,XGBoost,0.9,Defaults,Tuning,0.019505977630615234,0.9804940223693848
Baseline,XGBoost,0.9,Tuning,Tuning,0.01638317108154297,0.983616828918457
Baseline,XGBoost,0.9,Tuning,Tuning,0.00935983657836914,0.9906401634216309
Baseline,XGBoost,0.9,Tuning,Tuning,0.0016155242919921875,0.9983844757080078
Baseline,XGBoost,0.9,Tuning,Tuning,0.0011225342750549316,0.9988774657249451
Baseline,XGBoost,0.9,Tuning,Tuning,0.004363596439361572,0.9956364035606384
Baseline,XGBoost,0.9,Tuning,Tuning,0.007298588752746582,0.9927014112472534
Baseline,XGBoost,0.9,Tuning,Tuning,0.0011487007141113281,0.9988512992858887
Baseline,XGBoost,0.9,Tuning,Tuning,0.006165146827697754,0.9938348531723022
Baseline,XGBoost,0.9,Tuning,Tuning,0.000619053840637207,0.9993809461593628
Baseline,XGBoost,0.9,Tuning,Tuning,0.004270493984222412,0.9957295060157776
Baseline,XGBoost,0.9,Defaults,Defaults,0.9511169791221619,0.04888300225138664
Baseline,XGBoost,0.9,Defaults,Tuning,0.30687522888183594,0.6931247711181641
Baseline,XGBoost,0.9,Tuning,Tuning,0.04763531684875488,0.9523646831512451
Baseline,XGBoost,0.9,Tuning,Tuning,0.13662344217300415,0.8633765578269958
Baseline,XGBoost,0.9,Tuning,Tuning,0.16430914402008057,0.8356908559799194
Baseline,XGBoost,0.9,Defaults,Defaults,0.7890135049819946,0.21098652482032776
Baseline,XGBoost,0.9,Tuning,Tuning,0.02348119020462036,0.9765188097953796
Baseline,XGBoost,0.9,Defaults,Defaults,0.947593092918396,0.05240689963102341
Baseline,XGBoost,0.9,Tuning,Tuning,0.029948115348815918,0.9700518846511841
Baseline,XGBoost,0.9,Tuning,Tuning,0.008172750473022461,0.9918272495269775
Baseline,XGBoost,0.9,Tuning,Tuning,0.16121971607208252,0.8387802839279175
Baseline,XGBoost,0.9,Tuning,Tuning,0.00014591217041015625,0.9998540878295898
Baseline,XGBoost,0.9,Tuning,Tuning,0.006149649620056152,0.9938503503799438
Baseline,XGBoost,0.9,Tuning,Tuning,0.0064446330070495605,0.9935553669929504
Baseline,XGBoost,0.9,Tuning,Defaults,0.7686154842376709,0.2313845455646515
Baseline,XGBoost,0.9,Tuning,Tuning,0.005194604396820068,0.9948053956031799
Baseline,XGBoost,0.9,Tuning,Tuning,0.09930580854415894,0.9006941914558411
Baseline,XGBoost,0.9,Tuning,Tuning,0.10186803340911865,0.8981319665908813
Baseline,XGBoost,0.9,Defaults,Tuning,0.03796583414077759,0.9620341658592224
Baseline,XGBoost,0.9,Tuning,Tuning,0.056578874588012695,0.9434211254119873
Baseline,XGBoost,0.9,Tuning,Tuning,0.003916501998901367,0.9960834980010986
Baseline,XGBoost,0.9,Defaults,Tuning,0.058888375759124756,0.9411116242408752
Baseline,XGBoost,0.9,Tuning,Defaults,0.962948739528656,0.03705128654837608
Baseline,XGBoost,0.9,Tuning,Tuning,0.02512037754058838,0.9748796224594116
Baseline,XGBoost,0.9,Tuning,Tuning,0.047531306743621826,0.9524686932563782
Baseline,XGBoost,0.9,Tuning,Defaults,0.7116937041282654,0.2883062958717346
Baseline,XGBoost,0.9,Tuning,Defaults,0.6408146023750305,0.3591853976249695
Baseline,XGBoost,0.9,Tuning,Tuning,0.0017577409744262695,0.9982422590255737
Baseline,XGBoost,0.9,Tuning,Tuning,0.0004754066467285156,0.9995245933532715
Baseline,XGBoost,0.9,Tuning,Tuning,0.020218849182128906,0.9797811508178711
Baseline,XGBoost,0.9,Tuning,Tuning,0.08278942108154297,0.917210578918457
Baseline,XGBoost,0.9,Defaults,Tuning,0.0620613694190979,0.9379386305809021
Baseline,XGBoost,0.9,Tuning,Defaults,0.7398800253868103,0.2601199746131897
Baseline,XGBoost,0.9,Defaults,Defaults,0.5127565860748291,0.4872433841228485
Baseline,XGBoost,0.9,Tuning,Tuning,0.09763383865356445,0.9023661613464355
Baseline,XGBoost,0.9,Tuning,Tuning,0.03618061542510986,0.9638193845748901
Baseline,XGBoost,0.9,Tuning,Defaults,0.5313999652862549,0.4686000347137451
Baseline,XGBoost,0.9,Tuning,Tuning,0.19080650806427002,0.80919349193573
Baseline,XGBoost,0.9,Tuning,Tuning,0.140150785446167,0.859849214553833
Baseline,XGBoost,0.9,Defaults,Tuning,0.006015598773956299,0.9939844012260437
Baseline,XGBoost,0.9,Tuning,Tuning,0.20713907480239868,0.7928609251976013
Baseline,XGBoost,0.9,Defaults,Defaults,0.9819716811180115,0.018028343096375465
Baseline,XGBoost,0.9,Defaults,Defaults,0.9738103151321411,0.026189671829342842
Baseline,XGBoost,0.9,Defaults,Tuning,0.26777184009552,0.73222815990448
Baseline,XGBoost,0.9,Defaults,Defaults,0.9738103151321411,0.026189671829342842
Baseline,XGBoost,0.9,Tuning,Tuning,0.07007455825805664,0.9299254417419434
Baseline,XGBoost,0.9,Tuning,Tuning,0.0456005334854126,0.9543994665145874
Baseline,XGBoost,0.9,Tuning,Defaults,0.9381870627403259,0.061812929809093475
Baseline,XGBoost,0.9,Defaults,Defaults,0.5897112488746643,0.4102887511253357
Baseline,XGBoost,0.9,Defaults,Tuning,0.35656970739364624,0.6434302926063538
Baseline,XGBoost,0.9,Defaults,Tuning,0.1941922903060913,0.8058077096939087
Baseline,XGBoost,0.9,Defaults,Defaults,0.7117389440536499,0.2882610559463501
Baseline,XGBoost,0.9,Tuning,Defaults,0.7622589468955994,0.23774106800556183
Baseline,XGBoost,0.9,Tuning,Tuning,0.07109034061431885,0.9289096593856812
Baseline,XGBoost,0.9,Defaults,Defaults,0.9780609607696533,0.021939018741250038
Baseline,XGBoost,0.9,Tuning,Tuning,0.0007097721099853516,0.9992902278900146
Baseline,XGBoost,0.9,Defaults,Defaults,0.8479178547859192,0.152082160115242
Baseline,XGBoost,0.9,Tuning,Tuning,0.005545914173126221,0.9944540858268738
Baseline,XGBoost,0.9,Tuning,Tuning,0.0006164312362670898,0.9993835687637329
Baseline,XGBoost,0.9,Defaults,Tuning,0.08359032869338989,0.9164096713066101
Baseline,XGBoost,0.9,Tuning,Tuning,0.05289793014526367,0.9471020698547363
Baseline,XGBoost,0.9,Defaults,Tuning,0.05487501621246338,0.9451249837875366
Baseline,XGBoost,0.9,Tuning,Tuning,0.14637064933776855,0.8536293506622314
Baseline,XGBoost,0.9,Tuning,Tuning,0.00206756591796875,0.9979324340820312
Baseline,XGBoost,0.9,Tuning,Tuning,0.012203693389892578,0.9877963066101074
Baseline,XGBoost,0.9,Defaults,Tuning,0.48844194412231445,0.5115580558776855
Baseline,XGBoost,0.9,Tuning,Tuning,0.28378963470458984,0.7162103652954102
Baseline,XGBoost,0.9,Tuning,Tuning,0.0014598369598388672,0.9985401630401611
Baseline,XGBoost,0.9,Tuning,Tuning,0.02389979362487793,0.9761002063751221
Baseline,XGBoost,0.9,Defaults,Tuning,0.0009263753890991211,0.9990736246109009
Baseline,XGBoost,0.9,Tuning,Tuning,0.4045424461364746,0.5954575538635254
Baseline,XGBoost,0.9,Tuning,Tuning,0.032467544078826904,0.9675324559211731
Baseline,XGBoost,0.9,Tuning,Tuning,0.25556403398513794,0.7444359660148621
Baseline,XGBoost,0.9,Tuning,Tuning,0.005432605743408203,0.9945673942565918
Baseline,XGBoost,0.9,Tuning,Defaults,0.5577821731567383,0.4422178268432617
Baseline,XGBoost,0.9,Tuning,Tuning,0.00206756591796875,0.9979324340820312
Baseline,XGBoost,0.9,Tuning,Tuning,0.14042848348617554,0.8595715165138245
Baseline,XGBoost,0.9,Defaults,Tuning,0.4319468140602112,0.5680531859397888
Baseline,XGBoost,0.9,Tuning,Tuning,0.022133290767669678,0.9778667092323303
Baseline,XGBoost,0.9,Tuning,Tuning,0.0019565820693969727,0.998043417930603
Baseline,XGBoost,0.9,Tuning,Tuning,0.002733945846557617,0.9972660541534424
Baseline,XGBoost,0.9,Tuning,Tuning,0.0010275840759277344,0.9989724159240723
Baseline,XGBoost,0.9,Tuning,Tuning,0.005417525768280029,0.99458247423172
Baseline,XGBoost,0.9,Tuning,Tuning,0.04062783718109131,0.9593721628189087
Baseline,XGBoost,0.9,Tuning,Defaults,0.7083230018615723,0.29167699813842773
Baseline,XGBoost,0.9,Tuning,Tuning,0.0026917457580566406,0.9973082542419434
Baseline,XGBoost,0.9,Defaults,Tuning,0.08361315727233887,0.9163868427276611
Baseline,XGBoost,0.9,Tuning,Tuning,0.029296278953552246,0.9707037210464478
Baseline,XGBoost,0.9,Defaults,Defaults,0.9144432544708252,0.08555677533149719
Baseline,XGBoost,0.9,Tuning,Tuning,0.17914026975631714,0.8208597302436829
Baseline,XGBoost,0.9,Tuning,Tuning,0.029022932052612305,0.9709770679473877
Baseline,XGBoost,0.9,Tuning,Tuning,0.353731632232666,0.646268367767334
Baseline,XGBoost,0.9,Tuning,Tuning,0.005976617336273193,0.9940233826637268
Baseline,XGBoost,0.9,Defaults,Tuning,0.06767970323562622,0.9323202967643738
Baseline,XGBoost,0.9,Defaults,Tuning,0.03163647651672363,0.9683635234832764
Baseline,XGBoost,0.9,Tuning,Tuning,0.000857234001159668,0.9991427659988403
Baseline,XGBoost,0.9,Tuning,Tuning,0.3620840311050415,0.6379159688949585
Baseline,XGBoost,0.9,Tuning,Tuning,0.0006646513938903809,0.9993353486061096
Baseline,XGBoost,0.9,Tuning,Tuning,0.0006646513938903809,0.9993353486061096
Baseline,XGBoost,0.9,Tuning,Tuning,0.006584525108337402,0.9934154748916626
Baseline,XGBoost,0.9,Tuning,Tuning,0.003463268280029297,0.9965367317199707
Baseline,XGBoost,0.9,Tuning,Tuning,0.062033236026763916,0.9379667639732361
Baseline,XGBoost,0.9,Tuning,Tuning,0.006252884864807129,0.9937471151351929
Baseline,XGBoost,0.9,Defaults,Tuning,0.07409322261810303,0.925906777381897
Baseline,XGBoost,0.9,Tuning,Defaults,0.911262035369873,0.08873793482780457
Baseline,XGBoost,0.9,Tuning,Defaults,0.9906883835792542,0.009311618283390999
Baseline,XGBoost,0.9,Tuning,Tuning,0.06915771961212158,0.9308422803878784
Baseline,XGBoost,0.9,Tuning,Defaults,0.9406176209449768,0.05938238278031349
Baseline,XGBoost,0.9,Defaults,Tuning,0.09197795391082764,0.9080220460891724
Baseline,XGBoost,0.9,Tuning,Tuning,0.3116825819015503,0.6883174180984497
Baseline,XGBoost,0.9,Tuning,Tuning,0.01628059148788452,0.9837194085121155
Baseline,XGBoost,0.9,Tuning,Tuning,0.049526751041412354,0.9504732489585876
Baseline,XGBoost,0.9,Defaults,Tuning,0.001070559024810791,0.9989294409751892
Baseline,XGBoost,0.9,Tuning,Tuning,0.06927341222763062,0.9307265877723694
Baseline,XGBoost,0.9,Tuning,Tuning,0.08889931440353394,0.9111006855964661
Baseline,XGBoost,0.9,Tuning,Tuning,0.0023503899574279785,0.997649610042572
Baseline,XGBoost,0.9,Defaults,Defaults,0.9379352927207947,0.06206473335623741
Baseline,XGBoost,0.9,Defaults,Defaults,0.8715633749961853,0.1284366399049759
Baseline,XGBoost,0.9,Tuning,Tuning,0.08664149045944214,0.9133585095405579
Baseline,XGBoost,0.9,Tuning,Tuning,0.0430789589881897,0.9569210410118103
Baseline,XGBoost,0.9,Tuning,Tuning,0.4339227080345154,0.5660772919654846
Baseline,XGBoost,0.9,Defaults,Tuning,0.49860548973083496,0.501394510269165
Baseline,XGBoost,0.9,Defaults,Defaults,0.5358010530471802,0.4641989469528198
Baseline,XGBoost,0.9,Defaults,Defaults,0.7211230993270874,0.2788769006729126
Baseline,XGBoost,0.9,Tuning,Tuning,0.03250080347061157,0.9674991965293884
Baseline,XGBoost,0.9,Defaults,Defaults,0.7388491034507751,0.26115089654922485
Baseline,XGBoost,0.9,Tuning,Defaults,0.9987552165985107,0.0012448059860616922
Baseline,XGBoost,0.9,Tuning,Tuning,0.46277207136154175,0.5372279286384583
Baseline,XGBoost,0.9,Defaults,Tuning,0.034448862075805664,0.9655511379241943
Baseline,XGBoost,0.9,Defaults,Tuning,0.08511203527450562,0.9148879647254944
Baseline,XGBoost,0.9,Tuning,Tuning,0.39629071950912476,0.6037092804908752
Baseline,XGBoost,0.9,Tuning,Tuning,0.01903456449508667,0.9809654355049133
Baseline,XGBoost,0.9,Defaults,Tuning,0.45920008420944214,0.5407999157905579
Baseline,XGBoost,0.9,Tuning,Tuning,0.101889967918396,0.898110032081604
Baseline,XGBoost,0.9,Tuning,Tuning,0.16487103700637817,0.8351289629936218
Baseline,XGBoost,0.9,Tuning,Tuning,0.07194727659225464,0.9280527234077454
Baseline,XGBoost,0.9,Tuning,Tuning,0.0892753005027771,0.9107246994972229
Baseline,XGBoost,0.95,Tuning,Tuning,0.006651341915130615,0.9933486580848694
Baseline,XGBoost,0.95,Tuning,Tuning,0.000624239444732666,0.9993757605552673
Baseline,XGBoost,0.95,Defaults,Defaults,0.738880455493927,0.261119544506073
Baseline,XGBoost,0.95,Tuning,Tuning,0.0020824074745178223,0.9979175925254822
Baseline,XGBoost,0.95,Tuning,Tuning,0.0036432743072509766,0.996356725692749
Baseline,XGBoost,0.95,Tuning,Defaults,0.8105602860450745,0.18943972885608673
Baseline,XGBoost,0.95,Tuning,Tuning,0.0011755824089050293,0.998824417591095
Baseline,XGBoost,0.95,Defaults,Tuning,0.060863375663757324,0.9391366243362427
Baseline,XGBoost,0.95,Defaults,Tuning,0.321780800819397,0.678219199180603
Baseline,XGBoost,0.95,Tuning,Tuning,0.007587850093841553,0.9924121499061584
Baseline,XGBoost,0.95,Tuning,Tuning,0.0012073516845703125,0.9987926483154297
Baseline,XGBoost,0.95,Defaults,Tuning,0.022199153900146484,0.9778008460998535
Baseline,XGBoost,0.95,Tuning,Tuning,0.0004532933235168457,0.9995467066764832
Baseline,XGBoost,0.95,Tuning,Tuning,0.0005571246147155762,0.9994428753852844
Baseline,XGBoost,0.95,Tuning,Tuning,0.0031026601791381836,0.9968973398208618
Baseline,XGBoost,0.95,Tuning,Tuning,0.0019118189811706543,0.9980881810188293
Baseline,XGBoost,0.95,Defaults,Defaults,0.9974361062049866,0.0025639066006988287
Baseline,XGBoost,0.95,Tuning,Tuning,0.03632718324661255,0.9636728167533875
Baseline,XGBoost,0.95,Defaults,Tuning,0.10808324813842773,0.8919167518615723
Baseline,XGBoost,0.95,Tuning,Tuning,0.16941076517105103,0.830589234828949
Baseline,XGBoost,0.95,Tuning,Tuning,0.1189466118812561,0.8810533881187439
Baseline,XGBoost,0.95,Defaults,Tuning,0.07981044054031372,0.9201895594596863
Baseline,XGBoost,0.95,Tuning,Tuning,0.006097674369812012,0.993902325630188
Baseline,XGBoost,0.95,Tuning,Tuning,0.009310007095336914,0.9906899929046631
Baseline,XGBoost,0.95,Tuning,Tuning,0.0012686848640441895,0.9987313151359558
Baseline,XGBoost,0.95,Tuning,Tuning,0.0006299614906311035,0.9993700385093689
Baseline,XGBoost,0.95,Tuning,Tuning,0.006961643695831299,0.9930383563041687
Baseline,XGBoost,0.95,Tuning,Tuning,0.016733765602111816,0.9832662343978882
Baseline,XGBoost,0.95,Tuning,Tuning,0.0019325613975524902,0.9980674386024475
Baseline,XGBoost,0.95,Tuning,Tuning,0.004032015800476074,0.9959679841995239
Baseline,XGBoost,0.95,Tuning,Tuning,0.0011986494064331055,0.9988013505935669
Baseline,XGBoost,0.95,Tuning,Tuning,0.005916774272918701,0.9940832257270813
Baseline,XGBoost,0.95,Defaults,Defaults,0.975178062915802,0.024821927770972252
Baseline,XGBoost,0.95,Defaults,Tuning,0.4739038348197937,0.5260961651802063
Baseline,XGBoost,0.95,Tuning,Tuning,0.011701703071594238,0.9882982969284058
Baseline,XGBoost,0.95,Tuning,Tuning,0.05487680435180664,0.9451231956481934
Baseline,XGBoost,0.95,Tuning,Tuning,0.06946897506713867,0.9305310249328613
Baseline,XGBoost,0.95,Defaults,Defaults,0.6621043086051941,0.3378956913948059
Baseline,XGBoost,0.95,Tuning,Tuning,0.060003578662872314,0.9399964213371277
Baseline,XGBoost,0.95,Defaults,Defaults,0.9576281905174255,0.04237181693315506
Baseline,XGBoost,0.95,Tuning,Tuning,0.01548779010772705,0.984512209892273
Baseline,XGBoost,0.95,Tuning,Tuning,0.012144744396209717,0.9878552556037903
Baseline,XGBoost,0.95,Tuning,Tuning,0.12587928771972656,0.8741207122802734
Baseline,XGBoost,0.95,Tuning,Tuning,0.00020498037338256836,0.9997950196266174
Baseline,XGBoost,0.95,Tuning,Tuning,0.00978022813796997,0.99021977186203
Baseline,XGBoost,0.95,Tuning,Tuning,0.009791910648345947,0.990208089351654
Baseline,XGBoost,0.95,Tuning,Defaults,0.8233715295791626,0.1766284853219986
Baseline,XGBoost,0.95,Tuning,Tuning,0.007495999336242676,0.9925040006637573
Baseline,XGBoost,0.95,Tuning,Tuning,0.08604401350021362,0.9139559864997864
Baseline,XGBoost,0.95,Tuning,Tuning,0.055895447731018066,0.9441045522689819
Baseline,XGBoost,0.95,Defaults,Tuning,0.06410598754882812,0.9358940124511719
Baseline,XGBoost,0.95,Tuning,Tuning,0.006970584392547607,0.9930294156074524
Baseline,XGBoost,0.95,Tuning,Tuning,0.00544583797454834,0.9945541620254517
Baseline,XGBoost,0.95,Defaults,Tuning,0.029783189296722412,0.9702168107032776
Baseline,XGBoost,0.95,Tuning,Defaults,0.9545794129371643,0.04542060196399689
Baseline,XGBoost,0.95,Tuning,Tuning,0.04648244380950928,0.9535175561904907
Baseline,XGBoost,0.95,Tuning,Tuning,0.020699143409729004,0.979300856590271
Baseline,XGBoost,0.95,Tuning,Tuning,0.40884506702423096,0.591154932975769
Baseline,XGBoost,0.95,Tuning,Tuning,0.286981463432312,0.713018536567688
Baseline,XGBoost,0.95,Tuning,Tuning,0.002080261707305908,0.9979197382926941
Baseline,XGBoost,0.95,Tuning,Tuning,0.002706587314605713,0.9972934126853943
Baseline,XGBoost,0.95,Tuning,Tuning,0.054136812686920166,0.9458631873130798
Baseline,XGBoost,0.95,Tuning,Tuning,0.09572023153305054,0.9042797684669495
Baseline,XGBoost,0.95,Defaults,Tuning,0.02448868751525879,0.9755113124847412
Baseline,XGBoost,0.95,Tuning,Defaults,0.9009453058242798,0.0990547239780426
Baseline,XGBoost,0.95,Defaults,Tuning,0.42997831106185913,0.5700216889381409
Baseline,XGBoost,0.95,Tuning,Tuning,0.1075284481048584,0.8924715518951416
Baseline,XGBoost,0.95,Tuning,Tuning,0.10827410221099854,0.8917258977890015
Baseline,XGBoost,0.95,Tuning,Defaults,0.8198491334915161,0.18015088140964508
Baseline,XGBoost,0.95,Tuning,Tuning,0.20640265941619873,0.7935973405838013
Baseline,XGBoost,0.95,Tuning,Tuning,0.15339422225952148,0.8466057777404785
Baseline,XGBoost,0.95,Defaults,Tuning,0.018197476863861084,0.9818025231361389
Baseline,XGBoost,0.95,Tuning,Tuning,0.22308027744293213,0.7769197225570679
Baseline,XGBoost,0.95,Defaults,Defaults,0.9668089151382446,0.033191077411174774
Baseline,XGBoost,0.95,Defaults,Defaults,0.965697169303894,0.03430281579494476
Baseline,XGBoost,0.95,Defaults,Tuning,0.3272674083709717,0.6727325916290283
Baseline,XGBoost,0.95,Defaults,Defaults,0.9710936546325684,0.028906315565109253
Baseline,XGBoost,0.95,Tuning,Tuning,0.05494368076324463,0.9450563192367554
Baseline,XGBoost,0.95,Tuning,Tuning,0.0569533109664917,0.9430466890335083
Baseline,XGBoost,0.95,Tuning,Defaults,0.8738299012184143,0.1261700838804245
Baseline,XGBoost,0.95,Defaults,Defaults,0.6114369630813599,0.38856300711631775
Baseline,XGBoost,0.95,Defaults,Defaults,0.5655838251113892,0.4344162046909332
Baseline,XGBoost,0.95,Defaults,Tuning,0.04735630750656128,0.9526436924934387
Baseline,XGBoost,0.95,Defaults,Defaults,0.7829639315605164,0.21703606843948364
Baseline,XGBoost,0.95,Tuning,Defaults,0.8914822340011597,0.10851774364709854
Baseline,XGBoost,0.95,Tuning,Tuning,0.10788917541503906,0.8921108245849609
Baseline,XGBoost,0.95,Defaults,Defaults,0.9758259057998657,0.024174105376005173
Baseline,XGBoost,0.95,Tuning,Tuning,0.0006787776947021484,0.9993212223052979
Baseline,XGBoost,0.95,Defaults,Defaults,0.8069874048233032,0.19301261007785797
Baseline,XGBoost,0.95,Tuning,Tuning,0.007560610771179199,0.9924393892288208
Baseline,XGBoost,0.95,Tuning,Tuning,0.0005958080291748047,0.9994041919708252
Baseline,XGBoost,0.95,Defaults,Tuning,0.020323216915130615,0.9796767830848694
Baseline,XGBoost,0.95,Tuning,Tuning,0.054887592792510986,0.945112407207489
Baseline,XGBoost,0.95,Defaults,Tuning,0.08390718698501587,0.9160928130149841
Baseline,XGBoost,0.95,Tuning,Tuning,0.05775398015975952,0.9422460198402405
Baseline,XGBoost,0.95,Tuning,Tuning,0.0024561285972595215,0.9975438714027405
Baseline,XGBoost,0.95,Tuning,Tuning,0.012303650379180908,0.9876963496208191
Baseline,XGBoost,0.95,Defaults,Defaults,0.7880837917327881,0.21191620826721191
Baseline,XGBoost,0.95,Tuning,Defaults,0.6201176643371582,0.3798823356628418
Baseline,XGBoost,0.95,Tuning,Tuning,0.0005628466606140137,0.999437153339386
Baseline,XGBoost,0.95,Tuning,Tuning,0.01587855815887451,0.9841214418411255
Baseline,XGBoost,0.95,Defaults,Tuning,0.0005736351013183594,0.9994263648986816
Baseline,XGBoost,0.95,Tuning,Tuning,0.381463885307312,0.618536114692688
Baseline,XGBoost,0.95,Tuning,Tuning,0.09851723909378052,0.9014827609062195
Baseline,XGBoost,0.95,Tuning,Tuning,0.4662799835205078,0.5337200164794922
Baseline,XGBoost,0.95,Tuning,Tuning,0.011488676071166992,0.988511323928833
Baseline,XGBoost,0.95,Tuning,Defaults,0.6296512484550476,0.3703487515449524
Baseline,XGBoost,0.95,Tuning,Tuning,0.0024561285972595215,0.9975438714027405
Baseline,XGBoost,0.95,Tuning,Tuning,0.16646099090576172,0.8335390090942383
Baseline,XGBoost,0.95,Defaults,Tuning,0.2504931688308716,0.7495068311691284
Baseline,XGBoost,0.95,Tuning,Tuning,0.008165955543518066,0.9918340444564819
Baseline,XGBoost,0.95,Tuning,Tuning,0.0033080577850341797,0.9966919422149658
Baseline,XGBoost,0.95,Tuning,Tuning,0.001784205436706543,0.9982157945632935
Baseline,XGBoost,0.95,Tuning,Tuning,0.0010963678359985352,0.9989036321640015
Baseline,XGBoost,0.95,Tuning,Tuning,0.002318263053894043,0.997681736946106
Baseline,XGBoost,0.95,Tuning,Tuning,0.0862497091293335,0.9137502908706665
Baseline,XGBoost,0.95,Tuning,Defaults,0.7713340520858765,0.22866596281528473
Baseline,XGBoost,0.95,Tuning,Tuning,0.0015017986297607422,0.9984982013702393
Baseline,XGBoost,0.95,Defaults,Tuning,0.4197695255279541,0.5802304744720459
Baseline,XGBoost,0.95,Tuning,Tuning,0.03871965408325195,0.961280345916748
Baseline,XGBoost,0.95,Defaults,Defaults,0.7180928587913513,0.2819071412086487
Baseline,XGBoost,0.95,Tuning,Tuning,0.1231566071510315,0.8768433928489685
Baseline,XGBoost,0.95,Tuning,Tuning,0.020604372024536133,0.9793956279754639
Baseline,XGBoost,0.95,Tuning,Defaults,0.901088297367096,0.09891171008348465
Baseline,XGBoost,0.95,Tuning,Tuning,0.003853321075439453,0.9961466789245605
Baseline,XGBoost,0.95,Defaults,Tuning,0.06541770696640015,0.9345822930335999
Baseline,XGBoost,0.95,Defaults,Tuning,0.006867349147796631,0.9931326508522034
Baseline,XGBoost,0.95,Tuning,Tuning,0.0009744167327880859,0.9990255832672119
Baseline,XGBoost,0.95,Tuning,Tuning,0.30483734607696533,0.6951626539230347
Baseline,XGBoost,0.95,Tuning,Tuning,0.0010048747062683105,0.9989951252937317
Baseline,XGBoost,0.95,Tuning,Tuning,0.0010048747062683105,0.9989951252937317
Baseline,XGBoost,0.95,Tuning,Tuning,0.004409074783325195,0.9955909252166748
Baseline,XGBoost,0.95,Tuning,Tuning,0.0037883520126342773,0.9962116479873657
Baseline,XGBoost,0.95,Tuning,Tuning,0.0744333267211914,0.9255666732788086
Baseline,XGBoost,0.95,Tuning,Tuning,0.012991487979888916,0.9870085120201111
Baseline,XGBoost,0.95,Defaults,Tuning,0.06832093000411987,0.9316790699958801
Baseline,XGBoost,0.95,Tuning,Defaults,0.977191686630249,0.02280830591917038
Baseline,XGBoost,0.95,Tuning,Defaults,0.9860008955001831,0.013999110087752342
Baseline,XGBoost,0.95,Tuning,Tuning,0.013756215572357178,0.9862437844276428
Baseline,XGBoost,0.95,Tuning,Defaults,0.9450989961624146,0.05490099638700485
Baseline,XGBoost,0.95,Defaults,Tuning,0.0847591757774353,0.9152408242225647
Baseline,XGBoost,0.95,Tuning,Defaults,0.6744874715805054,0.325512558221817
Baseline,XGBoost,0.95,Tuning,Tuning,0.015110611915588379,0.9848893880844116
Baseline,XGBoost,0.95,Tuning,Tuning,0.013539791107177734,0.9864602088928223
Baseline,XGBoost,0.95,Defaults,Tuning,0.0019056200981140137,0.998094379901886
Baseline,XGBoost,0.95,Tuning,Tuning,0.019346415996551514,0.9806535840034485
Baseline,XGBoost,0.95,Tuning,Tuning,0.2734507918357849,0.7265492081642151
Baseline,XGBoost,0.95,Tuning,Tuning,0.0033853650093078613,0.9966146349906921
Baseline,XGBoost,0.95,Defaults,Defaults,0.8092405200004578,0.19075947999954224
Baseline,XGBoost,0.95,Defaults,Defaults,0.8665551543235779,0.13344484567642212
Baseline,XGBoost,0.95,Tuning,Tuning,0.09355401992797852,0.9064459800720215
Baseline,XGBoost,0.95,Tuning,Tuning,0.07822233438491821,0.9217776656150818
Baseline,XGBoost,0.95,Tuning,Tuning,0.2899590730667114,0.7100409269332886
Baseline,XGBoost,0.95,Defaults,Defaults,0.7329205274581909,0.2670794725418091
Baseline,XGBoost,0.95,Defaults,Defaults,0.7371825575828552,0.2628174424171448
Baseline,XGBoost,0.95,Defaults,Defaults,0.5987893342971802,0.40121063590049744
Baseline,XGBoost,0.95,Tuning,Tuning,0.019914567470550537,0.9800854325294495
Baseline,XGBoost,0.95,Defaults,Defaults,0.8183202743530273,0.18167969584465027
Baseline,XGBoost,0.95,Tuning,Defaults,0.9974393248558044,0.0025606893468648195
Baseline,XGBoost,0.95,Tuning,Defaults,0.8866796493530273,0.11332036554813385
Baseline,XGBoost,0.95,Defaults,Tuning,0.04004389047622681,0.9599561095237732
Baseline,XGBoost,0.95,Defaults,Tuning,0.025381922721862793,0.9746180772781372
Baseline,XGBoost,0.95,Tuning,Defaults,0.5798832178115845,0.42011675238609314
Baseline,XGBoost,0.95,Tuning,Tuning,0.01804131269454956,0.9819586873054504
Baseline,XGBoost,0.95,Defaults,Defaults,0.8632010817527771,0.1367989033460617
Baseline,XGBoost,0.95,Tuning,Tuning,0.07027894258499146,0.9297210574150085
Baseline,XGBoost,0.95,Tuning,Tuning,0.033010005950927734,0.9669899940490723
Baseline,XGBoost,0.95,Tuning,Tuning,0.05431020259857178,0.9456897974014282
Baseline,XGBoost,0.95,Tuning,Tuning,0.017288386821746826,0.9827116131782532
Ela_metadataset,SVM_Linear,0.8,Tuning,Tuning,0.3269161954601684,0.6730838045398316
Ela_metadataset,SVM_Linear,0.8,Tuning,Tuning,0.2224406999109509,0.777559300089049
Ela_metadataset,SVM_Linear,0.8,Defaults,Tuning,0.47265709178794196,0.5273429082120578
Ela_metadataset,SVM_Linear,0.8,Tuning,Tuning,0.2485195163338035,0.7514804836661966
Ela_metadataset,SVM_Linear,0.8,Tuning,Tuning,0.17073792647117375,0.8292620735288261
Ela_metadataset,SVM_Linear,0.8,Tuning,Tuning,0.31329654626588144,0.6867034537341186
Ela_metadataset,SVM_Linear,0.8,Tuning,Tuning,0.20332802020986396,0.796671979790136
Ela_metadataset,SVM_Linear,0.8,Defaults,Tuning,0.2957385502376338,0.7042614497623662
Ela_metadataset,SVM_Linear,0.8,Defaults,Tuning,0.39301929655155987,0.60698070344844
Ela_metadataset,SVM_Linear,0.8,Tuning,Tuning,0.2811413320238703,0.7188586679761297
Ela_metadataset,SVM_Linear,0.8,Tuning,Tuning,0.2116614814215065,0.7883385185784935
Ela_metadataset,SVM_Linear,0.8,Defaults,Tuning,0.29483620539655975,0.7051637946034403
Ela_metadataset,SVM_Linear,0.8,Tuning,Tuning,0.2879338376368598,0.7120661623631402
Ela_metadataset,SVM_Linear,0.8,Tuning,Tuning,0.40308585360942345,0.5969141463905766
Ela_metadataset,SVM_Linear,0.8,Tuning,Tuning,0.03809035612891167,0.9619096438710883
Ela_metadataset,SVM_Linear,0.8,Tuning,Tuning,0.1837155828172449,0.8162844171827551
Ela_metadataset,SVM_Linear,0.8,Defaults,Tuning,0.44582490247132944,0.5541750975286706
Ela_metadataset,SVM_Linear,0.8,Tuning,Tuning,0.1423402132531472,0.8576597867468527
Ela_metadataset,SVM_Linear,0.8,Defaults,Tuning,0.402137443302554,0.5978625566974459
Ela_metadataset,SVM_Linear,0.8,Tuning,Defaults,0.5226834704230046,0.47731652957699544
Ela_metadataset,SVM_Linear,0.8,Tuning,Tuning,0.2798695220902226,0.7201304779097775
Ela_metadataset,SVM_Linear,0.8,Defaults,Tuning,0.4435436455179423,0.5564563544820575
Ela_metadataset,SVM_Linear,0.8,Tuning,Tuning,0.32638930421210743,0.6736106957878926
Ela_metadataset,SVM_Linear,0.8,Tuning,Tuning,0.22944687416952042,0.7705531258304796
Ela_metadataset,SVM_Linear,0.8,Tuning,Tuning,0.22949055829274648,0.7705094417072538
Ela_metadataset,SVM_Linear,0.8,Tuning,Tuning,0.2115235118646653,0.7884764881353348
Ela_metadataset,SVM_Linear,0.8,Tuning,Tuning,0.18955814722229988,0.8104418527777003
Ela_metadataset,SVM_Linear,0.8,Tuning,Tuning,0.20268777053233727,0.7973122294676629
Ela_metadataset,SVM_Linear,0.8,Tuning,Tuning,0.15505596585407258,0.8449440341459272
Ela_metadataset,SVM_Linear,0.8,Tuning,Tuning,0.2749516951783917,0.7250483048216083
Ela_metadataset,SVM_Linear,0.8,Tuning,Tuning,0.06685200947759197,0.933147990522408
Ela_metadataset,SVM_Linear,0.8,Tuning,Tuning,0.20704545287154005,0.7929545471284603
Ela_metadataset,SVM_Linear,0.8,Defaults,Defaults,0.5,0.5
Ela_metadataset,SVM_Linear,0.8,Defaults,Tuning,0.4624002400267522,0.5375997599732478
Ela_metadataset,SVM_Linear,0.8,Tuning,Tuning,0.18190175758041693,0.8180982424195832
Ela_metadataset,SVM_Linear,0.8,Tuning,Tuning,0.18607028122058578,0.813929718779414
Ela_metadataset,SVM_Linear,0.8,Tuning,Tuning,0.20181021479716046,0.7981897852028393
Ela_metadataset,SVM_Linear,0.8,Defaults,Tuning,0.0029332425416669565,0.9970667574583331
Ela_metadataset,SVM_Linear,0.8,Tuning,Tuning,0.23070149230792583,0.7692985076920743
Ela_metadataset,SVM_Linear,0.8,Defaults,Tuning,0.40979413156049016,0.5902058684395096
Ela_metadataset,SVM_Linear,0.8,Tuning,Tuning,0.16411731622129186,0.8358826837787082
Ela_metadataset,SVM_Linear,0.8,Tuning,Tuning,0.06433976751449347,0.9356602324855066
Ela_metadataset,SVM_Linear,0.8,Tuning,Tuning,0.191625183714189,0.808374816285811
Ela_metadataset,SVM_Linear,0.8,Tuning,Tuning,0.1995330971714672,0.8004669028285328
Ela_metadataset,SVM_Linear,0.8,Tuning,Tuning,0.11958045518916317,0.8804195448108368
Ela_metadataset,SVM_Linear,0.8,Tuning,Tuning,0.28476539258047695,0.7152346074195232
Ela_metadataset,SVM_Linear,0.8,Tuning,Tuning,0.29998067664853,0.70001932335147
Ela_metadataset,SVM_Linear,0.8,Tuning,Tuning,0.2811941506747606,0.718805849325239
Ela_metadataset,SVM_Linear,0.8,Tuning,Tuning,0.36107675672855366,0.6389232432714465
Ela_metadataset,SVM_Linear,0.8,Tuning,Tuning,0.2123597858916655,0.7876402141083345
Ela_metadataset,SVM_Linear,0.8,Defaults,Tuning,0.27773973666492063,0.7222602633350794
Ela_metadataset,SVM_Linear,0.8,Tuning,Tuning,0.2571487032913035,0.7428512967086965
Ela_metadataset,SVM_Linear,0.8,Tuning,Tuning,0.16262814071005974,0.8373718592899403
Ela_metadataset,SVM_Linear,0.8,Defaults,Tuning,0.20760131129592144,0.7923986887040788
Ela_metadataset,SVM_Linear,0.8,Tuning,Tuning,0.3087990494908477,0.6912009505091523
Ela_metadataset,SVM_Linear,0.8,Tuning,Tuning,0.35532885064270253,0.6446711493572975
Ela_metadataset,SVM_Linear,0.8,Tuning,Tuning,0.12312952470374469,0.8768704752962553
Ela_metadataset,SVM_Linear,0.8,Tuning,Tuning,0.3344479555459475,0.6655520444540527
Ela_metadataset,SVM_Linear,0.8,Tuning,Tuning,0.25519703739054833,0.7448029626094517
Ela_metadataset,SVM_Linear,0.8,Tuning,Tuning,0.18314970826119975,0.8168502917388003
Ela_metadataset,SVM_Linear,0.8,Tuning,Tuning,0.2735760911169656,0.7264239088830345
Ela_metadataset,SVM_Linear,0.8,Tuning,Tuning,0.3331191529605085,0.6668808470394917
Ela_metadataset,SVM_Linear,0.8,Tuning,Tuning,0.2558767564032947,0.7441232435967053
Ela_metadataset,SVM_Linear,0.8,Defaults,Tuning,0.3904496464050862,0.6095503535949138
Ela_metadataset,SVM_Linear,0.8,Tuning,Tuning,0.3346782511478017,0.6653217488521984
Ela_metadataset,SVM_Linear,0.8,Defaults,Tuning,0.472381254607469,0.527618745392531
Ela_metadataset,SVM_Linear,0.8,Tuning,Tuning,0.26302252146301996,0.73697747853698
Ela_metadataset,SVM_Linear,0.8,Tuning,Tuning,0.21103852308624985,0.78896147691375
Ela_metadataset,SVM_Linear,0.8,Tuning,Tuning,0.33409548381560394,0.6659045161843962
Ela_metadataset,SVM_Linear,0.8,Tuning,Tuning,0.35217246542642705,0.6478275345735729
Ela_metadataset,SVM_Linear,0.8,Tuning,Tuning,0.37924476372722854,0.6207552362727713
Ela_metadataset,SVM_Linear,0.8,Defaults,Tuning,0.34855256379874544,0.6514474362012546
Ela_metadataset,SVM_Linear,0.8,Tuning,Tuning,0.33067179700462684,0.6693282029953731
Ela_metadataset,SVM_Linear,0.8,Defaults,Tuning,0.35226167574053924,0.6477383242594608
Ela_metadataset,SVM_Linear,0.8,Defaults,Tuning,0.3165888951033005,0.6834111048966995
Ela_metadataset,SVM_Linear,0.8,Defaults,Tuning,0.259848610350922,0.7401513896490782
Ela_metadataset,SVM_Linear,0.8,Defaults,Tuning,0.4231827575102103,0.5768172424897897
Ela_metadataset,SVM_Linear,0.8,Tuning,Tuning,0.1870847145363169,0.8129152854636829
Ela_metadataset,SVM_Linear,0.8,Tuning,Tuning,0.19383830459021315,0.8061616954097868
Ela_metadataset,SVM_Linear,0.8,Tuning,Tuning,0.2709195753958511,0.729080424604149
Ela_metadataset,SVM_Linear,0.8,Defaults,Tuning,0.315496000047185,0.6845039999528149
Ela_metadataset,SVM_Linear,0.8,Defaults,Tuning,0.3078291702886836,0.6921708297113164
Ela_metadataset,SVM_Linear,0.8,Defaults,Tuning,0.41128602140288933,0.5887139785971107
Ela_metadataset,SVM_Linear,0.8,Defaults,Tuning,0.4804546047399299,0.51954539526007
Ela_metadataset,SVM_Linear,0.8,Tuning,Tuning,0.3109854447155794,0.6890145552844208
Ela_metadataset,SVM_Linear,0.8,Tuning,Tuning,0.3401085569935343,0.6598914430064657
Ela_metadataset,SVM_Linear,0.8,Defaults,Tuning,0.45018295070105985,0.54981704929894
Ela_metadataset,SVM_Linear,0.8,Tuning,Tuning,0.29840167315064653,0.7015983268493534
Ela_metadataset,SVM_Linear,0.8,Defaults,Tuning,0.31798446348736126,0.6820155365126389
Ela_metadataset,SVM_Linear,0.8,Tuning,Tuning,0.1253264848221636,0.8746735151778364
Ela_metadataset,SVM_Linear,0.8,Tuning,Tuning,0.2799639814164837,0.7200360185835163
Ela_metadataset,SVM_Linear,0.8,Defaults,Defaults,0.5,0.5
Ela_metadataset,SVM_Linear,0.8,Tuning,Tuning,0.2866301763059876,0.7133698236940124
Ela_metadataset,SVM_Linear,0.8,Defaults,Tuning,0.3942738784124176,0.6057261215875822
Ela_metadataset,SVM_Linear,0.8,Tuning,Tuning,0.22194719121467643,0.7780528087853236
Ela_metadataset,SVM_Linear,0.8,Tuning,Tuning,0.20271328668072747,0.7972867133192725
Ela_metadataset,SVM_Linear,0.8,Tuning,Tuning,0.32186824211481346,0.6781317578851868
Ela_metadataset,SVM_Linear,0.8,Defaults,Tuning,0.221897147388992,0.778102852611008
Ela_metadataset,SVM_Linear,0.8,Tuning,Tuning,0.17193947070565702,0.8280605292943428
Ela_metadataset,SVM_Linear,0.8,Tuning,Tuning,0.32261001138675294,0.677389988613247
Ela_metadataset,SVM_Linear,0.8,Tuning,Tuning,0.17462980962168193,0.825370190378318
Ela_metadataset,SVM_Linear,0.8,Defaults,Tuning,0.18149662310286543,0.8185033768971348
Ela_metadataset,SVM_Linear,0.8,Tuning,Tuning,0.11691485985560053,0.8830851401443995
Ela_metadataset,SVM_Linear,0.8,Tuning,Tuning,0.2734239678525463,0.7265760321474536
Ela_metadataset,SVM_Linear,0.8,Tuning,Tuning,0.12487416946612662,0.8751258305338735
Ela_metadataset,SVM_Linear,0.8,Tuning,Tuning,0.1705583329917879,0.8294416670082121
Ela_metadataset,SVM_Linear,0.8,Tuning,Tuning,0.42533225819682513,0.5746677418031748
Ela_metadataset,SVM_Linear,0.8,Tuning,Tuning,0.42648360351445386,0.5735163964855461
Ela_metadataset,SVM_Linear,0.8,Tuning,Tuning,0.17855260996445363,0.8214473900355463
Ela_metadataset,SVM_Linear,0.8,Defaults,Tuning,0.35666783324180173,0.643332166758198
Ela_metadataset,SVM_Linear,0.8,Tuning,Tuning,0.16425867456403437,0.8357413254359655
Ela_metadataset,SVM_Linear,0.8,Tuning,Tuning,0.24541442231825816,0.7545855776817418
Ela_metadataset,SVM_Linear,0.8,Tuning,Tuning,0.3146423559858023,0.6853576440141975
Ela_metadataset,SVM_Linear,0.8,Tuning,Tuning,0.2762191447087685,0.7237808552912316
Ela_metadataset,SVM_Linear,0.8,Tuning,Tuning,0.055636533752771646,0.9443634662472284
Ela_metadataset,SVM_Linear,0.8,Tuning,Tuning,0.2691548832264068,0.7308451167735933
Ela_metadataset,SVM_Linear,0.8,Tuning,Defaults,0.6093048821426619,0.3906951178573379
Ela_metadataset,SVM_Linear,0.8,Tuning,Tuning,0.19140186031977616,0.8085981396802238
Ela_metadataset,SVM_Linear,0.8,Defaults,Defaults,0.6487272145756379,0.3512727854243621
Ela_metadataset,SVM_Linear,0.8,Tuning,Tuning,0.03141364410145696,0.9685863558985431
Ela_metadataset,SVM_Linear,0.8,Defaults,Tuning,0.232628420056846,0.767371579943154
Ela_metadataset,SVM_Linear,0.8,Tuning,Tuning,0.15751060540451442,0.8424893945954858
Ela_metadataset,SVM_Linear,0.8,Tuning,Tuning,0.3952166040163806,0.6047833959836195
Ela_metadataset,SVM_Linear,0.8,Tuning,Tuning,0.10140365141514991,0.8985963485848502
Ela_metadataset,SVM_Linear,0.8,Tuning,Tuning,0.13073633349218036,0.8692636665078198
Ela_metadataset,SVM_Linear,0.8,Defaults,Tuning,0.2546764201053555,0.7453235798946443
Ela_metadataset,SVM_Linear,0.8,Defaults,Tuning,0.41662668070631015,0.5833733192936897
Ela_metadataset,SVM_Linear,0.8,Tuning,Tuning,0.2222107341321492,0.7777892658678506
Ela_metadataset,SVM_Linear,0.8,Tuning,Tuning,0.2206988050992794,0.7793011949007207
Ela_metadataset,SVM_Linear,0.8,Tuning,Tuning,0.3649057477273006,0.6350942522726993
Ela_metadataset,SVM_Linear,0.8,Tuning,Tuning,0.3573664094800308,0.6426335905199693
Ela_metadataset,SVM_Linear,0.8,Tuning,Tuning,0.22673038158230144,0.7732696184176985
Ela_metadataset,SVM_Linear,0.8,Tuning,Tuning,0.12267786552590305,0.877322134474097
Ela_metadataset,SVM_Linear,0.8,Tuning,Tuning,0.2086780176538019,0.7913219823461983
Ela_metadataset,SVM_Linear,0.8,Tuning,Tuning,0.3415507559939215,0.6584492440060785
Ela_metadataset,SVM_Linear,0.8,Defaults,Tuning,0.2174682770355172,0.7825317229644829
Ela_metadataset,SVM_Linear,0.8,Tuning,Tuning,0.3054113789663433,0.6945886210336566
Ela_metadataset,SVM_Linear,0.8,Tuning,Tuning,0.4028949930761492,0.5971050069238508
Ela_metadataset,SVM_Linear,0.8,Tuning,Tuning,0.17512719808761273,0.8248728019123873
Ela_metadataset,SVM_Linear,0.8,Tuning,Tuning,0.27884995504261334,0.7211500449573868
Ela_metadataset,SVM_Linear,0.8,Defaults,Tuning,0.19400421796185927,0.8059957820381406
Ela_metadataset,SVM_Linear,0.8,Tuning,Tuning,0.1469577475629312,0.8530422524370689
Ela_metadataset,SVM_Linear,0.8,Tuning,Tuning,0.163307784032692,0.836692215967308
Ela_metadataset,SVM_Linear,0.8,Tuning,Tuning,0.08409021290713266,0.9159097870928672
Ela_metadataset,SVM_Linear,0.8,Defaults,Tuning,0.16258779291162084,0.8374122070883793
Ela_metadataset,SVM_Linear,0.8,Tuning,Tuning,0.21188807826698428,0.7881119217330156
Ela_metadataset,SVM_Linear,0.8,Tuning,Tuning,0.30642865387975615,0.6935713461202436
Ela_metadataset,SVM_Linear,0.8,Tuning,Tuning,0.14374767566061167,0.856252324339388
Ela_metadataset,SVM_Linear,0.8,Defaults,Defaults,0.5503368385257854,0.4496631614742145
Ela_metadataset,SVM_Linear,0.8,Defaults,Tuning,0.4191153236833687,0.5808846763166313
Ela_metadataset,SVM_Linear,0.8,Tuning,Defaults,0.8827046082398413,0.11729539176015895
Ela_metadataset,SVM_Linear,0.8,Tuning,Tuning,0.17064694148725731,0.8293530585127425
Ela_metadataset,SVM_Linear,0.8,Tuning,Tuning,0.18769103352842123,0.8123089664715788
Ela_metadataset,SVM_Linear,0.8,Defaults,Tuning,0.2919116157893851,0.7080883842106147
Ela_metadataset,SVM_Linear,0.8,Defaults,Tuning,0.33046250856347104,0.6695374914365289
Ela_metadataset,SVM_Linear,0.8,Defaults,Tuning,0.40468964523467027,0.5953103547653297
Ela_metadataset,SVM_Linear,0.8,Tuning,Tuning,0.18624271101484516,0.813757288985155
Ela_metadataset,SVM_Linear,0.8,Defaults,Tuning,0.49486384913501896,0.5051361508649812
Ela_metadataset,SVM_Linear,0.8,Tuning,Tuning,0.3498483233316033,0.6501516766683969
Ela_metadataset,SVM_Linear,0.8,Tuning,Tuning,0.11438549559079389,0.8856145044092062
Ela_metadataset,SVM_Linear,0.8,Defaults,Tuning,0.34611925552704703,0.6538807444729527
Ela_metadataset,SVM_Linear,0.8,Defaults,Tuning,0.3041797230504215,0.6958202769495788
Ela_metadataset,SVM_Linear,0.8,Tuning,Tuning,0.2371223022031862,0.7628776977968138
Ela_metadataset,SVM_Linear,0.8,Tuning,Tuning,0.4521103534951683,0.5478896465048316
Ela_metadataset,SVM_Linear,0.8,Defaults,Tuning,0.22659464626400816,0.773405353735992
Ela_metadataset,SVM_Linear,0.8,Tuning,Tuning,0.08916890069660226,0.9108310993033979
Ela_metadataset,SVM_Linear,0.8,Tuning,Tuning,0.37314276758913034,0.6268572324108697
Ela_metadataset,SVM_Linear,0.8,Tuning,Tuning,0.4067825648038668,0.5932174351961332
Ela_metadataset,SVM_Linear,0.8,Tuning,Tuning,0.10087824277708278,0.8991217572229171
Ela_metadataset,SVM_Linear,0.85,Tuning,Tuning,0.28720551884270124,0.7127944811572986
Ela_metadataset,SVM_Linear,0.85,Tuning,Tuning,0.22172033104795447,0.7782796689520458
Ela_metadataset,SVM_Linear,0.85,Defaults,Defaults,0.5453077740099634,0.45469222599003667
Ela_metadataset,SVM_Linear,0.85,Tuning,Tuning,0.2521047159218574,0.7478952840781428
Ela_metadataset,SVM_Linear,0.85,Tuning,Tuning,0.15567849139358275,0.8443215086064174
Ela_metadataset,SVM_Linear,0.85,Tuning,Tuning,0.2865968255219412,0.7134031744780586
Ela_metadataset,SVM_Linear,0.85,Tuning,Tuning,0.18265112823658256,0.8173488717634173
Ela_metadataset,SVM_Linear,0.85,Defaults,Tuning,0.3082481863148745,0.6917518136851257
Ela_metadataset,SVM_Linear,0.85,Defaults,Tuning,0.36083146385207093,0.639168536147929
Ela_metadataset,SVM_Linear,0.85,Tuning,Tuning,0.271858931969585,0.7281410680304149
Ela_metadataset,SVM_Linear,0.85,Tuning,Tuning,0.20627607091348668,0.7937239290865136
Ela_metadataset,SVM_Linear,0.85,Defaults,Tuning,0.3336499578973552,0.6663500421026449
Ela_metadataset,SVM_Linear,0.85,Tuning,Tuning,0.29918082262627005,0.7008191773737301
Ela_metadataset,SVM_Linear,0.85,Tuning,Tuning,0.4281168322419806,0.5718831677580192
Ela_metadataset,SVM_Linear,0.85,Tuning,Tuning,0.014837862762412462,0.9851621372375874
Ela_metadataset,SVM_Linear,0.85,Tuning,Tuning,0.20662326681593995,0.7933767331840601
Ela_metadataset,SVM_Linear,0.85,Defaults,Tuning,0.3923437833604008,0.6076562166395992
Ela_metadataset,SVM_Linear,0.85,Tuning,Tuning,0.11813758677302832,0.8818624132269717
Ela_metadataset,SVM_Linear,0.85,Defaults,Tuning,0.40482687177019344,0.5951731282298066
Ela_metadataset,SVM_Linear,0.85,Tuning,Defaults,0.603623323861078,0.39637667613892225
Ela_metadataset,SVM_Linear,0.85,Tuning,Tuning,0.340547497087765,0.659452502912235
Ela_metadataset,SVM_Linear,0.85,Defaults,Tuning,0.425663006324716,0.5743369936752841
Ela_metadataset,SVM_Linear,0.85,Tuning,Tuning,0.34205314460872105,0.657946855391279
Ela_metadataset,SVM_Linear,0.85,Tuning,Tuning,0.2411716008451332,0.7588283991548667
Ela_metadataset,SVM_Linear,0.85,Tuning,Tuning,0.23255324815534767,0.7674467518446523
Ela_metadataset,SVM_Linear,0.85,Tuning,Tuning,0.20463333687687743,0.7953666631231225
Ela_metadataset,SVM_Linear,0.85,Tuning,Tuning,0.18217859829669822,0.8178214017033019
Ela_metadataset,SVM_Linear,0.85,Tuning,Tuning,0.17376828234115146,0.8262317176588485
Ela_metadataset,SVM_Linear,0.85,Tuning,Tuning,0.11740345677554866,0.8825965432244517
Ela_metadataset,SVM_Linear,0.85,Tuning,Tuning,0.2520694391682162,0.747930560831784
Ela_metadataset,SVM_Linear,0.85,Tuning,Tuning,0.030542650029860383,0.9694573499701398
Ela_metadataset,SVM_Linear,0.85,Tuning,Tuning,0.18942383795095635,0.8105761620490436
Ela_metadataset,SVM_Linear,0.85,Defaults,Defaults,0.558812601209764,0.4411873987902359
Ela_metadataset,SVM_Linear,0.85,Defaults,Defaults,0.5136630410332467,0.4863369589667534
Ela_metadataset,SVM_Linear,0.85,Tuning,Tuning,0.19042477578437195,0.8095752242156282
Ela_metadataset,SVM_Linear,0.85,Tuning,Tuning,0.16931053947507407,0.8306894605249258
Ela_metadataset,SVM_Linear,0.85,Tuning,Tuning,0.26481838540288444,0.7351816145971154
Ela_metadataset,SVM_Linear,0.85,Defaults,Tuning,0.004467247904684616,0.9955327520953156
Ela_metadataset,SVM_Linear,0.85,Tuning,Tuning,0.2142389880791008,0.785761011920899
Ela_metadataset,SVM_Linear,0.85,Defaults,Tuning,0.29706042503393454,0.7029395749660656
Ela_metadataset,SVM_Linear,0.85,Tuning,Tuning,0.24927496124256426,0.7507250387574356
Ela_metadataset,SVM_Linear,0.85,Tuning,Tuning,0.07939047740059788,0.9206095225994022
Ela_metadataset,SVM_Linear,0.85,Tuning,Tuning,0.14568300642187157,0.8543169935781283
Ela_metadataset,SVM_Linear,0.85,Tuning,Tuning,0.2064029630188682,0.7935970369811319
Ela_metadataset,SVM_Linear,0.85,Tuning,Tuning,0.10956484867607677,0.8904351513239233
Ela_metadataset,SVM_Linear,0.85,Tuning,Tuning,0.2638565782532452,0.736143421746755
Ela_metadataset,SVM_Linear,0.85,Tuning,Tuning,0.2844324187265827,0.7155675812734172
Ela_metadataset,SVM_Linear,0.85,Tuning,Tuning,0.2593123355687143,0.7406876644312855
Ela_metadataset,SVM_Linear,0.85,Tuning,Tuning,0.33801343280937296,0.6619865671906271
Ela_metadataset,SVM_Linear,0.85,Tuning,Tuning,0.19782149611586025,0.8021785038841398
Ela_metadataset,SVM_Linear,0.85,Defaults,Tuning,0.47344286668222496,0.526557133317775
Ela_metadataset,SVM_Linear,0.85,Tuning,Tuning,0.24096478137325852,0.7590352186267415
Ela_metadataset,SVM_Linear,0.85,Tuning,Tuning,0.17494404104990552,0.8250559589500946
Ela_metadataset,SVM_Linear,0.85,Defaults,Tuning,0.17655959401660926,0.8234404059833906
Ela_metadataset,SVM_Linear,0.85,Tuning,Tuning,0.27448321954574195,0.725516780454258
Ela_metadataset,SVM_Linear,0.85,Tuning,Tuning,0.3757766227344664,0.6242233772655336
Ela_metadataset,SVM_Linear,0.85,Tuning,Tuning,0.15089295149044485,0.8491070485095551
Ela_metadataset,SVM_Linear,0.85,Tuning,Tuning,0.3613661579722655,0.6386338420277344
Ela_metadataset,SVM_Linear,0.85,Tuning,Tuning,0.3075747235249819,0.6924252764750182
Ela_metadataset,SVM_Linear,0.85,Tuning,Tuning,0.22623576786320732,0.7737642321367929
Ela_metadataset,SVM_Linear,0.85,Tuning,Tuning,0.2197675871929245,0.7802324128070754
Ela_metadataset,SVM_Linear,0.85,Tuning,Tuning,0.36036453038504274,0.6396354696149573
Ela_metadataset,SVM_Linear,0.85,Tuning,Tuning,0.27689754827744395,0.7231024517225559
Ela_metadataset,SVM_Linear,0.85,Defaults,Tuning,0.3378070830622096,0.6621929169377905
Ela_metadataset,SVM_Linear,0.85,Tuning,Tuning,0.3392534169268376,0.6607465830731627
Ela_metadataset,SVM_Linear,0.85,Defaults,Defaults,0.5075129193631256,0.49248708063687446
Ela_metadataset,SVM_Linear,0.85,Tuning,Tuning,0.24063842620632836,0.7593615737936716
Ela_metadataset,SVM_Linear,0.85,Tuning,Tuning,0.18053427279719933,0.8194657272028004
Ela_metadataset,SVM_Linear,0.85,Tuning,Tuning,0.3300302078865243,0.6699697921134757
Ela_metadataset,SVM_Linear,0.85,Tuning,Tuning,0.39451177791988384,0.6054882220801162
Ela_metadataset,SVM_Linear,0.85,Tuning,Tuning,0.4274991468058951,0.5725008531941047
Ela_metadataset,SVM_Linear,0.85,Defaults,Tuning,0.34404828353614464,0.6559517164638554
Ela_metadataset,SVM_Linear,0.85,Tuning,Tuning,0.3530619538057466,0.6469380461942534
Ela_metadataset,SVM_Linear,0.85,Defaults,Tuning,0.33754865086469915,0.6624513491353008
Ela_metadataset,SVM_Linear,0.85,Defaults,Tuning,0.3307315805181005,0.6692684194818995
Ela_metadataset,SVM_Linear,0.85,Defaults,Tuning,0.23913393996337026,0.7608660600366295
Ela_metadataset,SVM_Linear,0.85,Defaults,Tuning,0.3960132220888003,0.6039867779111998
Ela_metadataset,SVM_Linear,0.85,Tuning,Tuning,0.12089591132739333,0.8791040886726067
Ela_metadataset,SVM_Linear,0.85,Tuning,Tuning,0.13106422716979466,0.8689357728302053
Ela_metadataset,SVM_Linear,0.85,Tuning,Tuning,0.22086958496526526,0.7791304150347348
Ela_metadataset,SVM_Linear,0.85,Defaults,Tuning,0.31744156630061027,0.6825584336993897
Ela_metadataset,SVM_Linear,0.85,Defaults,Tuning,0.0513460905737426,0.9486539094262575
Ela_metadataset,SVM_Linear,0.85,Defaults,Tuning,0.3756505308353424,0.6243494691646577
Ela_metadataset,SVM_Linear,0.85,Defaults,Defaults,0.5128956358861064,0.4871043641138937
Ela_metadataset,SVM_Linear,0.85,Tuning,Tuning,0.3550371693754049,0.644962830624595
Ela_metadataset,SVM_Linear,0.85,Tuning,Tuning,0.3531288411634991,0.6468711588365011
Ela_metadataset,SVM_Linear,0.85,Defaults,Defaults,0.5295620444010132,0.4704379555989868
Ela_metadataset,SVM_Linear,0.85,Tuning,Tuning,0.20908943117980341,0.7909105688201966
Ela_metadataset,SVM_Linear,0.85,Defaults,Tuning,0.36617592259159054,0.6338240774084094
Ela_metadataset,SVM_Linear,0.85,Tuning,Tuning,0.09718386989798738,0.9028161301020124
Ela_metadataset,SVM_Linear,0.85,Tuning,Tuning,0.2800486190256226,0.7199513809743775
Ela_metadataset,SVM_Linear,0.85,Defaults,Defaults,0.5661870705720912,0.43381292942790867
Ela_metadataset,SVM_Linear,0.85,Tuning,Tuning,0.3433603825503833,0.656639617449617
Ela_metadataset,SVM_Linear,0.85,Defaults,Defaults,0.5,0.5
Ela_metadataset,SVM_Linear,0.85,Tuning,Tuning,0.21844967202090096,0.781550327979099
Ela_metadataset,SVM_Linear,0.85,Tuning,Tuning,0.21630860803430568,0.7836913919656944
Ela_metadataset,SVM_Linear,0.85,Tuning,Tuning,0.3283385069098298,0.6716614930901703
Ela_metadataset,SVM_Linear,0.85,Defaults,Tuning,0.21201275484171744,0.7879872451582827
Ela_metadataset,SVM_Linear,0.85,Tuning,Tuning,0.1351917428129262,0.8648082571870738
Ela_metadataset,SVM_Linear,0.85,Tuning,Tuning,0.3228373810251336,0.6771626189748662
Ela_metadataset,SVM_Linear,0.85,Tuning,Tuning,0.14678984806444068,0.8532101519355594
Ela_metadataset,SVM_Linear,0.85,Defaults,Tuning,0.18181713311860973,0.8181828668813905
Ela_metadataset,SVM_Linear,0.85,Tuning,Tuning,0.1950233507235248,0.8049766492764754
Ela_metadataset,SVM_Linear,0.85,Tuning,Tuning,0.35398436280245477,0.6460156371975451
Ela_metadataset,SVM_Linear,0.85,Tuning,Tuning,0.08565638507947107,0.914343614920529
Ela_metadataset,SVM_Linear,0.85,Tuning,Tuning,0.17175967088143315,0.8282403291185669
Ela_metadataset,SVM_Linear,0.85,Tuning,Tuning,0.35930316657124306,0.6406968334287569
Ela_metadataset,SVM_Linear,0.85,Tuning,Tuning,0.42645075801025867,0.5735492419897413
Ela_metadataset,SVM_Linear,0.85,Tuning,Tuning,0.14220213727411882,0.857797862725881
Ela_metadataset,SVM_Linear,0.85,Defaults,Tuning,0.32775039980549736,0.6722496001945027
Ela_metadataset,SVM_Linear,0.85,Tuning,Tuning,0.17200024337393885,0.8279997566260614
Ela_metadataset,SVM_Linear,0.85,Tuning,Tuning,0.21981512926363014,0.7801848707363699
Ela_metadataset,SVM_Linear,0.85,Tuning,Tuning,0.3054565095869686,0.6945434904130311
Ela_metadataset,SVM_Linear,0.85,Tuning,Tuning,0.24294779145600756,0.7570522085439922
Ela_metadataset,SVM_Linear,0.85,Tuning,Tuning,0.011628462635252251,0.9883715373647479
Ela_metadataset,SVM_Linear,0.85,Tuning,Tuning,0.3206892369524861,0.679310763047514
Ela_metadataset,SVM_Linear,0.85,Tuning,Defaults,0.5848725408265896,0.41512745917341043
Ela_metadataset,SVM_Linear,0.85,Tuning,Tuning,0.2891944935165705,0.7108055064834294
Ela_metadataset,SVM_Linear,0.85,Defaults,Defaults,0.7243451406871915,0.2756548593128087
Ela_metadataset,SVM_Linear,0.85,Tuning,Tuning,0.026715658664442834,0.9732843413355572
Ela_metadataset,SVM_Linear,0.85,Defaults,Tuning,0.23041133675065806,0.7695886632493419
Ela_metadataset,SVM_Linear,0.85,Tuning,Tuning,0.13960527485868438,0.8603947251413157
Ela_metadataset,SVM_Linear,0.85,Tuning,Tuning,0.4593439580847867,0.5406560419152133
Ela_metadataset,SVM_Linear,0.85,Tuning,Tuning,0.1260264544750996,0.8739735455249004
Ela_metadataset,SVM_Linear,0.85,Tuning,Tuning,0.19303736400486243,0.8069626359951375
Ela_metadataset,SVM_Linear,0.85,Defaults,Tuning,0.25586912128043493,0.744130878719565
Ela_metadataset,SVM_Linear,0.85,Defaults,Tuning,0.40542463874843343,0.5945753612515666
Ela_metadataset,SVM_Linear,0.85,Tuning,Tuning,0.21287756108002476,0.7871224389199754
Ela_metadataset,SVM_Linear,0.85,Tuning,Tuning,0.2032035444346107,0.7967964555653895
Ela_metadataset,SVM_Linear,0.85,Tuning,Tuning,0.3202589583535622,0.6797410416464377
Ela_metadataset,SVM_Linear,0.85,Tuning,Tuning,0.32517076408740275,0.6748292359125972
Ela_metadataset,SVM_Linear,0.85,Tuning,Tuning,0.23528852102606065,0.7647114789739392
Ela_metadataset,SVM_Linear,0.85,Tuning,Tuning,0.2664988705125552,0.7335011294874446
Ela_metadataset,SVM_Linear,0.85,Tuning,Tuning,0.16633352971574933,0.8336664702842509
Ela_metadataset,SVM_Linear,0.85,Tuning,Tuning,0.3417514894970707,0.6582485105029294
Ela_metadataset,SVM_Linear,0.85,Defaults,Tuning,0.24514506181037443,0.7548549381896256
Ela_metadataset,SVM_Linear,0.85,Tuning,Tuning,0.3317042372594438,0.6682957627405561
Ela_metadataset,SVM_Linear,0.85,Tuning,Tuning,0.43113437310413116,0.5688656268958688
Ela_metadataset,SVM_Linear,0.85,Tuning,Tuning,0.28310181450088845,0.7168981854991114
Ela_metadataset,SVM_Linear,0.85,Tuning,Tuning,0.2976650028972916,0.7023349971027083
Ela_metadataset,SVM_Linear,0.85,Defaults,Tuning,0.24413430307934708,0.755865696920653
Ela_metadataset,SVM_Linear,0.85,Tuning,Tuning,0.14903592413669298,0.850964075863307
Ela_metadataset,SVM_Linear,0.85,Tuning,Tuning,0.16448728390836784,0.835512716091632
Ela_metadataset,SVM_Linear,0.85,Tuning,Tuning,0.07188313081562167,0.9281168691843783
Ela_metadataset,SVM_Linear,0.85,Defaults,Tuning,0.15557124099988437,0.8444287590001158
Ela_metadataset,SVM_Linear,0.85,Tuning,Tuning,0.21057618682004292,0.7894238131799569
Ela_metadataset,SVM_Linear,0.85,Tuning,Tuning,0.3372393453824354,0.6627606546175645
Ela_metadataset,SVM_Linear,0.85,Tuning,Tuning,0.11193893940754526,0.8880610605924547
Ela_metadataset,SVM_Linear,0.85,Defaults,Defaults,0.548360984223127,0.45163901577687304
Ela_metadataset,SVM_Linear,0.85,Defaults,Tuning,0.4455399956201286,0.5544600043798713
Ela_metadataset,SVM_Linear,0.85,Tuning,Defaults,0.8430924748914309,0.15690752510856915
Ela_metadataset,SVM_Linear,0.85,Tuning,Tuning,0.19367050503224137,0.8063294949677586
Ela_metadataset,SVM_Linear,0.85,Tuning,Tuning,0.19309525690434537,0.8069047430956546
Ela_metadataset,SVM_Linear,0.85,Defaults,Tuning,0.2152881084335915,0.7847118915664084
Ela_metadataset,SVM_Linear,0.85,Defaults,Tuning,0.23933240686424398,0.7606675931357562
Ela_metadataset,SVM_Linear,0.85,Defaults,Tuning,0.33813334030907993,0.6618666596909198
Ela_metadataset,SVM_Linear,0.85,Tuning,Tuning,0.13128873896040538,0.8687112610395946
Ela_metadataset,SVM_Linear,0.85,Defaults,Tuning,0.3939306995407328,0.6060693004592671
Ela_metadataset,SVM_Linear,0.85,Tuning,Tuning,0.3165064829300648,0.6834935170699353
Ela_metadataset,SVM_Linear,0.85,Tuning,Tuning,0.11632613006230816,0.8836738699376918
Ela_metadataset,SVM_Linear,0.85,Defaults,Tuning,0.3357819220096288,0.6642180779903711
Ela_metadataset,SVM_Linear,0.85,Defaults,Tuning,0.28422942398474543,0.7157705760152545
Ela_metadataset,SVM_Linear,0.85,Tuning,Tuning,0.26426383513134893,0.735736164868651
Ela_metadataset,SVM_Linear,0.85,Tuning,Tuning,0.43694866098041873,0.5630513390195813
Ela_metadataset,SVM_Linear,0.85,Defaults,Tuning,0.21692563166199874,0.7830743683380013
Ela_metadataset,SVM_Linear,0.85,Tuning,Tuning,0.10142488256989393,0.8985751174301061
Ela_metadataset,SVM_Linear,0.85,Tuning,Tuning,0.33311058725440756,0.6668894127455924
Ela_metadataset,SVM_Linear,0.85,Tuning,Tuning,0.4113650277432767,0.5886349722567232
Ela_metadataset,SVM_Linear,0.85,Tuning,Tuning,0.13065710881790718,0.8693428911820928
Ela_metadataset,SVM_Linear,0.9,Tuning,Tuning,0.3057723014451551,0.694227698554845
Ela_metadataset,SVM_Linear,0.9,Tuning,Tuning,0.23317616320555043,0.7668238367944493
Ela_metadataset,SVM_Linear,0.9,Defaults,Defaults,0.5446629184346579,0.4553370815653422
Ela_metadataset,SVM_Linear,0.9,Tuning,Tuning,0.25245448937199644,0.7475455106280036
Ela_metadataset,SVM_Linear,0.9,Tuning,Tuning,0.1489378201735218,0.851062179826478
Ela_metadataset,SVM_Linear,0.9,Tuning,Tuning,0.27370543923140495,0.7262945607685951
Ela_metadataset,SVM_Linear,0.9,Tuning,Tuning,0.1668097292819635,0.8331902707180363
Ela_metadataset,SVM_Linear,0.9,Defaults,Tuning,0.3140911374743417,0.6859088625256583
Ela_metadataset,SVM_Linear,0.9,Defaults,Tuning,0.3811372484887334,0.6188627515112666
Ela_metadataset,SVM_Linear,0.9,Tuning,Tuning,0.26307701495605673,0.7369229850439432
Ela_metadataset,SVM_Linear,0.9,Tuning,Tuning,0.19634887532695577,0.8036511246730441
Ela_metadataset,SVM_Linear,0.9,Defaults,Tuning,0.3315183080419275,0.6684816919580726
Ela_metadataset,SVM_Linear,0.9,Tuning,Tuning,0.31282903943598733,0.6871709605640127
Ela_metadataset,SVM_Linear,0.9,Tuning,Tuning,0.4250266819704272,0.5749733180295729
Ela_metadataset,SVM_Linear,0.9,Tuning,Tuning,0.009427295847916961,0.9905727041520831
Ela_metadataset,SVM_Linear,0.9,Tuning,Tuning,0.19182474890210222,0.8081752510978977
Ela_metadataset,SVM_Linear,0.9,Defaults,Tuning,0.3758870005972128,0.624112999402787
Ela_metadataset,SVM_Linear,0.9,Tuning,Tuning,0.10132988479395448,0.8986701152060455
Ela_metadataset,SVM_Linear,0.9,Defaults,Tuning,0.3856825310446282,0.6143174689553719
Ela_metadataset,SVM_Linear,0.9,Tuning,Defaults,0.5910159948998305,0.4089840051001694
Ela_metadataset,SVM_Linear,0.9,Tuning,Tuning,0.3349666570542898,0.6650333429457105
Ela_metadataset,SVM_Linear,0.9,Defaults,Tuning,0.4326420028565146,0.5673579971434853
Ela_metadataset,SVM_Linear,0.9,Tuning,Tuning,0.3506357159210079,0.6493642840789922
Ela_metadataset,SVM_Linear,0.9,Tuning,Tuning,0.22857095373359482,0.7714290462664053
Ela_metadataset,SVM_Linear,0.9,Tuning,Tuning,0.23129017461665116,0.7687098253833486
Ela_metadataset,SVM_Linear,0.9,Tuning,Tuning,0.1911603219081944,0.8088396780918057
Ela_metadataset,SVM_Linear,0.9,Tuning,Tuning,0.17617956658295594,0.8238204334170441
Ela_metadataset,SVM_Linear,0.9,Tuning,Tuning,0.16792991809146354,0.8320700819085364
Ela_metadataset,SVM_Linear,0.9,Tuning,Tuning,0.10897532032323083,0.8910246796767691
Ela_metadataset,SVM_Linear,0.9,Tuning,Tuning,0.25061748579332793,0.749382514206672
Ela_metadataset,SVM_Linear,0.9,Tuning,Tuning,0.025101152149848854,0.9748988478501511
Ela_metadataset,SVM_Linear,0.9,Tuning,Tuning,0.18413529463120656,0.8158647053687934
Ela_metadataset,SVM_Linear,0.9,Defaults,Defaults,0.5988626919546328,0.4011373080453672
Ela_metadataset,SVM_Linear,0.9,Defaults,Defaults,0.5154097963955138,0.48459020360448624
Ela_metadataset,SVM_Linear,0.9,Tuning,Tuning,0.1902832132150575,0.8097167867849425
Ela_metadataset,SVM_Linear,0.9,Tuning,Tuning,0.1710580329752343,0.8289419670247656
Ela_metadataset,SVM_Linear,0.9,Tuning,Tuning,0.2553250934392079,0.7446749065607922
Ela_metadataset,SVM_Linear,0.9,Defaults,Tuning,9.329600672239299e-06,0.9999906703993278
Ela_metadataset,SVM_Linear,0.9,Tuning,Tuning,0.20370610329532504,0.7962938967046748
Ela_metadataset,SVM_Linear,0.9,Defaults,Tuning,0.29723950434225793,0.702760495657742
Ela_metadataset,SVM_Linear,0.9,Tuning,Tuning,0.2386049037623323,0.7613950962376677
Ela_metadataset,SVM_Linear,0.9,Tuning,Tuning,0.07495629040174485,0.9250437095982553
Ela_metadataset,SVM_Linear,0.9,Tuning,Tuning,0.12210917750447399,0.8778908224955261
Ela_metadataset,SVM_Linear,0.9,Tuning,Tuning,0.2101345290189242,0.7898654709810757
Ela_metadataset,SVM_Linear,0.9,Tuning,Tuning,0.11273545392102324,0.8872645460789769
Ela_metadataset,SVM_Linear,0.9,Tuning,Tuning,0.2568038114786184,0.7431961885213818
Ela_metadataset,SVM_Linear,0.9,Tuning,Tuning,0.2872953323208031,0.7127046676791967
Ela_metadataset,SVM_Linear,0.9,Tuning,Tuning,0.2598264016009213,0.7401735983990787
Ela_metadataset,SVM_Linear,0.9,Tuning,Tuning,0.34212216553824265,0.6578778344617572
Ela_metadataset,SVM_Linear,0.9,Tuning,Tuning,0.20008714752043616,0.7999128524795641
Ela_metadataset,SVM_Linear,0.9,Defaults,Tuning,0.47658771765265184,0.5234122823473482
Ela_metadataset,SVM_Linear,0.9,Tuning,Tuning,0.23995696570298095,0.7600430342970192
Ela_metadataset,SVM_Linear,0.9,Tuning,Tuning,0.16500551690356027,0.8349944830964398
Ela_metadataset,SVM_Linear,0.9,Defaults,Tuning,0.16700510102465327,0.8329948989753468
Ela_metadataset,SVM_Linear,0.9,Tuning,Tuning,0.2722141914384291,0.7277858085615712
Ela_metadataset,SVM_Linear,0.9,Tuning,Tuning,0.37754795071049435,0.6224520492895056
Ela_metadataset,SVM_Linear,0.9,Tuning,Tuning,0.14368558391104796,0.856314416088952
Ela_metadataset,SVM_Linear,0.9,Tuning,Tuning,0.3565856072828083,0.6434143927171916
Ela_metadataset,SVM_Linear,0.9,Tuning,Tuning,0.3002259751569593,0.6997740248430407
Ela_metadataset,SVM_Linear,0.9,Tuning,Tuning,0.2242391955015562,0.7757608044984439
Ela_metadataset,SVM_Linear,0.9,Tuning,Tuning,0.19711212096504882,0.8028878790349515
Ela_metadataset,SVM_Linear,0.9,Tuning,Tuning,0.36306180408945865,0.6369381959105415
Ela_metadataset,SVM_Linear,0.9,Tuning,Tuning,0.2741737614210938,0.7258262385789064
Ela_metadataset,SVM_Linear,0.9,Defaults,Tuning,0.347613113419854,0.6523868865801458
Ela_metadataset,SVM_Linear,0.9,Tuning,Tuning,0.3533933093496898,0.6466066906503104
Ela_metadataset,SVM_Linear,0.9,Defaults,Defaults,0.5141303326499326,0.48586966735006737
Ela_metadataset,SVM_Linear,0.9,Tuning,Tuning,0.2346723768160722,0.7653276231839278
Ela_metadataset,SVM_Linear,0.9,Tuning,Tuning,0.17071585200779998,0.8292841479922001
Ela_metadataset,SVM_Linear,0.9,Tuning,Tuning,0.3294881164361756,0.6705118835638243
Ela_metadataset,SVM_Linear,0.9,Tuning,Tuning,0.38776396662506213,0.6122360333749377
Ela_metadataset,SVM_Linear,0.9,Tuning,Tuning,0.41649547105605694,0.5835045289439429
Ela_metadataset,SVM_Linear,0.9,Defaults,Tuning,0.35251321832974924,0.6474867816702509
Ela_metadataset,SVM_Linear,0.9,Tuning,Tuning,0.3556162920739473,0.6443837079260527
Ela_metadataset,SVM_Linear,0.9,Defaults,Tuning,0.33933288961198155,0.6606671103880185
Ela_metadataset,SVM_Linear,0.9,Defaults,Tuning,0.3350814305788938,0.6649185694211063
Ela_metadataset,SVM_Linear,0.9,Defaults,Tuning,0.23222889855620413,0.7677711014437958
Ela_metadataset,SVM_Linear,0.9,Defaults,Tuning,0.4025259944523489,0.5974740055476512
Ela_metadataset,SVM_Linear,0.9,Tuning,Tuning,0.11657543735623613,0.8834245626437639
Ela_metadataset,SVM_Linear,0.9,Tuning,Tuning,0.1250081062480996,0.8749918937519002
Ela_metadataset,SVM_Linear,0.9,Tuning,Tuning,0.2229343669082618,0.7770656330917384
Ela_metadataset,SVM_Linear,0.9,Defaults,Tuning,0.3195995785011068,0.6804004214988933
Ela_metadataset,SVM_Linear,0.9,Defaults,Tuning,0.05833397132353045,0.9416660286764696
Ela_metadataset,SVM_Linear,0.9,Defaults,Tuning,0.38354558627456964,0.6164544137254303
Ela_metadataset,SVM_Linear,0.9,Defaults,Defaults,0.5099465830946065,0.49005341690539356
Ela_metadataset,SVM_Linear,0.9,Tuning,Tuning,0.3659789758857591,0.6340210241142409
Ela_metadataset,SVM_Linear,0.9,Tuning,Tuning,0.36382544244775866,0.6361745575522415
Ela_metadataset,SVM_Linear,0.9,Defaults,Defaults,0.5215599742134699,0.47844002578653
Ela_metadataset,SVM_Linear,0.9,Tuning,Tuning,0.21173091589629375,0.7882690841037062
Ela_metadataset,SVM_Linear,0.9,Defaults,Tuning,0.36446360685199564,0.6355363931480044
Ela_metadataset,SVM_Linear,0.9,Tuning,Tuning,0.1026578236503512,0.8973421763496487
Ela_metadataset,SVM_Linear,0.9,Tuning,Tuning,0.2839182809640279,0.7160817190359722
Ela_metadataset,SVM_Linear,0.9,Defaults,Defaults,0.5159516598093628,0.48404834019063747
Ela_metadataset,SVM_Linear,0.9,Tuning,Tuning,0.3535684500902205,0.6464315499097795
Ela_metadataset,SVM_Linear,0.9,Defaults,Tuning,0.48105552201254387,0.5189444779874562
Ela_metadataset,SVM_Linear,0.9,Tuning,Tuning,0.20504953901044656,0.7949504609895536
Ela_metadataset,SVM_Linear,0.9,Tuning,Tuning,0.20479210405587106,0.795207895944129
Ela_metadataset,SVM_Linear,0.9,Tuning,Tuning,0.32757688924995065,0.6724231107500497
Ela_metadataset,SVM_Linear,0.9,Defaults,Tuning,0.2273541604024133,0.7726458395975866
Ela_metadataset,SVM_Linear,0.9,Tuning,Tuning,0.13617352405094268,0.8638264759490573
Ela_metadataset,SVM_Linear,0.9,Tuning,Tuning,0.33348976956144116,0.6665102304385585
Ela_metadataset,SVM_Linear,0.9,Tuning,Tuning,0.13736045863713484,0.8626395413628652
Ela_metadataset,SVM_Linear,0.9,Defaults,Tuning,0.18847396147668227,0.8115260385233178
Ela_metadataset,SVM_Linear,0.9,Tuning,Tuning,0.193690113359199,0.8063098866408008
Ela_metadataset,SVM_Linear,0.9,Tuning,Tuning,0.3518612400484206,0.6481387599515794
Ela_metadataset,SVM_Linear,0.9,Tuning,Tuning,0.08437849911447445,0.9156215008855255
Ela_metadataset,SVM_Linear,0.9,Tuning,Tuning,0.15839140157379736,0.8416085984262028
Ela_metadataset,SVM_Linear,0.9,Tuning,Tuning,0.3781296320214649,0.621870367978535
Ela_metadataset,SVM_Linear,0.9,Tuning,Tuning,0.42479352635384027,0.5752064736461597
Ela_metadataset,SVM_Linear,0.9,Tuning,Tuning,0.1344433461211634,0.8655566538788367
Ela_metadataset,SVM_Linear,0.9,Defaults,Tuning,0.3311296141017535,0.6688703858982467
Ela_metadataset,SVM_Linear,0.9,Tuning,Tuning,0.16578750831430145,0.8342124916856987
Ela_metadataset,SVM_Linear,0.9,Tuning,Tuning,0.22795463780543412,0.7720453621945659
Ela_metadataset,SVM_Linear,0.9,Tuning,Tuning,0.31078492553573944,0.6892150744642607
Ela_metadataset,SVM_Linear,0.9,Tuning,Tuning,0.2485044360338049,0.751495563966195
Ela_metadataset,SVM_Linear,0.9,Tuning,Tuning,0.009511332688567556,0.9904886673114324
Ela_metadataset,SVM_Linear,0.9,Tuning,Tuning,0.3263134505806813,0.6736865494193184
Ela_metadataset,SVM_Linear,0.9,Tuning,Defaults,0.5903863703025847,0.4096136296974152
Ela_metadataset,SVM_Linear,0.9,Tuning,Tuning,0.2702561233681186,0.7297438766318816
Ela_metadataset,SVM_Linear,0.9,Defaults,Defaults,0.7370035843424901,0.26299641565750975
Ela_metadataset,SVM_Linear,0.9,Tuning,Tuning,0.028313473644011666,0.9716865263559884
Ela_metadataset,SVM_Linear,0.9,Defaults,Tuning,0.20950920943163917,0.7904907905683608
Ela_metadataset,SVM_Linear,0.9,Tuning,Tuning,0.12232656611133665,0.8776734338886634
Ela_metadataset,SVM_Linear,0.9,Tuning,Tuning,0.4523268580335798,0.54767314196642
Ela_metadataset,SVM_Linear,0.9,Tuning,Tuning,0.13003620844155828,0.8699637915584418
Ela_metadataset,SVM_Linear,0.9,Tuning,Tuning,0.19363532754439722,0.8063646724556028
Ela_metadataset,SVM_Linear,0.9,Defaults,Tuning,0.261825245802444,0.7381747541975561
Ela_metadataset,SVM_Linear,0.9,Defaults,Tuning,0.4130141394265323,0.5869858605734676
Ela_metadataset,SVM_Linear,0.9,Tuning,Tuning,0.21508896108405576,0.7849110389159443
Ela_metadataset,SVM_Linear,0.9,Tuning,Tuning,0.20699576131180694,0.793004238688193
Ela_metadataset,SVM_Linear,0.9,Tuning,Tuning,0.32149065056756354,0.6785093494324366
Ela_metadataset,SVM_Linear,0.9,Tuning,Tuning,0.33555141104412406,0.664448588955876
Ela_metadataset,SVM_Linear,0.9,Tuning,Tuning,0.22634714126140265,0.7736528587385971
Ela_metadataset,SVM_Linear,0.9,Tuning,Tuning,0.2521626080699113,0.7478373919300886
Ela_metadataset,SVM_Linear,0.9,Tuning,Tuning,0.1759242571375274,0.8240757428624723
Ela_metadataset,SVM_Linear,0.9,Tuning,Tuning,0.3457943439475566,0.6542056560524433
Ela_metadataset,SVM_Linear,0.9,Defaults,Tuning,0.24729200629662768,0.7527079937033725
Ela_metadataset,SVM_Linear,0.9,Tuning,Tuning,0.3476695383330667,0.6523304616669332
Ela_metadataset,SVM_Linear,0.9,Tuning,Tuning,0.4410240099334129,0.558975990066587
Ela_metadataset,SVM_Linear,0.9,Tuning,Tuning,0.30028031642429864,0.6997196835757014
Ela_metadataset,SVM_Linear,0.9,Tuning,Tuning,0.30821143507050514,0.6917885649294951
Ela_metadataset,SVM_Linear,0.9,Defaults,Tuning,0.2399288759971083,0.7600711240028919
Ela_metadataset,SVM_Linear,0.9,Tuning,Tuning,0.15549805052066615,0.8445019494793338
Ela_metadataset,SVM_Linear,0.9,Tuning,Tuning,0.1621926197601301,0.8378073802398697
Ela_metadataset,SVM_Linear,0.9,Tuning,Tuning,0.06625915935526665,0.9337408406447333
Ela_metadataset,SVM_Linear,0.9,Defaults,Tuning,0.16152588564836776,0.8384741143516321
Ela_metadataset,SVM_Linear,0.9,Tuning,Tuning,0.20773678341637358,0.7922632165836266
Ela_metadataset,SVM_Linear,0.9,Tuning,Tuning,0.3498816742211702,0.6501183257788297
Ela_metadataset,SVM_Linear,0.9,Tuning,Tuning,0.10867381683899642,0.8913261831610035
Ela_metadataset,SVM_Linear,0.9,Defaults,Defaults,0.5565169622474121,0.4434830377525879
Ela_metadataset,SVM_Linear,0.9,Defaults,Tuning,0.41290601090401585,0.5870939890959842
Ela_metadataset,SVM_Linear,0.9,Tuning,Defaults,0.8342462681374474,0.16575373186255263
Ela_metadataset,SVM_Linear,0.9,Tuning,Tuning,0.1966824254427746,0.8033175745572253
Ela_metadataset,SVM_Linear,0.9,Tuning,Tuning,0.20204121070445952,0.7979587892955406
Ela_metadataset,SVM_Linear,0.9,Defaults,Tuning,0.2160613340055002,0.7839386659944998
Ela_metadataset,SVM_Linear,0.9,Defaults,Tuning,0.24283609706155757,0.7571639029384425
Ela_metadataset,SVM_Linear,0.9,Defaults,Tuning,0.3301841654764315,0.6698158345235685
Ela_metadataset,SVM_Linear,0.9,Tuning,Tuning,0.1389336834479094,0.8610663165520905
Ela_metadataset,SVM_Linear,0.9,Defaults,Tuning,0.41095966893228486,0.589040331067715
Ela_metadataset,SVM_Linear,0.9,Tuning,Tuning,0.32203569784288466,0.6779643021571153
Ela_metadataset,SVM_Linear,0.9,Tuning,Tuning,0.12013561063049862,0.8798643893695013
Ela_metadataset,SVM_Linear,0.9,Defaults,Tuning,0.34083785002107553,0.6591621499789243
Ela_metadataset,SVM_Linear,0.9,Defaults,Tuning,0.28837029978322787,0.7116297002167722
Ela_metadataset,SVM_Linear,0.9,Tuning,Tuning,0.25919327549698695,0.7408067245030133
Ela_metadataset,SVM_Linear,0.9,Tuning,Tuning,0.46284564264301065,0.5371543573569892
Ela_metadataset,SVM_Linear,0.9,Defaults,Tuning,0.2203425860680048,0.7796574139319953
Ela_metadataset,SVM_Linear,0.9,Tuning,Tuning,0.09988026281784934,0.9001197371821507
Ela_metadataset,SVM_Linear,0.9,Tuning,Tuning,0.3277547156563277,0.6722452843436724
Ela_metadataset,SVM_Linear,0.9,Tuning,Tuning,0.37630349055799245,0.6236965094420076
Ela_metadataset,SVM_Linear,0.9,Tuning,Tuning,0.12923011213781838,0.8707698878621816
Ela_metadataset,SVM_Linear,0.95,Tuning,Tuning,0.2879470354630307,0.7120529645369694
Ela_metadataset,SVM_Linear,0.95,Tuning,Tuning,0.22668936194668496,0.7733106380533151
Ela_metadataset,SVM_Linear,0.95,Defaults,Defaults,0.5803723047551204,0.4196276952448796
Ela_metadataset,SVM_Linear,0.95,Tuning,Tuning,0.25524297824196257,0.7447570217580375
Ela_metadataset,SVM_Linear,0.95,Tuning,Tuning,0.15758977046165376,0.8424102295383463
Ela_metadataset,SVM_Linear,0.95,Tuning,Tuning,0.2521199098568671,0.747880090143133
Ela_metadataset,SVM_Linear,0.95,Tuning,Tuning,0.15795756821127996,0.84204243178872
Ela_metadataset,SVM_Linear,0.95,Defaults,Tuning,0.2907067653985561,0.7092932346014439
Ela_metadataset,SVM_Linear,0.95,Defaults,Tuning,0.37518652426985316,0.6248134757301468
Ela_metadataset,SVM_Linear,0.95,Tuning,Tuning,0.24484577790722442,0.7551542220927756
Ela_metadataset,SVM_Linear,0.95,Tuning,Tuning,0.1814384983056406,0.8185615016943593
Ela_metadataset,SVM_Linear,0.95,Defaults,Tuning,0.3646022344571225,0.6353977655428776
Ela_metadataset,SVM_Linear,0.95,Tuning,Tuning,0.32665401491643514,0.6733459850835647
Ela_metadataset,SVM_Linear,0.95,Tuning,Tuning,0.40246703489055247,0.5975329651094475
Ela_metadataset,SVM_Linear,0.95,Tuning,Tuning,0.010368546470472997,0.989631453529527
Ela_metadataset,SVM_Linear,0.95,Tuning,Tuning,0.18501007702755207,0.8149899229724479
Ela_metadataset,SVM_Linear,0.95,Defaults,Tuning,0.36882046392297396,0.631179536077026
Ela_metadataset,SVM_Linear,0.95,Tuning,Tuning,0.09907952791430809,0.900920472085692
Ela_metadataset,SVM_Linear,0.95,Defaults,Tuning,0.34919233492221724,0.6508076650777826
Ela_metadataset,SVM_Linear,0.95,Tuning,Defaults,0.5897550461133773,0.4102449538866227
Ela_metadataset,SVM_Linear,0.95,Tuning,Tuning,0.3522700212238695,0.6477299787761305
Ela_metadataset,SVM_Linear,0.95,Defaults,Tuning,0.4528271036808983,0.5471728963191016
Ela_metadataset,SVM_Linear,0.95,Tuning,Tuning,0.39121835775463154,0.6087816422453685
Ela_metadataset,SVM_Linear,0.95,Tuning,Tuning,0.21108289354506704,0.7889171064549332
Ela_metadataset,SVM_Linear,0.95,Tuning,Tuning,0.228015646970987,0.7719843530290129
Ela_metadataset,SVM_Linear,0.95,Tuning,Tuning,0.17607542106207705,0.823924578937923
Ela_metadataset,SVM_Linear,0.95,Tuning,Tuning,0.19307556801573833,0.806924431984262
Ela_metadataset,SVM_Linear,0.95,Tuning,Tuning,0.16247317467177316,0.8375268253282269
Ela_metadataset,SVM_Linear,0.95,Tuning,Tuning,0.10422685449606589,0.8957731455039339
Ela_metadataset,SVM_Linear,0.95,Tuning,Tuning,0.23666244722953553,0.7633375527704646
Ela_metadataset,SVM_Linear,0.95,Tuning,Tuning,0.019645688615909748,0.9803543113840901
Ela_metadataset,SVM_Linear,0.95,Tuning,Tuning,0.19375244866299557,0.8062475513370043
Ela_metadataset,SVM_Linear,0.95,Defaults,Defaults,0.6129363142031395,0.3870636857968606
Ela_metadataset,SVM_Linear,0.95,Defaults,Defaults,0.5264153038937985,0.47358469610620146
Ela_metadataset,SVM_Linear,0.95,Tuning,Tuning,0.14016289795042441,0.8598371020495755
Ela_metadataset,SVM_Linear,0.95,Tuning,Tuning,0.12952556571609905,0.870474434283901
Ela_metadataset,SVM_Linear,0.95,Tuning,Tuning,0.23763130348768718,0.7623686965123125
Ela_metadataset,SVM_Linear,0.95,Defaults,Tuning,8.92468679864402e-07,0.9999991075313202
Ela_metadataset,SVM_Linear,0.95,Tuning,Tuning,0.21049830236461708,0.7895016976353828
Ela_metadataset,SVM_Linear,0.95,Defaults,Tuning,0.3212564692552397,0.6787435307447602
Ela_metadataset,SVM_Linear,0.95,Tuning,Tuning,0.24631144831657387,0.7536885516834263
Ela_metadataset,SVM_Linear,0.95,Tuning,Tuning,0.05622486117292215,0.9437751388270776
Ela_metadataset,SVM_Linear,0.95,Tuning,Tuning,0.12020752875924325,0.8797924712407567
Ela_metadataset,SVM_Linear,0.95,Tuning,Tuning,0.2013643914112551,0.7986356085887452
Ela_metadataset,SVM_Linear,0.95,Tuning,Tuning,0.12259819178974517,0.8774018082102548
Ela_metadataset,SVM_Linear,0.95,Tuning,Tuning,0.26654149071484,0.7334585092851602
Ela_metadataset,SVM_Linear,0.95,Tuning,Tuning,0.24445027755035886,0.7555497224496409
Ela_metadataset,SVM_Linear,0.95,Tuning,Tuning,0.2526003010279576,0.7473996989720423
Ela_metadataset,SVM_Linear,0.95,Tuning,Tuning,0.3159741031478027,0.6840258968521973
Ela_metadataset,SVM_Linear,0.95,Tuning,Tuning,0.17284537560290075,0.8271546243970993
Ela_metadataset,SVM_Linear,0.95,Defaults,Defaults,0.6937940524982591,0.30620594750174096
Ela_metadataset,SVM_Linear,0.95,Tuning,Tuning,0.2227926490052197,0.7772073509947801
Ela_metadataset,SVM_Linear,0.95,Tuning,Tuning,0.1416771162497725,0.8583228837502277
Ela_metadataset,SVM_Linear,0.95,Defaults,Tuning,0.16769834196340372,0.8323016580365963
Ela_metadataset,SVM_Linear,0.95,Tuning,Tuning,0.26585781330388997,0.7341421866961101
Ela_metadataset,SVM_Linear,0.95,Tuning,Tuning,0.3560160753462518,0.6439839246537481
Ela_metadataset,SVM_Linear,0.95,Tuning,Tuning,0.09730724808542125,0.9026927519145788
Ela_metadataset,SVM_Linear,0.95,Tuning,Tuning,0.3617743724844394,0.6382256275155608
Ela_metadataset,SVM_Linear,0.95,Tuning,Tuning,0.3235426880516042,0.676457311948396
Ela_metadataset,SVM_Linear,0.95,Tuning,Tuning,0.19957793893335027,0.8004220610666499
Ela_metadataset,SVM_Linear,0.95,Tuning,Tuning,0.21998500630802353,0.7800149936919766
Ela_metadataset,SVM_Linear,0.95,Tuning,Tuning,0.41234467131383784,0.587655328686162
Ela_metadataset,SVM_Linear,0.95,Tuning,Tuning,0.25944904554616693,0.740550954453833
Ela_metadataset,SVM_Linear,0.95,Defaults,Tuning,0.3540487303027855,0.6459512696972145
Ela_metadataset,SVM_Linear,0.95,Tuning,Tuning,0.3552560507955949,0.6447439492044053
Ela_metadataset,SVM_Linear,0.95,Defaults,Defaults,0.5094781188532888,0.49052188114671125
Ela_metadataset,SVM_Linear,0.95,Tuning,Tuning,0.2248364575844977,0.7751635424155024
Ela_metadataset,SVM_Linear,0.95,Tuning,Tuning,0.16256970246860503,0.837430297531395
Ela_metadataset,SVM_Linear,0.95,Tuning,Tuning,0.31593952727420066,0.6840604727257991
Ela_metadataset,SVM_Linear,0.95,Tuning,Tuning,0.39325307292858536,0.6067469270714146
Ela_metadataset,SVM_Linear,0.95,Tuning,Tuning,0.4502880877264507,0.5497119122735492
Ela_metadataset,SVM_Linear,0.95,Defaults,Tuning,0.37853861294284896,0.6214613870571509
Ela_metadataset,SVM_Linear,0.95,Tuning,Tuning,0.37107447133922855,0.6289255286607716
Ela_metadataset,SVM_Linear,0.95,Defaults,Tuning,0.3832433271267817,0.6167566728732181
Ela_metadataset,SVM_Linear,0.95,Defaults,Tuning,0.3322390285436739,0.6677609714563258
Ela_metadataset,SVM_Linear,0.95,Defaults,Tuning,0.2502705029966268,0.7497294970033732
Ela_metadataset,SVM_Linear,0.95,Defaults,Tuning,0.4306344239760045,0.5693655760239955
Ela_metadataset,SVM_Linear,0.95,Tuning,Tuning,0.15585289005516914,0.8441471099448307
Ela_metadataset,SVM_Linear,0.95,Tuning,Tuning,0.18219480635110738,0.8178051936488927
Ela_metadataset,SVM_Linear,0.95,Tuning,Tuning,0.25509071948067563,0.7449092805193245
Ela_metadataset,SVM_Linear,0.95,Defaults,Tuning,0.35477027210366574,0.6452297278963343
Ela_metadataset,SVM_Linear,0.95,Defaults,Tuning,0.03695542972481127,0.9630445702751889
Ela_metadataset,SVM_Linear,0.95,Defaults,Tuning,0.389928553473543,0.610071446526457
Ela_metadataset,SVM_Linear,0.95,Defaults,Tuning,0.49295056393466247,0.5070494360653375
Ela_metadataset,SVM_Linear,0.95,Tuning,Tuning,0.3520006965016403,0.6479993034983595
Ela_metadataset,SVM_Linear,0.95,Tuning,Tuning,0.3362902431518525,0.6637097568481476
Ela_metadataset,SVM_Linear,0.95,Defaults,Defaults,0.5507858164122471,0.44921418358775284
Ela_metadataset,SVM_Linear,0.95,Tuning,Tuning,0.1957711921518596,0.8042288078481405
Ela_metadataset,SVM_Linear,0.95,Defaults,Tuning,0.3447544188542585,0.6552455811457417
Ela_metadataset,SVM_Linear,0.95,Tuning,Tuning,0.12080166148806938,0.8791983385119306
Ela_metadataset,SVM_Linear,0.95,Tuning,Tuning,0.29069541669335075,0.7093045833066494
Ela_metadataset,SVM_Linear,0.95,Defaults,Defaults,0.5825449086295325,0.41745509137046743
Ela_metadataset,SVM_Linear,0.95,Tuning,Tuning,0.3225951085803145,0.6774048914196853
Ela_metadataset,SVM_Linear,0.95,Defaults,Tuning,0.38654157740257306,0.6134584225974269
Ela_metadataset,SVM_Linear,0.95,Tuning,Tuning,0.22609978613116571,0.773900213868834
Ela_metadataset,SVM_Linear,0.95,Tuning,Tuning,0.16399755237550118,0.8360024476244992
Ela_metadataset,SVM_Linear,0.95,Tuning,Tuning,0.31364161955681485,0.6863583804431851
Ela_metadataset,SVM_Linear,0.95,Defaults,Tuning,0.25627207638207183,0.7437279236179284
Ela_metadataset,SVM_Linear,0.95,Tuning,Tuning,0.11292358078323474,0.8870764192167653
Ela_metadataset,SVM_Linear,0.95,Tuning,Tuning,0.3528461438229598,0.6471538561770401
Ela_metadataset,SVM_Linear,0.95,Tuning,Tuning,0.13573851716812663,0.8642614828318734
Ela_metadataset,SVM_Linear,0.95,Defaults,Tuning,0.22859250882025642,0.7714074911797436
Ela_metadataset,SVM_Linear,0.95,Tuning,Tuning,0.207725635396237,0.7922743646037629
Ela_metadataset,SVM_Linear,0.95,Tuning,Tuning,0.37128945806462793,0.628710541935372
Ela_metadataset,SVM_Linear,0.95,Tuning,Tuning,0.07204202125394671,0.9279579787460533
Ela_metadataset,SVM_Linear,0.95,Tuning,Tuning,0.14857966966261338,0.8514203303373864
Ela_metadataset,SVM_Linear,0.95,Tuning,Tuning,0.4049199299004172,0.5950800700995829
Ela_metadataset,SVM_Linear,0.95,Tuning,Tuning,0.39110686857683263,0.6088931314231675
Ela_metadataset,SVM_Linear,0.95,Tuning,Tuning,0.15486635657548248,0.8451336434245176
Ela_metadataset,SVM_Linear,0.95,Defaults,Tuning,0.3629415135975318,0.6370584864024681
Ela_metadataset,SVM_Linear,0.95,Tuning,Tuning,0.1703670297209163,0.8296329702790837
Ela_metadataset,SVM_Linear,0.95,Tuning,Tuning,0.2290400016794937,0.7709599983205063
Ela_metadataset,SVM_Linear,0.95,Tuning,Tuning,0.28719097562334933,0.7128090243766506
Ela_metadataset,SVM_Linear,0.95,Tuning,Tuning,0.22521219113714105,0.7747878088628589
Ela_metadataset,SVM_Linear,0.95,Tuning,Tuning,0.009820759422943741,0.9901792405770563
Ela_metadataset,SVM_Linear,0.95,Tuning,Tuning,0.28887867581309556,0.7111213241869048
Ela_metadataset,SVM_Linear,0.95,Tuning,Defaults,0.6085319058347242,0.39146809416527584
Ela_metadataset,SVM_Linear,0.95,Tuning,Tuning,0.22380314031439386,0.7761968596856061
Ela_metadataset,SVM_Linear,0.95,Defaults,Defaults,0.7105048456243223,0.2894951543756777
Ela_metadataset,SVM_Linear,0.95,Tuning,Tuning,0.040316735500246656,0.9596832644997534
Ela_metadataset,SVM_Linear,0.95,Defaults,Tuning,0.24767761057872428,0.7523223894212756
Ela_metadataset,SVM_Linear,0.95,Tuning,Tuning,0.11171611358564838,0.8882838864143517
Ela_metadataset,SVM_Linear,0.95,Tuning,Tuning,0.42236041380530587,0.577639586194694
Ela_metadataset,SVM_Linear,0.95,Tuning,Tuning,0.10992826781520186,0.8900717321847982
Ela_metadataset,SVM_Linear,0.95,Tuning,Tuning,0.19036058289127417,0.8096394171087258
Ela_metadataset,SVM_Linear,0.95,Defaults,Tuning,0.25056043511505793,0.749439564884942
Ela_metadataset,SVM_Linear,0.95,Defaults,Tuning,0.44768871508439884,0.5523112849156011
Ela_metadataset,SVM_Linear,0.95,Tuning,Tuning,0.1993346973081544,0.8006653026918457
Ela_metadataset,SVM_Linear,0.95,Tuning,Tuning,0.1893085431244343,0.8106914568755657
Ela_metadataset,SVM_Linear,0.95,Tuning,Tuning,0.28590213957190347,0.7140978604280965
Ela_metadataset,SVM_Linear,0.95,Tuning,Tuning,0.2980925389962863,0.7019074610037139
Ela_metadataset,SVM_Linear,0.95,Tuning,Tuning,0.21630467065921327,0.7836953293407867
Ela_metadataset,SVM_Linear,0.95,Tuning,Tuning,0.22754436741640557,0.7724556325835943
Ela_metadataset,SVM_Linear,0.95,Tuning,Tuning,0.1643094124390042,0.8356905875609959
Ela_metadataset,SVM_Linear,0.95,Tuning,Tuning,0.3658786939715279,0.6341213060284719
Ela_metadataset,SVM_Linear,0.95,Defaults,Tuning,0.2754117346417931,0.7245882653582071
Ela_metadataset,SVM_Linear,0.95,Tuning,Tuning,0.3204762024797339,0.6795237975202663
Ela_metadataset,SVM_Linear,0.95,Tuning,Tuning,0.41037965307745106,0.5896203469225487
Ela_metadataset,SVM_Linear,0.95,Tuning,Tuning,0.2627005784797887,0.7372994215202111
Ela_metadataset,SVM_Linear,0.95,Tuning,Tuning,0.3354321370079504,0.6645678629920497
Ela_metadataset,SVM_Linear,0.95,Defaults,Tuning,0.21414606515553056,0.7858539348444692
Ela_metadataset,SVM_Linear,0.95,Tuning,Tuning,0.11165946656989155,0.8883405334301087
Ela_metadataset,SVM_Linear,0.95,Tuning,Tuning,0.164818830434783,0.8351811695652169
Ela_metadataset,SVM_Linear,0.95,Tuning,Tuning,0.047027655495431316,0.9529723445045685
Ela_metadataset,SVM_Linear,0.95,Defaults,Tuning,0.1701136193931297,0.8298863806068704
Ela_metadataset,SVM_Linear,0.95,Tuning,Tuning,0.1817575436668984,0.8182424563331016
Ela_metadataset,SVM_Linear,0.95,Tuning,Tuning,0.3210545400957236,0.6789454599042763
Ela_metadataset,SVM_Linear,0.95,Tuning,Tuning,0.08339873238472864,0.9166012676152714
Ela_metadataset,SVM_Linear,0.95,Defaults,Defaults,0.6004644079400703,0.3995355920599297
Ela_metadataset,SVM_Linear,0.95,Defaults,Tuning,0.43821027711296767,0.5617897228870322
Ela_metadataset,SVM_Linear,0.95,Tuning,Defaults,0.8387009444740966,0.1612990555259033
Ela_metadataset,SVM_Linear,0.95,Tuning,Tuning,0.1891713421222597,0.8108286578777403
Ela_metadataset,SVM_Linear,0.95,Tuning,Tuning,0.22849493954247413,0.7715050604575262
Ela_metadataset,SVM_Linear,0.95,Defaults,Tuning,0.25374363479891865,0.7462563652010814
Ela_metadataset,SVM_Linear,0.95,Defaults,Tuning,0.23950077696317637,0.7604992230368235
Ela_metadataset,SVM_Linear,0.95,Defaults,Tuning,0.3368807779458478,0.6631192220541522
Ela_metadataset,SVM_Linear,0.95,Tuning,Tuning,0.12388115611320123,0.8761188438867987
Ela_metadataset,SVM_Linear,0.95,Defaults,Tuning,0.38984528173587124,0.6101547182641287
Ela_metadataset,SVM_Linear,0.95,Tuning,Tuning,0.30692568594242653,0.6930743140575734
Ela_metadataset,SVM_Linear,0.95,Tuning,Tuning,0.11916868691107299,0.8808313130889271
Ela_metadataset,SVM_Linear,0.95,Defaults,Tuning,0.328912558795774,0.6710874412042258
Ela_metadataset,SVM_Linear,0.95,Defaults,Tuning,0.28540778770623826,0.7145922122937617
Ela_metadataset,SVM_Linear,0.95,Tuning,Tuning,0.2931510869579884,0.7068489130420118
Ela_metadataset,SVM_Linear,0.95,Tuning,Tuning,0.4577246571259112,0.5422753428740887
Ela_metadataset,SVM_Linear,0.95,Defaults,Tuning,0.23972797177270752,0.7602720282272927
Ela_metadataset,SVM_Linear,0.95,Tuning,Tuning,0.06522826918105626,0.9347717308189437
Ela_metadataset,SVM_Linear,0.95,Tuning,Tuning,0.2953147877888959,0.704685212211104
Ela_metadataset,SVM_Linear,0.95,Tuning,Tuning,0.3524023438073476,0.6475976561926524
Ela_metadataset,SVM_Linear,0.95,Tuning,Tuning,0.1604198158308905,0.8395801841691096
Ela_metadataset,SVM_RBF,0.8,Tuning,Tuning,0.3138525306955648,0.6861474693044352
Ela_metadataset,SVM_RBF,0.8,Tuning,Tuning,0.11384536672930233,0.8861546332706977
Ela_metadataset,SVM_RBF,0.8,Defaults,Defaults,0.6423161066172552,0.35768389338274464
Ela_metadataset,SVM_RBF,0.8,Tuning,Tuning,0.13451803851054403,0.865481961489456
Ela_metadataset,SVM_RBF,0.8,Tuning,Tuning,0.0483968123406304,0.9516031876593695
Ela_metadataset,SVM_RBF,0.8,Tuning,Tuning,0.26305979749735725,0.7369402025026426
Ela_metadataset,SVM_RBF,0.8,Tuning,Tuning,0.06008855239754377,0.9399114476024563
Ela_metadataset,SVM_RBF,0.8,Defaults,Tuning,0.3220755288215261,0.677924471178474
Ela_metadataset,SVM_RBF,0.8,Defaults,Tuning,0.37209525020983425,0.6279047497901659
Ela_metadataset,SVM_RBF,0.8,Tuning,Tuning,0.23817083588067847,0.7618291641193213
Ela_metadataset,SVM_RBF,0.8,Tuning,Tuning,0.05098931069896668,0.9490106893010334
Ela_metadataset,SVM_RBF,0.8,Defaults,Tuning,0.27800740178437056,0.7219925982156294
Ela_metadataset,SVM_RBF,0.8,Tuning,Tuning,0.27248977310625966,0.7275102268937402
Ela_metadataset,SVM_RBF,0.8,Tuning,Tuning,0.29680960555387226,0.7031903944461277
Ela_metadataset,SVM_RBF,0.8,Tuning,Tuning,0.2847626250822418,0.7152373749177584
Ela_metadataset,SVM_RBF,0.8,Tuning,Tuning,0.06044654190495298,0.939553458095047
Ela_metadataset,SVM_RBF,0.8,Defaults,Defaults,0.6893565171072352,0.31064348289276467
Ela_metadataset,SVM_RBF,0.8,Tuning,Tuning,0.07609149937710395,0.9239085006228961
Ela_metadataset,SVM_RBF,0.8,Defaults,Tuning,0.40619024565680784,0.5938097543431923
Ela_metadataset,SVM_RBF,0.8,Tuning,Defaults,0.8521591560263662,0.14784084397363392
Ela_metadataset,SVM_RBF,0.8,Tuning,Tuning,0.2592278152171459,0.7407721847828541
Ela_metadataset,SVM_RBF,0.8,Defaults,Tuning,0.4455207160609939,0.554479283939006
Ela_metadataset,SVM_RBF,0.8,Tuning,Defaults,0.76653120461802,0.23346879538197995
Ela_metadataset,SVM_RBF,0.8,Tuning,Tuning,0.1497337912191322,0.8502662087808676
Ela_metadataset,SVM_RBF,0.8,Tuning,Tuning,0.08861943348473506,0.911380566515265
Ela_metadataset,SVM_RBF,0.8,Tuning,Tuning,0.29454587062598564,0.7054541293740142
Ela_metadataset,SVM_RBF,0.8,Tuning,Tuning,0.08214249638838463,0.9178575036116154
Ela_metadataset,SVM_RBF,0.8,Tuning,Tuning,0.09595293471076537,0.9040470652892347
Ela_metadataset,SVM_RBF,0.8,Tuning,Tuning,0.06364402984452279,0.9363559701554771
Ela_metadataset,SVM_RBF,0.8,Tuning,Tuning,0.1512004703945169,0.8487995296054831
Ela_metadataset,SVM_RBF,0.8,Tuning,Tuning,0.1668538516803295,0.8331461483196705
Ela_metadataset,SVM_RBF,0.8,Tuning,Tuning,0.07250077302644156,0.9274992269735585
Ela_metadataset,SVM_RBF,0.8,Defaults,Defaults,0.5902293886621408,0.40977061133785914
Ela_metadataset,SVM_RBF,0.8,Defaults,Tuning,0.439084658072564,0.560915341927436
Ela_metadataset,SVM_RBF,0.8,Tuning,Tuning,0.09907019361715033,0.9009298063828498
Ela_metadataset,SVM_RBF,0.8,Tuning,Tuning,0.26426859640619393,0.735731403593806
Ela_metadataset,SVM_RBF,0.8,Tuning,Tuning,0.35407997068951164,0.6459200293104885
Ela_metadataset,SVM_RBF,0.8,Defaults,Tuning,0.3205951220308043,0.6794048779691958
Ela_metadataset,SVM_RBF,0.8,Tuning,Tuning,0.24871669111134528,0.7512833088886548
Ela_metadataset,SVM_RBF,0.8,Defaults,Tuning,0.46755586743378386,0.5324441325662164
Ela_metadataset,SVM_RBF,0.8,Tuning,Tuning,0.19176511869567564,0.8082348813043243
Ela_metadataset,SVM_RBF,0.8,Tuning,Tuning,0.09476989707138794,0.9052301029286121
Ela_metadataset,SVM_RBF,0.8,Tuning,Tuning,0.2603405425804229,0.7396594574195773
Ela_metadataset,SVM_RBF,0.8,Tuning,Tuning,0.15056197716563227,0.8494380228343678
Ela_metadataset,SVM_RBF,0.8,Tuning,Tuning,0.2713298233711078,0.728670176628892
Ela_metadataset,SVM_RBF,0.8,Tuning,Tuning,0.16205833707640832,0.8379416629235918
Ela_metadataset,SVM_RBF,0.8,Tuning,Tuning,0.21985449767797102,0.7801455023220288
Ela_metadataset,SVM_RBF,0.8,Tuning,Tuning,0.13050207199316075,0.8694979280068394
Ela_metadataset,SVM_RBF,0.8,Tuning,Tuning,0.3324091413505226,0.6675908586494774
Ela_metadataset,SVM_RBF,0.8,Tuning,Tuning,0.1289692469085204,0.8710307530914796
Ela_metadataset,SVM_RBF,0.8,Defaults,Tuning,0.3909202697824799,0.6090797302175202
Ela_metadataset,SVM_RBF,0.8,Tuning,Tuning,0.1615718895301225,0.8384281104698773
Ela_metadataset,SVM_RBF,0.8,Tuning,Tuning,0.10329523995322165,0.8967047600467782
Ela_metadataset,SVM_RBF,0.8,Defaults,Tuning,0.17779872354228424,0.8222012764577156
Ela_metadataset,SVM_RBF,0.8,Tuning,Tuning,0.3433420473909834,0.6566579526090166
Ela_metadataset,SVM_RBF,0.8,Tuning,Tuning,0.1883452691344982,0.8116547308655016
Ela_metadataset,SVM_RBF,0.8,Tuning,Tuning,0.10293403879768359,0.8970659612023164
Ela_metadataset,SVM_RBF,0.8,Tuning,Tuning,0.4182538385401842,0.581746161459816
Ela_metadataset,SVM_RBF,0.8,Tuning,Tuning,0.29905816071733277,0.7009418392826673
Ela_metadataset,SVM_RBF,0.8,Tuning,Tuning,0.3457888824685149,0.654211117531485
Ela_metadataset,SVM_RBF,0.8,Tuning,Tuning,0.22966897646845974,0.77033102353154
Ela_metadataset,SVM_RBF,0.8,Tuning,Tuning,0.1931047770447278,0.8068952229552723
Ela_metadataset,SVM_RBF,0.8,Tuning,Tuning,0.18088091221922328,0.8191190877807767
Ela_metadataset,SVM_RBF,0.8,Defaults,Tuning,0.33929451269568756,0.6607054873043124
Ela_metadataset,SVM_RBF,0.8,Tuning,Tuning,0.4431006888097047,0.5568993111902953
Ela_metadataset,SVM_RBF,0.8,Defaults,Tuning,0.47916138276486236,0.5208386172351376
Ela_metadataset,SVM_RBF,0.8,Tuning,Tuning,0.20235518811378903,0.7976448118862108
Ela_metadataset,SVM_RBF,0.8,Tuning,Tuning,0.24685053840193075,0.7531494615980693
Ela_metadataset,SVM_RBF,0.8,Tuning,Tuning,0.31503411264485615,0.6849658873551441
Ela_metadataset,SVM_RBF,0.8,Tuning,Tuning,0.4119920610335984,0.5880079389664015
Ela_metadataset,SVM_RBF,0.8,Tuning,Tuning,0.3665817634497548,0.6334182365502453
Ela_metadataset,SVM_RBF,0.8,Defaults,Tuning,0.36925359293967924,0.6307464070603209
Ela_metadataset,SVM_RBF,0.8,Tuning,Tuning,0.34966861426306745,0.6503313857369325
Ela_metadataset,SVM_RBF,0.8,Defaults,Tuning,0.3445154546545782,0.6554845453454218
Ela_metadataset,SVM_RBF,0.8,Defaults,Tuning,0.36147015959545814,0.6385298404045419
Ela_metadataset,SVM_RBF,0.8,Defaults,Tuning,0.19872811221596437,0.8012718877840357
Ela_metadataset,SVM_RBF,0.8,Defaults,Tuning,0.3268213945394029,0.673178605460597
Ela_metadataset,SVM_RBF,0.8,Tuning,Tuning,0.2056869242546865,0.7943130757453135
Ela_metadataset,SVM_RBF,0.8,Tuning,Tuning,0.22999220092758732,0.7700077990724129
Ela_metadataset,SVM_RBF,0.8,Tuning,Tuning,0.26589689812395506,0.7341031018760452
Ela_metadataset,SVM_RBF,0.8,Defaults,Tuning,0.3254675603211272,0.6745324396788729
Ela_metadataset,SVM_RBF,0.8,Defaults,Tuning,0.255097643723641,0.7449023562763591
Ela_metadataset,SVM_RBF,0.8,Defaults,Tuning,0.34538764108593184,0.6546123589140683
Ela_metadataset,SVM_RBF,0.8,Defaults,Defaults,0.531288729306034,0.46871127069396595
Ela_metadataset,SVM_RBF,0.8,Tuning,Tuning,0.39711187315432517,0.6028881268456749
Ela_metadataset,SVM_RBF,0.8,Tuning,Defaults,0.5799426667704896,0.4200573332295104
Ela_metadataset,SVM_RBF,0.8,Defaults,Defaults,0.6582440243193332,0.3417559756806667
Ela_metadataset,SVM_RBF,0.8,Tuning,Tuning,0.20090647663282923,0.7990935233671708
Ela_metadataset,SVM_RBF,0.8,Defaults,Tuning,0.2432277330950049,0.756772266904995
Ela_metadataset,SVM_RBF,0.8,Tuning,Tuning,0.15011487875765966,0.8498851212423402
Ela_metadataset,SVM_RBF,0.8,Tuning,Tuning,0.22483315827004735,0.7751668417299528
Ela_metadataset,SVM_RBF,0.8,Defaults,Defaults,0.5232146764145829,0.47678532358541686
Ela_metadataset,SVM_RBF,0.8,Tuning,Tuning,0.22954782940444582,0.770452170595554
Ela_metadataset,SVM_RBF,0.8,Defaults,Defaults,0.5233595413960876,0.4766404586039122
Ela_metadataset,SVM_RBF,0.8,Tuning,Tuning,0.2561556258545039,0.7438443741454961
Ela_metadataset,SVM_RBF,0.8,Tuning,Tuning,0.1321508287374221,0.8678491712625779
Ela_metadataset,SVM_RBF,0.8,Tuning,Tuning,0.21568678056229246,0.7843132194377074
Ela_metadataset,SVM_RBF,0.8,Defaults,Tuning,0.14913249172230655,0.8508675082776934
Ela_metadataset,SVM_RBF,0.8,Tuning,Tuning,0.11111306907114162,0.8888869309288583
Ela_metadataset,SVM_RBF,0.8,Tuning,Tuning,0.3324079306074392,0.6675920693925608
Ela_metadataset,SVM_RBF,0.8,Tuning,Tuning,0.1039865668465585,0.8960134331534415
Ela_metadataset,SVM_RBF,0.8,Defaults,Tuning,0.18031955962760762,0.8196804403723925
Ela_metadataset,SVM_RBF,0.8,Tuning,Tuning,0.24468487142101997,0.75531512857898
Ela_metadataset,SVM_RBF,0.8,Tuning,Tuning,0.2542171601855637,0.7457828398144365
Ela_metadataset,SVM_RBF,0.8,Tuning,Tuning,0.12039730796632232,0.8796026920336777
Ela_metadataset,SVM_RBF,0.8,Tuning,Tuning,0.126203030693496,0.8737969693065041
Ela_metadataset,SVM_RBF,0.8,Tuning,Tuning,0.4939590407346552,0.5060409592653449
Ela_metadataset,SVM_RBF,0.8,Tuning,Tuning,0.2520765237454286,0.7479234762545712
Ela_metadataset,SVM_RBF,0.8,Tuning,Tuning,0.17309343669846622,0.8269065633015338
Ela_metadataset,SVM_RBF,0.8,Defaults,Tuning,0.2849257570211241,0.7150742429788759
Ela_metadataset,SVM_RBF,0.8,Tuning,Tuning,0.12724677790550284,0.8727532220944971
Ela_metadataset,SVM_RBF,0.8,Tuning,Tuning,0.16623472038078702,0.8337652796192129
Ela_metadataset,SVM_RBF,0.8,Tuning,Tuning,0.2212634080058823,0.7787365919941175
Ela_metadataset,SVM_RBF,0.8,Tuning,Tuning,0.2097602025429154,0.7902397974570846
Ela_metadataset,SVM_RBF,0.8,Tuning,Tuning,0.237221273333254,0.762778726666746
Ela_metadataset,SVM_RBF,0.8,Tuning,Tuning,0.20288606032275314,0.7971139396772466
Ela_metadataset,SVM_RBF,0.8,Tuning,Defaults,0.7351251129383639,0.26487488706163603
Ela_metadataset,SVM_RBF,0.8,Tuning,Tuning,0.22445046105999963,0.7755495389400003
Ela_metadataset,SVM_RBF,0.8,Defaults,Defaults,0.6187402116664483,0.3812597883335517
Ela_metadataset,SVM_RBF,0.8,Tuning,Tuning,0.09168387587676892,0.9083161241232313
Ela_metadataset,SVM_RBF,0.8,Defaults,Tuning,0.1207777562806321,0.8792222437193677
Ela_metadataset,SVM_RBF,0.8,Tuning,Tuning,0.04846962716374944,0.9515303728362506
Ela_metadataset,SVM_RBF,0.8,Tuning,Tuning,0.48092612862884954,0.5190738713711505
Ela_metadataset,SVM_RBF,0.8,Tuning,Tuning,0.1868849510541153,0.8131150489458846
Ela_metadataset,SVM_RBF,0.8,Tuning,Tuning,0.12695214181242226,0.8730478581875775
Ela_metadataset,SVM_RBF,0.8,Defaults,Tuning,0.21790009366011062,0.7820999063398895
Ela_metadataset,SVM_RBF,0.8,Defaults,Tuning,0.4049771932237368,0.5950228067762632
Ela_metadataset,SVM_RBF,0.8,Tuning,Tuning,0.19131659058118766,0.8086834094188126
Ela_metadataset,SVM_RBF,0.8,Tuning,Tuning,0.1566346472788309,0.843365352721169
Ela_metadataset,SVM_RBF,0.8,Tuning,Tuning,0.2550803848062323,0.7449196151937678
Ela_metadataset,SVM_RBF,0.8,Tuning,Tuning,0.22317922814125427,0.7768207718587455
Ela_metadataset,SVM_RBF,0.8,Tuning,Tuning,0.33533570171803406,0.664664298281966
Ela_metadataset,SVM_RBF,0.8,Tuning,Tuning,0.11542577731062735,0.8845742226893725
Ela_metadataset,SVM_RBF,0.8,Tuning,Tuning,0.14100025803928806,0.8589997419607118
Ela_metadataset,SVM_RBF,0.8,Tuning,Tuning,0.35497931161032625,0.6450206883896737
Ela_metadataset,SVM_RBF,0.8,Defaults,Tuning,0.19743542868565786,0.8025645713143419
Ela_metadataset,SVM_RBF,0.8,Tuning,Defaults,0.648215743620916,0.35178425637908395
Ela_metadataset,SVM_RBF,0.8,Tuning,Tuning,0.29051986576854144,0.7094801342314586
Ela_metadataset,SVM_RBF,0.8,Tuning,Tuning,0.2311723693359417,0.7688276306640583
Ela_metadataset,SVM_RBF,0.8,Tuning,Tuning,0.39145624712895283,0.6085437528710471
Ela_metadataset,SVM_RBF,0.8,Defaults,Tuning,0.3847688982031542,0.6152311017968458
Ela_metadataset,SVM_RBF,0.8,Tuning,Tuning,0.13729842394664601,0.8627015760533541
Ela_metadataset,SVM_RBF,0.8,Tuning,Tuning,0.12135552657600426,0.8786444734239958
Ela_metadataset,SVM_RBF,0.8,Tuning,Tuning,0.13570752487135193,0.8642924751286482
Ela_metadataset,SVM_RBF,0.8,Defaults,Tuning,0.1055468366947961,0.894453163305204
Ela_metadataset,SVM_RBF,0.8,Tuning,Tuning,0.18710991939890417,0.8128900806010958
Ela_metadataset,SVM_RBF,0.8,Tuning,Tuning,0.2673356273227826,0.7326643726772175
Ela_metadataset,SVM_RBF,0.8,Tuning,Tuning,0.13996467903346246,0.8600353209665376
Ela_metadataset,SVM_RBF,0.8,Defaults,Defaults,0.7045561244185395,0.2954438755814604
Ela_metadataset,SVM_RBF,0.8,Defaults,Defaults,0.5070529997593833,0.4929470002406167
Ela_metadataset,SVM_RBF,0.8,Tuning,Defaults,0.590064936978389,0.40993506302161087
Ela_metadataset,SVM_RBF,0.8,Tuning,Tuning,0.2359171183181272,0.7640828816818731
Ela_metadataset,SVM_RBF,0.8,Tuning,Tuning,0.17695557548641472,0.8230444245135853
Ela_metadataset,SVM_RBF,0.8,Defaults,Tuning,0.1950765423859944,0.8049234576140056
Ela_metadataset,SVM_RBF,0.8,Defaults,Tuning,0.19746071669817739,0.8025392833018226
Ela_metadataset,SVM_RBF,0.8,Defaults,Tuning,0.4428844385609684,0.5571155614390315
Ela_metadataset,SVM_RBF,0.8,Tuning,Tuning,0.13094545456257536,0.8690545454374246
Ela_metadataset,SVM_RBF,0.8,Defaults,Tuning,0.32182095633997543,0.6781790436600246
Ela_metadataset,SVM_RBF,0.8,Tuning,Tuning,0.285096465835949,0.7149035341640508
Ela_metadataset,SVM_RBF,0.8,Tuning,Tuning,0.13832223345711472,0.8616777665428852
Ela_metadataset,SVM_RBF,0.8,Defaults,Tuning,0.2266952981870636,0.7733047018129363
Ela_metadataset,SVM_RBF,0.8,Defaults,Tuning,0.23957286209508047,0.7604271379049197
Ela_metadataset,SVM_RBF,0.8,Tuning,Tuning,0.2447832923395819,0.755216707660418
Ela_metadataset,SVM_RBF,0.8,Tuning,Tuning,0.3335131798412588,0.6664868201587411
Ela_metadataset,SVM_RBF,0.8,Defaults,Tuning,0.46602744911335275,0.5339725508866473
Ela_metadataset,SVM_RBF,0.8,Tuning,Tuning,0.1196829471206436,0.8803170528793566
Ela_metadataset,SVM_RBF,0.8,Tuning,Tuning,0.4697628413481318,0.5302371586518682
Ela_metadataset,SVM_RBF,0.8,Tuning,Tuning,0.4919508782145146,0.5080491217854852
Ela_metadataset,SVM_RBF,0.8,Tuning,Tuning,0.2621527555554104,0.7378472444445897
Ela_metadataset,SVM_RBF,0.85,Tuning,Tuning,0.265737309222886,0.7342626907771139
Ela_metadataset,SVM_RBF,0.85,Tuning,Tuning,0.13292533751458824,0.8670746624854121
Ela_metadataset,SVM_RBF,0.85,Defaults,Defaults,0.6668158356567369,0.33318416434326326
Ela_metadataset,SVM_RBF,0.85,Tuning,Tuning,0.12424883659801113,0.8757511634019887
Ela_metadataset,SVM_RBF,0.85,Tuning,Tuning,0.05058617993859058,0.9494138200614095
Ela_metadataset,SVM_RBF,0.85,Tuning,Tuning,0.24045946747142272,0.7595405325285775
Ela_metadataset,SVM_RBF,0.85,Tuning,Tuning,0.06587270144260339,0.9341272985573965
Ela_metadataset,SVM_RBF,0.85,Defaults,Tuning,0.331529938348898,0.6684700616511019
Ela_metadataset,SVM_RBF,0.85,Defaults,Tuning,0.34962981753239186,0.6503701824676081
Ela_metadataset,SVM_RBF,0.85,Tuning,Tuning,0.25358313757320866,0.7464168624267913
Ela_metadataset,SVM_RBF,0.85,Tuning,Tuning,0.055129085298436034,0.9448709147015638
Ela_metadataset,SVM_RBF,0.85,Defaults,Tuning,0.3392941893550056,0.6607058106449945
Ela_metadataset,SVM_RBF,0.85,Tuning,Tuning,0.23663676543386006,0.76336323456614
Ela_metadataset,SVM_RBF,0.85,Tuning,Tuning,0.28931018769231437,0.7106898123076855
Ela_metadataset,SVM_RBF,0.85,Tuning,Tuning,0.28461039249472975,0.7153896075052701
Ela_metadataset,SVM_RBF,0.85,Tuning,Tuning,0.08801692904042585,0.9119830709595739
Ela_metadataset,SVM_RBF,0.85,Defaults,Defaults,0.6551578562994171,0.3448421437005829
Ela_metadataset,SVM_RBF,0.85,Tuning,Tuning,0.09318915803238766,0.9068108419676122
Ela_metadataset,SVM_RBF,0.85,Defaults,Tuning,0.44750547711739636,0.5524945228826038
Ela_metadataset,SVM_RBF,0.85,Tuning,Defaults,0.8295692772736875,0.17043072272631252
Ela_metadataset,SVM_RBF,0.85,Tuning,Tuning,0.3140879017518992,0.6859120982481007
Ela_metadataset,SVM_RBF,0.85,Defaults,Tuning,0.4470676579563958,0.5529323420436042
Ela_metadataset,SVM_RBF,0.85,Tuning,Defaults,0.8308378894335803,0.16916211056641964
Ela_metadataset,SVM_RBF,0.85,Tuning,Tuning,0.16832820435398047,0.8316717956460195
Ela_metadataset,SVM_RBF,0.85,Tuning,Tuning,0.10934410989913002,0.8906558901008699
Ela_metadataset,SVM_RBF,0.85,Tuning,Tuning,0.30048599269995385,0.6995140073000461
Ela_metadataset,SVM_RBF,0.85,Tuning,Tuning,0.07627903995259554,0.9237209600474044
Ela_metadataset,SVM_RBF,0.85,Tuning,Tuning,0.10232889034954096,0.8976711096504592
Ela_metadataset,SVM_RBF,0.85,Tuning,Tuning,0.06251638131149767,0.9374836186885024
Ela_metadataset,SVM_RBF,0.85,Tuning,Tuning,0.1387341336477994,0.8612658663522009
Ela_metadataset,SVM_RBF,0.85,Tuning,Tuning,0.16206775021504918,0.837932249784951
Ela_metadataset,SVM_RBF,0.85,Tuning,Tuning,0.06916987777830164,0.9308301222216984
Ela_metadataset,SVM_RBF,0.85,Defaults,Defaults,0.6391615242247691,0.3608384757752309
Ela_metadataset,SVM_RBF,0.85,Defaults,Tuning,0.4914719156300462,0.5085280843699537
Ela_metadataset,SVM_RBF,0.85,Tuning,Tuning,0.10390197414600638,0.8960980258539936
Ela_metadataset,SVM_RBF,0.85,Tuning,Tuning,0.2650676977091856,0.7349323022908145
Ela_metadataset,SVM_RBF,0.85,Tuning,Tuning,0.3852880077162926,0.6147119922837073
Ela_metadataset,SVM_RBF,0.85,Defaults,Tuning,0.34930200540203604,0.6506979945979638
Ela_metadataset,SVM_RBF,0.85,Tuning,Tuning,0.22918625580259283,0.7708137441974072
Ela_metadataset,SVM_RBF,0.85,Defaults,Tuning,0.43052529091334696,0.5694747090866529
Ela_metadataset,SVM_RBF,0.85,Tuning,Tuning,0.18938464778394978,0.8106153522160504
Ela_metadataset,SVM_RBF,0.85,Tuning,Tuning,0.09772831768573126,0.9022716823142688
Ela_metadataset,SVM_RBF,0.85,Tuning,Tuning,0.2584953465826344,0.7415046534173655
Ela_metadataset,SVM_RBF,0.85,Tuning,Tuning,0.14116618547407658,0.8588338145259232
Ela_metadataset,SVM_RBF,0.85,Tuning,Tuning,0.24263968767855387,0.7573603123214463
Ela_metadataset,SVM_RBF,0.85,Tuning,Tuning,0.17653935492871325,0.8234606450712869
Ela_metadataset,SVM_RBF,0.85,Tuning,Tuning,0.1995608619847115,0.8004391380152885
Ela_metadataset,SVM_RBF,0.85,Tuning,Tuning,0.11821417465891837,0.8817858253410817
Ela_metadataset,SVM_RBF,0.85,Tuning,Tuning,0.2887430265321483,0.7112569734678518
Ela_metadataset,SVM_RBF,0.85,Tuning,Tuning,0.12165252008403639,0.8783474799159635
Ela_metadataset,SVM_RBF,0.85,Defaults,Tuning,0.4209863180715162,0.5790136819284837
Ela_metadataset,SVM_RBF,0.85,Tuning,Tuning,0.1402762978068886,0.8597237021931111
Ela_metadataset,SVM_RBF,0.85,Tuning,Tuning,0.10106895450107552,0.8989310454989247
Ela_metadataset,SVM_RBF,0.85,Defaults,Tuning,0.1524902972304209,0.847509702769579
Ela_metadataset,SVM_RBF,0.85,Tuning,Tuning,0.36236694968000666,0.6376330503199932
Ela_metadataset,SVM_RBF,0.85,Tuning,Tuning,0.20626233762564672,0.7937376623743533
Ela_metadataset,SVM_RBF,0.85,Tuning,Tuning,0.10581079056903632,0.8941892094309637
Ela_metadataset,SVM_RBF,0.85,Tuning,Tuning,0.42786067276195633,0.5721393272380435
Ela_metadataset,SVM_RBF,0.85,Tuning,Tuning,0.28845821475126443,0.7115417852487357
Ela_metadataset,SVM_RBF,0.85,Tuning,Tuning,0.3589511874726938,0.6410488125273061
Ela_metadataset,SVM_RBF,0.85,Tuning,Tuning,0.19488442610036558,0.8051155738996343
Ela_metadataset,SVM_RBF,0.85,Tuning,Tuning,0.24734143067123765,0.7526585693287624
Ela_metadataset,SVM_RBF,0.85,Tuning,Tuning,0.15887408094546504,0.8411259190545349
Ela_metadataset,SVM_RBF,0.85,Defaults,Tuning,0.34365506603506546,0.6563449339649344
Ela_metadataset,SVM_RBF,0.85,Tuning,Tuning,0.39678538252286366,0.6032146174771363
Ela_metadataset,SVM_RBF,0.85,Defaults,Defaults,0.5225495967226499,0.4774504032773502
Ela_metadataset,SVM_RBF,0.85,Tuning,Tuning,0.20288420181047773,0.7971157981895222
Ela_metadataset,SVM_RBF,0.85,Tuning,Tuning,0.2089600153905833,0.7910399846094167
Ela_metadataset,SVM_RBF,0.85,Tuning,Tuning,0.2528026213894437,0.7471973786105565
Ela_metadataset,SVM_RBF,0.85,Tuning,Tuning,0.4461590262073917,0.5538409737926082
Ela_metadataset,SVM_RBF,0.85,Tuning,Tuning,0.3996018396777813,0.6003981603222186
Ela_metadataset,SVM_RBF,0.85,Defaults,Tuning,0.395815448921942,0.604184551078058
Ela_metadataset,SVM_RBF,0.85,Tuning,Tuning,0.3632951865568364,0.6367048134431635
Ela_metadataset,SVM_RBF,0.85,Defaults,Tuning,0.3409378704476186,0.6590621295523815
Ela_metadataset,SVM_RBF,0.85,Defaults,Tuning,0.4087948325603089,0.5912051674396912
Ela_metadataset,SVM_RBF,0.85,Defaults,Tuning,0.20235085289916654,0.7976491471008333
Ela_metadataset,SVM_RBF,0.85,Defaults,Tuning,0.3208546727280267,0.6791453272719734
Ela_metadataset,SVM_RBF,0.85,Tuning,Tuning,0.2178390080157365,0.7821609919842636
Ela_metadataset,SVM_RBF,0.85,Tuning,Tuning,0.24015766354657864,0.7598423364534215
Ela_metadataset,SVM_RBF,0.85,Tuning,Tuning,0.27228777579537367,0.7277122242046262
Ela_metadataset,SVM_RBF,0.85,Defaults,Tuning,0.32903180861054127,0.6709681913894587
Ela_metadataset,SVM_RBF,0.85,Defaults,Tuning,0.2508939823325127,0.7491060176674873
Ela_metadataset,SVM_RBF,0.85,Defaults,Tuning,0.3335281486233295,0.6664718513766704
Ela_metadataset,SVM_RBF,0.85,Defaults,Defaults,0.5481005617539795,0.4518994382460204
Ela_metadataset,SVM_RBF,0.85,Tuning,Tuning,0.48742181643469423,0.5125781835653057
Ela_metadataset,SVM_RBF,0.85,Tuning,Defaults,0.6359425653659557,0.3640574346340441
Ela_metadataset,SVM_RBF,0.85,Defaults,Defaults,0.6709089979965346,0.32909100200346536
Ela_metadataset,SVM_RBF,0.85,Tuning,Tuning,0.19113435333039186,0.8088656466696083
Ela_metadataset,SVM_RBF,0.85,Defaults,Tuning,0.29715835524864675,0.7028416447513531
Ela_metadataset,SVM_RBF,0.85,Tuning,Tuning,0.15980266715036479,0.8401973328496353
Ela_metadataset,SVM_RBF,0.85,Tuning,Tuning,0.24345399613039684,0.7565460038696032
Ela_metadataset,SVM_RBF,0.85,Defaults,Defaults,0.5243196387076341,0.47568036129236596
Ela_metadataset,SVM_RBF,0.85,Tuning,Tuning,0.2642624202931166,0.7357375797068835
Ela_metadataset,SVM_RBF,0.85,Defaults,Defaults,0.5858693680729519,0.4141306319270482
Ela_metadataset,SVM_RBF,0.85,Tuning,Tuning,0.24694300381598489,0.7530569961840152
Ela_metadataset,SVM_RBF,0.85,Tuning,Tuning,0.1441019388740853,0.8558980611259148
Ela_metadataset,SVM_RBF,0.85,Tuning,Tuning,0.2331281381406338,0.7668718618593663
Ela_metadataset,SVM_RBF,0.85,Defaults,Tuning,0.13812227082065043,0.8618777291793495
Ela_metadataset,SVM_RBF,0.85,Tuning,Tuning,0.10814319708684701,0.891856802913153
Ela_metadataset,SVM_RBF,0.85,Tuning,Tuning,0.2850350583837947,0.7149649416162054
Ela_metadataset,SVM_RBF,0.85,Tuning,Tuning,0.1144063543491161,0.8855936456508838
Ela_metadataset,SVM_RBF,0.85,Defaults,Tuning,0.17120979616227947,0.8287902038377205
Ela_metadataset,SVM_RBF,0.85,Tuning,Tuning,0.2572339946043587,0.7427660053956411
Ela_metadataset,SVM_RBF,0.85,Tuning,Tuning,0.2702032057671854,0.7297967942328148
Ela_metadataset,SVM_RBF,0.85,Tuning,Tuning,0.10781239235512698,0.8921876076448731
Ela_metadataset,SVM_RBF,0.85,Tuning,Tuning,0.12137080048310024,0.8786291995168998
Ela_metadataset,SVM_RBF,0.85,Tuning,Tuning,0.4777583692846517,0.5222416307153483
Ela_metadataset,SVM_RBF,0.85,Tuning,Tuning,0.22963830510802957,0.7703616948919704
Ela_metadataset,SVM_RBF,0.85,Tuning,Tuning,0.1497665809724058,0.8502334190275942
Ela_metadataset,SVM_RBF,0.85,Defaults,Tuning,0.27694743593813853,0.7230525640618614
Ela_metadataset,SVM_RBF,0.85,Tuning,Tuning,0.12475725964782193,0.875242740352178
Ela_metadataset,SVM_RBF,0.85,Tuning,Tuning,0.14562031614706283,0.8543796838529374
Ela_metadataset,SVM_RBF,0.85,Tuning,Tuning,0.20050951055590302,0.7994904894440971
Ela_metadataset,SVM_RBF,0.85,Tuning,Tuning,0.2144953093524392,0.7855046906475609
Ela_metadataset,SVM_RBF,0.85,Tuning,Tuning,0.2341797839221261,0.765820216077874
Ela_metadataset,SVM_RBF,0.85,Tuning,Tuning,0.20245575474842836,0.7975442452515719
Ela_metadataset,SVM_RBF,0.85,Tuning,Defaults,0.719736926143068,0.280263073856932
Ela_metadataset,SVM_RBF,0.85,Tuning,Tuning,0.2442636013980782,0.7557363986019217
Ela_metadataset,SVM_RBF,0.85,Defaults,Defaults,0.6511102166679151,0.3488897833320849
Ela_metadataset,SVM_RBF,0.85,Tuning,Tuning,0.10246647074878316,0.8975335292512168
Ela_metadataset,SVM_RBF,0.85,Defaults,Tuning,0.1376199955327165,0.8623800044672831
Ela_metadataset,SVM_RBF,0.85,Tuning,Tuning,0.05962243135337865,0.9403775686466214
Ela_metadataset,SVM_RBF,0.85,Tuning,Defaults,0.5718782821954981,0.42812171780450176
Ela_metadataset,SVM_RBF,0.85,Tuning,Tuning,0.18175794652503352,0.8182420534749665
Ela_metadataset,SVM_RBF,0.85,Tuning,Tuning,0.1356164888320917,0.8643835111679083
Ela_metadataset,SVM_RBF,0.85,Defaults,Tuning,0.23688494325894022,0.76311505674106
Ela_metadataset,SVM_RBF,0.85,Defaults,Tuning,0.3863874457385178,0.6136125542614822
Ela_metadataset,SVM_RBF,0.85,Tuning,Tuning,0.1678102023581472,0.8321897976418529
Ela_metadataset,SVM_RBF,0.85,Tuning,Tuning,0.15358074754450327,0.8464192524554967
Ela_metadataset,SVM_RBF,0.85,Tuning,Tuning,0.2159764267142779,0.7840235732857221
Ela_metadataset,SVM_RBF,0.85,Tuning,Tuning,0.1974285585490978,0.8025714414509021
Ela_metadataset,SVM_RBF,0.85,Tuning,Tuning,0.38799798904005106,0.612002010959949
Ela_metadataset,SVM_RBF,0.85,Tuning,Tuning,0.13378798659725694,0.8662120134027429
Ela_metadataset,SVM_RBF,0.85,Tuning,Tuning,0.13481917908374247,0.8651808209162574
Ela_metadataset,SVM_RBF,0.85,Tuning,Tuning,0.3487280064351723,0.6512719935648276
Ela_metadataset,SVM_RBF,0.85,Defaults,Tuning,0.21864517007216805,0.7813548299278321
Ela_metadataset,SVM_RBF,0.85,Tuning,Defaults,0.6163463652743388,0.38365363472566105
Ela_metadataset,SVM_RBF,0.85,Tuning,Tuning,0.2895044015119729,0.7104955984880272
Ela_metadataset,SVM_RBF,0.85,Tuning,Tuning,0.23107110668313063,0.7689288933168695
Ela_metadataset,SVM_RBF,0.85,Tuning,Tuning,0.4583433598558374,0.5416566401441627
Ela_metadataset,SVM_RBF,0.85,Defaults,Tuning,0.4318842522254018,0.5681157477745983
Ela_metadataset,SVM_RBF,0.85,Tuning,Tuning,0.16350465326029112,0.8364953467397089
Ela_metadataset,SVM_RBF,0.85,Tuning,Tuning,0.13072344998574342,0.8692765500142564
Ela_metadataset,SVM_RBF,0.85,Tuning,Tuning,0.1376827796997328,0.8623172203002674
Ela_metadataset,SVM_RBF,0.85,Defaults,Tuning,0.11654247395128284,0.8834575260487172
Ela_metadataset,SVM_RBF,0.85,Tuning,Tuning,0.19035406996533621,0.8096459300346638
Ela_metadataset,SVM_RBF,0.85,Tuning,Tuning,0.26886679385847956,0.7311332061415207
Ela_metadataset,SVM_RBF,0.85,Tuning,Tuning,0.14855411199146032,0.8514458880085397
Ela_metadataset,SVM_RBF,0.85,Defaults,Defaults,0.7275119661225606,0.2724880338774394
Ela_metadataset,SVM_RBF,0.85,Defaults,Defaults,0.5081187427884712,0.49188125721152876
Ela_metadataset,SVM_RBF,0.85,Tuning,Defaults,0.5,0.5
Ela_metadataset,SVM_RBF,0.85,Tuning,Tuning,0.18672455156733422,0.8132754484326657
Ela_metadataset,SVM_RBF,0.85,Tuning,Tuning,0.15343262538287458,0.8465673746171256
Ela_metadataset,SVM_RBF,0.85,Defaults,Tuning,0.206270913160815,0.7937290868391851
Ela_metadataset,SVM_RBF,0.85,Defaults,Tuning,0.1826219786097021,0.8173780213902976
Ela_metadataset,SVM_RBF,0.85,Defaults,Tuning,0.3938243907857517,0.6061756092142482
Ela_metadataset,SVM_RBF,0.85,Tuning,Tuning,0.15050713512016292,0.8494928648798371
Ela_metadataset,SVM_RBF,0.85,Defaults,Tuning,0.3395311904397163,0.6604688095602839
Ela_metadataset,SVM_RBF,0.85,Tuning,Tuning,0.25789729987790677,0.7421027001220932
Ela_metadataset,SVM_RBF,0.85,Tuning,Tuning,0.1204588387447112,0.8795411612552887
Ela_metadataset,SVM_RBF,0.85,Defaults,Tuning,0.23016125953279787,0.7698387404672022
Ela_metadataset,SVM_RBF,0.85,Defaults,Tuning,0.26036990608727495,0.7396300939127249
Ela_metadataset,SVM_RBF,0.85,Tuning,Tuning,0.2318283753405212,0.7681716246594787
Ela_metadataset,SVM_RBF,0.85,Tuning,Tuning,0.3455281264578758,0.6544718735421242
Ela_metadataset,SVM_RBF,0.85,Defaults,Tuning,0.42876218853825315,0.571237811461747
Ela_metadataset,SVM_RBF,0.85,Tuning,Tuning,0.11636440922107932,0.8836355907789206
Ela_metadataset,SVM_RBF,0.85,Tuning,Tuning,0.4833595284664335,0.5166404715335666
Ela_metadataset,SVM_RBF,0.85,Tuning,Defaults,0.5152261432360361,0.4847738567639639
Ela_metadataset,SVM_RBF,0.85,Tuning,Tuning,0.21159552611697932,0.7884044738830208
Ela_metadataset,SVM_RBF,0.9,Tuning,Tuning,0.27689335226365636,0.7231066477363435
Ela_metadataset,SVM_RBF,0.9,Tuning,Tuning,0.1491861839817565,0.8508138160182436
Ela_metadataset,SVM_RBF,0.9,Defaults,Defaults,0.6616791953758303,0.33832080462416975
Ela_metadataset,SVM_RBF,0.9,Tuning,Tuning,0.13165652581462747,0.8683434741853725
Ela_metadataset,SVM_RBF,0.9,Tuning,Tuning,0.052628620174188526,0.9473713798258113
Ela_metadataset,SVM_RBF,0.9,Tuning,Tuning,0.2403182418690402,0.7596817581309598
Ela_metadataset,SVM_RBF,0.9,Tuning,Tuning,0.07040090621406944,0.9295990937859305
Ela_metadataset,SVM_RBF,0.9,Defaults,Tuning,0.32529749610802433,0.6747025038919756
Ela_metadataset,SVM_RBF,0.9,Defaults,Tuning,0.34613986261378543,0.6538601373862146
Ela_metadataset,SVM_RBF,0.9,Tuning,Tuning,0.2495564190368346,0.7504435809631653
Ela_metadataset,SVM_RBF,0.9,Tuning,Tuning,0.057061419972705675,0.9429385800272942
Ela_metadataset,SVM_RBF,0.9,Defaults,Tuning,0.3169088666938354,0.6830911333061648
Ela_metadataset,SVM_RBF,0.9,Tuning,Tuning,0.2317153659113993,0.7682846340886007
Ela_metadataset,SVM_RBF,0.9,Tuning,Tuning,0.29148023531918354,0.7085197646808162
Ela_metadataset,SVM_RBF,0.9,Tuning,Tuning,0.27846385896961084,0.7215361410303894
Ela_metadataset,SVM_RBF,0.9,Tuning,Tuning,0.0893426863096261,0.9106573136903741
Ela_metadataset,SVM_RBF,0.9,Defaults,Defaults,0.6806967856820139,0.3193032143179863
Ela_metadataset,SVM_RBF,0.9,Tuning,Tuning,0.09568161676956188,0.904318383230438
Ela_metadataset,SVM_RBF,0.9,Defaults,Tuning,0.4743643813158643,0.5256356186841359
Ela_metadataset,SVM_RBF,0.9,Tuning,Defaults,0.7758758207344482,0.2241241792655517
Ela_metadataset,SVM_RBF,0.9,Tuning,Tuning,0.31086112467580895,0.6891388753241909
Ela_metadataset,SVM_RBF,0.9,Defaults,Tuning,0.4636041372497769,0.536395862750223
Ela_metadataset,SVM_RBF,0.9,Tuning,Defaults,0.8606409700493722,0.13935902995062757
Ela_metadataset,SVM_RBF,0.9,Tuning,Tuning,0.17458140348899676,0.8254185965110032
Ela_metadataset,SVM_RBF,0.9,Tuning,Tuning,0.10501972454756549,0.8949802754524345
Ela_metadataset,SVM_RBF,0.9,Tuning,Tuning,0.3145609151781319,0.6854390848218681
Ela_metadataset,SVM_RBF,0.9,Tuning,Tuning,0.07863835256193534,0.9213616474380647
Ela_metadataset,SVM_RBF,0.9,Tuning,Tuning,0.10629483323685229,0.8937051667631477
Ela_metadataset,SVM_RBF,0.9,Tuning,Tuning,0.0638958354111192,0.9361041645888807
Ela_metadataset,SVM_RBF,0.9,Tuning,Tuning,0.14897525071168502,0.851024749288315
Ela_metadataset,SVM_RBF,0.9,Tuning,Tuning,0.15100382446849206,0.848996175531508
Ela_metadataset,SVM_RBF,0.9,Tuning,Tuning,0.07318391168100274,0.9268160883189971
Ela_metadataset,SVM_RBF,0.9,Defaults,Defaults,0.5997307985531513,0.40026920144684885
Ela_metadataset,SVM_RBF,0.9,Defaults,Tuning,0.4515330543059533,0.5484669456940466
Ela_metadataset,SVM_RBF,0.9,Tuning,Tuning,0.11859233311279439,0.8814076668872055
Ela_metadataset,SVM_RBF,0.9,Tuning,Tuning,0.26877485339901147,0.7312251466009886
Ela_metadataset,SVM_RBF,0.9,Tuning,Tuning,0.40142128664204635,0.5985787133579537
Ela_metadataset,SVM_RBF,0.9,Defaults,Tuning,0.34760234093994213,0.652397659060058
Ela_metadataset,SVM_RBF,0.9,Tuning,Tuning,0.22400915237241684,0.7759908476275831
Ela_metadataset,SVM_RBF,0.9,Defaults,Tuning,0.45290977104770475,0.5470902289522953
Ela_metadataset,SVM_RBF,0.9,Tuning,Tuning,0.19668670238671868,0.8033132976132813
Ela_metadataset,SVM_RBF,0.9,Tuning,Tuning,0.10068278918295137,0.8993172108170485
Ela_metadataset,SVM_RBF,0.9,Tuning,Tuning,0.2542186074577372,0.7457813925422629
Ela_metadataset,SVM_RBF,0.9,Tuning,Tuning,0.15260803255592034,0.8473919674440797
Ela_metadataset,SVM_RBF,0.9,Tuning,Tuning,0.26851967203989613,0.7314803279601039
Ela_metadataset,SVM_RBF,0.9,Tuning,Tuning,0.1823871441132988,0.8176128558867013
Ela_metadataset,SVM_RBF,0.9,Tuning,Tuning,0.2011918969104162,0.7988081030895839
Ela_metadataset,SVM_RBF,0.9,Tuning,Tuning,0.12769316332671746,0.8723068366732826
Ela_metadataset,SVM_RBF,0.9,Tuning,Tuning,0.2831377307083603,0.7168622692916398
Ela_metadataset,SVM_RBF,0.9,Tuning,Tuning,0.12427011502744191,0.875729884972558
Ela_metadataset,SVM_RBF,0.9,Defaults,Tuning,0.42376190570139827,0.5762380942986017
Ela_metadataset,SVM_RBF,0.9,Tuning,Tuning,0.1323720327168497,0.8676279672831504
Ela_metadataset,SVM_RBF,0.9,Tuning,Tuning,0.10668657706592977,0.8933134229340702
Ela_metadataset,SVM_RBF,0.9,Defaults,Tuning,0.1472987639588487,0.8527012360411514
Ela_metadataset,SVM_RBF,0.9,Tuning,Tuning,0.3488259625094313,0.6511740374905687
Ela_metadataset,SVM_RBF,0.9,Tuning,Tuning,0.20623392592775244,0.7937660740722478
Ela_metadataset,SVM_RBF,0.9,Tuning,Tuning,0.11659429893868023,0.8834057010613197
Ela_metadataset,SVM_RBF,0.9,Tuning,Tuning,0.40550738494122507,0.594492615058775
Ela_metadataset,SVM_RBF,0.9,Tuning,Tuning,0.4092361022445209,0.5907638977554792
Ela_metadataset,SVM_RBF,0.9,Tuning,Tuning,0.3518740442659872,0.6481259557340129
Ela_metadataset,SVM_RBF,0.9,Tuning,Tuning,0.19994349427021507,0.8000565057297847
Ela_metadataset,SVM_RBF,0.9,Tuning,Tuning,0.2430346769524664,0.7569653230475335
Ela_metadataset,SVM_RBF,0.9,Tuning,Tuning,0.16341405360049385,0.8365859463995061
Ela_metadataset,SVM_RBF,0.9,Defaults,Tuning,0.3474562306144324,0.6525437693855677
Ela_metadataset,SVM_RBF,0.9,Tuning,Tuning,0.3981691343974862,0.6018308656025136
Ela_metadataset,SVM_RBF,0.9,Defaults,Defaults,0.5065962711378192,0.4934037288621808
Ela_metadataset,SVM_RBF,0.9,Tuning,Tuning,0.19121947685099183,0.8087805231490084
Ela_metadataset,SVM_RBF,0.9,Tuning,Tuning,0.22110093857893465,0.7788990614210652
Ela_metadataset,SVM_RBF,0.9,Tuning,Tuning,0.26029480653695514,0.7397051934630446
Ela_metadataset,SVM_RBF,0.9,Tuning,Tuning,0.4355773711136431,0.5644226288863571
Ela_metadataset,SVM_RBF,0.9,Tuning,Tuning,0.3821998075107049,0.6178001924892951
Ela_metadataset,SVM_RBF,0.9,Defaults,Tuning,0.36251405721601776,0.6374859427839823
Ela_metadataset,SVM_RBF,0.9,Tuning,Tuning,0.3545990483668377,0.6454009516331624
Ela_metadataset,SVM_RBF,0.9,Defaults,Tuning,0.3050442820066675,0.6949557179933324
Ela_metadataset,SVM_RBF,0.9,Defaults,Tuning,0.3696827150982904,0.6303172849017095
Ela_metadataset,SVM_RBF,0.9,Defaults,Tuning,0.18032766572314968,0.8196723342768506
Ela_metadataset,SVM_RBF,0.9,Defaults,Tuning,0.2983412690138328,0.7016587309861673
Ela_metadataset,SVM_RBF,0.9,Tuning,Tuning,0.21770581313538065,0.7822941868646194
Ela_metadataset,SVM_RBF,0.9,Tuning,Tuning,0.2824891419628222,0.717510858037178
Ela_metadataset,SVM_RBF,0.9,Tuning,Tuning,0.2772446287160862,0.7227553712839138
Ela_metadataset,SVM_RBF,0.9,Defaults,Tuning,0.3275016554442016,0.6724983445557983
Ela_metadataset,SVM_RBF,0.9,Defaults,Tuning,0.2456504351251789,0.754349564874821
Ela_metadataset,SVM_RBF,0.9,Defaults,Tuning,0.3114642400002349,0.6885357599997649
Ela_metadataset,SVM_RBF,0.9,Defaults,Defaults,0.5149948844934115,0.48500511550658837
Ela_metadataset,SVM_RBF,0.9,Tuning,Tuning,0.44832429727095635,0.5516757027290438
Ela_metadataset,SVM_RBF,0.9,Tuning,Defaults,0.6310605480636094,0.36893945193639077
Ela_metadataset,SVM_RBF,0.9,Defaults,Defaults,0.643967294835184,0.35603270516481605
Ela_metadataset,SVM_RBF,0.9,Tuning,Tuning,0.19033230269064674,0.8096676973093534
Ela_metadataset,SVM_RBF,0.9,Defaults,Tuning,0.26165218673856944,0.7383478132614305
Ela_metadataset,SVM_RBF,0.9,Tuning,Tuning,0.1554041353732594,0.8445958646267406
Ela_metadataset,SVM_RBF,0.9,Tuning,Tuning,0.25079149685374036,0.7492085031462594
Ela_metadataset,SVM_RBF,0.9,Defaults,Defaults,0.5127144986059808,0.4872855013940191
Ela_metadataset,SVM_RBF,0.9,Tuning,Tuning,0.271411405237118,0.7285885947628818
Ela_metadataset,SVM_RBF,0.9,Defaults,Defaults,0.593706678633087,0.4062933213669128
Ela_metadataset,SVM_RBF,0.9,Tuning,Tuning,0.25529900911718917,0.744700990882811
Ela_metadataset,SVM_RBF,0.9,Tuning,Tuning,0.16063299277239884,0.839367007227601
Ela_metadataset,SVM_RBF,0.9,Tuning,Tuning,0.23423131141697578,0.7657686885830243
Ela_metadataset,SVM_RBF,0.9,Defaults,Tuning,0.1518618325623307,0.8481381674376692
Ela_metadataset,SVM_RBF,0.9,Tuning,Tuning,0.11295880415639159,0.8870411958436084
Ela_metadataset,SVM_RBF,0.9,Tuning,Tuning,0.2635312888002163,0.7364687111997839
Ela_metadataset,SVM_RBF,0.9,Tuning,Tuning,0.1155634163113419,0.884436583688658
Ela_metadataset,SVM_RBF,0.9,Defaults,Tuning,0.14714153566462673,0.852858464335373
Ela_metadataset,SVM_RBF,0.9,Tuning,Tuning,0.2616611880340666,0.7383388119659334
Ela_metadataset,SVM_RBF,0.9,Tuning,Tuning,0.2669487771861735,0.7330512228138266
Ela_metadataset,SVM_RBF,0.9,Tuning,Tuning,0.11099984876799328,0.8890001512320067
Ela_metadataset,SVM_RBF,0.9,Tuning,Tuning,0.12580608039070978,0.8741939196092902
Ela_metadataset,SVM_RBF,0.9,Tuning,Tuning,0.45105317823068275,0.5489468217693172
Ela_metadataset,SVM_RBF,0.9,Tuning,Tuning,0.23008825073236017,0.7699117492676397
Ela_metadataset,SVM_RBF,0.9,Tuning,Tuning,0.14890981969989106,0.8510901803001091
Ela_metadataset,SVM_RBF,0.9,Defaults,Tuning,0.25870158764850404,0.741298412351496
Ela_metadataset,SVM_RBF,0.9,Tuning,Tuning,0.13374868438723433,0.8662513156127658
Ela_metadataset,SVM_RBF,0.9,Tuning,Tuning,0.1543748782690333,0.8456251217309666
Ela_metadataset,SVM_RBF,0.9,Tuning,Tuning,0.20250519756764324,0.7974948024323567
Ela_metadataset,SVM_RBF,0.9,Tuning,Tuning,0.21140455315417464,0.7885954468458255
Ela_metadataset,SVM_RBF,0.9,Tuning,Tuning,0.23814507793868878,0.7618549220613112
Ela_metadataset,SVM_RBF,0.9,Tuning,Tuning,0.23055573551544117,0.7694442644845588
Ela_metadataset,SVM_RBF,0.9,Tuning,Defaults,0.7027312952288296,0.29726870477117057
Ela_metadataset,SVM_RBF,0.9,Tuning,Tuning,0.23499254778723325,0.7650074522127668
Ela_metadataset,SVM_RBF,0.9,Defaults,Defaults,0.6444635324289174,0.35553646757108254
Ela_metadataset,SVM_RBF,0.9,Tuning,Tuning,0.10463393409629472,0.8953660659037055
Ela_metadataset,SVM_RBF,0.9,Defaults,Tuning,0.13602374811322904,0.8639762518867709
Ela_metadataset,SVM_RBF,0.9,Tuning,Tuning,0.06125687448096738,0.9387431255190326
Ela_metadataset,SVM_RBF,0.9,Tuning,Defaults,0.5446542444218494,0.45534575557815077
Ela_metadataset,SVM_RBF,0.9,Tuning,Tuning,0.19024418707259258,0.8097558129274076
Ela_metadataset,SVM_RBF,0.9,Tuning,Tuning,0.14834434719561485,0.8516556528043849
Ela_metadataset,SVM_RBF,0.9,Defaults,Tuning,0.23852341100772206,0.7614765889922779
Ela_metadataset,SVM_RBF,0.9,Defaults,Tuning,0.36650059126051154,0.6334994087394884
Ela_metadataset,SVM_RBF,0.9,Tuning,Tuning,0.16964151092143254,0.8303584890785674
Ela_metadataset,SVM_RBF,0.9,Tuning,Tuning,0.15988269649133677,0.8401173035086632
Ela_metadataset,SVM_RBF,0.9,Tuning,Tuning,0.2245985763783824,0.7754014236216176
Ela_metadataset,SVM_RBF,0.9,Tuning,Tuning,0.1926913950874705,0.8073086049125294
Ela_metadataset,SVM_RBF,0.9,Tuning,Tuning,0.37587925916946874,0.6241207408305313
Ela_metadataset,SVM_RBF,0.9,Tuning,Tuning,0.1497899469140827,0.8502100530859172
Ela_metadataset,SVM_RBF,0.9,Tuning,Tuning,0.1459655219492747,0.8540344780507253
Ela_metadataset,SVM_RBF,0.9,Tuning,Tuning,0.35079449877053787,0.649205501229462
Ela_metadataset,SVM_RBF,0.9,Defaults,Tuning,0.20435139952961778,0.7956486004703821
Ela_metadataset,SVM_RBF,0.9,Tuning,Defaults,0.5660539186189022,0.4339460813810978
Ela_metadataset,SVM_RBF,0.9,Tuning,Tuning,0.2975071969031519,0.7024928030968481
Ela_metadataset,SVM_RBF,0.9,Tuning,Tuning,0.22636010865480352,0.7736398913451964
Ela_metadataset,SVM_RBF,0.9,Tuning,Tuning,0.47642429283955473,0.5235757071604451
Ela_metadataset,SVM_RBF,0.9,Defaults,Tuning,0.4152170768326539,0.5847829231673459
Ela_metadataset,SVM_RBF,0.9,Tuning,Tuning,0.1710714215392751,0.8289285784607248
Ela_metadataset,SVM_RBF,0.9,Tuning,Tuning,0.12884749290822833,0.8711525070917718
Ela_metadataset,SVM_RBF,0.9,Tuning,Tuning,0.14191496787555227,0.8580850321244479
Ela_metadataset,SVM_RBF,0.9,Defaults,Tuning,0.12321890764208639,0.8767810923579137
Ela_metadataset,SVM_RBF,0.9,Tuning,Tuning,0.1990652667945284,0.8009347332054717
Ela_metadataset,SVM_RBF,0.9,Tuning,Tuning,0.25794064210329665,0.7420593578967034
Ela_metadataset,SVM_RBF,0.9,Tuning,Tuning,0.1575627671763417,0.8424372328236585
Ela_metadataset,SVM_RBF,0.9,Defaults,Defaults,0.7411936084174172,0.2588063915825826
Ela_metadataset,SVM_RBF,0.9,Defaults,Defaults,0.5051243509137672,0.4948756490862328
Ela_metadataset,SVM_RBF,0.9,Tuning,Tuning,0.46660119256999283,0.5333988074300071
Ela_metadataset,SVM_RBF,0.9,Tuning,Tuning,0.19941301497743869,0.8005869850225613
Ela_metadataset,SVM_RBF,0.9,Tuning,Tuning,0.14474285866404754,0.8552571413359524
Ela_metadataset,SVM_RBF,0.9,Defaults,Tuning,0.19579289724601867,0.8042071027539817
Ela_metadataset,SVM_RBF,0.9,Defaults,Tuning,0.1917056370188228,0.8082943629811772
Ela_metadataset,SVM_RBF,0.9,Defaults,Tuning,0.3795360880928062,0.6204639119071939
Ela_metadataset,SVM_RBF,0.9,Tuning,Tuning,0.1797848250413742,0.8202151749586258
Ela_metadataset,SVM_RBF,0.9,Defaults,Tuning,0.3387935478270984,0.6612064521729015
Ela_metadataset,SVM_RBF,0.9,Tuning,Tuning,0.24974699078203444,0.7502530092179653
Ela_metadataset,SVM_RBF,0.9,Tuning,Tuning,0.1277752446500773,0.8722247553499227
Ela_metadataset,SVM_RBF,0.9,Defaults,Tuning,0.24057093600973506,0.759429063990265
Ela_metadataset,SVM_RBF,0.9,Defaults,Tuning,0.2810088883494511,0.7189911116505491
Ela_metadataset,SVM_RBF,0.9,Tuning,Tuning,0.235646073043191,0.7643539269568091
Ela_metadataset,SVM_RBF,0.9,Tuning,Tuning,0.3774905589434752,0.6225094410565247
Ela_metadataset,SVM_RBF,0.9,Defaults,Tuning,0.4707762909566768,0.5292237090433232
Ela_metadataset,SVM_RBF,0.9,Tuning,Tuning,0.11985847471365745,0.8801415252863426
Ela_metadataset,SVM_RBF,0.9,Tuning,Tuning,0.49181995932129713,0.5081800406787029
Ela_metadataset,SVM_RBF,0.9,Tuning,Defaults,0.51582548709559,0.48417451290441016
Ela_metadataset,SVM_RBF,0.9,Tuning,Tuning,0.21429280941333498,0.785707190586665
Ela_metadataset,SVM_RBF,0.95,Tuning,Tuning,0.2660062427363028,0.7339937572636971
Ela_metadataset,SVM_RBF,0.95,Tuning,Tuning,0.11599742123871651,0.8840025787612836
Ela_metadataset,SVM_RBF,0.95,Defaults,Defaults,0.6604441129465475,0.3395558870534524
Ela_metadataset,SVM_RBF,0.95,Tuning,Tuning,0.12963057707130868,0.8703694229286915
Ela_metadataset,SVM_RBF,0.95,Tuning,Tuning,0.05188793108847963,0.9481120689115204
Ela_metadataset,SVM_RBF,0.95,Tuning,Tuning,0.2769795907563036,0.7230204092436967
Ela_metadataset,SVM_RBF,0.95,Tuning,Tuning,0.0621540433600266,0.9378459566399734
Ela_metadataset,SVM_RBF,0.95,Defaults,Tuning,0.32964498781613877,0.6703550121838612
Ela_metadataset,SVM_RBF,0.95,Defaults,Tuning,0.3672739766869985,0.6327260233130017
Ela_metadataset,SVM_RBF,0.95,Tuning,Tuning,0.23685732206966129,0.7631426779303386
Ela_metadataset,SVM_RBF,0.95,Tuning,Tuning,0.0534996147131346,0.9465003852868653
Ela_metadataset,SVM_RBF,0.95,Defaults,Tuning,0.3535395690111715,0.6464604309888287
Ela_metadataset,SVM_RBF,0.95,Tuning,Tuning,0.24199571053419636,0.7580042894658038
Ela_metadataset,SVM_RBF,0.95,Tuning,Tuning,0.32855044589174115,0.6714495541082589
Ela_metadataset,SVM_RBF,0.95,Tuning,Tuning,0.2799768613618381,0.7200231386381619
Ela_metadataset,SVM_RBF,0.95,Tuning,Tuning,0.08318176777247464,0.9168182322275253
Ela_metadataset,SVM_RBF,0.95,Defaults,Defaults,0.6282956052273836,0.37170439477261663
Ela_metadataset,SVM_RBF,0.95,Tuning,Tuning,0.09875900080258236,0.9012409991974177
Ela_metadataset,SVM_RBF,0.95,Defaults,Tuning,0.4345747899034307,0.5654252100965693
Ela_metadataset,SVM_RBF,0.95,Tuning,Defaults,0.799961043003264,0.20003895699673613
Ela_metadataset,SVM_RBF,0.95,Tuning,Tuning,0.29760902941669926,0.7023909705833007
Ela_metadataset,SVM_RBF,0.95,Defaults,Tuning,0.43569475480691633,0.5643052451930837
Ela_metadataset,SVM_RBF,0.95,Tuning,Defaults,0.861320214700245,0.13867978529975486
Ela_metadataset,SVM_RBF,0.95,Tuning,Tuning,0.1623099712260815,0.8376900287739185
Ela_metadataset,SVM_RBF,0.95,Tuning,Tuning,0.09937745233736144,0.9006225476626386
Ela_metadataset,SVM_RBF,0.95,Tuning,Tuning,0.3162890152134787,0.6837109847865214
Ela_metadataset,SVM_RBF,0.95,Tuning,Tuning,0.06903367625652454,0.9309663237434754
Ela_metadataset,SVM_RBF,0.95,Tuning,Tuning,0.10276935960414743,0.8972306403958525
Ela_metadataset,SVM_RBF,0.95,Tuning,Tuning,0.060667773449377,0.9393322265506232
Ela_metadataset,SVM_RBF,0.95,Tuning,Tuning,0.1467660072092955,0.8532339927907044
Ela_metadataset,SVM_RBF,0.95,Tuning,Tuning,0.15023641102786542,0.8497635889721344
Ela_metadataset,SVM_RBF,0.95,Tuning,Tuning,0.06701550790635163,0.9329844920936482
Ela_metadataset,SVM_RBF,0.95,Defaults,Defaults,0.6448183671708695,0.35518163282913046
Ela_metadataset,SVM_RBF,0.95,Defaults,Tuning,0.4677101621556548,0.5322898378443451
Ela_metadataset,SVM_RBF,0.95,Tuning,Tuning,0.09700283789024781,0.9029971621097521
Ela_metadataset,SVM_RBF,0.95,Tuning,Tuning,0.2191705716861998,0.7808294283138001
Ela_metadataset,SVM_RBF,0.95,Tuning,Tuning,0.3639300978402413,0.6360699021597587
Ela_metadataset,SVM_RBF,0.95,Defaults,Tuning,0.3723406429079054,0.6276593570920946
Ela_metadataset,SVM_RBF,0.95,Tuning,Tuning,0.22525843927298528,0.7747415607270146
Ela_metadataset,SVM_RBF,0.95,Defaults,Tuning,0.41967012591053515,0.5803298740894649
Ela_metadataset,SVM_RBF,0.95,Tuning,Tuning,0.1836675382103949,0.8163324617896053
Ela_metadataset,SVM_RBF,0.95,Tuning,Tuning,0.12068589832799344,0.8793141016720066
Ela_metadataset,SVM_RBF,0.95,Tuning,Tuning,0.25241693496196954,0.7475830650380304
Ela_metadataset,SVM_RBF,0.95,Tuning,Tuning,0.12590487382443163,0.8740951261755684
Ela_metadataset,SVM_RBF,0.95,Tuning,Tuning,0.2742716551726849,0.725728344827315
Ela_metadataset,SVM_RBF,0.95,Tuning,Tuning,0.17554592520880888,0.8244540747911913
Ela_metadataset,SVM_RBF,0.95,Tuning,Tuning,0.1984807153670944,0.8015192846329056
Ela_metadataset,SVM_RBF,0.95,Tuning,Tuning,0.11854990027876525,0.8814500997212349
Ela_metadataset,SVM_RBF,0.95,Tuning,Tuning,0.3269825423540087,0.6730174576459913
Ela_metadataset,SVM_RBF,0.95,Tuning,Tuning,0.09920259995873071,0.9007974000412692
Ela_metadataset,SVM_RBF,0.95,Defaults,Tuning,0.43576114240042313,0.5642388575995768
Ela_metadataset,SVM_RBF,0.95,Tuning,Tuning,0.1276399849034093,0.8723600150965907
Ela_metadataset,SVM_RBF,0.95,Tuning,Tuning,0.1113545225381194,0.8886454774618807
Ela_metadataset,SVM_RBF,0.95,Defaults,Tuning,0.11535378686497694,0.8846462131350231
Ela_metadataset,SVM_RBF,0.95,Tuning,Tuning,0.3770900278369939,0.6229099721630063
Ela_metadataset,SVM_RBF,0.95,Tuning,Tuning,0.2237164990790001,0.7762835009209997
Ela_metadataset,SVM_RBF,0.95,Tuning,Tuning,0.10541816845914474,0.8945818315408552
Ela_metadataset,SVM_RBF,0.95,Tuning,Tuning,0.4370892778772375,0.5629107221227624
Ela_metadataset,SVM_RBF,0.95,Tuning,Tuning,0.40867985730291195,0.5913201426970879
Ela_metadataset,SVM_RBF,0.95,Tuning,Tuning,0.3723379928027992,0.6276620071972009
Ela_metadataset,SVM_RBF,0.95,Tuning,Tuning,0.21610572026941732,0.7838942797305826
Ela_metadataset,SVM_RBF,0.95,Tuning,Tuning,0.21658151192084726,0.7834184880791527
Ela_metadataset,SVM_RBF,0.95,Tuning,Tuning,0.17837475301139238,0.8216252469886077
Ela_metadataset,SVM_RBF,0.95,Defaults,Tuning,0.38017240946138103,0.6198275905386191
Ela_metadataset,SVM_RBF,0.95,Tuning,Tuning,0.37166029035114334,0.6283397096488565
Ela_metadataset,SVM_RBF,0.95,Defaults,Tuning,0.49367498786651354,0.5063250121334864
Ela_metadataset,SVM_RBF,0.95,Tuning,Tuning,0.18887779690202539,0.8111222030979747
Ela_metadataset,SVM_RBF,0.95,Tuning,Tuning,0.2167252762622014,0.7832747237377987
Ela_metadataset,SVM_RBF,0.95,Tuning,Tuning,0.26614398417208013,0.7338560158279201
Ela_metadataset,SVM_RBF,0.95,Tuning,Tuning,0.4690272251639016,0.5309727748360984
Ela_metadataset,SVM_RBF,0.95,Tuning,Tuning,0.4193656713576923,0.5806343286423077
Ela_metadataset,SVM_RBF,0.95,Defaults,Tuning,0.37147748669476616,0.6285225133052338
Ela_metadataset,SVM_RBF,0.95,Tuning,Tuning,0.3619140853279052,0.6380859146720949
Ela_metadataset,SVM_RBF,0.95,Defaults,Tuning,0.313728263672323,0.6862717363276771
Ela_metadataset,SVM_RBF,0.95,Defaults,Tuning,0.3782004280601134,0.6217995719398864
Ela_metadataset,SVM_RBF,0.95,Defaults,Tuning,0.20300893643429513,0.7969910635657047
Ela_metadataset,SVM_RBF,0.95,Defaults,Tuning,0.32573168460076535,0.6742683153992346
Ela_metadataset,SVM_RBF,0.95,Tuning,Tuning,0.20881990087126237,0.7911800991287377
Ela_metadataset,SVM_RBF,0.95,Tuning,Tuning,0.28370676715753007,0.7162932328424702
Ela_metadataset,SVM_RBF,0.95,Tuning,Tuning,0.2823927775431716,0.7176072224568283
Ela_metadataset,SVM_RBF,0.95,Defaults,Tuning,0.32021817606447495,0.6797818239355249
Ela_metadataset,SVM_RBF,0.95,Defaults,Tuning,0.24942285861672062,0.7505771413832796
Ela_metadataset,SVM_RBF,0.95,Defaults,Tuning,0.35696078966989175,0.6430392103301082
Ela_metadataset,SVM_RBF,0.95,Defaults,Defaults,0.5375439668581833,0.4624560331418168
Ela_metadataset,SVM_RBF,0.95,Tuning,Tuning,0.4658974317167534,0.5341025682832468
Ela_metadataset,SVM_RBF,0.95,Tuning,Defaults,0.6718170990398066,0.32818290096019354
Ela_metadataset,SVM_RBF,0.95,Defaults,Defaults,0.6858937348064477,0.31410626519355245
Ela_metadataset,SVM_RBF,0.95,Tuning,Tuning,0.175641835575191,0.8243581644248091
Ela_metadataset,SVM_RBF,0.95,Defaults,Tuning,0.27960824594084216,0.7203917540591578
Ela_metadataset,SVM_RBF,0.95,Tuning,Tuning,0.15331865155882565,0.8466813484411745
Ela_metadataset,SVM_RBF,0.95,Tuning,Tuning,0.26675004018295506,0.7332499598170452
Ela_metadataset,SVM_RBF,0.95,Defaults,Defaults,0.5443698370120988,0.4556301629879011
Ela_metadataset,SVM_RBF,0.95,Tuning,Tuning,0.26531966858241496,0.734680331417585
Ela_metadataset,SVM_RBF,0.95,Defaults,Defaults,0.5984496920244663,0.4015503079755337
Ela_metadataset,SVM_RBF,0.95,Tuning,Tuning,0.243827367619155,0.7561726323808451
Ela_metadataset,SVM_RBF,0.95,Tuning,Tuning,0.13840766363464244,0.8615923363653576
Ela_metadataset,SVM_RBF,0.95,Tuning,Tuning,0.2438304833784031,0.7561695166215966
Ela_metadataset,SVM_RBF,0.95,Defaults,Tuning,0.14052884566522592,0.859471154334774
Ela_metadataset,SVM_RBF,0.95,Tuning,Tuning,0.10678370388569403,0.8932162961143062
Ela_metadataset,SVM_RBF,0.95,Tuning,Tuning,0.24517515407289356,0.7548248459271065
Ela_metadataset,SVM_RBF,0.95,Tuning,Tuning,0.11112462089004994,0.8888753791099498
Ela_metadataset,SVM_RBF,0.95,Defaults,Tuning,0.1335050679533095,0.8664949320466907
Ela_metadataset,SVM_RBF,0.95,Tuning,Tuning,0.25787928562517204,0.7421207143748277
Ela_metadataset,SVM_RBF,0.95,Tuning,Tuning,0.2748286340849305,0.7251713659150694
Ela_metadataset,SVM_RBF,0.95,Tuning,Tuning,0.10796916731115434,0.8920308326888458
Ela_metadataset,SVM_RBF,0.95,Tuning,Tuning,0.12300460201043995,0.87699539798956
Ela_metadataset,SVM_RBF,0.95,Tuning,Tuning,0.44662076854186206,0.5533792314581379
Ela_metadataset,SVM_RBF,0.95,Tuning,Tuning,0.2520542469266721,0.747945753073328
Ela_metadataset,SVM_RBF,0.95,Tuning,Tuning,0.14613101375809887,0.853868986241901
Ela_metadataset,SVM_RBF,0.95,Defaults,Tuning,0.2639807799105899,0.73601922008941
Ela_metadataset,SVM_RBF,0.95,Tuning,Tuning,0.14165883770180562,0.8583411622981945
Ela_metadataset,SVM_RBF,0.95,Tuning,Tuning,0.13297578792466674,0.8670242120753333
Ela_metadataset,SVM_RBF,0.95,Tuning,Tuning,0.19879912711015194,0.801200872889848
Ela_metadataset,SVM_RBF,0.95,Tuning,Tuning,0.21099728543396618,0.7890027145660337
Ela_metadataset,SVM_RBF,0.95,Tuning,Tuning,0.23983024209504009,0.7601697579049598
Ela_metadataset,SVM_RBF,0.95,Tuning,Tuning,0.2267261662870001,0.773273833713
Ela_metadataset,SVM_RBF,0.95,Tuning,Defaults,0.7393528700191181,0.2606471299808819
Ela_metadataset,SVM_RBF,0.95,Tuning,Tuning,0.25263910258624006,0.7473608974137597
Ela_metadataset,SVM_RBF,0.95,Defaults,Defaults,0.650995190577,0.349004809423
Ela_metadataset,SVM_RBF,0.95,Tuning,Tuning,0.10252007300911363,0.8974799269908861
Ela_metadataset,SVM_RBF,0.95,Defaults,Tuning,0.16103112617112195,0.8389688738288777
Ela_metadataset,SVM_RBF,0.95,Tuning,Tuning,0.05325668380581304,0.9467433161941872
Ela_metadataset,SVM_RBF,0.95,Tuning,Defaults,0.5498849352617912,0.45011506473820895
Ela_metadataset,SVM_RBF,0.95,Tuning,Tuning,0.18964278341762641,0.8103572165823735
Ela_metadataset,SVM_RBF,0.95,Tuning,Tuning,0.15406032048069934,0.8459396795193006
Ela_metadataset,SVM_RBF,0.95,Defaults,Tuning,0.22639993685367718,0.7736000631463229
Ela_metadataset,SVM_RBF,0.95,Defaults,Tuning,0.40042682681773784,0.5995731731822622
Ela_metadataset,SVM_RBF,0.95,Tuning,Tuning,0.15397095789543683,0.846029042104563
Ela_metadataset,SVM_RBF,0.95,Tuning,Tuning,0.1435874256386433,0.8564125743613568
Ela_metadataset,SVM_RBF,0.95,Tuning,Tuning,0.2158838830724683,0.7841161169275316
Ela_metadataset,SVM_RBF,0.95,Tuning,Tuning,0.1630388738193596,0.8369611261806401
Ela_metadataset,SVM_RBF,0.95,Tuning,Tuning,0.3744375271642648,0.625562472835735
Ela_metadataset,SVM_RBF,0.95,Tuning,Tuning,0.15904796126719206,0.8409520387328079
Ela_metadataset,SVM_RBF,0.95,Tuning,Tuning,0.13268007999507805,0.867319920004922
Ela_metadataset,SVM_RBF,0.95,Tuning,Tuning,0.3301481689373027,0.6698518310626975
Ela_metadataset,SVM_RBF,0.95,Defaults,Tuning,0.191610768587487,0.8083892314125127
Ela_metadataset,SVM_RBF,0.95,Tuning,Defaults,0.5417691177307069,0.4582308822692932
Ela_metadataset,SVM_RBF,0.95,Tuning,Tuning,0.29955081163708636,0.7004491883629138
Ela_metadataset,SVM_RBF,0.95,Tuning,Tuning,0.2193045029125033,0.7806954970874964
Ela_metadataset,SVM_RBF,0.95,Tuning,Tuning,0.45235934064016786,0.5476406593598321
Ela_metadataset,SVM_RBF,0.95,Defaults,Tuning,0.32222744403831116,0.6777725559616888
Ela_metadataset,SVM_RBF,0.95,Tuning,Tuning,0.17334005141619466,0.8266599485838053
Ela_metadataset,SVM_RBF,0.95,Tuning,Tuning,0.11064211552113637,0.8893578844788637
Ela_metadataset,SVM_RBF,0.95,Tuning,Tuning,0.13966254504682907,0.860337454953171
Ela_metadataset,SVM_RBF,0.95,Defaults,Tuning,0.12544696036541078,0.8745530396345892
Ela_metadataset,SVM_RBF,0.95,Tuning,Tuning,0.19091004104975284,0.8090899589502473
Ela_metadataset,SVM_RBF,0.95,Tuning,Tuning,0.2715611351527812,0.7284388648472189
Ela_metadataset,SVM_RBF,0.95,Tuning,Tuning,0.1521359525656341,0.8478640474343659
Ela_metadataset,SVM_RBF,0.95,Defaults,Defaults,0.682676803050781,0.3173231969492188
Ela_metadataset,SVM_RBF,0.95,Defaults,Defaults,0.5083561224794811,0.4916438775205191
Ela_metadataset,SVM_RBF,0.95,Tuning,Tuning,0.4649206147878376,0.5350793852121625
Ela_metadataset,SVM_RBF,0.95,Tuning,Tuning,0.20007473091057665,0.7999252690894234
Ela_metadataset,SVM_RBF,0.95,Tuning,Tuning,0.13226030342862408,0.8677396965713758
Ela_metadataset,SVM_RBF,0.95,Defaults,Tuning,0.18838316876031352,0.8116168312396865
Ela_metadataset,SVM_RBF,0.95,Defaults,Tuning,0.1734926895479367,0.8265073104520634
Ela_metadataset,SVM_RBF,0.95,Defaults,Tuning,0.4209679267186714,0.5790320732813287
Ela_metadataset,SVM_RBF,0.95,Tuning,Tuning,0.1545953141066668,0.8454046858933334
Ela_metadataset,SVM_RBF,0.95,Defaults,Tuning,0.36155725463853067,0.6384427453614693
Ela_metadataset,SVM_RBF,0.95,Tuning,Tuning,0.25147355902794555,0.7485264409720546
Ela_metadataset,SVM_RBF,0.95,Tuning,Tuning,0.12712594683958633,0.8728740531604137
Ela_metadataset,SVM_RBF,0.95,Defaults,Tuning,0.23451841389889022,0.7654815861011097
Ela_metadataset,SVM_RBF,0.95,Defaults,Tuning,0.2913301195944495,0.7086698804055506
Ela_metadataset,SVM_RBF,0.95,Tuning,Tuning,0.22342715767526697,0.7765728423247329
Ela_metadataset,SVM_RBF,0.95,Tuning,Tuning,0.3476543423440698,0.6523456576559299
Ela_metadataset,SVM_RBF,0.95,Defaults,Tuning,0.3885461019870782,0.6114538980129218
Ela_metadataset,SVM_RBF,0.95,Tuning,Tuning,0.10914983796081422,0.8908501620391858
Ela_metadataset,SVM_RBF,0.95,Tuning,Defaults,0.5062041238720711,0.49379587612792886
Ela_metadataset,SVM_RBF,0.95,Tuning,Defaults,0.5549791393203741,0.445020860679626
Ela_metadataset,SVM_RBF,0.95,Tuning,Tuning,0.19788038233812297,0.8021196176618768
Ela_metadataset,RandomForest,0.8,Tuning,Tuning,0.28,0.72
Ela_metadataset,RandomForest,0.8,Tuning,Tuning,0.23,0.77
Ela_metadataset,RandomForest,0.8,Defaults,Defaults,0.54,0.46
Ela_metadataset,RandomForest,0.8,Tuning,Tuning,0.19,0.81
Ela_metadataset,RandomForest,0.8,Tuning,Tuning,0.09,0.91
Ela_metadataset,RandomForest,0.8,Tuning,Tuning,0.37,0.63
Ela_metadataset,RandomForest,0.8,Tuning,Tuning,0.17,0.83
Ela_metadataset,RandomForest,0.8,Defaults,Tuning,0.13,0.87
Ela_metadataset,RandomForest,0.8,Defaults,Tuning,0.44,0.56
Ela_metadataset,RandomForest,0.8,Tuning,Tuning,0.25,0.75
Ela_metadataset,RandomForest,0.8,Tuning,Tuning,0.02,0.98
Ela_metadataset,RandomForest,0.8,Defaults,Defaults,0.63,0.37
Ela_metadataset,RandomForest,0.8,Tuning,Tuning,0.42,0.58
Ela_metadataset,RandomForest,0.8,Tuning,Tuning,0.34,0.66
Ela_metadataset,RandomForest,0.8,Tuning,Tuning,0.14,0.86
Ela_metadataset,RandomForest,0.8,Tuning,Tuning,0.03,0.97
Ela_metadataset,RandomForest,0.8,Defaults,Defaults,0.6,0.4
Ela_metadataset,RandomForest,0.8,Tuning,Tuning,0.13,0.87
Ela_metadataset,RandomForest,0.8,Defaults,Defaults,0.58,0.42
Ela_metadataset,RandomForest,0.8,Tuning,Defaults,0.71,0.29
Ela_metadataset,RandomForest,0.8,Tuning,Tuning,0.41,0.59
Ela_metadataset,RandomForest,0.8,Defaults,Defaults,0.65,0.35
Ela_metadataset,RandomForest,0.8,Tuning,Tuning,0.46,0.54
Ela_metadataset,RandomForest,0.8,Tuning,Tuning,0.21,0.79
Ela_metadataset,RandomForest,0.8,Tuning,Tuning,0.1,0.9
Ela_metadataset,RandomForest,0.8,Tuning,Tuning,0.33,0.67
Ela_metadataset,RandomForest,0.8,Tuning,Tuning,0.05,0.95
Ela_metadataset,RandomForest,0.8,Tuning,Tuning,0.19,0.81
Ela_metadataset,RandomForest,0.8,Tuning,Tuning,0.05,0.95
Ela_metadataset,RandomForest,0.8,Tuning,Tuning,0.12,0.88
Ela_metadataset,RandomForest,0.8,Tuning,Tuning,0.15,0.85
Ela_metadataset,RandomForest,0.8,Tuning,Tuning,0.01,0.99
Ela_metadataset,RandomForest,0.8,Defaults,Defaults,0.71,0.29
Ela_metadataset,RandomForest,0.8,Defaults,Defaults,0.57,0.43
Ela_metadataset,RandomForest,0.8,Tuning,Tuning,0.12,0.88
Ela_metadataset,RandomForest,0.8,Tuning,Tuning,0.4,0.6
Ela_metadataset,RandomForest,0.8,Tuning,Defaults,0.52,0.48
Ela_metadataset,RandomForest,0.8,Defaults,Tuning,0.48,0.52
Ela_metadataset,RandomForest,0.8,Tuning,Tuning,0.26,0.74
Ela_metadataset,RandomForest,0.8,Defaults,Tuning,0.37,0.63
Ela_metadataset,RandomForest,0.8,Tuning,Tuning,0.13,0.87
Ela_metadataset,RandomForest,0.8,Tuning,Tuning,0.07,0.93
Ela_metadataset,RandomForest,0.8,Tuning,Tuning,0.11,0.89
Ela_metadataset,RandomForest,0.8,Tuning,Tuning,0.13,0.87
Ela_metadataset,RandomForest,0.8,Tuning,Tuning,0.26,0.74
Ela_metadataset,RandomForest,0.8,Tuning,Tuning,0.11,0.89
Ela_metadataset,RandomForest,0.8,Tuning,Tuning,0.2,0.8
Ela_metadataset,RandomForest,0.8,Tuning,Tuning,0.1,0.9
Ela_metadataset,RandomForest,0.8,Tuning,Tuning,0.28,0.72
Ela_metadataset,RandomForest,0.8,Tuning,Tuning,0.19,0.81
Ela_metadataset,RandomForest,0.8,Defaults,Tuning,0.44,0.56
Ela_metadataset,RandomForest,0.8,Tuning,Tuning,0.29,0.71
Ela_metadataset,RandomForest,0.8,Tuning,Tuning,0.14,0.86
Ela_metadataset,RandomForest,0.8,Defaults,Tuning,0.06,0.94
Ela_metadataset,RandomForest,0.8,Tuning,Tuning,0.27,0.73
Ela_metadataset,RandomForest,0.8,Tuning,Tuning,0.23,0.77
Ela_metadataset,RandomForest,0.8,Tuning,Tuning,0.11,0.89
Ela_metadataset,RandomForest,0.8,Tuning,Defaults,0.59,0.41
Ela_metadataset,RandomForest,0.8,Tuning,Tuning,0.24,0.76
Ela_metadataset,RandomForest,0.8,Tuning,Tuning,0.19,0.81
Ela_metadataset,RandomForest,0.8,Tuning,Tuning,0.31,0.69
Ela_metadataset,RandomForest,0.8,Tuning,Tuning,0.17,0.83
Ela_metadataset,RandomForest,0.8,Tuning,Tuning,0.1,0.9
Ela_metadataset,RandomForest,0.8,Defaults,Tuning,0.24,0.76
Ela_metadataset,RandomForest,0.8,Tuning,Tuning,0.31,0.69
Ela_metadataset,RandomForest,0.8,Defaults,Tuning,0.45,0.55
Ela_metadataset,RandomForest,0.8,Tuning,Tuning,0.22,0.78
Ela_metadataset,RandomForest,0.8,Tuning,Tuning,0.22,0.78
Ela_metadataset,RandomForest,0.8,Tuning,Tuning,0.34,0.66
Ela_metadataset,RandomForest,0.8,Tuning,Tuning,0.43,0.57
Ela_metadataset,RandomForest,0.8,Tuning,Tuning,0.41,0.59
Ela_metadataset,RandomForest,0.8,Defaults,Tuning,0.24,0.76
Ela_metadataset,RandomForest,0.8,Tuning,Tuning,0.22,0.78
Ela_metadataset,RandomForest,0.8,Defaults,Defaults,0.5,0.5
Ela_metadataset,RandomForest,0.8,Defaults,Defaults,0.6,0.4
Ela_metadataset,RandomForest,0.8,Defaults,Defaults,0.5,0.5
Ela_metadataset,RandomForest,0.8,Defaults,Defaults,0.65,0.35
Ela_metadataset,RandomForest,0.8,Tuning,Tuning,0.22,0.78
Ela_metadataset,RandomForest,0.8,Tuning,Tuning,0.25,0.75
Ela_metadataset,RandomForest,0.8,Tuning,Tuning,0.09,0.91
Ela_metadataset,RandomForest,0.8,Defaults,Tuning,0.23,0.77
Ela_metadataset,RandomForest,0.8,Defaults,Tuning,0.31,0.69
Ela_metadataset,RandomForest,0.8,Defaults,Tuning,0.33,0.67
Ela_metadataset,RandomForest,0.8,Defaults,Defaults,0.74,0.26
Ela_metadataset,RandomForest,0.8,Tuning,Defaults,0.64,0.36
Ela_metadataset,RandomForest,0.8,Tuning,Defaults,0.54,0.46
Ela_metadataset,RandomForest,0.8,Defaults,Defaults,0.72,0.28
Ela_metadataset,RandomForest,0.8,Tuning,Tuning,0.19,0.81
Ela_metadataset,RandomForest,0.8,Defaults,Tuning,0.21,0.79
Ela_metadataset,RandomForest,0.8,Tuning,Tuning,0.22,0.78
Ela_metadataset,RandomForest,0.8,Tuning,Tuning,0.44,0.56
Ela_metadataset,RandomForest,0.8,Defaults,Tuning,0.37,0.63
Ela_metadataset,RandomForest,0.8,Tuning,Tuning,0.23,0.77
Ela_metadataset,RandomForest,0.8,Defaults,Tuning,0.48,0.52
Ela_metadataset,RandomForest,0.8,Tuning,Tuning,0.29,0.71
Ela_metadataset,RandomForest,0.8,Tuning,Tuning,0.17,0.83
Ela_metadataset,RandomForest,0.8,Tuning,Tuning,0.2,0.8
Ela_metadataset,RandomForest,0.8,Defaults,Tuning,0.21,0.79
Ela_metadataset,RandomForest,0.8,Tuning,Tuning,0.09,0.91
Ela_metadataset,RandomForest,0.8,Tuning,Tuning,0.32,0.68
Ela_metadataset,RandomForest,0.8,Tuning,Tuning,0.17,0.83
Ela_metadataset,RandomForest,0.8,Defaults,Tuning,0.06,0.94
Ela_metadataset,RandomForest,0.8,Tuning,Tuning,0.13,0.87
Ela_metadataset,RandomForest,0.8,Tuning,Tuning,0.32,0.68
Ela_metadataset,RandomForest,0.8,Tuning,Tuning,0.2,0.8
Ela_metadataset,RandomForest,0.8,Tuning,Tuning,0.09,0.91
Ela_metadataset,RandomForest,0.8,Tuning,Defaults,0.52,0.48
Ela_metadataset,RandomForest,0.8,Tuning,Tuning,0.16,0.84
Ela_metadataset,RandomForest,0.8,Tuning,Tuning,0.17,0.83
Ela_metadataset,RandomForest,0.8,Defaults,Tuning,0.3,0.7
Ela_metadataset,RandomForest,0.8,Tuning,Tuning,0.21,0.79
Ela_metadataset,RandomForest,0.8,Tuning,Tuning,0.07,0.93
Ela_metadataset,RandomForest,0.8,Tuning,Tuning,0.23,0.77
Ela_metadataset,RandomForest,0.8,Tuning,Tuning,0.23,0.77
Ela_metadataset,RandomForest,0.8,Tuning,Tuning,0.1,0.9
Ela_metadataset,RandomForest,0.8,Tuning,Tuning,0.14,0.86
Ela_metadataset,RandomForest,0.8,Tuning,Defaults,0.6,0.4
Ela_metadataset,RandomForest,0.8,Tuning,Tuning,0.33,0.67
Ela_metadataset,RandomForest,0.8,Defaults,Tuning,0.39,0.61
Ela_metadataset,RandomForest,0.8,Tuning,Tuning,0.2,0.8
Ela_metadataset,RandomForest,0.8,Defaults,Tuning,0.23,0.77
Ela_metadataset,RandomForest,0.8,Tuning,Tuning,0.04,0.96
Ela_metadataset,RandomForest,0.8,Tuning,Tuning,0.49,0.51
Ela_metadataset,RandomForest,0.8,Tuning,Tuning,0.11,0.89
Ela_metadataset,RandomForest,0.8,Tuning,Tuning,0.14,0.86
Ela_metadataset,RandomForest,0.8,Defaults,Tuning,0.27,0.73
Ela_metadataset,RandomForest,0.8,Defaults,Tuning,0.42,0.58
Ela_metadataset,RandomForest,0.8,Tuning,Tuning,0.23,0.77
Ela_metadataset,RandomForest,0.8,Tuning,Tuning,0.2,0.8
Ela_metadataset,RandomForest,0.8,Tuning,Tuning,0.14,0.86
Ela_metadataset,RandomForest,0.8,Tuning,Tuning,0.05,0.95
Ela_metadataset,RandomForest,0.8,Tuning,Tuning,0.35,0.65
Ela_metadataset,RandomForest,0.8,Tuning,Tuning,0.16,0.84
Ela_metadataset,RandomForest,0.8,Tuning,Tuning,0.25,0.75
Ela_metadataset,RandomForest,0.8,Tuning,Tuning,0.32,0.68
Ela_metadataset,RandomForest,0.8,Defaults,Tuning,0.27,0.73
Ela_metadataset,RandomForest,0.8,Tuning,Tuning,0.39,0.61
Ela_metadataset,RandomForest,0.8,Tuning,Tuning,0.46,0.54
Ela_metadataset,RandomForest,0.8,Tuning,Tuning,0.18,0.82
Ela_metadataset,RandomForest,0.8,Tuning,Tuning,0.39,0.61
Ela_metadataset,RandomForest,0.8,Defaults,Tuning,0.25,0.75
Ela_metadataset,RandomForest,0.8,Tuning,Tuning,0.17,0.83
Ela_metadataset,RandomForest,0.8,Tuning,Tuning,0.19,0.81
Ela_metadataset,RandomForest,0.8,Tuning,Tuning,0.1,0.9
Ela_metadataset,RandomForest,0.8,Defaults,Tuning,0.15,0.85
Ela_metadataset,RandomForest,0.8,Tuning,Tuning,0.26,0.74
Ela_metadataset,RandomForest,0.8,Tuning,Tuning,0.42,0.58
Ela_metadataset,RandomForest,0.8,Tuning,Tuning,0.2,0.8
Ela_metadataset,RandomForest,0.8,Defaults,Defaults,0.65,0.35
Ela_metadataset,RandomForest,0.8,Defaults,Defaults,0.55,0.45
Ela_metadataset,RandomForest,0.8,Tuning,Defaults,0.53,0.47
Ela_metadataset,RandomForest,0.8,Tuning,Tuning,0.17,0.83
Ela_metadataset,RandomForest,0.8,Tuning,Tuning,0.23,0.77
Ela_metadataset,RandomForest,0.8,Defaults,Tuning,0.4,0.6
Ela_metadataset,RandomForest,0.8,Defaults,Tuning,0.32,0.68
Ela_metadataset,RandomForest,0.8,Defaults,Defaults,0.55,0.45
Ela_metadataset,RandomForest,0.8,Tuning,Tuning,0.21,0.79
Ela_metadataset,RandomForest,0.8,Defaults,Defaults,0.5,0.5
Ela_metadataset,RandomForest,0.8,Tuning,Tuning,0.27,0.73
Ela_metadataset,RandomForest,0.8,Tuning,Tuning,0.21,0.79
Ela_metadataset,RandomForest,0.8,Defaults,Tuning,0.27,0.73
Ela_metadataset,RandomForest,0.8,Defaults,Tuning,0.29,0.71
Ela_metadataset,RandomForest,0.8,Tuning,Tuning,0.33,0.67
Ela_metadataset,RandomForest,0.8,Tuning,Tuning,0.34,0.66
Ela_metadataset,RandomForest,0.8,Defaults,Tuning,0.3,0.7
Ela_metadataset,RandomForest,0.8,Tuning,Tuning,0.09,0.91
Ela_metadataset,RandomForest,0.8,Tuning,Defaults,0.61,0.39
Ela_metadataset,RandomForest,0.8,Tuning,Defaults,0.51,0.49
Ela_metadataset,RandomForest,0.8,Tuning,Tuning,0.34,0.66
Ela_metadataset,RandomForest,0.85,Tuning,Tuning,0.19,0.81
Ela_metadataset,RandomForest,0.85,Tuning,Tuning,0.18,0.82
Ela_metadataset,RandomForest,0.85,Defaults,Defaults,0.62,0.38
Ela_metadataset,RandomForest,0.85,Tuning,Tuning,0.23,0.77
Ela_metadataset,RandomForest,0.85,Tuning,Tuning,0.02,0.98
Ela_metadataset,RandomForest,0.85,Tuning,Tuning,0.27,0.73
Ela_metadataset,RandomForest,0.85,Tuning,Tuning,0.15,0.85
Ela_metadataset,RandomForest,0.85,Defaults,Tuning,0.08,0.92
Ela_metadataset,RandomForest,0.85,Defaults,Tuning,0.44,0.56
Ela_metadataset,RandomForest,0.85,Tuning,Tuning,0.29,0.71
Ela_metadataset,RandomForest,0.85,Tuning,Tuning,0.02,0.98
Ela_metadataset,RandomForest,0.85,Defaults,Defaults,0.5,0.5
Ela_metadataset,RandomForest,0.85,Tuning,Tuning,0.47,0.53
Ela_metadataset,RandomForest,0.85,Tuning,Tuning,0.46,0.54
Ela_metadataset,RandomForest,0.85,Tuning,Tuning,0.12,0.88
Ela_metadataset,RandomForest,0.85,Tuning,Tuning,0.01,0.99
Ela_metadataset,RandomForest,0.85,Defaults,Defaults,0.65,0.35
Ela_metadataset,RandomForest,0.85,Tuning,Tuning,0.14,0.86
Ela_metadataset,RandomForest,0.85,Defaults,Defaults,0.55,0.45
Ela_metadataset,RandomForest,0.85,Tuning,Defaults,0.72,0.28
Ela_metadataset,RandomForest,0.85,Tuning,Tuning,0.38,0.62
Ela_metadataset,RandomForest,0.85,Defaults,Defaults,0.59,0.41
Ela_metadataset,RandomForest,0.85,Tuning,Defaults,0.66,0.34
Ela_metadataset,RandomForest,0.85,Tuning,Tuning,0.14,0.86
Ela_metadataset,RandomForest,0.85,Tuning,Tuning,0.2,0.8
Ela_metadataset,RandomForest,0.85,Tuning,Tuning,0.2,0.8
Ela_metadataset,RandomForest,0.85,Tuning,Tuning,0.06,0.94
Ela_metadataset,RandomForest,0.85,Tuning,Tuning,0.15,0.85
Ela_metadataset,RandomForest,0.85,Tuning,Tuning,0.03,0.97
Ela_metadataset,RandomForest,0.85,Tuning,Tuning,0.14,0.86
Ela_metadataset,RandomForest,0.85,Tuning,Tuning,0.14,0.86
Ela_metadataset,RandomForest,0.85,Tuning,Tuning,0.01,0.99
Ela_metadataset,RandomForest,0.85,Defaults,Defaults,0.74,0.26
Ela_metadataset,RandomForest,0.85,Defaults,Defaults,0.68,0.32
Ela_metadataset,RandomForest,0.85,Tuning,Tuning,0.15,0.85
Ela_metadataset,RandomForest,0.85,Tuning,Tuning,0.31,0.69
Ela_metadataset,RandomForest,0.85,Tuning,Tuning,0.42,0.58
Ela_metadataset,RandomForest,0.85,Defaults,Defaults,0.5,0.5
Ela_metadataset,RandomForest,0.85,Tuning,Tuning,0.21,0.79
Ela_metadataset,RandomForest,0.85,Defaults,Tuning,0.37,0.63
Ela_metadataset,RandomForest,0.85,Tuning,Tuning,0.11,0.89
Ela_metadataset,RandomForest,0.85,Tuning,Tuning,0.1,0.9
Ela_metadataset,RandomForest,0.85,Tuning,Tuning,0.16,0.84
Ela_metadataset,RandomForest,0.85,Tuning,Tuning,0.07,0.93
Ela_metadataset,RandomForest,0.85,Tuning,Tuning,0.28,0.72
Ela_metadataset,RandomForest,0.85,Tuning,Tuning,0.1,0.9
Ela_metadataset,RandomForest,0.85,Tuning,Tuning,0.26,0.74
Ela_metadataset,RandomForest,0.85,Tuning,Tuning,0.15,0.85
Ela_metadataset,RandomForest,0.85,Tuning,Tuning,0.29,0.71
Ela_metadataset,RandomForest,0.85,Tuning,Tuning,0.16,0.84
Ela_metadataset,RandomForest,0.85,Defaults,Tuning,0.41,0.59
Ela_metadataset,RandomForest,0.85,Tuning,Tuning,0.17,0.83
Ela_metadataset,RandomForest,0.85,Tuning,Tuning,0.05,0.95
Ela_metadataset,RandomForest,0.85,Defaults,Tuning,0.08,0.92
Ela_metadataset,RandomForest,0.85,Tuning,Tuning,0.32,0.68
Ela_metadataset,RandomForest,0.85,Tuning,Tuning,0.25,0.75
Ela_metadataset,RandomForest,0.85,Tuning,Tuning,0.11,0.89
Ela_metadataset,RandomForest,0.85,Tuning,Defaults,0.53,0.47
Ela_metadataset,RandomForest,0.85,Tuning,Tuning,0.23,0.77
Ela_metadataset,RandomForest,0.85,Tuning,Tuning,0.22,0.78
Ela_metadataset,RandomForest,0.85,Tuning,Tuning,0.36,0.64
Ela_metadataset,RandomForest,0.85,Tuning,Tuning,0.3,0.7
Ela_metadataset,RandomForest,0.85,Tuning,Tuning,0.15,0.85
Ela_metadataset,RandomForest,0.85,Defaults,Tuning,0.28,0.72
Ela_metadataset,RandomForest,0.85,Tuning,Tuning,0.38,0.62
Ela_metadataset,RandomForest,0.85,Defaults,Defaults,0.51,0.49
Ela_metadataset,RandomForest,0.85,Tuning,Tuning,0.22,0.78
Ela_metadataset,RandomForest,0.85,Tuning,Tuning,0.27,0.73
Ela_metadataset,RandomForest,0.85,Tuning,Tuning,0.24,0.76
Ela_metadataset,RandomForest,0.85,Tuning,Tuning,0.35,0.65
Ela_metadataset,RandomForest,0.85,Tuning,Tuning,0.48,0.52
Ela_metadataset,RandomForest,0.85,Defaults,Tuning,0.23,0.77
Ela_metadataset,RandomForest,0.85,Tuning,Tuning,0.25,0.75
Ela_metadataset,RandomForest,0.85,Defaults,Tuning,0.39,0.61
Ela_metadataset,RandomForest,0.85,Defaults,Defaults,0.62,0.38
Ela_metadataset,RandomForest,0.85,Defaults,Tuning,0.46,0.54
Ela_metadataset,RandomForest,0.85,Defaults,Defaults,0.75,0.25
Ela_metadataset,RandomForest,0.85,Tuning,Tuning,0.19,0.81
Ela_metadataset,RandomForest,0.85,Tuning,Tuning,0.21,0.79
Ela_metadataset,RandomForest,0.85,Tuning,Tuning,0.09,0.91
Ela_metadataset,RandomForest,0.85,Defaults,Tuning,0.36,0.64
Ela_metadataset,RandomForest,0.85,Defaults,Tuning,0.33,0.67
Ela_metadataset,RandomForest,0.85,Defaults,Tuning,0.37,0.63
Ela_metadataset,RandomForest,0.85,Defaults,Defaults,0.64,0.36
Ela_metadataset,RandomForest,0.85,Tuning,Defaults,0.57,0.43
Ela_metadataset,RandomForest,0.85,Tuning,Defaults,0.53,0.47
Ela_metadataset,RandomForest,0.85,Defaults,Defaults,0.75,0.25
Ela_metadataset,RandomForest,0.85,Tuning,Tuning,0.14,0.86
Ela_metadataset,RandomForest,0.85,Defaults,Tuning,0.21,0.79
Ela_metadataset,RandomForest,0.85,Tuning,Tuning,0.13,0.87
Ela_metadataset,RandomForest,0.85,Tuning,Tuning,0.35,0.65
Ela_metadataset,RandomForest,0.85,Defaults,Tuning,0.38,0.62
Ela_metadataset,RandomForest,0.85,Tuning,Tuning,0.16,0.84
Ela_metadataset,RandomForest,0.85,Defaults,Defaults,0.56,0.44
Ela_metadataset,RandomForest,0.85,Tuning,Tuning,0.25,0.75
Ela_metadataset,RandomForest,0.85,Tuning,Tuning,0.1,0.9
Ela_metadataset,RandomForest,0.85,Tuning,Tuning,0.21,0.79
Ela_metadataset,RandomForest,0.85,Defaults,Tuning,0.14,0.86
Ela_metadataset,RandomForest,0.85,Tuning,Tuning,0.07,0.93
Ela_metadataset,RandomForest,0.85,Tuning,Tuning,0.28,0.72
Ela_metadataset,RandomForest,0.85,Tuning,Tuning,0.15,0.85
Ela_metadataset,RandomForest,0.85,Defaults,Tuning,0.09,0.91
Ela_metadataset,RandomForest,0.85,Tuning,Tuning,0.07,0.93
Ela_metadataset,RandomForest,0.85,Tuning,Tuning,0.31,0.69
Ela_metadataset,RandomForest,0.85,Tuning,Tuning,0.22,0.78
Ela_metadataset,RandomForest,0.85,Tuning,Tuning,0.08,0.92
Ela_metadataset,RandomForest,0.85,Tuning,Tuning,0.47,0.53
Ela_metadataset,RandomForest,0.85,Tuning,Tuning,0.12,0.88
Ela_metadataset,RandomForest,0.85,Tuning,Tuning,0.21,0.79
Ela_metadataset,RandomForest,0.85,Defaults,Tuning,0.31,0.69
Ela_metadataset,RandomForest,0.85,Tuning,Tuning,0.14,0.86
Ela_metadataset,RandomForest,0.85,Tuning,Tuning,0.05,0.95
Ela_metadataset,RandomForest,0.85,Tuning,Tuning,0.17,0.83
Ela_metadataset,RandomForest,0.85,Tuning,Tuning,0.16,0.84
Ela_metadataset,RandomForest,0.85,Tuning,Tuning,0.1,0.9
Ela_metadataset,RandomForest,0.85,Tuning,Tuning,0.12,0.88
Ela_metadataset,RandomForest,0.85,Tuning,Defaults,0.62,0.38
Ela_metadataset,RandomForest,0.85,Tuning,Tuning,0.28,0.72
Ela_metadataset,RandomForest,0.85,Defaults,Tuning,0.49,0.51
Ela_metadataset,RandomForest,0.85,Tuning,Tuning,0.19,0.81
Ela_metadataset,RandomForest,0.85,Defaults,Tuning,0.24,0.76
Ela_metadataset,RandomForest,0.85,Tuning,Tuning,0.03,0.97
Ela_metadataset,RandomForest,0.85,Tuning,Tuning,0.38,0.62
Ela_metadataset,RandomForest,0.85,Tuning,Tuning,0.12,0.88
Ela_metadataset,RandomForest,0.85,Tuning,Tuning,0.2,0.8
Ela_metadataset,RandomForest,0.85,Defaults,Tuning,0.35,0.65
Ela_metadataset,RandomForest,0.85,Defaults,Defaults,0.5,0.5
Ela_metadataset,RandomForest,0.85,Tuning,Tuning,0.29,0.71
Ela_metadataset,RandomForest,0.85,Tuning,Tuning,0.26,0.74
Ela_metadataset,RandomForest,0.85,Tuning,Tuning,0.09,0.91
Ela_metadataset,RandomForest,0.85,Tuning,Tuning,0.05,0.95
Ela_metadataset,RandomForest,0.85,Tuning,Tuning,0.26,0.74
Ela_metadataset,RandomForest,0.85,Tuning,Tuning,0.19,0.81
Ela_metadataset,RandomForest,0.85,Tuning,Tuning,0.16,0.84
Ela_metadataset,RandomForest,0.85,Tuning,Tuning,0.39,0.61
Ela_metadataset,RandomForest,0.85,Defaults,Tuning,0.24,0.76
Ela_metadataset,RandomForest,0.85,Tuning,Defaults,0.58,0.42
Ela_metadataset,RandomForest,0.85,Tuning,Tuning,0.44,0.56
Ela_metadataset,RandomForest,0.85,Tuning,Tuning,0.22,0.78
Ela_metadataset,RandomForest,0.85,Tuning,Defaults,0.54,0.46
Ela_metadataset,RandomForest,0.85,Defaults,Tuning,0.34,0.66
Ela_metadataset,RandomForest,0.85,Tuning,Tuning,0.2,0.8
Ela_metadataset,RandomForest,0.85,Tuning,Tuning,0.23,0.77
Ela_metadataset,RandomForest,0.85,Tuning,Tuning,0.1,0.9
Ela_metadataset,RandomForest,0.85,Defaults,Tuning,0.07,0.93
Ela_metadataset,RandomForest,0.85,Tuning,Tuning,0.27,0.73
Ela_metadataset,RandomForest,0.85,Tuning,Tuning,0.47,0.53
Ela_metadataset,RandomForest,0.85,Tuning,Tuning,0.17,0.83
Ela_metadataset,RandomForest,0.85,Defaults,Defaults,0.71,0.29
Ela_metadataset,RandomForest,0.85,Defaults,Defaults,0.53,0.47
Ela_metadataset,RandomForest,0.85,Tuning,Defaults,0.53,0.47
Ela_metadataset,RandomForest,0.85,Tuning,Tuning,0.17,0.83
Ela_metadataset,RandomForest,0.85,Tuning,Tuning,0.3,0.7
Ela_metadataset,RandomForest,0.85,Defaults,Tuning,0.28,0.72
Ela_metadataset,RandomForest,0.85,Defaults,Tuning,0.19,0.81
Ela_metadataset,RandomForest,0.85,Defaults,Defaults,0.5,0.5
Ela_metadataset,RandomForest,0.85,Tuning,Tuning,0.19,0.81
Ela_metadataset,RandomForest,0.85,Defaults,Tuning,0.49,0.51
Ela_metadataset,RandomForest,0.85,Tuning,Tuning,0.31,0.69
Ela_metadataset,RandomForest,0.85,Tuning,Tuning,0.13,0.87
Ela_metadataset,RandomForest,0.85,Defaults,Tuning,0.21,0.79
Ela_metadataset,RandomForest,0.85,Defaults,Tuning,0.27,0.73
Ela_metadataset,RandomForest,0.85,Tuning,Tuning,0.37,0.63
Ela_metadataset,RandomForest,0.85,Tuning,Tuning,0.31,0.69
Ela_metadataset,RandomForest,0.85,Defaults,Tuning,0.34,0.66
Ela_metadataset,RandomForest,0.85,Tuning,Tuning,0.05,0.95
Ela_metadataset,RandomForest,0.85,Tuning,Defaults,0.59,0.41
Ela_metadataset,RandomForest,0.85,Tuning,Defaults,0.58,0.42
Ela_metadataset,RandomForest,0.85,Tuning,Tuning,0.21,0.79
Ela_metadataset,RandomForest,0.9,Tuning,Tuning,0.19,0.81
Ela_metadataset,RandomForest,0.9,Tuning,Tuning,0.19,0.81
Ela_metadataset,RandomForest,0.9,Defaults,Defaults,0.53,0.47
Ela_metadataset,RandomForest,0.9,Tuning,Tuning,0.24,0.76
Ela_metadataset,RandomForest,0.9,Tuning,Tuning,0.1,0.9
Ela_metadataset,RandomForest,0.9,Tuning,Tuning,0.29,0.71
Ela_metadataset,RandomForest,0.9,Tuning,Tuning,0.21,0.79
Ela_metadataset,RandomForest,0.9,Defaults,Tuning,0.08,0.92
Ela_metadataset,RandomForest,0.9,Defaults,Tuning,0.4,0.6
Ela_metadataset,RandomForest,0.9,Tuning,Tuning,0.25,0.75
Ela_metadataset,RandomForest,0.9,Tuning,Tuning,0.04,0.96
Ela_metadataset,RandomForest,0.9,Defaults,Defaults,0.62,0.38
Ela_metadataset,RandomForest,0.9,Tuning,Tuning,0.33,0.67
Ela_metadataset,RandomForest,0.9,Tuning,Tuning,0.43,0.57
Ela_metadataset,RandomForest,0.9,Tuning,Tuning,0.14,0.86
Ela_metadataset,RandomForest,0.9,Tuning,Tuning,0.05,0.95
Ela_metadataset,RandomForest,0.9,Defaults,Defaults,0.6,0.4
Ela_metadataset,RandomForest,0.9,Tuning,Tuning,0.11,0.89
Ela_metadataset,RandomForest,0.9,Defaults,Defaults,0.6,0.4
Ela_metadataset,RandomForest,0.9,Tuning,Defaults,0.74,0.26
Ela_metadataset,RandomForest,0.9,Tuning,Tuning,0.45,0.55
Ela_metadataset,RandomForest,0.9,Defaults,Defaults,0.5,0.5
Ela_metadataset,RandomForest,0.9,Tuning,Defaults,0.69,0.31
Ela_metadataset,RandomForest,0.9,Tuning,Tuning,0.14,0.86
Ela_metadataset,RandomForest,0.9,Tuning,Tuning,0.21,0.79
Ela_metadataset,RandomForest,0.9,Tuning,Tuning,0.25,0.75
Ela_metadataset,RandomForest,0.9,Tuning,Tuning,0.06,0.94
Ela_metadataset,RandomForest,0.9,Tuning,Tuning,0.18,0.82
Ela_metadataset,RandomForest,0.9,Tuning,Tuning,0.07,0.93
Ela_metadataset,RandomForest,0.9,Tuning,Tuning,0.12,0.88
Ela_metadataset,RandomForest,0.9,Tuning,Tuning,0.15,0.85
Ela_metadataset,RandomForest,0.9,Tuning,Tuning,0.06,0.94
Ela_metadataset,RandomForest,0.9,Defaults,Defaults,0.69,0.31
Ela_metadataset,RandomForest,0.9,Defaults,Defaults,0.63,0.37
Ela_metadataset,RandomForest,0.9,Tuning,Tuning,0.11,0.89
Ela_metadataset,RandomForest,0.9,Tuning,Tuning,0.32,0.68
Ela_metadataset,RandomForest,0.9,Tuning,Tuning,0.45,0.55
Ela_metadataset,RandomForest,0.9,Defaults,Defaults,0.59,0.41
Ela_metadataset,RandomForest,0.9,Tuning,Tuning,0.21,0.79
Ela_metadataset,RandomForest,0.9,Defaults,Tuning,0.42,0.58
Ela_metadataset,RandomForest,0.9,Tuning,Tuning,0.09,0.91
Ela_metadataset,RandomForest,0.9,Tuning,Tuning,0.08,0.92
Ela_metadataset,RandomForest,0.9,Tuning,Tuning,0.12,0.88
Ela_metadataset,RandomForest,0.9,Tuning,Tuning,0.09,0.91
Ela_metadataset,RandomForest,0.9,Tuning,Tuning,0.18,0.82
Ela_metadataset,RandomForest,0.9,Tuning,Tuning,0.11,0.89
Ela_metadataset,RandomForest,0.9,Tuning,Tuning,0.17,0.83
Ela_metadataset,RandomForest,0.9,Tuning,Tuning,0.15,0.85
Ela_metadataset,RandomForest,0.9,Tuning,Tuning,0.39,0.61
Ela_metadataset,RandomForest,0.9,Tuning,Tuning,0.1,0.9
Ela_metadataset,RandomForest,0.9,Defaults,Tuning,0.39,0.61
Ela_metadataset,RandomForest,0.9,Tuning,Tuning,0.15,0.85
Ela_metadataset,RandomForest,0.9,Tuning,Tuning,0.08,0.92
Ela_metadataset,RandomForest,0.9,Defaults,Tuning,0.1,0.9
Ela_metadataset,RandomForest,0.9,Tuning,Tuning,0.32,0.68
Ela_metadataset,RandomForest,0.9,Tuning,Tuning,0.26,0.74
Ela_metadataset,RandomForest,0.9,Tuning,Tuning,0.03,0.97
Ela_metadataset,RandomForest,0.9,Tuning,Defaults,0.63,0.37
Ela_metadataset,RandomForest,0.9,Tuning,Tuning,0.22,0.78
Ela_metadataset,RandomForest,0.9,Tuning,Tuning,0.18,0.82
Ela_metadataset,RandomForest,0.9,Tuning,Tuning,0.31,0.69
Ela_metadataset,RandomForest,0.9,Tuning,Tuning,0.35,0.65
Ela_metadataset,RandomForest,0.9,Tuning,Tuning,0.12,0.88
Ela_metadataset,RandomForest,0.9,Defaults,Tuning,0.22,0.78
Ela_metadataset,RandomForest,0.9,Tuning,Tuning,0.33,0.67
Ela_metadataset,RandomForest,0.9,Defaults,Defaults,0.57,0.43
Ela_metadataset,RandomForest,0.9,Tuning,Tuning,0.15,0.85
Ela_metadataset,RandomForest,0.9,Tuning,Tuning,0.23,0.77
Ela_metadataset,RandomForest,0.9,Tuning,Tuning,0.26,0.74
Ela_metadataset,RandomForest,0.9,Tuning,Tuning,0.44,0.56
Ela_metadataset,RandomForest,0.9,Tuning,Defaults,0.5,0.5
Ela_metadataset,RandomForest,0.9,Defaults,Tuning,0.25,0.75
Ela_metadataset,RandomForest,0.9,Tuning,Tuning,0.22,0.78
Ela_metadataset,RandomForest,0.9,Defaults,Defaults,0.53,0.47
Ela_metadataset,RandomForest,0.9,Defaults,Defaults,0.59,0.41
Ela_metadataset,RandomForest,0.9,Defaults,Tuning,0.48,0.52
Ela_metadataset,RandomForest,0.9,Defaults,Defaults,0.71,0.29
Ela_metadataset,RandomForest,0.9,Tuning,Tuning,0.22,0.78
Ela_metadataset,RandomForest,0.9,Tuning,Tuning,0.25,0.75
Ela_metadataset,RandomForest,0.9,Tuning,Tuning,0.11,0.89
Ela_metadataset,RandomForest,0.9,Defaults,Tuning,0.34,0.66
Ela_metadataset,RandomForest,0.9,Defaults,Tuning,0.38,0.62
Ela_metadataset,RandomForest,0.9,Defaults,Tuning,0.38,0.62
Ela_metadataset,RandomForest,0.9,Defaults,Defaults,0.61,0.39
Ela_metadataset,RandomForest,0.9,Tuning,Defaults,0.51,0.49
Ela_metadataset,RandomForest,0.9,Tuning,Defaults,0.56,0.44
Ela_metadataset,RandomForest,0.9,Defaults,Defaults,0.74,0.26
Ela_metadataset,RandomForest,0.9,Tuning,Tuning,0.17,0.83
Ela_metadataset,RandomForest,0.9,Defaults,Tuning,0.26,0.74
Ela_metadataset,RandomForest,0.9,Tuning,Tuning,0.27,0.73
Ela_metadataset,RandomForest,0.9,Tuning,Tuning,0.45,0.55
Ela_metadataset,RandomForest,0.9,Defaults,Tuning,0.34,0.66
Ela_metadataset,RandomForest,0.9,Tuning,Tuning,0.14,0.86
Ela_metadataset,RandomForest,0.9,Defaults,Defaults,0.63,0.37
Ela_metadataset,RandomForest,0.9,Tuning,Tuning,0.28,0.72
Ela_metadataset,RandomForest,0.9,Tuning,Tuning,0.06,0.94
Ela_metadataset,RandomForest,0.9,Tuning,Tuning,0.28,0.72
Ela_metadataset,RandomForest,0.9,Defaults,Tuning,0.14,0.86
Ela_metadataset,RandomForest,0.9,Tuning,Tuning,0.1,0.9
Ela_metadataset,RandomForest,0.9,Tuning,Tuning,0.26,0.74
Ela_metadataset,RandomForest,0.9,Tuning,Tuning,0.13,0.87
Ela_metadataset,RandomForest,0.9,Defaults,Tuning,0.04,0.96
Ela_metadataset,RandomForest,0.9,Tuning,Tuning,0.16,0.84
Ela_metadataset,RandomForest,0.9,Tuning,Tuning,0.33,0.67
Ela_metadataset,RandomForest,0.9,Tuning,Tuning,0.15,0.85
Ela_metadataset,RandomForest,0.9,Tuning,Tuning,0.11,0.89
Ela_metadataset,RandomForest,0.9,Tuning,Defaults,0.53,0.47
Ela_metadataset,RandomForest,0.9,Tuning,Tuning,0.15,0.85
Ela_metadataset,RandomForest,0.9,Tuning,Tuning,0.17,0.83
Ela_metadataset,RandomForest,0.9,Defaults,Tuning,0.27,0.73
Ela_metadataset,RandomForest,0.9,Tuning,Tuning,0.13,0.87
Ela_metadataset,RandomForest,0.9,Tuning,Tuning,0.07,0.93
Ela_metadataset,RandomForest,0.9,Tuning,Tuning,0.24,0.76
Ela_metadataset,RandomForest,0.9,Tuning,Tuning,0.22,0.78
Ela_metadataset,RandomForest,0.9,Tuning,Tuning,0.17,0.83
Ela_metadataset,RandomForest,0.9,Tuning,Tuning,0.14,0.86
Ela_metadataset,RandomForest,0.9,Tuning,Defaults,0.59,0.41
Ela_metadataset,RandomForest,0.9,Tuning,Tuning,0.4,0.6
Ela_metadataset,RandomForest,0.9,Defaults,Tuning,0.41,0.59
Ela_metadataset,RandomForest,0.9,Tuning,Tuning,0.24,0.76
Ela_metadataset,RandomForest,0.9,Defaults,Tuning,0.24,0.76
Ela_metadataset,RandomForest,0.9,Tuning,Tuning,0.05,0.95
Ela_metadataset,RandomForest,0.9,Tuning,Tuning,0.39,0.61
Ela_metadataset,RandomForest,0.9,Tuning,Tuning,0.09,0.91
Ela_metadataset,RandomForest,0.9,Tuning,Tuning,0.14,0.86
Ela_metadataset,RandomForest,0.9,Defaults,Tuning,0.29,0.71
Ela_metadataset,RandomForest,0.9,Defaults,Defaults,0.51,0.49
Ela_metadataset,RandomForest,0.9,Tuning,Tuning,0.23,0.77
Ela_metadataset,RandomForest,0.9,Tuning,Tuning,0.32,0.68
Ela_metadataset,RandomForest,0.9,Tuning,Tuning,0.11,0.89
Ela_metadataset,RandomForest,0.9,Tuning,Tuning,0.04,0.96
Ela_metadataset,RandomForest,0.9,Tuning,Tuning,0.41,0.59
Ela_metadataset,RandomForest,0.9,Tuning,Tuning,0.24,0.76
Ela_metadataset,RandomForest,0.9,Tuning,Tuning,0.14,0.86
Ela_metadataset,RandomForest,0.9,Tuning,Tuning,0.34,0.66
Ela_metadataset,RandomForest,0.9,Defaults,Tuning,0.25,0.75
Ela_metadataset,RandomForest,0.9,Tuning,Defaults,0.59,0.41
Ela_metadataset,RandomForest,0.9,Tuning,Defaults,0.5,0.5
Ela_metadataset,RandomForest,0.9,Tuning,Tuning,0.18,0.82
Ela_metadataset,RandomForest,0.9,Tuning,Defaults,0.58,0.42
Ela_metadataset,RandomForest,0.9,Defaults,Tuning,0.34,0.66
Ela_metadataset,RandomForest,0.9,Tuning,Tuning,0.19,0.81
Ela_metadataset,RandomForest,0.9,Tuning,Tuning,0.2,0.8
Ela_metadataset,RandomForest,0.9,Tuning,Tuning,0.08,0.92
Ela_metadataset,RandomForest,0.9,Defaults,Tuning,0.13,0.87
Ela_metadataset,RandomForest,0.9,Tuning,Tuning,0.32,0.68
Ela_metadataset,RandomForest,0.9,Tuning,Tuning,0.37,0.63
Ela_metadataset,RandomForest,0.9,Tuning,Tuning,0.19,0.81
Ela_metadataset,RandomForest,0.9,Defaults,Defaults,0.6,0.4
Ela_metadataset,RandomForest,0.9,Defaults,Tuning,0.48,0.52
Ela_metadataset,RandomForest,0.9,Tuning,Defaults,0.54,0.46
Ela_metadataset,RandomForest,0.9,Tuning,Tuning,0.13,0.87
Ela_metadataset,RandomForest,0.9,Tuning,Tuning,0.31,0.69
Ela_metadataset,RandomForest,0.9,Defaults,Tuning,0.26,0.74
Ela_metadataset,RandomForest,0.9,Defaults,Tuning,0.29,0.71
Ela_metadataset,RandomForest,0.9,Defaults,Defaults,0.53,0.47
Ela_metadataset,RandomForest,0.9,Tuning,Tuning,0.24,0.76
Ela_metadataset,RandomForest,0.9,Defaults,Tuning,0.42,0.58
Ela_metadataset,RandomForest,0.9,Tuning,Tuning,0.33,0.67
Ela_metadataset,RandomForest,0.9,Tuning,Tuning,0.1,0.9
Ela_metadataset,RandomForest,0.9,Defaults,Tuning,0.26,0.74
Ela_metadataset,RandomForest,0.9,Defaults,Tuning,0.2,0.8
Ela_metadataset,RandomForest,0.9,Tuning,Tuning,0.33,0.67
Ela_metadataset,RandomForest,0.9,Tuning,Tuning,0.4,0.6
Ela_metadataset,RandomForest,0.9,Defaults,Tuning,0.35,0.65
Ela_metadataset,RandomForest,0.9,Tuning,Tuning,0.12,0.88
Ela_metadataset,RandomForest,0.9,Tuning,Defaults,0.53,0.47
Ela_metadataset,RandomForest,0.9,Tuning,Defaults,0.63,0.37
Ela_metadataset,RandomForest,0.9,Tuning,Tuning,0.27,0.73
Ela_metadataset,RandomForest,0.95,Tuning,Tuning,0.19,0.81
Ela_metadataset,RandomForest,0.95,Tuning,Tuning,0.2,0.8
Ela_metadataset,RandomForest,0.95,Defaults,Defaults,0.64,0.36
Ela_metadataset,RandomForest,0.95,Tuning,Tuning,0.36,0.64
Ela_metadataset,RandomForest,0.95,Tuning,Tuning,0.03,0.97
Ela_metadataset,RandomForest,0.95,Tuning,Tuning,0.3,0.7
Ela_metadataset,RandomForest,0.95,Tuning,Tuning,0.11,0.89
Ela_metadataset,RandomForest,0.95,Defaults,Tuning,0.11,0.89
Ela_metadataset,RandomForest,0.95,Defaults,Defaults,0.54,0.46
Ela_metadataset,RandomForest,0.95,Tuning,Tuning,0.29,0.71
Ela_metadataset,RandomForest,0.95,Tuning,Tuning,0.01,0.99
Ela_metadataset,RandomForest,0.95,Defaults,Defaults,0.59,0.41
Ela_metadataset,RandomForest,0.95,Tuning,Tuning,0.19,0.81
Ela_metadataset,RandomForest,0.95,Tuning,Tuning,0.41,0.59
Ela_metadataset,RandomForest,0.95,Tuning,Tuning,0.13,0.87
Ela_metadataset,RandomForest,0.95,Tuning,Tuning,0.03,0.97
Ela_metadataset,RandomForest,0.95,Defaults,Defaults,0.55,0.45
Ela_metadataset,RandomForest,0.95,Tuning,Tuning,0.1,0.9
Ela_metadataset,RandomForest,0.95,Defaults,Tuning,0.42,0.58
Ela_metadataset,RandomForest,0.95,Tuning,Defaults,0.69,0.31
Ela_metadataset,RandomForest,0.95,Tuning,Tuning,0.47,0.53
Ela_metadataset,RandomForest,0.95,Defaults,Defaults,0.6,0.4
Ela_metadataset,RandomForest,0.95,Tuning,Defaults,0.74,0.26
Ela_metadataset,RandomForest,0.95,Tuning,Tuning,0.19,0.81
Ela_metadataset,RandomForest,0.95,Tuning,Tuning,0.23,0.77
Ela_metadataset,RandomForest,0.95,Tuning,Tuning,0.22,0.78
Ela_metadataset,RandomForest,0.95,Tuning,Tuning,0.07,0.93
Ela_metadataset,RandomForest,0.95,Tuning,Tuning,0.21,0.79
Ela_metadataset,RandomForest,0.95,Tuning,Tuning,0.0,1.0
Ela_metadataset,RandomForest,0.95,Tuning,Tuning,0.13,0.87
Ela_metadataset,RandomForest,0.95,Tuning,Tuning,0.16,0.84
Ela_metadataset,RandomForest,0.95,Tuning,Tuning,0.06,0.94
Ela_metadataset,RandomForest,0.95,Defaults,Defaults,0.75,0.25
Ela_metadataset,RandomForest,0.95,Defaults,Defaults,0.68,0.32
Ela_metadataset,RandomForest,0.95,Tuning,Tuning,0.03,0.97
Ela_metadataset,RandomForest,0.95,Tuning,Tuning,0.3,0.7
Ela_metadataset,RandomForest,0.95,Tuning,Tuning,0.46,0.54
Ela_metadataset,RandomForest,0.95,Defaults,Defaults,0.58,0.42
Ela_metadataset,RandomForest,0.95,Tuning,Tuning,0.17,0.83
Ela_metadataset,RandomForest,0.95,Defaults,Tuning,0.37,0.63
Ela_metadataset,RandomForest,0.95,Tuning,Tuning,0.09,0.91
Ela_metadataset,RandomForest,0.95,Tuning,Tuning,0.05,0.95
Ela_metadataset,RandomForest,0.95,Tuning,Tuning,0.19,0.81
Ela_metadataset,RandomForest,0.95,Tuning,Tuning,0.04,0.96
Ela_metadataset,RandomForest,0.95,Tuning,Tuning,0.24,0.76
Ela_metadataset,RandomForest,0.95,Tuning,Tuning,0.08,0.92
Ela_metadataset,RandomForest,0.95,Tuning,Tuning,0.21,0.79
Ela_metadataset,RandomForest,0.95,Tuning,Tuning,0.19,0.81
Ela_metadataset,RandomForest,0.95,Tuning,Tuning,0.31,0.69
Ela_metadataset,RandomForest,0.95,Tuning,Tuning,0.19,0.81
Ela_metadataset,RandomForest,0.95,Defaults,Tuning,0.47,0.53
Ela_metadataset,RandomForest,0.95,Tuning,Tuning,0.23,0.77
Ela_metadataset,RandomForest,0.95,Tuning,Tuning,0.08,0.92
Ela_metadataset,RandomForest,0.95,Defaults,Tuning,0.05,0.95
Ela_metadataset,RandomForest,0.95,Tuning,Tuning,0.28,0.72
Ela_metadataset,RandomForest,0.95,Tuning,Tuning,0.39,0.61
Ela_metadataset,RandomForest,0.95,Tuning,Tuning,0.11,0.89
Ela_metadataset,RandomForest,0.95,Tuning,Defaults,0.58,0.42
Ela_metadataset,RandomForest,0.95,Tuning,Tuning,0.19,0.81
Ela_metadataset,RandomForest,0.95,Tuning,Tuning,0.23,0.77
Ela_metadataset,RandomForest,0.95,Tuning,Tuning,0.37,0.63
Ela_metadataset,RandomForest,0.95,Tuning,Tuning,0.29,0.71
Ela_metadataset,RandomForest,0.95,Tuning,Tuning,0.05,0.95
Ela_metadataset,RandomForest,0.95,Defaults,Tuning,0.34,0.66
Ela_metadataset,RandomForest,0.95,Tuning,Tuning,0.27,0.73
Ela_metadataset,RandomForest,0.95,Defaults,Tuning,0.46,0.54
Ela_metadataset,RandomForest,0.95,Tuning,Tuning,0.15,0.85
Ela_metadataset,RandomForest,0.95,Tuning,Tuning,0.19,0.81
Ela_metadataset,RandomForest,0.95,Tuning,Tuning,0.21,0.79
Ela_metadataset,RandomForest,0.95,Tuning,Tuning,0.35,0.65
Ela_metadataset,RandomForest,0.95,Tuning,Defaults,0.56,0.44
Ela_metadataset,RandomForest,0.95,Defaults,Tuning,0.24,0.76
Ela_metadataset,RandomForest,0.95,Tuning,Tuning,0.32,0.68
Ela_metadataset,RandomForest,0.95,Defaults,Tuning,0.38,0.62
Ela_metadataset,RandomForest,0.95,Defaults,Defaults,0.52,0.48
Ela_metadataset,RandomForest,0.95,Defaults,Tuning,0.47,0.53
Ela_metadataset,RandomForest,0.95,Defaults,Defaults,0.65,0.35
Ela_metadataset,RandomForest,0.95,Tuning,Tuning,0.14,0.86
Ela_metadataset,RandomForest,0.95,Tuning,Tuning,0.2,0.8
Ela_metadataset,RandomForest,0.95,Tuning,Tuning,0.1,0.9
Ela_metadataset,RandomForest,0.95,Defaults,Tuning,0.35,0.65
Ela_metadataset,RandomForest,0.95,Defaults,Tuning,0.3,0.7
Ela_metadataset,RandomForest,0.95,Defaults,Tuning,0.46,0.54
Ela_metadataset,RandomForest,0.95,Defaults,Defaults,0.63,0.37
Ela_metadataset,RandomForest,0.95,Tuning,Tuning,0.39,0.61
Ela_metadataset,RandomForest,0.95,Tuning,Tuning,0.47,0.53
Ela_metadataset,RandomForest,0.95,Defaults,Defaults,0.76,0.24
Ela_metadataset,RandomForest,0.95,Tuning,Tuning,0.2,0.8
Ela_metadataset,RandomForest,0.95,Defaults,Tuning,0.4,0.6
Ela_metadataset,RandomForest,0.95,Tuning,Tuning,0.14,0.86
Ela_metadataset,RandomForest,0.95,Tuning,Tuning,0.45,0.55
Ela_metadataset,RandomForest,0.95,Defaults,Tuning,0.4,0.6
Ela_metadataset,RandomForest,0.95,Tuning,Tuning,0.27,0.73
Ela_metadataset,RandomForest,0.95,Defaults,Defaults,0.53,0.47
Ela_metadataset,RandomForest,0.95,Tuning,Tuning,0.23,0.77
Ela_metadataset,RandomForest,0.95,Tuning,Tuning,0.09,0.91
Ela_metadataset,RandomForest,0.95,Tuning,Tuning,0.37,0.63
Ela_metadataset,RandomForest,0.95,Defaults,Tuning,0.15,0.85
Ela_metadataset,RandomForest,0.95,Tuning,Tuning,0.09,0.91
Ela_metadataset,RandomForest,0.95,Tuning,Tuning,0.22,0.78
Ela_metadataset,RandomForest,0.95,Tuning,Tuning,0.18,0.82
Ela_metadataset,RandomForest,0.95,Defaults,Tuning,0.04,0.96
Ela_metadataset,RandomForest,0.95,Tuning,Tuning,0.14,0.86
Ela_metadataset,RandomForest,0.95,Tuning,Tuning,0.25,0.75
Ela_metadataset,RandomForest,0.95,Tuning,Tuning,0.22,0.78
Ela_metadataset,RandomForest,0.95,Tuning,Tuning,0.07,0.93
Ela_metadataset,RandomForest,0.95,Tuning,Tuning,0.38,0.62
Ela_metadataset,RandomForest,0.95,Tuning,Tuning,0.27,0.73
Ela_metadataset,RandomForest,0.95,Tuning,Tuning,0.12,0.88
Ela_metadataset,RandomForest,0.95,Defaults,Tuning,0.24,0.76
Ela_metadataset,RandomForest,0.95,Tuning,Tuning,0.19,0.81
Ela_metadataset,RandomForest,0.95,Tuning,Tuning,0.09,0.91
Ela_metadataset,RandomForest,0.95,Tuning,Tuning,0.29,0.71
Ela_metadataset,RandomForest,0.95,Tuning,Tuning,0.26,0.74
Ela_metadataset,RandomForest,0.95,Tuning,Tuning,0.17,0.83
Ela_metadataset,RandomForest,0.95,Tuning,Tuning,0.17,0.83
Ela_metadataset,RandomForest,0.95,Tuning,Defaults,0.5,0.5
Ela_metadataset,RandomForest,0.95,Tuning,Tuning,0.37,0.63
Ela_metadataset,RandomForest,0.95,Defaults,Tuning,0.46,0.54
Ela_metadataset,RandomForest,0.95,Tuning,Tuning,0.17,0.83
Ela_metadataset,RandomForest,0.95,Defaults,Tuning,0.27,0.73
Ela_metadataset,RandomForest,0.95,Tuning,Tuning,0.02,0.98
Ela_metadataset,RandomForest,0.95,Tuning,Tuning,0.43,0.57
Ela_metadataset,RandomForest,0.95,Tuning,Tuning,0.13,0.87
Ela_metadataset,RandomForest,0.95,Tuning,Tuning,0.2,0.8
Ela_metadataset,RandomForest,0.95,Defaults,Tuning,0.27,0.73
Ela_metadataset,RandomForest,0.95,Defaults,Defaults,0.53,0.47
Ela_metadataset,RandomForest,0.95,Tuning,Tuning,0.21,0.79
Ela_metadataset,RandomForest,0.95,Tuning,Tuning,0.2,0.8
Ela_metadataset,RandomForest,0.95,Tuning,Tuning,0.13,0.87
Ela_metadataset,RandomForest,0.95,Tuning,Tuning,0.02,0.98
Ela_metadataset,RandomForest,0.95,Tuning,Tuning,0.25,0.75
Ela_metadataset,RandomForest,0.95,Tuning,Tuning,0.14,0.86
Ela_metadataset,RandomForest,0.95,Tuning,Tuning,0.17,0.83
Ela_metadataset,RandomForest,0.95,Tuning,Tuning,0.3,0.7
Ela_metadataset,RandomForest,0.95,Defaults,Tuning,0.19,0.81
Ela_metadataset,RandomForest,0.95,Tuning,Defaults,0.55,0.45
Ela_metadataset,RandomForest,0.95,Tuning,Tuning,0.49,0.51
Ela_metadataset,RandomForest,0.95,Tuning,Tuning,0.21,0.79
Ela_metadataset,RandomForest,0.95,Tuning,Tuning,0.49,0.51
Ela_metadataset,RandomForest,0.95,Defaults,Tuning,0.29,0.71
Ela_metadataset,RandomForest,0.95,Tuning,Tuning,0.13,0.87
Ela_metadataset,RandomForest,0.95,Tuning,Tuning,0.15,0.85
Ela_metadataset,RandomForest,0.95,Tuning,Tuning,0.14,0.86
Ela_metadataset,RandomForest,0.95,Defaults,Tuning,0.08,0.92
Ela_metadataset,RandomForest,0.95,Tuning,Tuning,0.25,0.75
Ela_metadataset,RandomForest,0.95,Tuning,Tuning,0.49,0.51
Ela_metadataset,RandomForest,0.95,Tuning,Tuning,0.22,0.78
Ela_metadataset,RandomForest,0.95,Defaults,Defaults,0.6,0.4
Ela_metadataset,RandomForest,0.95,Defaults,Tuning,0.44,0.56
Ela_metadataset,RandomForest,0.95,Tuning,Defaults,0.67,0.33
Ela_metadataset,RandomForest,0.95,Tuning,Tuning,0.11,0.89
Ela_metadataset,RandomForest,0.95,Tuning,Tuning,0.32,0.68
Ela_metadataset,RandomForest,0.95,Defaults,Tuning,0.22,0.78
Ela_metadataset,RandomForest,0.95,Defaults,Tuning,0.39,0.61
Ela_metadataset,RandomForest,0.95,Defaults,Defaults,0.61,0.39
Ela_metadataset,RandomForest,0.95,Tuning,Tuning,0.18,0.82
Ela_metadataset,RandomForest,0.95,Defaults,Tuning,0.32,0.68
Ela_metadataset,RandomForest,0.95,Tuning,Tuning,0.18,0.82
Ela_metadataset,RandomForest,0.95,Tuning,Tuning,0.09,0.91
Ela_metadataset,RandomForest,0.95,Defaults,Tuning,0.29,0.71
Ela_metadataset,RandomForest,0.95,Defaults,Tuning,0.23,0.77
Ela_metadataset,RandomForest,0.95,Tuning,Tuning,0.41,0.59
Ela_metadataset,RandomForest,0.95,Tuning,Tuning,0.37,0.63
Ela_metadataset,RandomForest,0.95,Defaults,Tuning,0.34,0.66
Ela_metadataset,RandomForest,0.95,Tuning,Tuning,0.06,0.94
Ela_metadataset,RandomForest,0.95,Tuning,Defaults,0.51,0.49
Ela_metadataset,RandomForest,0.95,Tuning,Defaults,0.6,0.4
Ela_metadataset,RandomForest,0.95,Tuning,Tuning,0.21,0.79
Ela_metadataset,KNN,0.8,Tuning,Defaults,0.6,0.4
Ela_metadataset,KNN,0.8,Tuning,Tuning,0.4,0.6
Ela_metadataset,KNN,0.8,Defaults,Defaults,0.8,0.2
Ela_metadataset,KNN,0.8,Tuning,Tuning,0.4,0.6
Ela_metadataset,KNN,0.8,Tuning,Tuning,0.0,1.0
Ela_metadataset,KNN,0.8,Tuning,Tuning,0.2,0.8
Ela_metadataset,KNN,0.8,Tuning,Tuning,0.0,1.0
Ela_metadataset,KNN,0.8,Defaults,Tuning,0.4,0.6
Ela_metadataset,KNN,0.8,Defaults,Tuning,0.4,0.6
Ela_metadataset,KNN,0.8,Tuning,Tuning,0.2,0.8
Ela_metadataset,KNN,0.8,Tuning,Tuning,0.0,1.0
Ela_metadataset,KNN,0.8,Defaults,Tuning,0.4,0.6
Ela_metadataset,KNN,0.8,Tuning,Tuning,0.4,0.6
Ela_metadataset,KNN,0.8,Tuning,Tuning,0.2,0.8
Ela_metadataset,KNN,0.8,Tuning,Tuning,0.0,1.0
Ela_metadataset,KNN,0.8,Tuning,Tuning,0.0,1.0
Ela_metadataset,KNN,0.8,Defaults,Defaults,0.8,0.2
Ela_metadataset,KNN,0.8,Tuning,Tuning,0.0,1.0
Ela_metadataset,KNN,0.8,Defaults,Tuning,0.4,0.6
Ela_metadataset,KNN,0.8,Tuning,Defaults,0.8,0.2
Ela_metadataset,KNN,0.8,Tuning,Tuning,0.2,0.8
Ela_metadataset,KNN,0.8,Defaults,Tuning,0.2,0.8
Ela_metadataset,KNN,0.8,Tuning,Defaults,0.8,0.2
Ela_metadataset,KNN,0.8,Tuning,Tuning,0.0,1.0
Ela_metadataset,KNN,0.8,Tuning,Tuning,0.2,0.8
Ela_metadataset,KNN,0.8,Tuning,Defaults,0.6,0.4
Ela_metadataset,KNN,0.8,Tuning,Tuning,0.0,1.0
Ela_metadataset,KNN,0.8,Tuning,Tuning,0.0,1.0
Ela_metadataset,KNN,0.8,Tuning,Tuning,0.0,1.0
Ela_metadataset,KNN,0.8,Tuning,Tuning,0.4,0.6
Ela_metadataset,KNN,0.8,Tuning,Tuning,0.0,1.0
Ela_metadataset,KNN,0.8,Tuning,Tuning,0.0,1.0
Ela_metadataset,KNN,0.8,Defaults,Defaults,0.8,0.2
Ela_metadataset,KNN,0.8,Defaults,Tuning,0.4,0.6
Ela_metadataset,KNN,0.8,Tuning,Tuning,0.0,1.0
Ela_metadataset,KNN,0.8,Tuning,Tuning,0.2,0.8
Ela_metadataset,KNN,0.8,Tuning,Tuning,0.2,0.8
Ela_metadataset,KNN,0.8,Defaults,Tuning,0.4,0.6
Ela_metadataset,KNN,0.8,Tuning,Tuning,0.2,0.8
Ela_metadataset,KNN,0.8,Defaults,Tuning,0.4,0.6
Ela_metadataset,KNN,0.8,Tuning,Tuning,0.2,0.8
Ela_metadataset,KNN,0.8,Tuning,Tuning,0.0,1.0
Ela_metadataset,KNN,0.8,Tuning,Tuning,0.0,1.0
Ela_metadataset,KNN,0.8,Tuning,Tuning,0.0,1.0
Ela_metadataset,KNN,0.8,Tuning,Defaults,0.6,0.4
Ela_metadataset,KNN,0.8,Tuning,Tuning,0.4,0.6
Ela_metadataset,KNN,0.8,Tuning,Tuning,0.2,0.8
Ela_metadataset,KNN,0.8,Tuning,Tuning,0.2,0.8
Ela_metadataset,KNN,0.8,Tuning,Tuning,0.0,1.0
Ela_metadataset,KNN,0.8,Tuning,Tuning,0.2,0.8
Ela_metadataset,KNN,0.8,Defaults,Tuning,0.4,0.6
Ela_metadataset,KNN,0.8,Tuning,Tuning,0.4,0.6
Ela_metadataset,KNN,0.8,Tuning,Tuning,0.2,0.8
Ela_metadataset,KNN,0.8,Defaults,Tuning,0.4,0.6
Ela_metadataset,KNN,0.8,Tuning,Tuning,0.4,0.6
Ela_metadataset,KNN,0.8,Tuning,Tuning,0.4,0.6
Ela_metadataset,KNN,0.8,Tuning,Tuning,0.0,1.0
Ela_metadataset,KNN,0.8,Tuning,Defaults,0.8,0.2
Ela_metadataset,KNN,0.8,Tuning,Tuning,0.4,0.6
Ela_metadataset,KNN,0.8,Tuning,Tuning,0.0,1.0
Ela_metadataset,KNN,0.8,Tuning,Tuning,0.0,1.0
Ela_metadataset,KNN,0.8,Tuning,Tuning,0.4,0.6
Ela_metadataset,KNN,0.8,Tuning,Tuning,0.4,0.6
Ela_metadataset,KNN,0.8,Defaults,Tuning,0.4,0.6
Ela_metadataset,KNN,0.8,Tuning,Defaults,0.8,0.2
Ela_metadataset,KNN,0.8,Defaults,Tuning,0.4,0.6
Ela_metadataset,KNN,0.8,Tuning,Tuning,0.2,0.8
Ela_metadataset,KNN,0.8,Tuning,Tuning,0.2,0.8
Ela_metadataset,KNN,0.8,Tuning,Tuning,0.2,0.8
Ela_metadataset,KNN,0.8,Tuning,Defaults,0.6,0.4
Ela_metadataset,KNN,0.8,Tuning,Defaults,0.6,0.4
Ela_metadataset,KNN,0.8,Defaults,Tuning,0.4,0.6
Ela_metadataset,KNN,0.8,Tuning,Tuning,0.4,0.6
Ela_metadataset,KNN,0.8,Defaults,Defaults,0.6,0.4
Ela_metadataset,KNN,0.8,Defaults,Defaults,0.6,0.4
Ela_metadataset,KNN,0.8,Defaults,Tuning,0.4,0.6
Ela_metadataset,KNN,0.8,Defaults,Tuning,0.4,0.6
Ela_metadataset,KNN,0.8,Tuning,Tuning,0.4,0.6
Ela_metadataset,KNN,0.8,Tuning,Tuning,0.4,0.6
Ela_metadataset,KNN,0.8,Tuning,Tuning,0.2,0.8
Ela_metadataset,KNN,0.8,Defaults,Tuning,0.2,0.8
Ela_metadataset,KNN,0.8,Defaults,Tuning,0.0,1.0
Ela_metadataset,KNN,0.8,Defaults,Defaults,0.6,0.4
Ela_metadataset,KNN,0.8,Defaults,Defaults,0.6,0.4
Ela_metadataset,KNN,0.8,Tuning,Defaults,0.8,0.2
Ela_metadataset,KNN,0.8,Tuning,Tuning,0.4,0.6
Ela_metadataset,KNN,0.8,Defaults,Tuning,0.4,0.6
Ela_metadataset,KNN,0.8,Tuning,Tuning,0.2,0.8
Ela_metadataset,KNN,0.8,Defaults,Tuning,0.4,0.6
Ela_metadataset,KNN,0.8,Tuning,Tuning,0.2,0.8
Ela_metadataset,KNN,0.8,Tuning,Tuning,0.4,0.6
Ela_metadataset,KNN,0.8,Defaults,Tuning,0.4,0.6
Ela_metadataset,KNN,0.8,Tuning,Defaults,0.6,0.4
Ela_metadataset,KNN,0.8,Defaults,Defaults,0.6,0.4
Ela_metadataset,KNN,0.8,Tuning,Tuning,0.2,0.8
Ela_metadataset,KNN,0.8,Tuning,Tuning,0.2,0.8
Ela_metadataset,KNN,0.8,Tuning,Defaults,0.6,0.4
Ela_metadataset,KNN,0.8,Defaults,Tuning,0.2,0.8
Ela_metadataset,KNN,0.8,Tuning,Tuning,0.0,1.0
Ela_metadataset,KNN,0.8,Tuning,Tuning,0.0,1.0
Ela_metadataset,KNN,0.8,Tuning,Tuning,0.2,0.8
Ela_metadataset,KNN,0.8,Defaults,Tuning,0.0,1.0
Ela_metadataset,KNN,0.8,Tuning,Tuning,0.0,1.0
Ela_metadataset,KNN,0.8,Tuning,Defaults,0.6,0.4
Ela_metadataset,KNN,0.8,Tuning,Tuning,0.2,0.8
Ela_metadataset,KNN,0.8,Tuning,Tuning,0.0,1.0
Ela_metadataset,KNN,0.8,Tuning,Defaults,0.6,0.4
Ela_metadataset,KNN,0.8,Tuning,Tuning,0.4,0.6
Ela_metadataset,KNN,0.8,Tuning,Tuning,0.0,1.0
Ela_metadataset,KNN,0.8,Defaults,Tuning,0.4,0.6
Ela_metadataset,KNN,0.8,Tuning,Tuning,0.0,1.0
Ela_metadataset,KNN,0.8,Tuning,Tuning,0.4,0.6
Ela_metadataset,KNN,0.8,Tuning,Tuning,0.4,0.6
Ela_metadataset,KNN,0.8,Tuning,Defaults,0.8,0.2
Ela_metadataset,KNN,0.8,Tuning,Tuning,0.0,1.0
Ela_metadataset,KNN,0.8,Tuning,Tuning,0.2,0.8
Ela_metadataset,KNN,0.8,Tuning,Defaults,0.6,0.4
Ela_metadataset,KNN,0.8,Tuning,Tuning,0.2,0.8
Ela_metadataset,KNN,0.8,Defaults,Defaults,0.6,0.4
Ela_metadataset,KNN,0.8,Tuning,Tuning,0.0,1.0
Ela_metadataset,KNN,0.8,Defaults,Tuning,0.4,0.6
Ela_metadataset,KNN,0.8,Tuning,Tuning,0.0,1.0
Ela_metadataset,KNN,0.8,Tuning,Defaults,0.8,0.2
Ela_metadataset,KNN,0.8,Tuning,Tuning,0.2,0.8
Ela_metadataset,KNN,0.8,Tuning,Tuning,0.2,0.8
Ela_metadataset,KNN,0.8,Defaults,Tuning,0.2,0.8
Ela_metadataset,KNN,0.8,Defaults,Tuning,0.4,0.6
Ela_metadataset,KNN,0.8,Tuning,Defaults,0.6,0.4
Ela_metadataset,KNN,0.8,Tuning,Tuning,0.2,0.8
Ela_metadataset,KNN,0.8,Tuning,Tuning,0.4,0.6
Ela_metadataset,KNN,0.8,Tuning,Tuning,0.4,0.6
Ela_metadataset,KNN,0.8,Tuning,Defaults,0.8,0.2
Ela_metadataset,KNN,0.8,Tuning,Tuning,0.0,1.0
Ela_metadataset,KNN,0.8,Tuning,Tuning,0.4,0.6
Ela_metadataset,KNN,0.8,Tuning,Tuning,0.0,1.0
Ela_metadataset,KNN,0.8,Defaults,Tuning,0.2,0.8
Ela_metadataset,KNN,0.8,Tuning,Defaults,0.8,0.2
Ela_metadataset,KNN,0.8,Tuning,Tuning,0.4,0.6
Ela_metadataset,KNN,0.8,Tuning,Tuning,0.2,0.8
Ela_metadataset,KNN,0.8,Tuning,Defaults,0.6,0.4
Ela_metadataset,KNN,0.8,Defaults,Defaults,0.6,0.4
Ela_metadataset,KNN,0.8,Tuning,Tuning,0.4,0.6
Ela_metadataset,KNN,0.8,Tuning,Tuning,0.4,0.6
Ela_metadataset,KNN,0.8,Tuning,Tuning,0.0,1.0
Ela_metadataset,KNN,0.8,Defaults,Tuning,0.0,1.0
Ela_metadataset,KNN,0.8,Tuning,Tuning,0.4,0.6
Ela_metadataset,KNN,0.8,Tuning,Tuning,0.4,0.6
Ela_metadataset,KNN,0.8,Tuning,Tuning,0.0,1.0
Ela_metadataset,KNN,0.8,Defaults,Defaults,0.6,0.4
Ela_metadataset,KNN,0.8,Defaults,Tuning,0.4,0.6
Ela_metadataset,KNN,0.8,Tuning,Defaults,0.6,0.4
Ela_metadataset,KNN,0.8,Tuning,Tuning,0.2,0.8
Ela_metadataset,KNN,0.8,Tuning,Tuning,0.4,0.6
Ela_metadataset,KNN,0.8,Defaults,Tuning,0.0,1.0
Ela_metadataset,KNN,0.8,Defaults,Tuning,0.2,0.8
Ela_metadataset,KNN,0.8,Defaults,Defaults,0.8,0.2
Ela_metadataset,KNN,0.8,Tuning,Tuning,0.4,0.6
Ela_metadataset,KNN,0.8,Defaults,Tuning,0.2,0.8
Ela_metadataset,KNN,0.8,Tuning,Tuning,0.2,0.8
Ela_metadataset,KNN,0.8,Tuning,Tuning,0.2,0.8
Ela_metadataset,KNN,0.8,Defaults,Tuning,0.2,0.8
Ela_metadataset,KNN,0.8,Defaults,Tuning,0.2,0.8
Ela_metadataset,KNN,0.8,Tuning,Tuning,0.2,0.8
Ela_metadataset,KNN,0.8,Tuning,Tuning,0.2,0.8
Ela_metadataset,KNN,0.8,Defaults,Tuning,0.4,0.6
Ela_metadataset,KNN,0.8,Tuning,Tuning,0.2,0.8
Ela_metadataset,KNN,0.8,Tuning,Tuning,0.2,0.8
Ela_metadataset,KNN,0.8,Tuning,Defaults,0.6,0.4
Ela_metadataset,KNN,0.8,Tuning,Tuning,0.2,0.8
Ela_metadataset,KNN,0.85,Tuning,Defaults,0.6,0.4
Ela_metadataset,KNN,0.85,Tuning,Tuning,0.4,0.6
Ela_metadataset,KNN,0.85,Defaults,Defaults,0.8,0.2
Ela_metadataset,KNN,0.85,Tuning,Tuning,0.4,0.6
Ela_metadataset,KNN,0.85,Tuning,Tuning,0.0,1.0
Ela_metadataset,KNN,0.85,Tuning,Tuning,0.2,0.8
Ela_metadataset,KNN,0.85,Tuning,Tuning,0.0,1.0
Ela_metadataset,KNN,0.85,Defaults,Tuning,0.2,0.8
Ela_metadataset,KNN,0.85,Defaults,Tuning,0.4,0.6
Ela_metadataset,KNN,0.85,Tuning,Tuning,0.2,0.8
Ela_metadataset,KNN,0.85,Tuning,Tuning,0.0,1.0
Ela_metadataset,KNN,0.85,Defaults,Tuning,0.4,0.6
Ela_metadataset,KNN,0.85,Tuning,Tuning,0.2,0.8
Ela_metadataset,KNN,0.85,Tuning,Tuning,0.0,1.0
Ela_metadataset,KNN,0.85,Tuning,Tuning,0.0,1.0
Ela_metadataset,KNN,0.85,Tuning,Tuning,0.0,1.0
Ela_metadataset,KNN,0.85,Defaults,Defaults,0.6,0.4
Ela_metadataset,KNN,0.85,Tuning,Tuning,0.0,1.0
Ela_metadataset,KNN,0.85,Defaults,Tuning,0.4,0.6
Ela_metadataset,KNN,0.85,Tuning,Defaults,0.8,0.2
Ela_metadataset,KNN,0.85,Tuning,Tuning,0.2,0.8
Ela_metadataset,KNN,0.85,Defaults,Tuning,0.2,0.8
Ela_metadataset,KNN,0.85,Tuning,Defaults,1.0,0.0
Ela_metadataset,KNN,0.85,Tuning,Tuning,0.0,1.0
Ela_metadataset,KNN,0.85,Tuning,Tuning,0.2,0.8
Ela_metadataset,KNN,0.85,Tuning,Tuning,0.4,0.6
Ela_metadataset,KNN,0.85,Tuning,Tuning,0.0,1.0
Ela_metadataset,KNN,0.85,Tuning,Tuning,0.0,1.0
Ela_metadataset,KNN,0.85,Tuning,Tuning,0.0,1.0
Ela_metadataset,KNN,0.85,Tuning,Tuning,0.4,0.6
Ela_metadataset,KNN,0.85,Tuning,Tuning,0.0,1.0
Ela_metadataset,KNN,0.85,Tuning,Tuning,0.0,1.0
Ela_metadataset,KNN,0.85,Defaults,Defaults,0.8,0.2
Ela_metadataset,KNN,0.85,Defaults,Tuning,0.4,0.6
Ela_metadataset,KNN,0.85,Tuning,Tuning,0.0,1.0
Ela_metadataset,KNN,0.85,Tuning,Tuning,0.2,0.8
Ela_metadataset,KNN,0.85,Tuning,Tuning,0.2,0.8
Ela_metadataset,KNN,0.85,Defaults,Tuning,0.4,0.6
Ela_metadataset,KNN,0.85,Tuning,Tuning,0.2,0.8
Ela_metadataset,KNN,0.85,Defaults,Tuning,0.4,0.6
Ela_metadataset,KNN,0.85,Tuning,Tuning,0.0,1.0
Ela_metadataset,KNN,0.85,Tuning,Tuning,0.0,1.0
Ela_metadataset,KNN,0.85,Tuning,Tuning,0.0,1.0
Ela_metadataset,KNN,0.85,Tuning,Tuning,0.0,1.0
Ela_metadataset,KNN,0.85,Tuning,Tuning,0.4,0.6
Ela_metadataset,KNN,0.85,Tuning,Tuning,0.4,0.6
Ela_metadataset,KNN,0.85,Tuning,Tuning,0.2,0.8
Ela_metadataset,KNN,0.85,Tuning,Tuning,0.2,0.8
Ela_metadataset,KNN,0.85,Tuning,Tuning,0.0,1.0
Ela_metadataset,KNN,0.85,Tuning,Tuning,0.2,0.8
Ela_metadataset,KNN,0.85,Defaults,Tuning,0.4,0.6
Ela_metadataset,KNN,0.85,Tuning,Tuning,0.2,0.8
Ela_metadataset,KNN,0.85,Tuning,Tuning,0.2,0.8
Ela_metadataset,KNN,0.85,Defaults,Tuning,0.4,0.6
Ela_metadataset,KNN,0.85,Tuning,Tuning,0.4,0.6
Ela_metadataset,KNN,0.85,Tuning,Tuning,0.4,0.6
Ela_metadataset,KNN,0.85,Tuning,Tuning,0.0,1.0
Ela_metadataset,KNN,0.85,Tuning,Defaults,0.8,0.2
Ela_metadataset,KNN,0.85,Tuning,Tuning,0.4,0.6
Ela_metadataset,KNN,0.85,Tuning,Tuning,0.4,0.6
Ela_metadataset,KNN,0.85,Tuning,Tuning,0.0,1.0
Ela_metadataset,KNN,0.85,Tuning,Tuning,0.4,0.6
Ela_metadataset,KNN,0.85,Tuning,Tuning,0.2,0.8
Ela_metadataset,KNN,0.85,Defaults,Tuning,0.4,0.6
Ela_metadataset,KNN,0.85,Tuning,Defaults,0.8,0.2
Ela_metadataset,KNN,0.85,Defaults,Tuning,0.4,0.6
Ela_metadataset,KNN,0.85,Tuning,Tuning,0.2,0.8
Ela_metadataset,KNN,0.85,Tuning,Tuning,0.0,1.0
Ela_metadataset,KNN,0.85,Tuning,Tuning,0.2,0.8
Ela_metadataset,KNN,0.85,Tuning,Defaults,0.6,0.4
Ela_metadataset,KNN,0.85,Tuning,Defaults,0.6,0.4
Ela_metadataset,KNN,0.85,Defaults,Tuning,0.4,0.6
Ela_metadataset,KNN,0.85,Tuning,Tuning,0.4,0.6
Ela_metadataset,KNN,0.85,Defaults,Defaults,0.6,0.4
Ela_metadataset,KNN,0.85,Defaults,Defaults,0.6,0.4
Ela_metadataset,KNN,0.85,Defaults,Tuning,0.4,0.6
Ela_metadataset,KNN,0.85,Defaults,Tuning,0.4,0.6
Ela_metadataset,KNN,0.85,Tuning,Tuning,0.4,0.6
Ela_metadataset,KNN,0.85,Tuning,Tuning,0.4,0.6
Ela_metadataset,KNN,0.85,Tuning,Tuning,0.0,1.0
Ela_metadataset,KNN,0.85,Defaults,Tuning,0.2,0.8
Ela_metadataset,KNN,0.85,Defaults,Tuning,0.2,0.8
Ela_metadataset,KNN,0.85,Defaults,Defaults,0.6,0.4
Ela_metadataset,KNN,0.85,Defaults,Defaults,0.6,0.4
Ela_metadataset,KNN,0.85,Tuning,Defaults,0.8,0.2
Ela_metadataset,KNN,0.85,Tuning,Tuning,0.4,0.6
Ela_metadataset,KNN,0.85,Defaults,Defaults,0.6,0.4
Ela_metadataset,KNN,0.85,Tuning,Tuning,0.2,0.8
Ela_metadataset,KNN,0.85,Defaults,Tuning,0.4,0.6
Ela_metadataset,KNN,0.85,Tuning,Tuning,0.4,0.6
Ela_metadataset,KNN,0.85,Tuning,Tuning,0.4,0.6
Ela_metadataset,KNN,0.85,Defaults,Defaults,0.6,0.4
Ela_metadataset,KNN,0.85,Tuning,Defaults,0.6,0.4
Ela_metadataset,KNN,0.85,Defaults,Defaults,0.6,0.4
Ela_metadataset,KNN,0.85,Tuning,Tuning,0.2,0.8
Ela_metadataset,KNN,0.85,Tuning,Tuning,0.2,0.8
Ela_metadataset,KNN,0.85,Tuning,Defaults,0.8,0.2
Ela_metadataset,KNN,0.85,Defaults,Tuning,0.2,0.8
Ela_metadataset,KNN,0.85,Tuning,Tuning,0.0,1.0
Ela_metadataset,KNN,0.85,Tuning,Tuning,0.0,1.0
Ela_metadataset,KNN,0.85,Tuning,Tuning,0.2,0.8
Ela_metadataset,KNN,0.85,Defaults,Tuning,0.0,1.0
Ela_metadataset,KNN,0.85,Tuning,Tuning,0.0,1.0
Ela_metadataset,KNN,0.85,Tuning,Tuning,0.4,0.6
Ela_metadataset,KNN,0.85,Tuning,Tuning,0.2,0.8
Ela_metadataset,KNN,0.85,Tuning,Tuning,0.0,1.0
Ela_metadataset,KNN,0.85,Tuning,Defaults,0.8,0.2
Ela_metadataset,KNN,0.85,Tuning,Tuning,0.2,0.8
Ela_metadataset,KNN,0.85,Tuning,Tuning,0.0,1.0
Ela_metadataset,KNN,0.85,Defaults,Tuning,0.4,0.6
Ela_metadataset,KNN,0.85,Tuning,Tuning,0.0,1.0
Ela_metadataset,KNN,0.85,Tuning,Tuning,0.2,0.8
Ela_metadataset,KNN,0.85,Tuning,Tuning,0.4,0.6
Ela_metadataset,KNN,0.85,Tuning,Defaults,0.6,0.4
Ela_metadataset,KNN,0.85,Tuning,Tuning,0.0,1.0
Ela_metadataset,KNN,0.85,Tuning,Tuning,0.4,0.6
Ela_metadataset,KNN,0.85,Tuning,Defaults,0.6,0.4
Ela_metadataset,KNN,0.85,Tuning,Tuning,0.2,0.8
Ela_metadataset,KNN,0.85,Defaults,Defaults,0.8,0.2
Ela_metadataset,KNN,0.85,Tuning,Tuning,0.0,1.0
Ela_metadataset,KNN,0.85,Defaults,Tuning,0.4,0.6
Ela_metadataset,KNN,0.85,Tuning,Tuning,0.0,1.0
Ela_metadataset,KNN,0.85,Tuning,Defaults,0.8,0.2
Ela_metadataset,KNN,0.85,Tuning,Tuning,0.0,1.0
Ela_metadataset,KNN,0.85,Tuning,Tuning,0.2,0.8
Ela_metadataset,KNN,0.85,Defaults,Tuning,0.2,0.8
Ela_metadataset,KNN,0.85,Defaults,Tuning,0.4,0.6
Ela_metadataset,KNN,0.85,Tuning,Defaults,0.6,0.4
Ela_metadataset,KNN,0.85,Tuning,Tuning,0.4,0.6
Ela_metadataset,KNN,0.85,Tuning,Defaults,0.6,0.4
Ela_metadataset,KNN,0.85,Tuning,Tuning,0.4,0.6
Ela_metadataset,KNN,0.85,Tuning,Defaults,0.8,0.2
Ela_metadataset,KNN,0.85,Tuning,Tuning,0.0,1.0
Ela_metadataset,KNN,0.85,Tuning,Tuning,0.2,0.8
Ela_metadataset,KNN,0.85,Tuning,Tuning,0.0,1.0
Ela_metadataset,KNN,0.85,Defaults,Tuning,0.4,0.6
Ela_metadataset,KNN,0.85,Tuning,Defaults,0.8,0.2
Ela_metadataset,KNN,0.85,Tuning,Tuning,0.4,0.6
Ela_metadataset,KNN,0.85,Tuning,Tuning,0.2,0.8
Ela_metadataset,KNN,0.85,Tuning,Defaults,0.8,0.2
Ela_metadataset,KNN,0.85,Defaults,Defaults,0.8,0.2
Ela_metadataset,KNN,0.85,Tuning,Tuning,0.4,0.6
Ela_metadataset,KNN,0.85,Tuning,Tuning,0.4,0.6
Ela_metadataset,KNN,0.85,Tuning,Tuning,0.0,1.0
Ela_metadataset,KNN,0.85,Defaults,Tuning,0.0,1.0
Ela_metadataset,KNN,0.85,Tuning,Defaults,0.6,0.4
Ela_metadataset,KNN,0.85,Tuning,Tuning,0.2,0.8
Ela_metadataset,KNN,0.85,Tuning,Tuning,0.0,1.0
Ela_metadataset,KNN,0.85,Defaults,Defaults,0.6,0.4
Ela_metadataset,KNN,0.85,Defaults,Defaults,0.6,0.4
Ela_metadataset,KNN,0.85,Tuning,Defaults,0.6,0.4
Ela_metadataset,KNN,0.85,Tuning,Tuning,0.2,0.8
Ela_metadataset,KNN,0.85,Tuning,Tuning,0.2,0.8
Ela_metadataset,KNN,0.85,Defaults,Tuning,0.0,1.0
Ela_metadataset,KNN,0.85,Defaults,Tuning,0.2,0.8
Ela_metadataset,KNN,0.85,Defaults,Tuning,0.4,0.6
Ela_metadataset,KNN,0.85,Tuning,Tuning,0.4,0.6
Ela_metadataset,KNN,0.85,Defaults,Tuning,0.0,1.0
Ela_metadataset,KNN,0.85,Tuning,Tuning,0.4,0.6
Ela_metadataset,KNN,0.85,Tuning,Tuning,0.2,0.8
Ela_metadataset,KNN,0.85,Defaults,Tuning,0.2,0.8
Ela_metadataset,KNN,0.85,Defaults,Tuning,0.2,0.8
Ela_metadataset,KNN,0.85,Tuning,Tuning,0.2,0.8
Ela_metadataset,KNN,0.85,Tuning,Tuning,0.2,0.8
Ela_metadataset,KNN,0.85,Defaults,Tuning,0.4,0.6
Ela_metadataset,KNN,0.85,Tuning,Tuning,0.2,0.8
Ela_metadataset,KNN,0.85,Tuning,Tuning,0.4,0.6
Ela_metadataset,KNN,0.85,Tuning,Defaults,0.6,0.4
Ela_metadataset,KNN,0.85,Tuning,Tuning,0.2,0.8
Ela_metadataset,KNN,0.9,Tuning,Defaults,0.6,0.4
Ela_metadataset,KNN,0.9,Tuning,Tuning,0.2,0.8
Ela_metadataset,KNN,0.9,Defaults,Defaults,0.6,0.4
Ela_metadataset,KNN,0.9,Tuning,Tuning,0.4,0.6
Ela_metadataset,KNN,0.9,Tuning,Tuning,0.0,1.0
Ela_metadataset,KNN,0.9,Tuning,Tuning,0.2,0.8
Ela_metadataset,KNN,0.9,Tuning,Tuning,0.0,1.0
Ela_metadataset,KNN,0.9,Defaults,Tuning,0.4,0.6
Ela_metadataset,KNN,0.9,Defaults,Tuning,0.4,0.6
Ela_metadataset,KNN,0.9,Tuning,Tuning,0.2,0.8
Ela_metadataset,KNN,0.9,Tuning,Tuning,0.0,1.0
Ela_metadataset,KNN,0.9,Defaults,Tuning,0.4,0.6
Ela_metadataset,KNN,0.9,Tuning,Tuning,0.2,0.8
Ela_metadataset,KNN,0.9,Tuning,Tuning,0.0,1.0
Ela_metadataset,KNN,0.9,Tuning,Tuning,0.0,1.0
Ela_metadataset,KNN,0.9,Tuning,Tuning,0.0,1.0
Ela_metadataset,KNN,0.9,Defaults,Defaults,0.6,0.4
Ela_metadataset,KNN,0.9,Tuning,Tuning,0.0,1.0
Ela_metadataset,KNN,0.9,Defaults,Tuning,0.4,0.6
Ela_metadataset,KNN,0.9,Tuning,Defaults,0.8,0.2
Ela_metadataset,KNN,0.9,Tuning,Tuning,0.2,0.8
Ela_metadataset,KNN,0.9,Defaults,Tuning,0.4,0.6
Ela_metadataset,KNN,0.9,Tuning,Defaults,1.0,0.0
Ela_metadataset,KNN,0.9,Tuning,Tuning,0.0,1.0
Ela_metadataset,KNN,0.9,Tuning,Tuning,0.2,0.8
Ela_metadataset,KNN,0.9,Tuning,Defaults,0.6,0.4
Ela_metadataset,KNN,0.9,Tuning,Tuning,0.0,1.0
Ela_metadataset,KNN,0.9,Tuning,Tuning,0.2,0.8
Ela_metadataset,KNN,0.9,Tuning,Tuning,0.0,1.0
Ela_metadataset,KNN,0.9,Tuning,Tuning,0.4,0.6
Ela_metadataset,KNN,0.9,Tuning,Tuning,0.0,1.0
Ela_metadataset,KNN,0.9,Tuning,Tuning,0.0,1.0
Ela_metadataset,KNN,0.9,Defaults,Defaults,0.8,0.2
Ela_metadataset,KNN,0.9,Defaults,Tuning,0.4,0.6
Ela_metadataset,KNN,0.9,Tuning,Tuning,0.0,1.0
Ela_metadataset,KNN,0.9,Tuning,Tuning,0.2,0.8
Ela_metadataset,KNN,0.9,Tuning,Tuning,0.2,0.8
Ela_metadataset,KNN,0.9,Defaults,Tuning,0.4,0.6
Ela_metadataset,KNN,0.9,Tuning,Tuning,0.2,0.8
Ela_metadataset,KNN,0.9,Defaults,Defaults,0.6,0.4
Ela_metadataset,KNN,0.9,Tuning,Tuning,0.0,1.0
Ela_metadataset,KNN,0.9,Tuning,Tuning,0.0,1.0
Ela_metadataset,KNN,0.9,Tuning,Tuning,0.0,1.0
Ela_metadataset,KNN,0.9,Tuning,Tuning,0.0,1.0
Ela_metadataset,KNN,0.9,Tuning,Defaults,0.6,0.4
Ela_metadataset,KNN,0.9,Tuning,Tuning,0.4,0.6
Ela_metadataset,KNN,0.9,Tuning,Tuning,0.2,0.8
Ela_metadataset,KNN,0.9,Tuning,Tuning,0.0,1.0
Ela_metadataset,KNN,0.9,Tuning,Tuning,0.0,1.0
Ela_metadataset,KNN,0.9,Tuning,Tuning,0.2,0.8
Ela_metadataset,KNN,0.9,Defaults,Tuning,0.4,0.6
Ela_metadataset,KNN,0.9,Tuning,Tuning,0.2,0.8
Ela_metadataset,KNN,0.9,Tuning,Tuning,0.2,0.8
Ela_metadataset,KNN,0.9,Defaults,Tuning,0.4,0.6
Ela_metadataset,KNN,0.9,Tuning,Tuning,0.4,0.6
Ela_metadataset,KNN,0.9,Tuning,Tuning,0.4,0.6
Ela_metadataset,KNN,0.9,Tuning,Tuning,0.0,1.0
Ela_metadataset,KNN,0.9,Tuning,Defaults,0.6,0.4
Ela_metadataset,KNN,0.9,Tuning,Tuning,0.4,0.6
Ela_metadataset,KNN,0.9,Tuning,Tuning,0.4,0.6
Ela_metadataset,KNN,0.9,Tuning,Tuning,0.0,1.0
Ela_metadataset,KNN,0.9,Tuning,Tuning,0.4,0.6
Ela_metadataset,KNN,0.9,Tuning,Tuning,0.2,0.8
Ela_metadataset,KNN,0.9,Defaults,Tuning,0.4,0.6
Ela_metadataset,KNN,0.9,Tuning,Defaults,0.8,0.2
Ela_metadataset,KNN,0.9,Defaults,Tuning,0.4,0.6
Ela_metadataset,KNN,0.9,Tuning,Tuning,0.0,1.0
Ela_metadataset,KNN,0.9,Tuning,Tuning,0.0,1.0
Ela_metadataset,KNN,0.9,Tuning,Tuning,0.2,0.8
Ela_metadataset,KNN,0.9,Tuning,Defaults,0.6,0.4
Ela_metadataset,KNN,0.9,Tuning,Defaults,0.6,0.4
Ela_metadataset,KNN,0.9,Defaults,Tuning,0.4,0.6
Ela_metadataset,KNN,0.9,Tuning,Tuning,0.4,0.6
Ela_metadataset,KNN,0.9,Defaults,Defaults,0.6,0.4
Ela_metadataset,KNN,0.9,Defaults,Defaults,0.6,0.4
Ela_metadataset,KNN,0.9,Defaults,Defaults,0.6,0.4
Ela_metadataset,KNN,0.9,Defaults,Tuning,0.4,0.6
Ela_metadataset,KNN,0.9,Tuning,Tuning,0.4,0.6
Ela_metadataset,KNN,0.9,Tuning,Tuning,0.4,0.6
Ela_metadataset,KNN,0.9,Tuning,Tuning,0.0,1.0
Ela_metadataset,KNN,0.9,Defaults,Tuning,0.2,0.8
Ela_metadataset,KNN,0.9,Defaults,Tuning,0.2,0.8
Ela_metadataset,KNN,0.9,Defaults,Defaults,0.6,0.4
Ela_metadataset,KNN,0.9,Defaults,Defaults,0.6,0.4
Ela_metadataset,KNN,0.9,Tuning,Defaults,1.0,0.0
Ela_metadataset,KNN,0.9,Tuning,Tuning,0.4,0.6
Ela_metadataset,KNN,0.9,Defaults,Tuning,0.4,0.6
Ela_metadataset,KNN,0.9,Tuning,Tuning,0.2,0.8
Ela_metadataset,KNN,0.9,Defaults,Tuning,0.4,0.6
Ela_metadataset,KNN,0.9,Tuning,Tuning,0.0,1.0
Ela_metadataset,KNN,0.9,Tuning,Tuning,0.4,0.6
Ela_metadataset,KNN,0.9,Defaults,Tuning,0.4,0.6
Ela_metadataset,KNN,0.9,Tuning,Defaults,0.6,0.4
Ela_metadataset,KNN,0.9,Defaults,Defaults,0.6,0.4
Ela_metadataset,KNN,0.9,Tuning,Tuning,0.2,0.8
Ela_metadataset,KNN,0.9,Tuning,Tuning,0.2,0.8
Ela_metadataset,KNN,0.9,Tuning,Tuning,0.4,0.6
Ela_metadataset,KNN,0.9,Defaults,Tuning,0.2,0.8
Ela_metadataset,KNN,0.9,Tuning,Tuning,0.0,1.0
Ela_metadataset,KNN,0.9,Tuning,Tuning,0.0,1.0
Ela_metadataset,KNN,0.9,Tuning,Tuning,0.2,0.8
Ela_metadataset,KNN,0.9,Defaults,Tuning,0.0,1.0
Ela_metadataset,KNN,0.9,Tuning,Tuning,0.0,1.0
Ela_metadataset,KNN,0.9,Tuning,Tuning,0.4,0.6
Ela_metadataset,KNN,0.9,Tuning,Tuning,0.2,0.8
Ela_metadataset,KNN,0.9,Tuning,Tuning,0.0,1.0
Ela_metadataset,KNN,0.9,Tuning,Defaults,0.8,0.2
Ela_metadataset,KNN,0.9,Tuning,Tuning,0.2,0.8
Ela_metadataset,KNN,0.9,Tuning,Tuning,0.0,1.0
Ela_metadataset,KNN,0.9,Defaults,Tuning,0.4,0.6
Ela_metadataset,KNN,0.9,Tuning,Tuning,0.0,1.0
Ela_metadataset,KNN,0.9,Tuning,Tuning,0.4,0.6
Ela_metadataset,KNN,0.9,Tuning,Tuning,0.4,0.6
Ela_metadataset,KNN,0.9,Tuning,Defaults,0.8,0.2
Ela_metadataset,KNN,0.9,Tuning,Tuning,0.0,1.0
Ela_metadataset,KNN,0.9,Tuning,Tuning,0.2,0.8
Ela_metadataset,KNN,0.9,Tuning,Defaults,0.6,0.4
Ela_metadataset,KNN,0.9,Tuning,Tuning,0.2,0.8
Ela_metadataset,KNN,0.9,Defaults,Defaults,0.6,0.4
Ela_metadataset,KNN,0.9,Tuning,Tuning,0.0,1.0
Ela_metadataset,KNN,0.9,Defaults,Tuning,0.4,0.6
Ela_metadataset,KNN,0.9,Tuning,Tuning,0.0,1.0
Ela_metadataset,KNN,0.9,Tuning,Defaults,0.8,0.2
Ela_metadataset,KNN,0.9,Tuning,Tuning,0.0,1.0
Ela_metadataset,KNN,0.9,Tuning,Tuning,0.2,0.8
Ela_metadataset,KNN,0.9,Defaults,Tuning,0.2,0.8
Ela_metadataset,KNN,0.9,Defaults,Tuning,0.4,0.6
Ela_metadataset,KNN,0.9,Tuning,Defaults,0.6,0.4
Ela_metadataset,KNN,0.9,Tuning,Tuning,0.4,0.6
Ela_metadataset,KNN,0.9,Tuning,Defaults,0.6,0.4
Ela_metadataset,KNN,0.9,Tuning,Tuning,0.4,0.6
Ela_metadataset,KNN,0.9,Tuning,Defaults,0.8,0.2
Ela_metadataset,KNN,0.9,Tuning,Tuning,0.0,1.0
Ela_metadataset,KNN,0.9,Tuning,Tuning,0.2,0.8
Ela_metadataset,KNN,0.9,Tuning,Tuning,0.0,1.0
Ela_metadataset,KNN,0.9,Defaults,Tuning,0.4,0.6
Ela_metadataset,KNN,0.9,Tuning,Defaults,0.6,0.4
Ela_metadataset,KNN,0.9,Tuning,Tuning,0.2,0.8
Ela_metadataset,KNN,0.9,Tuning,Tuning,0.2,0.8
Ela_metadataset,KNN,0.9,Tuning,Defaults,0.6,0.4
Ela_metadataset,KNN,0.9,Defaults,Defaults,0.8,0.2
Ela_metadataset,KNN,0.9,Tuning,Tuning,0.4,0.6
Ela_metadataset,KNN,0.9,Tuning,Tuning,0.4,0.6
Ela_metadataset,KNN,0.9,Tuning,Tuning,0.0,1.0
Ela_metadataset,KNN,0.9,Defaults,Tuning,0.0,1.0
Ela_metadataset,KNN,0.9,Tuning,Defaults,0.6,0.4
Ela_metadataset,KNN,0.9,Tuning,Tuning,0.4,0.6
Ela_metadataset,KNN,0.9,Tuning,Tuning,0.0,1.0
Ela_metadataset,KNN,0.9,Defaults,Defaults,0.6,0.4
Ela_metadataset,KNN,0.9,Defaults,Tuning,0.4,0.6
Ela_metadataset,KNN,0.9,Tuning,Defaults,0.6,0.4
Ela_metadataset,KNN,0.9,Tuning,Tuning,0.4,0.6
Ela_metadataset,KNN,0.9,Tuning,Tuning,0.0,1.0
Ela_metadataset,KNN,0.9,Defaults,Tuning,0.0,1.0
Ela_metadataset,KNN,0.9,Defaults,Tuning,0.2,0.8
Ela_metadataset,KNN,0.9,Defaults,Tuning,0.4,0.6
Ela_metadataset,KNN,0.9,Tuning,Tuning,0.4,0.6
Ela_metadataset,KNN,0.9,Defaults,Tuning,0.2,0.8
Ela_metadataset,KNN,0.9,Tuning,Tuning,0.2,0.8
Ela_metadataset,KNN,0.9,Tuning,Tuning,0.2,0.8
Ela_metadataset,KNN,0.9,Defaults,Tuning,0.2,0.8
Ela_metadataset,KNN,0.9,Defaults,Tuning,0.2,0.8
Ela_metadataset,KNN,0.9,Tuning,Tuning,0.2,0.8
Ela_metadataset,KNN,0.9,Tuning,Tuning,0.4,0.6
Ela_metadataset,KNN,0.9,Defaults,Tuning,0.4,0.6
Ela_metadataset,KNN,0.9,Tuning,Tuning,0.2,0.8
Ela_metadataset,KNN,0.9,Tuning,Tuning,0.4,0.6
Ela_metadataset,KNN,0.9,Tuning,Defaults,0.6,0.4
Ela_metadataset,KNN,0.9,Tuning,Tuning,0.2,0.8
Ela_metadataset,KNN,0.95,Tuning,Tuning,0.4,0.6
Ela_metadataset,KNN,0.95,Tuning,Tuning,0.2,0.8
Ela_metadataset,KNN,0.95,Defaults,Defaults,0.6,0.4
Ela_metadataset,KNN,0.95,Tuning,Tuning,0.4,0.6
Ela_metadataset,KNN,0.95,Tuning,Tuning,0.0,1.0
Ela_metadataset,KNN,0.95,Tuning,Tuning,0.2,0.8
Ela_metadataset,KNN,0.95,Tuning,Tuning,0.0,1.0
Ela_metadataset,KNN,0.95,Defaults,Tuning,0.4,0.6
Ela_metadataset,KNN,0.95,Defaults,Tuning,0.4,0.6
Ela_metadataset,KNN,0.95,Tuning,Tuning,0.2,0.8
Ela_metadataset,KNN,0.95,Tuning,Tuning,0.0,1.0
Ela_metadataset,KNN,0.95,Defaults,Defaults,0.6,0.4
Ela_metadataset,KNN,0.95,Tuning,Tuning,0.2,0.8
Ela_metadataset,KNN,0.95,Tuning,Tuning,0.0,1.0
Ela_metadataset,KNN,0.95,Tuning,Tuning,0.0,1.0
Ela_metadataset,KNN,0.95,Tuning,Tuning,0.0,1.0
Ela_metadataset,KNN,0.95,Defaults,Defaults,0.6,0.4
Ela_metadataset,KNN,0.95,Tuning,Tuning,0.0,1.0
Ela_metadataset,KNN,0.95,Defaults,Tuning,0.4,0.6
Ela_metadataset,KNN,0.95,Tuning,Defaults,1.0,0.0
Ela_metadataset,KNN,0.95,Tuning,Tuning,0.2,0.8
Ela_metadataset,KNN,0.95,Defaults,Tuning,0.2,0.8
Ela_metadataset,KNN,0.95,Tuning,Defaults,1.0,0.0
Ela_metadataset,KNN,0.95,Tuning,Tuning,0.0,1.0
Ela_metadataset,KNN,0.95,Tuning,Tuning,0.2,0.8
Ela_metadataset,KNN,0.95,Tuning,Defaults,0.6,0.4
Ela_metadataset,KNN,0.95,Tuning,Tuning,0.0,1.0
Ela_metadataset,KNN,0.95,Tuning,Tuning,0.0,1.0
Ela_metadataset,KNN,0.95,Tuning,Tuning,0.0,1.0
Ela_metadataset,KNN,0.95,Tuning,Tuning,0.4,0.6
Ela_metadataset,KNN,0.95,Tuning,Tuning,0.0,1.0
Ela_metadataset,KNN,0.95,Tuning,Tuning,0.0,1.0
Ela_metadataset,KNN,0.95,Defaults,Defaults,0.8,0.2
Ela_metadataset,KNN,0.95,Defaults,Tuning,0.4,0.6
Ela_metadataset,KNN,0.95,Tuning,Tuning,0.0,1.0
Ela_metadataset,KNN,0.95,Tuning,Tuning,0.2,0.8
Ela_metadataset,KNN,0.95,Tuning,Tuning,0.2,0.8
Ela_metadataset,KNN,0.95,Defaults,Tuning,0.4,0.6
Ela_metadataset,KNN,0.95,Tuning,Tuning,0.0,1.0
Ela_metadataset,KNN,0.95,Defaults,Tuning,0.4,0.6
Ela_metadataset,KNN,0.95,Tuning,Tuning,0.0,1.0
Ela_metadataset,KNN,0.95,Tuning,Tuning,0.2,0.8
Ela_metadataset,KNN,0.95,Tuning,Tuning,0.0,1.0
Ela_metadataset,KNN,0.95,Tuning,Tuning,0.0,1.0
Ela_metadataset,KNN,0.95,Tuning,Tuning,0.4,0.6
Ela_metadataset,KNN,0.95,Tuning,Tuning,0.4,0.6
Ela_metadataset,KNN,0.95,Tuning,Tuning,0.2,0.8
Ela_metadataset,KNN,0.95,Tuning,Tuning,0.0,1.0
Ela_metadataset,KNN,0.95,Tuning,Tuning,0.2,0.8
Ela_metadataset,KNN,0.95,Tuning,Tuning,0.2,0.8
Ela_metadataset,KNN,0.95,Defaults,Defaults,0.6,0.4
Ela_metadataset,KNN,0.95,Tuning,Tuning,0.2,0.8
Ela_metadataset,KNN,0.95,Tuning,Tuning,0.2,0.8
Ela_metadataset,KNN,0.95,Defaults,Tuning,0.2,0.8
Ela_metadataset,KNN,0.95,Tuning,Tuning,0.4,0.6
Ela_metadataset,KNN,0.95,Tuning,Tuning,0.4,0.6
Ela_metadataset,KNN,0.95,Tuning,Tuning,0.0,1.0
Ela_metadataset,KNN,0.95,Tuning,Defaults,0.8,0.2
Ela_metadataset,KNN,0.95,Tuning,Tuning,0.4,0.6
Ela_metadataset,KNN,0.95,Tuning,Tuning,0.4,0.6
Ela_metadataset,KNN,0.95,Tuning,Tuning,0.0,1.0
Ela_metadataset,KNN,0.95,Tuning,Tuning,0.2,0.8
Ela_metadataset,KNN,0.95,Tuning,Tuning,0.2,0.8
Ela_metadataset,KNN,0.95,Defaults,Tuning,0.4,0.6
Ela_metadataset,KNN,0.95,Tuning,Defaults,0.8,0.2
Ela_metadataset,KNN,0.95,Defaults,Tuning,0.4,0.6
Ela_metadataset,KNN,0.95,Tuning,Tuning,0.2,0.8
Ela_metadataset,KNN,0.95,Tuning,Tuning,0.0,1.0
Ela_metadataset,KNN,0.95,Tuning,Tuning,0.2,0.8
Ela_metadataset,KNN,0.95,Tuning,Defaults,0.6,0.4
Ela_metadataset,KNN,0.95,Tuning,Defaults,0.6,0.4
Ela_metadataset,KNN,0.95,Defaults,Tuning,0.4,0.6
Ela_metadataset,KNN,0.95,Tuning,Tuning,0.4,0.6
Ela_metadataset,KNN,0.95,Defaults,Defaults,0.6,0.4
Ela_metadataset,KNN,0.95,Defaults,Defaults,0.6,0.4
Ela_metadataset,KNN,0.95,Defaults,Defaults,0.6,0.4
Ela_metadataset,KNN,0.95,Defaults,Tuning,0.4,0.6
Ela_metadataset,KNN,0.95,Tuning,Tuning,0.2,0.8
Ela_metadataset,KNN,0.95,Tuning,Tuning,0.4,0.6
Ela_metadataset,KNN,0.95,Tuning,Tuning,0.0,1.0
Ela_metadataset,KNN,0.95,Defaults,Tuning,0.2,0.8
Ela_metadataset,KNN,0.95,Defaults,Tuning,0.2,0.8
Ela_metadataset,KNN,0.95,Defaults,Defaults,0.8,0.2
Ela_metadataset,KNN,0.95,Defaults,Defaults,0.6,0.4
Ela_metadataset,KNN,0.95,Tuning,Defaults,1.0,0.0
Ela_metadataset,KNN,0.95,Tuning,Tuning,0.4,0.6
Ela_metadataset,KNN,0.95,Defaults,Tuning,0.4,0.6
Ela_metadataset,KNN,0.95,Tuning,Tuning,0.2,0.8
Ela_metadataset,KNN,0.95,Defaults,Tuning,0.4,0.6
Ela_metadataset,KNN,0.95,Tuning,Tuning,0.2,0.8
Ela_metadataset,KNN,0.95,Tuning,Tuning,0.4,0.6
Ela_metadataset,KNN,0.95,Defaults,Defaults,0.6,0.4
Ela_metadataset,KNN,0.95,Tuning,Defaults,0.6,0.4
Ela_metadataset,KNN,0.95,Defaults,Defaults,0.6,0.4
Ela_metadataset,KNN,0.95,Tuning,Tuning,0.2,0.8
Ela_metadataset,KNN,0.95,Tuning,Tuning,0.0,1.0
Ela_metadataset,KNN,0.95,Tuning,Tuning,0.4,0.6
Ela_metadataset,KNN,0.95,Defaults,Tuning,0.0,1.0
Ela_metadataset,KNN,0.95,Tuning,Tuning,0.0,1.0
Ela_metadataset,KNN,0.95,Tuning,Tuning,0.0,1.0
Ela_metadataset,KNN,0.95,Tuning,Tuning,0.2,0.8
Ela_metadataset,KNN,0.95,Defaults,Tuning,0.0,1.0
Ela_metadataset,KNN,0.95,Tuning,Tuning,0.0,1.0
Ela_metadataset,KNN,0.95,Tuning,Tuning,0.4,0.6
Ela_metadataset,KNN,0.95,Tuning,Tuning,0.2,0.8
Ela_metadataset,KNN,0.95,Tuning,Tuning,0.0,1.0
Ela_metadataset,KNN,0.95,Tuning,Defaults,0.8,0.2
Ela_metadataset,KNN,0.95,Tuning,Tuning,0.2,0.8
Ela_metadataset,KNN,0.95,Tuning,Tuning,0.0,1.0
Ela_metadataset,KNN,0.95,Defaults,Tuning,0.4,0.6
Ela_metadataset,KNN,0.95,Tuning,Tuning,0.0,1.0
Ela_metadataset,KNN,0.95,Tuning,Tuning,0.2,0.8
Ela_metadataset,KNN,0.95,Tuning,Defaults,0.6,0.4
Ela_metadataset,KNN,0.95,Tuning,Defaults,0.8,0.2
Ela_metadataset,KNN,0.95,Tuning,Tuning,0.0,1.0
Ela_metadataset,KNN,0.95,Tuning,Tuning,0.2,0.8
Ela_metadataset,KNN,0.95,Tuning,Defaults,0.6,0.4
Ela_metadataset,KNN,0.95,Tuning,Tuning,0.2,0.8
Ela_metadataset,KNN,0.95,Defaults,Defaults,0.6,0.4
Ela_metadataset,KNN,0.95,Tuning,Tuning,0.0,1.0
Ela_metadataset,KNN,0.95,Defaults,Tuning,0.4,0.6
Ela_metadataset,KNN,0.95,Tuning,Tuning,0.0,1.0
Ela_metadataset,KNN,0.95,Tuning,Defaults,0.8,0.2
Ela_metadataset,KNN,0.95,Tuning,Tuning,0.0,1.0
Ela_metadataset,KNN,0.95,Tuning,Tuning,0.2,0.8
Ela_metadataset,KNN,0.95,Defaults,Tuning,0.2,0.8
Ela_metadataset,KNN,0.95,Defaults,Tuning,0.4,0.6
Ela_metadataset,KNN,0.95,Tuning,Tuning,0.4,0.6
Ela_metadataset,KNN,0.95,Tuning,Tuning,0.2,0.8
Ela_metadataset,KNN,0.95,Tuning,Tuning,0.4,0.6
Ela_metadataset,KNN,0.95,Tuning,Tuning,0.2,0.8
Ela_metadataset,KNN,0.95,Tuning,Defaults,0.8,0.2
Ela_metadataset,KNN,0.95,Tuning,Tuning,0.0,1.0
Ela_metadataset,KNN,0.95,Tuning,Tuning,0.2,0.8
Ela_metadataset,KNN,0.95,Tuning,Tuning,0.0,1.0
Ela_metadataset,KNN,0.95,Defaults,Tuning,0.4,0.6
Ela_metadataset,KNN,0.95,Tuning,Defaults,0.6,0.4
Ela_metadataset,KNN,0.95,Tuning,Tuning,0.4,0.6
Ela_metadataset,KNN,0.95,Tuning,Tuning,0.2,0.8
Ela_metadataset,KNN,0.95,Tuning,Defaults,0.8,0.2
Ela_metadataset,KNN,0.95,Defaults,Tuning,0.2,0.8
Ela_metadataset,KNN,0.95,Tuning,Tuning,0.4,0.6
Ela_metadataset,KNN,0.95,Tuning,Tuning,0.4,0.6
Ela_metadataset,KNN,0.95,Tuning,Tuning,0.2,0.8
Ela_metadataset,KNN,0.95,Defaults,Tuning,0.0,1.0
Ela_metadataset,KNN,0.95,Tuning,Defaults,0.6,0.4
Ela_metadataset,KNN,0.95,Tuning,Tuning,0.4,0.6
Ela_metadataset,KNN,0.95,Tuning,Tuning,0.0,1.0
Ela_metadataset,KNN,0.95,Defaults,Defaults,0.6,0.4
Ela_metadataset,KNN,0.95,Defaults,Tuning,0.4,0.6
Ela_metadataset,KNN,0.95,Tuning,Tuning,0.4,0.6
Ela_metadataset,KNN,0.95,Tuning,Tuning,0.4,0.6
Ela_metadataset,KNN,0.95,Tuning,Tuning,0.0,1.0
Ela_metadataset,KNN,0.95,Defaults,Tuning,0.0,1.0
Ela_metadataset,KNN,0.95,Defaults,Tuning,0.2,0.8
Ela_metadataset,KNN,0.95,Defaults,Defaults,0.8,0.2
Ela_metadataset,KNN,0.95,Tuning,Tuning,0.2,0.8
Ela_metadataset,KNN,0.95,Defaults,Tuning,0.2,0.8
Ela_metadataset,KNN,0.95,Tuning,Tuning,0.2,0.8
Ela_metadataset,KNN,0.95,Tuning,Tuning,0.2,0.8
Ela_metadataset,KNN,0.95,Defaults,Tuning,0.2,0.8
Ela_metadataset,KNN,0.95,Defaults,Tuning,0.2,0.8
Ela_metadataset,KNN,0.95,Tuning,Tuning,0.2,0.8
Ela_metadataset,KNN,0.95,Tuning,Tuning,0.2,0.8
Ela_metadataset,KNN,0.95,Defaults,Tuning,0.4,0.6
Ela_metadataset,KNN,0.95,Tuning,Tuning,0.2,0.8
Ela_metadataset,KNN,0.95,Tuning,Tuning,0.4,0.6
Ela_metadataset,KNN,0.95,Tuning,Defaults,0.6,0.4
Ela_metadataset,KNN,0.95,Tuning,Tuning,0.2,0.8
Ela_metadataset,DecisionTree,0.8,Tuning,Tuning,0.0,1.0
Ela_metadataset,DecisionTree,0.8,Tuning,Tuning,0.0,1.0
Ela_metadataset,DecisionTree,0.8,Defaults,Tuning,0.0,1.0
Ela_metadataset,DecisionTree,0.8,Tuning,Tuning,0.0,1.0
Ela_metadataset,DecisionTree,0.8,Tuning,Tuning,0.0,1.0
Ela_metadataset,DecisionTree,0.8,Tuning,Defaults,1.0,0.0
Ela_metadataset,DecisionTree,0.8,Tuning,Tuning,0.0,1.0
Ela_metadataset,DecisionTree,0.8,Defaults,Tuning,0.0,1.0
Ela_metadataset,DecisionTree,0.8,Defaults,Tuning,0.0,1.0
Ela_metadataset,DecisionTree,0.8,Tuning,Tuning,0.0,1.0
Ela_metadataset,DecisionTree,0.8,Tuning,Tuning,0.0,1.0
Ela_metadataset,DecisionTree,0.8,Defaults,Tuning,0.0,1.0
Ela_metadataset,DecisionTree,0.8,Tuning,Tuning,0.0,1.0
Ela_metadataset,DecisionTree,0.8,Tuning,Tuning,0.0,1.0
Ela_metadataset,DecisionTree,0.8,Tuning,Tuning,0.0,1.0
Ela_metadataset,DecisionTree,0.8,Tuning,Tuning,0.0,1.0
Ela_metadataset,DecisionTree,0.8,Defaults,Tuning,0.0,1.0
Ela_metadataset,DecisionTree,0.8,Tuning,Tuning,0.0,1.0
Ela_metadataset,DecisionTree,0.8,Defaults,Defaults,1.0,0.0
Ela_metadataset,DecisionTree,0.8,Tuning,Defaults,1.0,0.0
Ela_metadataset,DecisionTree,0.8,Tuning,Defaults,1.0,0.0
Ela_metadataset,DecisionTree,0.8,Defaults,Defaults,1.0,0.0
Ela_metadataset,DecisionTree,0.8,Tuning,Defaults,1.0,0.0
Ela_metadataset,DecisionTree,0.8,Tuning,Tuning,0.0,1.0
Ela_metadataset,DecisionTree,0.8,Tuning,Tuning,0.0,1.0
Ela_metadataset,DecisionTree,0.8,Tuning,Tuning,0.0,1.0
Ela_metadataset,DecisionTree,0.8,Tuning,Tuning,0.0,1.0
Ela_metadataset,DecisionTree,0.8,Tuning,Tuning,0.0,1.0
Ela_metadataset,DecisionTree,0.8,Tuning,Tuning,0.0,1.0
Ela_metadataset,DecisionTree,0.8,Tuning,Tuning,0.0,1.0
Ela_metadataset,DecisionTree,0.8,Tuning,Tuning,0.0,1.0
Ela_metadataset,DecisionTree,0.8,Tuning,Tuning,0.0,1.0
Ela_metadataset,DecisionTree,0.8,Defaults,Defaults,1.0,0.0
Ela_metadataset,DecisionTree,0.8,Defaults,Defaults,1.0,0.0
Ela_metadataset,DecisionTree,0.8,Tuning,Tuning,0.0,1.0
Ela_metadataset,DecisionTree,0.8,Tuning,Tuning,0.0,1.0
Ela_metadataset,DecisionTree,0.8,Tuning,Defaults,1.0,0.0
Ela_metadataset,DecisionTree,0.8,Defaults,Defaults,1.0,0.0
Ela_metadataset,DecisionTree,0.8,Tuning,Tuning,0.0,1.0
Ela_metadataset,DecisionTree,0.8,Defaults,Tuning,0.0,1.0
Ela_metadataset,DecisionTree,0.8,Tuning,Tuning,0.0,1.0
Ela_metadataset,DecisionTree,0.8,Tuning,Tuning,0.0,1.0
Ela_metadataset,DecisionTree,0.8,Tuning,Tuning,0.0,1.0
Ela_metadataset,DecisionTree,0.8,Tuning,Tuning,0.0,1.0
Ela_metadataset,DecisionTree,0.8,Tuning,Defaults,1.0,0.0
Ela_metadataset,DecisionTree,0.8,Tuning,Tuning,0.0,1.0
Ela_metadataset,DecisionTree,0.8,Tuning,Tuning,0.0,1.0
Ela_metadataset,DecisionTree,0.8,Tuning,Tuning,0.0,1.0
Ela_metadataset,DecisionTree,0.8,Tuning,Tuning,0.0,1.0
Ela_metadataset,DecisionTree,0.8,Tuning,Tuning,0.0,1.0
Ela_metadataset,DecisionTree,0.8,Defaults,Tuning,0.0,1.0
Ela_metadataset,DecisionTree,0.8,Tuning,Tuning,0.0,1.0
Ela_metadataset,DecisionTree,0.8,Tuning,Tuning,0.0,1.0
Ela_metadataset,DecisionTree,0.8,Defaults,Tuning,0.0,1.0
Ela_metadataset,DecisionTree,0.8,Tuning,Defaults,1.0,0.0
Ela_metadataset,DecisionTree,0.8,Tuning,Defaults,1.0,0.0
Ela_metadataset,DecisionTree,0.8,Tuning,Tuning,0.0,1.0
Ela_metadataset,DecisionTree,0.8,Tuning,Tuning,0.0,1.0
Ela_metadataset,DecisionTree,0.8,Tuning,Defaults,1.0,0.0
Ela_metadataset,DecisionTree,0.8,Tuning,Tuning,0.0,1.0
Ela_metadataset,DecisionTree,0.8,Tuning,Tuning,0.0,1.0
Ela_metadataset,DecisionTree,0.8,Tuning,Tuning,0.0,1.0
Ela_metadataset,DecisionTree,0.8,Tuning,Defaults,1.0,0.0
Ela_metadataset,DecisionTree,0.8,Defaults,Defaults,1.0,0.0
Ela_metadataset,DecisionTree,0.8,Tuning,Tuning,0.0,1.0
Ela_metadataset,DecisionTree,0.8,Defaults,Tuning,0.0,1.0
Ela_metadataset,DecisionTree,0.8,Tuning,Tuning,0.0,1.0
Ela_metadataset,DecisionTree,0.8,Tuning,Tuning,0.0,1.0
Ela_metadataset,DecisionTree,0.8,Tuning,Tuning,0.0,1.0
Ela_metadataset,DecisionTree,0.8,Tuning,Tuning,0.0,1.0
Ela_metadataset,DecisionTree,0.8,Tuning,Tuning,0.0,1.0
Ela_metadataset,DecisionTree,0.8,Defaults,Tuning,0.0,1.0
Ela_metadataset,DecisionTree,0.8,Tuning,Tuning,0.0,1.0
Ela_metadataset,DecisionTree,0.8,Defaults,Defaults,1.0,0.0
Ela_metadataset,DecisionTree,0.8,Defaults,Defaults,1.0,0.0
Ela_metadataset,DecisionTree,0.8,Defaults,Defaults,1.0,0.0
Ela_metadataset,DecisionTree,0.8,Defaults,Defaults,1.0,0.0
Ela_metadataset,DecisionTree,0.8,Tuning,Tuning,0.0,1.0
Ela_metadataset,DecisionTree,0.8,Tuning,Tuning,0.0,1.0
Ela_metadataset,DecisionTree,0.8,Tuning,Tuning,0.0,1.0
Ela_metadataset,DecisionTree,0.8,Defaults,Tuning,0.0,1.0
Ela_metadataset,DecisionTree,0.8,Defaults,Defaults,1.0,0.0
Ela_metadataset,DecisionTree,0.8,Defaults,Tuning,0.0,1.0
Ela_metadataset,DecisionTree,0.8,Defaults,Defaults,1.0,0.0
Ela_metadataset,DecisionTree,0.8,Tuning,Defaults,1.0,0.0
Ela_metadataset,DecisionTree,0.8,Tuning,Tuning,0.0,1.0
Ela_metadataset,DecisionTree,0.8,Defaults,Defaults,1.0,0.0
Ela_metadataset,DecisionTree,0.8,Tuning,Defaults,1.0,0.0
Ela_metadataset,DecisionTree,0.8,Defaults,Tuning,0.0,1.0
Ela_metadataset,DecisionTree,0.8,Tuning,Tuning,0.0,1.0
Ela_metadataset,DecisionTree,0.8,Tuning,Tuning,0.0,1.0
Ela_metadataset,DecisionTree,0.8,Defaults,Defaults,1.0,0.0
Ela_metadataset,DecisionTree,0.8,Tuning,Tuning,0.0,1.0
Ela_metadataset,DecisionTree,0.8,Defaults,Tuning,0.0,1.0
Ela_metadataset,DecisionTree,0.8,Tuning,Defaults,1.0,0.0
Ela_metadataset,DecisionTree,0.8,Tuning,Tuning,0.0,1.0
Ela_metadataset,DecisionTree,0.8,Tuning,Tuning,0.0,1.0
Ela_metadataset,DecisionTree,0.8,Defaults,Tuning,0.0,1.0
Ela_metadataset,DecisionTree,0.8,Tuning,Tuning,0.0,1.0
Ela_metadataset,DecisionTree,0.8,Tuning,Tuning,0.0,1.0
Ela_metadataset,DecisionTree,0.8,Tuning,Tuning,0.0,1.0
Ela_metadataset,DecisionTree,0.8,Defaults,Tuning,0.0,1.0
Ela_metadataset,DecisionTree,0.8,Tuning,Tuning,0.0,1.0
Ela_metadataset,DecisionTree,0.8,Tuning,Tuning,0.0,1.0
Ela_metadataset,DecisionTree,0.8,Tuning,Defaults,1.0,0.0
Ela_metadataset,DecisionTree,0.8,Tuning,Tuning,0.0,1.0
Ela_metadataset,DecisionTree,0.8,Tuning,Defaults,1.0,0.0
Ela_metadataset,DecisionTree,0.8,Tuning,Tuning,0.0,1.0
Ela_metadataset,DecisionTree,0.8,Tuning,Tuning,0.0,1.0
Ela_metadataset,DecisionTree,0.8,Defaults,Tuning,0.0,1.0
Ela_metadataset,DecisionTree,0.8,Tuning,Tuning,0.0,1.0
Ela_metadataset,DecisionTree,0.8,Tuning,Tuning,0.0,1.0
Ela_metadataset,DecisionTree,0.8,Tuning,Tuning,0.0,1.0
Ela_metadataset,DecisionTree,0.8,Tuning,Tuning,0.0,1.0
Ela_metadataset,DecisionTree,0.8,Tuning,Tuning,0.0,1.0
Ela_metadataset,DecisionTree,0.8,Tuning,Tuning,0.0,1.0
Ela_metadataset,DecisionTree,0.8,Tuning,Defaults,1.0,0.0
Ela_metadataset,DecisionTree,0.8,Tuning,Defaults,1.0,0.0
Ela_metadataset,DecisionTree,0.8,Defaults,Tuning,0.0,1.0
Ela_metadataset,DecisionTree,0.8,Tuning,Tuning,0.0,1.0
Ela_metadataset,DecisionTree,0.8,Defaults,Tuning,0.0,1.0
Ela_metadataset,DecisionTree,0.8,Tuning,Tuning,0.0,1.0
Ela_metadataset,DecisionTree,0.8,Tuning,Tuning,0.0,1.0
Ela_metadataset,DecisionTree,0.8,Tuning,Tuning,0.0,1.0
Ela_metadataset,DecisionTree,0.8,Tuning,Tuning,0.0,1.0
Ela_metadataset,DecisionTree,0.8,Defaults,Defaults,1.0,0.0
Ela_metadataset,DecisionTree,0.8,Defaults,Tuning,0.0,1.0
Ela_metadataset,DecisionTree,0.8,Tuning,Tuning,0.0,1.0
Ela_metadataset,DecisionTree,0.8,Tuning,Tuning,0.0,1.0
Ela_metadataset,DecisionTree,0.8,Tuning,Tuning,0.0,1.0
Ela_metadataset,DecisionTree,0.8,Tuning,Tuning,0.0,1.0
Ela_metadataset,DecisionTree,0.8,Tuning,Tuning,0.0,1.0
Ela_metadataset,DecisionTree,0.8,Tuning,Tuning,0.0,1.0
Ela_metadataset,DecisionTree,0.8,Tuning,Tuning,0.0,1.0
Ela_metadataset,DecisionTree,0.8,Tuning,Tuning,0.0,1.0
Ela_metadataset,DecisionTree,0.8,Defaults,Defaults,1.0,0.0
Ela_metadataset,DecisionTree,0.8,Tuning,Tuning,0.0,1.0
Ela_metadataset,DecisionTree,0.8,Tuning,Defaults,1.0,0.0
Ela_metadataset,DecisionTree,0.8,Tuning,Tuning,0.0,1.0
Ela_metadataset,DecisionTree,0.8,Tuning,Tuning,0.0,1.0
Ela_metadataset,DecisionTree,0.8,Defaults,Defaults,1.0,0.0
Ela_metadataset,DecisionTree,0.8,Tuning,Tuning,0.0,1.0
Ela_metadataset,DecisionTree,0.8,Tuning,Tuning,0.0,1.0
Ela_metadataset,DecisionTree,0.8,Tuning,Tuning,0.0,1.0
Ela_metadataset,DecisionTree,0.8,Defaults,Tuning,0.0,1.0
Ela_metadataset,DecisionTree,0.8,Tuning,Tuning,0.0,1.0
Ela_metadataset,DecisionTree,0.8,Tuning,Tuning,0.0,1.0
Ela_metadataset,DecisionTree,0.8,Tuning,Tuning,0.0,1.0
Ela_metadataset,DecisionTree,0.8,Defaults,Tuning,0.0,1.0
Ela_metadataset,DecisionTree,0.8,Defaults,Defaults,1.0,0.0
Ela_metadataset,DecisionTree,0.8,Tuning,Defaults,1.0,0.0
Ela_metadataset,DecisionTree,0.8,Tuning,Defaults,1.0,0.0
Ela_metadataset,DecisionTree,0.8,Tuning,Tuning,0.0,1.0
Ela_metadataset,DecisionTree,0.8,Defaults,Defaults,1.0,0.0
Ela_metadataset,DecisionTree,0.8,Defaults,Tuning,0.0,1.0
Ela_metadataset,DecisionTree,0.8,Defaults,Tuning,0.0,1.0
Ela_metadataset,DecisionTree,0.8,Tuning,Tuning,0.0,1.0
Ela_metadataset,DecisionTree,0.8,Defaults,Defaults,1.0,0.0
Ela_metadataset,DecisionTree,0.8,Tuning,Tuning,0.0,1.0
Ela_metadataset,DecisionTree,0.8,Tuning,Defaults,1.0,0.0
Ela_metadataset,DecisionTree,0.8,Defaults,Defaults,1.0,0.0
Ela_metadataset,DecisionTree,0.8,Defaults,Tuning,0.0,1.0
Ela_metadataset,DecisionTree,0.8,Tuning,Tuning,0.0,1.0
Ela_metadataset,DecisionTree,0.8,Tuning,Tuning,0.0,1.0
Ela_metadataset,DecisionTree,0.8,Defaults,Tuning,0.0,1.0
Ela_metadataset,DecisionTree,0.8,Tuning,Tuning,0.0,1.0
Ela_metadataset,DecisionTree,0.8,Tuning,Tuning,0.0,1.0
Ela_metadataset,DecisionTree,0.8,Tuning,Tuning,0.0,1.0
Ela_metadataset,DecisionTree,0.8,Tuning,Defaults,1.0,0.0
Ela_metadataset,DecisionTree,0.85,Tuning,Tuning,0.0,1.0
Ela_metadataset,DecisionTree,0.85,Tuning,Tuning,0.0,1.0
Ela_metadataset,DecisionTree,0.85,Defaults,Defaults,1.0,0.0
Ela_metadataset,DecisionTree,0.85,Tuning,Tuning,0.0,1.0
Ela_metadataset,DecisionTree,0.85,Tuning,Tuning,0.0,1.0
Ela_metadataset,DecisionTree,0.85,Tuning,Defaults,1.0,0.0
Ela_metadataset,DecisionTree,0.85,Tuning,Tuning,0.0,1.0
Ela_metadataset,DecisionTree,0.85,Defaults,Tuning,0.0,1.0
Ela_metadataset,DecisionTree,0.85,Defaults,Defaults,1.0,0.0
Ela_metadataset,DecisionTree,0.85,Tuning,Defaults,1.0,0.0
Ela_metadataset,DecisionTree,0.85,Tuning,Tuning,0.0,1.0
Ela_metadataset,DecisionTree,0.85,Defaults,Defaults,1.0,0.0
Ela_metadataset,DecisionTree,0.85,Tuning,Tuning,0.0,1.0
Ela_metadataset,DecisionTree,0.85,Tuning,Defaults,1.0,0.0
Ela_metadataset,DecisionTree,0.85,Tuning,Tuning,0.0,1.0
Ela_metadataset,DecisionTree,0.85,Tuning,Tuning,0.0,1.0
Ela_metadataset,DecisionTree,0.85,Defaults,Tuning,0.0,1.0
Ela_metadataset,DecisionTree,0.85,Tuning,Tuning,0.0,1.0
Ela_metadataset,DecisionTree,0.85,Defaults,Tuning,0.0,1.0
Ela_metadataset,DecisionTree,0.85,Tuning,Defaults,1.0,0.0
Ela_metadataset,DecisionTree,0.85,Tuning,Defaults,1.0,0.0
Ela_metadataset,DecisionTree,0.85,Defaults,Defaults,1.0,0.0
Ela_metadataset,DecisionTree,0.85,Tuning,Defaults,1.0,0.0
Ela_metadataset,DecisionTree,0.85,Tuning,Tuning,0.0,1.0
Ela_metadataset,DecisionTree,0.85,Tuning,Tuning,0.0,1.0
Ela_metadataset,DecisionTree,0.85,Tuning,Tuning,0.0,1.0
Ela_metadataset,DecisionTree,0.85,Tuning,Tuning,0.0,1.0
Ela_metadataset,DecisionTree,0.85,Tuning,Tuning,0.0,1.0
Ela_metadataset,DecisionTree,0.85,Tuning,Tuning,0.0,1.0
Ela_metadataset,DecisionTree,0.85,Tuning,Tuning,0.0,1.0
Ela_metadataset,DecisionTree,0.85,Tuning,Tuning,0.0,1.0
Ela_metadataset,DecisionTree,0.85,Tuning,Tuning,0.0,1.0
Ela_metadataset,DecisionTree,0.85,Defaults,Defaults,1.0,0.0
Ela_metadataset,DecisionTree,0.85,Defaults,Tuning,0.0,1.0
Ela_metadataset,DecisionTree,0.85,Tuning,Tuning,0.0,1.0
Ela_metadataset,DecisionTree,0.85,Tuning,Defaults,1.0,0.0
Ela_metadataset,DecisionTree,0.85,Tuning,Defaults,1.0,0.0
Ela_metadataset,DecisionTree,0.85,Defaults,Defaults,1.0,0.0
Ela_metadataset,DecisionTree,0.85,Tuning,Tuning,0.0,1.0
Ela_metadataset,DecisionTree,0.85,Defaults,Defaults,1.0,0.0
Ela_metadataset,DecisionTree,0.85,Tuning,Tuning,0.0,1.0
Ela_metadataset,DecisionTree,0.85,Tuning,Tuning,0.0,1.0
Ela_metadataset,DecisionTree,0.85,Tuning,Tuning,0.0,1.0
Ela_metadataset,DecisionTree,0.85,Tuning,Tuning,0.0,1.0
Ela_metadataset,DecisionTree,0.85,Tuning,Defaults,1.0,0.0
Ela_metadataset,DecisionTree,0.85,Tuning,Tuning,0.0,1.0
Ela_metadataset,DecisionTree,0.85,Tuning,Tuning,0.0,1.0
Ela_metadataset,DecisionTree,0.85,Tuning,Tuning,0.0,1.0
Ela_metadataset,DecisionTree,0.85,Tuning,Defaults,1.0,0.0
Ela_metadataset,DecisionTree,0.85,Tuning,Tuning,0.0,1.0
Ela_metadataset,DecisionTree,0.85,Defaults,Tuning,0.0,1.0
Ela_metadataset,DecisionTree,0.85,Tuning,Tuning,0.0,1.0
Ela_metadataset,DecisionTree,0.85,Tuning,Tuning,0.0,1.0
Ela_metadataset,DecisionTree,0.85,Defaults,Tuning,0.0,1.0
Ela_metadataset,DecisionTree,0.85,Tuning,Defaults,1.0,0.0
Ela_metadataset,DecisionTree,0.85,Tuning,Defaults,1.0,0.0
Ela_metadataset,DecisionTree,0.85,Tuning,Tuning,0.0,1.0
Ela_metadataset,DecisionTree,0.85,Tuning,Defaults,1.0,0.0
Ela_metadataset,DecisionTree,0.85,Tuning,Defaults,1.0,0.0
Ela_metadataset,DecisionTree,0.85,Tuning,Defaults,1.0,0.0
Ela_metadataset,DecisionTree,0.85,Tuning,Tuning,0.0,1.0
Ela_metadataset,DecisionTree,0.85,Tuning,Tuning,0.0,1.0
Ela_metadataset,DecisionTree,0.85,Tuning,Tuning,0.0,1.0
Ela_metadataset,DecisionTree,0.85,Defaults,Tuning,0.0,1.0
Ela_metadataset,DecisionTree,0.85,Tuning,Defaults,1.0,0.0
Ela_metadataset,DecisionTree,0.85,Defaults,Tuning,0.0,1.0
Ela_metadataset,DecisionTree,0.85,Tuning,Tuning,0.0,1.0
Ela_metadataset,DecisionTree,0.85,Tuning,Tuning,0.0,1.0
Ela_metadataset,DecisionTree,0.85,Tuning,Tuning,0.0,1.0
Ela_metadataset,DecisionTree,0.85,Tuning,Tuning,0.0,1.0
Ela_metadataset,DecisionTree,0.85,Tuning,Tuning,0.0,1.0
Ela_metadataset,DecisionTree,0.85,Defaults,Tuning,0.0,1.0
Ela_metadataset,DecisionTree,0.85,Tuning,Tuning,0.0,1.0
Ela_metadataset,DecisionTree,0.85,Defaults,Tuning,0.0,1.0
Ela_metadataset,DecisionTree,0.85,Defaults,Defaults,1.0,0.0
Ela_metadataset,DecisionTree,0.85,Defaults,Tuning,0.0,1.0
Ela_metadataset,DecisionTree,0.85,Defaults,Defaults,1.0,0.0
Ela_metadataset,DecisionTree,0.85,Tuning,Tuning,0.0,1.0
Ela_metadataset,DecisionTree,0.85,Tuning,Tuning,0.0,1.0
Ela_metadataset,DecisionTree,0.85,Tuning,Tuning,0.0,1.0
Ela_metadataset,DecisionTree,0.85,Defaults,Tuning,0.0,1.0
Ela_metadataset,DecisionTree,0.85,Defaults,Defaults,1.0,0.0
Ela_metadataset,DecisionTree,0.85,Defaults,Tuning,0.0,1.0
Ela_metadataset,DecisionTree,0.85,Defaults,Defaults,1.0,0.0
Ela_metadataset,DecisionTree,0.85,Tuning,Tuning,0.0,1.0
Ela_metadataset,DecisionTree,0.85,Tuning,Defaults,1.0,0.0
Ela_metadataset,DecisionTree,0.85,Defaults,Tuning,0.0,1.0
Ela_metadataset,DecisionTree,0.85,Tuning,Tuning,0.0,1.0
Ela_metadataset,DecisionTree,0.85,Defaults,Tuning,0.0,1.0
Ela_metadataset,DecisionTree,0.85,Tuning,Tuning,0.0,1.0
Ela_metadataset,DecisionTree,0.85,Tuning,Tuning,0.0,1.0
Ela_metadataset,DecisionTree,0.85,Defaults,Tuning,0.0,1.0
Ela_metadataset,DecisionTree,0.85,Tuning,Tuning,0.0,1.0
Ela_metadataset,DecisionTree,0.85,Defaults,Defaults,1.0,0.0
Ela_metadataset,DecisionTree,0.85,Tuning,Defaults,1.0,0.0
Ela_metadataset,DecisionTree,0.85,Tuning,Tuning,0.0,1.0
Ela_metadataset,DecisionTree,0.85,Tuning,Tuning,0.0,1.0
Ela_metadataset,DecisionTree,0.85,Defaults,Tuning,0.0,1.0
Ela_metadataset,DecisionTree,0.85,Tuning,Tuning,0.0,1.0
Ela_metadataset,DecisionTree,0.85,Tuning,Tuning,0.0,1.0
Ela_metadataset,DecisionTree,0.85,Tuning,Tuning,0.0,1.0
Ela_metadataset,DecisionTree,0.85,Defaults,Tuning,0.0,1.0
Ela_metadataset,DecisionTree,0.85,Tuning,Tuning,0.0,1.0
Ela_metadataset,DecisionTree,0.85,Tuning,Tuning,0.0,1.0
Ela_metadataset,DecisionTree,0.85,Tuning,Defaults,1.0,0.0
Ela_metadataset,DecisionTree,0.85,Tuning,Tuning,0.0,1.0
Ela_metadataset,DecisionTree,0.85,Tuning,Defaults,1.0,0.0
Ela_metadataset,DecisionTree,0.85,Tuning,Tuning,0.0,1.0
Ela_metadataset,DecisionTree,0.85,Tuning,Tuning,0.0,1.0
Ela_metadataset,DecisionTree,0.85,Defaults,Tuning,0.0,1.0
Ela_metadataset,DecisionTree,0.85,Tuning,Tuning,0.0,1.0
Ela_metadataset,DecisionTree,0.85,Tuning,Tuning,0.0,1.0
Ela_metadataset,DecisionTree,0.85,Tuning,Tuning,0.0,1.0
Ela_metadataset,DecisionTree,0.85,Tuning,Tuning,0.0,1.0
Ela_metadataset,DecisionTree,0.85,Tuning,Tuning,0.0,1.0
Ela_metadataset,DecisionTree,0.85,Tuning,Tuning,0.0,1.0
Ela_metadataset,DecisionTree,0.85,Tuning,Defaults,1.0,0.0
Ela_metadataset,DecisionTree,0.85,Tuning,Tuning,0.0,1.0
Ela_metadataset,DecisionTree,0.85,Defaults,Tuning,0.0,1.0
Ela_metadataset,DecisionTree,0.85,Tuning,Defaults,1.0,0.0
Ela_metadataset,DecisionTree,0.85,Defaults,Defaults,1.0,0.0
Ela_metadataset,DecisionTree,0.85,Tuning,Tuning,0.0,1.0
Ela_metadataset,DecisionTree,0.85,Tuning,Defaults,1.0,0.0
Ela_metadataset,DecisionTree,0.85,Tuning,Tuning,0.0,1.0
Ela_metadataset,DecisionTree,0.85,Tuning,Tuning,0.0,1.0
Ela_metadataset,DecisionTree,0.85,Defaults,Tuning,0.0,1.0
Ela_metadataset,DecisionTree,0.85,Defaults,Tuning,0.0,1.0
Ela_metadataset,DecisionTree,0.85,Tuning,Tuning,0.0,1.0
Ela_metadataset,DecisionTree,0.85,Tuning,Defaults,1.0,0.0
Ela_metadataset,DecisionTree,0.85,Tuning,Tuning,0.0,1.0
Ela_metadataset,DecisionTree,0.85,Tuning,Tuning,0.0,1.0
Ela_metadataset,DecisionTree,0.85,Tuning,Tuning,0.0,1.0
Ela_metadataset,DecisionTree,0.85,Tuning,Tuning,0.0,1.0
Ela_metadataset,DecisionTree,0.85,Tuning,Tuning,0.0,1.0
Ela_metadataset,DecisionTree,0.85,Tuning,Tuning,0.0,1.0
Ela_metadataset,DecisionTree,0.85,Defaults,Defaults,1.0,0.0
Ela_metadataset,DecisionTree,0.85,Tuning,Tuning,0.0,1.0
Ela_metadataset,DecisionTree,0.85,Tuning,Tuning,0.0,1.0
Ela_metadataset,DecisionTree,0.85,Tuning,Tuning,0.0,1.0
Ela_metadataset,DecisionTree,0.85,Tuning,Defaults,1.0,0.0
Ela_metadataset,DecisionTree,0.85,Defaults,Tuning,0.0,1.0
Ela_metadataset,DecisionTree,0.85,Tuning,Tuning,0.0,1.0
Ela_metadataset,DecisionTree,0.85,Tuning,Tuning,0.0,1.0
Ela_metadataset,DecisionTree,0.85,Tuning,Tuning,0.0,1.0
Ela_metadataset,DecisionTree,0.85,Defaults,Tuning,0.0,1.0
Ela_metadataset,DecisionTree,0.85,Tuning,Tuning,0.0,1.0
Ela_metadataset,DecisionTree,0.85,Tuning,Defaults,1.0,0.0
Ela_metadataset,DecisionTree,0.85,Tuning,Tuning,0.0,1.0
Ela_metadataset,DecisionTree,0.85,Defaults,Tuning,0.0,1.0
Ela_metadataset,DecisionTree,0.85,Defaults,Tuning,0.0,1.0
Ela_metadataset,DecisionTree,0.85,Tuning,Tuning,0.0,1.0
Ela_metadataset,DecisionTree,0.85,Tuning,Tuning,0.0,1.0
Ela_metadataset,DecisionTree,0.85,Tuning,Tuning,0.0,1.0
Ela_metadataset,DecisionTree,0.85,Defaults,Tuning,0.0,1.0
Ela_metadataset,DecisionTree,0.85,Defaults,Tuning,0.0,1.0
Ela_metadataset,DecisionTree,0.85,Defaults,Defaults,1.0,0.0
Ela_metadataset,DecisionTree,0.85,Tuning,Tuning,0.0,1.0
Ela_metadataset,DecisionTree,0.85,Defaults,Tuning,0.0,1.0
Ela_metadataset,DecisionTree,0.85,Tuning,Defaults,1.0,0.0
Ela_metadataset,DecisionTree,0.85,Tuning,Tuning,0.0,1.0
Ela_metadataset,DecisionTree,0.85,Defaults,Defaults,1.0,0.0
Ela_metadataset,DecisionTree,0.85,Defaults,Defaults,1.0,0.0
Ela_metadataset,DecisionTree,0.85,Tuning,Tuning,0.0,1.0
Ela_metadataset,DecisionTree,0.85,Tuning,Defaults,1.0,0.0
Ela_metadataset,DecisionTree,0.85,Defaults,Tuning,0.0,1.0
Ela_metadataset,DecisionTree,0.85,Tuning,Tuning,0.0,1.0
Ela_metadataset,DecisionTree,0.85,Tuning,Tuning,0.0,1.0
Ela_metadataset,DecisionTree,0.85,Tuning,Defaults,1.0,0.0
Ela_metadataset,DecisionTree,0.85,Tuning,Tuning,0.0,1.0
Ela_metadataset,DecisionTree,0.9,Tuning,Tuning,0.0,1.0
Ela_metadataset,DecisionTree,0.9,Tuning,Tuning,0.0,1.0
Ela_metadataset,DecisionTree,0.9,Defaults,Defaults,1.0,0.0
Ela_metadataset,DecisionTree,0.9,Tuning,Tuning,0.0,1.0
Ela_metadataset,DecisionTree,0.9,Tuning,Tuning,0.0,1.0
Ela_metadataset,DecisionTree,0.9,Tuning,Defaults,1.0,0.0
Ela_metadataset,DecisionTree,0.9,Tuning,Tuning,0.0,1.0
Ela_metadataset,DecisionTree,0.9,Defaults,Tuning,0.0,1.0
Ela_metadataset,DecisionTree,0.9,Defaults,Defaults,1.0,0.0
Ela_metadataset,DecisionTree,0.9,Tuning,Tuning,0.0,1.0
Ela_metadataset,DecisionTree,0.9,Tuning,Tuning,0.0,1.0
Ela_metadataset,DecisionTree,0.9,Defaults,Defaults,1.0,0.0
Ela_metadataset,DecisionTree,0.9,Tuning,Tuning,0.0,1.0
Ela_metadataset,DecisionTree,0.9,Tuning,Defaults,1.0,0.0
Ela_metadataset,DecisionTree,0.9,Tuning,Tuning,0.0,1.0
Ela_metadataset,DecisionTree,0.9,Tuning,Tuning,0.0,1.0
Ela_metadataset,DecisionTree,0.9,Defaults,Tuning,0.0,1.0
Ela_metadataset,DecisionTree,0.9,Tuning,Tuning,0.0,1.0
Ela_metadataset,DecisionTree,0.9,Defaults,Defaults,1.0,0.0
Ela_metadataset,DecisionTree,0.9,Tuning,Defaults,1.0,0.0
Ela_metadataset,DecisionTree,0.9,Tuning,Defaults,1.0,0.0
Ela_metadataset,DecisionTree,0.9,Defaults,Defaults,1.0,0.0
Ela_metadataset,DecisionTree,0.9,Tuning,Defaults,1.0,0.0
Ela_metadataset,DecisionTree,0.9,Tuning,Tuning,0.0,1.0
Ela_metadataset,DecisionTree,0.9,Tuning,Tuning,0.0,1.0
Ela_metadataset,DecisionTree,0.9,Tuning,Tuning,0.0,1.0
Ela_metadataset,DecisionTree,0.9,Tuning,Tuning,0.0,1.0
Ela_metadataset,DecisionTree,0.9,Tuning,Tuning,0.0,1.0
Ela_metadataset,DecisionTree,0.9,Tuning,Tuning,0.0,1.0
Ela_metadataset,DecisionTree,0.9,Tuning,Tuning,0.0,1.0
Ela_metadataset,DecisionTree,0.9,Tuning,Tuning,0.0,1.0
Ela_metadataset,DecisionTree,0.9,Tuning,Tuning,0.0,1.0
Ela_metadataset,DecisionTree,0.9,Defaults,Defaults,1.0,0.0
Ela_metadataset,DecisionTree,0.9,Defaults,Tuning,0.0,1.0
Ela_metadataset,DecisionTree,0.9,Tuning,Tuning,0.0,1.0
Ela_metadataset,DecisionTree,0.9,Tuning,Defaults,1.0,0.0
Ela_metadataset,DecisionTree,0.9,Tuning,Defaults,1.0,0.0
Ela_metadataset,DecisionTree,0.9,Defaults,Defaults,1.0,0.0
Ela_metadataset,DecisionTree,0.9,Tuning,Tuning,0.0,1.0
Ela_metadataset,DecisionTree,0.9,Defaults,Defaults,1.0,0.0
Ela_metadataset,DecisionTree,0.9,Tuning,Tuning,0.0,1.0
Ela_metadataset,DecisionTree,0.9,Tuning,Tuning,0.0,1.0
Ela_metadataset,DecisionTree,0.9,Tuning,Tuning,0.0,1.0
Ela_metadataset,DecisionTree,0.9,Tuning,Tuning,0.0,1.0
Ela_metadataset,DecisionTree,0.9,Tuning,Tuning,0.0,1.0
Ela_metadataset,DecisionTree,0.9,Tuning,Tuning,0.0,1.0
Ela_metadataset,DecisionTree,0.9,Tuning,Tuning,0.0,1.0
Ela_metadataset,DecisionTree,0.9,Tuning,Tuning,0.0,1.0
Ela_metadataset,DecisionTree,0.9,Tuning,Defaults,1.0,0.0
Ela_metadataset,DecisionTree,0.9,Tuning,Tuning,0.0,1.0
Ela_metadataset,DecisionTree,0.9,Defaults,Tuning,0.0,1.0
Ela_metadataset,DecisionTree,0.9,Tuning,Tuning,0.0,1.0
Ela_metadataset,DecisionTree,0.9,Tuning,Tuning,0.0,1.0
Ela_metadataset,DecisionTree,0.9,Defaults,Tuning,0.0,1.0
Ela_metadataset,DecisionTree,0.9,Tuning,Defaults,1.0,0.0
Ela_metadataset,DecisionTree,0.9,Tuning,Defaults,1.0,0.0
Ela_metadataset,DecisionTree,0.9,Tuning,Tuning,0.0,1.0
Ela_metadataset,DecisionTree,0.9,Tuning,Defaults,1.0,0.0
Ela_metadataset,DecisionTree,0.9,Tuning,Tuning,0.0,1.0
Ela_metadataset,DecisionTree,0.9,Tuning,Defaults,1.0,0.0
Ela_metadataset,DecisionTree,0.9,Tuning,Tuning,0.0,1.0
Ela_metadataset,DecisionTree,0.9,Tuning,Tuning,0.0,1.0
Ela_metadataset,DecisionTree,0.9,Tuning,Tuning,0.0,1.0
Ela_metadataset,DecisionTree,0.9,Defaults,Tuning,0.0,1.0
Ela_metadataset,DecisionTree,0.9,Tuning,Defaults,1.0,0.0
Ela_metadataset,DecisionTree,0.9,Defaults,Tuning,0.0,1.0
Ela_metadataset,DecisionTree,0.9,Tuning,Tuning,0.0,1.0
Ela_metadataset,DecisionTree,0.9,Tuning,Tuning,0.0,1.0
Ela_metadataset,DecisionTree,0.9,Tuning,Tuning,0.0,1.0
Ela_metadataset,DecisionTree,0.9,Tuning,Tuning,0.0,1.0
Ela_metadataset,DecisionTree,0.9,Tuning,Tuning,0.0,1.0
Ela_metadataset,DecisionTree,0.9,Defaults,Tuning,0.0,1.0
Ela_metadataset,DecisionTree,0.9,Tuning,Tuning,0.0,1.0
Ela_metadataset,DecisionTree,0.9,Defaults,Tuning,0.0,1.0
Ela_metadataset,DecisionTree,0.9,Defaults,Defaults,1.0,0.0
Ela_metadataset,DecisionTree,0.9,Defaults,Tuning,0.0,1.0
Ela_metadataset,DecisionTree,0.9,Defaults,Defaults,1.0,0.0
Ela_metadataset,DecisionTree,0.9,Tuning,Tuning,0.0,1.0
Ela_metadataset,DecisionTree,0.9,Tuning,Tuning,0.0,1.0
Ela_metadataset,DecisionTree,0.9,Tuning,Tuning,0.0,1.0
Ela_metadataset,DecisionTree,0.9,Defaults,Tuning,0.0,1.0
Ela_metadataset,DecisionTree,0.9,Defaults,Tuning,0.0,1.0
Ela_metadataset,DecisionTree,0.9,Defaults,Tuning,0.0,1.0
Ela_metadataset,DecisionTree,0.9,Defaults,Defaults,1.0,0.0
Ela_metadataset,DecisionTree,0.9,Tuning,Tuning,0.0,1.0
Ela_metadataset,DecisionTree,0.9,Tuning,Tuning,0.0,1.0
Ela_metadataset,DecisionTree,0.9,Defaults,Tuning,0.0,1.0
Ela_metadataset,DecisionTree,0.9,Tuning,Tuning,0.0,1.0
Ela_metadataset,DecisionTree,0.9,Defaults,Tuning,0.0,1.0
Ela_metadataset,DecisionTree,0.9,Tuning,Tuning,0.0,1.0
Ela_metadataset,DecisionTree,0.9,Tuning,Tuning,0.0,1.0
Ela_metadataset,DecisionTree,0.9,Defaults,Tuning,0.0,1.0
Ela_metadataset,DecisionTree,0.9,Tuning,Tuning,0.0,1.0
Ela_metadataset,DecisionTree,0.9,Defaults,Defaults,1.0,0.0
Ela_metadataset,DecisionTree,0.9,Tuning,Defaults,1.0,0.0
Ela_metadataset,DecisionTree,0.9,Tuning,Tuning,0.0,1.0
Ela_metadataset,DecisionTree,0.9,Tuning,Tuning,0.0,1.0
Ela_metadataset,DecisionTree,0.9,Defaults,Tuning,0.0,1.0
Ela_metadataset,DecisionTree,0.9,Tuning,Tuning,0.0,1.0
Ela_metadataset,DecisionTree,0.9,Tuning,Tuning,0.0,1.0
Ela_metadataset,DecisionTree,0.9,Tuning,Tuning,0.0,1.0
Ela_metadataset,DecisionTree,0.9,Defaults,Tuning,0.0,1.0
Ela_metadataset,DecisionTree,0.9,Tuning,Tuning,0.0,1.0
Ela_metadataset,DecisionTree,0.9,Tuning,Tuning,0.0,1.0
Ela_metadataset,DecisionTree,0.9,Tuning,Defaults,1.0,0.0
Ela_metadataset,DecisionTree,0.9,Tuning,Tuning,0.0,1.0
Ela_metadataset,DecisionTree,0.9,Tuning,Defaults,1.0,0.0
Ela_metadataset,DecisionTree,0.9,Tuning,Tuning,0.0,1.0
Ela_metadataset,DecisionTree,0.9,Tuning,Tuning,0.0,1.0
Ela_metadataset,DecisionTree,0.9,Defaults,Tuning,0.0,1.0
Ela_metadataset,DecisionTree,0.9,Tuning,Tuning,0.0,1.0
Ela_metadataset,DecisionTree,0.9,Tuning,Tuning,0.0,1.0
Ela_metadataset,DecisionTree,0.9,Tuning,Tuning,0.0,1.0
Ela_metadataset,DecisionTree,0.9,Tuning,Defaults,1.0,0.0
Ela_metadataset,DecisionTree,0.9,Tuning,Tuning,0.0,1.0
Ela_metadataset,DecisionTree,0.9,Tuning,Tuning,0.0,1.0
Ela_metadataset,DecisionTree,0.9,Tuning,Defaults,1.0,0.0
Ela_metadataset,DecisionTree,0.9,Tuning,Tuning,0.0,1.0
Ela_metadataset,DecisionTree,0.9,Defaults,Tuning,0.0,1.0
Ela_metadataset,DecisionTree,0.9,Tuning,Defaults,1.0,0.0
Ela_metadataset,DecisionTree,0.9,Defaults,Defaults,1.0,0.0
Ela_metadataset,DecisionTree,0.9,Tuning,Tuning,0.0,1.0
Ela_metadataset,DecisionTree,0.9,Tuning,Defaults,1.0,0.0
Ela_metadataset,DecisionTree,0.9,Tuning,Tuning,0.0,1.0
Ela_metadataset,DecisionTree,0.9,Tuning,Tuning,0.0,1.0
Ela_metadataset,DecisionTree,0.9,Defaults,Defaults,1.0,0.0
Ela_metadataset,DecisionTree,0.9,Defaults,Tuning,0.0,1.0
Ela_metadataset,DecisionTree,0.9,Tuning,Tuning,0.0,1.0
Ela_metadataset,DecisionTree,0.9,Tuning,Defaults,1.0,0.0
Ela_metadataset,DecisionTree,0.9,Tuning,Tuning,0.0,1.0
Ela_metadataset,DecisionTree,0.9,Tuning,Tuning,0.0,1.0
Ela_metadataset,DecisionTree,0.9,Tuning,Tuning,0.0,1.0
Ela_metadataset,DecisionTree,0.9,Tuning,Tuning,0.0,1.0
Ela_metadataset,DecisionTree,0.9,Tuning,Tuning,0.0,1.0
Ela_metadataset,DecisionTree,0.9,Tuning,Tuning,0.0,1.0
Ela_metadataset,DecisionTree,0.9,Defaults,Defaults,1.0,0.0
Ela_metadataset,DecisionTree,0.9,Tuning,Tuning,0.0,1.0
Ela_metadataset,DecisionTree,0.9,Tuning,Tuning,0.0,1.0
Ela_metadataset,DecisionTree,0.9,Tuning,Defaults,1.0,0.0
Ela_metadataset,DecisionTree,0.9,Tuning,Defaults,1.0,0.0
Ela_metadataset,DecisionTree,0.9,Defaults,Tuning,0.0,1.0
Ela_metadataset,DecisionTree,0.9,Tuning,Tuning,0.0,1.0
Ela_metadataset,DecisionTree,0.9,Tuning,Tuning,0.0,1.0
Ela_metadataset,DecisionTree,0.9,Tuning,Tuning,0.0,1.0
Ela_metadataset,DecisionTree,0.9,Defaults,Tuning,0.0,1.0
Ela_metadataset,DecisionTree,0.9,Tuning,Defaults,1.0,0.0
Ela_metadataset,DecisionTree,0.9,Tuning,Tuning,0.0,1.0
Ela_metadataset,DecisionTree,0.9,Tuning,Tuning,0.0,1.0
Ela_metadataset,DecisionTree,0.9,Defaults,Defaults,1.0,0.0
Ela_metadataset,DecisionTree,0.9,Defaults,Tuning,0.0,1.0
Ela_metadataset,DecisionTree,0.9,Tuning,Defaults,1.0,0.0
Ela_metadataset,DecisionTree,0.9,Tuning,Tuning,0.0,1.0
Ela_metadataset,DecisionTree,0.9,Tuning,Tuning,0.0,1.0
Ela_metadataset,DecisionTree,0.9,Defaults,Tuning,0.0,1.0
Ela_metadataset,DecisionTree,0.9,Defaults,Defaults,1.0,0.0
Ela_metadataset,DecisionTree,0.9,Defaults,Defaults,1.0,0.0
Ela_metadataset,DecisionTree,0.9,Tuning,Tuning,0.0,1.0
Ela_metadataset,DecisionTree,0.9,Defaults,Defaults,1.0,0.0
Ela_metadataset,DecisionTree,0.9,Tuning,Defaults,1.0,0.0
Ela_metadataset,DecisionTree,0.9,Tuning,Tuning,0.0,1.0
Ela_metadataset,DecisionTree,0.9,Defaults,Defaults,1.0,0.0
Ela_metadataset,DecisionTree,0.9,Defaults,Defaults,1.0,0.0
Ela_metadataset,DecisionTree,0.9,Tuning,Tuning,0.0,1.0
Ela_metadataset,DecisionTree,0.9,Tuning,Tuning,0.0,1.0
Ela_metadataset,DecisionTree,0.9,Defaults,Tuning,0.0,1.0
Ela_metadataset,DecisionTree,0.9,Tuning,Tuning,0.0,1.0
Ela_metadataset,DecisionTree,0.9,Tuning,Tuning,0.0,1.0
Ela_metadataset,DecisionTree,0.9,Tuning,Tuning,0.0,1.0
Ela_metadataset,DecisionTree,0.9,Tuning,Defaults,1.0,0.0
Ela_metadataset,DecisionTree,0.95,Tuning,Tuning,0.0,1.0
Ela_metadataset,DecisionTree,0.95,Tuning,Tuning,0.0,1.0
Ela_metadataset,DecisionTree,0.95,Defaults,Tuning,0.0,1.0
Ela_metadataset,DecisionTree,0.95,Tuning,Defaults,1.0,0.0
Ela_metadataset,DecisionTree,0.95,Tuning,Tuning,0.0,1.0
Ela_metadataset,DecisionTree,0.95,Tuning,Tuning,0.0,1.0
Ela_metadataset,DecisionTree,0.95,Tuning,Tuning,0.0,1.0
Ela_metadataset,DecisionTree,0.95,Defaults,Tuning,0.0,1.0
Ela_metadataset,DecisionTree,0.95,Defaults,Defaults,1.0,0.0
Ela_metadataset,DecisionTree,0.95,Tuning,Defaults,1.0,0.0
Ela_metadataset,DecisionTree,0.95,Tuning,Tuning,0.0,1.0
Ela_metadataset,DecisionTree,0.95,Defaults,Tuning,0.0,1.0
Ela_metadataset,DecisionTree,0.95,Tuning,Tuning,0.0,1.0
Ela_metadataset,DecisionTree,0.95,Tuning,Defaults,1.0,0.0
Ela_metadataset,DecisionTree,0.95,Tuning,Tuning,0.0,1.0
Ela_metadataset,DecisionTree,0.95,Tuning,Tuning,0.0,1.0
Ela_metadataset,DecisionTree,0.95,Defaults,Tuning,0.0,1.0
Ela_metadataset,DecisionTree,0.95,Tuning,Tuning,0.0,1.0
Ela_metadataset,DecisionTree,0.95,Defaults,Tuning,0.0,1.0
Ela_metadataset,DecisionTree,0.95,Tuning,Defaults,1.0,0.0
Ela_metadataset,DecisionTree,0.95,Tuning,Defaults,1.0,0.0
Ela_metadataset,DecisionTree,0.95,Defaults,Defaults,1.0,0.0
Ela_metadataset,DecisionTree,0.95,Tuning,Defaults,1.0,0.0
Ela_metadataset,DecisionTree,0.95,Tuning,Tuning,0.0,1.0
Ela_metadataset,DecisionTree,0.95,Tuning,Defaults,1.0,0.0
Ela_metadataset,DecisionTree,0.95,Tuning,Tuning,0.0,1.0
Ela_metadataset,DecisionTree,0.95,Tuning,Tuning,0.0,1.0
Ela_metadataset,DecisionTree,0.95,Tuning,Tuning,0.0,1.0
Ela_metadataset,DecisionTree,0.95,Tuning,Tuning,0.0,1.0
Ela_metadataset,DecisionTree,0.95,Tuning,Tuning,0.0,1.0
Ela_metadataset,DecisionTree,0.95,Tuning,Tuning,0.0,1.0
Ela_metadataset,DecisionTree,0.95,Tuning,Tuning,0.0,1.0
Ela_metadataset,DecisionTree,0.95,Defaults,Tuning,0.0,1.0
Ela_metadataset,DecisionTree,0.95,Defaults,Defaults,1.0,0.0
Ela_metadataset,DecisionTree,0.95,Tuning,Tuning,0.0,1.0
Ela_metadataset,DecisionTree,0.95,Tuning,Tuning,0.0,1.0
Ela_metadataset,DecisionTree,0.95,Tuning,Tuning,0.0,1.0
Ela_metadataset,DecisionTree,0.95,Defaults,Defaults,1.0,0.0
Ela_metadataset,DecisionTree,0.95,Tuning,Tuning,0.0,1.0
Ela_metadataset,DecisionTree,0.95,Defaults,Defaults,1.0,0.0
Ela_metadataset,DecisionTree,0.95,Tuning,Tuning,0.0,1.0
Ela_metadataset,DecisionTree,0.95,Tuning,Tuning,0.0,1.0
Ela_metadataset,DecisionTree,0.95,Tuning,Tuning,0.0,1.0
Ela_metadataset,DecisionTree,0.95,Tuning,Tuning,0.0,1.0
Ela_metadataset,DecisionTree,0.95,Tuning,Tuning,0.0,1.0
Ela_metadataset,DecisionTree,0.95,Tuning,Tuning,0.0,1.0
Ela_metadataset,DecisionTree,0.95,Tuning,Tuning,0.0,1.0
Ela_metadataset,DecisionTree,0.95,Tuning,Tuning,0.0,1.0
Ela_metadataset,DecisionTree,0.95,Tuning,Defaults,1.0,0.0
Ela_metadataset,DecisionTree,0.95,Tuning,Tuning,0.0,1.0
Ela_metadataset,DecisionTree,0.95,Defaults,Tuning,0.0,1.0
Ela_metadataset,DecisionTree,0.95,Tuning,Defaults,1.0,0.0
Ela_metadataset,DecisionTree,0.95,Tuning,Tuning,0.0,1.0
Ela_metadataset,DecisionTree,0.95,Defaults,Tuning,0.0,1.0
Ela_metadataset,DecisionTree,0.95,Tuning,Defaults,1.0,0.0
Ela_metadataset,DecisionTree,0.95,Tuning,Tuning,0.0,1.0
Ela_metadataset,DecisionTree,0.95,Tuning,Tuning,0.0,1.0
Ela_metadataset,DecisionTree,0.95,Tuning,Defaults,1.0,0.0
Ela_metadataset,DecisionTree,0.95,Tuning,Tuning,0.0,1.0
Ela_metadataset,DecisionTree,0.95,Tuning,Tuning,0.0,1.0
Ela_metadataset,DecisionTree,0.95,Tuning,Defaults,1.0,0.0
Ela_metadataset,DecisionTree,0.95,Tuning,Tuning,0.0,1.0
Ela_metadataset,DecisionTree,0.95,Tuning,Tuning,0.0,1.0
Ela_metadataset,DecisionTree,0.95,Defaults,Defaults,1.0,0.0
Ela_metadataset,DecisionTree,0.95,Tuning,Tuning,0.0,1.0
Ela_metadataset,DecisionTree,0.95,Defaults,Tuning,0.0,1.0
Ela_metadataset,DecisionTree,0.95,Tuning,Defaults,1.0,0.0
Ela_metadataset,DecisionTree,0.95,Tuning,Tuning,0.0,1.0
Ela_metadataset,DecisionTree,0.95,Tuning,Defaults,1.0,0.0
Ela_metadataset,DecisionTree,0.95,Tuning,Defaults,1.0,0.0
Ela_metadataset,DecisionTree,0.95,Tuning,Defaults,1.0,0.0
Ela_metadataset,DecisionTree,0.95,Defaults,Tuning,0.0,1.0
Ela_metadataset,DecisionTree,0.95,Tuning,Defaults,1.0,0.0
Ela_metadataset,DecisionTree,0.95,Defaults,Tuning,0.0,1.0
Ela_metadataset,DecisionTree,0.95,Defaults,Tuning,0.0,1.0
Ela_metadataset,DecisionTree,0.95,Defaults,Tuning,0.0,1.0
Ela_metadataset,DecisionTree,0.95,Defaults,Defaults,1.0,0.0
Ela_metadataset,DecisionTree,0.95,Tuning,Tuning,0.0,1.0
Ela_metadataset,DecisionTree,0.95,Tuning,Tuning,0.0,1.0
Ela_metadataset,DecisionTree,0.95,Tuning,Tuning,0.0,1.0
Ela_metadataset,DecisionTree,0.95,Defaults,Tuning,0.0,1.0
Ela_metadataset,DecisionTree,0.95,Defaults,Tuning,0.0,1.0
Ela_metadataset,DecisionTree,0.95,Defaults,Tuning,0.0,1.0
Ela_metadataset,DecisionTree,0.95,Defaults,Defaults,1.0,0.0
Ela_metadataset,DecisionTree,0.95,Tuning,Tuning,0.0,1.0
Ela_metadataset,DecisionTree,0.95,Tuning,Tuning,0.0,1.0
Ela_metadataset,DecisionTree,0.95,Defaults,Defaults,1.0,0.0
Ela_metadataset,DecisionTree,0.95,Tuning,Tuning,0.0,1.0
Ela_metadataset,DecisionTree,0.95,Defaults,Defaults,1.0,0.0
Ela_metadataset,DecisionTree,0.95,Tuning,Tuning,0.0,1.0
Ela_metadataset,DecisionTree,0.95,Tuning,Tuning,0.0,1.0
Ela_metadataset,DecisionTree,0.95,Defaults,Tuning,0.0,1.0
Ela_metadataset,DecisionTree,0.95,Tuning,Tuning,0.0,1.0
Ela_metadataset,DecisionTree,0.95,Defaults,Defaults,1.0,0.0
Ela_metadataset,DecisionTree,0.95,Tuning,Defaults,1.0,0.0
Ela_metadataset,DecisionTree,0.95,Tuning,Tuning,0.0,1.0
Ela_metadataset,DecisionTree,0.95,Tuning,Defaults,1.0,0.0
Ela_metadataset,DecisionTree,0.95,Defaults,Tuning,0.0,1.0
Ela_metadataset,DecisionTree,0.95,Tuning,Tuning,0.0,1.0
Ela_metadataset,DecisionTree,0.95,Tuning,Defaults,1.0,0.0
Ela_metadataset,DecisionTree,0.95,Tuning,Tuning,0.0,1.0
Ela_metadataset,DecisionTree,0.95,Defaults,Tuning,0.0,1.0
Ela_metadataset,DecisionTree,0.95,Tuning,Defaults,1.0,0.0
Ela_metadataset,DecisionTree,0.95,Tuning,Tuning,0.0,1.0
Ela_metadataset,DecisionTree,0.95,Tuning,Tuning,0.0,1.0
Ela_metadataset,DecisionTree,0.95,Tuning,Tuning,0.0,1.0
Ela_metadataset,DecisionTree,0.95,Tuning,Defaults,1.0,0.0
Ela_metadataset,DecisionTree,0.95,Tuning,Defaults,1.0,0.0
Ela_metadataset,DecisionTree,0.95,Tuning,Tuning,0.0,1.0
Ela_metadataset,DecisionTree,0.95,Defaults,Tuning,0.0,1.0
Ela_metadataset,DecisionTree,0.95,Tuning,Tuning,0.0,1.0
Ela_metadataset,DecisionTree,0.95,Tuning,Tuning,0.0,1.0
Ela_metadataset,DecisionTree,0.95,Tuning,Tuning,0.0,1.0
Ela_metadataset,DecisionTree,0.95,Tuning,Tuning,0.0,1.0
Ela_metadataset,DecisionTree,0.95,Tuning,Tuning,0.0,1.0
Ela_metadataset,DecisionTree,0.95,Tuning,Tuning,0.0,1.0
Ela_metadataset,DecisionTree,0.95,Tuning,Tuning,0.0,1.0
Ela_metadataset,DecisionTree,0.95,Tuning,Defaults,1.0,0.0
Ela_metadataset,DecisionTree,0.95,Defaults,Defaults,1.0,0.0
Ela_metadataset,DecisionTree,0.95,Tuning,Defaults,1.0,0.0
Ela_metadataset,DecisionTree,0.95,Defaults,Defaults,1.0,0.0
Ela_metadataset,DecisionTree,0.95,Tuning,Tuning,0.0,1.0
Ela_metadataset,DecisionTree,0.95,Tuning,Tuning,0.0,1.0
Ela_metadataset,DecisionTree,0.95,Tuning,Tuning,0.0,1.0
Ela_metadataset,DecisionTree,0.95,Tuning,Tuning,0.0,1.0
Ela_metadataset,DecisionTree,0.95,Defaults,Tuning,0.0,1.0
Ela_metadataset,DecisionTree,0.95,Defaults,Defaults,1.0,0.0
Ela_metadataset,DecisionTree,0.95,Tuning,Defaults,1.0,0.0
Ela_metadataset,DecisionTree,0.95,Tuning,Tuning,0.0,1.0
Ela_metadataset,DecisionTree,0.95,Tuning,Tuning,0.0,1.0
Ela_metadataset,DecisionTree,0.95,Tuning,Tuning,0.0,1.0
Ela_metadataset,DecisionTree,0.95,Tuning,Defaults,1.0,0.0
Ela_metadataset,DecisionTree,0.95,Tuning,Defaults,1.0,0.0
Ela_metadataset,DecisionTree,0.95,Tuning,Tuning,0.0,1.0
Ela_metadataset,DecisionTree,0.95,Tuning,Tuning,0.0,1.0
Ela_metadataset,DecisionTree,0.95,Defaults,Tuning,0.0,1.0
Ela_metadataset,DecisionTree,0.95,Tuning,Defaults,1.0,0.0
Ela_metadataset,DecisionTree,0.95,Tuning,Tuning,0.0,1.0
Ela_metadataset,DecisionTree,0.95,Tuning,Tuning,0.0,1.0
Ela_metadataset,DecisionTree,0.95,Tuning,Defaults,1.0,0.0
Ela_metadataset,DecisionTree,0.95,Defaults,Tuning,0.0,1.0
Ela_metadataset,DecisionTree,0.95,Tuning,Tuning,0.0,1.0
Ela_metadataset,DecisionTree,0.95,Tuning,Defaults,1.0,0.0
Ela_metadataset,DecisionTree,0.95,Tuning,Tuning,0.0,1.0
Ela_metadataset,DecisionTree,0.95,Defaults,Tuning,0.0,1.0
Ela_metadataset,DecisionTree,0.95,Tuning,Defaults,1.0,0.0
Ela_metadataset,DecisionTree,0.95,Tuning,Defaults,1.0,0.0
Ela_metadataset,DecisionTree,0.95,Tuning,Tuning,0.0,1.0
Ela_metadataset,DecisionTree,0.95,Defaults,Tuning,0.0,1.0
Ela_metadataset,DecisionTree,0.95,Defaults,Tuning,0.0,1.0
Ela_metadataset,DecisionTree,0.95,Tuning,Defaults,1.0,0.0
Ela_metadataset,DecisionTree,0.95,Tuning,Tuning,0.0,1.0
Ela_metadataset,DecisionTree,0.95,Tuning,Defaults,1.0,0.0
Ela_metadataset,DecisionTree,0.95,Defaults,Defaults,1.0,0.0
Ela_metadataset,DecisionTree,0.95,Defaults,Defaults,1.0,0.0
Ela_metadataset,DecisionTree,0.95,Defaults,Defaults,1.0,0.0
Ela_metadataset,DecisionTree,0.95,Tuning,Defaults,1.0,0.0
Ela_metadataset,DecisionTree,0.95,Defaults,Tuning,0.0,1.0
Ela_metadataset,DecisionTree,0.95,Tuning,Defaults,1.0,0.0
Ela_metadataset,DecisionTree,0.95,Tuning,Tuning,0.0,1.0
Ela_metadataset,DecisionTree,0.95,Defaults,Tuning,0.0,1.0
Ela_metadataset,DecisionTree,0.95,Defaults,Tuning,0.0,1.0
Ela_metadataset,DecisionTree,0.95,Tuning,Tuning,0.0,1.0
Ela_metadataset,DecisionTree,0.95,Tuning,Defaults,1.0,0.0
Ela_metadataset,DecisionTree,0.95,Defaults,Tuning,0.0,1.0
Ela_metadataset,DecisionTree,0.95,Tuning,Tuning,0.0,1.0
Ela_metadataset,DecisionTree,0.95,Tuning,Defaults,1.0,0.0
Ela_metadataset,DecisionTree,0.95,Tuning,Defaults,1.0,0.0
Ela_metadataset,DecisionTree,0.95,Tuning,Defaults,1.0,0.0
Ela_metadataset,NaiveBayes,0.8,Tuning,Defaults,0.9729203251427082,0.027079674857291586
Ela_metadataset,NaiveBayes,0.8,Tuning,Defaults,0.8869942968632344,0.11300570313676485
Ela_metadataset,NaiveBayes,0.8,Defaults,Defaults,0.9999174352531756,8.256474682273575e-05
Ela_metadataset,NaiveBayes,0.8,Tuning,Defaults,0.9919159018738668,0.008084098126133154
Ela_metadataset,NaiveBayes,0.8,Tuning,Defaults,0.9592061122156246,0.04079388778437649
Ela_metadataset,NaiveBayes,0.8,Tuning,Defaults,0.9992999791425053,0.0007000208574960984
Ela_metadataset,NaiveBayes,0.8,Tuning,Defaults,0.8631507464933462,0.13684925350665472
Ela_metadataset,NaiveBayes,0.8,Defaults,Defaults,0.9985965708836887,0.0014034291163113428
Ela_metadataset,NaiveBayes,0.8,Defaults,Defaults,0.9994956347691331,0.000504365230866928
Ela_metadataset,NaiveBayes,0.8,Tuning,Defaults,0.9939268682492038,0.006073131750796684
Ela_metadataset,NaiveBayes,0.8,Tuning,Defaults,0.9879984499123694,0.012001550087631114
Ela_metadataset,NaiveBayes,0.8,Defaults,Defaults,0.9868240640066303,0.013175935993368316
Ela_metadataset,NaiveBayes,0.8,Tuning,Defaults,0.9989191721344596,0.0010808278655412532
Ela_metadataset,NaiveBayes,0.8,Tuning,Defaults,0.9994800238774741,0.0005199761225267715
Ela_metadataset,NaiveBayes,0.8,Tuning,Tuning,0.0,1.0
Ela_metadataset,NaiveBayes,0.8,Tuning,Defaults,0.9751541546943033,0.02484584530569738
Ela_metadataset,NaiveBayes,0.8,Defaults,Defaults,0.9999863966110462,1.3603388954662772e-05
Ela_metadataset,NaiveBayes,0.8,Tuning,Tuning,0.03569614892405555,0.964303851075948
Ela_metadataset,NaiveBayes,0.8,Defaults,Defaults,0.9999042353923827,9.576460761555662e-05
Ela_metadataset,NaiveBayes,0.8,Tuning,Defaults,0.9999999999983338,1.6656983725932812e-12
Ela_metadataset,NaiveBayes,0.8,Tuning,Defaults,0.9982718119882823,0.001728188011717674
Ela_metadataset,NaiveBayes,0.8,Defaults,Defaults,0.9999584789716549,4.152102834640088e-05
Ela_metadataset,NaiveBayes,0.8,Tuning,Defaults,0.9999989240416409,1.0759583599341905e-06
Ela_metadataset,NaiveBayes,0.8,Tuning,Defaults,0.9983530695411844,0.0016469304588143424
Ela_metadataset,NaiveBayes,0.8,Tuning,Defaults,0.9732984184309199,0.026701581569081156
Ela_metadataset,NaiveBayes,0.8,Tuning,Defaults,0.9960403751164874,0.003959624883511701
Ela_metadataset,NaiveBayes,0.8,Tuning,Defaults,0.9542396109511638,0.04576038904883485
Ela_metadataset,NaiveBayes,0.8,Tuning,Defaults,0.9963916218436101,0.003608378156389315
Ela_metadataset,NaiveBayes,0.8,Tuning,Tuning,0.08988193077691033,0.9101180692230931
Ela_metadataset,NaiveBayes,0.8,Tuning,Defaults,0.9990583354884546,0.0009416645115444979
Ela_metadataset,NaiveBayes,0.8,Tuning,Tuning,5.944821249882026e-09,0.9999999940551803
Ela_metadataset,NaiveBayes,0.8,Tuning,Defaults,0.9759257204213647,0.024074279578634387
Ela_metadataset,NaiveBayes,0.8,Defaults,Defaults,0.9997850338746579,0.0002149661253435313
Ela_metadataset,NaiveBayes,0.8,Defaults,Defaults,0.9999939443624583,6.055637542999747e-06
Ela_metadataset,NaiveBayes,0.8,Tuning,Tuning,0.02917273763152291,0.9708272623684764
Ela_metadataset,NaiveBayes,0.8,Tuning,Defaults,1.0,0.0
Ela_metadataset,NaiveBayes,0.8,Tuning,Defaults,0.8639486942329172,0.13605130576708296
Ela_metadataset,NaiveBayes,0.8,Defaults,Defaults,1.0,8.712653766885906e-86
Ela_metadataset,NaiveBayes,0.8,Tuning,Defaults,0.9959353898633106,0.0040646101366889
Ela_metadataset,NaiveBayes,0.8,Defaults,Defaults,0.9999402685451734,5.973145482655691e-05
Ela_metadataset,NaiveBayes,0.8,Tuning,Tuning,0.010869229971039932,0.9891307700289583
Ela_metadataset,NaiveBayes,0.8,Tuning,Tuning,1.2917638607706956e-06,0.9999987082361373
Ela_metadataset,NaiveBayes,0.8,Tuning,Tuning,0.0,1.0
Ela_metadataset,NaiveBayes,0.8,Tuning,Defaults,0.7161226533075584,0.28387734669244347
Ela_metadataset,NaiveBayes,0.8,Tuning,Defaults,0.9832655531793888,0.016734446820611027
Ela_metadataset,NaiveBayes,0.8,Tuning,Defaults,0.9972767778516697,0.0027232221483298605
Ela_metadataset,NaiveBayes,0.8,Tuning,Defaults,0.9273888671100752,0.0726111328899246
Ela_metadataset,NaiveBayes,0.8,Tuning,Defaults,0.9978808487549595,0.0021191512450396436
Ela_metadataset,NaiveBayes,0.8,Tuning,Defaults,0.9987487094455582,0.0012512905544423576
Ela_metadataset,NaiveBayes,0.8,Tuning,Defaults,0.9826218984937005,0.017378101506298614
Ela_metadataset,NaiveBayes,0.8,Defaults,Tuning,7.483560587065963e-13,0.9999999999992539
Ela_metadataset,NaiveBayes,0.8,Tuning,Defaults,0.514423734305614,0.4855762656943854
Ela_metadataset,NaiveBayes,0.8,Tuning,Tuning,0.0016193041638779694,0.9983806958361217
Ela_metadataset,NaiveBayes,0.8,Defaults,Defaults,0.996083743435103,0.00391625656489692
Ela_metadataset,NaiveBayes,0.8,Tuning,Defaults,0.9868641723391246,0.013135827660874622
Ela_metadataset,NaiveBayes,0.8,Tuning,Defaults,0.7862419189128039,0.2137580810871962
Ela_metadataset,NaiveBayes,0.8,Tuning,Tuning,2.2614076564545343e-10,0.9999999997738627
Ela_metadataset,NaiveBayes,0.8,Tuning,Defaults,0.9988987539391211,0.0011012460608776978
Ela_metadataset,NaiveBayes,0.8,Tuning,Tuning,2.948639332556904e-07,0.9999997051360703
Ela_metadataset,NaiveBayes,0.8,Tuning,Tuning,0.0,1.0
Ela_metadataset,NaiveBayes,0.8,Tuning,Defaults,0.9849963822195186,0.015003617780482195
Ela_metadataset,NaiveBayes,0.8,Tuning,Defaults,0.9768380864916425,0.023161913508359923
Ela_metadataset,NaiveBayes,0.8,Tuning,Defaults,0.9916996298440498,0.008300370155950646
Ela_metadataset,NaiveBayes,0.8,Defaults,Defaults,0.9875074021620979,0.012492597837901827
Ela_metadataset,NaiveBayes,0.8,Tuning,Defaults,0.9991977121892228,0.0008022878107769447
Ela_metadataset,NaiveBayes,0.8,Defaults,Defaults,0.9997819549320928,0.0002180450679055752
Ela_metadataset,NaiveBayes,0.8,Tuning,Defaults,0.9963026771201114,0.003697322879890116
Ela_metadataset,NaiveBayes,0.8,Tuning,Defaults,0.988341522459795,0.011658477540204375
Ela_metadataset,NaiveBayes,0.8,Tuning,Defaults,0.9965623937501128,0.0034376062498887214
Ela_metadataset,NaiveBayes,0.8,Tuning,Defaults,0.9994086958299677,0.0005913041700307542
Ela_metadataset,NaiveBayes,0.8,Tuning,Defaults,0.9990936275611434,0.0009063724388578391
Ela_metadataset,NaiveBayes,0.8,Defaults,Defaults,0.9992709164574058,0.0007290835425955897
Ela_metadataset,NaiveBayes,0.8,Tuning,Defaults,0.9990643455680319,0.0009356544319674254
Ela_metadataset,NaiveBayes,0.8,Defaults,Defaults,0.997929857715189,0.0020701422848102956
Ela_metadataset,NaiveBayes,0.8,Defaults,Defaults,0.9912018136521918,0.008798186347807688
Ela_metadataset,NaiveBayes,0.8,Defaults,Defaults,0.9998969344441091,0.00010306555589215936
Ela_metadataset,NaiveBayes,0.8,Defaults,Defaults,0.9994308108281221,0.000569189171877414
Ela_metadataset,NaiveBayes,0.8,Tuning,Defaults,0.886333406887126,0.11366659311287555
Ela_metadataset,NaiveBayes,0.8,Tuning,Defaults,0.9992599786639692,0.000740021336031252
Ela_metadataset,NaiveBayes,0.8,Tuning,Defaults,0.9999995532421341,4.46757862395303e-07
Ela_metadataset,NaiveBayes,0.8,Defaults,Defaults,0.9877154299899652,0.0122845700100333
Ela_metadataset,NaiveBayes,0.8,Defaults,Tuning,2.4283889816159586e-44,1.0
Ela_metadataset,NaiveBayes,0.8,Defaults,Defaults,0.9989698568101806,0.0010301431898210864
Ela_metadataset,NaiveBayes,0.8,Defaults,Defaults,0.9997860774983471,0.00021392250165317122
Ela_metadataset,NaiveBayes,0.8,Tuning,Defaults,0.999068082075214,0.0009319179247841815
Ela_metadataset,NaiveBayes,0.8,Tuning,Defaults,0.9999981104116333,1.889588362383113e-06
Ela_metadataset,NaiveBayes,0.8,Defaults,Defaults,0.9998479471154511,0.00015205288454728865
Ela_metadataset,NaiveBayes,0.8,Tuning,Defaults,0.999326621972707,0.0006733780272926592
Ela_metadataset,NaiveBayes,0.8,Defaults,Defaults,0.9980177817653428,0.0019822182346556374
Ela_metadataset,NaiveBayes,0.8,Tuning,Defaults,0.940973536124581,0.05902646387541837
Ela_metadataset,NaiveBayes,0.8,Tuning,Defaults,0.993047909443465,0.006952090556533453
Ela_metadataset,NaiveBayes,0.8,Defaults,Defaults,0.9867077695440876,0.013292230455911632
Ela_metadataset,NaiveBayes,0.8,Tuning,Defaults,0.9964159366614498,0.0035840633385512454
Ela_metadataset,NaiveBayes,0.8,Defaults,Defaults,0.9695035567175575,0.03049644328244355
Ela_metadataset,NaiveBayes,0.8,Tuning,Tuning,0.02096511430126543,0.9790348856987324
Ela_metadataset,NaiveBayes,0.8,Tuning,Tuning,0.013413883132114876,0.9865861168678877
Ela_metadataset,NaiveBayes,0.8,Tuning,Defaults,0.9858720098938414,0.014127990106157678
Ela_metadataset,NaiveBayes,0.8,Defaults,Defaults,0.9818148380678239,0.01818516193217731
Ela_metadataset,NaiveBayes,0.8,Tuning,Defaults,0.7627595780911575,0.23724042190884292
Ela_metadataset,NaiveBayes,0.8,Tuning,Tuning,0.18047487305971438,0.8195251269402827
Ela_metadataset,NaiveBayes,0.8,Tuning,Defaults,0.981581486855389,0.01841851314461186
Ela_metadataset,NaiveBayes,0.8,Defaults,Tuning,5.813401493624009e-23,1.0
Ela_metadataset,NaiveBayes,0.8,Tuning,Tuning,6.239212794473905e-31,1.0
Ela_metadataset,NaiveBayes,0.8,Tuning,Defaults,0.9979217527966844,0.0020782472033163517
Ela_metadataset,NaiveBayes,0.8,Tuning,Defaults,0.609576033190212,0.39042396680978747
Ela_metadataset,NaiveBayes,0.8,Tuning,Tuning,0.0014074018900652363,0.998592598109933
Ela_metadataset,NaiveBayes,0.8,Tuning,Defaults,0.999051311448887,0.0009486885511136347
Ela_metadataset,NaiveBayes,0.8,Tuning,Tuning,0.43501570516833876,0.5649842948316633
Ela_metadataset,NaiveBayes,0.8,Tuning,Defaults,0.9621257363223262,0.03787426367767392
Ela_metadataset,NaiveBayes,0.8,Defaults,Defaults,0.996602646450687,0.0033973535493123583
Ela_metadataset,NaiveBayes,0.8,Tuning,Defaults,0.9288457018973698,0.0711542981026288
Ela_metadataset,NaiveBayes,0.8,Tuning,Defaults,0.9849125990133173,0.0150874009866816
Ela_metadataset,NaiveBayes,0.8,Tuning,Defaults,0.9805705741936918,0.019429425806308347
Ela_metadataset,NaiveBayes,0.8,Tuning,Defaults,0.9947673426856228,0.005232657314378667
Ela_metadataset,NaiveBayes,0.8,Tuning,Tuning,1.0037189768425267e-11,0.99999999998996
Ela_metadataset,NaiveBayes,0.8,Tuning,Defaults,0.9996982780969175,0.0003017219030844141
Ela_metadataset,NaiveBayes,0.8,Tuning,Defaults,0.9999999999994174,5.795517365168829e-13
Ela_metadataset,NaiveBayes,0.8,Tuning,Tuning,0.005646970149939605,0.9943530298500636
Ela_metadataset,NaiveBayes,0.8,Defaults,Defaults,0.9999999960010229,3.9989736211102066e-09
Ela_metadataset,NaiveBayes,0.8,Tuning,Tuning,0.01654323262064462,0.9834567673793579
Ela_metadataset,NaiveBayes,0.8,Defaults,Defaults,0.9896829679308707,0.010317032069128932
Ela_metadataset,NaiveBayes,0.8,Tuning,Defaults,0.9177333081274562,0.08226669187254222
Ela_metadataset,NaiveBayes,0.8,Tuning,Defaults,0.9995450868458813,0.0004549131541199751
Ela_metadataset,NaiveBayes,0.8,Tuning,Defaults,0.8968994781677166,0.1031005218322818
Ela_metadataset,NaiveBayes,0.8,Tuning,Tuning,3.6278504390251134e-12,0.9999999999963691
Ela_metadataset,NaiveBayes,0.8,Defaults,Defaults,0.6739115168027169,0.32608848319728156
Ela_metadataset,NaiveBayes,0.8,Defaults,Defaults,0.9984199028483157,0.00158009715168499
Ela_metadataset,NaiveBayes,0.8,Tuning,Defaults,0.9896809956291055,0.010319004370895177
Ela_metadataset,NaiveBayes,0.8,Tuning,Defaults,0.9686484247904734,0.031351575209525626
Ela_metadataset,NaiveBayes,0.8,Tuning,Defaults,0.9986465063797965,0.0013534936202038207
Ela_metadataset,NaiveBayes,0.8,Tuning,Defaults,0.9976149456915332,0.0023850543084680373
Ela_metadataset,NaiveBayes,0.8,Tuning,Defaults,0.9982149693076577,0.0017850306923414623
Ela_metadataset,NaiveBayes,0.8,Tuning,Tuning,2.2460417642144905e-10,0.9999999997753974
Ela_metadataset,NaiveBayes,0.8,Tuning,Defaults,0.9867972035945453,0.013202796405453143
Ela_metadataset,NaiveBayes,0.8,Tuning,Defaults,0.9999630675520254,3.6932447976048683e-05
Ela_metadataset,NaiveBayes,0.8,Defaults,Defaults,0.9922963101483913,0.007703689851608051
Ela_metadataset,NaiveBayes,0.8,Tuning,Defaults,0.9999379139775848,6.208602241481146e-05
Ela_metadataset,NaiveBayes,0.8,Tuning,Defaults,0.9999680354498115,3.1964550189603127e-05
Ela_metadataset,NaiveBayes,0.8,Tuning,Tuning,3.8073913289179613e-07,0.9999996192608706
Ela_metadataset,NaiveBayes,0.8,Tuning,Defaults,0.9993893462763863,0.0006106537236141631
Ela_metadataset,NaiveBayes,0.8,Defaults,Defaults,0.6221019852296382,0.37789801477036505
Ela_metadataset,NaiveBayes,0.8,Tuning,Defaults,0.9073343285823262,0.09266567141767265
Ela_metadataset,NaiveBayes,0.8,Tuning,Defaults,0.8507680725752825,0.1492319274247197
Ela_metadataset,NaiveBayes,0.8,Tuning,Defaults,0.643444078128386,0.3565559218716148
Ela_metadataset,NaiveBayes,0.8,Defaults,Defaults,0.9725571369433438,0.027442863056655203
Ela_metadataset,NaiveBayes,0.8,Tuning,Defaults,0.9720515575411841,0.027948442458814213
Ela_metadataset,NaiveBayes,0.8,Tuning,Defaults,0.9978429117882319,0.0021570882117689376
Ela_metadataset,NaiveBayes,0.8,Tuning,Tuning,0.1078754452168524,0.8921245547831488
Ela_metadataset,NaiveBayes,0.8,Defaults,Defaults,0.9999999351152361,6.488476562940483e-08
Ela_metadataset,NaiveBayes,0.8,Defaults,Defaults,0.9998329637751557,0.0001670362248428993
Ela_metadataset,NaiveBayes,0.8,Tuning,Defaults,0.9999978117016821,2.188298316515048e-06
Ela_metadataset,NaiveBayes,0.8,Tuning,Defaults,0.989093391182463,0.01090660881753857
Ela_metadataset,NaiveBayes,0.8,Tuning,Defaults,0.9999982950586496,1.7049413478872885e-06
Ela_metadataset,NaiveBayes,0.8,Defaults,Defaults,0.8770285147712273,0.12297148522877524
Ela_metadataset,NaiveBayes,0.8,Defaults,Tuning,0.0026183893070395197,0.9973816106929574
Ela_metadataset,NaiveBayes,0.8,Defaults,Defaults,0.9991042662169773,0.0008957337830208613
Ela_metadataset,NaiveBayes,0.8,Tuning,Defaults,0.9834252757432764,0.016574724256725154
Ela_metadataset,NaiveBayes,0.8,Defaults,Tuning,0.0,1.0
Ela_metadataset,NaiveBayes,0.8,Tuning,Defaults,0.9966846433460785,0.003315356653922147
Ela_metadataset,NaiveBayes,0.8,Tuning,Defaults,0.8420283385972549,0.1579716614027436
Ela_metadataset,NaiveBayes,0.8,Defaults,Defaults,0.9968852631498297,0.0031147368501688584
Ela_metadataset,NaiveBayes,0.8,Defaults,Defaults,0.9533463951072835,0.04665360489271569
Ela_metadataset,NaiveBayes,0.8,Tuning,Defaults,0.9738246405193628,0.026175359480635887
Ela_metadataset,NaiveBayes,0.8,Tuning,Defaults,0.9938871384979256,0.006112861502075947
Ela_metadataset,NaiveBayes,0.8,Defaults,Defaults,0.9997552458765716,0.00024475412342734335
Ela_metadataset,NaiveBayes,0.8,Tuning,Tuning,0.49450711412764653,0.5054928858723527
Ela_metadataset,NaiveBayes,0.8,Tuning,Defaults,0.9987178589368002,0.0012821410631988664
Ela_metadataset,NaiveBayes,0.8,Tuning,Defaults,0.9999999999932783,6.722600187703059e-12
Ela_metadataset,NaiveBayes,0.8,Tuning,Defaults,0.998710569785322,0.001289430214677435
Ela_metadataset,NaiveBayes,0.85,Tuning,Defaults,0.9489119569869419,0.05108804301305665
Ela_metadataset,NaiveBayes,0.85,Tuning,Defaults,0.8008795248571318,0.19912047514287096
Ela_metadataset,NaiveBayes,0.85,Defaults,Defaults,0.9999792482577885,2.075174221307683e-05
Ela_metadataset,NaiveBayes,0.85,Tuning,Defaults,0.9813535968304016,0.018646403169599153
Ela_metadataset,NaiveBayes,0.85,Tuning,Defaults,0.9280519678948005,0.071948032105198
Ela_metadataset,NaiveBayes,0.85,Tuning,Defaults,0.9993263322615414,0.0006736677384569764
Ela_metadataset,NaiveBayes,0.85,Tuning,Defaults,0.8964462601179116,0.10355373988208849
Ela_metadataset,NaiveBayes,0.85,Defaults,Defaults,0.9991641393438923,0.000835860656107649
Ela_metadataset,NaiveBayes,0.85,Defaults,Defaults,0.9991782908996576,0.000821709100342005
Ela_metadataset,NaiveBayes,0.85,Tuning,Defaults,0.9982487668033482,0.001751233196651473
Ela_metadataset,NaiveBayes,0.85,Tuning,Defaults,0.984050671903181,0.0159493280968208
Ela_metadataset,NaiveBayes,0.85,Defaults,Defaults,0.9896231604290122,0.01037683957098783
Ela_metadataset,NaiveBayes,0.85,Tuning,Defaults,0.9977966041505749,0.002203395849424462
Ela_metadataset,NaiveBayes,0.85,Tuning,Defaults,0.9997327181147698,0.0002672818852317149
Ela_metadataset,NaiveBayes,0.85,Tuning,Tuning,0.0,1.0
Ela_metadataset,NaiveBayes,0.85,Tuning,Defaults,0.9879016797355931,0.012098320264407625
Ela_metadataset,NaiveBayes,0.85,Defaults,Defaults,0.9999917079532739,8.292046729045502e-06
Ela_metadataset,NaiveBayes,0.85,Tuning,Tuning,0.0841999527894152,0.9158000472105815
Ela_metadataset,NaiveBayes,0.85,Defaults,Defaults,0.999950752270377,4.924772962243496e-05
Ela_metadataset,NaiveBayes,0.85,Tuning,Defaults,0.9999999999991118,8.868321975974496e-13
Ela_metadataset,NaiveBayes,0.85,Tuning,Defaults,0.9975231318614867,0.002476868138515596
Ela_metadataset,NaiveBayes,0.85,Defaults,Defaults,0.999964805119606,3.519488039459476e-05
Ela_metadataset,NaiveBayes,0.85,Tuning,Defaults,0.9999999455723781,5.442761870596613e-08
Ela_metadataset,NaiveBayes,0.85,Tuning,Defaults,0.9989439818229926,0.0010560181770074494
Ela_metadataset,NaiveBayes,0.85,Tuning,Defaults,0.9919051369630163,0.00809486303698315
Ela_metadataset,NaiveBayes,0.85,Tuning,Defaults,0.9960050515640533,0.003994948435948224
Ela_metadataset,NaiveBayes,0.85,Tuning,Defaults,0.9277207133402302,0.07227928665976754
Ela_metadataset,NaiveBayes,0.85,Tuning,Defaults,0.997473430335092,0.0025265696649063585
Ela_metadataset,NaiveBayes,0.85,Tuning,Tuning,0.11679098241241836,0.8832090175875852
Ela_metadataset,NaiveBayes,0.85,Tuning,Defaults,0.9990036446149132,0.0009963553850859896
Ela_metadataset,NaiveBayes,0.85,Tuning,Tuning,8.755373426384637e-09,0.9999999912446214
Ela_metadataset,NaiveBayes,0.85,Tuning,Defaults,0.9677080843968451,0.032291915603155495
Ela_metadataset,NaiveBayes,0.85,Defaults,Defaults,0.9997104795637628,0.0002895204362350106
Ela_metadataset,NaiveBayes,0.85,Defaults,Defaults,0.9999979860577952,2.013942203016352e-06
Ela_metadataset,NaiveBayes,0.85,Tuning,Tuning,0.015268272238161297,0.9847317277618384
Ela_metadataset,NaiveBayes,0.85,Tuning,Defaults,1.0,0.0
Ela_metadataset,NaiveBayes,0.85,Tuning,Defaults,0.8414562897219919,0.15854371027800906
Ela_metadataset,NaiveBayes,0.85,Defaults,Defaults,1.0,2.5139380137665402e-86
Ela_metadataset,NaiveBayes,0.85,Tuning,Defaults,0.9938031069638972,0.006196893036102362
Ela_metadataset,NaiveBayes,0.85,Defaults,Defaults,0.9999735851046795,2.6414895322496302e-05
Ela_metadataset,NaiveBayes,0.85,Tuning,Tuning,0.0048578412152464005,0.9951421587847528
Ela_metadataset,NaiveBayes,0.85,Tuning,Tuning,5.364750990015262e-07,0.9999994635249028
Ela_metadataset,NaiveBayes,0.85,Tuning,Tuning,0.0,1.0
Ela_metadataset,NaiveBayes,0.85,Tuning,Defaults,0.5486851366773533,0.4513148633226444
Ela_metadataset,NaiveBayes,0.85,Tuning,Defaults,0.9481739073766587,0.05182609262333893
Ela_metadataset,NaiveBayes,0.85,Tuning,Defaults,0.9983377050103939,0.001662294989607014
Ela_metadataset,NaiveBayes,0.85,Tuning,Defaults,0.8835218133612158,0.11647818663878183
Ela_metadataset,NaiveBayes,0.85,Tuning,Defaults,0.9957831259137209,0.004216874086281495
Ela_metadataset,NaiveBayes,0.85,Tuning,Defaults,0.998158871987661,0.0018411280123406014
Ela_metadataset,NaiveBayes,0.85,Tuning,Defaults,0.9664125820593771,0.033587417940620104
Ela_metadataset,NaiveBayes,0.85,Defaults,Tuning,5.490487022957995e-13,0.9999999999994458
Ela_metadataset,NaiveBayes,0.85,Tuning,Tuning,0.2430854470732593,0.7569145529267427
Ela_metadataset,NaiveBayes,0.85,Tuning,Tuning,0.000438971653877325,0.9995610283461219
Ela_metadataset,NaiveBayes,0.85,Defaults,Defaults,0.9915255369316127,0.008474463068386787
Ela_metadataset,NaiveBayes,0.85,Tuning,Defaults,0.9780262964784467,0.021973703521556566
Ela_metadataset,NaiveBayes,0.85,Tuning,Defaults,0.7461731249345532,0.25382687506544915
Ela_metadataset,NaiveBayes,0.85,Tuning,Tuning,9.046678336567641e-11,0.9999999999095337
Ela_metadataset,NaiveBayes,0.85,Tuning,Defaults,0.9984880165868726,0.0015119834131289461
Ela_metadataset,NaiveBayes,0.85,Tuning,Tuning,9.50100873047457e-08,0.9999999049899105
Ela_metadataset,NaiveBayes,0.85,Tuning,Tuning,0.0,1.0
Ela_metadataset,NaiveBayes,0.85,Tuning,Defaults,0.9885339579723904,0.011466042027606732
Ela_metadataset,NaiveBayes,0.85,Tuning,Defaults,0.9726421014930182,0.027357898506979738
Ela_metadataset,NaiveBayes,0.85,Tuning,Defaults,0.9819511470050437,0.01804885299495761
Ela_metadataset,NaiveBayes,0.85,Defaults,Defaults,0.9778074643547304,0.02219253564527024
Ela_metadataset,NaiveBayes,0.85,Tuning,Defaults,0.9986161182530945,0.0013838817469040898
Ela_metadataset,NaiveBayes,0.85,Defaults,Defaults,0.9999453216981193,5.4678301882365474e-05
Ela_metadataset,NaiveBayes,0.85,Tuning,Defaults,0.9936264572562884,0.006373542743711013
Ela_metadataset,NaiveBayes,0.85,Tuning,Defaults,0.9670781556218914,0.032921844378111804
Ela_metadataset,NaiveBayes,0.85,Tuning,Defaults,0.9922641365603699,0.007735863439630698
Ela_metadataset,NaiveBayes,0.85,Tuning,Defaults,0.9995467916438671,0.00045320835613269194
Ela_metadataset,NaiveBayes,0.85,Tuning,Defaults,0.9993558109967626,0.0006441890032370877
Ela_metadataset,NaiveBayes,0.85,Defaults,Defaults,0.9994885576381892,0.0005114423618122465
Ela_metadataset,NaiveBayes,0.85,Tuning,Defaults,0.9992215117077972,0.0007784882922034273
Ela_metadataset,NaiveBayes,0.85,Defaults,Defaults,0.997013447065475,0.0029865529345236338
Ela_metadataset,NaiveBayes,0.85,Defaults,Defaults,0.9915932061647548,0.00840679383524261
Ela_metadataset,NaiveBayes,0.85,Defaults,Defaults,0.9998646642564181,0.0001353357435784185
Ela_metadataset,NaiveBayes,0.85,Defaults,Defaults,0.9993504849214322,0.000649515078568533
Ela_metadataset,NaiveBayes,0.85,Tuning,Defaults,0.8704682024939069,0.12953179750609145
Ela_metadataset,NaiveBayes,0.85,Tuning,Defaults,0.9992559817302252,0.0007440182697743693
Ela_metadataset,NaiveBayes,0.85,Tuning,Defaults,0.9999991836460104,8.163539920272849e-07
Ela_metadataset,NaiveBayes,0.85,Defaults,Defaults,0.9966872825649976,0.0033127174350033152
Ela_metadataset,NaiveBayes,0.85,Defaults,Tuning,2.675077589225402e-44,1.0
Ela_metadataset,NaiveBayes,0.85,Defaults,Defaults,0.9983578148066496,0.0016421851933493387
Ela_metadataset,NaiveBayes,0.85,Defaults,Defaults,0.9998256554800329,0.00017434451996815861
Ela_metadataset,NaiveBayes,0.85,Tuning,Defaults,0.9993004470021976,0.0006995529978012187
Ela_metadataset,NaiveBayes,0.85,Tuning,Defaults,0.999999692666795,3.0733320295880255e-07
Ela_metadataset,NaiveBayes,0.85,Defaults,Defaults,0.9998295398649965,0.00017046013500273102
Ela_metadataset,NaiveBayes,0.85,Tuning,Defaults,0.9986428776124799,0.0013571223875196304
Ela_metadataset,NaiveBayes,0.85,Defaults,Defaults,0.9989085340552161,0.0010914659447829164
Ela_metadataset,NaiveBayes,0.85,Tuning,Defaults,0.8546248112377658,0.14537518876223074
Ela_metadataset,NaiveBayes,0.85,Tuning,Defaults,0.9880748383272896,0.011925161672710384
Ela_metadataset,NaiveBayes,0.85,Defaults,Defaults,0.979293393895051,0.020706606104951907
Ela_metadataset,NaiveBayes,0.85,Tuning,Defaults,0.9972854906859365,0.002714509314064456
Ela_metadataset,NaiveBayes,0.85,Defaults,Defaults,0.999978458491186,2.154150881145889e-05
Ela_metadataset,NaiveBayes,0.85,Tuning,Tuning,0.006224621723536189,0.9937753782764672
Ela_metadataset,NaiveBayes,0.85,Tuning,Tuning,0.006021569198844929,0.9939784308011521
Ela_metadataset,NaiveBayes,0.85,Tuning,Defaults,0.970442773116935,0.029557226883066147
Ela_metadataset,NaiveBayes,0.85,Defaults,Defaults,0.9586151936611835,0.04138480633881734
Ela_metadataset,NaiveBayes,0.85,Tuning,Defaults,0.5804509766896447,0.41954902331035454
Ela_metadataset,NaiveBayes,0.85,Tuning,Tuning,0.05469683131153143,0.9453031686884674
Ela_metadataset,NaiveBayes,0.85,Tuning,Defaults,0.9614138892495598,0.038586110750439426
Ela_metadataset,NaiveBayes,0.85,Defaults,Tuning,1.4185913914408842e-23,1.0
Ela_metadataset,NaiveBayes,0.85,Tuning,Tuning,2.4958629930844514e-31,1.0
Ela_metadataset,NaiveBayes,0.85,Tuning,Defaults,0.995513390585484,0.004486609414516654
Ela_metadataset,NaiveBayes,0.85,Tuning,Tuning,0.4495565756722032,0.5504434243277939
Ela_metadataset,NaiveBayes,0.85,Tuning,Tuning,0.00043184435626729233,0.9995681556437332
Ela_metadataset,NaiveBayes,0.85,Tuning,Defaults,0.9982721394278339,0.0017278605721649655
Ela_metadataset,NaiveBayes,0.85,Tuning,Tuning,0.25537792948901306,0.7446220705109835
Ela_metadataset,NaiveBayes,0.85,Tuning,Defaults,0.8977904617634808,0.1022095382365211
Ela_metadataset,NaiveBayes,0.85,Defaults,Defaults,0.9930654784405777,0.0069345215594237095
Ela_metadataset,NaiveBayes,0.85,Tuning,Defaults,0.7590179445322861,0.24098205546771062
Ela_metadataset,NaiveBayes,0.85,Tuning,Defaults,0.9630903507614544,0.03690964923854479
Ela_metadataset,NaiveBayes,0.85,Tuning,Defaults,0.9580916723705779,0.0419083276294236
Ela_metadataset,NaiveBayes,0.85,Tuning,Defaults,0.9931479496493325,0.006852050350666061
Ela_metadataset,NaiveBayes,0.85,Tuning,Tuning,8.070272628276019e-12,0.9999999999919282
Ela_metadataset,NaiveBayes,0.85,Tuning,Defaults,0.9994328302497004,0.0005671697502990771
Ela_metadataset,NaiveBayes,0.85,Tuning,Defaults,0.9999999999995524,4.510594145941548e-13
Ela_metadataset,NaiveBayes,0.85,Tuning,Tuning,0.0019045419690935273,0.998095458030909
Ela_metadataset,NaiveBayes,0.85,Defaults,Defaults,0.9999999999998792,1.2183488921902194e-13
Ela_metadataset,NaiveBayes,0.85,Tuning,Tuning,0.007501986499862803,0.9924980135001344
Ela_metadataset,NaiveBayes,0.85,Defaults,Defaults,0.9775770989900568,0.022422901009941976
Ela_metadataset,NaiveBayes,0.85,Tuning,Defaults,0.9573778852627528,0.04262211473724476
Ela_metadataset,NaiveBayes,0.85,Tuning,Defaults,0.9997907658439599,0.00020923415604186634
Ela_metadataset,NaiveBayes,0.85,Tuning,Defaults,0.8229350405986585,0.17706495940134062
Ela_metadataset,NaiveBayes,0.85,Tuning,Tuning,1.2936225697513082e-12,0.9999999999987068
Ela_metadataset,NaiveBayes,0.85,Defaults,Tuning,0.4865820204307588,0.5134179795692405
Ela_metadataset,NaiveBayes,0.85,Defaults,Defaults,0.9970650592056794,0.002934940794319594
Ela_metadataset,NaiveBayes,0.85,Tuning,Defaults,0.9811111937055673,0.01888880629443179
Ela_metadataset,NaiveBayes,0.85,Tuning,Defaults,0.9524399342517835,0.047560065748213975
Ela_metadataset,NaiveBayes,0.85,Tuning,Defaults,0.9974008564242407,0.0025991435757605763
Ela_metadataset,NaiveBayes,0.85,Tuning,Defaults,0.9954242776721529,0.0045757223278467185
Ela_metadataset,NaiveBayes,0.85,Tuning,Defaults,0.9984678722087242,0.0015321277912758349
Ela_metadataset,NaiveBayes,0.85,Tuning,Tuning,7.598013545042167e-11,0.9999999999240217
Ela_metadataset,NaiveBayes,0.85,Tuning,Defaults,0.9773321182854877,0.02266788171451073
Ela_metadataset,NaiveBayes,0.85,Tuning,Defaults,0.9999824517260175,1.754827398092012e-05
Ela_metadataset,NaiveBayes,0.85,Defaults,Defaults,0.9905049759761695,0.009495024023830028
Ela_metadataset,NaiveBayes,0.85,Tuning,Defaults,0.9999672503303785,3.27496696180696e-05
Ela_metadataset,NaiveBayes,0.85,Tuning,Defaults,0.9999614109415154,3.85890584825077e-05
Ela_metadataset,NaiveBayes,0.85,Tuning,Tuning,2.1689028916624644e-07,0.9999997831097098
Ela_metadataset,NaiveBayes,0.85,Tuning,Defaults,0.9995424917377773,0.0004575082622216173
Ela_metadataset,NaiveBayes,0.85,Defaults,Defaults,0.5309572420387286,0.4690427579612699
Ela_metadataset,NaiveBayes,0.85,Tuning,Defaults,0.891651575711801,0.10834842428820167
Ela_metadataset,NaiveBayes,0.85,Tuning,Defaults,0.7264684202939201,0.2735315797060786
Ela_metadataset,NaiveBayes,0.85,Tuning,Defaults,0.5024573784665873,0.49754262153340906
Ela_metadataset,NaiveBayes,0.85,Defaults,Defaults,0.9577729948361803,0.042227005163821295
Ela_metadataset,NaiveBayes,0.85,Tuning,Defaults,0.9424004374404588,0.057599562559542614
Ela_metadataset,NaiveBayes,0.85,Tuning,Defaults,0.997862854367766,0.0021371456322324682
Ela_metadataset,NaiveBayes,0.85,Tuning,Tuning,0.20327930262197969,0.7967206973780175
Ela_metadataset,NaiveBayes,0.85,Defaults,Defaults,0.9999999995416076,4.583924788693751e-10
Ela_metadataset,NaiveBayes,0.85,Defaults,Defaults,0.9999193600226938,8.063997730772781e-05
Ela_metadataset,NaiveBayes,0.85,Tuning,Defaults,0.9999974463053001,2.5536946998622526e-06
Ela_metadataset,NaiveBayes,0.85,Tuning,Defaults,0.9787145380259429,0.021285461974056865
Ela_metadataset,NaiveBayes,0.85,Tuning,Defaults,0.9999970016960419,2.9983039586826843e-06
Ela_metadataset,NaiveBayes,0.85,Defaults,Defaults,0.8151252539121449,0.18487474608785748
Ela_metadataset,NaiveBayes,0.85,Defaults,Tuning,0.0018531351550822735,0.998146864844911
Ela_metadataset,NaiveBayes,0.85,Defaults,Defaults,0.9983926830720524,0.0016073169279460238
Ela_metadataset,NaiveBayes,0.85,Tuning,Defaults,0.970658269460632,0.02934173053936532
Ela_metadataset,NaiveBayes,0.85,Defaults,Tuning,0.0,1.0
Ela_metadataset,NaiveBayes,0.85,Tuning,Defaults,0.9944102494747502,0.005589750525248673
Ela_metadataset,NaiveBayes,0.85,Tuning,Defaults,0.602655155762769,0.3973448442372312
Ela_metadataset,NaiveBayes,0.85,Defaults,Defaults,0.9973268438992926,0.002673156100708762
Ela_metadataset,NaiveBayes,0.85,Defaults,Defaults,0.9141035855764077,0.08589641442359006
Ela_metadataset,NaiveBayes,0.85,Tuning,Defaults,0.9618293585881159,0.03817064141188477
Ela_metadataset,NaiveBayes,0.85,Tuning,Defaults,0.9881952628360339,0.011804737163963627
Ela_metadataset,NaiveBayes,0.85,Defaults,Defaults,0.9997538541714304,0.00024614582857080547
Ela_metadataset,NaiveBayes,0.85,Tuning,Tuning,0.3178138460420869,0.6821861539579124
Ela_metadataset,NaiveBayes,0.85,Tuning,Defaults,0.9977214413607645,0.0022785586392333333
Ela_metadataset,NaiveBayes,0.85,Tuning,Defaults,0.9999999999991473,8.492734193367742e-13
Ela_metadataset,NaiveBayes,0.85,Tuning,Defaults,0.9952964948830584,0.0047035051169395945
Ela_metadataset,NaiveBayes,0.9,Tuning,Defaults,0.9463830875217324,0.05361691247827046
Ela_metadataset,NaiveBayes,0.9,Tuning,Defaults,0.5484032581249084,0.4515967418750891
Ela_metadataset,NaiveBayes,0.9,Defaults,Defaults,0.9999870652582944,1.2934741707046103e-05
Ela_metadataset,NaiveBayes,0.9,Tuning,Defaults,0.9630861782523259,0.03691382174767374
Ela_metadataset,NaiveBayes,0.9,Tuning,Defaults,0.9239525547004314,0.07604744529956836
Ela_metadataset,NaiveBayes,0.9,Tuning,Defaults,0.9996305633615538,0.0003694366384454093
Ela_metadataset,NaiveBayes,0.9,Tuning,Defaults,0.9403915164468986,0.05960848355310124
Ela_metadataset,NaiveBayes,0.9,Defaults,Defaults,0.9994684106743299,0.0005315893256700267
Ela_metadataset,NaiveBayes,0.9,Defaults,Defaults,0.999344950265483,0.0006550497345183209
Ela_metadataset,NaiveBayes,0.9,Tuning,Defaults,0.9989591663630225,0.0010408336369797982
Ela_metadataset,NaiveBayes,0.9,Tuning,Defaults,0.9892548807721685,0.010745119227831649
Ela_metadataset,NaiveBayes,0.9,Defaults,Defaults,0.9893383365208447,0.01066166347915498
Ela_metadataset,NaiveBayes,0.9,Tuning,Defaults,0.9977638892973497,0.0022361107026511256
Ela_metadataset,NaiveBayes,0.9,Tuning,Defaults,0.9998521118867181,0.00014788811328335103
Ela_metadataset,NaiveBayes,0.9,Tuning,Tuning,0.0,1.0
Ela_metadataset,NaiveBayes,0.9,Tuning,Defaults,0.992204513255066,0.007795486744936755
Ela_metadataset,NaiveBayes,0.9,Defaults,Defaults,0.9999943472298765,5.652770122026792e-06
Ela_metadataset,NaiveBayes,0.9,Tuning,Tuning,0.15984325044623077,0.8401567495537716
Ela_metadataset,NaiveBayes,0.9,Defaults,Defaults,0.9999770002017668,2.299979823429554e-05
Ela_metadataset,NaiveBayes,0.9,Tuning,Defaults,0.9999999999993712,6.270810750457588e-13
Ela_metadataset,NaiveBayes,0.9,Tuning,Defaults,0.9982267610364335,0.00177323896356495
Ela_metadataset,NaiveBayes,0.9,Defaults,Defaults,0.9999804001460206,1.9599853980263125e-05
Ela_metadataset,NaiveBayes,0.9,Tuning,Defaults,0.999999971974987,2.8025011488126613e-08
Ela_metadataset,NaiveBayes,0.9,Tuning,Defaults,0.9994469892256111,0.0005530107743881062
Ela_metadataset,NaiveBayes,0.9,Tuning,Defaults,0.9929448674925461,0.007055132507453727
Ela_metadataset,NaiveBayes,0.9,Tuning,Defaults,0.9978709371032228,0.0021290628967765212
Ela_metadataset,NaiveBayes,0.9,Tuning,Defaults,0.9404453044850752,0.059554695514927154
Ela_metadataset,NaiveBayes,0.9,Tuning,Defaults,0.9984387556273234,0.0015612443726789019
Ela_metadataset,NaiveBayes,0.9,Tuning,Tuning,0.16659235767881014,0.8334076423211928
Ela_metadataset,NaiveBayes,0.9,Tuning,Defaults,0.9991874027072034,0.0008125972927965884
Ela_metadataset,NaiveBayes,0.9,Tuning,Tuning,1.3142821180350617e-08,0.9999999868571764
Ela_metadataset,NaiveBayes,0.9,Tuning,Defaults,0.9751043715560475,0.024895628443955205
Ela_metadataset,NaiveBayes,0.9,Defaults,Defaults,0.9995855061316137,0.00041449386838799947
Ela_metadataset,NaiveBayes,0.9,Defaults,Defaults,0.9999984055795635,1.59442043553342e-06
Ela_metadataset,NaiveBayes,0.9,Tuning,Tuning,0.0037278828796420745,0.9962721171203557
Ela_metadataset,NaiveBayes,0.9,Tuning,Defaults,1.0,0.0
Ela_metadataset,NaiveBayes,0.9,Tuning,Defaults,0.547444567097227,0.4525554329027734
Ela_metadataset,NaiveBayes,0.9,Defaults,Defaults,1.0,1.645024446175541e-86
Ela_metadataset,NaiveBayes,0.9,Tuning,Defaults,0.995781635350759,0.004218364649237507
Ela_metadataset,NaiveBayes,0.9,Defaults,Defaults,0.9999852383925817,1.476160742165615e-05
Ela_metadataset,NaiveBayes,0.9,Tuning,Tuning,0.0011727659983929556,0.998827234001609
Ela_metadataset,NaiveBayes,0.9,Tuning,Tuning,1.5825247489930918e-07,0.9999998417475223
Ela_metadataset,NaiveBayes,0.9,Tuning,Tuning,0.0,1.0
Ela_metadataset,NaiveBayes,0.9,Tuning,Tuning,0.27116587865868014,0.728834121341322
Ela_metadataset,NaiveBayes,0.9,Tuning,Defaults,0.9595546772460497,0.04044532275394772
Ela_metadataset,NaiveBayes,0.9,Tuning,Defaults,0.9988765509870944,0.0011234490129050478
Ela_metadataset,NaiveBayes,0.9,Tuning,Defaults,0.8833653794593144,0.11663462054068771
Ela_metadataset,NaiveBayes,0.9,Tuning,Defaults,0.9969158768391292,0.0030841231608681225
Ela_metadataset,NaiveBayes,0.9,Tuning,Defaults,0.998353270959268,0.0016467290407322416
Ela_metadataset,NaiveBayes,0.9,Tuning,Defaults,0.9035241874776712,0.09647581252232616
Ela_metadataset,NaiveBayes,0.9,Defaults,Tuning,1.1441120579591896e-12,0.9999999999988489
Ela_metadataset,NaiveBayes,0.9,Tuning,Tuning,0.1505388792957329,0.8494611207042642
Ela_metadataset,NaiveBayes,0.9,Tuning,Tuning,0.00021353589123282972,0.9997864641087664
Ela_metadataset,NaiveBayes,0.9,Defaults,Defaults,0.9897211298866385,0.010278870113363215
Ela_metadataset,NaiveBayes,0.9,Tuning,Defaults,0.9642494021181564,0.03575059788184517
Ela_metadataset,NaiveBayes,0.9,Tuning,Defaults,0.6893606762790875,0.310639323720916
Ela_metadataset,NaiveBayes,0.9,Tuning,Tuning,2.6557464055481595e-11,0.9999999999734399
Ela_metadataset,NaiveBayes,0.9,Tuning,Defaults,0.9982744904226544,0.0017255095773459274
Ela_metadataset,NaiveBayes,0.9,Tuning,Tuning,3.1900108620009565e-06,0.9999968099891424
Ela_metadataset,NaiveBayes,0.9,Tuning,Tuning,0.0,1.0
Ela_metadataset,NaiveBayes,0.9,Tuning,Defaults,0.9947461246529982,0.005253875347001072
Ela_metadataset,NaiveBayes,0.9,Tuning,Defaults,0.9691229884984677,0.030877011501534074
Ela_metadataset,NaiveBayes,0.9,Tuning,Defaults,0.9723637685875071,0.02763623141249452
Ela_metadataset,NaiveBayes,0.9,Defaults,Defaults,0.9589689300797608,0.041031069920236855
Ela_metadataset,NaiveBayes,0.9,Tuning,Defaults,0.9976611727059107,0.0023388272940901506
Ela_metadataset,NaiveBayes,0.9,Defaults,Defaults,0.999970097619504,2.9902380494666905e-05
Ela_metadataset,NaiveBayes,0.9,Tuning,Defaults,0.9923202955870254,0.00767970441297617
Ela_metadataset,NaiveBayes,0.9,Tuning,Defaults,0.9704349660968317,0.029565033903165696
Ela_metadataset,NaiveBayes,0.9,Tuning,Defaults,0.991970898170344,0.008029101829656857
Ela_metadataset,NaiveBayes,0.9,Tuning,Defaults,0.9997058991997386,0.0002941008002631451
Ela_metadataset,NaiveBayes,0.9,Tuning,Defaults,0.9994102025116003,0.0005897974883981801
Ela_metadataset,NaiveBayes,0.9,Defaults,Defaults,0.9995781466153898,0.00042185338461127406
Ela_metadataset,NaiveBayes,0.9,Tuning,Defaults,0.9994390412273124,0.0005609587726882329
Ela_metadataset,NaiveBayes,0.9,Defaults,Defaults,0.996529612766413,0.0034703872335853933
Ela_metadataset,NaiveBayes,0.9,Defaults,Defaults,0.991772794881249,0.008227205118750048
Ela_metadataset,NaiveBayes,0.9,Defaults,Defaults,0.999884604684431,0.0001153953155710763
Ela_metadataset,NaiveBayes,0.9,Defaults,Defaults,0.9994993077606114,0.0005006922393873129
Ela_metadataset,NaiveBayes,0.9,Tuning,Defaults,0.8871765632718617,0.11282343672814017
Ela_metadataset,NaiveBayes,0.9,Tuning,Defaults,0.9996259236384161,0.0003740763615842354
Ela_metadataset,NaiveBayes,0.9,Tuning,Defaults,0.999999483088159,5.169118439943277e-07
Ela_metadataset,NaiveBayes,0.9,Defaults,Defaults,0.9980770469039841,0.001922953096018476
Ela_metadataset,NaiveBayes,0.9,Defaults,Tuning,4.806705403211352e-44,1.0
Ela_metadataset,NaiveBayes,0.9,Defaults,Defaults,0.9980294048005764,0.00197059519942378
Ela_metadataset,NaiveBayes,0.9,Defaults,Defaults,0.9998338794737159,0.00016612052628491903
Ela_metadataset,NaiveBayes,0.9,Tuning,Defaults,0.9991125254753944,0.0008874745246050146
Ela_metadataset,NaiveBayes,0.9,Tuning,Defaults,0.999999883758569,1.162414361606381e-07
Ela_metadataset,NaiveBayes,0.9,Defaults,Defaults,0.9998333543268393,0.00016664567316196618
Ela_metadataset,NaiveBayes,0.9,Tuning,Defaults,0.9982630489778931,0.0017369510221035187
Ela_metadataset,NaiveBayes,0.9,Defaults,Defaults,0.9988991931556589,0.0011008068443409918
Ela_metadataset,NaiveBayes,0.9,Tuning,Defaults,0.8344802247581758,0.16551977524182554
Ela_metadataset,NaiveBayes,0.9,Tuning,Defaults,0.9769471711356447,0.023052828864355213
Ela_metadataset,NaiveBayes,0.9,Defaults,Defaults,0.9556299080635838,0.0443700919364152
Ela_metadataset,NaiveBayes,0.9,Tuning,Defaults,0.9981182083123111,0.0018817916876905936
Ela_metadataset,NaiveBayes,0.9,Defaults,Defaults,0.9999885515241766,1.1448475823333244e-05
Ela_metadataset,NaiveBayes,0.9,Tuning,Tuning,0.004170609884371848,0.9958293901156297
Ela_metadataset,NaiveBayes,0.9,Tuning,Tuning,0.001343105105485033,0.9986568948945116
Ela_metadataset,NaiveBayes,0.9,Tuning,Defaults,0.9316951419676172,0.06830485803238445
Ela_metadataset,NaiveBayes,0.9,Defaults,Defaults,0.932169989899469,0.06783001010053226
Ela_metadataset,NaiveBayes,0.9,Tuning,Tuning,0.401987172488034,0.5980128275119682
Ela_metadataset,NaiveBayes,0.9,Tuning,Tuning,0.05634410199233762,0.9436558980076607
Ela_metadataset,NaiveBayes,0.9,Tuning,Defaults,0.9521106846949756,0.04788931530502465
Ela_metadataset,NaiveBayes,0.9,Defaults,Tuning,7.704054331009064e-24,1.0
Ela_metadataset,NaiveBayes,0.9,Tuning,Tuning,7.810410492314179e-32,1.0
Ela_metadataset,NaiveBayes,0.9,Tuning,Defaults,0.9945980089521749,0.005401991047825432
Ela_metadataset,NaiveBayes,0.9,Tuning,Tuning,0.33087301885902937,0.6691269811409727
Ela_metadataset,NaiveBayes,0.9,Tuning,Tuning,0.000293793674636266,0.9997062063253607
Ela_metadataset,NaiveBayes,0.9,Tuning,Defaults,0.9971043050397611,0.00289569496023918
Ela_metadataset,NaiveBayes,0.9,Tuning,Tuning,0.14062736448350077,0.8593726355164998
Ela_metadataset,NaiveBayes,0.9,Tuning,Defaults,0.8529295904393175,0.1470704095606835
Ela_metadataset,NaiveBayes,0.9,Defaults,Defaults,0.9830295347214236,0.0169704652785755
Ela_metadataset,NaiveBayes,0.9,Tuning,Defaults,0.6648930195237353,0.33510698047626264
Ela_metadataset,NaiveBayes,0.9,Tuning,Defaults,0.938365099722847,0.061634900277153674
Ela_metadataset,NaiveBayes,0.9,Tuning,Defaults,0.8966050616975991,0.10339493830240314
Ela_metadataset,NaiveBayes,0.9,Tuning,Defaults,0.993674505698783,0.006325494301214552
Ela_metadataset,NaiveBayes,0.9,Tuning,Tuning,2.5066624321091306e-11,0.999999999974932
Ela_metadataset,NaiveBayes,0.9,Tuning,Defaults,0.9996333998495468,0.00036660015045608755
Ela_metadataset,NaiveBayes,0.9,Tuning,Defaults,0.9999999999996589,3.392863814558321e-13
Ela_metadataset,NaiveBayes,0.9,Tuning,Tuning,0.0019777574459008108,0.9980222425541027
Ela_metadataset,NaiveBayes,0.9,Defaults,Defaults,0.9999999999998863,1.1302491259919069e-13
Ela_metadataset,NaiveBayes,0.9,Tuning,Tuning,0.006209261396981523,0.9937907386030151
Ela_metadataset,NaiveBayes,0.9,Defaults,Defaults,0.9704972276402003,0.029502772359798018
Ela_metadataset,NaiveBayes,0.9,Tuning,Defaults,0.9702844148036077,0.029715585196394553
Ela_metadataset,NaiveBayes,0.9,Tuning,Defaults,0.9998543749047962,0.00014562509520228508
Ela_metadataset,NaiveBayes,0.9,Tuning,Defaults,0.5290930483088283,0.47090695169116975
Ela_metadataset,NaiveBayes,0.9,Tuning,Tuning,6.021552369767292e-13,0.999999999999396
Ela_metadataset,NaiveBayes,0.9,Defaults,Tuning,0.00446926778082057,0.9955307322191725
Ela_metadataset,NaiveBayes,0.9,Defaults,Defaults,0.9949928604482056,0.0050071395517933045
Ela_metadataset,NaiveBayes,0.9,Tuning,Defaults,0.9610987182613615,0.038901281738641554
Ela_metadataset,NaiveBayes,0.9,Tuning,Defaults,0.9233051033599144,0.0766948966400877
Ela_metadataset,NaiveBayes,0.9,Tuning,Defaults,0.9974614000159645,0.0025385999840337996
Ela_metadataset,NaiveBayes,0.9,Tuning,Defaults,0.9919811686537636,0.008018831346237387
Ela_metadataset,NaiveBayes,0.9,Tuning,Defaults,0.9989143153263519,0.0010856846736494415
Ela_metadataset,NaiveBayes,0.9,Tuning,Tuning,5.154359669612761e-11,0.9999999999484572
Ela_metadataset,NaiveBayes,0.9,Tuning,Defaults,0.9610168314669344,0.03898316853306302
Ela_metadataset,NaiveBayes,0.9,Tuning,Defaults,0.999990734432318,9.265567681613824e-06
Ela_metadataset,NaiveBayes,0.9,Defaults,Defaults,0.9894417955692387,0.010558204430761997
Ela_metadataset,NaiveBayes,0.9,Tuning,Defaults,0.9999689166392042,3.108336079549649e-05
Ela_metadataset,NaiveBayes,0.9,Tuning,Defaults,0.9999671879198355,3.2812080165407404e-05
Ela_metadataset,NaiveBayes,0.9,Tuning,Tuning,5.7925525904505876e-08,0.999999942074476
Ela_metadataset,NaiveBayes,0.9,Tuning,Defaults,0.9996926970955496,0.0003073029044508423
Ela_metadataset,NaiveBayes,0.9,Defaults,Tuning,0.1805017026824587,0.8194982973175408
Ela_metadataset,NaiveBayes,0.9,Tuning,Defaults,0.8382619108206658,0.16173808917933633
Ela_metadataset,NaiveBayes,0.9,Tuning,Defaults,0.5670144344929575,0.4329855655070431
Ela_metadataset,NaiveBayes,0.9,Tuning,Tuning,0.3019528537556317,0.6980471462443687
Ela_metadataset,NaiveBayes,0.9,Defaults,Defaults,0.957573094804212,0.042426905195786555
Ela_metadataset,NaiveBayes,0.9,Tuning,Defaults,0.8860980214458897,0.11390197855410744
Ela_metadataset,NaiveBayes,0.9,Tuning,Defaults,0.9980487011810522,0.0019512988189461403
Ela_metadataset,NaiveBayes,0.9,Tuning,Tuning,0.361109744249958,0.6388902557500428
Ela_metadataset,NaiveBayes,0.9,Defaults,Defaults,0.9999999996792397,3.2075726783795075e-10
Ela_metadataset,NaiveBayes,0.9,Defaults,Defaults,0.9999625871347687,3.7412865230828885e-05
Ela_metadataset,NaiveBayes,0.9,Tuning,Defaults,0.99999756254983,2.4374501691196323e-06
Ela_metadataset,NaiveBayes,0.9,Tuning,Defaults,0.9871870317190174,0.012812968280984017
Ela_metadataset,NaiveBayes,0.9,Tuning,Defaults,0.9999984980862687,1.5019137318229708e-06
Ela_metadataset,NaiveBayes,0.9,Defaults,Defaults,0.8126377994533381,0.18736220054666047
Ela_metadataset,NaiveBayes,0.9,Defaults,Tuning,0.0030046885876333657,0.9969953114123681
Ela_metadataset,NaiveBayes,0.9,Defaults,Defaults,0.9985178482566802,0.0014821517433206558
Ela_metadataset,NaiveBayes,0.9,Tuning,Defaults,0.9569614832041677,0.043038516795833474
Ela_metadataset,NaiveBayes,0.9,Defaults,Tuning,0.0,1.0
Ela_metadataset,NaiveBayes,0.9,Tuning,Defaults,0.9932821878177135,0.006717812182287541
Ela_metadataset,NaiveBayes,0.9,Tuning,Defaults,0.5826958616717217,0.41730413832827845
Ela_metadataset,NaiveBayes,0.9,Defaults,Defaults,0.9984712502569482,0.001528749743052418
Ela_metadataset,NaiveBayes,0.9,Defaults,Defaults,0.7755929995437013,0.22440700045630105
Ela_metadataset,NaiveBayes,0.9,Tuning,Defaults,0.9646761246954784,0.03532387530452273
Ela_metadataset,NaiveBayes,0.9,Tuning,Defaults,0.980517205963492,0.019482794036508783
Ela_metadataset,NaiveBayes,0.9,Defaults,Defaults,0.9998227106590489,0.00017728934095093105
Ela_metadataset,NaiveBayes,0.9,Tuning,Tuning,0.3086875836447758,0.691312416355221
Ela_metadataset,NaiveBayes,0.9,Tuning,Defaults,0.9983989869306422,0.0016010130693554416
Ela_metadataset,NaiveBayes,0.9,Tuning,Defaults,0.9999999999995737,4.2044199602116216e-13
Ela_metadataset,NaiveBayes,0.9,Tuning,Defaults,0.992407190934145,0.007592809065854361
Ela_metadataset,NaiveBayes,0.95,Tuning,Defaults,0.9616529656175861,0.03834703438241158
Ela_metadataset,NaiveBayes,0.95,Tuning,Defaults,0.5058690300499664,0.4941309699500351
Ela_metadataset,NaiveBayes,0.95,Defaults,Defaults,0.9999948843001333,5.1156998673712796e-06
Ela_metadataset,NaiveBayes,0.95,Tuning,Defaults,0.9864700711889574,0.013529928811040145
Ela_metadataset,NaiveBayes,0.95,Tuning,Defaults,0.9587341235019248,0.041265876498077635
Ela_metadataset,NaiveBayes,0.95,Tuning,Defaults,0.9998572575424902,0.00014274245750917877
Ela_metadataset,NaiveBayes,0.95,Tuning,Defaults,0.9626196213014727,0.037380378698530864
Ela_metadataset,NaiveBayes,0.95,Defaults,Defaults,0.9997951305769052,0.00020486942309435615
Ela_metadataset,NaiveBayes,0.95,Defaults,Defaults,0.9997239026781025,0.00027609732189813775
Ela_metadataset,NaiveBayes,0.95,Tuning,Defaults,0.9994386111512182,0.0005613888487822332
Ela_metadataset,NaiveBayes,0.95,Tuning,Defaults,0.9957557609406593,0.004244239059343883
Ela_metadataset,NaiveBayes,0.95,Defaults,Defaults,0.9966625995666311,0.00333740043337134
Ela_metadataset,NaiveBayes,0.95,Tuning,Defaults,0.9990299769767855,0.0009700230232146191
Ela_metadataset,NaiveBayes,0.95,Tuning,Defaults,0.9999501885349422,4.9811465060171296e-05
Ela_metadataset,NaiveBayes,0.95,Tuning,Tuning,0.0,1.0
Ela_metadataset,NaiveBayes,0.95,Tuning,Defaults,0.9964810737831574,0.0035189262168411786
Ela_metadataset,NaiveBayes,0.95,Defaults,Defaults,0.9999754530417179,2.454695828027839e-05
Ela_metadataset,NaiveBayes,0.95,Tuning,Tuning,0.08868780916858406,0.9113121908314178
Ela_metadataset,NaiveBayes,0.95,Defaults,Defaults,0.9999849603956139,1.5039604383935275e-05
Ela_metadataset,NaiveBayes,0.95,Tuning,Defaults,0.9999999999993605,6.379622231516436e-13
Ela_metadataset,NaiveBayes,0.95,Tuning,Defaults,0.9982218545248286,0.0017781454751737414
Ela_metadataset,NaiveBayes,0.95,Defaults,Defaults,0.9999880292224211,1.1970777582174228e-05
Ela_metadataset,NaiveBayes,0.95,Tuning,Defaults,0.9999998655811614,1.344188403513259e-07
Ela_metadataset,NaiveBayes,0.95,Tuning,Defaults,0.999760378927173,0.00023962107282906686
Ela_metadataset,NaiveBayes,0.95,Tuning,Defaults,0.9965574675517989,0.003442532448201448
Ela_metadataset,NaiveBayes,0.95,Tuning,Defaults,0.9992032268661296,0.0007967731338692482
Ela_metadataset,NaiveBayes,0.95,Tuning,Defaults,0.9696849886841123,0.030315011315890754
Ela_metadataset,NaiveBayes,0.95,Tuning,Defaults,0.9991373176674481,0.0008626823325489837
Ela_metadataset,NaiveBayes,0.95,Tuning,Tuning,0.20453361366931558,0.7954663863306867
Ela_metadataset,NaiveBayes,0.95,Tuning,Defaults,0.9997242928230505,0.00027570717695053185
Ela_metadataset,NaiveBayes,0.95,Tuning,Tuning,5.622038378969988e-09,0.9999999943779585
Ela_metadataset,NaiveBayes,0.95,Tuning,Defaults,0.9876178243811181,0.012382175618881554
Ela_metadataset,NaiveBayes,0.95,Defaults,Defaults,0.9998088070426232,0.00019119295738018722
Ela_metadataset,NaiveBayes,0.95,Defaults,Defaults,0.9999994867089551,5.132910461803159e-07
Ela_metadataset,NaiveBayes,0.95,Tuning,Tuning,0.00047641140474320953,0.9995235885952553
Ela_metadataset,NaiveBayes,0.95,Tuning,Defaults,1.0,0.0
Ela_metadataset,NaiveBayes,0.95,Tuning,Tuning,0.43071556396941824,0.5692844360305822
Ela_metadataset,NaiveBayes,0.95,Defaults,Defaults,1.0,3.1003286158351113e-86
Ela_metadataset,NaiveBayes,0.95,Tuning,Defaults,0.9971235874728767,0.0028764125271206684
Ela_metadataset,NaiveBayes,0.95,Defaults,Defaults,0.9999758952503629,2.4104749636003586e-05
Ela_metadataset,NaiveBayes,0.95,Tuning,Tuning,0.001151657021634782,0.9988483429783632
Ela_metadataset,NaiveBayes,0.95,Tuning,Tuning,4.1001635119323545e-09,0.9999999958998345
Ela_metadataset,NaiveBayes,0.95,Tuning,Tuning,0.0,1.0
Ela_metadataset,NaiveBayes,0.95,Tuning,Tuning,0.14369583875280456,0.8563041612471959
Ela_metadataset,NaiveBayes,0.95,Tuning,Defaults,0.5354937667512216,0.46450623324877677
Ela_metadataset,NaiveBayes,0.95,Tuning,Defaults,0.9993744755935112,0.0006255244064902823
Ela_metadataset,NaiveBayes,0.95,Tuning,Defaults,0.963719121231511,0.03628087876849154
Ela_metadataset,NaiveBayes,0.95,Tuning,Defaults,0.9989568583225269,0.0010431416774734795
Ela_metadataset,NaiveBayes,0.95,Tuning,Defaults,0.999328799889466,0.0006712001105371296
Ela_metadataset,NaiveBayes,0.95,Tuning,Defaults,0.8102748214526935,0.18972517854730986
Ela_metadataset,NaiveBayes,0.95,Defaults,Tuning,6.664812841614168e-14,0.999999999999929
Ela_metadataset,NaiveBayes,0.95,Tuning,Tuning,0.009309324026387449,0.9906906759736113
Ela_metadataset,NaiveBayes,0.95,Tuning,Tuning,3.19378197277125e-06,0.9999968062180271
Ela_metadataset,NaiveBayes,0.95,Defaults,Defaults,0.988536141464677,0.01146385853532134
Ela_metadataset,NaiveBayes,0.95,Tuning,Defaults,0.9840341033982806,0.015965896601722186
Ela_metadataset,NaiveBayes,0.95,Tuning,Defaults,0.8375218202865002,0.16247817971350273
Ela_metadataset,NaiveBayes,0.95,Tuning,Tuning,8.555505920056947e-13,0.9999999999991473
Ela_metadataset,NaiveBayes,0.95,Tuning,Defaults,0.9994276506425643,0.0005723493574345677
Ela_metadataset,NaiveBayes,0.95,Tuning,Tuning,1.702932058287784e-07,0.999999829706795
Ela_metadataset,NaiveBayes,0.95,Tuning,Tuning,0.0,1.0
Ela_metadataset,NaiveBayes,0.95,Tuning,Defaults,0.98647726393763,0.013522736062371015
Ela_metadataset,NaiveBayes,0.95,Tuning,Defaults,0.9640414915635911,0.03595850843641164
Ela_metadataset,NaiveBayes,0.95,Tuning,Defaults,0.984638012944184,0.015361987055816057
Ela_metadataset,NaiveBayes,0.95,Defaults,Defaults,0.9845545413250033,0.015445458674994328
Ela_metadataset,NaiveBayes,0.95,Tuning,Defaults,0.998731618952226,0.0012683810477742904
Ela_metadataset,NaiveBayes,0.95,Defaults,Defaults,0.9999889852201603,1.101477984076182e-05
Ela_metadataset,NaiveBayes,0.95,Tuning,Defaults,0.9946247056684385,0.005375294331557975
Ela_metadataset,NaiveBayes,0.95,Tuning,Defaults,0.9399688630605533,0.060031136939444465
Ela_metadataset,NaiveBayes,0.95,Tuning,Defaults,0.9963760605817631,0.003623939418239148
Ela_metadataset,NaiveBayes,0.95,Tuning,Defaults,0.9998981084807824,0.00010189151921763237
Ela_metadataset,NaiveBayes,0.95,Tuning,Defaults,0.9997933551174022,0.0002066448825960817
Ela_metadataset,NaiveBayes,0.95,Defaults,Defaults,0.9998435361289205,0.00015646387108064975
Ela_metadataset,NaiveBayes,0.95,Tuning,Defaults,0.9997303544328566,0.00026964556714584407
Ela_metadataset,NaiveBayes,0.95,Defaults,Defaults,0.9986066608661706,0.0013933391338289995
Ela_metadataset,NaiveBayes,0.95,Defaults,Defaults,0.9966996286537338,0.0033003713462692614
Ela_metadataset,NaiveBayes,0.95,Defaults,Defaults,0.9999486894148396,5.131058516091031e-05
Ela_metadataset,NaiveBayes,0.95,Defaults,Defaults,0.9998259155330699,0.00017408446693166116
Ela_metadataset,NaiveBayes,0.95,Tuning,Defaults,0.8825301837036502,0.11746981629634728
Ela_metadataset,NaiveBayes,0.95,Tuning,Defaults,0.9995495758838606,0.00045042411613821
Ela_metadataset,NaiveBayes,0.95,Tuning,Defaults,0.9999996009746198,3.990253767564288e-07
Ela_metadataset,NaiveBayes,0.95,Defaults,Defaults,0.9790655776465522,0.020934422353443758
Ela_metadataset,NaiveBayes,0.95,Defaults,Tuning,4.305228261574216e-44,1.0
Ela_metadataset,NaiveBayes,0.95,Defaults,Defaults,0.9994010597445672,0.0005989402554306504
Ela_metadataset,NaiveBayes,0.95,Defaults,Defaults,0.9999442227921813,5.5777207817376695e-05
Ela_metadataset,NaiveBayes,0.95,Tuning,Defaults,0.9996919739131567,0.0003080260868435118
Ela_metadataset,NaiveBayes,0.95,Tuning,Defaults,0.9999997509621633,2.490378427937391e-07
Ela_metadataset,NaiveBayes,0.95,Defaults,Defaults,0.9999248024603842,7.519753961484114e-05
Ela_metadataset,NaiveBayes,0.95,Tuning,Defaults,0.9992696520588856,0.00073034794111245
Ela_metadataset,NaiveBayes,0.95,Defaults,Defaults,0.9996266711135903,0.0003733288864079192
Ela_metadataset,NaiveBayes,0.95,Tuning,Defaults,0.5950904673403988,0.404909532659604
Ela_metadataset,NaiveBayes,0.95,Tuning,Defaults,0.9942785181648848,0.005721481835112013
Ela_metadataset,NaiveBayes,0.95,Defaults,Defaults,0.984319205660437,0.01568079433956096
Ela_metadataset,NaiveBayes,0.95,Tuning,Defaults,0.9993314531157619,0.0006685468842353794
Ela_metadataset,NaiveBayes,0.95,Defaults,Defaults,0.999985116713288,1.4883286710016305e-05
Ela_metadataset,NaiveBayes,0.95,Tuning,Tuning,0.00020743060758778657,0.9997925693924108
Ela_metadataset,NaiveBayes,0.95,Tuning,Tuning,0.00028298857266100626,0.9997170114273403
Ela_metadataset,NaiveBayes,0.95,Tuning,Defaults,0.9803216109469259,0.01967838905307628
Ela_metadataset,NaiveBayes,0.95,Defaults,Defaults,0.9441513311398546,0.05584866886014401
Ela_metadataset,NaiveBayes,0.95,Tuning,Tuning,0.3119551127732426,0.6880448872267544
Ela_metadataset,NaiveBayes,0.95,Tuning,Tuning,0.0007298809380987002,0.9992701190618999
Ela_metadataset,NaiveBayes,0.95,Tuning,Defaults,0.9700086583605492,0.02999134163945082
Ela_metadataset,NaiveBayes,0.95,Defaults,Tuning,2.6300221998977626e-26,1.0
Ela_metadataset,NaiveBayes,0.95,Tuning,Tuning,2.0038129543053432e-32,1.0
Ela_metadataset,NaiveBayes,0.95,Tuning,Defaults,0.9969251828138507,0.0030748171861468064
Ela_metadataset,NaiveBayes,0.95,Tuning,Tuning,0.37829258555153283,0.621707414448467
Ela_metadataset,NaiveBayes,0.95,Tuning,Tuning,1.389762865614256e-05,0.999986102371341
Ela_metadataset,NaiveBayes,0.95,Tuning,Defaults,0.9987891550448771,0.0012108449551256186
Ela_metadataset,NaiveBayes,0.95,Tuning,Tuning,0.08685716375214958,0.9131428362478472
Ela_metadataset,NaiveBayes,0.95,Tuning,Defaults,0.6118533724392858,0.3881466275607109
Ela_metadataset,NaiveBayes,0.95,Defaults,Defaults,0.9932281037491069,0.006771896250890465
Ela_metadataset,NaiveBayes,0.95,Tuning,Tuning,0.01905793103282847,0.9809420689671732
Ela_metadataset,NaiveBayes,0.95,Tuning,Defaults,0.899220891128474,0.10077910887152272
Ela_metadataset,NaiveBayes,0.95,Tuning,Defaults,0.9464170101661245,0.05358298983387388
Ela_metadataset,NaiveBayes,0.95,Tuning,Defaults,0.9976475549287458,0.0023524450712536916
Ela_metadataset,NaiveBayes,0.95,Tuning,Tuning,2.9258191734846745e-11,0.9999999999707399
Ela_metadataset,NaiveBayes,0.95,Tuning,Defaults,0.9998742544903377,0.00012574550966193055
Ela_metadataset,NaiveBayes,0.95,Tuning,Defaults,0.9999999999989342,1.0682934072765106e-12
Ela_metadataset,NaiveBayes,0.95,Tuning,Tuning,2.2587854148931866e-06,0.9999977412145784
Ela_metadataset,NaiveBayes,0.95,Defaults,Defaults,0.9999999999998792,1.2248484533860624e-13
Ela_metadataset,NaiveBayes,0.95,Tuning,Tuning,0.0038225411136335696,0.9961774588863673
Ela_metadataset,NaiveBayes,0.95,Defaults,Defaults,0.9887819793195055,0.011218020680491578
Ela_metadataset,NaiveBayes,0.95,Tuning,Defaults,0.9793163810018546,0.02068361899814284
Ela_metadataset,NaiveBayes,0.95,Tuning,Defaults,0.9999478049591617,5.219504083568356e-05
Ela_metadataset,NaiveBayes,0.95,Tuning,Defaults,0.6199862344836492,0.38001376551635135
Ela_metadataset,NaiveBayes,0.95,Tuning,Tuning,2.6894013345928263e-15,1.0
Ela_metadataset,NaiveBayes,0.95,Defaults,Tuning,0.00016620336394056198,0.9998337966360573
Ela_metadataset,NaiveBayes,0.95,Defaults,Defaults,0.9984544187427287,0.0015455812572720197
Ela_metadataset,NaiveBayes,0.95,Tuning,Defaults,0.9847588038618028,0.015241196138197272
Ela_metadataset,NaiveBayes,0.95,Tuning,Defaults,0.9110416725517965,0.08895832744820407
Ela_metadataset,NaiveBayes,0.95,Tuning,Defaults,0.9975055667177773,0.002494433282223014
Ela_metadataset,NaiveBayes,0.95,Tuning,Defaults,0.9921199274809271,0.007880072519070493
Ela_metadataset,NaiveBayes,0.95,Tuning,Defaults,0.9994890927115676,0.0005109072884356972
Ela_metadataset,NaiveBayes,0.95,Tuning,Tuning,1.4353095066251496e-13,0.9999999999998579
Ela_metadataset,NaiveBayes,0.95,Tuning,Defaults,0.9704189229802399,0.029581077019763556
Ela_metadataset,NaiveBayes,0.95,Tuning,Defaults,0.9999942680475797,5.731952418604012e-06
Ela_metadataset,NaiveBayes,0.95,Defaults,Defaults,0.9954433692653818,0.0045566307346156815
Ela_metadataset,NaiveBayes,0.95,Tuning,Defaults,0.9997626781437808,0.00023732185621579805
Ela_metadataset,NaiveBayes,0.95,Tuning,Defaults,0.9999905642912321,9.435708767021279e-06
Ela_metadataset,NaiveBayes,0.95,Tuning,Tuning,2.9679626815368283e-08,0.9999999703203746
Ela_metadataset,NaiveBayes,0.95,Tuning,Defaults,0.9998747997290368,0.00012520027096347413
Ela_metadataset,NaiveBayes,0.95,Defaults,Tuning,0.08270847524185598,0.9172915247581453
Ela_metadataset,NaiveBayes,0.95,Tuning,Defaults,0.9317367066002686,0.06826329339973033
Ela_metadataset,NaiveBayes,0.95,Tuning,Tuning,0.3408622392730419,0.6591377607269575
Ela_metadataset,NaiveBayes,0.95,Tuning,Tuning,0.2927689940722893,0.7072310059277097
Ela_metadataset,NaiveBayes,0.95,Defaults,Defaults,0.9737611661341836,0.02623883386581871
Ela_metadataset,NaiveBayes,0.95,Tuning,Defaults,0.9243053177924939,0.07569468220750541
Ela_metadataset,NaiveBayes,0.95,Tuning,Defaults,0.9994187531325684,0.0005812468674337174
Ela_metadataset,NaiveBayes,0.95,Tuning,Tuning,0.44715725487910946,0.5528427451208927
Ela_metadataset,NaiveBayes,0.95,Defaults,Defaults,0.9999999917339721,8.266028743310484e-09
Ela_metadataset,NaiveBayes,0.95,Defaults,Defaults,0.9999861793414005,1.3820658596775973e-05
Ela_metadataset,NaiveBayes,0.95,Tuning,Defaults,0.9999829623658338,1.7037634167824536e-05
Ela_metadataset,NaiveBayes,0.95,Tuning,Defaults,0.995538953431462,0.004461046568535943
Ela_metadataset,NaiveBayes,0.95,Tuning,Defaults,0.999986854144707,1.3145855290076813e-05
Ela_metadataset,NaiveBayes,0.95,Defaults,Defaults,0.9065530794415632,0.09344692055843555
Ela_metadataset,NaiveBayes,0.95,Defaults,Tuning,0.0003684400085446811,0.9996315599914571
Ela_metadataset,NaiveBayes,0.95,Defaults,Defaults,0.9995415491425147,0.00045845085748355454
Ela_metadataset,NaiveBayes,0.95,Tuning,Defaults,0.9578712381939297,0.042128761806066894
Ela_metadataset,NaiveBayes,0.95,Defaults,Tuning,0.0,1.0
Ela_metadataset,NaiveBayes,0.95,Tuning,Defaults,0.9964707545485968,0.003529245451402798
Ela_metadataset,NaiveBayes,0.95,Tuning,Tuning,0.1043524798865602,0.8956475201134385
Ela_metadataset,NaiveBayes,0.95,Defaults,Defaults,0.9994485280525022,0.0005514719474978665
Ela_metadataset,NaiveBayes,0.95,Defaults,Defaults,0.8978881664573786,0.10211183354261809
Ela_metadataset,NaiveBayes,0.95,Tuning,Defaults,0.9859978818193619,0.014002118180638191
Ela_metadataset,NaiveBayes,0.95,Tuning,Defaults,0.9854551221444859,0.014544877855513129
Ela_metadataset,NaiveBayes,0.95,Defaults,Defaults,0.9932861597778964,0.006713840222106281
Ela_metadataset,NaiveBayes,0.95,Tuning,Defaults,0.5428364057269263,0.45716359427307246
Ela_metadataset,NaiveBayes,0.95,Tuning,Defaults,0.9988730034014678,0.0011269965985324106
Ela_metadataset,NaiveBayes,0.95,Tuning,Defaults,0.9999999999943014,5.700825189059376e-12
Ela_metadataset,NaiveBayes,0.95,Tuning,Defaults,0.8293257746325876,0.17067422536741125
Ela_metadataset,LogisticRegression,0.8,Tuning,Tuning,0.46758137623336615,0.5324186237666338
Ela_metadataset,LogisticRegression,0.8,Tuning,Tuning,0.08495346248435165,0.9150465375156484
Ela_metadataset,LogisticRegression,0.8,Defaults,Defaults,0.8542374533117058,0.14576254668829425
Ela_metadataset,LogisticRegression,0.8,Tuning,Tuning,0.10162701620558989,0.8983729837944101
Ela_metadataset,LogisticRegression,0.8,Tuning,Tuning,0.008035607842588943,0.9919643921574111
Ela_metadataset,LogisticRegression,0.8,Tuning,Tuning,0.2900059702308082,0.7099940297691918
Ela_metadataset,LogisticRegression,0.8,Tuning,Tuning,0.01451418618788447,0.9854858138121155
Ela_metadataset,LogisticRegression,0.8,Defaults,Tuning,0.2895527009840202,0.7104472990159798
Ela_metadataset,LogisticRegression,0.8,Defaults,Defaults,0.5628873857680583,0.4371126142319417
Ela_metadataset,LogisticRegression,0.8,Tuning,Tuning,0.14404315047807592,0.8559568495219241
Ela_metadataset,LogisticRegression,0.8,Tuning,Tuning,0.03396629191574507,0.9660337080842549
Ela_metadataset,LogisticRegression,0.8,Defaults,Tuning,0.31110356044062093,0.6888964395593791
Ela_metadataset,LogisticRegression,0.8,Tuning,Tuning,0.19811670184633545,0.8018832981536645
Ela_metadataset,LogisticRegression,0.8,Tuning,Defaults,0.6408498558195888,0.3591501441804112
Ela_metadataset,LogisticRegression,0.8,Tuning,Tuning,2.2310199866426572e-06,0.9999977689800134
Ela_metadataset,LogisticRegression,0.8,Tuning,Tuning,0.022753987741814585,0.9772460122581854
Ela_metadataset,LogisticRegression,0.8,Defaults,Defaults,0.8079631650627725,0.19203683493722748
Ela_metadataset,LogisticRegression,0.8,Tuning,Tuning,0.003024602720512415,0.9969753972794876
Ela_metadataset,LogisticRegression,0.8,Defaults,Tuning,0.4612589688586839,0.5387410311413161
Ela_metadataset,LogisticRegression,0.8,Tuning,Defaults,0.9393156011615902,0.06068439883840987
Ela_metadataset,LogisticRegression,0.8,Tuning,Tuning,0.46316707872513596,0.536832921274864
Ela_metadataset,LogisticRegression,0.8,Defaults,Defaults,0.5973401165387531,0.40265988346124687
Ela_metadataset,LogisticRegression,0.8,Tuning,Tuning,0.49404859507898435,0.5059514049210156
Ela_metadataset,LogisticRegression,0.8,Tuning,Tuning,0.06653274317383906,0.9334672568261609
Ela_metadataset,LogisticRegression,0.8,Tuning,Tuning,0.05624078977137403,0.943759210228626
Ela_metadataset,LogisticRegression,0.8,Tuning,Tuning,0.06682152417613263,0.9331784758238674
Ela_metadataset,LogisticRegression,0.8,Tuning,Tuning,0.024613069002810017,0.97538693099719
Ela_metadataset,LogisticRegression,0.8,Tuning,Tuning,0.04805162728772916,0.9519483727122708
Ela_metadataset,LogisticRegression,0.8,Tuning,Tuning,0.006762706680041308,0.9932372933199587
Ela_metadataset,LogisticRegression,0.8,Tuning,Tuning,0.0754086291241165,0.9245913708758835
Ela_metadataset,LogisticRegression,0.8,Tuning,Tuning,6.741832517276336e-05,0.9999325816748272
Ela_metadataset,LogisticRegression,0.8,Tuning,Tuning,0.03403326027460074,0.9659667397253993
Ela_metadataset,LogisticRegression,0.8,Defaults,Defaults,0.8916636083090909,0.1083363916909091
Ela_metadataset,LogisticRegression,0.8,Defaults,Defaults,0.7590219512395776,0.24097804876042236
Ela_metadataset,LogisticRegression,0.8,Tuning,Tuning,0.023289530376620404,0.9767104696233796
Ela_metadataset,LogisticRegression,0.8,Tuning,Tuning,0.08313894609478867,0.9168610539052113
Ela_metadataset,LogisticRegression,0.8,Tuning,Tuning,0.14377002533957173,0.8562299746604283
Ela_metadataset,LogisticRegression,0.8,Defaults,Tuning,0.0013271766024196552,0.9986728233975803
Ela_metadataset,LogisticRegression,0.8,Tuning,Tuning,0.06690943754849543,0.9330905624515046
Ela_metadataset,LogisticRegression,0.8,Defaults,Tuning,0.47692630687641235,0.5230736931235876
Ela_metadataset,LogisticRegression,0.8,Tuning,Tuning,0.021022639908201746,0.9789773600917983
Ela_metadataset,LogisticRegression,0.8,Tuning,Tuning,0.00011813913196989656,0.9998818608680301
Ela_metadataset,LogisticRegression,0.8,Tuning,Tuning,0.0036515985701426334,0.9963484014298574
Ela_metadataset,LogisticRegression,0.8,Tuning,Tuning,0.03663249615502895,0.963367503844971
Ela_metadataset,LogisticRegression,0.8,Tuning,Tuning,0.015943249737038978,0.984056750262961
Ela_metadataset,LogisticRegression,0.8,Tuning,Tuning,0.16437198345136894,0.8356280165486311
Ela_metadataset,LogisticRegression,0.8,Tuning,Tuning,0.30473133344669145,0.6952686665533085
Ela_metadataset,LogisticRegression,0.8,Tuning,Tuning,0.17101284917607273,0.8289871508239273
Ela_metadataset,LogisticRegression,0.8,Tuning,Tuning,0.4633123239902591,0.5366876760097409
Ela_metadataset,LogisticRegression,0.8,Tuning,Tuning,0.06231627870915668,0.9376837212908433
Ela_metadataset,LogisticRegression,0.8,Defaults,Defaults,0.720781973969449,0.27921802603055107
Ela_metadataset,LogisticRegression,0.8,Tuning,Tuning,0.14069442133114973,0.8593055786688503
Ela_metadataset,LogisticRegression,0.8,Tuning,Tuning,0.012103926751031113,0.9878960732489689
Ela_metadataset,LogisticRegression,0.8,Defaults,Tuning,0.15571350874280587,0.8442864912571941
Ela_metadataset,LogisticRegression,0.8,Tuning,Tuning,0.24826777569814584,0.7517322243018542
Ela_metadataset,LogisticRegression,0.8,Tuning,Defaults,0.5596612307397091,0.4403387692602909
Ela_metadataset,LogisticRegression,0.8,Tuning,Tuning,0.005671661226131941,0.9943283387738681
Ela_metadataset,LogisticRegression,0.8,Tuning,Tuning,0.3952344903187023,0.6047655096812977
Ela_metadataset,LogisticRegression,0.8,Tuning,Tuning,0.044904456276007254,0.9550955437239927
Ela_metadataset,LogisticRegression,0.8,Tuning,Tuning,0.022490475223690076,0.9775095247763099
Ela_metadataset,LogisticRegression,0.8,Tuning,Tuning,0.1137673012142062,0.8862326987857938
Ela_metadataset,LogisticRegression,0.8,Tuning,Defaults,0.5380574862458019,0.4619425137541982
Ela_metadataset,LogisticRegression,0.8,Tuning,Tuning,0.2378037715864083,0.7621962284135917
Ela_metadataset,LogisticRegression,0.8,Defaults,Defaults,0.5995952869729801,0.4004047130270198
Ela_metadataset,LogisticRegression,0.8,Tuning,Tuning,0.46134290601160743,0.5386570939883926
Ela_metadataset,LogisticRegression,0.8,Defaults,Defaults,0.7684223101194663,0.2315776898805338
Ela_metadataset,LogisticRegression,0.8,Tuning,Tuning,0.1916524614740358,0.8083475385259642
Ela_metadataset,LogisticRegression,0.8,Tuning,Tuning,0.04620191519737327,0.9537980848026267
Ela_metadataset,LogisticRegression,0.8,Tuning,Tuning,0.37183182129333336,0.6281681787066666
Ela_metadataset,LogisticRegression,0.8,Tuning,Defaults,0.5204762914400697,0.4795237085599303
Ela_metadataset,LogisticRegression,0.8,Tuning,Defaults,0.5176191671796697,0.48238083282033034
Ela_metadataset,LogisticRegression,0.8,Defaults,Tuning,0.4024199298847789,0.5975800701152211
Ela_metadataset,LogisticRegression,0.8,Tuning,Tuning,0.36351780914179044,0.6364821908582096
Ela_metadataset,LogisticRegression,0.8,Defaults,Tuning,0.39381258777714956,0.6061874122228504
Ela_metadataset,LogisticRegression,0.8,Defaults,Tuning,0.3003175820821995,0.6996824179178005
Ela_metadataset,LogisticRegression,0.8,Defaults,Tuning,0.16859557984479667,0.8314044201552033
Ela_metadataset,LogisticRegression,0.8,Defaults,Defaults,0.6625279183728714,0.33747208162712866
Ela_metadataset,LogisticRegression,0.8,Tuning,Tuning,0.01681202327200315,0.9831879767279968
Ela_metadataset,LogisticRegression,0.8,Tuning,Tuning,0.011579022136169903,0.9884209778638301
Ela_metadataset,LogisticRegression,0.8,Tuning,Tuning,0.1257051229200905,0.8742948770799095
Ela_metadataset,LogisticRegression,0.8,Defaults,Tuning,0.4574476733198465,0.5425523266801535
Ela_metadataset,LogisticRegression,0.8,Defaults,Tuning,0.04109222621467867,0.9589077737853213
Ela_metadataset,LogisticRegression,0.8,Defaults,Defaults,0.6347027723565506,0.3652972276434494
Ela_metadataset,LogisticRegression,0.8,Defaults,Defaults,0.787963537900578,0.21203646209942198
Ela_metadataset,LogisticRegression,0.8,Tuning,Tuning,0.23588319851286887,0.7641168014871311
Ela_metadataset,LogisticRegression,0.8,Tuning,Defaults,0.605081024567409,0.3949189754325911
Ela_metadataset,LogisticRegression,0.8,Defaults,Defaults,0.9211533604126517,0.07884663958734824
Ela_metadataset,LogisticRegression,0.8,Tuning,Tuning,0.11731712027185859,0.8826828797281414
Ela_metadataset,LogisticRegression,0.8,Defaults,Tuning,0.25286461417749984,0.7471353858225002
Ela_metadataset,LogisticRegression,0.8,Tuning,Tuning,0.00853369502945589,0.9914663049705441
Ela_metadataset,LogisticRegression,0.8,Tuning,Tuning,0.20552719579680767,0.7944728042031923
Ela_metadataset,LogisticRegression,0.8,Defaults,Defaults,0.8736483160993131,0.12635168390068688
Ela_metadataset,LogisticRegression,0.8,Tuning,Tuning,0.24465205096139242,0.7553479490386076
Ela_metadataset,LogisticRegression,0.8,Defaults,Defaults,0.5552645330708623,0.44473546692913773
Ela_metadataset,LogisticRegression,0.8,Tuning,Tuning,0.06069678947512236,0.9393032105248776
Ela_metadataset,LogisticRegression,0.8,Tuning,Tuning,0.06669013279331404,0.933309867206686
Ela_metadataset,LogisticRegression,0.8,Tuning,Tuning,0.24886476321013684,0.7511352367898632
Ela_metadataset,LogisticRegression,0.8,Defaults,Tuning,0.1531718030145035,0.8468281969854965
Ela_metadataset,LogisticRegression,0.8,Tuning,Tuning,0.01311428582530072,0.9868857141746993
Ela_metadataset,LogisticRegression,0.8,Tuning,Tuning,0.31195249464782326,0.6880475053521767
Ela_metadataset,LogisticRegression,0.8,Tuning,Tuning,0.03533051466641224,0.9646694853335878
Ela_metadataset,LogisticRegression,0.8,Defaults,Tuning,0.04158716462724865,0.9584128353727513
Ela_metadataset,LogisticRegression,0.8,Tuning,Tuning,0.003893749506631572,0.9961062504933684
Ela_metadataset,LogisticRegression,0.8,Tuning,Tuning,0.20819058528088807,0.7918094147191119
Ela_metadataset,LogisticRegression,0.8,Tuning,Tuning,0.002360112545313875,0.9976398874546861
Ela_metadataset,LogisticRegression,0.8,Tuning,Tuning,0.019022180550043566,0.9809778194499564
Ela_metadataset,LogisticRegression,0.8,Tuning,Defaults,0.7790535355590793,0.22094646444092067
Ela_metadataset,LogisticRegression,0.8,Tuning,Defaults,0.6096063488378196,0.39039365116218033
Ela_metadataset,LogisticRegression,0.8,Tuning,Tuning,0.017207273752704255,0.9827927262472957
Ela_metadataset,LogisticRegression,0.8,Defaults,Tuning,0.476581671835419,0.523418328164581
Ela_metadataset,LogisticRegression,0.8,Tuning,Tuning,0.021066743710422275,0.9789332562895777
Ela_metadataset,LogisticRegression,0.8,Tuning,Tuning,0.15472369374504813,0.8452763062549519
Ela_metadataset,LogisticRegression,0.8,Tuning,Tuning,0.3104793389965501,0.6895206610034499
Ela_metadataset,LogisticRegression,0.8,Tuning,Tuning,0.16037543689943778,0.8396245631005622
Ela_metadataset,LogisticRegression,0.8,Tuning,Tuning,0.00011947322410110761,0.9998805267758989
Ela_metadataset,LogisticRegression,0.8,Tuning,Tuning,0.1301288867236321,0.8698711132763679
Ela_metadataset,LogisticRegression,0.8,Tuning,Defaults,0.9616280235494246,0.038371976450575385
Ela_metadataset,LogisticRegression,0.8,Tuning,Tuning,0.10528813502439982,0.8947118649756002
Ela_metadataset,LogisticRegression,0.8,Defaults,Defaults,0.9361332052620076,0.06386679473799242
Ela_metadataset,LogisticRegression,0.8,Tuning,Tuning,0.0002817949872006009,0.9997182050127994
Ela_metadataset,LogisticRegression,0.8,Defaults,Tuning,0.09125677104457308,0.9087432289554269
Ela_metadataset,LogisticRegression,0.8,Tuning,Tuning,0.012092680008390033,0.98790731999161
Ela_metadataset,LogisticRegression,0.8,Tuning,Defaults,0.5151173604509185,0.4848826395490815
Ela_metadataset,LogisticRegression,0.8,Tuning,Tuning,0.006502774842649051,0.993497225157351
Ela_metadataset,LogisticRegression,0.8,Tuning,Tuning,0.02204956976955219,0.9779504302304478
Ela_metadataset,LogisticRegression,0.8,Defaults,Tuning,0.0873315383186497,0.9126684616813503
Ela_metadataset,LogisticRegression,0.8,Defaults,Defaults,0.5772589132768249,0.4227410867231751
Ela_metadataset,LogisticRegression,0.8,Tuning,Tuning,0.0815295142899033,0.9184704857100967
Ela_metadataset,LogisticRegression,0.8,Tuning,Tuning,0.16039805970609833,0.8396019402939017
Ela_metadataset,LogisticRegression,0.8,Tuning,Defaults,0.5230898647727842,0.47691013522721576
Ela_metadataset,LogisticRegression,0.8,Tuning,Tuning,0.4087640446754912,0.5912359553245088
Ela_metadataset,LogisticRegression,0.8,Tuning,Tuning,0.09455324874899262,0.9054467512510074
Ela_metadataset,LogisticRegression,0.8,Tuning,Tuning,0.029237025899474856,0.9707629741005251
Ela_metadataset,LogisticRegression,0.8,Tuning,Tuning,0.05267519768295825,0.9473248023170417
Ela_metadataset,LogisticRegression,0.8,Tuning,Tuning,0.34393973002668543,0.6560602699733146
Ela_metadataset,LogisticRegression,0.8,Defaults,Tuning,0.1367412864338966,0.8632587135661034
Ela_metadataset,LogisticRegression,0.8,Tuning,Tuning,0.3642673933538563,0.6357326066461437
Ela_metadataset,LogisticRegression,0.8,Tuning,Defaults,0.6030012537917839,0.3969987462082161
Ela_metadataset,LogisticRegression,0.8,Tuning,Tuning,0.06289525389010686,0.9371047461098931
Ela_metadataset,LogisticRegression,0.8,Tuning,Tuning,0.3561967600070305,0.6438032399929695
Ela_metadataset,LogisticRegression,0.8,Defaults,Tuning,0.10352845900836416,0.8964715409916358
Ela_metadataset,LogisticRegression,0.8,Tuning,Tuning,0.015381646824662476,0.9846183531753375
Ela_metadataset,LogisticRegression,0.8,Tuning,Tuning,0.0403134468588372,0.9596865531411628
Ela_metadataset,LogisticRegression,0.8,Tuning,Tuning,0.00172452955013902,0.998275470449861
Ela_metadataset,LogisticRegression,0.8,Defaults,Tuning,0.026705857174119663,0.9732941428258803
Ela_metadataset,LogisticRegression,0.8,Tuning,Tuning,0.0985603785258512,0.9014396214741488
Ela_metadataset,LogisticRegression,0.8,Tuning,Tuning,0.1908426314644931,0.8091573685355069
Ela_metadataset,LogisticRegression,0.8,Tuning,Tuning,0.022284105010450195,0.9777158949895498
Ela_metadataset,LogisticRegression,0.8,Defaults,Defaults,0.947816917095782,0.05218308290421804
Ela_metadataset,LogisticRegression,0.8,Defaults,Defaults,0.7563295000483912,0.2436704999516088
Ela_metadataset,LogisticRegression,0.8,Tuning,Defaults,0.991716630110282,0.00828336988971798
Ela_metadataset,LogisticRegression,0.8,Tuning,Tuning,0.09969413629606849,0.9003058637039315
Ela_metadataset,LogisticRegression,0.8,Tuning,Tuning,0.08085557953809497,0.919144420461905
Ela_metadataset,LogisticRegression,0.8,Defaults,Tuning,0.2062228828828775,0.7937771171171225
Ela_metadataset,LogisticRegression,0.8,Defaults,Tuning,0.3437719314330113,0.6562280685669887
Ela_metadataset,LogisticRegression,0.8,Defaults,Defaults,0.8035125156688111,0.19648748433118893
Ela_metadataset,LogisticRegression,0.8,Tuning,Tuning,0.05503624048479294,0.9449637595152071
Ela_metadataset,LogisticRegression,0.8,Defaults,Tuning,4.972600109454106e-11,0.999999999950274
Ela_metadataset,LogisticRegression,0.8,Tuning,Tuning,0.3581070260581458,0.6418929739418542
Ela_metadataset,LogisticRegression,0.8,Tuning,Tuning,0.02074832128279802,0.979251678717202
Ela_metadataset,LogisticRegression,0.8,Defaults,Tuning,0.44612771913955485,0.5538722808604452
Ela_metadataset,LogisticRegression,0.8,Defaults,Tuning,0.19581353867877427,0.8041864613212257
Ela_metadataset,LogisticRegression,0.8,Tuning,Tuning,0.2447037537130643,0.7552962462869357
Ela_metadataset,LogisticRegression,0.8,Tuning,Defaults,0.6672502212222272,0.3327497787777728
Ela_metadataset,LogisticRegression,0.8,Defaults,Tuning,0.1054146729481854,0.8945853270518146
Ela_metadataset,LogisticRegression,0.8,Tuning,Tuning,0.010055776809530403,0.9899442231904696
Ela_metadataset,LogisticRegression,0.8,Tuning,Tuning,0.37694705930759964,0.6230529406924004
Ela_metadataset,LogisticRegression,0.8,Tuning,Tuning,0.17168023487190254,0.8283197651280975
Ela_metadataset,LogisticRegression,0.8,Tuning,Tuning,0.023438307330028052,0.976561692669972
Ela_metadataset,LogisticRegression,0.85,Tuning,Tuning,0.22362996477744956,0.7763700352225504
Ela_metadataset,LogisticRegression,0.85,Tuning,Tuning,0.06411108204466065,0.9358889179553394
Ela_metadataset,LogisticRegression,0.85,Defaults,Defaults,0.9149635874292186,0.08503641257078139
Ela_metadataset,LogisticRegression,0.85,Tuning,Tuning,0.05363765006958754,0.9463623499304125
Ela_metadataset,LogisticRegression,0.85,Tuning,Tuning,0.006599048468048263,0.9934009515319517
Ela_metadataset,LogisticRegression,0.85,Tuning,Tuning,0.22001176654696142,0.7799882334530386
Ela_metadataset,LogisticRegression,0.85,Tuning,Tuning,0.015080975704214739,0.9849190242957853
Ela_metadataset,LogisticRegression,0.85,Defaults,Tuning,0.3097075035213196,0.6902924964786804
Ela_metadataset,LogisticRegression,0.85,Defaults,Defaults,0.5607299166953579,0.4392700833046422
Ela_metadataset,LogisticRegression,0.85,Tuning,Tuning,0.15190817525506284,0.8480918247449372
Ela_metadataset,LogisticRegression,0.85,Tuning,Tuning,0.027799880345505512,0.9722001196544945
Ela_metadataset,LogisticRegression,0.85,Defaults,Tuning,0.4384484786196048,0.5615515213803952
Ela_metadataset,LogisticRegression,0.85,Tuning,Tuning,0.20592470012623298,0.794075299873767
Ela_metadataset,LogisticRegression,0.85,Tuning,Defaults,0.6733666589520358,0.32663334104796415
Ela_metadataset,LogisticRegression,0.85,Tuning,Tuning,5.939867024906675e-07,0.9999994060132975
Ela_metadataset,LogisticRegression,0.85,Tuning,Tuning,0.03403412373594916,0.9659658762640508
Ela_metadataset,LogisticRegression,0.85,Defaults,Defaults,0.7297128510262814,0.27028714897371864
Ela_metadataset,LogisticRegression,0.85,Tuning,Tuning,0.005540345602865537,0.9944596543971345
Ela_metadataset,LogisticRegression,0.85,Defaults,Defaults,0.5651532510799013,0.43484674892009867
Ela_metadataset,LogisticRegression,0.85,Tuning,Defaults,0.930774000571429,0.06922599942857104
Ela_metadataset,LogisticRegression,0.85,Tuning,Defaults,0.7234889088231012,0.27651109117689876
Ela_metadataset,LogisticRegression,0.85,Defaults,Defaults,0.5837644772744986,0.41623552272550135
Ela_metadataset,LogisticRegression,0.85,Tuning,Defaults,0.6728300604693455,0.32716993953065454
Ela_metadataset,LogisticRegression,0.85,Tuning,Tuning,0.08357534021130308,0.9164246597886969
Ela_metadataset,LogisticRegression,0.85,Tuning,Tuning,0.07137648493315829,0.9286235150668417
Ela_metadataset,LogisticRegression,0.85,Tuning,Tuning,0.04917490948531211,0.9508250905146879
Ela_metadataset,LogisticRegression,0.85,Tuning,Tuning,0.01784056848410187,0.9821594315158981
Ela_metadataset,LogisticRegression,0.85,Tuning,Tuning,0.035050561721233886,0.9649494382787661
Ela_metadataset,LogisticRegression,0.85,Tuning,Tuning,0.004875186206765192,0.9951248137932348
Ela_metadataset,LogisticRegression,0.85,Tuning,Tuning,0.09189256890875497,0.908107431091245
Ela_metadataset,LogisticRegression,0.85,Tuning,Tuning,5.50443253809485e-05,0.999944955674619
Ela_metadataset,LogisticRegression,0.85,Tuning,Tuning,0.02731503807662672,0.9726849619233733
Ela_metadataset,LogisticRegression,0.85,Defaults,Defaults,0.9699917710505549,0.030008228949445107
Ela_metadataset,LogisticRegression,0.85,Defaults,Defaults,0.8692453855721796,0.1307546144278205
Ela_metadataset,LogisticRegression,0.85,Tuning,Tuning,0.01652123487431867,0.9834787651256813
Ela_metadataset,LogisticRegression,0.85,Tuning,Tuning,0.037178272954921376,0.9628217270450786
Ela_metadataset,LogisticRegression,0.85,Tuning,Tuning,0.20759972158170525,0.7924002784182947
Ela_metadataset,LogisticRegression,0.85,Defaults,Tuning,0.019088659764572524,0.9809113402354275
Ela_metadataset,LogisticRegression,0.85,Tuning,Tuning,0.047998458225105955,0.952001541774894
Ela_metadataset,LogisticRegression,0.85,Defaults,Tuning,0.21772069692348373,0.7822793030765163
Ela_metadataset,LogisticRegression,0.85,Tuning,Tuning,0.04476012909110283,0.9552398709088972
Ela_metadataset,LogisticRegression,0.85,Tuning,Tuning,0.00014658519919774626,0.9998534148008023
Ela_metadataset,LogisticRegression,0.85,Tuning,Tuning,0.0016928799038264941,0.9983071200961735
Ela_metadataset,LogisticRegression,0.85,Tuning,Tuning,0.047301507497648165,0.9526984925023518
Ela_metadataset,LogisticRegression,0.85,Tuning,Tuning,0.005595099566457873,0.9944049004335421
Ela_metadataset,LogisticRegression,0.85,Tuning,Tuning,0.16840198555363883,0.8315980144463612
Ela_metadataset,LogisticRegression,0.85,Tuning,Tuning,0.17556006577184569,0.8244399342281543
Ela_metadataset,LogisticRegression,0.85,Tuning,Tuning,0.09378339901300736,0.9062166009869926
Ela_metadataset,LogisticRegression,0.85,Tuning,Tuning,0.3506731396174225,0.6493268603825775
Ela_metadataset,LogisticRegression,0.85,Tuning,Tuning,0.04542583227574848,0.9545741677242515
Ela_metadataset,LogisticRegression,0.85,Defaults,Defaults,0.9180581865964786,0.08194181340352139
Ela_metadataset,LogisticRegression,0.85,Tuning,Tuning,0.10517761206330267,0.8948223879366973
Ela_metadataset,LogisticRegression,0.85,Tuning,Tuning,0.009781960599885564,0.9902180394001144
Ela_metadataset,LogisticRegression,0.85,Defaults,Tuning,0.05902677787337263,0.9409732221266274
Ela_metadataset,LogisticRegression,0.85,Tuning,Tuning,0.22143334639007695,0.778566653609923
Ela_metadataset,LogisticRegression,0.85,Tuning,Defaults,0.6470568835048279,0.35294311649517207
Ela_metadataset,LogisticRegression,0.85,Tuning,Tuning,0.003777999591896508,0.9962220004081035
Ela_metadataset,LogisticRegression,0.85,Tuning,Tuning,0.47933347214308075,0.5206665278569192
Ela_metadataset,LogisticRegression,0.85,Tuning,Tuning,0.06775859680769891,0.9322414031923011
Ela_metadataset,LogisticRegression,0.85,Tuning,Tuning,0.032631336184553494,0.9673686638154465
Ela_metadataset,LogisticRegression,0.85,Tuning,Tuning,0.03832416505731384,0.9616758349426862
Ela_metadataset,LogisticRegression,0.85,Tuning,Defaults,0.6538188704140395,0.34618112958596053
Ela_metadataset,LogisticRegression,0.85,Tuning,Tuning,0.14390110523037491,0.8560988947696251
Ela_metadataset,LogisticRegression,0.85,Defaults,Tuning,0.45221364370978234,0.5477863562902177
Ela_metadataset,LogisticRegression,0.85,Tuning,Tuning,0.4156625819733082,0.5843374180266918
Ela_metadataset,LogisticRegression,0.85,Defaults,Defaults,0.8563679203746177,0.14363207962538227
Ela_metadataset,LogisticRegression,0.85,Tuning,Tuning,0.1916761964674285,0.8083238035325715
Ela_metadataset,LogisticRegression,0.85,Tuning,Tuning,0.018687243235740336,0.9813127567642597
Ela_metadataset,LogisticRegression,0.85,Tuning,Tuning,0.2728764986791865,0.7271235013208135
Ela_metadataset,LogisticRegression,0.85,Tuning,Defaults,0.5474878605384168,0.45251213946158314
Ela_metadataset,LogisticRegression,0.85,Tuning,Defaults,0.5952046609609409,0.404795339039059
Ela_metadataset,LogisticRegression,0.85,Defaults,Defaults,0.5066644857228584,0.4933355142771417
Ela_metadataset,LogisticRegression,0.85,Tuning,Tuning,0.33340403146209907,0.6665959685379009
Ela_metadataset,LogisticRegression,0.85,Defaults,Tuning,0.32656070704833295,0.673439292951667
Ela_metadataset,LogisticRegression,0.85,Defaults,Tuning,0.35347942471102267,0.6465205752889773
Ela_metadataset,LogisticRegression,0.85,Defaults,Tuning,0.21849778079430793,0.7815022192056921
Ela_metadataset,LogisticRegression,0.85,Defaults,Defaults,0.6122506834327472,0.3877493165672528
Ela_metadataset,LogisticRegression,0.85,Tuning,Tuning,0.008646560297468464,0.9913534397025315
Ela_metadataset,LogisticRegression,0.85,Tuning,Tuning,0.010522610434308022,0.989477389565692
Ela_metadataset,LogisticRegression,0.85,Tuning,Tuning,0.10321980745180304,0.896780192548197
Ela_metadataset,LogisticRegression,0.85,Defaults,Tuning,0.42207523210218123,0.5779247678978188
Ela_metadataset,LogisticRegression,0.85,Defaults,Tuning,0.02778789460612452,0.9722121053938755
Ela_metadataset,LogisticRegression,0.85,Defaults,Defaults,0.6012070239160165,0.39879297608398345
Ela_metadataset,LogisticRegression,0.85,Defaults,Defaults,0.8477394039978506,0.1522605960021494
Ela_metadataset,LogisticRegression,0.85,Tuning,Tuning,0.3834652995156653,0.6165347004843347
Ela_metadataset,LogisticRegression,0.85,Tuning,Defaults,0.5780052429712024,0.4219947570287976
Ela_metadataset,LogisticRegression,0.85,Defaults,Defaults,0.9711325086931093,0.028867491306890685
Ela_metadataset,LogisticRegression,0.85,Tuning,Tuning,0.11054441683983662,0.8894555831601634
Ela_metadataset,LogisticRegression,0.85,Defaults,Tuning,0.4372755059150437,0.5627244940849563
Ela_metadataset,LogisticRegression,0.85,Tuning,Tuning,0.005979024400862842,0.9940209755991372
Ela_metadataset,LogisticRegression,0.85,Tuning,Tuning,0.13787275531361654,0.8621272446863835
Ela_metadataset,LogisticRegression,0.85,Defaults,Defaults,0.9053908176235679,0.09460918237643211
Ela_metadataset,LogisticRegression,0.85,Tuning,Tuning,0.37085797418296584,0.6291420258170342
Ela_metadataset,LogisticRegression,0.85,Defaults,Defaults,0.8945793601399992,0.10542063986000087
Ela_metadataset,LogisticRegression,0.85,Tuning,Tuning,0.07012314352052118,0.9298768564794788
Ela_metadataset,LogisticRegression,0.85,Tuning,Tuning,0.05939479423200622,0.9406052057679938
Ela_metadataset,LogisticRegression,0.85,Tuning,Tuning,0.28730344330657354,0.7126965566934265
Ela_metadataset,LogisticRegression,0.85,Defaults,Tuning,0.10414769559733628,0.8958523044026637
Ela_metadataset,LogisticRegression,0.85,Tuning,Tuning,0.008085251551498196,0.9919147484485018
Ela_metadataset,LogisticRegression,0.85,Tuning,Tuning,0.27450423328727447,0.7254957667127255
Ela_metadataset,LogisticRegression,0.85,Tuning,Tuning,0.025477999353420877,0.9745220006465791
Ela_metadataset,LogisticRegression,0.85,Defaults,Tuning,0.048089163109716004,0.951910836890284
Ela_metadataset,LogisticRegression,0.85,Tuning,Tuning,0.007806446723154892,0.9921935532768451
Ela_metadataset,LogisticRegression,0.85,Tuning,Tuning,0.4244002273389994,0.5755997726610006
Ela_metadataset,LogisticRegression,0.85,Tuning,Tuning,0.002521129979966452,0.9974788700200335
Ela_metadataset,LogisticRegression,0.85,Tuning,Tuning,0.013244011360396324,0.9867559886396037
Ela_metadataset,LogisticRegression,0.85,Tuning,Defaults,0.5966414074588662,0.4033585925411339
Ela_metadataset,LogisticRegression,0.85,Tuning,Tuning,0.457661895278773,0.542338104721227
Ela_metadataset,LogisticRegression,0.85,Tuning,Tuning,0.010121361966670128,0.9898786380333299
Ela_metadataset,LogisticRegression,0.85,Defaults,Tuning,0.3381292012388928,0.6618707987611072
Ela_metadataset,LogisticRegression,0.85,Tuning,Tuning,0.012289114956227531,0.9877108850437725
Ela_metadataset,LogisticRegression,0.85,Tuning,Tuning,0.09590768379389292,0.9040923162061071
Ela_metadataset,LogisticRegression,0.85,Tuning,Tuning,0.18092235374620413,0.8190776462537959
Ela_metadataset,LogisticRegression,0.85,Tuning,Tuning,0.1696468601954465,0.8303531398045535
Ela_metadataset,LogisticRegression,0.85,Tuning,Tuning,2.189412856845596e-05,0.9999781058714315
Ela_metadataset,LogisticRegression,0.85,Tuning,Tuning,0.12238444428034079,0.8776155557196592
Ela_metadataset,LogisticRegression,0.85,Tuning,Defaults,0.9262618348606012,0.07373816513939882
Ela_metadataset,LogisticRegression,0.85,Tuning,Tuning,0.19285795256277294,0.8071420474372271
Ela_metadataset,LogisticRegression,0.85,Defaults,Defaults,0.9952727493310833,0.004727250668916664
Ela_metadataset,LogisticRegression,0.85,Tuning,Tuning,0.00010458600830409726,0.9998954139916959
Ela_metadataset,LogisticRegression,0.85,Defaults,Tuning,0.08197276714268331,0.9180272328573167
Ela_metadataset,LogisticRegression,0.85,Tuning,Tuning,0.010662649263057267,0.9893373507369427
Ela_metadataset,LogisticRegression,0.85,Tuning,Defaults,0.6386369555577722,0.3613630444422278
Ela_metadataset,LogisticRegression,0.85,Tuning,Tuning,0.008225244948684818,0.9917747550513152
Ela_metadataset,LogisticRegression,0.85,Tuning,Tuning,0.02932409972976846,0.9706759002702315
Ela_metadataset,LogisticRegression,0.85,Defaults,Tuning,0.17178244298916856,0.8282175570108314
Ela_metadataset,LogisticRegression,0.85,Defaults,Defaults,0.6369347619375385,0.36306523806246144
Ela_metadataset,LogisticRegression,0.85,Tuning,Tuning,0.07545268767512647,0.9245473123248735
Ela_metadataset,LogisticRegression,0.85,Tuning,Tuning,0.11541602007315499,0.884583979926845
Ela_metadataset,LogisticRegression,0.85,Tuning,Tuning,0.41160523126537074,0.5883947687346293
Ela_metadataset,LogisticRegression,0.85,Tuning,Tuning,0.3512369245038651,0.6487630754961349
Ela_metadataset,LogisticRegression,0.85,Tuning,Tuning,0.08217210161440558,0.9178278983855944
Ela_metadataset,LogisticRegression,0.85,Tuning,Tuning,0.0726096231163279,0.9273903768836721
Ela_metadataset,LogisticRegression,0.85,Tuning,Tuning,0.05281073854713925,0.9471892614528608
Ela_metadataset,LogisticRegression,0.85,Tuning,Tuning,0.30986065084110825,0.6901393491588917
Ela_metadataset,LogisticRegression,0.85,Defaults,Tuning,0.1847081184385433,0.8152918815614567
Ela_metadataset,LogisticRegression,0.85,Tuning,Tuning,0.23528465741231974,0.7647153425876803
Ela_metadataset,LogisticRegression,0.85,Tuning,Defaults,0.6187728486606718,0.3812271513393282
Ela_metadataset,LogisticRegression,0.85,Tuning,Tuning,0.0730448460470815,0.9269551539529185
Ela_metadataset,LogisticRegression,0.85,Tuning,Tuning,0.40396507590129227,0.5960349240987077
Ela_metadataset,LogisticRegression,0.85,Defaults,Tuning,0.23871793444222278,0.7612820655577772
Ela_metadataset,LogisticRegression,0.85,Tuning,Tuning,0.02258690040171929,0.9774130995982807
Ela_metadataset,LogisticRegression,0.85,Tuning,Tuning,0.04315802728427531,0.9568419727157247
Ela_metadataset,LogisticRegression,0.85,Tuning,Tuning,0.002447296807933763,0.9975527031920662
Ela_metadataset,LogisticRegression,0.85,Defaults,Tuning,0.040950695917639446,0.9590493040823606
Ela_metadataset,LogisticRegression,0.85,Tuning,Tuning,0.07849130842211771,0.9215086915778823
Ela_metadataset,LogisticRegression,0.85,Tuning,Tuning,0.23498924918485142,0.7650107508151486
Ela_metadataset,LogisticRegression,0.85,Tuning,Tuning,0.016838853352137084,0.9831611466478629
Ela_metadataset,LogisticRegression,0.85,Defaults,Defaults,0.9788114024006852,0.021188597599314764
Ela_metadataset,LogisticRegression,0.85,Defaults,Defaults,0.811019381995842,0.18898061800415794
Ela_metadataset,LogisticRegression,0.85,Tuning,Defaults,0.989048067411678,0.010951932588322081
Ela_metadataset,LogisticRegression,0.85,Tuning,Tuning,0.0659849713813283,0.9340150286186717
Ela_metadataset,LogisticRegression,0.85,Tuning,Tuning,0.041723508702430134,0.9582764912975699
Ela_metadataset,LogisticRegression,0.85,Defaults,Tuning,0.16083655910098205,0.839163440899018
Ela_metadataset,LogisticRegression,0.85,Defaults,Tuning,0.1841242961588686,0.8158757038411314
Ela_metadataset,LogisticRegression,0.85,Defaults,Defaults,0.6690780268199814,0.33092197318001865
Ela_metadataset,LogisticRegression,0.85,Tuning,Tuning,0.03171853944891212,0.9682814605510879
Ela_metadataset,LogisticRegression,0.85,Defaults,Tuning,4.6069814629845496e-12,0.999999999995393
Ela_metadataset,LogisticRegression,0.85,Tuning,Tuning,0.3193587850850612,0.6806412149149388
Ela_metadataset,LogisticRegression,0.85,Tuning,Tuning,0.013247671118086668,0.9867523288819133
Ela_metadataset,LogisticRegression,0.85,Defaults,Defaults,0.5365337802524075,0.46346621974759244
Ela_metadataset,LogisticRegression,0.85,Defaults,Tuning,0.17709902480037942,0.8229009751996206
Ela_metadataset,LogisticRegression,0.85,Tuning,Tuning,0.21848271185636137,0.7815172881436386
Ela_metadataset,LogisticRegression,0.85,Tuning,Defaults,0.7312512778710116,0.26874872212898837
Ela_metadataset,LogisticRegression,0.85,Defaults,Tuning,0.11192884896959343,0.8880711510304066
Ela_metadataset,LogisticRegression,0.85,Tuning,Tuning,0.003615709715172999,0.996384290284827
Ela_metadataset,LogisticRegression,0.85,Tuning,Tuning,0.34850913182568877,0.6514908681743112
Ela_metadataset,LogisticRegression,0.85,Tuning,Tuning,0.056780282717564856,0.9432197172824351
Ela_metadataset,LogisticRegression,0.85,Tuning,Tuning,0.025860607636525756,0.9741393923634742
Ela_metadataset,LogisticRegression,0.9,Tuning,Tuning,0.21273226200874784,0.7872677379912522
Ela_metadataset,LogisticRegression,0.9,Tuning,Tuning,0.06910089877671244,0.9308991012232876
Ela_metadataset,LogisticRegression,0.9,Defaults,Defaults,0.9167194755522766,0.08328052444772341
Ela_metadataset,LogisticRegression,0.9,Tuning,Tuning,0.05549993028060907,0.9445000697193909
Ela_metadataset,LogisticRegression,0.9,Tuning,Tuning,0.006752895922104374,0.9932471040778956
Ela_metadataset,LogisticRegression,0.9,Tuning,Tuning,0.21406571883470527,0.7859342811652947
Ela_metadataset,LogisticRegression,0.9,Tuning,Tuning,0.015160328519524868,0.9848396714804751
Ela_metadataset,LogisticRegression,0.9,Defaults,Tuning,0.307728839257851,0.692271160742149
Ela_metadataset,LogisticRegression,0.9,Defaults,Defaults,0.5699861090085142,0.4300138909914858
Ela_metadataset,LogisticRegression,0.9,Tuning,Tuning,0.14421196828057248,0.8557880317194275
Ela_metadataset,LogisticRegression,0.9,Tuning,Tuning,0.02801631856097253,0.9719836814390275
Ela_metadataset,LogisticRegression,0.9,Defaults,Tuning,0.44572861940455755,0.5542713805954425
Ela_metadataset,LogisticRegression,0.9,Tuning,Tuning,0.22307678337638392,0.7769232166236161
Ela_metadataset,LogisticRegression,0.9,Tuning,Defaults,0.671103386644764,0.32889661335523607
Ela_metadataset,LogisticRegression,0.9,Tuning,Tuning,5.569982526321127e-07,0.9999994430017474
Ela_metadataset,LogisticRegression,0.9,Tuning,Tuning,0.034454860807830445,0.9655451391921696
Ela_metadataset,LogisticRegression,0.9,Defaults,Defaults,0.7337850768917508,0.26621492310824924
Ela_metadataset,LogisticRegression,0.9,Tuning,Tuning,0.005501449964553484,0.9944985500354465
Ela_metadataset,LogisticRegression,0.9,Defaults,Defaults,0.5461405165751312,0.45385948342486887
Ela_metadataset,LogisticRegression,0.9,Tuning,Defaults,0.9288495589303087,0.0711504410696912
Ela_metadataset,LogisticRegression,0.9,Tuning,Defaults,0.7113432435462448,0.28865675645375527
Ela_metadataset,LogisticRegression,0.9,Defaults,Defaults,0.583970241189662,0.416029758810338
Ela_metadataset,LogisticRegression,0.9,Tuning,Defaults,0.6765084913499892,0.3234915086500108
Ela_metadataset,LogisticRegression,0.9,Tuning,Tuning,0.08286008588580707,0.9171399141141929
Ela_metadataset,LogisticRegression,0.9,Tuning,Tuning,0.07512272518767016,0.9248772748123298
Ela_metadataset,LogisticRegression,0.9,Tuning,Tuning,0.046276443420119606,0.9537235565798804
Ela_metadataset,LogisticRegression,0.9,Tuning,Tuning,0.017685602108988063,0.9823143978910119
Ela_metadataset,LogisticRegression,0.9,Tuning,Tuning,0.03352704419142616,0.9664729558085738
Ela_metadataset,LogisticRegression,0.9,Tuning,Tuning,0.004581714577765683,0.9954182854222343
Ela_metadataset,LogisticRegression,0.9,Tuning,Tuning,0.09083753470575961,0.9091624652942404
Ela_metadataset,LogisticRegression,0.9,Tuning,Tuning,5.607140393004695e-05,0.99994392859607
Ela_metadataset,LogisticRegression,0.9,Tuning,Tuning,0.027477550910054993,0.972522449089945
Ela_metadataset,LogisticRegression,0.9,Defaults,Defaults,0.9715751062697965,0.028424893730203512
Ela_metadataset,LogisticRegression,0.9,Defaults,Defaults,0.8584518833586202,0.1415481166413798
Ela_metadataset,LogisticRegression,0.9,Tuning,Tuning,0.016992538170308547,0.9830074618296915
Ela_metadataset,LogisticRegression,0.9,Tuning,Tuning,0.040245330304059634,0.9597546696959404
Ela_metadataset,LogisticRegression,0.9,Tuning,Tuning,0.19665688834103479,0.8033431116589652
Ela_metadataset,LogisticRegression,0.9,Defaults,Tuning,0.020989703729296205,0.9790102962707038
Ela_metadataset,LogisticRegression,0.9,Tuning,Tuning,0.049363204062391586,0.9506367959376084
Ela_metadataset,LogisticRegression,0.9,Defaults,Tuning,0.21493352768212648,0.7850664723178735
Ela_metadataset,LogisticRegression,0.9,Tuning,Tuning,0.04522386692269176,0.9547761330773082
Ela_metadataset,LogisticRegression,0.9,Tuning,Tuning,0.00015311992510991246,0.9998468800748901
Ela_metadataset,LogisticRegression,0.9,Tuning,Tuning,0.0015835766339964419,0.9984164233660036
Ela_metadataset,LogisticRegression,0.9,Tuning,Tuning,0.047137210692786535,0.9528627893072135
Ela_metadataset,LogisticRegression,0.9,Tuning,Tuning,0.005336282014478111,0.9946637179855219
Ela_metadataset,LogisticRegression,0.9,Tuning,Tuning,0.1658374040179158,0.8341625959820842
Ela_metadataset,LogisticRegression,0.9,Tuning,Tuning,0.18233450647877802,0.817665493521222
Ela_metadataset,LogisticRegression,0.9,Tuning,Tuning,0.08570281495350429,0.9142971850464957
Ela_metadataset,LogisticRegression,0.9,Tuning,Tuning,0.347700215464681,0.652299784535319
Ela_metadataset,LogisticRegression,0.9,Tuning,Tuning,0.04691241942514046,0.9530875805748595
Ela_metadataset,LogisticRegression,0.9,Defaults,Defaults,0.9192811293462366,0.0807188706537634
Ela_metadataset,LogisticRegression,0.9,Tuning,Tuning,0.11228887354585249,0.8877111264541475
Ela_metadataset,LogisticRegression,0.9,Tuning,Tuning,0.009148095959192859,0.9908519040408071
Ela_metadataset,LogisticRegression,0.9,Defaults,Tuning,0.05434058997607294,0.9456594100239271
Ela_metadataset,LogisticRegression,0.9,Tuning,Tuning,0.22432286208170193,0.7756771379182981
Ela_metadataset,LogisticRegression,0.9,Tuning,Defaults,0.6504756336910568,0.34952436630894324
Ela_metadataset,LogisticRegression,0.9,Tuning,Tuning,0.003853125364730703,0.9961468746352693
Ela_metadataset,LogisticRegression,0.9,Tuning,Tuning,0.48187902076725597,0.518120979232744
Ela_metadataset,LogisticRegression,0.9,Tuning,Tuning,0.06448165999961453,0.9355183400003855
Ela_metadataset,LogisticRegression,0.9,Tuning,Tuning,0.03361608807478844,0.9663839119252116
Ela_metadataset,LogisticRegression,0.9,Tuning,Tuning,0.03860848032252784,0.9613915196774722
Ela_metadataset,LogisticRegression,0.9,Tuning,Defaults,0.643320008876602,0.35667999112339793
Ela_metadataset,LogisticRegression,0.9,Tuning,Tuning,0.1517561332277847,0.8482438667722153
Ela_metadataset,LogisticRegression,0.9,Defaults,Tuning,0.4542486129611315,0.5457513870388685
Ela_metadataset,LogisticRegression,0.9,Tuning,Tuning,0.4302110851603026,0.5697889148396974
Ela_metadataset,LogisticRegression,0.9,Defaults,Defaults,0.8528061516129666,0.14719384838703337
Ela_metadataset,LogisticRegression,0.9,Tuning,Tuning,0.19365822745825878,0.8063417725417412
Ela_metadataset,LogisticRegression,0.9,Tuning,Tuning,0.018521434119114666,0.9814785658808853
Ela_metadataset,LogisticRegression,0.9,Tuning,Tuning,0.26864670092883336,0.7313532990711666
Ela_metadataset,LogisticRegression,0.9,Tuning,Defaults,0.538519319831387,0.461480680168613
Ela_metadataset,LogisticRegression,0.9,Tuning,Defaults,0.5879885721120839,0.41201142788791617
Ela_metadataset,LogisticRegression,0.9,Defaults,Defaults,0.5160476096962032,0.4839523903037968
Ela_metadataset,LogisticRegression,0.9,Tuning,Tuning,0.334612388011138,0.665387611988862
Ela_metadataset,LogisticRegression,0.9,Defaults,Tuning,0.33330123786880483,0.6666987621311952
Ela_metadataset,LogisticRegression,0.9,Defaults,Tuning,0.352328182738873,0.647671817261127
Ela_metadataset,LogisticRegression,0.9,Defaults,Tuning,0.19756332045346914,0.8024366795465309
Ela_metadataset,LogisticRegression,0.9,Defaults,Defaults,0.6181806914822503,0.3818193085177497
Ela_metadataset,LogisticRegression,0.9,Tuning,Tuning,0.008891363767408733,0.9911086362325913
Ela_metadataset,LogisticRegression,0.9,Tuning,Tuning,0.009325509753604244,0.9906744902463958
Ela_metadataset,LogisticRegression,0.9,Tuning,Tuning,0.09994539867331032,0.9000546013266897
Ela_metadataset,LogisticRegression,0.9,Defaults,Tuning,0.4283343627612288,0.5716656372387712
Ela_metadataset,LogisticRegression,0.9,Defaults,Tuning,0.024813459887616962,0.975186540112383
Ela_metadataset,LogisticRegression,0.9,Defaults,Defaults,0.6122346577389736,0.38776534226102644
Ela_metadataset,LogisticRegression,0.9,Defaults,Defaults,0.8528933648490787,0.1471066351509213
Ela_metadataset,LogisticRegression,0.9,Tuning,Tuning,0.40143345141742104,0.598566548582579
Ela_metadataset,LogisticRegression,0.9,Tuning,Defaults,0.6003805920914378,0.39961940790856226
Ela_metadataset,LogisticRegression,0.9,Defaults,Defaults,0.9717024194595154,0.02829758054048458
Ela_metadataset,LogisticRegression,0.9,Tuning,Tuning,0.10528109145198294,0.8947189085480171
Ela_metadataset,LogisticRegression,0.9,Defaults,Tuning,0.43807920267293965,0.5619207973270604
Ela_metadataset,LogisticRegression,0.9,Tuning,Tuning,0.006292449399125433,0.9937075506008746
Ela_metadataset,LogisticRegression,0.9,Tuning,Tuning,0.13935094678798265,0.8606490532120173
Ela_metadataset,LogisticRegression,0.9,Defaults,Defaults,0.8995833982014796,0.10041660179852045
Ela_metadataset,LogisticRegression,0.9,Tuning,Tuning,0.3716078602207661,0.6283921397792339
Ela_metadataset,LogisticRegression,0.9,Defaults,Defaults,0.8989105144499747,0.10108948555002524
Ela_metadataset,LogisticRegression,0.9,Tuning,Tuning,0.06915893301807541,0.9308410669819246
Ela_metadataset,LogisticRegression,0.9,Tuning,Tuning,0.05707931701999436,0.9429206829800056
Ela_metadataset,LogisticRegression,0.9,Tuning,Tuning,0.29557166871053386,0.7044283312894661
Ela_metadataset,LogisticRegression,0.9,Defaults,Tuning,0.10203247300652785,0.8979675269934722
Ela_metadataset,LogisticRegression,0.9,Tuning,Tuning,0.008996550095496603,0.9910034499045034
Ela_metadataset,LogisticRegression,0.9,Tuning,Tuning,0.27246045079743697,0.727539549202563
Ela_metadataset,LogisticRegression,0.9,Tuning,Tuning,0.024090348088755764,0.9759096519112442
Ela_metadataset,LogisticRegression,0.9,Defaults,Tuning,0.04889387916271448,0.9511061208372855
Ela_metadataset,LogisticRegression,0.9,Tuning,Tuning,0.008334446970812537,0.9916655530291875
Ela_metadataset,LogisticRegression,0.9,Tuning,Tuning,0.42121616633296377,0.5787838336670362
Ela_metadataset,LogisticRegression,0.9,Tuning,Tuning,0.002601200381688984,0.997398799618311
Ela_metadataset,LogisticRegression,0.9,Tuning,Tuning,0.013450624502856945,0.986549375497143
Ela_metadataset,LogisticRegression,0.9,Tuning,Defaults,0.6040572280494497,0.3959427719505503
Ela_metadataset,LogisticRegression,0.9,Tuning,Tuning,0.44040689811658773,0.5595931018834123
Ela_metadataset,LogisticRegression,0.9,Tuning,Tuning,0.010684949548320777,0.9893150504516792
Ela_metadataset,LogisticRegression,0.9,Defaults,Tuning,0.35117850087205127,0.6488214991279487
Ela_metadataset,LogisticRegression,0.9,Tuning,Tuning,0.013220996261249507,0.9867790037387505
Ela_metadataset,LogisticRegression,0.9,Tuning,Tuning,0.10530749504424586,0.8946925049557541
Ela_metadataset,LogisticRegression,0.9,Tuning,Tuning,0.1808339091175044,0.8191660908824956
Ela_metadataset,LogisticRegression,0.9,Tuning,Tuning,0.16473719518310193,0.8352628048168981
Ela_metadataset,LogisticRegression,0.9,Tuning,Tuning,2.2018901852161044e-05,0.9999779810981478
Ela_metadataset,LogisticRegression,0.9,Tuning,Tuning,0.1167808097298132,0.8832191902701868
Ela_metadataset,LogisticRegression,0.9,Tuning,Defaults,0.9264439829744766,0.07355601702552336
Ela_metadataset,LogisticRegression,0.9,Tuning,Tuning,0.18328680818795617,0.8167131918120438
Ela_metadataset,LogisticRegression,0.9,Defaults,Defaults,0.9963397977530002,0.0036602022469997605
Ela_metadataset,LogisticRegression,0.9,Tuning,Tuning,0.00010082886469786612,0.9998991711353021
Ela_metadataset,LogisticRegression,0.9,Defaults,Tuning,0.07524056243882948,0.9247594375611705
Ela_metadataset,LogisticRegression,0.9,Tuning,Tuning,0.010395795274721786,0.9896042047252782
Ela_metadataset,LogisticRegression,0.9,Tuning,Defaults,0.6348485610287545,0.36515143897124547
Ela_metadataset,LogisticRegression,0.9,Tuning,Tuning,0.008852020192836485,0.9911479798071635
Ela_metadataset,LogisticRegression,0.9,Tuning,Tuning,0.03187312990897495,0.968126870091025
Ela_metadataset,LogisticRegression,0.9,Defaults,Tuning,0.16053459767445888,0.8394654023255411
Ela_metadataset,LogisticRegression,0.9,Defaults,Defaults,0.646114668377934,0.353885331622066
Ela_metadataset,LogisticRegression,0.9,Tuning,Tuning,0.0754832069187582,0.9245167930812418
Ela_metadataset,LogisticRegression,0.9,Tuning,Tuning,0.11715921927013295,0.882840780729867
Ela_metadataset,LogisticRegression,0.9,Tuning,Tuning,0.3962016205164899,0.6037983794835101
Ela_metadataset,LogisticRegression,0.9,Tuning,Tuning,0.3655874165971672,0.6344125834028328
Ela_metadataset,LogisticRegression,0.9,Tuning,Tuning,0.0817261267818934,0.9182738732181066
Ela_metadataset,LogisticRegression,0.9,Tuning,Tuning,0.073412441069174,0.926587558930826
Ela_metadataset,LogisticRegression,0.9,Tuning,Tuning,0.05685228379919982,0.9431477162008002
Ela_metadataset,LogisticRegression,0.9,Tuning,Tuning,0.31023535189954565,0.6897646481004543
Ela_metadataset,LogisticRegression,0.9,Defaults,Tuning,0.18929973619833584,0.8107002638016642
Ela_metadataset,LogisticRegression,0.9,Tuning,Tuning,0.24329568604434082,0.7567043139556592
Ela_metadataset,LogisticRegression,0.9,Tuning,Defaults,0.6270860078137916,0.3729139921862084
Ela_metadataset,LogisticRegression,0.9,Tuning,Tuning,0.07495046254635263,0.9250495374536474
Ela_metadataset,LogisticRegression,0.9,Tuning,Tuning,0.40329035444409245,0.5967096455559076
Ela_metadataset,LogisticRegression,0.9,Defaults,Tuning,0.24210147808295912,0.7578985219170409
Ela_metadataset,LogisticRegression,0.9,Tuning,Tuning,0.020633013156714397,0.9793669868432856
Ela_metadataset,LogisticRegression,0.9,Tuning,Tuning,0.043867858554791694,0.9561321414452083
Ela_metadataset,LogisticRegression,0.9,Tuning,Tuning,0.002301628338540418,0.9976983716614596
Ela_metadataset,LogisticRegression,0.9,Defaults,Tuning,0.041599575192344695,0.9584004248076553
Ela_metadataset,LogisticRegression,0.9,Tuning,Tuning,0.07988312017088361,0.9201168798291164
Ela_metadataset,LogisticRegression,0.9,Tuning,Tuning,0.23854228464240768,0.7614577153575923
Ela_metadataset,LogisticRegression,0.9,Tuning,Tuning,0.016466112925950238,0.9835338870740498
Ela_metadataset,LogisticRegression,0.9,Defaults,Defaults,0.9798105132072861,0.020189486792713884
Ela_metadataset,LogisticRegression,0.9,Defaults,Defaults,0.7904277305721763,0.2095722694278237
Ela_metadataset,LogisticRegression,0.9,Tuning,Defaults,0.9887878901478087,0.011212109852191366
Ela_metadataset,LogisticRegression,0.9,Tuning,Tuning,0.056913523205499805,0.9430864767945002
Ela_metadataset,LogisticRegression,0.9,Tuning,Tuning,0.03731073782780514,0.9626892621721949
Ela_metadataset,LogisticRegression,0.9,Defaults,Tuning,0.1549754860068745,0.8450245139931255
Ela_metadataset,LogisticRegression,0.9,Defaults,Tuning,0.1819590398929133,0.8180409601070867
Ela_metadataset,LogisticRegression,0.9,Defaults,Defaults,0.6383827948877971,0.3616172051122029
Ela_metadataset,LogisticRegression,0.9,Tuning,Tuning,0.0325989023943839,0.9674010976056161
Ela_metadataset,LogisticRegression,0.9,Defaults,Tuning,5.304867656263923e-12,0.9999999999946951
Ela_metadataset,LogisticRegression,0.9,Tuning,Tuning,0.3233831885641403,0.6766168114358597
Ela_metadataset,LogisticRegression,0.9,Tuning,Tuning,0.01419836369756855,0.9858016363024314
Ela_metadataset,LogisticRegression,0.9,Defaults,Defaults,0.5306327713163268,0.4693672286836732
Ela_metadataset,LogisticRegression,0.9,Defaults,Tuning,0.18403275495834848,0.8159672450416515
Ela_metadataset,LogisticRegression,0.9,Tuning,Tuning,0.22693108610245494,0.7730689138975451
Ela_metadataset,LogisticRegression,0.9,Tuning,Defaults,0.7479328862701127,0.2520671137298874
Ela_metadataset,LogisticRegression,0.9,Defaults,Tuning,0.10968663947782298,0.890313360522177
Ela_metadataset,LogisticRegression,0.9,Tuning,Tuning,0.0036573035802370812,0.9963426964197629
Ela_metadataset,LogisticRegression,0.9,Tuning,Tuning,0.35462109920161644,0.6453789007983836
Ela_metadataset,LogisticRegression,0.9,Tuning,Tuning,0.057325531814841124,0.9426744681851589
Ela_metadataset,LogisticRegression,0.9,Tuning,Tuning,0.02720092435517718,0.9727990756448228
Ela_metadataset,LogisticRegression,0.95,Tuning,Tuning,0.18350957465751427,0.8164904253424857
Ela_metadataset,LogisticRegression,0.95,Tuning,Tuning,0.05436433563677212,0.9456356643632279
Ela_metadataset,LogisticRegression,0.95,Defaults,Defaults,0.9274840340772589,0.07251596592274114
Ela_metadataset,LogisticRegression,0.95,Tuning,Tuning,0.04941415095642043,0.9505858490435796
Ela_metadataset,LogisticRegression,0.95,Tuning,Tuning,0.008861931019160663,0.9911380689808393
Ela_metadataset,LogisticRegression,0.95,Tuning,Tuning,0.18049978188316562,0.8195002181168344
Ela_metadataset,LogisticRegression,0.95,Tuning,Tuning,0.011709459944822198,0.9882905400551778
Ela_metadataset,LogisticRegression,0.95,Defaults,Tuning,0.2753406448211466,0.7246593551788534
Ela_metadataset,LogisticRegression,0.95,Defaults,Defaults,0.5782764798847336,0.42172352011526637
Ela_metadataset,LogisticRegression,0.95,Tuning,Tuning,0.11805079610704161,0.8819492038929584
Ela_metadataset,LogisticRegression,0.95,Tuning,Tuning,0.022521046425399427,0.9774789535746006
Ela_metadataset,LogisticRegression,0.95,Defaults,Defaults,0.5048123887565596,0.4951876112434403
Ela_metadataset,LogisticRegression,0.95,Tuning,Tuning,0.22403249335886266,0.7759675066411373
Ela_metadataset,LogisticRegression,0.95,Tuning,Defaults,0.6092078276925841,0.39079217230741586
Ela_metadataset,LogisticRegression,0.95,Tuning,Tuning,4.760367292577783e-07,0.9999995239632707
Ela_metadataset,LogisticRegression,0.95,Tuning,Tuning,0.03351735397004629,0.9664826460299537
Ela_metadataset,LogisticRegression,0.95,Defaults,Defaults,0.620587003119002,0.37941299688099805
Ela_metadataset,LogisticRegression,0.95,Tuning,Tuning,0.006926396059269813,0.9930736039407302
Ela_metadataset,LogisticRegression,0.95,Defaults,Tuning,0.4812113133911199,0.5187886866088801
Ela_metadataset,LogisticRegression,0.95,Tuning,Defaults,0.9220282644247015,0.07797173557529846
Ela_metadataset,LogisticRegression,0.95,Tuning,Defaults,0.7124779049552912,0.28752209504470877
Ela_metadataset,LogisticRegression,0.95,Defaults,Defaults,0.6474692930274761,0.35253070697252387
Ela_metadataset,LogisticRegression,0.95,Tuning,Defaults,0.7108063919358211,0.28919360806417893
Ela_metadataset,LogisticRegression,0.95,Tuning,Tuning,0.0799676014643661,0.9200323985356339
Ela_metadataset,LogisticRegression,0.95,Tuning,Tuning,0.07770943327759428,0.9222905667224057
Ela_metadataset,LogisticRegression,0.95,Tuning,Tuning,0.03780364569037764,0.9621963543096224
Ela_metadataset,LogisticRegression,0.95,Tuning,Tuning,0.01943361043359748,0.9805663895664025
Ela_metadataset,LogisticRegression,0.95,Tuning,Tuning,0.030386359568104426,0.9696136404318956
Ela_metadataset,LogisticRegression,0.95,Tuning,Tuning,0.0041080455065301,0.9958919544934699
Ela_metadataset,LogisticRegression,0.95,Tuning,Tuning,0.08371349473656797,0.916286505263432
Ela_metadataset,LogisticRegression,0.95,Tuning,Tuning,4.8014230242032774e-05,0.999951985769758
Ela_metadataset,LogisticRegression,0.95,Tuning,Tuning,0.029298950279123104,0.9707010497208769
Ela_metadataset,LogisticRegression,0.95,Defaults,Defaults,0.9829533826939528,0.017046617306047174
Ela_metadataset,LogisticRegression,0.95,Defaults,Defaults,0.8827912487389398,0.11720875126106019
Ela_metadataset,LogisticRegression,0.95,Tuning,Tuning,0.007945515095255873,0.9920544849047441
Ela_metadataset,LogisticRegression,0.95,Tuning,Tuning,0.011542391700028576,0.9884576082999714
Ela_metadataset,LogisticRegression,0.95,Tuning,Tuning,0.1649260606979892,0.8350739393020108
Ela_metadataset,LogisticRegression,0.95,Defaults,Tuning,0.0869970964773722,0.9130029035226278
Ela_metadataset,LogisticRegression,0.95,Tuning,Tuning,0.06712173123261922,0.9328782687673808
Ela_metadataset,LogisticRegression,0.95,Defaults,Tuning,0.2529387027744935,0.7470612972255065
Ela_metadataset,LogisticRegression,0.95,Tuning,Tuning,0.10893145479370747,0.8910685452062925
Ela_metadataset,LogisticRegression,0.95,Tuning,Tuning,0.00010835371272088778,0.9998916462872791
Ela_metadataset,LogisticRegression,0.95,Tuning,Tuning,0.00183691324239188,0.9981630867576081
Ela_metadataset,LogisticRegression,0.95,Tuning,Tuning,0.04286141790905329,0.9571385820909467
Ela_metadataset,LogisticRegression,0.95,Tuning,Tuning,0.003758259979120604,0.9962417400208794
Ela_metadataset,LogisticRegression,0.95,Tuning,Tuning,0.19121844892583073,0.8087815510741693
Ela_metadataset,LogisticRegression,0.95,Tuning,Tuning,0.13890514848112612,0.8610948515188739
Ela_metadataset,LogisticRegression,0.95,Tuning,Tuning,0.07461064801002926,0.9253893519899707
Ela_metadataset,LogisticRegression,0.95,Tuning,Tuning,0.35945124499097403,0.640548755009026
Ela_metadataset,LogisticRegression,0.95,Tuning,Tuning,0.027494695019317783,0.9725053049806822
Ela_metadataset,LogisticRegression,0.95,Defaults,Defaults,0.9701774554558857,0.029822544544114257
Ela_metadataset,LogisticRegression,0.95,Tuning,Tuning,0.09266592355297021,0.9073340764470298
Ela_metadataset,LogisticRegression,0.95,Tuning,Tuning,0.007414209206047073,0.9925857907939529
Ela_metadataset,LogisticRegression,0.95,Defaults,Tuning,0.04094592964702859,0.9590540703529714
Ela_metadataset,LogisticRegression,0.95,Tuning,Tuning,0.2575901384661886,0.7424098615338114
Ela_metadataset,LogisticRegression,0.95,Tuning,Defaults,0.628961212484983,0.3710387875150169
Ela_metadataset,LogisticRegression,0.95,Tuning,Tuning,0.0017917125808859513,0.998208287419114
Ela_metadataset,LogisticRegression,0.95,Tuning,Defaults,0.5095694826217988,0.4904305173782012
Ela_metadataset,LogisticRegression,0.95,Tuning,Tuning,0.10270691320711023,0.8972930867928898
Ela_metadataset,LogisticRegression,0.95,Tuning,Tuning,0.035959554455491594,0.9640404455445084
Ela_metadataset,LogisticRegression,0.95,Tuning,Tuning,0.059879247081102926,0.9401207529188971
Ela_metadataset,LogisticRegression,0.95,Tuning,Defaults,0.7075775175941895,0.2924224824058105
Ela_metadataset,LogisticRegression,0.95,Tuning,Tuning,0.14880053030543394,0.8511994696945661
Ela_metadataset,LogisticRegression,0.95,Defaults,Tuning,0.47925484631748927,0.5207451536825107
Ela_metadataset,LogisticRegression,0.95,Tuning,Tuning,0.44563782091417803,0.554362179085822
Ela_metadataset,LogisticRegression,0.95,Defaults,Defaults,0.8283543528648423,0.17164564713515776
Ela_metadataset,LogisticRegression,0.95,Tuning,Tuning,0.17983937081483425,0.8201606291851657
Ela_metadataset,LogisticRegression,0.95,Tuning,Tuning,0.012915916338101296,0.9870840836618987
Ela_metadataset,LogisticRegression,0.95,Tuning,Tuning,0.3170059043688064,0.6829940956311936
Ela_metadataset,LogisticRegression,0.95,Tuning,Defaults,0.5629381295062297,0.4370618704937704
Ela_metadataset,LogisticRegression,0.95,Tuning,Defaults,0.6248701441476332,0.37512985585236674
Ela_metadataset,LogisticRegression,0.95,Defaults,Defaults,0.5333147235197864,0.46668527648021363
Ela_metadataset,LogisticRegression,0.95,Tuning,Tuning,0.38687106931433746,0.6131289306856625
Ela_metadataset,LogisticRegression,0.95,Defaults,Tuning,0.3282755670700188,0.6717244329299812
Ela_metadataset,LogisticRegression,0.95,Defaults,Tuning,0.36895524832478366,0.6310447516752163
Ela_metadataset,LogisticRegression,0.95,Defaults,Tuning,0.19183826347015942,0.8081617365298406
Ela_metadataset,LogisticRegression,0.95,Defaults,Defaults,0.6158092134471744,0.3841907865528256
Ela_metadataset,LogisticRegression,0.95,Tuning,Tuning,0.010975995946632122,0.9890240040533679
Ela_metadataset,LogisticRegression,0.95,Tuning,Tuning,0.014706170722736167,0.9852938292772638
Ela_metadataset,LogisticRegression,0.95,Tuning,Tuning,0.11875644748140057,0.8812435525185994
Ela_metadataset,LogisticRegression,0.95,Defaults,Tuning,0.48515206785303855,0.5148479321469615
Ela_metadataset,LogisticRegression,0.95,Defaults,Tuning,0.01565250477249991,0.9843474952275001
Ela_metadataset,LogisticRegression,0.95,Defaults,Defaults,0.6078961264102134,0.39210387358978666
Ela_metadataset,LogisticRegression,0.95,Defaults,Defaults,0.8542483202283505,0.1457516797716495
Ela_metadataset,LogisticRegression,0.95,Tuning,Tuning,0.4176560980516699,0.5823439019483301
Ela_metadataset,LogisticRegression,0.95,Tuning,Defaults,0.5684869654018329,0.43151303459816714
Ela_metadataset,LogisticRegression,0.95,Defaults,Defaults,0.9823737896737338,0.017626210326266194
Ela_metadataset,LogisticRegression,0.95,Tuning,Tuning,0.07230915296444829,0.9276908470355517
Ela_metadataset,LogisticRegression,0.95,Defaults,Tuning,0.46529242788224767,0.5347075721177523
Ela_metadataset,LogisticRegression,0.95,Tuning,Tuning,0.005828442114270804,0.9941715578857292
Ela_metadataset,LogisticRegression,0.95,Tuning,Tuning,0.1433326098488994,0.8566673901511006
Ela_metadataset,LogisticRegression,0.95,Defaults,Defaults,0.9462132753045832,0.05378672469541681
Ela_metadataset,LogisticRegression,0.95,Tuning,Tuning,0.3079122013821034,0.6920877986178966
Ela_metadataset,LogisticRegression,0.95,Defaults,Defaults,0.8902832684882441,0.10971673151175583
Ela_metadataset,LogisticRegression,0.95,Tuning,Tuning,0.08361649439328411,0.9163835056067159
Ela_metadataset,LogisticRegression,0.95,Tuning,Tuning,0.030849375751258568,0.9691506242487414
Ela_metadataset,LogisticRegression,0.95,Tuning,Tuning,0.2827553704481144,0.7172446295518856
Ela_metadataset,LogisticRegression,0.95,Defaults,Tuning,0.11892841089387352,0.8810715891061265
Ela_metadataset,LogisticRegression,0.95,Tuning,Tuning,0.006691389812127246,0.9933086101878728
Ela_metadataset,LogisticRegression,0.95,Tuning,Tuning,0.26916854128890344,0.7308314587110966
Ela_metadataset,LogisticRegression,0.95,Tuning,Tuning,0.02246852738520566,0.9775314726147943
Ela_metadataset,LogisticRegression,0.95,Defaults,Tuning,0.04372167370520086,0.9562783262947991
Ela_metadataset,LogisticRegression,0.95,Tuning,Tuning,0.0325010282292123,0.9674989717707877
Ela_metadataset,LogisticRegression,0.95,Tuning,Tuning,0.4429330990121607,0.5570669009878393
Ela_metadataset,LogisticRegression,0.95,Tuning,Tuning,0.0020350514238720585,0.9979649485761279
Ela_metadataset,LogisticRegression,0.95,Tuning,Tuning,0.01021061708724047,0.9897893829127595
Ela_metadataset,LogisticRegression,0.95,Tuning,Defaults,0.6556670749497768,0.3443329250502231
Ela_metadataset,LogisticRegression,0.95,Tuning,Tuning,0.3369843875969356,0.6630156124030644
Ela_metadataset,LogisticRegression,0.95,Tuning,Tuning,0.01378226317855602,0.986217736821444
Ela_metadataset,LogisticRegression,0.95,Defaults,Tuning,0.40300872966805157,0.5969912703319484
Ela_metadataset,LogisticRegression,0.95,Tuning,Tuning,0.008342434416871103,0.9916575655831289
Ela_metadataset,LogisticRegression,0.95,Tuning,Tuning,0.09625845879321138,0.9037415412067886
Ela_metadataset,LogisticRegression,0.95,Tuning,Tuning,0.16087336151102638,0.8391266384889736
Ela_metadataset,LogisticRegression,0.95,Tuning,Tuning,0.1377279134157381,0.8622720865842619
Ela_metadataset,LogisticRegression,0.95,Tuning,Tuning,7.916462066881458e-06,0.9999920835379331
Ela_metadataset,LogisticRegression,0.95,Tuning,Tuning,0.12503664912848034,0.8749633508715197
Ela_metadataset,LogisticRegression,0.95,Tuning,Defaults,0.9359709988264291,0.0640290011735709
Ela_metadataset,LogisticRegression,0.95,Tuning,Tuning,0.0693944036625882,0.9306055963374118
Ela_metadataset,LogisticRegression,0.95,Defaults,Defaults,0.997676177447498,0.0023238225525019753
Ela_metadataset,LogisticRegression,0.95,Tuning,Tuning,0.00021819153040425476,0.9997818084695957
Ela_metadataset,LogisticRegression,0.95,Defaults,Tuning,0.11494651178021598,0.885053488219784
Ela_metadataset,LogisticRegression,0.95,Tuning,Tuning,0.009695083844228236,0.9903049161557718
Ela_metadataset,LogisticRegression,0.95,Tuning,Defaults,0.6611955282954345,0.3388044717045655
Ela_metadataset,LogisticRegression,0.95,Tuning,Tuning,0.0093351078771996,0.9906648921228004
Ela_metadataset,LogisticRegression,0.95,Tuning,Tuning,0.02927647271798761,0.9707235272820124
Ela_metadataset,LogisticRegression,0.95,Defaults,Tuning,0.13134696201387663,0.8686530379861234
Ela_metadataset,LogisticRegression,0.95,Defaults,Defaults,0.6878286529278799,0.3121713470721201
Ela_metadataset,LogisticRegression,0.95,Tuning,Tuning,0.07546345612251704,0.924536543877483
Ela_metadataset,LogisticRegression,0.95,Tuning,Tuning,0.07722562519943765,0.9227743748005623
Ela_metadataset,LogisticRegression,0.95,Tuning,Tuning,0.3456105280832572,0.6543894719167428
Ela_metadataset,LogisticRegression,0.95,Tuning,Tuning,0.32442146327040966,0.6755785367295903
Ela_metadataset,LogisticRegression,0.95,Tuning,Tuning,0.09234674461258119,0.9076532553874188
Ela_metadataset,LogisticRegression,0.95,Tuning,Tuning,0.0556119003052189,0.9443880996947811
Ela_metadataset,LogisticRegression,0.95,Tuning,Tuning,0.055657400296861725,0.9443425997031383
Ela_metadataset,LogisticRegression,0.95,Tuning,Tuning,0.3598547397730081,0.6401452602269919
Ela_metadataset,LogisticRegression,0.95,Defaults,Tuning,0.20427458755368633,0.7957254124463137
Ela_metadataset,LogisticRegression,0.95,Tuning,Tuning,0.17536151034066905,0.824638489659331
Ela_metadataset,LogisticRegression,0.95,Tuning,Defaults,0.5925976953894114,0.4074023046105886
Ela_metadataset,LogisticRegression,0.95,Tuning,Tuning,0.1031178014186358,0.8968821985813642
Ela_metadataset,LogisticRegression,0.95,Tuning,Tuning,0.43522724384278855,0.5647727561572115
Ela_metadataset,LogisticRegression,0.95,Defaults,Tuning,0.18120422414215986,0.8187957758578401
Ela_metadataset,LogisticRegression,0.95,Tuning,Tuning,0.016593142882135425,0.9834068571178646
Ela_metadataset,LogisticRegression,0.95,Tuning,Tuning,0.03420854004426144,0.9657914599557386
Ela_metadataset,LogisticRegression,0.95,Tuning,Tuning,0.0019630414554979714,0.998036958544502
Ela_metadataset,LogisticRegression,0.95,Defaults,Tuning,0.04249728213138804,0.957502717868612
Ela_metadataset,LogisticRegression,0.95,Tuning,Tuning,0.07384873338315356,0.9261512666168464
Ela_metadataset,LogisticRegression,0.95,Tuning,Tuning,0.22315579080946057,0.7768442091905394
Ela_metadataset,LogisticRegression,0.95,Tuning,Tuning,0.009080927389011784,0.9909190726109882
Ela_metadataset,LogisticRegression,0.95,Defaults,Defaults,0.9791050284586629,0.020894971541337074
Ela_metadataset,LogisticRegression,0.95,Defaults,Defaults,0.8120867200133192,0.1879132799866808
Ela_metadataset,LogisticRegression,0.95,Tuning,Defaults,0.9852866165313192,0.014713383468680813
Ela_metadataset,LogisticRegression,0.95,Tuning,Tuning,0.04534815220837207,0.9546518477916279
Ela_metadataset,LogisticRegression,0.95,Tuning,Tuning,0.03470299047176306,0.9652970095282369
Ela_metadataset,LogisticRegression,0.95,Defaults,Tuning,0.1730031247693894,0.8269968752306106
Ela_metadataset,LogisticRegression,0.95,Defaults,Tuning,0.13659467428392946,0.8634053257160705
Ela_metadataset,LogisticRegression,0.95,Defaults,Defaults,0.6890015158505826,0.31099848414941744
Ela_metadataset,LogisticRegression,0.95,Tuning,Tuning,0.02334206592566823,0.9766579340743318
Ela_metadataset,LogisticRegression,0.95,Defaults,Tuning,1.4810375148499588e-13,0.9999999999998519
Ela_metadataset,LogisticRegression,0.95,Tuning,Tuning,0.3418493286383594,0.6581506713616406
Ela_metadataset,LogisticRegression,0.95,Tuning,Tuning,0.010994114786598952,0.989005885213401
Ela_metadataset,LogisticRegression,0.95,Defaults,Tuning,0.4340333923575377,0.5659666076424623
Ela_metadataset,LogisticRegression,0.95,Defaults,Tuning,0.17859520582247546,0.8214047941775245
Ela_metadataset,LogisticRegression,0.95,Tuning,Tuning,0.30888657591828506,0.6911134240817149
Ela_metadataset,LogisticRegression,0.95,Tuning,Defaults,0.7216019095840764,0.2783980904159236
Ela_metadataset,LogisticRegression,0.95,Defaults,Tuning,0.10183522391987787,0.8981647760801221
Ela_metadataset,LogisticRegression,0.95,Tuning,Tuning,0.0018660845284845795,0.9981339154715154
Ela_metadataset,LogisticRegression,0.95,Tuning,Tuning,0.42686550366787324,0.5731344963321268
Ela_metadataset,LogisticRegression,0.95,Tuning,Tuning,0.062310235159021676,0.9376897648409783
Ela_metadataset,LogisticRegression,0.95,Tuning,Tuning,0.030591002930222655,0.9694089970697773
Ela_metadataset,XGBoost,0.8,Tuning,Tuning,0.14589834213256836,0.8541016578674316
Ela_metadataset,XGBoost,0.8,Tuning,Tuning,0.03998798131942749,0.9600120186805725
Ela_metadataset,XGBoost,0.8,Defaults,Defaults,0.8699846863746643,0.1300153136253357
Ela_metadataset,XGBoost,0.8,Tuning,Tuning,0.049661099910736084,0.9503389000892639
Ela_metadataset,XGBoost,0.8,Tuning,Tuning,0.0013938546180725098,0.9986061453819275
Ela_metadataset,XGBoost,0.8,Tuning,Tuning,0.09867113828659058,0.9013288617134094
Ela_metadataset,XGBoost,0.8,Tuning,Tuning,0.006717205047607422,0.9932827949523926
Ela_metadataset,XGBoost,0.8,Defaults,Tuning,0.0168876051902771,0.9831123948097229
Ela_metadataset,XGBoost,0.8,Defaults,Defaults,0.5278897285461426,0.47211024165153503
Ela_metadataset,XGBoost,0.8,Tuning,Tuning,0.145125150680542,0.854874849319458
Ela_metadataset,XGBoost,0.8,Tuning,Tuning,0.001053154468536377,0.9989468455314636
Ela_metadataset,XGBoost,0.8,Defaults,Defaults,0.8734774589538574,0.12652252614498138
Ela_metadataset,XGBoost,0.8,Tuning,Defaults,0.6428050398826599,0.3571949601173401
Ela_metadataset,XGBoost,0.8,Tuning,Tuning,0.4876933693885803,0.5123066306114197
Ela_metadataset,XGBoost,0.8,Tuning,Tuning,0.0010852813720703125,0.9989147186279297
Ela_metadataset,XGBoost,0.8,Tuning,Tuning,0.0016763806343078613,0.9983236193656921
Ela_metadataset,XGBoost,0.8,Defaults,Tuning,0.42700624465942383,0.5729937553405762
Ela_metadataset,XGBoost,0.8,Tuning,Tuning,0.02660578489303589,0.9733942151069641
Ela_metadataset,XGBoost,0.8,Defaults,Defaults,0.6332705020904541,0.3667295277118683
Ela_metadataset,XGBoost,0.8,Tuning,Defaults,0.9705390930175781,0.029460899531841278
Ela_metadataset,XGBoost,0.8,Tuning,Tuning,0.2141786813735962,0.7858213186264038
Ela_metadataset,XGBoost,0.8,Defaults,Defaults,0.9926146268844604,0.007385361474007368
Ela_metadataset,XGBoost,0.8,Tuning,Tuning,0.4420507550239563,0.5579492449760437
Ela_metadataset,XGBoost,0.8,Tuning,Tuning,0.051268815994262695,0.9487311840057373
Ela_metadataset,XGBoost,0.8,Tuning,Tuning,0.004688262939453125,0.9953117370605469
Ela_metadataset,XGBoost,0.8,Tuning,Tuning,0.042065978050231934,0.9579340219497681
Ela_metadataset,XGBoost,0.8,Tuning,Tuning,0.006740748882293701,0.9932592511177063
Ela_metadataset,XGBoost,0.8,Tuning,Tuning,0.18019700050354004,0.81980299949646
Ela_metadataset,XGBoost,0.8,Tuning,Tuning,0.0059770941734313965,0.9940229058265686
Ela_metadataset,XGBoost,0.8,Tuning,Tuning,0.04525631666183472,0.9547436833381653
Ela_metadataset,XGBoost,0.8,Tuning,Tuning,0.01756507158279419,0.9824349284172058
Ela_metadataset,XGBoost,0.8,Tuning,Tuning,0.005575299263000488,0.9944247007369995
Ela_metadataset,XGBoost,0.8,Defaults,Defaults,0.9148675203323364,0.08513247966766357
Ela_metadataset,XGBoost,0.8,Defaults,Defaults,0.8778603076934814,0.12213970720767975
Ela_metadataset,XGBoost,0.8,Tuning,Tuning,0.0032137632369995117,0.9967862367630005
Ela_metadataset,XGBoost,0.8,Tuning,Tuning,0.3968147039413452,0.6031852960586548
Ela_metadataset,XGBoost,0.8,Tuning,Tuning,0.0552290678024292,0.9447709321975708
Ela_metadataset,XGBoost,0.8,Defaults,Tuning,0.4373204708099365,0.5626795291900635
Ela_metadataset,XGBoost,0.8,Tuning,Tuning,0.016233205795288086,0.9837667942047119
Ela_metadataset,XGBoost,0.8,Defaults,Defaults,0.561481773853302,0.438518226146698
Ela_metadataset,XGBoost,0.8,Tuning,Tuning,0.003344297409057617,0.9966557025909424
Ela_metadataset,XGBoost,0.8,Tuning,Tuning,0.0016707777976989746,0.998329222202301
Ela_metadataset,XGBoost,0.8,Tuning,Tuning,0.013637721538543701,0.9863622784614563
Ela_metadataset,XGBoost,0.8,Tuning,Tuning,0.0010079741477966309,0.9989920258522034
Ela_metadataset,XGBoost,0.8,Tuning,Tuning,0.009860455989837646,0.9901395440101624
Ela_metadataset,XGBoost,0.8,Tuning,Tuning,0.007031857967376709,0.9929681420326233
Ela_metadataset,XGBoost,0.8,Tuning,Tuning,0.16605520248413086,0.8339447975158691
Ela_metadataset,XGBoost,0.8,Tuning,Tuning,0.0013413429260253906,0.9986586570739746
Ela_metadataset,XGBoost,0.8,Tuning,Tuning,0.2669137120246887,0.7330862879753113
Ela_metadataset,XGBoost,0.8,Tuning,Tuning,0.0011654496192932129,0.9988345503807068
Ela_metadataset,XGBoost,0.8,Defaults,Defaults,0.6715210676193237,0.32847896218299866
Ela_metadataset,XGBoost,0.8,Tuning,Tuning,0.25413405895233154,0.7458659410476685
Ela_metadataset,XGBoost,0.8,Tuning,Tuning,0.043534696102142334,0.9564653038978577
Ela_metadataset,XGBoost,0.8,Defaults,Tuning,0.01417762041091919,0.9858223795890808
Ela_metadataset,XGBoost,0.8,Tuning,Tuning,0.45072752237319946,0.5492724776268005
Ela_metadataset,XGBoost,0.8,Tuning,Tuning,0.013583540916442871,0.9864164590835571
Ela_metadataset,XGBoost,0.8,Tuning,Tuning,0.005952239036560059,0.9940477609634399
Ela_metadataset,XGBoost,0.8,Tuning,Defaults,0.9392099380493164,0.060790032148361206
Ela_metadataset,XGBoost,0.8,Tuning,Tuning,0.06654572486877441,0.9334542751312256
Ela_metadataset,XGBoost,0.8,Tuning,Tuning,0.05662792921066284,0.9433720707893372
Ela_metadataset,XGBoost,0.8,Tuning,Defaults,0.6011467576026917,0.39885324239730835
Ela_metadataset,XGBoost,0.8,Tuning,Tuning,0.007065534591674805,0.9929344654083252
Ela_metadataset,XGBoost,0.8,Tuning,Tuning,0.002707064151763916,0.9972929358482361
Ela_metadataset,XGBoost,0.8,Defaults,Tuning,0.1570817232131958,0.8429182767868042
Ela_metadataset,XGBoost,0.8,Tuning,Tuning,0.057338595390319824,0.9426614046096802
Ela_metadataset,XGBoost,0.8,Defaults,Defaults,0.8655749559402466,0.13442504405975342
Ela_metadataset,XGBoost,0.8,Tuning,Tuning,0.005317866802215576,0.9946821331977844
Ela_metadataset,XGBoost,0.8,Tuning,Tuning,0.022216618061065674,0.9777833819389343
Ela_metadataset,XGBoost,0.8,Tuning,Tuning,0.07416319847106934,0.9258368015289307
Ela_metadataset,XGBoost,0.8,Tuning,Defaults,0.6573759317398071,0.34262409806251526
Ela_metadataset,XGBoost,0.8,Tuning,Tuning,0.44104599952697754,0.5589540004730225
Ela_metadataset,XGBoost,0.8,Defaults,Tuning,0.02995854616165161,0.9700414538383484
Ela_metadataset,XGBoost,0.8,Tuning,Tuning,0.017167866230010986,0.982832133769989
Ela_metadataset,XGBoost,0.8,Defaults,Defaults,0.7484865784645081,0.25151342153549194
Ela_metadataset,XGBoost,0.8,Defaults,Defaults,0.543677806854248,0.45632222294807434
Ela_metadataset,XGBoost,0.8,Defaults,Tuning,0.3560963273048401,0.6439036726951599
Ela_metadataset,XGBoost,0.8,Defaults,Defaults,0.927718460559845,0.07228153944015503
Ela_metadataset,XGBoost,0.8,Tuning,Tuning,0.03889411687850952,0.9611058831214905
Ela_metadataset,XGBoost,0.8,Tuning,Tuning,0.0187569260597229,0.9812430739402771
Ela_metadataset,XGBoost,0.8,Tuning,Tuning,0.002961277961730957,0.997038722038269
Ela_metadataset,XGBoost,0.8,Defaults,Tuning,0.3254133462905884,0.6745866537094116
Ela_metadataset,XGBoost,0.8,Defaults,Defaults,0.5624098777770996,0.4375901222229004
Ela_metadataset,XGBoost,0.8,Defaults,Tuning,0.34085869789123535,0.6591413021087646
Ela_metadataset,XGBoost,0.8,Defaults,Defaults,0.9986822009086609,0.0013177903601899743
Ela_metadataset,XGBoost,0.8,Tuning,Defaults,0.8144996762275696,0.1855003386735916
Ela_metadataset,XGBoost,0.8,Tuning,Tuning,0.35694873332977295,0.643051266670227
Ela_metadataset,XGBoost,0.8,Defaults,Defaults,0.931476354598999,0.06852366030216217
Ela_metadataset,XGBoost,0.8,Tuning,Tuning,0.0008133053779602051,0.9991866946220398
Ela_metadataset,XGBoost,0.8,Defaults,Tuning,0.10520762205123901,0.894792377948761
Ela_metadataset,XGBoost,0.8,Tuning,Tuning,0.003262460231781006,0.996737539768219
Ela_metadataset,XGBoost,0.8,Tuning,Tuning,0.08760452270507812,0.9123954772949219
Ela_metadataset,XGBoost,0.8,Defaults,Tuning,0.16891920566558838,0.8310807943344116
Ela_metadataset,XGBoost,0.8,Tuning,Tuning,0.10178893804550171,0.8982110619544983
Ela_metadataset,XGBoost,0.8,Defaults,Tuning,0.33498865365982056,0.6650113463401794
Ela_metadataset,XGBoost,0.8,Tuning,Tuning,0.01056826114654541,0.9894317388534546
Ela_metadataset,XGBoost,0.8,Tuning,Tuning,0.021116793155670166,0.9788832068443298
Ela_metadataset,XGBoost,0.8,Tuning,Tuning,0.23064380884170532,0.7693561911582947
Ela_metadataset,XGBoost,0.8,Defaults,Tuning,0.17816442251205444,0.8218355774879456
Ela_metadataset,XGBoost,0.8,Tuning,Tuning,0.005586564540863037,0.994413435459137
Ela_metadataset,XGBoost,0.8,Tuning,Tuning,0.17899203300476074,0.8210079669952393
Ela_metadataset,XGBoost,0.8,Tuning,Tuning,0.007411777973175049,0.992588222026825
Ela_metadataset,XGBoost,0.8,Defaults,Tuning,0.006619811058044434,0.9933801889419556
Ela_metadataset,XGBoost,0.8,Tuning,Tuning,0.013548016548156738,0.9864519834518433
Ela_metadataset,XGBoost,0.8,Tuning,Tuning,0.014549612998962402,0.9854503870010376
Ela_metadataset,XGBoost,0.8,Tuning,Tuning,0.008292973041534424,0.9917070269584656
Ela_metadataset,XGBoost,0.8,Tuning,Tuning,0.020003199577331543,0.9799968004226685
Ela_metadataset,XGBoost,0.8,Tuning,Tuning,0.059188008308410645,0.9408119916915894
Ela_metadataset,XGBoost,0.8,Tuning,Tuning,0.021103084087371826,0.9788969159126282
Ela_metadataset,XGBoost,0.8,Tuning,Tuning,0.016549766063690186,0.9834502339363098
Ela_metadataset,XGBoost,0.8,Defaults,Defaults,0.5077365636825562,0.49226343631744385
Ela_metadataset,XGBoost,0.8,Tuning,Tuning,0.03768265247344971,0.9623173475265503
Ela_metadataset,XGBoost,0.8,Tuning,Tuning,0.001984119415283203,0.9980158805847168
Ela_metadataset,XGBoost,0.8,Tuning,Tuning,0.03913182020187378,0.9608681797981262
Ela_metadataset,XGBoost,0.8,Tuning,Tuning,0.013388276100158691,0.9866117238998413
Ela_metadataset,XGBoost,0.8,Tuning,Tuning,0.007318437099456787,0.9926815629005432
Ela_metadataset,XGBoost,0.8,Tuning,Tuning,0.0013303756713867188,0.9986696243286133
Ela_metadataset,XGBoost,0.8,Tuning,Defaults,0.6147973537445068,0.3852026164531708
Ela_metadataset,XGBoost,0.8,Tuning,Defaults,0.5166252851486206,0.483374685049057
Ela_metadataset,XGBoost,0.8,Defaults,Tuning,0.07620352506637573,0.9237964749336243
Ela_metadataset,XGBoost,0.8,Tuning,Tuning,0.012276530265808105,0.9877234697341919
Ela_metadataset,XGBoost,0.8,Defaults,Tuning,0.015253067016601562,0.9847469329833984
Ela_metadataset,XGBoost,0.8,Tuning,Tuning,0.0009860992431640625,0.9990139007568359
Ela_metadataset,XGBoost,0.8,Tuning,Tuning,0.406637966632843,0.593362033367157
Ela_metadataset,XGBoost,0.8,Tuning,Tuning,0.0019207000732421875,0.9980792999267578
Ela_metadataset,XGBoost,0.8,Tuning,Tuning,0.22548907995224,0.77451092004776
Ela_metadataset,XGBoost,0.8,Defaults,Tuning,0.02523672580718994,0.9747632741928101
Ela_metadataset,XGBoost,0.8,Defaults,Defaults,0.9605190753936768,0.039480943232774734
Ela_metadataset,XGBoost,0.8,Tuning,Tuning,0.05542099475860596,0.944579005241394
Ela_metadataset,XGBoost,0.8,Tuning,Tuning,0.04427754878997803,0.955722451210022
Ela_metadataset,XGBoost,0.8,Tuning,Tuning,0.019377827644348145,0.9806221723556519
Ela_metadataset,XGBoost,0.8,Tuning,Tuning,0.004272341728210449,0.9957276582717896
Ela_metadataset,XGBoost,0.8,Tuning,Tuning,0.07535427808761597,0.924645721912384
Ela_metadataset,XGBoost,0.8,Tuning,Tuning,0.019113600254058838,0.9808863997459412
Ela_metadataset,XGBoost,0.8,Tuning,Tuning,0.32330429553985596,0.676695704460144
Ela_metadataset,XGBoost,0.8,Tuning,Tuning,0.12583774328231812,0.8741622567176819
Ela_metadataset,XGBoost,0.8,Defaults,Tuning,0.23173213005065918,0.7682678699493408
Ela_metadataset,XGBoost,0.8,Tuning,Tuning,0.4023640751838684,0.5976359248161316
Ela_metadataset,XGBoost,0.8,Tuning,Defaults,0.7080382704734802,0.2919617295265198
Ela_metadataset,XGBoost,0.8,Tuning,Tuning,0.07642775774002075,0.9235722422599792
Ela_metadataset,XGBoost,0.8,Tuning,Defaults,0.9258921146392822,0.07410789281129837
Ela_metadataset,XGBoost,0.8,Defaults,Defaults,0.5032773017883301,0.4967226982116699
Ela_metadataset,XGBoost,0.8,Tuning,Tuning,0.011080920696258545,0.9889190793037415
Ela_metadataset,XGBoost,0.8,Tuning,Tuning,0.011922836303710938,0.9880771636962891
Ela_metadataset,XGBoost,0.8,Tuning,Tuning,0.005550265312194824,0.9944497346878052
Ela_metadataset,XGBoost,0.8,Defaults,Tuning,0.0030798912048339844,0.996920108795166
Ela_metadataset,XGBoost,0.8,Tuning,Tuning,0.1692914366722107,0.8307085633277893
Ela_metadataset,XGBoost,0.8,Tuning,Tuning,0.019075632095336914,0.9809243679046631
Ela_metadataset,XGBoost,0.8,Tuning,Tuning,0.12277185916900635,0.8772281408309937
Ela_metadataset,XGBoost,0.8,Defaults,Defaults,0.9536205530166626,0.046379461884498596
Ela_metadataset,XGBoost,0.8,Defaults,Defaults,0.5639655590057373,0.4360344111919403
Ela_metadataset,XGBoost,0.8,Tuning,Defaults,0.9845893383026123,0.01541066262871027
Ela_metadataset,XGBoost,0.8,Tuning,Tuning,0.0067789554595947266,0.9932210445404053
Ela_metadataset,XGBoost,0.8,Tuning,Tuning,0.008830428123474121,0.9911695718765259
Ela_metadataset,XGBoost,0.8,Defaults,Tuning,0.018271148204803467,0.9817288517951965
Ela_metadataset,XGBoost,0.8,Defaults,Defaults,0.5386027097702026,0.461397260427475
Ela_metadataset,XGBoost,0.8,Defaults,Defaults,0.9901097416877747,0.00989028625190258
Ela_metadataset,XGBoost,0.8,Tuning,Tuning,0.012244224548339844,0.9877557754516602
Ela_metadataset,XGBoost,0.8,Defaults,Defaults,0.9733659029006958,0.026634080335497856
Ela_metadataset,XGBoost,0.8,Tuning,Tuning,0.2229626178741455,0.7770373821258545
Ela_metadataset,XGBoost,0.8,Tuning,Tuning,0.029616951942443848,0.9703830480575562
Ela_metadataset,XGBoost,0.8,Defaults,Tuning,0.16190999746322632,0.8380900025367737
Ela_metadataset,XGBoost,0.8,Defaults,Tuning,0.04064840078353882,0.9593515992164612
Ela_metadataset,XGBoost,0.8,Tuning,Tuning,0.07937097549438477,0.9206290245056152
Ela_metadataset,XGBoost,0.8,Tuning,Defaults,0.782179594039917,0.21782037615776062
Ela_metadataset,XGBoost,0.8,Defaults,Tuning,0.022033095359802246,0.9779669046401978
Ela_metadataset,XGBoost,0.8,Tuning,Tuning,0.0013169646263122559,0.9986830353736877
Ela_metadataset,XGBoost,0.8,Tuning,Defaults,0.6196967959403992,0.38030320405960083
Ela_metadataset,XGBoost,0.8,Tuning,Tuning,0.42918819189071655,0.5708118081092834
Ela_metadataset,XGBoost,0.8,Tuning,Tuning,0.021807312965393066,0.9781926870346069
Ela_metadataset,XGBoost,0.85,Tuning,Tuning,0.021396160125732422,0.9786038398742676
Ela_metadataset,XGBoost,0.85,Tuning,Tuning,0.030719280242919922,0.9692807197570801
Ela_metadataset,XGBoost,0.85,Defaults,Defaults,0.8049414157867432,0.19505859911441803
Ela_metadataset,XGBoost,0.85,Tuning,Tuning,0.02005976438522339,0.9799402356147766
Ela_metadataset,XGBoost,0.85,Tuning,Tuning,0.0015475749969482422,0.9984524250030518
Ela_metadataset,XGBoost,0.85,Tuning,Tuning,0.08032000064849854,0.9196799993515015
Ela_metadataset,XGBoost,0.85,Tuning,Tuning,0.006084263324737549,0.9939157366752625
Ela_metadataset,XGBoost,0.85,Defaults,Tuning,0.011016428470611572,0.9889835715293884
Ela_metadataset,XGBoost,0.85,Defaults,Defaults,0.6310533285140991,0.36894670128822327
Ela_metadataset,XGBoost,0.85,Tuning,Tuning,0.025930345058441162,0.9740696549415588
Ela_metadataset,XGBoost,0.85,Tuning,Tuning,0.0008266568183898926,0.9991733431816101
Ela_metadataset,XGBoost,0.85,Defaults,Defaults,0.9652332067489624,0.0347667820751667
Ela_metadataset,XGBoost,0.85,Tuning,Tuning,0.19518041610717773,0.8048195838928223
Ela_metadataset,XGBoost,0.85,Tuning,Tuning,0.2650291919708252,0.7349708080291748
Ela_metadataset,XGBoost,0.85,Tuning,Tuning,0.002439737319946289,0.9975602626800537
Ela_metadataset,XGBoost,0.85,Tuning,Tuning,0.002115786075592041,0.997884213924408
Ela_metadataset,XGBoost,0.85,Defaults,Defaults,0.5794156789779663,0.4205843210220337
Ela_metadataset,XGBoost,0.85,Tuning,Tuning,0.04025447368621826,0.9597455263137817
Ela_metadataset,XGBoost,0.85,Defaults,Defaults,0.8182865977287292,0.18171340227127075
Ela_metadataset,XGBoost,0.85,Tuning,Defaults,0.9808591604232788,0.019140809774398804
Ela_metadataset,XGBoost,0.85,Tuning,Tuning,0.10993295907974243,0.8900670409202576
Ela_metadataset,XGBoost,0.85,Defaults,Defaults,0.9876360893249512,0.012363925576210022
Ela_metadataset,XGBoost,0.85,Tuning,Defaults,0.8474992513656616,0.15250076353549957
Ela_metadataset,XGBoost,0.85,Tuning,Tuning,0.07604438066482544,0.9239556193351746
Ela_metadataset,XGBoost,0.85,Tuning,Tuning,0.0052713751792907715,0.9947286248207092
Ela_metadataset,XGBoost,0.85,Tuning,Tuning,0.010046899318695068,0.9899531006813049
Ela_metadataset,XGBoost,0.85,Tuning,Tuning,0.0021170973777770996,0.9978829026222229
Ela_metadataset,XGBoost,0.85,Tuning,Tuning,0.06407415866851807,0.9359258413314819
Ela_metadataset,XGBoost,0.85,Tuning,Tuning,0.0036792755126953125,0.9963207244873047
Ela_metadataset,XGBoost,0.85,Tuning,Tuning,0.047421932220458984,0.952578067779541
Ela_metadataset,XGBoost,0.85,Tuning,Tuning,0.009840667247772217,0.9901593327522278
Ela_metadataset,XGBoost,0.85,Tuning,Tuning,0.0020031332969665527,0.9979968667030334
Ela_metadataset,XGBoost,0.85,Defaults,Defaults,0.9600276350975037,0.03997233882546425
Ela_metadataset,XGBoost,0.85,Defaults,Defaults,0.9872461557388306,0.012753836810588837
Ela_metadataset,XGBoost,0.85,Tuning,Tuning,0.002115190029144287,0.9978848099708557
Ela_metadataset,XGBoost,0.85,Tuning,Tuning,0.4769594073295593,0.5230405926704407
Ela_metadataset,XGBoost,0.85,Tuning,Tuning,0.028950989246368408,0.9710490107536316
Ela_metadataset,XGBoost,0.85,Defaults,Tuning,0.38268136978149414,0.6173186302185059
Ela_metadataset,XGBoost,0.85,Tuning,Tuning,0.0036934614181518555,0.9963065385818481
Ela_metadataset,XGBoost,0.85,Defaults,Tuning,0.304831862449646,0.695168137550354
Ela_metadataset,XGBoost,0.85,Tuning,Tuning,0.004956364631652832,0.9950436353683472
Ela_metadataset,XGBoost,0.85,Tuning,Tuning,0.0012941360473632812,0.9987058639526367
Ela_metadataset,XGBoost,0.85,Tuning,Tuning,0.019991636276245117,0.9800083637237549
Ela_metadataset,XGBoost,0.85,Tuning,Tuning,0.0018913745880126953,0.9981086254119873
Ela_metadataset,XGBoost,0.85,Tuning,Tuning,0.005449235439300537,0.9945507645606995
Ela_metadataset,XGBoost,0.85,Tuning,Tuning,0.0041654109954833984,0.9958345890045166
Ela_metadataset,XGBoost,0.85,Tuning,Tuning,0.026006996631622314,0.9739930033683777
Ela_metadataset,XGBoost,0.85,Tuning,Tuning,0.0012146830558776855,0.9987853169441223
Ela_metadataset,XGBoost,0.85,Tuning,Tuning,0.04291433095932007,0.9570856690406799
Ela_metadataset,XGBoost,0.85,Tuning,Tuning,0.002950429916381836,0.9970495700836182
Ela_metadataset,XGBoost,0.85,Defaults,Defaults,0.8758112788200378,0.12418872863054276
Ela_metadataset,XGBoost,0.85,Tuning,Tuning,0.12201422452926636,0.8779857754707336
Ela_metadataset,XGBoost,0.85,Tuning,Tuning,0.009473204612731934,0.9905267953872681
Ela_metadataset,XGBoost,0.85,Defaults,Tuning,0.007355868816375732,0.9926441311836243
Ela_metadataset,XGBoost,0.85,Tuning,Defaults,0.5475542545318604,0.45244571566581726
Ela_metadataset,XGBoost,0.85,Tuning,Tuning,0.08101320266723633,0.9189867973327637
Ela_metadataset,XGBoost,0.85,Tuning,Tuning,0.0018182992935180664,0.9981817007064819
Ela_metadataset,XGBoost,0.85,Tuning,Defaults,0.9919379949569702,0.008061999455094337
Ela_metadataset,XGBoost,0.85,Tuning,Tuning,0.01758497953414917,0.9824150204658508
Ela_metadataset,XGBoost,0.85,Tuning,Tuning,0.05943983793258667,0.9405601620674133
Ela_metadataset,XGBoost,0.85,Tuning,Tuning,0.12824475765228271,0.8717552423477173
Ela_metadataset,XGBoost,0.85,Tuning,Tuning,0.012906134128570557,0.9870938658714294
Ela_metadataset,XGBoost,0.85,Tuning,Tuning,0.004452109336853027,0.995547890663147
Ela_metadataset,XGBoost,0.85,Defaults,Tuning,0.20834112167358398,0.791658878326416
Ela_metadataset,XGBoost,0.85,Tuning,Tuning,0.1376095414161682,0.8623904585838318
Ela_metadataset,XGBoost,0.85,Defaults,Defaults,0.9275899529457092,0.07241002470254898
Ela_metadataset,XGBoost,0.85,Tuning,Tuning,0.0024712681770324707,0.9975287318229675
Ela_metadataset,XGBoost,0.85,Tuning,Tuning,0.009170770645141602,0.9908292293548584
Ela_metadataset,XGBoost,0.85,Tuning,Tuning,0.005378127098083496,0.9946218729019165
Ela_metadataset,XGBoost,0.85,Tuning,Tuning,0.4811100363731384,0.5188899636268616
Ela_metadataset,XGBoost,0.85,Tuning,Defaults,0.7734084725379944,0.22659151256084442
Ela_metadataset,XGBoost,0.85,Defaults,Tuning,0.024728119373321533,0.9752718806266785
Ela_metadataset,XGBoost,0.85,Tuning,Tuning,0.06513488292694092,0.9348651170730591
Ela_metadataset,XGBoost,0.85,Defaults,Defaults,0.8031495809555054,0.19685043394565582
Ela_metadataset,XGBoost,0.85,Defaults,Defaults,0.5422962307929993,0.45770376920700073
Ela_metadataset,XGBoost,0.85,Defaults,Tuning,0.39272189140319824,0.6072781085968018
Ela_metadataset,XGBoost,0.85,Defaults,Defaults,0.9528458714485168,0.047154154628515244
Ela_metadataset,XGBoost,0.85,Tuning,Tuning,0.04596734046936035,0.9540326595306396
Ela_metadataset,XGBoost,0.85,Tuning,Tuning,0.051366329193115234,0.9486336708068848
Ela_metadataset,XGBoost,0.85,Tuning,Tuning,0.0021939873695373535,0.9978060126304626
Ela_metadataset,XGBoost,0.85,Defaults,Tuning,0.3018203377723694,0.6981796622276306
Ela_metadataset,XGBoost,0.85,Defaults,Tuning,0.1051216721534729,0.8948783278465271
Ela_metadataset,XGBoost,0.85,Defaults,Tuning,0.19397348165512085,0.8060265183448792
Ela_metadataset,XGBoost,0.85,Defaults,Defaults,0.9985824823379517,0.0014175038086250424
Ela_metadataset,XGBoost,0.85,Tuning,Defaults,0.5646843314170837,0.43531566858291626
Ela_metadataset,XGBoost,0.85,Tuning,Tuning,0.4402938485145569,0.5597061514854431
Ela_metadataset,XGBoost,0.85,Defaults,Defaults,0.9744322896003723,0.02556769549846649
Ela_metadataset,XGBoost,0.85,Tuning,Tuning,0.002475917339324951,0.997524082660675
Ela_metadataset,XGBoost,0.85,Defaults,Tuning,0.025096476078033447,0.9749035239219666
Ela_metadataset,XGBoost,0.85,Tuning,Tuning,0.0022702813148498535,0.9977297186851501
Ela_metadataset,XGBoost,0.85,Tuning,Tuning,0.03800696134567261,0.9619930386543274
Ela_metadataset,XGBoost,0.85,Defaults,Tuning,0.21907520294189453,0.7809247970581055
Ela_metadataset,XGBoost,0.85,Tuning,Tuning,0.216164231300354,0.783835768699646
Ela_metadataset,XGBoost,0.85,Defaults,Defaults,0.9163536429405212,0.08364634960889816
Ela_metadataset,XGBoost,0.85,Tuning,Tuning,0.02810293436050415,0.9718970656394958
Ela_metadataset,XGBoost,0.85,Tuning,Tuning,0.012812376022338867,0.9871876239776611
Ela_metadataset,XGBoost,0.85,Tuning,Tuning,0.03700977563858032,0.9629902243614197
Ela_metadataset,XGBoost,0.85,Defaults,Tuning,0.009213030338287354,0.9907869696617126
Ela_metadataset,XGBoost,0.85,Tuning,Tuning,0.01093447208404541,0.9890655279159546
Ela_metadataset,XGBoost,0.85,Tuning,Tuning,0.040355145931243896,0.9596448540687561
Ela_metadataset,XGBoost,0.85,Tuning,Tuning,0.0061727166175842285,0.9938272833824158
Ela_metadataset,XGBoost,0.85,Defaults,Tuning,0.006945312023162842,0.9930546879768372
Ela_metadataset,XGBoost,0.85,Tuning,Tuning,0.05427396297454834,0.9457260370254517
Ela_metadataset,XGBoost,0.85,Tuning,Tuning,0.012790918350219727,0.9872090816497803
Ela_metadataset,XGBoost,0.85,Tuning,Tuning,0.0035563111305236816,0.9964436888694763
Ela_metadataset,XGBoost,0.85,Tuning,Tuning,0.015762031078338623,0.9842379689216614
Ela_metadataset,XGBoost,0.85,Tuning,Defaults,0.6748179197311401,0.32518208026885986
Ela_metadataset,XGBoost,0.85,Tuning,Tuning,0.005737602710723877,0.9942623972892761
Ela_metadataset,XGBoost,0.85,Tuning,Tuning,0.02019745111465454,0.9798025488853455
Ela_metadataset,XGBoost,0.85,Defaults,Tuning,0.1212359070777893,0.8787640929222107
Ela_metadataset,XGBoost,0.85,Tuning,Tuning,0.009281814098358154,0.9907181859016418
Ela_metadataset,XGBoost,0.85,Tuning,Tuning,0.0017921924591064453,0.9982078075408936
Ela_metadataset,XGBoost,0.85,Tuning,Tuning,0.02480781078338623,0.9751921892166138
Ela_metadataset,XGBoost,0.85,Tuning,Tuning,0.03206789493560791,0.9679321050643921
Ela_metadataset,XGBoost,0.85,Tuning,Tuning,0.029724717140197754,0.9702752828598022
Ela_metadataset,XGBoost,0.85,Tuning,Tuning,0.0012496709823608398,0.9987503290176392
Ela_metadataset,XGBoost,0.85,Tuning,Tuning,0.24032580852508545,0.7596741914749146
Ela_metadataset,XGBoost,0.85,Tuning,Defaults,0.5981281995773315,0.40187183022499084
Ela_metadataset,XGBoost,0.85,Defaults,Tuning,0.4461356997489929,0.5538643002510071
Ela_metadataset,XGBoost,0.85,Tuning,Tuning,0.011560320854187012,0.988439679145813
Ela_metadataset,XGBoost,0.85,Defaults,Tuning,0.04850351810455322,0.9514964818954468
Ela_metadataset,XGBoost,0.85,Tuning,Tuning,0.0008498430252075195,0.9991501569747925
Ela_metadataset,XGBoost,0.85,Tuning,Tuning,0.296600878238678,0.703399121761322
Ela_metadataset,XGBoost,0.85,Tuning,Tuning,0.0029399991035461426,0.9970600008964539
Ela_metadataset,XGBoost,0.85,Tuning,Tuning,0.18739479780197144,0.8126052021980286
Ela_metadataset,XGBoost,0.85,Defaults,Tuning,0.07998239994049072,0.9200176000595093
Ela_metadataset,XGBoost,0.85,Defaults,Defaults,0.9382238388061523,0.061776190996170044
Ela_metadataset,XGBoost,0.85,Tuning,Tuning,0.04438656568527222,0.9556134343147278
Ela_metadataset,XGBoost,0.85,Tuning,Tuning,0.18141412734985352,0.8185858726501465
Ela_metadataset,XGBoost,0.85,Tuning,Tuning,0.012761175632476807,0.9872388243675232
Ela_metadataset,XGBoost,0.85,Tuning,Tuning,0.007565975189208984,0.992434024810791
Ela_metadataset,XGBoost,0.85,Tuning,Tuning,0.08600836992263794,0.9139916300773621
Ela_metadataset,XGBoost,0.85,Tuning,Tuning,0.04224371910095215,0.9577562808990479
Ela_metadataset,XGBoost,0.85,Tuning,Tuning,0.09167850017547607,0.9083214998245239
Ela_metadataset,XGBoost,0.85,Tuning,Tuning,0.30692511796951294,0.6930748820304871
Ela_metadataset,XGBoost,0.85,Defaults,Tuning,0.2854738235473633,0.7145261764526367
Ela_metadataset,XGBoost,0.85,Tuning,Defaults,0.9169875383377075,0.08301245421171188
Ela_metadataset,XGBoost,0.85,Tuning,Defaults,0.890072226524353,0.10992780327796936
Ela_metadataset,XGBoost,0.85,Tuning,Tuning,0.05336177349090576,0.9466382265090942
Ela_metadataset,XGBoost,0.85,Tuning,Defaults,0.986784040927887,0.013215986080467701
Ela_metadataset,XGBoost,0.85,Defaults,Tuning,0.45747441053390503,0.542525589466095
Ela_metadataset,XGBoost,0.85,Tuning,Tuning,0.011458158493041992,0.988541841506958
Ela_metadataset,XGBoost,0.85,Tuning,Tuning,0.015727758407592773,0.9842722415924072
Ela_metadataset,XGBoost,0.85,Tuning,Tuning,0.0029973387718200684,0.9970026612281799
Ela_metadataset,XGBoost,0.85,Defaults,Tuning,0.0015763044357299805,0.99842369556427
Ela_metadataset,XGBoost,0.85,Tuning,Tuning,0.4141066074371338,0.5858933925628662
Ela_metadataset,XGBoost,0.85,Tuning,Tuning,0.07079356908798218,0.9292064309120178
Ela_metadataset,XGBoost,0.85,Tuning,Tuning,0.1341279149055481,0.8658720850944519
Ela_metadataset,XGBoost,0.85,Defaults,Defaults,0.9555774927139282,0.04442248493432999
Ela_metadataset,XGBoost,0.85,Defaults,Tuning,0.2408657670021057,0.7591342329978943
Ela_metadataset,XGBoost,0.85,Tuning,Defaults,0.9543244242668152,0.045675598084926605
Ela_metadataset,XGBoost,0.85,Tuning,Tuning,0.00774616003036499,0.992253839969635
Ela_metadataset,XGBoost,0.85,Tuning,Tuning,0.009105682373046875,0.9908943176269531
Ela_metadataset,XGBoost,0.85,Defaults,Tuning,0.012434065341949463,0.9875659346580505
Ela_metadataset,XGBoost,0.85,Defaults,Tuning,0.29214155673980713,0.7078584432601929
Ela_metadataset,XGBoost,0.85,Defaults,Defaults,0.993628740310669,0.006371269468218088
Ela_metadataset,XGBoost,0.85,Tuning,Tuning,0.010157763957977295,0.9898422360420227
Ela_metadataset,XGBoost,0.85,Defaults,Defaults,0.5668563842773438,0.43314364552497864
Ela_metadataset,XGBoost,0.85,Tuning,Tuning,0.34515106678009033,0.6548489332199097
Ela_metadataset,XGBoost,0.85,Tuning,Tuning,0.00876075029373169,0.9912392497062683
Ela_metadataset,XGBoost,0.85,Defaults,Tuning,0.08784878253936768,0.9121512174606323
Ela_metadataset,XGBoost,0.85,Defaults,Tuning,0.1906248927116394,0.8093751072883606
Ela_metadataset,XGBoost,0.85,Tuning,Defaults,0.5251691937446594,0.4748308062553406
Ela_metadataset,XGBoost,0.85,Tuning,Defaults,0.5736474394798279,0.4263525605201721
Ela_metadataset,XGBoost,0.85,Defaults,Tuning,0.06709468364715576,0.9329053163528442
Ela_metadataset,XGBoost,0.85,Tuning,Tuning,0.0014074444770812988,0.9985925555229187
Ela_metadataset,XGBoost,0.85,Tuning,Tuning,0.2425946593284607,0.7574053406715393
Ela_metadataset,XGBoost,0.85,Tuning,Defaults,0.6681037545204163,0.33189624547958374
Ela_metadataset,XGBoost,0.85,Tuning,Tuning,0.0279158353805542,0.9720841646194458
Ela_metadataset,XGBoost,0.9,Tuning,Tuning,0.0446319580078125,0.9553680419921875
Ela_metadataset,XGBoost,0.9,Tuning,Tuning,0.01671057939529419,0.9832894206047058
Ela_metadataset,XGBoost,0.9,Defaults,Defaults,0.6731309294700623,0.32686907052993774
Ela_metadataset,XGBoost,0.9,Tuning,Tuning,0.0071302056312561035,0.9928697943687439
Ela_metadataset,XGBoost,0.9,Tuning,Tuning,0.0011038780212402344,0.9988961219787598
Ela_metadataset,XGBoost,0.9,Tuning,Tuning,0.05187326669692993,0.9481267333030701
Ela_metadataset,XGBoost,0.9,Tuning,Tuning,0.008791565895080566,0.9912084341049194
Ela_metadataset,XGBoost,0.9,Defaults,Tuning,0.008646190166473389,0.9913538098335266
Ela_metadataset,XGBoost,0.9,Defaults,Defaults,0.6438853144645691,0.3561146855354309
Ela_metadataset,XGBoost,0.9,Tuning,Tuning,0.08815056085586548,0.9118494391441345
Ela_metadataset,XGBoost,0.9,Tuning,Tuning,0.0012552738189697266,0.9987447261810303
Ela_metadataset,XGBoost,0.9,Defaults,Defaults,0.9556797742843628,0.0443202368915081
Ela_metadataset,XGBoost,0.9,Tuning,Tuning,0.273138165473938,0.726861834526062
Ela_metadataset,XGBoost,0.9,Tuning,Tuning,0.2686903476715088,0.7313096523284912
Ela_metadataset,XGBoost,0.9,Tuning,Tuning,0.0026382803916931152,0.9973617196083069
Ela_metadataset,XGBoost,0.9,Tuning,Tuning,0.003270745277404785,0.9967292547225952
Ela_metadataset,XGBoost,0.9,Defaults,Defaults,0.7498380541801453,0.25016194581985474
Ela_metadataset,XGBoost,0.9,Tuning,Tuning,0.03923755884170532,0.9607624411582947
Ela_metadataset,XGBoost,0.9,Defaults,Defaults,0.592985212802887,0.40701478719711304
Ela_metadataset,XGBoost,0.9,Tuning,Defaults,0.9866847395896912,0.013315270654857159
Ela_metadataset,XGBoost,0.9,Tuning,Tuning,0.06997460126876831,0.9300253987312317
Ela_metadataset,XGBoost,0.9,Defaults,Defaults,0.9793930053710938,0.020606976002454758
Ela_metadataset,XGBoost,0.9,Tuning,Defaults,0.7067034244537354,0.29329660534858704
Ela_metadataset,XGBoost,0.9,Tuning,Tuning,0.13049715757369995,0.8695028424263
Ela_metadataset,XGBoost,0.9,Tuning,Tuning,0.003200054168701172,0.9967999458312988
Ela_metadataset,XGBoost,0.9,Tuning,Tuning,0.004202723503112793,0.9957972764968872
Ela_metadataset,XGBoost,0.9,Tuning,Tuning,0.005675137042999268,0.9943248629570007
Ela_metadataset,XGBoost,0.9,Tuning,Tuning,0.06762629747390747,0.9323737025260925
Ela_metadataset,XGBoost,0.9,Tuning,Tuning,0.004790961742401123,0.9952090382575989
Ela_metadataset,XGBoost,0.9,Tuning,Tuning,0.03304600715637207,0.9669539928436279
Ela_metadataset,XGBoost,0.9,Tuning,Tuning,0.007079899311065674,0.9929201006889343
Ela_metadataset,XGBoost,0.9,Tuning,Tuning,0.0052817463874816895,0.9947182536125183
Ela_metadataset,XGBoost,0.9,Defaults,Defaults,0.9578356742858887,0.042164336889982224
Ela_metadataset,XGBoost,0.9,Defaults,Defaults,0.9924709796905518,0.007528997492045164
Ela_metadataset,XGBoost,0.9,Tuning,Tuning,0.002892434597015381,0.9971075654029846
Ela_metadataset,XGBoost,0.9,Tuning,Defaults,0.5156163573265076,0.48438364267349243
Ela_metadataset,XGBoost,0.9,Tuning,Tuning,0.034471213817596436,0.9655287861824036
Ela_metadataset,XGBoost,0.9,Defaults,Tuning,0.4288180470466614,0.5711819529533386
Ela_metadataset,XGBoost,0.9,Tuning,Tuning,0.006883680820465088,0.9931163191795349
Ela_metadataset,XGBoost,0.9,Defaults,Tuning,0.28999191522598267,0.7100080847740173
Ela_metadataset,XGBoost,0.9,Tuning,Tuning,0.004742324352264404,0.9952576756477356
Ela_metadataset,XGBoost,0.9,Tuning,Tuning,0.0007483363151550293,0.999251663684845
Ela_metadataset,XGBoost,0.9,Tuning,Tuning,0.01273047924041748,0.9872695207595825
Ela_metadataset,XGBoost,0.9,Tuning,Tuning,0.0012249350547790527,0.998775064945221
Ela_metadataset,XGBoost,0.9,Tuning,Tuning,0.004888713359832764,0.9951112866401672
Ela_metadataset,XGBoost,0.9,Tuning,Tuning,0.005479335784912109,0.9945206642150879
Ela_metadataset,XGBoost,0.9,Tuning,Tuning,0.022147297859191895,0.9778527021408081
Ela_metadataset,XGBoost,0.9,Tuning,Tuning,0.001081705093383789,0.9989182949066162
Ela_metadataset,XGBoost,0.9,Tuning,Tuning,0.06684160232543945,0.9331583976745605
Ela_metadataset,XGBoost,0.9,Tuning,Tuning,0.0011414289474487305,0.9988585710525513
Ela_metadataset,XGBoost,0.9,Defaults,Defaults,0.8995600342750549,0.10043995827436447
Ela_metadataset,XGBoost,0.9,Tuning,Tuning,0.22403669357299805,0.775963306427002
Ela_metadataset,XGBoost,0.9,Tuning,Tuning,0.010258674621582031,0.989741325378418
Ela_metadataset,XGBoost,0.9,Defaults,Tuning,0.009075582027435303,0.9909244179725647
Ela_metadataset,XGBoost,0.9,Tuning,Defaults,0.582871675491333,0.417128324508667
Ela_metadataset,XGBoost,0.9,Tuning,Tuning,0.03183215856552124,0.9681678414344788
Ela_metadataset,XGBoost,0.9,Tuning,Tuning,0.0013734102249145508,0.9986265897750854
Ela_metadataset,XGBoost,0.9,Tuning,Defaults,0.9948639273643494,0.005136054940521717
Ela_metadataset,XGBoost,0.9,Tuning,Tuning,0.018973469734191895,0.9810265302658081
Ela_metadataset,XGBoost,0.9,Tuning,Tuning,0.0697176456451416,0.9302823543548584
Ela_metadataset,XGBoost,0.9,Tuning,Tuning,0.1571347713470459,0.8428652286529541
Ela_metadataset,XGBoost,0.9,Tuning,Tuning,0.008388340473175049,0.991611659526825
Ela_metadataset,XGBoost,0.9,Tuning,Tuning,0.0017431378364562988,0.9982568621635437
Ela_metadataset,XGBoost,0.9,Defaults,Tuning,0.18488091230392456,0.8151190876960754
Ela_metadataset,XGBoost,0.9,Tuning,Tuning,0.43628990650177,0.56371009349823
Ela_metadataset,XGBoost,0.9,Defaults,Defaults,0.9249159693717957,0.07508400827646255
Ela_metadataset,XGBoost,0.9,Tuning,Tuning,0.001782834529876709,0.9982171654701233
Ela_metadataset,XGBoost,0.9,Tuning,Tuning,0.015256226062774658,0.9847437739372253
Ela_metadataset,XGBoost,0.9,Tuning,Tuning,0.0069997310638427734,0.9930002689361572
Ela_metadataset,XGBoost,0.9,Tuning,Defaults,0.5473494529724121,0.4526505172252655
Ela_metadataset,XGBoost,0.9,Tuning,Defaults,0.8909845352172852,0.10901547223329544
Ela_metadataset,XGBoost,0.9,Defaults,Tuning,0.027035832405090332,0.9729641675949097
Ela_metadataset,XGBoost,0.9,Tuning,Tuning,0.023075103759765625,0.9769248962402344
Ela_metadataset,XGBoost,0.9,Defaults,Tuning,0.3721235990524292,0.6278764009475708
Ela_metadataset,XGBoost,0.9,Defaults,Defaults,0.6441134214401245,0.3558865487575531
Ela_metadataset,XGBoost,0.9,Defaults,Defaults,0.5678672790527344,0.43213269114494324
Ela_metadataset,XGBoost,0.9,Defaults,Defaults,0.8867970705032349,0.11320292204618454
Ela_metadataset,XGBoost,0.9,Tuning,Tuning,0.017537832260131836,0.9824621677398682
Ela_metadataset,XGBoost,0.9,Tuning,Tuning,0.025269150733947754,0.9747308492660522
Ela_metadataset,XGBoost,0.9,Tuning,Tuning,0.0032126903533935547,0.9967873096466064
Ela_metadataset,XGBoost,0.9,Defaults,Tuning,0.45038241147994995,0.54961758852005
Ela_metadataset,XGBoost,0.9,Defaults,Tuning,0.09686332941055298,0.903136670589447
Ela_metadataset,XGBoost,0.9,Defaults,Tuning,0.222165048122406,0.777834951877594
Ela_metadataset,XGBoost,0.9,Defaults,Defaults,0.997935950756073,0.002064031781628728
Ela_metadataset,XGBoost,0.9,Tuning,Defaults,0.7613248825073242,0.23867513239383698
Ela_metadataset,XGBoost,0.9,Tuning,Defaults,0.5081051588058472,0.4918948709964752
Ela_metadataset,XGBoost,0.9,Defaults,Defaults,0.9655550122261047,0.03444499894976616
Ela_metadataset,XGBoost,0.9,Tuning,Tuning,0.0017292499542236328,0.9982707500457764
Ela_metadataset,XGBoost,0.9,Defaults,Tuning,0.02631521224975586,0.9736847877502441
Ela_metadataset,XGBoost,0.9,Tuning,Tuning,0.004564821720123291,0.9954351782798767
Ela_metadataset,XGBoost,0.9,Tuning,Tuning,0.04555600881576538,0.9544439911842346
Ela_metadataset,XGBoost,0.9,Defaults,Tuning,0.20154982805252075,0.7984501719474792
Ela_metadataset,XGBoost,0.9,Tuning,Tuning,0.2721945643424988,0.7278054356575012
Ela_metadataset,XGBoost,0.9,Defaults,Defaults,0.8560391068458557,0.1439608782529831
Ela_metadataset,XGBoost,0.9,Tuning,Tuning,0.020739972591400146,0.9792600274085999
Ela_metadataset,XGBoost,0.9,Tuning,Tuning,0.009171485900878906,0.9908285140991211
Ela_metadataset,XGBoost,0.9,Tuning,Tuning,0.0688314437866211,0.9311685562133789
Ela_metadataset,XGBoost,0.9,Defaults,Tuning,0.005680441856384277,0.9943195581436157
Ela_metadataset,XGBoost,0.9,Tuning,Tuning,0.020320117473602295,0.9796798825263977
Ela_metadataset,XGBoost,0.9,Tuning,Tuning,0.03318488597869873,0.9668151140213013
Ela_metadataset,XGBoost,0.9,Tuning,Tuning,0.011066913604736328,0.9889330863952637
Ela_metadataset,XGBoost,0.9,Defaults,Tuning,0.007252991199493408,0.9927470088005066
Ela_metadataset,XGBoost,0.9,Tuning,Tuning,0.04403829574584961,0.9559617042541504
Ela_metadataset,XGBoost,0.9,Tuning,Tuning,0.014993488788604736,0.9850065112113953
Ela_metadataset,XGBoost,0.9,Tuning,Tuning,0.0030555129051208496,0.9969444870948792
Ela_metadataset,XGBoost,0.9,Tuning,Tuning,0.03639185428619385,0.9636081457138062
Ela_metadataset,XGBoost,0.9,Tuning,Defaults,0.6873775124549866,0.3126224875450134
Ela_metadataset,XGBoost,0.9,Tuning,Tuning,0.005059719085693359,0.9949402809143066
Ela_metadataset,XGBoost,0.9,Tuning,Tuning,0.025121212005615234,0.9748787879943848
Ela_metadataset,XGBoost,0.9,Defaults,Tuning,0.09118181467056274,0.9088181853294373
Ela_metadataset,XGBoost,0.9,Tuning,Tuning,0.014168024063110352,0.9858319759368896
Ela_metadataset,XGBoost,0.9,Tuning,Tuning,0.0018729567527770996,0.9981270432472229
Ela_metadataset,XGBoost,0.9,Tuning,Tuning,0.02848571538925171,0.9715142846107483
Ela_metadataset,XGBoost,0.9,Tuning,Tuning,0.02909696102142334,0.9709030389785767
Ela_metadataset,XGBoost,0.9,Tuning,Tuning,0.030553162097930908,0.9694468379020691
Ela_metadataset,XGBoost,0.9,Tuning,Tuning,0.0007336735725402832,0.9992663264274597
Ela_metadataset,XGBoost,0.9,Tuning,Tuning,0.11250263452529907,0.8874973654747009
Ela_metadataset,XGBoost,0.9,Tuning,Tuning,0.43464183807373047,0.5653581619262695
Ela_metadataset,XGBoost,0.9,Defaults,Tuning,0.13603246212005615,0.8639675378799438
Ela_metadataset,XGBoost,0.9,Tuning,Tuning,0.015098154544830322,0.9849018454551697
Ela_metadataset,XGBoost,0.9,Defaults,Tuning,0.017495691776275635,0.9825043082237244
Ela_metadataset,XGBoost,0.9,Tuning,Tuning,0.0006161928176879883,0.999383807182312
Ela_metadataset,XGBoost,0.9,Tuning,Tuning,0.427490770816803,0.572509229183197
Ela_metadataset,XGBoost,0.9,Tuning,Tuning,0.0029584765434265137,0.9970415234565735
Ela_metadataset,XGBoost,0.9,Tuning,Tuning,0.11659705638885498,0.883402943611145
Ela_metadataset,XGBoost,0.9,Defaults,Tuning,0.0773499608039856,0.9226500391960144
Ela_metadataset,XGBoost,0.9,Defaults,Defaults,0.8941529393196106,0.10584703832864761
Ela_metadataset,XGBoost,0.9,Tuning,Tuning,0.014049708843231201,0.9859502911567688
Ela_metadataset,XGBoost,0.9,Tuning,Tuning,0.13132983446121216,0.8686701655387878
Ela_metadataset,XGBoost,0.9,Tuning,Tuning,0.0216333270072937,0.9783666729927063
Ela_metadataset,XGBoost,0.9,Tuning,Tuning,0.006076991558074951,0.993923008441925
Ela_metadataset,XGBoost,0.9,Tuning,Tuning,0.05431300401687622,0.9456869959831238
Ela_metadataset,XGBoost,0.9,Tuning,Tuning,0.02196967601776123,0.9780303239822388
Ela_metadataset,XGBoost,0.9,Tuning,Tuning,0.08568716049194336,0.9143128395080566
Ela_metadataset,XGBoost,0.9,Tuning,Tuning,0.21278077363967896,0.787219226360321
Ela_metadataset,XGBoost,0.9,Defaults,Tuning,0.18265116214752197,0.817348837852478
Ela_metadataset,XGBoost,0.9,Tuning,Defaults,0.907869815826416,0.09213020652532578
Ela_metadataset,XGBoost,0.9,Tuning,Defaults,0.7733831405639648,0.22661687433719635
Ela_metadataset,XGBoost,0.9,Tuning,Tuning,0.028527438640594482,0.9714725613594055
Ela_metadataset,XGBoost,0.9,Tuning,Defaults,0.985832691192627,0.01416732370853424
Ela_metadataset,XGBoost,0.9,Defaults,Tuning,0.44079047441482544,0.5592095255851746
Ela_metadataset,XGBoost,0.9,Tuning,Tuning,0.010128796100616455,0.9898712038993835
Ela_metadataset,XGBoost,0.9,Tuning,Tuning,0.014426648616790771,0.9855733513832092
Ela_metadataset,XGBoost,0.9,Tuning,Tuning,0.002798914909362793,0.9972010850906372
Ela_metadataset,XGBoost,0.9,Defaults,Tuning,0.0020588040351867676,0.9979411959648132
Ela_metadataset,XGBoost,0.9,Tuning,Tuning,0.2896338701248169,0.7103661298751831
Ela_metadataset,XGBoost,0.9,Tuning,Tuning,0.07637578248977661,0.9236242175102234
Ela_metadataset,XGBoost,0.9,Tuning,Tuning,0.11675024032592773,0.8832497596740723
Ela_metadataset,XGBoost,0.9,Defaults,Defaults,0.9395608901977539,0.06043911725282669
Ela_metadataset,XGBoost,0.9,Defaults,Defaults,0.7082882523536682,0.2917117476463318
Ela_metadataset,XGBoost,0.9,Tuning,Defaults,0.9478139877319336,0.05218600481748581
Ela_metadataset,XGBoost,0.9,Tuning,Tuning,0.009632110595703125,0.9903678894042969
Ela_metadataset,XGBoost,0.9,Tuning,Tuning,0.011009454727172852,0.9889905452728271
Ela_metadataset,XGBoost,0.9,Defaults,Tuning,0.01872730255126953,0.9812726974487305
Ela_metadataset,XGBoost,0.9,Defaults,Tuning,0.35867881774902344,0.6413211822509766
Ela_metadataset,XGBoost,0.9,Defaults,Defaults,0.9913271069526672,0.008672885596752167
Ela_metadataset,XGBoost,0.9,Tuning,Tuning,0.019230008125305176,0.9807699918746948
Ela_metadataset,XGBoost,0.9,Defaults,Tuning,0.47583556175231934,0.5241644382476807
Ela_metadataset,XGBoost,0.9,Tuning,Tuning,0.39076709747314453,0.6092329025268555
Ela_metadataset,XGBoost,0.9,Tuning,Tuning,0.0032699108123779297,0.9967300891876221
Ela_metadataset,XGBoost,0.9,Defaults,Tuning,0.061001479625701904,0.9389985203742981
Ela_metadataset,XGBoost,0.9,Defaults,Tuning,0.18964749574661255,0.8103525042533875
Ela_metadataset,XGBoost,0.9,Tuning,Defaults,0.5057918429374695,0.4942081570625305
Ela_metadataset,XGBoost,0.9,Tuning,Defaults,0.5502244234085083,0.4497755765914917
Ela_metadataset,XGBoost,0.9,Defaults,Tuning,0.03259432315826416,0.9674056768417358
Ela_metadataset,XGBoost,0.9,Tuning,Tuning,0.0010358095169067383,0.9989641904830933
Ela_metadataset,XGBoost,0.9,Tuning,Tuning,0.22243887186050415,0.7775611281394958
Ela_metadataset,XGBoost,0.9,Tuning,Defaults,0.680599570274353,0.3194003999233246
Ela_metadataset,XGBoost,0.9,Tuning,Tuning,0.021447300910949707,0.9785526990890503
Ela_metadataset,XGBoost,0.95,Tuning,Tuning,0.009656071662902832,0.9903439283370972
Ela_metadataset,XGBoost,0.95,Tuning,Tuning,0.003960132598876953,0.996039867401123
Ela_metadataset,XGBoost,0.95,Defaults,Defaults,0.9677241444587708,0.032275862991809845
Ela_metadataset,XGBoost,0.95,Tuning,Tuning,0.12717288732528687,0.8728271126747131
Ela_metadataset,XGBoost,0.95,Tuning,Tuning,0.0007924437522888184,0.9992075562477112
Ela_metadataset,XGBoost,0.95,Tuning,Tuning,0.022214770317077637,0.9777852296829224
Ela_metadataset,XGBoost,0.95,Tuning,Tuning,0.018992364406585693,0.9810076355934143
Ela_metadataset,XGBoost,0.95,Defaults,Tuning,0.0142134428024292,0.9857865571975708
Ela_metadataset,XGBoost,0.95,Defaults,Defaults,0.6856673359870911,0.31433266401290894
Ela_metadataset,XGBoost,0.95,Tuning,Tuning,0.1061546802520752,0.8938453197479248
Ela_metadataset,XGBoost,0.95,Tuning,Tuning,0.0007810592651367188,0.9992189407348633
Ela_metadataset,XGBoost,0.95,Defaults,Defaults,0.9330725073814392,0.06692750006914139
Ela_metadataset,XGBoost,0.95,Tuning,Tuning,0.028186798095703125,0.9718132019042969
Ela_metadataset,XGBoost,0.95,Tuning,Tuning,0.3794819712638855,0.6205180287361145
Ela_metadataset,XGBoost,0.95,Tuning,Tuning,0.001490771770477295,0.9985092282295227
Ela_metadataset,XGBoost,0.95,Tuning,Tuning,0.002352893352508545,0.9976471066474915
Ela_metadataset,XGBoost,0.95,Defaults,Tuning,0.2650300860404968,0.7349699139595032
Ela_metadataset,XGBoost,0.95,Tuning,Tuning,0.02703934907913208,0.9729606509208679
Ela_metadataset,XGBoost,0.95,Defaults,Defaults,0.6880592107772827,0.3119407892227173
Ela_metadataset,XGBoost,0.95,Tuning,Defaults,0.9766636490821838,0.023336360231041908
Ela_metadataset,XGBoost,0.95,Tuning,Tuning,0.3215944766998291,0.6784055233001709
Ela_metadataset,XGBoost,0.95,Defaults,Defaults,0.9691022038459778,0.030897798016667366
Ela_metadataset,XGBoost,0.95,Tuning,Defaults,0.5496156215667725,0.45038437843322754
Ela_metadataset,XGBoost,0.95,Tuning,Tuning,0.09065693616867065,0.9093430638313293
Ela_metadataset,XGBoost,0.95,Tuning,Tuning,0.007650971412658691,0.9923490285873413
Ela_metadataset,XGBoost,0.95,Tuning,Tuning,0.020929336547851562,0.9790706634521484
Ela_metadataset,XGBoost,0.95,Tuning,Tuning,0.010120034217834473,0.9898799657821655
Ela_metadataset,XGBoost,0.95,Tuning,Tuning,0.10741031169891357,0.8925896883010864
Ela_metadataset,XGBoost,0.95,Tuning,Tuning,0.0028591156005859375,0.9971408843994141
Ela_metadataset,XGBoost,0.95,Tuning,Tuning,0.008420586585998535,0.9915794134140015
Ela_metadataset,XGBoost,0.95,Tuning,Tuning,0.009642302989959717,0.9903576970100403
Ela_metadataset,XGBoost,0.95,Tuning,Tuning,0.0030493736267089844,0.996950626373291
Ela_metadataset,XGBoost,0.95,Defaults,Defaults,0.935029149055481,0.06497084349393845
Ela_metadataset,XGBoost,0.95,Defaults,Defaults,0.981605052947998,0.018394947052001953
Ela_metadataset,XGBoost,0.95,Tuning,Tuning,0.0011307597160339355,0.9988692402839661
Ela_metadataset,XGBoost,0.95,Tuning,Tuning,0.19481825828552246,0.8051817417144775
Ela_metadataset,XGBoost,0.95,Tuning,Tuning,0.029043257236480713,0.9709567427635193
Ela_metadataset,XGBoost,0.95,Defaults,Defaults,0.6012132167816162,0.3987868130207062
Ela_metadataset,XGBoost,0.95,Tuning,Tuning,0.0025034546852111816,0.9974965453147888
Ela_metadataset,XGBoost,0.95,Defaults,Tuning,0.2580101490020752,0.7419898509979248
Ela_metadataset,XGBoost,0.95,Tuning,Tuning,0.006050467491149902,0.9939495325088501
Ela_metadataset,XGBoost,0.95,Tuning,Tuning,0.0017488598823547363,0.9982511401176453
Ela_metadataset,XGBoost,0.95,Tuning,Tuning,0.047754883766174316,0.9522451162338257
Ela_metadataset,XGBoost,0.95,Tuning,Tuning,0.00045305490493774414,0.9995469450950623
Ela_metadataset,XGBoost,0.95,Tuning,Tuning,0.03252202272415161,0.9674779772758484
Ela_metadataset,XGBoost,0.95,Tuning,Tuning,0.018230557441711426,0.9817694425582886
Ela_metadataset,XGBoost,0.95,Tuning,Tuning,0.021979033946990967,0.978020966053009
Ela_metadataset,XGBoost,0.95,Tuning,Tuning,0.009500086307525635,0.9904999136924744
Ela_metadataset,XGBoost,0.95,Tuning,Tuning,0.025897979736328125,0.9741020202636719
Ela_metadataset,XGBoost,0.95,Tuning,Tuning,0.0017861127853393555,0.9982138872146606
Ela_metadataset,XGBoost,0.95,Defaults,Defaults,0.8472996354103088,0.15270037949085236
Ela_metadataset,XGBoost,0.95,Tuning,Tuning,0.14607423543930054,0.8539257645606995
Ela_metadataset,XGBoost,0.95,Tuning,Tuning,0.020801424980163574,0.9791985750198364
Ela_metadataset,XGBoost,0.95,Defaults,Tuning,0.00840914249420166,0.9915908575057983
Ela_metadataset,XGBoost,0.95,Tuning,Tuning,0.25953853130340576,0.7404614686965942
Ela_metadataset,XGBoost,0.95,Tuning,Tuning,0.23172718286514282,0.7682728171348572
Ela_metadataset,XGBoost,0.95,Tuning,Tuning,0.0018303394317626953,0.9981696605682373
Ela_metadataset,XGBoost,0.95,Tuning,Defaults,0.9983754754066467,0.0016244999133050442
Ela_metadataset,XGBoost,0.95,Tuning,Tuning,0.013551771640777588,0.9864482283592224
Ela_metadataset,XGBoost,0.95,Tuning,Tuning,0.0367201566696167,0.9632798433303833
Ela_metadataset,XGBoost,0.95,Tuning,Defaults,0.5829752683639526,0.41702476143836975
Ela_metadataset,XGBoost,0.95,Tuning,Tuning,0.0060689449310302734,0.9939310550689697
Ela_metadataset,XGBoost,0.95,Tuning,Tuning,0.0018208026885986328,0.9981791973114014
Ela_metadataset,XGBoost,0.95,Defaults,Tuning,0.46948426961898804,0.530515730381012
Ela_metadataset,XGBoost,0.95,Tuning,Tuning,0.1590915322303772,0.8409084677696228
Ela_metadataset,XGBoost,0.95,Defaults,Defaults,0.6001819372177124,0.3998180329799652
Ela_metadataset,XGBoost,0.95,Tuning,Tuning,0.0029372572898864746,0.9970627427101135
Ela_metadataset,XGBoost,0.95,Tuning,Tuning,0.011106550693511963,0.988893449306488
Ela_metadataset,XGBoost,0.95,Tuning,Tuning,0.004819512367248535,0.9951804876327515
Ela_metadataset,XGBoost,0.95,Tuning,Tuning,0.33667248487472534,0.6633275151252747
Ela_metadataset,XGBoost,0.95,Tuning,Defaults,0.9605149030685425,0.03948507830500603
Ela_metadataset,XGBoost,0.95,Defaults,Tuning,0.059728026390075684,0.9402719736099243
Ela_metadataset,XGBoost,0.95,Tuning,Tuning,0.10708260536193848,0.8929173946380615
Ela_metadataset,XGBoost,0.95,Defaults,Tuning,0.03617990016937256,0.9638200998306274
Ela_metadataset,XGBoost,0.95,Defaults,Defaults,0.6751471757888794,0.3248527944087982
Ela_metadataset,XGBoost,0.95,Defaults,Tuning,0.2668440341949463,0.7331559658050537
Ela_metadataset,XGBoost,0.95,Defaults,Defaults,0.9652208089828491,0.03477918729186058
Ela_metadataset,XGBoost,0.95,Tuning,Tuning,0.007326781749725342,0.9926732182502747
Ela_metadataset,XGBoost,0.95,Tuning,Tuning,0.00966489315032959,0.9903351068496704
Ela_metadataset,XGBoost,0.95,Tuning,Tuning,0.002103090286254883,0.9978969097137451
Ela_metadataset,XGBoost,0.95,Defaults,Tuning,0.35083961486816406,0.6491603851318359
Ela_metadataset,XGBoost,0.95,Defaults,Tuning,0.08489900827407837,0.9151009917259216
Ela_metadataset,XGBoost,0.95,Defaults,Defaults,0.5014179944992065,0.49858197569847107
Ela_metadataset,XGBoost,0.95,Defaults,Defaults,0.9781395792961121,0.02186042256653309
Ela_metadataset,XGBoost,0.95,Tuning,Defaults,0.6592743396759033,0.34072569012641907
Ela_metadataset,XGBoost,0.95,Tuning,Tuning,0.27366137504577637,0.7263386249542236
Ela_metadataset,XGBoost,0.95,Defaults,Defaults,0.9803988337516785,0.019601184874773026
Ela_metadataset,XGBoost,0.95,Tuning,Tuning,0.0009284019470214844,0.9990715980529785
Ela_metadataset,XGBoost,0.95,Defaults,Tuning,0.2521616220474243,0.7478383779525757
Ela_metadataset,XGBoost,0.95,Tuning,Tuning,0.0025538206100463867,0.9974461793899536
Ela_metadataset,XGBoost,0.95,Tuning,Tuning,0.06752347946166992,0.9324765205383301
Ela_metadataset,XGBoost,0.95,Defaults,Tuning,0.45429563522338867,0.5457043647766113
Ela_metadataset,XGBoost,0.95,Tuning,Defaults,0.7401947975158691,0.25980517268180847
Ela_metadataset,XGBoost,0.95,Defaults,Defaults,0.8407502174377441,0.15924981236457825
Ela_metadataset,XGBoost,0.95,Tuning,Tuning,0.005276203155517578,0.9947237968444824
Ela_metadataset,XGBoost,0.95,Tuning,Tuning,0.00836092233657837,0.9916390776634216
Ela_metadataset,XGBoost,0.95,Tuning,Tuning,0.05705004930496216,0.9429499506950378
Ela_metadataset,XGBoost,0.95,Defaults,Tuning,0.006201326847076416,0.9937986731529236
Ela_metadataset,XGBoost,0.95,Tuning,Tuning,0.006152808666229248,0.9938471913337708
Ela_metadataset,XGBoost,0.95,Tuning,Tuning,0.01783573627471924,0.9821642637252808
Ela_metadataset,XGBoost,0.95,Tuning,Tuning,0.006494641304016113,0.9935053586959839
Ela_metadataset,XGBoost,0.95,Defaults,Tuning,0.00400698184967041,0.9959930181503296
Ela_metadataset,XGBoost,0.95,Tuning,Tuning,0.04248303174972534,0.9575169682502747
Ela_metadataset,XGBoost,0.95,Tuning,Tuning,0.01664203405380249,0.9833579659461975
Ela_metadataset,XGBoost,0.95,Tuning,Tuning,0.002774834632873535,0.9972251653671265
Ela_metadataset,XGBoost,0.95,Tuning,Tuning,0.012736141681671143,0.9872638583183289
Ela_metadataset,XGBoost,0.95,Tuning,Defaults,0.5770751237869263,0.42292484641075134
Ela_metadataset,XGBoost,0.95,Tuning,Tuning,0.03710049390792847,0.9628995060920715
Ela_metadataset,XGBoost,0.95,Tuning,Tuning,0.02484285831451416,0.9751571416854858
Ela_metadataset,XGBoost,0.95,Defaults,Tuning,0.04961955547332764,0.9503804445266724
Ela_metadataset,XGBoost,0.95,Tuning,Tuning,0.06370455026626587,0.9362954497337341
Ela_metadataset,XGBoost,0.95,Tuning,Tuning,0.0009505152702331543,0.9990494847297668
Ela_metadataset,XGBoost,0.95,Tuning,Tuning,0.03998863697052002,0.96001136302948
Ela_metadataset,XGBoost,0.95,Tuning,Tuning,0.04379594326019287,0.9562040567398071
Ela_metadataset,XGBoost,0.95,Tuning,Tuning,0.004046440124511719,0.9959535598754883
Ela_metadataset,XGBoost,0.95,Tuning,Tuning,0.004729568958282471,0.9952704310417175
Ela_metadataset,XGBoost,0.95,Tuning,Tuning,0.2400866150856018,0.7599133849143982
Ela_metadataset,XGBoost,0.95,Tuning,Tuning,0.16650813817977905,0.833491861820221
Ela_metadataset,XGBoost,0.95,Defaults,Tuning,0.10546064376831055,0.8945393562316895
Ela_metadataset,XGBoost,0.95,Tuning,Tuning,0.008904337882995605,0.9910956621170044
Ela_metadataset,XGBoost,0.95,Defaults,Tuning,0.2756339907646179,0.7243660092353821
Ela_metadataset,XGBoost,0.95,Tuning,Tuning,0.0007845163345336914,0.9992154836654663
Ela_metadataset,XGBoost,0.95,Tuning,Tuning,0.08741968870162964,0.9125803112983704
Ela_metadataset,XGBoost,0.95,Tuning,Tuning,0.002367854118347168,0.9976321458816528
Ela_metadataset,XGBoost,0.95,Tuning,Tuning,0.043299734592437744,0.9567002654075623
Ela_metadataset,XGBoost,0.95,Defaults,Tuning,0.37653565406799316,0.6234643459320068
Ela_metadataset,XGBoost,0.95,Defaults,Defaults,0.8354907631874084,0.16450925171375275
Ela_metadataset,XGBoost,0.95,Tuning,Tuning,0.05139315128326416,0.9486068487167358
Ela_metadataset,XGBoost,0.95,Tuning,Tuning,0.0627012848854065,0.9372987151145935
Ela_metadataset,XGBoost,0.95,Tuning,Tuning,0.01922816038131714,0.9807718396186829
Ela_metadataset,XGBoost,0.95,Tuning,Tuning,0.005887091159820557,0.9941129088401794
Ela_metadataset,XGBoost,0.95,Tuning,Tuning,0.015380442142486572,0.9846195578575134
Ela_metadataset,XGBoost,0.95,Tuning,Tuning,0.037523627281188965,0.962476372718811
Ela_metadataset,XGBoost,0.95,Tuning,Tuning,0.0926942229270935,0.9073057770729065
Ela_metadataset,XGBoost,0.95,Tuning,Tuning,0.1636568307876587,0.8363431692123413
Ela_metadataset,XGBoost,0.95,Defaults,Tuning,0.0596887469291687,0.9403112530708313
Ela_metadataset,XGBoost,0.95,Tuning,Defaults,0.8284721970558167,0.17152778804302216
Ela_metadataset,XGBoost,0.95,Tuning,Tuning,0.25024545192718506,0.7497545480728149
Ela_metadataset,XGBoost,0.95,Tuning,Tuning,0.04268735647201538,0.9573126435279846
Ela_metadataset,XGBoost,0.95,Tuning,Defaults,0.9830028414726257,0.016997143626213074
Ela_metadataset,XGBoost,0.95,Defaults,Tuning,0.44696515798568726,0.5530348420143127
Ela_metadataset,XGBoost,0.95,Tuning,Tuning,0.0419011116027832,0.9580988883972168
Ela_metadataset,XGBoost,0.95,Tuning,Tuning,0.009417295455932617,0.9905827045440674
Ela_metadataset,XGBoost,0.95,Tuning,Tuning,0.0013515353202819824,0.998648464679718
Ela_metadataset,XGBoost,0.95,Defaults,Tuning,0.0023246407508850098,0.997675359249115
Ela_metadataset,XGBoost,0.95,Tuning,Tuning,0.23203033208847046,0.7679696679115295
Ela_metadataset,XGBoost,0.95,Tuning,Tuning,0.302304744720459,0.697695255279541
Ela_metadataset,XGBoost,0.95,Tuning,Tuning,0.024935364723205566,0.9750646352767944
Ela_metadataset,XGBoost,0.95,Defaults,Defaults,0.8944869637489319,0.1055130586028099
Ela_metadataset,XGBoost,0.95,Defaults,Tuning,0.49335652589797974,0.5066434741020203
Ela_metadataset,XGBoost,0.95,Tuning,Defaults,0.7730173468589783,0.22698265314102173
Ela_metadataset,XGBoost,0.95,Tuning,Tuning,0.001284956932067871,0.9987150430679321
Ela_metadataset,XGBoost,0.95,Tuning,Tuning,0.008948326110839844,0.9910516738891602
Ela_metadataset,XGBoost,0.95,Defaults,Tuning,0.016270577907562256,0.9837294220924377
Ela_metadataset,XGBoost,0.95,Defaults,Defaults,0.5642484426498413,0.4357515275478363
Ela_metadataset,XGBoost,0.95,Defaults,Defaults,0.9912296533584595,0.008770374581217766
Ela_metadataset,XGBoost,0.95,Tuning,Tuning,0.0016968250274658203,0.9983031749725342
Ela_metadataset,XGBoost,0.95,Defaults,Tuning,0.4421226978302002,0.5578773021697998
Ela_metadataset,XGBoost,0.95,Tuning,Tuning,0.11385136842727661,0.8861486315727234
Ela_metadataset,XGBoost,0.95,Tuning,Tuning,0.0016951560974121094,0.9983048439025879
Ela_metadataset,XGBoost,0.95,Defaults,Tuning,0.07715213298797607,0.9228478670120239
Ela_metadataset,XGBoost,0.95,Defaults,Tuning,0.13388729095458984,0.8661127090454102
Ela_metadataset,XGBoost,0.95,Tuning,Tuning,0.28161531686782837,0.7183846831321716
Ela_metadataset,XGBoost,0.95,Tuning,Tuning,0.45176976919174194,0.5482302308082581
Ela_metadataset,XGBoost,0.95,Defaults,Tuning,0.014709949493408203,0.9852900505065918
Ela_metadataset,XGBoost,0.95,Tuning,Tuning,0.0009308457374572754,0.9990691542625427
Ela_metadataset,XGBoost,0.95,Tuning,Tuning,0.28898197412490845,0.7110180258750916
Ela_metadataset,XGBoost,0.95,Tuning,Tuning,0.4013890027999878,0.5986109972000122
Ela_metadataset,XGBoost,0.95,Tuning,Tuning,0.00946199893951416,0.9905380010604858
