Dataset,Algorithm,CorrelationThreshold,TrueLabel,PredictedLabel,Prob_Defaults,Prob_Tuning
Baseline,SVM_Linear,0.8,Tuning,Tuning,0.1796612582990023,0.8203387417009977
Baseline,SVM_Linear,0.8,Tuning,Tuning,0.24189474845064562,0.7581052515493546
Baseline,SVM_Linear,0.8,Defaults,Tuning,0.40610192056259214,0.5938980794374079
Baseline,SVM_Linear,0.8,Tuning,Tuning,0.20074294353766206,0.7992570564623378
Baseline,SVM_Linear,0.8,Tuning,Tuning,0.1886132194779355,0.8113867805220644
Baseline,SVM_Linear,0.8,Tuning,Tuning,0.4100333137183286,0.5899666862816715
Baseline,SVM_Linear,0.8,Tuning,Tuning,0.0658163043850556,0.9341836956149446
Baseline,SVM_Linear,0.8,Defaults,Tuning,0.1958588879330242,0.8041411120669757
Baseline,SVM_Linear,0.8,Defaults,Tuning,0.14967668161329262,0.8503233183867075
Baseline,SVM_Linear,0.8,Tuning,Tuning,0.22801776575614555,0.7719822342438547
Baseline,SVM_Linear,0.8,Tuning,Tuning,0.23208145874009967,0.7679185412599006
Baseline,SVM_Linear,0.8,Defaults,Tuning,0.2999438785313527,0.7000561214686475
Baseline,SVM_Linear,0.8,Tuning,Tuning,0.1831661307515071,0.816833869248493
Baseline,SVM_Linear,0.8,Tuning,Tuning,0.18660574670436614,0.813394253295634
Baseline,SVM_Linear,0.8,Tuning,Tuning,0.028233347620716914,0.9717666523792833
Baseline,SVM_Linear,0.8,Tuning,Tuning,0.2323744903329577,0.7676255096670422
Baseline,SVM_Linear,0.8,Defaults,Tuning,0.49329373625722167,0.5067062637427783
Baseline,SVM_Linear,0.8,Tuning,Tuning,0.2408383739683988,0.7591616260316011
Baseline,SVM_Linear,0.8,Defaults,Tuning,0.34848912788070896,0.6515108721192909
Baseline,SVM_Linear,0.8,Tuning,Tuning,0.31446564440316027,0.6855343555968396
Baseline,SVM_Linear,0.8,Tuning,Tuning,0.27400554355466095,0.7259944564453392
Baseline,SVM_Linear,0.8,Defaults,Tuning,0.2978189054813277,0.7021810945186723
Baseline,SVM_Linear,0.8,Tuning,Tuning,0.08356777155604442,0.9164322284439557
Baseline,SVM_Linear,0.8,Tuning,Tuning,0.29390752055825087,0.7060924794417489
Baseline,SVM_Linear,0.8,Tuning,Tuning,0.28020550970210484,0.7197944902978956
Baseline,SVM_Linear,0.8,Tuning,Tuning,0.23052466057776264,0.7694753394222372
Baseline,SVM_Linear,0.8,Tuning,Tuning,0.24302315875483366,0.7569768412451663
Baseline,SVM_Linear,0.8,Tuning,Tuning,0.26868654735038106,0.7313134526496191
Baseline,SVM_Linear,0.8,Tuning,Tuning,0.28131734939561415,0.718682650604386
Baseline,SVM_Linear,0.8,Tuning,Tuning,0.21935510306473455,0.7806448969352654
Baseline,SVM_Linear,0.8,Tuning,Tuning,0.16214764867833628,0.8378523513216637
Baseline,SVM_Linear,0.8,Tuning,Tuning,0.223288715316426,0.7767112846835741
Baseline,SVM_Linear,0.8,Defaults,Tuning,0.37231714491193924,0.6276828550880607
Baseline,SVM_Linear,0.8,Defaults,Tuning,0.2616081315893786,0.7383918684106212
Baseline,SVM_Linear,0.8,Tuning,Tuning,0.1528776816209555,0.8471223183790445
Baseline,SVM_Linear,0.8,Tuning,Tuning,0.47705863447761176,0.5229413655223883
Baseline,SVM_Linear,0.8,Tuning,Tuning,0.18813703006527607,0.8118629699347238
Baseline,SVM_Linear,0.8,Defaults,Tuning,0.3351307163765859,0.664869283623414
Baseline,SVM_Linear,0.8,Tuning,Tuning,0.23797775762233597,0.7620222423776639
Baseline,SVM_Linear,0.8,Defaults,Tuning,0.4658951329970135,0.5341048670029866
Baseline,SVM_Linear,0.8,Tuning,Tuning,0.3138725628523402,0.6861274371476601
Baseline,SVM_Linear,0.8,Tuning,Tuning,0.008640453770494657,0.9913595462295054
Baseline,SVM_Linear,0.8,Tuning,Defaults,0.6844288000295905,0.31557119997040944
Baseline,SVM_Linear,0.8,Tuning,Tuning,0.2793446135414761,0.7206553864585241
Baseline,SVM_Linear,0.8,Tuning,Tuning,0.16879664247266996,0.83120335752733
Baseline,SVM_Linear,0.8,Tuning,Tuning,0.334075271846418,0.6659247281535817
Baseline,SVM_Linear,0.8,Tuning,Tuning,0.39247150259297586,0.6075284974070244
Baseline,SVM_Linear,0.8,Tuning,Tuning,0.12919252512440824,0.8708074748755917
Baseline,SVM_Linear,0.8,Tuning,Tuning,0.28252928614970463,0.7174707138502953
Baseline,SVM_Linear,0.8,Tuning,Tuning,0.11235685539258038,0.8876431446074197
Baseline,SVM_Linear,0.8,Defaults,Tuning,0.3397097485168192,0.6602902514831805
Baseline,SVM_Linear,0.8,Tuning,Tuning,0.16682146362966568,0.8331785363703343
Baseline,SVM_Linear,0.8,Tuning,Tuning,0.1892311314445272,0.8107688685554728
Baseline,SVM_Linear,0.8,Defaults,Tuning,0.2920988007196049,0.7079011992803951
Baseline,SVM_Linear,0.8,Tuning,Tuning,0.3766701005669746,0.6233298994330254
Baseline,SVM_Linear,0.8,Tuning,Tuning,0.37212451270101016,0.6278754872989897
Baseline,SVM_Linear,0.8,Tuning,Tuning,0.2960544047591057,0.7039455952408947
Baseline,SVM_Linear,0.8,Tuning,Tuning,0.4009210862174705,0.5990789137825295
Baseline,SVM_Linear,0.8,Tuning,Tuning,0.3466421847305252,0.653357815269475
Baseline,SVM_Linear,0.8,Tuning,Tuning,0.27048026162310446,0.7295197383768959
Baseline,SVM_Linear,0.8,Tuning,Tuning,0.07335709333670873,0.9266429066632912
Baseline,SVM_Linear,0.8,Tuning,Tuning,0.20421099178027113,0.7957890082197289
Baseline,SVM_Linear,0.8,Tuning,Tuning,0.2513358558403209,0.7486641441596792
Baseline,SVM_Linear,0.8,Defaults,Tuning,0.453984911602304,0.5460150883976961
Baseline,SVM_Linear,0.8,Tuning,Tuning,0.31344572418872857,0.6865542758112716
Baseline,SVM_Linear,0.8,Defaults,Tuning,0.35121438806194744,0.6487856119380525
Baseline,SVM_Linear,0.8,Tuning,Tuning,0.23407990118872127,0.7659200988112789
Baseline,SVM_Linear,0.8,Tuning,Tuning,0.3128329336088376,0.6871670663911622
Baseline,SVM_Linear,0.8,Tuning,Tuning,0.30262537193365485,0.6973746280663452
Baseline,SVM_Linear,0.8,Tuning,Tuning,0.08705472805160354,0.9129452719483965
Baseline,SVM_Linear,0.8,Tuning,Tuning,0.3079250144107201,0.6920749855892798
Baseline,SVM_Linear,0.8,Defaults,Tuning,0.08540388521281396,0.9145961147871859
Baseline,SVM_Linear,0.8,Tuning,Tuning,0.24648350928664656,0.7535164907133535
Baseline,SVM_Linear,0.8,Defaults,Tuning,0.45284443064240687,0.5471555693575932
Baseline,SVM_Linear,0.8,Defaults,Tuning,0.3968535622273177,0.6031464377726823
Baseline,SVM_Linear,0.8,Defaults,Tuning,0.4672700354681565,0.5327299645318436
Baseline,SVM_Linear,0.8,Defaults,Tuning,0.45342973044459534,0.5465702695554046
Baseline,SVM_Linear,0.8,Tuning,Tuning,0.2767410377082434,0.7232589622917563
Baseline,SVM_Linear,0.8,Tuning,Tuning,0.2794510653080386,0.7205489346919617
Baseline,SVM_Linear,0.8,Tuning,Tuning,0.26351068099636127,0.7364893190036389
Baseline,SVM_Linear,0.8,Defaults,Tuning,0.31762599216046394,0.6823740078395358
Baseline,SVM_Linear,0.8,Defaults,Tuning,0.3793322387404243,0.6206677612595756
Baseline,SVM_Linear,0.8,Defaults,Tuning,0.34050932504879206,0.6594906749512082
Baseline,SVM_Linear,0.8,Defaults,Tuning,0.46527635106314874,0.5347236489368511
Baseline,SVM_Linear,0.8,Tuning,Tuning,0.3850654287375082,0.6149345712624917
Baseline,SVM_Linear,0.8,Tuning,Tuning,0.4492904714528078,0.5507095285471922
Baseline,SVM_Linear,0.8,Defaults,Tuning,0.449398414440349,0.5506015855596511
Baseline,SVM_Linear,0.8,Tuning,Tuning,0.1775720732001424,0.8224279267998577
Baseline,SVM_Linear,0.8,Defaults,Tuning,0.39394556452775503,0.6060544354722451
Baseline,SVM_Linear,0.8,Tuning,Tuning,0.16625632652508313,0.8337436734749167
Baseline,SVM_Linear,0.8,Tuning,Tuning,0.11738481699886154,0.8826151830011385
Baseline,SVM_Linear,0.8,Defaults,Tuning,0.3317177211528985,0.6682822788471016
Baseline,SVM_Linear,0.8,Tuning,Tuning,0.28671996487600454,0.7132800351239953
Baseline,SVM_Linear,0.8,Defaults,Tuning,3.0000008999999776e-14,0.9999999999999699
Baseline,SVM_Linear,0.8,Tuning,Tuning,0.1961188498684203,0.8038811501315796
Baseline,SVM_Linear,0.8,Tuning,Tuning,0.16345463262525067,0.8365453673747494
Baseline,SVM_Linear,0.8,Tuning,Tuning,0.23656871009303573,0.7634312899069641
Baseline,SVM_Linear,0.8,Defaults,Tuning,0.3960434489069295,0.6039565510930707
Baseline,SVM_Linear,0.8,Tuning,Tuning,0.2609296201086407,0.739070379891359
Baseline,SVM_Linear,0.8,Tuning,Tuning,0.3458748677826518,0.654125132217348
Baseline,SVM_Linear,0.8,Tuning,Tuning,0.22730216604793915,0.7726978339520608
Baseline,SVM_Linear,0.8,Defaults,Tuning,0.20604466922402875,0.793955330775971
Baseline,SVM_Linear,0.8,Tuning,Tuning,0.29802994817362694,0.7019700518263733
Baseline,SVM_Linear,0.8,Tuning,Tuning,0.3363427695136076,0.6636572304863924
Baseline,SVM_Linear,0.8,Tuning,Tuning,0.1732305398544039,0.8267694601455962
Baseline,SVM_Linear,0.8,Tuning,Tuning,0.14482444372144457,0.8551755562785553
Baseline,SVM_Linear,0.8,Tuning,Tuning,0.4491091152069288,0.5508908847930711
Baseline,SVM_Linear,0.8,Tuning,Tuning,0.17377273918036748,0.8262272608196324
Baseline,SVM_Linear,0.8,Tuning,Tuning,0.2824136264243297,0.7175863735756703
Baseline,SVM_Linear,0.8,Defaults,Tuning,0.35482867422203124,0.6451713257779688
Baseline,SVM_Linear,0.8,Tuning,Tuning,0.1402404642819627,0.8597595357180374
Baseline,SVM_Linear,0.8,Tuning,Tuning,0.18133922481411582,0.8186607751858841
Baseline,SVM_Linear,0.8,Tuning,Tuning,0.1159040619795539,0.884095938020446
Baseline,SVM_Linear,0.8,Tuning,Tuning,0.23564738960091958,0.7643526103990802
Baseline,SVM_Linear,0.8,Tuning,Tuning,0.17503278540107334,0.8249672145989266
Baseline,SVM_Linear,0.8,Tuning,Tuning,0.31297734032383745,0.6870226596761627
Baseline,SVM_Linear,0.8,Tuning,Tuning,0.37225406920254234,0.6277459307974577
Baseline,SVM_Linear,0.8,Tuning,Tuning,0.11265746276260172,0.8873425372373982
Baseline,SVM_Linear,0.8,Defaults,Tuning,0.32293237993858764,0.6770676200614121
Baseline,SVM_Linear,0.8,Tuning,Tuning,0.14131746559449843,0.8586825344055015
Baseline,SVM_Linear,0.8,Defaults,Tuning,0.4140475600686416,0.5859524399313583
Baseline,SVM_Linear,0.8,Tuning,Tuning,0.32799418230632527,0.6720058176936746
Baseline,SVM_Linear,0.8,Tuning,Tuning,0.2995786227426543,0.7004213772573459
Baseline,SVM_Linear,0.8,Tuning,Tuning,0.34798379743183305,0.6520162025681671
Baseline,SVM_Linear,0.8,Tuning,Tuning,0.25170677352629883,0.7482932264737012
Baseline,SVM_Linear,0.8,Defaults,Tuning,0.3269946983494232,0.6730053016505767
Baseline,SVM_Linear,0.8,Defaults,Tuning,0.2717951960297386,0.7282048039702615
Baseline,SVM_Linear,0.8,Tuning,Tuning,0.11519714653567388,0.884802853464326
Baseline,SVM_Linear,0.8,Tuning,Tuning,0.24827717021106432,0.7517228297889357
Baseline,SVM_Linear,0.8,Tuning,Tuning,0.18870877733710711,0.8112912226628927
Baseline,SVM_Linear,0.8,Tuning,Tuning,0.18870877733710711,0.8112912226628927
Baseline,SVM_Linear,0.8,Tuning,Tuning,0.1630121335276392,0.8369878664723608
Baseline,SVM_Linear,0.8,Tuning,Tuning,0.1583023519487614,0.8416976480512387
Baseline,SVM_Linear,0.8,Tuning,Tuning,0.4785249742439168,0.5214750257560832
Baseline,SVM_Linear,0.8,Tuning,Tuning,0.184130119036055,0.8158698809639447
Baseline,SVM_Linear,0.8,Defaults,Tuning,0.31122445418059536,0.6887755458194048
Baseline,SVM_Linear,0.8,Tuning,Tuning,0.33986511518460966,0.6601348848153903
Baseline,SVM_Linear,0.8,Tuning,Tuning,0.3360007594739751,0.6639992405260247
Baseline,SVM_Linear,0.8,Tuning,Tuning,0.37417871007817194,0.6258212899218281
Baseline,SVM_Linear,0.8,Tuning,Tuning,0.21550172899650397,0.7844982710034959
Baseline,SVM_Linear,0.8,Defaults,Tuning,0.3372282455545185,0.6627717544454815
Baseline,SVM_Linear,0.8,Tuning,Tuning,0.20109480083740455,0.7989051991625956
Baseline,SVM_Linear,0.8,Tuning,Tuning,0.07986871954489978,0.9201312804551003
Baseline,SVM_Linear,0.8,Tuning,Tuning,0.32460285192903,0.6753971480709703
Baseline,SVM_Linear,0.8,Defaults,Tuning,0.30876908049370744,0.6912309195062926
Baseline,SVM_Linear,0.8,Tuning,Tuning,0.12365604388502827,0.8763439561149715
Baseline,SVM_Linear,0.8,Tuning,Tuning,0.3307798156415716,0.6692201843584282
Baseline,SVM_Linear,0.8,Tuning,Tuning,0.16142172780326053,0.8385782721967394
Baseline,SVM_Linear,0.8,Defaults,Defaults,0.5102701874317602,0.48972981256823966
Baseline,SVM_Linear,0.8,Defaults,Tuning,0.3888429903979312,0.6111570096020686
Baseline,SVM_Linear,0.8,Tuning,Tuning,0.2533200414853043,0.7466799585146956
Baseline,SVM_Linear,0.8,Tuning,Tuning,0.1939575130320497,0.8060424869679503
Baseline,SVM_Linear,0.8,Tuning,Tuning,0.4538350691862089,0.5461649308137911
Baseline,SVM_Linear,0.8,Defaults,Tuning,0.3697729205847012,0.630227079415299
Baseline,SVM_Linear,0.8,Defaults,Tuning,0.3658293237029564,0.6341706762970435
Baseline,SVM_Linear,0.8,Defaults,Tuning,0.43997763278450025,0.5600223672154997
Baseline,SVM_Linear,0.8,Tuning,Tuning,0.24109201366277958,0.7589079863372203
Baseline,SVM_Linear,0.8,Defaults,Tuning,0.3445301264889237,0.6554698735110762
Baseline,SVM_Linear,0.8,Tuning,Defaults,0.5585168514492338,0.4414831485507663
Baseline,SVM_Linear,0.8,Tuning,Tuning,0.24104242335515583,0.7589575766448441
Baseline,SVM_Linear,0.8,Defaults,Tuning,0.2365247067958761,0.7634752932041238
Baseline,SVM_Linear,0.8,Defaults,Defaults,0.5105044571681314,0.4894955428318687
Baseline,SVM_Linear,0.8,Tuning,Tuning,0.44167027882104054,0.5583297211789596
Baseline,SVM_Linear,0.8,Tuning,Tuning,0.2007868401635344,0.7992131598364656
Baseline,SVM_Linear,0.8,Defaults,Tuning,0.32062798528119507,0.6793720147188049
Baseline,SVM_Linear,0.8,Tuning,Tuning,0.10576034065956953,0.8942396593404305
Baseline,SVM_Linear,0.8,Tuning,Tuning,0.21367102705653868,0.7863289729434614
Baseline,SVM_Linear,0.8,Tuning,Tuning,0.03884804323089399,0.961151956769106
Baseline,SVM_Linear,0.8,Tuning,Tuning,0.3462835292166388,0.653716470783361
Baseline,SVM_Linear,0.85,Tuning,Tuning,0.200315109832974,0.7996848901670259
Baseline,SVM_Linear,0.85,Tuning,Tuning,0.2319250992603821,0.768074900739618
Baseline,SVM_Linear,0.85,Defaults,Tuning,0.39352864043197944,0.6064713595680207
Baseline,SVM_Linear,0.85,Tuning,Tuning,0.2170763178831614,0.7829236821168385
Baseline,SVM_Linear,0.85,Tuning,Tuning,0.1864162252820465,0.8135837747179535
Baseline,SVM_Linear,0.85,Tuning,Tuning,0.4217828590850631,0.5782171409149368
Baseline,SVM_Linear,0.85,Tuning,Tuning,0.04709695242488706,0.9529030475751131
Baseline,SVM_Linear,0.85,Defaults,Tuning,0.19679654026602567,0.8032034597339742
Baseline,SVM_Linear,0.85,Defaults,Tuning,0.14980610682658188,0.8501938931734182
Baseline,SVM_Linear,0.85,Tuning,Tuning,0.27644133348655997,0.7235586665134399
Baseline,SVM_Linear,0.85,Tuning,Tuning,0.2293191776957226,0.7706808223042775
Baseline,SVM_Linear,0.85,Defaults,Tuning,0.3140655010842527,0.6859344989157471
Baseline,SVM_Linear,0.85,Tuning,Tuning,0.19073857756313478,0.8092614224368648
Baseline,SVM_Linear,0.85,Tuning,Tuning,0.18134474035470632,0.8186552596452936
Baseline,SVM_Linear,0.85,Tuning,Tuning,0.02222960535720979,0.9777703946427901
Baseline,SVM_Linear,0.85,Tuning,Tuning,0.22929458337241773,0.7707054166275825
Baseline,SVM_Linear,0.85,Defaults,Tuning,0.47934388488372565,0.5206561151162743
Baseline,SVM_Linear,0.85,Tuning,Tuning,0.2822980706145112,0.7177019293854889
Baseline,SVM_Linear,0.85,Defaults,Tuning,0.3255229264406071,0.6744770735593928
Baseline,SVM_Linear,0.85,Tuning,Tuning,0.3194051253950881,0.680594874604912
Baseline,SVM_Linear,0.85,Tuning,Tuning,0.32386575407816653,0.6761342459218336
Baseline,SVM_Linear,0.85,Defaults,Tuning,0.2850656156605177,0.7149343843394822
Baseline,SVM_Linear,0.85,Tuning,Tuning,0.10397716378651743,0.8960228362134828
Baseline,SVM_Linear,0.85,Tuning,Tuning,0.32719776176273463,0.6728022382372654
Baseline,SVM_Linear,0.85,Tuning,Tuning,0.2748076324616427,0.7251923675383571
Baseline,SVM_Linear,0.85,Tuning,Tuning,0.2227159763973745,0.7772840236026256
Baseline,SVM_Linear,0.85,Tuning,Tuning,0.23227857055753756,0.7677214294424626
Baseline,SVM_Linear,0.85,Tuning,Tuning,0.27401043739837333,0.7259895626016267
Baseline,SVM_Linear,0.85,Tuning,Tuning,0.289965514359024,0.7100344856409759
Baseline,SVM_Linear,0.85,Tuning,Tuning,0.21357269502044318,0.7864273049795567
Baseline,SVM_Linear,0.85,Tuning,Tuning,0.16057819934961706,0.839421800650383
Baseline,SVM_Linear,0.85,Tuning,Tuning,0.21385663704541386,0.7861433629545863
Baseline,SVM_Linear,0.85,Defaults,Tuning,0.39469501612197755,0.6053049838780226
Baseline,SVM_Linear,0.85,Defaults,Tuning,0.2508955956711437,0.7491044043288565
Baseline,SVM_Linear,0.85,Tuning,Tuning,0.1480757859455405,0.8519242140544595
Baseline,SVM_Linear,0.85,Tuning,Defaults,0.5,0.5
Baseline,SVM_Linear,0.85,Tuning,Tuning,0.1786137673494121,0.8213862326505881
Baseline,SVM_Linear,0.85,Defaults,Tuning,0.34415598690049104,0.6558440130995088
Baseline,SVM_Linear,0.85,Tuning,Tuning,0.22352845891237702,0.776471541087623
Baseline,SVM_Linear,0.85,Defaults,Tuning,0.46132659471144705,0.538673405288553
Baseline,SVM_Linear,0.85,Tuning,Tuning,0.39802654162797874,0.6019734583720214
Baseline,SVM_Linear,0.85,Tuning,Tuning,0.008027281656423458,0.9919727183435764
Baseline,SVM_Linear,0.85,Tuning,Defaults,0.6776550336527477,0.32234496634725224
Baseline,SVM_Linear,0.85,Tuning,Tuning,0.32854066753129196,0.6714593324687083
Baseline,SVM_Linear,0.85,Tuning,Tuning,0.20109998299847645,0.7989000170015236
Baseline,SVM_Linear,0.85,Tuning,Tuning,0.37014209363967704,0.6298579063603229
Baseline,SVM_Linear,0.85,Tuning,Tuning,0.3506638827919092,0.6493361172080907
Baseline,SVM_Linear,0.85,Tuning,Tuning,0.16352096961641183,0.8364790303835882
Baseline,SVM_Linear,0.85,Tuning,Tuning,0.28727127820977927,0.7127287217902208
Baseline,SVM_Linear,0.85,Tuning,Tuning,0.14417905483279175,0.8558209451672081
Baseline,SVM_Linear,0.85,Defaults,Tuning,0.30630581000952745,0.6936941899904726
Baseline,SVM_Linear,0.85,Tuning,Tuning,0.10040643099307894,0.899593569006921
Baseline,SVM_Linear,0.85,Tuning,Tuning,0.11879580970930409,0.881204190290696
Baseline,SVM_Linear,0.85,Defaults,Tuning,0.30141597110836243,0.6985840288916376
Baseline,SVM_Linear,0.85,Tuning,Tuning,0.3689352650939165,0.6310647349060836
Baseline,SVM_Linear,0.85,Tuning,Tuning,0.3559670577708724,0.6440329422291277
Baseline,SVM_Linear,0.85,Tuning,Tuning,0.3057645098530947,0.6942354901469052
Baseline,SVM_Linear,0.85,Tuning,Tuning,0.4036897101781117,0.5963102898218884
Baseline,SVM_Linear,0.85,Tuning,Tuning,0.3346170466543076,0.6653829533456923
Baseline,SVM_Linear,0.85,Tuning,Tuning,0.26822817089125345,0.7317718291087465
Baseline,SVM_Linear,0.85,Tuning,Tuning,0.0730261036086741,0.9269738963913259
Baseline,SVM_Linear,0.85,Tuning,Tuning,0.2030329175753761,0.7969670824246239
Baseline,SVM_Linear,0.85,Tuning,Tuning,0.24840820097694014,0.75159179902306
Baseline,SVM_Linear,0.85,Defaults,Tuning,0.410821000858146,0.5891789991418539
Baseline,SVM_Linear,0.85,Tuning,Tuning,0.30684400145780466,0.6931559985421953
Baseline,SVM_Linear,0.85,Defaults,Tuning,0.29203889443540393,0.707961105564596
Baseline,SVM_Linear,0.85,Tuning,Tuning,0.241114839163409,0.758885160836591
Baseline,SVM_Linear,0.85,Tuning,Tuning,0.2603060429146184,0.7396939570853815
Baseline,SVM_Linear,0.85,Tuning,Tuning,0.30602475104488297,0.6939752489551171
Baseline,SVM_Linear,0.85,Tuning,Tuning,0.09212214465289525,0.9078778553471046
Baseline,SVM_Linear,0.85,Tuning,Tuning,0.3006845405180255,0.6993154594819745
Baseline,SVM_Linear,0.85,Defaults,Tuning,0.06336059532114699,0.936639404678853
Baseline,SVM_Linear,0.85,Tuning,Tuning,0.2500243085343833,0.7499756914656168
Baseline,SVM_Linear,0.85,Defaults,Tuning,0.44814911822043146,0.5518508817795685
Baseline,SVM_Linear,0.85,Defaults,Tuning,0.40570530607163957,0.5942946939283604
Baseline,SVM_Linear,0.85,Defaults,Tuning,0.4530111362817857,0.5469888637182143
Baseline,SVM_Linear,0.85,Defaults,Tuning,0.4459329781973845,0.5540670218026155
Baseline,SVM_Linear,0.85,Tuning,Tuning,0.2717850247992171,0.7282149752007828
Baseline,SVM_Linear,0.85,Tuning,Tuning,0.2760237096629453,0.7239762903370549
Baseline,SVM_Linear,0.85,Tuning,Tuning,0.26071299466632547,0.7392870053336745
Baseline,SVM_Linear,0.85,Defaults,Tuning,0.30621955968249986,0.6937804403174999
Baseline,SVM_Linear,0.85,Defaults,Tuning,0.3439943342790973,0.6560056657209029
Baseline,SVM_Linear,0.85,Defaults,Tuning,0.3407844486375365,0.6592155513624633
Baseline,SVM_Linear,0.85,Defaults,Tuning,0.45226348441079633,0.5477365155892034
Baseline,SVM_Linear,0.85,Tuning,Tuning,0.3936671451912701,0.6063328548087297
Baseline,SVM_Linear,0.85,Tuning,Tuning,0.4538464196628882,0.5461535803371118
Baseline,SVM_Linear,0.85,Defaults,Tuning,0.42734464161737773,0.5726553583826224
Baseline,SVM_Linear,0.85,Tuning,Tuning,0.186801311093304,0.813198688906696
Baseline,SVM_Linear,0.85,Defaults,Tuning,0.40022679401009614,0.5997732059899039
Baseline,SVM_Linear,0.85,Tuning,Tuning,0.1766857322443877,0.8233142677556125
Baseline,SVM_Linear,0.85,Tuning,Tuning,0.10610989477475397,0.8938901052252459
Baseline,SVM_Linear,0.85,Defaults,Tuning,0.3187950325342615,0.6812049674657384
Baseline,SVM_Linear,0.85,Tuning,Tuning,0.2837272207700312,0.7162727792299688
Baseline,SVM_Linear,0.85,Defaults,Tuning,3.0000008999999776e-14,0.9999999999999699
Baseline,SVM_Linear,0.85,Tuning,Tuning,0.18902064442304065,0.8109793555769594
Baseline,SVM_Linear,0.85,Tuning,Tuning,0.18059281925931056,0.8194071807406895
Baseline,SVM_Linear,0.85,Tuning,Tuning,0.21929801661716847,0.7807019833828318
Baseline,SVM_Linear,0.85,Defaults,Tuning,0.4077444169559744,0.5922555830440257
Baseline,SVM_Linear,0.85,Tuning,Tuning,0.25212296588537003,0.7478770341146298
Baseline,SVM_Linear,0.85,Tuning,Tuning,0.35873822663102983,0.6412617733689703
Baseline,SVM_Linear,0.85,Tuning,Tuning,0.22571120370466016,0.7742887962953401
Baseline,SVM_Linear,0.85,Defaults,Tuning,0.20421381978419037,0.7957861802158096
Baseline,SVM_Linear,0.85,Tuning,Tuning,0.29449319772933735,0.7055068022706625
Baseline,SVM_Linear,0.85,Tuning,Tuning,0.35307773447849483,0.6469222655215052
Baseline,SVM_Linear,0.85,Tuning,Tuning,0.13645017656919148,0.8635498234308087
Baseline,SVM_Linear,0.85,Tuning,Tuning,0.15597250112187794,0.8440274988781218
Baseline,SVM_Linear,0.85,Tuning,Tuning,0.4710980575882974,0.5289019424117025
Baseline,SVM_Linear,0.85,Tuning,Tuning,0.19044879695139125,0.8095512030486087
Baseline,SVM_Linear,0.85,Tuning,Tuning,0.30227942354788956,0.6977205764521104
Baseline,SVM_Linear,0.85,Defaults,Tuning,0.38037111521439837,0.6196288847856017
Baseline,SVM_Linear,0.85,Tuning,Tuning,0.13444861334726946,0.8655513866527305
Baseline,SVM_Linear,0.85,Tuning,Tuning,0.17688315752021075,0.8231168424797893
Baseline,SVM_Linear,0.85,Tuning,Tuning,0.11560819900653564,0.8843918009934644
Baseline,SVM_Linear,0.85,Tuning,Tuning,0.2346103735620855,0.7653896264379146
Baseline,SVM_Linear,0.85,Tuning,Tuning,0.22499675597707916,0.7750032440229209
Baseline,SVM_Linear,0.85,Tuning,Tuning,0.31288112381730215,0.6871188761826978
Baseline,SVM_Linear,0.85,Tuning,Tuning,0.3632835115338487,0.6367164884661515
Baseline,SVM_Linear,0.85,Tuning,Tuning,0.12481520548236807,0.875184794517632
Baseline,SVM_Linear,0.85,Defaults,Tuning,0.32749432234224274,0.6725056776577572
Baseline,SVM_Linear,0.85,Tuning,Tuning,0.16725959227269352,0.8327404077273064
Baseline,SVM_Linear,0.85,Defaults,Tuning,0.4046225650530689,0.5953774349469311
Baseline,SVM_Linear,0.85,Tuning,Tuning,0.31426169442967555,0.6857383055703246
Baseline,SVM_Linear,0.85,Tuning,Tuning,0.3078555486054078,0.6921444513945924
Baseline,SVM_Linear,0.85,Tuning,Tuning,0.3654092033620628,0.6345907966379373
Baseline,SVM_Linear,0.85,Tuning,Tuning,0.24919538426988716,0.7508046157301127
Baseline,SVM_Linear,0.85,Defaults,Tuning,0.33772538891141024,0.6622746110885895
Baseline,SVM_Linear,0.85,Defaults,Tuning,0.2657490200513261,0.7342509799486739
Baseline,SVM_Linear,0.85,Tuning,Tuning,0.11358436931202864,0.8864156306879712
Baseline,SVM_Linear,0.85,Tuning,Tuning,0.23527820897748142,0.7647217910225186
Baseline,SVM_Linear,0.85,Tuning,Tuning,0.1861270830026425,0.8138729169973574
Baseline,SVM_Linear,0.85,Tuning,Tuning,0.1861270830026425,0.8138729169973574
Baseline,SVM_Linear,0.85,Tuning,Tuning,0.2939997801691571,0.7060002198308429
Baseline,SVM_Linear,0.85,Tuning,Tuning,0.16196166002993984,0.83803833997006
Baseline,SVM_Linear,0.85,Tuning,Tuning,0.49244485358493295,0.507555146415067
Baseline,SVM_Linear,0.85,Tuning,Tuning,0.18306195045658993,0.8169380495434102
Baseline,SVM_Linear,0.85,Defaults,Tuning,0.30493268314071104,0.6950673168592889
Baseline,SVM_Linear,0.85,Tuning,Tuning,0.34765672996779695,0.6523432700322032
Baseline,SVM_Linear,0.85,Tuning,Tuning,0.3522867071502694,0.6477132928497306
Baseline,SVM_Linear,0.85,Tuning,Tuning,0.40272619340434784,0.5972738065956521
Baseline,SVM_Linear,0.85,Tuning,Tuning,0.21922972215696807,0.7807702778430321
Baseline,SVM_Linear,0.85,Defaults,Tuning,0.34476345482874504,0.6552365451712551
Baseline,SVM_Linear,0.85,Tuning,Tuning,0.22222566754192724,0.7777743324580728
Baseline,SVM_Linear,0.85,Tuning,Tuning,0.09067078371882985,0.9093292162811702
Baseline,SVM_Linear,0.85,Tuning,Tuning,0.3013988483670083,0.6986011516329917
Baseline,SVM_Linear,0.85,Defaults,Tuning,0.31294916856207655,0.6870508314379234
Baseline,SVM_Linear,0.85,Tuning,Tuning,0.1562467752842804,0.8437532247157196
Baseline,SVM_Linear,0.85,Tuning,Tuning,0.3303466257015364,0.6696533742984636
Baseline,SVM_Linear,0.85,Tuning,Tuning,0.1782343020337604,0.8217656979662395
Baseline,SVM_Linear,0.85,Defaults,Defaults,0.5,0.5
Baseline,SVM_Linear,0.85,Defaults,Tuning,0.40521625989108623,0.5947837401089136
Baseline,SVM_Linear,0.85,Tuning,Tuning,0.26451921217422697,0.735480787825773
Baseline,SVM_Linear,0.85,Tuning,Tuning,0.2012669012246886,0.7987330987753114
Baseline,SVM_Linear,0.85,Tuning,Tuning,0.4504960054586653,0.5495039945413346
Baseline,SVM_Linear,0.85,Defaults,Tuning,0.35462086977121876,0.6453791302287814
Baseline,SVM_Linear,0.85,Defaults,Tuning,0.3535881394479402,0.6464118605520596
Baseline,SVM_Linear,0.85,Defaults,Tuning,0.4285547678469837,0.5714452321530163
Baseline,SVM_Linear,0.85,Tuning,Tuning,0.26832464365807385,0.7316753563419263
Baseline,SVM_Linear,0.85,Defaults,Tuning,0.34760095196333896,0.652399048036661
Baseline,SVM_Linear,0.85,Tuning,Defaults,0.5522402293873624,0.44775977061263755
Baseline,SVM_Linear,0.85,Tuning,Tuning,0.2469215322777614,0.7530784677222385
Baseline,SVM_Linear,0.85,Defaults,Tuning,0.23957203562396684,0.7604279643760332
Baseline,SVM_Linear,0.85,Defaults,Tuning,0.4822926991640525,0.5177073008359476
Baseline,SVM_Linear,0.85,Tuning,Tuning,0.43042483158815675,0.5695751684118432
Baseline,SVM_Linear,0.85,Tuning,Tuning,0.21512486133026473,0.784875138669735
Baseline,SVM_Linear,0.85,Defaults,Tuning,0.30197326344660513,0.6980267365533951
Baseline,SVM_Linear,0.85,Tuning,Tuning,0.06629265010463421,0.9337073498953657
Baseline,SVM_Linear,0.85,Tuning,Tuning,0.2075576635870822,0.792442336412918
Baseline,SVM_Linear,0.85,Tuning,Tuning,0.04475905349656688,0.955240946503433
Baseline,SVM_Linear,0.85,Tuning,Tuning,0.33989432864455527,0.6601056713554451
Baseline,SVM_Linear,0.9,Tuning,Tuning,0.1717268820198547,0.8282731179801452
Baseline,SVM_Linear,0.9,Tuning,Tuning,0.24124157562891996,0.7587584243710801
Baseline,SVM_Linear,0.9,Defaults,Tuning,0.38459227806081975,0.6154077219391804
Baseline,SVM_Linear,0.9,Tuning,Tuning,0.23962914632207044,0.7603708536779298
Baseline,SVM_Linear,0.9,Tuning,Tuning,0.2265608595323036,0.7734391404676964
Baseline,SVM_Linear,0.9,Tuning,Tuning,0.4120485560472246,0.5879514439527754
Baseline,SVM_Linear,0.9,Tuning,Tuning,0.03788403750936041,0.9621159624906395
Baseline,SVM_Linear,0.9,Defaults,Tuning,0.19613276322502823,0.8038672367749721
Baseline,SVM_Linear,0.9,Defaults,Tuning,0.1719376739588314,0.8280623260411686
Baseline,SVM_Linear,0.9,Tuning,Tuning,0.25846988002592797,0.7415301199740721
Baseline,SVM_Linear,0.9,Tuning,Tuning,0.23886712481584055,0.7611328751841594
Baseline,SVM_Linear,0.9,Defaults,Tuning,0.31437763365585153,0.6856223663441486
Baseline,SVM_Linear,0.9,Tuning,Tuning,0.18195454302626765,0.8180454569737322
Baseline,SVM_Linear,0.9,Tuning,Tuning,0.1883590244898811,0.8116409755101192
Baseline,SVM_Linear,0.9,Tuning,Tuning,0.014388825389225127,0.9856111746107751
Baseline,SVM_Linear,0.9,Tuning,Tuning,0.2349282193165159,0.765071780683484
Baseline,SVM_Linear,0.9,Defaults,Tuning,0.45730750519758695,0.5426924948024131
Baseline,SVM_Linear,0.9,Tuning,Tuning,0.27873225298259696,0.7212677470174029
Baseline,SVM_Linear,0.9,Defaults,Tuning,0.3170602237845967,0.6829397762154035
Baseline,SVM_Linear,0.9,Tuning,Tuning,0.40839485433611356,0.5916051456638866
Baseline,SVM_Linear,0.9,Tuning,Tuning,0.24426305094754208,0.755736949052458
Baseline,SVM_Linear,0.9,Defaults,Tuning,0.304614599152045,0.6953854008479549
Baseline,SVM_Linear,0.9,Tuning,Tuning,0.12487118787689165,0.8751288121231083
Baseline,SVM_Linear,0.9,Tuning,Tuning,0.32420600884025474,0.6757939911597453
Baseline,SVM_Linear,0.9,Tuning,Tuning,0.2896606154610854,0.7103393845389143
Baseline,SVM_Linear,0.9,Tuning,Tuning,0.22980017473839173,0.7701998252616082
Baseline,SVM_Linear,0.9,Tuning,Tuning,0.28969207626098264,0.7103079237390173
Baseline,SVM_Linear,0.9,Tuning,Tuning,0.2773343095845321,0.722665690415468
Baseline,SVM_Linear,0.9,Tuning,Tuning,0.2827041751226556,0.7172958248773444
Baseline,SVM_Linear,0.9,Tuning,Tuning,0.22981803758094316,0.7701819624190568
Baseline,SVM_Linear,0.9,Tuning,Tuning,0.16559432169227764,0.8344056783077223
Baseline,SVM_Linear,0.9,Tuning,Tuning,0.25342092646514935,0.7465790735348505
Baseline,SVM_Linear,0.9,Defaults,Tuning,0.3856985428036603,0.6143014571963398
Baseline,SVM_Linear,0.9,Defaults,Tuning,0.2756400226019123,0.7243599773980877
Baseline,SVM_Linear,0.9,Tuning,Tuning,0.09419169454892384,0.9058083054510762
Baseline,SVM_Linear,0.9,Tuning,Defaults,0.5,0.5
Baseline,SVM_Linear,0.9,Tuning,Tuning,0.1767360000554852,0.8232639999445147
Baseline,SVM_Linear,0.9,Defaults,Tuning,0.3172952555961336,0.6827047444038663
Baseline,SVM_Linear,0.9,Tuning,Tuning,0.1911764140118643,0.8088235859881355
Baseline,SVM_Linear,0.9,Defaults,Tuning,0.41634169326107673,0.5836583067389232
Baseline,SVM_Linear,0.9,Tuning,Tuning,0.35459019369059674,0.645409806309403
Baseline,SVM_Linear,0.9,Tuning,Tuning,0.03598390941460074,0.9640160905853992
Baseline,SVM_Linear,0.9,Tuning,Defaults,0.7423131323149771,0.2576868676850231
Baseline,SVM_Linear,0.9,Tuning,Tuning,0.2566737890230497,0.7433262109769504
Baseline,SVM_Linear,0.9,Tuning,Tuning,0.2003099020096177,0.7996900979903822
Baseline,SVM_Linear,0.9,Tuning,Tuning,0.33767214684415814,0.6623278531558419
Baseline,SVM_Linear,0.9,Tuning,Tuning,0.27955500436688485,0.7204449956331151
Baseline,SVM_Linear,0.9,Tuning,Tuning,0.2191826546201671,0.7808173453798329
Baseline,SVM_Linear,0.9,Tuning,Tuning,0.27014359444948083,0.729856405550519
Baseline,SVM_Linear,0.9,Tuning,Tuning,0.13754588295648132,0.8624541170435188
Baseline,SVM_Linear,0.9,Defaults,Tuning,0.28797831772584914,0.7120216822741509
Baseline,SVM_Linear,0.9,Tuning,Tuning,0.12232302452464833,0.8776769754753516
Baseline,SVM_Linear,0.9,Tuning,Tuning,0.20010947742333465,0.7998905225766654
Baseline,SVM_Linear,0.9,Defaults,Tuning,0.324384253034001,0.675615746965999
Baseline,SVM_Linear,0.9,Tuning,Tuning,0.33404759932047606,0.6659524006795238
Baseline,SVM_Linear,0.9,Tuning,Tuning,0.42743193112853783,0.572568068871462
Baseline,SVM_Linear,0.9,Tuning,Tuning,0.3918562860297685,0.6081437139702316
Baseline,SVM_Linear,0.9,Tuning,Tuning,0.44598092038790677,0.5540190796120932
Baseline,SVM_Linear,0.9,Tuning,Tuning,0.3583965835195658,0.6416034164804342
Baseline,SVM_Linear,0.9,Tuning,Tuning,0.2752820217759342,0.7247179782240658
Baseline,SVM_Linear,0.9,Tuning,Tuning,0.06658129116598349,0.9334187088340166
Baseline,SVM_Linear,0.9,Tuning,Tuning,0.18218785498610124,0.8178121450138987
Baseline,SVM_Linear,0.9,Tuning,Tuning,0.2282555535968937,0.7717444464031062
Baseline,SVM_Linear,0.9,Defaults,Tuning,0.3764086768903754,0.6235913231096246
Baseline,SVM_Linear,0.9,Tuning,Tuning,0.29082667475875523,0.7091733252412449
Baseline,SVM_Linear,0.9,Defaults,Tuning,0.29270134901554085,0.707298650984459
Baseline,SVM_Linear,0.9,Tuning,Tuning,0.2263074557532464,0.7736925442467537
Baseline,SVM_Linear,0.9,Tuning,Tuning,0.22823146253444765,0.7717685374655521
Baseline,SVM_Linear,0.9,Tuning,Tuning,0.29281710123856836,0.7071828987614317
Baseline,SVM_Linear,0.9,Tuning,Tuning,0.0949609549521063,0.9050390450478937
Baseline,SVM_Linear,0.9,Tuning,Tuning,0.3140549586600839,0.685945041339916
Baseline,SVM_Linear,0.9,Defaults,Tuning,0.1362839725241848,0.8637160274758151
Baseline,SVM_Linear,0.9,Tuning,Tuning,0.3207722410932231,0.679227758906777
Baseline,SVM_Linear,0.9,Defaults,Tuning,0.4171803617069775,0.5828196382930226
Baseline,SVM_Linear,0.9,Defaults,Tuning,0.3780296660853161,0.6219703339146839
Baseline,SVM_Linear,0.9,Defaults,Tuning,0.4613842029696538,0.5386157970303461
Baseline,SVM_Linear,0.9,Defaults,Tuning,0.42021342695639774,0.5797865730436021
Baseline,SVM_Linear,0.9,Tuning,Tuning,0.2721825737355779,0.727817426264422
Baseline,SVM_Linear,0.9,Tuning,Tuning,0.27724838091076276,0.7227516190892372
Baseline,SVM_Linear,0.9,Tuning,Tuning,0.287035782841836,0.7129642171581637
Baseline,SVM_Linear,0.9,Defaults,Tuning,0.312482372817933,0.6875176271820672
Baseline,SVM_Linear,0.9,Defaults,Tuning,0.4049171275344397,0.5950828724655604
Baseline,SVM_Linear,0.9,Defaults,Tuning,0.3114124830224215,0.6885875169775783
Baseline,SVM_Linear,0.9,Defaults,Tuning,0.4601132272516465,0.5398867727483534
Baseline,SVM_Linear,0.9,Tuning,Tuning,0.4028357029872485,0.5971642970127515
Baseline,SVM_Linear,0.9,Tuning,Tuning,0.4198164994024951,0.5801835005975049
Baseline,SVM_Linear,0.9,Defaults,Tuning,0.4361485759054745,0.5638514240945254
Baseline,SVM_Linear,0.9,Tuning,Tuning,0.1860332314748456,0.8139667685251544
Baseline,SVM_Linear,0.9,Defaults,Tuning,0.39936706805601535,0.6006329319439846
Baseline,SVM_Linear,0.9,Tuning,Tuning,0.1697742004016957,0.8302257995983046
Baseline,SVM_Linear,0.9,Tuning,Tuning,0.08922124781971702,0.9107787521802829
Baseline,SVM_Linear,0.9,Defaults,Tuning,0.3234524052204769,0.6765475947795231
Baseline,SVM_Linear,0.9,Tuning,Tuning,0.2802175379307108,0.719782462069289
Baseline,SVM_Linear,0.9,Defaults,Tuning,3.0000008999999776e-14,0.9999999999999699
Baseline,SVM_Linear,0.9,Tuning,Tuning,0.16239024567635219,0.837609754323648
Baseline,SVM_Linear,0.9,Tuning,Tuning,0.18331926911271146,0.8166807308872888
Baseline,SVM_Linear,0.9,Tuning,Tuning,0.23778587213727093,0.7622141278627288
Baseline,SVM_Linear,0.9,Defaults,Tuning,0.4281553880217113,0.5718446119782886
Baseline,SVM_Linear,0.9,Tuning,Tuning,0.24551781440004294,0.7544821855999568
Baseline,SVM_Linear,0.9,Tuning,Tuning,0.38120289681510217,0.6187971031848978
Baseline,SVM_Linear,0.9,Tuning,Tuning,0.2447848917353696,0.7552151082646303
Baseline,SVM_Linear,0.9,Defaults,Tuning,0.1715575257036711,0.828442474296329
Baseline,SVM_Linear,0.9,Tuning,Tuning,0.2769557972328641,0.7230442027671359
Baseline,SVM_Linear,0.9,Tuning,Tuning,0.37132342999610835,0.6286765700038917
Baseline,SVM_Linear,0.9,Tuning,Tuning,0.136229909125761,0.8637700908742391
Baseline,SVM_Linear,0.9,Tuning,Tuning,0.1270772545605949,0.8729227454394052
Baseline,SVM_Linear,0.9,Tuning,Tuning,0.4413984301584173,0.5586015698415827
Baseline,SVM_Linear,0.9,Tuning,Tuning,0.19168732650586917,0.8083126734941309
Baseline,SVM_Linear,0.9,Tuning,Tuning,0.2549305235422814,0.7450694764577185
Baseline,SVM_Linear,0.9,Defaults,Tuning,0.39119791041822266,0.6088020895817773
Baseline,SVM_Linear,0.9,Tuning,Tuning,0.0965755758917241,0.9034244241082761
Baseline,SVM_Linear,0.9,Tuning,Tuning,0.1674958029679239,0.8325041970320761
Baseline,SVM_Linear,0.9,Tuning,Tuning,0.12199411153447132,0.8780058884655286
Baseline,SVM_Linear,0.9,Tuning,Tuning,0.2760487807673328,0.7239512192326673
Baseline,SVM_Linear,0.9,Tuning,Tuning,0.2133900632632199,0.78660993673678
Baseline,SVM_Linear,0.9,Tuning,Tuning,0.3046981331229712,0.6953018668770288
Baseline,SVM_Linear,0.9,Tuning,Tuning,0.3417353288747865,0.6582646711252136
Baseline,SVM_Linear,0.9,Tuning,Tuning,0.09204446415637746,0.9079555358436223
Baseline,SVM_Linear,0.9,Defaults,Tuning,0.34447808822206427,0.6555219117779355
Baseline,SVM_Linear,0.9,Tuning,Tuning,0.1732978424639782,0.8267021575360216
Baseline,SVM_Linear,0.9,Defaults,Tuning,0.44293018228630404,0.5570698177136961
Baseline,SVM_Linear,0.9,Tuning,Tuning,0.29789978235863007,0.7021002176413701
Baseline,SVM_Linear,0.9,Tuning,Tuning,0.3201950906950645,0.6798049093049353
Baseline,SVM_Linear,0.9,Tuning,Tuning,0.31062785527960524,0.6893721447203949
Baseline,SVM_Linear,0.9,Tuning,Tuning,0.24716545764301043,0.7528345423569895
Baseline,SVM_Linear,0.9,Defaults,Tuning,0.3318632366376162,0.6681367633623839
Baseline,SVM_Linear,0.9,Defaults,Tuning,0.28022287765492704,0.7197771223450732
Baseline,SVM_Linear,0.9,Tuning,Tuning,0.11942975184913869,0.8805702481508612
Baseline,SVM_Linear,0.9,Tuning,Tuning,0.17315452426294287,0.8268454757370571
Baseline,SVM_Linear,0.9,Tuning,Tuning,0.2043509277038818,0.7956490722961179
Baseline,SVM_Linear,0.9,Tuning,Tuning,0.2043509277038818,0.7956490722961179
Baseline,SVM_Linear,0.9,Tuning,Tuning,0.17375850549448127,0.8262414945055185
Baseline,SVM_Linear,0.9,Tuning,Tuning,0.145797252882063,0.8542027471179372
Baseline,SVM_Linear,0.9,Tuning,Defaults,0.5243010156711181,0.4756989843288819
Baseline,SVM_Linear,0.9,Tuning,Tuning,0.1470169582266717,0.8529830417733283
Baseline,SVM_Linear,0.9,Defaults,Tuning,0.25018997682059024,0.7498100231794096
Baseline,SVM_Linear,0.9,Tuning,Tuning,0.3755624495351423,0.6244375504648579
Baseline,SVM_Linear,0.9,Tuning,Tuning,0.2653589721131799,0.7346410278868204
Baseline,SVM_Linear,0.9,Tuning,Tuning,0.34567042643459234,0.6543295735654077
Baseline,SVM_Linear,0.9,Tuning,Tuning,0.23190161821493244,0.7680983817850675
Baseline,SVM_Linear,0.9,Defaults,Tuning,0.3312313887575802,0.6687686112424198
Baseline,SVM_Linear,0.9,Tuning,Tuning,0.20914450578356497,0.7908554942164351
Baseline,SVM_Linear,0.9,Tuning,Tuning,0.053630737887430134,0.9463692621125698
Baseline,SVM_Linear,0.9,Tuning,Tuning,0.31176355695200036,0.6882364430479995
Baseline,SVM_Linear,0.9,Defaults,Tuning,0.29933594259866675,0.7006640574013334
Baseline,SVM_Linear,0.9,Tuning,Tuning,0.18783162932175548,0.8121683706782448
Baseline,SVM_Linear,0.9,Tuning,Tuning,0.32309753230574106,0.6769024676942589
Baseline,SVM_Linear,0.9,Tuning,Tuning,0.15518188287692,0.84481811712308
Baseline,SVM_Linear,0.9,Defaults,Defaults,0.521972679702434,0.47802732029756606
Baseline,SVM_Linear,0.9,Defaults,Tuning,0.3913481541946137,0.6086518458053864
Baseline,SVM_Linear,0.9,Tuning,Tuning,0.2295125396928503,0.7704874603071498
Baseline,SVM_Linear,0.9,Tuning,Tuning,0.18119012416187144,0.8188098758381285
Baseline,SVM_Linear,0.9,Tuning,Defaults,0.5804042589589085,0.41959574104109154
Baseline,SVM_Linear,0.9,Defaults,Tuning,0.3465422825597184,0.6534577174402816
Baseline,SVM_Linear,0.9,Defaults,Tuning,0.34036745136264823,0.6596325486373519
Baseline,SVM_Linear,0.9,Defaults,Tuning,0.44646111661598337,0.5535388833840167
Baseline,SVM_Linear,0.9,Tuning,Tuning,0.2801945743962399,0.7198054256037599
Baseline,SVM_Linear,0.9,Defaults,Tuning,0.37351641035527594,0.626483589644724
Baseline,SVM_Linear,0.9,Tuning,Defaults,0.5246015034839979,0.47539849651600213
Baseline,SVM_Linear,0.9,Tuning,Tuning,0.25392134139714545,0.7460786586028546
Baseline,SVM_Linear,0.9,Defaults,Tuning,0.26890208185110714,0.7310979181488927
Baseline,SVM_Linear,0.9,Defaults,Tuning,0.49478108990196074,0.5052189100980391
Baseline,SVM_Linear,0.9,Tuning,Tuning,0.42088727073856136,0.5791127292614385
Baseline,SVM_Linear,0.9,Tuning,Tuning,0.24092338619470713,0.7590766138052929
Baseline,SVM_Linear,0.9,Defaults,Tuning,0.3672132219216597,0.6327867780783402
Baseline,SVM_Linear,0.9,Tuning,Tuning,0.08269349940849481,0.9173065005915052
Baseline,SVM_Linear,0.9,Tuning,Tuning,0.18796690115322048,0.8120330988467795
Baseline,SVM_Linear,0.9,Tuning,Tuning,0.026157142920193433,0.9738428570798066
Baseline,SVM_Linear,0.9,Tuning,Tuning,0.2634228903484638,0.7365771096515362
Baseline,SVM_Linear,0.95,Tuning,Tuning,0.15412870720442148,0.8458712927955786
Baseline,SVM_Linear,0.95,Tuning,Tuning,0.25329877502144427,0.7467012249785557
Baseline,SVM_Linear,0.95,Defaults,Tuning,0.40594520949010654,0.5940547905098933
Baseline,SVM_Linear,0.95,Tuning,Tuning,0.23381678750926252,0.7661832124907373
Baseline,SVM_Linear,0.95,Tuning,Tuning,0.2243611321734586,0.7756388678265412
Baseline,SVM_Linear,0.95,Tuning,Tuning,0.4319065026093747,0.5680934973906254
Baseline,SVM_Linear,0.95,Tuning,Tuning,0.09367209004188146,0.9063279099581185
Baseline,SVM_Linear,0.95,Defaults,Tuning,0.19499098463636577,0.8050090153636343
Baseline,SVM_Linear,0.95,Defaults,Tuning,0.17535542763389714,0.8246445723661029
Baseline,SVM_Linear,0.95,Tuning,Tuning,0.21941291092472043,0.7805870890752796
Baseline,SVM_Linear,0.95,Tuning,Tuning,0.24780172794117963,0.7521982720588204
Baseline,SVM_Linear,0.95,Defaults,Tuning,0.3186259282290475,0.6813740717709523
Baseline,SVM_Linear,0.95,Tuning,Tuning,0.19770401257971565,0.8022959874202841
Baseline,SVM_Linear,0.95,Tuning,Tuning,0.2073092464651701,0.7926907535348299
Baseline,SVM_Linear,0.95,Tuning,Tuning,0.017720309030887196,0.982279690969113
Baseline,SVM_Linear,0.95,Tuning,Tuning,0.23689635609648835,0.7631036439035115
Baseline,SVM_Linear,0.95,Defaults,Tuning,0.4569495861494803,0.5430504138505197
Baseline,SVM_Linear,0.95,Tuning,Tuning,0.2360898826249972,0.7639101173750028
Baseline,SVM_Linear,0.95,Defaults,Tuning,0.32558219370020985,0.6744178062997903
Baseline,SVM_Linear,0.95,Tuning,Tuning,0.4001728851324863,0.5998271148675136
Baseline,SVM_Linear,0.95,Tuning,Tuning,0.31637140922456125,0.6836285907754387
Baseline,SVM_Linear,0.95,Defaults,Tuning,0.2940178666893647,0.7059821333106354
Baseline,SVM_Linear,0.95,Tuning,Tuning,0.14495267508775866,0.8550473249122416
Baseline,SVM_Linear,0.95,Tuning,Tuning,0.3261144169058479,0.6738855830941519
Baseline,SVM_Linear,0.95,Tuning,Tuning,0.30186788385893293,0.698132116141067
Baseline,SVM_Linear,0.95,Tuning,Tuning,0.23265202902972013,0.7673479709702797
Baseline,SVM_Linear,0.95,Tuning,Tuning,0.2998687113508143,0.7001312886491855
Baseline,SVM_Linear,0.95,Tuning,Tuning,0.2696924818359884,0.7303075181640117
Baseline,SVM_Linear,0.95,Tuning,Tuning,0.276804124744957,0.7231958752550429
Baseline,SVM_Linear,0.95,Tuning,Tuning,0.227410994923611,0.7725890050763891
Baseline,SVM_Linear,0.95,Tuning,Tuning,0.16154134308949514,0.8384586569105047
Baseline,SVM_Linear,0.95,Tuning,Tuning,0.2503497609136021,0.7496502390863977
Baseline,SVM_Linear,0.95,Defaults,Tuning,0.38454988522753525,0.6154501147724648
Baseline,SVM_Linear,0.95,Defaults,Tuning,0.27561962105364557,0.7243803789463543
Baseline,SVM_Linear,0.95,Tuning,Tuning,0.08974565286680104,0.910254347133199
Baseline,SVM_Linear,0.95,Tuning,Tuning,0.3547498172021062,0.6452501827978937
Baseline,SVM_Linear,0.95,Tuning,Tuning,0.2403798878188673,0.7596201121811326
Baseline,SVM_Linear,0.95,Defaults,Tuning,0.348738223787961,0.6512617762120388
Baseline,SVM_Linear,0.95,Tuning,Tuning,0.22676803448833688,0.7732319655116633
Baseline,SVM_Linear,0.95,Defaults,Tuning,0.39498656945728566,0.6050134305427142
Baseline,SVM_Linear,0.95,Tuning,Tuning,0.3076760286420337,0.6923239713579662
Baseline,SVM_Linear,0.95,Tuning,Tuning,0.14250890264087332,0.8574910973591268
Baseline,SVM_Linear,0.95,Tuning,Defaults,0.7468135459102954,0.25318645408970475
Baseline,SVM_Linear,0.95,Tuning,Tuning,0.24314400344932047,0.7568559965506794
Baseline,SVM_Linear,0.95,Tuning,Tuning,0.23456848140005704,0.765431518599943
Baseline,SVM_Linear,0.95,Tuning,Tuning,0.3490335605600022,0.6509664394399979
Baseline,SVM_Linear,0.95,Tuning,Tuning,0.3460155104331336,0.6539844895668665
Baseline,SVM_Linear,0.95,Tuning,Tuning,0.19944047839777376,0.8005595216022263
Baseline,SVM_Linear,0.95,Tuning,Tuning,0.2936505804093044,0.7063494195906957
Baseline,SVM_Linear,0.95,Tuning,Tuning,0.14261667576461734,0.8573833242353827
Baseline,SVM_Linear,0.95,Defaults,Tuning,0.2874482473508512,0.7125517526491488
Baseline,SVM_Linear,0.95,Tuning,Tuning,0.04903410159138826,0.9509658984086118
Baseline,SVM_Linear,0.95,Tuning,Tuning,0.0958779754097078,0.9041220245902921
Baseline,SVM_Linear,0.95,Defaults,Tuning,0.2935798297283809,0.7064201702716191
Baseline,SVM_Linear,0.95,Tuning,Tuning,0.34287006690124433,0.6571299330987556
Baseline,SVM_Linear,0.95,Tuning,Tuning,0.4520456808586097,0.5479543191413904
Baseline,SVM_Linear,0.95,Tuning,Tuning,0.3891403157990477,0.6108596842009522
Baseline,SVM_Linear,0.95,Tuning,Defaults,0.5,0.5
Baseline,SVM_Linear,0.95,Tuning,Tuning,0.3773962065227627,0.6226037934772374
Baseline,SVM_Linear,0.95,Tuning,Tuning,0.24736637529588967,0.7526336247041103
Baseline,SVM_Linear,0.95,Tuning,Tuning,0.06743788273392771,0.9325621172660725
Baseline,SVM_Linear,0.95,Tuning,Tuning,0.18826963205535768,0.8117303679446425
Baseline,SVM_Linear,0.95,Tuning,Tuning,0.2281327106287567,0.7718672893712434
Baseline,SVM_Linear,0.95,Defaults,Tuning,0.3897033185952748,0.6102966814047254
Baseline,SVM_Linear,0.95,Tuning,Tuning,0.29241302946948317,0.7075869705305168
Baseline,SVM_Linear,0.95,Defaults,Tuning,0.30566060820380764,0.6943393917961924
Baseline,SVM_Linear,0.95,Tuning,Tuning,0.2270652385782218,0.7729347614217783
Baseline,SVM_Linear,0.95,Tuning,Tuning,0.2556441919018443,0.7443558080981557
Baseline,SVM_Linear,0.95,Tuning,Tuning,0.3076361872393066,0.6923638127606931
Baseline,SVM_Linear,0.95,Tuning,Tuning,0.12041748927254829,0.8795825107274516
Baseline,SVM_Linear,0.95,Tuning,Tuning,0.2610862333124455,0.7389137666875545
Baseline,SVM_Linear,0.95,Defaults,Tuning,0.15251678732059296,0.8474832126794071
Baseline,SVM_Linear,0.95,Tuning,Tuning,0.32411966514787643,0.6758803348521236
Baseline,SVM_Linear,0.95,Defaults,Tuning,0.45692723758466813,0.5430727624153318
Baseline,SVM_Linear,0.95,Defaults,Tuning,0.4018870904707731,0.5981129095292269
Baseline,SVM_Linear,0.95,Defaults,Defaults,0.5,0.5
Baseline,SVM_Linear,0.95,Defaults,Tuning,0.455891746394755,0.5441082536052451
Baseline,SVM_Linear,0.95,Tuning,Tuning,0.2661992378729213,0.7338007621270787
Baseline,SVM_Linear,0.95,Tuning,Tuning,0.2746120106855065,0.7253879893144932
Baseline,SVM_Linear,0.95,Tuning,Tuning,0.2906240471112459,0.7093759528887543
Baseline,SVM_Linear,0.95,Defaults,Tuning,0.32389997391659103,0.6761000260834089
Baseline,SVM_Linear,0.95,Defaults,Tuning,0.4013539355947981,0.598646064405202
Baseline,SVM_Linear,0.95,Defaults,Tuning,0.3170896218950239,0.6829103781049761
Baseline,SVM_Linear,0.95,Defaults,Tuning,0.49204214058681234,0.5079578594131876
Baseline,SVM_Linear,0.95,Tuning,Tuning,0.4254209368417447,0.5745790631582551
Baseline,SVM_Linear,0.95,Tuning,Tuning,0.4016180465217871,0.5983819534782129
Baseline,SVM_Linear,0.95,Defaults,Tuning,0.46928660758067386,0.5307133924193259
Baseline,SVM_Linear,0.95,Tuning,Tuning,0.18596205385077597,0.814037946149224
Baseline,SVM_Linear,0.95,Defaults,Tuning,0.42502215816040456,0.5749778418395955
Baseline,SVM_Linear,0.95,Tuning,Tuning,0.18333598286774555,0.8166640171322547
Baseline,SVM_Linear,0.95,Tuning,Tuning,0.09241078569274265,0.9075892143072575
Baseline,SVM_Linear,0.95,Defaults,Tuning,0.34071541502763797,0.659284584972362
Baseline,SVM_Linear,0.95,Tuning,Tuning,0.25135354594408216,0.7486464540559179
Baseline,SVM_Linear,0.95,Defaults,Tuning,3.0000008999999776e-14,0.9999999999999699
Baseline,SVM_Linear,0.95,Tuning,Tuning,0.16037219181674547,0.8396278081832544
Baseline,SVM_Linear,0.95,Tuning,Tuning,0.17970524857323597,0.8202947514267641
Baseline,SVM_Linear,0.95,Tuning,Tuning,0.2287373918801637,0.7712626081198365
Baseline,SVM_Linear,0.95,Defaults,Tuning,0.4309585439840566,0.5690414560159434
Baseline,SVM_Linear,0.95,Tuning,Tuning,0.254846498417858,0.7451535015821421
Baseline,SVM_Linear,0.95,Tuning,Tuning,0.36535983679302547,0.6346401632069746
Baseline,SVM_Linear,0.95,Tuning,Tuning,0.2468574500763595,0.7531425499236406
Baseline,SVM_Linear,0.95,Defaults,Tuning,0.17408717225765435,0.8259128277423458
Baseline,SVM_Linear,0.95,Tuning,Tuning,0.28345408163543806,0.7165459183645617
Baseline,SVM_Linear,0.95,Tuning,Tuning,0.34999407449581066,0.6500059255041892
Baseline,SVM_Linear,0.95,Tuning,Tuning,0.12222255180274848,0.8777774481972513
Baseline,SVM_Linear,0.95,Tuning,Tuning,0.12120807881477542,0.8787919211852246
Baseline,SVM_Linear,0.95,Tuning,Tuning,0.4242427545403121,0.5757572454596881
Baseline,SVM_Linear,0.95,Tuning,Tuning,0.19312936026515462,0.8068706397348455
Baseline,SVM_Linear,0.95,Tuning,Tuning,0.24319640761551253,0.7568035923844877
Baseline,SVM_Linear,0.95,Defaults,Tuning,0.3815777850454178,0.6184222149545823
Baseline,SVM_Linear,0.95,Tuning,Tuning,0.12150687540826478,0.8784931245917355
Baseline,SVM_Linear,0.95,Tuning,Tuning,0.1745774730340912,0.8254225269659089
Baseline,SVM_Linear,0.95,Tuning,Tuning,0.2889245211190802,0.7110754788809197
Baseline,SVM_Linear,0.95,Tuning,Tuning,0.2491346214340421,0.7508653785659579
Baseline,SVM_Linear,0.95,Tuning,Tuning,0.19010874911156736,0.8098912508884326
Baseline,SVM_Linear,0.95,Tuning,Tuning,0.3045819767150507,0.6954180232849494
Baseline,SVM_Linear,0.95,Tuning,Tuning,0.3240858441633799,0.67591415583662
Baseline,SVM_Linear,0.95,Tuning,Tuning,0.13243905893017976,0.8675609410698203
Baseline,SVM_Linear,0.95,Defaults,Tuning,0.35128088215169817,0.6487191178483019
Baseline,SVM_Linear,0.95,Tuning,Tuning,0.18050497634066603,0.819495023659334
Baseline,SVM_Linear,0.95,Defaults,Tuning,0.4535098488090483,0.5464901511909518
Baseline,SVM_Linear,0.95,Tuning,Tuning,0.2909246971189744,0.7090753028810257
Baseline,SVM_Linear,0.95,Tuning,Tuning,0.30422832645109216,0.6957716735489078
Baseline,SVM_Linear,0.95,Tuning,Tuning,0.3565706415231084,0.6434293584768916
Baseline,SVM_Linear,0.95,Tuning,Tuning,0.24952223783924948,0.7504777621607507
Baseline,SVM_Linear,0.95,Defaults,Tuning,0.32464054922569685,0.6753594507743033
Baseline,SVM_Linear,0.95,Defaults,Tuning,0.287097113174525,0.7129028868254751
Baseline,SVM_Linear,0.95,Tuning,Tuning,0.14423563719315474,0.8557643628068454
Baseline,SVM_Linear,0.95,Tuning,Tuning,0.1737642066850779,0.8262357933149221
Baseline,SVM_Linear,0.95,Tuning,Tuning,0.21688323445483704,0.7831167655451631
Baseline,SVM_Linear,0.95,Tuning,Tuning,0.21688323445483704,0.7831167655451631
Baseline,SVM_Linear,0.95,Tuning,Tuning,0.1654148640492302,0.8345851359507697
Baseline,SVM_Linear,0.95,Tuning,Tuning,0.16422812231241196,0.8357718776875881
Baseline,SVM_Linear,0.95,Tuning,Tuning,0.4795054274195159,0.5204945725804843
Baseline,SVM_Linear,0.95,Tuning,Tuning,0.2036280958437023,0.7963719041562978
Baseline,SVM_Linear,0.95,Defaults,Tuning,0.2555283720554528,0.7444716279445474
Baseline,SVM_Linear,0.95,Tuning,Tuning,0.3550881826246665,0.6449118173753333
Baseline,SVM_Linear,0.95,Tuning,Tuning,0.28402625282489896,0.7159737471751009
Baseline,SVM_Linear,0.95,Tuning,Tuning,0.3180465734500584,0.6819534265499414
Baseline,SVM_Linear,0.95,Tuning,Tuning,0.24992457236004278,0.7500754276399575
Baseline,SVM_Linear,0.95,Defaults,Tuning,0.30440574148451255,0.6955942585154875
Baseline,SVM_Linear,0.95,Tuning,Tuning,0.23043055671889293,0.7695694432811071
Baseline,SVM_Linear,0.95,Tuning,Tuning,0.12774441385273536,0.8722555861472647
Baseline,SVM_Linear,0.95,Tuning,Tuning,0.314552968001872,0.685447031998128
Baseline,SVM_Linear,0.95,Defaults,Tuning,0.30293674487636574,0.6970632551236343
Baseline,SVM_Linear,0.95,Tuning,Tuning,0.1288342117075178,0.8711657882924823
Baseline,SVM_Linear,0.95,Tuning,Tuning,0.32924223750334164,0.6707577624966582
Baseline,SVM_Linear,0.95,Tuning,Tuning,0.1779489893657874,0.8220510106342124
Baseline,SVM_Linear,0.95,Defaults,Defaults,0.5290426674686883,0.4709573325313116
Baseline,SVM_Linear,0.95,Defaults,Tuning,0.3590879204469744,0.6409120795530256
Baseline,SVM_Linear,0.95,Tuning,Tuning,0.2461613798319427,0.7538386201680574
Baseline,SVM_Linear,0.95,Tuning,Tuning,0.18857073183890213,0.8114292681610977
Baseline,SVM_Linear,0.95,Tuning,Defaults,0.5620299611270039,0.43797003887299607
Baseline,SVM_Linear,0.95,Defaults,Tuning,0.33612332952045487,0.6638766704795449
Baseline,SVM_Linear,0.95,Defaults,Tuning,0.348482912897543,0.651517087102457
Baseline,SVM_Linear,0.95,Defaults,Tuning,0.4311525571789406,0.5688474428210594
Baseline,SVM_Linear,0.95,Tuning,Tuning,0.2738011906177807,0.7261988093822196
Baseline,SVM_Linear,0.95,Defaults,Tuning,0.3895071189538887,0.6104928810461114
Baseline,SVM_Linear,0.95,Tuning,Defaults,0.5056082211674963,0.4943917788325035
Baseline,SVM_Linear,0.95,Tuning,Tuning,0.22781674385990697,0.7721832561400929
Baseline,SVM_Linear,0.95,Defaults,Tuning,0.25761604479073463,0.7423839552092653
Baseline,SVM_Linear,0.95,Defaults,Tuning,0.46440514888881296,0.5355948511111872
Baseline,SVM_Linear,0.95,Tuning,Tuning,0.4054693924123098,0.5945306075876902
Baseline,SVM_Linear,0.95,Tuning,Tuning,0.22400146227012838,0.7759985377298718
Baseline,SVM_Linear,0.95,Defaults,Tuning,0.37503325896664985,0.6249667410333501
Baseline,SVM_Linear,0.95,Tuning,Tuning,0.06576502589265341,0.9342349741073467
Baseline,SVM_Linear,0.95,Tuning,Tuning,0.24470654421959345,0.7552934557804065
Baseline,SVM_Linear,0.95,Tuning,Tuning,0.048365335133930924,0.9516346648660692
Baseline,SVM_Linear,0.95,Tuning,Tuning,0.2817027465072243,0.7182972534927754
Baseline,SVM_RBF,0.8,Tuning,Tuning,0.1789551801730049,0.821044819826995
Baseline,SVM_RBF,0.8,Tuning,Tuning,0.23800351518739019,0.7619964848126096
Baseline,SVM_RBF,0.8,Defaults,Tuning,0.35257608567134047,0.6474239143286595
Baseline,SVM_RBF,0.8,Tuning,Tuning,0.1321769752413122,0.8678230247586877
Baseline,SVM_RBF,0.8,Tuning,Tuning,0.1496633939612044,0.8503366060387956
Baseline,SVM_RBF,0.8,Tuning,Tuning,0.4464705788097308,0.553529421190269
Baseline,SVM_RBF,0.8,Tuning,Tuning,0.13626946070304605,0.8637305392969541
Baseline,SVM_RBF,0.8,Defaults,Tuning,0.2173010014126067,0.7826989985873931
Baseline,SVM_RBF,0.8,Defaults,Tuning,0.16445785720860173,0.835542142791398
Baseline,SVM_RBF,0.8,Tuning,Tuning,0.21516893418536362,0.7848310658146365
Baseline,SVM_RBF,0.8,Tuning,Tuning,0.14067219870322625,0.8593278012967738
Baseline,SVM_RBF,0.8,Defaults,Tuning,0.3422293992224689,0.6577706007775309
Baseline,SVM_RBF,0.8,Tuning,Tuning,0.14638099162583873,0.8536190083741615
Baseline,SVM_RBF,0.8,Tuning,Tuning,0.16024759290495094,0.839752407095049
Baseline,SVM_RBF,0.8,Tuning,Tuning,0.1753055088237115,0.8246944911762885
Baseline,SVM_RBF,0.8,Tuning,Tuning,0.1431512567397454,0.8568487432602545
Baseline,SVM_RBF,0.8,Defaults,Tuning,0.4522942197979686,0.5477057802020313
Baseline,SVM_RBF,0.8,Tuning,Tuning,0.14477506986850747,0.8552249301314927
Baseline,SVM_RBF,0.8,Defaults,Tuning,0.24025197240201834,0.7597480275979815
Baseline,SVM_RBF,0.8,Tuning,Tuning,0.30166143287809477,0.6983385671219053
Baseline,SVM_RBF,0.8,Tuning,Tuning,0.3584521672844613,0.6415478327155387
Baseline,SVM_RBF,0.8,Defaults,Tuning,0.2766039794040788,0.7233960205959212
Baseline,SVM_RBF,0.8,Tuning,Tuning,0.10555496489197734,0.8944450351080226
Baseline,SVM_RBF,0.8,Tuning,Tuning,0.26573005339735706,0.7342699466026429
Baseline,SVM_RBF,0.8,Tuning,Tuning,0.17623008555771486,0.8237699144422851
Baseline,SVM_RBF,0.8,Tuning,Tuning,0.1391980424458435,0.8608019575541563
Baseline,SVM_RBF,0.8,Tuning,Tuning,0.1614132220970891,0.8385867779029109
Baseline,SVM_RBF,0.8,Tuning,Tuning,0.16775865028342893,0.8322413497165709
Baseline,SVM_RBF,0.8,Tuning,Tuning,0.16056921602561247,0.8394307839743875
Baseline,SVM_RBF,0.8,Tuning,Tuning,0.13118397446695013,0.8688160255330496
Baseline,SVM_RBF,0.8,Tuning,Tuning,0.13608568358657322,0.8639143164134266
Baseline,SVM_RBF,0.8,Tuning,Tuning,0.1656105580027765,0.8343894419972236
Baseline,SVM_RBF,0.8,Defaults,Defaults,0.6790437566620334,0.32095624333796646
Baseline,SVM_RBF,0.8,Defaults,Tuning,0.22651189467025323,0.7734881053297469
Baseline,SVM_RBF,0.8,Tuning,Tuning,0.16820213633707612,0.8317978636629237
Baseline,SVM_RBF,0.8,Tuning,Tuning,0.24431280173944367,0.7556871982605564
Baseline,SVM_RBF,0.8,Tuning,Tuning,0.3418059218926244,0.6581940781073757
Baseline,SVM_RBF,0.8,Defaults,Tuning,0.2512935117815753,0.7487064882184248
Baseline,SVM_RBF,0.8,Tuning,Tuning,0.2273418075659103,0.7726581924340896
Baseline,SVM_RBF,0.8,Defaults,Tuning,0.38925074997128717,0.610749250028713
Baseline,SVM_RBF,0.8,Tuning,Tuning,0.20368905150200686,0.796310948497993
Baseline,SVM_RBF,0.8,Tuning,Tuning,0.19143457226724092,0.8085654277327591
Baseline,SVM_RBF,0.8,Tuning,Tuning,0.2713152294522307,0.7286847705477689
Baseline,SVM_RBF,0.8,Tuning,Tuning,0.2321972787706931,0.7678027212293069
Baseline,SVM_RBF,0.8,Tuning,Tuning,0.18013998441246978,0.81986001558753
Baseline,SVM_RBF,0.8,Tuning,Tuning,0.2874375501718113,0.7125624498281887
Baseline,SVM_RBF,0.8,Tuning,Tuning,0.19552717731577327,0.8044728226842266
Baseline,SVM_RBF,0.8,Tuning,Tuning,0.10628360886221873,0.8937163911377811
Baseline,SVM_RBF,0.8,Tuning,Tuning,0.25808173638925774,0.7419182636107424
Baseline,SVM_RBF,0.8,Tuning,Tuning,0.14320539522661851,0.8567946047733812
Baseline,SVM_RBF,0.8,Defaults,Tuning,0.23895039464292978,0.7610496053570702
Baseline,SVM_RBF,0.8,Tuning,Tuning,0.17816888726596347,0.8218311127340364
Baseline,SVM_RBF,0.8,Tuning,Tuning,0.17689899590232508,0.823101004097675
Baseline,SVM_RBF,0.8,Defaults,Tuning,0.22168376711630972,0.7783162328836902
Baseline,SVM_RBF,0.8,Tuning,Defaults,0.7321213357147531,0.2678786642852469
Baseline,SVM_RBF,0.8,Tuning,Tuning,0.21251319470694846,0.7874868052930516
Baseline,SVM_RBF,0.8,Tuning,Tuning,0.2379717212526489,0.7620282787473511
Baseline,SVM_RBF,0.8,Tuning,Tuning,0.346291848765509,0.6537081512344911
Baseline,SVM_RBF,0.8,Tuning,Tuning,0.23276040083641847,0.7672395991635814
Baseline,SVM_RBF,0.8,Tuning,Tuning,0.16911426711059294,0.8308857328894069
Baseline,SVM_RBF,0.8,Tuning,Tuning,0.16729902714003517,0.8327009728599648
Baseline,SVM_RBF,0.8,Tuning,Tuning,0.18252563902563534,0.8174743609743644
Baseline,SVM_RBF,0.8,Tuning,Tuning,0.2431880148516298,0.7568119851483703
Baseline,SVM_RBF,0.8,Defaults,Defaults,0.5543125680733016,0.4456874319266984
Baseline,SVM_RBF,0.8,Tuning,Tuning,0.3720566154514013,0.6279433845485987
Baseline,SVM_RBF,0.8,Defaults,Tuning,0.40643225546265205,0.5935677445373477
Baseline,SVM_RBF,0.8,Tuning,Tuning,0.17216603375432943,0.8278339662456704
Baseline,SVM_RBF,0.8,Tuning,Tuning,0.26088663048773214,0.7391133695122678
Baseline,SVM_RBF,0.8,Tuning,Tuning,0.20814928864530785,0.7918507113546923
Baseline,SVM_RBF,0.8,Tuning,Tuning,0.19803715751352682,0.8019628424864733
Baseline,SVM_RBF,0.8,Tuning,Tuning,0.1868308502839319,0.8131691497160681
Baseline,SVM_RBF,0.8,Defaults,Tuning,0.13009238641833418,0.8699076135816659
Baseline,SVM_RBF,0.8,Tuning,Tuning,0.17643952486695927,0.8235604751330408
Baseline,SVM_RBF,0.8,Defaults,Defaults,0.8043008066388581,0.19569919336114194
Baseline,SVM_RBF,0.8,Defaults,Defaults,0.7838205122323895,0.2161794877676104
Baseline,SVM_RBF,0.8,Defaults,Defaults,0.7669984563995775,0.23300154360042244
Baseline,SVM_RBF,0.8,Defaults,Defaults,0.7998066687448319,0.20019333125516825
Baseline,SVM_RBF,0.8,Tuning,Tuning,0.1725900249520748,0.8274099750479251
Baseline,SVM_RBF,0.8,Tuning,Tuning,0.1730700547934793,0.8269299452065207
Baseline,SVM_RBF,0.8,Tuning,Tuning,0.24509014454425768,0.7549098554557424
Baseline,SVM_RBF,0.8,Defaults,Tuning,0.3378618745995998,0.6621381254004001
Baseline,SVM_RBF,0.8,Defaults,Tuning,0.4225036374213059,0.577496362578694
Baseline,SVM_RBF,0.8,Defaults,Tuning,0.3039757304522528,0.696024269547747
Baseline,SVM_RBF,0.8,Defaults,Tuning,0.3959387932306047,0.6040612067693953
Baseline,SVM_RBF,0.8,Tuning,Defaults,0.512097853578217,0.487902146421783
Baseline,SVM_RBF,0.8,Tuning,Defaults,0.5,0.5
Baseline,SVM_RBF,0.8,Defaults,Defaults,0.6861942917814503,0.3138057082185496
Baseline,SVM_RBF,0.8,Tuning,Tuning,0.12727888354909067,0.8727211164509094
Baseline,SVM_RBF,0.8,Defaults,Tuning,0.32655509324698606,0.673444906753014
Baseline,SVM_RBF,0.8,Tuning,Tuning,0.1760822695141831,0.8239177304858168
Baseline,SVM_RBF,0.8,Tuning,Tuning,0.1357099485891179,0.8642900514108821
Baseline,SVM_RBF,0.8,Defaults,Tuning,0.26279296994095697,0.7372070300590431
Baseline,SVM_RBF,0.8,Tuning,Tuning,0.19958733309755167,0.8004126669024483
Baseline,SVM_RBF,0.8,Defaults,Tuning,0.18112876717452492,0.8188712328254749
Baseline,SVM_RBF,0.8,Tuning,Tuning,0.172667894892067,0.8273321051079329
Baseline,SVM_RBF,0.8,Tuning,Tuning,0.15035035103318437,0.8496496489668157
Baseline,SVM_RBF,0.8,Tuning,Tuning,0.11510725283136149,0.8848927471686386
Baseline,SVM_RBF,0.8,Defaults,Tuning,0.34695572630271215,0.6530442736972878
Baseline,SVM_RBF,0.8,Tuning,Tuning,0.19140895687591614,0.8085910431240838
Baseline,SVM_RBF,0.8,Tuning,Tuning,0.18446096131785078,0.8155390386821492
Baseline,SVM_RBF,0.8,Tuning,Tuning,0.12540993364211817,0.8745900663578817
Baseline,SVM_RBF,0.8,Defaults,Tuning,0.1416396199983591,0.858360380001641
Baseline,SVM_RBF,0.8,Tuning,Tuning,0.21372802795002427,0.7862719720499759
Baseline,SVM_RBF,0.8,Tuning,Tuning,0.33441457895904375,0.6655854210409563
Baseline,SVM_RBF,0.8,Tuning,Tuning,0.20536255584736984,0.79463744415263
Baseline,SVM_RBF,0.8,Tuning,Tuning,0.1335680608192814,0.8664319391807186
Baseline,SVM_RBF,0.8,Tuning,Defaults,0.5540721012548978,0.4459278987451022
Baseline,SVM_RBF,0.8,Tuning,Tuning,0.15232307687081367,0.8476769231291862
Baseline,SVM_RBF,0.8,Tuning,Tuning,0.19412353593723553,0.8058764640627644
Baseline,SVM_RBF,0.8,Defaults,Defaults,0.5815844091909271,0.41841559080907276
Baseline,SVM_RBF,0.8,Tuning,Tuning,0.11653460276534774,0.8834653972346523
Baseline,SVM_RBF,0.8,Tuning,Tuning,0.11706674148505057,0.8829332585149494
Baseline,SVM_RBF,0.8,Tuning,Tuning,0.1905098133102,0.8094901866898
Baseline,SVM_RBF,0.8,Tuning,Tuning,0.14225121698232204,0.857748783017678
Baseline,SVM_RBF,0.8,Tuning,Tuning,0.2029769149665705,0.7970230850334296
Baseline,SVM_RBF,0.8,Tuning,Tuning,0.3167044339522495,0.6832955660477502
Baseline,SVM_RBF,0.8,Tuning,Tuning,0.34935914763724873,0.6506408523627513
Baseline,SVM_RBF,0.8,Tuning,Tuning,0.16635556296576795,0.8336444370342321
Baseline,SVM_RBF,0.8,Defaults,Tuning,0.44136912038804993,0.5586308796119501
Baseline,SVM_RBF,0.8,Tuning,Tuning,0.2015575605867342,0.7984424394132656
Baseline,SVM_RBF,0.8,Defaults,Defaults,0.6027980816321513,0.39720191836784857
Baseline,SVM_RBF,0.8,Tuning,Tuning,0.23782497778689993,0.7621750222130999
Baseline,SVM_RBF,0.8,Tuning,Tuning,0.2964696286803648,0.7035303713196353
Baseline,SVM_RBF,0.8,Tuning,Tuning,0.24672558281995405,0.7532744171800461
Baseline,SVM_RBF,0.8,Tuning,Tuning,0.19526487239089668,0.8047351276091033
Baseline,SVM_RBF,0.8,Defaults,Tuning,0.2343034092274088,0.7656965907725913
Baseline,SVM_RBF,0.8,Defaults,Tuning,0.18781974866601303,0.8121802513339869
Baseline,SVM_RBF,0.8,Tuning,Tuning,0.12966936007884247,0.8703306399211576
Baseline,SVM_RBF,0.8,Tuning,Tuning,0.3708956902806778,0.6291043097193223
Baseline,SVM_RBF,0.8,Tuning,Tuning,0.14578525960091118,0.854214740399089
Baseline,SVM_RBF,0.8,Tuning,Tuning,0.14578525960091118,0.854214740399089
Baseline,SVM_RBF,0.8,Tuning,Tuning,0.19774199177777543,0.8022580082222246
Baseline,SVM_RBF,0.8,Tuning,Tuning,0.18845678704134525,0.8115432129586548
Baseline,SVM_RBF,0.8,Tuning,Defaults,0.5180861385084035,0.4819138614915964
Baseline,SVM_RBF,0.8,Tuning,Tuning,0.16765238397655816,0.8323476160234419
Baseline,SVM_RBF,0.8,Defaults,Tuning,0.2588517407220414,0.7411482592779587
Baseline,SVM_RBF,0.8,Tuning,Defaults,0.5,0.5
Baseline,SVM_RBF,0.8,Tuning,Tuning,0.48992267336647494,0.5100773266335252
Baseline,SVM_RBF,0.8,Tuning,Tuning,0.2409176336468756,0.7590823663531245
Baseline,SVM_RBF,0.8,Tuning,Tuning,0.15708644147174286,0.8429135585282571
Baseline,SVM_RBF,0.8,Defaults,Defaults,0.6618743949202877,0.33812560507971245
Baseline,SVM_RBF,0.8,Tuning,Tuning,0.15709114195405127,0.8429088580459487
Baseline,SVM_RBF,0.8,Tuning,Tuning,0.2965840445314946,0.7034159554685055
Baseline,SVM_RBF,0.8,Tuning,Tuning,0.2320775720098636,0.7679224279901364
Baseline,SVM_RBF,0.8,Defaults,Tuning,0.21441850632180506,0.7855814936781947
Baseline,SVM_RBF,0.8,Tuning,Tuning,0.16958974747428499,0.8304102525257149
Baseline,SVM_RBF,0.8,Tuning,Tuning,0.42565238797496063,0.5743476120250394
Baseline,SVM_RBF,0.8,Tuning,Tuning,0.19019349002332797,0.809806509976672
Baseline,SVM_RBF,0.8,Defaults,Defaults,0.6126508155261468,0.38734918447385325
Baseline,SVM_RBF,0.8,Defaults,Tuning,0.21016964884190842,0.7898303511580913
Baseline,SVM_RBF,0.8,Tuning,Tuning,0.2549160862734685,0.7450839137265315
Baseline,SVM_RBF,0.8,Tuning,Tuning,0.17234360022269543,0.8276563997773044
Baseline,SVM_RBF,0.8,Tuning,Tuning,0.20946850384865084,0.7905314961513491
Baseline,SVM_RBF,0.8,Defaults,Tuning,0.40097616115177315,0.5990238388482269
Baseline,SVM_RBF,0.8,Defaults,Tuning,0.38887230914588433,0.6111276908541157
Baseline,SVM_RBF,0.8,Defaults,Defaults,0.6348455933290551,0.36515440667094495
Baseline,SVM_RBF,0.8,Tuning,Tuning,0.23834721816352766,0.7616527818364724
Baseline,SVM_RBF,0.8,Defaults,Defaults,0.5412088098779481,0.45879119012205183
Baseline,SVM_RBF,0.8,Tuning,Defaults,0.7136749910988018,0.28632500890119816
Baseline,SVM_RBF,0.8,Tuning,Tuning,0.19840707879589778,0.8015929212041022
Baseline,SVM_RBF,0.8,Defaults,Tuning,0.2547404909170863,0.7452595090829136
Baseline,SVM_RBF,0.8,Defaults,Tuning,0.4297309169585391,0.5702690830414607
Baseline,SVM_RBF,0.8,Tuning,Tuning,0.4707386845459504,0.5292613154540499
Baseline,SVM_RBF,0.8,Tuning,Tuning,0.19216932632386766,0.8078306736761325
Baseline,SVM_RBF,0.8,Defaults,Tuning,0.3249169879364677,0.6750830120635326
Baseline,SVM_RBF,0.8,Tuning,Tuning,0.16952370136117828,0.8304762986388217
Baseline,SVM_RBF,0.8,Tuning,Tuning,0.18931025157683753,0.8106897484231623
Baseline,SVM_RBF,0.8,Tuning,Tuning,0.19257186213872582,0.8074281378612743
Baseline,SVM_RBF,0.8,Tuning,Tuning,0.1694037209505853,0.8305962790494145
Baseline,SVM_RBF,0.85,Tuning,Tuning,0.20436366345220178,0.795636336547798
Baseline,SVM_RBF,0.85,Tuning,Tuning,0.2443948665410761,0.755605133458924
Baseline,SVM_RBF,0.85,Defaults,Tuning,0.3736569582353176,0.6263430417646825
Baseline,SVM_RBF,0.85,Tuning,Tuning,0.1292075302399896,0.8707924697600102
Baseline,SVM_RBF,0.85,Tuning,Tuning,0.1484713751789532,0.8515286248210469
Baseline,SVM_RBF,0.85,Tuning,Tuning,0.43929022192900685,0.5607097780709931
Baseline,SVM_RBF,0.85,Tuning,Tuning,0.16642417019572625,0.8335758298042737
Baseline,SVM_RBF,0.85,Defaults,Tuning,0.21938382948474683,0.7806161705152532
Baseline,SVM_RBF,0.85,Defaults,Tuning,0.17172983847199672,0.8282701615280034
Baseline,SVM_RBF,0.85,Tuning,Tuning,0.2167529945786351,0.7832470054213647
Baseline,SVM_RBF,0.85,Tuning,Tuning,0.14656414713658605,0.8534358528634141
Baseline,SVM_RBF,0.85,Defaults,Tuning,0.3426392178111867,0.6573607821888133
Baseline,SVM_RBF,0.85,Tuning,Tuning,0.1565071649616518,0.8434928350383484
Baseline,SVM_RBF,0.85,Tuning,Tuning,0.1674303521570566,0.8325696478429433
Baseline,SVM_RBF,0.85,Tuning,Tuning,0.18501624305329675,0.8149837569467032
Baseline,SVM_RBF,0.85,Tuning,Tuning,0.15008946147157975,0.8499105385284202
Baseline,SVM_RBF,0.85,Defaults,Tuning,0.4524306688070423,0.5475693311929576
Baseline,SVM_RBF,0.85,Tuning,Tuning,0.14780638851489902,0.8521936114851011
Baseline,SVM_RBF,0.85,Defaults,Tuning,0.25330539283405157,0.7466946071659486
Baseline,SVM_RBF,0.85,Tuning,Tuning,0.3247643518055269,0.6752356481944731
Baseline,SVM_RBF,0.85,Tuning,Tuning,0.42202818233470096,0.5779718176652991
Baseline,SVM_RBF,0.85,Defaults,Tuning,0.28885299618129173,0.7111470038187081
Baseline,SVM_RBF,0.85,Tuning,Tuning,0.11308838325007749,0.8869116167499224
Baseline,SVM_RBF,0.85,Tuning,Tuning,0.27968285753250716,0.7203171424674928
Baseline,SVM_RBF,0.85,Tuning,Tuning,0.18125432737284466,0.8187456726271553
Baseline,SVM_RBF,0.85,Tuning,Tuning,0.14206673652251772,0.8579332634774824
Baseline,SVM_RBF,0.85,Tuning,Tuning,0.1573645688739732,0.842635431126027
Baseline,SVM_RBF,0.85,Tuning,Tuning,0.1675252764585775,0.8324747235414223
Baseline,SVM_RBF,0.85,Tuning,Tuning,0.16565410518575016,0.8343458948142499
Baseline,SVM_RBF,0.85,Tuning,Tuning,0.13282092051333313,0.867179079486667
Baseline,SVM_RBF,0.85,Tuning,Tuning,0.14621091163370553,0.8537890883662944
Baseline,SVM_RBF,0.85,Tuning,Tuning,0.16179300539402655,0.8382069946059734
Baseline,SVM_RBF,0.85,Defaults,Defaults,0.6332079079512651,0.36679209204873486
Baseline,SVM_RBF,0.85,Defaults,Tuning,0.22499004186923707,0.7750099581307631
Baseline,SVM_RBF,0.85,Tuning,Tuning,0.17542457131464426,0.8245754286853556
Baseline,SVM_RBF,0.85,Tuning,Tuning,0.25499415890723914,0.7450058410927609
Baseline,SVM_RBF,0.85,Tuning,Tuning,0.33175708728917747,0.6682429127108227
Baseline,SVM_RBF,0.85,Defaults,Tuning,0.26255461422725657,0.7374453857727433
Baseline,SVM_RBF,0.85,Tuning,Tuning,0.22588015915839652,0.7741198408416035
Baseline,SVM_RBF,0.85,Defaults,Tuning,0.36676398982515723,0.6332360101748429
Baseline,SVM_RBF,0.85,Tuning,Tuning,0.19358918134148032,0.8064108186585197
Baseline,SVM_RBF,0.85,Tuning,Tuning,0.19381223928032695,0.8061877607196731
Baseline,SVM_RBF,0.85,Tuning,Tuning,0.2731808160038765,0.7268191839961234
Baseline,SVM_RBF,0.85,Tuning,Tuning,0.24310501086193034,0.7568949891380694
Baseline,SVM_RBF,0.85,Tuning,Tuning,0.19350853636254753,0.8064914636374524
Baseline,SVM_RBF,0.85,Tuning,Tuning,0.28432258225054413,0.7156774177494559
Baseline,SVM_RBF,0.85,Tuning,Tuning,0.19732981068175048,0.8026701893182496
Baseline,SVM_RBF,0.85,Tuning,Tuning,0.10841506516359428,0.8915849348364057
Baseline,SVM_RBF,0.85,Tuning,Tuning,0.2667361921576454,0.7332638078423546
Baseline,SVM_RBF,0.85,Tuning,Tuning,0.1464609036592419,0.8535390963407582
Baseline,SVM_RBF,0.85,Defaults,Tuning,0.23342136209722633,0.7665786379027737
Baseline,SVM_RBF,0.85,Tuning,Tuning,0.181596378083186,0.8184036219168139
Baseline,SVM_RBF,0.85,Tuning,Tuning,0.1800856526072031,0.8199143473927969
Baseline,SVM_RBF,0.85,Defaults,Tuning,0.20824720248734663,0.7917527975126536
Baseline,SVM_RBF,0.85,Tuning,Defaults,0.7186557165495613,0.2813442834504389
Baseline,SVM_RBF,0.85,Tuning,Tuning,0.20318613680151865,0.7968138631984814
Baseline,SVM_RBF,0.85,Tuning,Tuning,0.24854559045711808,0.7514544095428819
Baseline,SVM_RBF,0.85,Tuning,Tuning,0.3679516073083553,0.6320483926916446
Baseline,SVM_RBF,0.85,Tuning,Tuning,0.22254921162211122,0.7774507883778887
Baseline,SVM_RBF,0.85,Tuning,Tuning,0.18579453194814907,0.814205468051851
Baseline,SVM_RBF,0.85,Tuning,Tuning,0.16856506652940095,0.8314349334705989
Baseline,SVM_RBF,0.85,Tuning,Tuning,0.21225636336137557,0.7877436366386243
Baseline,SVM_RBF,0.85,Tuning,Tuning,0.2427591960103443,0.7572408039896554
Baseline,SVM_RBF,0.85,Defaults,Defaults,0.5389806507881634,0.46101934921183685
Baseline,SVM_RBF,0.85,Tuning,Tuning,0.4060276470983543,0.5939723529016459
Baseline,SVM_RBF,0.85,Defaults,Tuning,0.3865171848468158,0.6134828151531841
Baseline,SVM_RBF,0.85,Tuning,Tuning,0.18699837160725696,0.8130016283927429
Baseline,SVM_RBF,0.85,Tuning,Tuning,0.26453419052653376,0.7354658094734664
Baseline,SVM_RBF,0.85,Tuning,Tuning,0.21992231922255567,0.7800776807774444
Baseline,SVM_RBF,0.85,Tuning,Tuning,0.2055200915178636,0.7944799084821366
Baseline,SVM_RBF,0.85,Tuning,Tuning,0.1981168696286668,0.8018831303713332
Baseline,SVM_RBF,0.85,Defaults,Tuning,0.12307051927632143,0.8769294807236785
Baseline,SVM_RBF,0.85,Tuning,Tuning,0.18369809264069936,0.8163019073593006
Baseline,SVM_RBF,0.85,Defaults,Defaults,0.7969133061493339,0.2030866938506659
Baseline,SVM_RBF,0.85,Defaults,Defaults,0.7776162502123729,0.2223837497876273
Baseline,SVM_RBF,0.85,Defaults,Defaults,0.7585805940986744,0.24141940590132557
Baseline,SVM_RBF,0.85,Defaults,Defaults,0.7930537211295424,0.2069462788704576
Baseline,SVM_RBF,0.85,Tuning,Tuning,0.17752221825062833,0.8224777817493717
Baseline,SVM_RBF,0.85,Tuning,Tuning,0.17799584683564226,0.8220041531643578
Baseline,SVM_RBF,0.85,Tuning,Tuning,0.24413736910353465,0.7558626308964651
Baseline,SVM_RBF,0.85,Defaults,Tuning,0.334570199552816,0.6654298004471837
Baseline,SVM_RBF,0.85,Defaults,Tuning,0.3985759224549209,0.6014240775450791
Baseline,SVM_RBF,0.85,Defaults,Tuning,0.29812531733096587,0.701874682669034
Baseline,SVM_RBF,0.85,Defaults,Tuning,0.3696943789042251,0.6303056210957749
Baseline,SVM_RBF,0.85,Tuning,Tuning,0.48429317064997907,0.5157068293500209
Baseline,SVM_RBF,0.85,Tuning,Tuning,0.4724701946298297,0.5275298053701704
Baseline,SVM_RBF,0.85,Defaults,Defaults,0.6373139939890653,0.3626860060109348
Baseline,SVM_RBF,0.85,Tuning,Tuning,0.13477177985860148,0.8652282201413983
Baseline,SVM_RBF,0.85,Defaults,Tuning,0.3134778491059677,0.6865221508940323
Baseline,SVM_RBF,0.85,Tuning,Tuning,0.1783873555503329,0.8216126444496671
Baseline,SVM_RBF,0.85,Tuning,Tuning,0.13963146593530845,0.8603685340646916
Baseline,SVM_RBF,0.85,Defaults,Tuning,0.2721423680464473,0.7278576319535529
Baseline,SVM_RBF,0.85,Tuning,Tuning,0.19815918759942597,0.8018408124005739
Baseline,SVM_RBF,0.85,Defaults,Tuning,0.184266421945805,0.815733578054195
Baseline,SVM_RBF,0.85,Tuning,Tuning,0.18954245112240034,0.8104575488775994
Baseline,SVM_RBF,0.85,Tuning,Tuning,0.16053216746291263,0.8394678325370872
Baseline,SVM_RBF,0.85,Tuning,Tuning,0.12555042475443615,0.8744495752455641
Baseline,SVM_RBF,0.85,Defaults,Tuning,0.334348844525099,0.6656511554749008
Baseline,SVM_RBF,0.85,Tuning,Tuning,0.1886534852668692,0.8113465147331309
Baseline,SVM_RBF,0.85,Tuning,Tuning,0.1955238674835483,0.8044761325164513
Baseline,SVM_RBF,0.85,Tuning,Tuning,0.13192357654634163,0.8680764234536585
Baseline,SVM_RBF,0.85,Defaults,Tuning,0.15807950405730095,0.8419204959426988
Baseline,SVM_RBF,0.85,Tuning,Tuning,0.21269558611593223,0.787304413884068
Baseline,SVM_RBF,0.85,Tuning,Tuning,0.35196527352988405,0.6480347264701161
Baseline,SVM_RBF,0.85,Tuning,Tuning,0.21280203569058698,0.7871979643094129
Baseline,SVM_RBF,0.85,Tuning,Tuning,0.14941196754274352,0.8505880324572563
Baseline,SVM_RBF,0.85,Tuning,Defaults,0.5628121040755605,0.4371878959244393
Baseline,SVM_RBF,0.85,Tuning,Tuning,0.16246019088302838,0.8375398091169717
Baseline,SVM_RBF,0.85,Tuning,Tuning,0.2132566560304638,0.7867433439695365
Baseline,SVM_RBF,0.85,Defaults,Defaults,0.5750118171941807,0.4249881828058192
Baseline,SVM_RBF,0.85,Tuning,Tuning,0.1286342518897568,0.871365748110243
Baseline,SVM_RBF,0.85,Tuning,Tuning,0.1329895065376542,0.867010493462346
Baseline,SVM_RBF,0.85,Tuning,Tuning,0.1983881432238417,0.8016118567761583
Baseline,SVM_RBF,0.85,Tuning,Tuning,0.14901392825840107,0.850986071741599
Baseline,SVM_RBF,0.85,Tuning,Tuning,0.20609936048388866,0.7939006395161111
Baseline,SVM_RBF,0.85,Tuning,Tuning,0.30986372309684007,0.6901362769031602
Baseline,SVM_RBF,0.85,Tuning,Tuning,0.33586036686057624,0.6641396331394239
Baseline,SVM_RBF,0.85,Tuning,Tuning,0.1722823298291358,0.8277176701708643
Baseline,SVM_RBF,0.85,Defaults,Tuning,0.3984368123847403,0.6015631876152596
Baseline,SVM_RBF,0.85,Tuning,Tuning,0.2049528725611945,0.7950471274388053
Baseline,SVM_RBF,0.85,Defaults,Defaults,0.5829453266901806,0.4170546733098194
Baseline,SVM_RBF,0.85,Tuning,Tuning,0.2356997093277295,0.7643002906722706
Baseline,SVM_RBF,0.85,Tuning,Tuning,0.3091497417935263,0.6908502582064737
Baseline,SVM_RBF,0.85,Tuning,Tuning,0.24377484171748842,0.7562251582825116
Baseline,SVM_RBF,0.85,Tuning,Tuning,0.1963535424361571,0.8036464575638428
Baseline,SVM_RBF,0.85,Defaults,Tuning,0.2274448772407691,0.7725551227592307
Baseline,SVM_RBF,0.85,Defaults,Tuning,0.19252864664990518,0.8074713533500945
Baseline,SVM_RBF,0.85,Tuning,Tuning,0.14181897678907168,0.8581810232109283
Baseline,SVM_RBF,0.85,Tuning,Tuning,0.33170437184605867,0.6682956281539413
Baseline,SVM_RBF,0.85,Tuning,Tuning,0.16140002020768376,0.8385999797923163
Baseline,SVM_RBF,0.85,Tuning,Tuning,0.16140002020768376,0.8385999797923163
Baseline,SVM_RBF,0.85,Tuning,Tuning,0.20091285380235513,0.799087146197645
Baseline,SVM_RBF,0.85,Tuning,Tuning,0.1879389317232625,0.8120610682767374
Baseline,SVM_RBF,0.85,Tuning,Defaults,0.5084242493111272,0.4915757506888729
Baseline,SVM_RBF,0.85,Tuning,Tuning,0.17296907968444214,0.8270309203155578
Baseline,SVM_RBF,0.85,Defaults,Tuning,0.23556741328817296,0.7644325867118271
Baseline,SVM_RBF,0.85,Tuning,Tuning,0.49373570622134794,0.506264293778652
Baseline,SVM_RBF,0.85,Tuning,Tuning,0.49310715302876995,0.5068928469712302
Baseline,SVM_RBF,0.85,Tuning,Tuning,0.20287094401561895,0.7971290559843811
Baseline,SVM_RBF,0.85,Tuning,Tuning,0.16593935501425783,0.8340606449857421
Baseline,SVM_RBF,0.85,Defaults,Defaults,0.6365330475434057,0.36346695245659416
Baseline,SVM_RBF,0.85,Tuning,Tuning,0.15919664914341822,0.8408033508565818
Baseline,SVM_RBF,0.85,Tuning,Tuning,0.31652581505362243,0.6834741849463775
Baseline,SVM_RBF,0.85,Tuning,Tuning,0.22814802455438732,0.7718519754456127
Baseline,SVM_RBF,0.85,Defaults,Tuning,0.21893284979197314,0.7810671502080268
Baseline,SVM_RBF,0.85,Tuning,Tuning,0.1675776754415474,0.8324223245584526
Baseline,SVM_RBF,0.85,Tuning,Tuning,0.4172689402778701,0.5827310597221298
Baseline,SVM_RBF,0.85,Tuning,Tuning,0.20469196148724428,0.7953080385127557
Baseline,SVM_RBF,0.85,Defaults,Defaults,0.5969677191945977,0.4030322808054024
Baseline,SVM_RBF,0.85,Defaults,Tuning,0.21799655205566484,0.7820034479443352
Baseline,SVM_RBF,0.85,Tuning,Tuning,0.2589402379530904,0.7410597620469095
Baseline,SVM_RBF,0.85,Tuning,Tuning,0.17999512881776344,0.8200048711822367
Baseline,SVM_RBF,0.85,Tuning,Tuning,0.2132692175747261,0.786730782425274
Baseline,SVM_RBF,0.85,Defaults,Tuning,0.37948800689715073,0.6205119931028492
Baseline,SVM_RBF,0.85,Defaults,Tuning,0.3892501301700816,0.6107498698299184
Baseline,SVM_RBF,0.85,Defaults,Defaults,0.6279844341725244,0.3720155658274757
Baseline,SVM_RBF,0.85,Tuning,Tuning,0.24463139103111742,0.7553686089688827
Baseline,SVM_RBF,0.85,Defaults,Defaults,0.5251728810370482,0.4748271189629519
Baseline,SVM_RBF,0.85,Tuning,Defaults,0.6912194208828989,0.3087805791171012
Baseline,SVM_RBF,0.85,Tuning,Tuning,0.19798177067167042,0.8020182293283297
Baseline,SVM_RBF,0.85,Defaults,Tuning,0.2640758939350144,0.7359241060649854
Baseline,SVM_RBF,0.85,Defaults,Tuning,0.4510888726185418,0.5489111273814582
Baseline,SVM_RBF,0.85,Tuning,Tuning,0.4479918915752158,0.552008108424784
Baseline,SVM_RBF,0.85,Tuning,Tuning,0.21394421985862636,0.7860557801413737
Baseline,SVM_RBF,0.85,Defaults,Tuning,0.3117593908758536,0.6882406091241464
Baseline,SVM_RBF,0.85,Tuning,Tuning,0.17204488157394288,0.827955118426057
Baseline,SVM_RBF,0.85,Tuning,Tuning,0.19152555199748758,0.8084744480025124
Baseline,SVM_RBF,0.85,Tuning,Tuning,0.19440306278864158,0.8055969372113584
Baseline,SVM_RBF,0.85,Tuning,Tuning,0.175273310964365,0.8247266890356352
Baseline,SVM_RBF,0.9,Tuning,Tuning,0.16866409407395486,0.8313359059260452
Baseline,SVM_RBF,0.9,Tuning,Tuning,0.24319107829146586,0.7568089217085342
Baseline,SVM_RBF,0.9,Defaults,Tuning,0.3731594068889264,0.6268405931110738
Baseline,SVM_RBF,0.9,Tuning,Tuning,0.12539691091616514,0.8746030890838348
Baseline,SVM_RBF,0.9,Tuning,Tuning,0.14558424459845487,0.8544157554015449
Baseline,SVM_RBF,0.9,Tuning,Tuning,0.4914031543394803,0.5085968456605198
Baseline,SVM_RBF,0.9,Tuning,Tuning,0.16947070102380132,0.8305292989761985
Baseline,SVM_RBF,0.9,Defaults,Tuning,0.22273480941095367,0.7772651905890464
Baseline,SVM_RBF,0.9,Defaults,Tuning,0.176238881003444,0.8237611189965562
Baseline,SVM_RBF,0.9,Tuning,Tuning,0.21642931580642027,0.7835706841935798
Baseline,SVM_RBF,0.9,Tuning,Tuning,0.14575040682721535,0.8542495931727848
Baseline,SVM_RBF,0.9,Defaults,Tuning,0.3614754975416378,0.6385245024583621
Baseline,SVM_RBF,0.9,Tuning,Tuning,0.15068357735844745,0.8493164226415524
Baseline,SVM_RBF,0.9,Tuning,Tuning,0.16705985685880492,0.8329401431411952
Baseline,SVM_RBF,0.9,Tuning,Tuning,0.17943179729355607,0.8205682027064439
Baseline,SVM_RBF,0.9,Tuning,Tuning,0.15052512346972383,0.8494748765302763
Baseline,SVM_RBF,0.9,Defaults,Tuning,0.4693169216123184,0.5306830783876815
Baseline,SVM_RBF,0.9,Tuning,Tuning,0.14533378214724396,0.8546662178527562
Baseline,SVM_RBF,0.9,Defaults,Tuning,0.2468034200937895,0.7531965799062105
Baseline,SVM_RBF,0.9,Tuning,Tuning,0.3182310491587348,0.6817689508412651
Baseline,SVM_RBF,0.9,Tuning,Tuning,0.4158392263020964,0.5841607736979035
Baseline,SVM_RBF,0.9,Defaults,Tuning,0.29470614787147165,0.7052938521285281
Baseline,SVM_RBF,0.9,Tuning,Tuning,0.12143539670675456,0.8785646032932456
Baseline,SVM_RBF,0.9,Tuning,Tuning,0.28851948273349604,0.711480517266504
Baseline,SVM_RBF,0.9,Tuning,Tuning,0.18283635442878862,0.8171636455712115
Baseline,SVM_RBF,0.9,Tuning,Tuning,0.1455154831027569,0.8544845168972433
Baseline,SVM_RBF,0.9,Tuning,Tuning,0.15454543056391246,0.8454545694360875
Baseline,SVM_RBF,0.9,Tuning,Tuning,0.15944315084467295,0.8405568491553269
Baseline,SVM_RBF,0.9,Tuning,Tuning,0.16190907683589456,0.8380909231641055
Baseline,SVM_RBF,0.9,Tuning,Tuning,0.13412690737348987,0.8658730926265104
Baseline,SVM_RBF,0.9,Tuning,Tuning,0.15018528356364616,0.849814716436354
Baseline,SVM_RBF,0.9,Tuning,Tuning,0.15902231588889124,0.8409776841111087
Baseline,SVM_RBF,0.9,Defaults,Defaults,0.6328213058841451,0.3671786941158551
Baseline,SVM_RBF,0.9,Defaults,Tuning,0.22874605772737894,0.7712539422726212
Baseline,SVM_RBF,0.9,Tuning,Tuning,0.15514920533443755,0.8448507946655625
Baseline,SVM_RBF,0.9,Tuning,Tuning,0.24463772177001844,0.7553622782299816
Baseline,SVM_RBF,0.9,Tuning,Tuning,0.3082461705627217,0.6917538294372783
Baseline,SVM_RBF,0.9,Defaults,Tuning,0.26686475316029795,0.733135246839702
Baseline,SVM_RBF,0.9,Tuning,Tuning,0.2264896353064187,0.7735103646935813
Baseline,SVM_RBF,0.9,Defaults,Tuning,0.3647021134216563,0.6352978865783435
Baseline,SVM_RBF,0.9,Tuning,Tuning,0.19005701184816617,0.8099429881518334
Baseline,SVM_RBF,0.9,Tuning,Tuning,0.1860889345139127,0.8139110654860875
Baseline,SVM_RBF,0.9,Tuning,Tuning,0.26667507893204856,0.7333249210679514
Baseline,SVM_RBF,0.9,Tuning,Tuning,0.24406345590899403,0.755936544091006
Baseline,SVM_RBF,0.9,Tuning,Tuning,0.1951856971839489,0.8048143028160513
Baseline,SVM_RBF,0.9,Tuning,Tuning,0.2708075082068683,0.7291924917931318
Baseline,SVM_RBF,0.9,Tuning,Tuning,0.19137086392345687,0.808629136076543
Baseline,SVM_RBF,0.9,Tuning,Tuning,0.11629425431040685,0.8837057456895931
Baseline,SVM_RBF,0.9,Tuning,Tuning,0.2760635748840853,0.7239364251159149
Baseline,SVM_RBF,0.9,Tuning,Tuning,0.13639178719562825,0.8636082128043717
Baseline,SVM_RBF,0.9,Defaults,Tuning,0.2317564542908529,0.7682435457091471
Baseline,SVM_RBF,0.9,Tuning,Tuning,0.1788548352770384,0.8211451647229616
Baseline,SVM_RBF,0.9,Tuning,Tuning,0.1779902929995937,0.8220097070004064
Baseline,SVM_RBF,0.9,Defaults,Tuning,0.20878267660178265,0.791217323398217
Baseline,SVM_RBF,0.9,Tuning,Defaults,0.7173566436990159,0.282643356300984
Baseline,SVM_RBF,0.9,Tuning,Tuning,0.22459246436330824,0.7754075356366915
Baseline,SVM_RBF,0.9,Tuning,Tuning,0.2549508240594002,0.7450491759405998
Baseline,SVM_RBF,0.9,Tuning,Tuning,0.36495800443456,0.6350419955654399
Baseline,SVM_RBF,0.9,Tuning,Tuning,0.21166433550314523,0.7883356644968545
Baseline,SVM_RBF,0.9,Tuning,Tuning,0.20203029276740234,0.7979697072325976
Baseline,SVM_RBF,0.9,Tuning,Tuning,0.16091009929334868,0.8390899007066513
Baseline,SVM_RBF,0.9,Tuning,Tuning,0.205902055884094,0.794097944115906
Baseline,SVM_RBF,0.9,Tuning,Tuning,0.20069687277314796,0.799303127226852
Baseline,SVM_RBF,0.9,Defaults,Defaults,0.5353162714046771,0.4646837285953229
Baseline,SVM_RBF,0.9,Tuning,Tuning,0.4298035816951196,0.5701964183048803
Baseline,SVM_RBF,0.9,Defaults,Tuning,0.37638202740336285,0.6236179725966372
Baseline,SVM_RBF,0.9,Tuning,Tuning,0.1950916486516104,0.8049083513483899
Baseline,SVM_RBF,0.9,Tuning,Tuning,0.2746270471059211,0.7253729528940788
Baseline,SVM_RBF,0.9,Tuning,Tuning,0.24449251269223826,0.7555074873077616
Baseline,SVM_RBF,0.9,Tuning,Tuning,0.19337102194385114,0.8066289780561491
Baseline,SVM_RBF,0.9,Tuning,Tuning,0.22481479209745403,0.7751852079025459
Baseline,SVM_RBF,0.9,Defaults,Tuning,0.11471261051451963,0.8852873894854806
Baseline,SVM_RBF,0.9,Tuning,Tuning,0.20343509315375974,0.7965649068462403
Baseline,SVM_RBF,0.9,Defaults,Defaults,0.7870435228914826,0.21295647710851745
Baseline,SVM_RBF,0.9,Defaults,Defaults,0.7747203046626312,0.22527969533736888
Baseline,SVM_RBF,0.9,Defaults,Defaults,0.7612749666654546,0.23872503333454545
Baseline,SVM_RBF,0.9,Defaults,Defaults,0.7846373218356005,0.21536267816439963
Baseline,SVM_RBF,0.9,Tuning,Tuning,0.17839472306703935,0.8216052769329609
Baseline,SVM_RBF,0.9,Tuning,Tuning,0.1791443626200356,0.8208556373799641
Baseline,SVM_RBF,0.9,Tuning,Tuning,0.2360646731945982,0.7639353268054019
Baseline,SVM_RBF,0.9,Defaults,Tuning,0.3091615580735972,0.6908384419264028
Baseline,SVM_RBF,0.9,Defaults,Tuning,0.35291972719504455,0.6470802728049554
Baseline,SVM_RBF,0.9,Defaults,Tuning,0.30843272354075757,0.6915672764592422
Baseline,SVM_RBF,0.9,Defaults,Tuning,0.3901060324142061,0.6098939675857938
Baseline,SVM_RBF,0.9,Tuning,Tuning,0.4607890112910242,0.5392109887089759
Baseline,SVM_RBF,0.9,Tuning,Tuning,0.4525755480595696,0.5474244519404304
Baseline,SVM_RBF,0.9,Defaults,Defaults,0.6673876578396503,0.33261234216034974
Baseline,SVM_RBF,0.9,Tuning,Tuning,0.1315266351295276,0.8684733648704723
Baseline,SVM_RBF,0.9,Defaults,Tuning,0.3042223633394897,0.6957776366605101
Baseline,SVM_RBF,0.9,Tuning,Tuning,0.17862845540138858,0.8213715445986114
Baseline,SVM_RBF,0.9,Tuning,Tuning,0.14949990713545583,0.8505000928645442
Baseline,SVM_RBF,0.9,Defaults,Tuning,0.2821413751356383,0.7178586248643616
Baseline,SVM_RBF,0.9,Tuning,Tuning,0.19812383314615567,0.8018761668538442
Baseline,SVM_RBF,0.9,Defaults,Tuning,0.1773976312546656,0.8226023687453345
Baseline,SVM_RBF,0.9,Tuning,Tuning,0.19904617564128124,0.8009538243587186
Baseline,SVM_RBF,0.9,Tuning,Tuning,0.1513401616028377,0.8486598383971623
Baseline,SVM_RBF,0.9,Tuning,Tuning,0.1271260476154231,0.8728739523845768
Baseline,SVM_RBF,0.9,Defaults,Tuning,0.35436532411659394,0.6456346758834061
Baseline,SVM_RBF,0.9,Tuning,Tuning,0.20368584578715623,0.7963141542128439
Baseline,SVM_RBF,0.9,Tuning,Tuning,0.2019042232888318,0.7980957767111683
Baseline,SVM_RBF,0.9,Tuning,Tuning,0.12086604462209571,0.8791339553779043
Baseline,SVM_RBF,0.9,Defaults,Tuning,0.15814515714033656,0.8418548428596633
Baseline,SVM_RBF,0.9,Tuning,Tuning,0.24385657285768822,0.7561434271423118
Baseline,SVM_RBF,0.9,Tuning,Tuning,0.35500741563581717,0.6449925843641828
Baseline,SVM_RBF,0.9,Tuning,Tuning,0.21991703651318184,0.7800829634868183
Baseline,SVM_RBF,0.9,Tuning,Tuning,0.15232970459514322,0.8476702954048566
Baseline,SVM_RBF,0.9,Tuning,Defaults,0.5827467712080304,0.4172532287919697
Baseline,SVM_RBF,0.9,Tuning,Tuning,0.154570620353968,0.8454293796460319
Baseline,SVM_RBF,0.9,Tuning,Tuning,0.22523798009233045,0.7747620199076695
Baseline,SVM_RBF,0.9,Defaults,Defaults,0.5926428959207835,0.4073571040792165
Baseline,SVM_RBF,0.9,Tuning,Tuning,0.13475788878665512,0.8652421112133448
Baseline,SVM_RBF,0.9,Tuning,Tuning,0.1448566878641676,0.8551433121358324
Baseline,SVM_RBF,0.9,Tuning,Tuning,0.22832366281329128,0.7716763371867087
Baseline,SVM_RBF,0.9,Tuning,Tuning,0.1538297217769879,0.8461702782230122
Baseline,SVM_RBF,0.9,Tuning,Tuning,0.2037736338767798,0.7962263661232202
Baseline,SVM_RBF,0.9,Tuning,Tuning,0.3110448027403779,0.6889551972596223
Baseline,SVM_RBF,0.9,Tuning,Tuning,0.33499020958308806,0.6650097904169118
Baseline,SVM_RBF,0.9,Tuning,Tuning,0.164221162255461,0.8357788377445391
Baseline,SVM_RBF,0.9,Defaults,Tuning,0.3912913880618213,0.6087086119381788
Baseline,SVM_RBF,0.9,Tuning,Tuning,0.20195266552530403,0.798047334474696
Baseline,SVM_RBF,0.9,Defaults,Defaults,0.5830220441182948,0.41697795588170516
Baseline,SVM_RBF,0.9,Tuning,Tuning,0.24263181025034045,0.7573681897496595
Baseline,SVM_RBF,0.9,Tuning,Tuning,0.3019079406091787,0.6980920593908212
Baseline,SVM_RBF,0.9,Tuning,Tuning,0.24576467490666087,0.7542353250933392
Baseline,SVM_RBF,0.9,Tuning,Tuning,0.20025896478026514,0.7997410352197349
Baseline,SVM_RBF,0.9,Defaults,Tuning,0.23337374598561927,0.7666262540143806
Baseline,SVM_RBF,0.9,Defaults,Tuning,0.19923622813121,0.80076377186879
Baseline,SVM_RBF,0.9,Tuning,Tuning,0.1394024614443505,0.8605975385556495
Baseline,SVM_RBF,0.9,Tuning,Tuning,0.35327309944571655,0.6467269005542834
Baseline,SVM_RBF,0.9,Tuning,Tuning,0.16237791168001467,0.8376220883199853
Baseline,SVM_RBF,0.9,Tuning,Tuning,0.16237791168001467,0.8376220883199853
Baseline,SVM_RBF,0.9,Tuning,Tuning,0.19750170774457668,0.8024982922554235
Baseline,SVM_RBF,0.9,Tuning,Tuning,0.1794621583500788,0.8205378416499213
Baseline,SVM_RBF,0.9,Tuning,Defaults,0.5060065013108241,0.4939934986891758
Baseline,SVM_RBF,0.9,Tuning,Tuning,0.15967108044749911,0.8403289195525008
Baseline,SVM_RBF,0.9,Defaults,Tuning,0.24603423999166293,0.753965760008337
Baseline,SVM_RBF,0.9,Tuning,Defaults,0.5133015305726054,0.48669846942739453
Baseline,SVM_RBF,0.9,Tuning,Defaults,0.5,0.5
Baseline,SVM_RBF,0.9,Tuning,Tuning,0.19780016053062682,0.8021998394693733
Baseline,SVM_RBF,0.9,Tuning,Tuning,0.15946999924951843,0.8405300007504817
Baseline,SVM_RBF,0.9,Defaults,Defaults,0.6492227337702868,0.3507772662297131
Baseline,SVM_RBF,0.9,Tuning,Tuning,0.1754444549069564,0.8245555450930436
Baseline,SVM_RBF,0.9,Tuning,Tuning,0.32009233351304445,0.6799076664869557
Baseline,SVM_RBF,0.9,Tuning,Tuning,0.25591998240767994,0.74408001759232
Baseline,SVM_RBF,0.9,Defaults,Tuning,0.2164496024380113,0.7835503975619886
Baseline,SVM_RBF,0.9,Tuning,Tuning,0.154431902677033,0.8455680973229671
Baseline,SVM_RBF,0.9,Tuning,Tuning,0.4190352892439708,0.5809647107560292
Baseline,SVM_RBF,0.9,Tuning,Tuning,0.1934405733761375,0.8065594266238626
Baseline,SVM_RBF,0.9,Defaults,Defaults,0.6144791151983984,0.38552088480160157
Baseline,SVM_RBF,0.9,Defaults,Tuning,0.20486462170144767,0.7951353782985525
Baseline,SVM_RBF,0.9,Tuning,Tuning,0.24963139898643252,0.7503686010135672
Baseline,SVM_RBF,0.9,Tuning,Tuning,0.16388802523962123,0.8361119747603788
Baseline,SVM_RBF,0.9,Tuning,Tuning,0.21484496830879163,0.7851550316912085
Baseline,SVM_RBF,0.9,Defaults,Tuning,0.3984805479627854,0.6015194520372147
Baseline,SVM_RBF,0.9,Defaults,Tuning,0.4454436273288092,0.5545563726711908
Baseline,SVM_RBF,0.9,Defaults,Defaults,0.6446796108638663,0.35532038913613384
Baseline,SVM_RBF,0.9,Tuning,Tuning,0.21263606593304807,0.787363934066952
Baseline,SVM_RBF,0.9,Defaults,Defaults,0.5401300155282573,0.45986998447174265
Baseline,SVM_RBF,0.9,Tuning,Defaults,0.7071442915418396,0.2928557084581605
Baseline,SVM_RBF,0.9,Tuning,Tuning,0.1952617466292885,0.8047382533707113
Baseline,SVM_RBF,0.9,Defaults,Tuning,0.2533611285159193,0.7466388714840806
Baseline,SVM_RBF,0.9,Defaults,Tuning,0.4601086863427975,0.5398913136572024
Baseline,SVM_RBF,0.9,Tuning,Tuning,0.4658257520273622,0.5341742479726379
Baseline,SVM_RBF,0.9,Tuning,Tuning,0.23478176579833743,0.7652182342016626
Baseline,SVM_RBF,0.9,Defaults,Tuning,0.3437763838811677,0.6562236161188322
Baseline,SVM_RBF,0.9,Tuning,Tuning,0.17036447609133246,0.8296355239086675
Baseline,SVM_RBF,0.9,Tuning,Tuning,0.2074241549415725,0.7925758450584275
Baseline,SVM_RBF,0.9,Tuning,Tuning,0.19139871138803793,0.8086012886119622
Baseline,SVM_RBF,0.9,Tuning,Tuning,0.16002940267581364,0.8399705973241862
Baseline,SVM_RBF,0.95,Tuning,Tuning,0.1645961612496303,0.8354038387503697
Baseline,SVM_RBF,0.95,Tuning,Tuning,0.24352384400926766,0.7564761559907324
Baseline,SVM_RBF,0.95,Defaults,Tuning,0.3657629153302071,0.634237084669793
Baseline,SVM_RBF,0.95,Tuning,Tuning,0.12175693471819529,0.8782430652818046
Baseline,SVM_RBF,0.95,Tuning,Tuning,0.13850147419947073,0.8614985258005295
Baseline,SVM_RBF,0.95,Tuning,Tuning,0.4930630112442857,0.5069369887557144
Baseline,SVM_RBF,0.95,Tuning,Tuning,0.16955004376239943,0.8304499562376005
Baseline,SVM_RBF,0.95,Defaults,Tuning,0.21938043002328583,0.7806195699767142
Baseline,SVM_RBF,0.95,Defaults,Tuning,0.1699592294712719,0.8300407705287282
Baseline,SVM_RBF,0.95,Tuning,Tuning,0.2138676984731219,0.7861323015268783
Baseline,SVM_RBF,0.95,Tuning,Tuning,0.1430666422167229,0.8569333577832771
Baseline,SVM_RBF,0.95,Defaults,Tuning,0.36526699621283626,0.6347330037871639
Baseline,SVM_RBF,0.95,Tuning,Tuning,0.14446108257848533,0.855538917421515
Baseline,SVM_RBF,0.95,Tuning,Tuning,0.15939008731863574,0.8406099126813644
Baseline,SVM_RBF,0.95,Tuning,Tuning,0.1775557955849048,0.8224442044150954
Baseline,SVM_RBF,0.95,Tuning,Tuning,0.1514037885502459,0.8485962114497543
Baseline,SVM_RBF,0.95,Defaults,Tuning,0.45963219580712544,0.5403678041928744
Baseline,SVM_RBF,0.95,Tuning,Tuning,0.14522579210270503,0.8547742078972949
Baseline,SVM_RBF,0.95,Defaults,Tuning,0.25634740866321926,0.7436525913367807
Baseline,SVM_RBF,0.95,Tuning,Tuning,0.30939138652877257,0.6906086134712273
Baseline,SVM_RBF,0.95,Tuning,Tuning,0.44622537293246,0.5537746270675399
Baseline,SVM_RBF,0.95,Defaults,Tuning,0.29081146643151196,0.709188533568488
Baseline,SVM_RBF,0.95,Tuning,Tuning,0.11969658618972147,0.8803034138102784
Baseline,SVM_RBF,0.95,Tuning,Tuning,0.2817940871541594,0.7182059128458407
Baseline,SVM_RBF,0.95,Tuning,Tuning,0.18313021485708134,0.8168697851429189
Baseline,SVM_RBF,0.95,Tuning,Tuning,0.14447822575133734,0.8555217742486625
Baseline,SVM_RBF,0.95,Tuning,Tuning,0.1437594865406941,0.8562405134593057
Baseline,SVM_RBF,0.95,Tuning,Tuning,0.15143180445802373,0.8485681955419763
Baseline,SVM_RBF,0.95,Tuning,Tuning,0.15652318613950572,0.8434768138604943
Baseline,SVM_RBF,0.95,Tuning,Tuning,0.12835351744332701,0.8716464825566729
Baseline,SVM_RBF,0.95,Tuning,Tuning,0.14563550209985743,0.8543644979001425
Baseline,SVM_RBF,0.95,Tuning,Tuning,0.14572285408490937,0.8542771459150911
Baseline,SVM_RBF,0.95,Defaults,Defaults,0.6363900897304824,0.3636099102695177
Baseline,SVM_RBF,0.95,Defaults,Tuning,0.22975350952090848,0.7702464904790916
Baseline,SVM_RBF,0.95,Tuning,Tuning,0.15345674583911617,0.8465432541608839
Baseline,SVM_RBF,0.95,Tuning,Tuning,0.22808323197310545,0.7719167680268945
Baseline,SVM_RBF,0.95,Tuning,Tuning,0.32892695858050375,0.6710730414194962
Baseline,SVM_RBF,0.95,Defaults,Tuning,0.2709520250165314,0.7290479749834686
Baseline,SVM_RBF,0.95,Tuning,Tuning,0.22607568562298103,0.7739243143770188
Baseline,SVM_RBF,0.95,Defaults,Tuning,0.3514504237860557,0.6485495762139444
Baseline,SVM_RBF,0.95,Tuning,Tuning,0.18244555964449125,0.8175544403555088
Baseline,SVM_RBF,0.95,Tuning,Tuning,0.1851407884216678,0.8148592115783321
Baseline,SVM_RBF,0.95,Tuning,Tuning,0.2685567516235895,0.7314432483764106
Baseline,SVM_RBF,0.95,Tuning,Tuning,0.22991718251299115,0.770082817487009
Baseline,SVM_RBF,0.95,Tuning,Tuning,0.20661921056156704,0.793380789438433
Baseline,SVM_RBF,0.95,Tuning,Tuning,0.27244943924997833,0.7275505607500217
Baseline,SVM_RBF,0.95,Tuning,Tuning,0.19007279482636888,0.8099272051736309
Baseline,SVM_RBF,0.95,Tuning,Tuning,0.11800541199143919,0.881994588008561
Baseline,SVM_RBF,0.95,Tuning,Tuning,0.27121143682800425,0.7287885631719957
Baseline,SVM_RBF,0.95,Tuning,Tuning,0.13167473774039515,0.8683252622596049
Baseline,SVM_RBF,0.95,Defaults,Tuning,0.23571679968863296,0.764283200311367
Baseline,SVM_RBF,0.95,Tuning,Tuning,0.1793099534367283,0.8206900465632717
Baseline,SVM_RBF,0.95,Tuning,Tuning,0.17868209692726975,0.82131790307273
Baseline,SVM_RBF,0.95,Defaults,Tuning,0.18909692951586926,0.8109030704841307
Baseline,SVM_RBF,0.95,Tuning,Defaults,0.7259431509933753,0.274056849006625
Baseline,SVM_RBF,0.95,Tuning,Tuning,0.23193103728266576,0.7680689627173343
Baseline,SVM_RBF,0.95,Tuning,Tuning,0.2776855447958173,0.7223144552041825
Baseline,SVM_RBF,0.95,Tuning,Tuning,0.3706970493171197,0.6293029506828803
Baseline,SVM_RBF,0.95,Tuning,Tuning,0.2146198352362712,0.7853801647637288
Baseline,SVM_RBF,0.95,Tuning,Tuning,0.20365402836381957,0.7963459716361806
Baseline,SVM_RBF,0.95,Tuning,Tuning,0.1605853979372067,0.8394146020627935
Baseline,SVM_RBF,0.95,Tuning,Tuning,0.20744743615936864,0.7925525638406316
Baseline,SVM_RBF,0.95,Tuning,Tuning,0.19047353262707517,0.8095264673729249
Baseline,SVM_RBF,0.95,Defaults,Defaults,0.5456845384367013,0.45431546156329866
Baseline,SVM_RBF,0.95,Tuning,Tuning,0.430287496950549,0.5697125030494511
Baseline,SVM_RBF,0.95,Defaults,Tuning,0.37487262055100984,0.6251273794489902
Baseline,SVM_RBF,0.95,Tuning,Tuning,0.20564257496502614,0.7943574250349735
Baseline,SVM_RBF,0.95,Tuning,Tuning,0.2834545560098923,0.7165454439901076
Baseline,SVM_RBF,0.95,Tuning,Tuning,0.2641888037829847,0.7358111962170152
Baseline,SVM_RBF,0.95,Tuning,Tuning,0.1940200200116203,0.8059799799883799
Baseline,SVM_RBF,0.95,Tuning,Tuning,0.1928967994869644,0.8071032005130355
Baseline,SVM_RBF,0.95,Defaults,Tuning,0.12412449534971609,0.8758755046502839
Baseline,SVM_RBF,0.95,Tuning,Tuning,0.18295311704124972,0.8170468829587505
Baseline,SVM_RBF,0.95,Defaults,Defaults,0.8009182087203596,0.19908179127964054
Baseline,SVM_RBF,0.95,Defaults,Defaults,0.7879974799739708,0.212002520026029
Baseline,SVM_RBF,0.95,Defaults,Defaults,0.7581841727876899,0.24181582721231012
Baseline,SVM_RBF,0.95,Defaults,Defaults,0.7976925130678091,0.20230748693219106
Baseline,SVM_RBF,0.95,Tuning,Tuning,0.17914111235569827,0.8208588876443018
Baseline,SVM_RBF,0.95,Tuning,Tuning,0.18030987376892701,0.819690126231073
Baseline,SVM_RBF,0.95,Tuning,Tuning,0.230052843886788,0.7699471561132121
Baseline,SVM_RBF,0.95,Defaults,Tuning,0.31997007400029065,0.6800299259997095
Baseline,SVM_RBF,0.95,Defaults,Tuning,0.3551582521408753,0.6448417478591247
Baseline,SVM_RBF,0.95,Defaults,Tuning,0.3114536883743117,0.6885463116256882
Baseline,SVM_RBF,0.95,Defaults,Tuning,0.38898939267876026,0.6110106073212397
Baseline,SVM_RBF,0.95,Tuning,Tuning,0.45157719295167026,0.5484228070483298
Baseline,SVM_RBF,0.95,Tuning,Tuning,0.4378619399831613,0.5621380600168386
Baseline,SVM_RBF,0.95,Defaults,Defaults,0.6768485788346584,0.3231514211653413
Baseline,SVM_RBF,0.95,Tuning,Tuning,0.1271029880831089,0.8728970119168912
Baseline,SVM_RBF,0.95,Defaults,Tuning,0.3038409902728611,0.6961590097271387
Baseline,SVM_RBF,0.95,Tuning,Tuning,0.1777085809513019,0.8222914190486983
Baseline,SVM_RBF,0.95,Tuning,Tuning,0.1423272906239661,0.857672709376034
Baseline,SVM_RBF,0.95,Defaults,Tuning,0.2899062538944627,0.7100937461055371
Baseline,SVM_RBF,0.95,Tuning,Tuning,0.18915638151139383,0.8108436184886062
Baseline,SVM_RBF,0.95,Defaults,Tuning,0.17592387295872394,0.8240761270412761
Baseline,SVM_RBF,0.95,Tuning,Tuning,0.19896886205668188,0.801031137943318
Baseline,SVM_RBF,0.95,Tuning,Tuning,0.1516683615054204,0.8483316384945796
Baseline,SVM_RBF,0.95,Tuning,Tuning,0.12743501786024344,0.8725649821397568
Baseline,SVM_RBF,0.95,Defaults,Tuning,0.3451509905606249,0.654849009439375
Baseline,SVM_RBF,0.95,Tuning,Tuning,0.20717093617396282,0.7928290638260371
Baseline,SVM_RBF,0.95,Tuning,Tuning,0.20690483391849443,0.7930951660815054
Baseline,SVM_RBF,0.95,Tuning,Tuning,0.11980804583065469,0.880191954169345
Baseline,SVM_RBF,0.95,Defaults,Tuning,0.15979484748280737,0.8402051525171925
Baseline,SVM_RBF,0.95,Tuning,Tuning,0.2424999352147297,0.7575000647852705
Baseline,SVM_RBF,0.95,Tuning,Tuning,0.35427584597164014,0.64572415402836
Baseline,SVM_RBF,0.95,Tuning,Tuning,0.22656191310091825,0.7734380868990819
Baseline,SVM_RBF,0.95,Tuning,Tuning,0.15299240973467412,0.8470075902653259
Baseline,SVM_RBF,0.95,Tuning,Defaults,0.5846052242621508,0.41539477573784916
Baseline,SVM_RBF,0.95,Tuning,Tuning,0.15463254976669208,0.8453674502333081
Baseline,SVM_RBF,0.95,Tuning,Tuning,0.22281966119458016,0.7771803388054198
Baseline,SVM_RBF,0.95,Defaults,Defaults,0.5885723630168447,0.41142763698315526
Baseline,SVM_RBF,0.95,Tuning,Tuning,0.13939570647105395,0.860604293528946
Baseline,SVM_RBF,0.95,Tuning,Tuning,0.14307791859293506,0.856922081407065
Baseline,SVM_RBF,0.95,Tuning,Tuning,0.29205984284681835,0.7079401571531818
Baseline,SVM_RBF,0.95,Tuning,Tuning,0.14962871577041834,0.8503712842295817
Baseline,SVM_RBF,0.95,Tuning,Tuning,0.20113877496656893,0.798861225033431
Baseline,SVM_RBF,0.95,Tuning,Tuning,0.3063050860585573,0.6936949139414428
Baseline,SVM_RBF,0.95,Tuning,Tuning,0.34067127637540046,0.6593287236245998
Baseline,SVM_RBF,0.95,Tuning,Tuning,0.16444738363408476,0.8355526163659153
Baseline,SVM_RBF,0.95,Defaults,Tuning,0.3765659523457433,0.6234340476542566
Baseline,SVM_RBF,0.95,Tuning,Tuning,0.20074818627220242,0.7992518137277975
Baseline,SVM_RBF,0.95,Defaults,Defaults,0.5941437810414101,0.4058562189585899
Baseline,SVM_RBF,0.95,Tuning,Tuning,0.2563062965224279,0.7436937034775721
Baseline,SVM_RBF,0.95,Tuning,Tuning,0.30672989721717275,0.6932701027828273
Baseline,SVM_RBF,0.95,Tuning,Tuning,0.249979623608916,0.7500203763910839
Baseline,SVM_RBF,0.95,Tuning,Tuning,0.20169364183851746,0.7983063581614827
Baseline,SVM_RBF,0.95,Defaults,Tuning,0.23317919392778297,0.7668208060722173
Baseline,SVM_RBF,0.95,Defaults,Tuning,0.19911776270509143,0.8008822372949086
Baseline,SVM_RBF,0.95,Tuning,Tuning,0.13898510948563175,0.8610148905143682
Baseline,SVM_RBF,0.95,Tuning,Tuning,0.34971354653301256,0.6502864534669877
Baseline,SVM_RBF,0.95,Tuning,Tuning,0.1636217858739652,0.8363782141260347
Baseline,SVM_RBF,0.95,Tuning,Tuning,0.1636217858739652,0.8363782141260347
Baseline,SVM_RBF,0.95,Tuning,Tuning,0.19701329796822767,0.8029867020317721
Baseline,SVM_RBF,0.95,Tuning,Tuning,0.18180742113149193,0.8181925788685082
Baseline,SVM_RBF,0.95,Tuning,Tuning,0.47881141152437096,0.521188588475629
Baseline,SVM_RBF,0.95,Tuning,Tuning,0.16968542203946646,0.8303145779605338
Baseline,SVM_RBF,0.95,Defaults,Tuning,0.2634029227632568,0.7365970772367431
Baseline,SVM_RBF,0.95,Tuning,Defaults,0.5,0.5
Baseline,SVM_RBF,0.95,Tuning,Defaults,0.5176836052119517,0.48231639478804805
Baseline,SVM_RBF,0.95,Tuning,Tuning,0.20078740882031976,0.79921259117968
Baseline,SVM_RBF,0.95,Tuning,Tuning,0.16382083992603383,0.8361791600739661
Baseline,SVM_RBF,0.95,Defaults,Defaults,0.6316970626981472,0.36830293730185276
Baseline,SVM_RBF,0.95,Tuning,Tuning,0.2200170910483948,0.7799829089516053
Baseline,SVM_RBF,0.95,Tuning,Tuning,0.2844634689444766,0.7155365310555235
Baseline,SVM_RBF,0.95,Tuning,Tuning,0.24993815411157438,0.7500618458884258
Baseline,SVM_RBF,0.95,Defaults,Tuning,0.21723641794162094,0.7827635820583791
Baseline,SVM_RBF,0.95,Tuning,Tuning,0.15121777990624397,0.848782220093756
Baseline,SVM_RBF,0.95,Tuning,Tuning,0.40171176170528966,0.5982882382947103
Baseline,SVM_RBF,0.95,Tuning,Tuning,0.20667075819350703,0.7933292418064929
Baseline,SVM_RBF,0.95,Defaults,Defaults,0.6111646487638415,0.38883535123615837
Baseline,SVM_RBF,0.95,Defaults,Tuning,0.2144586569507163,0.7855413430492838
Baseline,SVM_RBF,0.95,Tuning,Tuning,0.25149331648353884,0.7485066835164613
Baseline,SVM_RBF,0.95,Tuning,Tuning,0.17278520528042438,0.8272147947195755
Baseline,SVM_RBF,0.95,Tuning,Tuning,0.2217756304090306,0.7782243695909694
Baseline,SVM_RBF,0.95,Defaults,Tuning,0.3760969273537295,0.6239030726462708
Baseline,SVM_RBF,0.95,Defaults,Tuning,0.41538707586485396,0.5846129241351461
Baseline,SVM_RBF,0.95,Defaults,Defaults,0.6220696458795669,0.3779303541204331
Baseline,SVM_RBF,0.95,Tuning,Tuning,0.20389631215354517,0.7961036878464547
Baseline,SVM_RBF,0.95,Defaults,Defaults,0.5283888524361936,0.4716111475638065
Baseline,SVM_RBF,0.95,Tuning,Defaults,0.6886038902042714,0.3113961097957288
Baseline,SVM_RBF,0.95,Tuning,Tuning,0.19410556470636728,0.8058944352936328
Baseline,SVM_RBF,0.95,Defaults,Tuning,0.2612052451043772,0.7387947548956229
Baseline,SVM_RBF,0.95,Defaults,Tuning,0.4826193998971499,0.5173806001028499
Baseline,SVM_RBF,0.95,Tuning,Tuning,0.4778595823568223,0.5221404176431778
Baseline,SVM_RBF,0.95,Tuning,Tuning,0.23885453134480003,0.7611454686551999
Baseline,SVM_RBF,0.95,Defaults,Tuning,0.3506954203110576,0.6493045796889421
Baseline,SVM_RBF,0.95,Tuning,Tuning,0.17343928068611567,0.8265607193138842
Baseline,SVM_RBF,0.95,Tuning,Tuning,0.21897598431834212,0.781024015681658
Baseline,SVM_RBF,0.95,Tuning,Tuning,0.1935460814681733,0.8064539185318265
Baseline,SVM_RBF,0.95,Tuning,Tuning,0.1669183758439573,0.8330816241560426
Baseline,RandomForest,0.8,Tuning,Tuning,0.19,0.81
Baseline,RandomForest,0.8,Tuning,Tuning,0.14,0.86
Baseline,RandomForest,0.8,Defaults,Tuning,0.49,0.51
Baseline,RandomForest,0.8,Tuning,Tuning,0.04,0.96
Baseline,RandomForest,0.8,Tuning,Tuning,0.1,0.9
Baseline,RandomForest,0.8,Tuning,Tuning,0.48,0.52
Baseline,RandomForest,0.8,Tuning,Tuning,0.06,0.94
Baseline,RandomForest,0.8,Defaults,Tuning,0.31,0.69
Baseline,RandomForest,0.8,Defaults,Tuning,0.21,0.79
Baseline,RandomForest,0.8,Tuning,Tuning,0.28,0.72
Baseline,RandomForest,0.8,Tuning,Tuning,0.04,0.96
Baseline,RandomForest,0.8,Defaults,Tuning,0.3,0.7
Baseline,RandomForest,0.8,Tuning,Tuning,0.07,0.93
Baseline,RandomForest,0.8,Tuning,Tuning,0.02,0.98
Baseline,RandomForest,0.8,Tuning,Tuning,0.21,0.79
Baseline,RandomForest,0.8,Tuning,Tuning,0.02,0.98
Baseline,RandomForest,0.8,Defaults,Defaults,0.78,0.22
Baseline,RandomForest,0.8,Tuning,Tuning,0.18,0.82
Baseline,RandomForest,0.8,Defaults,Tuning,0.16,0.84
Baseline,RandomForest,0.8,Tuning,Tuning,0.48,0.52
Baseline,RandomForest,0.8,Tuning,Tuning,0.44,0.56
Baseline,RandomForest,0.8,Defaults,Tuning,0.28,0.72
Baseline,RandomForest,0.8,Tuning,Tuning,0.21,0.79
Baseline,RandomForest,0.8,Tuning,Tuning,0.31,0.69
Baseline,RandomForest,0.8,Tuning,Tuning,0.05,0.95
Baseline,RandomForest,0.8,Tuning,Tuning,0.02,0.98
Baseline,RandomForest,0.8,Tuning,Tuning,0.01,0.99
Baseline,RandomForest,0.8,Tuning,Tuning,0.07,0.93
Baseline,RandomForest,0.8,Tuning,Tuning,0.05,0.95
Baseline,RandomForest,0.8,Tuning,Tuning,0.04,0.96
Baseline,RandomForest,0.8,Tuning,Tuning,0.07,0.93
Baseline,RandomForest,0.8,Tuning,Tuning,0.01,0.99
Baseline,RandomForest,0.8,Defaults,Defaults,0.76,0.24
Baseline,RandomForest,0.8,Defaults,Tuning,0.46,0.54
Baseline,RandomForest,0.8,Tuning,Tuning,0.16,0.84
Baseline,RandomForest,0.8,Tuning,Tuning,0.27,0.73
Baseline,RandomForest,0.8,Tuning,Tuning,0.33,0.67
Baseline,RandomForest,0.8,Defaults,Tuning,0.44,0.56
Baseline,RandomForest,0.8,Tuning,Tuning,0.17,0.83
Baseline,RandomForest,0.8,Defaults,Defaults,0.63,0.37
Baseline,RandomForest,0.8,Tuning,Tuning,0.17,0.83
Baseline,RandomForest,0.8,Tuning,Tuning,0.24,0.76
Baseline,RandomForest,0.8,Tuning,Tuning,0.27,0.73
Baseline,RandomForest,0.8,Tuning,Tuning,0.07,0.93
Baseline,RandomForest,0.8,Tuning,Tuning,0.27,0.73
Baseline,RandomForest,0.8,Tuning,Tuning,0.24,0.76
Baseline,RandomForest,0.8,Tuning,Defaults,0.56,0.44
Baseline,RandomForest,0.8,Tuning,Tuning,0.08,0.92
Baseline,RandomForest,0.8,Tuning,Tuning,0.43,0.57
Baseline,RandomForest,0.8,Tuning,Tuning,0.26,0.74
Baseline,RandomForest,0.8,Defaults,Tuning,0.27,0.73
Baseline,RandomForest,0.8,Tuning,Tuning,0.22,0.78
Baseline,RandomForest,0.8,Tuning,Tuning,0.19,0.81
Baseline,RandomForest,0.8,Defaults,Tuning,0.17,0.83
Baseline,RandomForest,0.8,Tuning,Defaults,0.69,0.31
Baseline,RandomForest,0.8,Tuning,Tuning,0.16,0.84
Baseline,RandomForest,0.8,Tuning,Tuning,0.25,0.75
Baseline,RandomForest,0.8,Tuning,Defaults,0.53,0.47
Baseline,RandomForest,0.8,Tuning,Tuning,0.32,0.68
Baseline,RandomForest,0.8,Tuning,Tuning,0.1,0.9
Baseline,RandomForest,0.8,Tuning,Tuning,0.22,0.78
Baseline,RandomForest,0.8,Tuning,Tuning,0.25,0.75
Baseline,RandomForest,0.8,Tuning,Tuning,0.25,0.75
Baseline,RandomForest,0.8,Defaults,Tuning,0.36,0.64
Baseline,RandomForest,0.8,Tuning,Tuning,0.48,0.52
Baseline,RandomForest,0.8,Defaults,Defaults,0.5,0.5
Baseline,RandomForest,0.8,Tuning,Tuning,0.45,0.55
Baseline,RandomForest,0.8,Tuning,Tuning,0.24,0.76
Baseline,RandomForest,0.8,Tuning,Tuning,0.44,0.56
Baseline,RandomForest,0.8,Tuning,Tuning,0.45,0.55
Baseline,RandomForest,0.8,Tuning,Tuning,0.33,0.67
Baseline,RandomForest,0.8,Defaults,Tuning,0.03,0.97
Baseline,RandomForest,0.8,Tuning,Tuning,0.36,0.64
Baseline,RandomForest,0.8,Defaults,Defaults,0.95,0.05
Baseline,RandomForest,0.8,Defaults,Defaults,0.91,0.09
Baseline,RandomForest,0.8,Defaults,Defaults,0.89,0.11
Baseline,RandomForest,0.8,Defaults,Defaults,0.92,0.08
Baseline,RandomForest,0.8,Tuning,Tuning,0.26,0.74
Baseline,RandomForest,0.8,Tuning,Tuning,0.26,0.74
Baseline,RandomForest,0.8,Tuning,Tuning,0.39,0.61
Baseline,RandomForest,0.8,Defaults,Tuning,0.35,0.65
Baseline,RandomForest,0.8,Defaults,Defaults,0.5,0.5
Baseline,RandomForest,0.8,Defaults,Tuning,0.23,0.77
Baseline,RandomForest,0.8,Defaults,Tuning,0.39,0.61
Baseline,RandomForest,0.8,Tuning,Defaults,0.6,0.4
Baseline,RandomForest,0.8,Tuning,Tuning,0.46,0.54
Baseline,RandomForest,0.8,Defaults,Defaults,0.67,0.33
Baseline,RandomForest,0.8,Tuning,Tuning,0.02,0.98
Baseline,RandomForest,0.8,Defaults,Defaults,0.63,0.37
Baseline,RandomForest,0.8,Tuning,Tuning,0.21,0.79
Baseline,RandomForest,0.8,Tuning,Tuning,0.04,0.96
Baseline,RandomForest,0.8,Defaults,Tuning,0.3,0.7
Baseline,RandomForest,0.8,Tuning,Tuning,0.18,0.82
Baseline,RandomForest,0.8,Defaults,Tuning,0.35,0.65
Baseline,RandomForest,0.8,Tuning,Tuning,0.32,0.68
Baseline,RandomForest,0.8,Tuning,Tuning,0.04,0.96
Baseline,RandomForest,0.8,Tuning,Tuning,0.11,0.89
Baseline,RandomForest,0.8,Defaults,Defaults,0.57,0.43
Baseline,RandomForest,0.8,Tuning,Tuning,0.25,0.75
Baseline,RandomForest,0.8,Tuning,Tuning,0.1,0.9
Baseline,RandomForest,0.8,Tuning,Tuning,0.2,0.8
Baseline,RandomForest,0.8,Defaults,Tuning,0.06,0.94
Baseline,RandomForest,0.8,Tuning,Tuning,0.24,0.76
Baseline,RandomForest,0.8,Tuning,Tuning,0.21,0.79
Baseline,RandomForest,0.8,Tuning,Defaults,0.52,0.48
Baseline,RandomForest,0.8,Tuning,Tuning,0.17,0.83
Baseline,RandomForest,0.8,Tuning,Defaults,0.5,0.5
Baseline,RandomForest,0.8,Tuning,Tuning,0.06,0.94
Baseline,RandomForest,0.8,Tuning,Tuning,0.33,0.67
Baseline,RandomForest,0.8,Defaults,Tuning,0.3,0.7
Baseline,RandomForest,0.8,Tuning,Tuning,0.19,0.81
Baseline,RandomForest,0.8,Tuning,Tuning,0.05,0.95
Baseline,RandomForest,0.8,Tuning,Tuning,0.16,0.84
Baseline,RandomForest,0.8,Tuning,Tuning,0.06,0.94
Baseline,RandomForest,0.8,Tuning,Tuning,0.12,0.88
Baseline,RandomForest,0.8,Tuning,Tuning,0.29,0.71
Baseline,RandomForest,0.8,Tuning,Defaults,0.51,0.49
Baseline,RandomForest,0.8,Tuning,Tuning,0.2,0.8
Baseline,RandomForest,0.8,Defaults,Tuning,0.31,0.69
Baseline,RandomForest,0.8,Tuning,Tuning,0.38,0.62
Baseline,RandomForest,0.8,Defaults,Defaults,0.54,0.46
Baseline,RandomForest,0.8,Tuning,Tuning,0.33,0.67
Baseline,RandomForest,0.8,Tuning,Defaults,0.51,0.49
Baseline,RandomForest,0.8,Tuning,Tuning,0.45,0.55
Baseline,RandomForest,0.8,Tuning,Tuning,0.12,0.88
Baseline,RandomForest,0.8,Defaults,Tuning,0.16,0.84
Baseline,RandomForest,0.8,Defaults,Tuning,0.18,0.82
Baseline,RandomForest,0.8,Tuning,Tuning,0.03,0.97
Baseline,RandomForest,0.8,Tuning,Tuning,0.33,0.67
Baseline,RandomForest,0.8,Tuning,Tuning,0.02,0.98
Baseline,RandomForest,0.8,Tuning,Tuning,0.02,0.98
Baseline,RandomForest,0.8,Tuning,Tuning,0.37,0.63
Baseline,RandomForest,0.8,Tuning,Tuning,0.15,0.85
Baseline,RandomForest,0.8,Tuning,Tuning,0.37,0.63
Baseline,RandomForest,0.8,Tuning,Tuning,0.18,0.82
Baseline,RandomForest,0.8,Defaults,Tuning,0.46,0.54
Baseline,RandomForest,0.8,Tuning,Defaults,0.65,0.35
Baseline,RandomForest,0.8,Tuning,Defaults,0.8,0.2
Baseline,RandomForest,0.8,Tuning,Tuning,0.24,0.76
Baseline,RandomForest,0.8,Tuning,Tuning,0.41,0.59
Baseline,RandomForest,0.8,Defaults,Tuning,0.36,0.64
Baseline,RandomForest,0.8,Tuning,Defaults,0.52,0.48
Baseline,RandomForest,0.8,Tuning,Tuning,0.31,0.69
Baseline,RandomForest,0.8,Tuning,Tuning,0.17,0.83
Baseline,RandomForest,0.8,Defaults,Tuning,0.11,0.89
Baseline,RandomForest,0.8,Tuning,Tuning,0.24,0.76
Baseline,RandomForest,0.8,Tuning,Tuning,0.48,0.52
Baseline,RandomForest,0.8,Tuning,Tuning,0.25,0.75
Baseline,RandomForest,0.8,Defaults,Tuning,0.44,0.56
Baseline,RandomForest,0.8,Defaults,Defaults,0.53,0.47
Baseline,RandomForest,0.8,Tuning,Tuning,0.37,0.63
Baseline,RandomForest,0.8,Tuning,Tuning,0.23,0.77
Baseline,RandomForest,0.8,Tuning,Tuning,0.4,0.6
Baseline,RandomForest,0.8,Defaults,Defaults,0.56,0.44
Baseline,RandomForest,0.8,Defaults,Tuning,0.48,0.52
Baseline,RandomForest,0.8,Defaults,Defaults,0.56,0.44
Baseline,RandomForest,0.8,Tuning,Tuning,0.3,0.7
Baseline,RandomForest,0.8,Defaults,Tuning,0.43,0.57
Baseline,RandomForest,0.8,Tuning,Defaults,0.7,0.3
Baseline,RandomForest,0.8,Tuning,Tuning,0.38,0.62
Baseline,RandomForest,0.8,Defaults,Tuning,0.31,0.69
Baseline,RandomForest,0.8,Defaults,Defaults,0.54,0.46
Baseline,RandomForest,0.8,Tuning,Tuning,0.38,0.62
Baseline,RandomForest,0.8,Tuning,Tuning,0.23,0.77
Baseline,RandomForest,0.8,Defaults,Defaults,0.53,0.47
Baseline,RandomForest,0.8,Tuning,Tuning,0.36,0.64
Baseline,RandomForest,0.8,Tuning,Tuning,0.27,0.73
Baseline,RandomForest,0.8,Tuning,Tuning,0.38,0.62
Baseline,RandomForest,0.8,Tuning,Tuning,0.38,0.62
Baseline,RandomForest,0.85,Tuning,Tuning,0.13,0.87
Baseline,RandomForest,0.85,Tuning,Tuning,0.09,0.91
Baseline,RandomForest,0.85,Defaults,Defaults,0.58,0.42
Baseline,RandomForest,0.85,Tuning,Tuning,0.04,0.96
Baseline,RandomForest,0.85,Tuning,Tuning,0.04,0.96
Baseline,RandomForest,0.85,Tuning,Tuning,0.42,0.58
Baseline,RandomForest,0.85,Tuning,Tuning,0.04,0.96
Baseline,RandomForest,0.85,Defaults,Tuning,0.28,0.72
Baseline,RandomForest,0.85,Defaults,Tuning,0.27,0.73
Baseline,RandomForest,0.85,Tuning,Tuning,0.27,0.73
Baseline,RandomForest,0.85,Tuning,Tuning,0.04,0.96
Baseline,RandomForest,0.85,Defaults,Tuning,0.28,0.72
Baseline,RandomForest,0.85,Tuning,Tuning,0.07,0.93
Baseline,RandomForest,0.85,Tuning,Tuning,0.03,0.97
Baseline,RandomForest,0.85,Tuning,Tuning,0.18,0.82
Baseline,RandomForest,0.85,Tuning,Tuning,0.01,0.99
Baseline,RandomForest,0.85,Defaults,Defaults,0.68,0.32
Baseline,RandomForest,0.85,Tuning,Tuning,0.19,0.81
Baseline,RandomForest,0.85,Defaults,Tuning,0.25,0.75
Baseline,RandomForest,0.85,Tuning,Tuning,0.45,0.55
Baseline,RandomForest,0.85,Tuning,Tuning,0.43,0.57
Baseline,RandomForest,0.85,Defaults,Tuning,0.36,0.64
Baseline,RandomForest,0.85,Tuning,Tuning,0.26,0.74
Baseline,RandomForest,0.85,Tuning,Tuning,0.26,0.74
Baseline,RandomForest,0.85,Tuning,Tuning,0.06,0.94
Baseline,RandomForest,0.85,Tuning,Tuning,0.0,1.0
Baseline,RandomForest,0.85,Tuning,Tuning,0.02,0.98
Baseline,RandomForest,0.85,Tuning,Tuning,0.08,0.92
Baseline,RandomForest,0.85,Tuning,Tuning,0.04,0.96
Baseline,RandomForest,0.85,Tuning,Tuning,0.1,0.9
Baseline,RandomForest,0.85,Tuning,Tuning,0.02,0.98
Baseline,RandomForest,0.85,Tuning,Tuning,0.01,0.99
Baseline,RandomForest,0.85,Defaults,Defaults,0.67,0.33
Baseline,RandomForest,0.85,Defaults,Tuning,0.41,0.59
Baseline,RandomForest,0.85,Tuning,Tuning,0.19,0.81
Baseline,RandomForest,0.85,Tuning,Tuning,0.34,0.66
Baseline,RandomForest,0.85,Tuning,Tuning,0.25,0.75
Baseline,RandomForest,0.85,Defaults,Defaults,0.5,0.5
Baseline,RandomForest,0.85,Tuning,Tuning,0.07,0.93
Baseline,RandomForest,0.85,Defaults,Defaults,0.63,0.37
Baseline,RandomForest,0.85,Tuning,Tuning,0.21,0.79
Baseline,RandomForest,0.85,Tuning,Tuning,0.27,0.73
Baseline,RandomForest,0.85,Tuning,Tuning,0.31,0.69
Baseline,RandomForest,0.85,Tuning,Tuning,0.06,0.94
Baseline,RandomForest,0.85,Tuning,Tuning,0.29,0.71
Baseline,RandomForest,0.85,Tuning,Tuning,0.23,0.77
Baseline,RandomForest,0.85,Tuning,Tuning,0.47,0.53
Baseline,RandomForest,0.85,Tuning,Tuning,0.06,0.94
Baseline,RandomForest,0.85,Tuning,Tuning,0.39,0.61
Baseline,RandomForest,0.85,Tuning,Tuning,0.19,0.81
Baseline,RandomForest,0.85,Defaults,Tuning,0.27,0.73
Baseline,RandomForest,0.85,Tuning,Tuning,0.17,0.83
Baseline,RandomForest,0.85,Tuning,Tuning,0.12,0.88
Baseline,RandomForest,0.85,Defaults,Tuning,0.21,0.79
Baseline,RandomForest,0.85,Tuning,Defaults,0.76,0.24
Baseline,RandomForest,0.85,Tuning,Tuning,0.21,0.79
Baseline,RandomForest,0.85,Tuning,Tuning,0.22,0.78
Baseline,RandomForest,0.85,Tuning,Defaults,0.63,0.37
Baseline,RandomForest,0.85,Tuning,Tuning,0.34,0.66
Baseline,RandomForest,0.85,Tuning,Tuning,0.13,0.87
Baseline,RandomForest,0.85,Tuning,Tuning,0.14,0.86
Baseline,RandomForest,0.85,Tuning,Tuning,0.17,0.83
Baseline,RandomForest,0.85,Tuning,Tuning,0.27,0.73
Baseline,RandomForest,0.85,Defaults,Tuning,0.32,0.68
Baseline,RandomForest,0.85,Tuning,Tuning,0.47,0.53
Baseline,RandomForest,0.85,Defaults,Tuning,0.39,0.61
Baseline,RandomForest,0.85,Tuning,Tuning,0.38,0.62
Baseline,RandomForest,0.85,Tuning,Tuning,0.34,0.66
Baseline,RandomForest,0.85,Tuning,Tuning,0.42,0.58
Baseline,RandomForest,0.85,Tuning,Tuning,0.36,0.64
Baseline,RandomForest,0.85,Tuning,Tuning,0.36,0.64
Baseline,RandomForest,0.85,Defaults,Tuning,0.03,0.97
Baseline,RandomForest,0.85,Tuning,Tuning,0.31,0.69
Baseline,RandomForest,0.85,Defaults,Defaults,0.93,0.07
Baseline,RandomForest,0.85,Defaults,Defaults,0.87,0.13
Baseline,RandomForest,0.85,Defaults,Defaults,0.86,0.14
Baseline,RandomForest,0.85,Defaults,Defaults,0.91,0.09
Baseline,RandomForest,0.85,Tuning,Tuning,0.26,0.74
Baseline,RandomForest,0.85,Tuning,Tuning,0.26,0.74
Baseline,RandomForest,0.85,Tuning,Tuning,0.36,0.64
Baseline,RandomForest,0.85,Defaults,Tuning,0.37,0.63
Baseline,RandomForest,0.85,Defaults,Tuning,0.39,0.61
Baseline,RandomForest,0.85,Defaults,Tuning,0.28,0.72
Baseline,RandomForest,0.85,Defaults,Tuning,0.35,0.65
Baseline,RandomForest,0.85,Tuning,Defaults,0.62,0.38
Baseline,RandomForest,0.85,Tuning,Defaults,0.56,0.44
Baseline,RandomForest,0.85,Defaults,Defaults,0.68,0.32
Baseline,RandomForest,0.85,Tuning,Tuning,0.08,0.92
Baseline,RandomForest,0.85,Defaults,Defaults,0.62,0.38
Baseline,RandomForest,0.85,Tuning,Tuning,0.22,0.78
Baseline,RandomForest,0.85,Tuning,Tuning,0.01,0.99
Baseline,RandomForest,0.85,Defaults,Tuning,0.25,0.75
Baseline,RandomForest,0.85,Tuning,Tuning,0.21,0.79
Baseline,RandomForest,0.85,Defaults,Tuning,0.38,0.62
Baseline,RandomForest,0.85,Tuning,Tuning,0.28,0.72
Baseline,RandomForest,0.85,Tuning,Tuning,0.07,0.93
Baseline,RandomForest,0.85,Tuning,Tuning,0.13,0.87
Baseline,RandomForest,0.85,Defaults,Tuning,0.45,0.55
Baseline,RandomForest,0.85,Tuning,Tuning,0.21,0.79
Baseline,RandomForest,0.85,Tuning,Tuning,0.16,0.84
Baseline,RandomForest,0.85,Tuning,Tuning,0.24,0.76
Baseline,RandomForest,0.85,Defaults,Tuning,0.05,0.95
Baseline,RandomForest,0.85,Tuning,Tuning,0.19,0.81
Baseline,RandomForest,0.85,Tuning,Tuning,0.24,0.76
Baseline,RandomForest,0.85,Tuning,Tuning,0.45,0.55
Baseline,RandomForest,0.85,Tuning,Tuning,0.23,0.77
Baseline,RandomForest,0.85,Tuning,Defaults,0.51,0.49
Baseline,RandomForest,0.85,Tuning,Tuning,0.1,0.9
Baseline,RandomForest,0.85,Tuning,Tuning,0.3,0.7
Baseline,RandomForest,0.85,Defaults,Tuning,0.2,0.8
Baseline,RandomForest,0.85,Tuning,Tuning,0.22,0.78
Baseline,RandomForest,0.85,Tuning,Tuning,0.05,0.95
Baseline,RandomForest,0.85,Tuning,Tuning,0.09,0.91
Baseline,RandomForest,0.85,Tuning,Tuning,0.05,0.95
Baseline,RandomForest,0.85,Tuning,Tuning,0.11,0.89
Baseline,RandomForest,0.85,Tuning,Tuning,0.25,0.75
Baseline,RandomForest,0.85,Tuning,Tuning,0.48,0.52
Baseline,RandomForest,0.85,Tuning,Tuning,0.1,0.9
Baseline,RandomForest,0.85,Defaults,Tuning,0.39,0.61
Baseline,RandomForest,0.85,Tuning,Tuning,0.31,0.69
Baseline,RandomForest,0.85,Defaults,Tuning,0.42,0.58
Baseline,RandomForest,0.85,Tuning,Tuning,0.32,0.68
Baseline,RandomForest,0.85,Tuning,Tuning,0.41,0.59
Baseline,RandomForest,0.85,Tuning,Tuning,0.48,0.52
Baseline,RandomForest,0.85,Tuning,Tuning,0.12,0.88
Baseline,RandomForest,0.85,Defaults,Tuning,0.28,0.72
Baseline,RandomForest,0.85,Defaults,Tuning,0.18,0.82
Baseline,RandomForest,0.85,Tuning,Tuning,0.05,0.95
Baseline,RandomForest,0.85,Tuning,Tuning,0.28,0.72
Baseline,RandomForest,0.85,Tuning,Tuning,0.03,0.97
Baseline,RandomForest,0.85,Tuning,Tuning,0.03,0.97
Baseline,RandomForest,0.85,Tuning,Tuning,0.21,0.79
Baseline,RandomForest,0.85,Tuning,Tuning,0.13,0.87
Baseline,RandomForest,0.85,Tuning,Tuning,0.44,0.56
Baseline,RandomForest,0.85,Tuning,Tuning,0.2,0.8
Baseline,RandomForest,0.85,Defaults,Tuning,0.41,0.59
Baseline,RandomForest,0.85,Tuning,Defaults,0.68,0.32
Baseline,RandomForest,0.85,Tuning,Defaults,0.77,0.23
Baseline,RandomForest,0.85,Tuning,Tuning,0.2,0.8
Baseline,RandomForest,0.85,Tuning,Defaults,0.5,0.5
Baseline,RandomForest,0.85,Defaults,Tuning,0.39,0.61
Baseline,RandomForest,0.85,Tuning,Tuning,0.34,0.66
Baseline,RandomForest,0.85,Tuning,Tuning,0.35,0.65
Baseline,RandomForest,0.85,Tuning,Tuning,0.18,0.82
Baseline,RandomForest,0.85,Defaults,Tuning,0.08,0.92
Baseline,RandomForest,0.85,Tuning,Tuning,0.25,0.75
Baseline,RandomForest,0.85,Tuning,Tuning,0.47,0.53
Baseline,RandomForest,0.85,Tuning,Tuning,0.14,0.86
Baseline,RandomForest,0.85,Defaults,Tuning,0.39,0.61
Baseline,RandomForest,0.85,Defaults,Defaults,0.58,0.42
Baseline,RandomForest,0.85,Tuning,Tuning,0.33,0.67
Baseline,RandomForest,0.85,Tuning,Tuning,0.28,0.72
Baseline,RandomForest,0.85,Tuning,Tuning,0.31,0.69
Baseline,RandomForest,0.85,Defaults,Tuning,0.48,0.52
Baseline,RandomForest,0.85,Defaults,Tuning,0.37,0.63
Baseline,RandomForest,0.85,Defaults,Defaults,0.64,0.36
Baseline,RandomForest,0.85,Tuning,Tuning,0.34,0.66
Baseline,RandomForest,0.85,Defaults,Tuning,0.47,0.53
Baseline,RandomForest,0.85,Tuning,Defaults,0.77,0.23
Baseline,RandomForest,0.85,Tuning,Tuning,0.2,0.8
Baseline,RandomForest,0.85,Defaults,Tuning,0.28,0.72
Baseline,RandomForest,0.85,Defaults,Defaults,0.5,0.5
Baseline,RandomForest,0.85,Tuning,Tuning,0.41,0.59
Baseline,RandomForest,0.85,Tuning,Tuning,0.19,0.81
Baseline,RandomForest,0.85,Defaults,Tuning,0.49,0.51
Baseline,RandomForest,0.85,Tuning,Tuning,0.44,0.56
Baseline,RandomForest,0.85,Tuning,Tuning,0.16,0.84
Baseline,RandomForest,0.85,Tuning,Tuning,0.33,0.67
Baseline,RandomForest,0.85,Tuning,Tuning,0.29,0.71
Baseline,RandomForest,0.9,Tuning,Tuning,0.14,0.86
Baseline,RandomForest,0.9,Tuning,Tuning,0.14,0.86
Baseline,RandomForest,0.9,Defaults,Defaults,0.53,0.47
Baseline,RandomForest,0.9,Tuning,Tuning,0.09,0.91
Baseline,RandomForest,0.9,Tuning,Tuning,0.06,0.94
Baseline,RandomForest,0.9,Tuning,Tuning,0.41,0.59
Baseline,RandomForest,0.9,Tuning,Tuning,0.05,0.95
Baseline,RandomForest,0.9,Defaults,Tuning,0.25,0.75
Baseline,RandomForest,0.9,Defaults,Tuning,0.29,0.71
Baseline,RandomForest,0.9,Tuning,Tuning,0.22,0.78
Baseline,RandomForest,0.9,Tuning,Tuning,0.07,0.93
Baseline,RandomForest,0.9,Defaults,Tuning,0.33,0.67
Baseline,RandomForest,0.9,Tuning,Tuning,0.07,0.93
Baseline,RandomForest,0.9,Tuning,Tuning,0.05,0.95
Baseline,RandomForest,0.9,Tuning,Tuning,0.17,0.83
Baseline,RandomForest,0.9,Tuning,Tuning,0.02,0.98
Baseline,RandomForest,0.9,Defaults,Defaults,0.69,0.31
Baseline,RandomForest,0.9,Tuning,Tuning,0.17,0.83
Baseline,RandomForest,0.9,Defaults,Tuning,0.26,0.74
Baseline,RandomForest,0.9,Tuning,Tuning,0.41,0.59
Baseline,RandomForest,0.9,Tuning,Tuning,0.48,0.52
Baseline,RandomForest,0.9,Defaults,Tuning,0.38,0.62
Baseline,RandomForest,0.9,Tuning,Tuning,0.19,0.81
Baseline,RandomForest,0.9,Tuning,Tuning,0.26,0.74
Baseline,RandomForest,0.9,Tuning,Tuning,0.02,0.98
Baseline,RandomForest,0.9,Tuning,Tuning,0.01,0.99
Baseline,RandomForest,0.9,Tuning,Tuning,0.02,0.98
Baseline,RandomForest,0.9,Tuning,Tuning,0.01,0.99
Baseline,RandomForest,0.9,Tuning,Tuning,0.04,0.96
Baseline,RandomForest,0.9,Tuning,Tuning,0.04,0.96
Baseline,RandomForest,0.9,Tuning,Tuning,0.06,0.94
Baseline,RandomForest,0.9,Tuning,Tuning,0.03,0.97
Baseline,RandomForest,0.9,Defaults,Defaults,0.69,0.31
Baseline,RandomForest,0.9,Defaults,Tuning,0.45,0.55
Baseline,RandomForest,0.9,Tuning,Tuning,0.21,0.79
Baseline,RandomForest,0.9,Tuning,Tuning,0.41,0.59
Baseline,RandomForest,0.9,Tuning,Tuning,0.28,0.72
Baseline,RandomForest,0.9,Defaults,Tuning,0.47,0.53
Baseline,RandomForest,0.9,Tuning,Tuning,0.18,0.82
Baseline,RandomForest,0.9,Defaults,Defaults,0.6,0.4
Baseline,RandomForest,0.9,Tuning,Tuning,0.19,0.81
Baseline,RandomForest,0.9,Tuning,Tuning,0.31,0.69
Baseline,RandomForest,0.9,Tuning,Tuning,0.23,0.77
Baseline,RandomForest,0.9,Tuning,Tuning,0.07,0.93
Baseline,RandomForest,0.9,Tuning,Tuning,0.17,0.83
Baseline,RandomForest,0.9,Tuning,Tuning,0.22,0.78
Baseline,RandomForest,0.9,Tuning,Tuning,0.49,0.51
Baseline,RandomForest,0.9,Tuning,Tuning,0.1,0.9
Baseline,RandomForest,0.9,Tuning,Tuning,0.42,0.58
Baseline,RandomForest,0.9,Tuning,Tuning,0.19,0.81
Baseline,RandomForest,0.9,Defaults,Tuning,0.28,0.72
Baseline,RandomForest,0.9,Tuning,Tuning,0.15,0.85
Baseline,RandomForest,0.9,Tuning,Tuning,0.21,0.79
Baseline,RandomForest,0.9,Defaults,Tuning,0.16,0.84
Baseline,RandomForest,0.9,Tuning,Defaults,0.7,0.3
Baseline,RandomForest,0.9,Tuning,Tuning,0.22,0.78
Baseline,RandomForest,0.9,Tuning,Tuning,0.22,0.78
Baseline,RandomForest,0.9,Tuning,Tuning,0.49,0.51
Baseline,RandomForest,0.9,Tuning,Tuning,0.42,0.58
Baseline,RandomForest,0.9,Tuning,Tuning,0.17,0.83
Baseline,RandomForest,0.9,Tuning,Tuning,0.14,0.86
Baseline,RandomForest,0.9,Tuning,Tuning,0.26,0.74
Baseline,RandomForest,0.9,Tuning,Tuning,0.28,0.72
Baseline,RandomForest,0.9,Defaults,Tuning,0.34,0.66
Baseline,RandomForest,0.9,Tuning,Defaults,0.51,0.49
Baseline,RandomForest,0.9,Defaults,Tuning,0.29,0.71
Baseline,RandomForest,0.9,Tuning,Tuning,0.35,0.65
Baseline,RandomForest,0.9,Tuning,Tuning,0.25,0.75
Baseline,RandomForest,0.9,Tuning,Tuning,0.4,0.6
Baseline,RandomForest,0.9,Tuning,Tuning,0.35,0.65
Baseline,RandomForest,0.9,Tuning,Tuning,0.29,0.71
Baseline,RandomForest,0.9,Defaults,Tuning,0.06,0.94
Baseline,RandomForest,0.9,Tuning,Tuning,0.31,0.69
Baseline,RandomForest,0.9,Defaults,Defaults,0.9,0.1
Baseline,RandomForest,0.9,Defaults,Defaults,0.86,0.14
Baseline,RandomForest,0.9,Defaults,Defaults,0.84,0.16
Baseline,RandomForest,0.9,Defaults,Defaults,0.92,0.08
Baseline,RandomForest,0.9,Tuning,Tuning,0.3,0.7
Baseline,RandomForest,0.9,Tuning,Tuning,0.31,0.69
Baseline,RandomForest,0.9,Tuning,Tuning,0.34,0.66
Baseline,RandomForest,0.9,Defaults,Tuning,0.42,0.58
Baseline,RandomForest,0.9,Defaults,Tuning,0.48,0.52
Baseline,RandomForest,0.9,Defaults,Tuning,0.2,0.8
Baseline,RandomForest,0.9,Defaults,Tuning,0.42,0.58
Baseline,RandomForest,0.9,Tuning,Defaults,0.61,0.39
Baseline,RandomForest,0.9,Tuning,Defaults,0.52,0.48
Baseline,RandomForest,0.9,Defaults,Defaults,0.73,0.27
Baseline,RandomForest,0.9,Tuning,Tuning,0.05,0.95
Baseline,RandomForest,0.9,Defaults,Defaults,0.54,0.46
Baseline,RandomForest,0.9,Tuning,Tuning,0.16,0.84
Baseline,RandomForest,0.9,Tuning,Tuning,0.06,0.94
Baseline,RandomForest,0.9,Defaults,Tuning,0.28,0.72
Baseline,RandomForest,0.9,Tuning,Tuning,0.14,0.86
Baseline,RandomForest,0.9,Defaults,Tuning,0.43,0.57
Baseline,RandomForest,0.9,Tuning,Tuning,0.27,0.73
Baseline,RandomForest,0.9,Tuning,Tuning,0.05,0.95
Baseline,RandomForest,0.9,Tuning,Tuning,0.06,0.94
Baseline,RandomForest,0.9,Defaults,Tuning,0.42,0.58
Baseline,RandomForest,0.9,Tuning,Tuning,0.29,0.71
Baseline,RandomForest,0.9,Tuning,Tuning,0.16,0.84
Baseline,RandomForest,0.9,Tuning,Tuning,0.29,0.71
Baseline,RandomForest,0.9,Defaults,Tuning,0.02,0.98
Baseline,RandomForest,0.9,Tuning,Tuning,0.21,0.79
Baseline,RandomForest,0.9,Tuning,Tuning,0.27,0.73
Baseline,RandomForest,0.9,Tuning,Tuning,0.35,0.65
Baseline,RandomForest,0.9,Tuning,Tuning,0.17,0.83
Baseline,RandomForest,0.9,Tuning,Defaults,0.57,0.43
Baseline,RandomForest,0.9,Tuning,Tuning,0.04,0.96
Baseline,RandomForest,0.9,Tuning,Tuning,0.34,0.66
Baseline,RandomForest,0.9,Defaults,Tuning,0.26,0.74
Baseline,RandomForest,0.9,Tuning,Tuning,0.24,0.76
Baseline,RandomForest,0.9,Tuning,Tuning,0.02,0.98
Baseline,RandomForest,0.9,Tuning,Tuning,0.16,0.84
Baseline,RandomForest,0.9,Tuning,Tuning,0.01,0.99
Baseline,RandomForest,0.9,Tuning,Tuning,0.1,0.9
Baseline,RandomForest,0.9,Tuning,Tuning,0.23,0.77
Baseline,RandomForest,0.9,Tuning,Defaults,0.5,0.5
Baseline,RandomForest,0.9,Tuning,Tuning,0.19,0.81
Baseline,RandomForest,0.9,Defaults,Tuning,0.37,0.63
Baseline,RandomForest,0.9,Tuning,Tuning,0.28,0.72
Baseline,RandomForest,0.9,Defaults,Defaults,0.56,0.44
Baseline,RandomForest,0.9,Tuning,Tuning,0.39,0.61
Baseline,RandomForest,0.9,Tuning,Tuning,0.42,0.58
Baseline,RandomForest,0.9,Tuning,Tuning,0.46,0.54
Baseline,RandomForest,0.9,Tuning,Tuning,0.1,0.9
Baseline,RandomForest,0.9,Defaults,Tuning,0.3,0.7
Baseline,RandomForest,0.9,Defaults,Tuning,0.17,0.83
Baseline,RandomForest,0.9,Tuning,Tuning,0.07,0.93
Baseline,RandomForest,0.9,Tuning,Tuning,0.29,0.71
Baseline,RandomForest,0.9,Tuning,Tuning,0.04,0.96
Baseline,RandomForest,0.9,Tuning,Tuning,0.04,0.96
Baseline,RandomForest,0.9,Tuning,Tuning,0.28,0.72
Baseline,RandomForest,0.9,Tuning,Tuning,0.14,0.86
Baseline,RandomForest,0.9,Tuning,Tuning,0.33,0.67
Baseline,RandomForest,0.9,Tuning,Tuning,0.11,0.89
Baseline,RandomForest,0.9,Defaults,Tuning,0.4,0.6
Baseline,RandomForest,0.9,Tuning,Defaults,0.65,0.35
Baseline,RandomForest,0.9,Tuning,Defaults,0.81,0.19
Baseline,RandomForest,0.9,Tuning,Tuning,0.23,0.77
Baseline,RandomForest,0.9,Tuning,Tuning,0.31,0.69
Baseline,RandomForest,0.9,Defaults,Tuning,0.3,0.7
Baseline,RandomForest,0.9,Tuning,Tuning,0.29,0.71
Baseline,RandomForest,0.9,Tuning,Tuning,0.32,0.68
Baseline,RandomForest,0.9,Tuning,Tuning,0.14,0.86
Baseline,RandomForest,0.9,Defaults,Tuning,0.11,0.89
Baseline,RandomForest,0.9,Tuning,Tuning,0.24,0.76
Baseline,RandomForest,0.9,Tuning,Tuning,0.46,0.54
Baseline,RandomForest,0.9,Tuning,Tuning,0.23,0.77
Baseline,RandomForest,0.9,Defaults,Tuning,0.44,0.56
Baseline,RandomForest,0.9,Defaults,Tuning,0.45,0.55
Baseline,RandomForest,0.9,Tuning,Tuning,0.46,0.54
Baseline,RandomForest,0.9,Tuning,Tuning,0.29,0.71
Baseline,RandomForest,0.9,Tuning,Tuning,0.3,0.7
Baseline,RandomForest,0.9,Defaults,Tuning,0.47,0.53
Baseline,RandomForest,0.9,Defaults,Tuning,0.44,0.56
Baseline,RandomForest,0.9,Defaults,Defaults,0.59,0.41
Baseline,RandomForest,0.9,Tuning,Tuning,0.31,0.69
Baseline,RandomForest,0.9,Defaults,Defaults,0.5,0.5
Baseline,RandomForest,0.9,Tuning,Defaults,0.73,0.27
Baseline,RandomForest,0.9,Tuning,Tuning,0.24,0.76
Baseline,RandomForest,0.9,Defaults,Tuning,0.3,0.7
Baseline,RandomForest,0.9,Defaults,Tuning,0.46,0.54
Baseline,RandomForest,0.9,Tuning,Tuning,0.39,0.61
Baseline,RandomForest,0.9,Tuning,Tuning,0.17,0.83
Baseline,RandomForest,0.9,Defaults,Defaults,0.54,0.46
Baseline,RandomForest,0.9,Tuning,Tuning,0.39,0.61
Baseline,RandomForest,0.9,Tuning,Tuning,0.31,0.69
Baseline,RandomForest,0.9,Tuning,Tuning,0.4,0.6
Baseline,RandomForest,0.9,Tuning,Tuning,0.3,0.7
Baseline,RandomForest,0.95,Tuning,Tuning,0.13,0.87
Baseline,RandomForest,0.95,Tuning,Tuning,0.1,0.9
Baseline,RandomForest,0.95,Defaults,Defaults,0.55,0.45
Baseline,RandomForest,0.95,Tuning,Tuning,0.04,0.96
Baseline,RandomForest,0.95,Tuning,Tuning,0.09,0.91
Baseline,RandomForest,0.95,Tuning,Tuning,0.49,0.51
Baseline,RandomForest,0.95,Tuning,Tuning,0.1,0.9
Baseline,RandomForest,0.95,Defaults,Tuning,0.24,0.76
Baseline,RandomForest,0.95,Defaults,Tuning,0.24,0.76
Baseline,RandomForest,0.95,Tuning,Tuning,0.29,0.71
Baseline,RandomForest,0.95,Tuning,Tuning,0.05,0.95
Baseline,RandomForest,0.95,Defaults,Tuning,0.33,0.67
Baseline,RandomForest,0.95,Tuning,Tuning,0.05,0.95
Baseline,RandomForest,0.95,Tuning,Tuning,0.02,0.98
Baseline,RandomForest,0.95,Tuning,Tuning,0.16,0.84
Baseline,RandomForest,0.95,Tuning,Tuning,0.02,0.98
Baseline,RandomForest,0.95,Defaults,Defaults,0.63,0.37
Baseline,RandomForest,0.95,Tuning,Tuning,0.2,0.8
Baseline,RandomForest,0.95,Defaults,Tuning,0.18,0.82
Baseline,RandomForest,0.95,Tuning,Tuning,0.45,0.55
Baseline,RandomForest,0.95,Tuning,Tuning,0.43,0.57
Baseline,RandomForest,0.95,Defaults,Tuning,0.36,0.64
Baseline,RandomForest,0.95,Tuning,Tuning,0.26,0.74
Baseline,RandomForest,0.95,Tuning,Tuning,0.28,0.72
Baseline,RandomForest,0.95,Tuning,Tuning,0.05,0.95
Baseline,RandomForest,0.95,Tuning,Tuning,0.01,0.99
Baseline,RandomForest,0.95,Tuning,Tuning,0.01,0.99
Baseline,RandomForest,0.95,Tuning,Tuning,0.07,0.93
Baseline,RandomForest,0.95,Tuning,Tuning,0.02,0.98
Baseline,RandomForest,0.95,Tuning,Tuning,0.08,0.92
Baseline,RandomForest,0.95,Tuning,Tuning,0.01,0.99
Baseline,RandomForest,0.95,Tuning,Tuning,0.03,0.97
Baseline,RandomForest,0.95,Defaults,Defaults,0.73,0.27
Baseline,RandomForest,0.95,Defaults,Tuning,0.43,0.57
Baseline,RandomForest,0.95,Tuning,Tuning,0.24,0.76
Baseline,RandomForest,0.95,Tuning,Tuning,0.36,0.64
Baseline,RandomForest,0.95,Tuning,Tuning,0.28,0.72
Baseline,RandomForest,0.95,Defaults,Tuning,0.39,0.61
Baseline,RandomForest,0.95,Tuning,Tuning,0.16,0.84
Baseline,RandomForest,0.95,Defaults,Defaults,0.57,0.43
Baseline,RandomForest,0.95,Tuning,Tuning,0.13,0.87
Baseline,RandomForest,0.95,Tuning,Tuning,0.25,0.75
Baseline,RandomForest,0.95,Tuning,Tuning,0.26,0.74
Baseline,RandomForest,0.95,Tuning,Tuning,0.06,0.94
Baseline,RandomForest,0.95,Tuning,Tuning,0.24,0.76
Baseline,RandomForest,0.95,Tuning,Tuning,0.2,0.8
Baseline,RandomForest,0.95,Tuning,Defaults,0.57,0.43
Baseline,RandomForest,0.95,Tuning,Tuning,0.11,0.89
Baseline,RandomForest,0.95,Tuning,Tuning,0.37,0.63
Baseline,RandomForest,0.95,Tuning,Tuning,0.19,0.81
Baseline,RandomForest,0.95,Defaults,Tuning,0.3,0.7
Baseline,RandomForest,0.95,Tuning,Tuning,0.12,0.88
Baseline,RandomForest,0.95,Tuning,Tuning,0.16,0.84
Baseline,RandomForest,0.95,Defaults,Tuning,0.24,0.76
Baseline,RandomForest,0.95,Tuning,Defaults,0.74,0.26
Baseline,RandomForest,0.95,Tuning,Tuning,0.23,0.77
Baseline,RandomForest,0.95,Tuning,Tuning,0.2,0.8
Baseline,RandomForest,0.95,Tuning,Tuning,0.46,0.54
Baseline,RandomForest,0.95,Tuning,Tuning,0.37,0.63
Baseline,RandomForest,0.95,Tuning,Tuning,0.17,0.83
Baseline,RandomForest,0.95,Tuning,Tuning,0.16,0.84
Baseline,RandomForest,0.95,Tuning,Tuning,0.27,0.73
Baseline,RandomForest,0.95,Tuning,Tuning,0.24,0.76
Baseline,RandomForest,0.95,Defaults,Tuning,0.37,0.63
Baseline,RandomForest,0.95,Tuning,Tuning,0.46,0.54
Baseline,RandomForest,0.95,Defaults,Tuning,0.42,0.58
Baseline,RandomForest,0.95,Tuning,Tuning,0.41,0.59
Baseline,RandomForest,0.95,Tuning,Tuning,0.26,0.74
Baseline,RandomForest,0.95,Tuning,Tuning,0.44,0.56
Baseline,RandomForest,0.95,Tuning,Tuning,0.31,0.69
Baseline,RandomForest,0.95,Tuning,Tuning,0.18,0.82
Baseline,RandomForest,0.95,Defaults,Tuning,0.05,0.95
Baseline,RandomForest,0.95,Tuning,Tuning,0.29,0.71
Baseline,RandomForest,0.95,Defaults,Defaults,0.95,0.05
Baseline,RandomForest,0.95,Defaults,Defaults,0.92,0.08
Baseline,RandomForest,0.95,Defaults,Defaults,0.88,0.12
Baseline,RandomForest,0.95,Defaults,Defaults,0.94,0.06
Baseline,RandomForest,0.95,Tuning,Tuning,0.27,0.73
Baseline,RandomForest,0.95,Tuning,Tuning,0.27,0.73
Baseline,RandomForest,0.95,Tuning,Tuning,0.41,0.59
Baseline,RandomForest,0.95,Defaults,Tuning,0.37,0.63
Baseline,RandomForest,0.95,Defaults,Tuning,0.46,0.54
Baseline,RandomForest,0.95,Defaults,Tuning,0.25,0.75
Baseline,RandomForest,0.95,Defaults,Defaults,0.51,0.49
Baseline,RandomForest,0.95,Tuning,Defaults,0.63,0.37
Baseline,RandomForest,0.95,Tuning,Defaults,0.51,0.49
Baseline,RandomForest,0.95,Defaults,Defaults,0.71,0.29
Baseline,RandomForest,0.95,Tuning,Tuning,0.02,0.98
Baseline,RandomForest,0.95,Defaults,Defaults,0.5,0.5
Baseline,RandomForest,0.95,Tuning,Tuning,0.23,0.77
Baseline,RandomForest,0.95,Tuning,Tuning,0.02,0.98
Baseline,RandomForest,0.95,Defaults,Tuning,0.27,0.73
Baseline,RandomForest,0.95,Tuning,Tuning,0.19,0.81
Baseline,RandomForest,0.95,Defaults,Tuning,0.43,0.57
Baseline,RandomForest,0.95,Tuning,Tuning,0.26,0.74
Baseline,RandomForest,0.95,Tuning,Tuning,0.05,0.95
Baseline,RandomForest,0.95,Tuning,Tuning,0.05,0.95
Baseline,RandomForest,0.95,Defaults,Tuning,0.44,0.56
Baseline,RandomForest,0.95,Tuning,Tuning,0.27,0.73
Baseline,RandomForest,0.95,Tuning,Tuning,0.09,0.91
Baseline,RandomForest,0.95,Tuning,Tuning,0.24,0.76
Baseline,RandomForest,0.95,Defaults,Tuning,0.02,0.98
Baseline,RandomForest,0.95,Tuning,Tuning,0.18,0.82
Baseline,RandomForest,0.95,Tuning,Tuning,0.28,0.72
Baseline,RandomForest,0.95,Tuning,Tuning,0.48,0.52
Baseline,RandomForest,0.95,Tuning,Tuning,0.18,0.82
Baseline,RandomForest,0.95,Tuning,Defaults,0.6,0.4
Baseline,RandomForest,0.95,Tuning,Tuning,0.04,0.96
Baseline,RandomForest,0.95,Tuning,Tuning,0.37,0.63
Baseline,RandomForest,0.95,Defaults,Tuning,0.29,0.71
Baseline,RandomForest,0.95,Tuning,Tuning,0.25,0.75
Baseline,RandomForest,0.95,Tuning,Tuning,0.06,0.94
Baseline,RandomForest,0.95,Tuning,Tuning,0.23,0.77
Baseline,RandomForest,0.95,Tuning,Tuning,0.06,0.94
Baseline,RandomForest,0.95,Tuning,Tuning,0.14,0.86
Baseline,RandomForest,0.95,Tuning,Tuning,0.19,0.81
Baseline,RandomForest,0.95,Tuning,Defaults,0.57,0.43
Baseline,RandomForest,0.95,Tuning,Tuning,0.14,0.86
Baseline,RandomForest,0.95,Defaults,Tuning,0.46,0.54
Baseline,RandomForest,0.95,Tuning,Tuning,0.38,0.62
Baseline,RandomForest,0.95,Defaults,Tuning,0.49,0.51
Baseline,RandomForest,0.95,Tuning,Tuning,0.28,0.72
Baseline,RandomForest,0.95,Tuning,Tuning,0.39,0.61
Baseline,RandomForest,0.95,Tuning,Tuning,0.37,0.63
Baseline,RandomForest,0.95,Tuning,Tuning,0.12,0.88
Baseline,RandomForest,0.95,Defaults,Tuning,0.31,0.69
Baseline,RandomForest,0.95,Defaults,Tuning,0.17,0.83
Baseline,RandomForest,0.95,Tuning,Tuning,0.05,0.95
Baseline,RandomForest,0.95,Tuning,Tuning,0.27,0.73
Baseline,RandomForest,0.95,Tuning,Tuning,0.04,0.96
Baseline,RandomForest,0.95,Tuning,Tuning,0.04,0.96
Baseline,RandomForest,0.95,Tuning,Tuning,0.3,0.7
Baseline,RandomForest,0.95,Tuning,Tuning,0.12,0.88
Baseline,RandomForest,0.95,Tuning,Tuning,0.42,0.58
Baseline,RandomForest,0.95,Tuning,Tuning,0.19,0.81
Baseline,RandomForest,0.95,Defaults,Tuning,0.36,0.64
Baseline,RandomForest,0.95,Tuning,Defaults,0.73,0.27
Baseline,RandomForest,0.95,Tuning,Defaults,0.66,0.34
Baseline,RandomForest,0.95,Tuning,Tuning,0.18,0.82
Baseline,RandomForest,0.95,Tuning,Tuning,0.35,0.65
Baseline,RandomForest,0.95,Defaults,Tuning,0.3,0.7
Baseline,RandomForest,0.95,Tuning,Tuning,0.42,0.58
Baseline,RandomForest,0.95,Tuning,Tuning,0.31,0.69
Baseline,RandomForest,0.95,Tuning,Tuning,0.15,0.85
Baseline,RandomForest,0.95,Defaults,Tuning,0.11,0.89
Baseline,RandomForest,0.95,Tuning,Tuning,0.27,0.73
Baseline,RandomForest,0.95,Tuning,Tuning,0.45,0.55
Baseline,RandomForest,0.95,Tuning,Tuning,0.14,0.86
Baseline,RandomForest,0.95,Defaults,Defaults,0.51,0.49
Baseline,RandomForest,0.95,Defaults,Tuning,0.47,0.53
Baseline,RandomForest,0.95,Tuning,Tuning,0.37,0.63
Baseline,RandomForest,0.95,Tuning,Tuning,0.23,0.77
Baseline,RandomForest,0.95,Tuning,Tuning,0.4,0.6
Baseline,RandomForest,0.95,Defaults,Defaults,0.5,0.5
Baseline,RandomForest,0.95,Defaults,Defaults,0.53,0.47
Baseline,RandomForest,0.95,Defaults,Defaults,0.54,0.46
Baseline,RandomForest,0.95,Tuning,Tuning,0.37,0.63
Baseline,RandomForest,0.95,Defaults,Defaults,0.5,0.5
Baseline,RandomForest,0.95,Tuning,Defaults,0.78,0.22
Baseline,RandomForest,0.95,Tuning,Tuning,0.33,0.67
Baseline,RandomForest,0.95,Defaults,Tuning,0.34,0.66
Baseline,RandomForest,0.95,Defaults,Tuning,0.46,0.54
Baseline,RandomForest,0.95,Tuning,Tuning,0.44,0.56
Baseline,RandomForest,0.95,Tuning,Tuning,0.27,0.73
Baseline,RandomForest,0.95,Defaults,Tuning,0.41,0.59
Baseline,RandomForest,0.95,Tuning,Tuning,0.44,0.56
Baseline,RandomForest,0.95,Tuning,Tuning,0.21,0.79
Baseline,RandomForest,0.95,Tuning,Tuning,0.3,0.7
Baseline,RandomForest,0.95,Tuning,Tuning,0.27,0.73
Baseline,KNN,0.8,Tuning,Tuning,0.4,0.6
Baseline,KNN,0.8,Tuning,Defaults,0.8,0.2
Baseline,KNN,0.8,Defaults,Tuning,0.4,0.6
Baseline,KNN,0.8,Tuning,Tuning,0.0,1.0
Baseline,KNN,0.8,Tuning,Tuning,0.0,1.0
Baseline,KNN,0.8,Tuning,Tuning,0.4,0.6
Baseline,KNN,0.8,Tuning,Tuning,0.0,1.0
Baseline,KNN,0.8,Defaults,Tuning,0.0,1.0
Baseline,KNN,0.8,Defaults,Tuning,0.0,1.0
Baseline,KNN,0.8,Tuning,Tuning,0.4,0.6
Baseline,KNN,0.8,Tuning,Tuning,0.0,1.0
Baseline,KNN,0.8,Defaults,Tuning,0.4,0.6
Baseline,KNN,0.8,Tuning,Tuning,0.2,0.8
Baseline,KNN,0.8,Tuning,Tuning,0.2,0.8
Baseline,KNN,0.8,Tuning,Tuning,0.0,1.0
Baseline,KNN,0.8,Tuning,Tuning,0.0,1.0
Baseline,KNN,0.8,Defaults,Defaults,0.6,0.4
Baseline,KNN,0.8,Tuning,Tuning,0.4,0.6
Baseline,KNN,0.8,Defaults,Defaults,0.6,0.4
Baseline,KNN,0.8,Tuning,Tuning,0.2,0.8
Baseline,KNN,0.8,Tuning,Tuning,0.4,0.6
Baseline,KNN,0.8,Defaults,Defaults,0.8,0.2
Baseline,KNN,0.8,Tuning,Tuning,0.2,0.8
Baseline,KNN,0.8,Tuning,Tuning,0.2,0.8
Baseline,KNN,0.8,Tuning,Tuning,0.2,0.8
Baseline,KNN,0.8,Tuning,Tuning,0.0,1.0
Baseline,KNN,0.8,Tuning,Tuning,0.0,1.0
Baseline,KNN,0.8,Tuning,Tuning,0.0,1.0
Baseline,KNN,0.8,Tuning,Tuning,0.0,1.0
Baseline,KNN,0.8,Tuning,Tuning,0.0,1.0
Baseline,KNN,0.8,Tuning,Tuning,0.0,1.0
Baseline,KNN,0.8,Tuning,Tuning,0.0,1.0
Baseline,KNN,0.8,Defaults,Defaults,0.8,0.2
Baseline,KNN,0.8,Defaults,Tuning,0.4,0.6
Baseline,KNN,0.8,Tuning,Tuning,0.4,0.6
Baseline,KNN,0.8,Tuning,Tuning,0.2,0.8
Baseline,KNN,0.8,Tuning,Tuning,0.4,0.6
Baseline,KNN,0.8,Defaults,Tuning,0.2,0.8
Baseline,KNN,0.8,Tuning,Defaults,0.6,0.4
Baseline,KNN,0.8,Defaults,Defaults,0.6,0.4
Baseline,KNN,0.8,Tuning,Tuning,0.2,0.8
Baseline,KNN,0.8,Tuning,Tuning,0.2,0.8
Baseline,KNN,0.8,Tuning,Tuning,0.4,0.6
Baseline,KNN,0.8,Tuning,Tuning,0.4,0.6
Baseline,KNN,0.8,Tuning,Defaults,0.6,0.4
Baseline,KNN,0.8,Tuning,Defaults,0.6,0.4
Baseline,KNN,0.8,Tuning,Tuning,0.2,0.8
Baseline,KNN,0.8,Tuning,Tuning,0.2,0.8
Baseline,KNN,0.8,Tuning,Tuning,0.2,0.8
Baseline,KNN,0.8,Tuning,Tuning,0.4,0.6
Baseline,KNN,0.8,Defaults,Tuning,0.4,0.6
Baseline,KNN,0.8,Tuning,Tuning,0.2,0.8
Baseline,KNN,0.8,Tuning,Tuning,0.2,0.8
Baseline,KNN,0.8,Defaults,Tuning,0.4,0.6
Baseline,KNN,0.8,Tuning,Defaults,1.0,0.0
Baseline,KNN,0.8,Tuning,Tuning,0.0,1.0
Baseline,KNN,0.8,Tuning,Tuning,0.4,0.6
Baseline,KNN,0.8,Tuning,Defaults,0.6,0.4
Baseline,KNN,0.8,Tuning,Tuning,0.4,0.6
Baseline,KNN,0.8,Tuning,Tuning,0.2,0.8
Baseline,KNN,0.8,Tuning,Tuning,0.0,1.0
Baseline,KNN,0.8,Tuning,Tuning,0.2,0.8
Baseline,KNN,0.8,Tuning,Tuning,0.4,0.6
Baseline,KNN,0.8,Defaults,Defaults,0.6,0.4
Baseline,KNN,0.8,Tuning,Tuning,0.4,0.6
Baseline,KNN,0.8,Defaults,Defaults,0.8,0.2
Baseline,KNN,0.8,Tuning,Tuning,0.2,0.8
Baseline,KNN,0.8,Tuning,Tuning,0.4,0.6
Baseline,KNN,0.8,Tuning,Tuning,0.2,0.8
Baseline,KNN,0.8,Tuning,Tuning,0.2,0.8
Baseline,KNN,0.8,Tuning,Tuning,0.4,0.6
Baseline,KNN,0.8,Defaults,Tuning,0.0,1.0
Baseline,KNN,0.8,Tuning,Tuning,0.2,0.8
Baseline,KNN,0.8,Defaults,Defaults,0.6,0.4
Baseline,KNN,0.8,Defaults,Defaults,0.6,0.4
Baseline,KNN,0.8,Defaults,Defaults,0.6,0.4
Baseline,KNN,0.8,Defaults,Defaults,0.6,0.4
Baseline,KNN,0.8,Tuning,Defaults,0.6,0.4
Baseline,KNN,0.8,Tuning,Defaults,0.6,0.4
Baseline,KNN,0.8,Tuning,Defaults,0.8,0.2
Baseline,KNN,0.8,Defaults,Defaults,0.6,0.4
Baseline,KNN,0.8,Defaults,Defaults,0.6,0.4
Baseline,KNN,0.8,Defaults,Tuning,0.4,0.6
Baseline,KNN,0.8,Defaults,Defaults,0.6,0.4
Baseline,KNN,0.8,Tuning,Defaults,0.8,0.2
Baseline,KNN,0.8,Tuning,Defaults,0.6,0.4
Baseline,KNN,0.8,Defaults,Defaults,1.0,0.0
Baseline,KNN,0.8,Tuning,Tuning,0.0,1.0
Baseline,KNN,0.8,Defaults,Tuning,0.4,0.6
Baseline,KNN,0.8,Tuning,Defaults,0.8,0.2
Baseline,KNN,0.8,Tuning,Tuning,0.2,0.8
Baseline,KNN,0.8,Defaults,Tuning,0.2,0.8
Baseline,KNN,0.8,Tuning,Tuning,0.2,0.8
Baseline,KNN,0.8,Defaults,Tuning,0.2,0.8
Baseline,KNN,0.8,Tuning,Tuning,0.4,0.6
Baseline,KNN,0.8,Tuning,Tuning,0.4,0.6
Baseline,KNN,0.8,Tuning,Tuning,0.2,0.8
Baseline,KNN,0.8,Defaults,Defaults,0.6,0.4
Baseline,KNN,0.8,Tuning,Tuning,0.2,0.8
Baseline,KNN,0.8,Tuning,Tuning,0.4,0.6
Baseline,KNN,0.8,Tuning,Tuning,0.4,0.6
Baseline,KNN,0.8,Defaults,Tuning,0.2,0.8
Baseline,KNN,0.8,Tuning,Tuning,0.4,0.6
Baseline,KNN,0.8,Tuning,Defaults,0.6,0.4
Baseline,KNN,0.8,Tuning,Defaults,0.6,0.4
Baseline,KNN,0.8,Tuning,Tuning,0.2,0.8
Baseline,KNN,0.8,Tuning,Defaults,0.6,0.4
Baseline,KNN,0.8,Tuning,Tuning,0.4,0.6
Baseline,KNN,0.8,Tuning,Tuning,0.4,0.6
Baseline,KNN,0.8,Defaults,Defaults,0.6,0.4
Baseline,KNN,0.8,Tuning,Tuning,0.2,0.8
Baseline,KNN,0.8,Tuning,Tuning,0.0,1.0
Baseline,KNN,0.8,Tuning,Tuning,0.0,1.0
Baseline,KNN,0.8,Tuning,Tuning,0.0,1.0
Baseline,KNN,0.8,Tuning,Tuning,0.2,0.8
Baseline,KNN,0.8,Tuning,Tuning,0.4,0.6
Baseline,KNN,0.8,Tuning,Defaults,0.6,0.4
Baseline,KNN,0.8,Tuning,Tuning,0.0,1.0
Baseline,KNN,0.8,Defaults,Defaults,0.6,0.4
Baseline,KNN,0.8,Tuning,Tuning,0.4,0.6
Baseline,KNN,0.8,Defaults,Defaults,0.8,0.2
Baseline,KNN,0.8,Tuning,Defaults,0.6,0.4
Baseline,KNN,0.8,Tuning,Defaults,0.6,0.4
Baseline,KNN,0.8,Tuning,Defaults,0.8,0.2
Baseline,KNN,0.8,Tuning,Tuning,0.4,0.6
Baseline,KNN,0.8,Defaults,Tuning,0.2,0.8
Baseline,KNN,0.8,Defaults,Tuning,0.2,0.8
Baseline,KNN,0.8,Tuning,Tuning,0.2,0.8
Baseline,KNN,0.8,Tuning,Tuning,0.4,0.6
Baseline,KNN,0.8,Tuning,Tuning,0.2,0.8
Baseline,KNN,0.8,Tuning,Tuning,0.2,0.8
Baseline,KNN,0.8,Tuning,Tuning,0.4,0.6
Baseline,KNN,0.8,Tuning,Tuning,0.4,0.6
Baseline,KNN,0.8,Tuning,Tuning,0.2,0.8
Baseline,KNN,0.8,Tuning,Tuning,0.2,0.8
Baseline,KNN,0.8,Defaults,Tuning,0.0,1.0
Baseline,KNN,0.8,Tuning,Tuning,0.4,0.6
Baseline,KNN,0.8,Tuning,Tuning,0.4,0.6
Baseline,KNN,0.8,Tuning,Tuning,0.4,0.6
Baseline,KNN,0.8,Tuning,Tuning,0.2,0.8
Baseline,KNN,0.8,Defaults,Defaults,0.8,0.2
Baseline,KNN,0.8,Tuning,Tuning,0.4,0.6
Baseline,KNN,0.8,Tuning,Defaults,0.8,0.2
Baseline,KNN,0.8,Tuning,Tuning,0.4,0.6
Baseline,KNN,0.8,Defaults,Tuning,0.2,0.8
Baseline,KNN,0.8,Tuning,Tuning,0.0,1.0
Baseline,KNN,0.8,Tuning,Defaults,0.8,0.2
Baseline,KNN,0.8,Tuning,Tuning,0.4,0.6
Baseline,KNN,0.8,Defaults,Defaults,0.6,0.4
Baseline,KNN,0.8,Defaults,Tuning,0.4,0.6
Baseline,KNN,0.8,Tuning,Tuning,0.4,0.6
Baseline,KNN,0.8,Tuning,Defaults,0.6,0.4
Baseline,KNN,0.8,Tuning,Tuning,0.4,0.6
Baseline,KNN,0.8,Defaults,Tuning,0.4,0.6
Baseline,KNN,0.8,Defaults,Tuning,0.4,0.6
Baseline,KNN,0.8,Defaults,Defaults,0.6,0.4
Baseline,KNN,0.8,Tuning,Tuning,0.4,0.6
Baseline,KNN,0.8,Defaults,Tuning,0.4,0.6
Baseline,KNN,0.8,Tuning,Tuning,0.4,0.6
Baseline,KNN,0.8,Tuning,Tuning,0.2,0.8
Baseline,KNN,0.8,Defaults,Tuning,0.4,0.6
Baseline,KNN,0.8,Defaults,Defaults,0.8,0.2
Baseline,KNN,0.8,Tuning,Tuning,0.4,0.6
Baseline,KNN,0.8,Tuning,Tuning,0.0,1.0
Baseline,KNN,0.8,Defaults,Tuning,0.4,0.6
Baseline,KNN,0.8,Tuning,Defaults,0.6,0.4
Baseline,KNN,0.8,Tuning,Tuning,0.4,0.6
Baseline,KNN,0.8,Tuning,Tuning,0.2,0.8
Baseline,KNN,0.8,Tuning,Tuning,0.2,0.8
Baseline,KNN,0.85,Tuning,Tuning,0.4,0.6
Baseline,KNN,0.85,Tuning,Defaults,0.8,0.2
Baseline,KNN,0.85,Defaults,Tuning,0.4,0.6
Baseline,KNN,0.85,Tuning,Tuning,0.0,1.0
Baseline,KNN,0.85,Tuning,Tuning,0.0,1.0
Baseline,KNN,0.85,Tuning,Defaults,0.6,0.4
Baseline,KNN,0.85,Tuning,Tuning,0.0,1.0
Baseline,KNN,0.85,Defaults,Tuning,0.0,1.0
Baseline,KNN,0.85,Defaults,Tuning,0.0,1.0
Baseline,KNN,0.85,Tuning,Tuning,0.4,0.6
Baseline,KNN,0.85,Tuning,Tuning,0.0,1.0
Baseline,KNN,0.85,Defaults,Tuning,0.4,0.6
Baseline,KNN,0.85,Tuning,Tuning,0.2,0.8
Baseline,KNN,0.85,Tuning,Tuning,0.2,0.8
Baseline,KNN,0.85,Tuning,Tuning,0.0,1.0
Baseline,KNN,0.85,Tuning,Tuning,0.0,1.0
Baseline,KNN,0.85,Defaults,Defaults,0.6,0.4
Baseline,KNN,0.85,Tuning,Tuning,0.4,0.6
Baseline,KNN,0.85,Defaults,Defaults,0.6,0.4
Baseline,KNN,0.85,Tuning,Tuning,0.2,0.8
Baseline,KNN,0.85,Tuning,Defaults,0.6,0.4
Baseline,KNN,0.85,Defaults,Defaults,0.6,0.4
Baseline,KNN,0.85,Tuning,Tuning,0.2,0.8
Baseline,KNN,0.85,Tuning,Tuning,0.4,0.6
Baseline,KNN,0.85,Tuning,Tuning,0.2,0.8
Baseline,KNN,0.85,Tuning,Tuning,0.0,1.0
Baseline,KNN,0.85,Tuning,Tuning,0.0,1.0
Baseline,KNN,0.85,Tuning,Tuning,0.2,0.8
Baseline,KNN,0.85,Tuning,Tuning,0.0,1.0
Baseline,KNN,0.85,Tuning,Tuning,0.0,1.0
Baseline,KNN,0.85,Tuning,Tuning,0.0,1.0
Baseline,KNN,0.85,Tuning,Tuning,0.0,1.0
Baseline,KNN,0.85,Defaults,Defaults,0.8,0.2
Baseline,KNN,0.85,Defaults,Tuning,0.4,0.6
Baseline,KNN,0.85,Tuning,Tuning,0.4,0.6
Baseline,KNN,0.85,Tuning,Tuning,0.2,0.8
Baseline,KNN,0.85,Tuning,Defaults,0.6,0.4
Baseline,KNN,0.85,Defaults,Tuning,0.4,0.6
Baseline,KNN,0.85,Tuning,Defaults,0.6,0.4
Baseline,KNN,0.85,Defaults,Defaults,0.6,0.4
Baseline,KNN,0.85,Tuning,Tuning,0.2,0.8
Baseline,KNN,0.85,Tuning,Tuning,0.2,0.8
Baseline,KNN,0.85,Tuning,Tuning,0.4,0.6
Baseline,KNN,0.85,Tuning,Tuning,0.4,0.6
Baseline,KNN,0.85,Tuning,Defaults,0.6,0.4
Baseline,KNN,0.85,Tuning,Defaults,0.6,0.4
Baseline,KNN,0.85,Tuning,Tuning,0.4,0.6
Baseline,KNN,0.85,Tuning,Tuning,0.0,1.0
Baseline,KNN,0.85,Tuning,Tuning,0.4,0.6
Baseline,KNN,0.85,Tuning,Tuning,0.2,0.8
Baseline,KNN,0.85,Defaults,Tuning,0.4,0.6
Baseline,KNN,0.85,Tuning,Tuning,0.2,0.8
Baseline,KNN,0.85,Tuning,Tuning,0.2,0.8
Baseline,KNN,0.85,Defaults,Tuning,0.4,0.6
Baseline,KNN,0.85,Tuning,Defaults,1.0,0.0
Baseline,KNN,0.85,Tuning,Tuning,0.2,0.8
Baseline,KNN,0.85,Tuning,Tuning,0.4,0.6
Baseline,KNN,0.85,Tuning,Defaults,0.6,0.4
Baseline,KNN,0.85,Tuning,Tuning,0.4,0.6
Baseline,KNN,0.85,Tuning,Tuning,0.2,0.8
Baseline,KNN,0.85,Tuning,Tuning,0.0,1.0
Baseline,KNN,0.85,Tuning,Tuning,0.2,0.8
Baseline,KNN,0.85,Tuning,Tuning,0.0,1.0
Baseline,KNN,0.85,Defaults,Defaults,0.6,0.4
Baseline,KNN,0.85,Tuning,Tuning,0.4,0.6
Baseline,KNN,0.85,Defaults,Defaults,0.8,0.2
Baseline,KNN,0.85,Tuning,Tuning,0.2,0.8
Baseline,KNN,0.85,Tuning,Defaults,0.6,0.4
Baseline,KNN,0.85,Tuning,Tuning,0.4,0.6
Baseline,KNN,0.85,Tuning,Tuning,0.2,0.8
Baseline,KNN,0.85,Tuning,Tuning,0.4,0.6
Baseline,KNN,0.85,Defaults,Tuning,0.0,1.0
Baseline,KNN,0.85,Tuning,Tuning,0.2,0.8
Baseline,KNN,0.85,Defaults,Defaults,0.6,0.4
Baseline,KNN,0.85,Defaults,Defaults,0.6,0.4
Baseline,KNN,0.85,Defaults,Defaults,0.6,0.4
Baseline,KNN,0.85,Defaults,Defaults,0.6,0.4
Baseline,KNN,0.85,Tuning,Defaults,0.6,0.4
Baseline,KNN,0.85,Tuning,Defaults,0.6,0.4
Baseline,KNN,0.85,Tuning,Defaults,0.8,0.2
Baseline,KNN,0.85,Defaults,Defaults,0.6,0.4
Baseline,KNN,0.85,Defaults,Defaults,0.6,0.4
Baseline,KNN,0.85,Defaults,Tuning,0.4,0.6
Baseline,KNN,0.85,Defaults,Defaults,0.6,0.4
Baseline,KNN,0.85,Tuning,Defaults,0.8,0.2
Baseline,KNN,0.85,Tuning,Defaults,0.6,0.4
Baseline,KNN,0.85,Defaults,Defaults,0.8,0.2
Baseline,KNN,0.85,Tuning,Tuning,0.0,1.0
Baseline,KNN,0.85,Defaults,Tuning,0.4,0.6
Baseline,KNN,0.85,Tuning,Defaults,0.8,0.2
Baseline,KNN,0.85,Tuning,Tuning,0.0,1.0
Baseline,KNN,0.85,Defaults,Tuning,0.2,0.8
Baseline,KNN,0.85,Tuning,Tuning,0.2,0.8
Baseline,KNN,0.85,Defaults,Tuning,0.2,0.8
Baseline,KNN,0.85,Tuning,Tuning,0.4,0.6
Baseline,KNN,0.85,Tuning,Tuning,0.4,0.6
Baseline,KNN,0.85,Tuning,Tuning,0.2,0.8
Baseline,KNN,0.85,Defaults,Defaults,0.6,0.4
Baseline,KNN,0.85,Tuning,Tuning,0.0,1.0
Baseline,KNN,0.85,Tuning,Tuning,0.4,0.6
Baseline,KNN,0.85,Tuning,Tuning,0.2,0.8
Baseline,KNN,0.85,Defaults,Tuning,0.2,0.8
Baseline,KNN,0.85,Tuning,Tuning,0.2,0.8
Baseline,KNN,0.85,Tuning,Defaults,0.6,0.4
Baseline,KNN,0.85,Tuning,Defaults,0.6,0.4
Baseline,KNN,0.85,Tuning,Tuning,0.2,0.8
Baseline,KNN,0.85,Tuning,Defaults,0.6,0.4
Baseline,KNN,0.85,Tuning,Tuning,0.4,0.6
Baseline,KNN,0.85,Tuning,Tuning,0.4,0.6
Baseline,KNN,0.85,Defaults,Tuning,0.4,0.6
Baseline,KNN,0.85,Tuning,Tuning,0.2,0.8
Baseline,KNN,0.85,Tuning,Tuning,0.0,1.0
Baseline,KNN,0.85,Tuning,Tuning,0.0,1.0
Baseline,KNN,0.85,Tuning,Tuning,0.0,1.0
Baseline,KNN,0.85,Tuning,Tuning,0.2,0.8
Baseline,KNN,0.85,Tuning,Tuning,0.4,0.6
Baseline,KNN,0.85,Tuning,Defaults,0.6,0.4
Baseline,KNN,0.85,Tuning,Tuning,0.0,1.0
Baseline,KNN,0.85,Defaults,Defaults,0.6,0.4
Baseline,KNN,0.85,Tuning,Tuning,0.4,0.6
Baseline,KNN,0.85,Defaults,Defaults,0.8,0.2
Baseline,KNN,0.85,Tuning,Defaults,0.6,0.4
Baseline,KNN,0.85,Tuning,Defaults,0.6,0.4
Baseline,KNN,0.85,Tuning,Tuning,0.4,0.6
Baseline,KNN,0.85,Tuning,Tuning,0.4,0.6
Baseline,KNN,0.85,Defaults,Tuning,0.2,0.8
Baseline,KNN,0.85,Defaults,Tuning,0.2,0.8
Baseline,KNN,0.85,Tuning,Tuning,0.2,0.8
Baseline,KNN,0.85,Tuning,Defaults,0.6,0.4
Baseline,KNN,0.85,Tuning,Tuning,0.2,0.8
Baseline,KNN,0.85,Tuning,Tuning,0.2,0.8
Baseline,KNN,0.85,Tuning,Tuning,0.4,0.6
Baseline,KNN,0.85,Tuning,Tuning,0.4,0.6
Baseline,KNN,0.85,Tuning,Tuning,0.2,0.8
Baseline,KNN,0.85,Tuning,Tuning,0.2,0.8
Baseline,KNN,0.85,Defaults,Tuning,0.2,0.8
Baseline,KNN,0.85,Tuning,Tuning,0.4,0.6
Baseline,KNN,0.85,Tuning,Tuning,0.4,0.6
Baseline,KNN,0.85,Tuning,Tuning,0.0,1.0
Baseline,KNN,0.85,Tuning,Tuning,0.2,0.8
Baseline,KNN,0.85,Defaults,Defaults,0.8,0.2
Baseline,KNN,0.85,Tuning,Tuning,0.2,0.8
Baseline,KNN,0.85,Tuning,Defaults,0.8,0.2
Baseline,KNN,0.85,Tuning,Tuning,0.2,0.8
Baseline,KNN,0.85,Defaults,Tuning,0.2,0.8
Baseline,KNN,0.85,Tuning,Tuning,0.0,1.0
Baseline,KNN,0.85,Tuning,Defaults,0.6,0.4
Baseline,KNN,0.85,Tuning,Tuning,0.4,0.6
Baseline,KNN,0.85,Defaults,Defaults,0.6,0.4
Baseline,KNN,0.85,Defaults,Tuning,0.4,0.6
Baseline,KNN,0.85,Tuning,Defaults,0.6,0.4
Baseline,KNN,0.85,Tuning,Defaults,0.6,0.4
Baseline,KNN,0.85,Tuning,Tuning,0.4,0.6
Baseline,KNN,0.85,Defaults,Tuning,0.2,0.8
Baseline,KNN,0.85,Defaults,Tuning,0.4,0.6
Baseline,KNN,0.85,Defaults,Defaults,0.6,0.4
Baseline,KNN,0.85,Tuning,Tuning,0.2,0.8
Baseline,KNN,0.85,Defaults,Tuning,0.4,0.6
Baseline,KNN,0.85,Tuning,Tuning,0.4,0.6
Baseline,KNN,0.85,Tuning,Tuning,0.2,0.8
Baseline,KNN,0.85,Defaults,Tuning,0.4,0.6
Baseline,KNN,0.85,Defaults,Defaults,0.8,0.2
Baseline,KNN,0.85,Tuning,Tuning,0.4,0.6
Baseline,KNN,0.85,Tuning,Tuning,0.2,0.8
Baseline,KNN,0.85,Defaults,Defaults,0.6,0.4
Baseline,KNN,0.85,Tuning,Defaults,0.6,0.4
Baseline,KNN,0.85,Tuning,Tuning,0.4,0.6
Baseline,KNN,0.85,Tuning,Tuning,0.2,0.8
Baseline,KNN,0.85,Tuning,Tuning,0.2,0.8
Baseline,KNN,0.9,Tuning,Tuning,0.0,1.0
Baseline,KNN,0.9,Tuning,Defaults,0.6,0.4
Baseline,KNN,0.9,Defaults,Defaults,0.6,0.4
Baseline,KNN,0.9,Tuning,Tuning,0.0,1.0
Baseline,KNN,0.9,Tuning,Tuning,0.0,1.0
Baseline,KNN,0.9,Tuning,Defaults,0.6,0.4
Baseline,KNN,0.9,Tuning,Tuning,0.0,1.0
Baseline,KNN,0.9,Defaults,Tuning,0.0,1.0
Baseline,KNN,0.9,Defaults,Tuning,0.0,1.0
Baseline,KNN,0.9,Tuning,Tuning,0.4,0.6
Baseline,KNN,0.9,Tuning,Tuning,0.0,1.0
Baseline,KNN,0.9,Defaults,Tuning,0.4,0.6
Baseline,KNN,0.9,Tuning,Tuning,0.2,0.8
Baseline,KNN,0.9,Tuning,Tuning,0.0,1.0
Baseline,KNN,0.9,Tuning,Tuning,0.0,1.0
Baseline,KNN,0.9,Tuning,Tuning,0.0,1.0
Baseline,KNN,0.9,Defaults,Defaults,0.6,0.4
Baseline,KNN,0.9,Tuning,Tuning,0.4,0.6
Baseline,KNN,0.9,Defaults,Tuning,0.4,0.6
Baseline,KNN,0.9,Tuning,Tuning,0.2,0.8
Baseline,KNN,0.9,Tuning,Defaults,0.6,0.4
Baseline,KNN,0.9,Defaults,Defaults,0.6,0.4
Baseline,KNN,0.9,Tuning,Tuning,0.2,0.8
Baseline,KNN,0.9,Tuning,Tuning,0.2,0.8
Baseline,KNN,0.9,Tuning,Tuning,0.2,0.8
Baseline,KNN,0.9,Tuning,Tuning,0.0,1.0
Baseline,KNN,0.9,Tuning,Tuning,0.0,1.0
Baseline,KNN,0.9,Tuning,Tuning,0.2,0.8
Baseline,KNN,0.9,Tuning,Tuning,0.0,1.0
Baseline,KNN,0.9,Tuning,Tuning,0.0,1.0
Baseline,KNN,0.9,Tuning,Tuning,0.0,1.0
Baseline,KNN,0.9,Tuning,Tuning,0.0,1.0
Baseline,KNN,0.9,Defaults,Defaults,0.8,0.2
Baseline,KNN,0.9,Defaults,Tuning,0.4,0.6
Baseline,KNN,0.9,Tuning,Tuning,0.4,0.6
Baseline,KNN,0.9,Tuning,Tuning,0.2,0.8
Baseline,KNN,0.9,Tuning,Tuning,0.4,0.6
Baseline,KNN,0.9,Defaults,Tuning,0.4,0.6
Baseline,KNN,0.9,Tuning,Defaults,0.6,0.4
Baseline,KNN,0.9,Defaults,Defaults,0.6,0.4
Baseline,KNN,0.9,Tuning,Tuning,0.4,0.6
Baseline,KNN,0.9,Tuning,Tuning,0.2,0.8
Baseline,KNN,0.9,Tuning,Defaults,0.6,0.4
Baseline,KNN,0.9,Tuning,Tuning,0.4,0.6
Baseline,KNN,0.9,Tuning,Defaults,0.6,0.4
Baseline,KNN,0.9,Tuning,Tuning,0.4,0.6
Baseline,KNN,0.9,Tuning,Tuning,0.4,0.6
Baseline,KNN,0.9,Tuning,Tuning,0.0,1.0
Baseline,KNN,0.9,Tuning,Tuning,0.4,0.6
Baseline,KNN,0.9,Tuning,Tuning,0.2,0.8
Baseline,KNN,0.9,Defaults,Defaults,0.6,0.4
Baseline,KNN,0.9,Tuning,Tuning,0.2,0.8
Baseline,KNN,0.9,Tuning,Tuning,0.2,0.8
Baseline,KNN,0.9,Defaults,Tuning,0.2,0.8
Baseline,KNN,0.9,Tuning,Defaults,1.0,0.0
Baseline,KNN,0.9,Tuning,Tuning,0.0,1.0
Baseline,KNN,0.9,Tuning,Tuning,0.4,0.6
Baseline,KNN,0.9,Tuning,Defaults,0.6,0.4
Baseline,KNN,0.9,Tuning,Tuning,0.4,0.6
Baseline,KNN,0.9,Tuning,Tuning,0.2,0.8
Baseline,KNN,0.9,Tuning,Tuning,0.0,1.0
Baseline,KNN,0.9,Tuning,Tuning,0.2,0.8
Baseline,KNN,0.9,Tuning,Tuning,0.2,0.8
Baseline,KNN,0.9,Defaults,Defaults,0.6,0.4
Baseline,KNN,0.9,Tuning,Tuning,0.4,0.6
Baseline,KNN,0.9,Defaults,Defaults,0.8,0.2
Baseline,KNN,0.9,Tuning,Tuning,0.2,0.8
Baseline,KNN,0.9,Tuning,Defaults,0.6,0.4
Baseline,KNN,0.9,Tuning,Tuning,0.4,0.6
Baseline,KNN,0.9,Tuning,Tuning,0.2,0.8
Baseline,KNN,0.9,Tuning,Tuning,0.2,0.8
Baseline,KNN,0.9,Defaults,Tuning,0.0,1.0
Baseline,KNN,0.9,Tuning,Tuning,0.2,0.8
Baseline,KNN,0.9,Defaults,Defaults,0.6,0.4
Baseline,KNN,0.9,Defaults,Defaults,0.6,0.4
Baseline,KNN,0.9,Defaults,Defaults,0.6,0.4
Baseline,KNN,0.9,Defaults,Defaults,0.6,0.4
Baseline,KNN,0.9,Tuning,Defaults,0.6,0.4
Baseline,KNN,0.9,Tuning,Defaults,0.6,0.4
Baseline,KNN,0.9,Tuning,Defaults,0.6,0.4
Baseline,KNN,0.9,Defaults,Defaults,0.6,0.4
Baseline,KNN,0.9,Defaults,Defaults,0.6,0.4
Baseline,KNN,0.9,Defaults,Defaults,0.6,0.4
Baseline,KNN,0.9,Defaults,Defaults,0.6,0.4
Baseline,KNN,0.9,Tuning,Defaults,0.8,0.2
Baseline,KNN,0.9,Tuning,Defaults,0.6,0.4
Baseline,KNN,0.9,Defaults,Defaults,1.0,0.0
Baseline,KNN,0.9,Tuning,Tuning,0.0,1.0
Baseline,KNN,0.9,Defaults,Defaults,0.6,0.4
Baseline,KNN,0.9,Tuning,Defaults,0.6,0.4
Baseline,KNN,0.9,Tuning,Tuning,0.0,1.0
Baseline,KNN,0.9,Defaults,Tuning,0.2,0.8
Baseline,KNN,0.9,Tuning,Tuning,0.2,0.8
Baseline,KNN,0.9,Defaults,Tuning,0.2,0.8
Baseline,KNN,0.9,Tuning,Tuning,0.4,0.6
Baseline,KNN,0.9,Tuning,Tuning,0.4,0.6
Baseline,KNN,0.9,Tuning,Tuning,0.0,1.0
Baseline,KNN,0.9,Defaults,Defaults,0.6,0.4
Baseline,KNN,0.9,Tuning,Tuning,0.0,1.0
Baseline,KNN,0.9,Tuning,Tuning,0.4,0.6
Baseline,KNN,0.9,Tuning,Tuning,0.2,0.8
Baseline,KNN,0.9,Defaults,Tuning,0.2,0.8
Baseline,KNN,0.9,Tuning,Tuning,0.2,0.8
Baseline,KNN,0.9,Tuning,Defaults,0.6,0.4
Baseline,KNN,0.9,Tuning,Defaults,0.8,0.2
Baseline,KNN,0.9,Tuning,Tuning,0.2,0.8
Baseline,KNN,0.9,Tuning,Defaults,0.6,0.4
Baseline,KNN,0.9,Tuning,Tuning,0.4,0.6
Baseline,KNN,0.9,Tuning,Tuning,0.2,0.8
Baseline,KNN,0.9,Defaults,Tuning,0.4,0.6
Baseline,KNN,0.9,Tuning,Tuning,0.2,0.8
Baseline,KNN,0.9,Tuning,Tuning,0.0,1.0
Baseline,KNN,0.9,Tuning,Tuning,0.0,1.0
Baseline,KNN,0.9,Tuning,Tuning,0.0,1.0
Baseline,KNN,0.9,Tuning,Tuning,0.2,0.8
Baseline,KNN,0.9,Tuning,Tuning,0.4,0.6
Baseline,KNN,0.9,Tuning,Defaults,0.6,0.4
Baseline,KNN,0.9,Tuning,Tuning,0.0,1.0
Baseline,KNN,0.9,Defaults,Defaults,0.6,0.4
Baseline,KNN,0.9,Tuning,Tuning,0.2,0.8
Baseline,KNN,0.9,Defaults,Defaults,0.8,0.2
Baseline,KNN,0.9,Tuning,Tuning,0.4,0.6
Baseline,KNN,0.9,Tuning,Defaults,0.6,0.4
Baseline,KNN,0.9,Tuning,Tuning,0.4,0.6
Baseline,KNN,0.9,Tuning,Tuning,0.4,0.6
Baseline,KNN,0.9,Defaults,Tuning,0.2,0.8
Baseline,KNN,0.9,Defaults,Tuning,0.2,0.8
Baseline,KNN,0.9,Tuning,Tuning,0.2,0.8
Baseline,KNN,0.9,Tuning,Defaults,0.6,0.4
Baseline,KNN,0.9,Tuning,Tuning,0.2,0.8
Baseline,KNN,0.9,Tuning,Tuning,0.2,0.8
Baseline,KNN,0.9,Tuning,Tuning,0.4,0.6
Baseline,KNN,0.9,Tuning,Tuning,0.4,0.6
Baseline,KNN,0.9,Tuning,Tuning,0.2,0.8
Baseline,KNN,0.9,Tuning,Tuning,0.2,0.8
Baseline,KNN,0.9,Defaults,Tuning,0.2,0.8
Baseline,KNN,0.9,Tuning,Tuning,0.4,0.6
Baseline,KNN,0.9,Tuning,Tuning,0.4,0.6
Baseline,KNN,0.9,Tuning,Tuning,0.0,1.0
Baseline,KNN,0.9,Tuning,Tuning,0.4,0.6
Baseline,KNN,0.9,Defaults,Defaults,0.8,0.2
Baseline,KNN,0.9,Tuning,Tuning,0.2,0.8
Baseline,KNN,0.9,Tuning,Defaults,1.0,0.0
Baseline,KNN,0.9,Tuning,Tuning,0.2,0.8
Baseline,KNN,0.9,Defaults,Tuning,0.2,0.8
Baseline,KNN,0.9,Tuning,Tuning,0.0,1.0
Baseline,KNN,0.9,Tuning,Defaults,0.6,0.4
Baseline,KNN,0.9,Tuning,Tuning,0.2,0.8
Baseline,KNN,0.9,Defaults,Tuning,0.4,0.6
Baseline,KNN,0.9,Defaults,Tuning,0.4,0.6
Baseline,KNN,0.9,Tuning,Defaults,0.6,0.4
Baseline,KNN,0.9,Tuning,Defaults,0.6,0.4
Baseline,KNN,0.9,Tuning,Tuning,0.4,0.6
Baseline,KNN,0.9,Defaults,Tuning,0.2,0.8
Baseline,KNN,0.9,Defaults,Tuning,0.4,0.6
Baseline,KNN,0.9,Defaults,Defaults,0.6,0.4
Baseline,KNN,0.9,Tuning,Tuning,0.4,0.6
Baseline,KNN,0.9,Defaults,Tuning,0.4,0.6
Baseline,KNN,0.9,Tuning,Tuning,0.4,0.6
Baseline,KNN,0.9,Tuning,Tuning,0.2,0.8
Baseline,KNN,0.9,Defaults,Tuning,0.4,0.6
Baseline,KNN,0.9,Defaults,Defaults,0.8,0.2
Baseline,KNN,0.9,Tuning,Tuning,0.4,0.6
Baseline,KNN,0.9,Tuning,Tuning,0.2,0.8
Baseline,KNN,0.9,Defaults,Defaults,0.6,0.4
Baseline,KNN,0.9,Tuning,Defaults,0.6,0.4
Baseline,KNN,0.9,Tuning,Tuning,0.4,0.6
Baseline,KNN,0.9,Tuning,Tuning,0.2,0.8
Baseline,KNN,0.9,Tuning,Tuning,0.0,1.0
Baseline,KNN,0.95,Tuning,Tuning,0.0,1.0
Baseline,KNN,0.95,Tuning,Defaults,0.6,0.4
Baseline,KNN,0.95,Defaults,Defaults,0.6,0.4
Baseline,KNN,0.95,Tuning,Tuning,0.0,1.0
Baseline,KNN,0.95,Tuning,Tuning,0.0,1.0
Baseline,KNN,0.95,Tuning,Defaults,1.0,0.0
Baseline,KNN,0.95,Tuning,Tuning,0.0,1.0
Baseline,KNN,0.95,Defaults,Tuning,0.0,1.0
Baseline,KNN,0.95,Defaults,Tuning,0.0,1.0
Baseline,KNN,0.95,Tuning,Tuning,0.4,0.6
Baseline,KNN,0.95,Tuning,Tuning,0.0,1.0
Baseline,KNN,0.95,Defaults,Tuning,0.4,0.6
Baseline,KNN,0.95,Tuning,Tuning,0.2,0.8
Baseline,KNN,0.95,Tuning,Tuning,0.0,1.0
Baseline,KNN,0.95,Tuning,Tuning,0.0,1.0
Baseline,KNN,0.95,Tuning,Tuning,0.0,1.0
Baseline,KNN,0.95,Defaults,Defaults,0.6,0.4
Baseline,KNN,0.95,Tuning,Tuning,0.2,0.8
Baseline,KNN,0.95,Defaults,Tuning,0.4,0.6
Baseline,KNN,0.95,Tuning,Tuning,0.4,0.6
Baseline,KNN,0.95,Tuning,Defaults,0.6,0.4
Baseline,KNN,0.95,Defaults,Defaults,0.6,0.4
Baseline,KNN,0.95,Tuning,Tuning,0.2,0.8
Baseline,KNN,0.95,Tuning,Tuning,0.4,0.6
Baseline,KNN,0.95,Tuning,Tuning,0.2,0.8
Baseline,KNN,0.95,Tuning,Tuning,0.0,1.0
Baseline,KNN,0.95,Tuning,Tuning,0.0,1.0
Baseline,KNN,0.95,Tuning,Tuning,0.2,0.8
Baseline,KNN,0.95,Tuning,Tuning,0.0,1.0
Baseline,KNN,0.95,Tuning,Tuning,0.0,1.0
Baseline,KNN,0.95,Tuning,Tuning,0.0,1.0
Baseline,KNN,0.95,Tuning,Tuning,0.0,1.0
Baseline,KNN,0.95,Defaults,Defaults,0.8,0.2
Baseline,KNN,0.95,Defaults,Tuning,0.4,0.6
Baseline,KNN,0.95,Tuning,Tuning,0.4,0.6
Baseline,KNN,0.95,Tuning,Tuning,0.2,0.8
Baseline,KNN,0.95,Tuning,Tuning,0.4,0.6
Baseline,KNN,0.95,Defaults,Tuning,0.4,0.6
Baseline,KNN,0.95,Tuning,Defaults,0.6,0.4
Baseline,KNN,0.95,Defaults,Defaults,0.6,0.4
Baseline,KNN,0.95,Tuning,Tuning,0.4,0.6
Baseline,KNN,0.95,Tuning,Tuning,0.2,0.8
Baseline,KNN,0.95,Tuning,Defaults,0.6,0.4
Baseline,KNN,0.95,Tuning,Tuning,0.4,0.6
Baseline,KNN,0.95,Tuning,Defaults,0.6,0.4
Baseline,KNN,0.95,Tuning,Defaults,0.6,0.4
Baseline,KNN,0.95,Tuning,Tuning,0.4,0.6
Baseline,KNN,0.95,Tuning,Tuning,0.0,1.0
Baseline,KNN,0.95,Tuning,Tuning,0.4,0.6
Baseline,KNN,0.95,Tuning,Tuning,0.2,0.8
Baseline,KNN,0.95,Defaults,Tuning,0.4,0.6
Baseline,KNN,0.95,Tuning,Tuning,0.2,0.8
Baseline,KNN,0.95,Tuning,Tuning,0.2,0.8
Baseline,KNN,0.95,Defaults,Tuning,0.2,0.8
Baseline,KNN,0.95,Tuning,Defaults,0.8,0.2
Baseline,KNN,0.95,Tuning,Tuning,0.4,0.6
Baseline,KNN,0.95,Tuning,Defaults,0.6,0.4
Baseline,KNN,0.95,Tuning,Tuning,0.4,0.6
Baseline,KNN,0.95,Tuning,Tuning,0.4,0.6
Baseline,KNN,0.95,Tuning,Tuning,0.2,0.8
Baseline,KNN,0.95,Tuning,Tuning,0.0,1.0
Baseline,KNN,0.95,Tuning,Tuning,0.4,0.6
Baseline,KNN,0.95,Tuning,Tuning,0.0,1.0
Baseline,KNN,0.95,Defaults,Defaults,0.6,0.4
Baseline,KNN,0.95,Tuning,Tuning,0.4,0.6
Baseline,KNN,0.95,Defaults,Defaults,0.8,0.2
Baseline,KNN,0.95,Tuning,Tuning,0.4,0.6
Baseline,KNN,0.95,Tuning,Defaults,0.6,0.4
Baseline,KNN,0.95,Tuning,Tuning,0.4,0.6
Baseline,KNN,0.95,Tuning,Tuning,0.2,0.8
Baseline,KNN,0.95,Tuning,Tuning,0.2,0.8
Baseline,KNN,0.95,Defaults,Tuning,0.0,1.0
Baseline,KNN,0.95,Tuning,Tuning,0.2,0.8
Baseline,KNN,0.95,Defaults,Defaults,0.6,0.4
Baseline,KNN,0.95,Defaults,Defaults,0.6,0.4
Baseline,KNN,0.95,Defaults,Defaults,0.6,0.4
Baseline,KNN,0.95,Defaults,Defaults,0.6,0.4
Baseline,KNN,0.95,Tuning,Defaults,0.8,0.2
Baseline,KNN,0.95,Tuning,Defaults,0.8,0.2
Baseline,KNN,0.95,Tuning,Defaults,0.6,0.4
Baseline,KNN,0.95,Defaults,Defaults,0.6,0.4
Baseline,KNN,0.95,Defaults,Defaults,0.8,0.2
Baseline,KNN,0.95,Defaults,Defaults,0.6,0.4
Baseline,KNN,0.95,Defaults,Defaults,0.6,0.4
Baseline,KNN,0.95,Tuning,Defaults,0.8,0.2
Baseline,KNN,0.95,Tuning,Defaults,0.6,0.4
Baseline,KNN,0.95,Defaults,Defaults,1.0,0.0
Baseline,KNN,0.95,Tuning,Tuning,0.0,1.0
Baseline,KNN,0.95,Defaults,Defaults,0.6,0.4
Baseline,KNN,0.95,Tuning,Defaults,0.8,0.2
Baseline,KNN,0.95,Tuning,Tuning,0.0,1.0
Baseline,KNN,0.95,Defaults,Tuning,0.2,0.8
Baseline,KNN,0.95,Tuning,Tuning,0.2,0.8
Baseline,KNN,0.95,Defaults,Tuning,0.2,0.8
Baseline,KNN,0.95,Tuning,Tuning,0.4,0.6
Baseline,KNN,0.95,Tuning,Tuning,0.4,0.6
Baseline,KNN,0.95,Tuning,Tuning,0.0,1.0
Baseline,KNN,0.95,Defaults,Defaults,0.6,0.4
Baseline,KNN,0.95,Tuning,Tuning,0.0,1.0
Baseline,KNN,0.95,Tuning,Tuning,0.4,0.6
Baseline,KNN,0.95,Tuning,Tuning,0.4,0.6
Baseline,KNN,0.95,Defaults,Tuning,0.2,0.8
Baseline,KNN,0.95,Tuning,Tuning,0.2,0.8
Baseline,KNN,0.95,Tuning,Defaults,0.8,0.2
Baseline,KNN,0.95,Tuning,Defaults,0.8,0.2
Baseline,KNN,0.95,Tuning,Tuning,0.2,0.8
Baseline,KNN,0.95,Tuning,Defaults,0.6,0.4
Baseline,KNN,0.95,Tuning,Tuning,0.4,0.6
Baseline,KNN,0.95,Tuning,Tuning,0.2,0.8
Baseline,KNN,0.95,Defaults,Tuning,0.4,0.6
Baseline,KNN,0.95,Tuning,Tuning,0.2,0.8
Baseline,KNN,0.95,Tuning,Tuning,0.0,1.0
Baseline,KNN,0.95,Tuning,Defaults,0.6,0.4
Baseline,KNN,0.95,Tuning,Tuning,0.0,1.0
Baseline,KNN,0.95,Tuning,Tuning,0.2,0.8
Baseline,KNN,0.95,Tuning,Tuning,0.4,0.6
Baseline,KNN,0.95,Tuning,Defaults,0.6,0.4
Baseline,KNN,0.95,Tuning,Tuning,0.0,1.0
Baseline,KNN,0.95,Defaults,Defaults,0.6,0.4
Baseline,KNN,0.95,Tuning,Tuning,0.0,1.0
Baseline,KNN,0.95,Defaults,Defaults,0.8,0.2
Baseline,KNN,0.95,Tuning,Tuning,0.4,0.6
Baseline,KNN,0.95,Tuning,Defaults,0.6,0.4
Baseline,KNN,0.95,Tuning,Tuning,0.4,0.6
Baseline,KNN,0.95,Tuning,Tuning,0.4,0.6
Baseline,KNN,0.95,Defaults,Tuning,0.2,0.8
Baseline,KNN,0.95,Defaults,Tuning,0.2,0.8
Baseline,KNN,0.95,Tuning,Tuning,0.2,0.8
Baseline,KNN,0.95,Tuning,Defaults,0.8,0.2
Baseline,KNN,0.95,Tuning,Tuning,0.2,0.8
Baseline,KNN,0.95,Tuning,Tuning,0.2,0.8
Baseline,KNN,0.95,Tuning,Tuning,0.4,0.6
Baseline,KNN,0.95,Tuning,Tuning,0.4,0.6
Baseline,KNN,0.95,Tuning,Tuning,0.2,0.8
Baseline,KNN,0.95,Tuning,Tuning,0.2,0.8
Baseline,KNN,0.95,Defaults,Tuning,0.4,0.6
Baseline,KNN,0.95,Tuning,Tuning,0.4,0.6
Baseline,KNN,0.95,Tuning,Defaults,0.6,0.4
Baseline,KNN,0.95,Tuning,Tuning,0.0,1.0
Baseline,KNN,0.95,Tuning,Tuning,0.2,0.8
Baseline,KNN,0.95,Defaults,Defaults,0.8,0.2
Baseline,KNN,0.95,Tuning,Tuning,0.4,0.6
Baseline,KNN,0.95,Tuning,Defaults,0.8,0.2
Baseline,KNN,0.95,Tuning,Tuning,0.2,0.8
Baseline,KNN,0.95,Defaults,Tuning,0.2,0.8
Baseline,KNN,0.95,Tuning,Tuning,0.0,1.0
Baseline,KNN,0.95,Tuning,Tuning,0.4,0.6
Baseline,KNN,0.95,Tuning,Tuning,0.2,0.8
Baseline,KNN,0.95,Defaults,Tuning,0.4,0.6
Baseline,KNN,0.95,Defaults,Tuning,0.4,0.6
Baseline,KNN,0.95,Tuning,Tuning,0.4,0.6
Baseline,KNN,0.95,Tuning,Defaults,0.6,0.4
Baseline,KNN,0.95,Tuning,Tuning,0.4,0.6
Baseline,KNN,0.95,Defaults,Tuning,0.4,0.6
Baseline,KNN,0.95,Defaults,Tuning,0.4,0.6
Baseline,KNN,0.95,Defaults,Defaults,0.6,0.4
Baseline,KNN,0.95,Tuning,Tuning,0.4,0.6
Baseline,KNN,0.95,Defaults,Tuning,0.4,0.6
Baseline,KNN,0.95,Tuning,Tuning,0.4,0.6
Baseline,KNN,0.95,Tuning,Tuning,0.2,0.8
Baseline,KNN,0.95,Defaults,Tuning,0.4,0.6
Baseline,KNN,0.95,Defaults,Defaults,0.8,0.2
Baseline,KNN,0.95,Tuning,Tuning,0.4,0.6
Baseline,KNN,0.95,Tuning,Tuning,0.2,0.8
Baseline,KNN,0.95,Defaults,Defaults,0.6,0.4
Baseline,KNN,0.95,Tuning,Defaults,0.6,0.4
Baseline,KNN,0.95,Tuning,Tuning,0.4,0.6
Baseline,KNN,0.95,Tuning,Tuning,0.2,0.8
Baseline,KNN,0.95,Tuning,Tuning,0.0,1.0
Baseline,DecisionTree,0.8,Tuning,Defaults,1.0,0.0
Baseline,DecisionTree,0.8,Tuning,Tuning,0.0,1.0
Baseline,DecisionTree,0.8,Defaults,Defaults,1.0,0.0
Baseline,DecisionTree,0.8,Tuning,Tuning,0.0,1.0
Baseline,DecisionTree,0.8,Tuning,Tuning,0.0,1.0
Baseline,DecisionTree,0.8,Tuning,Defaults,1.0,0.0
Baseline,DecisionTree,0.8,Tuning,Tuning,0.0,1.0
Baseline,DecisionTree,0.8,Defaults,Tuning,0.0,1.0
Baseline,DecisionTree,0.8,Defaults,Defaults,1.0,0.0
Baseline,DecisionTree,0.8,Tuning,Tuning,0.0,1.0
Baseline,DecisionTree,0.8,Tuning,Tuning,0.0,1.0
Baseline,DecisionTree,0.8,Defaults,Tuning,0.0,1.0
Baseline,DecisionTree,0.8,Tuning,Tuning,0.0,1.0
Baseline,DecisionTree,0.8,Tuning,Tuning,0.0,1.0
Baseline,DecisionTree,0.8,Tuning,Tuning,0.0,1.0
Baseline,DecisionTree,0.8,Tuning,Tuning,0.0,1.0
Baseline,DecisionTree,0.8,Defaults,Defaults,1.0,0.0
Baseline,DecisionTree,0.8,Tuning,Tuning,0.0,1.0
Baseline,DecisionTree,0.8,Defaults,Tuning,0.0,1.0
Baseline,DecisionTree,0.8,Tuning,Tuning,0.0,1.0
Baseline,DecisionTree,0.8,Tuning,Tuning,0.0,1.0
Baseline,DecisionTree,0.8,Defaults,Tuning,0.0,1.0
Baseline,DecisionTree,0.8,Tuning,Tuning,0.0,1.0
Baseline,DecisionTree,0.8,Tuning,Tuning,0.0,1.0
Baseline,DecisionTree,0.8,Tuning,Tuning,0.0,1.0
Baseline,DecisionTree,0.8,Tuning,Tuning,0.0,1.0
Baseline,DecisionTree,0.8,Tuning,Tuning,0.0,1.0
Baseline,DecisionTree,0.8,Tuning,Tuning,0.0,1.0
Baseline,DecisionTree,0.8,Tuning,Tuning,0.0,1.0
Baseline,DecisionTree,0.8,Tuning,Tuning,0.0,1.0
Baseline,DecisionTree,0.8,Tuning,Tuning,0.0,1.0
Baseline,DecisionTree,0.8,Tuning,Tuning,0.0,1.0
Baseline,DecisionTree,0.8,Defaults,Defaults,1.0,0.0
Baseline,DecisionTree,0.8,Defaults,Defaults,1.0,0.0
Baseline,DecisionTree,0.8,Tuning,Tuning,0.0,1.0
Baseline,DecisionTree,0.8,Tuning,Defaults,1.0,0.0
Baseline,DecisionTree,0.8,Tuning,Tuning,0.0,1.0
Baseline,DecisionTree,0.8,Defaults,Defaults,1.0,0.0
Baseline,DecisionTree,0.8,Tuning,Tuning,0.0,1.0
Baseline,DecisionTree,0.8,Defaults,Defaults,1.0,0.0
Baseline,DecisionTree,0.8,Tuning,Defaults,1.0,0.0
Baseline,DecisionTree,0.8,Tuning,Tuning,0.0,1.0
Baseline,DecisionTree,0.8,Tuning,Tuning,0.0,1.0
Baseline,DecisionTree,0.8,Tuning,Tuning,0.0,1.0
Baseline,DecisionTree,0.8,Tuning,Tuning,0.0,1.0
Baseline,DecisionTree,0.8,Tuning,Tuning,0.0,1.0
Baseline,DecisionTree,0.8,Tuning,Tuning,0.0,1.0
Baseline,DecisionTree,0.8,Tuning,Tuning,0.0,1.0
Baseline,DecisionTree,0.8,Tuning,Tuning,0.0,1.0
Baseline,DecisionTree,0.8,Tuning,Tuning,0.0,1.0
Baseline,DecisionTree,0.8,Defaults,Tuning,0.0,1.0
Baseline,DecisionTree,0.8,Tuning,Tuning,0.0,1.0
Baseline,DecisionTree,0.8,Tuning,Tuning,0.0,1.0
Baseline,DecisionTree,0.8,Defaults,Tuning,0.0,1.0
Baseline,DecisionTree,0.8,Tuning,Tuning,0.0,1.0
Baseline,DecisionTree,0.8,Tuning,Tuning,0.0,1.0
Baseline,DecisionTree,0.8,Tuning,Tuning,0.0,1.0
Baseline,DecisionTree,0.8,Tuning,Defaults,1.0,0.0
Baseline,DecisionTree,0.8,Tuning,Tuning,0.0,1.0
Baseline,DecisionTree,0.8,Tuning,Tuning,0.0,1.0
Baseline,DecisionTree,0.8,Tuning,Tuning,0.0,1.0
Baseline,DecisionTree,0.8,Tuning,Tuning,0.0,1.0
Baseline,DecisionTree,0.8,Tuning,Tuning,0.0,1.0
Baseline,DecisionTree,0.8,Defaults,Tuning,0.0,1.0
Baseline,DecisionTree,0.8,Tuning,Tuning,0.0,1.0
Baseline,DecisionTree,0.8,Defaults,Tuning,0.0,1.0
Baseline,DecisionTree,0.8,Tuning,Tuning,0.0,1.0
Baseline,DecisionTree,0.8,Tuning,Defaults,1.0,0.0
Baseline,DecisionTree,0.8,Tuning,Tuning,0.0,1.0
Baseline,DecisionTree,0.8,Tuning,Defaults,1.0,0.0
Baseline,DecisionTree,0.8,Tuning,Tuning,0.0,1.0
Baseline,DecisionTree,0.8,Defaults,Tuning,0.0,1.0
Baseline,DecisionTree,0.8,Tuning,Tuning,0.0,1.0
Baseline,DecisionTree,0.8,Defaults,Defaults,1.0,0.0
Baseline,DecisionTree,0.8,Defaults,Defaults,1.0,0.0
Baseline,DecisionTree,0.8,Defaults,Defaults,1.0,0.0
Baseline,DecisionTree,0.8,Defaults,Defaults,1.0,0.0
Baseline,DecisionTree,0.8,Tuning,Tuning,0.0,1.0
Baseline,DecisionTree,0.8,Tuning,Tuning,0.0,1.0
Baseline,DecisionTree,0.8,Tuning,Tuning,0.0,1.0
Baseline,DecisionTree,0.8,Defaults,Defaults,1.0,0.0
Baseline,DecisionTree,0.8,Defaults,Defaults,1.0,0.0
Baseline,DecisionTree,0.8,Defaults,Tuning,0.0,1.0
Baseline,DecisionTree,0.8,Defaults,Tuning,0.0,1.0
Baseline,DecisionTree,0.8,Tuning,Tuning,0.0,1.0
Baseline,DecisionTree,0.8,Tuning,Defaults,1.0,0.0
Baseline,DecisionTree,0.8,Defaults,Defaults,1.0,0.0
Baseline,DecisionTree,0.8,Tuning,Tuning,0.0,1.0
Baseline,DecisionTree,0.8,Defaults,Defaults,1.0,0.0
Baseline,DecisionTree,0.8,Tuning,Tuning,0.0,1.0
Baseline,DecisionTree,0.8,Tuning,Tuning,0.0,1.0
Baseline,DecisionTree,0.8,Defaults,Tuning,0.0,1.0
Baseline,DecisionTree,0.8,Tuning,Tuning,0.0,1.0
Baseline,DecisionTree,0.8,Defaults,Defaults,1.0,0.0
Baseline,DecisionTree,0.8,Tuning,Tuning,0.0,1.0
Baseline,DecisionTree,0.8,Tuning,Tuning,0.0,1.0
Baseline,DecisionTree,0.8,Tuning,Tuning,0.0,1.0
Baseline,DecisionTree,0.8,Defaults,Defaults,1.0,0.0
Baseline,DecisionTree,0.8,Tuning,Tuning,0.0,1.0
Baseline,DecisionTree,0.8,Tuning,Tuning,0.0,1.0
Baseline,DecisionTree,0.8,Tuning,Tuning,0.0,1.0
Baseline,DecisionTree,0.8,Defaults,Tuning,0.0,1.0
Baseline,DecisionTree,0.8,Tuning,Defaults,1.0,0.0
Baseline,DecisionTree,0.8,Tuning,Tuning,0.0,1.0
Baseline,DecisionTree,0.8,Tuning,Defaults,1.0,0.0
Baseline,DecisionTree,0.8,Tuning,Tuning,0.0,1.0
Baseline,DecisionTree,0.8,Tuning,Defaults,1.0,0.0
Baseline,DecisionTree,0.8,Tuning,Tuning,0.0,1.0
Baseline,DecisionTree,0.8,Tuning,Tuning,0.0,1.0
Baseline,DecisionTree,0.8,Defaults,Defaults,1.0,0.0
Baseline,DecisionTree,0.8,Tuning,Tuning,0.0,1.0
Baseline,DecisionTree,0.8,Tuning,Tuning,0.0,1.0
Baseline,DecisionTree,0.8,Tuning,Tuning,0.0,1.0
Baseline,DecisionTree,0.8,Tuning,Tuning,0.0,1.0
Baseline,DecisionTree,0.8,Tuning,Defaults,1.0,0.0
Baseline,DecisionTree,0.8,Tuning,Tuning,0.0,1.0
Baseline,DecisionTree,0.8,Tuning,Tuning,0.0,1.0
Baseline,DecisionTree,0.8,Tuning,Tuning,0.0,1.0
Baseline,DecisionTree,0.8,Defaults,Tuning,0.0,1.0
Baseline,DecisionTree,0.8,Tuning,Defaults,1.0,0.0
Baseline,DecisionTree,0.8,Defaults,Defaults,1.0,0.0
Baseline,DecisionTree,0.8,Tuning,Tuning,0.0,1.0
Baseline,DecisionTree,0.8,Tuning,Tuning,0.0,1.0
Baseline,DecisionTree,0.8,Tuning,Tuning,0.0,1.0
Baseline,DecisionTree,0.8,Tuning,Tuning,0.0,1.0
Baseline,DecisionTree,0.8,Defaults,Tuning,0.0,1.0
Baseline,DecisionTree,0.8,Defaults,Defaults,1.0,0.0
Baseline,DecisionTree,0.8,Tuning,Tuning,0.0,1.0
Baseline,DecisionTree,0.8,Tuning,Defaults,1.0,0.0
Baseline,DecisionTree,0.8,Tuning,Tuning,0.0,1.0
Baseline,DecisionTree,0.8,Tuning,Tuning,0.0,1.0
Baseline,DecisionTree,0.8,Tuning,Tuning,0.0,1.0
Baseline,DecisionTree,0.8,Tuning,Tuning,0.0,1.0
Baseline,DecisionTree,0.8,Tuning,Tuning,0.0,1.0
Baseline,DecisionTree,0.8,Tuning,Tuning,0.0,1.0
Baseline,DecisionTree,0.8,Defaults,Tuning,0.0,1.0
Baseline,DecisionTree,0.8,Tuning,Defaults,1.0,0.0
Baseline,DecisionTree,0.8,Tuning,Defaults,1.0,0.0
Baseline,DecisionTree,0.8,Tuning,Defaults,1.0,0.0
Baseline,DecisionTree,0.8,Tuning,Tuning,0.0,1.0
Baseline,DecisionTree,0.8,Defaults,Tuning,0.0,1.0
Baseline,DecisionTree,0.8,Tuning,Defaults,1.0,0.0
Baseline,DecisionTree,0.8,Tuning,Tuning,0.0,1.0
Baseline,DecisionTree,0.8,Tuning,Tuning,0.0,1.0
Baseline,DecisionTree,0.8,Defaults,Tuning,0.0,1.0
Baseline,DecisionTree,0.8,Tuning,Defaults,1.0,0.0
Baseline,DecisionTree,0.8,Tuning,Tuning,0.0,1.0
Baseline,DecisionTree,0.8,Tuning,Tuning,0.0,1.0
Baseline,DecisionTree,0.8,Defaults,Tuning,0.0,1.0
Baseline,DecisionTree,0.8,Defaults,Tuning,0.0,1.0
Baseline,DecisionTree,0.8,Tuning,Defaults,1.0,0.0
Baseline,DecisionTree,0.8,Tuning,Tuning,0.0,1.0
Baseline,DecisionTree,0.8,Tuning,Defaults,1.0,0.0
Baseline,DecisionTree,0.8,Defaults,Tuning,0.0,1.0
Baseline,DecisionTree,0.8,Defaults,Defaults,1.0,0.0
Baseline,DecisionTree,0.8,Defaults,Defaults,1.0,0.0
Baseline,DecisionTree,0.8,Tuning,Tuning,0.0,1.0
Baseline,DecisionTree,0.8,Defaults,Tuning,0.0,1.0
Baseline,DecisionTree,0.8,Tuning,Defaults,1.0,0.0
Baseline,DecisionTree,0.8,Tuning,Tuning,0.0,1.0
Baseline,DecisionTree,0.8,Defaults,Tuning,0.0,1.0
Baseline,DecisionTree,0.8,Defaults,Defaults,1.0,0.0
Baseline,DecisionTree,0.8,Tuning,Tuning,0.0,1.0
Baseline,DecisionTree,0.8,Tuning,Tuning,0.0,1.0
Baseline,DecisionTree,0.8,Defaults,Tuning,0.0,1.0
Baseline,DecisionTree,0.8,Tuning,Tuning,0.0,1.0
Baseline,DecisionTree,0.8,Tuning,Tuning,0.0,1.0
Baseline,DecisionTree,0.8,Tuning,Tuning,0.0,1.0
Baseline,DecisionTree,0.8,Tuning,Tuning,0.0,1.0
Baseline,DecisionTree,0.85,Tuning,Defaults,1.0,0.0
Baseline,DecisionTree,0.85,Tuning,Tuning,0.0,1.0
Baseline,DecisionTree,0.85,Defaults,Defaults,1.0,0.0
Baseline,DecisionTree,0.85,Tuning,Tuning,0.0,1.0
Baseline,DecisionTree,0.85,Tuning,Tuning,0.0,1.0
Baseline,DecisionTree,0.85,Tuning,Defaults,1.0,0.0
Baseline,DecisionTree,0.85,Tuning,Tuning,0.0,1.0
Baseline,DecisionTree,0.85,Defaults,Tuning,0.0,1.0
Baseline,DecisionTree,0.85,Defaults,Defaults,1.0,0.0
Baseline,DecisionTree,0.85,Tuning,Tuning,0.0,1.0
Baseline,DecisionTree,0.85,Tuning,Tuning,0.0,1.0
Baseline,DecisionTree,0.85,Defaults,Tuning,0.0,1.0
Baseline,DecisionTree,0.85,Tuning,Tuning,0.0,1.0
Baseline,DecisionTree,0.85,Tuning,Tuning,0.0,1.0
Baseline,DecisionTree,0.85,Tuning,Tuning,0.0,1.0
Baseline,DecisionTree,0.85,Tuning,Tuning,0.0,1.0
Baseline,DecisionTree,0.85,Defaults,Defaults,1.0,0.0
Baseline,DecisionTree,0.85,Tuning,Tuning,0.0,1.0
Baseline,DecisionTree,0.85,Defaults,Tuning,0.0,1.0
Baseline,DecisionTree,0.85,Tuning,Tuning,0.0,1.0
Baseline,DecisionTree,0.85,Tuning,Tuning,0.0,1.0
Baseline,DecisionTree,0.85,Defaults,Tuning,0.0,1.0
Baseline,DecisionTree,0.85,Tuning,Tuning,0.0,1.0
Baseline,DecisionTree,0.85,Tuning,Tuning,0.0,1.0
Baseline,DecisionTree,0.85,Tuning,Tuning,0.0,1.0
Baseline,DecisionTree,0.85,Tuning,Tuning,0.0,1.0
Baseline,DecisionTree,0.85,Tuning,Tuning,0.0,1.0
Baseline,DecisionTree,0.85,Tuning,Tuning,0.0,1.0
Baseline,DecisionTree,0.85,Tuning,Tuning,0.0,1.0
Baseline,DecisionTree,0.85,Tuning,Tuning,0.0,1.0
Baseline,DecisionTree,0.85,Tuning,Tuning,0.0,1.0
Baseline,DecisionTree,0.85,Tuning,Tuning,0.0,1.0
Baseline,DecisionTree,0.85,Defaults,Defaults,1.0,0.0
Baseline,DecisionTree,0.85,Defaults,Defaults,1.0,0.0
Baseline,DecisionTree,0.85,Tuning,Tuning,0.0,1.0
Baseline,DecisionTree,0.85,Tuning,Defaults,1.0,0.0
Baseline,DecisionTree,0.85,Tuning,Tuning,0.0,1.0
Baseline,DecisionTree,0.85,Defaults,Defaults,1.0,0.0
Baseline,DecisionTree,0.85,Tuning,Tuning,0.0,1.0
Baseline,DecisionTree,0.85,Defaults,Defaults,1.0,0.0
Baseline,DecisionTree,0.85,Tuning,Defaults,1.0,0.0
Baseline,DecisionTree,0.85,Tuning,Tuning,0.0,1.0
Baseline,DecisionTree,0.85,Tuning,Tuning,0.0,1.0
Baseline,DecisionTree,0.85,Tuning,Tuning,0.0,1.0
Baseline,DecisionTree,0.85,Tuning,Tuning,0.0,1.0
Baseline,DecisionTree,0.85,Tuning,Tuning,0.0,1.0
Baseline,DecisionTree,0.85,Tuning,Tuning,0.0,1.0
Baseline,DecisionTree,0.85,Tuning,Tuning,0.0,1.0
Baseline,DecisionTree,0.85,Tuning,Tuning,0.0,1.0
Baseline,DecisionTree,0.85,Tuning,Defaults,1.0,0.0
Baseline,DecisionTree,0.85,Defaults,Defaults,1.0,0.0
Baseline,DecisionTree,0.85,Tuning,Tuning,0.0,1.0
Baseline,DecisionTree,0.85,Tuning,Tuning,0.0,1.0
Baseline,DecisionTree,0.85,Defaults,Tuning,0.0,1.0
Baseline,DecisionTree,0.85,Tuning,Tuning,0.0,1.0
Baseline,DecisionTree,0.85,Tuning,Tuning,0.0,1.0
Baseline,DecisionTree,0.85,Tuning,Tuning,0.0,1.0
Baseline,DecisionTree,0.85,Tuning,Defaults,1.0,0.0
Baseline,DecisionTree,0.85,Tuning,Tuning,0.0,1.0
Baseline,DecisionTree,0.85,Tuning,Tuning,0.0,1.0
Baseline,DecisionTree,0.85,Tuning,Tuning,0.0,1.0
Baseline,DecisionTree,0.85,Tuning,Tuning,0.0,1.0
Baseline,DecisionTree,0.85,Tuning,Tuning,0.0,1.0
Baseline,DecisionTree,0.85,Defaults,Tuning,0.0,1.0
Baseline,DecisionTree,0.85,Tuning,Tuning,0.0,1.0
Baseline,DecisionTree,0.85,Defaults,Tuning,0.0,1.0
Baseline,DecisionTree,0.85,Tuning,Tuning,0.0,1.0
Baseline,DecisionTree,0.85,Tuning,Tuning,0.0,1.0
Baseline,DecisionTree,0.85,Tuning,Tuning,0.0,1.0
Baseline,DecisionTree,0.85,Tuning,Tuning,0.0,1.0
Baseline,DecisionTree,0.85,Tuning,Tuning,0.0,1.0
Baseline,DecisionTree,0.85,Defaults,Tuning,0.0,1.0
Baseline,DecisionTree,0.85,Tuning,Tuning,0.0,1.0
Baseline,DecisionTree,0.85,Defaults,Defaults,1.0,0.0
Baseline,DecisionTree,0.85,Defaults,Defaults,1.0,0.0
Baseline,DecisionTree,0.85,Defaults,Defaults,1.0,0.0
Baseline,DecisionTree,0.85,Defaults,Defaults,1.0,0.0
Baseline,DecisionTree,0.85,Tuning,Tuning,0.0,1.0
Baseline,DecisionTree,0.85,Tuning,Tuning,0.0,1.0
Baseline,DecisionTree,0.85,Tuning,Tuning,0.0,1.0
Baseline,DecisionTree,0.85,Defaults,Tuning,0.0,1.0
Baseline,DecisionTree,0.85,Defaults,Defaults,1.0,0.0
Baseline,DecisionTree,0.85,Defaults,Tuning,0.0,1.0
Baseline,DecisionTree,0.85,Defaults,Defaults,1.0,0.0
Baseline,DecisionTree,0.85,Tuning,Tuning,0.0,1.0
Baseline,DecisionTree,0.85,Tuning,Defaults,1.0,0.0
Baseline,DecisionTree,0.85,Defaults,Defaults,1.0,0.0
Baseline,DecisionTree,0.85,Tuning,Tuning,0.0,1.0
Baseline,DecisionTree,0.85,Defaults,Defaults,1.0,0.0
Baseline,DecisionTree,0.85,Tuning,Tuning,0.0,1.0
Baseline,DecisionTree,0.85,Tuning,Tuning,0.0,1.0
Baseline,DecisionTree,0.85,Defaults,Tuning,0.0,1.0
Baseline,DecisionTree,0.85,Tuning,Tuning,0.0,1.0
Baseline,DecisionTree,0.85,Defaults,Defaults,1.0,0.0
Baseline,DecisionTree,0.85,Tuning,Tuning,0.0,1.0
Baseline,DecisionTree,0.85,Tuning,Tuning,0.0,1.0
Baseline,DecisionTree,0.85,Tuning,Tuning,0.0,1.0
Baseline,DecisionTree,0.85,Defaults,Defaults,1.0,0.0
Baseline,DecisionTree,0.85,Tuning,Tuning,0.0,1.0
Baseline,DecisionTree,0.85,Tuning,Tuning,0.0,1.0
Baseline,DecisionTree,0.85,Tuning,Tuning,0.0,1.0
Baseline,DecisionTree,0.85,Defaults,Tuning,0.0,1.0
Baseline,DecisionTree,0.85,Tuning,Defaults,1.0,0.0
Baseline,DecisionTree,0.85,Tuning,Tuning,0.0,1.0
Baseline,DecisionTree,0.85,Tuning,Defaults,1.0,0.0
Baseline,DecisionTree,0.85,Tuning,Tuning,0.0,1.0
Baseline,DecisionTree,0.85,Tuning,Defaults,1.0,0.0
Baseline,DecisionTree,0.85,Tuning,Tuning,0.0,1.0
Baseline,DecisionTree,0.85,Tuning,Defaults,1.0,0.0
Baseline,DecisionTree,0.85,Defaults,Defaults,1.0,0.0
Baseline,DecisionTree,0.85,Tuning,Tuning,0.0,1.0
Baseline,DecisionTree,0.85,Tuning,Tuning,0.0,1.0
Baseline,DecisionTree,0.85,Tuning,Tuning,0.0,1.0
Baseline,DecisionTree,0.85,Tuning,Tuning,0.0,1.0
Baseline,DecisionTree,0.85,Tuning,Defaults,1.0,0.0
Baseline,DecisionTree,0.85,Tuning,Tuning,0.0,1.0
Baseline,DecisionTree,0.85,Tuning,Tuning,0.0,1.0
Baseline,DecisionTree,0.85,Tuning,Tuning,0.0,1.0
Baseline,DecisionTree,0.85,Defaults,Tuning,0.0,1.0
Baseline,DecisionTree,0.85,Tuning,Defaults,1.0,0.0
Baseline,DecisionTree,0.85,Defaults,Defaults,1.0,0.0
Baseline,DecisionTree,0.85,Tuning,Tuning,0.0,1.0
Baseline,DecisionTree,0.85,Tuning,Tuning,0.0,1.0
Baseline,DecisionTree,0.85,Tuning,Tuning,0.0,1.0
Baseline,DecisionTree,0.85,Tuning,Tuning,0.0,1.0
Baseline,DecisionTree,0.85,Defaults,Tuning,0.0,1.0
Baseline,DecisionTree,0.85,Defaults,Defaults,1.0,0.0
Baseline,DecisionTree,0.85,Tuning,Tuning,0.0,1.0
Baseline,DecisionTree,0.85,Tuning,Defaults,1.0,0.0
Baseline,DecisionTree,0.85,Tuning,Tuning,0.0,1.0
Baseline,DecisionTree,0.85,Tuning,Tuning,0.0,1.0
Baseline,DecisionTree,0.85,Tuning,Tuning,0.0,1.0
Baseline,DecisionTree,0.85,Tuning,Tuning,0.0,1.0
Baseline,DecisionTree,0.85,Tuning,Tuning,0.0,1.0
Baseline,DecisionTree,0.85,Tuning,Tuning,0.0,1.0
Baseline,DecisionTree,0.85,Defaults,Tuning,0.0,1.0
Baseline,DecisionTree,0.85,Tuning,Defaults,1.0,0.0
Baseline,DecisionTree,0.85,Tuning,Defaults,1.0,0.0
Baseline,DecisionTree,0.85,Tuning,Defaults,1.0,0.0
Baseline,DecisionTree,0.85,Tuning,Tuning,0.0,1.0
Baseline,DecisionTree,0.85,Defaults,Defaults,1.0,0.0
Baseline,DecisionTree,0.85,Tuning,Defaults,1.0,0.0
Baseline,DecisionTree,0.85,Tuning,Defaults,1.0,0.0
Baseline,DecisionTree,0.85,Tuning,Tuning,0.0,1.0
Baseline,DecisionTree,0.85,Defaults,Tuning,0.0,1.0
Baseline,DecisionTree,0.85,Tuning,Defaults,1.0,0.0
Baseline,DecisionTree,0.85,Tuning,Defaults,1.0,0.0
Baseline,DecisionTree,0.85,Tuning,Tuning,0.0,1.0
Baseline,DecisionTree,0.85,Defaults,Tuning,0.0,1.0
Baseline,DecisionTree,0.85,Defaults,Defaults,1.0,0.0
Baseline,DecisionTree,0.85,Tuning,Defaults,1.0,0.0
Baseline,DecisionTree,0.85,Tuning,Tuning,0.0,1.0
Baseline,DecisionTree,0.85,Tuning,Defaults,1.0,0.0
Baseline,DecisionTree,0.85,Defaults,Tuning,0.0,1.0
Baseline,DecisionTree,0.85,Defaults,Defaults,1.0,0.0
Baseline,DecisionTree,0.85,Defaults,Defaults,1.0,0.0
Baseline,DecisionTree,0.85,Tuning,Tuning,0.0,1.0
Baseline,DecisionTree,0.85,Defaults,Tuning,0.0,1.0
Baseline,DecisionTree,0.85,Tuning,Defaults,1.0,0.0
Baseline,DecisionTree,0.85,Tuning,Tuning,0.0,1.0
Baseline,DecisionTree,0.85,Defaults,Tuning,0.0,1.0
Baseline,DecisionTree,0.85,Defaults,Defaults,1.0,0.0
Baseline,DecisionTree,0.85,Tuning,Tuning,0.0,1.0
Baseline,DecisionTree,0.85,Tuning,Tuning,0.0,1.0
Baseline,DecisionTree,0.85,Defaults,Defaults,1.0,0.0
Baseline,DecisionTree,0.85,Tuning,Defaults,1.0,0.0
Baseline,DecisionTree,0.85,Tuning,Tuning,0.0,1.0
Baseline,DecisionTree,0.85,Tuning,Tuning,0.0,1.0
Baseline,DecisionTree,0.85,Tuning,Tuning,0.0,1.0
Baseline,DecisionTree,0.9,Tuning,Tuning,0.0,1.0
Baseline,DecisionTree,0.9,Tuning,Tuning,0.0,1.0
Baseline,DecisionTree,0.9,Defaults,Tuning,0.0,1.0
Baseline,DecisionTree,0.9,Tuning,Tuning,0.0,1.0
Baseline,DecisionTree,0.9,Tuning,Tuning,0.0,1.0
Baseline,DecisionTree,0.9,Tuning,Defaults,1.0,0.0
Baseline,DecisionTree,0.9,Tuning,Tuning,0.0,1.0
Baseline,DecisionTree,0.9,Defaults,Tuning,0.0,1.0
Baseline,DecisionTree,0.9,Defaults,Defaults,1.0,0.0
Baseline,DecisionTree,0.9,Tuning,Tuning,0.0,1.0
Baseline,DecisionTree,0.9,Tuning,Tuning,0.0,1.0
Baseline,DecisionTree,0.9,Defaults,Tuning,0.0,1.0
Baseline,DecisionTree,0.9,Tuning,Tuning,0.0,1.0
Baseline,DecisionTree,0.9,Tuning,Tuning,0.0,1.0
Baseline,DecisionTree,0.9,Tuning,Tuning,0.0,1.0
Baseline,DecisionTree,0.9,Tuning,Tuning,0.0,1.0
Baseline,DecisionTree,0.9,Defaults,Defaults,1.0,0.0
Baseline,DecisionTree,0.9,Tuning,Tuning,0.0,1.0
Baseline,DecisionTree,0.9,Defaults,Tuning,0.0,1.0
Baseline,DecisionTree,0.9,Tuning,Tuning,0.0,1.0
Baseline,DecisionTree,0.9,Tuning,Tuning,0.0,1.0
Baseline,DecisionTree,0.9,Defaults,Tuning,0.0,1.0
Baseline,DecisionTree,0.9,Tuning,Tuning,0.0,1.0
Baseline,DecisionTree,0.9,Tuning,Tuning,0.0,1.0
Baseline,DecisionTree,0.9,Tuning,Tuning,0.0,1.0
Baseline,DecisionTree,0.9,Tuning,Tuning,0.0,1.0
Baseline,DecisionTree,0.9,Tuning,Tuning,0.0,1.0
Baseline,DecisionTree,0.9,Tuning,Tuning,0.0,1.0
Baseline,DecisionTree,0.9,Tuning,Tuning,0.0,1.0
Baseline,DecisionTree,0.9,Tuning,Tuning,0.0,1.0
Baseline,DecisionTree,0.9,Tuning,Tuning,0.0,1.0
Baseline,DecisionTree,0.9,Tuning,Tuning,0.0,1.0
Baseline,DecisionTree,0.9,Defaults,Defaults,1.0,0.0
Baseline,DecisionTree,0.9,Defaults,Defaults,1.0,0.0
Baseline,DecisionTree,0.9,Tuning,Tuning,0.0,1.0
Baseline,DecisionTree,0.9,Tuning,Defaults,1.0,0.0
Baseline,DecisionTree,0.9,Tuning,Tuning,0.0,1.0
Baseline,DecisionTree,0.9,Defaults,Defaults,1.0,0.0
Baseline,DecisionTree,0.9,Tuning,Tuning,0.0,1.0
Baseline,DecisionTree,0.9,Defaults,Defaults,1.0,0.0
Baseline,DecisionTree,0.9,Tuning,Defaults,1.0,0.0
Baseline,DecisionTree,0.9,Tuning,Defaults,1.0,0.0
Baseline,DecisionTree,0.9,Tuning,Tuning,0.0,1.0
Baseline,DecisionTree,0.9,Tuning,Tuning,0.0,1.0
Baseline,DecisionTree,0.9,Tuning,Tuning,0.0,1.0
Baseline,DecisionTree,0.9,Tuning,Tuning,0.0,1.0
Baseline,DecisionTree,0.9,Tuning,Tuning,0.0,1.0
Baseline,DecisionTree,0.9,Tuning,Tuning,0.0,1.0
Baseline,DecisionTree,0.9,Tuning,Tuning,0.0,1.0
Baseline,DecisionTree,0.9,Tuning,Defaults,1.0,0.0
Baseline,DecisionTree,0.9,Defaults,Tuning,0.0,1.0
Baseline,DecisionTree,0.9,Tuning,Tuning,0.0,1.0
Baseline,DecisionTree,0.9,Tuning,Tuning,0.0,1.0
Baseline,DecisionTree,0.9,Defaults,Tuning,0.0,1.0
Baseline,DecisionTree,0.9,Tuning,Tuning,0.0,1.0
Baseline,DecisionTree,0.9,Tuning,Tuning,0.0,1.0
Baseline,DecisionTree,0.9,Tuning,Tuning,0.0,1.0
Baseline,DecisionTree,0.9,Tuning,Defaults,1.0,0.0
Baseline,DecisionTree,0.9,Tuning,Tuning,0.0,1.0
Baseline,DecisionTree,0.9,Tuning,Tuning,0.0,1.0
Baseline,DecisionTree,0.9,Tuning,Tuning,0.0,1.0
Baseline,DecisionTree,0.9,Tuning,Tuning,0.0,1.0
Baseline,DecisionTree,0.9,Tuning,Tuning,0.0,1.0
Baseline,DecisionTree,0.9,Defaults,Tuning,0.0,1.0
Baseline,DecisionTree,0.9,Tuning,Tuning,0.0,1.0
Baseline,DecisionTree,0.9,Defaults,Tuning,0.0,1.0
Baseline,DecisionTree,0.9,Tuning,Tuning,0.0,1.0
Baseline,DecisionTree,0.9,Tuning,Tuning,0.0,1.0
Baseline,DecisionTree,0.9,Tuning,Tuning,0.0,1.0
Baseline,DecisionTree,0.9,Tuning,Defaults,1.0,0.0
Baseline,DecisionTree,0.9,Tuning,Tuning,0.0,1.0
Baseline,DecisionTree,0.9,Defaults,Tuning,0.0,1.0
Baseline,DecisionTree,0.9,Tuning,Defaults,1.0,0.0
Baseline,DecisionTree,0.9,Defaults,Defaults,1.0,0.0
Baseline,DecisionTree,0.9,Defaults,Defaults,1.0,0.0
Baseline,DecisionTree,0.9,Defaults,Defaults,1.0,0.0
Baseline,DecisionTree,0.9,Defaults,Defaults,1.0,0.0
Baseline,DecisionTree,0.9,Tuning,Tuning,0.0,1.0
Baseline,DecisionTree,0.9,Tuning,Tuning,0.0,1.0
Baseline,DecisionTree,0.9,Tuning,Tuning,0.0,1.0
Baseline,DecisionTree,0.9,Defaults,Tuning,0.0,1.0
Baseline,DecisionTree,0.9,Defaults,Defaults,1.0,0.0
Baseline,DecisionTree,0.9,Defaults,Tuning,0.0,1.0
Baseline,DecisionTree,0.9,Defaults,Defaults,1.0,0.0
Baseline,DecisionTree,0.9,Tuning,Tuning,0.0,1.0
Baseline,DecisionTree,0.9,Tuning,Defaults,1.0,0.0
Baseline,DecisionTree,0.9,Defaults,Defaults,1.0,0.0
Baseline,DecisionTree,0.9,Tuning,Tuning,0.0,1.0
Baseline,DecisionTree,0.9,Defaults,Tuning,0.0,1.0
Baseline,DecisionTree,0.9,Tuning,Tuning,0.0,1.0
Baseline,DecisionTree,0.9,Tuning,Tuning,0.0,1.0
Baseline,DecisionTree,0.9,Defaults,Tuning,0.0,1.0
Baseline,DecisionTree,0.9,Tuning,Tuning,0.0,1.0
Baseline,DecisionTree,0.9,Defaults,Defaults,1.0,0.0
Baseline,DecisionTree,0.9,Tuning,Tuning,0.0,1.0
Baseline,DecisionTree,0.9,Tuning,Tuning,0.0,1.0
Baseline,DecisionTree,0.9,Tuning,Tuning,0.0,1.0
Baseline,DecisionTree,0.9,Defaults,Defaults,1.0,0.0
Baseline,DecisionTree,0.9,Tuning,Tuning,0.0,1.0
Baseline,DecisionTree,0.9,Tuning,Defaults,1.0,0.0
Baseline,DecisionTree,0.9,Tuning,Tuning,0.0,1.0
Baseline,DecisionTree,0.9,Defaults,Tuning,0.0,1.0
Baseline,DecisionTree,0.9,Tuning,Defaults,1.0,0.0
Baseline,DecisionTree,0.9,Tuning,Tuning,0.0,1.0
Baseline,DecisionTree,0.9,Tuning,Defaults,1.0,0.0
Baseline,DecisionTree,0.9,Tuning,Tuning,0.0,1.0
Baseline,DecisionTree,0.9,Tuning,Defaults,1.0,0.0
Baseline,DecisionTree,0.9,Tuning,Tuning,0.0,1.0
Baseline,DecisionTree,0.9,Tuning,Defaults,1.0,0.0
Baseline,DecisionTree,0.9,Defaults,Defaults,1.0,0.0
Baseline,DecisionTree,0.9,Tuning,Tuning,0.0,1.0
Baseline,DecisionTree,0.9,Tuning,Tuning,0.0,1.0
Baseline,DecisionTree,0.9,Tuning,Tuning,0.0,1.0
Baseline,DecisionTree,0.9,Tuning,Tuning,0.0,1.0
Baseline,DecisionTree,0.9,Tuning,Tuning,0.0,1.0
Baseline,DecisionTree,0.9,Tuning,Tuning,0.0,1.0
Baseline,DecisionTree,0.9,Tuning,Tuning,0.0,1.0
Baseline,DecisionTree,0.9,Tuning,Tuning,0.0,1.0
Baseline,DecisionTree,0.9,Defaults,Tuning,0.0,1.0
Baseline,DecisionTree,0.9,Tuning,Defaults,1.0,0.0
Baseline,DecisionTree,0.9,Defaults,Defaults,1.0,0.0
Baseline,DecisionTree,0.9,Tuning,Tuning,0.0,1.0
Baseline,DecisionTree,0.9,Tuning,Tuning,0.0,1.0
Baseline,DecisionTree,0.9,Tuning,Tuning,0.0,1.0
Baseline,DecisionTree,0.9,Tuning,Tuning,0.0,1.0
Baseline,DecisionTree,0.9,Defaults,Tuning,0.0,1.0
Baseline,DecisionTree,0.9,Defaults,Defaults,1.0,0.0
Baseline,DecisionTree,0.9,Tuning,Defaults,1.0,0.0
Baseline,DecisionTree,0.9,Tuning,Defaults,1.0,0.0
Baseline,DecisionTree,0.9,Tuning,Tuning,0.0,1.0
Baseline,DecisionTree,0.9,Tuning,Tuning,0.0,1.0
Baseline,DecisionTree,0.9,Tuning,Tuning,0.0,1.0
Baseline,DecisionTree,0.9,Tuning,Tuning,0.0,1.0
Baseline,DecisionTree,0.9,Tuning,Tuning,0.0,1.0
Baseline,DecisionTree,0.9,Tuning,Tuning,0.0,1.0
Baseline,DecisionTree,0.9,Defaults,Tuning,0.0,1.0
Baseline,DecisionTree,0.9,Tuning,Defaults,1.0,0.0
Baseline,DecisionTree,0.9,Tuning,Defaults,1.0,0.0
Baseline,DecisionTree,0.9,Tuning,Tuning,0.0,1.0
Baseline,DecisionTree,0.9,Tuning,Tuning,0.0,1.0
Baseline,DecisionTree,0.9,Defaults,Tuning,0.0,1.0
Baseline,DecisionTree,0.9,Tuning,Defaults,1.0,0.0
Baseline,DecisionTree,0.9,Tuning,Tuning,0.0,1.0
Baseline,DecisionTree,0.9,Tuning,Defaults,1.0,0.0
Baseline,DecisionTree,0.9,Defaults,Tuning,0.0,1.0
Baseline,DecisionTree,0.9,Tuning,Defaults,1.0,0.0
Baseline,DecisionTree,0.9,Tuning,Tuning,0.0,1.0
Baseline,DecisionTree,0.9,Tuning,Tuning,0.0,1.0
Baseline,DecisionTree,0.9,Defaults,Tuning,0.0,1.0
Baseline,DecisionTree,0.9,Defaults,Tuning,0.0,1.0
Baseline,DecisionTree,0.9,Tuning,Defaults,1.0,0.0
Baseline,DecisionTree,0.9,Tuning,Tuning,0.0,1.0
Baseline,DecisionTree,0.9,Tuning,Defaults,1.0,0.0
Baseline,DecisionTree,0.9,Defaults,Tuning,0.0,1.0
Baseline,DecisionTree,0.9,Defaults,Defaults,1.0,0.0
Baseline,DecisionTree,0.9,Defaults,Tuning,0.0,1.0
Baseline,DecisionTree,0.9,Tuning,Tuning,0.0,1.0
Baseline,DecisionTree,0.9,Defaults,Tuning,0.0,1.0
Baseline,DecisionTree,0.9,Tuning,Defaults,1.0,0.0
Baseline,DecisionTree,0.9,Tuning,Defaults,1.0,0.0
Baseline,DecisionTree,0.9,Defaults,Tuning,0.0,1.0
Baseline,DecisionTree,0.9,Defaults,Defaults,1.0,0.0
Baseline,DecisionTree,0.9,Tuning,Tuning,0.0,1.0
Baseline,DecisionTree,0.9,Tuning,Tuning,0.0,1.0
Baseline,DecisionTree,0.9,Defaults,Defaults,1.0,0.0
Baseline,DecisionTree,0.9,Tuning,Tuning,0.0,1.0
Baseline,DecisionTree,0.9,Tuning,Tuning,0.0,1.0
Baseline,DecisionTree,0.9,Tuning,Defaults,1.0,0.0
Baseline,DecisionTree,0.9,Tuning,Tuning,0.0,1.0
Baseline,DecisionTree,0.95,Tuning,Tuning,0.0,1.0
Baseline,DecisionTree,0.95,Tuning,Defaults,1.0,0.0
Baseline,DecisionTree,0.95,Defaults,Tuning,0.0,1.0
Baseline,DecisionTree,0.95,Tuning,Tuning,0.0,1.0
Baseline,DecisionTree,0.95,Tuning,Tuning,0.0,1.0
Baseline,DecisionTree,0.95,Tuning,Defaults,1.0,0.0
Baseline,DecisionTree,0.95,Tuning,Tuning,0.0,1.0
Baseline,DecisionTree,0.95,Defaults,Defaults,1.0,0.0
Baseline,DecisionTree,0.95,Defaults,Defaults,1.0,0.0
Baseline,DecisionTree,0.95,Tuning,Tuning,0.0,1.0
Baseline,DecisionTree,0.95,Tuning,Tuning,0.0,1.0
Baseline,DecisionTree,0.95,Defaults,Tuning,0.0,1.0
Baseline,DecisionTree,0.95,Tuning,Tuning,0.0,1.0
Baseline,DecisionTree,0.95,Tuning,Tuning,0.0,1.0
Baseline,DecisionTree,0.95,Tuning,Tuning,0.0,1.0
Baseline,DecisionTree,0.95,Tuning,Tuning,0.0,1.0
Baseline,DecisionTree,0.95,Defaults,Defaults,1.0,0.0
Baseline,DecisionTree,0.95,Tuning,Tuning,0.0,1.0
Baseline,DecisionTree,0.95,Defaults,Tuning,0.0,1.0
Baseline,DecisionTree,0.95,Tuning,Tuning,0.0,1.0
Baseline,DecisionTree,0.95,Tuning,Defaults,1.0,0.0
Baseline,DecisionTree,0.95,Defaults,Tuning,0.0,1.0
Baseline,DecisionTree,0.95,Tuning,Tuning,0.0,1.0
Baseline,DecisionTree,0.95,Tuning,Tuning,0.0,1.0
Baseline,DecisionTree,0.95,Tuning,Tuning,0.0,1.0
Baseline,DecisionTree,0.95,Tuning,Tuning,0.0,1.0
Baseline,DecisionTree,0.95,Tuning,Tuning,0.0,1.0
Baseline,DecisionTree,0.95,Tuning,Tuning,0.0,1.0
Baseline,DecisionTree,0.95,Tuning,Tuning,0.0,1.0
Baseline,DecisionTree,0.95,Tuning,Tuning,0.0,1.0
Baseline,DecisionTree,0.95,Tuning,Tuning,0.0,1.0
Baseline,DecisionTree,0.95,Tuning,Tuning,0.0,1.0
Baseline,DecisionTree,0.95,Defaults,Defaults,1.0,0.0
Baseline,DecisionTree,0.95,Defaults,Defaults,1.0,0.0
Baseline,DecisionTree,0.95,Tuning,Tuning,0.0,1.0
Baseline,DecisionTree,0.95,Tuning,Defaults,1.0,0.0
Baseline,DecisionTree,0.95,Tuning,Tuning,0.0,1.0
Baseline,DecisionTree,0.95,Defaults,Defaults,1.0,0.0
Baseline,DecisionTree,0.95,Tuning,Tuning,0.0,1.0
Baseline,DecisionTree,0.95,Defaults,Defaults,1.0,0.0
Baseline,DecisionTree,0.95,Tuning,Defaults,1.0,0.0
Baseline,DecisionTree,0.95,Tuning,Tuning,0.0,1.0
Baseline,DecisionTree,0.95,Tuning,Tuning,0.0,1.0
Baseline,DecisionTree,0.95,Tuning,Tuning,0.0,1.0
Baseline,DecisionTree,0.95,Tuning,Tuning,0.0,1.0
Baseline,DecisionTree,0.95,Tuning,Tuning,0.0,1.0
Baseline,DecisionTree,0.95,Tuning,Defaults,1.0,0.0
Baseline,DecisionTree,0.95,Tuning,Tuning,0.0,1.0
Baseline,DecisionTree,0.95,Tuning,Tuning,0.0,1.0
Baseline,DecisionTree,0.95,Tuning,Defaults,1.0,0.0
Baseline,DecisionTree,0.95,Defaults,Tuning,0.0,1.0
Baseline,DecisionTree,0.95,Tuning,Tuning,0.0,1.0
Baseline,DecisionTree,0.95,Tuning,Tuning,0.0,1.0
Baseline,DecisionTree,0.95,Defaults,Tuning,0.0,1.0
Baseline,DecisionTree,0.95,Tuning,Tuning,0.0,1.0
Baseline,DecisionTree,0.95,Tuning,Tuning,0.0,1.0
Baseline,DecisionTree,0.95,Tuning,Tuning,0.0,1.0
Baseline,DecisionTree,0.95,Tuning,Defaults,1.0,0.0
Baseline,DecisionTree,0.95,Tuning,Tuning,0.0,1.0
Baseline,DecisionTree,0.95,Tuning,Tuning,0.0,1.0
Baseline,DecisionTree,0.95,Tuning,Tuning,0.0,1.0
Baseline,DecisionTree,0.95,Tuning,Tuning,0.0,1.0
Baseline,DecisionTree,0.95,Tuning,Tuning,0.0,1.0
Baseline,DecisionTree,0.95,Defaults,Tuning,0.0,1.0
Baseline,DecisionTree,0.95,Tuning,Tuning,0.0,1.0
Baseline,DecisionTree,0.95,Defaults,Tuning,0.0,1.0
Baseline,DecisionTree,0.95,Tuning,Tuning,0.0,1.0
Baseline,DecisionTree,0.95,Tuning,Tuning,0.0,1.0
Baseline,DecisionTree,0.95,Tuning,Tuning,0.0,1.0
Baseline,DecisionTree,0.95,Tuning,Defaults,1.0,0.0
Baseline,DecisionTree,0.95,Tuning,Tuning,0.0,1.0
Baseline,DecisionTree,0.95,Defaults,Tuning,0.0,1.0
Baseline,DecisionTree,0.95,Tuning,Defaults,1.0,0.0
Baseline,DecisionTree,0.95,Defaults,Defaults,1.0,0.0
Baseline,DecisionTree,0.95,Defaults,Defaults,1.0,0.0
Baseline,DecisionTree,0.95,Defaults,Defaults,1.0,0.0
Baseline,DecisionTree,0.95,Defaults,Defaults,1.0,0.0
Baseline,DecisionTree,0.95,Tuning,Tuning,0.0,1.0
Baseline,DecisionTree,0.95,Tuning,Tuning,0.0,1.0
Baseline,DecisionTree,0.95,Tuning,Tuning,0.0,1.0
Baseline,DecisionTree,0.95,Defaults,Tuning,0.0,1.0
Baseline,DecisionTree,0.95,Defaults,Defaults,1.0,0.0
Baseline,DecisionTree,0.95,Defaults,Tuning,0.0,1.0
Baseline,DecisionTree,0.95,Defaults,Defaults,1.0,0.0
Baseline,DecisionTree,0.95,Tuning,Defaults,1.0,0.0
Baseline,DecisionTree,0.95,Tuning,Defaults,1.0,0.0
Baseline,DecisionTree,0.95,Defaults,Defaults,1.0,0.0
Baseline,DecisionTree,0.95,Tuning,Tuning,0.0,1.0
Baseline,DecisionTree,0.95,Defaults,Defaults,1.0,0.0
Baseline,DecisionTree,0.95,Tuning,Tuning,0.0,1.0
Baseline,DecisionTree,0.95,Tuning,Tuning,0.0,1.0
Baseline,DecisionTree,0.95,Defaults,Tuning,0.0,1.0
Baseline,DecisionTree,0.95,Tuning,Tuning,0.0,1.0
Baseline,DecisionTree,0.95,Defaults,Defaults,1.0,0.0
Baseline,DecisionTree,0.95,Tuning,Tuning,0.0,1.0
Baseline,DecisionTree,0.95,Tuning,Tuning,0.0,1.0
Baseline,DecisionTree,0.95,Tuning,Tuning,0.0,1.0
Baseline,DecisionTree,0.95,Defaults,Defaults,1.0,0.0
Baseline,DecisionTree,0.95,Tuning,Tuning,0.0,1.0
Baseline,DecisionTree,0.95,Tuning,Tuning,0.0,1.0
Baseline,DecisionTree,0.95,Tuning,Tuning,0.0,1.0
Baseline,DecisionTree,0.95,Defaults,Tuning,0.0,1.0
Baseline,DecisionTree,0.95,Tuning,Tuning,0.0,1.0
Baseline,DecisionTree,0.95,Tuning,Tuning,0.0,1.0
Baseline,DecisionTree,0.95,Tuning,Defaults,1.0,0.0
Baseline,DecisionTree,0.95,Tuning,Tuning,0.0,1.0
Baseline,DecisionTree,0.95,Tuning,Defaults,1.0,0.0
Baseline,DecisionTree,0.95,Tuning,Tuning,0.0,1.0
Baseline,DecisionTree,0.95,Tuning,Tuning,0.0,1.0
Baseline,DecisionTree,0.95,Defaults,Defaults,1.0,0.0
Baseline,DecisionTree,0.95,Tuning,Tuning,0.0,1.0
Baseline,DecisionTree,0.95,Tuning,Tuning,0.0,1.0
Baseline,DecisionTree,0.95,Tuning,Tuning,0.0,1.0
Baseline,DecisionTree,0.95,Tuning,Tuning,0.0,1.0
Baseline,DecisionTree,0.95,Tuning,Tuning,0.0,1.0
Baseline,DecisionTree,0.95,Tuning,Tuning,0.0,1.0
Baseline,DecisionTree,0.95,Tuning,Tuning,0.0,1.0
Baseline,DecisionTree,0.95,Tuning,Tuning,0.0,1.0
Baseline,DecisionTree,0.95,Defaults,Tuning,0.0,1.0
Baseline,DecisionTree,0.95,Tuning,Defaults,1.0,0.0
Baseline,DecisionTree,0.95,Defaults,Defaults,1.0,0.0
Baseline,DecisionTree,0.95,Tuning,Tuning,0.0,1.0
Baseline,DecisionTree,0.95,Tuning,Tuning,0.0,1.0
Baseline,DecisionTree,0.95,Tuning,Defaults,1.0,0.0
Baseline,DecisionTree,0.95,Tuning,Tuning,0.0,1.0
Baseline,DecisionTree,0.95,Defaults,Tuning,0.0,1.0
Baseline,DecisionTree,0.95,Defaults,Defaults,1.0,0.0
Baseline,DecisionTree,0.95,Tuning,Tuning,0.0,1.0
Baseline,DecisionTree,0.95,Tuning,Defaults,1.0,0.0
Baseline,DecisionTree,0.95,Tuning,Tuning,0.0,1.0
Baseline,DecisionTree,0.95,Tuning,Tuning,0.0,1.0
Baseline,DecisionTree,0.95,Tuning,Defaults,1.0,0.0
Baseline,DecisionTree,0.95,Tuning,Tuning,0.0,1.0
Baseline,DecisionTree,0.95,Tuning,Tuning,0.0,1.0
Baseline,DecisionTree,0.95,Tuning,Tuning,0.0,1.0
Baseline,DecisionTree,0.95,Defaults,Tuning,0.0,1.0
Baseline,DecisionTree,0.95,Tuning,Defaults,1.0,0.0
Baseline,DecisionTree,0.95,Tuning,Defaults,1.0,0.0
Baseline,DecisionTree,0.95,Tuning,Tuning,0.0,1.0
Baseline,DecisionTree,0.95,Tuning,Tuning,0.0,1.0
Baseline,DecisionTree,0.95,Defaults,Tuning,0.0,1.0
Baseline,DecisionTree,0.95,Tuning,Defaults,1.0,0.0
Baseline,DecisionTree,0.95,Tuning,Tuning,0.0,1.0
Baseline,DecisionTree,0.95,Tuning,Tuning,0.0,1.0
Baseline,DecisionTree,0.95,Defaults,Tuning,0.0,1.0
Baseline,DecisionTree,0.95,Tuning,Defaults,1.0,0.0
Baseline,DecisionTree,0.95,Tuning,Tuning,0.0,1.0
Baseline,DecisionTree,0.95,Tuning,Tuning,0.0,1.0
Baseline,DecisionTree,0.95,Defaults,Tuning,0.0,1.0
Baseline,DecisionTree,0.95,Defaults,Tuning,0.0,1.0
Baseline,DecisionTree,0.95,Tuning,Tuning,0.0,1.0
Baseline,DecisionTree,0.95,Tuning,Tuning,0.0,1.0
Baseline,DecisionTree,0.95,Tuning,Defaults,1.0,0.0
Baseline,DecisionTree,0.95,Defaults,Tuning,0.0,1.0
Baseline,DecisionTree,0.95,Defaults,Defaults,1.0,0.0
Baseline,DecisionTree,0.95,Defaults,Tuning,0.0,1.0
Baseline,DecisionTree,0.95,Tuning,Tuning,0.0,1.0
Baseline,DecisionTree,0.95,Defaults,Tuning,0.0,1.0
Baseline,DecisionTree,0.95,Tuning,Defaults,1.0,0.0
Baseline,DecisionTree,0.95,Tuning,Tuning,0.0,1.0
Baseline,DecisionTree,0.95,Defaults,Tuning,0.0,1.0
Baseline,DecisionTree,0.95,Defaults,Defaults,1.0,0.0
Baseline,DecisionTree,0.95,Tuning,Tuning,0.0,1.0
Baseline,DecisionTree,0.95,Tuning,Tuning,0.0,1.0
Baseline,DecisionTree,0.95,Defaults,Tuning,0.0,1.0
Baseline,DecisionTree,0.95,Tuning,Tuning,0.0,1.0
Baseline,DecisionTree,0.95,Tuning,Tuning,0.0,1.0
Baseline,DecisionTree,0.95,Tuning,Defaults,1.0,0.0
Baseline,DecisionTree,0.95,Tuning,Defaults,1.0,0.0
Baseline,NaiveBayes,0.8,Tuning,Tuning,9.925505336900756e-10,0.99999999900745
Baseline,NaiveBayes,0.8,Tuning,Defaults,0.8408081044161095,0.15919189558388971
Baseline,NaiveBayes,0.8,Defaults,Defaults,0.99999985622993,1.4377007276021077e-07
Baseline,NaiveBayes,0.8,Tuning,Defaults,0.997885895207131,0.002114104792871428
Baseline,NaiveBayes,0.8,Tuning,Tuning,0.0042243027772619285,0.9957756972227368
Baseline,NaiveBayes,0.8,Tuning,Defaults,0.99999998313168,1.68683190516919e-08
Baseline,NaiveBayes,0.8,Tuning,Tuning,2.2023984400133403e-17,1.0
Baseline,NaiveBayes,0.8,Defaults,Defaults,0.9979317259098427,0.002068274090158447
Baseline,NaiveBayes,0.8,Defaults,Defaults,0.9953391932838829,0.004660806716114867
Baseline,NaiveBayes,0.8,Tuning,Defaults,0.9999840046858782,1.5995314120477512e-05
Baseline,NaiveBayes,0.8,Tuning,Defaults,0.9999985398654803,1.4601345198954826e-06
Baseline,NaiveBayes,0.8,Defaults,Tuning,0.00023200288649612657,0.9997679971135047
Baseline,NaiveBayes,0.8,Tuning,Defaults,0.9999873119934537,1.2688006542959037e-05
Baseline,NaiveBayes,0.8,Tuning,Defaults,0.9711540291256612,0.028845970874341206
Baseline,NaiveBayes,0.8,Tuning,Tuning,0.0,1.0
Baseline,NaiveBayes,0.8,Tuning,Defaults,0.999999754296363,2.4570363909666155e-07
Baseline,NaiveBayes,0.8,Defaults,Defaults,0.9999996460461262,3.5395387580883927e-07
Baseline,NaiveBayes,0.8,Tuning,Defaults,0.9999977011950766,2.298804922286526e-06
Baseline,NaiveBayes,0.8,Defaults,Defaults,0.9999999367653436,6.323465651516945e-08
Baseline,NaiveBayes,0.8,Tuning,Defaults,0.9999999971661637,2.833834081598996e-09
Baseline,NaiveBayes,0.8,Tuning,Defaults,0.9999900852408776,9.914759121954953e-06
Baseline,NaiveBayes,0.8,Defaults,Defaults,0.9999994383355869,5.616644111961956e-07
Baseline,NaiveBayes,0.8,Tuning,Defaults,0.9950175625560915,0.004982437443905032
Baseline,NaiveBayes,0.8,Tuning,Defaults,0.999999999265075,7.349252316477737e-10
Baseline,NaiveBayes,0.8,Tuning,Defaults,0.9999998969746482,1.0302535148223638e-07
Baseline,NaiveBayes,0.8,Tuning,Defaults,0.9999973368799792,2.663120020373679e-06
Baseline,NaiveBayes,0.8,Tuning,Defaults,0.9187054087446933,0.08129459125530332
Baseline,NaiveBayes,0.8,Tuning,Defaults,0.9999990042320646,9.957679373730199e-07
Baseline,NaiveBayes,0.8,Tuning,Defaults,0.999999327201407,6.727985936904265e-07
Baseline,NaiveBayes,0.8,Tuning,Defaults,0.9999609411464614,3.9058853537220324e-05
Baseline,NaiveBayes,0.8,Tuning,Defaults,0.8252469790055164,0.17475302099448206
Baseline,NaiveBayes,0.8,Tuning,Defaults,0.920038419699728,0.07996158030027535
Baseline,NaiveBayes,0.8,Defaults,Defaults,0.9999999998827604,1.1724268234937711e-10
Baseline,NaiveBayes,0.8,Defaults,Defaults,0.9999994882537168,5.117462834458471e-07
Baseline,NaiveBayes,0.8,Tuning,Defaults,0.9995731321788586,0.0004268678211401233
Baseline,NaiveBayes,0.8,Tuning,Defaults,0.9996778614637305,0.00032213853627430884
Baseline,NaiveBayes,0.8,Tuning,Defaults,0.9998593829177065,0.0001406170822902089
Baseline,NaiveBayes,0.8,Defaults,Defaults,0.9999999995444142,4.555882723540943e-10
Baseline,NaiveBayes,0.8,Tuning,Defaults,0.9999996242929039,3.7570709262824027e-07
Baseline,NaiveBayes,0.8,Defaults,Defaults,0.9999999879394609,1.2060536779203663e-08
Baseline,NaiveBayes,0.8,Tuning,Defaults,0.9997739627523549,0.0002260372476452171
Baseline,NaiveBayes,0.8,Tuning,Tuning,0.0,1.0
Baseline,NaiveBayes,0.8,Tuning,Defaults,0.999999999995353,4.64948226275445e-12
Baseline,NaiveBayes,0.8,Tuning,Defaults,0.9999654625692797,3.453743072278668e-05
Baseline,NaiveBayes,0.8,Tuning,Tuning,7.197905820324075e-08,0.9999999280209434
Baseline,NaiveBayes,0.8,Tuning,Defaults,0.9999938381790641,6.161820935014411e-06
Baseline,NaiveBayes,0.8,Tuning,Tuning,8.615323617137392e-75,1.0
Baseline,NaiveBayes,0.8,Tuning,Defaults,0.623768284486155,0.37623171551384654
Baseline,NaiveBayes,0.8,Tuning,Defaults,0.9999999968193052,3.1806946922525606e-09
Baseline,NaiveBayes,0.8,Tuning,Tuning,0.19629117206021035,0.8037088279397906
Baseline,NaiveBayes,0.8,Defaults,Defaults,0.9728443107836177,0.027155689216381482
Baseline,NaiveBayes,0.8,Tuning,Tuning,0.0,1.0
Baseline,NaiveBayes,0.8,Tuning,Tuning,0.0,1.0
Baseline,NaiveBayes,0.8,Defaults,Defaults,0.9999941962690234,5.803730976042424e-06
Baseline,NaiveBayes,0.8,Tuning,Defaults,0.9999999999978613,2.1414832831136314e-12
Baseline,NaiveBayes,0.8,Tuning,Defaults,0.9999999994561648,5.438362002349678e-10
Baseline,NaiveBayes,0.8,Tuning,Defaults,0.9999999997154418,2.845573632970739e-10
Baseline,NaiveBayes,0.8,Tuning,Defaults,0.9999999992586339,7.413648415909105e-10
Baseline,NaiveBayes,0.8,Tuning,Defaults,0.7923993730849892,0.20760062691501016
Baseline,NaiveBayes,0.8,Tuning,Defaults,0.9770353756852271,0.02296462431477428
Baseline,NaiveBayes,0.8,Tuning,Tuning,0.0,1.0
Baseline,NaiveBayes,0.8,Tuning,Defaults,0.9999999998829736,1.1702831002932317e-10
Baseline,NaiveBayes,0.8,Tuning,Defaults,0.9999999889932881,1.1006711794115488e-08
Baseline,NaiveBayes,0.8,Defaults,Defaults,0.9999999996556284,3.4437292738195143e-10
Baseline,NaiveBayes,0.8,Tuning,Defaults,0.9999999969816002,3.0183979941033276e-09
Baseline,NaiveBayes,0.8,Defaults,Defaults,0.9999998617569001,1.3824309866571981e-07
Baseline,NaiveBayes,0.8,Tuning,Tuning,0.012410905376891795,0.9875890946231062
Baseline,NaiveBayes,0.8,Tuning,Defaults,0.7208791184805663,0.27912088151943404
Baseline,NaiveBayes,0.8,Tuning,Defaults,0.9999999956022805,4.397719881746455e-09
Baseline,NaiveBayes,0.8,Tuning,Tuning,4.7444963631909336e-23,1.0
Baseline,NaiveBayes,0.8,Tuning,Defaults,0.9998253176432692,0.00017468235673295926
Baseline,NaiveBayes,0.8,Defaults,Tuning,4.180712983276999e-21,1.0
Baseline,NaiveBayes,0.8,Tuning,Tuning,0.2168125707680321,0.7831874292319668
Baseline,NaiveBayes,0.8,Defaults,Defaults,0.9999999991928448,8.07153805011546e-10
Baseline,NaiveBayes,0.8,Defaults,Defaults,0.9999999986637107,1.3362832368275465e-09
Baseline,NaiveBayes,0.8,Defaults,Defaults,0.9999999996053717,3.946293218056642e-10
Baseline,NaiveBayes,0.8,Defaults,Defaults,0.9999999986315657,1.3684356678290422e-09
Baseline,NaiveBayes,0.8,Tuning,Tuning,0.0,1.0
Baseline,NaiveBayes,0.8,Tuning,Tuning,0.0,1.0
Baseline,NaiveBayes,0.8,Tuning,Tuning,5.1256776512699576e-17,1.0
Baseline,NaiveBayes,0.8,Defaults,Defaults,0.890849592021694,0.10915040797830472
Baseline,NaiveBayes,0.8,Defaults,Defaults,0.98735276632003,0.01264723367996935
Baseline,NaiveBayes,0.8,Defaults,Defaults,0.9999803192838878,1.9680716109453008e-05
Baseline,NaiveBayes,0.8,Defaults,Defaults,0.9999984066976327,1.5933023660397927e-06
Baseline,NaiveBayes,0.8,Tuning,Defaults,0.9999981341627658,1.8658372327228585e-06
Baseline,NaiveBayes,0.8,Tuning,Defaults,0.9775964282132354,0.022403571786763152
Baseline,NaiveBayes,0.8,Defaults,Defaults,0.9999999998982148,1.0178569441295368e-10
Baseline,NaiveBayes,0.8,Tuning,Defaults,0.999999091852253,9.081477489093202e-07
Baseline,NaiveBayes,0.8,Defaults,Defaults,0.9999999542496393,4.575036124186601e-08
Baseline,NaiveBayes,0.8,Tuning,Tuning,2.0061620574435145e-10,0.9999999997993854
Baseline,NaiveBayes,0.8,Tuning,Defaults,0.916222948669306,0.08377705133069425
Baseline,NaiveBayes,0.8,Defaults,Defaults,0.9999835174499097,1.648255008868217e-05
Baseline,NaiveBayes,0.8,Tuning,Defaults,0.9999999837375385,1.626245992424234e-08
Baseline,NaiveBayes,0.8,Defaults,Tuning,0.0,1.0
Baseline,NaiveBayes,0.8,Tuning,Defaults,0.9927823064567056,0.007217693543292317
Baseline,NaiveBayes,0.8,Tuning,Defaults,0.9976283915005622,0.002371608499435459
Baseline,NaiveBayes,0.8,Tuning,Defaults,0.9999997800927318,2.1990726953334672e-07
Baseline,NaiveBayes,0.8,Defaults,Defaults,0.9999999872296713,1.2770326937829055e-08
Baseline,NaiveBayes,0.8,Tuning,Defaults,0.9999997595673311,2.404326700124584e-07
Baseline,NaiveBayes,0.8,Tuning,Defaults,0.999846182759137,0.0001538172408626706
Baseline,NaiveBayes,0.8,Tuning,Defaults,0.9999900188889964,9.981111000893229e-06
Baseline,NaiveBayes,0.8,Defaults,Defaults,0.9643287353680507,0.03567126463194574
Baseline,NaiveBayes,0.8,Tuning,Defaults,0.9999999988082919,1.1917090189175872e-09
Baseline,NaiveBayes,0.8,Tuning,Defaults,0.9999999993583124,6.416885108075367e-10
Baseline,NaiveBayes,0.8,Tuning,Tuning,2.0140829515237723e-91,1.0
Baseline,NaiveBayes,0.8,Tuning,Tuning,0.4008627470852187,0.5991372529147799
Baseline,NaiveBayes,0.8,Tuning,Defaults,0.9999999999243308,7.566801474298897e-11
Baseline,NaiveBayes,0.8,Tuning,Defaults,0.9977174120692202,0.0022825879307784036
Baseline,NaiveBayes,0.8,Tuning,Tuning,1.3268996415426273e-08,0.9999999867309982
Baseline,NaiveBayes,0.8,Defaults,Defaults,0.9999999971004954,2.8995020286266357e-09
Baseline,NaiveBayes,0.8,Tuning,Tuning,0.29274541980846797,0.7072545801915339
Baseline,NaiveBayes,0.8,Tuning,Defaults,0.9993186824594413,0.0006813175405575997
Baseline,NaiveBayes,0.8,Tuning,Defaults,0.9999984590949188,1.5409050831702264e-06
Baseline,NaiveBayes,0.8,Tuning,Defaults,0.9997573034246039,0.00024269657539488905
Baseline,NaiveBayes,0.8,Tuning,Tuning,6.727144856944033e-39,1.0
Baseline,NaiveBayes,0.8,Tuning,Defaults,0.9999999803520156,1.964798136746789e-08
Baseline,NaiveBayes,0.8,Tuning,Defaults,0.9999999619137022,3.808629627367957e-08
Baseline,NaiveBayes,0.8,Tuning,Defaults,0.9320483574180022,0.06795164258200112
Baseline,NaiveBayes,0.8,Defaults,Defaults,0.9999999999193463,8.065071910217076e-11
Baseline,NaiveBayes,0.8,Tuning,Tuning,3.511764115831034e-45,1.0
Baseline,NaiveBayes,0.8,Defaults,Defaults,0.9999999999967315,3.2698738032247485e-12
Baseline,NaiveBayes,0.8,Tuning,Defaults,0.9999999999526779,4.732376293196994e-11
Baseline,NaiveBayes,0.8,Tuning,Defaults,0.9999999991325268,8.67472784007614e-10
Baseline,NaiveBayes,0.8,Tuning,Tuning,1.8888706234940945e-48,1.0
Baseline,NaiveBayes,0.8,Tuning,Defaults,0.9999768141099338,2.3185890065073208e-05
Baseline,NaiveBayes,0.8,Defaults,Defaults,0.9901787558021858,0.009821244197816409
Baseline,NaiveBayes,0.8,Defaults,Defaults,0.9999996330974772,3.669025221034784e-07
Baseline,NaiveBayes,0.8,Tuning,Defaults,0.9999977534806216,2.2465193793728513e-06
Baseline,NaiveBayes,0.8,Tuning,Defaults,1.0,1.5174994609862935e-15
Baseline,NaiveBayes,0.8,Tuning,Defaults,0.9999982897150576,1.7102849437301497e-06
Baseline,NaiveBayes,0.8,Tuning,Defaults,0.9999982897150576,1.7102849437301497e-06
Baseline,NaiveBayes,0.8,Tuning,Tuning,1.565452644502354e-06,0.9999984345473681
Baseline,NaiveBayes,0.8,Tuning,Tuning,0.023381261089233142,0.976618738910771
Baseline,NaiveBayes,0.8,Tuning,Defaults,0.9999999978410301,2.1589684419122705e-09
Baseline,NaiveBayes,0.8,Tuning,Defaults,0.9980988815200514,0.001901118479950249
Baseline,NaiveBayes,0.8,Defaults,Defaults,0.9999999998980584,1.0194006084249783e-10
Baseline,NaiveBayes,0.8,Tuning,Defaults,0.9999999993871569,6.128455189419494e-10
Baseline,NaiveBayes,0.8,Tuning,Defaults,0.9999999998337614,1.6623834487790422e-10
Baseline,NaiveBayes,0.8,Tuning,Tuning,4.737229470515835e-19,1.0
Baseline,NaiveBayes,0.8,Tuning,Defaults,0.9988695124253999,0.0011304875745969931
Baseline,NaiveBayes,0.8,Defaults,Defaults,0.9999999998336833,1.6631536086433132e-10
Baseline,NaiveBayes,0.8,Tuning,Defaults,0.9999999292142218,7.07857801163695e-08
Baseline,NaiveBayes,0.8,Tuning,Defaults,0.9999999999996803,3.181224764529534e-13
Baseline,NaiveBayes,0.8,Tuning,Defaults,0.9999999991785202,8.214803560302761e-10
Baseline,NaiveBayes,0.8,Defaults,Defaults,0.999999992874109,7.125891111570744e-09
Baseline,NaiveBayes,0.8,Tuning,Defaults,0.9494673949938609,0.050532605006133886
Baseline,NaiveBayes,0.8,Tuning,Defaults,0.9999999944566369,5.543359644170248e-09
Baseline,NaiveBayes,0.8,Tuning,Defaults,0.9999999983587884,1.6412143680493321e-09
Baseline,NaiveBayes,0.8,Defaults,Defaults,0.999999995460918,4.539083537232465e-09
Baseline,NaiveBayes,0.8,Defaults,Defaults,0.9481532028030775,0.05184679719692441
Baseline,NaiveBayes,0.8,Tuning,Tuning,1.119090397103908e-16,1.0
Baseline,NaiveBayes,0.8,Tuning,Defaults,0.9757966748243291,0.024203325175667974
Baseline,NaiveBayes,0.8,Tuning,Tuning,0.0,1.0
Baseline,NaiveBayes,0.8,Defaults,Defaults,0.9999999993822897,6.177090811562888e-10
Baseline,NaiveBayes,0.8,Defaults,Defaults,0.9999999848056477,1.5194355366901186e-08
Baseline,NaiveBayes,0.8,Defaults,Defaults,0.9999999999844249,1.5576761245694666e-11
Baseline,NaiveBayes,0.8,Tuning,Defaults,0.9999998997284131,1.0027159329567178e-07
Baseline,NaiveBayes,0.8,Defaults,Defaults,0.999999999890214,1.0978515989970452e-10
Baseline,NaiveBayes,0.8,Tuning,Defaults,0.999999999982137,1.7864124020446983e-11
Baseline,NaiveBayes,0.8,Tuning,Defaults,0.9999348552974618,6.514470253749893e-05
Baseline,NaiveBayes,0.8,Defaults,Defaults,0.9999999994817053,5.182937575447925e-10
Baseline,NaiveBayes,0.8,Defaults,Defaults,0.9999999951429004,4.85709788774339e-09
Baseline,NaiveBayes,0.8,Tuning,Defaults,0.9999999998483773,1.5162278591968033e-10
Baseline,NaiveBayes,0.8,Tuning,Defaults,0.9999999821328346,1.786716779149077e-08
Baseline,NaiveBayes,0.8,Defaults,Defaults,0.9999858854600278,1.411453997567631e-05
Baseline,NaiveBayes,0.8,Tuning,Tuning,7.949040380195244e-143,1.0
Baseline,NaiveBayes,0.8,Tuning,Tuning,0.2091798453282815,0.7908201546717155
Baseline,NaiveBayes,0.8,Tuning,Tuning,0.0,1.0
Baseline,NaiveBayes,0.8,Tuning,Defaults,1.0,5.941500433337314e-54
Baseline,NaiveBayes,0.85,Tuning,Tuning,2.9523021419337816e-15,1.0
Baseline,NaiveBayes,0.85,Tuning,Tuning,2.4142399169248324e-57,1.0
Baseline,NaiveBayes,0.85,Defaults,Defaults,0.9999998951723497,1.0482764686086323e-07
Baseline,NaiveBayes,0.85,Tuning,Tuning,0.0062308857903354605,0.9937691142096625
Baseline,NaiveBayes,0.85,Tuning,Tuning,7.886886520163154e-39,1.0
Baseline,NaiveBayes,0.85,Tuning,Defaults,0.9999999975979534,2.4020486790220243e-09
Baseline,NaiveBayes,0.85,Tuning,Tuning,0.0,1.0
Baseline,NaiveBayes,0.85,Defaults,Defaults,0.9996357792096089,0.00036422079038774197
Baseline,NaiveBayes,0.85,Defaults,Defaults,0.9382896427492533,0.06171035725074498
Baseline,NaiveBayes,0.85,Tuning,Defaults,0.9999981436516769,1.856348323733865e-06
Baseline,NaiveBayes,0.85,Tuning,Defaults,0.999999778340278,2.2165971991871105e-07
Baseline,NaiveBayes,0.85,Defaults,Tuning,0.0030431722305115363,0.9969568277694894
Baseline,NaiveBayes,0.85,Tuning,Defaults,0.9998847711105628,0.00011522888943729281
Baseline,NaiveBayes,0.85,Tuning,Tuning,3.993787668347634e-08,0.9999999600621202
Baseline,NaiveBayes,0.85,Tuning,Tuning,0.0,1.0
Baseline,NaiveBayes,0.85,Tuning,Defaults,0.9999999704726581,2.952734038923271e-08
Baseline,NaiveBayes,0.85,Defaults,Defaults,0.999996689455253,3.31054474353964e-06
Baseline,NaiveBayes,0.85,Tuning,Defaults,0.9999997048605858,2.9513941073300104e-07
Baseline,NaiveBayes,0.85,Defaults,Defaults,0.9999999915625182,8.437481940801312e-09
Baseline,NaiveBayes,0.85,Tuning,Defaults,0.9999999996942179,3.0578235459949724e-10
Baseline,NaiveBayes,0.85,Tuning,Defaults,0.9999987096585425,1.2903414587334041e-06
Baseline,NaiveBayes,0.85,Defaults,Defaults,0.9999999795617003,2.0438301201008225e-08
Baseline,NaiveBayes,0.85,Tuning,Defaults,0.999711856871517,0.0002881431284833168
Baseline,NaiveBayes,0.85,Tuning,Defaults,0.9999999999569269,4.3075134872527724e-11
Baseline,NaiveBayes,0.85,Tuning,Defaults,0.9999999890216459,1.09783511326093e-08
Baseline,NaiveBayes,0.85,Tuning,Defaults,0.999998847561567,1.152438430652818e-06
Baseline,NaiveBayes,0.85,Tuning,Tuning,3.9085490175534194e-20,1.0
Baseline,NaiveBayes,0.85,Tuning,Defaults,0.9999995111189279,4.888810730836219e-07
Baseline,NaiveBayes,0.85,Tuning,Defaults,0.9999998371251156,1.6287488142014637e-07
Baseline,NaiveBayes,0.85,Tuning,Defaults,0.9989286616007771,0.0010713383992244775
Baseline,NaiveBayes,0.85,Tuning,Tuning,7.740300903492755e-13,0.9999999999992255
Baseline,NaiveBayes,0.85,Tuning,Tuning,3.1670587977930687e-17,1.0
Baseline,NaiveBayes,0.85,Defaults,Defaults,0.9999999999847233,1.527663958354148e-11
Baseline,NaiveBayes,0.85,Defaults,Defaults,0.9999999535436654,4.64563341278973e-08
Baseline,NaiveBayes,0.85,Tuning,Defaults,0.9997622290026769,0.00023777099732425475
Baseline,NaiveBayes,0.85,Tuning,Defaults,0.9999945165592113,5.483440782200363e-06
Baseline,NaiveBayes,0.85,Tuning,Defaults,0.9999744206756858,2.5579324314911505e-05
Baseline,NaiveBayes,0.85,Defaults,Defaults,0.9999999999867981,1.320103634926584e-11
Baseline,NaiveBayes,0.85,Tuning,Defaults,0.9999999547978727,4.5202123992889856e-08
Baseline,NaiveBayes,0.85,Defaults,Defaults,0.9999999972686382,2.7313626024379754e-09
Baseline,NaiveBayes,0.85,Tuning,Defaults,0.9984942879788434,0.0015057120211552967
Baseline,NaiveBayes,0.85,Tuning,Tuning,0.0,1.0
Baseline,NaiveBayes,0.85,Tuning,Defaults,0.9999999999995026,4.960744475179459e-13
Baseline,NaiveBayes,0.85,Tuning,Defaults,0.6803261462717591,0.31967385372824064
Baseline,NaiveBayes,0.85,Tuning,Tuning,7.915141260379578e-06,0.9999920848587365
Baseline,NaiveBayes,0.85,Tuning,Defaults,0.9999856650084264,1.433499157250557e-05
Baseline,NaiveBayes,0.85,Tuning,Tuning,5.262691879220376e-74,1.0
Baseline,NaiveBayes,0.85,Tuning,Defaults,0.684993875577883,0.3150061244221112
Baseline,NaiveBayes,0.85,Tuning,Defaults,0.9999999997881837,2.1181551704849312e-10
Baseline,NaiveBayes,0.85,Tuning,Defaults,0.6913825830201308,0.30861741697987
Baseline,NaiveBayes,0.85,Defaults,Defaults,0.9954994167200709,0.00450058327992665
Baseline,NaiveBayes,0.85,Tuning,Tuning,0.0,1.0
Baseline,NaiveBayes,0.85,Tuning,Tuning,0.0,1.0
Baseline,NaiveBayes,0.85,Defaults,Defaults,0.995368991159862,0.004631008840136513
Baseline,NaiveBayes,0.85,Tuning,Defaults,0.999999999999801,1.9751031627363515e-13
Baseline,NaiveBayes,0.85,Tuning,Defaults,0.9999999993999751,6.000268617555693e-10
Baseline,NaiveBayes,0.85,Tuning,Defaults,0.9999999999627249,3.727438613281999e-11
Baseline,NaiveBayes,0.85,Tuning,Defaults,0.9999999999652864,3.4713943167762946e-11
Baseline,NaiveBayes,0.85,Tuning,Defaults,0.6932509542290977,0.3067490457709003
Baseline,NaiveBayes,0.85,Tuning,Tuning,0.024296674844640934,0.9757033251553563
Baseline,NaiveBayes,0.85,Tuning,Tuning,0.0,1.0
Baseline,NaiveBayes,0.85,Tuning,Defaults,0.9999999999865707,1.3431296721306135e-11
Baseline,NaiveBayes,0.85,Tuning,Defaults,0.9999999989657127,1.0342855354498328e-09
Baseline,NaiveBayes,0.85,Defaults,Defaults,0.9999999999611902,3.8811246553481484e-11
Baseline,NaiveBayes,0.85,Tuning,Defaults,0.9999999985637871,1.436214237296321e-09
Baseline,NaiveBayes,0.85,Defaults,Defaults,0.9999999723886933,2.7611303471127665e-08
Baseline,NaiveBayes,0.85,Tuning,Tuning,0.08991765326884832,0.9100823467311495
Baseline,NaiveBayes,0.85,Tuning,Defaults,0.9070193921418584,0.0929806078581429
Baseline,NaiveBayes,0.85,Tuning,Defaults,0.9999999997836753,2.1632351381537616e-10
Baseline,NaiveBayes,0.85,Tuning,Tuning,1.729455886975641e-22,1.0
Baseline,NaiveBayes,0.85,Tuning,Defaults,0.9999790964985245,2.0903501478208605e-05
Baseline,NaiveBayes,0.85,Defaults,Tuning,1.3027770327277068e-20,1.0
Baseline,NaiveBayes,0.85,Tuning,Defaults,0.6631711789528706,0.33682882104713235
Baseline,NaiveBayes,0.85,Defaults,Defaults,0.9999999998903064,1.0968722551471489e-10
Baseline,NaiveBayes,0.85,Defaults,Defaults,0.9999999998179874,1.8201892769016036e-10
Baseline,NaiveBayes,0.85,Defaults,Defaults,0.9999999999508589,4.913765921188179e-11
Baseline,NaiveBayes,0.85,Defaults,Defaults,0.9999999998140368,1.859664480563877e-10
Baseline,NaiveBayes,0.85,Tuning,Tuning,0.0,1.0
Baseline,NaiveBayes,0.85,Tuning,Tuning,0.0,1.0
Baseline,NaiveBayes,0.85,Tuning,Tuning,1.7284610460417708e-16,1.0
Baseline,NaiveBayes,0.85,Defaults,Defaults,0.8814695916382284,0.11853040836177531
Baseline,NaiveBayes,0.85,Defaults,Defaults,0.9794466465197279,0.020553353480267825
Baseline,NaiveBayes,0.85,Defaults,Defaults,0.9999954291425951,4.570857405716844e-06
Baseline,NaiveBayes,0.85,Defaults,Defaults,0.9999998616913384,1.383086619230858e-07
Baseline,NaiveBayes,0.85,Tuning,Defaults,0.9999992343187731,7.656812258448433e-07
Baseline,NaiveBayes,0.85,Tuning,Defaults,0.9857738038244918,0.014226196175504137
Baseline,NaiveBayes,0.85,Defaults,Defaults,0.9999999999865636,1.3438837530244061e-11
Baseline,NaiveBayes,0.85,Tuning,Defaults,0.9999993808252227,6.191747740182307e-07
Baseline,NaiveBayes,0.85,Defaults,Defaults,0.9999999922703395,7.729663564683253e-09
Baseline,NaiveBayes,0.85,Tuning,Tuning,1.3921990618753952e-08,0.9999999860780094
Baseline,NaiveBayes,0.85,Tuning,Defaults,0.9089920789314186,0.09100792106858083
Baseline,NaiveBayes,0.85,Defaults,Defaults,0.9999962903155748,3.709684425640384e-06
Baseline,NaiveBayes,0.85,Tuning,Defaults,0.9999999984192982,1.580702035571055e-09
Baseline,NaiveBayes,0.85,Defaults,Tuning,0.0,1.0
Baseline,NaiveBayes,0.85,Tuning,Defaults,0.9907000418447368,0.009299958155261766
Baseline,NaiveBayes,0.85,Tuning,Defaults,0.9987468253556673,0.0012531746443346045
Baseline,NaiveBayes,0.85,Tuning,Defaults,0.9999999681373458,3.186265191678501e-08
Baseline,NaiveBayes,0.85,Defaults,Defaults,0.9999999988315906,1.1684073404712115e-09
Baseline,NaiveBayes,0.85,Tuning,Defaults,0.9999999303355291,6.966447089415212e-08
Baseline,NaiveBayes,0.85,Tuning,Defaults,0.9995341510565375,0.00046584894346791544
Baseline,NaiveBayes,0.85,Tuning,Defaults,0.99999531633483,4.683665168157152e-06
Baseline,NaiveBayes,0.85,Defaults,Defaults,0.8503781582261816,0.1496218417738182
Baseline,NaiveBayes,0.85,Tuning,Defaults,0.9999999998614442,1.385557963562591e-10
Baseline,NaiveBayes,0.85,Tuning,Defaults,0.9999999999583835,4.1618347191833934e-11
Baseline,NaiveBayes,0.85,Tuning,Tuning,1.9194667147964012e-90,1.0
Baseline,NaiveBayes,0.85,Tuning,Tuning,0.002554667752933997,0.9974453322470681
Baseline,NaiveBayes,0.85,Tuning,Defaults,0.9999999999910187,8.980820640071034e-12
Baseline,NaiveBayes,0.85,Tuning,Defaults,0.9987937706521063,0.0012062293478910073
Baseline,NaiveBayes,0.85,Tuning,Tuning,8.971586786739967e-09,0.9999999910284174
Baseline,NaiveBayes,0.85,Defaults,Defaults,0.999999997950205,2.049798468882486e-09
Baseline,NaiveBayes,0.85,Tuning,Tuning,0.25270173899671994,0.7472982610032785
Baseline,NaiveBayes,0.85,Tuning,Defaults,0.8921021213328907,0.10789787866711037
Baseline,NaiveBayes,0.85,Tuning,Defaults,0.9999523685690007,4.7631430996858725e-05
Baseline,NaiveBayes,0.85,Tuning,Defaults,0.9994624202964659,0.000537579703534587
Baseline,NaiveBayes,0.85,Tuning,Tuning,6.158543361254231e-38,1.0
Baseline,NaiveBayes,0.85,Tuning,Defaults,0.9999999957380084,4.261994356950676e-09
Baseline,NaiveBayes,0.85,Tuning,Defaults,0.9999999956744929,4.325507127795938e-09
Baseline,NaiveBayes,0.85,Tuning,Defaults,0.9033296341559077,0.09667036584409898
Baseline,NaiveBayes,0.85,Defaults,Defaults,0.9999999999900453,9.955651308608308e-12
Baseline,NaiveBayes,0.85,Tuning,Tuning,5.206413239759466e-44,1.0
Baseline,NaiveBayes,0.85,Defaults,Defaults,0.9999999999996945,3.0242586197807937e-13
Baseline,NaiveBayes,0.85,Tuning,Defaults,0.9999999999934559,6.5441826347782006e-12
Baseline,NaiveBayes,0.85,Tuning,Defaults,0.9999999998662474,1.337510125030157e-10
Baseline,NaiveBayes,0.85,Tuning,Tuning,1.9201547236567217e-48,1.0
Baseline,NaiveBayes,0.85,Tuning,Defaults,0.9999588519057326,4.1148094266607906e-05
Baseline,NaiveBayes,0.85,Defaults,Defaults,0.9941667907338959,0.0058332092661021705
Baseline,NaiveBayes,0.85,Defaults,Defaults,0.9999999270697613,7.293023943752588e-08
Baseline,NaiveBayes,0.85,Tuning,Defaults,0.9999040352121338,9.5964787863864e-05
Baseline,NaiveBayes,0.85,Tuning,Defaults,1.0,6.674288409221646e-16
Baseline,NaiveBayes,0.85,Tuning,Defaults,0.9999962908999656,3.7091000318479465e-06
Baseline,NaiveBayes,0.85,Tuning,Defaults,0.9999962908999656,3.7091000318479465e-06
Baseline,NaiveBayes,0.85,Tuning,Tuning,2.7360750914268596e-06,0.9999972639249022
Baseline,NaiveBayes,0.85,Tuning,Tuning,0.006950391116932213,0.9930496088830739
Baseline,NaiveBayes,0.85,Tuning,Defaults,0.9999999998136531,1.8634424204640636e-10
Baseline,NaiveBayes,0.85,Tuning,Defaults,0.999807856980775,0.0001921430192238558
Baseline,NaiveBayes,0.85,Defaults,Defaults,0.9999999999977263,2.2738682315470805e-12
Baseline,NaiveBayes,0.85,Tuning,Defaults,0.999999999969269,3.072847654325492e-11
Baseline,NaiveBayes,0.85,Tuning,Defaults,0.9999999999934559,6.54110914426472e-12
Baseline,NaiveBayes,0.85,Tuning,Tuning,5.624743589037462e-210,1.0
Baseline,NaiveBayes,0.85,Tuning,Defaults,0.9998706496465612,0.00012935035344273897
Baseline,NaiveBayes,0.85,Defaults,Defaults,0.9999999999785985,2.1403779125444065e-11
Baseline,NaiveBayes,0.85,Tuning,Defaults,0.9999999915467939,8.453203868335703e-09
Baseline,NaiveBayes,0.85,Tuning,Defaults,0.9999999999999645,3.661135761955077e-14
Baseline,NaiveBayes,0.85,Tuning,Defaults,0.9999999999044888,9.551061800886574e-11
Baseline,NaiveBayes,0.85,Defaults,Defaults,0.9999999992090949,7.909045100536286e-10
Baseline,NaiveBayes,0.85,Tuning,Defaults,0.9881852543030996,0.0118147456968976
Baseline,NaiveBayes,0.85,Tuning,Defaults,0.9999999995859596,4.140401008597272e-10
Baseline,NaiveBayes,0.85,Tuning,Defaults,0.9999999998246452,1.753552866682125e-10
Baseline,NaiveBayes,0.85,Defaults,Defaults,0.9999999995059099,4.940902529351711e-10
Baseline,NaiveBayes,0.85,Defaults,Defaults,0.9925367859219473,0.0074632140780519305
Baseline,NaiveBayes,0.85,Tuning,Tuning,3.577311114003373e-16,1.0
Baseline,NaiveBayes,0.85,Tuning,Defaults,0.995577360475402,0.004422639524597114
Baseline,NaiveBayes,0.85,Tuning,Tuning,0.0,1.0
Baseline,NaiveBayes,0.85,Defaults,Defaults,0.9999999999669491,3.305206176135623e-11
Baseline,NaiveBayes,0.85,Defaults,Defaults,0.9999999989591686,1.040830239594395e-09
Baseline,NaiveBayes,0.85,Defaults,Defaults,0.999999999998554,1.4473307422177962e-12
Baseline,NaiveBayes,0.85,Tuning,Defaults,0.9999999934311319,6.568870720780436e-09
Baseline,NaiveBayes,0.85,Defaults,Defaults,0.999999999987562,1.2437163720203149e-11
Baseline,NaiveBayes,0.85,Tuning,Defaults,0.9999999999982094,1.791213439012195e-12
Baseline,NaiveBayes,0.85,Tuning,Defaults,0.9999847871241323,1.521287586521473e-05
Baseline,NaiveBayes,0.85,Defaults,Defaults,0.9999999999530154,4.698592345251436e-11
Baseline,NaiveBayes,0.85,Defaults,Defaults,0.9999999991729425,8.270542871889168e-10
Baseline,NaiveBayes,0.85,Tuning,Defaults,0.9999999999799734,2.0028357906958628e-11
Baseline,NaiveBayes,0.85,Tuning,Defaults,0.9999999984240162,1.575986520072436e-09
Baseline,NaiveBayes,0.85,Defaults,Defaults,0.9999991923694289,8.076305722833476e-07
Baseline,NaiveBayes,0.85,Tuning,Tuning,8.541744689282949e-142,1.0
Baseline,NaiveBayes,0.85,Tuning,Defaults,0.7749062118035427,0.22509378819645767
Baseline,NaiveBayes,0.85,Tuning,Tuning,0.0,1.0
Baseline,NaiveBayes,0.85,Tuning,Defaults,1.0,2.6900796076722627e-54
Baseline,NaiveBayes,0.9,Tuning,Tuning,4.042651915655472e-297,1.0
Baseline,NaiveBayes,0.9,Tuning,Tuning,1.3689246042184069e-99,1.0
Baseline,NaiveBayes,0.9,Defaults,Defaults,0.9999999869424557,1.3057547744735617e-08
Baseline,NaiveBayes,0.9,Tuning,Tuning,1.0243136165162851e-05,0.9999897568638351
Baseline,NaiveBayes,0.9,Tuning,Tuning,4.0528720106480986e-65,1.0
Baseline,NaiveBayes,0.9,Tuning,Defaults,0.9999999999484714,5.152673296974963e-11
Baseline,NaiveBayes,0.9,Tuning,Tuning,0.0,1.0
Baseline,NaiveBayes,0.9,Defaults,Defaults,0.9999107455373281,8.925446267470956e-05
Baseline,NaiveBayes,0.9,Defaults,Defaults,0.8823866145127829,0.11761338548721921
Baseline,NaiveBayes,0.9,Tuning,Defaults,0.9999993348850831,6.651149226210956e-07
Baseline,NaiveBayes,0.9,Tuning,Defaults,0.9999996672411683,3.327588309129583e-07
Baseline,NaiveBayes,0.9,Defaults,Tuning,0.13552923076201429,0.864470769237984
Baseline,NaiveBayes,0.9,Tuning,Defaults,0.9987860109133111,0.0012139890866879137
Baseline,NaiveBayes,0.9,Tuning,Tuning,1.3024506997978528e-15,1.0
Baseline,NaiveBayes,0.9,Tuning,Tuning,0.0,1.0
Baseline,NaiveBayes,0.9,Tuning,Defaults,0.9999999335282603,6.647174090529036e-08
Baseline,NaiveBayes,0.9,Defaults,Defaults,0.9999990165078576,9.834921393839416e-07
Baseline,NaiveBayes,0.9,Tuning,Defaults,0.999999534484326,4.655156714034229e-07
Baseline,NaiveBayes,0.9,Defaults,Defaults,0.9999999996047393,3.952590404705077e-10
Baseline,NaiveBayes,0.9,Tuning,Defaults,0.9999999999120561,8.794249912529677e-11
Baseline,NaiveBayes,0.9,Tuning,Defaults,0.999999959230906,4.0769096144027196e-08
Baseline,NaiveBayes,0.9,Defaults,Defaults,0.9999999947076503,5.292348213876294e-09
Baseline,NaiveBayes,0.9,Tuning,Defaults,0.9999042824958221,9.571750417742364e-05
Baseline,NaiveBayes,0.9,Tuning,Defaults,0.9999999999936975,6.299155460466309e-12
Baseline,NaiveBayes,0.9,Tuning,Defaults,0.9999999900120926,9.987907285529976e-09
Baseline,NaiveBayes,0.9,Tuning,Defaults,0.999996635083802,3.3649161991982605e-06
Baseline,NaiveBayes,0.9,Tuning,Tuning,6.910964971522986e-35,1.0
Baseline,NaiveBayes,0.9,Tuning,Defaults,0.9999989859078039,1.0140921990320038e-06
Baseline,NaiveBayes,0.9,Tuning,Defaults,0.9999998702009818,1.2979902052304563e-07
Baseline,NaiveBayes,0.9,Tuning,Defaults,0.9777027585699006,0.022297241430098456
Baseline,NaiveBayes,0.9,Tuning,Tuning,5.003116454562066e-24,1.0
Baseline,NaiveBayes,0.9,Tuning,Tuning,5.659573107689517e-30,1.0
Baseline,NaiveBayes,0.9,Defaults,Defaults,0.9999999999997655,2.3179513800186114e-13
Baseline,NaiveBayes,0.9,Defaults,Defaults,0.9999999943793512,5.620646063036341e-09
Baseline,NaiveBayes,0.9,Tuning,Defaults,0.9981595299741046,0.001840470025891932
Baseline,NaiveBayes,0.9,Tuning,Defaults,0.9999998515989542,1.4840105170853597e-07
Baseline,NaiveBayes,0.9,Tuning,Defaults,0.9999983066463882,1.6933536157570579e-06
Baseline,NaiveBayes,0.9,Defaults,Defaults,0.9999999999996945,3.072893746431114e-13
Baseline,NaiveBayes,0.9,Tuning,Defaults,0.9999999894290995,1.0570897742518554e-08
Baseline,NaiveBayes,0.9,Defaults,Defaults,0.9999999992305888,7.69410526138794e-10
Baseline,NaiveBayes,0.9,Tuning,Defaults,0.9996356577531292,0.00036434224687223563
Baseline,NaiveBayes,0.9,Tuning,Tuning,0.0,1.0
Baseline,NaiveBayes,0.9,Tuning,Defaults,0.9999999999997158,2.8330260197345074e-13
Baseline,NaiveBayes,0.9,Tuning,Tuning,0.01980626392578261,0.9801937360742223
Baseline,NaiveBayes,0.9,Tuning,Tuning,0.000419839884094963,0.9995801601159019
Baseline,NaiveBayes,0.9,Tuning,Defaults,0.9999896066173012,1.039338270119858e-05
Baseline,NaiveBayes,0.9,Tuning,Tuning,1.4458993533413762e-72,1.0
Baseline,NaiveBayes,0.9,Tuning,Tuning,7.21352724911048e-05,0.9999278647275048
Baseline,NaiveBayes,0.9,Tuning,Defaults,0.9999999999880984,1.190238445240026e-11
Baseline,NaiveBayes,0.9,Tuning,Defaults,0.8665944155742137,0.13340558442579264
Baseline,NaiveBayes,0.9,Defaults,Defaults,0.999660320958214,0.00033967904178798633
Baseline,NaiveBayes,0.9,Tuning,Tuning,0.0,1.0
Baseline,NaiveBayes,0.9,Tuning,Tuning,0.0,1.0
Baseline,NaiveBayes,0.9,Defaults,Defaults,0.9802323234388065,0.019767676561196674
Baseline,NaiveBayes,0.9,Tuning,Defaults,1.0,2.8502057914411485e-15
Baseline,NaiveBayes,0.9,Tuning,Defaults,0.9999999999916724,8.329495923382751e-12
Baseline,NaiveBayes,0.9,Tuning,Defaults,0.9999999999993605,6.388778768207166e-13
Baseline,NaiveBayes,0.9,Tuning,Defaults,0.99999999999865,1.3520252519878086e-12
Baseline,NaiveBayes,0.9,Tuning,Tuning,0.4123023077242387,0.5876976922757594
Baseline,NaiveBayes,0.9,Tuning,Tuning,0.002421609044156916,0.9975783909558488
Baseline,NaiveBayes,0.9,Tuning,Tuning,0.0,1.0
Baseline,NaiveBayes,0.9,Tuning,Defaults,0.9999999999995524,4.456729084179618e-13
Baseline,NaiveBayes,0.9,Tuning,Defaults,0.9999999990204032,9.79593875824763e-10
Baseline,NaiveBayes,0.9,Defaults,Defaults,0.9999999999992539,7.481876062974219e-13
Baseline,NaiveBayes,0.9,Tuning,Defaults,0.9999999999498854,5.011417954706665e-11
Baseline,NaiveBayes,0.9,Defaults,Defaults,0.9999999976471585,2.352842506447906e-09
Baseline,NaiveBayes,0.9,Tuning,Defaults,0.793843603525782,0.20615639647421385
Baseline,NaiveBayes,0.9,Tuning,Defaults,0.9896381252718095,0.010361874728192826
Baseline,NaiveBayes,0.9,Tuning,Defaults,0.9999999999974207,2.576202049126992e-12
Baseline,NaiveBayes,0.9,Tuning,Tuning,6.446251506990511e-23,1.0
Baseline,NaiveBayes,0.9,Tuning,Defaults,0.9999943880016334,5.6119983657238165e-06
Baseline,NaiveBayes,0.9,Defaults,Tuning,6.6294429011863755e-21,1.0
Baseline,NaiveBayes,0.9,Tuning,Defaults,0.8927533969257785,0.10724660307422487
Baseline,NaiveBayes,0.9,Defaults,Defaults,0.9999999996333173,3.666781150640649e-10
Baseline,NaiveBayes,0.9,Defaults,Defaults,0.9999999993543298,6.456767041119762e-10
Baseline,NaiveBayes,0.9,Defaults,Defaults,0.99999999986521,1.3478658663304064e-10
Baseline,NaiveBayes,0.9,Defaults,Defaults,0.9999999993800657,6.199371234449624e-10
Baseline,NaiveBayes,0.9,Tuning,Tuning,0.0,1.0
Baseline,NaiveBayes,0.9,Tuning,Tuning,0.0,1.0
Baseline,NaiveBayes,0.9,Tuning,Tuning,1.5659110003219728e-15,1.0
Baseline,NaiveBayes,0.9,Defaults,Defaults,0.9273950124589749,0.07260498754102211
Baseline,NaiveBayes,0.9,Defaults,Tuning,0.15580768851592794,0.8441923114840741
Baseline,NaiveBayes,0.9,Defaults,Defaults,0.9999992206850176,7.793149835419148e-07
Baseline,NaiveBayes,0.9,Defaults,Defaults,0.9999999970605487,2.9394505086649865e-09
Baseline,NaiveBayes,0.9,Tuning,Defaults,0.9999998866078024,1.1339219866074456e-07
Baseline,NaiveBayes,0.9,Tuning,Defaults,0.9936908403627966,0.006309159637198766
Baseline,NaiveBayes,0.9,Defaults,Defaults,0.999999999999801,2.0020226851266297e-13
Baseline,NaiveBayes,0.9,Tuning,Defaults,0.9999986717361449,1.3282638537507148e-06
Baseline,NaiveBayes,0.9,Defaults,Defaults,0.9999999997993072,2.0069496663311804e-10
Baseline,NaiveBayes,0.9,Tuning,Tuning,6.259775928557211e-07,0.9999993740224055
Baseline,NaiveBayes,0.9,Tuning,Tuning,0.0005425429080763846,0.9994574570919235
Baseline,NaiveBayes,0.9,Defaults,Defaults,0.9999999000193377,9.998066451852906e-08
Baseline,NaiveBayes,0.9,Tuning,Defaults,0.999999999862915,1.3708442563169369e-10
Baseline,NaiveBayes,0.9,Defaults,Tuning,0.0,1.0
Baseline,NaiveBayes,0.9,Tuning,Defaults,0.9687692864413048,0.031230713558699046
Baseline,NaiveBayes,0.9,Tuning,Defaults,0.9998121244548643,0.00018787554514221032
Baseline,NaiveBayes,0.9,Tuning,Defaults,0.999999968562364,3.143763259434903e-08
Baseline,NaiveBayes,0.9,Defaults,Defaults,0.9999999999788329,2.1164228024586017e-11
Baseline,NaiveBayes,0.9,Tuning,Defaults,0.9999999535703037,4.642969783393775e-08
Baseline,NaiveBayes,0.9,Tuning,Defaults,0.9980331236342218,0.0019668763657737383
Baseline,NaiveBayes,0.9,Tuning,Defaults,0.9998902274142756,0.00010977258572545125
Baseline,NaiveBayes,0.9,Defaults,Tuning,0.05553673315915833,0.9444632668408486
Baseline,NaiveBayes,0.9,Tuning,Defaults,0.9999999999979643,2.035704106208964e-12
Baseline,NaiveBayes,0.9,Tuning,Defaults,0.9999999999990337,9.693293832573772e-13
Baseline,NaiveBayes,0.9,Tuning,Tuning,1.7744671070283414e-119,1.0
Baseline,NaiveBayes,0.9,Tuning,Tuning,9.401168499041978e-06,0.9999905988314977
Baseline,NaiveBayes,0.9,Tuning,Defaults,0.9999999999998863,1.1312243744953082e-13
Baseline,NaiveBayes,0.9,Tuning,Defaults,0.999819205588662,0.00018079441133748436
Baseline,NaiveBayes,0.9,Tuning,Tuning,5.455550014304042e-12,0.999999999994543
Baseline,NaiveBayes,0.9,Defaults,Defaults,0.999999998758696,1.241300938618697e-09
Baseline,NaiveBayes,0.9,Tuning,Tuning,0.00011968031627292329,0.9998803196837298
Baseline,NaiveBayes,0.9,Tuning,Tuning,0.27929211325634395,0.7207078867436506
Baseline,NaiveBayes,0.9,Tuning,Defaults,0.951106518048656,0.04889348195134542
Baseline,NaiveBayes,0.9,Tuning,Defaults,0.974661011795833,0.025338988204164876
Baseline,NaiveBayes,0.9,Tuning,Tuning,2.0597133137582346e-39,1.0
Baseline,NaiveBayes,0.9,Tuning,Defaults,0.9999999998831939,1.168090051575664e-10
Baseline,NaiveBayes,0.9,Tuning,Defaults,0.9999999995896189,4.103845157461881e-10
Baseline,NaiveBayes,0.9,Tuning,Tuning,0.48249948102092177,0.5175005189790781
Baseline,NaiveBayes,0.9,Defaults,Defaults,0.9999999999996518,3.4880501534227847e-13
Baseline,NaiveBayes,0.9,Tuning,Tuning,3.440575413109388e-49,1.0
Baseline,NaiveBayes,0.9,Defaults,Defaults,0.9999999999999929,6.896496193336174e-15
Baseline,NaiveBayes,0.9,Tuning,Defaults,0.9999999999995381,4.610291713399962e-13
Baseline,NaiveBayes,0.9,Tuning,Defaults,0.9999999999645226,3.547724227020311e-11
Baseline,NaiveBayes,0.9,Tuning,Tuning,1.2641383686755604e-47,1.0
Baseline,NaiveBayes,0.9,Tuning,Defaults,0.9999913251010678,8.674898930546329e-06
Baseline,NaiveBayes,0.9,Defaults,Defaults,0.9989806314221494,0.001019368577851102
Baseline,NaiveBayes,0.9,Defaults,Defaults,0.9999999954214474,4.578551151971887e-09
Baseline,NaiveBayes,0.9,Tuning,Defaults,0.5277867602255789,0.4722132397744269
Baseline,NaiveBayes,0.9,Tuning,Defaults,0.9999999999999858,1.6090419585711262e-14
Baseline,NaiveBayes,0.9,Tuning,Defaults,0.9524771853132628,0.047522814686739384
Baseline,NaiveBayes,0.9,Tuning,Defaults,0.9524771853132628,0.047522814686739384
Baseline,NaiveBayes,0.9,Tuning,Tuning,2.6034935863969884e-07,0.9999997396506385
Baseline,NaiveBayes,0.9,Tuning,Tuning,0.0012559324630422087,0.9987440675369587
Baseline,NaiveBayes,0.9,Tuning,Defaults,0.9999999999928662,7.135581424613985e-12
Baseline,NaiveBayes,0.9,Tuning,Defaults,0.9998905382666177,0.00010946173338508324
Baseline,NaiveBayes,0.9,Defaults,Defaults,0.9999999999996874,3.139078547961715e-13
Baseline,NaiveBayes,0.9,Tuning,Defaults,0.9999999999991545,8.455658852283869e-13
Baseline,NaiveBayes,0.9,Tuning,Defaults,0.9999999999995808,4.19940787990892e-13
Baseline,NaiveBayes,0.9,Tuning,Tuning,0.0,1.0
Baseline,NaiveBayes,0.9,Tuning,Defaults,0.9997692280486555,0.00023077195134842715
Baseline,NaiveBayes,0.9,Defaults,Defaults,0.9999999999997229,2.7429889405631307e-13
Baseline,NaiveBayes,0.9,Tuning,Defaults,0.9999999998758042,1.241970557631858e-10
Baseline,NaiveBayes,0.9,Tuning,Defaults,1.0,5.147405388433647e-16
Baseline,NaiveBayes,0.9,Tuning,Defaults,0.9999999999985967,1.4032711901783505e-12
Baseline,NaiveBayes,0.9,Defaults,Defaults,0.9999999999870894,1.2911304423162336e-11
Baseline,NaiveBayes,0.9,Tuning,Defaults,0.9994159423280243,0.0005840576719812708
Baseline,NaiveBayes,0.9,Tuning,Defaults,0.9999999999864926,1.3510225331183001e-11
Baseline,NaiveBayes,0.9,Tuning,Defaults,0.9999999999397176,6.028519810773442e-11
Baseline,NaiveBayes,0.9,Defaults,Defaults,0.9999999999808651,1.9133777133334793e-11
Baseline,NaiveBayes,0.9,Defaults,Defaults,0.89881710255349,0.10118289744650588
Baseline,NaiveBayes,0.9,Tuning,Tuning,6.917123170096183e-17,1.0
Baseline,NaiveBayes,0.9,Tuning,Tuning,0.25454947166060626,0.7454505283393883
Baseline,NaiveBayes,0.9,Tuning,Tuning,0.0,1.0
Baseline,NaiveBayes,0.9,Defaults,Defaults,0.9999999999990976,9.024818836443986e-13
Baseline,NaiveBayes,0.9,Defaults,Defaults,0.9999999999807017,1.9300228102823704e-11
Baseline,NaiveBayes,0.9,Defaults,Defaults,0.9999999999999787,1.9884636834887674e-14
Baseline,NaiveBayes,0.9,Tuning,Defaults,0.9999998789310995,1.2106890390649548e-07
Baseline,NaiveBayes,0.9,Defaults,Defaults,0.9999999999997229,2.7606548003495556e-13
Baseline,NaiveBayes,0.9,Tuning,Defaults,0.9999999999999716,2.5423444716881758e-14
Baseline,NaiveBayes,0.9,Tuning,Defaults,0.9999996488553057,3.511446978387404e-07
Baseline,NaiveBayes,0.9,Defaults,Defaults,0.999999999995751,4.247264704208374e-12
Baseline,NaiveBayes,0.9,Defaults,Defaults,0.9999999999850502,1.4955922532398016e-11
Baseline,NaiveBayes,0.9,Tuning,Defaults,0.9999999999996021,4.0122161373966975e-13
Baseline,NaiveBayes,0.9,Tuning,Defaults,0.9999999999413589,5.864395660307329e-11
Baseline,NaiveBayes,0.9,Defaults,Defaults,0.9999999866787946,1.3321208379674722e-08
Baseline,NaiveBayes,0.9,Tuning,Tuning,2.6332115306267474e-206,1.0
Baseline,NaiveBayes,0.9,Tuning,Defaults,0.9886603034923812,0.011339696507612783
Baseline,NaiveBayes,0.9,Tuning,Tuning,0.0,1.0
Baseline,NaiveBayes,0.9,Tuning,Defaults,1.0,6.061531860103534e-52
Baseline,NaiveBayes,0.95,Tuning,Tuning,1.7096046920430112e-300,1.0
Baseline,NaiveBayes,0.95,Tuning,Tuning,1.690560428756682e-98,1.0
Baseline,NaiveBayes,0.95,Defaults,Defaults,0.9999999988934363,1.1065613084180717e-09
Baseline,NaiveBayes,0.95,Tuning,Tuning,3.6053638534314725e-06,0.9999963946361469
Baseline,NaiveBayes,0.95,Tuning,Tuning,3.3565572052785293e-65,1.0
Baseline,NaiveBayes,0.95,Tuning,Defaults,0.9999999999893774,1.0619357490647814e-11
Baseline,NaiveBayes,0.95,Tuning,Tuning,0.0,1.0
Baseline,NaiveBayes,0.95,Defaults,Defaults,0.9999852118569736,1.4788143025601467e-05
Baseline,NaiveBayes,0.95,Defaults,Defaults,0.9856537595663282,0.014346240433666715
Baseline,NaiveBayes,0.95,Tuning,Defaults,0.9999999107244872,8.927551974771688e-08
Baseline,NaiveBayes,0.95,Tuning,Defaults,0.9999999646399906,3.536000751265383e-08
Baseline,NaiveBayes,0.95,Defaults,Defaults,0.6328940821234085,0.36710591787659025
Baseline,NaiveBayes,0.95,Tuning,Defaults,0.9998328249474935,0.00016717505250893528
Baseline,NaiveBayes,0.95,Tuning,Tuning,1.3939969346473463e-14,0.9999999999999858
Baseline,NaiveBayes,0.95,Tuning,Tuning,0.0,1.0
Baseline,NaiveBayes,0.95,Tuning,Defaults,0.9999999934763295,6.523668705425014e-09
Baseline,NaiveBayes,0.95,Defaults,Defaults,0.9999998969943871,1.0300561557892989e-07
Baseline,NaiveBayes,0.95,Tuning,Defaults,0.9999999328154154,6.718458922019293e-08
Baseline,NaiveBayes,0.95,Defaults,Defaults,0.9999999999758344,2.4168016300857202e-11
Baseline,NaiveBayes,0.95,Tuning,Defaults,0.9999985025780787,1.4974219251556182e-06
Baseline,NaiveBayes,0.95,Tuning,Defaults,0.9999999936501212,6.349884332069907e-09
Baseline,NaiveBayes,0.95,Defaults,Defaults,0.9999999996057056,3.942946038417733e-10
Baseline,NaiveBayes,0.95,Tuning,Defaults,0.9999248769445759,7.512305542631164e-05
Baseline,NaiveBayes,0.95,Tuning,Defaults,0.9999999999988134,1.1833852650545385e-12
Baseline,NaiveBayes,0.95,Tuning,Defaults,0.9999999990704538,9.295468065847233e-10
Baseline,NaiveBayes,0.95,Tuning,Defaults,0.9999993612648176,6.387351858250835e-07
Baseline,NaiveBayes,0.95,Tuning,Tuning,1.5710504331527317e-34,1.0
Baseline,NaiveBayes,0.95,Tuning,Defaults,0.9999997481154528,2.518845507452991e-07
Baseline,NaiveBayes,0.95,Tuning,Defaults,0.9999999871931068,1.2806890730626428e-08
Baseline,NaiveBayes,0.95,Tuning,Defaults,0.9920544684562211,0.007945531543772142
Baseline,NaiveBayes,0.95,Tuning,Tuning,4.780159253222649e-23,1.0
Baseline,NaiveBayes,0.95,Tuning,Tuning,1.1843209679982896e-29,1.0
Baseline,NaiveBayes,0.95,Defaults,Defaults,0.9999999999999716,2.7129052966746282e-14
Baseline,NaiveBayes,0.95,Defaults,Defaults,0.9999999994065192,5.934776045645149e-10
Baseline,NaiveBayes,0.95,Tuning,Tuning,0.44835073477629467,0.5516492652236996
Baseline,NaiveBayes,0.95,Tuning,Defaults,0.9999999820456368,1.7954369832691033e-08
Baseline,NaiveBayes,0.95,Tuning,Defaults,0.9999997881631881,2.118368118264611e-07
Baseline,NaiveBayes,0.95,Defaults,Defaults,0.9999999999999858,1.371519692213119e-14
Baseline,NaiveBayes,0.95,Tuning,Defaults,0.9999999988097841,1.1902177074594268e-09
Baseline,NaiveBayes,0.95,Defaults,Defaults,0.9999999993941273,6.05871506532747e-10
Baseline,NaiveBayes,0.95,Tuning,Defaults,0.5227329695609829,0.47726703043902396
Baseline,NaiveBayes,0.95,Tuning,Tuning,0.0,1.0
Baseline,NaiveBayes,0.95,Tuning,Defaults,0.9999999999999716,2.450129509093388e-14
Baseline,NaiveBayes,0.95,Tuning,Tuning,0.0798128809488868,0.9201871190511072
Baseline,NaiveBayes,0.95,Tuning,Tuning,0.005540627369111729,0.9944593726308941
Baseline,NaiveBayes,0.95,Tuning,Defaults,0.9999860399184247,1.3960081574741511e-05
Baseline,NaiveBayes,0.95,Tuning,Tuning,1.7719503149116655e-71,1.0
Baseline,NaiveBayes,0.95,Tuning,Tuning,1.5184891407534724e-07,0.9999998481510888
Baseline,NaiveBayes,0.95,Tuning,Defaults,0.9999999999988276,1.1713783067212086e-12
Baseline,NaiveBayes,0.95,Tuning,Defaults,0.7845736855574268,0.2154263144425717
Baseline,NaiveBayes,0.95,Defaults,Defaults,0.9999259153206219,7.408467937910213e-05
Baseline,NaiveBayes,0.95,Tuning,Tuning,0.0,1.0
Baseline,NaiveBayes,0.95,Tuning,Tuning,0.0,1.0
Baseline,NaiveBayes,0.95,Defaults,Defaults,0.9852184453007652,0.014781554699237974
Baseline,NaiveBayes,0.95,Tuning,Defaults,1.0,3.331226522188818e-16
Baseline,NaiveBayes,0.95,Tuning,Defaults,0.9999999999887663,1.1231185695514042e-11
Baseline,NaiveBayes,0.95,Tuning,Defaults,0.9999999999999574,4.5640198067800914e-14
Baseline,NaiveBayes,0.95,Tuning,Defaults,0.9999999999998792,1.2233490544169942e-13
Baseline,NaiveBayes,0.95,Tuning,Tuning,0.00042920275959805595,0.9995707972404033
Baseline,NaiveBayes,0.95,Tuning,Tuning,0.012514527627981246,0.9874854723720132
Baseline,NaiveBayes,0.95,Tuning,Tuning,0.0,1.0
Baseline,NaiveBayes,0.95,Tuning,Defaults,0.9999999999998508,1.5270045679824513e-13
Baseline,NaiveBayes,0.95,Tuning,Defaults,0.9999999996621938,3.378071835394376e-10
Baseline,NaiveBayes,0.95,Defaults,Defaults,0.9999999999999147,8.189012452929622e-14
Baseline,NaiveBayes,0.95,Tuning,Defaults,0.9999999999957865,4.215816244337061e-12
Baseline,NaiveBayes,0.95,Defaults,Defaults,0.9999999995181312,4.81865451602052e-10
Baseline,NaiveBayes,0.95,Tuning,Defaults,0.9837173094808258,0.016282690519174404
Baseline,NaiveBayes,0.95,Tuning,Defaults,0.9978531197989375,0.002146880201069335
Baseline,NaiveBayes,0.95,Tuning,Defaults,0.9999999999998366,1.6637084776632968e-13
Baseline,NaiveBayes,0.95,Tuning,Tuning,1.466933994283089e-22,1.0
Baseline,NaiveBayes,0.95,Tuning,Defaults,0.9999992634541724,7.365458251547573e-07
Baseline,NaiveBayes,0.95,Defaults,Tuning,2.5653254966588567e-20,1.0
Baseline,NaiveBayes,0.95,Tuning,Defaults,0.9849078291965707,0.015092170803432727
Baseline,NaiveBayes,0.95,Defaults,Defaults,0.9999999999582485,4.1749835861523465e-11
Baseline,NaiveBayes,0.95,Defaults,Defaults,0.9999999999086668,9.133899176066667e-11
Baseline,NaiveBayes,0.95,Defaults,Defaults,0.9999999999873097,1.2687765246640165e-11
Baseline,NaiveBayes,0.95,Defaults,Defaults,0.9999999999317453,6.825084018983808e-11
Baseline,NaiveBayes,0.95,Tuning,Tuning,0.0,1.0
Baseline,NaiveBayes,0.95,Tuning,Tuning,0.0,1.0
Baseline,NaiveBayes,0.95,Tuning,Tuning,8.600027616704468e-15,0.9999999999999858
Baseline,NaiveBayes,0.95,Defaults,Defaults,0.9902950696830769,0.009704930316922988
Baseline,NaiveBayes,0.95,Defaults,Tuning,0.0001227822542973097,0.9998772177457026
Baseline,NaiveBayes,0.95,Defaults,Defaults,0.9999998152051603,1.847948384010987e-07
Baseline,NaiveBayes,0.95,Defaults,Defaults,0.9999999996786784,3.213198712871742e-10
Baseline,NaiveBayes,0.95,Tuning,Defaults,0.9999999872496589,1.2750338471350118e-08
Baseline,NaiveBayes,0.95,Tuning,Defaults,0.9996474496774479,0.00035255032254988023
Baseline,NaiveBayes,0.95,Defaults,Defaults,0.9999999999999787,2.1027267877150583e-14
Baseline,NaiveBayes,0.95,Tuning,Defaults,0.999999774403126,2.2559687307947133e-07
Baseline,NaiveBayes,0.95,Defaults,Defaults,0.9999999999891926,1.0804068121998705e-11
Baseline,NaiveBayes,0.95,Tuning,Tuning,5.006143065874536e-06,0.9999949938569411
Baseline,NaiveBayes,0.95,Tuning,Tuning,0.0002087659027977458,0.9997912340972029
Baseline,NaiveBayes,0.95,Defaults,Defaults,0.9999999873781108,1.2621889462711787e-08
Baseline,NaiveBayes,0.95,Tuning,Defaults,0.9999999999410676,5.893413428359386e-11
Baseline,NaiveBayes,0.95,Defaults,Tuning,0.0,1.0
Baseline,NaiveBayes,0.95,Tuning,Tuning,0.025089020715638684,0.9749109792843573
Baseline,NaiveBayes,0.95,Tuning,Defaults,0.9998383846997771,0.00016161530022722927
Baseline,NaiveBayes,0.95,Tuning,Defaults,0.9999999894173116,1.0582685104799272e-08
Baseline,NaiveBayes,0.95,Defaults,Defaults,0.9999999999982094,1.7877703953355217e-12
Baseline,NaiveBayes,0.95,Tuning,Defaults,0.5490326288170663,0.45096737118292884
Baseline,NaiveBayes,0.95,Tuning,Tuning,0.3967763634024734,0.6032236365975305
Baseline,NaiveBayes,0.95,Tuning,Defaults,0.9999659264202634,3.407357973600556e-05
Baseline,NaiveBayes,0.95,Defaults,Tuning,5.253284794611521e-07,0.9999994746715218
Baseline,NaiveBayes,0.95,Tuning,Defaults,0.9999999999998508,1.4599033997114098e-13
Baseline,NaiveBayes,0.95,Tuning,Defaults,0.9999999999999503,5.155281829487251e-14
Baseline,NaiveBayes,0.95,Tuning,Tuning,3.8479695168841666e-146,1.0
Baseline,NaiveBayes,0.95,Tuning,Tuning,9.850876604606102e-10,0.9999999990149178
Baseline,NaiveBayes,0.95,Tuning,Defaults,0.9999999999999858,1.0766437361007057e-14
Baseline,NaiveBayes,0.95,Tuning,Defaults,0.9998437331465381,0.00015626685345810585
Baseline,NaiveBayes,0.95,Tuning,Tuning,6.572898846681281e-25,1.0
Baseline,NaiveBayes,0.95,Defaults,Defaults,0.999999999893987,1.0601331216250917e-10
Baseline,NaiveBayes,0.95,Tuning,Tuning,4.6399250322544685e-08,0.9999999536007504
Baseline,NaiveBayes,0.95,Tuning,Defaults,0.644953917729236,0.35504608227076995
Baseline,NaiveBayes,0.95,Tuning,Defaults,0.9999999961883361,3.811657311831369e-09
Baseline,NaiveBayes,0.95,Tuning,Defaults,0.9960201503679478,0.00397984963204952
Baseline,NaiveBayes,0.95,Tuning,Tuning,1.6893751989729756e-38,1.0
Baseline,NaiveBayes,0.95,Tuning,Defaults,0.999999999983018,1.6980706428950097e-11
Baseline,NaiveBayes,0.95,Tuning,Defaults,0.9999999999238369,7.61659256570188e-11
Baseline,NaiveBayes,0.95,Tuning,Tuning,0.0005395525054226189,0.9994604474945756
Baseline,NaiveBayes,0.95,Defaults,Defaults,0.9999999999999147,8.229660733239779e-14
Baseline,NaiveBayes,0.95,Tuning,Tuning,1.0124849005656706e-54,1.0
Baseline,NaiveBayes,0.95,Defaults,Defaults,1.0,5.359249764170722e-16
Baseline,NaiveBayes,0.95,Tuning,Defaults,0.999999999999929,7.449906469628804e-14
Baseline,NaiveBayes,0.95,Tuning,Defaults,0.9999999999504183,4.958194044540794e-11
Baseline,NaiveBayes,0.95,Tuning,Tuning,6.623033280972759e-47,1.0
Baseline,NaiveBayes,0.95,Tuning,Defaults,0.9999592742705354,4.0725729468149304e-05
Baseline,NaiveBayes,0.95,Defaults,Defaults,0.9992523650505186,0.0007476349494852684
Baseline,NaiveBayes,0.95,Defaults,Defaults,0.9999999985143972,1.4856031144003315e-09
Baseline,NaiveBayes,0.95,Tuning,Defaults,0.894178954467817,0.10582104553217644
Baseline,NaiveBayes,0.95,Tuning,Defaults,0.9999999999999858,7.755510838579293e-15
Baseline,NaiveBayes,0.95,Tuning,Defaults,0.9965381242677654,0.0034618757322284004
Baseline,NaiveBayes,0.95,Tuning,Defaults,0.9965381242677654,0.0034618757322284004
Baseline,NaiveBayes,0.95,Tuning,Tuning,2.529921242230756e-10,0.9999999997470184
Baseline,NaiveBayes,0.95,Tuning,Tuning,5.274283299182835e-08,0.9999999472571673
Baseline,NaiveBayes,0.95,Tuning,Defaults,0.9999999999978968,2.1036446751449052e-12
Baseline,NaiveBayes,0.95,Tuning,Defaults,0.999925123653993,7.487634600306156e-05
Baseline,NaiveBayes,0.95,Defaults,Defaults,0.999999999999801,1.990465646716682e-13
Baseline,NaiveBayes,0.95,Tuning,Defaults,0.9999999999999076,8.94768653035018e-14
Baseline,NaiveBayes,0.95,Tuning,Defaults,0.9999999999998508,1.487663810052105e-13
Baseline,NaiveBayes,0.95,Tuning,Tuning,0.0,1.0
Baseline,NaiveBayes,0.95,Tuning,Defaults,0.9999763380069693,2.3661993035264163e-05
Baseline,NaiveBayes,0.95,Defaults,Defaults,0.9999999999999503,4.9253636346835237e-14
Baseline,NaiveBayes,0.95,Tuning,Defaults,0.9999999999979181,2.0832814110188766e-12
Baseline,NaiveBayes,0.95,Tuning,Defaults,1.0,9.347215269301646e-19
Baseline,NaiveBayes,0.95,Tuning,Defaults,0.9999999999999005,1.0071978060482392e-13
Baseline,NaiveBayes,0.95,Defaults,Defaults,0.9999999999990621,9.357828184017916e-13
Baseline,NaiveBayes,0.95,Tuning,Defaults,0.9998654990135165,0.00013450098647636963
Baseline,NaiveBayes,0.95,Tuning,Defaults,0.9999999999986926,1.303890848691955e-12
Baseline,NaiveBayes,0.95,Tuning,Defaults,0.9999999999958789,4.124061925716705e-12
Baseline,NaiveBayes,0.95,Defaults,Defaults,0.9999999999980105,1.988776689896571e-12
Baseline,NaiveBayes,0.95,Defaults,Defaults,0.9787334948424026,0.02126650515759184
Baseline,NaiveBayes,0.95,Tuning,Tuning,2.2672911928927024e-16,1.0
Baseline,NaiveBayes,0.95,Tuning,Tuning,5.00031687682182e-12,0.9999999999949978
Baseline,NaiveBayes,0.95,Tuning,Tuning,0.0,1.0
Baseline,NaiveBayes,0.95,Defaults,Defaults,0.9999999999998863,1.1534886987071337e-13
Baseline,NaiveBayes,0.95,Defaults,Defaults,0.9999999999972431,2.7573244710134753e-12
Baseline,NaiveBayes,0.95,Defaults,Defaults,1.0,2.1750239444285985e-15
Baseline,NaiveBayes,0.95,Tuning,Defaults,0.9999967019887307,3.2980112635815664e-06
Baseline,NaiveBayes,0.95,Defaults,Defaults,0.9999999999999716,2.76824270064659e-14
Baseline,NaiveBayes,0.95,Tuning,Defaults,1.0,2.311377562253976e-15
Baseline,NaiveBayes,0.95,Tuning,Defaults,0.9999999444042602,5.559573837798929e-08
Baseline,NaiveBayes,0.95,Defaults,Defaults,0.9999999999995524,4.4489371931923947e-13
Baseline,NaiveBayes,0.95,Defaults,Defaults,0.9999999999969873,3.015715173407167e-12
Baseline,NaiveBayes,0.95,Tuning,Defaults,0.9999999999999503,4.964710728992725e-14
Baseline,NaiveBayes,0.95,Tuning,Defaults,0.9999999999874731,1.2529631404017055e-11
Baseline,NaiveBayes,0.95,Defaults,Defaults,0.9999999988543209,1.1456815521432688e-09
Baseline,NaiveBayes,0.95,Tuning,Tuning,0.0,1.0
Baseline,NaiveBayes,0.95,Tuning,Defaults,0.9992821111166196,0.000717888883373634
Baseline,NaiveBayes,0.95,Tuning,Tuning,0.0,1.0
Baseline,NaiveBayes,0.95,Tuning,Defaults,1.0,8.547925633982993e-50
Baseline,LogisticRegression,0.8,Tuning,Tuning,0.019897283697764334,0.9801027163022357
Baseline,LogisticRegression,0.8,Tuning,Tuning,0.16964062574809047,0.8303593742519095
Baseline,LogisticRegression,0.8,Defaults,Defaults,0.6385692008506176,0.3614307991493824
Baseline,LogisticRegression,0.8,Tuning,Tuning,0.06773943202819566,0.9322605679718043
Baseline,LogisticRegression,0.8,Tuning,Tuning,0.02408397862765732,0.9759160213723427
Baseline,LogisticRegression,0.8,Tuning,Defaults,0.6723477395347144,0.32765226046528556
Baseline,LogisticRegression,0.8,Tuning,Tuning,0.001821057566436357,0.9981789424335636
Baseline,LogisticRegression,0.8,Defaults,Tuning,0.047058880683653714,0.9529411193163463
Baseline,LogisticRegression,0.8,Defaults,Tuning,0.029752959023522596,0.9702470409764774
Baseline,LogisticRegression,0.8,Tuning,Tuning,0.10385045973916929,0.8961495402608307
Baseline,LogisticRegression,0.8,Tuning,Tuning,0.0793179428286932,0.9206820571713068
Baseline,LogisticRegression,0.8,Defaults,Tuning,0.32289390809398966,0.6771060919060103
Baseline,LogisticRegression,0.8,Tuning,Tuning,0.05131803803881907,0.9486819619611809
Baseline,LogisticRegression,0.8,Tuning,Tuning,0.03203481027714461,0.9679651897228554
Baseline,LogisticRegression,0.8,Tuning,Tuning,1.795516967706412e-05,0.9999820448303229
Baseline,LogisticRegression,0.8,Tuning,Tuning,0.11871031291646506,0.881289687083535
Baseline,LogisticRegression,0.8,Defaults,Defaults,0.8496877119800856,0.1503122880199144
Baseline,LogisticRegression,0.8,Tuning,Tuning,0.13527080492502241,0.8647291950749776
Baseline,LogisticRegression,0.8,Defaults,Tuning,0.3282852732770969,0.6717147267229031
Baseline,LogisticRegression,0.8,Tuning,Tuning,0.39448510908835854,0.6055148909116415
Baseline,LogisticRegression,0.8,Tuning,Tuning,0.3195812225535224,0.6804187774464776
Baseline,LogisticRegression,0.8,Defaults,Tuning,0.13130570191831537,0.8686942980816846
Baseline,LogisticRegression,0.8,Tuning,Tuning,0.008981492019226378,0.9910185079807736
Baseline,LogisticRegression,0.8,Tuning,Tuning,0.30326479869576295,0.696735201304237
Baseline,LogisticRegression,0.8,Tuning,Tuning,0.21661968736711923,0.7833803126328808
Baseline,LogisticRegression,0.8,Tuning,Tuning,0.10363375667676045,0.8963662433232396
Baseline,LogisticRegression,0.8,Tuning,Tuning,0.09861993802600655,0.9013800619739935
Baseline,LogisticRegression,0.8,Tuning,Tuning,0.14836463100818076,0.8516353689918192
Baseline,LogisticRegression,0.8,Tuning,Tuning,0.197036503970344,0.802963496029656
Baseline,LogisticRegression,0.8,Tuning,Tuning,0.05718362814333855,0.9428163718566615
Baseline,LogisticRegression,0.8,Tuning,Tuning,0.03216500060879157,0.9678349993912084
Baseline,LogisticRegression,0.8,Tuning,Tuning,0.05202170836450348,0.9479782916354965
Baseline,LogisticRegression,0.8,Defaults,Defaults,0.7410279168585643,0.25897208314143577
Baseline,LogisticRegression,0.8,Defaults,Tuning,0.31087017576206877,0.6891298242379312
Baseline,LogisticRegression,0.8,Tuning,Tuning,0.025747459401534112,0.9742525405984659
Baseline,LogisticRegression,0.8,Tuning,Defaults,0.9402005604706858,0.05979943952931424
Baseline,LogisticRegression,0.8,Tuning,Tuning,0.03795315983203307,0.9620468401679669
Baseline,LogisticRegression,0.8,Defaults,Defaults,0.605508946929511,0.39449105307048904
Baseline,LogisticRegression,0.8,Tuning,Tuning,0.2267529302117638,0.7732470697882362
Baseline,LogisticRegression,0.8,Defaults,Defaults,0.7852162406395025,0.21478375936049757
Baseline,LogisticRegression,0.8,Tuning,Tuning,0.18354350208624082,0.8164564979137592
Baseline,LogisticRegression,0.8,Tuning,Tuning,3.571742901442576e-11,0.9999999999642826
Baseline,LogisticRegression,0.8,Tuning,Defaults,0.9525705500492606,0.04742944995073934
Baseline,LogisticRegression,0.8,Tuning,Tuning,0.07295651654063184,0.9270434834593682
Baseline,LogisticRegression,0.8,Tuning,Tuning,0.03357103749458312,0.9664289625054169
Baseline,LogisticRegression,0.8,Tuning,Tuning,0.4289456083041475,0.5710543916958525
Baseline,LogisticRegression,0.8,Tuning,Tuning,0.02235136016792738,0.9776486398320726
Baseline,LogisticRegression,0.8,Tuning,Tuning,0.011373133647551215,0.9886268663524488
Baseline,LogisticRegression,0.8,Tuning,Tuning,0.18427183558176186,0.8157281644182381
Baseline,LogisticRegression,0.8,Tuning,Tuning,0.05059664445019518,0.9494033555498048
Baseline,LogisticRegression,0.8,Defaults,Tuning,0.39705324180338597,0.602946758196614
Baseline,LogisticRegression,0.8,Tuning,Tuning,0.07022360165156638,0.9297763983484336
Baseline,LogisticRegression,0.8,Tuning,Tuning,0.02011244774221832,0.9798875522577817
Baseline,LogisticRegression,0.8,Defaults,Tuning,0.13637595386447643,0.8636240461355236
Baseline,LogisticRegression,0.8,Tuning,Defaults,0.652820941286379,0.347179058713621
Baseline,LogisticRegression,0.8,Tuning,Tuning,0.42074502510345413,0.5792549748965459
Baseline,LogisticRegression,0.8,Tuning,Defaults,0.5815926165056966,0.41840738349430345
Baseline,LogisticRegression,0.8,Tuning,Defaults,0.6109233834574173,0.38907661654258274
Baseline,LogisticRegression,0.8,Tuning,Defaults,0.5529195494221983,0.44708045057780166
Baseline,LogisticRegression,0.8,Tuning,Tuning,0.04277948369277618,0.9572205163072238
Baseline,LogisticRegression,0.8,Tuning,Tuning,0.0002871075154351477,0.9997128924845649
Baseline,LogisticRegression,0.8,Tuning,Tuning,0.19323228945839055,0.8067677105416095
Baseline,LogisticRegression,0.8,Tuning,Tuning,0.25626455575225027,0.7437354442477497
Baseline,LogisticRegression,0.8,Defaults,Defaults,0.6612722587799709,0.33872774122002913
Baseline,LogisticRegression,0.8,Tuning,Defaults,0.5208844005657567,0.47911559943424326
Baseline,LogisticRegression,0.8,Defaults,Tuning,0.2410302893303975,0.7589697106696025
Baseline,LogisticRegression,0.8,Tuning,Tuning,0.18126866519622642,0.8187313348037736
Baseline,LogisticRegression,0.8,Tuning,Tuning,0.27308614970934963,0.7269138502906504
Baseline,LogisticRegression,0.8,Tuning,Tuning,0.3647221873752853,0.6352778126247147
Baseline,LogisticRegression,0.8,Tuning,Tuning,0.0047208952400868975,0.9952791047599131
Baseline,LogisticRegression,0.8,Tuning,Tuning,0.2836335257342978,0.7163664742657022
Baseline,LogisticRegression,0.8,Defaults,Tuning,0.0017715727244692614,0.9982284272755307
Baseline,LogisticRegression,0.8,Tuning,Tuning,0.2181014863772487,0.7818985136227513
Baseline,LogisticRegression,0.8,Defaults,Defaults,0.724981853598879,0.27501814640112093
Baseline,LogisticRegression,0.8,Defaults,Defaults,0.6931726171378724,0.30682738286212763
Baseline,LogisticRegression,0.8,Defaults,Defaults,0.7597536819368522,0.24024631806314772
Baseline,LogisticRegression,0.8,Defaults,Defaults,0.7015618737854126,0.2984381262145875
Baseline,LogisticRegression,0.8,Tuning,Tuning,0.07719521392261941,0.9228047860773806
Baseline,LogisticRegression,0.8,Tuning,Tuning,0.08798976620381016,0.9120102337961898
Baseline,LogisticRegression,0.8,Tuning,Tuning,0.05390043631256747,0.9460995636874325
Baseline,LogisticRegression,0.8,Defaults,Tuning,0.2430469907457905,0.7569530092542095
Baseline,LogisticRegression,0.8,Defaults,Tuning,0.4522320997781608,0.5477679002218392
Baseline,LogisticRegression,0.8,Defaults,Tuning,0.48344723633066045,0.5165527636693396
Baseline,LogisticRegression,0.8,Defaults,Defaults,0.6496555284134162,0.3503444715865837
Baseline,LogisticRegression,0.8,Tuning,Defaults,0.6946534897343568,0.3053465102656432
Baseline,LogisticRegression,0.8,Tuning,Defaults,0.9297591806815434,0.07024081931845665
Baseline,LogisticRegression,0.8,Defaults,Defaults,0.7363018716868853,0.2636981283131147
Baseline,LogisticRegression,0.8,Tuning,Tuning,0.02400596453363435,0.9759940354663657
Baseline,LogisticRegression,0.8,Defaults,Defaults,0.5641545091269493,0.4358454908730507
Baseline,LogisticRegression,0.8,Tuning,Tuning,0.016272482325584092,0.9837275176744159
Baseline,LogisticRegression,0.8,Tuning,Tuning,0.0031793245456664954,0.9968206754543335
Baseline,LogisticRegression,0.8,Defaults,Tuning,0.14409727149743567,0.8559027285025643
Baseline,LogisticRegression,0.8,Tuning,Tuning,0.19555691850282197,0.804443081497178
Baseline,LogisticRegression,0.8,Defaults,Tuning,0.0,1.0
Baseline,LogisticRegression,0.8,Tuning,Tuning,0.04801190186599247,0.9519880981340075
Baseline,LogisticRegression,0.8,Tuning,Tuning,0.025175150731374107,0.9748248492686259
Baseline,LogisticRegression,0.8,Tuning,Tuning,0.06321066812890364,0.9367893318710964
Baseline,LogisticRegression,0.8,Defaults,Defaults,0.6386258161981299,0.36137418380187014
Baseline,LogisticRegression,0.8,Tuning,Tuning,0.13332340853058733,0.8666765914694127
Baseline,LogisticRegression,0.8,Tuning,Tuning,0.34140590945486016,0.6585940905451398
Baseline,LogisticRegression,0.8,Tuning,Tuning,0.22598725219402593,0.7740127478059741
Baseline,LogisticRegression,0.8,Defaults,Tuning,0.04151863723634919,0.9584813627636508
Baseline,LogisticRegression,0.8,Tuning,Tuning,0.3500683800006116,0.6499316199993884
Baseline,LogisticRegression,0.8,Tuning,Defaults,0.5568517805947761,0.4431482194052238
Baseline,LogisticRegression,0.8,Tuning,Tuning,0.004227168689031835,0.9957728313109682
Baseline,LogisticRegression,0.8,Tuning,Tuning,0.006552131813122752,0.9934478681868772
Baseline,LogisticRegression,0.8,Tuning,Defaults,0.8901670632839009,0.10983293671609909
Baseline,LogisticRegression,0.8,Tuning,Tuning,0.025232347056451387,0.9747676529435486
Baseline,LogisticRegression,0.8,Tuning,Tuning,0.1713295245433336,0.8286704754566664
Baseline,LogisticRegression,0.8,Defaults,Defaults,0.546424809966032,0.45357519003396796
Baseline,LogisticRegression,0.8,Tuning,Tuning,0.004859790132718422,0.9951402098672816
Baseline,LogisticRegression,0.8,Tuning,Tuning,0.03169492591888445,0.9683050740811155
Baseline,LogisticRegression,0.8,Tuning,Tuning,0.0037623019151885595,0.9962376980848114
Baseline,LogisticRegression,0.8,Tuning,Tuning,0.04027032215962578,0.9597296778403742
Baseline,LogisticRegression,0.8,Tuning,Tuning,0.0039669087909756096,0.9960330912090244
Baseline,LogisticRegression,0.8,Tuning,Tuning,0.42182586134905176,0.5781741386509482
Baseline,LogisticRegression,0.8,Tuning,Defaults,0.7713228019126834,0.22867719808731654
Baseline,LogisticRegression,0.8,Tuning,Tuning,0.0017754197315312803,0.9982245802684687
Baseline,LogisticRegression,0.8,Defaults,Tuning,0.3845945717854016,0.6154054282145984
Baseline,LogisticRegression,0.8,Tuning,Tuning,0.0021638983180187754,0.9978361016819812
Baseline,LogisticRegression,0.8,Defaults,Defaults,0.6361457091643443,0.36385429083565574
Baseline,LogisticRegression,0.8,Tuning,Tuning,0.3549817155134293,0.6450182844865707
Baseline,LogisticRegression,0.8,Tuning,Tuning,0.43082922599389606,0.5691707740061039
Baseline,LogisticRegression,0.8,Tuning,Defaults,0.7233109894092148,0.2766890105907852
Baseline,LogisticRegression,0.8,Tuning,Tuning,0.2172462510120562,0.7827537489879438
Baseline,LogisticRegression,0.8,Defaults,Tuning,0.4034474393218017,0.5965525606781983
Baseline,LogisticRegression,0.8,Defaults,Tuning,0.18277181211312177,0.8172281878868782
Baseline,LogisticRegression,0.8,Tuning,Tuning,0.006093446952968207,0.9939065530470318
Baseline,LogisticRegression,0.8,Tuning,Tuning,0.24433357581530124,0.7556664241846988
Baseline,LogisticRegression,0.8,Tuning,Tuning,0.01577992179258525,0.9842200782074148
Baseline,LogisticRegression,0.8,Tuning,Tuning,0.01577992179258525,0.9842200782074148
Baseline,LogisticRegression,0.8,Tuning,Tuning,0.1477797926478528,0.8522202073521472
Baseline,LogisticRegression,0.8,Tuning,Tuning,0.024940178747507535,0.9750598212524925
Baseline,LogisticRegression,0.8,Tuning,Defaults,0.6361702435281513,0.36382975647184873
Baseline,LogisticRegression,0.8,Tuning,Tuning,0.060776765057188764,0.9392232349428112
Baseline,LogisticRegression,0.8,Defaults,Defaults,0.5736139250068686,0.4263860749931314
Baseline,LogisticRegression,0.8,Tuning,Tuning,0.490259412830642,0.509740587169358
Baseline,LogisticRegression,0.8,Tuning,Defaults,0.6992137870742339,0.3007862129257662
Baseline,LogisticRegression,0.8,Tuning,Tuning,0.2701391710422898,0.7298608289577102
Baseline,LogisticRegression,0.8,Tuning,Tuning,0.09433199541439796,0.905668004585602
Baseline,LogisticRegression,0.8,Defaults,Tuning,0.473411427332706,0.526588572667294
Baseline,LogisticRegression,0.8,Tuning,Tuning,0.044810021526020205,0.9551899784739798
Baseline,LogisticRegression,0.8,Tuning,Tuning,0.007063477798759932,0.9929365222012401
Baseline,LogisticRegression,0.8,Tuning,Tuning,0.3079925257513313,0.6920074742486687
Baseline,LogisticRegression,0.8,Defaults,Tuning,0.3049071666322797,0.6950928333677203
Baseline,LogisticRegression,0.8,Tuning,Tuning,0.0028811533687140845,0.9971188466312859
Baseline,LogisticRegression,0.8,Tuning,Defaults,0.5332264242193839,0.46677357578061607
Baseline,LogisticRegression,0.8,Tuning,Tuning,0.042250096003138005,0.957749903996862
Baseline,LogisticRegression,0.8,Defaults,Defaults,0.8783834751612388,0.12161652483876118
Baseline,LogisticRegression,0.8,Defaults,Defaults,0.7527347731655168,0.24726522683448313
Baseline,LogisticRegression,0.8,Tuning,Tuning,0.14730008901746106,0.8526999109825389
Baseline,LogisticRegression,0.8,Tuning,Tuning,0.06619897157959798,0.933801028420402
Baseline,LogisticRegression,0.8,Tuning,Defaults,0.5743588079951747,0.42564119200482536
Baseline,LogisticRegression,0.8,Defaults,Tuning,0.4480143374159592,0.5519856625840408
Baseline,LogisticRegression,0.8,Defaults,Tuning,0.49181195169411696,0.508188048305883
Baseline,LogisticRegression,0.8,Defaults,Defaults,0.7749083122991853,0.22509168770081467
Baseline,LogisticRegression,0.8,Tuning,Tuning,0.2313763164033964,0.7686236835966036
Baseline,LogisticRegression,0.8,Defaults,Defaults,0.5329520897017848,0.46704791029821524
Baseline,LogisticRegression,0.8,Tuning,Defaults,0.9207866447723362,0.07921335522766386
Baseline,LogisticRegression,0.8,Tuning,Tuning,0.07025031357441236,0.9297496864255876
Baseline,LogisticRegression,0.8,Defaults,Tuning,0.23138022959697757,0.7686197704030224
Baseline,LogisticRegression,0.8,Defaults,Defaults,0.8576527580205631,0.1423472419794369
Baseline,LogisticRegression,0.8,Tuning,Defaults,0.6987532981750745,0.3012467018249255
Baseline,LogisticRegression,0.8,Tuning,Tuning,0.06151083319823625,0.9384891668017638
Baseline,LogisticRegression,0.8,Defaults,Tuning,0.4468274746066907,0.5531725253933093
Baseline,LogisticRegression,0.8,Tuning,Tuning,0.0003075962396413834,0.9996924037603586
Baseline,LogisticRegression,0.8,Tuning,Tuning,0.1349396439217102,0.8650603560782898
Baseline,LogisticRegression,0.8,Tuning,Tuning,2.2846312733304508e-05,0.9999771536872667
Baseline,LogisticRegression,0.8,Tuning,Tuning,0.30721429725652316,0.6927857027434768
Baseline,LogisticRegression,0.85,Tuning,Tuning,0.027422071176126717,0.9725779288238733
Baseline,LogisticRegression,0.85,Tuning,Tuning,0.10942487889553987,0.8905751211044601
Baseline,LogisticRegression,0.85,Defaults,Defaults,0.6751136708920453,0.3248863291079547
Baseline,LogisticRegression,0.85,Tuning,Tuning,0.06173083451054795,0.938269165489452
Baseline,LogisticRegression,0.85,Tuning,Tuning,0.0165591986292023,0.9834408013707977
Baseline,LogisticRegression,0.85,Tuning,Defaults,0.688257494559636,0.31174250544036397
Baseline,LogisticRegression,0.85,Tuning,Tuning,0.00013756778213025456,0.9998624322178697
Baseline,LogisticRegression,0.85,Defaults,Tuning,0.04848140433346171,0.9515185956665383
Baseline,LogisticRegression,0.85,Defaults,Tuning,0.02881198266868734,0.9711880173313127
Baseline,LogisticRegression,0.85,Tuning,Tuning,0.10886702042196572,0.8911329795780343
Baseline,LogisticRegression,0.85,Tuning,Tuning,0.07755732436937002,0.92244267563063
Baseline,LogisticRegression,0.85,Defaults,Tuning,0.36093727084244254,0.6390627291575575
Baseline,LogisticRegression,0.85,Tuning,Tuning,0.05182172490848491,0.9481782750915151
Baseline,LogisticRegression,0.85,Tuning,Tuning,0.027010492418454435,0.9729895075815456
Baseline,LogisticRegression,0.85,Tuning,Tuning,2.4359277931429446e-06,0.9999975640722069
Baseline,LogisticRegression,0.85,Tuning,Tuning,0.11498033111939843,0.8850196688806016
Baseline,LogisticRegression,0.85,Defaults,Defaults,0.8583119940746832,0.14168800592531683
Baseline,LogisticRegression,0.85,Tuning,Tuning,0.13319854878945292,0.8668014512105471
Baseline,LogisticRegression,0.85,Defaults,Tuning,0.2726092967032191,0.7273907032967809
Baseline,LogisticRegression,0.85,Tuning,Tuning,0.39305610294931215,0.6069438970506879
Baseline,LogisticRegression,0.85,Tuning,Tuning,0.39208960442942864,0.6079103955705714
Baseline,LogisticRegression,0.85,Defaults,Tuning,0.15041003838879496,0.849589961611205
Baseline,LogisticRegression,0.85,Tuning,Tuning,0.011669759339050234,0.9883302406609498
Baseline,LogisticRegression,0.85,Tuning,Tuning,0.33030871087752,0.66969128912248
Baseline,LogisticRegression,0.85,Tuning,Tuning,0.21265205477611993,0.7873479452238801
Baseline,LogisticRegression,0.85,Tuning,Tuning,0.09841881937500907,0.9015811806249909
Baseline,LogisticRegression,0.85,Tuning,Tuning,0.07728720304462056,0.9227127969553794
Baseline,LogisticRegression,0.85,Tuning,Tuning,0.149532491728402,0.850467508271598
Baseline,LogisticRegression,0.85,Tuning,Tuning,0.20129267094597125,0.7987073290540287
Baseline,LogisticRegression,0.85,Tuning,Tuning,0.05304287463725654,0.9469571253627435
Baseline,LogisticRegression,0.85,Tuning,Tuning,0.027650858004444667,0.9723491419955553
Baseline,LogisticRegression,0.85,Tuning,Tuning,0.043527430310873694,0.9564725696891263
Baseline,LogisticRegression,0.85,Defaults,Defaults,0.7260717592008934,0.27392824079910655
Baseline,LogisticRegression,0.85,Defaults,Tuning,0.3058886982429244,0.6941113017570756
Baseline,LogisticRegression,0.85,Tuning,Tuning,0.02471083111413286,0.9752891688858671
Baseline,LogisticRegression,0.85,Tuning,Defaults,0.9398818411789618,0.06011815882103825
Baseline,LogisticRegression,0.85,Tuning,Tuning,0.029309785101476526,0.9706902148985235
Baseline,LogisticRegression,0.85,Defaults,Defaults,0.6319271050269222,0.36807289497307777
Baseline,LogisticRegression,0.85,Tuning,Tuning,0.20549368367541876,0.7945063163245812
Baseline,LogisticRegression,0.85,Defaults,Defaults,0.7688102844099517,0.2311897155900483
Baseline,LogisticRegression,0.85,Tuning,Tuning,0.24036337179746503,0.759636628202535
Baseline,LogisticRegression,0.85,Tuning,Tuning,1.4370882261971474e-10,0.9999999998562912
Baseline,LogisticRegression,0.85,Tuning,Defaults,0.9492376525542132,0.050762347445786726
Baseline,LogisticRegression,0.85,Tuning,Tuning,0.08007029198907623,0.9199297080109238
Baseline,LogisticRegression,0.85,Tuning,Tuning,0.047997424311487125,0.9520025756885129
Baseline,LogisticRegression,0.85,Tuning,Tuning,0.42909993103578437,0.5709000689642156
Baseline,LogisticRegression,0.85,Tuning,Tuning,0.02129562376023897,0.978704376239761
Baseline,LogisticRegression,0.85,Tuning,Tuning,0.014280926799990601,0.9857190732000094
Baseline,LogisticRegression,0.85,Tuning,Tuning,0.19113119625812525,0.8088688037418748
Baseline,LogisticRegression,0.85,Tuning,Tuning,0.060385676584242765,0.9396143234157572
Baseline,LogisticRegression,0.85,Defaults,Tuning,0.3456027265317456,0.6543972734682544
Baseline,LogisticRegression,0.85,Tuning,Tuning,0.0680856852232884,0.9319143147767116
Baseline,LogisticRegression,0.85,Tuning,Tuning,0.02173655429327004,0.97826344570673
Baseline,LogisticRegression,0.85,Defaults,Tuning,0.13659205882345016,0.8634079411765498
Baseline,LogisticRegression,0.85,Tuning,Defaults,0.6271861797622187,0.37281382023778126
Baseline,LogisticRegression,0.85,Tuning,Tuning,0.4682402231038646,0.5317597768961354
Baseline,LogisticRegression,0.85,Tuning,Defaults,0.6180193715846516,0.38198062841534836
Baseline,LogisticRegression,0.85,Tuning,Defaults,0.6191491699882381,0.38085083001176184
Baseline,LogisticRegression,0.85,Tuning,Defaults,0.5342584156585477,0.46574158434145224
Baseline,LogisticRegression,0.85,Tuning,Tuning,0.04375500556293288,0.9562449944370671
Baseline,LogisticRegression,0.85,Tuning,Tuning,0.00029288933613735857,0.9997071106638626
Baseline,LogisticRegression,0.85,Tuning,Tuning,0.19187711665211726,0.8081228833478827
Baseline,LogisticRegression,0.85,Tuning,Tuning,0.3247904538115872,0.6752095461884128
Baseline,LogisticRegression,0.85,Defaults,Defaults,0.6315596048921457,0.3684403951078543
Baseline,LogisticRegression,0.85,Tuning,Defaults,0.540938510450256,0.459061489549744
Baseline,LogisticRegression,0.85,Defaults,Tuning,0.2273075623516212,0.7726924376483788
Baseline,LogisticRegression,0.85,Tuning,Tuning,0.1731480725334521,0.8268519274665479
Baseline,LogisticRegression,0.85,Tuning,Tuning,0.24367383755679584,0.7563261624432042
Baseline,LogisticRegression,0.85,Tuning,Tuning,0.3744394333507829,0.6255605666492171
Baseline,LogisticRegression,0.85,Tuning,Tuning,0.004924201202043399,0.9950757987979566
Baseline,LogisticRegression,0.85,Tuning,Tuning,0.29569752197844923,0.7043024780215508
Baseline,LogisticRegression,0.85,Defaults,Tuning,0.0014397778177216436,0.9985602221822784
Baseline,LogisticRegression,0.85,Tuning,Tuning,0.21926736646994627,0.7807326335300537
Baseline,LogisticRegression,0.85,Defaults,Defaults,0.7291325484515014,0.27086745154849856
Baseline,LogisticRegression,0.85,Defaults,Defaults,0.7040766101115774,0.29592338988842254
Baseline,LogisticRegression,0.85,Defaults,Defaults,0.7531753085396425,0.2468246914603575
Baseline,LogisticRegression,0.85,Defaults,Defaults,0.7046702150992172,0.2953297849007828
Baseline,LogisticRegression,0.85,Tuning,Tuning,0.07571272578717314,0.9242872742128269
Baseline,LogisticRegression,0.85,Tuning,Tuning,0.0867711511385919,0.9132288488614081
Baseline,LogisticRegression,0.85,Tuning,Tuning,0.045099580519120774,0.9549004194808792
Baseline,LogisticRegression,0.85,Defaults,Tuning,0.2340696215273741,0.7659303784726259
Baseline,LogisticRegression,0.85,Defaults,Tuning,0.4391982270652478,0.5608017729347522
Baseline,LogisticRegression,0.85,Defaults,Tuning,0.467861936008958,0.532138063991042
Baseline,LogisticRegression,0.85,Defaults,Defaults,0.6485464211911763,0.35145357880882366
Baseline,LogisticRegression,0.85,Tuning,Defaults,0.6817612344681367,0.3182387655318632
Baseline,LogisticRegression,0.85,Tuning,Defaults,0.924734530732089,0.07526546926791103
Baseline,LogisticRegression,0.85,Defaults,Defaults,0.6711391148912296,0.32886088510877043
Baseline,LogisticRegression,0.85,Tuning,Tuning,0.028545126761013062,0.9714548732389869
Baseline,LogisticRegression,0.85,Defaults,Defaults,0.552853963322367,0.4471460366776329
Baseline,LogisticRegression,0.85,Tuning,Tuning,0.023157331348198973,0.976842668651801
Baseline,LogisticRegression,0.85,Tuning,Tuning,0.002619681525586337,0.9973803184744137
Baseline,LogisticRegression,0.85,Defaults,Tuning,0.1343588967159054,0.8656411032840946
Baseline,LogisticRegression,0.85,Tuning,Tuning,0.21157592347584075,0.7884240765241592
Baseline,LogisticRegression,0.85,Defaults,Tuning,0.0,1.0
Baseline,LogisticRegression,0.85,Tuning,Tuning,0.044482859788416595,0.9555171402115834
Baseline,LogisticRegression,0.85,Tuning,Tuning,0.03358288364914486,0.9664171163508551
Baseline,LogisticRegression,0.85,Tuning,Tuning,0.061055961242093004,0.938944038757907
Baseline,LogisticRegression,0.85,Defaults,Defaults,0.6267935100009625,0.37320648999903755
Baseline,LogisticRegression,0.85,Tuning,Tuning,0.13998094259211402,0.860019057407886
Baseline,LogisticRegression,0.85,Tuning,Tuning,0.3551104937300472,0.6448895062699528
Baseline,LogisticRegression,0.85,Tuning,Tuning,0.2105892456250692,0.7894107543749308
Baseline,LogisticRegression,0.85,Defaults,Tuning,0.034498967183156815,0.9655010328168432
Baseline,LogisticRegression,0.85,Tuning,Tuning,0.3378362102846175,0.6621637897153825
Baseline,LogisticRegression,0.85,Tuning,Defaults,0.6109541396232061,0.38904586037679384
Baseline,LogisticRegression,0.85,Tuning,Tuning,0.005340595504042311,0.9946594044959577
Baseline,LogisticRegression,0.85,Tuning,Tuning,0.00774424444179711,0.9922557555582029
Baseline,LogisticRegression,0.85,Tuning,Defaults,0.8969007366845753,0.10309926331542472
Baseline,LogisticRegression,0.85,Tuning,Tuning,0.03376233284140351,0.9662376671585965
Baseline,LogisticRegression,0.85,Tuning,Tuning,0.1786071936215965,0.8213928063784035
Baseline,LogisticRegression,0.85,Defaults,Defaults,0.5996154969702059,0.40038450302979417
Baseline,LogisticRegression,0.85,Tuning,Tuning,0.005026031197094216,0.9949739688029058
Baseline,LogisticRegression,0.85,Tuning,Tuning,0.03096322658151829,0.9690367734184817
Baseline,LogisticRegression,0.85,Tuning,Tuning,0.0034856310636972587,0.9965143689363027
Baseline,LogisticRegression,0.85,Tuning,Tuning,0.039747574720365386,0.9602524252796346
Baseline,LogisticRegression,0.85,Tuning,Tuning,0.003777127010740622,0.9962228729892594
Baseline,LogisticRegression,0.85,Tuning,Tuning,0.4410442123223898,0.5589557876776102
Baseline,LogisticRegression,0.85,Tuning,Defaults,0.8052486621065185,0.1947513378934815
Baseline,LogisticRegression,0.85,Tuning,Tuning,0.002217510437242387,0.9977824895627576
Baseline,LogisticRegression,0.85,Defaults,Tuning,0.3913254817766709,0.6086745182233291
Baseline,LogisticRegression,0.85,Tuning,Tuning,0.002589235928037059,0.9974107640719629
Baseline,LogisticRegression,0.85,Defaults,Defaults,0.617333725220814,0.3826662747791861
Baseline,LogisticRegression,0.85,Tuning,Tuning,0.3247449325361417,0.6752550674638583
Baseline,LogisticRegression,0.85,Tuning,Tuning,0.42817046577424234,0.5718295342257577
Baseline,LogisticRegression,0.85,Tuning,Defaults,0.7552112914928979,0.24478870850710216
Baseline,LogisticRegression,0.85,Tuning,Tuning,0.2054608570647528,0.7945391429352472
Baseline,LogisticRegression,0.85,Defaults,Tuning,0.3789757279994528,0.6210242720005472
Baseline,LogisticRegression,0.85,Defaults,Tuning,0.1703472328648019,0.8296527671351981
Baseline,LogisticRegression,0.85,Tuning,Tuning,0.006587913536668877,0.9934120864633311
Baseline,LogisticRegression,0.85,Tuning,Tuning,0.18007149675627798,0.819928503243722
Baseline,LogisticRegression,0.85,Tuning,Tuning,0.01807390269091136,0.9819260973090886
Baseline,LogisticRegression,0.85,Tuning,Tuning,0.01807390269091136,0.9819260973090886
Baseline,LogisticRegression,0.85,Tuning,Tuning,0.24829255040481613,0.7517074495951839
Baseline,LogisticRegression,0.85,Tuning,Tuning,0.02387466249181991,0.9761253375081801
Baseline,LogisticRegression,0.85,Tuning,Defaults,0.6731756257801428,0.3268243742198572
Baseline,LogisticRegression,0.85,Tuning,Tuning,0.058075431771831276,0.9419245682281687
Baseline,LogisticRegression,0.85,Defaults,Defaults,0.5505867564602436,0.4494132435397564
Baseline,LogisticRegression,0.85,Tuning,Tuning,0.48747189311604644,0.5125281068839536
Baseline,LogisticRegression,0.85,Tuning,Defaults,0.7025764933583072,0.2974235066416928
Baseline,LogisticRegression,0.85,Tuning,Tuning,0.18902190786280315,0.8109780921371968
Baseline,LogisticRegression,0.85,Tuning,Tuning,0.09001916544187605,0.909980834558124
Baseline,LogisticRegression,0.85,Defaults,Tuning,0.43981699797079565,0.5601830020292043
Baseline,LogisticRegression,0.85,Tuning,Tuning,0.04759386616221162,0.9524061338377884
Baseline,LogisticRegression,0.85,Tuning,Tuning,0.006740148961699277,0.9932598510383007
Baseline,LogisticRegression,0.85,Tuning,Tuning,0.3043213296179499,0.6956786703820501
Baseline,LogisticRegression,0.85,Defaults,Tuning,0.3301142999110813,0.6698857000889187
Baseline,LogisticRegression,0.85,Tuning,Tuning,0.004233749237156248,0.9957662507628438
Baseline,LogisticRegression,0.85,Tuning,Defaults,0.5607763650482217,0.4392236349517783
Baseline,LogisticRegression,0.85,Tuning,Tuning,0.044553674227315376,0.9554463257726846
Baseline,LogisticRegression,0.85,Defaults,Defaults,0.8519932518951638,0.14800674810483622
Baseline,LogisticRegression,0.85,Defaults,Defaults,0.7539286358758515,0.24607136412414857
Baseline,LogisticRegression,0.85,Tuning,Tuning,0.1267922565309223,0.8732077434690777
Baseline,LogisticRegression,0.85,Tuning,Tuning,0.07352337406637444,0.9264766259336256
Baseline,LogisticRegression,0.85,Tuning,Defaults,0.6114133699385919,0.38858663006140814
Baseline,LogisticRegression,0.85,Defaults,Tuning,0.46828590058426833,0.5317140994157317
Baseline,LogisticRegression,0.85,Defaults,Tuning,0.49209483022731404,0.507905169772686
Baseline,LogisticRegression,0.85,Defaults,Defaults,0.7857364682591647,0.21426353174083532
Baseline,LogisticRegression,0.85,Tuning,Tuning,0.2872869716062496,0.7127130283937504
Baseline,LogisticRegression,0.85,Defaults,Defaults,0.5488566544190739,0.45114334558092606
Baseline,LogisticRegression,0.85,Tuning,Defaults,0.9171690664287541,0.0828309335712459
Baseline,LogisticRegression,0.85,Tuning,Tuning,0.06985452441205509,0.9301454755879449
Baseline,LogisticRegression,0.85,Defaults,Tuning,0.2422052585454929,0.7577947414545071
Baseline,LogisticRegression,0.85,Defaults,Defaults,0.854185234619141,0.14581476538085902
Baseline,LogisticRegression,0.85,Tuning,Defaults,0.6872475718106725,0.3127524281893275
Baseline,LogisticRegression,0.85,Tuning,Tuning,0.07072086495707064,0.9292791350429294
Baseline,LogisticRegression,0.85,Defaults,Tuning,0.45153619788057997,0.54846380211942
Baseline,LogisticRegression,0.85,Tuning,Tuning,0.00037011607719894535,0.999629883922801
Baseline,LogisticRegression,0.85,Tuning,Tuning,0.13984690879405948,0.8601530912059405
Baseline,LogisticRegression,0.85,Tuning,Tuning,1.9592619311392667e-05,0.9999804073806886
Baseline,LogisticRegression,0.85,Tuning,Tuning,0.2963913252621605,0.7036086747378395
Baseline,LogisticRegression,0.9,Tuning,Tuning,0.006882140664322911,0.9931178593356771
Baseline,LogisticRegression,0.9,Tuning,Tuning,0.076627600816636,0.923372399183364
Baseline,LogisticRegression,0.9,Defaults,Defaults,0.6826993555788723,0.3173006444211277
Baseline,LogisticRegression,0.9,Tuning,Tuning,0.07990948190514069,0.9200905180948593
Baseline,LogisticRegression,0.9,Tuning,Tuning,0.022516544573855213,0.9774834554261448
Baseline,LogisticRegression,0.9,Tuning,Defaults,0.6948785175877576,0.3051214824122424
Baseline,LogisticRegression,0.9,Tuning,Tuning,0.00011079121208223963,0.9998892087879178
Baseline,LogisticRegression,0.9,Defaults,Tuning,0.045392317752541045,0.954607682247459
Baseline,LogisticRegression,0.9,Defaults,Tuning,0.025158025024736408,0.9748419749752636
Baseline,LogisticRegression,0.9,Tuning,Tuning,0.10981431391722662,0.8901856860827734
Baseline,LogisticRegression,0.9,Tuning,Tuning,0.07778012984334326,0.9222198701566567
Baseline,LogisticRegression,0.9,Defaults,Tuning,0.3975230400288322,0.6024769599711678
Baseline,LogisticRegression,0.9,Tuning,Tuning,0.04647441703558908,0.9535255829644109
Baseline,LogisticRegression,0.9,Tuning,Tuning,0.029339817593288853,0.9706601824067111
Baseline,LogisticRegression,0.9,Tuning,Tuning,1.7005181126572566e-06,0.9999982994818873
Baseline,LogisticRegression,0.9,Tuning,Tuning,0.11450420578783715,0.8854957942121628
Baseline,LogisticRegression,0.9,Defaults,Defaults,0.8985459343584475,0.10145406564155246
Baseline,LogisticRegression,0.9,Tuning,Tuning,0.15248402250668058,0.8475159774933194
Baseline,LogisticRegression,0.9,Defaults,Tuning,0.2706267426512058,0.7293732573487942
Baseline,LogisticRegression,0.9,Tuning,Defaults,0.5209776564658294,0.4790223435341706
Baseline,LogisticRegression,0.9,Tuning,Tuning,0.2707927532087201,0.7292072467912799
Baseline,LogisticRegression,0.9,Defaults,Tuning,0.15523375545439422,0.8447662445456058
Baseline,LogisticRegression,0.9,Tuning,Tuning,0.016401316514794262,0.9835986834852057
Baseline,LogisticRegression,0.9,Tuning,Tuning,0.2733135312663637,0.7266864687336363
Baseline,LogisticRegression,0.9,Tuning,Tuning,0.19887138158522022,0.8011286184147798
Baseline,LogisticRegression,0.9,Tuning,Tuning,0.09832822443927891,0.9016717755607211
Baseline,LogisticRegression,0.9,Tuning,Tuning,0.08352684562228008,0.9164731543777199
Baseline,LogisticRegression,0.9,Tuning,Tuning,0.13984771623228343,0.8601522837677166
Baseline,LogisticRegression,0.9,Tuning,Tuning,0.18272396687467185,0.8172760331253281
Baseline,LogisticRegression,0.9,Tuning,Tuning,0.058904176081707615,0.9410958239182924
Baseline,LogisticRegression,0.9,Tuning,Tuning,0.03845476284401794,0.9615452371559821
Baseline,LogisticRegression,0.9,Tuning,Tuning,0.04716969569481433,0.9528303043051857
Baseline,LogisticRegression,0.9,Defaults,Defaults,0.7693117380118729,0.23068826198812709
Baseline,LogisticRegression,0.9,Defaults,Tuning,0.3146398879879958,0.6853601120120042
Baseline,LogisticRegression,0.9,Tuning,Tuning,0.010207884191688943,0.9897921158083111
Baseline,LogisticRegression,0.9,Tuning,Defaults,0.9021851638601683,0.09781483613983166
Baseline,LogisticRegression,0.9,Tuning,Tuning,0.03557805964356531,0.9644219403564347
Baseline,LogisticRegression,0.9,Defaults,Defaults,0.5791125597690508,0.42088744023094915
Baseline,LogisticRegression,0.9,Tuning,Tuning,0.17564332276553785,0.8243566772344622
Baseline,LogisticRegression,0.9,Defaults,Defaults,0.7661889752564479,0.23381102474355214
Baseline,LogisticRegression,0.9,Tuning,Tuning,0.15564172971836732,0.8443582702816327
Baseline,LogisticRegression,0.9,Tuning,Tuning,2.828421941103443e-10,0.9999999997171578
Baseline,LogisticRegression,0.9,Tuning,Defaults,0.9471335499945209,0.0528664500054791
Baseline,LogisticRegression,0.9,Tuning,Tuning,0.055537627591694005,0.944462372408306
Baseline,LogisticRegression,0.9,Tuning,Tuning,0.09365918641133875,0.9063408135886613
Baseline,LogisticRegression,0.9,Tuning,Tuning,0.4265291104962642,0.5734708895037358
Baseline,LogisticRegression,0.9,Tuning,Tuning,0.02145301215721873,0.9785469878427813
Baseline,LogisticRegression,0.9,Tuning,Tuning,0.024853364474584527,0.9751466355254155
Baseline,LogisticRegression,0.9,Tuning,Tuning,0.15726801902942478,0.8427319809705752
Baseline,LogisticRegression,0.9,Tuning,Tuning,0.04951434725400605,0.950485652745994
Baseline,LogisticRegression,0.9,Defaults,Tuning,0.23150092462588556,0.7684990753741144
Baseline,LogisticRegression,0.9,Tuning,Tuning,0.029269517424451053,0.970730482575549
Baseline,LogisticRegression,0.9,Tuning,Tuning,0.024325301138726108,0.9756746988612739
Baseline,LogisticRegression,0.9,Defaults,Tuning,0.15108942807232217,0.8489105719276778
Baseline,LogisticRegression,0.9,Tuning,Defaults,0.6682764518020963,0.3317235481979038
Baseline,LogisticRegression,0.9,Tuning,Defaults,0.548999020311175,0.451000979688825
Baseline,LogisticRegression,0.9,Tuning,Defaults,0.6447498896124385,0.3552501103875615
Baseline,LogisticRegression,0.9,Tuning,Defaults,0.6596336004580894,0.34036639954191056
Baseline,LogisticRegression,0.9,Tuning,Defaults,0.5086093816644217,0.4913906183355783
Baseline,LogisticRegression,0.9,Tuning,Tuning,0.028719192896252688,0.9712808071037473
Baseline,LogisticRegression,0.9,Tuning,Tuning,0.0002530405161491611,0.9997469594838508
Baseline,LogisticRegression,0.9,Tuning,Tuning,0.16881368650669804,0.831186313493302
Baseline,LogisticRegression,0.9,Tuning,Tuning,0.27370747093530456,0.7262925290646954
Baseline,LogisticRegression,0.9,Defaults,Defaults,0.5847584540431768,0.41524154595682317
Baseline,LogisticRegression,0.9,Tuning,Tuning,0.4797584717389245,0.5202415282610755
Baseline,LogisticRegression,0.9,Defaults,Tuning,0.22969797560999194,0.770302024390008
Baseline,LogisticRegression,0.9,Tuning,Tuning,0.16837757227910655,0.8316224277208935
Baseline,LogisticRegression,0.9,Tuning,Tuning,0.2253180024465964,0.7746819975534036
Baseline,LogisticRegression,0.9,Tuning,Tuning,0.3393925556568552,0.6606074443431448
Baseline,LogisticRegression,0.9,Tuning,Tuning,0.007370227832556031,0.992629772167444
Baseline,LogisticRegression,0.9,Tuning,Tuning,0.4161019841777921,0.5838980158222079
Baseline,LogisticRegression,0.9,Defaults,Tuning,0.002366091352119515,0.9976339086478805
Baseline,LogisticRegression,0.9,Tuning,Tuning,0.3574809163419832,0.6425190836580168
Baseline,LogisticRegression,0.9,Defaults,Defaults,0.735738010834356,0.26426198916564403
Baseline,LogisticRegression,0.9,Defaults,Defaults,0.6942624485232788,0.3057375514767212
Baseline,LogisticRegression,0.9,Defaults,Defaults,0.7988324067018442,0.20116759329815587
Baseline,LogisticRegression,0.9,Defaults,Defaults,0.71211495992821,0.2878850400717901
Baseline,LogisticRegression,0.9,Tuning,Tuning,0.07584301902371704,0.924156980976283
Baseline,LogisticRegression,0.9,Tuning,Tuning,0.0875665611151647,0.9124334388848353
Baseline,LogisticRegression,0.9,Tuning,Tuning,0.029217886659091863,0.9707821133409081
Baseline,LogisticRegression,0.9,Defaults,Tuning,0.22852470551588344,0.7714752944841166
Baseline,LogisticRegression,0.9,Defaults,Tuning,0.49950383524593434,0.5004961647540657
Baseline,LogisticRegression,0.9,Defaults,Tuning,0.44861023613660267,0.5513897638633973
Baseline,LogisticRegression,0.9,Defaults,Defaults,0.7115817989359132,0.2884182010640868
Baseline,LogisticRegression,0.9,Tuning,Defaults,0.68925580106783,0.31074419893217003
Baseline,LogisticRegression,0.9,Tuning,Defaults,0.9065958097773232,0.09340419022267671
Baseline,LogisticRegression,0.9,Defaults,Defaults,0.7358407583758424,0.26415924162415755
Baseline,LogisticRegression,0.9,Tuning,Tuning,0.02594337416381587,0.9740566258361841
Baseline,LogisticRegression,0.9,Defaults,Defaults,0.5420004245001397,0.45799957549986026
Baseline,LogisticRegression,0.9,Tuning,Tuning,0.03613981484035811,0.9638601851596419
Baseline,LogisticRegression,0.9,Tuning,Tuning,0.002002774066130475,0.9979972259338695
Baseline,LogisticRegression,0.9,Defaults,Tuning,0.09960550329092921,0.9003944967090708
Baseline,LogisticRegression,0.9,Tuning,Tuning,0.16492123233535216,0.8350787676646478
Baseline,LogisticRegression,0.9,Defaults,Tuning,0.0,1.0
Baseline,LogisticRegression,0.9,Tuning,Tuning,0.029054107951037023,0.970945892048963
Baseline,LogisticRegression,0.9,Tuning,Tuning,0.038218836541788814,0.9617811634582112
Baseline,LogisticRegression,0.9,Tuning,Tuning,0.08703568574170029,0.9129643142582997
Baseline,LogisticRegression,0.9,Defaults,Defaults,0.6764438944612582,0.3235561055387418
Baseline,LogisticRegression,0.9,Tuning,Tuning,0.1280676583342033,0.8719323416657967
Baseline,LogisticRegression,0.9,Tuning,Tuning,0.34295349875261216,0.6570465012473878
Baseline,LogisticRegression,0.9,Tuning,Tuning,0.1894177681874497,0.8105822318125503
Baseline,LogisticRegression,0.9,Defaults,Tuning,0.015437159690508517,0.9845628403094915
Baseline,LogisticRegression,0.9,Tuning,Tuning,0.35444124213267814,0.6455587578673219
Baseline,LogisticRegression,0.9,Tuning,Defaults,0.6437475245305222,0.35625247546947786
Baseline,LogisticRegression,0.9,Tuning,Tuning,0.01310425476616961,0.9868957452338304
Baseline,LogisticRegression,0.9,Tuning,Tuning,0.005651456102207519,0.9943485438977925
Baseline,LogisticRegression,0.9,Tuning,Defaults,0.8851552087959559,0.11484479120404407
Baseline,LogisticRegression,0.9,Tuning,Tuning,0.03817448699171011,0.9618255130082899
Baseline,LogisticRegression,0.9,Tuning,Tuning,0.11404766844309089,0.8859523315569091
Baseline,LogisticRegression,0.9,Defaults,Defaults,0.6394837433142649,0.36051625668573506
Baseline,LogisticRegression,0.9,Tuning,Tuning,0.00208473228320194,0.9979152677167981
Baseline,LogisticRegression,0.9,Tuning,Tuning,0.06927101137502623,0.9307289886249738
Baseline,LogisticRegression,0.9,Tuning,Tuning,0.005359134853564651,0.9946408651464353
Baseline,LogisticRegression,0.9,Tuning,Tuning,0.05000225546868331,0.9499977445313167
Baseline,LogisticRegression,0.9,Tuning,Tuning,0.0047642988694655,0.9952357011305345
Baseline,LogisticRegression,0.9,Tuning,Tuning,0.38807560323559176,0.6119243967644082
Baseline,LogisticRegression,0.9,Tuning,Defaults,0.7523950016099868,0.24760499839001315
Baseline,LogisticRegression,0.9,Tuning,Tuning,0.0018271153015393393,0.9981728846984607
Baseline,LogisticRegression,0.9,Defaults,Tuning,0.3537117178582083,0.6462882821417917
Baseline,LogisticRegression,0.9,Tuning,Tuning,0.002250081214189237,0.9977499187858108
Baseline,LogisticRegression,0.9,Defaults,Defaults,0.5747933119163735,0.42520668808362655
Baseline,LogisticRegression,0.9,Tuning,Tuning,0.29880832096287613,0.7011916790371239
Baseline,LogisticRegression,0.9,Tuning,Tuning,0.46005368237435473,0.5399463176256453
Baseline,LogisticRegression,0.9,Tuning,Defaults,0.7227159681137438,0.2772840318862561
Baseline,LogisticRegression,0.9,Tuning,Tuning,0.21513337191923065,0.7848666280807693
Baseline,LogisticRegression,0.9,Defaults,Tuning,0.439434672045513,0.560565327954487
Baseline,LogisticRegression,0.9,Defaults,Tuning,0.20363103275519645,0.7963689672448035
Baseline,LogisticRegression,0.9,Tuning,Tuning,0.009689196873375994,0.990310803126624
Baseline,LogisticRegression,0.9,Tuning,Tuning,0.21755154880833072,0.7824484511916693
Baseline,LogisticRegression,0.9,Tuning,Tuning,0.03100116879786252,0.9689988312021375
Baseline,LogisticRegression,0.9,Tuning,Tuning,0.03100116879786252,0.9689988312021375
Baseline,LogisticRegression,0.9,Tuning,Tuning,0.19582002158667933,0.8041799784133207
Baseline,LogisticRegression,0.9,Tuning,Tuning,0.022950223126024794,0.9770497768739752
Baseline,LogisticRegression,0.9,Tuning,Defaults,0.7258994357258336,0.2741005642741664
Baseline,LogisticRegression,0.9,Tuning,Tuning,0.028199686032830407,0.9718003139671696
Baseline,LogisticRegression,0.9,Defaults,Tuning,0.450706827991711,0.549293172008289
Baseline,LogisticRegression,0.9,Tuning,Defaults,0.5997549155734141,0.40024508442658596
Baseline,LogisticRegression,0.9,Tuning,Defaults,0.5390738844367529,0.46092611556324714
Baseline,LogisticRegression,0.9,Tuning,Tuning,0.1644601895736234,0.8355398104263766
Baseline,LogisticRegression,0.9,Tuning,Tuning,0.11805773624045712,0.8819422637595429
Baseline,LogisticRegression,0.9,Defaults,Tuning,0.4540041272584775,0.5459958727415225
Baseline,LogisticRegression,0.9,Tuning,Tuning,0.045889811189503193,0.9541101888104968
Baseline,LogisticRegression,0.9,Tuning,Tuning,0.005526376574837011,0.994473623425163
Baseline,LogisticRegression,0.9,Tuning,Tuning,0.38680353679350266,0.6131964632064973
Baseline,LogisticRegression,0.9,Defaults,Tuning,0.26932617702898587,0.7306738229710141
Baseline,LogisticRegression,0.9,Tuning,Tuning,0.0034445375667297995,0.9965554624332702
Baseline,LogisticRegression,0.9,Tuning,Defaults,0.5600434784443522,0.43995652155564785
Baseline,LogisticRegression,0.9,Tuning,Tuning,0.05017615016823462,0.9498238498317654
Baseline,LogisticRegression,0.9,Defaults,Defaults,0.8870568383966504,0.11294316160334966
Baseline,LogisticRegression,0.9,Defaults,Defaults,0.8372839909705606,0.16271600902943936
Baseline,LogisticRegression,0.9,Tuning,Tuning,0.07293564614781622,0.9270643538521838
Baseline,LogisticRegression,0.9,Tuning,Tuning,0.049350190040312714,0.9506498099596873
Baseline,LogisticRegression,0.9,Tuning,Defaults,0.8173435716434887,0.1826564283565113
Baseline,LogisticRegression,0.9,Defaults,Tuning,0.4235588905681239,0.5764411094318761
Baseline,LogisticRegression,0.9,Defaults,Defaults,0.5917856854593848,0.40821431454061524
Baseline,LogisticRegression,0.9,Defaults,Defaults,0.8064055694993275,0.19359443050067252
Baseline,LogisticRegression,0.9,Tuning,Tuning,0.259526239908913,0.740473760091087
Baseline,LogisticRegression,0.9,Defaults,Defaults,0.5929483083115348,0.4070516916884653
Baseline,LogisticRegression,0.9,Tuning,Defaults,0.9203671669432775,0.07963283305672252
Baseline,LogisticRegression,0.9,Tuning,Tuning,0.07668841878838561,0.9233115812116144
Baseline,LogisticRegression,0.9,Defaults,Tuning,0.23914466139087098,0.760855338609129
Baseline,LogisticRegression,0.9,Defaults,Defaults,0.8852653944174212,0.11473460558257877
Baseline,LogisticRegression,0.9,Tuning,Defaults,0.6586783962791619,0.3413216037208381
Baseline,LogisticRegression,0.9,Tuning,Tuning,0.10204774752135692,0.8979522524786431
Baseline,LogisticRegression,0.9,Defaults,Defaults,0.5829621298414821,0.4170378701585179
Baseline,LogisticRegression,0.9,Tuning,Tuning,0.0017954731102095556,0.9982045268897904
Baseline,LogisticRegression,0.9,Tuning,Tuning,0.09806522158835151,0.9019347784116485
Baseline,LogisticRegression,0.9,Tuning,Tuning,1.0302216722046786e-05,0.999989697783278
Baseline,LogisticRegression,0.9,Tuning,Tuning,0.2409645752125178,0.7590354247874822
Baseline,LogisticRegression,0.95,Tuning,Tuning,0.004879360020315082,0.9951206399796849
Baseline,LogisticRegression,0.95,Tuning,Tuning,0.07781303302582776,0.9221869669741722
Baseline,LogisticRegression,0.95,Defaults,Defaults,0.691764256464344,0.308235743535656
Baseline,LogisticRegression,0.95,Tuning,Tuning,0.07723488112543708,0.9227651188745629
Baseline,LogisticRegression,0.95,Tuning,Tuning,0.023366360626153715,0.9766336393738463
Baseline,LogisticRegression,0.95,Tuning,Defaults,0.7618721731932725,0.23812782680672745
Baseline,LogisticRegression,0.95,Tuning,Tuning,0.0004692069635746643,0.9995307930364253
Baseline,LogisticRegression,0.95,Defaults,Tuning,0.044332348219686235,0.9556676517803138
Baseline,LogisticRegression,0.95,Defaults,Tuning,0.02397499286512672,0.9760250071348733
Baseline,LogisticRegression,0.95,Tuning,Tuning,0.11101373264858294,0.8889862673514171
Baseline,LogisticRegression,0.95,Tuning,Tuning,0.07733770721207045,0.9226622927879295
Baseline,LogisticRegression,0.95,Defaults,Tuning,0.43186422568006955,0.5681357743199305
Baseline,LogisticRegression,0.95,Tuning,Tuning,0.04783400821184258,0.9521659917881574
Baseline,LogisticRegression,0.95,Tuning,Tuning,0.02892143175516726,0.9710785682448327
Baseline,LogisticRegression,0.95,Tuning,Tuning,1.8608890085536345e-06,0.9999981391109914
Baseline,LogisticRegression,0.95,Tuning,Tuning,0.10710163894263847,0.8928983610573615
Baseline,LogisticRegression,0.95,Defaults,Defaults,0.9081606844511977,0.09183931554880231
Baseline,LogisticRegression,0.95,Tuning,Tuning,0.14079750469100505,0.859202495308995
Baseline,LogisticRegression,0.95,Defaults,Tuning,0.32244300620903044,0.6775569937909696
Baseline,LogisticRegression,0.95,Tuning,Defaults,0.5422269667209539,0.45777303327904606
Baseline,LogisticRegression,0.95,Tuning,Tuning,0.27776745099137323,0.7222325490086268
Baseline,LogisticRegression,0.95,Defaults,Tuning,0.15073725383435488,0.8492627461656451
Baseline,LogisticRegression,0.95,Tuning,Tuning,0.01538622997788941,0.9846137700221106
Baseline,LogisticRegression,0.95,Tuning,Tuning,0.2268744288255602,0.7731255711744398
Baseline,LogisticRegression,0.95,Tuning,Tuning,0.1917754794583334,0.8082245205416666
Baseline,LogisticRegression,0.95,Tuning,Tuning,0.08868626718378436,0.9113137328162156
Baseline,LogisticRegression,0.95,Tuning,Tuning,0.0935476269549893,0.9064523730450107
Baseline,LogisticRegression,0.95,Tuning,Tuning,0.12256396622621579,0.8774360337737842
Baseline,LogisticRegression,0.95,Tuning,Tuning,0.1566000320773261,0.8433999679226739
Baseline,LogisticRegression,0.95,Tuning,Tuning,0.05244879276336323,0.9475512072366368
Baseline,LogisticRegression,0.95,Tuning,Tuning,0.028597718527624716,0.9714022814723753
Baseline,LogisticRegression,0.95,Tuning,Tuning,0.04926163061934952,0.9507383693806505
Baseline,LogisticRegression,0.95,Defaults,Defaults,0.7779968480205353,0.22200315197946477
Baseline,LogisticRegression,0.95,Defaults,Tuning,0.3247759109581392,0.6752240890418608
Baseline,LogisticRegression,0.95,Tuning,Tuning,0.00872828727495678,0.9912717127250432
Baseline,LogisticRegression,0.95,Tuning,Defaults,0.8249594295106701,0.17504057048932992
Baseline,LogisticRegression,0.95,Tuning,Tuning,0.059703088982535846,0.9402969110174642
Baseline,LogisticRegression,0.95,Defaults,Defaults,0.7028741082959876,0.2971258917040124
Baseline,LogisticRegression,0.95,Tuning,Tuning,0.19953309290205445,0.8004669070979455
Baseline,LogisticRegression,0.95,Defaults,Defaults,0.7336298950250635,0.2663701049749366
Baseline,LogisticRegression,0.95,Tuning,Tuning,0.12364845029666804,0.876351549703332
Baseline,LogisticRegression,0.95,Tuning,Tuning,2.2502000263102673e-09,0.9999999977498
Baseline,LogisticRegression,0.95,Tuning,Defaults,0.9357505398868781,0.06424946011312191
Baseline,LogisticRegression,0.95,Tuning,Tuning,0.05590737571995463,0.9440926242800454
Baseline,LogisticRegression,0.95,Tuning,Tuning,0.08311699011252027,0.9168830098874797
Baseline,LogisticRegression,0.95,Tuning,Tuning,0.39227379966584375,0.6077262003341563
Baseline,LogisticRegression,0.95,Tuning,Tuning,0.019800684032851734,0.9801993159671483
Baseline,LogisticRegression,0.95,Tuning,Tuning,0.018738146094533836,0.9812618539054662
Baseline,LogisticRegression,0.95,Tuning,Tuning,0.16210004822249557,0.8378999517775044
Baseline,LogisticRegression,0.95,Tuning,Tuning,0.046883404819302976,0.953116595180697
Baseline,LogisticRegression,0.95,Defaults,Tuning,0.23712342677764553,0.7628765732223545
Baseline,LogisticRegression,0.95,Tuning,Tuning,0.009959871490106686,0.9900401285098933
Baseline,LogisticRegression,0.95,Tuning,Tuning,0.018221481206203927,0.9817785187937961
Baseline,LogisticRegression,0.95,Defaults,Tuning,0.11808648211424921,0.8819135178857508
Baseline,LogisticRegression,0.95,Tuning,Defaults,0.654732498658005,0.3452675013419951
Baseline,LogisticRegression,0.95,Tuning,Defaults,0.6287118471399532,0.3712881528600468
Baseline,LogisticRegression,0.95,Tuning,Defaults,0.6219580949222198,0.37804190507778024
Baseline,LogisticRegression,0.95,Tuning,Defaults,0.6919364176817486,0.30806358231825137
Baseline,LogisticRegression,0.95,Tuning,Tuning,0.4941208806951837,0.5058791193048163
Baseline,LogisticRegression,0.95,Tuning,Tuning,0.022164266245858766,0.9778357337541412
Baseline,LogisticRegression,0.95,Tuning,Tuning,0.0002833231694283622,0.9997166768305716
Baseline,LogisticRegression,0.95,Tuning,Tuning,0.1699352607428527,0.8300647392571473
Baseline,LogisticRegression,0.95,Tuning,Tuning,0.2549636503002777,0.7450363496997223
Baseline,LogisticRegression,0.95,Defaults,Defaults,0.603989930387381,0.3960100696126189
Baseline,LogisticRegression,0.95,Tuning,Tuning,0.4591349974588058,0.5408650025411942
Baseline,LogisticRegression,0.95,Defaults,Tuning,0.19794288829186957,0.8020571117081304
Baseline,LogisticRegression,0.95,Tuning,Tuning,0.1628589352324079,0.8371410647675921
Baseline,LogisticRegression,0.95,Tuning,Tuning,0.27759901213933913,0.7224009878606609
Baseline,LogisticRegression,0.95,Tuning,Tuning,0.37265819758031105,0.627341802419689
Baseline,LogisticRegression,0.95,Tuning,Tuning,0.014323846149585706,0.9856761538504143
Baseline,LogisticRegression,0.95,Tuning,Tuning,0.3212996102897203,0.6787003897102797
Baseline,LogisticRegression,0.95,Defaults,Tuning,0.0021158814305327622,0.9978841185694672
Baseline,LogisticRegression,0.95,Tuning,Tuning,0.34135398439656817,0.6586460156034318
Baseline,LogisticRegression,0.95,Defaults,Defaults,0.7596472565730226,0.24035274342697746
Baseline,LogisticRegression,0.95,Defaults,Defaults,0.7306573172399662,0.26934268276003376
Baseline,LogisticRegression,0.95,Defaults,Defaults,0.8199062770909203,0.18009372290907968
Baseline,LogisticRegression,0.95,Defaults,Defaults,0.7343135410181468,0.26568645898185317
Baseline,LogisticRegression,0.95,Tuning,Tuning,0.07181230322597365,0.9281876967740263
Baseline,LogisticRegression,0.95,Tuning,Tuning,0.08745752831694231,0.9125424716830577
Baseline,LogisticRegression,0.95,Tuning,Tuning,0.023392644682783348,0.9766073553172167
Baseline,LogisticRegression,0.95,Defaults,Tuning,0.24338520735425084,0.7566147926457492
Baseline,LogisticRegression,0.95,Defaults,Defaults,0.5271075463419472,0.4728924536580527
Baseline,LogisticRegression,0.95,Defaults,Tuning,0.39593261382651557,0.6040673861734844
Baseline,LogisticRegression,0.95,Defaults,Defaults,0.6987591473097626,0.30124085269023737
Baseline,LogisticRegression,0.95,Tuning,Defaults,0.7166504424050681,0.28334955759493186
Baseline,LogisticRegression,0.95,Tuning,Defaults,0.9188567457830974,0.08114325421690255
Baseline,LogisticRegression,0.95,Defaults,Defaults,0.7311165332302576,0.26888346676974234
Baseline,LogisticRegression,0.95,Tuning,Tuning,0.024683484521746735,0.9753165154782533
Baseline,LogisticRegression,0.95,Defaults,Defaults,0.6061893699472319,0.39381063005276806
Baseline,LogisticRegression,0.95,Tuning,Tuning,0.027617207233287644,0.9723827927667124
Baseline,LogisticRegression,0.95,Tuning,Tuning,0.0014452388443184638,0.9985547611556815
Baseline,LogisticRegression,0.95,Defaults,Tuning,0.10236154245518236,0.8976384575448176
Baseline,LogisticRegression,0.95,Tuning,Tuning,0.14019200445290814,0.8598079955470919
Baseline,LogisticRegression,0.95,Defaults,Tuning,0.0,1.0
Baseline,LogisticRegression,0.95,Tuning,Tuning,0.022220056943427435,0.9777799430565726
Baseline,LogisticRegression,0.95,Tuning,Tuning,0.04216262938013671,0.9578373706198633
Baseline,LogisticRegression,0.95,Tuning,Tuning,0.07701065310227118,0.9229893468977288
Baseline,LogisticRegression,0.95,Defaults,Defaults,0.6967762310252601,0.3032237689747399
Baseline,LogisticRegression,0.95,Tuning,Tuning,0.17587709407899332,0.8241229059210067
Baseline,LogisticRegression,0.95,Tuning,Tuning,0.43144345246652827,0.5685565475334717
Baseline,LogisticRegression,0.95,Tuning,Tuning,0.14671739910256687,0.8532826008974331
Baseline,LogisticRegression,0.95,Defaults,Tuning,0.012933582020889789,0.9870664179791102
Baseline,LogisticRegression,0.95,Tuning,Tuning,0.3416343652554146,0.6583656347445854
Baseline,LogisticRegression,0.95,Tuning,Defaults,0.6073795539856481,0.3926204460143519
Baseline,LogisticRegression,0.95,Tuning,Tuning,0.014090393438429993,0.98590960656157
Baseline,LogisticRegression,0.95,Tuning,Tuning,0.0030494987220324177,0.9969505012779676
Baseline,LogisticRegression,0.95,Tuning,Defaults,0.8803805173171123,0.11961948268288769
Baseline,LogisticRegression,0.95,Tuning,Tuning,0.04137550784847466,0.9586244921515253
Baseline,LogisticRegression,0.95,Tuning,Tuning,0.07639142956187894,0.9236085704381211
Baseline,LogisticRegression,0.95,Defaults,Defaults,0.6829948282924798,0.31700517170752013
Baseline,LogisticRegression,0.95,Tuning,Tuning,0.0023558933690622785,0.9976441066309377
Baseline,LogisticRegression,0.95,Tuning,Tuning,0.0622857945479961,0.9377142054520039
Baseline,LogisticRegression,0.95,Tuning,Tuning,0.1035963809465359,0.8964036190534641
Baseline,LogisticRegression,0.95,Tuning,Tuning,0.039555213724397964,0.960444786275602
Baseline,LogisticRegression,0.95,Tuning,Tuning,0.0023869557305710165,0.997613044269429
Baseline,LogisticRegression,0.95,Tuning,Tuning,0.4210212365739584,0.5789787634260416
Baseline,LogisticRegression,0.95,Tuning,Defaults,0.7383085483612074,0.2616914516387926
Baseline,LogisticRegression,0.95,Tuning,Tuning,0.002146397327958738,0.9978536026720413
Baseline,LogisticRegression,0.95,Defaults,Tuning,0.3947149152268258,0.6052850847731742
Baseline,LogisticRegression,0.95,Tuning,Tuning,0.0006828404898098217,0.9993171595101902
Baseline,LogisticRegression,0.95,Defaults,Defaults,0.6086410270954465,0.3913589729045534
Baseline,LogisticRegression,0.95,Tuning,Tuning,0.2529571399603633,0.7470428600396367
Baseline,LogisticRegression,0.95,Tuning,Tuning,0.46022029010765275,0.5397797098923472
Baseline,LogisticRegression,0.95,Tuning,Defaults,0.7466149289996833,0.25338507100031665
Baseline,LogisticRegression,0.95,Tuning,Tuning,0.20355607404798837,0.7964439259520116
Baseline,LogisticRegression,0.95,Defaults,Tuning,0.39811272762935435,0.6018872723706457
Baseline,LogisticRegression,0.95,Defaults,Tuning,0.21935475987302888,0.7806452401269711
Baseline,LogisticRegression,0.95,Tuning,Tuning,0.008401888389569234,0.9915981116104308
Baseline,LogisticRegression,0.95,Tuning,Tuning,0.13397028952040513,0.8660297104795949
Baseline,LogisticRegression,0.95,Tuning,Tuning,0.032726660152115006,0.967273339847885
Baseline,LogisticRegression,0.95,Tuning,Tuning,0.032726660152115006,0.967273339847885
Baseline,LogisticRegression,0.95,Tuning,Tuning,0.1161594962507898,0.8838405037492102
Baseline,LogisticRegression,0.95,Tuning,Tuning,0.022405147252554602,0.9775948527474454
Baseline,LogisticRegression,0.95,Tuning,Defaults,0.66364066137094,0.33635933862906003
Baseline,LogisticRegression,0.95,Tuning,Tuning,0.047963418782537626,0.9520365812174624
Baseline,LogisticRegression,0.95,Defaults,Tuning,0.3791417572600182,0.6208582427399818
Baseline,LogisticRegression,0.95,Tuning,Defaults,0.5762781335148968,0.4237218664851033
Baseline,LogisticRegression,0.95,Tuning,Defaults,0.5281001201136171,0.47189987988638293
Baseline,LogisticRegression,0.95,Tuning,Tuning,0.16374431996660566,0.8362556800333943
Baseline,LogisticRegression,0.95,Tuning,Tuning,0.1156312531409448,0.8843687468590552
Baseline,LogisticRegression,0.95,Defaults,Tuning,0.38796642410709814,0.6120335758929019
Baseline,LogisticRegression,0.95,Tuning,Tuning,0.11323974328775388,0.8867602567122461
Baseline,LogisticRegression,0.95,Tuning,Tuning,0.022182659722293052,0.977817340277707
Baseline,LogisticRegression,0.95,Tuning,Tuning,0.3740836443303004,0.6259163556696996
Baseline,LogisticRegression,0.95,Defaults,Tuning,0.27827035529067856,0.7217296447093214
Baseline,LogisticRegression,0.95,Tuning,Tuning,0.0014122190089504993,0.9985877809910495
Baseline,LogisticRegression,0.95,Tuning,Defaults,0.6589056173550255,0.3410943826449745
Baseline,LogisticRegression,0.95,Tuning,Tuning,0.054949709729743,0.945050290270257
Baseline,LogisticRegression,0.95,Defaults,Defaults,0.9174742050399051,0.08252579496009493
Baseline,LogisticRegression,0.95,Defaults,Defaults,0.8335813708151273,0.16641862918487269
Baseline,LogisticRegression,0.95,Tuning,Tuning,0.06787807533973111,0.9321219246602689
Baseline,LogisticRegression,0.95,Tuning,Tuning,0.04248193888088703,0.957518061119113
Baseline,LogisticRegression,0.95,Tuning,Defaults,0.7995432746459514,0.20045672535404863
Baseline,LogisticRegression,0.95,Defaults,Tuning,0.4102320609105842,0.5897679390894158
Baseline,LogisticRegression,0.95,Defaults,Defaults,0.5621850430221172,0.43781495697788275
Baseline,LogisticRegression,0.95,Defaults,Defaults,0.7816215422979932,0.2183784577020068
Baseline,LogisticRegression,0.95,Tuning,Tuning,0.3242314213623074,0.6757685786376926
Baseline,LogisticRegression,0.95,Defaults,Defaults,0.5940712269882966,0.4059287730117034
Baseline,LogisticRegression,0.95,Tuning,Defaults,0.9179278033100473,0.08207219668995275
Baseline,LogisticRegression,0.95,Tuning,Tuning,0.06145530288837986,0.9385446971116201
Baseline,LogisticRegression,0.95,Defaults,Tuning,0.24389021607618422,0.7561097839238158
Baseline,LogisticRegression,0.95,Defaults,Defaults,0.8624747734357698,0.13752522656423016
Baseline,LogisticRegression,0.95,Tuning,Defaults,0.6861968047163951,0.3138031952836049
Baseline,LogisticRegression,0.95,Tuning,Tuning,0.08045502708564489,0.9195449729143551
Baseline,LogisticRegression,0.95,Defaults,Defaults,0.6131513750130524,0.38684862498694755
Baseline,LogisticRegression,0.95,Tuning,Tuning,0.001216898844956349,0.9987831011550437
Baseline,LogisticRegression,0.95,Tuning,Tuning,0.1583468235746942,0.8416531764253058
Baseline,LogisticRegression,0.95,Tuning,Tuning,1.3238728902242869e-05,0.9999867612710978
Baseline,LogisticRegression,0.95,Tuning,Tuning,0.23456024555384059,0.7654397544461594
Baseline,XGBoost,0.8,Tuning,Tuning,0.006428360939025879,0.9935716390609741
Baseline,XGBoost,0.8,Tuning,Tuning,0.0012794733047485352,0.9987205266952515
Baseline,XGBoost,0.8,Defaults,Defaults,0.7889310121536255,0.21106895804405212
Baseline,XGBoost,0.8,Tuning,Tuning,0.0032166242599487305,0.9967833757400513
Baseline,XGBoost,0.8,Tuning,Tuning,0.003478407859802246,0.9965215921401978
Baseline,XGBoost,0.8,Tuning,Defaults,0.9030510187149048,0.09694896638393402
Baseline,XGBoost,0.8,Tuning,Tuning,0.0011079907417297363,0.9988920092582703
Baseline,XGBoost,0.8,Defaults,Tuning,0.13927984237670898,0.860720157623291
Baseline,XGBoost,0.8,Defaults,Tuning,0.16148531436920166,0.8385146856307983
Baseline,XGBoost,0.8,Tuning,Tuning,0.015811443328857422,0.9841885566711426
Baseline,XGBoost,0.8,Tuning,Tuning,0.0021587610244750977,0.9978412389755249
Baseline,XGBoost,0.8,Defaults,Tuning,0.0423237681388855,0.9576762318611145
Baseline,XGBoost,0.8,Tuning,Tuning,0.002074599266052246,0.9979254007339478
Baseline,XGBoost,0.8,Tuning,Tuning,0.0008999109268188477,0.9991000890731812
Baseline,XGBoost,0.8,Tuning,Tuning,0.011340618133544922,0.9886593818664551
Baseline,XGBoost,0.8,Tuning,Tuning,0.0025832653045654297,0.9974167346954346
Baseline,XGBoost,0.8,Defaults,Defaults,0.9917538166046143,0.008246184326708317
Baseline,XGBoost,0.8,Tuning,Tuning,0.07093733549118042,0.9290626645088196
Baseline,XGBoost,0.8,Defaults,Tuning,0.08229571580886841,0.9177042841911316
Baseline,XGBoost,0.8,Tuning,Tuning,0.27767324447631836,0.7223267555236816
Baseline,XGBoost,0.8,Tuning,Tuning,0.1811160445213318,0.8188839554786682
Baseline,XGBoost,0.8,Defaults,Tuning,0.049034297466278076,0.9509657025337219
Baseline,XGBoost,0.8,Tuning,Tuning,0.018804550170898438,0.9811954498291016
Baseline,XGBoost,0.8,Tuning,Tuning,0.044560372829437256,0.9554396271705627
Baseline,XGBoost,0.8,Tuning,Tuning,0.0021939873695373535,0.9978060126304626
Baseline,XGBoost,0.8,Tuning,Tuning,0.0014098286628723145,0.9985901713371277
Baseline,XGBoost,0.8,Tuning,Tuning,0.003726959228515625,0.9962730407714844
Baseline,XGBoost,0.8,Tuning,Tuning,0.004587233066558838,0.9954127669334412
Baseline,XGBoost,0.8,Tuning,Tuning,0.0007686614990234375,0.9992313385009766
Baseline,XGBoost,0.8,Tuning,Tuning,0.00676119327545166,0.9932388067245483
Baseline,XGBoost,0.8,Tuning,Tuning,0.0008542537689208984,0.9991457462310791
Baseline,XGBoost,0.8,Tuning,Tuning,0.003726959228515625,0.9962730407714844
Baseline,XGBoost,0.8,Defaults,Defaults,0.9762399792671204,0.02376001887023449
Baseline,XGBoost,0.8,Defaults,Tuning,0.15264290571212769,0.8473570942878723
Baseline,XGBoost,0.8,Tuning,Tuning,0.030259549617767334,0.9697404503822327
Baseline,XGBoost,0.8,Tuning,Tuning,0.14760583639144897,0.852394163608551
Baseline,XGBoost,0.8,Tuning,Tuning,0.23605602979660034,0.7639439702033997
Baseline,XGBoost,0.8,Defaults,Defaults,0.7165333032608032,0.28346672654151917
Baseline,XGBoost,0.8,Tuning,Tuning,0.005779862403869629,0.9942201375961304
Baseline,XGBoost,0.8,Defaults,Defaults,0.9655929803848267,0.034407030791044235
Baseline,XGBoost,0.8,Tuning,Tuning,0.019372880458831787,0.9806271195411682
Baseline,XGBoost,0.8,Tuning,Tuning,0.00911247730255127,0.9908875226974487
Baseline,XGBoost,0.8,Tuning,Tuning,0.1349133849143982,0.8650866150856018
Baseline,XGBoost,0.8,Tuning,Tuning,0.00024443864822387695,0.9997555613517761
Baseline,XGBoost,0.8,Tuning,Tuning,0.017181575298309326,0.9828184247016907
Baseline,XGBoost,0.8,Tuning,Tuning,0.008917808532714844,0.9910821914672852
Baseline,XGBoost,0.8,Tuning,Defaults,0.7108838558197021,0.28911614418029785
Baseline,XGBoost,0.8,Tuning,Tuning,0.0015016794204711914,0.9984983205795288
Baseline,XGBoost,0.8,Tuning,Tuning,0.21516048908233643,0.7848395109176636
Baseline,XGBoost,0.8,Tuning,Tuning,0.0419766902923584,0.9580233097076416
Baseline,XGBoost,0.8,Defaults,Tuning,0.03873121738433838,0.9612687826156616
Baseline,XGBoost,0.8,Tuning,Tuning,0.010575711727142334,0.9894242882728577
Baseline,XGBoost,0.8,Tuning,Tuning,0.0039209723472595215,0.9960790276527405
Baseline,XGBoost,0.8,Defaults,Tuning,0.013341069221496582,0.9866589307785034
Baseline,XGBoost,0.8,Tuning,Defaults,0.9599927663803101,0.04000724107027054
Baseline,XGBoost,0.8,Tuning,Tuning,0.03969871997833252,0.9603012800216675
Baseline,XGBoost,0.8,Tuning,Tuning,0.1110219955444336,0.8889780044555664
Baseline,XGBoost,0.8,Tuning,Defaults,0.7370835542678833,0.2629164755344391
Baseline,XGBoost,0.8,Tuning,Defaults,0.6625930070877075,0.33740702271461487
Baseline,XGBoost,0.8,Tuning,Tuning,0.002152562141418457,0.9978474378585815
Baseline,XGBoost,0.8,Tuning,Tuning,0.002220451831817627,0.9977795481681824
Baseline,XGBoost,0.8,Tuning,Tuning,0.01433783769607544,0.9856621623039246
Baseline,XGBoost,0.8,Tuning,Tuning,0.14413827657699585,0.8558617234230042
Baseline,XGBoost,0.8,Defaults,Tuning,0.05209273099899292,0.9479072690010071
Baseline,XGBoost,0.8,Tuning,Defaults,0.739200234413147,0.26079973578453064
Baseline,XGBoost,0.8,Defaults,Tuning,0.19443190097808838,0.8055680990219116
Baseline,XGBoost,0.8,Tuning,Tuning,0.134873628616333,0.865126371383667
Baseline,XGBoost,0.8,Tuning,Tuning,0.03568243980407715,0.9643175601959229
Baseline,XGBoost,0.8,Tuning,Tuning,0.3689597249031067,0.6310402750968933
Baseline,XGBoost,0.8,Tuning,Tuning,0.26977860927581787,0.7302213907241821
Baseline,XGBoost,0.8,Tuning,Tuning,0.09186798334121704,0.908132016658783
Baseline,XGBoost,0.8,Defaults,Tuning,0.0077588558197021484,0.9922411441802979
Baseline,XGBoost,0.8,Tuning,Tuning,0.2129496932029724,0.7870503067970276
Baseline,XGBoost,0.8,Defaults,Defaults,0.9434086084365845,0.056591399013996124
Baseline,XGBoost,0.8,Defaults,Defaults,0.9663287997245789,0.033671218901872635
Baseline,XGBoost,0.8,Defaults,Tuning,0.3023557662963867,0.6976442337036133
Baseline,XGBoost,0.8,Defaults,Defaults,0.9663287997245789,0.033671218901872635
Baseline,XGBoost,0.8,Tuning,Tuning,0.07518547773361206,0.9248145222663879
Baseline,XGBoost,0.8,Tuning,Tuning,0.11291438341140747,0.8870856165885925
Baseline,XGBoost,0.8,Tuning,Defaults,0.8371132016181946,0.1628868132829666
Baseline,XGBoost,0.8,Defaults,Tuning,0.36556512117385864,0.6344348788261414
Baseline,XGBoost,0.8,Defaults,Defaults,0.806360125541687,0.1936398446559906
Baseline,XGBoost,0.8,Defaults,Tuning,0.09043371677398682,0.9095662832260132
Baseline,XGBoost,0.8,Defaults,Defaults,0.7520819902420044,0.2479179948568344
Baseline,XGBoost,0.8,Tuning,Defaults,0.5367293357849121,0.4632706344127655
Baseline,XGBoost,0.8,Tuning,Tuning,0.20622754096984863,0.7937724590301514
Baseline,XGBoost,0.8,Defaults,Defaults,0.9753267168998718,0.02467326633632183
Baseline,XGBoost,0.8,Tuning,Tuning,0.0007880926132202148,0.9992119073867798
Baseline,XGBoost,0.8,Defaults,Defaults,0.912887692451477,0.08711231499910355
Baseline,XGBoost,0.8,Tuning,Tuning,0.012006878852844238,0.9879931211471558
Baseline,XGBoost,0.8,Tuning,Tuning,0.0005339980125427246,0.9994660019874573
Baseline,XGBoost,0.8,Defaults,Tuning,0.027096867561340332,0.9729031324386597
Baseline,XGBoost,0.8,Tuning,Tuning,0.007564961910247803,0.9924350380897522
Baseline,XGBoost,0.8,Defaults,Tuning,0.07087177038192749,0.9291282296180725
Baseline,XGBoost,0.8,Tuning,Tuning,0.14010530710220337,0.8598946928977966
Baseline,XGBoost,0.8,Tuning,Tuning,0.0027890801429748535,0.9972109198570251
Baseline,XGBoost,0.8,Tuning,Tuning,0.00793391466140747,0.9920660853385925
Baseline,XGBoost,0.8,Defaults,Defaults,0.7393893003463745,0.2606107294559479
Baseline,XGBoost,0.8,Tuning,Defaults,0.5676171779632568,0.43238285183906555
Baseline,XGBoost,0.8,Tuning,Tuning,0.0015500783920288086,0.9984499216079712
Baseline,XGBoost,0.8,Tuning,Tuning,0.05991518497467041,0.9400848150253296
Baseline,XGBoost,0.8,Defaults,Tuning,0.00046634674072265625,0.9995336532592773
Baseline,XGBoost,0.8,Tuning,Tuning,0.43548548221588135,0.5645145177841187
Baseline,XGBoost,0.8,Tuning,Tuning,0.06809943914413452,0.9319005608558655
Baseline,XGBoost,0.8,Tuning,Tuning,0.2417275309562683,0.7582724690437317
Baseline,XGBoost,0.8,Tuning,Tuning,0.0039408206939697266,0.9960591793060303
Baseline,XGBoost,0.8,Tuning,Defaults,0.6851927042007446,0.31480729579925537
Baseline,XGBoost,0.8,Tuning,Tuning,0.0027890801429748535,0.9972109198570251
Baseline,XGBoost,0.8,Tuning,Tuning,0.021532773971557617,0.9784672260284424
Baseline,XGBoost,0.8,Defaults,Tuning,0.4458179473876953,0.5541820526123047
Baseline,XGBoost,0.8,Tuning,Tuning,0.004540622234344482,0.9954593777656555
Baseline,XGBoost,0.8,Tuning,Tuning,0.0015214085578918457,0.9984785914421082
Baseline,XGBoost,0.8,Tuning,Tuning,0.0036556124687194824,0.9963443875312805
Baseline,XGBoost,0.8,Tuning,Tuning,0.0014430880546569824,0.998556911945343
Baseline,XGBoost,0.8,Tuning,Tuning,0.0024475455284118652,0.9975524544715881
Baseline,XGBoost,0.8,Tuning,Tuning,0.027158617973327637,0.9728413820266724
Baseline,XGBoost,0.8,Tuning,Defaults,0.6198012828826904,0.38019871711730957
Baseline,XGBoost,0.8,Tuning,Tuning,0.007303953170776367,0.9926960468292236
Baseline,XGBoost,0.8,Defaults,Tuning,0.06394559144973755,0.9360544085502625
Baseline,XGBoost,0.8,Tuning,Tuning,0.1808043122291565,0.8191956877708435
Baseline,XGBoost,0.8,Defaults,Defaults,0.7454351782798767,0.2545648217201233
Baseline,XGBoost,0.8,Tuning,Tuning,0.11096572875976562,0.8890342712402344
Baseline,XGBoost,0.8,Tuning,Tuning,0.11488562822341919,0.8851143717765808
Baseline,XGBoost,0.8,Tuning,Defaults,0.5536502599716187,0.44634971022605896
Baseline,XGBoost,0.8,Tuning,Tuning,0.001023411750793457,0.9989765882492065
Baseline,XGBoost,0.8,Defaults,Tuning,0.021796345710754395,0.9782036542892456
Baseline,XGBoost,0.8,Defaults,Tuning,0.06778866052627563,0.9322113394737244
Baseline,XGBoost,0.8,Tuning,Tuning,0.0006887912750244141,0.9993112087249756
Baseline,XGBoost,0.8,Tuning,Tuning,0.12286221981048584,0.8771377801895142
Baseline,XGBoost,0.8,Tuning,Tuning,0.0011754631996154785,0.9988245368003845
Baseline,XGBoost,0.8,Tuning,Tuning,0.0011754631996154785,0.9988245368003845
Baseline,XGBoost,0.8,Tuning,Tuning,0.01107567548751831,0.9889243245124817
Baseline,XGBoost,0.8,Tuning,Tuning,0.004543185234069824,0.9954568147659302
Baseline,XGBoost,0.8,Tuning,Tuning,0.10840356349945068,0.8915964365005493
Baseline,XGBoost,0.8,Tuning,Tuning,0.007392525672912598,0.9926074743270874
Baseline,XGBoost,0.8,Defaults,Tuning,0.06829112768173218,0.9317088723182678
Baseline,XGBoost,0.8,Tuning,Defaults,0.9655474424362183,0.034452542662620544
Baseline,XGBoost,0.8,Tuning,Defaults,0.9661905765533447,0.03380942344665527
Baseline,XGBoost,0.8,Tuning,Tuning,0.043502867221832275,0.9564971327781677
Baseline,XGBoost,0.8,Tuning,Defaults,0.6532936096191406,0.3467063903808594
Baseline,XGBoost,0.8,Defaults,Tuning,0.22866171598434448,0.7713382840156555
Baseline,XGBoost,0.8,Tuning,Defaults,0.7504540681838989,0.24954594671726227
Baseline,XGBoost,0.8,Tuning,Tuning,0.03681492805480957,0.9631850719451904
Baseline,XGBoost,0.8,Tuning,Tuning,0.06691247224807739,0.9330875277519226
Baseline,XGBoost,0.8,Defaults,Tuning,0.005671799182891846,0.9943282008171082
Baseline,XGBoost,0.8,Tuning,Tuning,0.13200491666793823,0.8679950833320618
Baseline,XGBoost,0.8,Tuning,Tuning,0.08706027269363403,0.912939727306366
Baseline,XGBoost,0.8,Tuning,Tuning,0.0036629438400268555,0.9963370561599731
Baseline,XGBoost,0.8,Defaults,Defaults,0.8280990123748779,0.17190100252628326
Baseline,XGBoost,0.8,Defaults,Defaults,0.9874930381774902,0.012506985105574131
Baseline,XGBoost,0.8,Tuning,Tuning,0.18297237157821655,0.8170276284217834
Baseline,XGBoost,0.8,Tuning,Tuning,0.006858646869659424,0.9931413531303406
Baseline,XGBoost,0.8,Tuning,Tuning,0.4481475353240967,0.5518524646759033
Baseline,XGBoost,0.8,Defaults,Tuning,0.21893399953842163,0.7810660004615784
Baseline,XGBoost,0.8,Defaults,Tuning,0.2313355803489685,0.7686644196510315
Baseline,XGBoost,0.8,Defaults,Defaults,0.5194610357284546,0.4805389940738678
Baseline,XGBoost,0.8,Tuning,Tuning,0.019484877586364746,0.9805151224136353
Baseline,XGBoost,0.8,Defaults,Defaults,0.528438925743103,0.47156110405921936
Baseline,XGBoost,0.8,Tuning,Defaults,0.9974237084388733,0.002576279453933239
Baseline,XGBoost,0.8,Tuning,Tuning,0.08086597919464111,0.9191340208053589
Baseline,XGBoost,0.8,Defaults,Tuning,0.350643515586853,0.649356484413147
Baseline,XGBoost,0.8,Defaults,Tuning,0.09567844867706299,0.904321551322937
Baseline,XGBoost,0.8,Tuning,Tuning,0.4512542486190796,0.5487457513809204
Baseline,XGBoost,0.8,Tuning,Tuning,0.05097097158432007,0.9490290284156799
Baseline,XGBoost,0.8,Defaults,Tuning,0.4642752408981323,0.5357247591018677
Baseline,XGBoost,0.8,Tuning,Tuning,0.06690394878387451,0.9330960512161255
Baseline,XGBoost,0.8,Tuning,Tuning,0.04922962188720703,0.950770378112793
Baseline,XGBoost,0.8,Tuning,Tuning,0.016632795333862305,0.9833672046661377
Baseline,XGBoost,0.8,Tuning,Tuning,0.12048989534378052,0.8795101046562195
Baseline,XGBoost,0.85,Tuning,Tuning,0.009211599826812744,0.9907884001731873
Baseline,XGBoost,0.85,Tuning,Tuning,0.0005832910537719727,0.999416708946228
Baseline,XGBoost,0.85,Defaults,Defaults,0.9291128516197205,0.07088716328144073
Baseline,XGBoost,0.85,Tuning,Tuning,0.004271566867828369,0.9957284331321716
Baseline,XGBoost,0.85,Tuning,Tuning,0.003409266471862793,0.9965907335281372
Baseline,XGBoost,0.85,Tuning,Defaults,0.855289876461029,0.14471012353897095
Baseline,XGBoost,0.85,Tuning,Tuning,0.0007783174514770508,0.999221682548523
Baseline,XGBoost,0.85,Defaults,Tuning,0.3024423122406006,0.6975576877593994
Baseline,XGBoost,0.85,Defaults,Tuning,0.30680936574935913,0.6931906342506409
Baseline,XGBoost,0.85,Tuning,Tuning,0.008200526237487793,0.9917994737625122
Baseline,XGBoost,0.85,Tuning,Tuning,0.00286102294921875,0.9971389770507812
Baseline,XGBoost,0.85,Defaults,Tuning,0.031709134578704834,0.9682908654212952
Baseline,XGBoost,0.85,Tuning,Tuning,0.0005484223365783691,0.9994515776634216
Baseline,XGBoost,0.85,Tuning,Tuning,0.0015420913696289062,0.9984579086303711
Baseline,XGBoost,0.85,Tuning,Tuning,0.003563523292541504,0.9964364767074585
Baseline,XGBoost,0.85,Tuning,Tuning,0.001225292682647705,0.9987747073173523
Baseline,XGBoost,0.85,Defaults,Defaults,0.9887886047363281,0.011211411096155643
Baseline,XGBoost,0.85,Tuning,Tuning,0.01392441987991333,0.9860755801200867
Baseline,XGBoost,0.85,Defaults,Tuning,0.18449699878692627,0.8155030012130737
Baseline,XGBoost,0.85,Tuning,Tuning,0.16548573970794678,0.8345142602920532
Baseline,XGBoost,0.85,Tuning,Tuning,0.16053688526153564,0.8394631147384644
Baseline,XGBoost,0.85,Defaults,Tuning,0.016776621341705322,0.9832233786582947
Baseline,XGBoost,0.85,Tuning,Tuning,0.08954966068267822,0.9104503393173218
Baseline,XGBoost,0.85,Tuning,Tuning,0.017444610595703125,0.9825553894042969
Baseline,XGBoost,0.85,Tuning,Tuning,0.0016294121742248535,0.9983705878257751
Baseline,XGBoost,0.85,Tuning,Tuning,0.0011710524559020996,0.9988289475440979
Baseline,XGBoost,0.85,Tuning,Tuning,0.003672778606414795,0.9963272213935852
Baseline,XGBoost,0.85,Tuning,Tuning,0.005091607570648193,0.9949083924293518
Baseline,XGBoost,0.85,Tuning,Tuning,0.0010367631912231445,0.9989632368087769
Baseline,XGBoost,0.85,Tuning,Tuning,0.0035692453384399414,0.9964307546615601
Baseline,XGBoost,0.85,Tuning,Tuning,0.0007603168487548828,0.9992396831512451
Baseline,XGBoost,0.85,Tuning,Tuning,0.0034355521202087402,0.9965644478797913
Baseline,XGBoost,0.85,Defaults,Defaults,0.9826160669326782,0.017383921891450882
Baseline,XGBoost,0.85,Defaults,Tuning,0.17743444442749023,0.8225655555725098
Baseline,XGBoost,0.85,Tuning,Tuning,0.03153574466705322,0.9684642553329468
Baseline,XGBoost,0.85,Tuning,Tuning,0.07714194059371948,0.9228580594062805
Baseline,XGBoost,0.85,Tuning,Tuning,0.150010883808136,0.849989116191864
Baseline,XGBoost,0.85,Defaults,Defaults,0.581401526927948,0.418598473072052
Baseline,XGBoost,0.85,Tuning,Tuning,0.010340631008148193,0.9896593689918518
Baseline,XGBoost,0.85,Defaults,Defaults,0.8966450691223145,0.10335496068000793
Baseline,XGBoost,0.85,Tuning,Tuning,0.04077565670013428,0.9592243432998657
Baseline,XGBoost,0.85,Tuning,Tuning,0.0059580206871032715,0.9940419793128967
Baseline,XGBoost,0.85,Tuning,Tuning,0.2717060446739197,0.7282939553260803
Baseline,XGBoost,0.85,Tuning,Tuning,0.00020676851272583008,0.9997932314872742
Baseline,XGBoost,0.85,Tuning,Tuning,0.008623480796813965,0.991376519203186
Baseline,XGBoost,0.85,Tuning,Tuning,0.024432778358459473,0.9755672216415405
Baseline,XGBoost,0.85,Tuning,Defaults,0.6618255376815796,0.3381744921207428
Baseline,XGBoost,0.85,Tuning,Tuning,0.002367377281188965,0.997632622718811
Baseline,XGBoost,0.85,Tuning,Tuning,0.24661380052566528,0.7533861994743347
Baseline,XGBoost,0.85,Tuning,Tuning,0.08753812313079834,0.9124618768692017
Baseline,XGBoost,0.85,Defaults,Tuning,0.0559614896774292,0.9440385103225708
Baseline,XGBoost,0.85,Tuning,Tuning,0.030743718147277832,0.9692562818527222
Baseline,XGBoost,0.85,Tuning,Tuning,0.005410909652709961,0.99458909034729
Baseline,XGBoost,0.85,Defaults,Tuning,0.05533897876739502,0.944661021232605
Baseline,XGBoost,0.85,Tuning,Defaults,0.9652753472328186,0.03472462669014931
Baseline,XGBoost,0.85,Tuning,Tuning,0.12862318754196167,0.8713768124580383
Baseline,XGBoost,0.85,Tuning,Tuning,0.03847569227218628,0.9615243077278137
Baseline,XGBoost,0.85,Tuning,Defaults,0.7468077540397644,0.2531922459602356
Baseline,XGBoost,0.85,Tuning,Tuning,0.362639844417572,0.637360155582428
Baseline,XGBoost,0.85,Tuning,Tuning,0.0016279816627502441,0.9983720183372498
Baseline,XGBoost,0.85,Tuning,Tuning,0.0005304217338562012,0.9994695782661438
Baseline,XGBoost,0.85,Tuning,Tuning,0.04517906904220581,0.9548209309577942
Baseline,XGBoost,0.85,Tuning,Tuning,0.07916843891143799,0.920831561088562
Baseline,XGBoost,0.85,Defaults,Tuning,0.034160494804382324,0.9658395051956177
Baseline,XGBoost,0.85,Tuning,Defaults,0.9297807216644287,0.07021929323673248
Baseline,XGBoost,0.85,Defaults,Tuning,0.21103250980377197,0.788967490196228
Baseline,XGBoost,0.85,Tuning,Tuning,0.2511039972305298,0.7488960027694702
Baseline,XGBoost,0.85,Tuning,Tuning,0.0367775559425354,0.9632224440574646
Baseline,XGBoost,0.85,Tuning,Tuning,0.36073535680770874,0.6392646431922913
Baseline,XGBoost,0.85,Tuning,Tuning,0.27320730686187744,0.7267926931381226
Baseline,XGBoost,0.85,Tuning,Tuning,0.042451441287994385,0.9575485587120056
Baseline,XGBoost,0.85,Defaults,Tuning,0.01022946834564209,0.9897705316543579
Baseline,XGBoost,0.85,Tuning,Tuning,0.12675654888153076,0.8732434511184692
Baseline,XGBoost,0.85,Defaults,Defaults,0.9640495181083679,0.03595047816634178
Baseline,XGBoost,0.85,Defaults,Defaults,0.9733228087425232,0.02667718566954136
Baseline,XGBoost,0.85,Defaults,Tuning,0.2512710690498352,0.7487289309501648
Baseline,XGBoost,0.85,Defaults,Defaults,0.9688253402709961,0.0311746783554554
Baseline,XGBoost,0.85,Tuning,Tuning,0.05974763631820679,0.9402523636817932
Baseline,XGBoost,0.85,Tuning,Tuning,0.07390892505645752,0.9260910749435425
Baseline,XGBoost,0.85,Tuning,Defaults,0.9173850417137146,0.0826149582862854
Baseline,XGBoost,0.85,Defaults,Defaults,0.7130155563354492,0.28698447346687317
Baseline,XGBoost,0.85,Defaults,Defaults,0.6389581561088562,0.3610418438911438
Baseline,XGBoost,0.85,Defaults,Tuning,0.1461491584777832,0.8538508415222168
Baseline,XGBoost,0.85,Defaults,Defaults,0.886433482170105,0.11356649547815323
Baseline,XGBoost,0.85,Tuning,Defaults,0.7272188663482666,0.272781103849411
Baseline,XGBoost,0.85,Tuning,Tuning,0.08375370502471924,0.9162462949752808
Baseline,XGBoost,0.85,Defaults,Defaults,0.9638275504112244,0.03617246448993683
Baseline,XGBoost,0.85,Tuning,Tuning,0.0012652277946472168,0.9987347722053528
Baseline,XGBoost,0.85,Defaults,Defaults,0.9611101746559143,0.0388898029923439
Baseline,XGBoost,0.85,Tuning,Tuning,0.018087267875671387,0.9819127321243286
Baseline,XGBoost,0.85,Tuning,Tuning,0.0008023381233215332,0.9991976618766785
Baseline,XGBoost,0.85,Defaults,Tuning,0.007785618305206299,0.9922143816947937
Baseline,XGBoost,0.85,Tuning,Tuning,0.027639329433441162,0.9723606705665588
Baseline,XGBoost,0.85,Defaults,Tuning,0.05651122331619263,0.9434887766838074
Baseline,XGBoost,0.85,Tuning,Tuning,0.13980954885482788,0.8601904511451721
Baseline,XGBoost,0.85,Tuning,Tuning,0.0008247494697570801,0.9991752505302429
Baseline,XGBoost,0.85,Tuning,Tuning,0.003620326519012451,0.9963796734809875
Baseline,XGBoost,0.85,Defaults,Defaults,0.814422070980072,0.18557792901992798
Baseline,XGBoost,0.85,Tuning,Tuning,0.3200361728668213,0.6799638271331787
Baseline,XGBoost,0.85,Tuning,Tuning,0.00044995546340942383,0.9995500445365906
Baseline,XGBoost,0.85,Tuning,Tuning,0.0422438383102417,0.9577561616897583
Baseline,XGBoost,0.85,Defaults,Tuning,0.0004937648773193359,0.9995062351226807
Baseline,XGBoost,0.85,Tuning,Tuning,0.23683202266693115,0.7631679773330688
Baseline,XGBoost,0.85,Tuning,Tuning,0.03827202320098877,0.9617279767990112
Baseline,XGBoost,0.85,Tuning,Tuning,0.25618481636047363,0.7438151836395264
Baseline,XGBoost,0.85,Tuning,Tuning,0.0030179619789123535,0.9969820380210876
Baseline,XGBoost,0.85,Tuning,Defaults,0.7168891429901123,0.2831108272075653
Baseline,XGBoost,0.85,Tuning,Tuning,0.0008247494697570801,0.9991752505302429
Baseline,XGBoost,0.85,Tuning,Tuning,0.17482000589370728,0.8251799941062927
Baseline,XGBoost,0.85,Defaults,Defaults,0.5998666286468506,0.400133341550827
Baseline,XGBoost,0.85,Tuning,Tuning,0.0032600760459899902,0.99673992395401
Baseline,XGBoost,0.85,Tuning,Tuning,0.0016151666641235352,0.9983848333358765
Baseline,XGBoost,0.85,Tuning,Tuning,0.0032889842987060547,0.996711015701294
Baseline,XGBoost,0.85,Tuning,Tuning,0.0008559226989746094,0.9991440773010254
Baseline,XGBoost,0.85,Tuning,Tuning,0.0035483837127685547,0.9964516162872314
Baseline,XGBoost,0.85,Tuning,Tuning,0.02381289005279541,0.9761871099472046
Baseline,XGBoost,0.85,Tuning,Defaults,0.9026198387145996,0.09738019108772278
Baseline,XGBoost,0.85,Tuning,Tuning,0.0013170838356018066,0.9986829161643982
Baseline,XGBoost,0.85,Defaults,Tuning,0.07455450296401978,0.9254454970359802
Baseline,XGBoost,0.85,Tuning,Tuning,0.14744704961776733,0.8525529503822327
Baseline,XGBoost,0.85,Defaults,Defaults,0.6781162023544312,0.32188376784324646
Baseline,XGBoost,0.85,Tuning,Tuning,0.08189928531646729,0.9181007146835327
Baseline,XGBoost,0.85,Tuning,Tuning,0.04113239049911499,0.958867609500885
Baseline,XGBoost,0.85,Tuning,Defaults,0.7888085842132568,0.21119138598442078
Baseline,XGBoost,0.85,Tuning,Tuning,0.004798531532287598,0.9952014684677124
Baseline,XGBoost,0.85,Defaults,Tuning,0.13665515184402466,0.8633448481559753
Baseline,XGBoost,0.85,Defaults,Tuning,0.02381300926208496,0.976186990737915
Baseline,XGBoost,0.85,Tuning,Tuning,0.0002632737159729004,0.9997367262840271
Baseline,XGBoost,0.85,Tuning,Tuning,0.0770907998085022,0.9229092001914978
Baseline,XGBoost,0.85,Tuning,Tuning,0.0013113617897033691,0.9986886382102966
Baseline,XGBoost,0.85,Tuning,Tuning,0.0013113617897033691,0.9986886382102966
Baseline,XGBoost,0.85,Tuning,Tuning,0.006566405296325684,0.9934335947036743
Baseline,XGBoost,0.85,Tuning,Tuning,0.0031079649925231934,0.9968920350074768
Baseline,XGBoost,0.85,Tuning,Tuning,0.1317499876022339,0.8682500123977661
Baseline,XGBoost,0.85,Tuning,Tuning,0.012030601501464844,0.9879693984985352
Baseline,XGBoost,0.85,Defaults,Tuning,0.05473637580871582,0.9452636241912842
Baseline,XGBoost,0.85,Tuning,Defaults,0.6261239647865295,0.37387603521347046
Baseline,XGBoost,0.85,Tuning,Defaults,0.9772170186042786,0.02278297208249569
Baseline,XGBoost,0.85,Tuning,Tuning,0.018750905990600586,0.9812490940093994
Baseline,XGBoost,0.85,Tuning,Defaults,0.8908921480178833,0.1091078668832779
Baseline,XGBoost,0.85,Defaults,Tuning,0.3149452209472656,0.6850547790527344
Baseline,XGBoost,0.85,Tuning,Tuning,0.3943835496902466,0.6056164503097534
Baseline,XGBoost,0.85,Tuning,Tuning,0.05091577768325806,0.9490842223167419
Baseline,XGBoost,0.85,Tuning,Tuning,0.0262758731842041,0.9737241268157959
Baseline,XGBoost,0.85,Defaults,Tuning,0.0035051703453063965,0.9964948296546936
Baseline,XGBoost,0.85,Tuning,Tuning,0.06791669130325317,0.9320833086967468
Baseline,XGBoost,0.85,Tuning,Tuning,0.10336822271347046,0.8966317772865295
Baseline,XGBoost,0.85,Tuning,Tuning,0.005811929702758789,0.9941880702972412
Baseline,XGBoost,0.85,Defaults,Defaults,0.9093672037124634,0.09063280373811722
Baseline,XGBoost,0.85,Defaults,Defaults,0.9648349285125732,0.03516504168510437
Baseline,XGBoost,0.85,Tuning,Tuning,0.04063302278518677,0.9593669772148132
Baseline,XGBoost,0.85,Tuning,Tuning,0.03253048658370972,0.9674695134162903
Baseline,XGBoost,0.85,Tuning,Tuning,0.35030317306518555,0.6496968269348145
Baseline,XGBoost,0.85,Defaults,Defaults,0.9036898016929626,0.09631022065877914
Baseline,XGBoost,0.85,Defaults,Tuning,0.12186300754547119,0.8781369924545288
Baseline,XGBoost,0.85,Defaults,Defaults,0.8278292417526245,0.1721707433462143
Baseline,XGBoost,0.85,Tuning,Tuning,0.018627643585205078,0.9813723564147949
Baseline,XGBoost,0.85,Defaults,Defaults,0.8232873678207397,0.17671260237693787
Baseline,XGBoost,0.85,Tuning,Defaults,0.996414840221405,0.00358515209518373
Baseline,XGBoost,0.85,Tuning,Tuning,0.13190561532974243,0.8680943846702576
Baseline,XGBoost,0.85,Defaults,Tuning,0.20772182941436768,0.7922781705856323
Baseline,XGBoost,0.85,Defaults,Tuning,0.04498177766799927,0.9550182223320007
Baseline,XGBoost,0.85,Tuning,Defaults,0.7153659462928772,0.2846340537071228
Baseline,XGBoost,0.85,Tuning,Tuning,0.03566771745681763,0.9643322825431824
Baseline,XGBoost,0.85,Defaults,Defaults,0.732805609703064,0.2671944200992584
Baseline,XGBoost,0.85,Tuning,Tuning,0.1240619421005249,0.8759380578994751
Baseline,XGBoost,0.85,Tuning,Tuning,0.01763373613357544,0.9823662638664246
Baseline,XGBoost,0.85,Tuning,Tuning,0.06509220600128174,0.9349077939987183
Baseline,XGBoost,0.85,Tuning,Tuning,0.06508612632751465,0.9349138736724854
Baseline,XGBoost,0.9,Tuning,Tuning,0.008080899715423584,0.9919191002845764
Baseline,XGBoost,0.9,Tuning,Tuning,0.0003916621208190918,0.9996083378791809
Baseline,XGBoost,0.9,Defaults,Defaults,0.865281343460083,0.1347186267375946
Baseline,XGBoost,0.9,Tuning,Tuning,0.009280085563659668,0.9907199144363403
Baseline,XGBoost,0.9,Tuning,Tuning,0.0059580206871032715,0.9940419793128967
Baseline,XGBoost,0.9,Tuning,Defaults,0.9161316156387329,0.08386839926242828
Baseline,XGBoost,0.9,Tuning,Tuning,0.000553429126739502,0.9994465708732605
Baseline,XGBoost,0.9,Defaults,Tuning,0.09365612268447876,0.9063438773155212
Baseline,XGBoost,0.9,Defaults,Tuning,0.46806013584136963,0.5319398641586304
Baseline,XGBoost,0.9,Tuning,Tuning,0.005007445812225342,0.9949925541877747
Baseline,XGBoost,0.9,Tuning,Tuning,0.0010491609573364258,0.9989508390426636
Baseline,XGBoost,0.9,Defaults,Tuning,0.019382715225219727,0.9806172847747803
Baseline,XGBoost,0.9,Tuning,Tuning,0.0002447962760925293,0.9997552037239075
Baseline,XGBoost,0.9,Tuning,Tuning,0.0005597472190856934,0.9994402527809143
Baseline,XGBoost,0.9,Tuning,Tuning,0.0039650797843933105,0.9960349202156067
Baseline,XGBoost,0.9,Tuning,Tuning,0.0007279515266418457,0.9992720484733582
Baseline,XGBoost,0.9,Defaults,Defaults,0.9954163432121277,0.004583659581840038
Baseline,XGBoost,0.9,Tuning,Tuning,0.042784035205841064,0.9572159647941589
Baseline,XGBoost,0.9,Defaults,Tuning,0.042267441749572754,0.9577325582504272
Baseline,XGBoost,0.9,Tuning,Tuning,0.4533456563949585,0.5466543436050415
Baseline,XGBoost,0.9,Tuning,Tuning,0.11163169145584106,0.8883683085441589
Baseline,XGBoost,0.9,Defaults,Tuning,0.019505977630615234,0.9804940223693848
Baseline,XGBoost,0.9,Tuning,Tuning,0.01638317108154297,0.983616828918457
Baseline,XGBoost,0.9,Tuning,Tuning,0.00935983657836914,0.9906401634216309
Baseline,XGBoost,0.9,Tuning,Tuning,0.0016155242919921875,0.9983844757080078
Baseline,XGBoost,0.9,Tuning,Tuning,0.0011225342750549316,0.9988774657249451
Baseline,XGBoost,0.9,Tuning,Tuning,0.004363596439361572,0.9956364035606384
Baseline,XGBoost,0.9,Tuning,Tuning,0.007298588752746582,0.9927014112472534
Baseline,XGBoost,0.9,Tuning,Tuning,0.0011487007141113281,0.9988512992858887
Baseline,XGBoost,0.9,Tuning,Tuning,0.006165146827697754,0.9938348531723022
Baseline,XGBoost,0.9,Tuning,Tuning,0.000619053840637207,0.9993809461593628
Baseline,XGBoost,0.9,Tuning,Tuning,0.004270493984222412,0.9957295060157776
Baseline,XGBoost,0.9,Defaults,Defaults,0.9511169791221619,0.04888300225138664
Baseline,XGBoost,0.9,Defaults,Tuning,0.30687522888183594,0.6931247711181641
Baseline,XGBoost,0.9,Tuning,Tuning,0.04763531684875488,0.9523646831512451
Baseline,XGBoost,0.9,Tuning,Tuning,0.13662344217300415,0.8633765578269958
Baseline,XGBoost,0.9,Tuning,Tuning,0.16430914402008057,0.8356908559799194
Baseline,XGBoost,0.9,Defaults,Defaults,0.7890135049819946,0.21098652482032776
Baseline,XGBoost,0.9,Tuning,Tuning,0.02348119020462036,0.9765188097953796
Baseline,XGBoost,0.9,Defaults,Defaults,0.947593092918396,0.05240689963102341
Baseline,XGBoost,0.9,Tuning,Tuning,0.029948115348815918,0.9700518846511841
Baseline,XGBoost,0.9,Tuning,Tuning,0.008172750473022461,0.9918272495269775
Baseline,XGBoost,0.9,Tuning,Tuning,0.16121971607208252,0.8387802839279175
Baseline,XGBoost,0.9,Tuning,Tuning,0.00014591217041015625,0.9998540878295898
Baseline,XGBoost,0.9,Tuning,Tuning,0.006149649620056152,0.9938503503799438
Baseline,XGBoost,0.9,Tuning,Tuning,0.0064446330070495605,0.9935553669929504
Baseline,XGBoost,0.9,Tuning,Defaults,0.7686154842376709,0.2313845455646515
Baseline,XGBoost,0.9,Tuning,Tuning,0.005194604396820068,0.9948053956031799
Baseline,XGBoost,0.9,Tuning,Tuning,0.09930580854415894,0.9006941914558411
Baseline,XGBoost,0.9,Tuning,Tuning,0.10186803340911865,0.8981319665908813
Baseline,XGBoost,0.9,Defaults,Tuning,0.03796583414077759,0.9620341658592224
Baseline,XGBoost,0.9,Tuning,Tuning,0.056578874588012695,0.9434211254119873
Baseline,XGBoost,0.9,Tuning,Tuning,0.003916501998901367,0.9960834980010986
Baseline,XGBoost,0.9,Defaults,Tuning,0.058888375759124756,0.9411116242408752
Baseline,XGBoost,0.9,Tuning,Defaults,0.962948739528656,0.03705128654837608
Baseline,XGBoost,0.9,Tuning,Tuning,0.02512037754058838,0.9748796224594116
Baseline,XGBoost,0.9,Tuning,Tuning,0.047531306743621826,0.9524686932563782
Baseline,XGBoost,0.9,Tuning,Defaults,0.7116937041282654,0.2883062958717346
Baseline,XGBoost,0.9,Tuning,Defaults,0.6408146023750305,0.3591853976249695
Baseline,XGBoost,0.9,Tuning,Tuning,0.0017577409744262695,0.9982422590255737
Baseline,XGBoost,0.9,Tuning,Tuning,0.0004754066467285156,0.9995245933532715
Baseline,XGBoost,0.9,Tuning,Tuning,0.020218849182128906,0.9797811508178711
Baseline,XGBoost,0.9,Tuning,Tuning,0.08278942108154297,0.917210578918457
Baseline,XGBoost,0.9,Defaults,Tuning,0.0620613694190979,0.9379386305809021
Baseline,XGBoost,0.9,Tuning,Defaults,0.7398800253868103,0.2601199746131897
Baseline,XGBoost,0.9,Defaults,Defaults,0.5127565860748291,0.4872433841228485
Baseline,XGBoost,0.9,Tuning,Tuning,0.09763383865356445,0.9023661613464355
Baseline,XGBoost,0.9,Tuning,Tuning,0.03618061542510986,0.9638193845748901
Baseline,XGBoost,0.9,Tuning,Defaults,0.5313999652862549,0.4686000347137451
Baseline,XGBoost,0.9,Tuning,Tuning,0.19080650806427002,0.80919349193573
Baseline,XGBoost,0.9,Tuning,Tuning,0.140150785446167,0.859849214553833
Baseline,XGBoost,0.9,Defaults,Tuning,0.006015598773956299,0.9939844012260437
Baseline,XGBoost,0.9,Tuning,Tuning,0.20713907480239868,0.7928609251976013
Baseline,XGBoost,0.9,Defaults,Defaults,0.9819716811180115,0.018028343096375465
Baseline,XGBoost,0.9,Defaults,Defaults,0.9738103151321411,0.026189671829342842
Baseline,XGBoost,0.9,Defaults,Tuning,0.26777184009552,0.73222815990448
Baseline,XGBoost,0.9,Defaults,Defaults,0.9738103151321411,0.026189671829342842
Baseline,XGBoost,0.9,Tuning,Tuning,0.07007455825805664,0.9299254417419434
Baseline,XGBoost,0.9,Tuning,Tuning,0.0456005334854126,0.9543994665145874
Baseline,XGBoost,0.9,Tuning,Defaults,0.9381870627403259,0.061812929809093475
Baseline,XGBoost,0.9,Defaults,Defaults,0.5897112488746643,0.4102887511253357
Baseline,XGBoost,0.9,Defaults,Tuning,0.35656970739364624,0.6434302926063538
Baseline,XGBoost,0.9,Defaults,Tuning,0.1941922903060913,0.8058077096939087
Baseline,XGBoost,0.9,Defaults,Defaults,0.7117389440536499,0.2882610559463501
Baseline,XGBoost,0.9,Tuning,Defaults,0.7622589468955994,0.23774106800556183
Baseline,XGBoost,0.9,Tuning,Tuning,0.07109034061431885,0.9289096593856812
Baseline,XGBoost,0.9,Defaults,Defaults,0.9780609607696533,0.021939018741250038
Baseline,XGBoost,0.9,Tuning,Tuning,0.0007097721099853516,0.9992902278900146
Baseline,XGBoost,0.9,Defaults,Defaults,0.8479178547859192,0.152082160115242
Baseline,XGBoost,0.9,Tuning,Tuning,0.005545914173126221,0.9944540858268738
Baseline,XGBoost,0.9,Tuning,Tuning,0.0006164312362670898,0.9993835687637329
Baseline,XGBoost,0.9,Defaults,Tuning,0.08359032869338989,0.9164096713066101
Baseline,XGBoost,0.9,Tuning,Tuning,0.05289793014526367,0.9471020698547363
Baseline,XGBoost,0.9,Defaults,Tuning,0.05487501621246338,0.9451249837875366
Baseline,XGBoost,0.9,Tuning,Tuning,0.14637064933776855,0.8536293506622314
Baseline,XGBoost,0.9,Tuning,Tuning,0.00206756591796875,0.9979324340820312
Baseline,XGBoost,0.9,Tuning,Tuning,0.012203693389892578,0.9877963066101074
Baseline,XGBoost,0.9,Defaults,Tuning,0.48844194412231445,0.5115580558776855
Baseline,XGBoost,0.9,Tuning,Tuning,0.28378963470458984,0.7162103652954102
Baseline,XGBoost,0.9,Tuning,Tuning,0.0014598369598388672,0.9985401630401611
Baseline,XGBoost,0.9,Tuning,Tuning,0.02389979362487793,0.9761002063751221
Baseline,XGBoost,0.9,Defaults,Tuning,0.0009263753890991211,0.9990736246109009
Baseline,XGBoost,0.9,Tuning,Tuning,0.4045424461364746,0.5954575538635254
Baseline,XGBoost,0.9,Tuning,Tuning,0.032467544078826904,0.9675324559211731
Baseline,XGBoost,0.9,Tuning,Tuning,0.25556403398513794,0.7444359660148621
Baseline,XGBoost,0.9,Tuning,Tuning,0.005432605743408203,0.9945673942565918
Baseline,XGBoost,0.9,Tuning,Defaults,0.5577821731567383,0.4422178268432617
Baseline,XGBoost,0.9,Tuning,Tuning,0.00206756591796875,0.9979324340820312
Baseline,XGBoost,0.9,Tuning,Tuning,0.14042848348617554,0.8595715165138245
Baseline,XGBoost,0.9,Defaults,Tuning,0.4319468140602112,0.5680531859397888
Baseline,XGBoost,0.9,Tuning,Tuning,0.022133290767669678,0.9778667092323303
Baseline,XGBoost,0.9,Tuning,Tuning,0.0019565820693969727,0.998043417930603
Baseline,XGBoost,0.9,Tuning,Tuning,0.002733945846557617,0.9972660541534424
Baseline,XGBoost,0.9,Tuning,Tuning,0.0010275840759277344,0.9989724159240723
Baseline,XGBoost,0.9,Tuning,Tuning,0.005417525768280029,0.99458247423172
Baseline,XGBoost,0.9,Tuning,Tuning,0.04062783718109131,0.9593721628189087
Baseline,XGBoost,0.9,Tuning,Defaults,0.7083230018615723,0.29167699813842773
Baseline,XGBoost,0.9,Tuning,Tuning,0.0026917457580566406,0.9973082542419434
Baseline,XGBoost,0.9,Defaults,Tuning,0.08361315727233887,0.9163868427276611
Baseline,XGBoost,0.9,Tuning,Tuning,0.029296278953552246,0.9707037210464478
Baseline,XGBoost,0.9,Defaults,Defaults,0.9144432544708252,0.08555677533149719
Baseline,XGBoost,0.9,Tuning,Tuning,0.17914026975631714,0.8208597302436829
Baseline,XGBoost,0.9,Tuning,Tuning,0.029022932052612305,0.9709770679473877
Baseline,XGBoost,0.9,Tuning,Tuning,0.353731632232666,0.646268367767334
Baseline,XGBoost,0.9,Tuning,Tuning,0.005976617336273193,0.9940233826637268
Baseline,XGBoost,0.9,Defaults,Tuning,0.06767970323562622,0.9323202967643738
Baseline,XGBoost,0.9,Defaults,Tuning,0.03163647651672363,0.9683635234832764
Baseline,XGBoost,0.9,Tuning,Tuning,0.000857234001159668,0.9991427659988403
Baseline,XGBoost,0.9,Tuning,Tuning,0.3620840311050415,0.6379159688949585
Baseline,XGBoost,0.9,Tuning,Tuning,0.0006646513938903809,0.9993353486061096
Baseline,XGBoost,0.9,Tuning,Tuning,0.0006646513938903809,0.9993353486061096
Baseline,XGBoost,0.9,Tuning,Tuning,0.006584525108337402,0.9934154748916626
Baseline,XGBoost,0.9,Tuning,Tuning,0.003463268280029297,0.9965367317199707
Baseline,XGBoost,0.9,Tuning,Tuning,0.062033236026763916,0.9379667639732361
Baseline,XGBoost,0.9,Tuning,Tuning,0.006252884864807129,0.9937471151351929
Baseline,XGBoost,0.9,Defaults,Tuning,0.07409322261810303,0.925906777381897
Baseline,XGBoost,0.9,Tuning,Defaults,0.911262035369873,0.08873793482780457
Baseline,XGBoost,0.9,Tuning,Defaults,0.9906883835792542,0.009311618283390999
Baseline,XGBoost,0.9,Tuning,Tuning,0.06915771961212158,0.9308422803878784
Baseline,XGBoost,0.9,Tuning,Defaults,0.9406176209449768,0.05938238278031349
Baseline,XGBoost,0.9,Defaults,Tuning,0.09197795391082764,0.9080220460891724
Baseline,XGBoost,0.9,Tuning,Tuning,0.3116825819015503,0.6883174180984497
Baseline,XGBoost,0.9,Tuning,Tuning,0.01628059148788452,0.9837194085121155
Baseline,XGBoost,0.9,Tuning,Tuning,0.049526751041412354,0.9504732489585876
Baseline,XGBoost,0.9,Defaults,Tuning,0.001070559024810791,0.9989294409751892
Baseline,XGBoost,0.9,Tuning,Tuning,0.06927341222763062,0.9307265877723694
Baseline,XGBoost,0.9,Tuning,Tuning,0.08889931440353394,0.9111006855964661
Baseline,XGBoost,0.9,Tuning,Tuning,0.0023503899574279785,0.997649610042572
Baseline,XGBoost,0.9,Defaults,Defaults,0.9379352927207947,0.06206473335623741
Baseline,XGBoost,0.9,Defaults,Defaults,0.8715633749961853,0.1284366399049759
Baseline,XGBoost,0.9,Tuning,Tuning,0.08664149045944214,0.9133585095405579
Baseline,XGBoost,0.9,Tuning,Tuning,0.0430789589881897,0.9569210410118103
Baseline,XGBoost,0.9,Tuning,Tuning,0.4339227080345154,0.5660772919654846
Baseline,XGBoost,0.9,Defaults,Tuning,0.49860548973083496,0.501394510269165
Baseline,XGBoost,0.9,Defaults,Defaults,0.5358010530471802,0.4641989469528198
Baseline,XGBoost,0.9,Defaults,Defaults,0.7211230993270874,0.2788769006729126
Baseline,XGBoost,0.9,Tuning,Tuning,0.03250080347061157,0.9674991965293884
Baseline,XGBoost,0.9,Defaults,Defaults,0.7388491034507751,0.26115089654922485
Baseline,XGBoost,0.9,Tuning,Defaults,0.9987552165985107,0.0012448059860616922
Baseline,XGBoost,0.9,Tuning,Tuning,0.46277207136154175,0.5372279286384583
Baseline,XGBoost,0.9,Defaults,Tuning,0.034448862075805664,0.9655511379241943
Baseline,XGBoost,0.9,Defaults,Tuning,0.08511203527450562,0.9148879647254944
Baseline,XGBoost,0.9,Tuning,Tuning,0.39629071950912476,0.6037092804908752
Baseline,XGBoost,0.9,Tuning,Tuning,0.01903456449508667,0.9809654355049133
Baseline,XGBoost,0.9,Defaults,Tuning,0.45920008420944214,0.5407999157905579
Baseline,XGBoost,0.9,Tuning,Tuning,0.101889967918396,0.898110032081604
Baseline,XGBoost,0.9,Tuning,Tuning,0.16487103700637817,0.8351289629936218
Baseline,XGBoost,0.9,Tuning,Tuning,0.07194727659225464,0.9280527234077454
Baseline,XGBoost,0.9,Tuning,Tuning,0.0892753005027771,0.9107246994972229
Baseline,XGBoost,0.95,Tuning,Tuning,0.006651341915130615,0.9933486580848694
Baseline,XGBoost,0.95,Tuning,Tuning,0.000624239444732666,0.9993757605552673
Baseline,XGBoost,0.95,Defaults,Defaults,0.738880455493927,0.261119544506073
Baseline,XGBoost,0.95,Tuning,Tuning,0.0020824074745178223,0.9979175925254822
Baseline,XGBoost,0.95,Tuning,Tuning,0.0036432743072509766,0.996356725692749
Baseline,XGBoost,0.95,Tuning,Defaults,0.8105602860450745,0.18943972885608673
Baseline,XGBoost,0.95,Tuning,Tuning,0.0011755824089050293,0.998824417591095
Baseline,XGBoost,0.95,Defaults,Tuning,0.060863375663757324,0.9391366243362427
Baseline,XGBoost,0.95,Defaults,Tuning,0.321780800819397,0.678219199180603
Baseline,XGBoost,0.95,Tuning,Tuning,0.007587850093841553,0.9924121499061584
Baseline,XGBoost,0.95,Tuning,Tuning,0.0012073516845703125,0.9987926483154297
Baseline,XGBoost,0.95,Defaults,Tuning,0.022199153900146484,0.9778008460998535
Baseline,XGBoost,0.95,Tuning,Tuning,0.0004532933235168457,0.9995467066764832
Baseline,XGBoost,0.95,Tuning,Tuning,0.0005571246147155762,0.9994428753852844
Baseline,XGBoost,0.95,Tuning,Tuning,0.0031026601791381836,0.9968973398208618
Baseline,XGBoost,0.95,Tuning,Tuning,0.0019118189811706543,0.9980881810188293
Baseline,XGBoost,0.95,Defaults,Defaults,0.9974361062049866,0.0025639066006988287
Baseline,XGBoost,0.95,Tuning,Tuning,0.03632718324661255,0.9636728167533875
Baseline,XGBoost,0.95,Defaults,Tuning,0.10808324813842773,0.8919167518615723
Baseline,XGBoost,0.95,Tuning,Tuning,0.16941076517105103,0.830589234828949
Baseline,XGBoost,0.95,Tuning,Tuning,0.1189466118812561,0.8810533881187439
Baseline,XGBoost,0.95,Defaults,Tuning,0.07981044054031372,0.9201895594596863
Baseline,XGBoost,0.95,Tuning,Tuning,0.006097674369812012,0.993902325630188
Baseline,XGBoost,0.95,Tuning,Tuning,0.009310007095336914,0.9906899929046631
Baseline,XGBoost,0.95,Tuning,Tuning,0.0012686848640441895,0.9987313151359558
Baseline,XGBoost,0.95,Tuning,Tuning,0.0006299614906311035,0.9993700385093689
Baseline,XGBoost,0.95,Tuning,Tuning,0.006961643695831299,0.9930383563041687
Baseline,XGBoost,0.95,Tuning,Tuning,0.016733765602111816,0.9832662343978882
Baseline,XGBoost,0.95,Tuning,Tuning,0.0019325613975524902,0.9980674386024475
Baseline,XGBoost,0.95,Tuning,Tuning,0.004032015800476074,0.9959679841995239
Baseline,XGBoost,0.95,Tuning,Tuning,0.0011986494064331055,0.9988013505935669
Baseline,XGBoost,0.95,Tuning,Tuning,0.005916774272918701,0.9940832257270813
Baseline,XGBoost,0.95,Defaults,Defaults,0.975178062915802,0.024821927770972252
Baseline,XGBoost,0.95,Defaults,Tuning,0.4739038348197937,0.5260961651802063
Baseline,XGBoost,0.95,Tuning,Tuning,0.011701703071594238,0.9882982969284058
Baseline,XGBoost,0.95,Tuning,Tuning,0.05487680435180664,0.9451231956481934
Baseline,XGBoost,0.95,Tuning,Tuning,0.06946897506713867,0.9305310249328613
Baseline,XGBoost,0.95,Defaults,Defaults,0.6621043086051941,0.3378956913948059
Baseline,XGBoost,0.95,Tuning,Tuning,0.060003578662872314,0.9399964213371277
Baseline,XGBoost,0.95,Defaults,Defaults,0.9576281905174255,0.04237181693315506
Baseline,XGBoost,0.95,Tuning,Tuning,0.01548779010772705,0.984512209892273
Baseline,XGBoost,0.95,Tuning,Tuning,0.012144744396209717,0.9878552556037903
Baseline,XGBoost,0.95,Tuning,Tuning,0.12587928771972656,0.8741207122802734
Baseline,XGBoost,0.95,Tuning,Tuning,0.00020498037338256836,0.9997950196266174
Baseline,XGBoost,0.95,Tuning,Tuning,0.00978022813796997,0.99021977186203
Baseline,XGBoost,0.95,Tuning,Tuning,0.009791910648345947,0.990208089351654
Baseline,XGBoost,0.95,Tuning,Defaults,0.8233715295791626,0.1766284853219986
Baseline,XGBoost,0.95,Tuning,Tuning,0.007495999336242676,0.9925040006637573
Baseline,XGBoost,0.95,Tuning,Tuning,0.08604401350021362,0.9139559864997864
Baseline,XGBoost,0.95,Tuning,Tuning,0.055895447731018066,0.9441045522689819
Baseline,XGBoost,0.95,Defaults,Tuning,0.06410598754882812,0.9358940124511719
Baseline,XGBoost,0.95,Tuning,Tuning,0.006970584392547607,0.9930294156074524
Baseline,XGBoost,0.95,Tuning,Tuning,0.00544583797454834,0.9945541620254517
Baseline,XGBoost,0.95,Defaults,Tuning,0.029783189296722412,0.9702168107032776
Baseline,XGBoost,0.95,Tuning,Defaults,0.9545794129371643,0.04542060196399689
Baseline,XGBoost,0.95,Tuning,Tuning,0.04648244380950928,0.9535175561904907
Baseline,XGBoost,0.95,Tuning,Tuning,0.020699143409729004,0.979300856590271
Baseline,XGBoost,0.95,Tuning,Tuning,0.40884506702423096,0.591154932975769
Baseline,XGBoost,0.95,Tuning,Tuning,0.286981463432312,0.713018536567688
Baseline,XGBoost,0.95,Tuning,Tuning,0.002080261707305908,0.9979197382926941
Baseline,XGBoost,0.95,Tuning,Tuning,0.002706587314605713,0.9972934126853943
Baseline,XGBoost,0.95,Tuning,Tuning,0.054136812686920166,0.9458631873130798
Baseline,XGBoost,0.95,Tuning,Tuning,0.09572023153305054,0.9042797684669495
Baseline,XGBoost,0.95,Defaults,Tuning,0.02448868751525879,0.9755113124847412
Baseline,XGBoost,0.95,Tuning,Defaults,0.9009453058242798,0.0990547239780426
Baseline,XGBoost,0.95,Defaults,Tuning,0.42997831106185913,0.5700216889381409
Baseline,XGBoost,0.95,Tuning,Tuning,0.1075284481048584,0.8924715518951416
Baseline,XGBoost,0.95,Tuning,Tuning,0.10827410221099854,0.8917258977890015
Baseline,XGBoost,0.95,Tuning,Defaults,0.8198491334915161,0.18015088140964508
Baseline,XGBoost,0.95,Tuning,Tuning,0.20640265941619873,0.7935973405838013
Baseline,XGBoost,0.95,Tuning,Tuning,0.15339422225952148,0.8466057777404785
Baseline,XGBoost,0.95,Defaults,Tuning,0.018197476863861084,0.9818025231361389
Baseline,XGBoost,0.95,Tuning,Tuning,0.22308027744293213,0.7769197225570679
Baseline,XGBoost,0.95,Defaults,Defaults,0.9668089151382446,0.033191077411174774
Baseline,XGBoost,0.95,Defaults,Defaults,0.965697169303894,0.03430281579494476
Baseline,XGBoost,0.95,Defaults,Tuning,0.3272674083709717,0.6727325916290283
Baseline,XGBoost,0.95,Defaults,Defaults,0.9710936546325684,0.028906315565109253
Baseline,XGBoost,0.95,Tuning,Tuning,0.05494368076324463,0.9450563192367554
Baseline,XGBoost,0.95,Tuning,Tuning,0.0569533109664917,0.9430466890335083
Baseline,XGBoost,0.95,Tuning,Defaults,0.8738299012184143,0.1261700838804245
Baseline,XGBoost,0.95,Defaults,Defaults,0.6114369630813599,0.38856300711631775
Baseline,XGBoost,0.95,Defaults,Defaults,0.5655838251113892,0.4344162046909332
Baseline,XGBoost,0.95,Defaults,Tuning,0.04735630750656128,0.9526436924934387
Baseline,XGBoost,0.95,Defaults,Defaults,0.7829639315605164,0.21703606843948364
Baseline,XGBoost,0.95,Tuning,Defaults,0.8914822340011597,0.10851774364709854
Baseline,XGBoost,0.95,Tuning,Tuning,0.10788917541503906,0.8921108245849609
Baseline,XGBoost,0.95,Defaults,Defaults,0.9758259057998657,0.024174105376005173
Baseline,XGBoost,0.95,Tuning,Tuning,0.0006787776947021484,0.9993212223052979
Baseline,XGBoost,0.95,Defaults,Defaults,0.8069874048233032,0.19301261007785797
Baseline,XGBoost,0.95,Tuning,Tuning,0.007560610771179199,0.9924393892288208
Baseline,XGBoost,0.95,Tuning,Tuning,0.0005958080291748047,0.9994041919708252
Baseline,XGBoost,0.95,Defaults,Tuning,0.020323216915130615,0.9796767830848694
Baseline,XGBoost,0.95,Tuning,Tuning,0.054887592792510986,0.945112407207489
Baseline,XGBoost,0.95,Defaults,Tuning,0.08390718698501587,0.9160928130149841
Baseline,XGBoost,0.95,Tuning,Tuning,0.05775398015975952,0.9422460198402405
Baseline,XGBoost,0.95,Tuning,Tuning,0.0024561285972595215,0.9975438714027405
Baseline,XGBoost,0.95,Tuning,Tuning,0.012303650379180908,0.9876963496208191
Baseline,XGBoost,0.95,Defaults,Defaults,0.7880837917327881,0.21191620826721191
Baseline,XGBoost,0.95,Tuning,Defaults,0.6201176643371582,0.3798823356628418
Baseline,XGBoost,0.95,Tuning,Tuning,0.0005628466606140137,0.999437153339386
Baseline,XGBoost,0.95,Tuning,Tuning,0.01587855815887451,0.9841214418411255
Baseline,XGBoost,0.95,Defaults,Tuning,0.0005736351013183594,0.9994263648986816
Baseline,XGBoost,0.95,Tuning,Tuning,0.381463885307312,0.618536114692688
Baseline,XGBoost,0.95,Tuning,Tuning,0.09851723909378052,0.9014827609062195
Baseline,XGBoost,0.95,Tuning,Tuning,0.4662799835205078,0.5337200164794922
Baseline,XGBoost,0.95,Tuning,Tuning,0.011488676071166992,0.988511323928833
Baseline,XGBoost,0.95,Tuning,Defaults,0.6296512484550476,0.3703487515449524
Baseline,XGBoost,0.95,Tuning,Tuning,0.0024561285972595215,0.9975438714027405
Baseline,XGBoost,0.95,Tuning,Tuning,0.16646099090576172,0.8335390090942383
Baseline,XGBoost,0.95,Defaults,Tuning,0.2504931688308716,0.7495068311691284
Baseline,XGBoost,0.95,Tuning,Tuning,0.008165955543518066,0.9918340444564819
Baseline,XGBoost,0.95,Tuning,Tuning,0.0033080577850341797,0.9966919422149658
Baseline,XGBoost,0.95,Tuning,Tuning,0.001784205436706543,0.9982157945632935
Baseline,XGBoost,0.95,Tuning,Tuning,0.0010963678359985352,0.9989036321640015
Baseline,XGBoost,0.95,Tuning,Tuning,0.002318263053894043,0.997681736946106
Baseline,XGBoost,0.95,Tuning,Tuning,0.0862497091293335,0.9137502908706665
Baseline,XGBoost,0.95,Tuning,Defaults,0.7713340520858765,0.22866596281528473
Baseline,XGBoost,0.95,Tuning,Tuning,0.0015017986297607422,0.9984982013702393
Baseline,XGBoost,0.95,Defaults,Tuning,0.4197695255279541,0.5802304744720459
Baseline,XGBoost,0.95,Tuning,Tuning,0.03871965408325195,0.961280345916748
Baseline,XGBoost,0.95,Defaults,Defaults,0.7180928587913513,0.2819071412086487
Baseline,XGBoost,0.95,Tuning,Tuning,0.1231566071510315,0.8768433928489685
Baseline,XGBoost,0.95,Tuning,Tuning,0.020604372024536133,0.9793956279754639
Baseline,XGBoost,0.95,Tuning,Defaults,0.901088297367096,0.09891171008348465
Baseline,XGBoost,0.95,Tuning,Tuning,0.003853321075439453,0.9961466789245605
Baseline,XGBoost,0.95,Defaults,Tuning,0.06541770696640015,0.9345822930335999
Baseline,XGBoost,0.95,Defaults,Tuning,0.006867349147796631,0.9931326508522034
Baseline,XGBoost,0.95,Tuning,Tuning,0.0009744167327880859,0.9990255832672119
Baseline,XGBoost,0.95,Tuning,Tuning,0.30483734607696533,0.6951626539230347
Baseline,XGBoost,0.95,Tuning,Tuning,0.0010048747062683105,0.9989951252937317
Baseline,XGBoost,0.95,Tuning,Tuning,0.0010048747062683105,0.9989951252937317
Baseline,XGBoost,0.95,Tuning,Tuning,0.004409074783325195,0.9955909252166748
Baseline,XGBoost,0.95,Tuning,Tuning,0.0037883520126342773,0.9962116479873657
Baseline,XGBoost,0.95,Tuning,Tuning,0.0744333267211914,0.9255666732788086
Baseline,XGBoost,0.95,Tuning,Tuning,0.012991487979888916,0.9870085120201111
Baseline,XGBoost,0.95,Defaults,Tuning,0.06832093000411987,0.9316790699958801
Baseline,XGBoost,0.95,Tuning,Defaults,0.977191686630249,0.02280830591917038
Baseline,XGBoost,0.95,Tuning,Defaults,0.9860008955001831,0.013999110087752342
Baseline,XGBoost,0.95,Tuning,Tuning,0.013756215572357178,0.9862437844276428
Baseline,XGBoost,0.95,Tuning,Defaults,0.9450989961624146,0.05490099638700485
Baseline,XGBoost,0.95,Defaults,Tuning,0.0847591757774353,0.9152408242225647
Baseline,XGBoost,0.95,Tuning,Defaults,0.6744874715805054,0.325512558221817
Baseline,XGBoost,0.95,Tuning,Tuning,0.015110611915588379,0.9848893880844116
Baseline,XGBoost,0.95,Tuning,Tuning,0.013539791107177734,0.9864602088928223
Baseline,XGBoost,0.95,Defaults,Tuning,0.0019056200981140137,0.998094379901886
Baseline,XGBoost,0.95,Tuning,Tuning,0.019346415996551514,0.9806535840034485
Baseline,XGBoost,0.95,Tuning,Tuning,0.2734507918357849,0.7265492081642151
Baseline,XGBoost,0.95,Tuning,Tuning,0.0033853650093078613,0.9966146349906921
Baseline,XGBoost,0.95,Defaults,Defaults,0.8092405200004578,0.19075947999954224
Baseline,XGBoost,0.95,Defaults,Defaults,0.8665551543235779,0.13344484567642212
Baseline,XGBoost,0.95,Tuning,Tuning,0.09355401992797852,0.9064459800720215
Baseline,XGBoost,0.95,Tuning,Tuning,0.07822233438491821,0.9217776656150818
Baseline,XGBoost,0.95,Tuning,Tuning,0.2899590730667114,0.7100409269332886
Baseline,XGBoost,0.95,Defaults,Defaults,0.7329205274581909,0.2670794725418091
Baseline,XGBoost,0.95,Defaults,Defaults,0.7371825575828552,0.2628174424171448
Baseline,XGBoost,0.95,Defaults,Defaults,0.5987893342971802,0.40121063590049744
Baseline,XGBoost,0.95,Tuning,Tuning,0.019914567470550537,0.9800854325294495
Baseline,XGBoost,0.95,Defaults,Defaults,0.8183202743530273,0.18167969584465027
Baseline,XGBoost,0.95,Tuning,Defaults,0.9974393248558044,0.0025606893468648195
Baseline,XGBoost,0.95,Tuning,Defaults,0.8866796493530273,0.11332036554813385
Baseline,XGBoost,0.95,Defaults,Tuning,0.04004389047622681,0.9599561095237732
Baseline,XGBoost,0.95,Defaults,Tuning,0.025381922721862793,0.9746180772781372
Baseline,XGBoost,0.95,Tuning,Defaults,0.5798832178115845,0.42011675238609314
Baseline,XGBoost,0.95,Tuning,Tuning,0.01804131269454956,0.9819586873054504
Baseline,XGBoost,0.95,Defaults,Defaults,0.8632010817527771,0.1367989033460617
Baseline,XGBoost,0.95,Tuning,Tuning,0.07027894258499146,0.9297210574150085
Baseline,XGBoost,0.95,Tuning,Tuning,0.033010005950927734,0.9669899940490723
Baseline,XGBoost,0.95,Tuning,Tuning,0.05431020259857178,0.9456897974014282
Baseline,XGBoost,0.95,Tuning,Tuning,0.017288386821746826,0.9827116131782532
Ela_metadataset,SVM_Linear,0.8,Tuning,Tuning,0.35815239340249266,0.6418476065975075
Ela_metadataset,SVM_Linear,0.8,Tuning,Tuning,0.1657300716507549,0.8342699283492452
Ela_metadataset,SVM_Linear,0.8,Defaults,Tuning,0.47011352476882706,0.5298864752311729
Ela_metadataset,SVM_Linear,0.8,Tuning,Tuning,0.20925142202262895,0.7907485779773711
Ela_metadataset,SVM_Linear,0.8,Tuning,Tuning,0.09233356397848952,0.9076664360215104
Ela_metadataset,SVM_Linear,0.8,Tuning,Tuning,0.33430361011630305,0.6656963898836966
Ela_metadataset,SVM_Linear,0.8,Tuning,Tuning,0.14941733557610465,0.8505826644238954
Ela_metadataset,SVM_Linear,0.8,Defaults,Tuning,0.3009985056451155,0.6990014943548847
Ela_metadataset,SVM_Linear,0.8,Defaults,Tuning,0.40093082566147537,0.5990691743385246
Ela_metadataset,SVM_Linear,0.8,Tuning,Tuning,0.27832017116221985,0.7216798288377801
Ela_metadataset,SVM_Linear,0.8,Tuning,Tuning,0.16149082026416905,0.8385091797358311
Ela_metadataset,SVM_Linear,0.8,Defaults,Tuning,0.30035905556498477,0.6996409444350151
Ela_metadataset,SVM_Linear,0.8,Tuning,Tuning,0.2912169444539279,0.708783055546072
Ela_metadataset,SVM_Linear,0.8,Tuning,Defaults,0.5187131425728756,0.48128685742712424
Ela_metadataset,SVM_Linear,0.8,Tuning,Tuning,0.0073677008946256735,0.9926322991053744
Ela_metadataset,SVM_Linear,0.8,Tuning,Tuning,0.1288592752762452,0.8711407247237549
Ela_metadataset,SVM_Linear,0.8,Defaults,Tuning,0.458777961442813,0.5412220385571868
Ela_metadataset,SVM_Linear,0.8,Tuning,Tuning,0.080095941063306,0.9199040589366939
Ela_metadataset,SVM_Linear,0.8,Defaults,Tuning,0.3961133388343416,0.6038866611656584
Ela_metadataset,SVM_Linear,0.8,Tuning,Defaults,0.6887426336212494,0.3112573663787507
Ela_metadataset,SVM_Linear,0.8,Tuning,Tuning,0.27599969441049355,0.7240003055895063
Ela_metadataset,SVM_Linear,0.8,Defaults,Tuning,0.4505532430361688,0.5494467569638313
Ela_metadataset,SVM_Linear,0.8,Tuning,Tuning,0.3534559979051418,0.6465440020948584
Ela_metadataset,SVM_Linear,0.8,Tuning,Tuning,0.20452942303430602,0.7954705769656941
Ela_metadataset,SVM_Linear,0.8,Tuning,Tuning,0.2048661740376549,0.7951338259623452
Ela_metadataset,SVM_Linear,0.8,Tuning,Tuning,0.18128567017843938,0.8187143298215604
Ela_metadataset,SVM_Linear,0.8,Tuning,Tuning,0.15343420113324133,0.8465657988667585
Ela_metadataset,SVM_Linear,0.8,Tuning,Tuning,0.16990293905287454,0.8300970609471257
Ela_metadataset,SVM_Linear,0.8,Tuning,Tuning,0.11248362781617463,0.8875163721838254
Ela_metadataset,SVM_Linear,0.8,Tuning,Tuning,0.26881484623900465,0.7311851537609952
Ela_metadataset,SVM_Linear,0.8,Tuning,Tuning,0.03005273951619877,0.9699472604838013
Ela_metadataset,SVM_Linear,0.8,Tuning,Tuning,0.17518899671577975,0.8248110032842203
Ela_metadataset,SVM_Linear,0.8,Defaults,Defaults,0.5,0.5
Ela_metadataset,SVM_Linear,0.8,Defaults,Tuning,0.47783515835424906,0.5221648416457512
Ela_metadataset,SVM_Linear,0.8,Tuning,Tuning,0.14412876450080458,0.8558712354991953
Ela_metadataset,SVM_Linear,0.8,Tuning,Tuning,0.1488651784600762,0.8511348215399237
Ela_metadataset,SVM_Linear,0.8,Tuning,Tuning,0.16833107471396694,0.8316689252860331
Ela_metadataset,SVM_Linear,0.8,Defaults,Tuning,0.00575787976662207,0.9942421202333777
Ela_metadataset,SVM_Linear,0.8,Tuning,Tuning,0.2060594008148529,0.7939405991851471
Ela_metadataset,SVM_Linear,0.8,Defaults,Tuning,0.4261185778849332,0.5738814221150668
Ela_metadataset,SVM_Linear,0.8,Tuning,Tuning,0.1215230339953502,0.87847696600465
Ela_metadataset,SVM_Linear,0.8,Tuning,Tuning,0.02860255763017726,0.9713974423698227
Ela_metadataset,SVM_Linear,0.8,Tuning,Tuning,0.1536826932109098,0.8463173067890901
Ela_metadataset,SVM_Linear,0.8,Tuning,Tuning,0.16487415829089416,0.8351258417091061
Ela_metadataset,SVM_Linear,0.8,Tuning,Tuning,0.0713207363439828,0.9286792636560174
Ela_metadataset,SVM_Linear,0.8,Tuning,Tuning,0.2812579694622812,0.7187420305377191
Ela_metadataset,SVM_Linear,0.8,Tuning,Tuning,0.3066642906083404,0.6933357093916596
Ela_metadataset,SVM_Linear,0.8,Tuning,Tuning,0.2731857656326487,0.7268142343673515
Ela_metadataset,SVM_Linear,0.8,Tuning,Tuning,0.40623321738925977,0.5937667826107401
Ela_metadataset,SVM_Linear,0.8,Tuning,Tuning,0.16910084588551288,0.8308991541144871
Ela_metadataset,SVM_Linear,0.8,Defaults,Tuning,0.2893358856073002,0.7106641143926996
Ela_metadataset,SVM_Linear,0.8,Tuning,Tuning,0.2351472425282872,0.7648527574717129
Ela_metadataset,SVM_Linear,0.8,Tuning,Tuning,0.10639745942452832,0.8936025405754716
Ela_metadataset,SVM_Linear,0.8,Defaults,Tuning,0.20730085626310377,0.7926991437368963
Ela_metadataset,SVM_Linear,0.8,Tuning,Tuning,0.3157835473618368,0.6842164526381631
Ela_metadataset,SVM_Linear,0.8,Tuning,Tuning,0.394361825079718,0.6056381749202819
Ela_metadataset,SVM_Linear,0.8,Tuning,Tuning,0.07365039418614609,0.926349605813854
Ela_metadataset,SVM_Linear,0.8,Tuning,Tuning,0.36768509697225515,0.6323149030277448
Ela_metadataset,SVM_Linear,0.8,Tuning,Tuning,0.23094151955157022,0.7690584804484298
Ela_metadataset,SVM_Linear,0.8,Tuning,Tuning,0.12971566967315867,0.8702843303268413
Ela_metadataset,SVM_Linear,0.8,Tuning,Tuning,0.25965233023905154,0.7403476697609485
Ela_metadataset,SVM_Linear,0.8,Tuning,Tuning,0.3497401253391465,0.6502598746608536
Ela_metadataset,SVM_Linear,0.8,Tuning,Tuning,0.22935011479270317,0.7706498852072966
Ela_metadataset,SVM_Linear,0.8,Defaults,Tuning,0.3899546630431654,0.6100453369568346
Ela_metadataset,SVM_Linear,0.8,Tuning,Tuning,0.3565597442049455,0.6434402557950544
Ela_metadataset,SVM_Linear,0.8,Defaults,Tuning,0.46755207415547156,0.5324479258445284
Ela_metadataset,SVM_Linear,0.8,Tuning,Tuning,0.24257309906971267,0.7574269009302874
Ela_metadataset,SVM_Linear,0.8,Tuning,Tuning,0.1640160667686565,0.8359839332313436
Ela_metadataset,SVM_Linear,0.8,Tuning,Tuning,0.36181017254843595,0.6381898274515642
Ela_metadataset,SVM_Linear,0.8,Tuning,Tuning,0.4021428104448949,0.5978571895551051
Ela_metadataset,SVM_Linear,0.8,Tuning,Tuning,0.45507581586155305,0.5449241841384468
Ela_metadataset,SVM_Linear,0.8,Defaults,Tuning,0.35265851486949024,0.6473414851305097
Ela_metadataset,SVM_Linear,0.8,Tuning,Tuning,0.360722388721633,0.639277611278367
Ela_metadataset,SVM_Linear,0.8,Defaults,Tuning,0.3597435058459609,0.6402564941540392
Ela_metadataset,SVM_Linear,0.8,Defaults,Tuning,0.331412051578123,0.6685879484218769
Ela_metadataset,SVM_Linear,0.8,Defaults,Tuning,0.28144645516897615,0.718553544831024
Ela_metadataset,SVM_Linear,0.8,Defaults,Tuning,0.40829172350765075,0.5917082764923491
Ela_metadataset,SVM_Linear,0.8,Tuning,Tuning,0.12772186671901423,0.8722781332809858
Ela_metadataset,SVM_Linear,0.8,Tuning,Tuning,0.13694980965987869,0.8630501903401212
Ela_metadataset,SVM_Linear,0.8,Tuning,Tuning,0.2592652805187119,0.7407347194812879
Ela_metadataset,SVM_Linear,0.8,Defaults,Tuning,0.335346176439922,0.664653823560078
Ela_metadataset,SVM_Linear,0.8,Defaults,Tuning,0.32237967483869007,0.6776203251613102
Ela_metadataset,SVM_Linear,0.8,Defaults,Tuning,0.39701110541810986,0.6029888945818901
Ela_metadataset,SVM_Linear,0.8,Defaults,Tuning,0.45757013943529584,0.5424298605647041
Ela_metadataset,SVM_Linear,0.8,Tuning,Tuning,0.32943618528540086,0.670563814714599
Ela_metadataset,SVM_Linear,0.8,Tuning,Tuning,0.3853517999082022,0.6146482000917978
Ela_metadataset,SVM_Linear,0.8,Defaults,Tuning,0.4366002025454994,0.5633997974545006
Ela_metadataset,SVM_Linear,0.8,Tuning,Tuning,0.30926687790639823,0.6907331220936015
Ela_metadataset,SVM_Linear,0.8,Defaults,Tuning,0.32462423590928274,0.6753757640907173
Ela_metadataset,SVM_Linear,0.8,Tuning,Tuning,0.057196416765556306,0.9428035832344439
Ela_metadataset,SVM_Linear,0.8,Tuning,Tuning,0.2772813473421151,0.7227186526578847
Ela_metadataset,SVM_Linear,0.8,Defaults,Defaults,0.5,0.5
Ela_metadataset,SVM_Linear,0.8,Tuning,Tuning,0.28587692223347744,0.7141230777665223
Ela_metadataset,SVM_Linear,0.8,Defaults,Tuning,0.41228536806567945,0.5877146319343204
Ela_metadataset,SVM_Linear,0.8,Tuning,Tuning,0.18206231103540813,0.8179376889645921
Ela_metadataset,SVM_Linear,0.8,Tuning,Tuning,0.15442252010279245,0.8455774798972078
Ela_metadataset,SVM_Linear,0.8,Tuning,Tuning,0.3551134047990502,0.6448865952009502
Ela_metadataset,SVM_Linear,0.8,Defaults,Tuning,0.25405076447124697,0.7459492355287529
Ela_metadataset,SVM_Linear,0.8,Tuning,Tuning,0.11501763607986619,0.8849823639201337
Ela_metadataset,SVM_Linear,0.8,Tuning,Tuning,0.34680872938463125,0.6531912706153686
Ela_metadataset,SVM_Linear,0.8,Tuning,Tuning,0.11979120829804636,0.8802087917019538
Ela_metadataset,SVM_Linear,0.8,Defaults,Tuning,0.19322978971840277,0.8067702102815973
Ela_metadataset,SVM_Linear,0.8,Tuning,Tuning,0.05880478532532271,0.9411952146746773
Ela_metadataset,SVM_Linear,0.8,Tuning,Tuning,0.2650869716360559,0.7349130283639443
Ela_metadataset,SVM_Linear,0.8,Tuning,Tuning,0.06612687221453464,0.9338731277854656
Ela_metadataset,SVM_Linear,0.8,Tuning,Tuning,0.11562685982816161,0.8843731401718385
Ela_metadataset,SVM_Linear,0.8,Tuning,Defaults,0.5173542610372751,0.482645738962725
Ela_metadataset,SVM_Linear,0.8,Tuning,Defaults,0.5199117865901225,0.48008821340987745
Ela_metadataset,SVM_Linear,0.8,Tuning,Tuning,0.12554347612456945,0.8744565238754307
Ela_metadataset,SVM_Linear,0.8,Defaults,Tuning,0.35362117760801925,0.6463788223919806
Ela_metadataset,SVM_Linear,0.8,Tuning,Tuning,0.10830954531815333,0.8916904546818466
Ela_metadataset,SVM_Linear,0.8,Tuning,Tuning,0.22236256732383924,0.7776374326761606
Ela_metadataset,SVM_Linear,0.8,Tuning,Tuning,0.33610980614439223,0.6638901938556075
Ela_metadataset,SVM_Linear,0.8,Tuning,Tuning,0.2715010574168719,0.728498942583128
Ela_metadataset,SVM_Linear,0.8,Tuning,Tuning,0.016116566218984926,0.9838834337810151
Ela_metadataset,SVM_Linear,0.8,Tuning,Tuning,0.2614405431897363,0.7385594568102637
Ela_metadataset,SVM_Linear,0.8,Tuning,Defaults,0.6460386382361805,0.35396136176381954
Ela_metadataset,SVM_Linear,0.8,Tuning,Tuning,0.1817709517840925,0.8182290482159075
Ela_metadataset,SVM_Linear,0.8,Defaults,Defaults,0.6107525992625591,0.3892474007374408
Ela_metadataset,SVM_Linear,0.8,Tuning,Tuning,0.02355179958646903,0.976448200413531
Ela_metadataset,SVM_Linear,0.8,Defaults,Tuning,0.24291506388983256,0.7570849361101675
Ela_metadataset,SVM_Linear,0.8,Tuning,Tuning,0.14489670186952544,0.8551032981304746
Ela_metadataset,SVM_Linear,0.8,Tuning,Tuning,0.4169369696375097,0.5830630303624903
Ela_metadataset,SVM_Linear,0.8,Tuning,Tuning,0.08303115361954613,0.9169688463804538
Ela_metadataset,SVM_Linear,0.8,Tuning,Tuning,0.1110179020310976,0.8889820979689024
Ela_metadataset,SVM_Linear,0.8,Defaults,Tuning,0.2740340117437154,0.7259659882562846
Ela_metadataset,SVM_Linear,0.8,Defaults,Tuning,0.4111263716622862,0.5888736283377137
Ela_metadataset,SVM_Linear,0.8,Tuning,Tuning,0.21058294889772164,0.7894170511022783
Ela_metadataset,SVM_Linear,0.8,Tuning,Tuning,0.20876504990130562,0.7912349500986944
Ela_metadataset,SVM_Linear,0.8,Tuning,Tuning,0.3822432294751423,0.6177567705248578
Ela_metadataset,SVM_Linear,0.8,Tuning,Tuning,0.37747400213697985,0.62252599786302
Ela_metadataset,SVM_Linear,0.8,Tuning,Tuning,0.21336485360411322,0.7866351463958868
Ela_metadataset,SVM_Linear,0.8,Tuning,Tuning,0.10113449757181991,0.8988655024281802
Ela_metadataset,SVM_Linear,0.8,Tuning,Tuning,0.1925820534572214,0.8074179465427788
Ela_metadataset,SVM_Linear,0.8,Tuning,Tuning,0.3471278092331716,0.6528721907668285
Ela_metadataset,SVM_Linear,0.8,Defaults,Tuning,0.21656631275227603,0.783433687247724
Ela_metadataset,SVM_Linear,0.8,Tuning,Tuning,0.3060598961187875,0.6939401038812126
Ela_metadataset,SVM_Linear,0.8,Tuning,Tuning,0.45726739856430815,0.5427326014356918
Ela_metadataset,SVM_Linear,0.8,Tuning,Tuning,0.1330577666871294,0.8669422333128708
Ela_metadataset,SVM_Linear,0.8,Tuning,Tuning,0.2646407230006192,0.7353592769993808
Ela_metadataset,SVM_Linear,0.8,Defaults,Tuning,0.1854617176988173,0.8145382823011826
Ela_metadataset,SVM_Linear,0.8,Tuning,Tuning,0.10179586828366262,0.8982041317163374
Ela_metadataset,SVM_Linear,0.8,Tuning,Tuning,0.11920171905476061,0.8807982809452396
Ela_metadataset,SVM_Linear,0.8,Tuning,Tuning,0.044657395864626755,0.9553426041353734
Ela_metadataset,SVM_Linear,0.8,Defaults,Tuning,0.12822955386957285,0.8717704461304271
Ela_metadataset,SVM_Linear,0.8,Tuning,Tuning,0.17480541842527603,0.8251945815747238
Ela_metadataset,SVM_Linear,0.8,Tuning,Tuning,0.30155497736886516,0.6984450226311347
Ela_metadataset,SVM_Linear,0.8,Tuning,Tuning,0.0889312911488659,0.911068708851134
Ela_metadataset,SVM_Linear,0.8,Defaults,Defaults,0.6464424186567646,0.35355758134323556
Ela_metadataset,SVM_Linear,0.8,Defaults,Tuning,0.46312737778865215,0.5368726222113478
Ela_metadataset,SVM_Linear,0.8,Tuning,Defaults,0.9128402479227463,0.08715975207725365
Ela_metadataset,SVM_Linear,0.8,Tuning,Tuning,0.14797005324740253,0.8520299467525974
Ela_metadataset,SVM_Linear,0.8,Tuning,Tuning,0.154460811835741,0.845539188164259
Ela_metadataset,SVM_Linear,0.8,Defaults,Tuning,0.2829102828190091,0.7170897171809908
Ela_metadataset,SVM_Linear,0.8,Defaults,Tuning,0.33663066527717006,0.6633693347228299
Ela_metadataset,SVM_Linear,0.8,Defaults,Defaults,0.5202940481738084,0.4797059518261915
Ela_metadataset,SVM_Linear,0.8,Tuning,Tuning,0.1535886147631088,0.846411385236891
Ela_metadataset,SVM_Linear,0.8,Defaults,Defaults,0.7029774476295223,0.2970225523704778
Ela_metadataset,SVM_Linear,0.8,Tuning,Tuning,0.3516745084563175,0.6483254915436825
Ela_metadataset,SVM_Linear,0.8,Tuning,Tuning,0.07751968784558891,0.922480312154411
Ela_metadataset,SVM_Linear,0.8,Defaults,Tuning,0.39515422726354316,0.6048457727364568
Ela_metadataset,SVM_Linear,0.8,Defaults,Tuning,0.3134918817271326,0.6865081182728675
Ela_metadataset,SVM_Linear,0.8,Tuning,Tuning,0.21217837054289387,0.7878216294571062
Ela_metadataset,SVM_Linear,0.8,Tuning,Defaults,0.5103509489993293,0.48964905100067074
Ela_metadataset,SVM_Linear,0.8,Defaults,Tuning,0.16966530239182404,0.830334697608176
Ela_metadataset,SVM_Linear,0.8,Tuning,Tuning,0.05230974175746601,0.947690258242534
Ela_metadataset,SVM_Linear,0.8,Tuning,Tuning,0.3889499712853686,0.6110500287146314
Ela_metadataset,SVM_Linear,0.8,Tuning,Tuning,0.42200721103210515,0.5779927889678947
Ela_metadataset,SVM_Linear,0.8,Tuning,Tuning,0.0611169870661946,0.9388830129338053
Ela_metadataset,SVM_Linear,0.85,Tuning,Tuning,0.2696165287670099,0.7303834712329899
Ela_metadataset,SVM_Linear,0.85,Tuning,Tuning,0.16576532255062665,0.8342346774493732
Ela_metadataset,SVM_Linear,0.85,Defaults,Defaults,0.5486578702325927,0.4513421297674074
Ela_metadataset,SVM_Linear,0.85,Tuning,Tuning,0.21037807525715058,0.7896219247428494
Ela_metadataset,SVM_Linear,0.85,Tuning,Tuning,0.08236956640661389,0.9176304335933861
Ela_metadataset,SVM_Linear,0.85,Tuning,Tuning,0.2707963149490647,0.7292036850509354
Ela_metadataset,SVM_Linear,0.85,Tuning,Tuning,0.1199673089307101,0.8800326910692899
Ela_metadataset,SVM_Linear,0.85,Defaults,Tuning,0.3033865928254561,0.6966134071745438
Ela_metadataset,SVM_Linear,0.85,Defaults,Tuning,0.3542833970526371,0.6457166029473629
Ela_metadataset,SVM_Linear,0.85,Tuning,Tuning,0.2500967381216948,0.7499032618783054
Ela_metadataset,SVM_Linear,0.85,Tuning,Tuning,0.15052277608702322,0.849477223912977
Ela_metadataset,SVM_Linear,0.85,Defaults,Tuning,0.3352652268967535,0.6647347731032467
Ela_metadataset,SVM_Linear,0.85,Tuning,Tuning,0.2981583065132008,0.7018416934867991
Ela_metadataset,SVM_Linear,0.85,Tuning,Defaults,0.516711803063155,0.48328819693684494
Ela_metadataset,SVM_Linear,0.85,Tuning,Tuning,8.423278891749058e-06,0.9999915767211083
Ela_metadataset,SVM_Linear,0.85,Tuning,Tuning,0.1545079656998664,0.8454920343001333
Ela_metadataset,SVM_Linear,0.85,Defaults,Tuning,0.4023723619193826,0.5976276380806175
Ela_metadataset,SVM_Linear,0.85,Tuning,Tuning,0.0578218235006881,0.942178176499312
Ela_metadataset,SVM_Linear,0.85,Defaults,Tuning,0.40441946124559414,0.5955805387544058
Ela_metadataset,SVM_Linear,0.85,Tuning,Defaults,0.6706086985419224,0.32939130145807755
Ela_metadataset,SVM_Linear,0.85,Tuning,Tuning,0.3507598194383567,0.6492401805616435
Ela_metadataset,SVM_Linear,0.85,Defaults,Tuning,0.43371256775213773,0.5662874322478622
Ela_metadataset,SVM_Linear,0.85,Tuning,Tuning,0.3541939388084854,0.6458060611915147
Ela_metadataset,SVM_Linear,0.85,Tuning,Tuning,0.2091390343836129,0.790860965616387
Ela_metadataset,SVM_Linear,0.85,Tuning,Tuning,0.20026909722649625,0.7997309027735039
Ela_metadataset,SVM_Linear,0.85,Tuning,Tuning,0.1622877324131391,0.8377122675868608
Ela_metadataset,SVM_Linear,0.85,Tuning,Tuning,0.13522846372303104,0.864771536276969
Ela_metadataset,SVM_Linear,0.85,Tuning,Tuning,0.12555620041400034,0.8744437995859995
Ela_metadataset,SVM_Linear,0.85,Tuning,Tuning,0.06791588324761666,0.9320841167523832
Ela_metadataset,SVM_Linear,0.85,Tuning,Tuning,0.22565643654485285,0.7743435634551471
Ela_metadataset,SVM_Linear,0.85,Tuning,Tuning,0.008564081938964753,0.9914359180610351
Ela_metadataset,SVM_Linear,0.85,Tuning,Tuning,0.14448255648197536,0.8555174435180246
Ela_metadataset,SVM_Linear,0.85,Defaults,Defaults,0.559817483213153,0.44018251678684683
Ela_metadataset,SVM_Linear,0.85,Defaults,Defaults,0.514081590131734,0.48591840986826595
Ela_metadataset,SVM_Linear,0.85,Tuning,Tuning,0.14540258609890444,0.8545974139010954
Ela_metadataset,SVM_Linear,0.85,Tuning,Tuning,0.12076824961328934,0.8792317503867109
Ela_metadataset,SVM_Linear,0.85,Tuning,Tuning,0.24364003621132319,0.7563599637886768
Ela_metadataset,SVM_Linear,0.85,Defaults,Tuning,0.008110569376203644,0.9918894306237964
Ela_metadataset,SVM_Linear,0.85,Tuning,Tuning,0.173968135852473,0.8260318641475268
Ela_metadataset,SVM_Linear,0.85,Defaults,Tuning,0.29944364216373887,0.7005563578362611
Ela_metadataset,SVM_Linear,0.85,Tuning,Tuning,0.22239267187949333,0.7776073281205066
Ela_metadataset,SVM_Linear,0.85,Tuning,Tuning,0.03907828891515809,0.960921711084842
Ela_metadataset,SVM_Linear,0.85,Tuning,Tuning,0.09849559247702223,0.9015044075229777
Ela_metadataset,SVM_Linear,0.85,Tuning,Tuning,0.1672328086188489,0.8327671913811512
Ela_metadataset,SVM_Linear,0.85,Tuning,Tuning,0.06447066268837873,0.9355293373116211
Ela_metadataset,SVM_Linear,0.85,Tuning,Tuning,0.23889740760394665,0.7611025923960529
Ela_metadataset,SVM_Linear,0.85,Tuning,Tuning,0.2695300624368833,0.7304699375631166
Ela_metadataset,SVM_Linear,0.85,Tuning,Tuning,0.23252597889256224,0.7674740211074379
Ela_metadataset,SVM_Linear,0.85,Tuning,Tuning,0.3529298171108835,0.6470701828891164
Ela_metadataset,SVM_Linear,0.85,Tuning,Tuning,0.14090649313375825,0.8590935068662415
Ela_metadataset,SVM_Linear,0.85,Defaults,Defaults,0.5058726731905543,0.4941273268094457
Ela_metadataset,SVM_Linear,0.85,Tuning,Tuning,0.201406400064913,0.798593599935087
Ela_metadataset,SVM_Linear,0.85,Tuning,Tuning,0.11263129637428067,0.8873687036257194
Ela_metadataset,SVM_Linear,0.85,Defaults,Tuning,0.17133212152635882,0.8286678784736414
Ela_metadataset,SVM_Linear,0.85,Tuning,Tuning,0.2574141991899374,0.7425858008100628
Ela_metadataset,SVM_Linear,0.85,Tuning,Tuning,0.42274637320756125,0.5772536267924386
Ela_metadataset,SVM_Linear,0.85,Tuning,Tuning,0.09729738215824241,0.9027026178417574
Ela_metadataset,SVM_Linear,0.85,Tuning,Tuning,0.38376453687442585,0.6162354631255742
Ela_metadataset,SVM_Linear,0.85,Tuning,Tuning,0.3055973854098144,0.6944026145901855
Ela_metadataset,SVM_Linear,0.85,Tuning,Tuning,0.1858631336227351,0.8141368663772649
Ela_metadataset,SVM_Linear,0.85,Tuning,Tuning,0.17931178686235286,0.820688213137647
Ela_metadataset,SVM_Linear,0.85,Tuning,Tuning,0.3831111745452091,0.616888825454791
Ela_metadataset,SVM_Linear,0.85,Tuning,Tuning,0.26071313591529643,0.7392868640847037
Ela_metadataset,SVM_Linear,0.85,Defaults,Tuning,0.3488276332704539,0.651172366729546
Ela_metadataset,SVM_Linear,0.85,Tuning,Tuning,0.35446833328470806,0.645531666715292
Ela_metadataset,SVM_Linear,0.85,Defaults,Defaults,0.5579855475315493,0.4420144524684506
Ela_metadataset,SVM_Linear,0.85,Tuning,Tuning,0.21117047863031888,0.7888295213696813
Ela_metadataset,SVM_Linear,0.85,Tuning,Tuning,0.13499232247239784,0.8650076775276023
Ela_metadataset,SVM_Linear,0.85,Tuning,Tuning,0.3434883351605527,0.6565116648394476
Ela_metadataset,SVM_Linear,0.85,Tuning,Tuning,0.4476394222337261,0.5523605777662739
Ela_metadataset,SVM_Linear,0.85,Tuning,Tuning,0.49029214006723076,0.5097078599327692
Ela_metadataset,SVM_Linear,0.85,Defaults,Tuning,0.35907151324351455,0.6409284867564854
Ela_metadataset,SVM_Linear,0.85,Tuning,Tuning,0.3838807844700142,0.6161192155299858
Ela_metadataset,SVM_Linear,0.85,Defaults,Tuning,0.35338029765473505,0.6466197023452646
Ela_metadataset,SVM_Linear,0.85,Defaults,Tuning,0.3473051173760375,0.6526948826239627
Ela_metadataset,SVM_Linear,0.85,Defaults,Tuning,0.2565643208193298,0.7434356791806701
Ela_metadataset,SVM_Linear,0.85,Defaults,Tuning,0.4004165260248528,0.5995834739751473
Ela_metadataset,SVM_Linear,0.85,Tuning,Tuning,0.09120357527695165,0.9087964247230484
Ela_metadataset,SVM_Linear,0.85,Tuning,Tuning,0.10155493037454864,0.8984450696254516
Ela_metadataset,SVM_Linear,0.85,Tuning,Tuning,0.20457668478952531,0.7954233152104747
Ela_metadataset,SVM_Linear,0.85,Defaults,Tuning,0.33218949161095623,0.6678105083890438
Ela_metadataset,SVM_Linear,0.85,Defaults,Tuning,0.06510936400278122,0.9348906359972187
Ela_metadataset,SVM_Linear,0.85,Defaults,Tuning,0.36727905256711657,0.6327209474328835
Ela_metadataset,SVM_Linear,0.85,Defaults,Tuning,0.4777028886980897,0.5222971113019105
Ela_metadataset,SVM_Linear,0.85,Tuning,Tuning,0.38318920865581074,0.6168107913441891
Ela_metadataset,SVM_Linear,0.85,Tuning,Tuning,0.3667343511639714,0.6332656488360285
Ela_metadataset,SVM_Linear,0.85,Defaults,Tuning,0.4948155279432661,0.505184472056734
Ela_metadataset,SVM_Linear,0.85,Tuning,Tuning,0.18896472762823374,0.8110352723717662
Ela_metadataset,SVM_Linear,0.85,Defaults,Tuning,0.3611767807647385,0.6388232192352614
Ela_metadataset,SVM_Linear,0.85,Tuning,Tuning,0.06445991339594964,0.9355400866040505
Ela_metadataset,SVM_Linear,0.85,Tuning,Tuning,0.2803895657435271,0.719610434256473
Ela_metadataset,SVM_Linear,0.85,Defaults,Defaults,0.5619286152634089,0.43807138473659124
Ela_metadataset,SVM_Linear,0.85,Tuning,Tuning,0.36447190632224297,0.635528093677757
Ela_metadataset,SVM_Linear,0.85,Defaults,Tuning,0.4940987067198017,0.5059012932801982
Ela_metadataset,SVM_Linear,0.85,Tuning,Tuning,0.2011728586605624,0.7988271413394374
Ela_metadataset,SVM_Linear,0.85,Tuning,Tuning,0.19842702916413774,0.8015729708358625
Ela_metadataset,SVM_Linear,0.85,Tuning,Tuning,0.34496887801835374,0.6550311219816461
Ela_metadataset,SVM_Linear,0.85,Defaults,Tuning,0.21916363065439365,0.7808363693456065
Ela_metadataset,SVM_Linear,0.85,Tuning,Tuning,0.10403162543186248,0.8959683745681376
Ela_metadataset,SVM_Linear,0.85,Tuning,Tuning,0.3469881609055538,0.6530118390944462
Ela_metadataset,SVM_Linear,0.85,Tuning,Tuning,0.12211765324083047,0.8778823467591697
Ela_metadataset,SVM_Linear,0.85,Defaults,Tuning,0.18132619305786762,0.8186738069421323
Ela_metadataset,SVM_Linear,0.85,Tuning,Tuning,0.17998263282221702,0.8200173671777828
Ela_metadataset,SVM_Linear,0.85,Tuning,Tuning,0.377937975983814,0.622062024016186
Ela_metadataset,SVM_Linear,0.85,Tuning,Tuning,0.05803223795982186,0.9419677620401782
Ela_metadataset,SVM_Linear,0.85,Tuning,Tuning,0.1501407249654614,0.8498592750345384
Ela_metadataset,SVM_Linear,0.85,Tuning,Tuning,0.40910332553786455,0.5908966744621355
Ela_metadataset,SVM_Linear,0.85,Tuning,Tuning,0.4949578482604951,0.5050421517395047
Ela_metadataset,SVM_Linear,0.85,Tuning,Tuning,0.1111579712192041,0.8888420287807959
Ela_metadataset,SVM_Linear,0.85,Defaults,Tuning,0.31901455364475917,0.6809854463552408
Ela_metadataset,SVM_Linear,0.85,Tuning,Tuning,0.14579011017012447,0.8542098898298756
Ela_metadataset,SVM_Linear,0.85,Tuning,Tuning,0.2052504032814322,0.7947495967185678
Ela_metadataset,SVM_Linear,0.85,Tuning,Tuning,0.3205765842756289,0.679423415724371
Ela_metadataset,SVM_Linear,0.85,Tuning,Tuning,0.23375047787553244,0.7662495221244675
Ela_metadataset,SVM_Linear,0.85,Tuning,Tuning,0.0033054845023971478,0.996694515497603
Ela_metadataset,SVM_Linear,0.85,Tuning,Tuning,0.33835082356057977,0.66164917643942
Ela_metadataset,SVM_Linear,0.85,Tuning,Defaults,0.6454841092030978,0.354515890796902
Ela_metadataset,SVM_Linear,0.85,Tuning,Tuning,0.28755205622245805,0.7124479437775418
Ela_metadataset,SVM_Linear,0.85,Defaults,Defaults,0.6544151006845316,0.34558489931546843
Ela_metadataset,SVM_Linear,0.85,Tuning,Tuning,0.013828627990370249,0.9861713720096297
Ela_metadataset,SVM_Linear,0.85,Defaults,Tuning,0.22861820341187672,0.7713817965881232
Ela_metadataset,SVM_Linear,0.85,Tuning,Tuning,0.1148901776478862,0.8851098223521137
Ela_metadataset,SVM_Linear,0.85,Tuning,Defaults,0.5220235746962971,0.4779764253037031
Ela_metadataset,SVM_Linear,0.85,Tuning,Tuning,0.10133309780861963,0.8986669021913805
Ela_metadataset,SVM_Linear,0.85,Tuning,Tuning,0.1736211750700176,0.8263788249299825
Ela_metadataset,SVM_Linear,0.85,Defaults,Tuning,0.2521891395059142,0.7478108604940856
Ela_metadataset,SVM_Linear,0.85,Defaults,Tuning,0.3947025346796361,0.6052974653203639
Ela_metadataset,SVM_Linear,0.85,Tuning,Tuning,0.1966263840517226,0.8033736159482776
Ela_metadataset,SVM_Linear,0.85,Tuning,Tuning,0.18522333098932608,0.8147766690106739
Ela_metadataset,SVM_Linear,0.85,Tuning,Tuning,0.3297313981918711,0.6702686018081292
Ela_metadataset,SVM_Linear,0.85,Tuning,Tuning,0.3356868555960121,0.664313144403988
Ela_metadataset,SVM_Linear,0.85,Tuning,Tuning,0.22593796024574747,0.7740620397542525
Ela_metadataset,SVM_Linear,0.85,Tuning,Tuning,0.2644836186818708,0.7355163813181294
Ela_metadataset,SVM_Linear,0.85,Tuning,Tuning,0.14559104990507454,0.8544089500949256
Ela_metadataset,SVM_Linear,0.85,Tuning,Tuning,0.36068448323737046,0.6393155167626295
Ela_metadataset,SVM_Linear,0.85,Defaults,Tuning,0.23163639099986622,0.7683636090001338
Ela_metadataset,SVM_Linear,0.85,Tuning,Tuning,0.34687481498985884,0.6531251850101413
Ela_metadataset,SVM_Linear,0.85,Tuning,Tuning,0.49191666162575787,0.5080833383742421
Ela_metadataset,SVM_Linear,0.85,Tuning,Tuning,0.27636143455328993,0.72363856544671
Ela_metadataset,SVM_Linear,0.85,Tuning,Tuning,0.2963071087175666,0.7036928912824333
Ela_metadataset,SVM_Linear,0.85,Defaults,Tuning,0.21636433783544715,0.7836356621645527
Ela_metadataset,SVM_Linear,0.85,Tuning,Tuning,0.11291854137118845,0.8870814586288115
Ela_metadataset,SVM_Linear,0.85,Tuning,Tuning,0.12968529377648758,0.8703147062235126
Ela_metadataset,SVM_Linear,0.85,Tuning,Tuning,0.03994905835749617,0.9600509416425039
Ela_metadataset,SVM_Linear,0.85,Defaults,Tuning,0.1274433857973779,0.8725566142026221
Ela_metadataset,SVM_Linear,0.85,Tuning,Tuning,0.18401010970450515,0.815989890295495
Ela_metadataset,SVM_Linear,0.85,Tuning,Tuning,0.35326576091291334,0.6467342390870866
Ela_metadataset,SVM_Linear,0.85,Tuning,Tuning,0.06837867487535497,0.9316213251246451
Ela_metadataset,SVM_Linear,0.85,Defaults,Defaults,0.5838626534009418,0.4161373465990583
Ela_metadataset,SVM_Linear,0.85,Defaults,Tuning,0.45809240963298037,0.5419075903670194
Ela_metadataset,SVM_Linear,0.85,Tuning,Defaults,0.9086078475912259,0.09139215240877407
Ela_metadataset,SVM_Linear,0.85,Tuning,Tuning,0.17265415767134967,0.8273458423286502
Ela_metadataset,SVM_Linear,0.85,Tuning,Tuning,0.16464611723675948,0.8353538827632405
Ela_metadataset,SVM_Linear,0.85,Defaults,Tuning,0.19719848883870306,0.8028015111612968
Ela_metadataset,SVM_Linear,0.85,Defaults,Tuning,0.22520774524566645,0.7747922547543337
Ela_metadataset,SVM_Linear,0.85,Defaults,Tuning,0.36015839686709766,0.6398416031329023
Ela_metadataset,SVM_Linear,0.85,Tuning,Tuning,0.1004407298861916,0.8995592701138085
Ela_metadataset,SVM_Linear,0.85,Defaults,Tuning,0.4891505921323867,0.5108494078676133
Ela_metadataset,SVM_Linear,0.85,Tuning,Tuning,0.3089001414960584,0.6910998585039417
Ela_metadataset,SVM_Linear,0.85,Tuning,Tuning,0.08396123167886516,0.9160387683211348
Ela_metadataset,SVM_Linear,0.85,Defaults,Tuning,0.35970525409840515,0.6402947459015947
Ela_metadataset,SVM_Linear,0.85,Defaults,Tuning,0.26282152372035217,0.7371784762796478
Ela_metadataset,SVM_Linear,0.85,Tuning,Tuning,0.24858418999235668,0.7514158100076432
Ela_metadataset,SVM_Linear,0.85,Tuning,Tuning,0.487917391702078,0.5120826082979222
Ela_metadataset,SVM_Linear,0.85,Defaults,Tuning,0.15795167596848356,0.8420483240315164
Ela_metadataset,SVM_Linear,0.85,Tuning,Tuning,0.06481963657620134,0.9351803634237987
Ela_metadataset,SVM_Linear,0.85,Tuning,Tuning,0.3318332833355785,0.6681667166644214
Ela_metadataset,SVM_Linear,0.85,Tuning,Tuning,0.43597665812956343,0.5640233418704367
Ela_metadataset,SVM_Linear,0.85,Tuning,Tuning,0.09285172596796076,0.9071482740320391
Ela_metadataset,SVM_Linear,0.9,Tuning,Tuning,0.3022963403640112,0.697703659635989
Ela_metadataset,SVM_Linear,0.9,Tuning,Tuning,0.17970737554465377,0.8202926244553463
Ela_metadataset,SVM_Linear,0.9,Defaults,Defaults,0.5315458788497234,0.4684541211502766
Ela_metadataset,SVM_Linear,0.9,Tuning,Tuning,0.20539531428341784,0.7946046857165822
Ela_metadataset,SVM_Linear,0.9,Tuning,Tuning,0.07476807075672763,0.9252319292432724
Ela_metadataset,SVM_Linear,0.9,Tuning,Tuning,0.2461092992894998,0.7538907007105
Ela_metadataset,SVM_Linear,0.9,Tuning,Tuning,0.09773068772867458,0.9022693122713257
Ela_metadataset,SVM_Linear,0.9,Defaults,Tuning,0.30869727685556775,0.6913027231444321
Ela_metadataset,SVM_Linear,0.9,Defaults,Tuning,0.3700682696234872,0.6299317303765128
Ela_metadataset,SVM_Linear,0.9,Tuning,Tuning,0.23026427388118983,0.7697357261188104
Ela_metadataset,SVM_Linear,0.9,Tuning,Tuning,0.1333015831006942,0.8666984168993058
Ela_metadataset,SVM_Linear,0.9,Defaults,Tuning,0.332067410521411,0.6679325894785891
Ela_metadataset,SVM_Linear,0.9,Tuning,Tuning,0.3163683593343442,0.683631640665656
Ela_metadataset,SVM_Linear,0.9,Tuning,Defaults,0.5083713277219379,0.49162867227806206
Ela_metadataset,SVM_Linear,0.9,Tuning,Tuning,3.0866079120378693e-06,0.999996913392088
Ela_metadataset,SVM_Linear,0.9,Tuning,Tuning,0.137677265630348,0.862322734369652
Ela_metadataset,SVM_Linear,0.9,Defaults,Tuning,0.3799118098929559,0.6200881901070442
Ela_metadataset,SVM_Linear,0.9,Tuning,Tuning,0.04696442842760611,0.953035571572394
Ela_metadataset,SVM_Linear,0.9,Defaults,Tuning,0.3843453233268559,0.6156546766731441
Ela_metadataset,SVM_Linear,0.9,Tuning,Defaults,0.6653105972200279,0.33468940277997206
Ela_metadataset,SVM_Linear,0.9,Tuning,Tuning,0.34360667201021416,0.6563933279897858
Ela_metadataset,SVM_Linear,0.9,Defaults,Tuning,0.43480422354948867,0.5651957764505113
Ela_metadataset,SVM_Linear,0.9,Tuning,Tuning,0.36936856810339114,0.6306314318966088
Ela_metadataset,SVM_Linear,0.9,Tuning,Tuning,0.1965436971488304,0.8034563028511693
Ela_metadataset,SVM_Linear,0.9,Tuning,Tuning,0.2026409063632345,0.7973590936367657
Ela_metadataset,SVM_Linear,0.9,Tuning,Tuning,0.1501526967718049,0.8498473032281952
Ela_metadataset,SVM_Linear,0.9,Tuning,Tuning,0.1325177297105344,0.8674822702894657
Ela_metadataset,SVM_Linear,0.9,Tuning,Tuning,0.1232085596340868,0.8767914403659134
Ela_metadataset,SVM_Linear,0.9,Tuning,Tuning,0.0635559896308614,0.9364440103691386
Ela_metadataset,SVM_Linear,0.9,Tuning,Tuning,0.2265291538008443,0.7734708461991558
Ela_metadataset,SVM_Linear,0.9,Tuning,Tuning,0.00709258376742142,0.9929074162325785
Ela_metadataset,SVM_Linear,0.9,Tuning,Tuning,0.14227806408199245,0.8577219359180075
Ela_metadataset,SVM_Linear,0.9,Defaults,Defaults,0.5784671025903411,0.421532897409659
Ela_metadataset,SVM_Linear,0.9,Defaults,Defaults,0.5,0.5
Ela_metadataset,SVM_Linear,0.9,Tuning,Tuning,0.14982345738136216,0.8501765426186378
Ela_metadataset,SVM_Linear,0.9,Tuning,Tuning,0.12749515811727533,0.8725048418827247
Ela_metadataset,SVM_Linear,0.9,Tuning,Tuning,0.2336764492298214,0.7663235507701786
Ela_metadataset,SVM_Linear,0.9,Defaults,Tuning,0.0046937006217360215,0.9953062993782638
Ela_metadataset,SVM_Linear,0.9,Tuning,Tuning,0.16426111999001086,0.8357388800099892
Ela_metadataset,SVM_Linear,0.9,Defaults,Tuning,0.29826800369402096,0.7017319963059793
Ela_metadataset,SVM_Linear,0.9,Tuning,Tuning,0.21134998030980676,0.7886500196901931
Ela_metadataset,SVM_Linear,0.9,Tuning,Tuning,0.03886586514503569,0.9611341348549642
Ela_metadataset,SVM_Linear,0.9,Tuning,Tuning,0.07929479913050778,0.9207052008694924
Ela_metadataset,SVM_Linear,0.9,Tuning,Tuning,0.17627467375268213,0.823725326247318
Ela_metadataset,SVM_Linear,0.9,Tuning,Tuning,0.07122724977756595,0.9287727502224341
Ela_metadataset,SVM_Linear,0.9,Tuning,Tuning,0.23313381634742603,0.7668661836525739
Ela_metadataset,SVM_Linear,0.9,Tuning,Tuning,0.2757606882500422,0.7242393117499579
Ela_metadataset,SVM_Linear,0.9,Tuning,Tuning,0.23705552756606366,0.7629444724339364
Ela_metadataset,SVM_Linear,0.9,Tuning,Tuning,0.35792639807071813,0.6420736019292816
Ela_metadataset,SVM_Linear,0.9,Tuning,Tuning,0.14999020701516647,0.8500097929848336
Ela_metadataset,SVM_Linear,0.9,Defaults,Tuning,0.4849180524773141,0.5150819475226859
Ela_metadataset,SVM_Linear,0.9,Tuning,Tuning,0.20272082237692557,0.7972791776230742
Ela_metadataset,SVM_Linear,0.9,Tuning,Tuning,0.10769920505291322,0.8923007949470869
Ela_metadataset,SVM_Linear,0.9,Defaults,Tuning,0.1684127641006339,0.8315872358993662
Ela_metadataset,SVM_Linear,0.9,Tuning,Tuning,0.2542806913715483,0.7457193086284519
Ela_metadataset,SVM_Linear,0.9,Tuning,Tuning,0.41367189232042473,0.5863281076795752
Ela_metadataset,SVM_Linear,0.9,Tuning,Tuning,0.09707543716536585,0.9029245628346342
Ela_metadataset,SVM_Linear,0.9,Tuning,Tuning,0.37352548707874933,0.6264745129212506
Ela_metadataset,SVM_Linear,0.9,Tuning,Tuning,0.2894369969340471,0.7105630030659529
Ela_metadataset,SVM_Linear,0.9,Tuning,Tuning,0.1799985026273087,0.8200014973726913
Ela_metadataset,SVM_Linear,0.9,Tuning,Tuning,0.14625845395877332,0.8537415460412268
Ela_metadataset,SVM_Linear,0.9,Tuning,Tuning,0.37488435772525813,0.6251156422747418
Ela_metadataset,SVM_Linear,0.9,Tuning,Tuning,0.252634061416741,0.7473659385832591
Ela_metadataset,SVM_Linear,0.9,Defaults,Tuning,0.35461190224191846,0.6453880977580816
Ela_metadataset,SVM_Linear,0.9,Tuning,Tuning,0.37074970642433613,0.6292502935756636
Ela_metadataset,SVM_Linear,0.9,Defaults,Defaults,0.5280566400334813,0.47194335996651865
Ela_metadataset,SVM_Linear,0.9,Tuning,Tuning,0.19862888386452845,0.8013711161354714
Ela_metadataset,SVM_Linear,0.9,Tuning,Tuning,0.11856855507944497,0.8814314449205548
Ela_metadataset,SVM_Linear,0.9,Tuning,Tuning,0.3415540074744165,0.6584459925255834
Ela_metadataset,SVM_Linear,0.9,Tuning,Tuning,0.4347873661666982,0.5652126338333018
Ela_metadataset,SVM_Linear,0.9,Tuning,Tuning,0.4791819625565792,0.5208180374434207
Ela_metadataset,SVM_Linear,0.9,Defaults,Tuning,0.36340688353248085,0.6365931164675193
Ela_metadataset,SVM_Linear,0.9,Tuning,Tuning,0.3831744943670673,0.6168255056329326
Ela_metadataset,SVM_Linear,0.9,Defaults,Tuning,0.34900068024497594,0.6509993197550242
Ela_metadataset,SVM_Linear,0.9,Defaults,Tuning,0.3463717161457152,0.6536282838542848
Ela_metadataset,SVM_Linear,0.9,Defaults,Tuning,0.2586724278845453,0.7413275721154546
Ela_metadataset,SVM_Linear,0.9,Defaults,Tuning,0.39955612305725313,0.6004438769427468
Ela_metadataset,SVM_Linear,0.9,Tuning,Tuning,0.08432923446523594,0.9156707655347638
Ela_metadataset,SVM_Linear,0.9,Tuning,Tuning,0.09253760809030785,0.9074623919096924
Ela_metadataset,SVM_Linear,0.9,Tuning,Tuning,0.20327428656702143,0.7967257134329784
Ela_metadataset,SVM_Linear,0.9,Defaults,Tuning,0.3298491409271762,0.6701508590728238
Ela_metadataset,SVM_Linear,0.9,Defaults,Tuning,0.07923030247171052,0.9207696975282895
Ela_metadataset,SVM_Linear,0.9,Defaults,Tuning,0.36351456217298805,0.6364854378270121
Ela_metadataset,SVM_Linear,0.9,Defaults,Tuning,0.47455404419622677,0.5254459558037732
Ela_metadataset,SVM_Linear,0.9,Tuning,Tuning,0.4042815928862082,0.5957184071137916
Ela_metadataset,SVM_Linear,0.9,Tuning,Tuning,0.38345741601242256,0.6165425839875774
Ela_metadataset,SVM_Linear,0.9,Defaults,Tuning,0.48763051000828084,0.5123694899917192
Ela_metadataset,SVM_Linear,0.9,Tuning,Tuning,0.1926609903963941,0.8073390096036058
Ela_metadataset,SVM_Linear,0.9,Defaults,Tuning,0.3538684084387346,0.6461315915612653
Ela_metadataset,SVM_Linear,0.9,Tuning,Tuning,0.0721541302593051,0.9278458697406948
Ela_metadataset,SVM_Linear,0.9,Tuning,Tuning,0.2830761868536697,0.7169238131463305
Ela_metadataset,SVM_Linear,0.9,Defaults,Defaults,0.5284019236133223,0.4715980763866777
Ela_metadataset,SVM_Linear,0.9,Tuning,Tuning,0.37839392722809073,0.6216060727719092
Ela_metadataset,SVM_Linear,0.9,Defaults,Tuning,0.48396002949145267,0.5160399705085471
Ela_metadataset,SVM_Linear,0.9,Tuning,Tuning,0.18270825919016948,0.8172917408098304
Ela_metadataset,SVM_Linear,0.9,Tuning,Tuning,0.18236778205829238,0.8176322179417075
Ela_metadataset,SVM_Linear,0.9,Tuning,Tuning,0.33966857223911834,0.6603314277608817
Ela_metadataset,SVM_Linear,0.9,Defaults,Tuning,0.23329873929584527,0.7667012607041547
Ela_metadataset,SVM_Linear,0.9,Tuning,Tuning,0.10438465713677438,0.8956153428632257
Ela_metadataset,SVM_Linear,0.9,Tuning,Tuning,0.34977161432903886,0.6502283856709612
Ela_metadataset,SVM_Linear,0.9,Tuning,Tuning,0.11154940036596642,0.8884505996340335
Ela_metadataset,SVM_Linear,0.9,Defaults,Tuning,0.18801371559549473,0.8119862844045052
Ela_metadataset,SVM_Linear,0.9,Tuning,Tuning,0.17672793176036564,0.8232720682396344
Ela_metadataset,SVM_Linear,0.9,Tuning,Tuning,0.3739232437436464,0.6260767562563534
Ela_metadataset,SVM_Linear,0.9,Tuning,Tuning,0.05852705949602504,0.941472940503975
Ela_metadataset,SVM_Linear,0.9,Tuning,Tuning,0.13522162814380215,0.864778371856198
Ela_metadataset,SVM_Linear,0.9,Tuning,Tuning,0.4210178349507882,0.5789821650492118
Ela_metadataset,SVM_Linear,0.9,Tuning,Tuning,0.4780903944639255,0.5219096055360744
Ela_metadataset,SVM_Linear,0.9,Tuning,Tuning,0.10107743770291394,0.8989225622970862
Ela_metadataset,SVM_Linear,0.9,Defaults,Tuning,0.32020507527453623,0.6797949247254639
Ela_metadataset,SVM_Linear,0.9,Tuning,Tuning,0.13660087472970756,0.8633991252702923
Ela_metadataset,SVM_Linear,0.9,Tuning,Tuning,0.2131291467172918,0.7868708532827081
Ela_metadataset,SVM_Linear,0.9,Tuning,Tuning,0.3235552221989591,0.6764447778010406
Ela_metadataset,SVM_Linear,0.9,Tuning,Tuning,0.2361678739617648,0.7638321260382349
Ela_metadataset,SVM_Linear,0.9,Tuning,Tuning,1.6716353078617346e-05,0.9999832836469214
Ela_metadataset,SVM_Linear,0.9,Tuning,Tuning,0.34398297144952295,0.6560170285504772
Ela_metadataset,SVM_Linear,0.9,Tuning,Defaults,0.651636177204848,0.348363822795152
Ela_metadataset,SVM_Linear,0.9,Tuning,Tuning,0.2635623659797439,0.736437634020256
Ela_metadataset,SVM_Linear,0.9,Defaults,Defaults,0.6605938017817814,0.33940619821821855
Ela_metadataset,SVM_Linear,0.9,Tuning,Tuning,0.012901280175624705,0.9870987198243754
Ela_metadataset,SVM_Linear,0.9,Defaults,Tuning,0.20793022142677045,0.7920697785732296
Ela_metadataset,SVM_Linear,0.9,Tuning,Tuning,0.09162218932980044,0.9083778106701994
Ela_metadataset,SVM_Linear,0.9,Tuning,Defaults,0.5155518307906803,0.4844481692093197
Ela_metadataset,SVM_Linear,0.9,Tuning,Tuning,0.1001383578170103,0.8998616421829897
Ela_metadataset,SVM_Linear,0.9,Tuning,Tuning,0.17025008928357177,0.8297499107164283
Ela_metadataset,SVM_Linear,0.9,Defaults,Tuning,0.25947399699146784,0.7405260030085321
Ela_metadataset,SVM_Linear,0.9,Defaults,Tuning,0.39255623799198863,0.6074437620080115
Ela_metadataset,SVM_Linear,0.9,Tuning,Tuning,0.19532466139560622,0.804675338604394
Ela_metadataset,SVM_Linear,0.9,Tuning,Tuning,0.1856652941859329,0.8143347058140671
Ela_metadataset,SVM_Linear,0.9,Tuning,Tuning,0.33252654516395475,0.6674734548360451
Ela_metadataset,SVM_Linear,0.9,Tuning,Tuning,0.35008629789613993,0.6499137021038601
Ela_metadataset,SVM_Linear,0.9,Tuning,Tuning,0.21137124273456043,0.7886287572654395
Ela_metadataset,SVM_Linear,0.9,Tuning,Tuning,0.2462272298425642,0.7537727701574357
Ela_metadataset,SVM_Linear,0.9,Tuning,Tuning,0.15086457565263717,0.8491354243473628
Ela_metadataset,SVM_Linear,0.9,Tuning,Tuning,0.3642714482761918,0.6357285517238082
Ela_metadataset,SVM_Linear,0.9,Defaults,Tuning,0.2345177419333006,0.7654822580666995
Ela_metadataset,SVM_Linear,0.9,Tuning,Tuning,0.3686037197079984,0.6313962802920015
Ela_metadataset,SVM_Linear,0.9,Tuning,Defaults,0.5147394689409642,0.48526053105903577
Ela_metadataset,SVM_Linear,0.9,Tuning,Tuning,0.3014632155783268,0.6985367844216733
Ela_metadataset,SVM_Linear,0.9,Tuning,Tuning,0.3100845015405111,0.689915498459489
Ela_metadataset,SVM_Linear,0.9,Defaults,Tuning,0.21090862853488504,0.7890913714651149
Ela_metadataset,SVM_Linear,0.9,Tuning,Tuning,0.12343273476279608,0.876567265237204
Ela_metadataset,SVM_Linear,0.9,Tuning,Tuning,0.1303886542216047,0.8696113457783956
Ela_metadataset,SVM_Linear,0.9,Tuning,Tuning,0.03857849131446012,0.9614215086855399
Ela_metadataset,SVM_Linear,0.9,Defaults,Tuning,0.13305544293609586,0.866944557063904
Ela_metadataset,SVM_Linear,0.9,Tuning,Tuning,0.18256732606691517,0.8174326739330849
Ela_metadataset,SVM_Linear,0.9,Tuning,Tuning,0.36926824814932613,0.6307317518506739
Ela_metadataset,SVM_Linear,0.9,Tuning,Tuning,0.06782632575093747,0.9321736742490626
Ela_metadataset,SVM_Linear,0.9,Defaults,Defaults,0.5968570458002354,0.40314295419976476
Ela_metadataset,SVM_Linear,0.9,Defaults,Tuning,0.42200318820301735,0.5779968117969827
Ela_metadataset,SVM_Linear,0.9,Tuning,Defaults,0.9118305373298929,0.08816946267010721
Ela_metadataset,SVM_Linear,0.9,Tuning,Tuning,0.17239154646307667,0.8276084535369234
Ela_metadataset,SVM_Linear,0.9,Tuning,Tuning,0.17774033130918387,0.8222596686908161
Ela_metadataset,SVM_Linear,0.9,Defaults,Tuning,0.2032848245028775,0.7967151754971226
Ela_metadataset,SVM_Linear,0.9,Defaults,Tuning,0.22462449661902925,0.7753755033809707
Ela_metadataset,SVM_Linear,0.9,Defaults,Tuning,0.34515260128053427,0.6548473987194655
Ela_metadataset,SVM_Linear,0.9,Tuning,Tuning,0.11140052293235204,0.888599477067648
Ela_metadataset,SVM_Linear,0.9,Defaults,Defaults,0.5109537969992763,0.4890462030007237
Ela_metadataset,SVM_Linear,0.9,Tuning,Tuning,0.3186914267298519,0.6813085732701482
Ela_metadataset,SVM_Linear,0.9,Tuning,Tuning,0.09211624849861139,0.9078837515013886
Ela_metadataset,SVM_Linear,0.9,Defaults,Tuning,0.36206248428613613,0.6379375157138637
Ela_metadataset,SVM_Linear,0.9,Defaults,Tuning,0.26820801268551925,0.7317919873144808
Ela_metadataset,SVM_Linear,0.9,Tuning,Tuning,0.24331638501609643,0.7566836149839035
Ela_metadataset,SVM_Linear,0.9,Tuning,Defaults,0.5153343810504448,0.48466561894955534
Ela_metadataset,SVM_Linear,0.9,Defaults,Tuning,0.16073412686735147,0.8392658731326487
Ela_metadataset,SVM_Linear,0.9,Tuning,Tuning,0.06944221888653283,0.9305577811134672
Ela_metadataset,SVM_Linear,0.9,Tuning,Tuning,0.32059380943368193,0.6794061905663182
Ela_metadataset,SVM_Linear,0.9,Tuning,Tuning,0.38206934881623866,0.6179306511837614
Ela_metadataset,SVM_Linear,0.9,Tuning,Tuning,0.10216381460485331,0.8978361853951468
Ela_metadataset,SVM_Linear,0.95,Tuning,Tuning,0.2720623923460108,0.7279376076539893
Ela_metadataset,SVM_Linear,0.95,Tuning,Tuning,0.18347675349110482,0.816523246508895
Ela_metadataset,SVM_Linear,0.95,Defaults,Defaults,0.5234665712629306,0.47653342873706955
Ela_metadataset,SVM_Linear,0.95,Tuning,Tuning,0.2216791398957275,0.7783208601042726
Ela_metadataset,SVM_Linear,0.95,Tuning,Tuning,0.10119938366975517,0.898800616330245
Ela_metadataset,SVM_Linear,0.95,Tuning,Tuning,0.21458476788043226,0.7854152321195677
Ela_metadataset,SVM_Linear,0.95,Tuning,Tuning,0.10184987008081225,0.8981501299191877
Ela_metadataset,SVM_Linear,0.95,Defaults,Tuning,0.29065398698739536,0.7093460130126046
Ela_metadataset,SVM_Linear,0.95,Defaults,Tuning,0.3500031427979165,0.6499968572020833
Ela_metadataset,SVM_Linear,0.95,Tuning,Tuning,0.20987436400660758,0.7901256359933926
Ela_metadataset,SVM_Linear,0.95,Tuning,Tuning,0.12796187168698533,0.8720381283130146
Ela_metadataset,SVM_Linear,0.95,Defaults,Tuning,0.3520816068238982,0.6479183931761018
Ela_metadataset,SVM_Linear,0.95,Tuning,Tuning,0.3333077058037201,0.66669229419628
Ela_metadataset,SVM_Linear,0.95,Tuning,Tuning,0.43572494131083433,0.5642750586891656
Ela_metadataset,SVM_Linear,0.95,Tuning,Tuning,0.002547847203496122,0.9974521527965037
Ela_metadataset,SVM_Linear,0.95,Tuning,Tuning,0.14305523868942582,0.8569447613105743
Ela_metadataset,SVM_Linear,0.95,Defaults,Tuning,0.3632094229502171,0.636790577049783
Ela_metadataset,SVM_Linear,0.95,Tuning,Tuning,0.05766034340428029,0.9423396565957195
Ela_metadataset,SVM_Linear,0.95,Defaults,Tuning,0.33846829596415257,0.6615317040358473
Ela_metadataset,SVM_Linear,0.95,Tuning,Defaults,0.593448096511504,0.40655190348849596
Ela_metadataset,SVM_Linear,0.95,Tuning,Tuning,0.3501868554624721,0.6498131445375278
Ela_metadataset,SVM_Linear,0.95,Defaults,Tuning,0.4171099840131468,0.5828900159868531
Ela_metadataset,SVM_Linear,0.95,Tuning,Tuning,0.4145080055374995,0.5854919944625006
Ela_metadataset,SVM_Linear,0.95,Tuning,Tuning,0.19054972047937033,0.8094502795206296
Ela_metadataset,SVM_Linear,0.95,Tuning,Tuning,0.2095522890275804,0.7904477109724194
Ela_metadataset,SVM_Linear,0.95,Tuning,Tuning,0.15303777017375306,0.8469622298262469
Ela_metadataset,SVM_Linear,0.95,Tuning,Tuning,0.17145504849356766,0.8285449515064324
Ela_metadataset,SVM_Linear,0.95,Tuning,Tuning,0.1392075733557655,0.8607924266442345
Ela_metadataset,SVM_Linear,0.95,Tuning,Tuning,0.08176711886233773,0.9182328811376622
Ela_metadataset,SVM_Linear,0.95,Tuning,Tuning,0.21938460452692168,0.7806153954730785
Ela_metadataset,SVM_Linear,0.95,Tuning,Tuning,0.011663547459180202,0.9883364525408199
Ela_metadataset,SVM_Linear,0.95,Tuning,Tuning,0.1728277167281487,0.8271722832718512
Ela_metadataset,SVM_Linear,0.95,Defaults,Defaults,0.5399909472807122,0.46000905271928777
Ela_metadataset,SVM_Linear,0.95,Defaults,Tuning,0.4738847218247729,0.5261152781752272
Ela_metadataset,SVM_Linear,0.95,Tuning,Tuning,0.11699885473655362,0.8830011452634464
Ela_metadataset,SVM_Linear,0.95,Tuning,Tuning,0.10659137145391366,0.8934086285460865
Ela_metadataset,SVM_Linear,0.95,Tuning,Tuning,0.22134870554542374,0.7786512944545763
Ela_metadataset,SVM_Linear,0.95,Defaults,Tuning,0.003341949590415278,0.9966580504095849
Ela_metadataset,SVM_Linear,0.95,Tuning,Tuning,0.1890222357474363,0.8109777642525638
Ela_metadataset,SVM_Linear,0.95,Defaults,Tuning,0.3186700609947489,0.681329939005251
Ela_metadataset,SVM_Linear,0.95,Tuning,Tuning,0.22750301491691177,0.7724969850830883
Ela_metadataset,SVM_Linear,0.95,Tuning,Tuning,0.04051397500146431,0.9594860249985359
Ela_metadataset,SVM_Linear,0.95,Tuning,Tuning,0.09923019910039665,0.9007698008996035
Ela_metadataset,SVM_Linear,0.95,Tuning,Tuning,0.18069015875037603,0.8193098412496239
Ela_metadataset,SVM_Linear,0.95,Tuning,Tuning,0.10126529912410699,0.8987347008758928
Ela_metadataset,SVM_Linear,0.95,Tuning,Tuning,0.2510880342549932,0.7489119657450067
Ela_metadataset,SVM_Linear,0.95,Tuning,Tuning,0.22705911221740932,0.7729408877825908
Ela_metadataset,SVM_Linear,0.95,Tuning,Tuning,0.23608748131499868,0.7639125186850012
Ela_metadataset,SVM_Linear,0.95,Tuning,Tuning,0.3119591376684893,0.6880408623315103
Ela_metadataset,SVM_Linear,0.95,Tuning,Tuning,0.14463237235343904,0.8553676276465608
Ela_metadataset,SVM_Linear,0.95,Defaults,Defaults,0.5953317229608164,0.40466827703918357
Ela_metadataset,SVM_Linear,0.95,Tuning,Tuning,0.19904048011397046,0.8009595198860294
Ela_metadataset,SVM_Linear,0.95,Tuning,Tuning,0.11256685335782517,0.8874331466421751
Ela_metadataset,SVM_Linear,0.95,Defaults,Tuning,0.1815720625720211,0.8184279374279788
Ela_metadataset,SVM_Linear,0.95,Tuning,Tuning,0.2532019038699866,0.7467980961300132
Ela_metadataset,SVM_Linear,0.95,Tuning,Tuning,0.35938708050444684,0.6406129194955532
Ela_metadataset,SVM_Linear,0.95,Tuning,Tuning,0.07564841961661438,0.9243515803833853
Ela_metadataset,SVM_Linear,0.95,Tuning,Tuning,0.3630101477938772,0.6369898522061229
Ela_metadataset,SVM_Linear,0.95,Tuning,Tuning,0.31700762290200507,0.6829923770979948
Ela_metadataset,SVM_Linear,0.95,Tuning,Tuning,0.1746940433479718,0.8253059566520282
Ela_metadataset,SVM_Linear,0.95,Tuning,Tuning,0.1992246816579635,0.8007753183420365
Ela_metadataset,SVM_Linear,0.95,Tuning,Tuning,0.42412885536918854,0.5758711446308116
Ela_metadataset,SVM_Linear,0.95,Tuning,Tuning,0.23696367615795863,0.7630363238420412
Ela_metadataset,SVM_Linear,0.95,Defaults,Tuning,0.35462341022925187,0.6453765897707482
Ela_metadataset,SVM_Linear,0.95,Tuning,Tuning,0.3559434376982027,0.6440565623017972
Ela_metadataset,SVM_Linear,0.95,Defaults,Tuning,0.45244863441862876,0.5475513655813712
Ela_metadataset,SVM_Linear,0.95,Tuning,Tuning,0.1975247522169859,0.8024752477830143
Ela_metadataset,SVM_Linear,0.95,Tuning,Tuning,0.12936894095846635,0.8706310590415338
Ela_metadataset,SVM_Linear,0.95,Tuning,Tuning,0.30974311650843817,0.690256883491562
Ela_metadataset,SVM_Linear,0.95,Tuning,Tuning,0.4202482612753381,0.5797517387246618
Ela_metadataset,SVM_Linear,0.95,Tuning,Tuning,0.481415728766237,0.518584271233763
Ela_metadataset,SVM_Linear,0.95,Defaults,Tuning,0.36649727181574837,0.6335027281842518
Ela_metadataset,SVM_Linear,0.95,Tuning,Tuning,0.3890398760385092,0.6109601239614908
Ela_metadataset,SVM_Linear,0.95,Defaults,Tuning,0.36781825811262625,0.6321817418873737
Ela_metadataset,SVM_Linear,0.95,Defaults,Tuning,0.3320534724823358,0.6679465275176643
Ela_metadataset,SVM_Linear,0.95,Defaults,Tuning,0.2734106511603009,0.7265893488396992
Ela_metadataset,SVM_Linear,0.95,Defaults,Tuning,0.39533672114727914,0.604663278852721
Ela_metadataset,SVM_Linear,0.95,Tuning,Tuning,0.12757185869009793,0.872428141309902
Ela_metadataset,SVM_Linear,0.95,Tuning,Tuning,0.15563863932172,0.8443613606782802
Ela_metadataset,SVM_Linear,0.95,Tuning,Tuning,0.2381999943420763,0.7618000056579238
Ela_metadataset,SVM_Linear,0.95,Defaults,Tuning,0.3504657740687357,0.6495342259312645
Ela_metadataset,SVM_Linear,0.95,Defaults,Tuning,0.07044717138682782,0.929552828613172
Ela_metadataset,SVM_Linear,0.95,Defaults,Tuning,0.35313172655470826,0.6468682734452917
Ela_metadataset,SVM_Linear,0.95,Defaults,Tuning,0.4407597038700178,0.5592402961299822
Ela_metadataset,SVM_Linear,0.95,Tuning,Tuning,0.36999558956005774,0.6300044104399424
Ela_metadataset,SVM_Linear,0.95,Tuning,Tuning,0.3369657698464258,0.6630342301535742
Ela_metadataset,SVM_Linear,0.95,Defaults,Tuning,0.48533488314578443,0.5146651168542156
Ela_metadataset,SVM_Linear,0.95,Tuning,Tuning,0.17755288779903533,0.8224471122009647
Ela_metadataset,SVM_Linear,0.95,Defaults,Tuning,0.3313343567876182,0.6686656432123818
Ela_metadataset,SVM_Linear,0.95,Tuning,Tuning,0.09868452920367805,0.901315470796322
Ela_metadataset,SVM_Linear,0.95,Tuning,Tuning,0.2896142274293533,0.7103857725706466
Ela_metadataset,SVM_Linear,0.95,Defaults,Defaults,0.5172076834264157,0.48279231657358446
Ela_metadataset,SVM_Linear,0.95,Tuning,Tuning,0.3311544499093725,0.6688455500906275
Ela_metadataset,SVM_Linear,0.95,Defaults,Tuning,0.36473332668638697,0.6352666733136131
Ela_metadataset,SVM_Linear,0.95,Tuning,Tuning,0.21760885794249116,0.7823911420575089
Ela_metadataset,SVM_Linear,0.95,Tuning,Tuning,0.15009951333138188,0.8499004866686181
Ela_metadataset,SVM_Linear,0.95,Tuning,Tuning,0.31777437616314147,0.6822256238368584
Ela_metadataset,SVM_Linear,0.95,Defaults,Tuning,0.2659574985498942,0.7340425014501056
Ela_metadataset,SVM_Linear,0.95,Tuning,Tuning,0.09635098913682055,0.9036490108631794
Ela_metadataset,SVM_Linear,0.95,Tuning,Tuning,0.3615703418120353,0.6384296581879647
Ela_metadataset,SVM_Linear,0.95,Tuning,Tuning,0.12524653293715488,0.8747534670628451
Ela_metadataset,SVM_Linear,0.95,Defaults,Tuning,0.22915543716258188,0.770844562837418
Ela_metadataset,SVM_Linear,0.95,Tuning,Tuning,0.20291233004388318,0.7970876699561167
Ela_metadataset,SVM_Linear,0.95,Tuning,Tuning,0.3841236662706631,0.6158763337293369
Ela_metadataset,SVM_Linear,0.95,Tuning,Tuning,0.06221217384431754,0.9377878261556823
Ela_metadataset,SVM_Linear,0.95,Tuning,Tuning,0.140739077581885,0.8592609224181151
Ela_metadataset,SVM_Linear,0.95,Tuning,Tuning,0.43055717196232923,0.5694428280376708
Ela_metadataset,SVM_Linear,0.95,Tuning,Tuning,0.40833506514387163,0.5916649348561284
Ela_metadataset,SVM_Linear,0.95,Tuning,Tuning,0.14219086417259422,0.8578091358274058
Ela_metadataset,SVM_Linear,0.95,Defaults,Tuning,0.33654343895640626,0.6634565610435935
Ela_metadataset,SVM_Linear,0.95,Tuning,Tuning,0.15943318257262784,0.8405668174273724
Ela_metadataset,SVM_Linear,0.95,Tuning,Tuning,0.22401174867785742,0.7759882513221427
Ela_metadataset,SVM_Linear,0.95,Tuning,Tuning,0.2939985241136465,0.7060014758863536
Ela_metadataset,SVM_Linear,0.95,Tuning,Tuning,0.2194531455318503,0.7805468544681498
Ela_metadataset,SVM_Linear,0.95,Tuning,Tuning,0.005914838754262802,0.994085161245737
Ela_metadataset,SVM_Linear,0.95,Tuning,Tuning,0.2918509931752408,0.7081490068247588
Ela_metadataset,SVM_Linear,0.95,Tuning,Defaults,0.5944881704962817,0.4055118295037185
Ela_metadataset,SVM_Linear,0.95,Tuning,Tuning,0.21988489375526343,0.7801151062447366
Ela_metadataset,SVM_Linear,0.95,Defaults,Defaults,0.5724645516443753,0.4275354483556247
Ela_metadataset,SVM_Linear,0.95,Tuning,Tuning,0.036407653696196286,0.9635923463038037
Ela_metadataset,SVM_Linear,0.95,Defaults,Tuning,0.24766778456055732,0.7523322154394427
Ela_metadataset,SVM_Linear,0.95,Tuning,Tuning,0.10599722062316132,0.8940027793768387
Ela_metadataset,SVM_Linear,0.95,Tuning,Tuning,0.4472473859084508,0.5527526140915491
Ela_metadataset,SVM_Linear,0.95,Tuning,Tuning,0.1040752465658322,0.8959247534341679
Ela_metadataset,SVM_Linear,0.95,Tuning,Tuning,0.18672783085085287,0.813272169149147
Ela_metadataset,SVM_Linear,0.95,Defaults,Tuning,0.24586061471753873,0.7541393852824612
Ela_metadataset,SVM_Linear,0.95,Defaults,Tuning,0.4069992395981507,0.5930007604018492
Ela_metadataset,SVM_Linear,0.95,Tuning,Tuning,0.1954638123794721,0.8045361876205279
Ela_metadataset,SVM_Linear,0.95,Tuning,Tuning,0.18477914847320984,0.8152208515267902
Ela_metadataset,SVM_Linear,0.95,Tuning,Tuning,0.28952696382143,0.7104730361785698
Ela_metadataset,SVM_Linear,0.95,Tuning,Tuning,0.30046641046652783,0.6995335895334724
Ela_metadataset,SVM_Linear,0.95,Tuning,Tuning,0.2133638914417605,0.7866361085582394
Ela_metadataset,SVM_Linear,0.95,Tuning,Tuning,0.22628870317201388,0.7737112968279862
Ela_metadataset,SVM_Linear,0.95,Tuning,Tuning,0.161272519455161,0.8387274805448389
Ela_metadataset,SVM_Linear,0.95,Tuning,Tuning,0.37040749085044194,0.629592509149558
Ela_metadataset,SVM_Linear,0.95,Defaults,Tuning,0.2606629817865055,0.7393370182134946
Ela_metadataset,SVM_Linear,0.95,Tuning,Tuning,0.3233251312309717,0.6766748687690284
Ela_metadataset,SVM_Linear,0.95,Tuning,Tuning,0.4293811407949593,0.5706188592050407
Ela_metadataset,SVM_Linear,0.95,Tuning,Tuning,0.2551300331190948,0.744869966880905
Ela_metadataset,SVM_Linear,0.95,Tuning,Tuning,0.3381722778571979,0.6618277221428023
Ela_metadataset,SVM_Linear,0.95,Defaults,Tuning,0.196841372452515,0.8031586275474849
Ela_metadataset,SVM_Linear,0.95,Tuning,Tuning,0.09737894745486515,0.9026210525451348
Ela_metadataset,SVM_Linear,0.95,Tuning,Tuning,0.15155637955859935,0.8484436204414004
Ela_metadataset,SVM_Linear,0.95,Tuning,Tuning,0.036397274467218056,0.963602725532782
Ela_metadataset,SVM_Linear,0.95,Defaults,Tuning,0.1550047233570561,0.8449952766429439
Ela_metadataset,SVM_Linear,0.95,Tuning,Tuning,0.1692863423457517,0.8307136576542483
Ela_metadataset,SVM_Linear,0.95,Tuning,Tuning,0.3245981347067978,0.675401865293202
Ela_metadataset,SVM_Linear,0.95,Tuning,Tuning,0.06335378696936317,0.9366462130306369
Ela_metadataset,SVM_Linear,0.95,Defaults,Defaults,0.6117406768844966,0.3882593231155033
Ela_metadataset,SVM_Linear,0.95,Defaults,Tuning,0.4299775318738179,0.5700224681261823
Ela_metadataset,SVM_Linear,0.95,Tuning,Defaults,0.9024265918835656,0.0975734081164343
Ela_metadataset,SVM_Linear,0.95,Tuning,Tuning,0.17523273702397493,0.8247672629760251
Ela_metadataset,SVM_Linear,0.95,Tuning,Tuning,0.2157593221246138,0.7842406778753863
Ela_metadataset,SVM_Linear,0.95,Defaults,Tuning,0.24271582733846936,0.7572841726615306
Ela_metadataset,SVM_Linear,0.95,Defaults,Tuning,0.21894382767200155,0.7810561723279985
Ela_metadataset,SVM_Linear,0.95,Defaults,Tuning,0.3482384067330023,0.6517615932669978
Ela_metadataset,SVM_Linear,0.95,Tuning,Tuning,0.10427728120452141,0.8957227187954785
Ela_metadataset,SVM_Linear,0.95,Defaults,Tuning,0.436683186123267,0.563316813876733
Ela_metadataset,SVM_Linear,0.95,Tuning,Tuning,0.3045226949947158,0.6954773050052838
Ela_metadataset,SVM_Linear,0.95,Tuning,Tuning,0.10047245691752872,0.8995275430824713
Ela_metadataset,SVM_Linear,0.95,Defaults,Tuning,0.33066100945683835,0.6693389905431617
Ela_metadataset,SVM_Linear,0.95,Defaults,Tuning,0.26386446253597107,0.7361355374640292
Ela_metadataset,SVM_Linear,0.95,Tuning,Tuning,0.2956284301367179,0.704371569863282
Ela_metadataset,SVM_Linear,0.95,Tuning,Tuning,0.482434081071202,0.5175659189287981
Ela_metadataset,SVM_Linear,0.95,Defaults,Tuning,0.20274288905681018,0.7972571109431899
Ela_metadataset,SVM_Linear,0.95,Tuning,Tuning,0.047324420635062536,0.9526755793649375
Ela_metadataset,SVM_Linear,0.95,Tuning,Tuning,0.287438300491587,0.7125616995084129
Ela_metadataset,SVM_Linear,0.95,Tuning,Tuning,0.3549663211452714,0.6450336788547287
Ela_metadataset,SVM_Linear,0.95,Tuning,Tuning,0.14429272649002312,0.8557072735099769
Ela_metadataset,SVM_RBF,0.8,Tuning,Tuning,0.30521309668393803,0.6947869033160617
Ela_metadataset,SVM_RBF,0.8,Tuning,Tuning,0.10796735867753303,0.892032641322467
Ela_metadataset,SVM_RBF,0.8,Defaults,Defaults,0.5974795864162659,0.4025204135837342
Ela_metadataset,SVM_RBF,0.8,Tuning,Tuning,0.1289963164601371,0.871003683539863
Ela_metadataset,SVM_RBF,0.8,Tuning,Tuning,0.04484955441663987,0.95515044558336
Ela_metadataset,SVM_RBF,0.8,Tuning,Tuning,0.25993764860713287,0.7400623513928671
Ela_metadataset,SVM_RBF,0.8,Tuning,Tuning,0.05060827997451868,0.9493917200254812
Ela_metadataset,SVM_RBF,0.8,Defaults,Tuning,0.3127674596806347,0.6872325403193653
Ela_metadataset,SVM_RBF,0.8,Defaults,Tuning,0.3556067590612814,0.6443932409387184
Ela_metadataset,SVM_RBF,0.8,Tuning,Tuning,0.2303255715404495,0.7696744284595506
Ela_metadataset,SVM_RBF,0.8,Tuning,Tuning,0.042217753352147606,0.9577822466478524
Ela_metadataset,SVM_RBF,0.8,Defaults,Tuning,0.2687298304094246,0.7312701695905752
Ela_metadataset,SVM_RBF,0.8,Tuning,Tuning,0.26715151141108145,0.7328484885889184
Ela_metadataset,SVM_RBF,0.8,Tuning,Tuning,0.2929735384675718,0.7070264615324281
Ela_metadataset,SVM_RBF,0.8,Tuning,Tuning,0.2789746525276755,0.7210253474723246
Ela_metadataset,SVM_RBF,0.8,Tuning,Tuning,0.050795516159312194,0.9492044838406878
Ela_metadataset,SVM_RBF,0.8,Defaults,Defaults,0.6477460225563272,0.35225397744367276
Ela_metadataset,SVM_RBF,0.8,Tuning,Tuning,0.06547196049053748,0.9345280395094626
Ela_metadataset,SVM_RBF,0.8,Defaults,Tuning,0.38098182259084556,0.6190181774091543
Ela_metadataset,SVM_RBF,0.8,Tuning,Defaults,0.8518735574560274,0.14812644254397261
Ela_metadataset,SVM_RBF,0.8,Tuning,Tuning,0.251331455532568,0.7486685444674321
Ela_metadataset,SVM_RBF,0.8,Defaults,Tuning,0.41538916109286034,0.5846108389071395
Ela_metadataset,SVM_RBF,0.8,Tuning,Defaults,0.7971859511198471,0.20281404888015278
Ela_metadataset,SVM_RBF,0.8,Tuning,Tuning,0.13448545105022167,0.8655145489497783
Ela_metadataset,SVM_RBF,0.8,Tuning,Tuning,0.07416515395153514,0.925834846048465
Ela_metadataset,SVM_RBF,0.8,Tuning,Tuning,0.2904597588210795,0.7095402411789204
Ela_metadataset,SVM_RBF,0.8,Tuning,Tuning,0.07194403620373367,0.9280559637962663
Ela_metadataset,SVM_RBF,0.8,Tuning,Tuning,0.08511063242915863,0.9148893675708413
Ela_metadataset,SVM_RBF,0.8,Tuning,Tuning,0.05467133782842861,0.9453286621715714
Ela_metadataset,SVM_RBF,0.8,Tuning,Tuning,0.1381603469182295,0.8618396530817707
Ela_metadataset,SVM_RBF,0.8,Tuning,Tuning,0.1551183196959778,0.8448816803040223
Ela_metadataset,SVM_RBF,0.8,Tuning,Tuning,0.06204043777596023,0.93795956222404
Ela_metadataset,SVM_RBF,0.8,Defaults,Defaults,0.5741471036170156,0.4258528963829843
Ela_metadataset,SVM_RBF,0.8,Defaults,Tuning,0.4200277557743308,0.5799722442256694
Ela_metadataset,SVM_RBF,0.8,Tuning,Tuning,0.08757705863427327,0.9124229413657267
Ela_metadataset,SVM_RBF,0.8,Tuning,Tuning,0.25798544241867544,0.7420145575813244
Ela_metadataset,SVM_RBF,0.8,Tuning,Tuning,0.35382088481505747,0.6461791151849423
Ela_metadataset,SVM_RBF,0.8,Defaults,Tuning,0.3077563655946506,0.6922436344053494
Ela_metadataset,SVM_RBF,0.8,Tuning,Tuning,0.24160931206343578,0.7583906879365641
Ela_metadataset,SVM_RBF,0.8,Defaults,Tuning,0.4553798166155807,0.5446201833844192
Ela_metadataset,SVM_RBF,0.8,Tuning,Tuning,0.18329929578387935,0.8167007042161207
Ela_metadataset,SVM_RBF,0.8,Tuning,Tuning,0.08442852498589055,0.9155714750141095
Ela_metadataset,SVM_RBF,0.8,Tuning,Tuning,0.2569965967112725,0.7430034032887274
Ela_metadataset,SVM_RBF,0.8,Tuning,Tuning,0.13798489046085202,0.8620151095391482
Ela_metadataset,SVM_RBF,0.8,Tuning,Tuning,0.26988683919701734,0.7301131608029828
Ela_metadataset,SVM_RBF,0.8,Tuning,Tuning,0.15044982577470456,0.8495501742252953
Ela_metadataset,SVM_RBF,0.8,Tuning,Tuning,0.21208901999334068,0.7879109800066594
Ela_metadataset,SVM_RBF,0.8,Tuning,Tuning,0.11845289964523846,0.8815471003547616
Ela_metadataset,SVM_RBF,0.8,Tuning,Tuning,0.3318391695682583,0.6681608304317417
Ela_metadataset,SVM_RBF,0.8,Tuning,Tuning,0.12245466410606982,0.87754533589393
Ela_metadataset,SVM_RBF,0.8,Defaults,Tuning,0.3819405605114988,0.6180594394885013
Ela_metadataset,SVM_RBF,0.8,Tuning,Tuning,0.15442901196981643,0.8455709880301835
Ela_metadataset,SVM_RBF,0.8,Tuning,Tuning,0.09688224915074516,0.9031177508492548
Ela_metadataset,SVM_RBF,0.8,Defaults,Tuning,0.16504936278977078,0.8349506372102292
Ela_metadataset,SVM_RBF,0.8,Tuning,Tuning,0.344809059558683,0.655190940441317
Ela_metadataset,SVM_RBF,0.8,Tuning,Tuning,0.17995615130755663,0.8200438486924432
Ela_metadataset,SVM_RBF,0.8,Tuning,Tuning,0.09110117267594926,0.9088988273240509
Ela_metadataset,SVM_RBF,0.8,Tuning,Tuning,0.4321397460383495,0.5678602539616505
Ela_metadataset,SVM_RBF,0.8,Tuning,Tuning,0.2967780745207181,0.7032219254792821
Ela_metadataset,SVM_RBF,0.8,Tuning,Tuning,0.34602525623045977,0.6539747437695403
Ela_metadataset,SVM_RBF,0.8,Tuning,Tuning,0.22058622346961942,0.7794137765303806
Ela_metadataset,SVM_RBF,0.8,Tuning,Tuning,0.18312062711056076,0.8168793728894392
Ela_metadataset,SVM_RBF,0.8,Tuning,Tuning,0.17036110584666073,0.8296388941533395
Ela_metadataset,SVM_RBF,0.8,Defaults,Tuning,0.3288151328224035,0.6711848671775964
Ela_metadataset,SVM_RBF,0.8,Tuning,Tuning,0.4378517147130792,0.5621482852869208
Ela_metadataset,SVM_RBF,0.8,Defaults,Tuning,0.45985917239760166,0.5401408276023981
Ela_metadataset,SVM_RBF,0.8,Tuning,Tuning,0.193918451548309,0.8060815484516913
Ela_metadataset,SVM_RBF,0.8,Tuning,Tuning,0.23796604917063868,0.7620339508293615
Ela_metadataset,SVM_RBF,0.8,Tuning,Tuning,0.3098270208158264,0.6901729791841734
Ela_metadataset,SVM_RBF,0.8,Tuning,Tuning,0.4458104187436136,0.5541895812563865
Ela_metadataset,SVM_RBF,0.8,Tuning,Tuning,0.3875426106268826,0.6124573893731176
Ela_metadataset,SVM_RBF,0.8,Defaults,Tuning,0.3542352092677904,0.64576479073221
Ela_metadataset,SVM_RBF,0.8,Tuning,Tuning,0.3630014663988589,0.6369985336011412
Ela_metadataset,SVM_RBF,0.8,Defaults,Tuning,0.32885457818442276,0.6711454218155773
Ela_metadataset,SVM_RBF,0.8,Defaults,Tuning,0.34696965112808237,0.6530303488719177
Ela_metadataset,SVM_RBF,0.8,Defaults,Tuning,0.19732106861401355,0.8026789313859867
Ela_metadataset,SVM_RBF,0.8,Defaults,Tuning,0.3157555257724204,0.6842444742275798
Ela_metadataset,SVM_RBF,0.8,Tuning,Tuning,0.18867590164263678,0.8113240983573631
Ela_metadataset,SVM_RBF,0.8,Tuning,Tuning,0.21859886594360675,0.7814011340563933
Ela_metadataset,SVM_RBF,0.8,Tuning,Tuning,0.25966978523614903,0.7403302147638507
Ela_metadataset,SVM_RBF,0.8,Defaults,Tuning,0.31828085239184295,0.6817191476081569
Ela_metadataset,SVM_RBF,0.8,Defaults,Tuning,0.24856137628647132,0.7514386237135287
Ela_metadataset,SVM_RBF,0.8,Defaults,Tuning,0.33721626099453245,0.6627837390054676
Ela_metadataset,SVM_RBF,0.8,Defaults,Defaults,0.521958659409489,0.47804134059051107
Ela_metadataset,SVM_RBF,0.8,Tuning,Tuning,0.401552818805851,0.598447181194149
Ela_metadataset,SVM_RBF,0.8,Tuning,Defaults,0.5847315078901021,0.41526849210989797
Ela_metadataset,SVM_RBF,0.8,Defaults,Defaults,0.6527891167359646,0.34721088326403543
Ela_metadataset,SVM_RBF,0.8,Tuning,Tuning,0.18641549314330635,0.8135845068566936
Ela_metadataset,SVM_RBF,0.8,Defaults,Tuning,0.2399890968864155,0.7600109031135843
Ela_metadataset,SVM_RBF,0.8,Tuning,Tuning,0.13468213965869705,0.865317860341303
Ela_metadataset,SVM_RBF,0.8,Tuning,Tuning,0.21206838224773616,0.7879316177522637
Ela_metadataset,SVM_RBF,0.8,Defaults,Defaults,0.5246132098552378,0.47538679014476204
Ela_metadataset,SVM_RBF,0.8,Tuning,Tuning,0.21727522113609005,0.7827247788639101
Ela_metadataset,SVM_RBF,0.8,Defaults,Defaults,0.5109803706744713,0.48901962932552845
Ela_metadataset,SVM_RBF,0.8,Tuning,Tuning,0.24581441984500674,0.7541855801549934
Ela_metadataset,SVM_RBF,0.8,Tuning,Tuning,0.11579588287263393,0.8842041171273661
Ela_metadataset,SVM_RBF,0.8,Tuning,Tuning,0.2030030802904541,0.7969969197095458
Ela_metadataset,SVM_RBF,0.8,Defaults,Tuning,0.15675127563850338,0.8432487243614964
Ela_metadataset,SVM_RBF,0.8,Tuning,Tuning,0.09615450729870666,0.9038454927012934
Ela_metadataset,SVM_RBF,0.8,Tuning,Tuning,0.32910315856854244,0.6708968414314573
Ela_metadataset,SVM_RBF,0.8,Tuning,Tuning,0.08722741127861235,0.9127725887213874
Ela_metadataset,SVM_RBF,0.8,Defaults,Tuning,0.18403843412025583,0.8159615658797441
Ela_metadataset,SVM_RBF,0.8,Tuning,Tuning,0.23284700628231503,0.7671529937176848
Ela_metadataset,SVM_RBF,0.8,Tuning,Tuning,0.2423252962491177,0.7576747037508822
Ela_metadataset,SVM_RBF,0.8,Tuning,Tuning,0.10399674125948122,0.8960032587405184
Ela_metadataset,SVM_RBF,0.8,Tuning,Tuning,0.10984483934203058,0.8901551606579696
Ela_metadataset,SVM_RBF,0.8,Tuning,Defaults,0.5184331136491503,0.48156688635084965
Ela_metadataset,SVM_RBF,0.8,Tuning,Tuning,0.24069900220220977,0.75930099779779
Ela_metadataset,SVM_RBF,0.8,Tuning,Tuning,0.15662766968478234,0.8433723303152179
Ela_metadataset,SVM_RBF,0.8,Defaults,Tuning,0.28048827934090464,0.7195117206590954
Ela_metadataset,SVM_RBF,0.8,Tuning,Tuning,0.10954060902014959,0.8904593909798504
Ela_metadataset,SVM_RBF,0.8,Tuning,Tuning,0.14949338522419017,0.8505066147758098
Ela_metadataset,SVM_RBF,0.8,Tuning,Tuning,0.20730243326425435,0.7926975667357457
Ela_metadataset,SVM_RBF,0.8,Tuning,Tuning,0.1965249634353498,0.8034750365646502
Ela_metadataset,SVM_RBF,0.8,Tuning,Tuning,0.22511522190759967,0.7748847780924004
Ela_metadataset,SVM_RBF,0.8,Tuning,Tuning,0.18798328380069218,0.8120167161993079
Ela_metadataset,SVM_RBF,0.8,Tuning,Defaults,0.781746442654661,0.21825355734533908
Ela_metadataset,SVM_RBF,0.8,Tuning,Tuning,0.21628453241552492,0.7837154675844752
Ela_metadataset,SVM_RBF,0.8,Defaults,Defaults,0.5957265328179757,0.4042734671820242
Ela_metadataset,SVM_RBF,0.8,Tuning,Tuning,0.08762660770474029,0.9123733922952597
Ela_metadataset,SVM_RBF,0.8,Defaults,Tuning,0.11628903280735241,0.8837109671926476
Ela_metadataset,SVM_RBF,0.8,Tuning,Tuning,0.04639564224303294,0.9536043577569672
Ela_metadataset,SVM_RBF,0.8,Tuning,Tuning,0.4829014431701944,0.5170985568298058
Ela_metadataset,SVM_RBF,0.8,Tuning,Tuning,0.1781917702341023,0.8218082297658975
Ela_metadataset,SVM_RBF,0.8,Tuning,Tuning,0.11966400192031953,0.8803359980796803
Ela_metadataset,SVM_RBF,0.8,Defaults,Tuning,0.2123739024911001,0.7876260975088999
Ela_metadataset,SVM_RBF,0.8,Defaults,Tuning,0.3876864341308611,0.6123135658691389
Ela_metadataset,SVM_RBF,0.8,Tuning,Tuning,0.1842921568826961,0.815707843117304
Ela_metadataset,SVM_RBF,0.8,Tuning,Tuning,0.14854438599766254,0.8514556140023373
Ela_metadataset,SVM_RBF,0.8,Tuning,Tuning,0.24716778875213033,0.7528322112478696
Ela_metadataset,SVM_RBF,0.8,Tuning,Tuning,0.21375335404228668,0.7862466459577134
Ela_metadataset,SVM_RBF,0.8,Tuning,Tuning,0.3306241731105065,0.6693758268894935
Ela_metadataset,SVM_RBF,0.8,Tuning,Tuning,0.10808273415855262,0.8919172658414476
Ela_metadataset,SVM_RBF,0.8,Tuning,Tuning,0.13297091444160603,0.867029085558394
Ela_metadataset,SVM_RBF,0.8,Tuning,Tuning,0.35037987498320433,0.6496201250167956
Ela_metadataset,SVM_RBF,0.8,Defaults,Tuning,0.19715557725521982,0.8028444227447803
Ela_metadataset,SVM_RBF,0.8,Tuning,Defaults,0.646080211275659,0.3539197887243409
Ela_metadataset,SVM_RBF,0.8,Tuning,Tuning,0.2852932022776948,0.7147067977223053
Ela_metadataset,SVM_RBF,0.8,Tuning,Tuning,0.22378064368201206,0.7762193563179881
Ela_metadataset,SVM_RBF,0.8,Tuning,Tuning,0.3883530225380449,0.6116469774619553
Ela_metadataset,SVM_RBF,0.8,Defaults,Tuning,0.3684082775322867,0.6315917224677132
Ela_metadataset,SVM_RBF,0.8,Tuning,Tuning,0.12544800310652798,0.874551996893472
Ela_metadataset,SVM_RBF,0.8,Tuning,Tuning,0.10964070991107848,0.8903592900889215
Ela_metadataset,SVM_RBF,0.8,Tuning,Tuning,0.12380272687249663,0.8761972731275033
Ela_metadataset,SVM_RBF,0.8,Defaults,Tuning,0.10896072609542648,0.8910392739045735
Ela_metadataset,SVM_RBF,0.8,Tuning,Tuning,0.1763226711700733,0.8236773288299267
Ela_metadataset,SVM_RBF,0.8,Tuning,Tuning,0.26451267543422835,0.7354873245657715
Ela_metadataset,SVM_RBF,0.8,Tuning,Tuning,0.12988849776961692,0.8701115022303834
Ela_metadataset,SVM_RBF,0.8,Defaults,Defaults,0.7119830188889679,0.28801698111103213
Ela_metadataset,SVM_RBF,0.8,Defaults,Defaults,0.5081337906055311,0.49186620939446896
Ela_metadataset,SVM_RBF,0.8,Tuning,Defaults,0.5997984795024532,0.40020152049754687
Ela_metadataset,SVM_RBF,0.8,Tuning,Tuning,0.2327037621496222,0.7672962378503777
Ela_metadataset,SVM_RBF,0.8,Tuning,Tuning,0.17195842448635093,0.8280415755136491
Ela_metadataset,SVM_RBF,0.8,Defaults,Tuning,0.18566123240972227,0.8143387675902777
Ela_metadataset,SVM_RBF,0.8,Defaults,Tuning,0.18799583753712162,0.8120041624628783
Ela_metadataset,SVM_RBF,0.8,Defaults,Tuning,0.44976480638502964,0.5502351936149704
Ela_metadataset,SVM_RBF,0.8,Tuning,Tuning,0.1266851366621338,0.8733148633378661
Ela_metadataset,SVM_RBF,0.8,Defaults,Tuning,0.31299709192697645,0.6870029080730234
Ela_metadataset,SVM_RBF,0.8,Tuning,Tuning,0.2819257121363236,0.7180742878636764
Ela_metadataset,SVM_RBF,0.8,Tuning,Tuning,0.13326483327329255,0.8667351667267076
Ela_metadataset,SVM_RBF,0.8,Defaults,Tuning,0.21146488099908214,0.788535119000918
Ela_metadataset,SVM_RBF,0.8,Defaults,Tuning,0.22701232101394764,0.7729876789860524
Ela_metadataset,SVM_RBF,0.8,Tuning,Tuning,0.24185784085420378,0.7581421591457961
Ela_metadataset,SVM_RBF,0.8,Tuning,Tuning,0.33029105962269073,0.669708940377309
Ela_metadataset,SVM_RBF,0.8,Defaults,Tuning,0.45792353666740737,0.5420764633325925
Ela_metadataset,SVM_RBF,0.8,Tuning,Tuning,0.1133878424003145,0.8866121575996856
Ela_metadataset,SVM_RBF,0.8,Tuning,Tuning,0.4698819690994036,0.5301180309005965
Ela_metadataset,SVM_RBF,0.8,Tuning,Tuning,0.48445593341065174,0.5155440665893481
Ela_metadataset,SVM_RBF,0.8,Tuning,Tuning,0.2574608946922695,0.74253910530773
Ela_metadataset,SVM_RBF,0.85,Tuning,Tuning,0.25238412398578464,0.7476158760142153
Ela_metadataset,SVM_RBF,0.85,Tuning,Tuning,0.11956161040627186,0.8804383895937282
Ela_metadataset,SVM_RBF,0.85,Defaults,Defaults,0.6274560893019624,0.37254391069803766
Ela_metadataset,SVM_RBF,0.85,Tuning,Tuning,0.11220439838263746,0.8877956016173624
Ela_metadataset,SVM_RBF,0.85,Tuning,Tuning,0.04240380021093603,0.9575961997890639
Ela_metadataset,SVM_RBF,0.85,Tuning,Tuning,0.22823787293456183,0.7717621270654381
Ela_metadataset,SVM_RBF,0.85,Tuning,Tuning,0.05129923586423016,0.9487007641357698
Ela_metadataset,SVM_RBF,0.85,Defaults,Tuning,0.3191356604534418,0.6808643395465583
Ela_metadataset,SVM_RBF,0.85,Defaults,Tuning,0.3328379782637419,0.667162021736258
Ela_metadataset,SVM_RBF,0.85,Tuning,Tuning,0.24084442550375054,0.7591555744962495
Ela_metadataset,SVM_RBF,0.85,Tuning,Tuning,0.041802149129369706,0.9581978508706304
Ela_metadataset,SVM_RBF,0.85,Defaults,Tuning,0.32110302728341644,0.6788969727165837
Ela_metadataset,SVM_RBF,0.85,Tuning,Tuning,0.22102960057927618,0.7789703994207239
Ela_metadataset,SVM_RBF,0.85,Tuning,Tuning,0.27803189715530696,0.721968102844693
Ela_metadataset,SVM_RBF,0.85,Tuning,Tuning,0.27385463718448516,0.7261453628155146
Ela_metadataset,SVM_RBF,0.85,Tuning,Tuning,0.07178917859878314,0.9282108214012169
Ela_metadataset,SVM_RBF,0.85,Defaults,Defaults,0.6198145617220114,0.38018543827798856
Ela_metadataset,SVM_RBF,0.85,Tuning,Tuning,0.07675997089000218,0.9232400291099978
Ela_metadataset,SVM_RBF,0.85,Defaults,Tuning,0.41237843154799664,0.5876215684520035
Ela_metadataset,SVM_RBF,0.85,Tuning,Defaults,0.8247803039059339,0.17521969609406604
Ela_metadataset,SVM_RBF,0.85,Tuning,Tuning,0.3033606677141809,0.6966393322858193
Ela_metadataset,SVM_RBF,0.85,Defaults,Tuning,0.41061640715415915,0.5893835928458409
Ela_metadataset,SVM_RBF,0.85,Tuning,Defaults,0.8519038585574319,0.14809614144256805
Ela_metadataset,SVM_RBF,0.85,Tuning,Tuning,0.1484060373767907,0.8515939626232093
Ela_metadataset,SVM_RBF,0.85,Tuning,Tuning,0.08966698899115734,0.9103330110088428
Ela_metadataset,SVM_RBF,0.85,Tuning,Tuning,0.28837519265904515,0.7116248073409548
Ela_metadataset,SVM_RBF,0.85,Tuning,Tuning,0.061384715802104514,0.9386152841978955
Ela_metadataset,SVM_RBF,0.85,Tuning,Tuning,0.08554036725084838,0.9144596327491518
Ela_metadataset,SVM_RBF,0.85,Tuning,Tuning,0.049243432980959574,0.9507565670190402
Ela_metadataset,SVM_RBF,0.85,Tuning,Tuning,0.12027523282422864,0.8797247671757715
Ela_metadataset,SVM_RBF,0.85,Tuning,Tuning,0.1441272854765182,0.8558727145234819
Ela_metadataset,SVM_RBF,0.85,Tuning,Tuning,0.05469300362172032,0.9453069963782798
Ela_metadataset,SVM_RBF,0.85,Defaults,Defaults,0.6073023593921139,0.3926976406078862
Ela_metadataset,SVM_RBF,0.85,Defaults,Tuning,0.4638068871389788,0.5361931128610213
Ela_metadataset,SVM_RBF,0.85,Tuning,Tuning,0.08706255682073713,0.9129374431792628
Ela_metadataset,SVM_RBF,0.85,Tuning,Tuning,0.25280979034074863,0.7471902096592513
Ela_metadataset,SVM_RBF,0.85,Tuning,Tuning,0.38362985213049344,0.6163701478695066
Ela_metadataset,SVM_RBF,0.85,Defaults,Tuning,0.3248653314912727,0.6751346685087275
Ela_metadataset,SVM_RBF,0.85,Tuning,Tuning,0.21407907816296873,0.7859209218370313
Ela_metadataset,SVM_RBF,0.85,Defaults,Tuning,0.40851853871506155,0.5914814612849386
Ela_metadataset,SVM_RBF,0.85,Tuning,Tuning,0.17400108949627716,0.825998910503723
Ela_metadataset,SVM_RBF,0.85,Tuning,Tuning,0.0826726388010478,0.9173273611989523
Ela_metadataset,SVM_RBF,0.85,Tuning,Tuning,0.2475917308534068,0.7524082691465931
Ela_metadataset,SVM_RBF,0.85,Tuning,Tuning,0.12316652216439374,0.8768334778356063
Ela_metadataset,SVM_RBF,0.85,Tuning,Tuning,0.2301251361234542,0.7698748638765457
Ela_metadataset,SVM_RBF,0.85,Tuning,Tuning,0.1602093483834207,0.8397906516165792
Ela_metadataset,SVM_RBF,0.85,Tuning,Tuning,0.1829731229085135,0.8170268770914866
Ela_metadataset,SVM_RBF,0.85,Tuning,Tuning,0.10012808784930757,0.8998719121506924
Ela_metadataset,SVM_RBF,0.85,Tuning,Tuning,0.27815689146309297,0.7218431085369068
Ela_metadataset,SVM_RBF,0.85,Tuning,Tuning,0.10744843839751986,0.8925515616024803
Ela_metadataset,SVM_RBF,0.85,Defaults,Tuning,0.4029506686940453,0.5970493313059548
Ela_metadataset,SVM_RBF,0.85,Tuning,Tuning,0.12528856302523983,0.8747114369747602
Ela_metadataset,SVM_RBF,0.85,Tuning,Tuning,0.08784567031257057,0.9121543296874294
Ela_metadataset,SVM_RBF,0.85,Defaults,Tuning,0.13669020969792214,0.863309790302078
Ela_metadataset,SVM_RBF,0.85,Tuning,Tuning,0.3580470477177202,0.64195295228228
Ela_metadataset,SVM_RBF,0.85,Tuning,Tuning,0.1884999619142711,0.8115000380857289
Ela_metadataset,SVM_RBF,0.85,Tuning,Tuning,0.08657915117803029,0.9134208488219696
Ela_metadataset,SVM_RBF,0.85,Tuning,Tuning,0.4400030560008298,0.5599969439991702
Ela_metadataset,SVM_RBF,0.85,Tuning,Tuning,0.278179240692875,0.7218207593071249
Ela_metadataset,SVM_RBF,0.85,Tuning,Tuning,0.3569473132607288,0.6430526867392712
Ela_metadataset,SVM_RBF,0.85,Tuning,Tuning,0.17353951800764203,0.826460481992358
Ela_metadataset,SVM_RBF,0.85,Tuning,Tuning,0.23103672890054083,0.7689632710994591
Ela_metadataset,SVM_RBF,0.85,Tuning,Tuning,0.13541393177813218,0.8645860682218679
Ela_metadataset,SVM_RBF,0.85,Defaults,Tuning,0.3270296624159675,0.6729703375840326
Ela_metadataset,SVM_RBF,0.85,Tuning,Tuning,0.39428544701968915,0.6057145529803108
Ela_metadataset,SVM_RBF,0.85,Defaults,Defaults,0.5,0.5
Ela_metadataset,SVM_RBF,0.85,Tuning,Tuning,0.18235645653579874,0.8176435434642013
Ela_metadataset,SVM_RBF,0.85,Tuning,Tuning,0.18715023902114258,0.8128497609788575
Ela_metadataset,SVM_RBF,0.85,Tuning,Tuning,0.2380029804678228,0.761997019532177
Ela_metadataset,SVM_RBF,0.85,Tuning,Defaults,0.5,0.5
Ela_metadataset,SVM_RBF,0.85,Tuning,Tuning,0.43599872348232227,0.5640012765176778
Ela_metadataset,SVM_RBF,0.85,Defaults,Tuning,0.3705986393802149,0.6294013606197851
Ela_metadataset,SVM_RBF,0.85,Tuning,Tuning,0.3874566376900683,0.6125433623099318
Ela_metadataset,SVM_RBF,0.85,Defaults,Tuning,0.32134937450524,0.6786506254947602
Ela_metadataset,SVM_RBF,0.85,Defaults,Tuning,0.37898952941313097,0.621010470586869
Ela_metadataset,SVM_RBF,0.85,Defaults,Tuning,0.19447788229084548,0.8055221177091543
Ela_metadataset,SVM_RBF,0.85,Defaults,Tuning,0.30649525908182096,0.693504740918179
Ela_metadataset,SVM_RBF,0.85,Tuning,Tuning,0.19022619443902838,0.8097738055609714
Ela_metadataset,SVM_RBF,0.85,Tuning,Tuning,0.2201165737941638,0.7798834262058361
Ela_metadataset,SVM_RBF,0.85,Tuning,Tuning,0.2594426602516535,0.7405573397483464
Ela_metadataset,SVM_RBF,0.85,Defaults,Tuning,0.316698367966229,0.6833016320337708
Ela_metadataset,SVM_RBF,0.85,Defaults,Tuning,0.2382408333691982,0.7617591666308018
Ela_metadataset,SVM_RBF,0.85,Defaults,Tuning,0.323143303931813,0.6768566960681871
Ela_metadataset,SVM_RBF,0.85,Defaults,Defaults,0.5512619952113396,0.44873800478866055
Ela_metadataset,SVM_RBF,0.85,Tuning,Defaults,0.5053535405694967,0.4946464594305034
Ela_metadataset,SVM_RBF,0.85,Tuning,Defaults,0.653867209235486,0.3461327907645139
Ela_metadataset,SVM_RBF,0.85,Defaults,Defaults,0.6872692834951287,0.31273071650487144
Ela_metadataset,SVM_RBF,0.85,Tuning,Tuning,0.16602168664575684,0.833978313354243
Ela_metadataset,SVM_RBF,0.85,Defaults,Tuning,0.2873365178455635,0.7126634821544365
Ela_metadataset,SVM_RBF,0.85,Tuning,Tuning,0.13342673381749653,0.8665732661825034
Ela_metadataset,SVM_RBF,0.85,Tuning,Tuning,0.22440293626965965,0.7755970637303405
Ela_metadataset,SVM_RBF,0.85,Defaults,Defaults,0.5354248423258283,0.46457515767417157
Ela_metadataset,SVM_RBF,0.85,Tuning,Tuning,0.24793143537110457,0.7520685646288956
Ela_metadataset,SVM_RBF,0.85,Defaults,Defaults,0.5868600849727952,0.4131399150272049
Ela_metadataset,SVM_RBF,0.85,Tuning,Tuning,0.22852590205752477,0.7714740979424751
Ela_metadataset,SVM_RBF,0.85,Tuning,Tuning,0.11674032277230673,0.8832596772276932
Ela_metadataset,SVM_RBF,0.85,Tuning,Tuning,0.21347829624177506,0.7865217037582248
Ela_metadataset,SVM_RBF,0.85,Defaults,Tuning,0.13386469734902354,0.8661353026509766
Ela_metadataset,SVM_RBF,0.85,Tuning,Tuning,0.08254124223474298,0.9174587577652572
Ela_metadataset,SVM_RBF,0.85,Tuning,Tuning,0.2727695830362817,0.7272304169637184
Ela_metadataset,SVM_RBF,0.85,Tuning,Tuning,0.0867232858497262,0.9132767141502737
Ela_metadataset,SVM_RBF,0.85,Defaults,Tuning,0.16630099119219632,0.8336990088078036
Ela_metadataset,SVM_RBF,0.85,Tuning,Tuning,0.24036755991756842,0.7596324400824317
Ela_metadataset,SVM_RBF,0.85,Tuning,Tuning,0.2529764362549924,0.7470235637450076
Ela_metadataset,SVM_RBF,0.85,Tuning,Tuning,0.0819770810451656,0.9180229189548345
Ela_metadataset,SVM_RBF,0.85,Tuning,Tuning,0.09512260932779466,0.9048773906722053
Ela_metadataset,SVM_RBF,0.85,Tuning,Defaults,0.510200306547228,0.48979969345277213
Ela_metadataset,SVM_RBF,0.85,Tuning,Tuning,0.2093314241253254,0.7906685758746745
Ela_metadataset,SVM_RBF,0.85,Tuning,Tuning,0.12291415733926166,0.8770858426607384
Ela_metadataset,SVM_RBF,0.85,Defaults,Tuning,0.2676639772222214,0.7323360227777787
Ela_metadataset,SVM_RBF,0.85,Tuning,Tuning,0.0978530167014969,0.9021469832985033
Ela_metadataset,SVM_RBF,0.85,Tuning,Tuning,0.11852356214188048,0.8814764378581195
Ela_metadataset,SVM_RBF,0.85,Tuning,Tuning,0.17672585494812887,0.8232741450518709
Ela_metadataset,SVM_RBF,0.85,Tuning,Tuning,0.19362738515098302,0.8063726148490169
Ela_metadataset,SVM_RBF,0.85,Tuning,Tuning,0.2154274031816092,0.7845725968183906
Ela_metadataset,SVM_RBF,0.85,Tuning,Tuning,0.1794013717449813,0.8205986282550185
Ela_metadataset,SVM_RBF,0.85,Tuning,Defaults,0.7845884418382126,0.21541155816178728
Ela_metadataset,SVM_RBF,0.85,Tuning,Tuning,0.23010151529673312,0.7698984847032672
Ela_metadataset,SVM_RBF,0.85,Defaults,Defaults,0.6300966561196026,0.36990334388039725
Ela_metadataset,SVM_RBF,0.85,Tuning,Tuning,0.08873698438904225,0.9112630156109577
Ela_metadataset,SVM_RBF,0.85,Defaults,Tuning,0.12285808063750434,0.8771419193624957
Ela_metadataset,SVM_RBF,0.85,Tuning,Tuning,0.049266411794101496,0.9507335882058985
Ela_metadataset,SVM_RBF,0.85,Tuning,Defaults,0.5872547781257792,0.4127452218742208
Ela_metadataset,SVM_RBF,0.85,Tuning,Tuning,0.16609780205999466,0.8339021979400053
Ela_metadataset,SVM_RBF,0.85,Tuning,Tuning,0.12001619109361862,0.8799838089063814
Ela_metadataset,SVM_RBF,0.85,Defaults,Tuning,0.22296012011044591,0.7770398798895539
Ela_metadataset,SVM_RBF,0.85,Defaults,Tuning,0.37489695085552177,0.6251030491444783
Ela_metadataset,SVM_RBF,0.85,Tuning,Tuning,0.15338463346915288,0.8466153665308472
Ela_metadataset,SVM_RBF,0.85,Tuning,Tuning,0.1382020032261161,0.8617979967738838
Ela_metadataset,SVM_RBF,0.85,Tuning,Tuning,0.20086301409797672,0.7991369859020231
Ela_metadataset,SVM_RBF,0.85,Tuning,Tuning,0.18116407374204224,0.8188359262579579
Ela_metadataset,SVM_RBF,0.85,Tuning,Tuning,0.3895066296815275,0.6104933703184724
Ela_metadataset,SVM_RBF,0.85,Tuning,Tuning,0.11887349962372715,0.8811265003762729
Ela_metadataset,SVM_RBF,0.85,Tuning,Tuning,0.11993320960129407,0.880066790398706
Ela_metadataset,SVM_RBF,0.85,Tuning,Tuning,0.34402439073799324,0.6559756092620067
Ela_metadataset,SVM_RBF,0.85,Defaults,Tuning,0.20785659041514437,0.7921434095848555
Ela_metadataset,SVM_RBF,0.85,Tuning,Defaults,0.62993240394464,0.3700675960553599
Ela_metadataset,SVM_RBF,0.85,Tuning,Tuning,0.2827859501147276,0.7172140498852723
Ela_metadataset,SVM_RBF,0.85,Tuning,Tuning,0.21895104886538233,0.781048951134618
Ela_metadataset,SVM_RBF,0.85,Tuning,Tuning,0.4669773072581119,0.5330226927418882
Ela_metadataset,SVM_RBF,0.85,Defaults,Tuning,0.41967541115686335,0.5803245888431368
Ela_metadataset,SVM_RBF,0.85,Tuning,Tuning,0.14287601065776323,0.857123989342237
Ela_metadataset,SVM_RBF,0.85,Tuning,Tuning,0.10891975669386815,0.8910802433061317
Ela_metadataset,SVM_RBF,0.85,Tuning,Tuning,0.11568271678949309,0.8843172832105068
Ela_metadataset,SVM_RBF,0.85,Defaults,Tuning,0.10634488548667093,0.893655114513329
Ela_metadataset,SVM_RBF,0.85,Tuning,Tuning,0.1714798507114664,0.8285201492885337
Ela_metadataset,SVM_RBF,0.85,Tuning,Tuning,0.2645846846171959,0.7354153153828041
Ela_metadataset,SVM_RBF,0.85,Tuning,Tuning,0.12842214426064802,0.871577855739352
Ela_metadataset,SVM_RBF,0.85,Defaults,Defaults,0.7582667385779512,0.24173326142204882
Ela_metadataset,SVM_RBF,0.85,Defaults,Defaults,0.5167903859955736,0.4832096140044263
Ela_metadataset,SVM_RBF,0.85,Tuning,Defaults,0.5268696643879057,0.47313033561209444
Ela_metadataset,SVM_RBF,0.85,Tuning,Tuning,0.1739672979562601,0.82603270204374
Ela_metadataset,SVM_RBF,0.85,Tuning,Tuning,0.13863791099649486,0.8613620890035052
Ela_metadataset,SVM_RBF,0.85,Defaults,Tuning,0.19030010709876913,0.8096998929012308
Ela_metadataset,SVM_RBF,0.85,Defaults,Tuning,0.1664938936836842,0.8335061063163158
Ela_metadataset,SVM_RBF,0.85,Defaults,Tuning,0.39750674739662845,0.6024932526033714
Ela_metadataset,SVM_RBF,0.85,Tuning,Tuning,0.1370290964652892,0.8629709035347108
Ela_metadataset,SVM_RBF,0.85,Defaults,Tuning,0.3315159661899748,0.6684840338100254
Ela_metadataset,SVM_RBF,0.85,Tuning,Tuning,0.2511314794825753,0.748868520517425
Ela_metadataset,SVM_RBF,0.85,Tuning,Tuning,0.10621558468482295,0.8937844153151772
Ela_metadataset,SVM_RBF,0.85,Defaults,Tuning,0.20750287608641718,0.7924971239135827
Ela_metadataset,SVM_RBF,0.85,Defaults,Tuning,0.24315095074558568,0.7568490492544142
Ela_metadataset,SVM_RBF,0.85,Tuning,Tuning,0.22198131263514845,0.7780186873648514
Ela_metadataset,SVM_RBF,0.85,Tuning,Tuning,0.34547705121846495,0.654522948781535
Ela_metadataset,SVM_RBF,0.85,Defaults,Tuning,0.4242372655793436,0.5757627344206565
Ela_metadataset,SVM_RBF,0.85,Tuning,Tuning,0.09938384590340738,0.9006161540965929
Ela_metadataset,SVM_RBF,0.85,Tuning,Defaults,0.5063009351330995,0.4936990648669003
Ela_metadataset,SVM_RBF,0.85,Tuning,Defaults,0.5275446913037442,0.4724553086962558
Ela_metadataset,SVM_RBF,0.85,Tuning,Tuning,0.20193139890915035,0.7980686010908496
Ela_metadataset,SVM_RBF,0.9,Tuning,Tuning,0.2626849055339439,0.7373150944660561
Ela_metadataset,SVM_RBF,0.9,Tuning,Tuning,0.1370971257513345,0.8629028742486653
Ela_metadataset,SVM_RBF,0.9,Defaults,Defaults,0.6047502516728879,0.3952497483271122
Ela_metadataset,SVM_RBF,0.9,Tuning,Tuning,0.12099553059632025,0.8790044694036796
Ela_metadataset,SVM_RBF,0.9,Tuning,Tuning,0.04609809955761654,0.9539019004423835
Ela_metadataset,SVM_RBF,0.9,Tuning,Tuning,0.22807816021347044,0.7719218397865293
Ela_metadataset,SVM_RBF,0.9,Tuning,Tuning,0.05655049276919082,0.9434495072308092
Ela_metadataset,SVM_RBF,0.9,Defaults,Tuning,0.3102568604845461,0.689743139515454
Ela_metadataset,SVM_RBF,0.9,Defaults,Tuning,0.3254416568075678,0.6745583431924322
Ela_metadataset,SVM_RBF,0.9,Tuning,Tuning,0.23599282862436874,0.7640071713756312
Ela_metadataset,SVM_RBF,0.9,Tuning,Tuning,0.044615770265429434,0.9553842297345706
Ela_metadataset,SVM_RBF,0.9,Defaults,Tuning,0.2974545729352817,0.7025454270647185
Ela_metadataset,SVM_RBF,0.9,Tuning,Tuning,0.21588516590190768,0.7841148340980925
Ela_metadataset,SVM_RBF,0.9,Tuning,Tuning,0.2794934393629599,0.7205065606370399
Ela_metadataset,SVM_RBF,0.9,Tuning,Tuning,0.26633164774808965,0.7336683522519104
Ela_metadataset,SVM_RBF,0.9,Tuning,Tuning,0.07422831065921139,0.9257716893407888
Ela_metadataset,SVM_RBF,0.9,Defaults,Defaults,0.6122465830615721,0.3877534169384278
Ela_metadataset,SVM_RBF,0.9,Tuning,Tuning,0.08030726288951326,0.9196927371104866
Ela_metadataset,SVM_RBF,0.9,Defaults,Tuning,0.4248469878023882,0.5751530121976117
Ela_metadataset,SVM_RBF,0.9,Tuning,Defaults,0.7683066636291267,0.2316933363708736
Ela_metadataset,SVM_RBF,0.9,Tuning,Tuning,0.30030329281166307,0.6996967071883369
Ela_metadataset,SVM_RBF,0.9,Defaults,Tuning,0.4141831441447349,0.5858168558552652
Ela_metadataset,SVM_RBF,0.9,Tuning,Defaults,0.8748945719191173,0.1251054280808826
Ela_metadataset,SVM_RBF,0.9,Tuning,Tuning,0.15714789251279965,0.8428521074872004
Ela_metadataset,SVM_RBF,0.9,Tuning,Tuning,0.08777829194832341,0.9122217080516765
Ela_metadataset,SVM_RBF,0.9,Tuning,Tuning,0.3046471816451269,0.695352818354873
Ela_metadataset,SVM_RBF,0.9,Tuning,Tuning,0.06521444878596173,0.9347855512140384
Ela_metadataset,SVM_RBF,0.9,Tuning,Tuning,0.09117599350452378,0.9088240064954762
Ela_metadataset,SVM_RBF,0.9,Tuning,Tuning,0.05199885743282972,0.94800114256717
Ela_metadataset,SVM_RBF,0.9,Tuning,Tuning,0.1313026553038837,0.8686973446961163
Ela_metadataset,SVM_RBF,0.9,Tuning,Tuning,0.1351944770820502,0.8648055229179495
Ela_metadataset,SVM_RBF,0.9,Tuning,Tuning,0.06019709303308054,0.9398029069669193
Ela_metadataset,SVM_RBF,0.9,Defaults,Defaults,0.5531140549145758,0.4468859450854243
Ela_metadataset,SVM_RBF,0.9,Defaults,Tuning,0.4161067838706933,0.5838932161293067
Ela_metadataset,SVM_RBF,0.9,Tuning,Tuning,0.10317702721336702,0.8968229727866333
Ela_metadataset,SVM_RBF,0.9,Tuning,Tuning,0.2579347758732088,0.7420652241267912
Ela_metadataset,SVM_RBF,0.9,Tuning,Tuning,0.3989303353990327,0.6010696646009672
Ela_metadataset,SVM_RBF,0.9,Defaults,Tuning,0.32217021804951274,0.6778297819504872
Ela_metadataset,SVM_RBF,0.9,Tuning,Tuning,0.2098498119818229,0.7901501880181772
Ela_metadataset,SVM_RBF,0.9,Defaults,Tuning,0.42392008302512924,0.5760799169748706
Ela_metadataset,SVM_RBF,0.9,Tuning,Tuning,0.18338183782572193,0.8166181621742783
Ela_metadataset,SVM_RBF,0.9,Tuning,Tuning,0.08763117428241506,0.9123688257175849
Ela_metadataset,SVM_RBF,0.9,Tuning,Tuning,0.2438258068752779,0.7561741931247221
Ela_metadataset,SVM_RBF,0.9,Tuning,Tuning,0.136930108276548,0.8630698917234519
Ela_metadataset,SVM_RBF,0.9,Tuning,Tuning,0.25894502230449046,0.7410549776955094
Ela_metadataset,SVM_RBF,0.9,Tuning,Tuning,0.16767040947060496,0.832329590529395
Ela_metadataset,SVM_RBF,0.9,Tuning,Tuning,0.18653785775164614,0.8134621422483538
Ela_metadataset,SVM_RBF,0.9,Tuning,Tuning,0.11231353596925307,0.8876864640307469
Ela_metadataset,SVM_RBF,0.9,Tuning,Tuning,0.2723490659826911,0.7276509340173092
Ela_metadataset,SVM_RBF,0.9,Tuning,Tuning,0.11276397282870555,0.8872360271712945
Ela_metadataset,SVM_RBF,0.9,Defaults,Tuning,0.3997428673859225,0.6002571326140775
Ela_metadataset,SVM_RBF,0.9,Tuning,Tuning,0.12092345556375937,0.8790765444362405
Ela_metadataset,SVM_RBF,0.9,Tuning,Tuning,0.09601752977063255,0.9039824702293674
Ela_metadataset,SVM_RBF,0.9,Defaults,Tuning,0.13638163938991302,0.8636183606100869
Ela_metadataset,SVM_RBF,0.9,Tuning,Tuning,0.3411257766526471,0.6588742233473527
Ela_metadataset,SVM_RBF,0.9,Tuning,Tuning,0.19064782370217362,0.8093521762978264
Ela_metadataset,SVM_RBF,0.9,Tuning,Tuning,0.09936222262000109,0.9006377773799988
Ela_metadataset,SVM_RBF,0.9,Tuning,Tuning,0.4112362658053331,0.5887637341946669
Ela_metadataset,SVM_RBF,0.9,Tuning,Tuning,0.4200897536798769,0.5799102463201231
Ela_metadataset,SVM_RBF,0.9,Tuning,Tuning,0.3535116306983196,0.6464883693016804
Ela_metadataset,SVM_RBF,0.9,Tuning,Tuning,0.1799613369778617,0.8200386630221382
Ela_metadataset,SVM_RBF,0.9,Tuning,Tuning,0.22794576834118724,0.7720542316588125
Ela_metadataset,SVM_RBF,0.9,Tuning,Tuning,0.14109817565514363,0.8589018243448567
Ela_metadataset,SVM_RBF,0.9,Defaults,Tuning,0.32774013240683475,0.6722598675931651
Ela_metadataset,SVM_RBF,0.9,Tuning,Tuning,0.3985279763998806,0.6014720236001195
Ela_metadataset,SVM_RBF,0.9,Defaults,Tuning,0.47384214345699616,0.5261578565430041
Ela_metadataset,SVM_RBF,0.9,Tuning,Tuning,0.17122677885143459,0.8287732211485654
Ela_metadataset,SVM_RBF,0.9,Tuning,Tuning,0.20116623160991354,0.7988337683900867
Ela_metadataset,SVM_RBF,0.9,Tuning,Tuning,0.24717109751497104,0.7528289024850291
Ela_metadataset,SVM_RBF,0.9,Tuning,Tuning,0.49170737036122913,0.5082926296387708
Ela_metadataset,SVM_RBF,0.9,Tuning,Tuning,0.41854779395107883,0.5814522060489212
Ela_metadataset,SVM_RBF,0.9,Defaults,Tuning,0.34110605781047787,0.6588939421895221
Ela_metadataset,SVM_RBF,0.9,Tuning,Tuning,0.3761278864961378,0.6238721135038622
Ela_metadataset,SVM_RBF,0.9,Defaults,Tuning,0.2886429061608745,0.7113570938391254
Ela_metadataset,SVM_RBF,0.9,Defaults,Tuning,0.34462907934284664,0.6553709206571536
Ela_metadataset,SVM_RBF,0.9,Defaults,Tuning,0.17761379051008525,0.8223862094899148
Ela_metadataset,SVM_RBF,0.9,Defaults,Tuning,0.2845778260430676,0.7154221739569326
Ela_metadataset,SVM_RBF,0.9,Tuning,Tuning,0.1910093819694657,0.8089906180305343
Ela_metadataset,SVM_RBF,0.9,Tuning,Tuning,0.2766710932128385,0.7233289067871618
Ela_metadataset,SVM_RBF,0.9,Tuning,Tuning,0.26823720350170566,0.7317627964982943
Ela_metadataset,SVM_RBF,0.9,Defaults,Tuning,0.3145717527766321,0.6854282472233678
Ela_metadataset,SVM_RBF,0.9,Defaults,Tuning,0.23478026115038586,0.7652197388496139
Ela_metadataset,SVM_RBF,0.9,Defaults,Tuning,0.29938896281471283,0.7006110371852871
Ela_metadataset,SVM_RBF,0.9,Defaults,Defaults,0.506920694265195,0.49307930573480474
Ela_metadataset,SVM_RBF,0.9,Tuning,Tuning,0.47137947402402314,0.5286205259759768
Ela_metadataset,SVM_RBF,0.9,Tuning,Defaults,0.6573300587535875,0.34266994124641253
Ela_metadataset,SVM_RBF,0.9,Defaults,Defaults,0.6434334376010116,0.35656656239898854
Ela_metadataset,SVM_RBF,0.9,Tuning,Tuning,0.16617526505688943,0.8338247349431108
Ela_metadataset,SVM_RBF,0.9,Defaults,Tuning,0.2530538235118728,0.7469461764881273
Ela_metadataset,SVM_RBF,0.9,Tuning,Tuning,0.1292868900569619,0.8707131099430382
Ela_metadataset,SVM_RBF,0.9,Tuning,Tuning,0.23482785518080343,0.7651721448191966
Ela_metadataset,SVM_RBF,0.9,Defaults,Defaults,0.5115842790301294,0.4884157209698705
Ela_metadataset,SVM_RBF,0.9,Tuning,Tuning,0.2588152626443319,0.7411847373556681
Ela_metadataset,SVM_RBF,0.9,Defaults,Defaults,0.5834052006755285,0.4165947993244716
Ela_metadataset,SVM_RBF,0.9,Tuning,Tuning,0.24064203383827412,0.759357966161726
Ela_metadataset,SVM_RBF,0.9,Tuning,Tuning,0.1337881289261837,0.866211871073816
Ela_metadataset,SVM_RBF,0.9,Tuning,Tuning,0.21623457893466136,0.7837654210653386
Ela_metadataset,SVM_RBF,0.9,Defaults,Tuning,0.148704472587713,0.8512955274122869
Ela_metadataset,SVM_RBF,0.9,Tuning,Tuning,0.08616783814310217,0.913832161856898
Ela_metadataset,SVM_RBF,0.9,Tuning,Tuning,0.25013119197738654,0.7498688080226135
Ela_metadataset,SVM_RBF,0.9,Tuning,Tuning,0.08751634809984372,0.9124836519001563
Ela_metadataset,SVM_RBF,0.9,Defaults,Tuning,0.14398835454796674,0.8560116454520333
Ela_metadataset,SVM_RBF,0.9,Tuning,Tuning,0.2481960743110359,0.751803925688964
Ela_metadataset,SVM_RBF,0.9,Tuning,Tuning,0.2518080950155208,0.7481919049844793
Ela_metadataset,SVM_RBF,0.9,Tuning,Tuning,0.08559652743097527,0.9144034725690247
Ela_metadataset,SVM_RBF,0.9,Tuning,Tuning,0.1003182155687245,0.8996817844312752
Ela_metadataset,SVM_RBF,0.9,Tuning,Tuning,0.4809706803026264,0.5190293196973735
Ela_metadataset,SVM_RBF,0.9,Tuning,Tuning,0.21203830704539225,0.7879616929546078
Ela_metadataset,SVM_RBF,0.9,Tuning,Tuning,0.12256795471608892,0.8774320452839112
Ela_metadataset,SVM_RBF,0.9,Defaults,Tuning,0.24969876272611874,0.7503012372738813
Ela_metadataset,SVM_RBF,0.9,Tuning,Tuning,0.10702046559597847,0.8929795344040216
Ela_metadataset,SVM_RBF,0.9,Tuning,Tuning,0.128140786041879,0.8718592139581208
Ela_metadataset,SVM_RBF,0.9,Tuning,Tuning,0.180271844083236,0.819728155916764
Ela_metadataset,SVM_RBF,0.9,Tuning,Tuning,0.19150894220637,0.8084910577936298
Ela_metadataset,SVM_RBF,0.9,Tuning,Tuning,0.22167105711328366,0.7783289428867164
Ela_metadataset,SVM_RBF,0.9,Tuning,Tuning,0.2127972057746863,0.7872027942253138
Ela_metadataset,SVM_RBF,0.9,Tuning,Defaults,0.7686650800367595,0.23133491996324054
Ela_metadataset,SVM_RBF,0.9,Tuning,Tuning,0.2222178323340829,0.7777821676659172
Ela_metadataset,SVM_RBF,0.9,Defaults,Defaults,0.6207559038822071,0.37924409611779286
Ela_metadataset,SVM_RBF,0.9,Tuning,Tuning,0.09216117428662583,0.9078388257133742
Ela_metadataset,SVM_RBF,0.9,Defaults,Tuning,0.12187956521225196,0.8781204347877479
Ela_metadataset,SVM_RBF,0.9,Tuning,Tuning,0.051683097613733214,0.9483169023862668
Ela_metadataset,SVM_RBF,0.9,Tuning,Defaults,0.5657256180724449,0.434274381927555
Ela_metadataset,SVM_RBF,0.9,Tuning,Tuning,0.1768234183475627,0.8231765816524371
Ela_metadataset,SVM_RBF,0.9,Tuning,Tuning,0.13444032339100995,0.86555967660899
Ela_metadataset,SVM_RBF,0.9,Defaults,Tuning,0.22568048745904945,0.7743195125409507
Ela_metadataset,SVM_RBF,0.9,Defaults,Tuning,0.3544397781303886,0.6455602218696115
Ela_metadataset,SVM_RBF,0.9,Tuning,Tuning,0.157143597350958,0.8428564026490419
Ela_metadataset,SVM_RBF,0.9,Tuning,Tuning,0.14636371148720237,0.8536362885127977
Ela_metadataset,SVM_RBF,0.9,Tuning,Tuning,0.21184823730985045,0.7881517626901495
Ela_metadataset,SVM_RBF,0.9,Tuning,Tuning,0.17734564730181324,0.8226543526981869
Ela_metadataset,SVM_RBF,0.9,Tuning,Tuning,0.38072460248904005,0.6192753975109598
Ela_metadataset,SVM_RBF,0.9,Tuning,Tuning,0.13543098564543107,0.8645690143545687
Ela_metadataset,SVM_RBF,0.9,Tuning,Tuning,0.13136086660296437,0.8686391333970355
Ela_metadataset,SVM_RBF,0.9,Tuning,Tuning,0.34932937850237294,0.650670621497627
Ela_metadataset,SVM_RBF,0.9,Defaults,Tuning,0.19372960455615565,0.8062703954438445
Ela_metadataset,SVM_RBF,0.9,Tuning,Defaults,0.5783987402211692,0.42160125977883095
Ela_metadataset,SVM_RBF,0.9,Tuning,Tuning,0.2927100751875017,0.7072899248124983
Ela_metadataset,SVM_RBF,0.9,Tuning,Tuning,0.21416210248764905,0.785837897512351
Ela_metadataset,SVM_RBF,0.9,Tuning,Tuning,0.4859762916219631,0.5140237083780369
Ela_metadataset,SVM_RBF,0.9,Defaults,Tuning,0.3992092925022484,0.6007907074977517
Ela_metadataset,SVM_RBF,0.9,Tuning,Tuning,0.15258408515992603,0.8474159148400741
Ela_metadataset,SVM_RBF,0.9,Tuning,Tuning,0.10865625136571921,0.8913437486342808
Ela_metadataset,SVM_RBF,0.9,Tuning,Tuning,0.12171981495683096,0.8782801850431691
Ela_metadataset,SVM_RBF,0.9,Defaults,Tuning,0.11459672957332799,0.8854032704266718
Ela_metadataset,SVM_RBF,0.9,Tuning,Tuning,0.18231234690576328,0.8176876530942366
Ela_metadataset,SVM_RBF,0.9,Tuning,Tuning,0.25266162742398457,0.7473383725760153
Ela_metadataset,SVM_RBF,0.9,Tuning,Tuning,0.1397367660669167,0.8602632339330836
Ela_metadataset,SVM_RBF,0.9,Defaults,Defaults,0.7619741719034464,0.23802582809655345
Ela_metadataset,SVM_RBF,0.9,Defaults,Defaults,0.5070678441839864,0.4929321558160135
Ela_metadataset,SVM_RBF,0.9,Tuning,Tuning,0.4872679620502757,0.5127320379497242
Ela_metadataset,SVM_RBF,0.9,Tuning,Tuning,0.18892670614067122,0.8110732938593287
Ela_metadataset,SVM_RBF,0.9,Tuning,Tuning,0.13083671782243267,0.8691632821775673
Ela_metadataset,SVM_RBF,0.9,Defaults,Tuning,0.18141539693980482,0.8185846030601953
Ela_metadataset,SVM_RBF,0.9,Defaults,Tuning,0.1769340237651745,0.8230659762348257
Ela_metadataset,SVM_RBF,0.9,Defaults,Tuning,0.3762238086458849,0.6237761913541152
Ela_metadataset,SVM_RBF,0.9,Tuning,Tuning,0.16842300849644606,0.831576991503554
Ela_metadataset,SVM_RBF,0.9,Defaults,Tuning,0.32934962845444204,0.670650371545558
Ela_metadataset,SVM_RBF,0.9,Tuning,Tuning,0.2427298868612985,0.7572701131387015
Ela_metadataset,SVM_RBF,0.9,Tuning,Tuning,0.11423136378504227,0.8857686362149579
Ela_metadataset,SVM_RBF,0.9,Defaults,Tuning,0.2177166628261227,0.7822833371738774
Ela_metadataset,SVM_RBF,0.9,Defaults,Tuning,0.2644842306939769,0.7355157693060231
Ela_metadataset,SVM_RBF,0.9,Tuning,Tuning,0.22748598148828272,0.7725140185117173
Ela_metadataset,SVM_RBF,0.9,Tuning,Tuning,0.38407995769139786,0.6159200423086023
Ela_metadataset,SVM_RBF,0.9,Defaults,Tuning,0.46353650698434706,0.536463493015653
Ela_metadataset,SVM_RBF,0.9,Tuning,Tuning,0.10229014288191268,0.8977098571180875
Ela_metadataset,SVM_RBF,0.9,Tuning,Defaults,0.5224378005254489,0.4775621994745511
Ela_metadataset,SVM_RBF,0.9,Tuning,Defaults,0.5337863308870476,0.4662136691129524
Ela_metadataset,SVM_RBF,0.9,Tuning,Tuning,0.2058682169531586,0.7941317830468415
Ela_metadataset,SVM_RBF,0.95,Tuning,Tuning,0.25279123516865376,0.7472087648313461
Ela_metadataset,SVM_RBF,0.95,Tuning,Tuning,0.1065346401568485,0.8934653598431515
Ela_metadataset,SVM_RBF,0.95,Defaults,Defaults,0.6128673203270745,0.38713267967292564
Ela_metadataset,SVM_RBF,0.95,Tuning,Tuning,0.1205047519294952,0.8794952480705047
Ela_metadataset,SVM_RBF,0.95,Tuning,Tuning,0.046284453588824805,0.9537155464111751
Ela_metadataset,SVM_RBF,0.95,Tuning,Tuning,0.2659054050083367,0.7340945949916635
Ela_metadataset,SVM_RBF,0.95,Tuning,Tuning,0.04885473690584903,0.951145263094151
Ela_metadataset,SVM_RBF,0.95,Defaults,Tuning,0.3146792627064523,0.6853207372935478
Ela_metadataset,SVM_RBF,0.95,Defaults,Tuning,0.34809015881078087,0.651909841189219
Ela_metadataset,SVM_RBF,0.95,Tuning,Tuning,0.2214591558935975,0.7785408441064026
Ela_metadataset,SVM_RBF,0.95,Tuning,Tuning,0.04130687626587836,0.9586931237341216
Ela_metadataset,SVM_RBF,0.95,Defaults,Tuning,0.3297337767323231,0.6702662232676769
Ela_metadataset,SVM_RBF,0.95,Tuning,Tuning,0.2247461559698334,0.7752538440301664
Ela_metadataset,SVM_RBF,0.95,Tuning,Tuning,0.3169983155340695,0.6830016844659308
Ela_metadataset,SVM_RBF,0.95,Tuning,Tuning,0.26630441600640226,0.7336955839935978
Ela_metadataset,SVM_RBF,0.95,Tuning,Tuning,0.06794373173389741,0.9320562682661023
Ela_metadataset,SVM_RBF,0.95,Defaults,Defaults,0.5779419400784154,0.4220580599215847
Ela_metadataset,SVM_RBF,0.95,Tuning,Tuning,0.08245768518637014,0.9175423148136298
Ela_metadataset,SVM_RBF,0.95,Defaults,Tuning,0.39660126983926786,0.6033987301607321
Ela_metadataset,SVM_RBF,0.95,Tuning,Defaults,0.7844066588315024,0.2155933411684974
Ela_metadataset,SVM_RBF,0.95,Tuning,Tuning,0.2840954331517091,0.715904566848291
Ela_metadataset,SVM_RBF,0.95,Defaults,Tuning,0.39703725270690127,0.6029627472930987
Ela_metadataset,SVM_RBF,0.95,Tuning,Defaults,0.8691388419523475,0.1308611580476526
Ela_metadataset,SVM_RBF,0.95,Tuning,Tuning,0.1465957809136887,0.8534042190863111
Ela_metadataset,SVM_RBF,0.95,Tuning,Tuning,0.08488241052097509,0.915117589479025
Ela_metadataset,SVM_RBF,0.95,Tuning,Tuning,0.3025015489663275,0.6974984510336725
Ela_metadataset,SVM_RBF,0.95,Tuning,Tuning,0.058010200350391616,0.9419897996496085
Ela_metadataset,SVM_RBF,0.95,Tuning,Tuning,0.08932344333710587,0.9106765566628943
Ela_metadataset,SVM_RBF,0.95,Tuning,Tuning,0.05062154433790961,0.9493784556620902
Ela_metadataset,SVM_RBF,0.95,Tuning,Tuning,0.13083036697599157,0.8691696330240085
Ela_metadataset,SVM_RBF,0.95,Tuning,Tuning,0.1353308991592152,0.8646691008407847
Ela_metadataset,SVM_RBF,0.95,Tuning,Tuning,0.055915486461341674,0.9440845135386583
Ela_metadataset,SVM_RBF,0.95,Defaults,Defaults,0.5947123924282466,0.4052876075717536
Ela_metadataset,SVM_RBF,0.95,Defaults,Tuning,0.4296224258538407,0.5703775741461592
Ela_metadataset,SVM_RBF,0.95,Tuning,Tuning,0.08389063887015698,0.9161093611298429
Ela_metadataset,SVM_RBF,0.95,Tuning,Tuning,0.20454968067084103,0.795450319329159
Ela_metadataset,SVM_RBF,0.95,Tuning,Tuning,0.35555158521839625,0.6444484147816038
Ela_metadataset,SVM_RBF,0.95,Defaults,Tuning,0.34416267425061836,0.6558373257493817
Ela_metadataset,SVM_RBF,0.95,Tuning,Tuning,0.21026908596599023,0.78973091403401
Ela_metadataset,SVM_RBF,0.95,Defaults,Tuning,0.39199029227830895,0.6080097077216913
Ela_metadataset,SVM_RBF,0.95,Tuning,Tuning,0.16946790819713292,0.8305320918028671
Ela_metadataset,SVM_RBF,0.95,Tuning,Tuning,0.1067590556939343,0.8932409443060658
Ela_metadataset,SVM_RBF,0.95,Tuning,Tuning,0.24090050129260585,0.7590994987073942
Ela_metadataset,SVM_RBF,0.95,Tuning,Tuning,0.109746939380247,0.890253060619753
Ela_metadataset,SVM_RBF,0.95,Tuning,Tuning,0.26455559855513067,0.7354444014448691
Ela_metadataset,SVM_RBF,0.95,Tuning,Tuning,0.1599105848486459,0.8400894151513543
Ela_metadataset,SVM_RBF,0.95,Tuning,Tuning,0.18285934765894615,0.8171406523410536
Ela_metadataset,SVM_RBF,0.95,Tuning,Tuning,0.10292551613656747,0.8970744838634322
Ela_metadataset,SVM_RBF,0.95,Tuning,Tuning,0.31782938157083157,0.6821706184291685
Ela_metadataset,SVM_RBF,0.95,Tuning,Tuning,0.08925892195886723,0.9107410780411327
Ela_metadataset,SVM_RBF,0.95,Defaults,Tuning,0.41089849015367325,0.5891015098463267
Ela_metadataset,SVM_RBF,0.95,Tuning,Tuning,0.11687267266597247,0.8831273273340275
Ela_metadataset,SVM_RBF,0.95,Tuning,Tuning,0.10110850784954425,0.8988914921504558
Ela_metadataset,SVM_RBF,0.95,Defaults,Tuning,0.10602464097288687,0.893975359027113
Ela_metadataset,SVM_RBF,0.95,Tuning,Tuning,0.37194686869356586,0.6280531313064343
Ela_metadataset,SVM_RBF,0.95,Tuning,Tuning,0.2088424770739756,0.7911575229260247
Ela_metadataset,SVM_RBF,0.95,Tuning,Tuning,0.08914858363623365,0.9108514163637663
Ela_metadataset,SVM_RBF,0.95,Tuning,Tuning,0.4406291211879541,0.559370878812046
Ela_metadataset,SVM_RBF,0.95,Tuning,Tuning,0.4136679295832558,0.5863320704167441
Ela_metadataset,SVM_RBF,0.95,Tuning,Tuning,0.3685349134073344,0.6314650865926654
Ela_metadataset,SVM_RBF,0.95,Tuning,Tuning,0.19687560362664727,0.8031243963733528
Ela_metadataset,SVM_RBF,0.95,Tuning,Tuning,0.19850282790531323,0.8014971720946867
Ela_metadataset,SVM_RBF,0.95,Tuning,Tuning,0.15838147469113398,0.8416185253088658
Ela_metadataset,SVM_RBF,0.95,Defaults,Tuning,0.3520746527314016,0.6479253472685984
Ela_metadataset,SVM_RBF,0.95,Tuning,Tuning,0.36165803675424574,0.6383419632457541
Ela_metadataset,SVM_RBF,0.95,Defaults,Tuning,0.4615792047539153,0.5384207952460848
Ela_metadataset,SVM_RBF,0.95,Tuning,Tuning,0.17012789615363555,0.8298721038463643
Ela_metadataset,SVM_RBF,0.95,Tuning,Tuning,0.1972715094433116,0.8027284905566885
Ela_metadataset,SVM_RBF,0.95,Tuning,Tuning,0.2524678820274518,0.7475321179725484
Ela_metadataset,SVM_RBF,0.95,Tuning,Defaults,0.5228925042937667,0.4771074957062333
Ela_metadataset,SVM_RBF,0.95,Tuning,Tuning,0.4565279690177043,0.5434720309822958
Ela_metadataset,SVM_RBF,0.95,Defaults,Tuning,0.3467371164701381,0.6532628835298617
Ela_metadataset,SVM_RBF,0.95,Tuning,Tuning,0.3847398839163693,0.6152601160836306
Ela_metadataset,SVM_RBF,0.95,Defaults,Tuning,0.2938740146693276,0.7061259853306723
Ela_metadataset,SVM_RBF,0.95,Defaults,Tuning,0.35051107652817776,0.6494889234718224
Ela_metadataset,SVM_RBF,0.95,Defaults,Tuning,0.19379706960903895,0.806202930390961
Ela_metadataset,SVM_RBF,0.95,Defaults,Tuning,0.306623519833615,0.693376480166385
Ela_metadataset,SVM_RBF,0.95,Tuning,Tuning,0.17918821293486903,0.820811787065131
Ela_metadataset,SVM_RBF,0.95,Tuning,Tuning,0.275466733778716,0.7245332662212841
Ela_metadataset,SVM_RBF,0.95,Tuning,Tuning,0.27173214917284466,0.7282678508271554
Ela_metadataset,SVM_RBF,0.95,Defaults,Tuning,0.3053189798470014,0.6946810201529986
Ela_metadataset,SVM_RBF,0.95,Defaults,Tuning,0.23685266724004705,0.763147332759953
Ela_metadataset,SVM_RBF,0.95,Defaults,Tuning,0.3463289316015131,0.6536710683984868
Ela_metadataset,SVM_RBF,0.95,Defaults,Defaults,0.5256930944519863,0.4743069055480137
Ela_metadataset,SVM_RBF,0.95,Tuning,Tuning,0.483784761012118,0.5162152389878819
Ela_metadataset,SVM_RBF,0.95,Tuning,Defaults,0.6967603208703352,0.30323967912966493
Ela_metadataset,SVM_RBF,0.95,Defaults,Defaults,0.6823290447987999,0.31767095520120037
Ela_metadataset,SVM_RBF,0.95,Tuning,Tuning,0.15029073013058067,0.8497092698694194
Ela_metadataset,SVM_RBF,0.95,Defaults,Tuning,0.269215753914265,0.7307842460857349
Ela_metadataset,SVM_RBF,0.95,Tuning,Tuning,0.127607944266611,0.8723920557333892
Ela_metadataset,SVM_RBF,0.95,Tuning,Tuning,0.2527586028102203,0.7472413971897799
Ela_metadataset,SVM_RBF,0.95,Defaults,Defaults,0.5497630419435767,0.4502369580564232
Ela_metadataset,SVM_RBF,0.95,Tuning,Tuning,0.2508622040200864,0.7491377959799137
Ela_metadataset,SVM_RBF,0.95,Defaults,Defaults,0.5923296359740182,0.4076703640259817
Ela_metadataset,SVM_RBF,0.95,Tuning,Tuning,0.22637743765101273,0.7736225623489874
Ela_metadataset,SVM_RBF,0.95,Tuning,Tuning,0.11158174583459778,0.8884182541654021
Ela_metadataset,SVM_RBF,0.95,Tuning,Tuning,0.22649056439389012,0.7735094356061099
Ela_metadataset,SVM_RBF,0.95,Defaults,Tuning,0.1364403770832591,0.8635596229167412
Ela_metadataset,SVM_RBF,0.95,Tuning,Tuning,0.08111646273696649,0.9188835372630337
Ela_metadataset,SVM_RBF,0.95,Tuning,Tuning,0.22750777185797438,0.7724922281420257
Ela_metadataset,SVM_RBF,0.95,Tuning,Tuning,0.08463948405061675,0.9153605159493832
Ela_metadataset,SVM_RBF,0.95,Defaults,Tuning,0.12888040363607833,0.8711195963639218
Ela_metadataset,SVM_RBF,0.95,Tuning,Tuning,0.2422123514611977,0.7577876485388022
Ela_metadataset,SVM_RBF,0.95,Tuning,Tuning,0.25931056580907097,0.7406894341909288
Ela_metadataset,SVM_RBF,0.95,Tuning,Tuning,0.08372419644195297,0.9162758035580472
Ela_metadataset,SVM_RBF,0.95,Tuning,Tuning,0.09841052913816069,0.9015894708618393
Ela_metadataset,SVM_RBF,0.95,Tuning,Tuning,0.4705993799491696,0.5294006200508302
Ela_metadataset,SVM_RBF,0.95,Tuning,Tuning,0.2366200027055416,0.7633799972944586
Ela_metadataset,SVM_RBF,0.95,Tuning,Tuning,0.12065676035837593,0.8793432396416241
Ela_metadataset,SVM_RBF,0.95,Defaults,Tuning,0.2519738606457141,0.7480261393542856
Ela_metadataset,SVM_RBF,0.95,Tuning,Tuning,0.1161856656484746,0.8838143343515252
Ela_metadataset,SVM_RBF,0.95,Tuning,Tuning,0.10726679146723087,0.892733208532769
Ela_metadataset,SVM_RBF,0.95,Tuning,Tuning,0.1762750298160457,0.8237249701839544
Ela_metadataset,SVM_RBF,0.95,Tuning,Tuning,0.191508114765254,0.808491885234746
Ela_metadataset,SVM_RBF,0.95,Tuning,Tuning,0.22332354622079587,0.7766764537792044
Ela_metadataset,SVM_RBF,0.95,Tuning,Tuning,0.208130954379195,0.7918690456208052
Ela_metadataset,SVM_RBF,0.95,Tuning,Defaults,0.7985575096775829,0.2014424903224172
Ela_metadataset,SVM_RBF,0.95,Tuning,Tuning,0.23936668358145444,0.7606333164185458
Ela_metadataset,SVM_RBF,0.95,Defaults,Defaults,0.6339620384200906,0.3660379615799095
Ela_metadataset,SVM_RBF,0.95,Tuning,Tuning,0.09190742322716834,0.9080925767728318
Ela_metadataset,SVM_RBF,0.95,Defaults,Tuning,0.14544647250130857,0.8545535274986915
Ela_metadataset,SVM_RBF,0.95,Tuning,Tuning,0.0460893562427902,0.9539106437572098
Ela_metadataset,SVM_RBF,0.95,Tuning,Defaults,0.5635354113705462,0.4364645886294538
Ela_metadataset,SVM_RBF,0.95,Tuning,Tuning,0.17676874298563036,0.8232312570143698
Ela_metadataset,SVM_RBF,0.95,Tuning,Tuning,0.14140528327020646,0.8585947167297935
Ela_metadataset,SVM_RBF,0.95,Defaults,Tuning,0.21329214115738623,0.7867078588426138
Ela_metadataset,SVM_RBF,0.95,Defaults,Tuning,0.3797485878255043,0.6202514121744955
Ela_metadataset,SVM_RBF,0.95,Tuning,Tuning,0.14215889144851557,0.8578411085514845
Ela_metadataset,SVM_RBF,0.95,Tuning,Tuning,0.13108650215361559,0.8689134978463845
Ela_metadataset,SVM_RBF,0.95,Tuning,Tuning,0.20359670347091632,0.796403296529084
Ela_metadataset,SVM_RBF,0.95,Tuning,Tuning,0.14837666759609383,0.8516233324039061
Ela_metadataset,SVM_RBF,0.95,Tuning,Tuning,0.3740339930090665,0.6259660069909334
Ela_metadataset,SVM_RBF,0.95,Tuning,Tuning,0.14592502080977443,0.8540749791902253
Ela_metadataset,SVM_RBF,0.95,Tuning,Tuning,0.11974741857240458,0.8802525814275954
Ela_metadataset,SVM_RBF,0.95,Tuning,Tuning,0.32327081103585303,0.6767291889641469
Ela_metadataset,SVM_RBF,0.95,Defaults,Tuning,0.1824869507621174,0.8175130492378826
Ela_metadataset,SVM_RBF,0.95,Tuning,Defaults,0.5465861523845303,0.4534138476154697
Ela_metadataset,SVM_RBF,0.95,Tuning,Tuning,0.29388623233899747,0.7061137676610025
Ela_metadataset,SVM_RBF,0.95,Tuning,Tuning,0.20764014492567834,0.7923598550743216
Ela_metadataset,SVM_RBF,0.95,Tuning,Tuning,0.4514783512233358,0.5485216487766643
Ela_metadataset,SVM_RBF,0.95,Defaults,Tuning,0.30399432511728663,0.6960056748827133
Ela_metadataset,SVM_RBF,0.95,Tuning,Tuning,0.1573257092611415,0.8426742907388585
Ela_metadataset,SVM_RBF,0.95,Tuning,Tuning,0.09414177845608804,0.9058582215439118
Ela_metadataset,SVM_RBF,0.95,Tuning,Tuning,0.12283164529749414,0.8771683547025059
Ela_metadataset,SVM_RBF,0.95,Defaults,Tuning,0.12015375454796608,0.879846245452034
Ela_metadataset,SVM_RBF,0.95,Tuning,Tuning,0.17555312449009247,0.8244468755099076
Ela_metadataset,SVM_RBF,0.95,Tuning,Tuning,0.2678866415876558,0.7321133584123443
Ela_metadataset,SVM_RBF,0.95,Tuning,Tuning,0.13829848895969596,0.8617015110403042
Ela_metadataset,SVM_RBF,0.95,Defaults,Defaults,0.6953209010861838,0.30467909891381595
Ela_metadataset,SVM_RBF,0.95,Defaults,Defaults,0.5,0.5
Ela_metadataset,SVM_RBF,0.95,Tuning,Tuning,0.47424223577173724,0.5257577642282627
Ela_metadataset,SVM_RBF,0.95,Tuning,Tuning,0.19270773618742992,0.8072922638125698
Ela_metadataset,SVM_RBF,0.95,Tuning,Tuning,0.12221492847514868,0.8777850715248511
Ela_metadataset,SVM_RBF,0.95,Defaults,Tuning,0.17458411872467525,0.8254158812753246
Ela_metadataset,SVM_RBF,0.95,Defaults,Tuning,0.1596381987661682,0.8403618012338319
Ela_metadataset,SVM_RBF,0.95,Defaults,Tuning,0.422230330324408,0.5777696696755921
Ela_metadataset,SVM_RBF,0.95,Tuning,Tuning,0.1452696695853935,0.8547303304146063
Ela_metadataset,SVM_RBF,0.95,Defaults,Tuning,0.35487317758368464,0.6451268224163155
Ela_metadataset,SVM_RBF,0.95,Tuning,Tuning,0.24620817647898297,0.7537918235210169
Ela_metadataset,SVM_RBF,0.95,Tuning,Tuning,0.1168497678839135,0.8831502321160863
Ela_metadataset,SVM_RBF,0.95,Defaults,Tuning,0.21186318145592972,0.7881368185440701
Ela_metadataset,SVM_RBF,0.95,Defaults,Tuning,0.27467023666509727,0.725329763334903
Ela_metadataset,SVM_RBF,0.95,Tuning,Tuning,0.21511864689634205,0.784881353103658
Ela_metadataset,SVM_RBF,0.95,Tuning,Tuning,0.347357896437105,0.652642103562895
Ela_metadataset,SVM_RBF,0.95,Defaults,Tuning,0.3786995354828252,0.6213004645171748
Ela_metadataset,SVM_RBF,0.95,Tuning,Tuning,0.09556577360317953,0.9044342263968206
Ela_metadataset,SVM_RBF,0.95,Tuning,Defaults,0.5281974322432488,0.47180256775675133
Ela_metadataset,SVM_RBF,0.95,Tuning,Defaults,0.5616144014726332,0.4383855985273667
Ela_metadataset,SVM_RBF,0.95,Tuning,Tuning,0.19165481460176492,0.808345185398235
Ela_metadataset,RandomForest,0.8,Tuning,Tuning,0.27,0.73
Ela_metadataset,RandomForest,0.8,Tuning,Tuning,0.19,0.81
Ela_metadataset,RandomForest,0.8,Defaults,Defaults,0.57,0.43
Ela_metadataset,RandomForest,0.8,Tuning,Tuning,0.23,0.77
Ela_metadataset,RandomForest,0.8,Tuning,Tuning,0.05,0.95
Ela_metadataset,RandomForest,0.8,Tuning,Tuning,0.36,0.64
Ela_metadataset,RandomForest,0.8,Tuning,Tuning,0.15,0.85
Ela_metadataset,RandomForest,0.8,Defaults,Tuning,0.1,0.9
Ela_metadataset,RandomForest,0.8,Defaults,Tuning,0.41,0.59
Ela_metadataset,RandomForest,0.8,Tuning,Tuning,0.25,0.75
Ela_metadataset,RandomForest,0.8,Tuning,Tuning,0.01,0.99
Ela_metadataset,RandomForest,0.8,Defaults,Tuning,0.49,0.51
Ela_metadataset,RandomForest,0.8,Tuning,Tuning,0.34,0.66
Ela_metadataset,RandomForest,0.8,Tuning,Tuning,0.41,0.59
Ela_metadataset,RandomForest,0.8,Tuning,Tuning,0.09,0.91
Ela_metadataset,RandomForest,0.8,Tuning,Tuning,0.04,0.96
Ela_metadataset,RandomForest,0.8,Defaults,Tuning,0.46,0.54
Ela_metadataset,RandomForest,0.8,Tuning,Tuning,0.15,0.85
Ela_metadataset,RandomForest,0.8,Defaults,Defaults,0.57,0.43
Ela_metadataset,RandomForest,0.8,Tuning,Defaults,0.81,0.19
Ela_metadataset,RandomForest,0.8,Tuning,Tuning,0.37,0.63
Ela_metadataset,RandomForest,0.8,Defaults,Defaults,0.67,0.33
Ela_metadataset,RandomForest,0.8,Tuning,Defaults,0.56,0.44
Ela_metadataset,RandomForest,0.8,Tuning,Tuning,0.22,0.78
Ela_metadataset,RandomForest,0.8,Tuning,Tuning,0.11,0.89
Ela_metadataset,RandomForest,0.8,Tuning,Tuning,0.19,0.81
Ela_metadataset,RandomForest,0.8,Tuning,Tuning,0.04,0.96
Ela_metadataset,RandomForest,0.8,Tuning,Tuning,0.11,0.89
Ela_metadataset,RandomForest,0.8,Tuning,Tuning,0.02,0.98
Ela_metadataset,RandomForest,0.8,Tuning,Tuning,0.14,0.86
Ela_metadataset,RandomForest,0.8,Tuning,Tuning,0.12,0.88
Ela_metadataset,RandomForest,0.8,Tuning,Tuning,0.01,0.99
Ela_metadataset,RandomForest,0.8,Defaults,Defaults,0.69,0.31
Ela_metadataset,RandomForest,0.8,Defaults,Defaults,0.58,0.42
Ela_metadataset,RandomForest,0.8,Tuning,Tuning,0.11,0.89
Ela_metadataset,RandomForest,0.8,Tuning,Tuning,0.39,0.61
Ela_metadataset,RandomForest,0.8,Tuning,Tuning,0.4,0.6
Ela_metadataset,RandomForest,0.8,Defaults,Defaults,0.54,0.46
Ela_metadataset,RandomForest,0.8,Tuning,Tuning,0.28,0.72
Ela_metadataset,RandomForest,0.8,Defaults,Tuning,0.46,0.54
Ela_metadataset,RandomForest,0.8,Tuning,Tuning,0.11,0.89
Ela_metadataset,RandomForest,0.8,Tuning,Tuning,0.17,0.83
Ela_metadataset,RandomForest,0.8,Tuning,Tuning,0.09,0.91
Ela_metadataset,RandomForest,0.8,Tuning,Tuning,0.14,0.86
Ela_metadataset,RandomForest,0.8,Tuning,Tuning,0.23,0.77
Ela_metadataset,RandomForest,0.8,Tuning,Tuning,0.13,0.87
Ela_metadataset,RandomForest,0.8,Tuning,Tuning,0.13,0.87
Ela_metadataset,RandomForest,0.8,Tuning,Tuning,0.08,0.92
Ela_metadataset,RandomForest,0.8,Tuning,Tuning,0.34,0.66
Ela_metadataset,RandomForest,0.8,Tuning,Tuning,0.13,0.87
Ela_metadataset,RandomForest,0.8,Defaults,Tuning,0.41,0.59
Ela_metadataset,RandomForest,0.8,Tuning,Tuning,0.19,0.81
Ela_metadataset,RandomForest,0.8,Tuning,Tuning,0.1,0.9
Ela_metadataset,RandomForest,0.8,Defaults,Tuning,0.07,0.93
Ela_metadataset,RandomForest,0.8,Tuning,Tuning,0.24,0.76
Ela_metadataset,RandomForest,0.8,Tuning,Tuning,0.18,0.82
Ela_metadataset,RandomForest,0.8,Tuning,Tuning,0.14,0.86
Ela_metadataset,RandomForest,0.8,Tuning,Defaults,0.57,0.43
Ela_metadataset,RandomForest,0.8,Tuning,Tuning,0.18,0.82
Ela_metadataset,RandomForest,0.8,Tuning,Tuning,0.18,0.82
Ela_metadataset,RandomForest,0.8,Tuning,Tuning,0.37,0.63
Ela_metadataset,RandomForest,0.8,Tuning,Tuning,0.23,0.77
Ela_metadataset,RandomForest,0.8,Tuning,Tuning,0.04,0.96
Ela_metadataset,RandomForest,0.8,Defaults,Tuning,0.31,0.69
Ela_metadataset,RandomForest,0.8,Tuning,Tuning,0.31,0.69
Ela_metadataset,RandomForest,0.8,Defaults,Defaults,0.56,0.44
Ela_metadataset,RandomForest,0.8,Tuning,Tuning,0.14,0.86
Ela_metadataset,RandomForest,0.8,Tuning,Tuning,0.27,0.73
Ela_metadataset,RandomForest,0.8,Tuning,Tuning,0.34,0.66
Ela_metadataset,RandomForest,0.8,Tuning,Tuning,0.4,0.6
Ela_metadataset,RandomForest,0.8,Tuning,Tuning,0.44,0.56
Ela_metadataset,RandomForest,0.8,Defaults,Tuning,0.27,0.73
Ela_metadataset,RandomForest,0.8,Tuning,Tuning,0.2,0.8
Ela_metadataset,RandomForest,0.8,Defaults,Defaults,0.51,0.49
Ela_metadataset,RandomForest,0.8,Defaults,Defaults,0.55,0.45
Ela_metadataset,RandomForest,0.8,Defaults,Defaults,0.52,0.48
Ela_metadataset,RandomForest,0.8,Defaults,Defaults,0.65,0.35
Ela_metadataset,RandomForest,0.8,Tuning,Tuning,0.17,0.83
Ela_metadataset,RandomForest,0.8,Tuning,Tuning,0.25,0.75
Ela_metadataset,RandomForest,0.8,Tuning,Tuning,0.11,0.89
Ela_metadataset,RandomForest,0.8,Defaults,Tuning,0.29,0.71
Ela_metadataset,RandomForest,0.8,Defaults,Tuning,0.4,0.6
Ela_metadataset,RandomForest,0.8,Defaults,Tuning,0.3,0.7
Ela_metadataset,RandomForest,0.8,Defaults,Defaults,0.72,0.28
Ela_metadataset,RandomForest,0.8,Tuning,Defaults,0.51,0.49
Ela_metadataset,RandomForest,0.8,Tuning,Tuning,0.38,0.62
Ela_metadataset,RandomForest,0.8,Defaults,Defaults,0.64,0.36
Ela_metadataset,RandomForest,0.8,Tuning,Tuning,0.2,0.8
Ela_metadataset,RandomForest,0.8,Defaults,Tuning,0.24,0.76
Ela_metadataset,RandomForest,0.8,Tuning,Tuning,0.22,0.78
Ela_metadataset,RandomForest,0.8,Tuning,Tuning,0.37,0.63
Ela_metadataset,RandomForest,0.8,Defaults,Tuning,0.44,0.56
Ela_metadataset,RandomForest,0.8,Tuning,Tuning,0.17,0.83
Ela_metadataset,RandomForest,0.8,Defaults,Defaults,0.51,0.49
Ela_metadataset,RandomForest,0.8,Tuning,Tuning,0.21,0.79
Ela_metadataset,RandomForest,0.8,Tuning,Tuning,0.17,0.83
Ela_metadataset,RandomForest,0.8,Tuning,Tuning,0.3,0.7
Ela_metadataset,RandomForest,0.8,Defaults,Tuning,0.18,0.82
Ela_metadataset,RandomForest,0.8,Tuning,Tuning,0.11,0.89
Ela_metadataset,RandomForest,0.8,Tuning,Tuning,0.32,0.68
Ela_metadataset,RandomForest,0.8,Tuning,Tuning,0.12,0.88
Ela_metadataset,RandomForest,0.8,Defaults,Tuning,0.12,0.88
Ela_metadataset,RandomForest,0.8,Tuning,Tuning,0.09,0.91
Ela_metadataset,RandomForest,0.8,Tuning,Tuning,0.42,0.58
Ela_metadataset,RandomForest,0.8,Tuning,Tuning,0.16,0.84
Ela_metadataset,RandomForest,0.8,Tuning,Tuning,0.09,0.91
Ela_metadataset,RandomForest,0.8,Tuning,Tuning,0.45,0.55
Ela_metadataset,RandomForest,0.8,Tuning,Tuning,0.27,0.73
Ela_metadataset,RandomForest,0.8,Tuning,Tuning,0.18,0.82
Ela_metadataset,RandomForest,0.8,Defaults,Tuning,0.36,0.64
Ela_metadataset,RandomForest,0.8,Tuning,Tuning,0.17,0.83
Ela_metadataset,RandomForest,0.8,Tuning,Tuning,0.11,0.89
Ela_metadataset,RandomForest,0.8,Tuning,Tuning,0.22,0.78
Ela_metadataset,RandomForest,0.8,Tuning,Tuning,0.18,0.82
Ela_metadataset,RandomForest,0.8,Tuning,Tuning,0.12,0.88
Ela_metadataset,RandomForest,0.8,Tuning,Tuning,0.11,0.89
Ela_metadataset,RandomForest,0.8,Tuning,Defaults,0.53,0.47
Ela_metadataset,RandomForest,0.8,Tuning,Tuning,0.33,0.67
Ela_metadataset,RandomForest,0.8,Defaults,Tuning,0.35,0.65
Ela_metadataset,RandomForest,0.8,Tuning,Tuning,0.19,0.81
Ela_metadataset,RandomForest,0.8,Defaults,Tuning,0.24,0.76
Ela_metadataset,RandomForest,0.8,Tuning,Tuning,0.04,0.96
Ela_metadataset,RandomForest,0.8,Tuning,Tuning,0.36,0.64
Ela_metadataset,RandomForest,0.8,Tuning,Tuning,0.11,0.89
Ela_metadataset,RandomForest,0.8,Tuning,Tuning,0.21,0.79
Ela_metadataset,RandomForest,0.8,Defaults,Tuning,0.24,0.76
Ela_metadataset,RandomForest,0.8,Defaults,Defaults,0.51,0.49
Ela_metadataset,RandomForest,0.8,Tuning,Tuning,0.29,0.71
Ela_metadataset,RandomForest,0.8,Tuning,Tuning,0.17,0.83
Ela_metadataset,RandomForest,0.8,Tuning,Tuning,0.13,0.87
Ela_metadataset,RandomForest,0.8,Tuning,Tuning,0.06,0.94
Ela_metadataset,RandomForest,0.8,Tuning,Tuning,0.28,0.72
Ela_metadataset,RandomForest,0.8,Tuning,Tuning,0.14,0.86
Ela_metadataset,RandomForest,0.8,Tuning,Tuning,0.16,0.84
Ela_metadataset,RandomForest,0.8,Tuning,Tuning,0.3,0.7
Ela_metadataset,RandomForest,0.8,Defaults,Tuning,0.31,0.69
Ela_metadataset,RandomForest,0.8,Tuning,Tuning,0.46,0.54
Ela_metadataset,RandomForest,0.8,Tuning,Tuning,0.49,0.51
Ela_metadataset,RandomForest,0.8,Tuning,Tuning,0.3,0.7
Ela_metadataset,RandomForest,0.8,Tuning,Tuning,0.39,0.61
Ela_metadataset,RandomForest,0.8,Defaults,Tuning,0.27,0.73
Ela_metadataset,RandomForest,0.8,Tuning,Tuning,0.15,0.85
Ela_metadataset,RandomForest,0.8,Tuning,Tuning,0.26,0.74
Ela_metadataset,RandomForest,0.8,Tuning,Tuning,0.15,0.85
Ela_metadataset,RandomForest,0.8,Defaults,Tuning,0.13,0.87
Ela_metadataset,RandomForest,0.8,Tuning,Tuning,0.24,0.76
Ela_metadataset,RandomForest,0.8,Tuning,Tuning,0.39,0.61
Ela_metadataset,RandomForest,0.8,Tuning,Tuning,0.16,0.84
Ela_metadataset,RandomForest,0.8,Defaults,Defaults,0.51,0.49
Ela_metadataset,RandomForest,0.8,Defaults,Defaults,0.52,0.48
Ela_metadataset,RandomForest,0.8,Tuning,Defaults,0.58,0.42
Ela_metadataset,RandomForest,0.8,Tuning,Tuning,0.19,0.81
Ela_metadataset,RandomForest,0.8,Tuning,Tuning,0.34,0.66
Ela_metadataset,RandomForest,0.8,Defaults,Tuning,0.4,0.6
Ela_metadataset,RandomForest,0.8,Defaults,Tuning,0.44,0.56
Ela_metadataset,RandomForest,0.8,Defaults,Defaults,0.58,0.42
Ela_metadataset,RandomForest,0.8,Tuning,Tuning,0.28,0.72
Ela_metadataset,RandomForest,0.8,Defaults,Tuning,0.48,0.52
Ela_metadataset,RandomForest,0.8,Tuning,Tuning,0.23,0.77
Ela_metadataset,RandomForest,0.8,Tuning,Tuning,0.17,0.83
Ela_metadataset,RandomForest,0.8,Defaults,Tuning,0.2,0.8
Ela_metadataset,RandomForest,0.8,Defaults,Tuning,0.17,0.83
Ela_metadataset,RandomForest,0.8,Tuning,Tuning,0.29,0.71
Ela_metadataset,RandomForest,0.8,Tuning,Tuning,0.34,0.66
Ela_metadataset,RandomForest,0.8,Defaults,Tuning,0.26,0.74
Ela_metadataset,RandomForest,0.8,Tuning,Tuning,0.08,0.92
Ela_metadataset,RandomForest,0.8,Tuning,Defaults,0.62,0.38
Ela_metadataset,RandomForest,0.8,Tuning,Defaults,0.55,0.45
Ela_metadataset,RandomForest,0.8,Tuning,Tuning,0.34,0.66
Ela_metadataset,RandomForest,0.85,Tuning,Tuning,0.19,0.81
Ela_metadataset,RandomForest,0.85,Tuning,Tuning,0.14,0.86
Ela_metadataset,RandomForest,0.85,Defaults,Defaults,0.62,0.38
Ela_metadataset,RandomForest,0.85,Tuning,Tuning,0.14,0.86
Ela_metadataset,RandomForest,0.85,Tuning,Tuning,0.04,0.96
Ela_metadataset,RandomForest,0.85,Tuning,Tuning,0.3,0.7
Ela_metadataset,RandomForest,0.85,Tuning,Tuning,0.11,0.89
Ela_metadataset,RandomForest,0.85,Defaults,Tuning,0.1,0.9
Ela_metadataset,RandomForest,0.85,Defaults,Tuning,0.41,0.59
Ela_metadataset,RandomForest,0.85,Tuning,Tuning,0.29,0.71
Ela_metadataset,RandomForest,0.85,Tuning,Tuning,0.01,0.99
Ela_metadataset,RandomForest,0.85,Defaults,Defaults,0.54,0.46
Ela_metadataset,RandomForest,0.85,Tuning,Tuning,0.37,0.63
Ela_metadataset,RandomForest,0.85,Tuning,Tuning,0.36,0.64
Ela_metadataset,RandomForest,0.85,Tuning,Tuning,0.11,0.89
Ela_metadataset,RandomForest,0.85,Tuning,Tuning,0.03,0.97
Ela_metadataset,RandomForest,0.85,Defaults,Defaults,0.5,0.5
Ela_metadataset,RandomForest,0.85,Tuning,Tuning,0.13,0.87
Ela_metadataset,RandomForest,0.85,Defaults,Defaults,0.63,0.37
Ela_metadataset,RandomForest,0.85,Tuning,Defaults,0.77,0.23
Ela_metadataset,RandomForest,0.85,Tuning,Tuning,0.49,0.51
Ela_metadataset,RandomForest,0.85,Defaults,Defaults,0.6,0.4
Ela_metadataset,RandomForest,0.85,Tuning,Defaults,0.64,0.36
Ela_metadataset,RandomForest,0.85,Tuning,Tuning,0.14,0.86
Ela_metadataset,RandomForest,0.85,Tuning,Tuning,0.12,0.88
Ela_metadataset,RandomForest,0.85,Tuning,Tuning,0.19,0.81
Ela_metadataset,RandomForest,0.85,Tuning,Tuning,0.06,0.94
Ela_metadataset,RandomForest,0.85,Tuning,Tuning,0.13,0.87
Ela_metadataset,RandomForest,0.85,Tuning,Tuning,0.03,0.97
Ela_metadataset,RandomForest,0.85,Tuning,Tuning,0.09,0.91
Ela_metadataset,RandomForest,0.85,Tuning,Tuning,0.1,0.9
Ela_metadataset,RandomForest,0.85,Tuning,Tuning,0.03,0.97
Ela_metadataset,RandomForest,0.85,Defaults,Defaults,0.68,0.32
Ela_metadataset,RandomForest,0.85,Defaults,Defaults,0.64,0.36
Ela_metadataset,RandomForest,0.85,Tuning,Tuning,0.11,0.89
Ela_metadataset,RandomForest,0.85,Tuning,Tuning,0.35,0.65
Ela_metadataset,RandomForest,0.85,Tuning,Tuning,0.48,0.52
Ela_metadataset,RandomForest,0.85,Defaults,Defaults,0.62,0.38
Ela_metadataset,RandomForest,0.85,Tuning,Tuning,0.26,0.74
Ela_metadataset,RandomForest,0.85,Defaults,Tuning,0.49,0.51
Ela_metadataset,RandomForest,0.85,Tuning,Tuning,0.04,0.96
Ela_metadataset,RandomForest,0.85,Tuning,Tuning,0.08,0.92
Ela_metadataset,RandomForest,0.85,Tuning,Tuning,0.09,0.91
Ela_metadataset,RandomForest,0.85,Tuning,Tuning,0.11,0.89
Ela_metadataset,RandomForest,0.85,Tuning,Tuning,0.19,0.81
Ela_metadataset,RandomForest,0.85,Tuning,Tuning,0.08,0.92
Ela_metadataset,RandomForest,0.85,Tuning,Tuning,0.16,0.84
Ela_metadataset,RandomForest,0.85,Tuning,Tuning,0.12,0.88
Ela_metadataset,RandomForest,0.85,Tuning,Tuning,0.38,0.62
Ela_metadataset,RandomForest,0.85,Tuning,Tuning,0.13,0.87
Ela_metadataset,RandomForest,0.85,Defaults,Tuning,0.47,0.53
Ela_metadataset,RandomForest,0.85,Tuning,Tuning,0.13,0.87
Ela_metadataset,RandomForest,0.85,Tuning,Tuning,0.05,0.95
Ela_metadataset,RandomForest,0.85,Defaults,Tuning,0.13,0.87
Ela_metadataset,RandomForest,0.85,Tuning,Tuning,0.35,0.65
Ela_metadataset,RandomForest,0.85,Tuning,Tuning,0.26,0.74
Ela_metadataset,RandomForest,0.85,Tuning,Tuning,0.09,0.91
Ela_metadataset,RandomForest,0.85,Tuning,Defaults,0.55,0.45
Ela_metadataset,RandomForest,0.85,Tuning,Tuning,0.25,0.75
Ela_metadataset,RandomForest,0.85,Tuning,Tuning,0.18,0.82
Ela_metadataset,RandomForest,0.85,Tuning,Tuning,0.27,0.73
Ela_metadataset,RandomForest,0.85,Tuning,Tuning,0.42,0.58
Ela_metadataset,RandomForest,0.85,Tuning,Tuning,0.05,0.95
Ela_metadataset,RandomForest,0.85,Defaults,Tuning,0.15,0.85
Ela_metadataset,RandomForest,0.85,Tuning,Tuning,0.31,0.69
Ela_metadataset,RandomForest,0.85,Defaults,Defaults,0.53,0.47
Ela_metadataset,RandomForest,0.85,Tuning,Tuning,0.14,0.86
Ela_metadataset,RandomForest,0.85,Tuning,Tuning,0.25,0.75
Ela_metadataset,RandomForest,0.85,Tuning,Tuning,0.19,0.81
Ela_metadataset,RandomForest,0.85,Tuning,Tuning,0.45,0.55
Ela_metadataset,RandomForest,0.85,Tuning,Tuning,0.42,0.58
Ela_metadataset,RandomForest,0.85,Defaults,Tuning,0.2,0.8
Ela_metadataset,RandomForest,0.85,Tuning,Tuning,0.22,0.78
Ela_metadataset,RandomForest,0.85,Defaults,Defaults,0.5,0.5
Ela_metadataset,RandomForest,0.85,Defaults,Defaults,0.52,0.48
Ela_metadataset,RandomForest,0.85,Defaults,Tuning,0.48,0.52
Ela_metadataset,RandomForest,0.85,Defaults,Defaults,0.64,0.36
Ela_metadataset,RandomForest,0.85,Tuning,Tuning,0.26,0.74
Ela_metadataset,RandomForest,0.85,Tuning,Tuning,0.17,0.83
Ela_metadataset,RandomForest,0.85,Tuning,Tuning,0.07,0.93
Ela_metadataset,RandomForest,0.85,Defaults,Tuning,0.27,0.73
Ela_metadataset,RandomForest,0.85,Defaults,Tuning,0.27,0.73
Ela_metadataset,RandomForest,0.85,Defaults,Tuning,0.32,0.68
Ela_metadataset,RandomForest,0.85,Defaults,Defaults,0.68,0.32
Ela_metadataset,RandomForest,0.85,Tuning,Defaults,0.59,0.41
Ela_metadataset,RandomForest,0.85,Tuning,Tuning,0.48,0.52
Ela_metadataset,RandomForest,0.85,Defaults,Defaults,0.74,0.26
Ela_metadataset,RandomForest,0.85,Tuning,Tuning,0.2,0.8
Ela_metadataset,RandomForest,0.85,Defaults,Tuning,0.29,0.71
Ela_metadataset,RandomForest,0.85,Tuning,Tuning,0.21,0.79
Ela_metadataset,RandomForest,0.85,Tuning,Tuning,0.33,0.67
Ela_metadataset,RandomForest,0.85,Defaults,Tuning,0.38,0.62
Ela_metadataset,RandomForest,0.85,Tuning,Tuning,0.2,0.8
Ela_metadataset,RandomForest,0.85,Defaults,Defaults,0.55,0.45
Ela_metadataset,RandomForest,0.85,Tuning,Tuning,0.23,0.77
Ela_metadataset,RandomForest,0.85,Tuning,Tuning,0.13,0.87
Ela_metadataset,RandomForest,0.85,Tuning,Tuning,0.23,0.77
Ela_metadataset,RandomForest,0.85,Defaults,Tuning,0.21,0.79
Ela_metadataset,RandomForest,0.85,Tuning,Tuning,0.1,0.9
Ela_metadataset,RandomForest,0.85,Tuning,Tuning,0.29,0.71
Ela_metadataset,RandomForest,0.85,Tuning,Tuning,0.17,0.83
Ela_metadataset,RandomForest,0.85,Defaults,Tuning,0.12,0.88
Ela_metadataset,RandomForest,0.85,Tuning,Tuning,0.12,0.88
Ela_metadataset,RandomForest,0.85,Tuning,Tuning,0.37,0.63
Ela_metadataset,RandomForest,0.85,Tuning,Tuning,0.17,0.83
Ela_metadataset,RandomForest,0.85,Tuning,Tuning,0.09,0.91
Ela_metadataset,RandomForest,0.85,Tuning,Tuning,0.46,0.54
Ela_metadataset,RandomForest,0.85,Tuning,Tuning,0.05,0.95
Ela_metadataset,RandomForest,0.85,Tuning,Tuning,0.11,0.89
Ela_metadataset,RandomForest,0.85,Defaults,Tuning,0.2,0.8
Ela_metadataset,RandomForest,0.85,Tuning,Tuning,0.21,0.79
Ela_metadataset,RandomForest,0.85,Tuning,Tuning,0.07,0.93
Ela_metadataset,RandomForest,0.85,Tuning,Tuning,0.22,0.78
Ela_metadataset,RandomForest,0.85,Tuning,Tuning,0.28,0.72
Ela_metadataset,RandomForest,0.85,Tuning,Tuning,0.06,0.94
Ela_metadataset,RandomForest,0.85,Tuning,Tuning,0.16,0.84
Ela_metadataset,RandomForest,0.85,Tuning,Defaults,0.54,0.46
Ela_metadataset,RandomForest,0.85,Tuning,Tuning,0.32,0.68
Ela_metadataset,RandomForest,0.85,Defaults,Defaults,0.5,0.5
Ela_metadataset,RandomForest,0.85,Tuning,Tuning,0.22,0.78
Ela_metadataset,RandomForest,0.85,Defaults,Tuning,0.15,0.85
Ela_metadataset,RandomForest,0.85,Tuning,Tuning,0.1,0.9
Ela_metadataset,RandomForest,0.85,Tuning,Tuning,0.46,0.54
Ela_metadataset,RandomForest,0.85,Tuning,Tuning,0.08,0.92
Ela_metadataset,RandomForest,0.85,Tuning,Tuning,0.14,0.86
Ela_metadataset,RandomForest,0.85,Defaults,Tuning,0.27,0.73
Ela_metadataset,RandomForest,0.85,Defaults,Defaults,0.55,0.45
Ela_metadataset,RandomForest,0.85,Tuning,Tuning,0.23,0.77
Ela_metadataset,RandomForest,0.85,Tuning,Tuning,0.38,0.62
Ela_metadataset,RandomForest,0.85,Tuning,Tuning,0.13,0.87
Ela_metadataset,RandomForest,0.85,Tuning,Tuning,0.08,0.92
Ela_metadataset,RandomForest,0.85,Tuning,Tuning,0.41,0.59
Ela_metadataset,RandomForest,0.85,Tuning,Tuning,0.2,0.8
Ela_metadataset,RandomForest,0.85,Tuning,Tuning,0.2,0.8
Ela_metadataset,RandomForest,0.85,Tuning,Tuning,0.31,0.69
Ela_metadataset,RandomForest,0.85,Defaults,Tuning,0.27,0.73
Ela_metadataset,RandomForest,0.85,Tuning,Defaults,0.58,0.42
Ela_metadataset,RandomForest,0.85,Tuning,Tuning,0.48,0.52
Ela_metadataset,RandomForest,0.85,Tuning,Tuning,0.22,0.78
Ela_metadataset,RandomForest,0.85,Tuning,Tuning,0.43,0.57
Ela_metadataset,RandomForest,0.85,Defaults,Tuning,0.31,0.69
Ela_metadataset,RandomForest,0.85,Tuning,Tuning,0.15,0.85
Ela_metadataset,RandomForest,0.85,Tuning,Tuning,0.21,0.79
Ela_metadataset,RandomForest,0.85,Tuning,Tuning,0.12,0.88
Ela_metadataset,RandomForest,0.85,Defaults,Tuning,0.13,0.87
Ela_metadataset,RandomForest,0.85,Tuning,Tuning,0.31,0.69
Ela_metadataset,RandomForest,0.85,Tuning,Tuning,0.34,0.66
Ela_metadataset,RandomForest,0.85,Tuning,Tuning,0.16,0.84
Ela_metadataset,RandomForest,0.85,Defaults,Defaults,0.64,0.36
Ela_metadataset,RandomForest,0.85,Defaults,Defaults,0.55,0.45
Ela_metadataset,RandomForest,0.85,Tuning,Defaults,0.53,0.47
Ela_metadataset,RandomForest,0.85,Tuning,Tuning,0.16,0.84
Ela_metadataset,RandomForest,0.85,Tuning,Tuning,0.26,0.74
Ela_metadataset,RandomForest,0.85,Defaults,Tuning,0.36,0.64
Ela_metadataset,RandomForest,0.85,Defaults,Tuning,0.42,0.58
Ela_metadataset,RandomForest,0.85,Defaults,Defaults,0.52,0.48
Ela_metadataset,RandomForest,0.85,Tuning,Tuning,0.2,0.8
Ela_metadataset,RandomForest,0.85,Defaults,Tuning,0.42,0.58
Ela_metadataset,RandomForest,0.85,Tuning,Tuning,0.32,0.68
Ela_metadataset,RandomForest,0.85,Tuning,Tuning,0.16,0.84
Ela_metadataset,RandomForest,0.85,Defaults,Tuning,0.25,0.75
Ela_metadataset,RandomForest,0.85,Defaults,Tuning,0.28,0.72
Ela_metadataset,RandomForest,0.85,Tuning,Tuning,0.42,0.58
Ela_metadataset,RandomForest,0.85,Tuning,Tuning,0.34,0.66
Ela_metadataset,RandomForest,0.85,Defaults,Tuning,0.31,0.69
Ela_metadataset,RandomForest,0.85,Tuning,Tuning,0.04,0.96
Ela_metadataset,RandomForest,0.85,Tuning,Defaults,0.56,0.44
Ela_metadataset,RandomForest,0.85,Tuning,Defaults,0.51,0.49
Ela_metadataset,RandomForest,0.85,Tuning,Tuning,0.23,0.77
Ela_metadataset,RandomForest,0.9,Tuning,Tuning,0.26,0.74
Ela_metadataset,RandomForest,0.9,Tuning,Tuning,0.16,0.84
Ela_metadataset,RandomForest,0.9,Defaults,Defaults,0.59,0.41
Ela_metadataset,RandomForest,0.9,Tuning,Tuning,0.14,0.86
Ela_metadataset,RandomForest,0.9,Tuning,Tuning,0.04,0.96
Ela_metadataset,RandomForest,0.9,Tuning,Tuning,0.3,0.7
Ela_metadataset,RandomForest,0.9,Tuning,Tuning,0.17,0.83
Ela_metadataset,RandomForest,0.9,Defaults,Tuning,0.1,0.9
Ela_metadataset,RandomForest,0.9,Defaults,Tuning,0.45,0.55
Ela_metadataset,RandomForest,0.9,Tuning,Tuning,0.3,0.7
Ela_metadataset,RandomForest,0.9,Tuning,Tuning,0.02,0.98
Ela_metadataset,RandomForest,0.9,Defaults,Tuning,0.42,0.58
Ela_metadataset,RandomForest,0.9,Tuning,Tuning,0.37,0.63
Ela_metadataset,RandomForest,0.9,Tuning,Tuning,0.39,0.61
Ela_metadataset,RandomForest,0.9,Tuning,Tuning,0.11,0.89
Ela_metadataset,RandomForest,0.9,Tuning,Tuning,0.07,0.93
Ela_metadataset,RandomForest,0.9,Defaults,Defaults,0.63,0.37
Ela_metadataset,RandomForest,0.9,Tuning,Tuning,0.15,0.85
Ela_metadataset,RandomForest,0.9,Defaults,Defaults,0.54,0.46
Ela_metadataset,RandomForest,0.9,Tuning,Defaults,0.82,0.18
Ela_metadataset,RandomForest,0.9,Tuning,Tuning,0.49,0.51
Ela_metadataset,RandomForest,0.9,Defaults,Defaults,0.6,0.4
Ela_metadataset,RandomForest,0.9,Tuning,Defaults,0.69,0.31
Ela_metadataset,RandomForest,0.9,Tuning,Tuning,0.19,0.81
Ela_metadataset,RandomForest,0.9,Tuning,Tuning,0.12,0.88
Ela_metadataset,RandomForest,0.9,Tuning,Tuning,0.27,0.73
Ela_metadataset,RandomForest,0.9,Tuning,Tuning,0.06,0.94
Ela_metadataset,RandomForest,0.9,Tuning,Tuning,0.17,0.83
Ela_metadataset,RandomForest,0.9,Tuning,Tuning,0.04,0.96
Ela_metadataset,RandomForest,0.9,Tuning,Tuning,0.11,0.89
Ela_metadataset,RandomForest,0.9,Tuning,Tuning,0.17,0.83
Ela_metadataset,RandomForest,0.9,Tuning,Tuning,0.03,0.97
Ela_metadataset,RandomForest,0.9,Defaults,Defaults,0.71,0.29
Ela_metadataset,RandomForest,0.9,Defaults,Defaults,0.68,0.32
Ela_metadataset,RandomForest,0.9,Tuning,Tuning,0.09,0.91
Ela_metadataset,RandomForest,0.9,Tuning,Tuning,0.34,0.66
Ela_metadataset,RandomForest,0.9,Tuning,Tuning,0.44,0.56
Ela_metadataset,RandomForest,0.9,Defaults,Defaults,0.57,0.43
Ela_metadataset,RandomForest,0.9,Tuning,Tuning,0.22,0.78
Ela_metadataset,RandomForest,0.9,Defaults,Defaults,0.52,0.48
Ela_metadataset,RandomForest,0.9,Tuning,Tuning,0.11,0.89
Ela_metadataset,RandomForest,0.9,Tuning,Tuning,0.09,0.91
Ela_metadataset,RandomForest,0.9,Tuning,Tuning,0.12,0.88
Ela_metadataset,RandomForest,0.9,Tuning,Tuning,0.02,0.98
Ela_metadataset,RandomForest,0.9,Tuning,Tuning,0.21,0.79
Ela_metadataset,RandomForest,0.9,Tuning,Tuning,0.06,0.94
Ela_metadataset,RandomForest,0.9,Tuning,Tuning,0.2,0.8
Ela_metadataset,RandomForest,0.9,Tuning,Tuning,0.1,0.9
Ela_metadataset,RandomForest,0.9,Tuning,Tuning,0.33,0.67
Ela_metadataset,RandomForest,0.9,Tuning,Tuning,0.15,0.85
Ela_metadataset,RandomForest,0.9,Defaults,Tuning,0.46,0.54
Ela_metadataset,RandomForest,0.9,Tuning,Tuning,0.16,0.84
Ela_metadataset,RandomForest,0.9,Tuning,Tuning,0.08,0.92
Ela_metadataset,RandomForest,0.9,Defaults,Tuning,0.08,0.92
Ela_metadataset,RandomForest,0.9,Tuning,Tuning,0.44,0.56
Ela_metadataset,RandomForest,0.9,Tuning,Tuning,0.32,0.68
Ela_metadataset,RandomForest,0.9,Tuning,Tuning,0.05,0.95
Ela_metadataset,RandomForest,0.9,Tuning,Defaults,0.64,0.36
Ela_metadataset,RandomForest,0.9,Tuning,Tuning,0.28,0.72
Ela_metadataset,RandomForest,0.9,Tuning,Tuning,0.22,0.78
Ela_metadataset,RandomForest,0.9,Tuning,Tuning,0.32,0.68
Ela_metadataset,RandomForest,0.9,Tuning,Tuning,0.36,0.64
Ela_metadataset,RandomForest,0.9,Tuning,Tuning,0.1,0.9
Ela_metadataset,RandomForest,0.9,Defaults,Tuning,0.21,0.79
Ela_metadataset,RandomForest,0.9,Tuning,Tuning,0.33,0.67
Ela_metadataset,RandomForest,0.9,Defaults,Defaults,0.54,0.46
Ela_metadataset,RandomForest,0.9,Tuning,Tuning,0.17,0.83
Ela_metadataset,RandomForest,0.9,Tuning,Tuning,0.17,0.83
Ela_metadataset,RandomForest,0.9,Tuning,Tuning,0.28,0.72
Ela_metadataset,RandomForest,0.9,Tuning,Tuning,0.41,0.59
Ela_metadataset,RandomForest,0.9,Tuning,Tuning,0.43,0.57
Ela_metadataset,RandomForest,0.9,Defaults,Tuning,0.25,0.75
Ela_metadataset,RandomForest,0.9,Tuning,Tuning,0.25,0.75
Ela_metadataset,RandomForest,0.9,Defaults,Defaults,0.53,0.47
Ela_metadataset,RandomForest,0.9,Defaults,Defaults,0.55,0.45
Ela_metadataset,RandomForest,0.9,Defaults,Tuning,0.48,0.52
Ela_metadataset,RandomForest,0.9,Defaults,Defaults,0.77,0.23
Ela_metadataset,RandomForest,0.9,Tuning,Tuning,0.16,0.84
Ela_metadataset,RandomForest,0.9,Tuning,Tuning,0.3,0.7
Ela_metadataset,RandomForest,0.9,Tuning,Tuning,0.09,0.91
Ela_metadataset,RandomForest,0.9,Defaults,Tuning,0.36,0.64
Ela_metadataset,RandomForest,0.9,Defaults,Tuning,0.32,0.68
Ela_metadataset,RandomForest,0.9,Defaults,Tuning,0.25,0.75
Ela_metadataset,RandomForest,0.9,Defaults,Defaults,0.75,0.25
Ela_metadataset,RandomForest,0.9,Tuning,Defaults,0.55,0.45
Ela_metadataset,RandomForest,0.9,Tuning,Tuning,0.47,0.53
Ela_metadataset,RandomForest,0.9,Defaults,Defaults,0.76,0.24
Ela_metadataset,RandomForest,0.9,Tuning,Tuning,0.18,0.82
Ela_metadataset,RandomForest,0.9,Defaults,Tuning,0.29,0.71
Ela_metadataset,RandomForest,0.9,Tuning,Tuning,0.26,0.74
Ela_metadataset,RandomForest,0.9,Tuning,Tuning,0.34,0.66
Ela_metadataset,RandomForest,0.9,Defaults,Tuning,0.36,0.64
Ela_metadataset,RandomForest,0.9,Tuning,Tuning,0.13,0.87
Ela_metadataset,RandomForest,0.9,Defaults,Tuning,0.49,0.51
Ela_metadataset,RandomForest,0.9,Tuning,Tuning,0.22,0.78
Ela_metadataset,RandomForest,0.9,Tuning,Tuning,0.18,0.82
Ela_metadataset,RandomForest,0.9,Tuning,Tuning,0.13,0.87
Ela_metadataset,RandomForest,0.9,Defaults,Tuning,0.16,0.84
Ela_metadataset,RandomForest,0.9,Tuning,Tuning,0.11,0.89
Ela_metadataset,RandomForest,0.9,Tuning,Tuning,0.21,0.79
Ela_metadataset,RandomForest,0.9,Tuning,Tuning,0.1,0.9
Ela_metadataset,RandomForest,0.9,Defaults,Tuning,0.12,0.88
Ela_metadataset,RandomForest,0.9,Tuning,Tuning,0.2,0.8
Ela_metadataset,RandomForest,0.9,Tuning,Tuning,0.32,0.68
Ela_metadataset,RandomForest,0.9,Tuning,Tuning,0.21,0.79
Ela_metadataset,RandomForest,0.9,Tuning,Tuning,0.1,0.9
Ela_metadataset,RandomForest,0.9,Tuning,Tuning,0.49,0.51
Ela_metadataset,RandomForest,0.9,Tuning,Tuning,0.13,0.87
Ela_metadataset,RandomForest,0.9,Tuning,Tuning,0.14,0.86
Ela_metadataset,RandomForest,0.9,Defaults,Tuning,0.28,0.72
Ela_metadataset,RandomForest,0.9,Tuning,Tuning,0.17,0.83
Ela_metadataset,RandomForest,0.9,Tuning,Tuning,0.04,0.96
Ela_metadataset,RandomForest,0.9,Tuning,Tuning,0.13,0.87
Ela_metadataset,RandomForest,0.9,Tuning,Tuning,0.2,0.8
Ela_metadataset,RandomForest,0.9,Tuning,Tuning,0.14,0.86
Ela_metadataset,RandomForest,0.9,Tuning,Tuning,0.21,0.79
Ela_metadataset,RandomForest,0.9,Tuning,Defaults,0.5,0.5
Ela_metadataset,RandomForest,0.9,Tuning,Tuning,0.31,0.69
Ela_metadataset,RandomForest,0.9,Defaults,Tuning,0.34,0.66
Ela_metadataset,RandomForest,0.9,Tuning,Tuning,0.27,0.73
Ela_metadataset,RandomForest,0.9,Defaults,Tuning,0.3,0.7
Ela_metadataset,RandomForest,0.9,Tuning,Tuning,0.01,0.99
Ela_metadataset,RandomForest,0.9,Tuning,Tuning,0.4,0.6
Ela_metadataset,RandomForest,0.9,Tuning,Tuning,0.09,0.91
Ela_metadataset,RandomForest,0.9,Tuning,Tuning,0.22,0.78
Ela_metadataset,RandomForest,0.9,Defaults,Tuning,0.3,0.7
Ela_metadataset,RandomForest,0.9,Defaults,Tuning,0.48,0.52
Ela_metadataset,RandomForest,0.9,Tuning,Tuning,0.21,0.79
Ela_metadataset,RandomForest,0.9,Tuning,Tuning,0.28,0.72
Ela_metadataset,RandomForest,0.9,Tuning,Tuning,0.16,0.84
Ela_metadataset,RandomForest,0.9,Tuning,Tuning,0.03,0.97
Ela_metadataset,RandomForest,0.9,Tuning,Tuning,0.34,0.66
Ela_metadataset,RandomForest,0.9,Tuning,Tuning,0.15,0.85
Ela_metadataset,RandomForest,0.9,Tuning,Tuning,0.25,0.75
Ela_metadataset,RandomForest,0.9,Tuning,Tuning,0.23,0.77
Ela_metadataset,RandomForest,0.9,Defaults,Tuning,0.22,0.78
Ela_metadataset,RandomForest,0.9,Tuning,Defaults,0.55,0.45
Ela_metadataset,RandomForest,0.9,Tuning,Defaults,0.57,0.43
Ela_metadataset,RandomForest,0.9,Tuning,Tuning,0.21,0.79
Ela_metadataset,RandomForest,0.9,Tuning,Tuning,0.47,0.53
Ela_metadataset,RandomForest,0.9,Defaults,Tuning,0.29,0.71
Ela_metadataset,RandomForest,0.9,Tuning,Tuning,0.2,0.8
Ela_metadataset,RandomForest,0.9,Tuning,Tuning,0.2,0.8
Ela_metadataset,RandomForest,0.9,Tuning,Tuning,0.08,0.92
Ela_metadataset,RandomForest,0.9,Defaults,Tuning,0.12,0.88
Ela_metadataset,RandomForest,0.9,Tuning,Tuning,0.17,0.83
Ela_metadataset,RandomForest,0.9,Tuning,Tuning,0.33,0.67
Ela_metadataset,RandomForest,0.9,Tuning,Tuning,0.23,0.77
Ela_metadataset,RandomForest,0.9,Defaults,Defaults,0.59,0.41
Ela_metadataset,RandomForest,0.9,Defaults,Defaults,0.53,0.47
Ela_metadataset,RandomForest,0.9,Tuning,Tuning,0.49,0.51
Ela_metadataset,RandomForest,0.9,Tuning,Tuning,0.18,0.82
Ela_metadataset,RandomForest,0.9,Tuning,Tuning,0.29,0.71
Ela_metadataset,RandomForest,0.9,Defaults,Tuning,0.32,0.68
Ela_metadataset,RandomForest,0.9,Defaults,Tuning,0.33,0.67
Ela_metadataset,RandomForest,0.9,Defaults,Defaults,0.65,0.35
Ela_metadataset,RandomForest,0.9,Tuning,Tuning,0.2,0.8
Ela_metadataset,RandomForest,0.9,Defaults,Tuning,0.33,0.67
Ela_metadataset,RandomForest,0.9,Tuning,Tuning,0.28,0.72
Ela_metadataset,RandomForest,0.9,Tuning,Tuning,0.19,0.81
Ela_metadataset,RandomForest,0.9,Defaults,Tuning,0.21,0.79
Ela_metadataset,RandomForest,0.9,Defaults,Tuning,0.29,0.71
Ela_metadataset,RandomForest,0.9,Tuning,Tuning,0.44,0.56
Ela_metadataset,RandomForest,0.9,Tuning,Tuning,0.33,0.67
Ela_metadataset,RandomForest,0.9,Defaults,Tuning,0.32,0.68
Ela_metadataset,RandomForest,0.9,Tuning,Tuning,0.06,0.94
Ela_metadataset,RandomForest,0.9,Tuning,Defaults,0.56,0.44
Ela_metadataset,RandomForest,0.9,Tuning,Defaults,0.56,0.44
Ela_metadataset,RandomForest,0.9,Tuning,Tuning,0.17,0.83
Ela_metadataset,RandomForest,0.95,Tuning,Tuning,0.16,0.84
Ela_metadataset,RandomForest,0.95,Tuning,Tuning,0.13,0.87
Ela_metadataset,RandomForest,0.95,Defaults,Defaults,0.72,0.28
Ela_metadataset,RandomForest,0.95,Tuning,Tuning,0.39,0.61
Ela_metadataset,RandomForest,0.95,Tuning,Tuning,0.09,0.91
Ela_metadataset,RandomForest,0.95,Tuning,Tuning,0.23,0.77
Ela_metadataset,RandomForest,0.95,Tuning,Tuning,0.16,0.84
Ela_metadataset,RandomForest,0.95,Defaults,Tuning,0.09,0.91
Ela_metadataset,RandomForest,0.95,Defaults,Defaults,0.53,0.47
Ela_metadataset,RandomForest,0.95,Tuning,Tuning,0.25,0.75
Ela_metadataset,RandomForest,0.95,Tuning,Tuning,0.03,0.97
Ela_metadataset,RandomForest,0.95,Defaults,Defaults,0.62,0.38
Ela_metadataset,RandomForest,0.95,Tuning,Tuning,0.3,0.7
Ela_metadataset,RandomForest,0.95,Tuning,Tuning,0.4,0.6
Ela_metadataset,RandomForest,0.95,Tuning,Tuning,0.09,0.91
Ela_metadataset,RandomForest,0.95,Tuning,Tuning,0.04,0.96
Ela_metadataset,RandomForest,0.95,Defaults,Defaults,0.5,0.5
Ela_metadataset,RandomForest,0.95,Tuning,Tuning,0.09,0.91
Ela_metadataset,RandomForest,0.95,Defaults,Defaults,0.58,0.42
Ela_metadataset,RandomForest,0.95,Tuning,Defaults,0.76,0.24
Ela_metadataset,RandomForest,0.95,Tuning,Tuning,0.45,0.55
Ela_metadataset,RandomForest,0.95,Defaults,Defaults,0.59,0.41
Ela_metadataset,RandomForest,0.95,Tuning,Defaults,0.68,0.32
Ela_metadataset,RandomForest,0.95,Tuning,Tuning,0.17,0.83
Ela_metadataset,RandomForest,0.95,Tuning,Tuning,0.12,0.88
Ela_metadataset,RandomForest,0.95,Tuning,Tuning,0.19,0.81
Ela_metadataset,RandomForest,0.95,Tuning,Tuning,0.02,0.98
Ela_metadataset,RandomForest,0.95,Tuning,Tuning,0.23,0.77
Ela_metadataset,RandomForest,0.95,Tuning,Tuning,0.05,0.95
Ela_metadataset,RandomForest,0.95,Tuning,Tuning,0.16,0.84
Ela_metadataset,RandomForest,0.95,Tuning,Tuning,0.09,0.91
Ela_metadataset,RandomForest,0.95,Tuning,Tuning,0.04,0.96
Ela_metadataset,RandomForest,0.95,Defaults,Defaults,0.73,0.27
Ela_metadataset,RandomForest,0.95,Defaults,Defaults,0.65,0.35
Ela_metadataset,RandomForest,0.95,Tuning,Tuning,0.07,0.93
Ela_metadataset,RandomForest,0.95,Tuning,Tuning,0.33,0.67
Ela_metadataset,RandomForest,0.95,Tuning,Tuning,0.42,0.58
Ela_metadataset,RandomForest,0.95,Defaults,Defaults,0.59,0.41
Ela_metadataset,RandomForest,0.95,Tuning,Tuning,0.18,0.82
Ela_metadataset,RandomForest,0.95,Defaults,Tuning,0.42,0.58
Ela_metadataset,RandomForest,0.95,Tuning,Tuning,0.11,0.89
Ela_metadataset,RandomForest,0.95,Tuning,Tuning,0.06,0.94
Ela_metadataset,RandomForest,0.95,Tuning,Tuning,0.2,0.8
Ela_metadataset,RandomForest,0.95,Tuning,Tuning,0.02,0.98
Ela_metadataset,RandomForest,0.95,Tuning,Tuning,0.23,0.77
Ela_metadataset,RandomForest,0.95,Tuning,Tuning,0.06,0.94
Ela_metadataset,RandomForest,0.95,Tuning,Tuning,0.18,0.82
Ela_metadataset,RandomForest,0.95,Tuning,Tuning,0.19,0.81
Ela_metadataset,RandomForest,0.95,Tuning,Tuning,0.38,0.62
Ela_metadataset,RandomForest,0.95,Tuning,Tuning,0.16,0.84
Ela_metadataset,RandomForest,0.95,Defaults,Tuning,0.37,0.63
Ela_metadataset,RandomForest,0.95,Tuning,Tuning,0.21,0.79
Ela_metadataset,RandomForest,0.95,Tuning,Tuning,0.08,0.92
Ela_metadataset,RandomForest,0.95,Defaults,Tuning,0.1,0.9
Ela_metadataset,RandomForest,0.95,Tuning,Tuning,0.35,0.65
Ela_metadataset,RandomForest,0.95,Tuning,Tuning,0.45,0.55
Ela_metadataset,RandomForest,0.95,Tuning,Tuning,0.11,0.89
Ela_metadataset,RandomForest,0.95,Tuning,Tuning,0.48,0.52
Ela_metadataset,RandomForest,0.95,Tuning,Tuning,0.22,0.78
Ela_metadataset,RandomForest,0.95,Tuning,Tuning,0.17,0.83
Ela_metadataset,RandomForest,0.95,Tuning,Tuning,0.39,0.61
Ela_metadataset,RandomForest,0.95,Tuning,Tuning,0.33,0.67
Ela_metadataset,RandomForest,0.95,Tuning,Tuning,0.08,0.92
Ela_metadataset,RandomForest,0.95,Defaults,Tuning,0.39,0.61
Ela_metadataset,RandomForest,0.95,Tuning,Tuning,0.29,0.71
Ela_metadataset,RandomForest,0.95,Defaults,Defaults,0.53,0.47
Ela_metadataset,RandomForest,0.95,Tuning,Tuning,0.2,0.8
Ela_metadataset,RandomForest,0.95,Tuning,Tuning,0.23,0.77
Ela_metadataset,RandomForest,0.95,Tuning,Tuning,0.19,0.81
Ela_metadataset,RandomForest,0.95,Tuning,Tuning,0.33,0.67
Ela_metadataset,RandomForest,0.95,Tuning,Defaults,0.59,0.41
Ela_metadataset,RandomForest,0.95,Defaults,Tuning,0.31,0.69
Ela_metadataset,RandomForest,0.95,Tuning,Tuning,0.23,0.77
Ela_metadataset,RandomForest,0.95,Defaults,Tuning,0.43,0.57
Ela_metadataset,RandomForest,0.95,Defaults,Defaults,0.65,0.35
Ela_metadataset,RandomForest,0.95,Defaults,Tuning,0.43,0.57
Ela_metadataset,RandomForest,0.95,Defaults,Defaults,0.81,0.19
Ela_metadataset,RandomForest,0.95,Tuning,Tuning,0.13,0.87
Ela_metadataset,RandomForest,0.95,Tuning,Tuning,0.12,0.88
Ela_metadataset,RandomForest,0.95,Tuning,Tuning,0.07,0.93
Ela_metadataset,RandomForest,0.95,Defaults,Tuning,0.34,0.66
Ela_metadataset,RandomForest,0.95,Defaults,Tuning,0.42,0.58
Ela_metadataset,RandomForest,0.95,Defaults,Tuning,0.43,0.57
Ela_metadataset,RandomForest,0.95,Defaults,Defaults,0.7,0.3
Ela_metadataset,RandomForest,0.95,Tuning,Defaults,0.53,0.47
Ela_metadataset,RandomForest,0.95,Tuning,Defaults,0.58,0.42
Ela_metadataset,RandomForest,0.95,Defaults,Defaults,0.82,0.18
Ela_metadataset,RandomForest,0.95,Tuning,Tuning,0.25,0.75
Ela_metadataset,RandomForest,0.95,Defaults,Tuning,0.31,0.69
Ela_metadataset,RandomForest,0.95,Tuning,Tuning,0.11,0.89
Ela_metadataset,RandomForest,0.95,Tuning,Tuning,0.42,0.58
Ela_metadataset,RandomForest,0.95,Defaults,Tuning,0.33,0.67
Ela_metadataset,RandomForest,0.95,Tuning,Tuning,0.31,0.69
Ela_metadataset,RandomForest,0.95,Defaults,Defaults,0.65,0.35
Ela_metadataset,RandomForest,0.95,Tuning,Tuning,0.38,0.62
Ela_metadataset,RandomForest,0.95,Tuning,Tuning,0.07,0.93
Ela_metadataset,RandomForest,0.95,Tuning,Tuning,0.34,0.66
Ela_metadataset,RandomForest,0.95,Defaults,Tuning,0.08,0.92
Ela_metadataset,RandomForest,0.95,Tuning,Tuning,0.1,0.9
Ela_metadataset,RandomForest,0.95,Tuning,Tuning,0.35,0.65
Ela_metadataset,RandomForest,0.95,Tuning,Tuning,0.13,0.87
Ela_metadataset,RandomForest,0.95,Defaults,Tuning,0.05,0.95
Ela_metadataset,RandomForest,0.95,Tuning,Tuning,0.13,0.87
Ela_metadataset,RandomForest,0.95,Tuning,Tuning,0.22,0.78
Ela_metadataset,RandomForest,0.95,Tuning,Tuning,0.16,0.84
Ela_metadataset,RandomForest,0.95,Tuning,Tuning,0.06,0.94
Ela_metadataset,RandomForest,0.95,Tuning,Tuning,0.38,0.62
Ela_metadataset,RandomForest,0.95,Tuning,Tuning,0.16,0.84
Ela_metadataset,RandomForest,0.95,Tuning,Tuning,0.09,0.91
Ela_metadataset,RandomForest,0.95,Defaults,Tuning,0.23,0.77
Ela_metadataset,RandomForest,0.95,Tuning,Tuning,0.11,0.89
Ela_metadataset,RandomForest,0.95,Tuning,Tuning,0.06,0.94
Ela_metadataset,RandomForest,0.95,Tuning,Tuning,0.18,0.82
Ela_metadataset,RandomForest,0.95,Tuning,Tuning,0.2,0.8
Ela_metadataset,RandomForest,0.95,Tuning,Tuning,0.19,0.81
Ela_metadataset,RandomForest,0.95,Tuning,Tuning,0.13,0.87
Ela_metadataset,RandomForest,0.95,Tuning,Defaults,0.55,0.45
Ela_metadataset,RandomForest,0.95,Tuning,Tuning,0.32,0.68
Ela_metadataset,RandomForest,0.95,Defaults,Tuning,0.46,0.54
Ela_metadataset,RandomForest,0.95,Tuning,Tuning,0.23,0.77
Ela_metadataset,RandomForest,0.95,Defaults,Tuning,0.3,0.7
Ela_metadataset,RandomForest,0.95,Tuning,Tuning,0.04,0.96
Ela_metadataset,RandomForest,0.95,Tuning,Tuning,0.35,0.65
Ela_metadataset,RandomForest,0.95,Tuning,Tuning,0.13,0.87
Ela_metadataset,RandomForest,0.95,Tuning,Tuning,0.19,0.81
Ela_metadataset,RandomForest,0.95,Defaults,Tuning,0.27,0.73
Ela_metadataset,RandomForest,0.95,Defaults,Defaults,0.64,0.36
Ela_metadataset,RandomForest,0.95,Tuning,Tuning,0.29,0.71
Ela_metadataset,RandomForest,0.95,Tuning,Tuning,0.27,0.73
Ela_metadataset,RandomForest,0.95,Tuning,Tuning,0.12,0.88
Ela_metadataset,RandomForest,0.95,Tuning,Tuning,0.08,0.92
Ela_metadataset,RandomForest,0.95,Tuning,Tuning,0.3,0.7
Ela_metadataset,RandomForest,0.95,Tuning,Tuning,0.14,0.86
Ela_metadataset,RandomForest,0.95,Tuning,Tuning,0.18,0.82
Ela_metadataset,RandomForest,0.95,Tuning,Tuning,0.34,0.66
Ela_metadataset,RandomForest,0.95,Defaults,Tuning,0.2,0.8
Ela_metadataset,RandomForest,0.95,Tuning,Tuning,0.49,0.51
Ela_metadataset,RandomForest,0.95,Tuning,Defaults,0.56,0.44
Ela_metadataset,RandomForest,0.95,Tuning,Tuning,0.29,0.71
Ela_metadataset,RandomForest,0.95,Tuning,Defaults,0.52,0.48
Ela_metadataset,RandomForest,0.95,Defaults,Tuning,0.28,0.72
Ela_metadataset,RandomForest,0.95,Tuning,Tuning,0.18,0.82
Ela_metadataset,RandomForest,0.95,Tuning,Tuning,0.19,0.81
Ela_metadataset,RandomForest,0.95,Tuning,Tuning,0.18,0.82
Ela_metadataset,RandomForest,0.95,Defaults,Tuning,0.14,0.86
Ela_metadataset,RandomForest,0.95,Tuning,Tuning,0.31,0.69
Ela_metadataset,RandomForest,0.95,Tuning,Defaults,0.54,0.46
Ela_metadataset,RandomForest,0.95,Tuning,Tuning,0.24,0.76
Ela_metadataset,RandomForest,0.95,Defaults,Defaults,0.53,0.47
Ela_metadataset,RandomForest,0.95,Defaults,Defaults,0.56,0.44
Ela_metadataset,RandomForest,0.95,Tuning,Defaults,0.55,0.45
Ela_metadataset,RandomForest,0.95,Tuning,Tuning,0.2,0.8
Ela_metadataset,RandomForest,0.95,Tuning,Tuning,0.19,0.81
Ela_metadataset,RandomForest,0.95,Defaults,Tuning,0.29,0.71
Ela_metadataset,RandomForest,0.95,Defaults,Tuning,0.3,0.7
Ela_metadataset,RandomForest,0.95,Defaults,Defaults,0.62,0.38
Ela_metadataset,RandomForest,0.95,Tuning,Tuning,0.23,0.77
Ela_metadataset,RandomForest,0.95,Defaults,Tuning,0.32,0.68
Ela_metadataset,RandomForest,0.95,Tuning,Tuning,0.23,0.77
Ela_metadataset,RandomForest,0.95,Tuning,Tuning,0.08,0.92
Ela_metadataset,RandomForest,0.95,Defaults,Tuning,0.24,0.76
Ela_metadataset,RandomForest,0.95,Defaults,Tuning,0.21,0.79
Ela_metadataset,RandomForest,0.95,Tuning,Tuning,0.35,0.65
Ela_metadataset,RandomForest,0.95,Tuning,Tuning,0.45,0.55
Ela_metadataset,RandomForest,0.95,Defaults,Tuning,0.36,0.64
Ela_metadataset,RandomForest,0.95,Tuning,Tuning,0.11,0.89
Ela_metadataset,RandomForest,0.95,Tuning,Tuning,0.45,0.55
Ela_metadataset,RandomForest,0.95,Tuning,Defaults,0.6,0.4
Ela_metadataset,RandomForest,0.95,Tuning,Tuning,0.15,0.85
Ela_metadataset,KNN,0.8,Tuning,Defaults,0.6,0.4
Ela_metadataset,KNN,0.8,Tuning,Tuning,0.4,0.6
Ela_metadataset,KNN,0.8,Defaults,Defaults,0.8,0.2
Ela_metadataset,KNN,0.8,Tuning,Tuning,0.4,0.6
Ela_metadataset,KNN,0.8,Tuning,Tuning,0.0,1.0
Ela_metadataset,KNN,0.8,Tuning,Tuning,0.2,0.8
Ela_metadataset,KNN,0.8,Tuning,Tuning,0.0,1.0
Ela_metadataset,KNN,0.8,Defaults,Tuning,0.4,0.6
Ela_metadataset,KNN,0.8,Defaults,Tuning,0.4,0.6
Ela_metadataset,KNN,0.8,Tuning,Tuning,0.2,0.8
Ela_metadataset,KNN,0.8,Tuning,Tuning,0.0,1.0
Ela_metadataset,KNN,0.8,Defaults,Tuning,0.4,0.6
Ela_metadataset,KNN,0.8,Tuning,Tuning,0.4,0.6
Ela_metadataset,KNN,0.8,Tuning,Tuning,0.2,0.8
Ela_metadataset,KNN,0.8,Tuning,Tuning,0.0,1.0
Ela_metadataset,KNN,0.8,Tuning,Tuning,0.0,1.0
Ela_metadataset,KNN,0.8,Defaults,Defaults,0.8,0.2
Ela_metadataset,KNN,0.8,Tuning,Tuning,0.0,1.0
Ela_metadataset,KNN,0.8,Defaults,Tuning,0.4,0.6
Ela_metadataset,KNN,0.8,Tuning,Defaults,0.8,0.2
Ela_metadataset,KNN,0.8,Tuning,Tuning,0.2,0.8
Ela_metadataset,KNN,0.8,Defaults,Tuning,0.2,0.8
Ela_metadataset,KNN,0.8,Tuning,Defaults,0.8,0.2
Ela_metadataset,KNN,0.8,Tuning,Tuning,0.0,1.0
Ela_metadataset,KNN,0.8,Tuning,Tuning,0.2,0.8
Ela_metadataset,KNN,0.8,Tuning,Defaults,0.6,0.4
Ela_metadataset,KNN,0.8,Tuning,Tuning,0.0,1.0
Ela_metadataset,KNN,0.8,Tuning,Tuning,0.0,1.0
Ela_metadataset,KNN,0.8,Tuning,Tuning,0.0,1.0
Ela_metadataset,KNN,0.8,Tuning,Tuning,0.4,0.6
Ela_metadataset,KNN,0.8,Tuning,Tuning,0.0,1.0
Ela_metadataset,KNN,0.8,Tuning,Tuning,0.0,1.0
Ela_metadataset,KNN,0.8,Defaults,Defaults,0.8,0.2
Ela_metadataset,KNN,0.8,Defaults,Tuning,0.4,0.6
Ela_metadataset,KNN,0.8,Tuning,Tuning,0.0,1.0
Ela_metadataset,KNN,0.8,Tuning,Tuning,0.2,0.8
Ela_metadataset,KNN,0.8,Tuning,Tuning,0.2,0.8
Ela_metadataset,KNN,0.8,Defaults,Tuning,0.4,0.6
Ela_metadataset,KNN,0.8,Tuning,Tuning,0.2,0.8
Ela_metadataset,KNN,0.8,Defaults,Tuning,0.4,0.6
Ela_metadataset,KNN,0.8,Tuning,Tuning,0.2,0.8
Ela_metadataset,KNN,0.8,Tuning,Tuning,0.0,1.0
Ela_metadataset,KNN,0.8,Tuning,Tuning,0.0,1.0
Ela_metadataset,KNN,0.8,Tuning,Tuning,0.0,1.0
Ela_metadataset,KNN,0.8,Tuning,Defaults,0.6,0.4
Ela_metadataset,KNN,0.8,Tuning,Tuning,0.4,0.6
Ela_metadataset,KNN,0.8,Tuning,Tuning,0.2,0.8
Ela_metadataset,KNN,0.8,Tuning,Tuning,0.2,0.8
Ela_metadataset,KNN,0.8,Tuning,Tuning,0.0,1.0
Ela_metadataset,KNN,0.8,Tuning,Tuning,0.2,0.8
Ela_metadataset,KNN,0.8,Defaults,Tuning,0.4,0.6
Ela_metadataset,KNN,0.8,Tuning,Tuning,0.4,0.6
Ela_metadataset,KNN,0.8,Tuning,Tuning,0.2,0.8
Ela_metadataset,KNN,0.8,Defaults,Tuning,0.4,0.6
Ela_metadataset,KNN,0.8,Tuning,Tuning,0.4,0.6
Ela_metadataset,KNN,0.8,Tuning,Tuning,0.4,0.6
Ela_metadataset,KNN,0.8,Tuning,Tuning,0.0,1.0
Ela_metadataset,KNN,0.8,Tuning,Defaults,0.8,0.2
Ela_metadataset,KNN,0.8,Tuning,Tuning,0.4,0.6
Ela_metadataset,KNN,0.8,Tuning,Tuning,0.0,1.0
Ela_metadataset,KNN,0.8,Tuning,Tuning,0.0,1.0
Ela_metadataset,KNN,0.8,Tuning,Tuning,0.4,0.6
Ela_metadataset,KNN,0.8,Tuning,Tuning,0.4,0.6
Ela_metadataset,KNN,0.8,Defaults,Tuning,0.4,0.6
Ela_metadataset,KNN,0.8,Tuning,Defaults,0.8,0.2
Ela_metadataset,KNN,0.8,Defaults,Tuning,0.4,0.6
Ela_metadataset,KNN,0.8,Tuning,Tuning,0.2,0.8
Ela_metadataset,KNN,0.8,Tuning,Tuning,0.2,0.8
Ela_metadataset,KNN,0.8,Tuning,Tuning,0.2,0.8
Ela_metadataset,KNN,0.8,Tuning,Defaults,0.6,0.4
Ela_metadataset,KNN,0.8,Tuning,Defaults,0.6,0.4
Ela_metadataset,KNN,0.8,Defaults,Tuning,0.4,0.6
Ela_metadataset,KNN,0.8,Tuning,Tuning,0.4,0.6
Ela_metadataset,KNN,0.8,Defaults,Defaults,0.6,0.4
Ela_metadataset,KNN,0.8,Defaults,Defaults,0.6,0.4
Ela_metadataset,KNN,0.8,Defaults,Tuning,0.4,0.6
Ela_metadataset,KNN,0.8,Defaults,Tuning,0.4,0.6
Ela_metadataset,KNN,0.8,Tuning,Tuning,0.4,0.6
Ela_metadataset,KNN,0.8,Tuning,Tuning,0.4,0.6
Ela_metadataset,KNN,0.8,Tuning,Tuning,0.2,0.8
Ela_metadataset,KNN,0.8,Defaults,Tuning,0.2,0.8
Ela_metadataset,KNN,0.8,Defaults,Tuning,0.0,1.0
Ela_metadataset,KNN,0.8,Defaults,Defaults,0.6,0.4
Ela_metadataset,KNN,0.8,Defaults,Defaults,0.6,0.4
Ela_metadataset,KNN,0.8,Tuning,Defaults,0.8,0.2
Ela_metadataset,KNN,0.8,Tuning,Tuning,0.4,0.6
Ela_metadataset,KNN,0.8,Defaults,Tuning,0.4,0.6
Ela_metadataset,KNN,0.8,Tuning,Tuning,0.2,0.8
Ela_metadataset,KNN,0.8,Defaults,Tuning,0.4,0.6
Ela_metadataset,KNN,0.8,Tuning,Tuning,0.2,0.8
Ela_metadataset,KNN,0.8,Tuning,Tuning,0.4,0.6
Ela_metadataset,KNN,0.8,Defaults,Tuning,0.4,0.6
Ela_metadataset,KNN,0.8,Tuning,Defaults,0.6,0.4
Ela_metadataset,KNN,0.8,Defaults,Defaults,0.6,0.4
Ela_metadataset,KNN,0.8,Tuning,Tuning,0.2,0.8
Ela_metadataset,KNN,0.8,Tuning,Tuning,0.2,0.8
Ela_metadataset,KNN,0.8,Tuning,Defaults,0.6,0.4
Ela_metadataset,KNN,0.8,Defaults,Tuning,0.2,0.8
Ela_metadataset,KNN,0.8,Tuning,Tuning,0.0,1.0
Ela_metadataset,KNN,0.8,Tuning,Tuning,0.0,1.0
Ela_metadataset,KNN,0.8,Tuning,Tuning,0.2,0.8
Ela_metadataset,KNN,0.8,Defaults,Tuning,0.0,1.0
Ela_metadataset,KNN,0.8,Tuning,Tuning,0.0,1.0
Ela_metadataset,KNN,0.8,Tuning,Defaults,0.6,0.4
Ela_metadataset,KNN,0.8,Tuning,Tuning,0.2,0.8
Ela_metadataset,KNN,0.8,Tuning,Tuning,0.0,1.0
Ela_metadataset,KNN,0.8,Tuning,Defaults,0.6,0.4
Ela_metadataset,KNN,0.8,Tuning,Tuning,0.4,0.6
Ela_metadataset,KNN,0.8,Tuning,Tuning,0.0,1.0
Ela_metadataset,KNN,0.8,Defaults,Tuning,0.4,0.6
Ela_metadataset,KNN,0.8,Tuning,Tuning,0.0,1.0
Ela_metadataset,KNN,0.8,Tuning,Tuning,0.4,0.6
Ela_metadataset,KNN,0.8,Tuning,Tuning,0.4,0.6
Ela_metadataset,KNN,0.8,Tuning,Defaults,0.8,0.2
Ela_metadataset,KNN,0.8,Tuning,Tuning,0.0,1.0
Ela_metadataset,KNN,0.8,Tuning,Tuning,0.2,0.8
Ela_metadataset,KNN,0.8,Tuning,Defaults,0.6,0.4
Ela_metadataset,KNN,0.8,Tuning,Tuning,0.2,0.8
Ela_metadataset,KNN,0.8,Defaults,Defaults,0.6,0.4
Ela_metadataset,KNN,0.8,Tuning,Tuning,0.0,1.0
Ela_metadataset,KNN,0.8,Defaults,Tuning,0.4,0.6
Ela_metadataset,KNN,0.8,Tuning,Tuning,0.0,1.0
Ela_metadataset,KNN,0.8,Tuning,Defaults,0.8,0.2
Ela_metadataset,KNN,0.8,Tuning,Tuning,0.2,0.8
Ela_metadataset,KNN,0.8,Tuning,Tuning,0.2,0.8
Ela_metadataset,KNN,0.8,Defaults,Tuning,0.2,0.8
Ela_metadataset,KNN,0.8,Defaults,Tuning,0.4,0.6
Ela_metadataset,KNN,0.8,Tuning,Defaults,0.6,0.4
Ela_metadataset,KNN,0.8,Tuning,Tuning,0.2,0.8
Ela_metadataset,KNN,0.8,Tuning,Tuning,0.4,0.6
Ela_metadataset,KNN,0.8,Tuning,Tuning,0.4,0.6
Ela_metadataset,KNN,0.8,Tuning,Defaults,0.8,0.2
Ela_metadataset,KNN,0.8,Tuning,Tuning,0.0,1.0
Ela_metadataset,KNN,0.8,Tuning,Tuning,0.4,0.6
Ela_metadataset,KNN,0.8,Tuning,Tuning,0.0,1.0
Ela_metadataset,KNN,0.8,Defaults,Tuning,0.2,0.8
Ela_metadataset,KNN,0.8,Tuning,Defaults,0.8,0.2
Ela_metadataset,KNN,0.8,Tuning,Tuning,0.4,0.6
Ela_metadataset,KNN,0.8,Tuning,Tuning,0.2,0.8
Ela_metadataset,KNN,0.8,Tuning,Defaults,0.6,0.4
Ela_metadataset,KNN,0.8,Defaults,Defaults,0.6,0.4
Ela_metadataset,KNN,0.8,Tuning,Tuning,0.4,0.6
Ela_metadataset,KNN,0.8,Tuning,Tuning,0.4,0.6
Ela_metadataset,KNN,0.8,Tuning,Tuning,0.0,1.0
Ela_metadataset,KNN,0.8,Defaults,Tuning,0.0,1.0
Ela_metadataset,KNN,0.8,Tuning,Tuning,0.4,0.6
Ela_metadataset,KNN,0.8,Tuning,Tuning,0.4,0.6
Ela_metadataset,KNN,0.8,Tuning,Tuning,0.0,1.0
Ela_metadataset,KNN,0.8,Defaults,Defaults,0.6,0.4
Ela_metadataset,KNN,0.8,Defaults,Tuning,0.4,0.6
Ela_metadataset,KNN,0.8,Tuning,Defaults,0.6,0.4
Ela_metadataset,KNN,0.8,Tuning,Tuning,0.2,0.8
Ela_metadataset,KNN,0.8,Tuning,Tuning,0.4,0.6
Ela_metadataset,KNN,0.8,Defaults,Tuning,0.0,1.0
Ela_metadataset,KNN,0.8,Defaults,Tuning,0.2,0.8
Ela_metadataset,KNN,0.8,Defaults,Defaults,0.8,0.2
Ela_metadataset,KNN,0.8,Tuning,Tuning,0.4,0.6
Ela_metadataset,KNN,0.8,Defaults,Tuning,0.2,0.8
Ela_metadataset,KNN,0.8,Tuning,Tuning,0.2,0.8
Ela_metadataset,KNN,0.8,Tuning,Tuning,0.2,0.8
Ela_metadataset,KNN,0.8,Defaults,Tuning,0.2,0.8
Ela_metadataset,KNN,0.8,Defaults,Tuning,0.2,0.8
Ela_metadataset,KNN,0.8,Tuning,Tuning,0.2,0.8
Ela_metadataset,KNN,0.8,Tuning,Tuning,0.2,0.8
Ela_metadataset,KNN,0.8,Defaults,Tuning,0.4,0.6
Ela_metadataset,KNN,0.8,Tuning,Tuning,0.2,0.8
Ela_metadataset,KNN,0.8,Tuning,Tuning,0.2,0.8
Ela_metadataset,KNN,0.8,Tuning,Defaults,0.6,0.4
Ela_metadataset,KNN,0.8,Tuning,Tuning,0.2,0.8
Ela_metadataset,KNN,0.85,Tuning,Defaults,0.6,0.4
Ela_metadataset,KNN,0.85,Tuning,Tuning,0.4,0.6
Ela_metadataset,KNN,0.85,Defaults,Defaults,0.8,0.2
Ela_metadataset,KNN,0.85,Tuning,Tuning,0.4,0.6
Ela_metadataset,KNN,0.85,Tuning,Tuning,0.0,1.0
Ela_metadataset,KNN,0.85,Tuning,Tuning,0.2,0.8
Ela_metadataset,KNN,0.85,Tuning,Tuning,0.0,1.0
Ela_metadataset,KNN,0.85,Defaults,Tuning,0.2,0.8
Ela_metadataset,KNN,0.85,Defaults,Tuning,0.4,0.6
Ela_metadataset,KNN,0.85,Tuning,Tuning,0.2,0.8
Ela_metadataset,KNN,0.85,Tuning,Tuning,0.0,1.0
Ela_metadataset,KNN,0.85,Defaults,Tuning,0.4,0.6
Ela_metadataset,KNN,0.85,Tuning,Tuning,0.2,0.8
Ela_metadataset,KNN,0.85,Tuning,Tuning,0.0,1.0
Ela_metadataset,KNN,0.85,Tuning,Tuning,0.0,1.0
Ela_metadataset,KNN,0.85,Tuning,Tuning,0.0,1.0
Ela_metadataset,KNN,0.85,Defaults,Defaults,0.6,0.4
Ela_metadataset,KNN,0.85,Tuning,Tuning,0.0,1.0
Ela_metadataset,KNN,0.85,Defaults,Tuning,0.4,0.6
Ela_metadataset,KNN,0.85,Tuning,Defaults,0.8,0.2
Ela_metadataset,KNN,0.85,Tuning,Tuning,0.2,0.8
Ela_metadataset,KNN,0.85,Defaults,Tuning,0.2,0.8
Ela_metadataset,KNN,0.85,Tuning,Defaults,1.0,0.0
Ela_metadataset,KNN,0.85,Tuning,Tuning,0.0,1.0
Ela_metadataset,KNN,0.85,Tuning,Tuning,0.2,0.8
Ela_metadataset,KNN,0.85,Tuning,Tuning,0.4,0.6
Ela_metadataset,KNN,0.85,Tuning,Tuning,0.0,1.0
Ela_metadataset,KNN,0.85,Tuning,Tuning,0.0,1.0
Ela_metadataset,KNN,0.85,Tuning,Tuning,0.0,1.0
Ela_metadataset,KNN,0.85,Tuning,Tuning,0.4,0.6
Ela_metadataset,KNN,0.85,Tuning,Tuning,0.0,1.0
Ela_metadataset,KNN,0.85,Tuning,Tuning,0.0,1.0
Ela_metadataset,KNN,0.85,Defaults,Defaults,0.8,0.2
Ela_metadataset,KNN,0.85,Defaults,Tuning,0.4,0.6
Ela_metadataset,KNN,0.85,Tuning,Tuning,0.0,1.0
Ela_metadataset,KNN,0.85,Tuning,Tuning,0.2,0.8
Ela_metadataset,KNN,0.85,Tuning,Tuning,0.2,0.8
Ela_metadataset,KNN,0.85,Defaults,Tuning,0.4,0.6
Ela_metadataset,KNN,0.85,Tuning,Tuning,0.2,0.8
Ela_metadataset,KNN,0.85,Defaults,Tuning,0.4,0.6
Ela_metadataset,KNN,0.85,Tuning,Tuning,0.0,1.0
Ela_metadataset,KNN,0.85,Tuning,Tuning,0.0,1.0
Ela_metadataset,KNN,0.85,Tuning,Tuning,0.0,1.0
Ela_metadataset,KNN,0.85,Tuning,Tuning,0.0,1.0
Ela_metadataset,KNN,0.85,Tuning,Tuning,0.4,0.6
Ela_metadataset,KNN,0.85,Tuning,Tuning,0.4,0.6
Ela_metadataset,KNN,0.85,Tuning,Tuning,0.2,0.8
Ela_metadataset,KNN,0.85,Tuning,Tuning,0.2,0.8
Ela_metadataset,KNN,0.85,Tuning,Tuning,0.0,1.0
Ela_metadataset,KNN,0.85,Tuning,Tuning,0.2,0.8
Ela_metadataset,KNN,0.85,Defaults,Tuning,0.4,0.6
Ela_metadataset,KNN,0.85,Tuning,Tuning,0.2,0.8
Ela_metadataset,KNN,0.85,Tuning,Tuning,0.2,0.8
Ela_metadataset,KNN,0.85,Defaults,Tuning,0.4,0.6
Ela_metadataset,KNN,0.85,Tuning,Tuning,0.4,0.6
Ela_metadataset,KNN,0.85,Tuning,Tuning,0.4,0.6
Ela_metadataset,KNN,0.85,Tuning,Tuning,0.0,1.0
Ela_metadataset,KNN,0.85,Tuning,Defaults,0.8,0.2
Ela_metadataset,KNN,0.85,Tuning,Tuning,0.4,0.6
Ela_metadataset,KNN,0.85,Tuning,Tuning,0.4,0.6
Ela_metadataset,KNN,0.85,Tuning,Tuning,0.0,1.0
Ela_metadataset,KNN,0.85,Tuning,Tuning,0.4,0.6
Ela_metadataset,KNN,0.85,Tuning,Tuning,0.2,0.8
Ela_metadataset,KNN,0.85,Defaults,Tuning,0.4,0.6
Ela_metadataset,KNN,0.85,Tuning,Defaults,0.8,0.2
Ela_metadataset,KNN,0.85,Defaults,Tuning,0.4,0.6
Ela_metadataset,KNN,0.85,Tuning,Tuning,0.2,0.8
Ela_metadataset,KNN,0.85,Tuning,Tuning,0.0,1.0
Ela_metadataset,KNN,0.85,Tuning,Tuning,0.2,0.8
Ela_metadataset,KNN,0.85,Tuning,Defaults,0.6,0.4
Ela_metadataset,KNN,0.85,Tuning,Defaults,0.6,0.4
Ela_metadataset,KNN,0.85,Defaults,Tuning,0.4,0.6
Ela_metadataset,KNN,0.85,Tuning,Tuning,0.4,0.6
Ela_metadataset,KNN,0.85,Defaults,Defaults,0.6,0.4
Ela_metadataset,KNN,0.85,Defaults,Defaults,0.6,0.4
Ela_metadataset,KNN,0.85,Defaults,Tuning,0.4,0.6
Ela_metadataset,KNN,0.85,Defaults,Tuning,0.4,0.6
Ela_metadataset,KNN,0.85,Tuning,Tuning,0.4,0.6
Ela_metadataset,KNN,0.85,Tuning,Tuning,0.4,0.6
Ela_metadataset,KNN,0.85,Tuning,Tuning,0.0,1.0
Ela_metadataset,KNN,0.85,Defaults,Tuning,0.2,0.8
Ela_metadataset,KNN,0.85,Defaults,Tuning,0.2,0.8
Ela_metadataset,KNN,0.85,Defaults,Defaults,0.6,0.4
Ela_metadataset,KNN,0.85,Defaults,Defaults,0.6,0.4
Ela_metadataset,KNN,0.85,Tuning,Defaults,0.8,0.2
Ela_metadataset,KNN,0.85,Tuning,Tuning,0.4,0.6
Ela_metadataset,KNN,0.85,Defaults,Defaults,0.6,0.4
Ela_metadataset,KNN,0.85,Tuning,Tuning,0.2,0.8
Ela_metadataset,KNN,0.85,Defaults,Tuning,0.4,0.6
Ela_metadataset,KNN,0.85,Tuning,Tuning,0.4,0.6
Ela_metadataset,KNN,0.85,Tuning,Tuning,0.4,0.6
Ela_metadataset,KNN,0.85,Defaults,Defaults,0.6,0.4
Ela_metadataset,KNN,0.85,Tuning,Defaults,0.6,0.4
Ela_metadataset,KNN,0.85,Defaults,Defaults,0.6,0.4
Ela_metadataset,KNN,0.85,Tuning,Tuning,0.2,0.8
Ela_metadataset,KNN,0.85,Tuning,Tuning,0.2,0.8
Ela_metadataset,KNN,0.85,Tuning,Defaults,0.8,0.2
Ela_metadataset,KNN,0.85,Defaults,Tuning,0.2,0.8
Ela_metadataset,KNN,0.85,Tuning,Tuning,0.0,1.0
Ela_metadataset,KNN,0.85,Tuning,Tuning,0.0,1.0
Ela_metadataset,KNN,0.85,Tuning,Tuning,0.2,0.8
Ela_metadataset,KNN,0.85,Defaults,Tuning,0.0,1.0
Ela_metadataset,KNN,0.85,Tuning,Tuning,0.0,1.0
Ela_metadataset,KNN,0.85,Tuning,Tuning,0.4,0.6
Ela_metadataset,KNN,0.85,Tuning,Tuning,0.2,0.8
Ela_metadataset,KNN,0.85,Tuning,Tuning,0.0,1.0
Ela_metadataset,KNN,0.85,Tuning,Defaults,0.8,0.2
Ela_metadataset,KNN,0.85,Tuning,Tuning,0.2,0.8
Ela_metadataset,KNN,0.85,Tuning,Tuning,0.0,1.0
Ela_metadataset,KNN,0.85,Defaults,Tuning,0.4,0.6
Ela_metadataset,KNN,0.85,Tuning,Tuning,0.0,1.0
Ela_metadataset,KNN,0.85,Tuning,Tuning,0.2,0.8
Ela_metadataset,KNN,0.85,Tuning,Tuning,0.4,0.6
Ela_metadataset,KNN,0.85,Tuning,Defaults,0.6,0.4
Ela_metadataset,KNN,0.85,Tuning,Tuning,0.0,1.0
Ela_metadataset,KNN,0.85,Tuning,Tuning,0.4,0.6
Ela_metadataset,KNN,0.85,Tuning,Defaults,0.6,0.4
Ela_metadataset,KNN,0.85,Tuning,Tuning,0.2,0.8
Ela_metadataset,KNN,0.85,Defaults,Defaults,0.8,0.2
Ela_metadataset,KNN,0.85,Tuning,Tuning,0.0,1.0
Ela_metadataset,KNN,0.85,Defaults,Tuning,0.4,0.6
Ela_metadataset,KNN,0.85,Tuning,Tuning,0.0,1.0
Ela_metadataset,KNN,0.85,Tuning,Defaults,0.8,0.2
Ela_metadataset,KNN,0.85,Tuning,Tuning,0.0,1.0
Ela_metadataset,KNN,0.85,Tuning,Tuning,0.2,0.8
Ela_metadataset,KNN,0.85,Defaults,Tuning,0.2,0.8
Ela_metadataset,KNN,0.85,Defaults,Tuning,0.4,0.6
Ela_metadataset,KNN,0.85,Tuning,Defaults,0.6,0.4
Ela_metadataset,KNN,0.85,Tuning,Tuning,0.4,0.6
Ela_metadataset,KNN,0.85,Tuning,Defaults,0.6,0.4
Ela_metadataset,KNN,0.85,Tuning,Tuning,0.4,0.6
Ela_metadataset,KNN,0.85,Tuning,Defaults,0.8,0.2
Ela_metadataset,KNN,0.85,Tuning,Tuning,0.0,1.0
Ela_metadataset,KNN,0.85,Tuning,Tuning,0.2,0.8
Ela_metadataset,KNN,0.85,Tuning,Tuning,0.0,1.0
Ela_metadataset,KNN,0.85,Defaults,Tuning,0.4,0.6
Ela_metadataset,KNN,0.85,Tuning,Defaults,0.8,0.2
Ela_metadataset,KNN,0.85,Tuning,Tuning,0.4,0.6
Ela_metadataset,KNN,0.85,Tuning,Tuning,0.2,0.8
Ela_metadataset,KNN,0.85,Tuning,Defaults,0.8,0.2
Ela_metadataset,KNN,0.85,Defaults,Defaults,0.8,0.2
Ela_metadataset,KNN,0.85,Tuning,Tuning,0.4,0.6
Ela_metadataset,KNN,0.85,Tuning,Tuning,0.4,0.6
Ela_metadataset,KNN,0.85,Tuning,Tuning,0.0,1.0
Ela_metadataset,KNN,0.85,Defaults,Tuning,0.0,1.0
Ela_metadataset,KNN,0.85,Tuning,Defaults,0.6,0.4
Ela_metadataset,KNN,0.85,Tuning,Tuning,0.2,0.8
Ela_metadataset,KNN,0.85,Tuning,Tuning,0.0,1.0
Ela_metadataset,KNN,0.85,Defaults,Defaults,0.6,0.4
Ela_metadataset,KNN,0.85,Defaults,Defaults,0.6,0.4
Ela_metadataset,KNN,0.85,Tuning,Defaults,0.6,0.4
Ela_metadataset,KNN,0.85,Tuning,Tuning,0.2,0.8
Ela_metadataset,KNN,0.85,Tuning,Tuning,0.2,0.8
Ela_metadataset,KNN,0.85,Defaults,Tuning,0.0,1.0
Ela_metadataset,KNN,0.85,Defaults,Tuning,0.2,0.8
Ela_metadataset,KNN,0.85,Defaults,Tuning,0.4,0.6
Ela_metadataset,KNN,0.85,Tuning,Tuning,0.4,0.6
Ela_metadataset,KNN,0.85,Defaults,Tuning,0.0,1.0
Ela_metadataset,KNN,0.85,Tuning,Tuning,0.4,0.6
Ela_metadataset,KNN,0.85,Tuning,Tuning,0.2,0.8
Ela_metadataset,KNN,0.85,Defaults,Tuning,0.2,0.8
Ela_metadataset,KNN,0.85,Defaults,Tuning,0.2,0.8
Ela_metadataset,KNN,0.85,Tuning,Tuning,0.2,0.8
Ela_metadataset,KNN,0.85,Tuning,Tuning,0.2,0.8
Ela_metadataset,KNN,0.85,Defaults,Tuning,0.4,0.6
Ela_metadataset,KNN,0.85,Tuning,Tuning,0.2,0.8
Ela_metadataset,KNN,0.85,Tuning,Tuning,0.4,0.6
Ela_metadataset,KNN,0.85,Tuning,Defaults,0.6,0.4
Ela_metadataset,KNN,0.85,Tuning,Tuning,0.2,0.8
Ela_metadataset,KNN,0.9,Tuning,Defaults,0.6,0.4
Ela_metadataset,KNN,0.9,Tuning,Tuning,0.2,0.8
Ela_metadataset,KNN,0.9,Defaults,Defaults,0.6,0.4
Ela_metadataset,KNN,0.9,Tuning,Tuning,0.4,0.6
Ela_metadataset,KNN,0.9,Tuning,Tuning,0.0,1.0
Ela_metadataset,KNN,0.9,Tuning,Tuning,0.2,0.8
Ela_metadataset,KNN,0.9,Tuning,Tuning,0.0,1.0
Ela_metadataset,KNN,0.9,Defaults,Tuning,0.4,0.6
Ela_metadataset,KNN,0.9,Defaults,Tuning,0.4,0.6
Ela_metadataset,KNN,0.9,Tuning,Tuning,0.2,0.8
Ela_metadataset,KNN,0.9,Tuning,Tuning,0.0,1.0
Ela_metadataset,KNN,0.9,Defaults,Tuning,0.4,0.6
Ela_metadataset,KNN,0.9,Tuning,Tuning,0.2,0.8
Ela_metadataset,KNN,0.9,Tuning,Tuning,0.0,1.0
Ela_metadataset,KNN,0.9,Tuning,Tuning,0.0,1.0
Ela_metadataset,KNN,0.9,Tuning,Tuning,0.0,1.0
Ela_metadataset,KNN,0.9,Defaults,Defaults,0.6,0.4
Ela_metadataset,KNN,0.9,Tuning,Tuning,0.0,1.0
Ela_metadataset,KNN,0.9,Defaults,Tuning,0.4,0.6
Ela_metadataset,KNN,0.9,Tuning,Defaults,0.8,0.2
Ela_metadataset,KNN,0.9,Tuning,Tuning,0.2,0.8
Ela_metadataset,KNN,0.9,Defaults,Tuning,0.4,0.6
Ela_metadataset,KNN,0.9,Tuning,Defaults,1.0,0.0
Ela_metadataset,KNN,0.9,Tuning,Tuning,0.0,1.0
Ela_metadataset,KNN,0.9,Tuning,Tuning,0.2,0.8
Ela_metadataset,KNN,0.9,Tuning,Defaults,0.6,0.4
Ela_metadataset,KNN,0.9,Tuning,Tuning,0.0,1.0
Ela_metadataset,KNN,0.9,Tuning,Tuning,0.2,0.8
Ela_metadataset,KNN,0.9,Tuning,Tuning,0.0,1.0
Ela_metadataset,KNN,0.9,Tuning,Tuning,0.4,0.6
Ela_metadataset,KNN,0.9,Tuning,Tuning,0.0,1.0
Ela_metadataset,KNN,0.9,Tuning,Tuning,0.0,1.0
Ela_metadataset,KNN,0.9,Defaults,Defaults,0.8,0.2
Ela_metadataset,KNN,0.9,Defaults,Tuning,0.4,0.6
Ela_metadataset,KNN,0.9,Tuning,Tuning,0.0,1.0
Ela_metadataset,KNN,0.9,Tuning,Tuning,0.2,0.8
Ela_metadataset,KNN,0.9,Tuning,Tuning,0.2,0.8
Ela_metadataset,KNN,0.9,Defaults,Tuning,0.4,0.6
Ela_metadataset,KNN,0.9,Tuning,Tuning,0.2,0.8
Ela_metadataset,KNN,0.9,Defaults,Defaults,0.6,0.4
Ela_metadataset,KNN,0.9,Tuning,Tuning,0.0,1.0
Ela_metadataset,KNN,0.9,Tuning,Tuning,0.0,1.0
Ela_metadataset,KNN,0.9,Tuning,Tuning,0.0,1.0
Ela_metadataset,KNN,0.9,Tuning,Tuning,0.0,1.0
Ela_metadataset,KNN,0.9,Tuning,Defaults,0.6,0.4
Ela_metadataset,KNN,0.9,Tuning,Tuning,0.4,0.6
Ela_metadataset,KNN,0.9,Tuning,Tuning,0.2,0.8
Ela_metadataset,KNN,0.9,Tuning,Tuning,0.0,1.0
Ela_metadataset,KNN,0.9,Tuning,Tuning,0.0,1.0
Ela_metadataset,KNN,0.9,Tuning,Tuning,0.2,0.8
Ela_metadataset,KNN,0.9,Defaults,Tuning,0.4,0.6
Ela_metadataset,KNN,0.9,Tuning,Tuning,0.2,0.8
Ela_metadataset,KNN,0.9,Tuning,Tuning,0.2,0.8
Ela_metadataset,KNN,0.9,Defaults,Tuning,0.4,0.6
Ela_metadataset,KNN,0.9,Tuning,Tuning,0.4,0.6
Ela_metadataset,KNN,0.9,Tuning,Tuning,0.4,0.6
Ela_metadataset,KNN,0.9,Tuning,Tuning,0.0,1.0
Ela_metadataset,KNN,0.9,Tuning,Defaults,0.6,0.4
Ela_metadataset,KNN,0.9,Tuning,Tuning,0.4,0.6
Ela_metadataset,KNN,0.9,Tuning,Tuning,0.4,0.6
Ela_metadataset,KNN,0.9,Tuning,Tuning,0.0,1.0
Ela_metadataset,KNN,0.9,Tuning,Tuning,0.4,0.6
Ela_metadataset,KNN,0.9,Tuning,Tuning,0.2,0.8
Ela_metadataset,KNN,0.9,Defaults,Tuning,0.4,0.6
Ela_metadataset,KNN,0.9,Tuning,Defaults,0.8,0.2
Ela_metadataset,KNN,0.9,Defaults,Tuning,0.4,0.6
Ela_metadataset,KNN,0.9,Tuning,Tuning,0.0,1.0
Ela_metadataset,KNN,0.9,Tuning,Tuning,0.0,1.0
Ela_metadataset,KNN,0.9,Tuning,Tuning,0.2,0.8
Ela_metadataset,KNN,0.9,Tuning,Defaults,0.6,0.4
Ela_metadataset,KNN,0.9,Tuning,Defaults,0.6,0.4
Ela_metadataset,KNN,0.9,Defaults,Tuning,0.4,0.6
Ela_metadataset,KNN,0.9,Tuning,Tuning,0.4,0.6
Ela_metadataset,KNN,0.9,Defaults,Defaults,0.6,0.4
Ela_metadataset,KNN,0.9,Defaults,Defaults,0.6,0.4
Ela_metadataset,KNN,0.9,Defaults,Defaults,0.6,0.4
Ela_metadataset,KNN,0.9,Defaults,Tuning,0.4,0.6
Ela_metadataset,KNN,0.9,Tuning,Tuning,0.4,0.6
Ela_metadataset,KNN,0.9,Tuning,Tuning,0.4,0.6
Ela_metadataset,KNN,0.9,Tuning,Tuning,0.0,1.0
Ela_metadataset,KNN,0.9,Defaults,Tuning,0.2,0.8
Ela_metadataset,KNN,0.9,Defaults,Tuning,0.2,0.8
Ela_metadataset,KNN,0.9,Defaults,Defaults,0.6,0.4
Ela_metadataset,KNN,0.9,Defaults,Defaults,0.6,0.4
Ela_metadataset,KNN,0.9,Tuning,Defaults,1.0,0.0
Ela_metadataset,KNN,0.9,Tuning,Tuning,0.4,0.6
Ela_metadataset,KNN,0.9,Defaults,Tuning,0.4,0.6
Ela_metadataset,KNN,0.9,Tuning,Tuning,0.2,0.8
Ela_metadataset,KNN,0.9,Defaults,Tuning,0.4,0.6
Ela_metadataset,KNN,0.9,Tuning,Tuning,0.0,1.0
Ela_metadataset,KNN,0.9,Tuning,Tuning,0.4,0.6
Ela_metadataset,KNN,0.9,Defaults,Tuning,0.4,0.6
Ela_metadataset,KNN,0.9,Tuning,Defaults,0.6,0.4
Ela_metadataset,KNN,0.9,Defaults,Defaults,0.6,0.4
Ela_metadataset,KNN,0.9,Tuning,Tuning,0.2,0.8
Ela_metadataset,KNN,0.9,Tuning,Tuning,0.2,0.8
Ela_metadataset,KNN,0.9,Tuning,Tuning,0.4,0.6
Ela_metadataset,KNN,0.9,Defaults,Tuning,0.2,0.8
Ela_metadataset,KNN,0.9,Tuning,Tuning,0.0,1.0
Ela_metadataset,KNN,0.9,Tuning,Tuning,0.0,1.0
Ela_metadataset,KNN,0.9,Tuning,Tuning,0.2,0.8
Ela_metadataset,KNN,0.9,Defaults,Tuning,0.0,1.0
Ela_metadataset,KNN,0.9,Tuning,Tuning,0.0,1.0
Ela_metadataset,KNN,0.9,Tuning,Tuning,0.4,0.6
Ela_metadataset,KNN,0.9,Tuning,Tuning,0.2,0.8
Ela_metadataset,KNN,0.9,Tuning,Tuning,0.0,1.0
Ela_metadataset,KNN,0.9,Tuning,Defaults,0.8,0.2
Ela_metadataset,KNN,0.9,Tuning,Tuning,0.2,0.8
Ela_metadataset,KNN,0.9,Tuning,Tuning,0.0,1.0
Ela_metadataset,KNN,0.9,Defaults,Tuning,0.4,0.6
Ela_metadataset,KNN,0.9,Tuning,Tuning,0.0,1.0
Ela_metadataset,KNN,0.9,Tuning,Tuning,0.4,0.6
Ela_metadataset,KNN,0.9,Tuning,Tuning,0.4,0.6
Ela_metadataset,KNN,0.9,Tuning,Defaults,0.8,0.2
Ela_metadataset,KNN,0.9,Tuning,Tuning,0.0,1.0
Ela_metadataset,KNN,0.9,Tuning,Tuning,0.2,0.8
Ela_metadataset,KNN,0.9,Tuning,Defaults,0.6,0.4
Ela_metadataset,KNN,0.9,Tuning,Tuning,0.2,0.8
Ela_metadataset,KNN,0.9,Defaults,Defaults,0.6,0.4
Ela_metadataset,KNN,0.9,Tuning,Tuning,0.0,1.0
Ela_metadataset,KNN,0.9,Defaults,Tuning,0.4,0.6
Ela_metadataset,KNN,0.9,Tuning,Tuning,0.0,1.0
Ela_metadataset,KNN,0.9,Tuning,Defaults,0.8,0.2
Ela_metadataset,KNN,0.9,Tuning,Tuning,0.0,1.0
Ela_metadataset,KNN,0.9,Tuning,Tuning,0.2,0.8
Ela_metadataset,KNN,0.9,Defaults,Tuning,0.2,0.8
Ela_metadataset,KNN,0.9,Defaults,Tuning,0.4,0.6
Ela_metadataset,KNN,0.9,Tuning,Defaults,0.6,0.4
Ela_metadataset,KNN,0.9,Tuning,Tuning,0.4,0.6
Ela_metadataset,KNN,0.9,Tuning,Defaults,0.6,0.4
Ela_metadataset,KNN,0.9,Tuning,Tuning,0.4,0.6
Ela_metadataset,KNN,0.9,Tuning,Defaults,0.8,0.2
Ela_metadataset,KNN,0.9,Tuning,Tuning,0.0,1.0
Ela_metadataset,KNN,0.9,Tuning,Tuning,0.2,0.8
Ela_metadataset,KNN,0.9,Tuning,Tuning,0.0,1.0
Ela_metadataset,KNN,0.9,Defaults,Tuning,0.4,0.6
Ela_metadataset,KNN,0.9,Tuning,Defaults,0.6,0.4
Ela_metadataset,KNN,0.9,Tuning,Tuning,0.2,0.8
Ela_metadataset,KNN,0.9,Tuning,Tuning,0.2,0.8
Ela_metadataset,KNN,0.9,Tuning,Defaults,0.6,0.4
Ela_metadataset,KNN,0.9,Defaults,Defaults,0.8,0.2
Ela_metadataset,KNN,0.9,Tuning,Tuning,0.4,0.6
Ela_metadataset,KNN,0.9,Tuning,Tuning,0.4,0.6
Ela_metadataset,KNN,0.9,Tuning,Tuning,0.0,1.0
Ela_metadataset,KNN,0.9,Defaults,Tuning,0.0,1.0
Ela_metadataset,KNN,0.9,Tuning,Defaults,0.6,0.4
Ela_metadataset,KNN,0.9,Tuning,Tuning,0.4,0.6
Ela_metadataset,KNN,0.9,Tuning,Tuning,0.0,1.0
Ela_metadataset,KNN,0.9,Defaults,Defaults,0.6,0.4
Ela_metadataset,KNN,0.9,Defaults,Tuning,0.4,0.6
Ela_metadataset,KNN,0.9,Tuning,Defaults,0.6,0.4
Ela_metadataset,KNN,0.9,Tuning,Tuning,0.4,0.6
Ela_metadataset,KNN,0.9,Tuning,Tuning,0.0,1.0
Ela_metadataset,KNN,0.9,Defaults,Tuning,0.0,1.0
Ela_metadataset,KNN,0.9,Defaults,Tuning,0.2,0.8
Ela_metadataset,KNN,0.9,Defaults,Tuning,0.4,0.6
Ela_metadataset,KNN,0.9,Tuning,Tuning,0.4,0.6
Ela_metadataset,KNN,0.9,Defaults,Tuning,0.2,0.8
Ela_metadataset,KNN,0.9,Tuning,Tuning,0.2,0.8
Ela_metadataset,KNN,0.9,Tuning,Tuning,0.2,0.8
Ela_metadataset,KNN,0.9,Defaults,Tuning,0.2,0.8
Ela_metadataset,KNN,0.9,Defaults,Tuning,0.2,0.8
Ela_metadataset,KNN,0.9,Tuning,Tuning,0.2,0.8
Ela_metadataset,KNN,0.9,Tuning,Tuning,0.4,0.6
Ela_metadataset,KNN,0.9,Defaults,Tuning,0.4,0.6
Ela_metadataset,KNN,0.9,Tuning,Tuning,0.2,0.8
Ela_metadataset,KNN,0.9,Tuning,Tuning,0.4,0.6
Ela_metadataset,KNN,0.9,Tuning,Defaults,0.6,0.4
Ela_metadataset,KNN,0.9,Tuning,Tuning,0.2,0.8
Ela_metadataset,KNN,0.95,Tuning,Tuning,0.4,0.6
Ela_metadataset,KNN,0.95,Tuning,Tuning,0.2,0.8
Ela_metadataset,KNN,0.95,Defaults,Defaults,0.6,0.4
Ela_metadataset,KNN,0.95,Tuning,Tuning,0.4,0.6
Ela_metadataset,KNN,0.95,Tuning,Tuning,0.0,1.0
Ela_metadataset,KNN,0.95,Tuning,Tuning,0.2,0.8
Ela_metadataset,KNN,0.95,Tuning,Tuning,0.0,1.0
Ela_metadataset,KNN,0.95,Defaults,Tuning,0.4,0.6
Ela_metadataset,KNN,0.95,Defaults,Tuning,0.4,0.6
Ela_metadataset,KNN,0.95,Tuning,Tuning,0.2,0.8
Ela_metadataset,KNN,0.95,Tuning,Tuning,0.0,1.0
Ela_metadataset,KNN,0.95,Defaults,Defaults,0.6,0.4
Ela_metadataset,KNN,0.95,Tuning,Tuning,0.2,0.8
Ela_metadataset,KNN,0.95,Tuning,Tuning,0.0,1.0
Ela_metadataset,KNN,0.95,Tuning,Tuning,0.0,1.0
Ela_metadataset,KNN,0.95,Tuning,Tuning,0.0,1.0
Ela_metadataset,KNN,0.95,Defaults,Defaults,0.6,0.4
Ela_metadataset,KNN,0.95,Tuning,Tuning,0.0,1.0
Ela_metadataset,KNN,0.95,Defaults,Tuning,0.4,0.6
Ela_metadataset,KNN,0.95,Tuning,Defaults,1.0,0.0
Ela_metadataset,KNN,0.95,Tuning,Tuning,0.2,0.8
Ela_metadataset,KNN,0.95,Defaults,Tuning,0.2,0.8
Ela_metadataset,KNN,0.95,Tuning,Defaults,1.0,0.0
Ela_metadataset,KNN,0.95,Tuning,Tuning,0.0,1.0
Ela_metadataset,KNN,0.95,Tuning,Tuning,0.2,0.8
Ela_metadataset,KNN,0.95,Tuning,Defaults,0.6,0.4
Ela_metadataset,KNN,0.95,Tuning,Tuning,0.0,1.0
Ela_metadataset,KNN,0.95,Tuning,Tuning,0.0,1.0
Ela_metadataset,KNN,0.95,Tuning,Tuning,0.0,1.0
Ela_metadataset,KNN,0.95,Tuning,Tuning,0.4,0.6
Ela_metadataset,KNN,0.95,Tuning,Tuning,0.0,1.0
Ela_metadataset,KNN,0.95,Tuning,Tuning,0.0,1.0
Ela_metadataset,KNN,0.95,Defaults,Defaults,0.8,0.2
Ela_metadataset,KNN,0.95,Defaults,Tuning,0.4,0.6
Ela_metadataset,KNN,0.95,Tuning,Tuning,0.0,1.0
Ela_metadataset,KNN,0.95,Tuning,Tuning,0.2,0.8
Ela_metadataset,KNN,0.95,Tuning,Tuning,0.2,0.8
Ela_metadataset,KNN,0.95,Defaults,Tuning,0.4,0.6
Ela_metadataset,KNN,0.95,Tuning,Tuning,0.0,1.0
Ela_metadataset,KNN,0.95,Defaults,Tuning,0.4,0.6
Ela_metadataset,KNN,0.95,Tuning,Tuning,0.0,1.0
Ela_metadataset,KNN,0.95,Tuning,Tuning,0.2,0.8
Ela_metadataset,KNN,0.95,Tuning,Tuning,0.0,1.0
Ela_metadataset,KNN,0.95,Tuning,Tuning,0.0,1.0
Ela_metadataset,KNN,0.95,Tuning,Tuning,0.4,0.6
Ela_metadataset,KNN,0.95,Tuning,Tuning,0.4,0.6
Ela_metadataset,KNN,0.95,Tuning,Tuning,0.2,0.8
Ela_metadataset,KNN,0.95,Tuning,Tuning,0.0,1.0
Ela_metadataset,KNN,0.95,Tuning,Tuning,0.2,0.8
Ela_metadataset,KNN,0.95,Tuning,Tuning,0.2,0.8
Ela_metadataset,KNN,0.95,Defaults,Defaults,0.6,0.4
Ela_metadataset,KNN,0.95,Tuning,Tuning,0.2,0.8
Ela_metadataset,KNN,0.95,Tuning,Tuning,0.2,0.8
Ela_metadataset,KNN,0.95,Defaults,Tuning,0.2,0.8
Ela_metadataset,KNN,0.95,Tuning,Tuning,0.4,0.6
Ela_metadataset,KNN,0.95,Tuning,Tuning,0.4,0.6
Ela_metadataset,KNN,0.95,Tuning,Tuning,0.0,1.0
Ela_metadataset,KNN,0.95,Tuning,Defaults,0.8,0.2
Ela_metadataset,KNN,0.95,Tuning,Tuning,0.4,0.6
Ela_metadataset,KNN,0.95,Tuning,Tuning,0.4,0.6
Ela_metadataset,KNN,0.95,Tuning,Tuning,0.0,1.0
Ela_metadataset,KNN,0.95,Tuning,Tuning,0.2,0.8
Ela_metadataset,KNN,0.95,Tuning,Tuning,0.2,0.8
Ela_metadataset,KNN,0.95,Defaults,Tuning,0.4,0.6
Ela_metadataset,KNN,0.95,Tuning,Defaults,0.8,0.2
Ela_metadataset,KNN,0.95,Defaults,Tuning,0.4,0.6
Ela_metadataset,KNN,0.95,Tuning,Tuning,0.2,0.8
Ela_metadataset,KNN,0.95,Tuning,Tuning,0.0,1.0
Ela_metadataset,KNN,0.95,Tuning,Tuning,0.2,0.8
Ela_metadataset,KNN,0.95,Tuning,Defaults,0.6,0.4
Ela_metadataset,KNN,0.95,Tuning,Defaults,0.6,0.4
Ela_metadataset,KNN,0.95,Defaults,Tuning,0.4,0.6
Ela_metadataset,KNN,0.95,Tuning,Tuning,0.4,0.6
Ela_metadataset,KNN,0.95,Defaults,Defaults,0.6,0.4
Ela_metadataset,KNN,0.95,Defaults,Defaults,0.6,0.4
Ela_metadataset,KNN,0.95,Defaults,Defaults,0.6,0.4
Ela_metadataset,KNN,0.95,Defaults,Tuning,0.4,0.6
Ela_metadataset,KNN,0.95,Tuning,Tuning,0.2,0.8
Ela_metadataset,KNN,0.95,Tuning,Tuning,0.4,0.6
Ela_metadataset,KNN,0.95,Tuning,Tuning,0.0,1.0
Ela_metadataset,KNN,0.95,Defaults,Tuning,0.2,0.8
Ela_metadataset,KNN,0.95,Defaults,Tuning,0.2,0.8
Ela_metadataset,KNN,0.95,Defaults,Defaults,0.8,0.2
Ela_metadataset,KNN,0.95,Defaults,Defaults,0.6,0.4
Ela_metadataset,KNN,0.95,Tuning,Defaults,1.0,0.0
Ela_metadataset,KNN,0.95,Tuning,Tuning,0.4,0.6
Ela_metadataset,KNN,0.95,Defaults,Tuning,0.4,0.6
Ela_metadataset,KNN,0.95,Tuning,Tuning,0.2,0.8
Ela_metadataset,KNN,0.95,Defaults,Tuning,0.4,0.6
Ela_metadataset,KNN,0.95,Tuning,Tuning,0.2,0.8
Ela_metadataset,KNN,0.95,Tuning,Tuning,0.4,0.6
Ela_metadataset,KNN,0.95,Defaults,Defaults,0.6,0.4
Ela_metadataset,KNN,0.95,Tuning,Defaults,0.6,0.4
Ela_metadataset,KNN,0.95,Defaults,Defaults,0.6,0.4
Ela_metadataset,KNN,0.95,Tuning,Tuning,0.2,0.8
Ela_metadataset,KNN,0.95,Tuning,Tuning,0.0,1.0
Ela_metadataset,KNN,0.95,Tuning,Tuning,0.4,0.6
Ela_metadataset,KNN,0.95,Defaults,Tuning,0.0,1.0
Ela_metadataset,KNN,0.95,Tuning,Tuning,0.0,1.0
Ela_metadataset,KNN,0.95,Tuning,Tuning,0.0,1.0
Ela_metadataset,KNN,0.95,Tuning,Tuning,0.2,0.8
Ela_metadataset,KNN,0.95,Defaults,Tuning,0.0,1.0
Ela_metadataset,KNN,0.95,Tuning,Tuning,0.0,1.0
Ela_metadataset,KNN,0.95,Tuning,Tuning,0.4,0.6
Ela_metadataset,KNN,0.95,Tuning,Tuning,0.2,0.8
Ela_metadataset,KNN,0.95,Tuning,Tuning,0.0,1.0
Ela_metadataset,KNN,0.95,Tuning,Defaults,0.8,0.2
Ela_metadataset,KNN,0.95,Tuning,Tuning,0.2,0.8
Ela_metadataset,KNN,0.95,Tuning,Tuning,0.0,1.0
Ela_metadataset,KNN,0.95,Defaults,Tuning,0.4,0.6
Ela_metadataset,KNN,0.95,Tuning,Tuning,0.0,1.0
Ela_metadataset,KNN,0.95,Tuning,Tuning,0.2,0.8
Ela_metadataset,KNN,0.95,Tuning,Defaults,0.6,0.4
Ela_metadataset,KNN,0.95,Tuning,Defaults,0.8,0.2
Ela_metadataset,KNN,0.95,Tuning,Tuning,0.0,1.0
Ela_metadataset,KNN,0.95,Tuning,Tuning,0.2,0.8
Ela_metadataset,KNN,0.95,Tuning,Defaults,0.6,0.4
Ela_metadataset,KNN,0.95,Tuning,Tuning,0.2,0.8
Ela_metadataset,KNN,0.95,Defaults,Defaults,0.6,0.4
Ela_metadataset,KNN,0.95,Tuning,Tuning,0.0,1.0
Ela_metadataset,KNN,0.95,Defaults,Tuning,0.4,0.6
Ela_metadataset,KNN,0.95,Tuning,Tuning,0.0,1.0
Ela_metadataset,KNN,0.95,Tuning,Defaults,0.8,0.2
Ela_metadataset,KNN,0.95,Tuning,Tuning,0.0,1.0
Ela_metadataset,KNN,0.95,Tuning,Tuning,0.2,0.8
Ela_metadataset,KNN,0.95,Defaults,Tuning,0.2,0.8
Ela_metadataset,KNN,0.95,Defaults,Tuning,0.4,0.6
Ela_metadataset,KNN,0.95,Tuning,Tuning,0.4,0.6
Ela_metadataset,KNN,0.95,Tuning,Tuning,0.2,0.8
Ela_metadataset,KNN,0.95,Tuning,Tuning,0.4,0.6
Ela_metadataset,KNN,0.95,Tuning,Tuning,0.2,0.8
Ela_metadataset,KNN,0.95,Tuning,Defaults,0.8,0.2
Ela_metadataset,KNN,0.95,Tuning,Tuning,0.0,1.0
Ela_metadataset,KNN,0.95,Tuning,Tuning,0.2,0.8
Ela_metadataset,KNN,0.95,Tuning,Tuning,0.0,1.0
Ela_metadataset,KNN,0.95,Defaults,Tuning,0.4,0.6
Ela_metadataset,KNN,0.95,Tuning,Defaults,0.6,0.4
Ela_metadataset,KNN,0.95,Tuning,Tuning,0.4,0.6
Ela_metadataset,KNN,0.95,Tuning,Tuning,0.2,0.8
Ela_metadataset,KNN,0.95,Tuning,Defaults,0.8,0.2
Ela_metadataset,KNN,0.95,Defaults,Tuning,0.2,0.8
Ela_metadataset,KNN,0.95,Tuning,Tuning,0.4,0.6
Ela_metadataset,KNN,0.95,Tuning,Tuning,0.4,0.6
Ela_metadataset,KNN,0.95,Tuning,Tuning,0.2,0.8
Ela_metadataset,KNN,0.95,Defaults,Tuning,0.0,1.0
Ela_metadataset,KNN,0.95,Tuning,Defaults,0.6,0.4
Ela_metadataset,KNN,0.95,Tuning,Tuning,0.4,0.6
Ela_metadataset,KNN,0.95,Tuning,Tuning,0.0,1.0
Ela_metadataset,KNN,0.95,Defaults,Defaults,0.6,0.4
Ela_metadataset,KNN,0.95,Defaults,Tuning,0.4,0.6
Ela_metadataset,KNN,0.95,Tuning,Tuning,0.4,0.6
Ela_metadataset,KNN,0.95,Tuning,Tuning,0.4,0.6
Ela_metadataset,KNN,0.95,Tuning,Tuning,0.0,1.0
Ela_metadataset,KNN,0.95,Defaults,Tuning,0.0,1.0
Ela_metadataset,KNN,0.95,Defaults,Tuning,0.2,0.8
Ela_metadataset,KNN,0.95,Defaults,Defaults,0.8,0.2
Ela_metadataset,KNN,0.95,Tuning,Tuning,0.2,0.8
Ela_metadataset,KNN,0.95,Defaults,Tuning,0.2,0.8
Ela_metadataset,KNN,0.95,Tuning,Tuning,0.2,0.8
Ela_metadataset,KNN,0.95,Tuning,Tuning,0.2,0.8
Ela_metadataset,KNN,0.95,Defaults,Tuning,0.2,0.8
Ela_metadataset,KNN,0.95,Defaults,Tuning,0.2,0.8
Ela_metadataset,KNN,0.95,Tuning,Tuning,0.2,0.8
Ela_metadataset,KNN,0.95,Tuning,Tuning,0.2,0.8
Ela_metadataset,KNN,0.95,Defaults,Tuning,0.4,0.6
Ela_metadataset,KNN,0.95,Tuning,Tuning,0.2,0.8
Ela_metadataset,KNN,0.95,Tuning,Tuning,0.4,0.6
Ela_metadataset,KNN,0.95,Tuning,Defaults,0.6,0.4
Ela_metadataset,KNN,0.95,Tuning,Tuning,0.2,0.8
Ela_metadataset,DecisionTree,0.8,Tuning,Tuning,0.0,1.0
Ela_metadataset,DecisionTree,0.8,Tuning,Tuning,0.0,1.0
Ela_metadataset,DecisionTree,0.8,Defaults,Tuning,0.0,1.0
Ela_metadataset,DecisionTree,0.8,Tuning,Tuning,0.0,1.0
Ela_metadataset,DecisionTree,0.8,Tuning,Tuning,0.0,1.0
Ela_metadataset,DecisionTree,0.8,Tuning,Tuning,0.0,1.0
Ela_metadataset,DecisionTree,0.8,Tuning,Tuning,0.0,1.0
Ela_metadataset,DecisionTree,0.8,Defaults,Tuning,0.0,1.0
Ela_metadataset,DecisionTree,0.8,Defaults,Tuning,0.0,1.0
Ela_metadataset,DecisionTree,0.8,Tuning,Defaults,1.0,0.0
Ela_metadataset,DecisionTree,0.8,Tuning,Tuning,0.0,1.0
Ela_metadataset,DecisionTree,0.8,Defaults,Tuning,0.0,1.0
Ela_metadataset,DecisionTree,0.8,Tuning,Tuning,0.0,1.0
Ela_metadataset,DecisionTree,0.8,Tuning,Tuning,0.0,1.0
Ela_metadataset,DecisionTree,0.8,Tuning,Tuning,0.0,1.0
Ela_metadataset,DecisionTree,0.8,Tuning,Tuning,0.0,1.0
Ela_metadataset,DecisionTree,0.8,Defaults,Tuning,0.0,1.0
Ela_metadataset,DecisionTree,0.8,Tuning,Tuning,0.0,1.0
Ela_metadataset,DecisionTree,0.8,Defaults,Defaults,1.0,0.0
Ela_metadataset,DecisionTree,0.8,Tuning,Defaults,1.0,0.0
Ela_metadataset,DecisionTree,0.8,Tuning,Defaults,1.0,0.0
Ela_metadataset,DecisionTree,0.8,Defaults,Defaults,1.0,0.0
Ela_metadataset,DecisionTree,0.8,Tuning,Tuning,0.0,1.0
Ela_metadataset,DecisionTree,0.8,Tuning,Tuning,0.0,1.0
Ela_metadataset,DecisionTree,0.8,Tuning,Tuning,0.0,1.0
Ela_metadataset,DecisionTree,0.8,Tuning,Tuning,0.0,1.0
Ela_metadataset,DecisionTree,0.8,Tuning,Tuning,0.0,1.0
Ela_metadataset,DecisionTree,0.8,Tuning,Tuning,0.0,1.0
Ela_metadataset,DecisionTree,0.8,Tuning,Tuning,0.0,1.0
Ela_metadataset,DecisionTree,0.8,Tuning,Tuning,0.0,1.0
Ela_metadataset,DecisionTree,0.8,Tuning,Tuning,0.0,1.0
Ela_metadataset,DecisionTree,0.8,Tuning,Tuning,0.0,1.0
Ela_metadataset,DecisionTree,0.8,Defaults,Defaults,1.0,0.0
Ela_metadataset,DecisionTree,0.8,Defaults,Defaults,1.0,0.0
Ela_metadataset,DecisionTree,0.8,Tuning,Tuning,0.0,1.0
Ela_metadataset,DecisionTree,0.8,Tuning,Tuning,0.0,1.0
Ela_metadataset,DecisionTree,0.8,Tuning,Defaults,1.0,0.0
Ela_metadataset,DecisionTree,0.8,Defaults,Defaults,1.0,0.0
Ela_metadataset,DecisionTree,0.8,Tuning,Tuning,0.0,1.0
Ela_metadataset,DecisionTree,0.8,Defaults,Tuning,0.0,1.0
Ela_metadataset,DecisionTree,0.8,Tuning,Defaults,1.0,0.0
Ela_metadataset,DecisionTree,0.8,Tuning,Tuning,0.0,1.0
Ela_metadataset,DecisionTree,0.8,Tuning,Tuning,0.0,1.0
Ela_metadataset,DecisionTree,0.8,Tuning,Tuning,0.0,1.0
Ela_metadataset,DecisionTree,0.8,Tuning,Tuning,0.0,1.0
Ela_metadataset,DecisionTree,0.8,Tuning,Tuning,0.0,1.0
Ela_metadataset,DecisionTree,0.8,Tuning,Tuning,0.0,1.0
Ela_metadataset,DecisionTree,0.8,Tuning,Tuning,0.0,1.0
Ela_metadataset,DecisionTree,0.8,Tuning,Tuning,0.0,1.0
Ela_metadataset,DecisionTree,0.8,Tuning,Tuning,0.0,1.0
Ela_metadataset,DecisionTree,0.8,Defaults,Tuning,0.0,1.0
Ela_metadataset,DecisionTree,0.8,Tuning,Tuning,0.0,1.0
Ela_metadataset,DecisionTree,0.8,Tuning,Tuning,0.0,1.0
Ela_metadataset,DecisionTree,0.8,Defaults,Tuning,0.0,1.0
Ela_metadataset,DecisionTree,0.8,Tuning,Defaults,1.0,0.0
Ela_metadataset,DecisionTree,0.8,Tuning,Defaults,1.0,0.0
Ela_metadataset,DecisionTree,0.8,Tuning,Tuning,0.0,1.0
Ela_metadataset,DecisionTree,0.8,Tuning,Tuning,0.0,1.0
Ela_metadataset,DecisionTree,0.8,Tuning,Defaults,1.0,0.0
Ela_metadataset,DecisionTree,0.8,Tuning,Tuning,0.0,1.0
Ela_metadataset,DecisionTree,0.8,Tuning,Tuning,0.0,1.0
Ela_metadataset,DecisionTree,0.8,Tuning,Tuning,0.0,1.0
Ela_metadataset,DecisionTree,0.8,Tuning,Defaults,1.0,0.0
Ela_metadataset,DecisionTree,0.8,Defaults,Defaults,1.0,0.0
Ela_metadataset,DecisionTree,0.8,Tuning,Tuning,0.0,1.0
Ela_metadataset,DecisionTree,0.8,Defaults,Defaults,1.0,0.0
Ela_metadataset,DecisionTree,0.8,Tuning,Tuning,0.0,1.0
Ela_metadataset,DecisionTree,0.8,Tuning,Tuning,0.0,1.0
Ela_metadataset,DecisionTree,0.8,Tuning,Tuning,0.0,1.0
Ela_metadataset,DecisionTree,0.8,Tuning,Tuning,0.0,1.0
Ela_metadataset,DecisionTree,0.8,Tuning,Tuning,0.0,1.0
Ela_metadataset,DecisionTree,0.8,Defaults,Tuning,0.0,1.0
Ela_metadataset,DecisionTree,0.8,Tuning,Tuning,0.0,1.0
Ela_metadataset,DecisionTree,0.8,Defaults,Defaults,1.0,0.0
Ela_metadataset,DecisionTree,0.8,Defaults,Defaults,1.0,0.0
Ela_metadataset,DecisionTree,0.8,Defaults,Defaults,1.0,0.0
Ela_metadataset,DecisionTree,0.8,Defaults,Defaults,1.0,0.0
Ela_metadataset,DecisionTree,0.8,Tuning,Tuning,0.0,1.0
Ela_metadataset,DecisionTree,0.8,Tuning,Tuning,0.0,1.0
Ela_metadataset,DecisionTree,0.8,Tuning,Tuning,0.0,1.0
Ela_metadataset,DecisionTree,0.8,Defaults,Defaults,1.0,0.0
Ela_metadataset,DecisionTree,0.8,Defaults,Defaults,1.0,0.0
Ela_metadataset,DecisionTree,0.8,Defaults,Tuning,0.0,1.0
Ela_metadataset,DecisionTree,0.8,Defaults,Defaults,1.0,0.0
Ela_metadataset,DecisionTree,0.8,Tuning,Defaults,1.0,0.0
Ela_metadataset,DecisionTree,0.8,Tuning,Tuning,0.0,1.0
Ela_metadataset,DecisionTree,0.8,Defaults,Tuning,0.0,1.0
Ela_metadataset,DecisionTree,0.8,Tuning,Defaults,1.0,0.0
Ela_metadataset,DecisionTree,0.8,Defaults,Tuning,0.0,1.0
Ela_metadataset,DecisionTree,0.8,Tuning,Tuning,0.0,1.0
Ela_metadataset,DecisionTree,0.8,Tuning,Tuning,0.0,1.0
Ela_metadataset,DecisionTree,0.8,Defaults,Tuning,0.0,1.0
Ela_metadataset,DecisionTree,0.8,Tuning,Tuning,0.0,1.0
Ela_metadataset,DecisionTree,0.8,Defaults,Tuning,0.0,1.0
Ela_metadataset,DecisionTree,0.8,Tuning,Defaults,1.0,0.0
Ela_metadataset,DecisionTree,0.8,Tuning,Tuning,0.0,1.0
Ela_metadataset,DecisionTree,0.8,Tuning,Defaults,1.0,0.0
Ela_metadataset,DecisionTree,0.8,Defaults,Tuning,0.0,1.0
Ela_metadataset,DecisionTree,0.8,Tuning,Tuning,0.0,1.0
Ela_metadataset,DecisionTree,0.8,Tuning,Tuning,0.0,1.0
Ela_metadataset,DecisionTree,0.8,Tuning,Tuning,0.0,1.0
Ela_metadataset,DecisionTree,0.8,Defaults,Tuning,0.0,1.0
Ela_metadataset,DecisionTree,0.8,Tuning,Tuning,0.0,1.0
Ela_metadataset,DecisionTree,0.8,Tuning,Tuning,0.0,1.0
Ela_metadataset,DecisionTree,0.8,Tuning,Defaults,1.0,0.0
Ela_metadataset,DecisionTree,0.8,Tuning,Tuning,0.0,1.0
Ela_metadataset,DecisionTree,0.8,Tuning,Defaults,1.0,0.0
Ela_metadataset,DecisionTree,0.8,Tuning,Tuning,0.0,1.0
Ela_metadataset,DecisionTree,0.8,Tuning,Tuning,0.0,1.0
Ela_metadataset,DecisionTree,0.8,Defaults,Tuning,0.0,1.0
Ela_metadataset,DecisionTree,0.8,Tuning,Tuning,0.0,1.0
Ela_metadataset,DecisionTree,0.8,Tuning,Tuning,0.0,1.0
Ela_metadataset,DecisionTree,0.8,Tuning,Tuning,0.0,1.0
Ela_metadataset,DecisionTree,0.8,Tuning,Tuning,0.0,1.0
Ela_metadataset,DecisionTree,0.8,Tuning,Tuning,0.0,1.0
Ela_metadataset,DecisionTree,0.8,Tuning,Tuning,0.0,1.0
Ela_metadataset,DecisionTree,0.8,Tuning,Defaults,1.0,0.0
Ela_metadataset,DecisionTree,0.8,Tuning,Defaults,1.0,0.0
Ela_metadataset,DecisionTree,0.8,Defaults,Tuning,0.0,1.0
Ela_metadataset,DecisionTree,0.8,Tuning,Tuning,0.0,1.0
Ela_metadataset,DecisionTree,0.8,Defaults,Tuning,0.0,1.0
Ela_metadataset,DecisionTree,0.8,Tuning,Tuning,0.0,1.0
Ela_metadataset,DecisionTree,0.8,Tuning,Tuning,0.0,1.0
Ela_metadataset,DecisionTree,0.8,Tuning,Tuning,0.0,1.0
Ela_metadataset,DecisionTree,0.8,Tuning,Tuning,0.0,1.0
Ela_metadataset,DecisionTree,0.8,Defaults,Tuning,0.0,1.0
Ela_metadataset,DecisionTree,0.8,Defaults,Defaults,1.0,0.0
Ela_metadataset,DecisionTree,0.8,Tuning,Tuning,0.0,1.0
Ela_metadataset,DecisionTree,0.8,Tuning,Tuning,0.0,1.0
Ela_metadataset,DecisionTree,0.8,Tuning,Tuning,0.0,1.0
Ela_metadataset,DecisionTree,0.8,Tuning,Tuning,0.0,1.0
Ela_metadataset,DecisionTree,0.8,Tuning,Tuning,0.0,1.0
Ela_metadataset,DecisionTree,0.8,Tuning,Tuning,0.0,1.0
Ela_metadataset,DecisionTree,0.8,Tuning,Tuning,0.0,1.0
Ela_metadataset,DecisionTree,0.8,Tuning,Tuning,0.0,1.0
Ela_metadataset,DecisionTree,0.8,Defaults,Defaults,1.0,0.0
Ela_metadataset,DecisionTree,0.8,Tuning,Tuning,0.0,1.0
Ela_metadataset,DecisionTree,0.8,Tuning,Defaults,1.0,0.0
Ela_metadataset,DecisionTree,0.8,Tuning,Defaults,1.0,0.0
Ela_metadataset,DecisionTree,0.8,Tuning,Tuning,0.0,1.0
Ela_metadataset,DecisionTree,0.8,Defaults,Tuning,0.0,1.0
Ela_metadataset,DecisionTree,0.8,Tuning,Tuning,0.0,1.0
Ela_metadataset,DecisionTree,0.8,Tuning,Tuning,0.0,1.0
Ela_metadataset,DecisionTree,0.8,Tuning,Tuning,0.0,1.0
Ela_metadataset,DecisionTree,0.8,Defaults,Tuning,0.0,1.0
Ela_metadataset,DecisionTree,0.8,Tuning,Tuning,0.0,1.0
Ela_metadataset,DecisionTree,0.8,Tuning,Tuning,0.0,1.0
Ela_metadataset,DecisionTree,0.8,Tuning,Tuning,0.0,1.0
Ela_metadataset,DecisionTree,0.8,Defaults,Tuning,0.0,1.0
Ela_metadataset,DecisionTree,0.8,Defaults,Tuning,0.0,1.0
Ela_metadataset,DecisionTree,0.8,Tuning,Defaults,1.0,0.0
Ela_metadataset,DecisionTree,0.8,Tuning,Tuning,0.0,1.0
Ela_metadataset,DecisionTree,0.8,Tuning,Defaults,1.0,0.0
Ela_metadataset,DecisionTree,0.8,Defaults,Defaults,1.0,0.0
Ela_metadataset,DecisionTree,0.8,Defaults,Tuning,0.0,1.0
Ela_metadataset,DecisionTree,0.8,Defaults,Tuning,0.0,1.0
Ela_metadataset,DecisionTree,0.8,Tuning,Tuning,0.0,1.0
Ela_metadataset,DecisionTree,0.8,Defaults,Defaults,1.0,0.0
Ela_metadataset,DecisionTree,0.8,Tuning,Tuning,0.0,1.0
Ela_metadataset,DecisionTree,0.8,Tuning,Defaults,1.0,0.0
Ela_metadataset,DecisionTree,0.8,Defaults,Tuning,0.0,1.0
Ela_metadataset,DecisionTree,0.8,Defaults,Tuning,0.0,1.0
Ela_metadataset,DecisionTree,0.8,Tuning,Tuning,0.0,1.0
Ela_metadataset,DecisionTree,0.8,Tuning,Tuning,0.0,1.0
Ela_metadataset,DecisionTree,0.8,Defaults,Tuning,0.0,1.0
Ela_metadataset,DecisionTree,0.8,Tuning,Tuning,0.0,1.0
Ela_metadataset,DecisionTree,0.8,Tuning,Defaults,1.0,0.0
Ela_metadataset,DecisionTree,0.8,Tuning,Tuning,0.0,1.0
Ela_metadataset,DecisionTree,0.8,Tuning,Tuning,0.0,1.0
Ela_metadataset,DecisionTree,0.85,Tuning,Tuning,0.0,1.0
Ela_metadataset,DecisionTree,0.85,Tuning,Tuning,0.0,1.0
Ela_metadataset,DecisionTree,0.85,Defaults,Defaults,1.0,0.0
Ela_metadataset,DecisionTree,0.85,Tuning,Tuning,0.0,1.0
Ela_metadataset,DecisionTree,0.85,Tuning,Tuning,0.0,1.0
Ela_metadataset,DecisionTree,0.85,Tuning,Defaults,1.0,0.0
Ela_metadataset,DecisionTree,0.85,Tuning,Tuning,0.0,1.0
Ela_metadataset,DecisionTree,0.85,Defaults,Tuning,0.0,1.0
Ela_metadataset,DecisionTree,0.85,Defaults,Defaults,1.0,0.0
Ela_metadataset,DecisionTree,0.85,Tuning,Defaults,1.0,0.0
Ela_metadataset,DecisionTree,0.85,Tuning,Tuning,0.0,1.0
Ela_metadataset,DecisionTree,0.85,Defaults,Defaults,1.0,0.0
Ela_metadataset,DecisionTree,0.85,Tuning,Tuning,0.0,1.0
Ela_metadataset,DecisionTree,0.85,Tuning,Tuning,0.0,1.0
Ela_metadataset,DecisionTree,0.85,Tuning,Tuning,0.0,1.0
Ela_metadataset,DecisionTree,0.85,Tuning,Tuning,0.0,1.0
Ela_metadataset,DecisionTree,0.85,Defaults,Tuning,0.0,1.0
Ela_metadataset,DecisionTree,0.85,Tuning,Tuning,0.0,1.0
Ela_metadataset,DecisionTree,0.85,Defaults,Tuning,0.0,1.0
Ela_metadataset,DecisionTree,0.85,Tuning,Defaults,1.0,0.0
Ela_metadataset,DecisionTree,0.85,Tuning,Defaults,1.0,0.0
Ela_metadataset,DecisionTree,0.85,Defaults,Defaults,1.0,0.0
Ela_metadataset,DecisionTree,0.85,Tuning,Defaults,1.0,0.0
Ela_metadataset,DecisionTree,0.85,Tuning,Tuning,0.0,1.0
Ela_metadataset,DecisionTree,0.85,Tuning,Defaults,1.0,0.0
Ela_metadataset,DecisionTree,0.85,Tuning,Tuning,0.0,1.0
Ela_metadataset,DecisionTree,0.85,Tuning,Tuning,0.0,1.0
Ela_metadataset,DecisionTree,0.85,Tuning,Tuning,0.0,1.0
Ela_metadataset,DecisionTree,0.85,Tuning,Tuning,0.0,1.0
Ela_metadataset,DecisionTree,0.85,Tuning,Tuning,0.0,1.0
Ela_metadataset,DecisionTree,0.85,Tuning,Tuning,0.0,1.0
Ela_metadataset,DecisionTree,0.85,Tuning,Tuning,0.0,1.0
Ela_metadataset,DecisionTree,0.85,Defaults,Defaults,1.0,0.0
Ela_metadataset,DecisionTree,0.85,Defaults,Tuning,0.0,1.0
Ela_metadataset,DecisionTree,0.85,Tuning,Tuning,0.0,1.0
Ela_metadataset,DecisionTree,0.85,Tuning,Defaults,1.0,0.0
Ela_metadataset,DecisionTree,0.85,Tuning,Defaults,1.0,0.0
Ela_metadataset,DecisionTree,0.85,Defaults,Defaults,1.0,0.0
Ela_metadataset,DecisionTree,0.85,Tuning,Tuning,0.0,1.0
Ela_metadataset,DecisionTree,0.85,Defaults,Defaults,1.0,0.0
Ela_metadataset,DecisionTree,0.85,Tuning,Tuning,0.0,1.0
Ela_metadataset,DecisionTree,0.85,Tuning,Tuning,0.0,1.0
Ela_metadataset,DecisionTree,0.85,Tuning,Tuning,0.0,1.0
Ela_metadataset,DecisionTree,0.85,Tuning,Tuning,0.0,1.0
Ela_metadataset,DecisionTree,0.85,Tuning,Tuning,0.0,1.0
Ela_metadataset,DecisionTree,0.85,Tuning,Tuning,0.0,1.0
Ela_metadataset,DecisionTree,0.85,Tuning,Tuning,0.0,1.0
Ela_metadataset,DecisionTree,0.85,Tuning,Tuning,0.0,1.0
Ela_metadataset,DecisionTree,0.85,Tuning,Defaults,1.0,0.0
Ela_metadataset,DecisionTree,0.85,Tuning,Tuning,0.0,1.0
Ela_metadataset,DecisionTree,0.85,Defaults,Tuning,0.0,1.0
Ela_metadataset,DecisionTree,0.85,Tuning,Tuning,0.0,1.0
Ela_metadataset,DecisionTree,0.85,Tuning,Tuning,0.0,1.0
Ela_metadataset,DecisionTree,0.85,Defaults,Tuning,0.0,1.0
Ela_metadataset,DecisionTree,0.85,Tuning,Defaults,1.0,0.0
Ela_metadataset,DecisionTree,0.85,Tuning,Defaults,1.0,0.0
Ela_metadataset,DecisionTree,0.85,Tuning,Tuning,0.0,1.0
Ela_metadataset,DecisionTree,0.85,Tuning,Defaults,1.0,0.0
Ela_metadataset,DecisionTree,0.85,Tuning,Defaults,1.0,0.0
Ela_metadataset,DecisionTree,0.85,Tuning,Defaults,1.0,0.0
Ela_metadataset,DecisionTree,0.85,Tuning,Tuning,0.0,1.0
Ela_metadataset,DecisionTree,0.85,Tuning,Tuning,0.0,1.0
Ela_metadataset,DecisionTree,0.85,Tuning,Tuning,0.0,1.0
Ela_metadataset,DecisionTree,0.85,Defaults,Tuning,0.0,1.0
Ela_metadataset,DecisionTree,0.85,Tuning,Defaults,1.0,0.0
Ela_metadataset,DecisionTree,0.85,Defaults,Tuning,0.0,1.0
Ela_metadataset,DecisionTree,0.85,Tuning,Tuning,0.0,1.0
Ela_metadataset,DecisionTree,0.85,Tuning,Tuning,0.0,1.0
Ela_metadataset,DecisionTree,0.85,Tuning,Tuning,0.0,1.0
Ela_metadataset,DecisionTree,0.85,Tuning,Tuning,0.0,1.0
Ela_metadataset,DecisionTree,0.85,Tuning,Tuning,0.0,1.0
Ela_metadataset,DecisionTree,0.85,Defaults,Tuning,0.0,1.0
Ela_metadataset,DecisionTree,0.85,Tuning,Tuning,0.0,1.0
Ela_metadataset,DecisionTree,0.85,Defaults,Tuning,0.0,1.0
Ela_metadataset,DecisionTree,0.85,Defaults,Tuning,0.0,1.0
Ela_metadataset,DecisionTree,0.85,Defaults,Tuning,0.0,1.0
Ela_metadataset,DecisionTree,0.85,Defaults,Defaults,1.0,0.0
Ela_metadataset,DecisionTree,0.85,Tuning,Tuning,0.0,1.0
Ela_metadataset,DecisionTree,0.85,Tuning,Tuning,0.0,1.0
Ela_metadataset,DecisionTree,0.85,Tuning,Tuning,0.0,1.0
Ela_metadataset,DecisionTree,0.85,Defaults,Tuning,0.0,1.0
Ela_metadataset,DecisionTree,0.85,Defaults,Defaults,1.0,0.0
Ela_metadataset,DecisionTree,0.85,Defaults,Tuning,0.0,1.0
Ela_metadataset,DecisionTree,0.85,Defaults,Defaults,1.0,0.0
Ela_metadataset,DecisionTree,0.85,Tuning,Tuning,0.0,1.0
Ela_metadataset,DecisionTree,0.85,Tuning,Defaults,1.0,0.0
Ela_metadataset,DecisionTree,0.85,Defaults,Tuning,0.0,1.0
Ela_metadataset,DecisionTree,0.85,Tuning,Tuning,0.0,1.0
Ela_metadataset,DecisionTree,0.85,Defaults,Tuning,0.0,1.0
Ela_metadataset,DecisionTree,0.85,Tuning,Tuning,0.0,1.0
Ela_metadataset,DecisionTree,0.85,Tuning,Tuning,0.0,1.0
Ela_metadataset,DecisionTree,0.85,Defaults,Tuning,0.0,1.0
Ela_metadataset,DecisionTree,0.85,Tuning,Tuning,0.0,1.0
Ela_metadataset,DecisionTree,0.85,Defaults,Defaults,1.0,0.0
Ela_metadataset,DecisionTree,0.85,Tuning,Defaults,1.0,0.0
Ela_metadataset,DecisionTree,0.85,Tuning,Defaults,1.0,0.0
Ela_metadataset,DecisionTree,0.85,Tuning,Tuning,0.0,1.0
Ela_metadataset,DecisionTree,0.85,Defaults,Tuning,0.0,1.0
Ela_metadataset,DecisionTree,0.85,Tuning,Tuning,0.0,1.0
Ela_metadataset,DecisionTree,0.85,Tuning,Tuning,0.0,1.0
Ela_metadataset,DecisionTree,0.85,Tuning,Tuning,0.0,1.0
Ela_metadataset,DecisionTree,0.85,Defaults,Tuning,0.0,1.0
Ela_metadataset,DecisionTree,0.85,Tuning,Tuning,0.0,1.0
Ela_metadataset,DecisionTree,0.85,Tuning,Tuning,0.0,1.0
Ela_metadataset,DecisionTree,0.85,Tuning,Defaults,1.0,0.0
Ela_metadataset,DecisionTree,0.85,Tuning,Tuning,0.0,1.0
Ela_metadataset,DecisionTree,0.85,Tuning,Defaults,1.0,0.0
Ela_metadataset,DecisionTree,0.85,Tuning,Tuning,0.0,1.0
Ela_metadataset,DecisionTree,0.85,Tuning,Tuning,0.0,1.0
Ela_metadataset,DecisionTree,0.85,Defaults,Tuning,0.0,1.0
Ela_metadataset,DecisionTree,0.85,Tuning,Tuning,0.0,1.0
Ela_metadataset,DecisionTree,0.85,Tuning,Tuning,0.0,1.0
Ela_metadataset,DecisionTree,0.85,Tuning,Tuning,0.0,1.0
Ela_metadataset,DecisionTree,0.85,Tuning,Tuning,0.0,1.0
Ela_metadataset,DecisionTree,0.85,Tuning,Tuning,0.0,1.0
Ela_metadataset,DecisionTree,0.85,Tuning,Tuning,0.0,1.0
Ela_metadataset,DecisionTree,0.85,Tuning,Defaults,1.0,0.0
Ela_metadataset,DecisionTree,0.85,Tuning,Tuning,0.0,1.0
Ela_metadataset,DecisionTree,0.85,Defaults,Tuning,0.0,1.0
Ela_metadataset,DecisionTree,0.85,Tuning,Defaults,1.0,0.0
Ela_metadataset,DecisionTree,0.85,Defaults,Defaults,1.0,0.0
Ela_metadataset,DecisionTree,0.85,Tuning,Tuning,0.0,1.0
Ela_metadataset,DecisionTree,0.85,Tuning,Defaults,1.0,0.0
Ela_metadataset,DecisionTree,0.85,Tuning,Tuning,0.0,1.0
Ela_metadataset,DecisionTree,0.85,Tuning,Tuning,0.0,1.0
Ela_metadataset,DecisionTree,0.85,Defaults,Defaults,1.0,0.0
Ela_metadataset,DecisionTree,0.85,Defaults,Tuning,0.0,1.0
Ela_metadataset,DecisionTree,0.85,Tuning,Tuning,0.0,1.0
Ela_metadataset,DecisionTree,0.85,Tuning,Defaults,1.0,0.0
Ela_metadataset,DecisionTree,0.85,Tuning,Tuning,0.0,1.0
Ela_metadataset,DecisionTree,0.85,Tuning,Tuning,0.0,1.0
Ela_metadataset,DecisionTree,0.85,Tuning,Defaults,1.0,0.0
Ela_metadataset,DecisionTree,0.85,Tuning,Tuning,0.0,1.0
Ela_metadataset,DecisionTree,0.85,Tuning,Tuning,0.0,1.0
Ela_metadataset,DecisionTree,0.85,Tuning,Tuning,0.0,1.0
Ela_metadataset,DecisionTree,0.85,Defaults,Defaults,1.0,0.0
Ela_metadataset,DecisionTree,0.85,Tuning,Tuning,0.0,1.0
Ela_metadataset,DecisionTree,0.85,Tuning,Defaults,1.0,0.0
Ela_metadataset,DecisionTree,0.85,Tuning,Defaults,1.0,0.0
Ela_metadataset,DecisionTree,0.85,Tuning,Defaults,1.0,0.0
Ela_metadataset,DecisionTree,0.85,Defaults,Tuning,0.0,1.0
Ela_metadataset,DecisionTree,0.85,Tuning,Tuning,0.0,1.0
Ela_metadataset,DecisionTree,0.85,Tuning,Tuning,0.0,1.0
Ela_metadataset,DecisionTree,0.85,Tuning,Tuning,0.0,1.0
Ela_metadataset,DecisionTree,0.85,Defaults,Tuning,0.0,1.0
Ela_metadataset,DecisionTree,0.85,Tuning,Tuning,0.0,1.0
Ela_metadataset,DecisionTree,0.85,Tuning,Defaults,1.0,0.0
Ela_metadataset,DecisionTree,0.85,Tuning,Tuning,0.0,1.0
Ela_metadataset,DecisionTree,0.85,Defaults,Tuning,0.0,1.0
Ela_metadataset,DecisionTree,0.85,Defaults,Tuning,0.0,1.0
Ela_metadataset,DecisionTree,0.85,Tuning,Tuning,0.0,1.0
Ela_metadataset,DecisionTree,0.85,Tuning,Tuning,0.0,1.0
Ela_metadataset,DecisionTree,0.85,Tuning,Defaults,1.0,0.0
Ela_metadataset,DecisionTree,0.85,Defaults,Tuning,0.0,1.0
Ela_metadataset,DecisionTree,0.85,Defaults,Defaults,1.0,0.0
Ela_metadataset,DecisionTree,0.85,Defaults,Tuning,0.0,1.0
Ela_metadataset,DecisionTree,0.85,Tuning,Tuning,0.0,1.0
Ela_metadataset,DecisionTree,0.85,Defaults,Tuning,0.0,1.0
Ela_metadataset,DecisionTree,0.85,Tuning,Defaults,1.0,0.0
Ela_metadataset,DecisionTree,0.85,Tuning,Tuning,0.0,1.0
Ela_metadataset,DecisionTree,0.85,Defaults,Defaults,1.0,0.0
Ela_metadataset,DecisionTree,0.85,Defaults,Defaults,1.0,0.0
Ela_metadataset,DecisionTree,0.85,Tuning,Tuning,0.0,1.0
Ela_metadataset,DecisionTree,0.85,Tuning,Tuning,0.0,1.0
Ela_metadataset,DecisionTree,0.85,Defaults,Tuning,0.0,1.0
Ela_metadataset,DecisionTree,0.85,Tuning,Tuning,0.0,1.0
Ela_metadataset,DecisionTree,0.85,Tuning,Tuning,0.0,1.0
Ela_metadataset,DecisionTree,0.85,Tuning,Defaults,1.0,0.0
Ela_metadataset,DecisionTree,0.85,Tuning,Tuning,0.0,1.0
Ela_metadataset,DecisionTree,0.9,Tuning,Tuning,0.0,1.0
Ela_metadataset,DecisionTree,0.9,Tuning,Tuning,0.0,1.0
Ela_metadataset,DecisionTree,0.9,Defaults,Defaults,1.0,0.0
Ela_metadataset,DecisionTree,0.9,Tuning,Tuning,0.0,1.0
Ela_metadataset,DecisionTree,0.9,Tuning,Tuning,0.0,1.0
Ela_metadataset,DecisionTree,0.9,Tuning,Tuning,0.0,1.0
Ela_metadataset,DecisionTree,0.9,Tuning,Tuning,0.0,1.0
Ela_metadataset,DecisionTree,0.9,Defaults,Tuning,0.0,1.0
Ela_metadataset,DecisionTree,0.9,Defaults,Defaults,1.0,0.0
Ela_metadataset,DecisionTree,0.9,Tuning,Tuning,0.0,1.0
Ela_metadataset,DecisionTree,0.9,Tuning,Tuning,0.0,1.0
Ela_metadataset,DecisionTree,0.9,Defaults,Defaults,1.0,0.0
Ela_metadataset,DecisionTree,0.9,Tuning,Tuning,0.0,1.0
Ela_metadataset,DecisionTree,0.9,Tuning,Defaults,1.0,0.0
Ela_metadataset,DecisionTree,0.9,Tuning,Tuning,0.0,1.0
Ela_metadataset,DecisionTree,0.9,Tuning,Tuning,0.0,1.0
Ela_metadataset,DecisionTree,0.9,Defaults,Tuning,0.0,1.0
Ela_metadataset,DecisionTree,0.9,Tuning,Tuning,0.0,1.0
Ela_metadataset,DecisionTree,0.9,Defaults,Defaults,1.0,0.0
Ela_metadataset,DecisionTree,0.9,Tuning,Defaults,1.0,0.0
Ela_metadataset,DecisionTree,0.9,Tuning,Defaults,1.0,0.0
Ela_metadataset,DecisionTree,0.9,Defaults,Defaults,1.0,0.0
Ela_metadataset,DecisionTree,0.9,Tuning,Defaults,1.0,0.0
Ela_metadataset,DecisionTree,0.9,Tuning,Tuning,0.0,1.0
Ela_metadataset,DecisionTree,0.9,Tuning,Tuning,0.0,1.0
Ela_metadataset,DecisionTree,0.9,Tuning,Tuning,0.0,1.0
Ela_metadataset,DecisionTree,0.9,Tuning,Tuning,0.0,1.0
Ela_metadataset,DecisionTree,0.9,Tuning,Tuning,0.0,1.0
Ela_metadataset,DecisionTree,0.9,Tuning,Tuning,0.0,1.0
Ela_metadataset,DecisionTree,0.9,Tuning,Tuning,0.0,1.0
Ela_metadataset,DecisionTree,0.9,Tuning,Tuning,0.0,1.0
Ela_metadataset,DecisionTree,0.9,Tuning,Tuning,0.0,1.0
Ela_metadataset,DecisionTree,0.9,Defaults,Defaults,1.0,0.0
Ela_metadataset,DecisionTree,0.9,Defaults,Tuning,0.0,1.0
Ela_metadataset,DecisionTree,0.9,Tuning,Tuning,0.0,1.0
Ela_metadataset,DecisionTree,0.9,Tuning,Defaults,1.0,0.0
Ela_metadataset,DecisionTree,0.9,Tuning,Defaults,1.0,0.0
Ela_metadataset,DecisionTree,0.9,Defaults,Defaults,1.0,0.0
Ela_metadataset,DecisionTree,0.9,Tuning,Tuning,0.0,1.0
Ela_metadataset,DecisionTree,0.9,Defaults,Defaults,1.0,0.0
Ela_metadataset,DecisionTree,0.9,Tuning,Tuning,0.0,1.0
Ela_metadataset,DecisionTree,0.9,Tuning,Tuning,0.0,1.0
Ela_metadataset,DecisionTree,0.9,Tuning,Tuning,0.0,1.0
Ela_metadataset,DecisionTree,0.9,Tuning,Tuning,0.0,1.0
Ela_metadataset,DecisionTree,0.9,Tuning,Defaults,1.0,0.0
Ela_metadataset,DecisionTree,0.9,Tuning,Tuning,0.0,1.0
Ela_metadataset,DecisionTree,0.9,Tuning,Tuning,0.0,1.0
Ela_metadataset,DecisionTree,0.9,Tuning,Tuning,0.0,1.0
Ela_metadataset,DecisionTree,0.9,Tuning,Defaults,1.0,0.0
Ela_metadataset,DecisionTree,0.9,Tuning,Tuning,0.0,1.0
Ela_metadataset,DecisionTree,0.9,Defaults,Tuning,0.0,1.0
Ela_metadataset,DecisionTree,0.9,Tuning,Tuning,0.0,1.0
Ela_metadataset,DecisionTree,0.9,Tuning,Tuning,0.0,1.0
Ela_metadataset,DecisionTree,0.9,Defaults,Tuning,0.0,1.0
Ela_metadataset,DecisionTree,0.9,Tuning,Defaults,1.0,0.0
Ela_metadataset,DecisionTree,0.9,Tuning,Tuning,0.0,1.0
Ela_metadataset,DecisionTree,0.9,Tuning,Defaults,1.0,0.0
Ela_metadataset,DecisionTree,0.9,Tuning,Defaults,1.0,0.0
Ela_metadataset,DecisionTree,0.9,Tuning,Defaults,1.0,0.0
Ela_metadataset,DecisionTree,0.9,Tuning,Defaults,1.0,0.0
Ela_metadataset,DecisionTree,0.9,Tuning,Tuning,0.0,1.0
Ela_metadataset,DecisionTree,0.9,Tuning,Tuning,0.0,1.0
Ela_metadataset,DecisionTree,0.9,Tuning,Tuning,0.0,1.0
Ela_metadataset,DecisionTree,0.9,Defaults,Tuning,0.0,1.0
Ela_metadataset,DecisionTree,0.9,Tuning,Defaults,1.0,0.0
Ela_metadataset,DecisionTree,0.9,Defaults,Tuning,0.0,1.0
Ela_metadataset,DecisionTree,0.9,Tuning,Tuning,0.0,1.0
Ela_metadataset,DecisionTree,0.9,Tuning,Tuning,0.0,1.0
Ela_metadataset,DecisionTree,0.9,Tuning,Tuning,0.0,1.0
Ela_metadataset,DecisionTree,0.9,Tuning,Tuning,0.0,1.0
Ela_metadataset,DecisionTree,0.9,Tuning,Tuning,0.0,1.0
Ela_metadataset,DecisionTree,0.9,Defaults,Tuning,0.0,1.0
Ela_metadataset,DecisionTree,0.9,Tuning,Tuning,0.0,1.0
Ela_metadataset,DecisionTree,0.9,Defaults,Tuning,0.0,1.0
Ela_metadataset,DecisionTree,0.9,Defaults,Defaults,1.0,0.0
Ela_metadataset,DecisionTree,0.9,Defaults,Tuning,0.0,1.0
Ela_metadataset,DecisionTree,0.9,Defaults,Defaults,1.0,0.0
Ela_metadataset,DecisionTree,0.9,Tuning,Tuning,0.0,1.0
Ela_metadataset,DecisionTree,0.9,Tuning,Tuning,0.0,1.0
Ela_metadataset,DecisionTree,0.9,Tuning,Tuning,0.0,1.0
Ela_metadataset,DecisionTree,0.9,Defaults,Tuning,0.0,1.0
Ela_metadataset,DecisionTree,0.9,Defaults,Tuning,0.0,1.0
Ela_metadataset,DecisionTree,0.9,Defaults,Tuning,0.0,1.0
Ela_metadataset,DecisionTree,0.9,Defaults,Defaults,1.0,0.0
Ela_metadataset,DecisionTree,0.9,Tuning,Tuning,0.0,1.0
Ela_metadataset,DecisionTree,0.9,Tuning,Tuning,0.0,1.0
Ela_metadataset,DecisionTree,0.9,Defaults,Tuning,0.0,1.0
Ela_metadataset,DecisionTree,0.9,Tuning,Tuning,0.0,1.0
Ela_metadataset,DecisionTree,0.9,Defaults,Tuning,0.0,1.0
Ela_metadataset,DecisionTree,0.9,Tuning,Tuning,0.0,1.0
Ela_metadataset,DecisionTree,0.9,Tuning,Tuning,0.0,1.0
Ela_metadataset,DecisionTree,0.9,Defaults,Tuning,0.0,1.0
Ela_metadataset,DecisionTree,0.9,Tuning,Tuning,0.0,1.0
Ela_metadataset,DecisionTree,0.9,Defaults,Defaults,1.0,0.0
Ela_metadataset,DecisionTree,0.9,Tuning,Defaults,1.0,0.0
Ela_metadataset,DecisionTree,0.9,Tuning,Tuning,0.0,1.0
Ela_metadataset,DecisionTree,0.9,Tuning,Tuning,0.0,1.0
Ela_metadataset,DecisionTree,0.9,Defaults,Tuning,0.0,1.0
Ela_metadataset,DecisionTree,0.9,Tuning,Tuning,0.0,1.0
Ela_metadataset,DecisionTree,0.9,Tuning,Tuning,0.0,1.0
Ela_metadataset,DecisionTree,0.9,Tuning,Tuning,0.0,1.0
Ela_metadataset,DecisionTree,0.9,Defaults,Tuning,0.0,1.0
Ela_metadataset,DecisionTree,0.9,Tuning,Tuning,0.0,1.0
Ela_metadataset,DecisionTree,0.9,Tuning,Tuning,0.0,1.0
Ela_metadataset,DecisionTree,0.9,Tuning,Defaults,1.0,0.0
Ela_metadataset,DecisionTree,0.9,Tuning,Tuning,0.0,1.0
Ela_metadataset,DecisionTree,0.9,Tuning,Defaults,1.0,0.0
Ela_metadataset,DecisionTree,0.9,Tuning,Tuning,0.0,1.0
Ela_metadataset,DecisionTree,0.9,Tuning,Tuning,0.0,1.0
Ela_metadataset,DecisionTree,0.9,Defaults,Tuning,0.0,1.0
Ela_metadataset,DecisionTree,0.9,Tuning,Tuning,0.0,1.0
Ela_metadataset,DecisionTree,0.9,Tuning,Tuning,0.0,1.0
Ela_metadataset,DecisionTree,0.9,Tuning,Tuning,0.0,1.0
Ela_metadataset,DecisionTree,0.9,Tuning,Defaults,1.0,0.0
Ela_metadataset,DecisionTree,0.9,Tuning,Tuning,0.0,1.0
Ela_metadataset,DecisionTree,0.9,Tuning,Tuning,0.0,1.0
Ela_metadataset,DecisionTree,0.9,Tuning,Defaults,1.0,0.0
Ela_metadataset,DecisionTree,0.9,Tuning,Tuning,0.0,1.0
Ela_metadataset,DecisionTree,0.9,Defaults,Tuning,0.0,1.0
Ela_metadataset,DecisionTree,0.9,Tuning,Defaults,1.0,0.0
Ela_metadataset,DecisionTree,0.9,Defaults,Defaults,1.0,0.0
Ela_metadataset,DecisionTree,0.9,Tuning,Tuning,0.0,1.0
Ela_metadataset,DecisionTree,0.9,Tuning,Defaults,1.0,0.0
Ela_metadataset,DecisionTree,0.9,Tuning,Tuning,0.0,1.0
Ela_metadataset,DecisionTree,0.9,Tuning,Tuning,0.0,1.0
Ela_metadataset,DecisionTree,0.9,Defaults,Tuning,0.0,1.0
Ela_metadataset,DecisionTree,0.9,Defaults,Tuning,0.0,1.0
Ela_metadataset,DecisionTree,0.9,Tuning,Tuning,0.0,1.0
Ela_metadataset,DecisionTree,0.9,Tuning,Defaults,1.0,0.0
Ela_metadataset,DecisionTree,0.9,Tuning,Tuning,0.0,1.0
Ela_metadataset,DecisionTree,0.9,Tuning,Tuning,0.0,1.0
Ela_metadataset,DecisionTree,0.9,Tuning,Tuning,0.0,1.0
Ela_metadataset,DecisionTree,0.9,Tuning,Tuning,0.0,1.0
Ela_metadataset,DecisionTree,0.9,Tuning,Tuning,0.0,1.0
Ela_metadataset,DecisionTree,0.9,Tuning,Tuning,0.0,1.0
Ela_metadataset,DecisionTree,0.9,Defaults,Defaults,1.0,0.0
Ela_metadataset,DecisionTree,0.9,Tuning,Tuning,0.0,1.0
Ela_metadataset,DecisionTree,0.9,Tuning,Tuning,0.0,1.0
Ela_metadataset,DecisionTree,0.9,Tuning,Defaults,1.0,0.0
Ela_metadataset,DecisionTree,0.9,Tuning,Defaults,1.0,0.0
Ela_metadataset,DecisionTree,0.9,Defaults,Tuning,0.0,1.0
Ela_metadataset,DecisionTree,0.9,Tuning,Tuning,0.0,1.0
Ela_metadataset,DecisionTree,0.9,Tuning,Tuning,0.0,1.0
Ela_metadataset,DecisionTree,0.9,Tuning,Tuning,0.0,1.0
Ela_metadataset,DecisionTree,0.9,Defaults,Tuning,0.0,1.0
Ela_metadataset,DecisionTree,0.9,Tuning,Tuning,0.0,1.0
Ela_metadataset,DecisionTree,0.9,Tuning,Defaults,1.0,0.0
Ela_metadataset,DecisionTree,0.9,Tuning,Tuning,0.0,1.0
Ela_metadataset,DecisionTree,0.9,Defaults,Tuning,0.0,1.0
Ela_metadataset,DecisionTree,0.9,Defaults,Tuning,0.0,1.0
Ela_metadataset,DecisionTree,0.9,Tuning,Tuning,0.0,1.0
Ela_metadataset,DecisionTree,0.9,Tuning,Tuning,0.0,1.0
Ela_metadataset,DecisionTree,0.9,Tuning,Tuning,0.0,1.0
Ela_metadataset,DecisionTree,0.9,Defaults,Tuning,0.0,1.0
Ela_metadataset,DecisionTree,0.9,Defaults,Defaults,1.0,0.0
Ela_metadataset,DecisionTree,0.9,Defaults,Defaults,1.0,0.0
Ela_metadataset,DecisionTree,0.9,Tuning,Tuning,0.0,1.0
Ela_metadataset,DecisionTree,0.9,Defaults,Defaults,1.0,0.0
Ela_metadataset,DecisionTree,0.9,Tuning,Defaults,1.0,0.0
Ela_metadataset,DecisionTree,0.9,Tuning,Tuning,0.0,1.0
Ela_metadataset,DecisionTree,0.9,Defaults,Tuning,0.0,1.0
Ela_metadataset,DecisionTree,0.9,Defaults,Defaults,1.0,0.0
Ela_metadataset,DecisionTree,0.9,Tuning,Tuning,0.0,1.0
Ela_metadataset,DecisionTree,0.9,Tuning,Defaults,1.0,0.0
Ela_metadataset,DecisionTree,0.9,Defaults,Tuning,0.0,1.0
Ela_metadataset,DecisionTree,0.9,Tuning,Tuning,0.0,1.0
Ela_metadataset,DecisionTree,0.9,Tuning,Tuning,0.0,1.0
Ela_metadataset,DecisionTree,0.9,Tuning,Defaults,1.0,0.0
Ela_metadataset,DecisionTree,0.9,Tuning,Tuning,0.0,1.0
Ela_metadataset,DecisionTree,0.95,Tuning,Tuning,0.0,1.0
Ela_metadataset,DecisionTree,0.95,Tuning,Tuning,0.0,1.0
Ela_metadataset,DecisionTree,0.95,Defaults,Tuning,0.0,1.0
Ela_metadataset,DecisionTree,0.95,Tuning,Defaults,1.0,0.0
Ela_metadataset,DecisionTree,0.95,Tuning,Tuning,0.0,1.0
Ela_metadataset,DecisionTree,0.95,Tuning,Tuning,0.0,1.0
Ela_metadataset,DecisionTree,0.95,Tuning,Tuning,0.0,1.0
Ela_metadataset,DecisionTree,0.95,Defaults,Tuning,0.0,1.0
Ela_metadataset,DecisionTree,0.95,Defaults,Defaults,1.0,0.0
Ela_metadataset,DecisionTree,0.95,Tuning,Tuning,0.0,1.0
Ela_metadataset,DecisionTree,0.95,Tuning,Tuning,0.0,1.0
Ela_metadataset,DecisionTree,0.95,Defaults,Tuning,0.0,1.0
Ela_metadataset,DecisionTree,0.95,Tuning,Tuning,0.0,1.0
Ela_metadataset,DecisionTree,0.95,Tuning,Tuning,0.0,1.0
Ela_metadataset,DecisionTree,0.95,Tuning,Tuning,0.0,1.0
Ela_metadataset,DecisionTree,0.95,Tuning,Tuning,0.0,1.0
Ela_metadataset,DecisionTree,0.95,Defaults,Defaults,1.0,0.0
Ela_metadataset,DecisionTree,0.95,Tuning,Tuning,0.0,1.0
Ela_metadataset,DecisionTree,0.95,Defaults,Tuning,0.0,1.0
Ela_metadataset,DecisionTree,0.95,Tuning,Defaults,1.0,0.0
Ela_metadataset,DecisionTree,0.95,Tuning,Defaults,1.0,0.0
Ela_metadataset,DecisionTree,0.95,Defaults,Defaults,1.0,0.0
Ela_metadataset,DecisionTree,0.95,Tuning,Defaults,1.0,0.0
Ela_metadataset,DecisionTree,0.95,Tuning,Tuning,0.0,1.0
Ela_metadataset,DecisionTree,0.95,Tuning,Tuning,0.0,1.0
Ela_metadataset,DecisionTree,0.95,Tuning,Tuning,0.0,1.0
Ela_metadataset,DecisionTree,0.95,Tuning,Tuning,0.0,1.0
Ela_metadataset,DecisionTree,0.95,Tuning,Tuning,0.0,1.0
Ela_metadataset,DecisionTree,0.95,Tuning,Tuning,0.0,1.0
Ela_metadataset,DecisionTree,0.95,Tuning,Tuning,0.0,1.0
Ela_metadataset,DecisionTree,0.95,Tuning,Tuning,0.0,1.0
Ela_metadataset,DecisionTree,0.95,Tuning,Tuning,0.0,1.0
Ela_metadataset,DecisionTree,0.95,Defaults,Tuning,0.0,1.0
Ela_metadataset,DecisionTree,0.95,Defaults,Tuning,0.0,1.0
Ela_metadataset,DecisionTree,0.95,Tuning,Tuning,0.0,1.0
Ela_metadataset,DecisionTree,0.95,Tuning,Tuning,0.0,1.0
Ela_metadataset,DecisionTree,0.95,Tuning,Tuning,0.0,1.0
Ela_metadataset,DecisionTree,0.95,Defaults,Defaults,1.0,0.0
Ela_metadataset,DecisionTree,0.95,Tuning,Tuning,0.0,1.0
Ela_metadataset,DecisionTree,0.95,Defaults,Defaults,1.0,0.0
Ela_metadataset,DecisionTree,0.95,Tuning,Tuning,0.0,1.0
Ela_metadataset,DecisionTree,0.95,Tuning,Tuning,0.0,1.0
Ela_metadataset,DecisionTree,0.95,Tuning,Tuning,0.0,1.0
Ela_metadataset,DecisionTree,0.95,Tuning,Tuning,0.0,1.0
Ela_metadataset,DecisionTree,0.95,Tuning,Tuning,0.0,1.0
Ela_metadataset,DecisionTree,0.95,Tuning,Tuning,0.0,1.0
Ela_metadataset,DecisionTree,0.95,Tuning,Tuning,0.0,1.0
Ela_metadataset,DecisionTree,0.95,Tuning,Tuning,0.0,1.0
Ela_metadataset,DecisionTree,0.95,Tuning,Defaults,1.0,0.0
Ela_metadataset,DecisionTree,0.95,Tuning,Tuning,0.0,1.0
Ela_metadataset,DecisionTree,0.95,Defaults,Tuning,0.0,1.0
Ela_metadataset,DecisionTree,0.95,Tuning,Defaults,1.0,0.0
Ela_metadataset,DecisionTree,0.95,Tuning,Tuning,0.0,1.0
Ela_metadataset,DecisionTree,0.95,Defaults,Tuning,0.0,1.0
Ela_metadataset,DecisionTree,0.95,Tuning,Defaults,1.0,0.0
Ela_metadataset,DecisionTree,0.95,Tuning,Tuning,0.0,1.0
Ela_metadataset,DecisionTree,0.95,Tuning,Tuning,0.0,1.0
Ela_metadataset,DecisionTree,0.95,Tuning,Defaults,1.0,0.0
Ela_metadataset,DecisionTree,0.95,Tuning,Defaults,1.0,0.0
Ela_metadataset,DecisionTree,0.95,Tuning,Tuning,0.0,1.0
Ela_metadataset,DecisionTree,0.95,Tuning,Defaults,1.0,0.0
Ela_metadataset,DecisionTree,0.95,Tuning,Tuning,0.0,1.0
Ela_metadataset,DecisionTree,0.95,Tuning,Tuning,0.0,1.0
Ela_metadataset,DecisionTree,0.95,Defaults,Tuning,0.0,1.0
Ela_metadataset,DecisionTree,0.95,Tuning,Tuning,0.0,1.0
Ela_metadataset,DecisionTree,0.95,Defaults,Tuning,0.0,1.0
Ela_metadataset,DecisionTree,0.95,Tuning,Defaults,1.0,0.0
Ela_metadataset,DecisionTree,0.95,Tuning,Tuning,0.0,1.0
Ela_metadataset,DecisionTree,0.95,Tuning,Tuning,0.0,1.0
Ela_metadataset,DecisionTree,0.95,Tuning,Defaults,1.0,0.0
Ela_metadataset,DecisionTree,0.95,Tuning,Defaults,1.0,0.0
Ela_metadataset,DecisionTree,0.95,Defaults,Tuning,0.0,1.0
Ela_metadataset,DecisionTree,0.95,Tuning,Defaults,1.0,0.0
Ela_metadataset,DecisionTree,0.95,Defaults,Tuning,0.0,1.0
Ela_metadataset,DecisionTree,0.95,Defaults,Defaults,1.0,0.0
Ela_metadataset,DecisionTree,0.95,Defaults,Tuning,0.0,1.0
Ela_metadataset,DecisionTree,0.95,Defaults,Defaults,1.0,0.0
Ela_metadataset,DecisionTree,0.95,Tuning,Tuning,0.0,1.0
Ela_metadataset,DecisionTree,0.95,Tuning,Tuning,0.0,1.0
Ela_metadataset,DecisionTree,0.95,Tuning,Tuning,0.0,1.0
Ela_metadataset,DecisionTree,0.95,Defaults,Defaults,1.0,0.0
Ela_metadataset,DecisionTree,0.95,Defaults,Tuning,0.0,1.0
Ela_metadataset,DecisionTree,0.95,Defaults,Tuning,0.0,1.0
Ela_metadataset,DecisionTree,0.95,Defaults,Defaults,1.0,0.0
Ela_metadataset,DecisionTree,0.95,Tuning,Tuning,0.0,1.0
Ela_metadataset,DecisionTree,0.95,Tuning,Tuning,0.0,1.0
Ela_metadataset,DecisionTree,0.95,Defaults,Defaults,1.0,0.0
Ela_metadataset,DecisionTree,0.95,Tuning,Tuning,0.0,1.0
Ela_metadataset,DecisionTree,0.95,Defaults,Defaults,1.0,0.0
Ela_metadataset,DecisionTree,0.95,Tuning,Tuning,0.0,1.0
Ela_metadataset,DecisionTree,0.95,Tuning,Tuning,0.0,1.0
Ela_metadataset,DecisionTree,0.95,Defaults,Tuning,0.0,1.0
Ela_metadataset,DecisionTree,0.95,Tuning,Defaults,1.0,0.0
Ela_metadataset,DecisionTree,0.95,Defaults,Defaults,1.0,0.0
Ela_metadataset,DecisionTree,0.95,Tuning,Defaults,1.0,0.0
Ela_metadataset,DecisionTree,0.95,Tuning,Tuning,0.0,1.0
Ela_metadataset,DecisionTree,0.95,Tuning,Tuning,0.0,1.0
Ela_metadataset,DecisionTree,0.95,Defaults,Tuning,0.0,1.0
Ela_metadataset,DecisionTree,0.95,Tuning,Tuning,0.0,1.0
Ela_metadataset,DecisionTree,0.95,Tuning,Defaults,1.0,0.0
Ela_metadataset,DecisionTree,0.95,Tuning,Tuning,0.0,1.0
Ela_metadataset,DecisionTree,0.95,Defaults,Tuning,0.0,1.0
Ela_metadataset,DecisionTree,0.95,Tuning,Tuning,0.0,1.0
Ela_metadataset,DecisionTree,0.95,Tuning,Tuning,0.0,1.0
Ela_metadataset,DecisionTree,0.95,Tuning,Tuning,0.0,1.0
Ela_metadataset,DecisionTree,0.95,Tuning,Tuning,0.0,1.0
Ela_metadataset,DecisionTree,0.95,Tuning,Defaults,1.0,0.0
Ela_metadataset,DecisionTree,0.95,Tuning,Tuning,0.0,1.0
Ela_metadataset,DecisionTree,0.95,Tuning,Tuning,0.0,1.0
Ela_metadataset,DecisionTree,0.95,Defaults,Tuning,0.0,1.0
Ela_metadataset,DecisionTree,0.95,Tuning,Tuning,0.0,1.0
Ela_metadataset,DecisionTree,0.95,Tuning,Tuning,0.0,1.0
Ela_metadataset,DecisionTree,0.95,Tuning,Tuning,0.0,1.0
Ela_metadataset,DecisionTree,0.95,Tuning,Tuning,0.0,1.0
Ela_metadataset,DecisionTree,0.95,Tuning,Tuning,0.0,1.0
Ela_metadataset,DecisionTree,0.95,Tuning,Tuning,0.0,1.0
Ela_metadataset,DecisionTree,0.95,Tuning,Tuning,0.0,1.0
Ela_metadataset,DecisionTree,0.95,Tuning,Defaults,1.0,0.0
Ela_metadataset,DecisionTree,0.95,Defaults,Defaults,1.0,0.0
Ela_metadataset,DecisionTree,0.95,Tuning,Defaults,1.0,0.0
Ela_metadataset,DecisionTree,0.95,Defaults,Tuning,0.0,1.0
Ela_metadataset,DecisionTree,0.95,Tuning,Tuning,0.0,1.0
Ela_metadataset,DecisionTree,0.95,Tuning,Tuning,0.0,1.0
Ela_metadataset,DecisionTree,0.95,Tuning,Tuning,0.0,1.0
Ela_metadataset,DecisionTree,0.95,Tuning,Tuning,0.0,1.0
Ela_metadataset,DecisionTree,0.95,Defaults,Defaults,1.0,0.0
Ela_metadataset,DecisionTree,0.95,Defaults,Defaults,1.0,0.0
Ela_metadataset,DecisionTree,0.95,Tuning,Tuning,0.0,1.0
Ela_metadataset,DecisionTree,0.95,Tuning,Tuning,0.0,1.0
Ela_metadataset,DecisionTree,0.95,Tuning,Tuning,0.0,1.0
Ela_metadataset,DecisionTree,0.95,Tuning,Tuning,0.0,1.0
Ela_metadataset,DecisionTree,0.95,Tuning,Tuning,0.0,1.0
Ela_metadataset,DecisionTree,0.95,Tuning,Defaults,1.0,0.0
Ela_metadataset,DecisionTree,0.95,Tuning,Defaults,1.0,0.0
Ela_metadataset,DecisionTree,0.95,Tuning,Tuning,0.0,1.0
Ela_metadataset,DecisionTree,0.95,Defaults,Tuning,0.0,1.0
Ela_metadataset,DecisionTree,0.95,Tuning,Defaults,1.0,0.0
Ela_metadataset,DecisionTree,0.95,Tuning,Tuning,0.0,1.0
Ela_metadataset,DecisionTree,0.95,Tuning,Tuning,0.0,1.0
Ela_metadataset,DecisionTree,0.95,Tuning,Defaults,1.0,0.0
Ela_metadataset,DecisionTree,0.95,Defaults,Tuning,0.0,1.0
Ela_metadataset,DecisionTree,0.95,Tuning,Tuning,0.0,1.0
Ela_metadataset,DecisionTree,0.95,Tuning,Tuning,0.0,1.0
Ela_metadataset,DecisionTree,0.95,Tuning,Tuning,0.0,1.0
Ela_metadataset,DecisionTree,0.95,Defaults,Tuning,0.0,1.0
Ela_metadataset,DecisionTree,0.95,Tuning,Defaults,1.0,0.0
Ela_metadataset,DecisionTree,0.95,Tuning,Defaults,1.0,0.0
Ela_metadataset,DecisionTree,0.95,Tuning,Tuning,0.0,1.0
Ela_metadataset,DecisionTree,0.95,Defaults,Tuning,0.0,1.0
Ela_metadataset,DecisionTree,0.95,Defaults,Tuning,0.0,1.0
Ela_metadataset,DecisionTree,0.95,Tuning,Defaults,1.0,0.0
Ela_metadataset,DecisionTree,0.95,Tuning,Tuning,0.0,1.0
Ela_metadataset,DecisionTree,0.95,Tuning,Defaults,1.0,0.0
Ela_metadataset,DecisionTree,0.95,Defaults,Defaults,1.0,0.0
Ela_metadataset,DecisionTree,0.95,Defaults,Defaults,1.0,0.0
Ela_metadataset,DecisionTree,0.95,Defaults,Defaults,1.0,0.0
Ela_metadataset,DecisionTree,0.95,Tuning,Defaults,1.0,0.0
Ela_metadataset,DecisionTree,0.95,Defaults,Tuning,0.0,1.0
Ela_metadataset,DecisionTree,0.95,Tuning,Tuning,0.0,1.0
Ela_metadataset,DecisionTree,0.95,Tuning,Tuning,0.0,1.0
Ela_metadataset,DecisionTree,0.95,Defaults,Tuning,0.0,1.0
Ela_metadataset,DecisionTree,0.95,Defaults,Tuning,0.0,1.0
Ela_metadataset,DecisionTree,0.95,Tuning,Tuning,0.0,1.0
Ela_metadataset,DecisionTree,0.95,Tuning,Defaults,1.0,0.0
Ela_metadataset,DecisionTree,0.95,Defaults,Tuning,0.0,1.0
Ela_metadataset,DecisionTree,0.95,Tuning,Tuning,0.0,1.0
Ela_metadataset,DecisionTree,0.95,Tuning,Defaults,1.0,0.0
Ela_metadataset,DecisionTree,0.95,Tuning,Tuning,0.0,1.0
Ela_metadataset,DecisionTree,0.95,Tuning,Tuning,0.0,1.0
Ela_metadataset,NaiveBayes,0.8,Tuning,Defaults,0.9729203251427082,0.027079674857291586
Ela_metadataset,NaiveBayes,0.8,Tuning,Defaults,0.8869942968632344,0.11300570313676485
Ela_metadataset,NaiveBayes,0.8,Defaults,Defaults,0.9999174352531756,8.256474682273575e-05
Ela_metadataset,NaiveBayes,0.8,Tuning,Defaults,0.9919159018738668,0.008084098126133154
Ela_metadataset,NaiveBayes,0.8,Tuning,Defaults,0.9592061122156246,0.04079388778437649
Ela_metadataset,NaiveBayes,0.8,Tuning,Defaults,0.9992999791425053,0.0007000208574960984
Ela_metadataset,NaiveBayes,0.8,Tuning,Defaults,0.8631507464933462,0.13684925350665472
Ela_metadataset,NaiveBayes,0.8,Defaults,Defaults,0.9985965708836887,0.0014034291163113428
Ela_metadataset,NaiveBayes,0.8,Defaults,Defaults,0.9994956347691331,0.000504365230866928
Ela_metadataset,NaiveBayes,0.8,Tuning,Defaults,0.9939268682492038,0.006073131750796684
Ela_metadataset,NaiveBayes,0.8,Tuning,Defaults,0.9879984499123694,0.012001550087631114
Ela_metadataset,NaiveBayes,0.8,Defaults,Defaults,0.9868240640066303,0.013175935993368316
Ela_metadataset,NaiveBayes,0.8,Tuning,Defaults,0.9989191721344596,0.0010808278655412532
Ela_metadataset,NaiveBayes,0.8,Tuning,Defaults,0.9994800238774741,0.0005199761225267715
Ela_metadataset,NaiveBayes,0.8,Tuning,Tuning,0.0,1.0
Ela_metadataset,NaiveBayes,0.8,Tuning,Defaults,0.9751541546943033,0.02484584530569738
Ela_metadataset,NaiveBayes,0.8,Defaults,Defaults,0.9999863966110462,1.3603388954662772e-05
Ela_metadataset,NaiveBayes,0.8,Tuning,Tuning,0.03569614892405555,0.964303851075948
Ela_metadataset,NaiveBayes,0.8,Defaults,Defaults,0.9999042353923827,9.576460761555662e-05
Ela_metadataset,NaiveBayes,0.8,Tuning,Defaults,0.9999999999983338,1.6656983725932812e-12
Ela_metadataset,NaiveBayes,0.8,Tuning,Defaults,0.9982718119882823,0.001728188011717674
Ela_metadataset,NaiveBayes,0.8,Defaults,Defaults,0.9999584789716549,4.152102834640088e-05
Ela_metadataset,NaiveBayes,0.8,Tuning,Defaults,0.9999989240416409,1.0759583599341905e-06
Ela_metadataset,NaiveBayes,0.8,Tuning,Defaults,0.9983530695411844,0.0016469304588143424
Ela_metadataset,NaiveBayes,0.8,Tuning,Defaults,0.9732984184309199,0.026701581569081156
Ela_metadataset,NaiveBayes,0.8,Tuning,Defaults,0.9960403751164874,0.003959624883511701
Ela_metadataset,NaiveBayes,0.8,Tuning,Defaults,0.9542396109511638,0.04576038904883485
Ela_metadataset,NaiveBayes,0.8,Tuning,Defaults,0.9963916218436101,0.003608378156389315
Ela_metadataset,NaiveBayes,0.8,Tuning,Tuning,0.08988193077691033,0.9101180692230931
Ela_metadataset,NaiveBayes,0.8,Tuning,Defaults,0.9990583354884546,0.0009416645115444979
Ela_metadataset,NaiveBayes,0.8,Tuning,Tuning,5.944821249882026e-09,0.9999999940551803
Ela_metadataset,NaiveBayes,0.8,Tuning,Defaults,0.9759257204213647,0.024074279578634387
Ela_metadataset,NaiveBayes,0.8,Defaults,Defaults,0.9997850338746579,0.0002149661253435313
Ela_metadataset,NaiveBayes,0.8,Defaults,Defaults,0.9999939443624583,6.055637542999747e-06
Ela_metadataset,NaiveBayes,0.8,Tuning,Tuning,0.02917273763152291,0.9708272623684764
Ela_metadataset,NaiveBayes,0.8,Tuning,Defaults,1.0,0.0
Ela_metadataset,NaiveBayes,0.8,Tuning,Defaults,0.8639486942329172,0.13605130576708296
Ela_metadataset,NaiveBayes,0.8,Defaults,Defaults,1.0,8.712653766885906e-86
Ela_metadataset,NaiveBayes,0.8,Tuning,Defaults,0.9959353898633106,0.0040646101366889
Ela_metadataset,NaiveBayes,0.8,Defaults,Defaults,0.9999402685451734,5.973145482655691e-05
Ela_metadataset,NaiveBayes,0.8,Tuning,Tuning,0.010869229971039932,0.9891307700289583
Ela_metadataset,NaiveBayes,0.8,Tuning,Tuning,1.2917638607706956e-06,0.9999987082361373
Ela_metadataset,NaiveBayes,0.8,Tuning,Tuning,0.0,1.0
Ela_metadataset,NaiveBayes,0.8,Tuning,Defaults,0.7161226533075584,0.28387734669244347
Ela_metadataset,NaiveBayes,0.8,Tuning,Defaults,0.9832655531793888,0.016734446820611027
Ela_metadataset,NaiveBayes,0.8,Tuning,Defaults,0.9972767778516697,0.0027232221483298605
Ela_metadataset,NaiveBayes,0.8,Tuning,Defaults,0.9273888671100752,0.0726111328899246
Ela_metadataset,NaiveBayes,0.8,Tuning,Defaults,0.9978808487549595,0.0021191512450396436
Ela_metadataset,NaiveBayes,0.8,Tuning,Defaults,0.9987487094455582,0.0012512905544423576
Ela_metadataset,NaiveBayes,0.8,Tuning,Defaults,0.9826218984937005,0.017378101506298614
Ela_metadataset,NaiveBayes,0.8,Defaults,Tuning,7.483560587065963e-13,0.9999999999992539
Ela_metadataset,NaiveBayes,0.8,Tuning,Defaults,0.514423734305614,0.4855762656943854
Ela_metadataset,NaiveBayes,0.8,Tuning,Tuning,0.0016193041638779694,0.9983806958361217
Ela_metadataset,NaiveBayes,0.8,Defaults,Defaults,0.996083743435103,0.00391625656489692
Ela_metadataset,NaiveBayes,0.8,Tuning,Defaults,0.9868641723391246,0.013135827660874622
Ela_metadataset,NaiveBayes,0.8,Tuning,Defaults,0.7862419189128039,0.2137580810871962
Ela_metadataset,NaiveBayes,0.8,Tuning,Tuning,2.2614076564545343e-10,0.9999999997738627
Ela_metadataset,NaiveBayes,0.8,Tuning,Defaults,0.9988987539391211,0.0011012460608776978
Ela_metadataset,NaiveBayes,0.8,Tuning,Tuning,2.948639332556904e-07,0.9999997051360703
Ela_metadataset,NaiveBayes,0.8,Tuning,Tuning,0.0,1.0
Ela_metadataset,NaiveBayes,0.8,Tuning,Defaults,0.9849963822195186,0.015003617780482195
Ela_metadataset,NaiveBayes,0.8,Tuning,Defaults,0.9768380864916425,0.023161913508359923
Ela_metadataset,NaiveBayes,0.8,Tuning,Defaults,0.9916996298440498,0.008300370155950646
Ela_metadataset,NaiveBayes,0.8,Defaults,Defaults,0.9875074021620979,0.012492597837901827
Ela_metadataset,NaiveBayes,0.8,Tuning,Defaults,0.9991977121892228,0.0008022878107769447
Ela_metadataset,NaiveBayes,0.8,Defaults,Defaults,0.9997819549320928,0.0002180450679055752
Ela_metadataset,NaiveBayes,0.8,Tuning,Defaults,0.9963026771201114,0.003697322879890116
Ela_metadataset,NaiveBayes,0.8,Tuning,Defaults,0.988341522459795,0.011658477540204375
Ela_metadataset,NaiveBayes,0.8,Tuning,Defaults,0.9965623937501128,0.0034376062498887214
Ela_metadataset,NaiveBayes,0.8,Tuning,Defaults,0.9994086958299677,0.0005913041700307542
Ela_metadataset,NaiveBayes,0.8,Tuning,Defaults,0.9990936275611434,0.0009063724388578391
Ela_metadataset,NaiveBayes,0.8,Defaults,Defaults,0.9992709164574058,0.0007290835425955897
Ela_metadataset,NaiveBayes,0.8,Tuning,Defaults,0.9990643455680319,0.0009356544319674254
Ela_metadataset,NaiveBayes,0.8,Defaults,Defaults,0.997929857715189,0.0020701422848102956
Ela_metadataset,NaiveBayes,0.8,Defaults,Defaults,0.9912018136521918,0.008798186347807688
Ela_metadataset,NaiveBayes,0.8,Defaults,Defaults,0.9998969344441091,0.00010306555589215936
Ela_metadataset,NaiveBayes,0.8,Defaults,Defaults,0.9994308108281221,0.000569189171877414
Ela_metadataset,NaiveBayes,0.8,Tuning,Defaults,0.886333406887126,0.11366659311287555
Ela_metadataset,NaiveBayes,0.8,Tuning,Defaults,0.9992599786639692,0.000740021336031252
Ela_metadataset,NaiveBayes,0.8,Tuning,Defaults,0.9999995532421341,4.46757862395303e-07
Ela_metadataset,NaiveBayes,0.8,Defaults,Defaults,0.9877154299899652,0.0122845700100333
Ela_metadataset,NaiveBayes,0.8,Defaults,Tuning,2.4283889816159586e-44,1.0
Ela_metadataset,NaiveBayes,0.8,Defaults,Defaults,0.9989698568101806,0.0010301431898210864
Ela_metadataset,NaiveBayes,0.8,Defaults,Defaults,0.9997860774983471,0.00021392250165317122
Ela_metadataset,NaiveBayes,0.8,Tuning,Defaults,0.999068082075214,0.0009319179247841815
Ela_metadataset,NaiveBayes,0.8,Tuning,Defaults,0.9999981104116333,1.889588362383113e-06
Ela_metadataset,NaiveBayes,0.8,Defaults,Defaults,0.9998479471154511,0.00015205288454728865
Ela_metadataset,NaiveBayes,0.8,Tuning,Defaults,0.999326621972707,0.0006733780272926592
Ela_metadataset,NaiveBayes,0.8,Defaults,Defaults,0.9980177817653428,0.0019822182346556374
Ela_metadataset,NaiveBayes,0.8,Tuning,Defaults,0.940973536124581,0.05902646387541837
Ela_metadataset,NaiveBayes,0.8,Tuning,Defaults,0.993047909443465,0.006952090556533453
Ela_metadataset,NaiveBayes,0.8,Defaults,Defaults,0.9867077695440876,0.013292230455911632
Ela_metadataset,NaiveBayes,0.8,Tuning,Defaults,0.9964159366614498,0.0035840633385512454
Ela_metadataset,NaiveBayes,0.8,Defaults,Defaults,0.9695035567175575,0.03049644328244355
Ela_metadataset,NaiveBayes,0.8,Tuning,Tuning,0.02096511430126543,0.9790348856987324
Ela_metadataset,NaiveBayes,0.8,Tuning,Tuning,0.013413883132114876,0.9865861168678877
Ela_metadataset,NaiveBayes,0.8,Tuning,Defaults,0.9858720098938414,0.014127990106157678
Ela_metadataset,NaiveBayes,0.8,Defaults,Defaults,0.9818148380678239,0.01818516193217731
Ela_metadataset,NaiveBayes,0.8,Tuning,Defaults,0.7627595780911575,0.23724042190884292
Ela_metadataset,NaiveBayes,0.8,Tuning,Tuning,0.18047487305971438,0.8195251269402827
Ela_metadataset,NaiveBayes,0.8,Tuning,Defaults,0.981581486855389,0.01841851314461186
Ela_metadataset,NaiveBayes,0.8,Defaults,Tuning,5.813401493624009e-23,1.0
Ela_metadataset,NaiveBayes,0.8,Tuning,Tuning,6.239212794473905e-31,1.0
Ela_metadataset,NaiveBayes,0.8,Tuning,Defaults,0.9979217527966844,0.0020782472033163517
Ela_metadataset,NaiveBayes,0.8,Tuning,Defaults,0.609576033190212,0.39042396680978747
Ela_metadataset,NaiveBayes,0.8,Tuning,Tuning,0.0014074018900652363,0.998592598109933
Ela_metadataset,NaiveBayes,0.8,Tuning,Defaults,0.999051311448887,0.0009486885511136347
Ela_metadataset,NaiveBayes,0.8,Tuning,Tuning,0.43501570516833876,0.5649842948316633
Ela_metadataset,NaiveBayes,0.8,Tuning,Defaults,0.9621257363223262,0.03787426367767392
Ela_metadataset,NaiveBayes,0.8,Defaults,Defaults,0.996602646450687,0.0033973535493123583
Ela_metadataset,NaiveBayes,0.8,Tuning,Defaults,0.9288457018973698,0.0711542981026288
Ela_metadataset,NaiveBayes,0.8,Tuning,Defaults,0.9849125990133173,0.0150874009866816
Ela_metadataset,NaiveBayes,0.8,Tuning,Defaults,0.9805705741936918,0.019429425806308347
Ela_metadataset,NaiveBayes,0.8,Tuning,Defaults,0.9947673426856228,0.005232657314378667
Ela_metadataset,NaiveBayes,0.8,Tuning,Tuning,1.0037189768425267e-11,0.99999999998996
Ela_metadataset,NaiveBayes,0.8,Tuning,Defaults,0.9996982780969175,0.0003017219030844141
Ela_metadataset,NaiveBayes,0.8,Tuning,Defaults,0.9999999999994174,5.795517365168829e-13
Ela_metadataset,NaiveBayes,0.8,Tuning,Tuning,0.005646970149939605,0.9943530298500636
Ela_metadataset,NaiveBayes,0.8,Defaults,Defaults,0.9999999960010229,3.9989736211102066e-09
Ela_metadataset,NaiveBayes,0.8,Tuning,Tuning,0.01654323262064462,0.9834567673793579
Ela_metadataset,NaiveBayes,0.8,Defaults,Defaults,0.9896829679308707,0.010317032069128932
Ela_metadataset,NaiveBayes,0.8,Tuning,Defaults,0.9177333081274562,0.08226669187254222
Ela_metadataset,NaiveBayes,0.8,Tuning,Defaults,0.9995450868458813,0.0004549131541199751
Ela_metadataset,NaiveBayes,0.8,Tuning,Defaults,0.8968994781677166,0.1031005218322818
Ela_metadataset,NaiveBayes,0.8,Tuning,Tuning,3.6278504390251134e-12,0.9999999999963691
Ela_metadataset,NaiveBayes,0.8,Defaults,Defaults,0.6739115168027169,0.32608848319728156
Ela_metadataset,NaiveBayes,0.8,Defaults,Defaults,0.9984199028483157,0.00158009715168499
Ela_metadataset,NaiveBayes,0.8,Tuning,Defaults,0.9896809956291055,0.010319004370895177
Ela_metadataset,NaiveBayes,0.8,Tuning,Defaults,0.9686484247904734,0.031351575209525626
Ela_metadataset,NaiveBayes,0.8,Tuning,Defaults,0.9986465063797965,0.0013534936202038207
Ela_metadataset,NaiveBayes,0.8,Tuning,Defaults,0.9976149456915332,0.0023850543084680373
Ela_metadataset,NaiveBayes,0.8,Tuning,Defaults,0.9982149693076577,0.0017850306923414623
Ela_metadataset,NaiveBayes,0.8,Tuning,Tuning,2.2460417642144905e-10,0.9999999997753974
Ela_metadataset,NaiveBayes,0.8,Tuning,Defaults,0.9867972035945453,0.013202796405453143
Ela_metadataset,NaiveBayes,0.8,Tuning,Defaults,0.9999630675520254,3.6932447976048683e-05
Ela_metadataset,NaiveBayes,0.8,Defaults,Defaults,0.9922963101483913,0.007703689851608051
Ela_metadataset,NaiveBayes,0.8,Tuning,Defaults,0.9999379139775848,6.208602241481146e-05
Ela_metadataset,NaiveBayes,0.8,Tuning,Defaults,0.9999680354498115,3.1964550189603127e-05
Ela_metadataset,NaiveBayes,0.8,Tuning,Tuning,3.8073913289179613e-07,0.9999996192608706
Ela_metadataset,NaiveBayes,0.8,Tuning,Defaults,0.9993893462763863,0.0006106537236141631
Ela_metadataset,NaiveBayes,0.8,Defaults,Defaults,0.6221019852296382,0.37789801477036505
Ela_metadataset,NaiveBayes,0.8,Tuning,Defaults,0.9073343285823262,0.09266567141767265
Ela_metadataset,NaiveBayes,0.8,Tuning,Defaults,0.8507680725752825,0.1492319274247197
Ela_metadataset,NaiveBayes,0.8,Tuning,Defaults,0.643444078128386,0.3565559218716148
Ela_metadataset,NaiveBayes,0.8,Defaults,Defaults,0.9725571369433438,0.027442863056655203
Ela_metadataset,NaiveBayes,0.8,Tuning,Defaults,0.9720515575411841,0.027948442458814213
Ela_metadataset,NaiveBayes,0.8,Tuning,Defaults,0.9978429117882319,0.0021570882117689376
Ela_metadataset,NaiveBayes,0.8,Tuning,Tuning,0.1078754452168524,0.8921245547831488
Ela_metadataset,NaiveBayes,0.8,Defaults,Defaults,0.9999999351152361,6.488476562940483e-08
Ela_metadataset,NaiveBayes,0.8,Defaults,Defaults,0.9998329637751557,0.0001670362248428993
Ela_metadataset,NaiveBayes,0.8,Tuning,Defaults,0.9999978117016821,2.188298316515048e-06
Ela_metadataset,NaiveBayes,0.8,Tuning,Defaults,0.989093391182463,0.01090660881753857
Ela_metadataset,NaiveBayes,0.8,Tuning,Defaults,0.9999982950586496,1.7049413478872885e-06
Ela_metadataset,NaiveBayes,0.8,Defaults,Defaults,0.8770285147712273,0.12297148522877524
Ela_metadataset,NaiveBayes,0.8,Defaults,Tuning,0.0026183893070395197,0.9973816106929574
Ela_metadataset,NaiveBayes,0.8,Defaults,Defaults,0.9991042662169773,0.0008957337830208613
Ela_metadataset,NaiveBayes,0.8,Tuning,Defaults,0.9834252757432764,0.016574724256725154
Ela_metadataset,NaiveBayes,0.8,Defaults,Tuning,0.0,1.0
Ela_metadataset,NaiveBayes,0.8,Tuning,Defaults,0.9966846433460785,0.003315356653922147
Ela_metadataset,NaiveBayes,0.8,Tuning,Defaults,0.8420283385972549,0.1579716614027436
Ela_metadataset,NaiveBayes,0.8,Defaults,Defaults,0.9968852631498297,0.0031147368501688584
Ela_metadataset,NaiveBayes,0.8,Defaults,Defaults,0.9533463951072835,0.04665360489271569
Ela_metadataset,NaiveBayes,0.8,Tuning,Defaults,0.9738246405193628,0.026175359480635887
Ela_metadataset,NaiveBayes,0.8,Tuning,Defaults,0.9938871384979256,0.006112861502075947
Ela_metadataset,NaiveBayes,0.8,Defaults,Defaults,0.9997552458765716,0.00024475412342734335
Ela_metadataset,NaiveBayes,0.8,Tuning,Tuning,0.49450711412764653,0.5054928858723527
Ela_metadataset,NaiveBayes,0.8,Tuning,Defaults,0.9987178589368002,0.0012821410631988664
Ela_metadataset,NaiveBayes,0.8,Tuning,Defaults,0.9999999999932783,6.722600187703059e-12
Ela_metadataset,NaiveBayes,0.8,Tuning,Defaults,0.998710569785322,0.001289430214677435
Ela_metadataset,NaiveBayes,0.85,Tuning,Defaults,0.9489119569869419,0.05108804301305665
Ela_metadataset,NaiveBayes,0.85,Tuning,Defaults,0.8008795248571318,0.19912047514287096
Ela_metadataset,NaiveBayes,0.85,Defaults,Defaults,0.9999792482577885,2.075174221307683e-05
Ela_metadataset,NaiveBayes,0.85,Tuning,Defaults,0.9813535968304016,0.018646403169599153
Ela_metadataset,NaiveBayes,0.85,Tuning,Defaults,0.9280519678948005,0.071948032105198
Ela_metadataset,NaiveBayes,0.85,Tuning,Defaults,0.9993263322615414,0.0006736677384569764
Ela_metadataset,NaiveBayes,0.85,Tuning,Defaults,0.8964462601179116,0.10355373988208849
Ela_metadataset,NaiveBayes,0.85,Defaults,Defaults,0.9991641393438923,0.000835860656107649
Ela_metadataset,NaiveBayes,0.85,Defaults,Defaults,0.9991782908996576,0.000821709100342005
Ela_metadataset,NaiveBayes,0.85,Tuning,Defaults,0.9982487668033482,0.001751233196651473
Ela_metadataset,NaiveBayes,0.85,Tuning,Defaults,0.984050671903181,0.0159493280968208
Ela_metadataset,NaiveBayes,0.85,Defaults,Defaults,0.9896231604290122,0.01037683957098783
Ela_metadataset,NaiveBayes,0.85,Tuning,Defaults,0.9977966041505749,0.002203395849424462
Ela_metadataset,NaiveBayes,0.85,Tuning,Defaults,0.9997327181147698,0.0002672818852317149
Ela_metadataset,NaiveBayes,0.85,Tuning,Tuning,0.0,1.0
Ela_metadataset,NaiveBayes,0.85,Tuning,Defaults,0.9879016797355931,0.012098320264407625
Ela_metadataset,NaiveBayes,0.85,Defaults,Defaults,0.9999917079532739,8.292046729045502e-06
Ela_metadataset,NaiveBayes,0.85,Tuning,Tuning,0.0841999527894152,0.9158000472105815
Ela_metadataset,NaiveBayes,0.85,Defaults,Defaults,0.999950752270377,4.924772962243496e-05
Ela_metadataset,NaiveBayes,0.85,Tuning,Defaults,0.9999999999991118,8.868321975974496e-13
Ela_metadataset,NaiveBayes,0.85,Tuning,Defaults,0.9975231318614867,0.002476868138515596
Ela_metadataset,NaiveBayes,0.85,Defaults,Defaults,0.999964805119606,3.519488039459476e-05
Ela_metadataset,NaiveBayes,0.85,Tuning,Defaults,0.9999999455723781,5.442761870596613e-08
Ela_metadataset,NaiveBayes,0.85,Tuning,Defaults,0.9989439818229926,0.0010560181770074494
Ela_metadataset,NaiveBayes,0.85,Tuning,Defaults,0.9919051369630163,0.00809486303698315
Ela_metadataset,NaiveBayes,0.85,Tuning,Defaults,0.9960050515640533,0.003994948435948224
Ela_metadataset,NaiveBayes,0.85,Tuning,Defaults,0.9277207133402302,0.07227928665976754
Ela_metadataset,NaiveBayes,0.85,Tuning,Defaults,0.997473430335092,0.0025265696649063585
Ela_metadataset,NaiveBayes,0.85,Tuning,Tuning,0.11679098241241836,0.8832090175875852
Ela_metadataset,NaiveBayes,0.85,Tuning,Defaults,0.9990036446149132,0.0009963553850859896
Ela_metadataset,NaiveBayes,0.85,Tuning,Tuning,8.755373426384637e-09,0.9999999912446214
Ela_metadataset,NaiveBayes,0.85,Tuning,Defaults,0.9677080843968451,0.032291915603155495
Ela_metadataset,NaiveBayes,0.85,Defaults,Defaults,0.9997104795637628,0.0002895204362350106
Ela_metadataset,NaiveBayes,0.85,Defaults,Defaults,0.9999979860577952,2.013942203016352e-06
Ela_metadataset,NaiveBayes,0.85,Tuning,Tuning,0.015268272238161297,0.9847317277618384
Ela_metadataset,NaiveBayes,0.85,Tuning,Defaults,1.0,0.0
Ela_metadataset,NaiveBayes,0.85,Tuning,Defaults,0.8414562897219919,0.15854371027800906
Ela_metadataset,NaiveBayes,0.85,Defaults,Defaults,1.0,2.5139380137665402e-86
Ela_metadataset,NaiveBayes,0.85,Tuning,Defaults,0.9938031069638972,0.006196893036102362
Ela_metadataset,NaiveBayes,0.85,Defaults,Defaults,0.9999735851046795,2.6414895322496302e-05
Ela_metadataset,NaiveBayes,0.85,Tuning,Tuning,0.0048578412152464005,0.9951421587847528
Ela_metadataset,NaiveBayes,0.85,Tuning,Tuning,5.364750990015262e-07,0.9999994635249028
Ela_metadataset,NaiveBayes,0.85,Tuning,Tuning,0.0,1.0
Ela_metadataset,NaiveBayes,0.85,Tuning,Defaults,0.5486851366773533,0.4513148633226444
Ela_metadataset,NaiveBayes,0.85,Tuning,Defaults,0.9481739073766587,0.05182609262333893
Ela_metadataset,NaiveBayes,0.85,Tuning,Defaults,0.9983377050103939,0.001662294989607014
Ela_metadataset,NaiveBayes,0.85,Tuning,Defaults,0.8835218133612158,0.11647818663878183
Ela_metadataset,NaiveBayes,0.85,Tuning,Defaults,0.9957831259137209,0.004216874086281495
Ela_metadataset,NaiveBayes,0.85,Tuning,Defaults,0.998158871987661,0.0018411280123406014
Ela_metadataset,NaiveBayes,0.85,Tuning,Defaults,0.9664125820593771,0.033587417940620104
Ela_metadataset,NaiveBayes,0.85,Defaults,Tuning,5.490487022957995e-13,0.9999999999994458
Ela_metadataset,NaiveBayes,0.85,Tuning,Tuning,0.2430854470732593,0.7569145529267427
Ela_metadataset,NaiveBayes,0.85,Tuning,Tuning,0.000438971653877325,0.9995610283461219
Ela_metadataset,NaiveBayes,0.85,Defaults,Defaults,0.9915255369316127,0.008474463068386787
Ela_metadataset,NaiveBayes,0.85,Tuning,Defaults,0.9780262964784467,0.021973703521556566
Ela_metadataset,NaiveBayes,0.85,Tuning,Defaults,0.7461731249345532,0.25382687506544915
Ela_metadataset,NaiveBayes,0.85,Tuning,Tuning,9.046678336567641e-11,0.9999999999095337
Ela_metadataset,NaiveBayes,0.85,Tuning,Defaults,0.9984880165868726,0.0015119834131289461
Ela_metadataset,NaiveBayes,0.85,Tuning,Tuning,9.50100873047457e-08,0.9999999049899105
Ela_metadataset,NaiveBayes,0.85,Tuning,Tuning,0.0,1.0
Ela_metadataset,NaiveBayes,0.85,Tuning,Defaults,0.9885339579723904,0.011466042027606732
Ela_metadataset,NaiveBayes,0.85,Tuning,Defaults,0.9726421014930182,0.027357898506979738
Ela_metadataset,NaiveBayes,0.85,Tuning,Defaults,0.9819511470050437,0.01804885299495761
Ela_metadataset,NaiveBayes,0.85,Defaults,Defaults,0.9778074643547304,0.02219253564527024
Ela_metadataset,NaiveBayes,0.85,Tuning,Defaults,0.9986161182530945,0.0013838817469040898
Ela_metadataset,NaiveBayes,0.85,Defaults,Defaults,0.9999453216981193,5.4678301882365474e-05
Ela_metadataset,NaiveBayes,0.85,Tuning,Defaults,0.9936264572562884,0.006373542743711013
Ela_metadataset,NaiveBayes,0.85,Tuning,Defaults,0.9670781556218914,0.032921844378111804
Ela_metadataset,NaiveBayes,0.85,Tuning,Defaults,0.9922641365603699,0.007735863439630698
Ela_metadataset,NaiveBayes,0.85,Tuning,Defaults,0.9995467916438671,0.00045320835613269194
Ela_metadataset,NaiveBayes,0.85,Tuning,Defaults,0.9993558109967626,0.0006441890032370877
Ela_metadataset,NaiveBayes,0.85,Defaults,Defaults,0.9994885576381892,0.0005114423618122465
Ela_metadataset,NaiveBayes,0.85,Tuning,Defaults,0.9992215117077972,0.0007784882922034273
Ela_metadataset,NaiveBayes,0.85,Defaults,Defaults,0.997013447065475,0.0029865529345236338
Ela_metadataset,NaiveBayes,0.85,Defaults,Defaults,0.9915932061647548,0.00840679383524261
Ela_metadataset,NaiveBayes,0.85,Defaults,Defaults,0.9998646642564181,0.0001353357435784185
Ela_metadataset,NaiveBayes,0.85,Defaults,Defaults,0.9993504849214322,0.000649515078568533
Ela_metadataset,NaiveBayes,0.85,Tuning,Defaults,0.8704682024939069,0.12953179750609145
Ela_metadataset,NaiveBayes,0.85,Tuning,Defaults,0.9992559817302252,0.0007440182697743693
Ela_metadataset,NaiveBayes,0.85,Tuning,Defaults,0.9999991836460104,8.163539920272849e-07
Ela_metadataset,NaiveBayes,0.85,Defaults,Defaults,0.9966872825649976,0.0033127174350033152
Ela_metadataset,NaiveBayes,0.85,Defaults,Tuning,2.675077589225402e-44,1.0
Ela_metadataset,NaiveBayes,0.85,Defaults,Defaults,0.9983578148066496,0.0016421851933493387
Ela_metadataset,NaiveBayes,0.85,Defaults,Defaults,0.9998256554800329,0.00017434451996815861
Ela_metadataset,NaiveBayes,0.85,Tuning,Defaults,0.9993004470021976,0.0006995529978012187
Ela_metadataset,NaiveBayes,0.85,Tuning,Defaults,0.999999692666795,3.0733320295880255e-07
Ela_metadataset,NaiveBayes,0.85,Defaults,Defaults,0.9998295398649965,0.00017046013500273102
Ela_metadataset,NaiveBayes,0.85,Tuning,Defaults,0.9986428776124799,0.0013571223875196304
Ela_metadataset,NaiveBayes,0.85,Defaults,Defaults,0.9989085340552161,0.0010914659447829164
Ela_metadataset,NaiveBayes,0.85,Tuning,Defaults,0.8546248112377658,0.14537518876223074
Ela_metadataset,NaiveBayes,0.85,Tuning,Defaults,0.9880748383272896,0.011925161672710384
Ela_metadataset,NaiveBayes,0.85,Defaults,Defaults,0.979293393895051,0.020706606104951907
Ela_metadataset,NaiveBayes,0.85,Tuning,Defaults,0.9972854906859365,0.002714509314064456
Ela_metadataset,NaiveBayes,0.85,Defaults,Defaults,0.999978458491186,2.154150881145889e-05
Ela_metadataset,NaiveBayes,0.85,Tuning,Tuning,0.006224621723536189,0.9937753782764672
Ela_metadataset,NaiveBayes,0.85,Tuning,Tuning,0.006021569198844929,0.9939784308011521
Ela_metadataset,NaiveBayes,0.85,Tuning,Defaults,0.970442773116935,0.029557226883066147
Ela_metadataset,NaiveBayes,0.85,Defaults,Defaults,0.9586151936611835,0.04138480633881734
Ela_metadataset,NaiveBayes,0.85,Tuning,Defaults,0.5804509766896447,0.41954902331035454
Ela_metadataset,NaiveBayes,0.85,Tuning,Tuning,0.05469683131153143,0.9453031686884674
Ela_metadataset,NaiveBayes,0.85,Tuning,Defaults,0.9614138892495598,0.038586110750439426
Ela_metadataset,NaiveBayes,0.85,Defaults,Tuning,1.4185913914408842e-23,1.0
Ela_metadataset,NaiveBayes,0.85,Tuning,Tuning,2.4958629930844514e-31,1.0
Ela_metadataset,NaiveBayes,0.85,Tuning,Defaults,0.995513390585484,0.004486609414516654
Ela_metadataset,NaiveBayes,0.85,Tuning,Tuning,0.4495565756722032,0.5504434243277939
Ela_metadataset,NaiveBayes,0.85,Tuning,Tuning,0.00043184435626729233,0.9995681556437332
Ela_metadataset,NaiveBayes,0.85,Tuning,Defaults,0.9982721394278339,0.0017278605721649655
Ela_metadataset,NaiveBayes,0.85,Tuning,Tuning,0.25537792948901306,0.7446220705109835
Ela_metadataset,NaiveBayes,0.85,Tuning,Defaults,0.8977904617634808,0.1022095382365211
Ela_metadataset,NaiveBayes,0.85,Defaults,Defaults,0.9930654784405777,0.0069345215594237095
Ela_metadataset,NaiveBayes,0.85,Tuning,Defaults,0.7590179445322861,0.24098205546771062
Ela_metadataset,NaiveBayes,0.85,Tuning,Defaults,0.9630903507614544,0.03690964923854479
Ela_metadataset,NaiveBayes,0.85,Tuning,Defaults,0.9580916723705779,0.0419083276294236
Ela_metadataset,NaiveBayes,0.85,Tuning,Defaults,0.9931479496493325,0.006852050350666061
Ela_metadataset,NaiveBayes,0.85,Tuning,Tuning,8.070272628276019e-12,0.9999999999919282
Ela_metadataset,NaiveBayes,0.85,Tuning,Defaults,0.9994328302497004,0.0005671697502990771
Ela_metadataset,NaiveBayes,0.85,Tuning,Defaults,0.9999999999995524,4.510594145941548e-13
Ela_metadataset,NaiveBayes,0.85,Tuning,Tuning,0.0019045419690935273,0.998095458030909
Ela_metadataset,NaiveBayes,0.85,Defaults,Defaults,0.9999999999998792,1.2183488921902194e-13
Ela_metadataset,NaiveBayes,0.85,Tuning,Tuning,0.007501986499862803,0.9924980135001344
Ela_metadataset,NaiveBayes,0.85,Defaults,Defaults,0.9775770989900568,0.022422901009941976
Ela_metadataset,NaiveBayes,0.85,Tuning,Defaults,0.9573778852627528,0.04262211473724476
Ela_metadataset,NaiveBayes,0.85,Tuning,Defaults,0.9997907658439599,0.00020923415604186634
Ela_metadataset,NaiveBayes,0.85,Tuning,Defaults,0.8229350405986585,0.17706495940134062
Ela_metadataset,NaiveBayes,0.85,Tuning,Tuning,1.2936225697513082e-12,0.9999999999987068
Ela_metadataset,NaiveBayes,0.85,Defaults,Tuning,0.4865820204307588,0.5134179795692405
Ela_metadataset,NaiveBayes,0.85,Defaults,Defaults,0.9970650592056794,0.002934940794319594
Ela_metadataset,NaiveBayes,0.85,Tuning,Defaults,0.9811111937055673,0.01888880629443179
Ela_metadataset,NaiveBayes,0.85,Tuning,Defaults,0.9524399342517835,0.047560065748213975
Ela_metadataset,NaiveBayes,0.85,Tuning,Defaults,0.9974008564242407,0.0025991435757605763
Ela_metadataset,NaiveBayes,0.85,Tuning,Defaults,0.9954242776721529,0.0045757223278467185
Ela_metadataset,NaiveBayes,0.85,Tuning,Defaults,0.9984678722087242,0.0015321277912758349
Ela_metadataset,NaiveBayes,0.85,Tuning,Tuning,7.598013545042167e-11,0.9999999999240217
Ela_metadataset,NaiveBayes,0.85,Tuning,Defaults,0.9773321182854877,0.02266788171451073
Ela_metadataset,NaiveBayes,0.85,Tuning,Defaults,0.9999824517260175,1.754827398092012e-05
Ela_metadataset,NaiveBayes,0.85,Defaults,Defaults,0.9905049759761695,0.009495024023830028
Ela_metadataset,NaiveBayes,0.85,Tuning,Defaults,0.9999672503303785,3.27496696180696e-05
Ela_metadataset,NaiveBayes,0.85,Tuning,Defaults,0.9999614109415154,3.85890584825077e-05
Ela_metadataset,NaiveBayes,0.85,Tuning,Tuning,2.1689028916624644e-07,0.9999997831097098
Ela_metadataset,NaiveBayes,0.85,Tuning,Defaults,0.9995424917377773,0.0004575082622216173
Ela_metadataset,NaiveBayes,0.85,Defaults,Defaults,0.5309572420387286,0.4690427579612699
Ela_metadataset,NaiveBayes,0.85,Tuning,Defaults,0.891651575711801,0.10834842428820167
Ela_metadataset,NaiveBayes,0.85,Tuning,Defaults,0.7264684202939201,0.2735315797060786
Ela_metadataset,NaiveBayes,0.85,Tuning,Defaults,0.5024573784665873,0.49754262153340906
Ela_metadataset,NaiveBayes,0.85,Defaults,Defaults,0.9577729948361803,0.042227005163821295
Ela_metadataset,NaiveBayes,0.85,Tuning,Defaults,0.9424004374404588,0.057599562559542614
Ela_metadataset,NaiveBayes,0.85,Tuning,Defaults,0.997862854367766,0.0021371456322324682
Ela_metadataset,NaiveBayes,0.85,Tuning,Tuning,0.20327930262197969,0.7967206973780175
Ela_metadataset,NaiveBayes,0.85,Defaults,Defaults,0.9999999995416076,4.583924788693751e-10
Ela_metadataset,NaiveBayes,0.85,Defaults,Defaults,0.9999193600226938,8.063997730772781e-05
Ela_metadataset,NaiveBayes,0.85,Tuning,Defaults,0.9999974463053001,2.5536946998622526e-06
Ela_metadataset,NaiveBayes,0.85,Tuning,Defaults,0.9787145380259429,0.021285461974056865
Ela_metadataset,NaiveBayes,0.85,Tuning,Defaults,0.9999970016960419,2.9983039586826843e-06
Ela_metadataset,NaiveBayes,0.85,Defaults,Defaults,0.8151252539121449,0.18487474608785748
Ela_metadataset,NaiveBayes,0.85,Defaults,Tuning,0.0018531351550822735,0.998146864844911
Ela_metadataset,NaiveBayes,0.85,Defaults,Defaults,0.9983926830720524,0.0016073169279460238
Ela_metadataset,NaiveBayes,0.85,Tuning,Defaults,0.970658269460632,0.02934173053936532
Ela_metadataset,NaiveBayes,0.85,Defaults,Tuning,0.0,1.0
Ela_metadataset,NaiveBayes,0.85,Tuning,Defaults,0.9944102494747502,0.005589750525248673
Ela_metadataset,NaiveBayes,0.85,Tuning,Defaults,0.602655155762769,0.3973448442372312
Ela_metadataset,NaiveBayes,0.85,Defaults,Defaults,0.9973268438992926,0.002673156100708762
Ela_metadataset,NaiveBayes,0.85,Defaults,Defaults,0.9141035855764077,0.08589641442359006
Ela_metadataset,NaiveBayes,0.85,Tuning,Defaults,0.9618293585881159,0.03817064141188477
Ela_metadataset,NaiveBayes,0.85,Tuning,Defaults,0.9881952628360339,0.011804737163963627
Ela_metadataset,NaiveBayes,0.85,Defaults,Defaults,0.9997538541714304,0.00024614582857080547
Ela_metadataset,NaiveBayes,0.85,Tuning,Tuning,0.3178138460420869,0.6821861539579124
Ela_metadataset,NaiveBayes,0.85,Tuning,Defaults,0.9977214413607645,0.0022785586392333333
Ela_metadataset,NaiveBayes,0.85,Tuning,Defaults,0.9999999999991473,8.492734193367742e-13
Ela_metadataset,NaiveBayes,0.85,Tuning,Defaults,0.9952964948830584,0.0047035051169395945
Ela_metadataset,NaiveBayes,0.9,Tuning,Defaults,0.9463830875217324,0.05361691247827046
Ela_metadataset,NaiveBayes,0.9,Tuning,Defaults,0.5484032581249084,0.4515967418750891
Ela_metadataset,NaiveBayes,0.9,Defaults,Defaults,0.9999870652582944,1.2934741707046103e-05
Ela_metadataset,NaiveBayes,0.9,Tuning,Defaults,0.9630861782523259,0.03691382174767374
Ela_metadataset,NaiveBayes,0.9,Tuning,Defaults,0.9239525547004314,0.07604744529956836
Ela_metadataset,NaiveBayes,0.9,Tuning,Defaults,0.9996305633615538,0.0003694366384454093
Ela_metadataset,NaiveBayes,0.9,Tuning,Defaults,0.9403915164468986,0.05960848355310124
Ela_metadataset,NaiveBayes,0.9,Defaults,Defaults,0.9994684106743299,0.0005315893256700267
Ela_metadataset,NaiveBayes,0.9,Defaults,Defaults,0.999344950265483,0.0006550497345183209
Ela_metadataset,NaiveBayes,0.9,Tuning,Defaults,0.9989591663630225,0.0010408336369797982
Ela_metadataset,NaiveBayes,0.9,Tuning,Defaults,0.9892548807721685,0.010745119227831649
Ela_metadataset,NaiveBayes,0.9,Defaults,Defaults,0.9893383365208447,0.01066166347915498
Ela_metadataset,NaiveBayes,0.9,Tuning,Defaults,0.9977638892973497,0.0022361107026511256
Ela_metadataset,NaiveBayes,0.9,Tuning,Defaults,0.9998521118867181,0.00014788811328335103
Ela_metadataset,NaiveBayes,0.9,Tuning,Tuning,0.0,1.0
Ela_metadataset,NaiveBayes,0.9,Tuning,Defaults,0.992204513255066,0.007795486744936755
Ela_metadataset,NaiveBayes,0.9,Defaults,Defaults,0.9999943472298765,5.652770122026792e-06
Ela_metadataset,NaiveBayes,0.9,Tuning,Tuning,0.15984325044623077,0.8401567495537716
Ela_metadataset,NaiveBayes,0.9,Defaults,Defaults,0.9999770002017668,2.299979823429554e-05
Ela_metadataset,NaiveBayes,0.9,Tuning,Defaults,0.9999999999993712,6.270810750457588e-13
Ela_metadataset,NaiveBayes,0.9,Tuning,Defaults,0.9982267610364335,0.00177323896356495
Ela_metadataset,NaiveBayes,0.9,Defaults,Defaults,0.9999804001460206,1.9599853980263125e-05
Ela_metadataset,NaiveBayes,0.9,Tuning,Defaults,0.999999971974987,2.8025011488126613e-08
Ela_metadataset,NaiveBayes,0.9,Tuning,Defaults,0.9994469892256111,0.0005530107743881062
Ela_metadataset,NaiveBayes,0.9,Tuning,Defaults,0.9929448674925461,0.007055132507453727
Ela_metadataset,NaiveBayes,0.9,Tuning,Defaults,0.9978709371032228,0.0021290628967765212
Ela_metadataset,NaiveBayes,0.9,Tuning,Defaults,0.9404453044850752,0.059554695514927154
Ela_metadataset,NaiveBayes,0.9,Tuning,Defaults,0.9984387556273234,0.0015612443726789019
Ela_metadataset,NaiveBayes,0.9,Tuning,Tuning,0.16659235767881014,0.8334076423211928
Ela_metadataset,NaiveBayes,0.9,Tuning,Defaults,0.9991874027072034,0.0008125972927965884
Ela_metadataset,NaiveBayes,0.9,Tuning,Tuning,1.3142821180350617e-08,0.9999999868571764
Ela_metadataset,NaiveBayes,0.9,Tuning,Defaults,0.9751043715560475,0.024895628443955205
Ela_metadataset,NaiveBayes,0.9,Defaults,Defaults,0.9995855061316137,0.00041449386838799947
Ela_metadataset,NaiveBayes,0.9,Defaults,Defaults,0.9999984055795635,1.59442043553342e-06
Ela_metadataset,NaiveBayes,0.9,Tuning,Tuning,0.0037278828796420745,0.9962721171203557
Ela_metadataset,NaiveBayes,0.9,Tuning,Defaults,1.0,0.0
Ela_metadataset,NaiveBayes,0.9,Tuning,Defaults,0.547444567097227,0.4525554329027734
Ela_metadataset,NaiveBayes,0.9,Defaults,Defaults,1.0,1.645024446175541e-86
Ela_metadataset,NaiveBayes,0.9,Tuning,Defaults,0.995781635350759,0.004218364649237507
Ela_metadataset,NaiveBayes,0.9,Defaults,Defaults,0.9999852383925817,1.476160742165615e-05
Ela_metadataset,NaiveBayes,0.9,Tuning,Tuning,0.0011727659983929556,0.998827234001609
Ela_metadataset,NaiveBayes,0.9,Tuning,Tuning,1.5825247489930918e-07,0.9999998417475223
Ela_metadataset,NaiveBayes,0.9,Tuning,Tuning,0.0,1.0
Ela_metadataset,NaiveBayes,0.9,Tuning,Tuning,0.27116587865868014,0.728834121341322
Ela_metadataset,NaiveBayes,0.9,Tuning,Defaults,0.9595546772460497,0.04044532275394772
Ela_metadataset,NaiveBayes,0.9,Tuning,Defaults,0.9988765509870944,0.0011234490129050478
Ela_metadataset,NaiveBayes,0.9,Tuning,Defaults,0.8833653794593144,0.11663462054068771
Ela_metadataset,NaiveBayes,0.9,Tuning,Defaults,0.9969158768391292,0.0030841231608681225
Ela_metadataset,NaiveBayes,0.9,Tuning,Defaults,0.998353270959268,0.0016467290407322416
Ela_metadataset,NaiveBayes,0.9,Tuning,Defaults,0.9035241874776712,0.09647581252232616
Ela_metadataset,NaiveBayes,0.9,Defaults,Tuning,1.1441120579591896e-12,0.9999999999988489
Ela_metadataset,NaiveBayes,0.9,Tuning,Tuning,0.1505388792957329,0.8494611207042642
Ela_metadataset,NaiveBayes,0.9,Tuning,Tuning,0.00021353589123282972,0.9997864641087664
Ela_metadataset,NaiveBayes,0.9,Defaults,Defaults,0.9897211298866385,0.010278870113363215
Ela_metadataset,NaiveBayes,0.9,Tuning,Defaults,0.9642494021181564,0.03575059788184517
Ela_metadataset,NaiveBayes,0.9,Tuning,Defaults,0.6893606762790875,0.310639323720916
Ela_metadataset,NaiveBayes,0.9,Tuning,Tuning,2.6557464055481595e-11,0.9999999999734399
Ela_metadataset,NaiveBayes,0.9,Tuning,Defaults,0.9982744904226544,0.0017255095773459274
Ela_metadataset,NaiveBayes,0.9,Tuning,Tuning,3.1900108620009565e-06,0.9999968099891424
Ela_metadataset,NaiveBayes,0.9,Tuning,Tuning,0.0,1.0
Ela_metadataset,NaiveBayes,0.9,Tuning,Defaults,0.9947461246529982,0.005253875347001072
Ela_metadataset,NaiveBayes,0.9,Tuning,Defaults,0.9691229884984677,0.030877011501534074
Ela_metadataset,NaiveBayes,0.9,Tuning,Defaults,0.9723637685875071,0.02763623141249452
Ela_metadataset,NaiveBayes,0.9,Defaults,Defaults,0.9589689300797608,0.041031069920236855
Ela_metadataset,NaiveBayes,0.9,Tuning,Defaults,0.9976611727059107,0.0023388272940901506
Ela_metadataset,NaiveBayes,0.9,Defaults,Defaults,0.999970097619504,2.9902380494666905e-05
Ela_metadataset,NaiveBayes,0.9,Tuning,Defaults,0.9923202955870254,0.00767970441297617
Ela_metadataset,NaiveBayes,0.9,Tuning,Defaults,0.9704349660968317,0.029565033903165696
Ela_metadataset,NaiveBayes,0.9,Tuning,Defaults,0.991970898170344,0.008029101829656857
Ela_metadataset,NaiveBayes,0.9,Tuning,Defaults,0.9997058991997386,0.0002941008002631451
Ela_metadataset,NaiveBayes,0.9,Tuning,Defaults,0.9994102025116003,0.0005897974883981801
Ela_metadataset,NaiveBayes,0.9,Defaults,Defaults,0.9995781466153898,0.00042185338461127406
Ela_metadataset,NaiveBayes,0.9,Tuning,Defaults,0.9994390412273124,0.0005609587726882329
Ela_metadataset,NaiveBayes,0.9,Defaults,Defaults,0.996529612766413,0.0034703872335853933
Ela_metadataset,NaiveBayes,0.9,Defaults,Defaults,0.991772794881249,0.008227205118750048
Ela_metadataset,NaiveBayes,0.9,Defaults,Defaults,0.999884604684431,0.0001153953155710763
Ela_metadataset,NaiveBayes,0.9,Defaults,Defaults,0.9994993077606114,0.0005006922393873129
Ela_metadataset,NaiveBayes,0.9,Tuning,Defaults,0.8871765632718617,0.11282343672814017
Ela_metadataset,NaiveBayes,0.9,Tuning,Defaults,0.9996259236384161,0.0003740763615842354
Ela_metadataset,NaiveBayes,0.9,Tuning,Defaults,0.999999483088159,5.169118439943277e-07
Ela_metadataset,NaiveBayes,0.9,Defaults,Defaults,0.9980770469039841,0.001922953096018476
Ela_metadataset,NaiveBayes,0.9,Defaults,Tuning,4.806705403211352e-44,1.0
Ela_metadataset,NaiveBayes,0.9,Defaults,Defaults,0.9980294048005764,0.00197059519942378
Ela_metadataset,NaiveBayes,0.9,Defaults,Defaults,0.9998338794737159,0.00016612052628491903
Ela_metadataset,NaiveBayes,0.9,Tuning,Defaults,0.9991125254753944,0.0008874745246050146
Ela_metadataset,NaiveBayes,0.9,Tuning,Defaults,0.999999883758569,1.162414361606381e-07
Ela_metadataset,NaiveBayes,0.9,Defaults,Defaults,0.9998333543268393,0.00016664567316196618
Ela_metadataset,NaiveBayes,0.9,Tuning,Defaults,0.9982630489778931,0.0017369510221035187
Ela_metadataset,NaiveBayes,0.9,Defaults,Defaults,0.9988991931556589,0.0011008068443409918
Ela_metadataset,NaiveBayes,0.9,Tuning,Defaults,0.8344802247581758,0.16551977524182554
Ela_metadataset,NaiveBayes,0.9,Tuning,Defaults,0.9769471711356447,0.023052828864355213
Ela_metadataset,NaiveBayes,0.9,Defaults,Defaults,0.9556299080635838,0.0443700919364152
Ela_metadataset,NaiveBayes,0.9,Tuning,Defaults,0.9981182083123111,0.0018817916876905936
Ela_metadataset,NaiveBayes,0.9,Defaults,Defaults,0.9999885515241766,1.1448475823333244e-05
Ela_metadataset,NaiveBayes,0.9,Tuning,Tuning,0.004170609884371848,0.9958293901156297
Ela_metadataset,NaiveBayes,0.9,Tuning,Tuning,0.001343105105485033,0.9986568948945116
Ela_metadataset,NaiveBayes,0.9,Tuning,Defaults,0.9316951419676172,0.06830485803238445
Ela_metadataset,NaiveBayes,0.9,Defaults,Defaults,0.932169989899469,0.06783001010053226
Ela_metadataset,NaiveBayes,0.9,Tuning,Tuning,0.401987172488034,0.5980128275119682
Ela_metadataset,NaiveBayes,0.9,Tuning,Tuning,0.05634410199233762,0.9436558980076607
Ela_metadataset,NaiveBayes,0.9,Tuning,Defaults,0.9521106846949756,0.04788931530502465
Ela_metadataset,NaiveBayes,0.9,Defaults,Tuning,7.704054331009064e-24,1.0
Ela_metadataset,NaiveBayes,0.9,Tuning,Tuning,7.810410492314179e-32,1.0
Ela_metadataset,NaiveBayes,0.9,Tuning,Defaults,0.9945980089521749,0.005401991047825432
Ela_metadataset,NaiveBayes,0.9,Tuning,Tuning,0.33087301885902937,0.6691269811409727
Ela_metadataset,NaiveBayes,0.9,Tuning,Tuning,0.000293793674636266,0.9997062063253607
Ela_metadataset,NaiveBayes,0.9,Tuning,Defaults,0.9971043050397611,0.00289569496023918
Ela_metadataset,NaiveBayes,0.9,Tuning,Tuning,0.14062736448350077,0.8593726355164998
Ela_metadataset,NaiveBayes,0.9,Tuning,Defaults,0.8529295904393175,0.1470704095606835
Ela_metadataset,NaiveBayes,0.9,Defaults,Defaults,0.9830295347214236,0.0169704652785755
Ela_metadataset,NaiveBayes,0.9,Tuning,Defaults,0.6648930195237353,0.33510698047626264
Ela_metadataset,NaiveBayes,0.9,Tuning,Defaults,0.938365099722847,0.061634900277153674
Ela_metadataset,NaiveBayes,0.9,Tuning,Defaults,0.8966050616975991,0.10339493830240314
Ela_metadataset,NaiveBayes,0.9,Tuning,Defaults,0.993674505698783,0.006325494301214552
Ela_metadataset,NaiveBayes,0.9,Tuning,Tuning,2.5066624321091306e-11,0.999999999974932
Ela_metadataset,NaiveBayes,0.9,Tuning,Defaults,0.9996333998495468,0.00036660015045608755
Ela_metadataset,NaiveBayes,0.9,Tuning,Defaults,0.9999999999996589,3.392863814558321e-13
Ela_metadataset,NaiveBayes,0.9,Tuning,Tuning,0.0019777574459008108,0.9980222425541027
Ela_metadataset,NaiveBayes,0.9,Defaults,Defaults,0.9999999999998863,1.1302491259919069e-13
Ela_metadataset,NaiveBayes,0.9,Tuning,Tuning,0.006209261396981523,0.9937907386030151
Ela_metadataset,NaiveBayes,0.9,Defaults,Defaults,0.9704972276402003,0.029502772359798018
Ela_metadataset,NaiveBayes,0.9,Tuning,Defaults,0.9702844148036077,0.029715585196394553
Ela_metadataset,NaiveBayes,0.9,Tuning,Defaults,0.9998543749047962,0.00014562509520228508
Ela_metadataset,NaiveBayes,0.9,Tuning,Defaults,0.5290930483088283,0.47090695169116975
Ela_metadataset,NaiveBayes,0.9,Tuning,Tuning,6.021552369767292e-13,0.999999999999396
Ela_metadataset,NaiveBayes,0.9,Defaults,Tuning,0.00446926778082057,0.9955307322191725
Ela_metadataset,NaiveBayes,0.9,Defaults,Defaults,0.9949928604482056,0.0050071395517933045
Ela_metadataset,NaiveBayes,0.9,Tuning,Defaults,0.9610987182613615,0.038901281738641554
Ela_metadataset,NaiveBayes,0.9,Tuning,Defaults,0.9233051033599144,0.0766948966400877
Ela_metadataset,NaiveBayes,0.9,Tuning,Defaults,0.9974614000159645,0.0025385999840337996
Ela_metadataset,NaiveBayes,0.9,Tuning,Defaults,0.9919811686537636,0.008018831346237387
Ela_metadataset,NaiveBayes,0.9,Tuning,Defaults,0.9989143153263519,0.0010856846736494415
Ela_metadataset,NaiveBayes,0.9,Tuning,Tuning,5.154359669612761e-11,0.9999999999484572
Ela_metadataset,NaiveBayes,0.9,Tuning,Defaults,0.9610168314669344,0.03898316853306302
Ela_metadataset,NaiveBayes,0.9,Tuning,Defaults,0.999990734432318,9.265567681613824e-06
Ela_metadataset,NaiveBayes,0.9,Defaults,Defaults,0.9894417955692387,0.010558204430761997
Ela_metadataset,NaiveBayes,0.9,Tuning,Defaults,0.9999689166392042,3.108336079549649e-05
Ela_metadataset,NaiveBayes,0.9,Tuning,Defaults,0.9999671879198355,3.2812080165407404e-05
Ela_metadataset,NaiveBayes,0.9,Tuning,Tuning,5.7925525904505876e-08,0.999999942074476
Ela_metadataset,NaiveBayes,0.9,Tuning,Defaults,0.9996926970955496,0.0003073029044508423
Ela_metadataset,NaiveBayes,0.9,Defaults,Tuning,0.1805017026824587,0.8194982973175408
Ela_metadataset,NaiveBayes,0.9,Tuning,Defaults,0.8382619108206658,0.16173808917933633
Ela_metadataset,NaiveBayes,0.9,Tuning,Defaults,0.5670144344929575,0.4329855655070431
Ela_metadataset,NaiveBayes,0.9,Tuning,Tuning,0.3019528537556317,0.6980471462443687
Ela_metadataset,NaiveBayes,0.9,Defaults,Defaults,0.957573094804212,0.042426905195786555
Ela_metadataset,NaiveBayes,0.9,Tuning,Defaults,0.8860980214458897,0.11390197855410744
Ela_metadataset,NaiveBayes,0.9,Tuning,Defaults,0.9980487011810522,0.0019512988189461403
Ela_metadataset,NaiveBayes,0.9,Tuning,Tuning,0.361109744249958,0.6388902557500428
Ela_metadataset,NaiveBayes,0.9,Defaults,Defaults,0.9999999996792397,3.2075726783795075e-10
Ela_metadataset,NaiveBayes,0.9,Defaults,Defaults,0.9999625871347687,3.7412865230828885e-05
Ela_metadataset,NaiveBayes,0.9,Tuning,Defaults,0.99999756254983,2.4374501691196323e-06
Ela_metadataset,NaiveBayes,0.9,Tuning,Defaults,0.9871870317190174,0.012812968280984017
Ela_metadataset,NaiveBayes,0.9,Tuning,Defaults,0.9999984980862687,1.5019137318229708e-06
Ela_metadataset,NaiveBayes,0.9,Defaults,Defaults,0.8126377994533381,0.18736220054666047
Ela_metadataset,NaiveBayes,0.9,Defaults,Tuning,0.0030046885876333657,0.9969953114123681
Ela_metadataset,NaiveBayes,0.9,Defaults,Defaults,0.9985178482566802,0.0014821517433206558
Ela_metadataset,NaiveBayes,0.9,Tuning,Defaults,0.9569614832041677,0.043038516795833474
Ela_metadataset,NaiveBayes,0.9,Defaults,Tuning,0.0,1.0
Ela_metadataset,NaiveBayes,0.9,Tuning,Defaults,0.9932821878177135,0.006717812182287541
Ela_metadataset,NaiveBayes,0.9,Tuning,Defaults,0.5826958616717217,0.41730413832827845
Ela_metadataset,NaiveBayes,0.9,Defaults,Defaults,0.9984712502569482,0.001528749743052418
Ela_metadataset,NaiveBayes,0.9,Defaults,Defaults,0.7755929995437013,0.22440700045630105
Ela_metadataset,NaiveBayes,0.9,Tuning,Defaults,0.9646761246954784,0.03532387530452273
Ela_metadataset,NaiveBayes,0.9,Tuning,Defaults,0.980517205963492,0.019482794036508783
Ela_metadataset,NaiveBayes,0.9,Defaults,Defaults,0.9998227106590489,0.00017728934095093105
Ela_metadataset,NaiveBayes,0.9,Tuning,Tuning,0.3086875836447758,0.691312416355221
Ela_metadataset,NaiveBayes,0.9,Tuning,Defaults,0.9983989869306422,0.0016010130693554416
Ela_metadataset,NaiveBayes,0.9,Tuning,Defaults,0.9999999999995737,4.2044199602116216e-13
Ela_metadataset,NaiveBayes,0.9,Tuning,Defaults,0.992407190934145,0.007592809065854361
Ela_metadataset,NaiveBayes,0.95,Tuning,Defaults,0.9616529656175861,0.03834703438241158
Ela_metadataset,NaiveBayes,0.95,Tuning,Defaults,0.5058690300499664,0.4941309699500351
Ela_metadataset,NaiveBayes,0.95,Defaults,Defaults,0.9999948843001333,5.1156998673712796e-06
Ela_metadataset,NaiveBayes,0.95,Tuning,Defaults,0.9864700711889574,0.013529928811040145
Ela_metadataset,NaiveBayes,0.95,Tuning,Defaults,0.9587341235019248,0.041265876498077635
Ela_metadataset,NaiveBayes,0.95,Tuning,Defaults,0.9998572575424902,0.00014274245750917877
Ela_metadataset,NaiveBayes,0.95,Tuning,Defaults,0.9626196213014727,0.037380378698530864
Ela_metadataset,NaiveBayes,0.95,Defaults,Defaults,0.9997951305769052,0.00020486942309435615
Ela_metadataset,NaiveBayes,0.95,Defaults,Defaults,0.9997239026781025,0.00027609732189813775
Ela_metadataset,NaiveBayes,0.95,Tuning,Defaults,0.9994386111512182,0.0005613888487822332
Ela_metadataset,NaiveBayes,0.95,Tuning,Defaults,0.9957557609406593,0.004244239059343883
Ela_metadataset,NaiveBayes,0.95,Defaults,Defaults,0.9966625995666311,0.00333740043337134
Ela_metadataset,NaiveBayes,0.95,Tuning,Defaults,0.9990299769767855,0.0009700230232146191
Ela_metadataset,NaiveBayes,0.95,Tuning,Defaults,0.9999501885349422,4.9811465060171296e-05
Ela_metadataset,NaiveBayes,0.95,Tuning,Tuning,0.0,1.0
Ela_metadataset,NaiveBayes,0.95,Tuning,Defaults,0.9964810737831574,0.0035189262168411786
Ela_metadataset,NaiveBayes,0.95,Defaults,Defaults,0.9999754530417179,2.454695828027839e-05
Ela_metadataset,NaiveBayes,0.95,Tuning,Tuning,0.08868780916858406,0.9113121908314178
Ela_metadataset,NaiveBayes,0.95,Defaults,Defaults,0.9999849603956139,1.5039604383935275e-05
Ela_metadataset,NaiveBayes,0.95,Tuning,Defaults,0.9999999999993605,6.379622231516436e-13
Ela_metadataset,NaiveBayes,0.95,Tuning,Defaults,0.9982218545248286,0.0017781454751737414
Ela_metadataset,NaiveBayes,0.95,Defaults,Defaults,0.9999880292224211,1.1970777582174228e-05
Ela_metadataset,NaiveBayes,0.95,Tuning,Defaults,0.9999998655811614,1.344188403513259e-07
Ela_metadataset,NaiveBayes,0.95,Tuning,Defaults,0.999760378927173,0.00023962107282906686
Ela_metadataset,NaiveBayes,0.95,Tuning,Defaults,0.9965574675517989,0.003442532448201448
Ela_metadataset,NaiveBayes,0.95,Tuning,Defaults,0.9992032268661296,0.0007967731338692482
Ela_metadataset,NaiveBayes,0.95,Tuning,Defaults,0.9696849886841123,0.030315011315890754
Ela_metadataset,NaiveBayes,0.95,Tuning,Defaults,0.9991373176674481,0.0008626823325489837
Ela_metadataset,NaiveBayes,0.95,Tuning,Tuning,0.20453361366931558,0.7954663863306867
Ela_metadataset,NaiveBayes,0.95,Tuning,Defaults,0.9997242928230505,0.00027570717695053185
Ela_metadataset,NaiveBayes,0.95,Tuning,Tuning,5.622038378969988e-09,0.9999999943779585
Ela_metadataset,NaiveBayes,0.95,Tuning,Defaults,0.9876178243811181,0.012382175618881554
Ela_metadataset,NaiveBayes,0.95,Defaults,Defaults,0.9998088070426232,0.00019119295738018722
Ela_metadataset,NaiveBayes,0.95,Defaults,Defaults,0.9999994867089551,5.132910461803159e-07
Ela_metadataset,NaiveBayes,0.95,Tuning,Tuning,0.00047641140474320953,0.9995235885952553
Ela_metadataset,NaiveBayes,0.95,Tuning,Defaults,1.0,0.0
Ela_metadataset,NaiveBayes,0.95,Tuning,Tuning,0.43071556396941824,0.5692844360305822
Ela_metadataset,NaiveBayes,0.95,Defaults,Defaults,1.0,3.1003286158351113e-86
Ela_metadataset,NaiveBayes,0.95,Tuning,Defaults,0.9971235874728767,0.0028764125271206684
Ela_metadataset,NaiveBayes,0.95,Defaults,Defaults,0.9999758952503629,2.4104749636003586e-05
Ela_metadataset,NaiveBayes,0.95,Tuning,Tuning,0.001151657021634782,0.9988483429783632
Ela_metadataset,NaiveBayes,0.95,Tuning,Tuning,4.1001635119323545e-09,0.9999999958998345
Ela_metadataset,NaiveBayes,0.95,Tuning,Tuning,0.0,1.0
Ela_metadataset,NaiveBayes,0.95,Tuning,Tuning,0.14369583875280456,0.8563041612471959
Ela_metadataset,NaiveBayes,0.95,Tuning,Defaults,0.5354937667512216,0.46450623324877677
Ela_metadataset,NaiveBayes,0.95,Tuning,Defaults,0.9993744755935112,0.0006255244064902823
Ela_metadataset,NaiveBayes,0.95,Tuning,Defaults,0.963719121231511,0.03628087876849154
Ela_metadataset,NaiveBayes,0.95,Tuning,Defaults,0.9989568583225269,0.0010431416774734795
Ela_metadataset,NaiveBayes,0.95,Tuning,Defaults,0.999328799889466,0.0006712001105371296
Ela_metadataset,NaiveBayes,0.95,Tuning,Defaults,0.8102748214526935,0.18972517854730986
Ela_metadataset,NaiveBayes,0.95,Defaults,Tuning,6.664812841614168e-14,0.999999999999929
Ela_metadataset,NaiveBayes,0.95,Tuning,Tuning,0.009309324026387449,0.9906906759736113
Ela_metadataset,NaiveBayes,0.95,Tuning,Tuning,3.19378197277125e-06,0.9999968062180271
Ela_metadataset,NaiveBayes,0.95,Defaults,Defaults,0.988536141464677,0.01146385853532134
Ela_metadataset,NaiveBayes,0.95,Tuning,Defaults,0.9840341033982806,0.015965896601722186
Ela_metadataset,NaiveBayes,0.95,Tuning,Defaults,0.8375218202865002,0.16247817971350273
Ela_metadataset,NaiveBayes,0.95,Tuning,Tuning,8.555505920056947e-13,0.9999999999991473
Ela_metadataset,NaiveBayes,0.95,Tuning,Defaults,0.9994276506425643,0.0005723493574345677
Ela_metadataset,NaiveBayes,0.95,Tuning,Tuning,1.702932058287784e-07,0.999999829706795
Ela_metadataset,NaiveBayes,0.95,Tuning,Tuning,0.0,1.0
Ela_metadataset,NaiveBayes,0.95,Tuning,Defaults,0.98647726393763,0.013522736062371015
Ela_metadataset,NaiveBayes,0.95,Tuning,Defaults,0.9640414915635911,0.03595850843641164
Ela_metadataset,NaiveBayes,0.95,Tuning,Defaults,0.984638012944184,0.015361987055816057
Ela_metadataset,NaiveBayes,0.95,Defaults,Defaults,0.9845545413250033,0.015445458674994328
Ela_metadataset,NaiveBayes,0.95,Tuning,Defaults,0.998731618952226,0.0012683810477742904
Ela_metadataset,NaiveBayes,0.95,Defaults,Defaults,0.9999889852201603,1.101477984076182e-05
Ela_metadataset,NaiveBayes,0.95,Tuning,Defaults,0.9946247056684385,0.005375294331557975
Ela_metadataset,NaiveBayes,0.95,Tuning,Defaults,0.9399688630605533,0.060031136939444465
Ela_metadataset,NaiveBayes,0.95,Tuning,Defaults,0.9963760605817631,0.003623939418239148
Ela_metadataset,NaiveBayes,0.95,Tuning,Defaults,0.9998981084807824,0.00010189151921763237
Ela_metadataset,NaiveBayes,0.95,Tuning,Defaults,0.9997933551174022,0.0002066448825960817
Ela_metadataset,NaiveBayes,0.95,Defaults,Defaults,0.9998435361289205,0.00015646387108064975
Ela_metadataset,NaiveBayes,0.95,Tuning,Defaults,0.9997303544328566,0.00026964556714584407
Ela_metadataset,NaiveBayes,0.95,Defaults,Defaults,0.9986066608661706,0.0013933391338289995
Ela_metadataset,NaiveBayes,0.95,Defaults,Defaults,0.9966996286537338,0.0033003713462692614
Ela_metadataset,NaiveBayes,0.95,Defaults,Defaults,0.9999486894148396,5.131058516091031e-05
Ela_metadataset,NaiveBayes,0.95,Defaults,Defaults,0.9998259155330699,0.00017408446693166116
Ela_metadataset,NaiveBayes,0.95,Tuning,Defaults,0.8825301837036502,0.11746981629634728
Ela_metadataset,NaiveBayes,0.95,Tuning,Defaults,0.9995495758838606,0.00045042411613821
Ela_metadataset,NaiveBayes,0.95,Tuning,Defaults,0.9999996009746198,3.990253767564288e-07
Ela_metadataset,NaiveBayes,0.95,Defaults,Defaults,0.9790655776465522,0.020934422353443758
Ela_metadataset,NaiveBayes,0.95,Defaults,Tuning,4.305228261574216e-44,1.0
Ela_metadataset,NaiveBayes,0.95,Defaults,Defaults,0.9994010597445672,0.0005989402554306504
Ela_metadataset,NaiveBayes,0.95,Defaults,Defaults,0.9999442227921813,5.5777207817376695e-05
Ela_metadataset,NaiveBayes,0.95,Tuning,Defaults,0.9996919739131567,0.0003080260868435118
Ela_metadataset,NaiveBayes,0.95,Tuning,Defaults,0.9999997509621633,2.490378427937391e-07
Ela_metadataset,NaiveBayes,0.95,Defaults,Defaults,0.9999248024603842,7.519753961484114e-05
Ela_metadataset,NaiveBayes,0.95,Tuning,Defaults,0.9992696520588856,0.00073034794111245
Ela_metadataset,NaiveBayes,0.95,Defaults,Defaults,0.9996266711135903,0.0003733288864079192
Ela_metadataset,NaiveBayes,0.95,Tuning,Defaults,0.5950904673403988,0.404909532659604
Ela_metadataset,NaiveBayes,0.95,Tuning,Defaults,0.9942785181648848,0.005721481835112013
Ela_metadataset,NaiveBayes,0.95,Defaults,Defaults,0.984319205660437,0.01568079433956096
Ela_metadataset,NaiveBayes,0.95,Tuning,Defaults,0.9993314531157619,0.0006685468842353794
Ela_metadataset,NaiveBayes,0.95,Defaults,Defaults,0.999985116713288,1.4883286710016305e-05
Ela_metadataset,NaiveBayes,0.95,Tuning,Tuning,0.00020743060758778657,0.9997925693924108
Ela_metadataset,NaiveBayes,0.95,Tuning,Tuning,0.00028298857266100626,0.9997170114273403
Ela_metadataset,NaiveBayes,0.95,Tuning,Defaults,0.9803216109469259,0.01967838905307628
Ela_metadataset,NaiveBayes,0.95,Defaults,Defaults,0.9441513311398546,0.05584866886014401
Ela_metadataset,NaiveBayes,0.95,Tuning,Tuning,0.3119551127732426,0.6880448872267544
Ela_metadataset,NaiveBayes,0.95,Tuning,Tuning,0.0007298809380987002,0.9992701190618999
Ela_metadataset,NaiveBayes,0.95,Tuning,Defaults,0.9700086583605492,0.02999134163945082
Ela_metadataset,NaiveBayes,0.95,Defaults,Tuning,2.6300221998977626e-26,1.0
Ela_metadataset,NaiveBayes,0.95,Tuning,Tuning,2.0038129543053432e-32,1.0
Ela_metadataset,NaiveBayes,0.95,Tuning,Defaults,0.9969251828138507,0.0030748171861468064
Ela_metadataset,NaiveBayes,0.95,Tuning,Tuning,0.37829258555153283,0.621707414448467
Ela_metadataset,NaiveBayes,0.95,Tuning,Tuning,1.389762865614256e-05,0.999986102371341
Ela_metadataset,NaiveBayes,0.95,Tuning,Defaults,0.9987891550448771,0.0012108449551256186
Ela_metadataset,NaiveBayes,0.95,Tuning,Tuning,0.08685716375214958,0.9131428362478472
Ela_metadataset,NaiveBayes,0.95,Tuning,Defaults,0.6118533724392858,0.3881466275607109
Ela_metadataset,NaiveBayes,0.95,Defaults,Defaults,0.9932281037491069,0.006771896250890465
Ela_metadataset,NaiveBayes,0.95,Tuning,Tuning,0.01905793103282847,0.9809420689671732
Ela_metadataset,NaiveBayes,0.95,Tuning,Defaults,0.899220891128474,0.10077910887152272
Ela_metadataset,NaiveBayes,0.95,Tuning,Defaults,0.9464170101661245,0.05358298983387388
Ela_metadataset,NaiveBayes,0.95,Tuning,Defaults,0.9976475549287458,0.0023524450712536916
Ela_metadataset,NaiveBayes,0.95,Tuning,Tuning,2.9258191734846745e-11,0.9999999999707399
Ela_metadataset,NaiveBayes,0.95,Tuning,Defaults,0.9998742544903377,0.00012574550966193055
Ela_metadataset,NaiveBayes,0.95,Tuning,Defaults,0.9999999999989342,1.0682934072765106e-12
Ela_metadataset,NaiveBayes,0.95,Tuning,Tuning,2.2587854148931866e-06,0.9999977412145784
Ela_metadataset,NaiveBayes,0.95,Defaults,Defaults,0.9999999999998792,1.2248484533860624e-13
Ela_metadataset,NaiveBayes,0.95,Tuning,Tuning,0.0038225411136335696,0.9961774588863673
Ela_metadataset,NaiveBayes,0.95,Defaults,Defaults,0.9887819793195055,0.011218020680491578
Ela_metadataset,NaiveBayes,0.95,Tuning,Defaults,0.9793163810018546,0.02068361899814284
Ela_metadataset,NaiveBayes,0.95,Tuning,Defaults,0.9999478049591617,5.219504083568356e-05
Ela_metadataset,NaiveBayes,0.95,Tuning,Defaults,0.6199862344836492,0.38001376551635135
Ela_metadataset,NaiveBayes,0.95,Tuning,Tuning,2.6894013345928263e-15,1.0
Ela_metadataset,NaiveBayes,0.95,Defaults,Tuning,0.00016620336394056198,0.9998337966360573
Ela_metadataset,NaiveBayes,0.95,Defaults,Defaults,0.9984544187427287,0.0015455812572720197
Ela_metadataset,NaiveBayes,0.95,Tuning,Defaults,0.9847588038618028,0.015241196138197272
Ela_metadataset,NaiveBayes,0.95,Tuning,Defaults,0.9110416725517965,0.08895832744820407
Ela_metadataset,NaiveBayes,0.95,Tuning,Defaults,0.9975055667177773,0.002494433282223014
Ela_metadataset,NaiveBayes,0.95,Tuning,Defaults,0.9921199274809271,0.007880072519070493
Ela_metadataset,NaiveBayes,0.95,Tuning,Defaults,0.9994890927115676,0.0005109072884356972
Ela_metadataset,NaiveBayes,0.95,Tuning,Tuning,1.4353095066251496e-13,0.9999999999998579
Ela_metadataset,NaiveBayes,0.95,Tuning,Defaults,0.9704189229802399,0.029581077019763556
Ela_metadataset,NaiveBayes,0.95,Tuning,Defaults,0.9999942680475797,5.731952418604012e-06
Ela_metadataset,NaiveBayes,0.95,Defaults,Defaults,0.9954433692653818,0.0045566307346156815
Ela_metadataset,NaiveBayes,0.95,Tuning,Defaults,0.9997626781437808,0.00023732185621579805
Ela_metadataset,NaiveBayes,0.95,Tuning,Defaults,0.9999905642912321,9.435708767021279e-06
Ela_metadataset,NaiveBayes,0.95,Tuning,Tuning,2.9679626815368283e-08,0.9999999703203746
Ela_metadataset,NaiveBayes,0.95,Tuning,Defaults,0.9998747997290368,0.00012520027096347413
Ela_metadataset,NaiveBayes,0.95,Defaults,Tuning,0.08270847524185598,0.9172915247581453
Ela_metadataset,NaiveBayes,0.95,Tuning,Defaults,0.9317367066002686,0.06826329339973033
Ela_metadataset,NaiveBayes,0.95,Tuning,Tuning,0.3408622392730419,0.6591377607269575
Ela_metadataset,NaiveBayes,0.95,Tuning,Tuning,0.2927689940722893,0.7072310059277097
Ela_metadataset,NaiveBayes,0.95,Defaults,Defaults,0.9737611661341836,0.02623883386581871
Ela_metadataset,NaiveBayes,0.95,Tuning,Defaults,0.9243053177924939,0.07569468220750541
Ela_metadataset,NaiveBayes,0.95,Tuning,Defaults,0.9994187531325684,0.0005812468674337174
Ela_metadataset,NaiveBayes,0.95,Tuning,Tuning,0.44715725487910946,0.5528427451208927
Ela_metadataset,NaiveBayes,0.95,Defaults,Defaults,0.9999999917339721,8.266028743310484e-09
Ela_metadataset,NaiveBayes,0.95,Defaults,Defaults,0.9999861793414005,1.3820658596775973e-05
Ela_metadataset,NaiveBayes,0.95,Tuning,Defaults,0.9999829623658338,1.7037634167824536e-05
Ela_metadataset,NaiveBayes,0.95,Tuning,Defaults,0.995538953431462,0.004461046568535943
Ela_metadataset,NaiveBayes,0.95,Tuning,Defaults,0.999986854144707,1.3145855290076813e-05
Ela_metadataset,NaiveBayes,0.95,Defaults,Defaults,0.9065530794415632,0.09344692055843555
Ela_metadataset,NaiveBayes,0.95,Defaults,Tuning,0.0003684400085446811,0.9996315599914571
Ela_metadataset,NaiveBayes,0.95,Defaults,Defaults,0.9995415491425147,0.00045845085748355454
Ela_metadataset,NaiveBayes,0.95,Tuning,Defaults,0.9578712381939297,0.042128761806066894
Ela_metadataset,NaiveBayes,0.95,Defaults,Tuning,0.0,1.0
Ela_metadataset,NaiveBayes,0.95,Tuning,Defaults,0.9964707545485968,0.003529245451402798
Ela_metadataset,NaiveBayes,0.95,Tuning,Tuning,0.1043524798865602,0.8956475201134385
Ela_metadataset,NaiveBayes,0.95,Defaults,Defaults,0.9994485280525022,0.0005514719474978665
Ela_metadataset,NaiveBayes,0.95,Defaults,Defaults,0.8978881664573786,0.10211183354261809
Ela_metadataset,NaiveBayes,0.95,Tuning,Defaults,0.9859978818193619,0.014002118180638191
Ela_metadataset,NaiveBayes,0.95,Tuning,Defaults,0.9854551221444859,0.014544877855513129
Ela_metadataset,NaiveBayes,0.95,Defaults,Defaults,0.9932861597778964,0.006713840222106281
Ela_metadataset,NaiveBayes,0.95,Tuning,Defaults,0.5428364057269263,0.45716359427307246
Ela_metadataset,NaiveBayes,0.95,Tuning,Defaults,0.9988730034014678,0.0011269965985324106
Ela_metadataset,NaiveBayes,0.95,Tuning,Defaults,0.9999999999943014,5.700825189059376e-12
Ela_metadataset,NaiveBayes,0.95,Tuning,Defaults,0.8293257746325876,0.17067422536741125
Ela_metadataset,LogisticRegression,0.8,Tuning,Tuning,0.46758137623336615,0.5324186237666338
Ela_metadataset,LogisticRegression,0.8,Tuning,Tuning,0.08495346248435165,0.9150465375156484
Ela_metadataset,LogisticRegression,0.8,Defaults,Defaults,0.8542374533117058,0.14576254668829425
Ela_metadataset,LogisticRegression,0.8,Tuning,Tuning,0.10162701620558989,0.8983729837944101
Ela_metadataset,LogisticRegression,0.8,Tuning,Tuning,0.008035607842588943,0.9919643921574111
Ela_metadataset,LogisticRegression,0.8,Tuning,Tuning,0.2900059702308082,0.7099940297691918
Ela_metadataset,LogisticRegression,0.8,Tuning,Tuning,0.01451418618788447,0.9854858138121155
Ela_metadataset,LogisticRegression,0.8,Defaults,Tuning,0.2895527009840202,0.7104472990159798
Ela_metadataset,LogisticRegression,0.8,Defaults,Defaults,0.5628873857680583,0.4371126142319417
Ela_metadataset,LogisticRegression,0.8,Tuning,Tuning,0.14404315047807592,0.8559568495219241
Ela_metadataset,LogisticRegression,0.8,Tuning,Tuning,0.03396629191574507,0.9660337080842549
Ela_metadataset,LogisticRegression,0.8,Defaults,Tuning,0.31110356044062093,0.6888964395593791
Ela_metadataset,LogisticRegression,0.8,Tuning,Tuning,0.19811670184633545,0.8018832981536645
Ela_metadataset,LogisticRegression,0.8,Tuning,Defaults,0.6408498558195888,0.3591501441804112
Ela_metadataset,LogisticRegression,0.8,Tuning,Tuning,2.2310199866426572e-06,0.9999977689800134
Ela_metadataset,LogisticRegression,0.8,Tuning,Tuning,0.022753987741814585,0.9772460122581854
Ela_metadataset,LogisticRegression,0.8,Defaults,Defaults,0.8079631650627725,0.19203683493722748
Ela_metadataset,LogisticRegression,0.8,Tuning,Tuning,0.003024602720512415,0.9969753972794876
Ela_metadataset,LogisticRegression,0.8,Defaults,Tuning,0.4612589688586839,0.5387410311413161
Ela_metadataset,LogisticRegression,0.8,Tuning,Defaults,0.9393156011615902,0.06068439883840987
Ela_metadataset,LogisticRegression,0.8,Tuning,Tuning,0.46316707872513596,0.536832921274864
Ela_metadataset,LogisticRegression,0.8,Defaults,Defaults,0.5973401165387531,0.40265988346124687
Ela_metadataset,LogisticRegression,0.8,Tuning,Tuning,0.49404859507898435,0.5059514049210156
Ela_metadataset,LogisticRegression,0.8,Tuning,Tuning,0.06653274317383906,0.9334672568261609
Ela_metadataset,LogisticRegression,0.8,Tuning,Tuning,0.05624078977137403,0.943759210228626
Ela_metadataset,LogisticRegression,0.8,Tuning,Tuning,0.06682152417613263,0.9331784758238674
Ela_metadataset,LogisticRegression,0.8,Tuning,Tuning,0.024613069002810017,0.97538693099719
Ela_metadataset,LogisticRegression,0.8,Tuning,Tuning,0.04805162728772916,0.9519483727122708
Ela_metadataset,LogisticRegression,0.8,Tuning,Tuning,0.006762706680041308,0.9932372933199587
Ela_metadataset,LogisticRegression,0.8,Tuning,Tuning,0.0754086291241165,0.9245913708758835
Ela_metadataset,LogisticRegression,0.8,Tuning,Tuning,6.741832517276336e-05,0.9999325816748272
Ela_metadataset,LogisticRegression,0.8,Tuning,Tuning,0.03403326027460074,0.9659667397253993
Ela_metadataset,LogisticRegression,0.8,Defaults,Defaults,0.8916636083090909,0.1083363916909091
Ela_metadataset,LogisticRegression,0.8,Defaults,Defaults,0.7590219512395776,0.24097804876042236
Ela_metadataset,LogisticRegression,0.8,Tuning,Tuning,0.023289530376620404,0.9767104696233796
Ela_metadataset,LogisticRegression,0.8,Tuning,Tuning,0.08313894609478867,0.9168610539052113
Ela_metadataset,LogisticRegression,0.8,Tuning,Tuning,0.14377002533957173,0.8562299746604283
Ela_metadataset,LogisticRegression,0.8,Defaults,Tuning,0.0013271766024196552,0.9986728233975803
Ela_metadataset,LogisticRegression,0.8,Tuning,Tuning,0.06690943754849543,0.9330905624515046
Ela_metadataset,LogisticRegression,0.8,Defaults,Tuning,0.47692630687641235,0.5230736931235876
Ela_metadataset,LogisticRegression,0.8,Tuning,Tuning,0.021022639908201746,0.9789773600917983
Ela_metadataset,LogisticRegression,0.8,Tuning,Tuning,0.00011813913196989656,0.9998818608680301
Ela_metadataset,LogisticRegression,0.8,Tuning,Tuning,0.0036515985701426334,0.9963484014298574
Ela_metadataset,LogisticRegression,0.8,Tuning,Tuning,0.03663249615502895,0.963367503844971
Ela_metadataset,LogisticRegression,0.8,Tuning,Tuning,0.015943249737038978,0.984056750262961
Ela_metadataset,LogisticRegression,0.8,Tuning,Tuning,0.16437198345136894,0.8356280165486311
Ela_metadataset,LogisticRegression,0.8,Tuning,Tuning,0.30473133344669145,0.6952686665533085
Ela_metadataset,LogisticRegression,0.8,Tuning,Tuning,0.17101284917607273,0.8289871508239273
Ela_metadataset,LogisticRegression,0.8,Tuning,Tuning,0.4633123239902591,0.5366876760097409
Ela_metadataset,LogisticRegression,0.8,Tuning,Tuning,0.06231627870915668,0.9376837212908433
Ela_metadataset,LogisticRegression,0.8,Defaults,Defaults,0.720781973969449,0.27921802603055107
Ela_metadataset,LogisticRegression,0.8,Tuning,Tuning,0.14069442133114973,0.8593055786688503
Ela_metadataset,LogisticRegression,0.8,Tuning,Tuning,0.012103926751031113,0.9878960732489689
Ela_metadataset,LogisticRegression,0.8,Defaults,Tuning,0.15571350874280587,0.8442864912571941
Ela_metadataset,LogisticRegression,0.8,Tuning,Tuning,0.24826777569814584,0.7517322243018542
Ela_metadataset,LogisticRegression,0.8,Tuning,Defaults,0.5596612307397091,0.4403387692602909
Ela_metadataset,LogisticRegression,0.8,Tuning,Tuning,0.005671661226131941,0.9943283387738681
Ela_metadataset,LogisticRegression,0.8,Tuning,Tuning,0.3952344903187023,0.6047655096812977
Ela_metadataset,LogisticRegression,0.8,Tuning,Tuning,0.044904456276007254,0.9550955437239927
Ela_metadataset,LogisticRegression,0.8,Tuning,Tuning,0.022490475223690076,0.9775095247763099
Ela_metadataset,LogisticRegression,0.8,Tuning,Tuning,0.1137673012142062,0.8862326987857938
Ela_metadataset,LogisticRegression,0.8,Tuning,Defaults,0.5380574862458019,0.4619425137541982
Ela_metadataset,LogisticRegression,0.8,Tuning,Tuning,0.2378037715864083,0.7621962284135917
Ela_metadataset,LogisticRegression,0.8,Defaults,Defaults,0.5995952869729801,0.4004047130270198
Ela_metadataset,LogisticRegression,0.8,Tuning,Tuning,0.46134290601160743,0.5386570939883926
Ela_metadataset,LogisticRegression,0.8,Defaults,Defaults,0.7684223101194663,0.2315776898805338
Ela_metadataset,LogisticRegression,0.8,Tuning,Tuning,0.1916524614740358,0.8083475385259642
Ela_metadataset,LogisticRegression,0.8,Tuning,Tuning,0.04620191519737327,0.9537980848026267
Ela_metadataset,LogisticRegression,0.8,Tuning,Tuning,0.37183182129333336,0.6281681787066666
Ela_metadataset,LogisticRegression,0.8,Tuning,Defaults,0.5204762914400697,0.4795237085599303
Ela_metadataset,LogisticRegression,0.8,Tuning,Defaults,0.5176191671796697,0.48238083282033034
Ela_metadataset,LogisticRegression,0.8,Defaults,Tuning,0.4024199298847789,0.5975800701152211
Ela_metadataset,LogisticRegression,0.8,Tuning,Tuning,0.36351780914179044,0.6364821908582096
Ela_metadataset,LogisticRegression,0.8,Defaults,Tuning,0.39381258777714956,0.6061874122228504
Ela_metadataset,LogisticRegression,0.8,Defaults,Tuning,0.3003175820821995,0.6996824179178005
Ela_metadataset,LogisticRegression,0.8,Defaults,Tuning,0.16859557984479667,0.8314044201552033
Ela_metadataset,LogisticRegression,0.8,Defaults,Defaults,0.6625279183728714,0.33747208162712866
Ela_metadataset,LogisticRegression,0.8,Tuning,Tuning,0.01681202327200315,0.9831879767279968
Ela_metadataset,LogisticRegression,0.8,Tuning,Tuning,0.011579022136169903,0.9884209778638301
Ela_metadataset,LogisticRegression,0.8,Tuning,Tuning,0.1257051229200905,0.8742948770799095
Ela_metadataset,LogisticRegression,0.8,Defaults,Tuning,0.4574476733198465,0.5425523266801535
Ela_metadataset,LogisticRegression,0.8,Defaults,Tuning,0.04109222621467867,0.9589077737853213
Ela_metadataset,LogisticRegression,0.8,Defaults,Defaults,0.6347027723565506,0.3652972276434494
Ela_metadataset,LogisticRegression,0.8,Defaults,Defaults,0.787963537900578,0.21203646209942198
Ela_metadataset,LogisticRegression,0.8,Tuning,Tuning,0.23588319851286887,0.7641168014871311
Ela_metadataset,LogisticRegression,0.8,Tuning,Defaults,0.605081024567409,0.3949189754325911
Ela_metadataset,LogisticRegression,0.8,Defaults,Defaults,0.9211533604126517,0.07884663958734824
Ela_metadataset,LogisticRegression,0.8,Tuning,Tuning,0.11731712027185859,0.8826828797281414
Ela_metadataset,LogisticRegression,0.8,Defaults,Tuning,0.25286461417749984,0.7471353858225002
Ela_metadataset,LogisticRegression,0.8,Tuning,Tuning,0.00853369502945589,0.9914663049705441
Ela_metadataset,LogisticRegression,0.8,Tuning,Tuning,0.20552719579680767,0.7944728042031923
Ela_metadataset,LogisticRegression,0.8,Defaults,Defaults,0.8736483160993131,0.12635168390068688
Ela_metadataset,LogisticRegression,0.8,Tuning,Tuning,0.24465205096139242,0.7553479490386076
Ela_metadataset,LogisticRegression,0.8,Defaults,Defaults,0.5552645330708623,0.44473546692913773
Ela_metadataset,LogisticRegression,0.8,Tuning,Tuning,0.06069678947512236,0.9393032105248776
Ela_metadataset,LogisticRegression,0.8,Tuning,Tuning,0.06669013279331404,0.933309867206686
Ela_metadataset,LogisticRegression,0.8,Tuning,Tuning,0.24886476321013684,0.7511352367898632
Ela_metadataset,LogisticRegression,0.8,Defaults,Tuning,0.1531718030145035,0.8468281969854965
Ela_metadataset,LogisticRegression,0.8,Tuning,Tuning,0.01311428582530072,0.9868857141746993
Ela_metadataset,LogisticRegression,0.8,Tuning,Tuning,0.31195249464782326,0.6880475053521767
Ela_metadataset,LogisticRegression,0.8,Tuning,Tuning,0.03533051466641224,0.9646694853335878
Ela_metadataset,LogisticRegression,0.8,Defaults,Tuning,0.04158716462724865,0.9584128353727513
Ela_metadataset,LogisticRegression,0.8,Tuning,Tuning,0.003893749506631572,0.9961062504933684
Ela_metadataset,LogisticRegression,0.8,Tuning,Tuning,0.20819058528088807,0.7918094147191119
Ela_metadataset,LogisticRegression,0.8,Tuning,Tuning,0.002360112545313875,0.9976398874546861
Ela_metadataset,LogisticRegression,0.8,Tuning,Tuning,0.019022180550043566,0.9809778194499564
Ela_metadataset,LogisticRegression,0.8,Tuning,Defaults,0.7790535355590793,0.22094646444092067
Ela_metadataset,LogisticRegression,0.8,Tuning,Defaults,0.6096063488378196,0.39039365116218033
Ela_metadataset,LogisticRegression,0.8,Tuning,Tuning,0.017207273752704255,0.9827927262472957
Ela_metadataset,LogisticRegression,0.8,Defaults,Tuning,0.476581671835419,0.523418328164581
Ela_metadataset,LogisticRegression,0.8,Tuning,Tuning,0.021066743710422275,0.9789332562895777
Ela_metadataset,LogisticRegression,0.8,Tuning,Tuning,0.15472369374504813,0.8452763062549519
Ela_metadataset,LogisticRegression,0.8,Tuning,Tuning,0.3104793389965501,0.6895206610034499
Ela_metadataset,LogisticRegression,0.8,Tuning,Tuning,0.16037543689943778,0.8396245631005622
Ela_metadataset,LogisticRegression,0.8,Tuning,Tuning,0.00011947322410110761,0.9998805267758989
Ela_metadataset,LogisticRegression,0.8,Tuning,Tuning,0.1301288867236321,0.8698711132763679
Ela_metadataset,LogisticRegression,0.8,Tuning,Defaults,0.9616280235494246,0.038371976450575385
Ela_metadataset,LogisticRegression,0.8,Tuning,Tuning,0.10528813502439982,0.8947118649756002
Ela_metadataset,LogisticRegression,0.8,Defaults,Defaults,0.9361332052620076,0.06386679473799242
Ela_metadataset,LogisticRegression,0.8,Tuning,Tuning,0.0002817949872006009,0.9997182050127994
Ela_metadataset,LogisticRegression,0.8,Defaults,Tuning,0.09125677104457308,0.9087432289554269
Ela_metadataset,LogisticRegression,0.8,Tuning,Tuning,0.012092680008390033,0.98790731999161
Ela_metadataset,LogisticRegression,0.8,Tuning,Defaults,0.5151173604509185,0.4848826395490815
Ela_metadataset,LogisticRegression,0.8,Tuning,Tuning,0.006502774842649051,0.993497225157351
Ela_metadataset,LogisticRegression,0.8,Tuning,Tuning,0.02204956976955219,0.9779504302304478
Ela_metadataset,LogisticRegression,0.8,Defaults,Tuning,0.0873315383186497,0.9126684616813503
Ela_metadataset,LogisticRegression,0.8,Defaults,Defaults,0.5772589132768249,0.4227410867231751
Ela_metadataset,LogisticRegression,0.8,Tuning,Tuning,0.0815295142899033,0.9184704857100967
Ela_metadataset,LogisticRegression,0.8,Tuning,Tuning,0.16039805970609833,0.8396019402939017
Ela_metadataset,LogisticRegression,0.8,Tuning,Defaults,0.5230898647727842,0.47691013522721576
Ela_metadataset,LogisticRegression,0.8,Tuning,Tuning,0.4087640446754912,0.5912359553245088
Ela_metadataset,LogisticRegression,0.8,Tuning,Tuning,0.09455324874899262,0.9054467512510074
Ela_metadataset,LogisticRegression,0.8,Tuning,Tuning,0.029237025899474856,0.9707629741005251
Ela_metadataset,LogisticRegression,0.8,Tuning,Tuning,0.05267519768295825,0.9473248023170417
Ela_metadataset,LogisticRegression,0.8,Tuning,Tuning,0.34393973002668543,0.6560602699733146
Ela_metadataset,LogisticRegression,0.8,Defaults,Tuning,0.1367412864338966,0.8632587135661034
Ela_metadataset,LogisticRegression,0.8,Tuning,Tuning,0.3642673933538563,0.6357326066461437
Ela_metadataset,LogisticRegression,0.8,Tuning,Defaults,0.6030012537917839,0.3969987462082161
Ela_metadataset,LogisticRegression,0.8,Tuning,Tuning,0.06289525389010686,0.9371047461098931
Ela_metadataset,LogisticRegression,0.8,Tuning,Tuning,0.3561967600070305,0.6438032399929695
Ela_metadataset,LogisticRegression,0.8,Defaults,Tuning,0.10352845900836416,0.8964715409916358
Ela_metadataset,LogisticRegression,0.8,Tuning,Tuning,0.015381646824662476,0.9846183531753375
Ela_metadataset,LogisticRegression,0.8,Tuning,Tuning,0.0403134468588372,0.9596865531411628
Ela_metadataset,LogisticRegression,0.8,Tuning,Tuning,0.00172452955013902,0.998275470449861
Ela_metadataset,LogisticRegression,0.8,Defaults,Tuning,0.026705857174119663,0.9732941428258803
Ela_metadataset,LogisticRegression,0.8,Tuning,Tuning,0.0985603785258512,0.9014396214741488
Ela_metadataset,LogisticRegression,0.8,Tuning,Tuning,0.1908426314644931,0.8091573685355069
Ela_metadataset,LogisticRegression,0.8,Tuning,Tuning,0.022284105010450195,0.9777158949895498
Ela_metadataset,LogisticRegression,0.8,Defaults,Defaults,0.947816917095782,0.05218308290421804
Ela_metadataset,LogisticRegression,0.8,Defaults,Defaults,0.7563295000483912,0.2436704999516088
Ela_metadataset,LogisticRegression,0.8,Tuning,Defaults,0.991716630110282,0.00828336988971798
Ela_metadataset,LogisticRegression,0.8,Tuning,Tuning,0.09969413629606849,0.9003058637039315
Ela_metadataset,LogisticRegression,0.8,Tuning,Tuning,0.08085557953809497,0.919144420461905
Ela_metadataset,LogisticRegression,0.8,Defaults,Tuning,0.2062228828828775,0.7937771171171225
Ela_metadataset,LogisticRegression,0.8,Defaults,Tuning,0.3437719314330113,0.6562280685669887
Ela_metadataset,LogisticRegression,0.8,Defaults,Defaults,0.8035125156688111,0.19648748433118893
Ela_metadataset,LogisticRegression,0.8,Tuning,Tuning,0.05503624048479294,0.9449637595152071
Ela_metadataset,LogisticRegression,0.8,Defaults,Tuning,4.972600109454106e-11,0.999999999950274
Ela_metadataset,LogisticRegression,0.8,Tuning,Tuning,0.3581070260581458,0.6418929739418542
Ela_metadataset,LogisticRegression,0.8,Tuning,Tuning,0.02074832128279802,0.979251678717202
Ela_metadataset,LogisticRegression,0.8,Defaults,Tuning,0.44612771913955485,0.5538722808604452
Ela_metadataset,LogisticRegression,0.8,Defaults,Tuning,0.19581353867877427,0.8041864613212257
Ela_metadataset,LogisticRegression,0.8,Tuning,Tuning,0.2447037537130643,0.7552962462869357
Ela_metadataset,LogisticRegression,0.8,Tuning,Defaults,0.6672502212222272,0.3327497787777728
Ela_metadataset,LogisticRegression,0.8,Defaults,Tuning,0.1054146729481854,0.8945853270518146
Ela_metadataset,LogisticRegression,0.8,Tuning,Tuning,0.010055776809530403,0.9899442231904696
Ela_metadataset,LogisticRegression,0.8,Tuning,Tuning,0.37694705930759964,0.6230529406924004
Ela_metadataset,LogisticRegression,0.8,Tuning,Tuning,0.17168023487190254,0.8283197651280975
Ela_metadataset,LogisticRegression,0.8,Tuning,Tuning,0.023438307330028052,0.976561692669972
Ela_metadataset,LogisticRegression,0.85,Tuning,Tuning,0.22362996477744956,0.7763700352225504
Ela_metadataset,LogisticRegression,0.85,Tuning,Tuning,0.06411108204466065,0.9358889179553394
Ela_metadataset,LogisticRegression,0.85,Defaults,Defaults,0.9149635874292186,0.08503641257078139
Ela_metadataset,LogisticRegression,0.85,Tuning,Tuning,0.05363765006958754,0.9463623499304125
Ela_metadataset,LogisticRegression,0.85,Tuning,Tuning,0.006599048468048263,0.9934009515319517
Ela_metadataset,LogisticRegression,0.85,Tuning,Tuning,0.22001176654696142,0.7799882334530386
Ela_metadataset,LogisticRegression,0.85,Tuning,Tuning,0.015080975704214739,0.9849190242957853
Ela_metadataset,LogisticRegression,0.85,Defaults,Tuning,0.3097075035213196,0.6902924964786804
Ela_metadataset,LogisticRegression,0.85,Defaults,Defaults,0.5607299166953579,0.4392700833046422
Ela_metadataset,LogisticRegression,0.85,Tuning,Tuning,0.15190817525506284,0.8480918247449372
Ela_metadataset,LogisticRegression,0.85,Tuning,Tuning,0.027799880345505512,0.9722001196544945
Ela_metadataset,LogisticRegression,0.85,Defaults,Tuning,0.4384484786196048,0.5615515213803952
Ela_metadataset,LogisticRegression,0.85,Tuning,Tuning,0.20592470012623298,0.794075299873767
Ela_metadataset,LogisticRegression,0.85,Tuning,Defaults,0.6733666589520358,0.32663334104796415
Ela_metadataset,LogisticRegression,0.85,Tuning,Tuning,5.939867024906675e-07,0.9999994060132975
Ela_metadataset,LogisticRegression,0.85,Tuning,Tuning,0.03403412373594916,0.9659658762640508
Ela_metadataset,LogisticRegression,0.85,Defaults,Defaults,0.7297128510262814,0.27028714897371864
Ela_metadataset,LogisticRegression,0.85,Tuning,Tuning,0.005540345602865537,0.9944596543971345
Ela_metadataset,LogisticRegression,0.85,Defaults,Defaults,0.5651532510799013,0.43484674892009867
Ela_metadataset,LogisticRegression,0.85,Tuning,Defaults,0.930774000571429,0.06922599942857104
Ela_metadataset,LogisticRegression,0.85,Tuning,Defaults,0.7234889088231012,0.27651109117689876
Ela_metadataset,LogisticRegression,0.85,Defaults,Defaults,0.5837644772744986,0.41623552272550135
Ela_metadataset,LogisticRegression,0.85,Tuning,Defaults,0.6728300604693455,0.32716993953065454
Ela_metadataset,LogisticRegression,0.85,Tuning,Tuning,0.08357534021130308,0.9164246597886969
Ela_metadataset,LogisticRegression,0.85,Tuning,Tuning,0.07137648493315829,0.9286235150668417
Ela_metadataset,LogisticRegression,0.85,Tuning,Tuning,0.04917490948531211,0.9508250905146879
Ela_metadataset,LogisticRegression,0.85,Tuning,Tuning,0.01784056848410187,0.9821594315158981
Ela_metadataset,LogisticRegression,0.85,Tuning,Tuning,0.035050561721233886,0.9649494382787661
Ela_metadataset,LogisticRegression,0.85,Tuning,Tuning,0.004875186206765192,0.9951248137932348
Ela_metadataset,LogisticRegression,0.85,Tuning,Tuning,0.09189256890875497,0.908107431091245
Ela_metadataset,LogisticRegression,0.85,Tuning,Tuning,5.50443253809485e-05,0.999944955674619
Ela_metadataset,LogisticRegression,0.85,Tuning,Tuning,0.02731503807662672,0.9726849619233733
Ela_metadataset,LogisticRegression,0.85,Defaults,Defaults,0.9699917710505549,0.030008228949445107
Ela_metadataset,LogisticRegression,0.85,Defaults,Defaults,0.8692453855721796,0.1307546144278205
Ela_metadataset,LogisticRegression,0.85,Tuning,Tuning,0.01652123487431867,0.9834787651256813
Ela_metadataset,LogisticRegression,0.85,Tuning,Tuning,0.037178272954921376,0.9628217270450786
Ela_metadataset,LogisticRegression,0.85,Tuning,Tuning,0.20759972158170525,0.7924002784182947
Ela_metadataset,LogisticRegression,0.85,Defaults,Tuning,0.019088659764572524,0.9809113402354275
Ela_metadataset,LogisticRegression,0.85,Tuning,Tuning,0.047998458225105955,0.952001541774894
Ela_metadataset,LogisticRegression,0.85,Defaults,Tuning,0.21772069692348373,0.7822793030765163
Ela_metadataset,LogisticRegression,0.85,Tuning,Tuning,0.04476012909110283,0.9552398709088972
Ela_metadataset,LogisticRegression,0.85,Tuning,Tuning,0.00014658519919774626,0.9998534148008023
Ela_metadataset,LogisticRegression,0.85,Tuning,Tuning,0.0016928799038264941,0.9983071200961735
Ela_metadataset,LogisticRegression,0.85,Tuning,Tuning,0.047301507497648165,0.9526984925023518
Ela_metadataset,LogisticRegression,0.85,Tuning,Tuning,0.005595099566457873,0.9944049004335421
Ela_metadataset,LogisticRegression,0.85,Tuning,Tuning,0.16840198555363883,0.8315980144463612
Ela_metadataset,LogisticRegression,0.85,Tuning,Tuning,0.17556006577184569,0.8244399342281543
Ela_metadataset,LogisticRegression,0.85,Tuning,Tuning,0.09378339901300736,0.9062166009869926
Ela_metadataset,LogisticRegression,0.85,Tuning,Tuning,0.3506731396174225,0.6493268603825775
Ela_metadataset,LogisticRegression,0.85,Tuning,Tuning,0.04542583227574848,0.9545741677242515
Ela_metadataset,LogisticRegression,0.85,Defaults,Defaults,0.9180581865964786,0.08194181340352139
Ela_metadataset,LogisticRegression,0.85,Tuning,Tuning,0.10517761206330267,0.8948223879366973
Ela_metadataset,LogisticRegression,0.85,Tuning,Tuning,0.009781960599885564,0.9902180394001144
Ela_metadataset,LogisticRegression,0.85,Defaults,Tuning,0.05902677787337263,0.9409732221266274
Ela_metadataset,LogisticRegression,0.85,Tuning,Tuning,0.22143334639007695,0.778566653609923
Ela_metadataset,LogisticRegression,0.85,Tuning,Defaults,0.6470568835048279,0.35294311649517207
Ela_metadataset,LogisticRegression,0.85,Tuning,Tuning,0.003777999591896508,0.9962220004081035
Ela_metadataset,LogisticRegression,0.85,Tuning,Tuning,0.47933347214308075,0.5206665278569192
Ela_metadataset,LogisticRegression,0.85,Tuning,Tuning,0.06775859680769891,0.9322414031923011
Ela_metadataset,LogisticRegression,0.85,Tuning,Tuning,0.032631336184553494,0.9673686638154465
Ela_metadataset,LogisticRegression,0.85,Tuning,Tuning,0.03832416505731384,0.9616758349426862
Ela_metadataset,LogisticRegression,0.85,Tuning,Defaults,0.6538188704140395,0.34618112958596053
Ela_metadataset,LogisticRegression,0.85,Tuning,Tuning,0.14390110523037491,0.8560988947696251
Ela_metadataset,LogisticRegression,0.85,Defaults,Tuning,0.45221364370978234,0.5477863562902177
Ela_metadataset,LogisticRegression,0.85,Tuning,Tuning,0.4156625819733082,0.5843374180266918
Ela_metadataset,LogisticRegression,0.85,Defaults,Defaults,0.8563679203746177,0.14363207962538227
Ela_metadataset,LogisticRegression,0.85,Tuning,Tuning,0.1916761964674285,0.8083238035325715
Ela_metadataset,LogisticRegression,0.85,Tuning,Tuning,0.018687243235740336,0.9813127567642597
Ela_metadataset,LogisticRegression,0.85,Tuning,Tuning,0.2728764986791865,0.7271235013208135
Ela_metadataset,LogisticRegression,0.85,Tuning,Defaults,0.5474878605384168,0.45251213946158314
Ela_metadataset,LogisticRegression,0.85,Tuning,Defaults,0.5952046609609409,0.404795339039059
Ela_metadataset,LogisticRegression,0.85,Defaults,Defaults,0.5066644857228584,0.4933355142771417
Ela_metadataset,LogisticRegression,0.85,Tuning,Tuning,0.33340403146209907,0.6665959685379009
Ela_metadataset,LogisticRegression,0.85,Defaults,Tuning,0.32656070704833295,0.673439292951667
Ela_metadataset,LogisticRegression,0.85,Defaults,Tuning,0.35347942471102267,0.6465205752889773
Ela_metadataset,LogisticRegression,0.85,Defaults,Tuning,0.21849778079430793,0.7815022192056921
Ela_metadataset,LogisticRegression,0.85,Defaults,Defaults,0.6122506834327472,0.3877493165672528
Ela_metadataset,LogisticRegression,0.85,Tuning,Tuning,0.008646560297468464,0.9913534397025315
Ela_metadataset,LogisticRegression,0.85,Tuning,Tuning,0.010522610434308022,0.989477389565692
Ela_metadataset,LogisticRegression,0.85,Tuning,Tuning,0.10321980745180304,0.896780192548197
Ela_metadataset,LogisticRegression,0.85,Defaults,Tuning,0.42207523210218123,0.5779247678978188
Ela_metadataset,LogisticRegression,0.85,Defaults,Tuning,0.02778789460612452,0.9722121053938755
Ela_metadataset,LogisticRegression,0.85,Defaults,Defaults,0.6012070239160165,0.39879297608398345
Ela_metadataset,LogisticRegression,0.85,Defaults,Defaults,0.8477394039978506,0.1522605960021494
Ela_metadataset,LogisticRegression,0.85,Tuning,Tuning,0.3834652995156653,0.6165347004843347
Ela_metadataset,LogisticRegression,0.85,Tuning,Defaults,0.5780052429712024,0.4219947570287976
Ela_metadataset,LogisticRegression,0.85,Defaults,Defaults,0.9711325086931093,0.028867491306890685
Ela_metadataset,LogisticRegression,0.85,Tuning,Tuning,0.11054441683983662,0.8894555831601634
Ela_metadataset,LogisticRegression,0.85,Defaults,Tuning,0.4372755059150437,0.5627244940849563
Ela_metadataset,LogisticRegression,0.85,Tuning,Tuning,0.005979024400862842,0.9940209755991372
Ela_metadataset,LogisticRegression,0.85,Tuning,Tuning,0.13787275531361654,0.8621272446863835
Ela_metadataset,LogisticRegression,0.85,Defaults,Defaults,0.9053908176235679,0.09460918237643211
Ela_metadataset,LogisticRegression,0.85,Tuning,Tuning,0.37085797418296584,0.6291420258170342
Ela_metadataset,LogisticRegression,0.85,Defaults,Defaults,0.8945793601399992,0.10542063986000087
Ela_metadataset,LogisticRegression,0.85,Tuning,Tuning,0.07012314352052118,0.9298768564794788
Ela_metadataset,LogisticRegression,0.85,Tuning,Tuning,0.05939479423200622,0.9406052057679938
Ela_metadataset,LogisticRegression,0.85,Tuning,Tuning,0.28730344330657354,0.7126965566934265
Ela_metadataset,LogisticRegression,0.85,Defaults,Tuning,0.10414769559733628,0.8958523044026637
Ela_metadataset,LogisticRegression,0.85,Tuning,Tuning,0.008085251551498196,0.9919147484485018
Ela_metadataset,LogisticRegression,0.85,Tuning,Tuning,0.27450423328727447,0.7254957667127255
Ela_metadataset,LogisticRegression,0.85,Tuning,Tuning,0.025477999353420877,0.9745220006465791
Ela_metadataset,LogisticRegression,0.85,Defaults,Tuning,0.048089163109716004,0.951910836890284
Ela_metadataset,LogisticRegression,0.85,Tuning,Tuning,0.007806446723154892,0.9921935532768451
Ela_metadataset,LogisticRegression,0.85,Tuning,Tuning,0.4244002273389994,0.5755997726610006
Ela_metadataset,LogisticRegression,0.85,Tuning,Tuning,0.002521129979966452,0.9974788700200335
Ela_metadataset,LogisticRegression,0.85,Tuning,Tuning,0.013244011360396324,0.9867559886396037
Ela_metadataset,LogisticRegression,0.85,Tuning,Defaults,0.5966414074588662,0.4033585925411339
Ela_metadataset,LogisticRegression,0.85,Tuning,Tuning,0.457661895278773,0.542338104721227
Ela_metadataset,LogisticRegression,0.85,Tuning,Tuning,0.010121361966670128,0.9898786380333299
Ela_metadataset,LogisticRegression,0.85,Defaults,Tuning,0.3381292012388928,0.6618707987611072
Ela_metadataset,LogisticRegression,0.85,Tuning,Tuning,0.012289114956227531,0.9877108850437725
Ela_metadataset,LogisticRegression,0.85,Tuning,Tuning,0.09590768379389292,0.9040923162061071
Ela_metadataset,LogisticRegression,0.85,Tuning,Tuning,0.18092235374620413,0.8190776462537959
Ela_metadataset,LogisticRegression,0.85,Tuning,Tuning,0.1696468601954465,0.8303531398045535
Ela_metadataset,LogisticRegression,0.85,Tuning,Tuning,2.189412856845596e-05,0.9999781058714315
Ela_metadataset,LogisticRegression,0.85,Tuning,Tuning,0.12238444428034079,0.8776155557196592
Ela_metadataset,LogisticRegression,0.85,Tuning,Defaults,0.9262618348606012,0.07373816513939882
Ela_metadataset,LogisticRegression,0.85,Tuning,Tuning,0.19285795256277294,0.8071420474372271
Ela_metadataset,LogisticRegression,0.85,Defaults,Defaults,0.9952727493310833,0.004727250668916664
Ela_metadataset,LogisticRegression,0.85,Tuning,Tuning,0.00010458600830409726,0.9998954139916959
Ela_metadataset,LogisticRegression,0.85,Defaults,Tuning,0.08197276714268331,0.9180272328573167
Ela_metadataset,LogisticRegression,0.85,Tuning,Tuning,0.010662649263057267,0.9893373507369427
Ela_metadataset,LogisticRegression,0.85,Tuning,Defaults,0.6386369555577722,0.3613630444422278
Ela_metadataset,LogisticRegression,0.85,Tuning,Tuning,0.008225244948684818,0.9917747550513152
Ela_metadataset,LogisticRegression,0.85,Tuning,Tuning,0.02932409972976846,0.9706759002702315
Ela_metadataset,LogisticRegression,0.85,Defaults,Tuning,0.17178244298916856,0.8282175570108314
Ela_metadataset,LogisticRegression,0.85,Defaults,Defaults,0.6369347619375385,0.36306523806246144
Ela_metadataset,LogisticRegression,0.85,Tuning,Tuning,0.07545268767512647,0.9245473123248735
Ela_metadataset,LogisticRegression,0.85,Tuning,Tuning,0.11541602007315499,0.884583979926845
Ela_metadataset,LogisticRegression,0.85,Tuning,Tuning,0.41160523126537074,0.5883947687346293
Ela_metadataset,LogisticRegression,0.85,Tuning,Tuning,0.3512369245038651,0.6487630754961349
Ela_metadataset,LogisticRegression,0.85,Tuning,Tuning,0.08217210161440558,0.9178278983855944
Ela_metadataset,LogisticRegression,0.85,Tuning,Tuning,0.0726096231163279,0.9273903768836721
Ela_metadataset,LogisticRegression,0.85,Tuning,Tuning,0.05281073854713925,0.9471892614528608
Ela_metadataset,LogisticRegression,0.85,Tuning,Tuning,0.30986065084110825,0.6901393491588917
Ela_metadataset,LogisticRegression,0.85,Defaults,Tuning,0.1847081184385433,0.8152918815614567
Ela_metadataset,LogisticRegression,0.85,Tuning,Tuning,0.23528465741231974,0.7647153425876803
Ela_metadataset,LogisticRegression,0.85,Tuning,Defaults,0.6187728486606718,0.3812271513393282
Ela_metadataset,LogisticRegression,0.85,Tuning,Tuning,0.0730448460470815,0.9269551539529185
Ela_metadataset,LogisticRegression,0.85,Tuning,Tuning,0.40396507590129227,0.5960349240987077
Ela_metadataset,LogisticRegression,0.85,Defaults,Tuning,0.23871793444222278,0.7612820655577772
Ela_metadataset,LogisticRegression,0.85,Tuning,Tuning,0.02258690040171929,0.9774130995982807
Ela_metadataset,LogisticRegression,0.85,Tuning,Tuning,0.04315802728427531,0.9568419727157247
Ela_metadataset,LogisticRegression,0.85,Tuning,Tuning,0.002447296807933763,0.9975527031920662
Ela_metadataset,LogisticRegression,0.85,Defaults,Tuning,0.040950695917639446,0.9590493040823606
Ela_metadataset,LogisticRegression,0.85,Tuning,Tuning,0.07849130842211771,0.9215086915778823
Ela_metadataset,LogisticRegression,0.85,Tuning,Tuning,0.23498924918485142,0.7650107508151486
Ela_metadataset,LogisticRegression,0.85,Tuning,Tuning,0.016838853352137084,0.9831611466478629
Ela_metadataset,LogisticRegression,0.85,Defaults,Defaults,0.9788114024006852,0.021188597599314764
Ela_metadataset,LogisticRegression,0.85,Defaults,Defaults,0.811019381995842,0.18898061800415794
Ela_metadataset,LogisticRegression,0.85,Tuning,Defaults,0.989048067411678,0.010951932588322081
Ela_metadataset,LogisticRegression,0.85,Tuning,Tuning,0.0659849713813283,0.9340150286186717
Ela_metadataset,LogisticRegression,0.85,Tuning,Tuning,0.041723508702430134,0.9582764912975699
Ela_metadataset,LogisticRegression,0.85,Defaults,Tuning,0.16083655910098205,0.839163440899018
Ela_metadataset,LogisticRegression,0.85,Defaults,Tuning,0.1841242961588686,0.8158757038411314
Ela_metadataset,LogisticRegression,0.85,Defaults,Defaults,0.6690780268199814,0.33092197318001865
Ela_metadataset,LogisticRegression,0.85,Tuning,Tuning,0.03171853944891212,0.9682814605510879
Ela_metadataset,LogisticRegression,0.85,Defaults,Tuning,4.6069814629845496e-12,0.999999999995393
Ela_metadataset,LogisticRegression,0.85,Tuning,Tuning,0.3193587850850612,0.6806412149149388
Ela_metadataset,LogisticRegression,0.85,Tuning,Tuning,0.013247671118086668,0.9867523288819133
Ela_metadataset,LogisticRegression,0.85,Defaults,Defaults,0.5365337802524075,0.46346621974759244
Ela_metadataset,LogisticRegression,0.85,Defaults,Tuning,0.17709902480037942,0.8229009751996206
Ela_metadataset,LogisticRegression,0.85,Tuning,Tuning,0.21848271185636137,0.7815172881436386
Ela_metadataset,LogisticRegression,0.85,Tuning,Defaults,0.7312512778710116,0.26874872212898837
Ela_metadataset,LogisticRegression,0.85,Defaults,Tuning,0.11192884896959343,0.8880711510304066
Ela_metadataset,LogisticRegression,0.85,Tuning,Tuning,0.003615709715172999,0.996384290284827
Ela_metadataset,LogisticRegression,0.85,Tuning,Tuning,0.34850913182568877,0.6514908681743112
Ela_metadataset,LogisticRegression,0.85,Tuning,Tuning,0.056780282717564856,0.9432197172824351
Ela_metadataset,LogisticRegression,0.85,Tuning,Tuning,0.025860607636525756,0.9741393923634742
Ela_metadataset,LogisticRegression,0.9,Tuning,Tuning,0.21273226200874784,0.7872677379912522
Ela_metadataset,LogisticRegression,0.9,Tuning,Tuning,0.06910089877671244,0.9308991012232876
Ela_metadataset,LogisticRegression,0.9,Defaults,Defaults,0.9167194755522766,0.08328052444772341
Ela_metadataset,LogisticRegression,0.9,Tuning,Tuning,0.05549993028060907,0.9445000697193909
Ela_metadataset,LogisticRegression,0.9,Tuning,Tuning,0.006752895922104374,0.9932471040778956
Ela_metadataset,LogisticRegression,0.9,Tuning,Tuning,0.21406571883470527,0.7859342811652947
Ela_metadataset,LogisticRegression,0.9,Tuning,Tuning,0.015160328519524868,0.9848396714804751
Ela_metadataset,LogisticRegression,0.9,Defaults,Tuning,0.307728839257851,0.692271160742149
Ela_metadataset,LogisticRegression,0.9,Defaults,Defaults,0.5699861090085142,0.4300138909914858
Ela_metadataset,LogisticRegression,0.9,Tuning,Tuning,0.14421196828057248,0.8557880317194275
Ela_metadataset,LogisticRegression,0.9,Tuning,Tuning,0.02801631856097253,0.9719836814390275
Ela_metadataset,LogisticRegression,0.9,Defaults,Tuning,0.44572861940455755,0.5542713805954425
Ela_metadataset,LogisticRegression,0.9,Tuning,Tuning,0.22307678337638392,0.7769232166236161
Ela_metadataset,LogisticRegression,0.9,Tuning,Defaults,0.671103386644764,0.32889661335523607
Ela_metadataset,LogisticRegression,0.9,Tuning,Tuning,5.569982526321127e-07,0.9999994430017474
Ela_metadataset,LogisticRegression,0.9,Tuning,Tuning,0.034454860807830445,0.9655451391921696
Ela_metadataset,LogisticRegression,0.9,Defaults,Defaults,0.7337850768917508,0.26621492310824924
Ela_metadataset,LogisticRegression,0.9,Tuning,Tuning,0.005501449964553484,0.9944985500354465
Ela_metadataset,LogisticRegression,0.9,Defaults,Defaults,0.5461405165751312,0.45385948342486887
Ela_metadataset,LogisticRegression,0.9,Tuning,Defaults,0.9288495589303087,0.0711504410696912
Ela_metadataset,LogisticRegression,0.9,Tuning,Defaults,0.7113432435462448,0.28865675645375527
Ela_metadataset,LogisticRegression,0.9,Defaults,Defaults,0.583970241189662,0.416029758810338
Ela_metadataset,LogisticRegression,0.9,Tuning,Defaults,0.6765084913499892,0.3234915086500108
Ela_metadataset,LogisticRegression,0.9,Tuning,Tuning,0.08286008588580707,0.9171399141141929
Ela_metadataset,LogisticRegression,0.9,Tuning,Tuning,0.07512272518767016,0.9248772748123298
Ela_metadataset,LogisticRegression,0.9,Tuning,Tuning,0.046276443420119606,0.9537235565798804
Ela_metadataset,LogisticRegression,0.9,Tuning,Tuning,0.017685602108988063,0.9823143978910119
Ela_metadataset,LogisticRegression,0.9,Tuning,Tuning,0.03352704419142616,0.9664729558085738
Ela_metadataset,LogisticRegression,0.9,Tuning,Tuning,0.004581714577765683,0.9954182854222343
Ela_metadataset,LogisticRegression,0.9,Tuning,Tuning,0.09083753470575961,0.9091624652942404
Ela_metadataset,LogisticRegression,0.9,Tuning,Tuning,5.607140393004695e-05,0.99994392859607
Ela_metadataset,LogisticRegression,0.9,Tuning,Tuning,0.027477550910054993,0.972522449089945
Ela_metadataset,LogisticRegression,0.9,Defaults,Defaults,0.9715751062697965,0.028424893730203512
Ela_metadataset,LogisticRegression,0.9,Defaults,Defaults,0.8584518833586202,0.1415481166413798
Ela_metadataset,LogisticRegression,0.9,Tuning,Tuning,0.016992538170308547,0.9830074618296915
Ela_metadataset,LogisticRegression,0.9,Tuning,Tuning,0.040245330304059634,0.9597546696959404
Ela_metadataset,LogisticRegression,0.9,Tuning,Tuning,0.19665688834103479,0.8033431116589652
Ela_metadataset,LogisticRegression,0.9,Defaults,Tuning,0.020989703729296205,0.9790102962707038
Ela_metadataset,LogisticRegression,0.9,Tuning,Tuning,0.049363204062391586,0.9506367959376084
Ela_metadataset,LogisticRegression,0.9,Defaults,Tuning,0.21493352768212648,0.7850664723178735
Ela_metadataset,LogisticRegression,0.9,Tuning,Tuning,0.04522386692269176,0.9547761330773082
Ela_metadataset,LogisticRegression,0.9,Tuning,Tuning,0.00015311992510991246,0.9998468800748901
Ela_metadataset,LogisticRegression,0.9,Tuning,Tuning,0.0015835766339964419,0.9984164233660036
Ela_metadataset,LogisticRegression,0.9,Tuning,Tuning,0.047137210692786535,0.9528627893072135
Ela_metadataset,LogisticRegression,0.9,Tuning,Tuning,0.005336282014478111,0.9946637179855219
Ela_metadataset,LogisticRegression,0.9,Tuning,Tuning,0.1658374040179158,0.8341625959820842
Ela_metadataset,LogisticRegression,0.9,Tuning,Tuning,0.18233450647877802,0.817665493521222
Ela_metadataset,LogisticRegression,0.9,Tuning,Tuning,0.08570281495350429,0.9142971850464957
Ela_metadataset,LogisticRegression,0.9,Tuning,Tuning,0.347700215464681,0.652299784535319
Ela_metadataset,LogisticRegression,0.9,Tuning,Tuning,0.04691241942514046,0.9530875805748595
Ela_metadataset,LogisticRegression,0.9,Defaults,Defaults,0.9192811293462366,0.0807188706537634
Ela_metadataset,LogisticRegression,0.9,Tuning,Tuning,0.11228887354585249,0.8877111264541475
Ela_metadataset,LogisticRegression,0.9,Tuning,Tuning,0.009148095959192859,0.9908519040408071
Ela_metadataset,LogisticRegression,0.9,Defaults,Tuning,0.05434058997607294,0.9456594100239271
Ela_metadataset,LogisticRegression,0.9,Tuning,Tuning,0.22432286208170193,0.7756771379182981
Ela_metadataset,LogisticRegression,0.9,Tuning,Defaults,0.6504756336910568,0.34952436630894324
Ela_metadataset,LogisticRegression,0.9,Tuning,Tuning,0.003853125364730703,0.9961468746352693
Ela_metadataset,LogisticRegression,0.9,Tuning,Tuning,0.48187902076725597,0.518120979232744
Ela_metadataset,LogisticRegression,0.9,Tuning,Tuning,0.06448165999961453,0.9355183400003855
Ela_metadataset,LogisticRegression,0.9,Tuning,Tuning,0.03361608807478844,0.9663839119252116
Ela_metadataset,LogisticRegression,0.9,Tuning,Tuning,0.03860848032252784,0.9613915196774722
Ela_metadataset,LogisticRegression,0.9,Tuning,Defaults,0.643320008876602,0.35667999112339793
Ela_metadataset,LogisticRegression,0.9,Tuning,Tuning,0.1517561332277847,0.8482438667722153
Ela_metadataset,LogisticRegression,0.9,Defaults,Tuning,0.4542486129611315,0.5457513870388685
Ela_metadataset,LogisticRegression,0.9,Tuning,Tuning,0.4302110851603026,0.5697889148396974
Ela_metadataset,LogisticRegression,0.9,Defaults,Defaults,0.8528061516129666,0.14719384838703337
Ela_metadataset,LogisticRegression,0.9,Tuning,Tuning,0.19365822745825878,0.8063417725417412
Ela_metadataset,LogisticRegression,0.9,Tuning,Tuning,0.018521434119114666,0.9814785658808853
Ela_metadataset,LogisticRegression,0.9,Tuning,Tuning,0.26864670092883336,0.7313532990711666
Ela_metadataset,LogisticRegression,0.9,Tuning,Defaults,0.538519319831387,0.461480680168613
Ela_metadataset,LogisticRegression,0.9,Tuning,Defaults,0.5879885721120839,0.41201142788791617
Ela_metadataset,LogisticRegression,0.9,Defaults,Defaults,0.5160476096962032,0.4839523903037968
Ela_metadataset,LogisticRegression,0.9,Tuning,Tuning,0.334612388011138,0.665387611988862
Ela_metadataset,LogisticRegression,0.9,Defaults,Tuning,0.33330123786880483,0.6666987621311952
Ela_metadataset,LogisticRegression,0.9,Defaults,Tuning,0.352328182738873,0.647671817261127
Ela_metadataset,LogisticRegression,0.9,Defaults,Tuning,0.19756332045346914,0.8024366795465309
Ela_metadataset,LogisticRegression,0.9,Defaults,Defaults,0.6181806914822503,0.3818193085177497
Ela_metadataset,LogisticRegression,0.9,Tuning,Tuning,0.008891363767408733,0.9911086362325913
Ela_metadataset,LogisticRegression,0.9,Tuning,Tuning,0.009325509753604244,0.9906744902463958
Ela_metadataset,LogisticRegression,0.9,Tuning,Tuning,0.09994539867331032,0.9000546013266897
Ela_metadataset,LogisticRegression,0.9,Defaults,Tuning,0.4283343627612288,0.5716656372387712
Ela_metadataset,LogisticRegression,0.9,Defaults,Tuning,0.024813459887616962,0.975186540112383
Ela_metadataset,LogisticRegression,0.9,Defaults,Defaults,0.6122346577389736,0.38776534226102644
Ela_metadataset,LogisticRegression,0.9,Defaults,Defaults,0.8528933648490787,0.1471066351509213
Ela_metadataset,LogisticRegression,0.9,Tuning,Tuning,0.40143345141742104,0.598566548582579
Ela_metadataset,LogisticRegression,0.9,Tuning,Defaults,0.6003805920914378,0.39961940790856226
Ela_metadataset,LogisticRegression,0.9,Defaults,Defaults,0.9717024194595154,0.02829758054048458
Ela_metadataset,LogisticRegression,0.9,Tuning,Tuning,0.10528109145198294,0.8947189085480171
Ela_metadataset,LogisticRegression,0.9,Defaults,Tuning,0.43807920267293965,0.5619207973270604
Ela_metadataset,LogisticRegression,0.9,Tuning,Tuning,0.006292449399125433,0.9937075506008746
Ela_metadataset,LogisticRegression,0.9,Tuning,Tuning,0.13935094678798265,0.8606490532120173
Ela_metadataset,LogisticRegression,0.9,Defaults,Defaults,0.8995833982014796,0.10041660179852045
Ela_metadataset,LogisticRegression,0.9,Tuning,Tuning,0.3716078602207661,0.6283921397792339
Ela_metadataset,LogisticRegression,0.9,Defaults,Defaults,0.8989105144499747,0.10108948555002524
Ela_metadataset,LogisticRegression,0.9,Tuning,Tuning,0.06915893301807541,0.9308410669819246
Ela_metadataset,LogisticRegression,0.9,Tuning,Tuning,0.05707931701999436,0.9429206829800056
Ela_metadataset,LogisticRegression,0.9,Tuning,Tuning,0.29557166871053386,0.7044283312894661
Ela_metadataset,LogisticRegression,0.9,Defaults,Tuning,0.10203247300652785,0.8979675269934722
Ela_metadataset,LogisticRegression,0.9,Tuning,Tuning,0.008996550095496603,0.9910034499045034
Ela_metadataset,LogisticRegression,0.9,Tuning,Tuning,0.27246045079743697,0.727539549202563
Ela_metadataset,LogisticRegression,0.9,Tuning,Tuning,0.024090348088755764,0.9759096519112442
Ela_metadataset,LogisticRegression,0.9,Defaults,Tuning,0.04889387916271448,0.9511061208372855
Ela_metadataset,LogisticRegression,0.9,Tuning,Tuning,0.008334446970812537,0.9916655530291875
Ela_metadataset,LogisticRegression,0.9,Tuning,Tuning,0.42121616633296377,0.5787838336670362
Ela_metadataset,LogisticRegression,0.9,Tuning,Tuning,0.002601200381688984,0.997398799618311
Ela_metadataset,LogisticRegression,0.9,Tuning,Tuning,0.013450624502856945,0.986549375497143
Ela_metadataset,LogisticRegression,0.9,Tuning,Defaults,0.6040572280494497,0.3959427719505503
Ela_metadataset,LogisticRegression,0.9,Tuning,Tuning,0.44040689811658773,0.5595931018834123
Ela_metadataset,LogisticRegression,0.9,Tuning,Tuning,0.010684949548320777,0.9893150504516792
Ela_metadataset,LogisticRegression,0.9,Defaults,Tuning,0.35117850087205127,0.6488214991279487
Ela_metadataset,LogisticRegression,0.9,Tuning,Tuning,0.013220996261249507,0.9867790037387505
Ela_metadataset,LogisticRegression,0.9,Tuning,Tuning,0.10530749504424586,0.8946925049557541
Ela_metadataset,LogisticRegression,0.9,Tuning,Tuning,0.1808339091175044,0.8191660908824956
Ela_metadataset,LogisticRegression,0.9,Tuning,Tuning,0.16473719518310193,0.8352628048168981
Ela_metadataset,LogisticRegression,0.9,Tuning,Tuning,2.2018901852161044e-05,0.9999779810981478
Ela_metadataset,LogisticRegression,0.9,Tuning,Tuning,0.1167808097298132,0.8832191902701868
Ela_metadataset,LogisticRegression,0.9,Tuning,Defaults,0.9264439829744766,0.07355601702552336
Ela_metadataset,LogisticRegression,0.9,Tuning,Tuning,0.18328680818795617,0.8167131918120438
Ela_metadataset,LogisticRegression,0.9,Defaults,Defaults,0.9963397977530002,0.0036602022469997605
Ela_metadataset,LogisticRegression,0.9,Tuning,Tuning,0.00010082886469786612,0.9998991711353021
Ela_metadataset,LogisticRegression,0.9,Defaults,Tuning,0.07524056243882948,0.9247594375611705
Ela_metadataset,LogisticRegression,0.9,Tuning,Tuning,0.010395795274721786,0.9896042047252782
Ela_metadataset,LogisticRegression,0.9,Tuning,Defaults,0.6348485610287545,0.36515143897124547
Ela_metadataset,LogisticRegression,0.9,Tuning,Tuning,0.008852020192836485,0.9911479798071635
Ela_metadataset,LogisticRegression,0.9,Tuning,Tuning,0.03187312990897495,0.968126870091025
Ela_metadataset,LogisticRegression,0.9,Defaults,Tuning,0.16053459767445888,0.8394654023255411
Ela_metadataset,LogisticRegression,0.9,Defaults,Defaults,0.646114668377934,0.353885331622066
Ela_metadataset,LogisticRegression,0.9,Tuning,Tuning,0.0754832069187582,0.9245167930812418
Ela_metadataset,LogisticRegression,0.9,Tuning,Tuning,0.11715921927013295,0.882840780729867
Ela_metadataset,LogisticRegression,0.9,Tuning,Tuning,0.3962016205164899,0.6037983794835101
Ela_metadataset,LogisticRegression,0.9,Tuning,Tuning,0.3655874165971672,0.6344125834028328
Ela_metadataset,LogisticRegression,0.9,Tuning,Tuning,0.0817261267818934,0.9182738732181066
Ela_metadataset,LogisticRegression,0.9,Tuning,Tuning,0.073412441069174,0.926587558930826
Ela_metadataset,LogisticRegression,0.9,Tuning,Tuning,0.05685228379919982,0.9431477162008002
Ela_metadataset,LogisticRegression,0.9,Tuning,Tuning,0.31023535189954565,0.6897646481004543
Ela_metadataset,LogisticRegression,0.9,Defaults,Tuning,0.18929973619833584,0.8107002638016642
Ela_metadataset,LogisticRegression,0.9,Tuning,Tuning,0.24329568604434082,0.7567043139556592
Ela_metadataset,LogisticRegression,0.9,Tuning,Defaults,0.6270860078137916,0.3729139921862084
Ela_metadataset,LogisticRegression,0.9,Tuning,Tuning,0.07495046254635263,0.9250495374536474
Ela_metadataset,LogisticRegression,0.9,Tuning,Tuning,0.40329035444409245,0.5967096455559076
Ela_metadataset,LogisticRegression,0.9,Defaults,Tuning,0.24210147808295912,0.7578985219170409
Ela_metadataset,LogisticRegression,0.9,Tuning,Tuning,0.020633013156714397,0.9793669868432856
Ela_metadataset,LogisticRegression,0.9,Tuning,Tuning,0.043867858554791694,0.9561321414452083
Ela_metadataset,LogisticRegression,0.9,Tuning,Tuning,0.002301628338540418,0.9976983716614596
Ela_metadataset,LogisticRegression,0.9,Defaults,Tuning,0.041599575192344695,0.9584004248076553
Ela_metadataset,LogisticRegression,0.9,Tuning,Tuning,0.07988312017088361,0.9201168798291164
Ela_metadataset,LogisticRegression,0.9,Tuning,Tuning,0.23854228464240768,0.7614577153575923
Ela_metadataset,LogisticRegression,0.9,Tuning,Tuning,0.016466112925950238,0.9835338870740498
Ela_metadataset,LogisticRegression,0.9,Defaults,Defaults,0.9798105132072861,0.020189486792713884
Ela_metadataset,LogisticRegression,0.9,Defaults,Defaults,0.7904277305721763,0.2095722694278237
Ela_metadataset,LogisticRegression,0.9,Tuning,Defaults,0.9887878901478087,0.011212109852191366
Ela_metadataset,LogisticRegression,0.9,Tuning,Tuning,0.056913523205499805,0.9430864767945002
Ela_metadataset,LogisticRegression,0.9,Tuning,Tuning,0.03731073782780514,0.9626892621721949
Ela_metadataset,LogisticRegression,0.9,Defaults,Tuning,0.1549754860068745,0.8450245139931255
Ela_metadataset,LogisticRegression,0.9,Defaults,Tuning,0.1819590398929133,0.8180409601070867
Ela_metadataset,LogisticRegression,0.9,Defaults,Defaults,0.6383827948877971,0.3616172051122029
Ela_metadataset,LogisticRegression,0.9,Tuning,Tuning,0.0325989023943839,0.9674010976056161
Ela_metadataset,LogisticRegression,0.9,Defaults,Tuning,5.304867656263923e-12,0.9999999999946951
Ela_metadataset,LogisticRegression,0.9,Tuning,Tuning,0.3233831885641403,0.6766168114358597
Ela_metadataset,LogisticRegression,0.9,Tuning,Tuning,0.01419836369756855,0.9858016363024314
Ela_metadataset,LogisticRegression,0.9,Defaults,Defaults,0.5306327713163268,0.4693672286836732
Ela_metadataset,LogisticRegression,0.9,Defaults,Tuning,0.18403275495834848,0.8159672450416515
Ela_metadataset,LogisticRegression,0.9,Tuning,Tuning,0.22693108610245494,0.7730689138975451
Ela_metadataset,LogisticRegression,0.9,Tuning,Defaults,0.7479328862701127,0.2520671137298874
Ela_metadataset,LogisticRegression,0.9,Defaults,Tuning,0.10968663947782298,0.890313360522177
Ela_metadataset,LogisticRegression,0.9,Tuning,Tuning,0.0036573035802370812,0.9963426964197629
Ela_metadataset,LogisticRegression,0.9,Tuning,Tuning,0.35462109920161644,0.6453789007983836
Ela_metadataset,LogisticRegression,0.9,Tuning,Tuning,0.057325531814841124,0.9426744681851589
Ela_metadataset,LogisticRegression,0.9,Tuning,Tuning,0.02720092435517718,0.9727990756448228
Ela_metadataset,LogisticRegression,0.95,Tuning,Tuning,0.18350957465751427,0.8164904253424857
Ela_metadataset,LogisticRegression,0.95,Tuning,Tuning,0.05436433563677212,0.9456356643632279
Ela_metadataset,LogisticRegression,0.95,Defaults,Defaults,0.9274840340772589,0.07251596592274114
Ela_metadataset,LogisticRegression,0.95,Tuning,Tuning,0.04941415095642043,0.9505858490435796
Ela_metadataset,LogisticRegression,0.95,Tuning,Tuning,0.008861931019160663,0.9911380689808393
Ela_metadataset,LogisticRegression,0.95,Tuning,Tuning,0.18049978188316562,0.8195002181168344
Ela_metadataset,LogisticRegression,0.95,Tuning,Tuning,0.011709459944822198,0.9882905400551778
Ela_metadataset,LogisticRegression,0.95,Defaults,Tuning,0.2753406448211466,0.7246593551788534
Ela_metadataset,LogisticRegression,0.95,Defaults,Defaults,0.5782764798847336,0.42172352011526637
Ela_metadataset,LogisticRegression,0.95,Tuning,Tuning,0.11805079610704161,0.8819492038929584
Ela_metadataset,LogisticRegression,0.95,Tuning,Tuning,0.022521046425399427,0.9774789535746006
Ela_metadataset,LogisticRegression,0.95,Defaults,Defaults,0.5048123887565596,0.4951876112434403
Ela_metadataset,LogisticRegression,0.95,Tuning,Tuning,0.22403249335886266,0.7759675066411373
Ela_metadataset,LogisticRegression,0.95,Tuning,Defaults,0.6092078276925841,0.39079217230741586
Ela_metadataset,LogisticRegression,0.95,Tuning,Tuning,4.760367292577783e-07,0.9999995239632707
Ela_metadataset,LogisticRegression,0.95,Tuning,Tuning,0.03351735397004629,0.9664826460299537
Ela_metadataset,LogisticRegression,0.95,Defaults,Defaults,0.620587003119002,0.37941299688099805
Ela_metadataset,LogisticRegression,0.95,Tuning,Tuning,0.006926396059269813,0.9930736039407302
Ela_metadataset,LogisticRegression,0.95,Defaults,Tuning,0.4812113133911199,0.5187886866088801
Ela_metadataset,LogisticRegression,0.95,Tuning,Defaults,0.9220282644247015,0.07797173557529846
Ela_metadataset,LogisticRegression,0.95,Tuning,Defaults,0.7124779049552912,0.28752209504470877
Ela_metadataset,LogisticRegression,0.95,Defaults,Defaults,0.6474692930274761,0.35253070697252387
Ela_metadataset,LogisticRegression,0.95,Tuning,Defaults,0.7108063919358211,0.28919360806417893
Ela_metadataset,LogisticRegression,0.95,Tuning,Tuning,0.0799676014643661,0.9200323985356339
Ela_metadataset,LogisticRegression,0.95,Tuning,Tuning,0.07770943327759428,0.9222905667224057
Ela_metadataset,LogisticRegression,0.95,Tuning,Tuning,0.03780364569037764,0.9621963543096224
Ela_metadataset,LogisticRegression,0.95,Tuning,Tuning,0.01943361043359748,0.9805663895664025
Ela_metadataset,LogisticRegression,0.95,Tuning,Tuning,0.030386359568104426,0.9696136404318956
Ela_metadataset,LogisticRegression,0.95,Tuning,Tuning,0.0041080455065301,0.9958919544934699
Ela_metadataset,LogisticRegression,0.95,Tuning,Tuning,0.08371349473656797,0.916286505263432
Ela_metadataset,LogisticRegression,0.95,Tuning,Tuning,4.8014230242032774e-05,0.999951985769758
Ela_metadataset,LogisticRegression,0.95,Tuning,Tuning,0.029298950279123104,0.9707010497208769
Ela_metadataset,LogisticRegression,0.95,Defaults,Defaults,0.9829533826939528,0.017046617306047174
Ela_metadataset,LogisticRegression,0.95,Defaults,Defaults,0.8827912487389398,0.11720875126106019
Ela_metadataset,LogisticRegression,0.95,Tuning,Tuning,0.007945515095255873,0.9920544849047441
Ela_metadataset,LogisticRegression,0.95,Tuning,Tuning,0.011542391700028576,0.9884576082999714
Ela_metadataset,LogisticRegression,0.95,Tuning,Tuning,0.1649260606979892,0.8350739393020108
Ela_metadataset,LogisticRegression,0.95,Defaults,Tuning,0.0869970964773722,0.9130029035226278
Ela_metadataset,LogisticRegression,0.95,Tuning,Tuning,0.06712173123261922,0.9328782687673808
Ela_metadataset,LogisticRegression,0.95,Defaults,Tuning,0.2529387027744935,0.7470612972255065
Ela_metadataset,LogisticRegression,0.95,Tuning,Tuning,0.10893145479370747,0.8910685452062925
Ela_metadataset,LogisticRegression,0.95,Tuning,Tuning,0.00010835371272088778,0.9998916462872791
Ela_metadataset,LogisticRegression,0.95,Tuning,Tuning,0.00183691324239188,0.9981630867576081
Ela_metadataset,LogisticRegression,0.95,Tuning,Tuning,0.04286141790905329,0.9571385820909467
Ela_metadataset,LogisticRegression,0.95,Tuning,Tuning,0.003758259979120604,0.9962417400208794
Ela_metadataset,LogisticRegression,0.95,Tuning,Tuning,0.19121844892583073,0.8087815510741693
Ela_metadataset,LogisticRegression,0.95,Tuning,Tuning,0.13890514848112612,0.8610948515188739
Ela_metadataset,LogisticRegression,0.95,Tuning,Tuning,0.07461064801002926,0.9253893519899707
Ela_metadataset,LogisticRegression,0.95,Tuning,Tuning,0.35945124499097403,0.640548755009026
Ela_metadataset,LogisticRegression,0.95,Tuning,Tuning,0.027494695019317783,0.9725053049806822
Ela_metadataset,LogisticRegression,0.95,Defaults,Defaults,0.9701774554558857,0.029822544544114257
Ela_metadataset,LogisticRegression,0.95,Tuning,Tuning,0.09266592355297021,0.9073340764470298
Ela_metadataset,LogisticRegression,0.95,Tuning,Tuning,0.007414209206047073,0.9925857907939529
Ela_metadataset,LogisticRegression,0.95,Defaults,Tuning,0.04094592964702859,0.9590540703529714
Ela_metadataset,LogisticRegression,0.95,Tuning,Tuning,0.2575901384661886,0.7424098615338114
Ela_metadataset,LogisticRegression,0.95,Tuning,Defaults,0.628961212484983,0.3710387875150169
Ela_metadataset,LogisticRegression,0.95,Tuning,Tuning,0.0017917125808859513,0.998208287419114
Ela_metadataset,LogisticRegression,0.95,Tuning,Defaults,0.5095694826217988,0.4904305173782012
Ela_metadataset,LogisticRegression,0.95,Tuning,Tuning,0.10270691320711023,0.8972930867928898
Ela_metadataset,LogisticRegression,0.95,Tuning,Tuning,0.035959554455491594,0.9640404455445084
Ela_metadataset,LogisticRegression,0.95,Tuning,Tuning,0.059879247081102926,0.9401207529188971
Ela_metadataset,LogisticRegression,0.95,Tuning,Defaults,0.7075775175941895,0.2924224824058105
Ela_metadataset,LogisticRegression,0.95,Tuning,Tuning,0.14880053030543394,0.8511994696945661
Ela_metadataset,LogisticRegression,0.95,Defaults,Tuning,0.47925484631748927,0.5207451536825107
Ela_metadataset,LogisticRegression,0.95,Tuning,Tuning,0.44563782091417803,0.554362179085822
Ela_metadataset,LogisticRegression,0.95,Defaults,Defaults,0.8283543528648423,0.17164564713515776
Ela_metadataset,LogisticRegression,0.95,Tuning,Tuning,0.17983937081483425,0.8201606291851657
Ela_metadataset,LogisticRegression,0.95,Tuning,Tuning,0.012915916338101296,0.9870840836618987
Ela_metadataset,LogisticRegression,0.95,Tuning,Tuning,0.3170059043688064,0.6829940956311936
Ela_metadataset,LogisticRegression,0.95,Tuning,Defaults,0.5629381295062297,0.4370618704937704
Ela_metadataset,LogisticRegression,0.95,Tuning,Defaults,0.6248701441476332,0.37512985585236674
Ela_metadataset,LogisticRegression,0.95,Defaults,Defaults,0.5333147235197864,0.46668527648021363
Ela_metadataset,LogisticRegression,0.95,Tuning,Tuning,0.38687106931433746,0.6131289306856625
Ela_metadataset,LogisticRegression,0.95,Defaults,Tuning,0.3282755670700188,0.6717244329299812
Ela_metadataset,LogisticRegression,0.95,Defaults,Tuning,0.36895524832478366,0.6310447516752163
Ela_metadataset,LogisticRegression,0.95,Defaults,Tuning,0.19183826347015942,0.8081617365298406
Ela_metadataset,LogisticRegression,0.95,Defaults,Defaults,0.6158092134471744,0.3841907865528256
Ela_metadataset,LogisticRegression,0.95,Tuning,Tuning,0.010975995946632122,0.9890240040533679
Ela_metadataset,LogisticRegression,0.95,Tuning,Tuning,0.014706170722736167,0.9852938292772638
Ela_metadataset,LogisticRegression,0.95,Tuning,Tuning,0.11875644748140057,0.8812435525185994
Ela_metadataset,LogisticRegression,0.95,Defaults,Tuning,0.48515206785303855,0.5148479321469615
Ela_metadataset,LogisticRegression,0.95,Defaults,Tuning,0.01565250477249991,0.9843474952275001
Ela_metadataset,LogisticRegression,0.95,Defaults,Defaults,0.6078961264102134,0.39210387358978666
Ela_metadataset,LogisticRegression,0.95,Defaults,Defaults,0.8542483202283505,0.1457516797716495
Ela_metadataset,LogisticRegression,0.95,Tuning,Tuning,0.4176560980516699,0.5823439019483301
Ela_metadataset,LogisticRegression,0.95,Tuning,Defaults,0.5684869654018329,0.43151303459816714
Ela_metadataset,LogisticRegression,0.95,Defaults,Defaults,0.9823737896737338,0.017626210326266194
Ela_metadataset,LogisticRegression,0.95,Tuning,Tuning,0.07230915296444829,0.9276908470355517
Ela_metadataset,LogisticRegression,0.95,Defaults,Tuning,0.46529242788224767,0.5347075721177523
Ela_metadataset,LogisticRegression,0.95,Tuning,Tuning,0.005828442114270804,0.9941715578857292
Ela_metadataset,LogisticRegression,0.95,Tuning,Tuning,0.1433326098488994,0.8566673901511006
Ela_metadataset,LogisticRegression,0.95,Defaults,Defaults,0.9462132753045832,0.05378672469541681
Ela_metadataset,LogisticRegression,0.95,Tuning,Tuning,0.3079122013821034,0.6920877986178966
Ela_metadataset,LogisticRegression,0.95,Defaults,Defaults,0.8902832684882441,0.10971673151175583
Ela_metadataset,LogisticRegression,0.95,Tuning,Tuning,0.08361649439328411,0.9163835056067159
Ela_metadataset,LogisticRegression,0.95,Tuning,Tuning,0.030849375751258568,0.9691506242487414
Ela_metadataset,LogisticRegression,0.95,Tuning,Tuning,0.2827553704481144,0.7172446295518856
Ela_metadataset,LogisticRegression,0.95,Defaults,Tuning,0.11892841089387352,0.8810715891061265
Ela_metadataset,LogisticRegression,0.95,Tuning,Tuning,0.006691389812127246,0.9933086101878728
Ela_metadataset,LogisticRegression,0.95,Tuning,Tuning,0.26916854128890344,0.7308314587110966
Ela_metadataset,LogisticRegression,0.95,Tuning,Tuning,0.02246852738520566,0.9775314726147943
Ela_metadataset,LogisticRegression,0.95,Defaults,Tuning,0.04372167370520086,0.9562783262947991
Ela_metadataset,LogisticRegression,0.95,Tuning,Tuning,0.0325010282292123,0.9674989717707877
Ela_metadataset,LogisticRegression,0.95,Tuning,Tuning,0.4429330990121607,0.5570669009878393
Ela_metadataset,LogisticRegression,0.95,Tuning,Tuning,0.0020350514238720585,0.9979649485761279
Ela_metadataset,LogisticRegression,0.95,Tuning,Tuning,0.01021061708724047,0.9897893829127595
Ela_metadataset,LogisticRegression,0.95,Tuning,Defaults,0.6556670749497768,0.3443329250502231
Ela_metadataset,LogisticRegression,0.95,Tuning,Tuning,0.3369843875969356,0.6630156124030644
Ela_metadataset,LogisticRegression,0.95,Tuning,Tuning,0.01378226317855602,0.986217736821444
Ela_metadataset,LogisticRegression,0.95,Defaults,Tuning,0.40300872966805157,0.5969912703319484
Ela_metadataset,LogisticRegression,0.95,Tuning,Tuning,0.008342434416871103,0.9916575655831289
Ela_metadataset,LogisticRegression,0.95,Tuning,Tuning,0.09625845879321138,0.9037415412067886
Ela_metadataset,LogisticRegression,0.95,Tuning,Tuning,0.16087336151102638,0.8391266384889736
Ela_metadataset,LogisticRegression,0.95,Tuning,Tuning,0.1377279134157381,0.8622720865842619
Ela_metadataset,LogisticRegression,0.95,Tuning,Tuning,7.916462066881458e-06,0.9999920835379331
Ela_metadataset,LogisticRegression,0.95,Tuning,Tuning,0.12503664912848034,0.8749633508715197
Ela_metadataset,LogisticRegression,0.95,Tuning,Defaults,0.9359709988264291,0.0640290011735709
Ela_metadataset,LogisticRegression,0.95,Tuning,Tuning,0.0693944036625882,0.9306055963374118
Ela_metadataset,LogisticRegression,0.95,Defaults,Defaults,0.997676177447498,0.0023238225525019753
Ela_metadataset,LogisticRegression,0.95,Tuning,Tuning,0.00021819153040425476,0.9997818084695957
Ela_metadataset,LogisticRegression,0.95,Defaults,Tuning,0.11494651178021598,0.885053488219784
Ela_metadataset,LogisticRegression,0.95,Tuning,Tuning,0.009695083844228236,0.9903049161557718
Ela_metadataset,LogisticRegression,0.95,Tuning,Defaults,0.6611955282954345,0.3388044717045655
Ela_metadataset,LogisticRegression,0.95,Tuning,Tuning,0.0093351078771996,0.9906648921228004
Ela_metadataset,LogisticRegression,0.95,Tuning,Tuning,0.02927647271798761,0.9707235272820124
Ela_metadataset,LogisticRegression,0.95,Defaults,Tuning,0.13134696201387663,0.8686530379861234
Ela_metadataset,LogisticRegression,0.95,Defaults,Defaults,0.6878286529278799,0.3121713470721201
Ela_metadataset,LogisticRegression,0.95,Tuning,Tuning,0.07546345612251704,0.924536543877483
Ela_metadataset,LogisticRegression,0.95,Tuning,Tuning,0.07722562519943765,0.9227743748005623
Ela_metadataset,LogisticRegression,0.95,Tuning,Tuning,0.3456105280832572,0.6543894719167428
Ela_metadataset,LogisticRegression,0.95,Tuning,Tuning,0.32442146327040966,0.6755785367295903
Ela_metadataset,LogisticRegression,0.95,Tuning,Tuning,0.09234674461258119,0.9076532553874188
Ela_metadataset,LogisticRegression,0.95,Tuning,Tuning,0.0556119003052189,0.9443880996947811
Ela_metadataset,LogisticRegression,0.95,Tuning,Tuning,0.055657400296861725,0.9443425997031383
Ela_metadataset,LogisticRegression,0.95,Tuning,Tuning,0.3598547397730081,0.6401452602269919
Ela_metadataset,LogisticRegression,0.95,Defaults,Tuning,0.20427458755368633,0.7957254124463137
Ela_metadataset,LogisticRegression,0.95,Tuning,Tuning,0.17536151034066905,0.824638489659331
Ela_metadataset,LogisticRegression,0.95,Tuning,Defaults,0.5925976953894114,0.4074023046105886
Ela_metadataset,LogisticRegression,0.95,Tuning,Tuning,0.1031178014186358,0.8968821985813642
Ela_metadataset,LogisticRegression,0.95,Tuning,Tuning,0.43522724384278855,0.5647727561572115
Ela_metadataset,LogisticRegression,0.95,Defaults,Tuning,0.18120422414215986,0.8187957758578401
Ela_metadataset,LogisticRegression,0.95,Tuning,Tuning,0.016593142882135425,0.9834068571178646
Ela_metadataset,LogisticRegression,0.95,Tuning,Tuning,0.03420854004426144,0.9657914599557386
Ela_metadataset,LogisticRegression,0.95,Tuning,Tuning,0.0019630414554979714,0.998036958544502
Ela_metadataset,LogisticRegression,0.95,Defaults,Tuning,0.04249728213138804,0.957502717868612
Ela_metadataset,LogisticRegression,0.95,Tuning,Tuning,0.07384873338315356,0.9261512666168464
Ela_metadataset,LogisticRegression,0.95,Tuning,Tuning,0.22315579080946057,0.7768442091905394
Ela_metadataset,LogisticRegression,0.95,Tuning,Tuning,0.009080927389011784,0.9909190726109882
Ela_metadataset,LogisticRegression,0.95,Defaults,Defaults,0.9791050284586629,0.020894971541337074
Ela_metadataset,LogisticRegression,0.95,Defaults,Defaults,0.8120867200133192,0.1879132799866808
Ela_metadataset,LogisticRegression,0.95,Tuning,Defaults,0.9852866165313192,0.014713383468680813
Ela_metadataset,LogisticRegression,0.95,Tuning,Tuning,0.04534815220837207,0.9546518477916279
Ela_metadataset,LogisticRegression,0.95,Tuning,Tuning,0.03470299047176306,0.9652970095282369
Ela_metadataset,LogisticRegression,0.95,Defaults,Tuning,0.1730031247693894,0.8269968752306106
Ela_metadataset,LogisticRegression,0.95,Defaults,Tuning,0.13659467428392946,0.8634053257160705
Ela_metadataset,LogisticRegression,0.95,Defaults,Defaults,0.6890015158505826,0.31099848414941744
Ela_metadataset,LogisticRegression,0.95,Tuning,Tuning,0.02334206592566823,0.9766579340743318
Ela_metadataset,LogisticRegression,0.95,Defaults,Tuning,1.4810375148499588e-13,0.9999999999998519
Ela_metadataset,LogisticRegression,0.95,Tuning,Tuning,0.3418493286383594,0.6581506713616406
Ela_metadataset,LogisticRegression,0.95,Tuning,Tuning,0.010994114786598952,0.989005885213401
Ela_metadataset,LogisticRegression,0.95,Defaults,Tuning,0.4340333923575377,0.5659666076424623
Ela_metadataset,LogisticRegression,0.95,Defaults,Tuning,0.17859520582247546,0.8214047941775245
Ela_metadataset,LogisticRegression,0.95,Tuning,Tuning,0.30888657591828506,0.6911134240817149
Ela_metadataset,LogisticRegression,0.95,Tuning,Defaults,0.7216019095840764,0.2783980904159236
Ela_metadataset,LogisticRegression,0.95,Defaults,Tuning,0.10183522391987787,0.8981647760801221
Ela_metadataset,LogisticRegression,0.95,Tuning,Tuning,0.0018660845284845795,0.9981339154715154
Ela_metadataset,LogisticRegression,0.95,Tuning,Tuning,0.42686550366787324,0.5731344963321268
Ela_metadataset,LogisticRegression,0.95,Tuning,Tuning,0.062310235159021676,0.9376897648409783
Ela_metadataset,LogisticRegression,0.95,Tuning,Tuning,0.030591002930222655,0.9694089970697773
Ela_metadataset,XGBoost,0.8,Tuning,Tuning,0.14589834213256836,0.8541016578674316
Ela_metadataset,XGBoost,0.8,Tuning,Tuning,0.03998798131942749,0.9600120186805725
Ela_metadataset,XGBoost,0.8,Defaults,Defaults,0.8699846863746643,0.1300153136253357
Ela_metadataset,XGBoost,0.8,Tuning,Tuning,0.049661099910736084,0.9503389000892639
Ela_metadataset,XGBoost,0.8,Tuning,Tuning,0.0013938546180725098,0.9986061453819275
Ela_metadataset,XGBoost,0.8,Tuning,Tuning,0.09867113828659058,0.9013288617134094
Ela_metadataset,XGBoost,0.8,Tuning,Tuning,0.006717205047607422,0.9932827949523926
Ela_metadataset,XGBoost,0.8,Defaults,Tuning,0.0168876051902771,0.9831123948097229
Ela_metadataset,XGBoost,0.8,Defaults,Defaults,0.5278897285461426,0.47211024165153503
Ela_metadataset,XGBoost,0.8,Tuning,Tuning,0.145125150680542,0.854874849319458
Ela_metadataset,XGBoost,0.8,Tuning,Tuning,0.001053154468536377,0.9989468455314636
Ela_metadataset,XGBoost,0.8,Defaults,Defaults,0.8734774589538574,0.12652252614498138
Ela_metadataset,XGBoost,0.8,Tuning,Defaults,0.6428050398826599,0.3571949601173401
Ela_metadataset,XGBoost,0.8,Tuning,Tuning,0.4876933693885803,0.5123066306114197
Ela_metadataset,XGBoost,0.8,Tuning,Tuning,0.0010852813720703125,0.9989147186279297
Ela_metadataset,XGBoost,0.8,Tuning,Tuning,0.0016763806343078613,0.9983236193656921
Ela_metadataset,XGBoost,0.8,Defaults,Tuning,0.42700624465942383,0.5729937553405762
Ela_metadataset,XGBoost,0.8,Tuning,Tuning,0.02660578489303589,0.9733942151069641
Ela_metadataset,XGBoost,0.8,Defaults,Defaults,0.6332705020904541,0.3667295277118683
Ela_metadataset,XGBoost,0.8,Tuning,Defaults,0.9705390930175781,0.029460899531841278
Ela_metadataset,XGBoost,0.8,Tuning,Tuning,0.2141786813735962,0.7858213186264038
Ela_metadataset,XGBoost,0.8,Defaults,Defaults,0.9926146268844604,0.007385361474007368
Ela_metadataset,XGBoost,0.8,Tuning,Tuning,0.4420507550239563,0.5579492449760437
Ela_metadataset,XGBoost,0.8,Tuning,Tuning,0.051268815994262695,0.9487311840057373
Ela_metadataset,XGBoost,0.8,Tuning,Tuning,0.004688262939453125,0.9953117370605469
Ela_metadataset,XGBoost,0.8,Tuning,Tuning,0.042065978050231934,0.9579340219497681
Ela_metadataset,XGBoost,0.8,Tuning,Tuning,0.006740748882293701,0.9932592511177063
Ela_metadataset,XGBoost,0.8,Tuning,Tuning,0.18019700050354004,0.81980299949646
Ela_metadataset,XGBoost,0.8,Tuning,Tuning,0.0059770941734313965,0.9940229058265686
Ela_metadataset,XGBoost,0.8,Tuning,Tuning,0.04525631666183472,0.9547436833381653
Ela_metadataset,XGBoost,0.8,Tuning,Tuning,0.01756507158279419,0.9824349284172058
Ela_metadataset,XGBoost,0.8,Tuning,Tuning,0.005575299263000488,0.9944247007369995
Ela_metadataset,XGBoost,0.8,Defaults,Defaults,0.9148675203323364,0.08513247966766357
Ela_metadataset,XGBoost,0.8,Defaults,Defaults,0.8778603076934814,0.12213970720767975
Ela_metadataset,XGBoost,0.8,Tuning,Tuning,0.0032137632369995117,0.9967862367630005
Ela_metadataset,XGBoost,0.8,Tuning,Tuning,0.3968147039413452,0.6031852960586548
Ela_metadataset,XGBoost,0.8,Tuning,Tuning,0.0552290678024292,0.9447709321975708
Ela_metadataset,XGBoost,0.8,Defaults,Tuning,0.4373204708099365,0.5626795291900635
Ela_metadataset,XGBoost,0.8,Tuning,Tuning,0.016233205795288086,0.9837667942047119
Ela_metadataset,XGBoost,0.8,Defaults,Defaults,0.561481773853302,0.438518226146698
Ela_metadataset,XGBoost,0.8,Tuning,Tuning,0.003344297409057617,0.9966557025909424
Ela_metadataset,XGBoost,0.8,Tuning,Tuning,0.0016707777976989746,0.998329222202301
Ela_metadataset,XGBoost,0.8,Tuning,Tuning,0.013637721538543701,0.9863622784614563
Ela_metadataset,XGBoost,0.8,Tuning,Tuning,0.0010079741477966309,0.9989920258522034
Ela_metadataset,XGBoost,0.8,Tuning,Tuning,0.009860455989837646,0.9901395440101624
Ela_metadataset,XGBoost,0.8,Tuning,Tuning,0.007031857967376709,0.9929681420326233
Ela_metadataset,XGBoost,0.8,Tuning,Tuning,0.16605520248413086,0.8339447975158691
Ela_metadataset,XGBoost,0.8,Tuning,Tuning,0.0013413429260253906,0.9986586570739746
Ela_metadataset,XGBoost,0.8,Tuning,Tuning,0.2669137120246887,0.7330862879753113
Ela_metadataset,XGBoost,0.8,Tuning,Tuning,0.0011654496192932129,0.9988345503807068
Ela_metadataset,XGBoost,0.8,Defaults,Defaults,0.6715210676193237,0.32847896218299866
Ela_metadataset,XGBoost,0.8,Tuning,Tuning,0.25413405895233154,0.7458659410476685
Ela_metadataset,XGBoost,0.8,Tuning,Tuning,0.043534696102142334,0.9564653038978577
Ela_metadataset,XGBoost,0.8,Defaults,Tuning,0.01417762041091919,0.9858223795890808
Ela_metadataset,XGBoost,0.8,Tuning,Tuning,0.45072752237319946,0.5492724776268005
Ela_metadataset,XGBoost,0.8,Tuning,Tuning,0.013583540916442871,0.9864164590835571
Ela_metadataset,XGBoost,0.8,Tuning,Tuning,0.005952239036560059,0.9940477609634399
Ela_metadataset,XGBoost,0.8,Tuning,Defaults,0.9392099380493164,0.060790032148361206
Ela_metadataset,XGBoost,0.8,Tuning,Tuning,0.06654572486877441,0.9334542751312256
Ela_metadataset,XGBoost,0.8,Tuning,Tuning,0.05662792921066284,0.9433720707893372
Ela_metadataset,XGBoost,0.8,Tuning,Defaults,0.6011467576026917,0.39885324239730835
Ela_metadataset,XGBoost,0.8,Tuning,Tuning,0.007065534591674805,0.9929344654083252
Ela_metadataset,XGBoost,0.8,Tuning,Tuning,0.002707064151763916,0.9972929358482361
Ela_metadataset,XGBoost,0.8,Defaults,Tuning,0.1570817232131958,0.8429182767868042
Ela_metadataset,XGBoost,0.8,Tuning,Tuning,0.057338595390319824,0.9426614046096802
Ela_metadataset,XGBoost,0.8,Defaults,Defaults,0.8655749559402466,0.13442504405975342
Ela_metadataset,XGBoost,0.8,Tuning,Tuning,0.005317866802215576,0.9946821331977844
Ela_metadataset,XGBoost,0.8,Tuning,Tuning,0.022216618061065674,0.9777833819389343
Ela_metadataset,XGBoost,0.8,Tuning,Tuning,0.07416319847106934,0.9258368015289307
Ela_metadataset,XGBoost,0.8,Tuning,Defaults,0.6573759317398071,0.34262409806251526
Ela_metadataset,XGBoost,0.8,Tuning,Tuning,0.44104599952697754,0.5589540004730225
Ela_metadataset,XGBoost,0.8,Defaults,Tuning,0.02995854616165161,0.9700414538383484
Ela_metadataset,XGBoost,0.8,Tuning,Tuning,0.017167866230010986,0.982832133769989
Ela_metadataset,XGBoost,0.8,Defaults,Defaults,0.7484865784645081,0.25151342153549194
Ela_metadataset,XGBoost,0.8,Defaults,Defaults,0.543677806854248,0.45632222294807434
Ela_metadataset,XGBoost,0.8,Defaults,Tuning,0.3560963273048401,0.6439036726951599
Ela_metadataset,XGBoost,0.8,Defaults,Defaults,0.927718460559845,0.07228153944015503
Ela_metadataset,XGBoost,0.8,Tuning,Tuning,0.03889411687850952,0.9611058831214905
Ela_metadataset,XGBoost,0.8,Tuning,Tuning,0.0187569260597229,0.9812430739402771
Ela_metadataset,XGBoost,0.8,Tuning,Tuning,0.002961277961730957,0.997038722038269
Ela_metadataset,XGBoost,0.8,Defaults,Tuning,0.3254133462905884,0.6745866537094116
Ela_metadataset,XGBoost,0.8,Defaults,Defaults,0.5624098777770996,0.4375901222229004
Ela_metadataset,XGBoost,0.8,Defaults,Tuning,0.34085869789123535,0.6591413021087646
Ela_metadataset,XGBoost,0.8,Defaults,Defaults,0.9986822009086609,0.0013177903601899743
Ela_metadataset,XGBoost,0.8,Tuning,Defaults,0.8144996762275696,0.1855003386735916
Ela_metadataset,XGBoost,0.8,Tuning,Tuning,0.35694873332977295,0.643051266670227
Ela_metadataset,XGBoost,0.8,Defaults,Defaults,0.931476354598999,0.06852366030216217
Ela_metadataset,XGBoost,0.8,Tuning,Tuning,0.0008133053779602051,0.9991866946220398
Ela_metadataset,XGBoost,0.8,Defaults,Tuning,0.10520762205123901,0.894792377948761
Ela_metadataset,XGBoost,0.8,Tuning,Tuning,0.003262460231781006,0.996737539768219
Ela_metadataset,XGBoost,0.8,Tuning,Tuning,0.08760452270507812,0.9123954772949219
Ela_metadataset,XGBoost,0.8,Defaults,Tuning,0.16891920566558838,0.8310807943344116
Ela_metadataset,XGBoost,0.8,Tuning,Tuning,0.10178893804550171,0.8982110619544983
Ela_metadataset,XGBoost,0.8,Defaults,Tuning,0.33498865365982056,0.6650113463401794
Ela_metadataset,XGBoost,0.8,Tuning,Tuning,0.01056826114654541,0.9894317388534546
Ela_metadataset,XGBoost,0.8,Tuning,Tuning,0.021116793155670166,0.9788832068443298
Ela_metadataset,XGBoost,0.8,Tuning,Tuning,0.23064380884170532,0.7693561911582947
Ela_metadataset,XGBoost,0.8,Defaults,Tuning,0.17816442251205444,0.8218355774879456
Ela_metadataset,XGBoost,0.8,Tuning,Tuning,0.005586564540863037,0.994413435459137
Ela_metadataset,XGBoost,0.8,Tuning,Tuning,0.17899203300476074,0.8210079669952393
Ela_metadataset,XGBoost,0.8,Tuning,Tuning,0.007411777973175049,0.992588222026825
Ela_metadataset,XGBoost,0.8,Defaults,Tuning,0.006619811058044434,0.9933801889419556
Ela_metadataset,XGBoost,0.8,Tuning,Tuning,0.013548016548156738,0.9864519834518433
Ela_metadataset,XGBoost,0.8,Tuning,Tuning,0.014549612998962402,0.9854503870010376
Ela_metadataset,XGBoost,0.8,Tuning,Tuning,0.008292973041534424,0.9917070269584656
Ela_metadataset,XGBoost,0.8,Tuning,Tuning,0.020003199577331543,0.9799968004226685
Ela_metadataset,XGBoost,0.8,Tuning,Tuning,0.059188008308410645,0.9408119916915894
Ela_metadataset,XGBoost,0.8,Tuning,Tuning,0.021103084087371826,0.9788969159126282
Ela_metadataset,XGBoost,0.8,Tuning,Tuning,0.016549766063690186,0.9834502339363098
Ela_metadataset,XGBoost,0.8,Defaults,Defaults,0.5077365636825562,0.49226343631744385
Ela_metadataset,XGBoost,0.8,Tuning,Tuning,0.03768265247344971,0.9623173475265503
Ela_metadataset,XGBoost,0.8,Tuning,Tuning,0.001984119415283203,0.9980158805847168
Ela_metadataset,XGBoost,0.8,Tuning,Tuning,0.03913182020187378,0.9608681797981262
Ela_metadataset,XGBoost,0.8,Tuning,Tuning,0.013388276100158691,0.9866117238998413
Ela_metadataset,XGBoost,0.8,Tuning,Tuning,0.007318437099456787,0.9926815629005432
Ela_metadataset,XGBoost,0.8,Tuning,Tuning,0.0013303756713867188,0.9986696243286133
Ela_metadataset,XGBoost,0.8,Tuning,Defaults,0.6147973537445068,0.3852026164531708
Ela_metadataset,XGBoost,0.8,Tuning,Defaults,0.5166252851486206,0.483374685049057
Ela_metadataset,XGBoost,0.8,Defaults,Tuning,0.07620352506637573,0.9237964749336243
Ela_metadataset,XGBoost,0.8,Tuning,Tuning,0.012276530265808105,0.9877234697341919
Ela_metadataset,XGBoost,0.8,Defaults,Tuning,0.015253067016601562,0.9847469329833984
Ela_metadataset,XGBoost,0.8,Tuning,Tuning,0.0009860992431640625,0.9990139007568359
Ela_metadataset,XGBoost,0.8,Tuning,Tuning,0.406637966632843,0.593362033367157
Ela_metadataset,XGBoost,0.8,Tuning,Tuning,0.0019207000732421875,0.9980792999267578
Ela_metadataset,XGBoost,0.8,Tuning,Tuning,0.22548907995224,0.77451092004776
Ela_metadataset,XGBoost,0.8,Defaults,Tuning,0.02523672580718994,0.9747632741928101
Ela_metadataset,XGBoost,0.8,Defaults,Defaults,0.9605190753936768,0.039480943232774734
Ela_metadataset,XGBoost,0.8,Tuning,Tuning,0.05542099475860596,0.944579005241394
Ela_metadataset,XGBoost,0.8,Tuning,Tuning,0.04427754878997803,0.955722451210022
Ela_metadataset,XGBoost,0.8,Tuning,Tuning,0.019377827644348145,0.9806221723556519
Ela_metadataset,XGBoost,0.8,Tuning,Tuning,0.004272341728210449,0.9957276582717896
Ela_metadataset,XGBoost,0.8,Tuning,Tuning,0.07535427808761597,0.924645721912384
Ela_metadataset,XGBoost,0.8,Tuning,Tuning,0.019113600254058838,0.9808863997459412
Ela_metadataset,XGBoost,0.8,Tuning,Tuning,0.32330429553985596,0.676695704460144
Ela_metadataset,XGBoost,0.8,Tuning,Tuning,0.12583774328231812,0.8741622567176819
Ela_metadataset,XGBoost,0.8,Defaults,Tuning,0.23173213005065918,0.7682678699493408
Ela_metadataset,XGBoost,0.8,Tuning,Tuning,0.4023640751838684,0.5976359248161316
Ela_metadataset,XGBoost,0.8,Tuning,Defaults,0.7080382704734802,0.2919617295265198
Ela_metadataset,XGBoost,0.8,Tuning,Tuning,0.07642775774002075,0.9235722422599792
Ela_metadataset,XGBoost,0.8,Tuning,Defaults,0.9258921146392822,0.07410789281129837
Ela_metadataset,XGBoost,0.8,Defaults,Defaults,0.5032773017883301,0.4967226982116699
Ela_metadataset,XGBoost,0.8,Tuning,Tuning,0.011080920696258545,0.9889190793037415
Ela_metadataset,XGBoost,0.8,Tuning,Tuning,0.011922836303710938,0.9880771636962891
Ela_metadataset,XGBoost,0.8,Tuning,Tuning,0.005550265312194824,0.9944497346878052
Ela_metadataset,XGBoost,0.8,Defaults,Tuning,0.0030798912048339844,0.996920108795166
Ela_metadataset,XGBoost,0.8,Tuning,Tuning,0.1692914366722107,0.8307085633277893
Ela_metadataset,XGBoost,0.8,Tuning,Tuning,0.019075632095336914,0.9809243679046631
Ela_metadataset,XGBoost,0.8,Tuning,Tuning,0.12277185916900635,0.8772281408309937
Ela_metadataset,XGBoost,0.8,Defaults,Defaults,0.9536205530166626,0.046379461884498596
Ela_metadataset,XGBoost,0.8,Defaults,Defaults,0.5639655590057373,0.4360344111919403
Ela_metadataset,XGBoost,0.8,Tuning,Defaults,0.9845893383026123,0.01541066262871027
Ela_metadataset,XGBoost,0.8,Tuning,Tuning,0.0067789554595947266,0.9932210445404053
Ela_metadataset,XGBoost,0.8,Tuning,Tuning,0.008830428123474121,0.9911695718765259
Ela_metadataset,XGBoost,0.8,Defaults,Tuning,0.018271148204803467,0.9817288517951965
Ela_metadataset,XGBoost,0.8,Defaults,Defaults,0.5386027097702026,0.461397260427475
Ela_metadataset,XGBoost,0.8,Defaults,Defaults,0.9901097416877747,0.00989028625190258
Ela_metadataset,XGBoost,0.8,Tuning,Tuning,0.012244224548339844,0.9877557754516602
Ela_metadataset,XGBoost,0.8,Defaults,Defaults,0.9733659029006958,0.026634080335497856
Ela_metadataset,XGBoost,0.8,Tuning,Tuning,0.2229626178741455,0.7770373821258545
Ela_metadataset,XGBoost,0.8,Tuning,Tuning,0.029616951942443848,0.9703830480575562
Ela_metadataset,XGBoost,0.8,Defaults,Tuning,0.16190999746322632,0.8380900025367737
Ela_metadataset,XGBoost,0.8,Defaults,Tuning,0.04064840078353882,0.9593515992164612
Ela_metadataset,XGBoost,0.8,Tuning,Tuning,0.07937097549438477,0.9206290245056152
Ela_metadataset,XGBoost,0.8,Tuning,Defaults,0.782179594039917,0.21782037615776062
Ela_metadataset,XGBoost,0.8,Defaults,Tuning,0.022033095359802246,0.9779669046401978
Ela_metadataset,XGBoost,0.8,Tuning,Tuning,0.0013169646263122559,0.9986830353736877
Ela_metadataset,XGBoost,0.8,Tuning,Defaults,0.6196967959403992,0.38030320405960083
Ela_metadataset,XGBoost,0.8,Tuning,Tuning,0.42918819189071655,0.5708118081092834
Ela_metadataset,XGBoost,0.8,Tuning,Tuning,0.021807312965393066,0.9781926870346069
Ela_metadataset,XGBoost,0.85,Tuning,Tuning,0.021396160125732422,0.9786038398742676
Ela_metadataset,XGBoost,0.85,Tuning,Tuning,0.030719280242919922,0.9692807197570801
Ela_metadataset,XGBoost,0.85,Defaults,Defaults,0.8049414157867432,0.19505859911441803
Ela_metadataset,XGBoost,0.85,Tuning,Tuning,0.02005976438522339,0.9799402356147766
Ela_metadataset,XGBoost,0.85,Tuning,Tuning,0.0015475749969482422,0.9984524250030518
Ela_metadataset,XGBoost,0.85,Tuning,Tuning,0.08032000064849854,0.9196799993515015
Ela_metadataset,XGBoost,0.85,Tuning,Tuning,0.006084263324737549,0.9939157366752625
Ela_metadataset,XGBoost,0.85,Defaults,Tuning,0.011016428470611572,0.9889835715293884
Ela_metadataset,XGBoost,0.85,Defaults,Defaults,0.6310533285140991,0.36894670128822327
Ela_metadataset,XGBoost,0.85,Tuning,Tuning,0.025930345058441162,0.9740696549415588
Ela_metadataset,XGBoost,0.85,Tuning,Tuning,0.0008266568183898926,0.9991733431816101
Ela_metadataset,XGBoost,0.85,Defaults,Defaults,0.9652332067489624,0.0347667820751667
Ela_metadataset,XGBoost,0.85,Tuning,Tuning,0.19518041610717773,0.8048195838928223
Ela_metadataset,XGBoost,0.85,Tuning,Tuning,0.2650291919708252,0.7349708080291748
Ela_metadataset,XGBoost,0.85,Tuning,Tuning,0.002439737319946289,0.9975602626800537
Ela_metadataset,XGBoost,0.85,Tuning,Tuning,0.002115786075592041,0.997884213924408
Ela_metadataset,XGBoost,0.85,Defaults,Defaults,0.5794156789779663,0.4205843210220337
Ela_metadataset,XGBoost,0.85,Tuning,Tuning,0.04025447368621826,0.9597455263137817
Ela_metadataset,XGBoost,0.85,Defaults,Defaults,0.8182865977287292,0.18171340227127075
Ela_metadataset,XGBoost,0.85,Tuning,Defaults,0.9808591604232788,0.019140809774398804
Ela_metadataset,XGBoost,0.85,Tuning,Tuning,0.10993295907974243,0.8900670409202576
Ela_metadataset,XGBoost,0.85,Defaults,Defaults,0.9876360893249512,0.012363925576210022
Ela_metadataset,XGBoost,0.85,Tuning,Defaults,0.8474992513656616,0.15250076353549957
Ela_metadataset,XGBoost,0.85,Tuning,Tuning,0.07604438066482544,0.9239556193351746
Ela_metadataset,XGBoost,0.85,Tuning,Tuning,0.0052713751792907715,0.9947286248207092
Ela_metadataset,XGBoost,0.85,Tuning,Tuning,0.010046899318695068,0.9899531006813049
Ela_metadataset,XGBoost,0.85,Tuning,Tuning,0.0021170973777770996,0.9978829026222229
Ela_metadataset,XGBoost,0.85,Tuning,Tuning,0.06407415866851807,0.9359258413314819
Ela_metadataset,XGBoost,0.85,Tuning,Tuning,0.0036792755126953125,0.9963207244873047
Ela_metadataset,XGBoost,0.85,Tuning,Tuning,0.047421932220458984,0.952578067779541
Ela_metadataset,XGBoost,0.85,Tuning,Tuning,0.009840667247772217,0.9901593327522278
Ela_metadataset,XGBoost,0.85,Tuning,Tuning,0.0020031332969665527,0.9979968667030334
Ela_metadataset,XGBoost,0.85,Defaults,Defaults,0.9600276350975037,0.03997233882546425
Ela_metadataset,XGBoost,0.85,Defaults,Defaults,0.9872461557388306,0.012753836810588837
Ela_metadataset,XGBoost,0.85,Tuning,Tuning,0.002115190029144287,0.9978848099708557
Ela_metadataset,XGBoost,0.85,Tuning,Tuning,0.4769594073295593,0.5230405926704407
Ela_metadataset,XGBoost,0.85,Tuning,Tuning,0.028950989246368408,0.9710490107536316
Ela_metadataset,XGBoost,0.85,Defaults,Tuning,0.38268136978149414,0.6173186302185059
Ela_metadataset,XGBoost,0.85,Tuning,Tuning,0.0036934614181518555,0.9963065385818481
Ela_metadataset,XGBoost,0.85,Defaults,Tuning,0.304831862449646,0.695168137550354
Ela_metadataset,XGBoost,0.85,Tuning,Tuning,0.004956364631652832,0.9950436353683472
Ela_metadataset,XGBoost,0.85,Tuning,Tuning,0.0012941360473632812,0.9987058639526367
Ela_metadataset,XGBoost,0.85,Tuning,Tuning,0.019991636276245117,0.9800083637237549
Ela_metadataset,XGBoost,0.85,Tuning,Tuning,0.0018913745880126953,0.9981086254119873
Ela_metadataset,XGBoost,0.85,Tuning,Tuning,0.005449235439300537,0.9945507645606995
Ela_metadataset,XGBoost,0.85,Tuning,Tuning,0.0041654109954833984,0.9958345890045166
Ela_metadataset,XGBoost,0.85,Tuning,Tuning,0.026006996631622314,0.9739930033683777
Ela_metadataset,XGBoost,0.85,Tuning,Tuning,0.0012146830558776855,0.9987853169441223
Ela_metadataset,XGBoost,0.85,Tuning,Tuning,0.04291433095932007,0.9570856690406799
Ela_metadataset,XGBoost,0.85,Tuning,Tuning,0.002950429916381836,0.9970495700836182
Ela_metadataset,XGBoost,0.85,Defaults,Defaults,0.8758112788200378,0.12418872863054276
Ela_metadataset,XGBoost,0.85,Tuning,Tuning,0.12201422452926636,0.8779857754707336
Ela_metadataset,XGBoost,0.85,Tuning,Tuning,0.009473204612731934,0.9905267953872681
Ela_metadataset,XGBoost,0.85,Defaults,Tuning,0.007355868816375732,0.9926441311836243
Ela_metadataset,XGBoost,0.85,Tuning,Defaults,0.5475542545318604,0.45244571566581726
Ela_metadataset,XGBoost,0.85,Tuning,Tuning,0.08101320266723633,0.9189867973327637
Ela_metadataset,XGBoost,0.85,Tuning,Tuning,0.0018182992935180664,0.9981817007064819
Ela_metadataset,XGBoost,0.85,Tuning,Defaults,0.9919379949569702,0.008061999455094337
Ela_metadataset,XGBoost,0.85,Tuning,Tuning,0.01758497953414917,0.9824150204658508
Ela_metadataset,XGBoost,0.85,Tuning,Tuning,0.05943983793258667,0.9405601620674133
Ela_metadataset,XGBoost,0.85,Tuning,Tuning,0.12824475765228271,0.8717552423477173
Ela_metadataset,XGBoost,0.85,Tuning,Tuning,0.012906134128570557,0.9870938658714294
Ela_metadataset,XGBoost,0.85,Tuning,Tuning,0.004452109336853027,0.995547890663147
Ela_metadataset,XGBoost,0.85,Defaults,Tuning,0.20834112167358398,0.791658878326416
Ela_metadataset,XGBoost,0.85,Tuning,Tuning,0.1376095414161682,0.8623904585838318
Ela_metadataset,XGBoost,0.85,Defaults,Defaults,0.9275899529457092,0.07241002470254898
Ela_metadataset,XGBoost,0.85,Tuning,Tuning,0.0024712681770324707,0.9975287318229675
Ela_metadataset,XGBoost,0.85,Tuning,Tuning,0.009170770645141602,0.9908292293548584
Ela_metadataset,XGBoost,0.85,Tuning,Tuning,0.005378127098083496,0.9946218729019165
Ela_metadataset,XGBoost,0.85,Tuning,Tuning,0.4811100363731384,0.5188899636268616
Ela_metadataset,XGBoost,0.85,Tuning,Defaults,0.7734084725379944,0.22659151256084442
Ela_metadataset,XGBoost,0.85,Defaults,Tuning,0.024728119373321533,0.9752718806266785
Ela_metadataset,XGBoost,0.85,Tuning,Tuning,0.06513488292694092,0.9348651170730591
Ela_metadataset,XGBoost,0.85,Defaults,Defaults,0.8031495809555054,0.19685043394565582
Ela_metadataset,XGBoost,0.85,Defaults,Defaults,0.5422962307929993,0.45770376920700073
Ela_metadataset,XGBoost,0.85,Defaults,Tuning,0.39272189140319824,0.6072781085968018
Ela_metadataset,XGBoost,0.85,Defaults,Defaults,0.9528458714485168,0.047154154628515244
Ela_metadataset,XGBoost,0.85,Tuning,Tuning,0.04596734046936035,0.9540326595306396
Ela_metadataset,XGBoost,0.85,Tuning,Tuning,0.051366329193115234,0.9486336708068848
Ela_metadataset,XGBoost,0.85,Tuning,Tuning,0.0021939873695373535,0.9978060126304626
Ela_metadataset,XGBoost,0.85,Defaults,Tuning,0.3018203377723694,0.6981796622276306
Ela_metadataset,XGBoost,0.85,Defaults,Tuning,0.1051216721534729,0.8948783278465271
Ela_metadataset,XGBoost,0.85,Defaults,Tuning,0.19397348165512085,0.8060265183448792
Ela_metadataset,XGBoost,0.85,Defaults,Defaults,0.9985824823379517,0.0014175038086250424
Ela_metadataset,XGBoost,0.85,Tuning,Defaults,0.5646843314170837,0.43531566858291626
Ela_metadataset,XGBoost,0.85,Tuning,Tuning,0.4402938485145569,0.5597061514854431
Ela_metadataset,XGBoost,0.85,Defaults,Defaults,0.9744322896003723,0.02556769549846649
Ela_metadataset,XGBoost,0.85,Tuning,Tuning,0.002475917339324951,0.997524082660675
Ela_metadataset,XGBoost,0.85,Defaults,Tuning,0.025096476078033447,0.9749035239219666
Ela_metadataset,XGBoost,0.85,Tuning,Tuning,0.0022702813148498535,0.9977297186851501
Ela_metadataset,XGBoost,0.85,Tuning,Tuning,0.03800696134567261,0.9619930386543274
Ela_metadataset,XGBoost,0.85,Defaults,Tuning,0.21907520294189453,0.7809247970581055
Ela_metadataset,XGBoost,0.85,Tuning,Tuning,0.216164231300354,0.783835768699646
Ela_metadataset,XGBoost,0.85,Defaults,Defaults,0.9163536429405212,0.08364634960889816
Ela_metadataset,XGBoost,0.85,Tuning,Tuning,0.02810293436050415,0.9718970656394958
Ela_metadataset,XGBoost,0.85,Tuning,Tuning,0.012812376022338867,0.9871876239776611
Ela_metadataset,XGBoost,0.85,Tuning,Tuning,0.03700977563858032,0.9629902243614197
Ela_metadataset,XGBoost,0.85,Defaults,Tuning,0.009213030338287354,0.9907869696617126
Ela_metadataset,XGBoost,0.85,Tuning,Tuning,0.01093447208404541,0.9890655279159546
Ela_metadataset,XGBoost,0.85,Tuning,Tuning,0.040355145931243896,0.9596448540687561
Ela_metadataset,XGBoost,0.85,Tuning,Tuning,0.0061727166175842285,0.9938272833824158
Ela_metadataset,XGBoost,0.85,Defaults,Tuning,0.006945312023162842,0.9930546879768372
Ela_metadataset,XGBoost,0.85,Tuning,Tuning,0.05427396297454834,0.9457260370254517
Ela_metadataset,XGBoost,0.85,Tuning,Tuning,0.012790918350219727,0.9872090816497803
Ela_metadataset,XGBoost,0.85,Tuning,Tuning,0.0035563111305236816,0.9964436888694763
Ela_metadataset,XGBoost,0.85,Tuning,Tuning,0.015762031078338623,0.9842379689216614
Ela_metadataset,XGBoost,0.85,Tuning,Defaults,0.6748179197311401,0.32518208026885986
Ela_metadataset,XGBoost,0.85,Tuning,Tuning,0.005737602710723877,0.9942623972892761
Ela_metadataset,XGBoost,0.85,Tuning,Tuning,0.02019745111465454,0.9798025488853455
Ela_metadataset,XGBoost,0.85,Defaults,Tuning,0.1212359070777893,0.8787640929222107
Ela_metadataset,XGBoost,0.85,Tuning,Tuning,0.009281814098358154,0.9907181859016418
Ela_metadataset,XGBoost,0.85,Tuning,Tuning,0.0017921924591064453,0.9982078075408936
Ela_metadataset,XGBoost,0.85,Tuning,Tuning,0.02480781078338623,0.9751921892166138
Ela_metadataset,XGBoost,0.85,Tuning,Tuning,0.03206789493560791,0.9679321050643921
Ela_metadataset,XGBoost,0.85,Tuning,Tuning,0.029724717140197754,0.9702752828598022
Ela_metadataset,XGBoost,0.85,Tuning,Tuning,0.0012496709823608398,0.9987503290176392
Ela_metadataset,XGBoost,0.85,Tuning,Tuning,0.24032580852508545,0.7596741914749146
Ela_metadataset,XGBoost,0.85,Tuning,Defaults,0.5981281995773315,0.40187183022499084
Ela_metadataset,XGBoost,0.85,Defaults,Tuning,0.4461356997489929,0.5538643002510071
Ela_metadataset,XGBoost,0.85,Tuning,Tuning,0.011560320854187012,0.988439679145813
Ela_metadataset,XGBoost,0.85,Defaults,Tuning,0.04850351810455322,0.9514964818954468
Ela_metadataset,XGBoost,0.85,Tuning,Tuning,0.0008498430252075195,0.9991501569747925
Ela_metadataset,XGBoost,0.85,Tuning,Tuning,0.296600878238678,0.703399121761322
Ela_metadataset,XGBoost,0.85,Tuning,Tuning,0.0029399991035461426,0.9970600008964539
Ela_metadataset,XGBoost,0.85,Tuning,Tuning,0.18739479780197144,0.8126052021980286
Ela_metadataset,XGBoost,0.85,Defaults,Tuning,0.07998239994049072,0.9200176000595093
Ela_metadataset,XGBoost,0.85,Defaults,Defaults,0.9382238388061523,0.061776190996170044
Ela_metadataset,XGBoost,0.85,Tuning,Tuning,0.04438656568527222,0.9556134343147278
Ela_metadataset,XGBoost,0.85,Tuning,Tuning,0.18141412734985352,0.8185858726501465
Ela_metadataset,XGBoost,0.85,Tuning,Tuning,0.012761175632476807,0.9872388243675232
Ela_metadataset,XGBoost,0.85,Tuning,Tuning,0.007565975189208984,0.992434024810791
Ela_metadataset,XGBoost,0.85,Tuning,Tuning,0.08600836992263794,0.9139916300773621
Ela_metadataset,XGBoost,0.85,Tuning,Tuning,0.04224371910095215,0.9577562808990479
Ela_metadataset,XGBoost,0.85,Tuning,Tuning,0.09167850017547607,0.9083214998245239
Ela_metadataset,XGBoost,0.85,Tuning,Tuning,0.30692511796951294,0.6930748820304871
Ela_metadataset,XGBoost,0.85,Defaults,Tuning,0.2854738235473633,0.7145261764526367
Ela_metadataset,XGBoost,0.85,Tuning,Defaults,0.9169875383377075,0.08301245421171188
Ela_metadataset,XGBoost,0.85,Tuning,Defaults,0.890072226524353,0.10992780327796936
Ela_metadataset,XGBoost,0.85,Tuning,Tuning,0.05336177349090576,0.9466382265090942
Ela_metadataset,XGBoost,0.85,Tuning,Defaults,0.986784040927887,0.013215986080467701
Ela_metadataset,XGBoost,0.85,Defaults,Tuning,0.45747441053390503,0.542525589466095
Ela_metadataset,XGBoost,0.85,Tuning,Tuning,0.011458158493041992,0.988541841506958
Ela_metadataset,XGBoost,0.85,Tuning,Tuning,0.015727758407592773,0.9842722415924072
Ela_metadataset,XGBoost,0.85,Tuning,Tuning,0.0029973387718200684,0.9970026612281799
Ela_metadataset,XGBoost,0.85,Defaults,Tuning,0.0015763044357299805,0.99842369556427
Ela_metadataset,XGBoost,0.85,Tuning,Tuning,0.4141066074371338,0.5858933925628662
Ela_metadataset,XGBoost,0.85,Tuning,Tuning,0.07079356908798218,0.9292064309120178
Ela_metadataset,XGBoost,0.85,Tuning,Tuning,0.1341279149055481,0.8658720850944519
Ela_metadataset,XGBoost,0.85,Defaults,Defaults,0.9555774927139282,0.04442248493432999
Ela_metadataset,XGBoost,0.85,Defaults,Tuning,0.2408657670021057,0.7591342329978943
Ela_metadataset,XGBoost,0.85,Tuning,Defaults,0.9543244242668152,0.045675598084926605
Ela_metadataset,XGBoost,0.85,Tuning,Tuning,0.00774616003036499,0.992253839969635
Ela_metadataset,XGBoost,0.85,Tuning,Tuning,0.009105682373046875,0.9908943176269531
Ela_metadataset,XGBoost,0.85,Defaults,Tuning,0.012434065341949463,0.9875659346580505
Ela_metadataset,XGBoost,0.85,Defaults,Tuning,0.29214155673980713,0.7078584432601929
Ela_metadataset,XGBoost,0.85,Defaults,Defaults,0.993628740310669,0.006371269468218088
Ela_metadataset,XGBoost,0.85,Tuning,Tuning,0.010157763957977295,0.9898422360420227
Ela_metadataset,XGBoost,0.85,Defaults,Defaults,0.5668563842773438,0.43314364552497864
Ela_metadataset,XGBoost,0.85,Tuning,Tuning,0.34515106678009033,0.6548489332199097
Ela_metadataset,XGBoost,0.85,Tuning,Tuning,0.00876075029373169,0.9912392497062683
Ela_metadataset,XGBoost,0.85,Defaults,Tuning,0.08784878253936768,0.9121512174606323
Ela_metadataset,XGBoost,0.85,Defaults,Tuning,0.1906248927116394,0.8093751072883606
Ela_metadataset,XGBoost,0.85,Tuning,Defaults,0.5251691937446594,0.4748308062553406
Ela_metadataset,XGBoost,0.85,Tuning,Defaults,0.5736474394798279,0.4263525605201721
Ela_metadataset,XGBoost,0.85,Defaults,Tuning,0.06709468364715576,0.9329053163528442
Ela_metadataset,XGBoost,0.85,Tuning,Tuning,0.0014074444770812988,0.9985925555229187
Ela_metadataset,XGBoost,0.85,Tuning,Tuning,0.2425946593284607,0.7574053406715393
Ela_metadataset,XGBoost,0.85,Tuning,Defaults,0.6681037545204163,0.33189624547958374
Ela_metadataset,XGBoost,0.85,Tuning,Tuning,0.0279158353805542,0.9720841646194458
Ela_metadataset,XGBoost,0.9,Tuning,Tuning,0.0446319580078125,0.9553680419921875
Ela_metadataset,XGBoost,0.9,Tuning,Tuning,0.01671057939529419,0.9832894206047058
Ela_metadataset,XGBoost,0.9,Defaults,Defaults,0.6731309294700623,0.32686907052993774
Ela_metadataset,XGBoost,0.9,Tuning,Tuning,0.0071302056312561035,0.9928697943687439
Ela_metadataset,XGBoost,0.9,Tuning,Tuning,0.0011038780212402344,0.9988961219787598
Ela_metadataset,XGBoost,0.9,Tuning,Tuning,0.05187326669692993,0.9481267333030701
Ela_metadataset,XGBoost,0.9,Tuning,Tuning,0.008791565895080566,0.9912084341049194
Ela_metadataset,XGBoost,0.9,Defaults,Tuning,0.008646190166473389,0.9913538098335266
Ela_metadataset,XGBoost,0.9,Defaults,Defaults,0.6438853144645691,0.3561146855354309
Ela_metadataset,XGBoost,0.9,Tuning,Tuning,0.08815056085586548,0.9118494391441345
Ela_metadataset,XGBoost,0.9,Tuning,Tuning,0.0012552738189697266,0.9987447261810303
Ela_metadataset,XGBoost,0.9,Defaults,Defaults,0.9556797742843628,0.0443202368915081
Ela_metadataset,XGBoost,0.9,Tuning,Tuning,0.273138165473938,0.726861834526062
Ela_metadataset,XGBoost,0.9,Tuning,Tuning,0.2686903476715088,0.7313096523284912
Ela_metadataset,XGBoost,0.9,Tuning,Tuning,0.0026382803916931152,0.9973617196083069
Ela_metadataset,XGBoost,0.9,Tuning,Tuning,0.003270745277404785,0.9967292547225952
Ela_metadataset,XGBoost,0.9,Defaults,Defaults,0.7498380541801453,0.25016194581985474
Ela_metadataset,XGBoost,0.9,Tuning,Tuning,0.03923755884170532,0.9607624411582947
Ela_metadataset,XGBoost,0.9,Defaults,Defaults,0.592985212802887,0.40701478719711304
Ela_metadataset,XGBoost,0.9,Tuning,Defaults,0.9866847395896912,0.013315270654857159
Ela_metadataset,XGBoost,0.9,Tuning,Tuning,0.06997460126876831,0.9300253987312317
Ela_metadataset,XGBoost,0.9,Defaults,Defaults,0.9793930053710938,0.020606976002454758
Ela_metadataset,XGBoost,0.9,Tuning,Defaults,0.7067034244537354,0.29329660534858704
Ela_metadataset,XGBoost,0.9,Tuning,Tuning,0.13049715757369995,0.8695028424263
Ela_metadataset,XGBoost,0.9,Tuning,Tuning,0.003200054168701172,0.9967999458312988
Ela_metadataset,XGBoost,0.9,Tuning,Tuning,0.004202723503112793,0.9957972764968872
Ela_metadataset,XGBoost,0.9,Tuning,Tuning,0.005675137042999268,0.9943248629570007
Ela_metadataset,XGBoost,0.9,Tuning,Tuning,0.06762629747390747,0.9323737025260925
Ela_metadataset,XGBoost,0.9,Tuning,Tuning,0.004790961742401123,0.9952090382575989
Ela_metadataset,XGBoost,0.9,Tuning,Tuning,0.03304600715637207,0.9669539928436279
Ela_metadataset,XGBoost,0.9,Tuning,Tuning,0.007079899311065674,0.9929201006889343
Ela_metadataset,XGBoost,0.9,Tuning,Tuning,0.0052817463874816895,0.9947182536125183
Ela_metadataset,XGBoost,0.9,Defaults,Defaults,0.9578356742858887,0.042164336889982224
Ela_metadataset,XGBoost,0.9,Defaults,Defaults,0.9924709796905518,0.007528997492045164
Ela_metadataset,XGBoost,0.9,Tuning,Tuning,0.002892434597015381,0.9971075654029846
Ela_metadataset,XGBoost,0.9,Tuning,Defaults,0.5156163573265076,0.48438364267349243
Ela_metadataset,XGBoost,0.9,Tuning,Tuning,0.034471213817596436,0.9655287861824036
Ela_metadataset,XGBoost,0.9,Defaults,Tuning,0.4288180470466614,0.5711819529533386
Ela_metadataset,XGBoost,0.9,Tuning,Tuning,0.006883680820465088,0.9931163191795349
Ela_metadataset,XGBoost,0.9,Defaults,Tuning,0.28999191522598267,0.7100080847740173
Ela_metadataset,XGBoost,0.9,Tuning,Tuning,0.004742324352264404,0.9952576756477356
Ela_metadataset,XGBoost,0.9,Tuning,Tuning,0.0007483363151550293,0.999251663684845
Ela_metadataset,XGBoost,0.9,Tuning,Tuning,0.01273047924041748,0.9872695207595825
Ela_metadataset,XGBoost,0.9,Tuning,Tuning,0.0012249350547790527,0.998775064945221
Ela_metadataset,XGBoost,0.9,Tuning,Tuning,0.004888713359832764,0.9951112866401672
Ela_metadataset,XGBoost,0.9,Tuning,Tuning,0.005479335784912109,0.9945206642150879
Ela_metadataset,XGBoost,0.9,Tuning,Tuning,0.022147297859191895,0.9778527021408081
Ela_metadataset,XGBoost,0.9,Tuning,Tuning,0.001081705093383789,0.9989182949066162
Ela_metadataset,XGBoost,0.9,Tuning,Tuning,0.06684160232543945,0.9331583976745605
Ela_metadataset,XGBoost,0.9,Tuning,Tuning,0.0011414289474487305,0.9988585710525513
Ela_metadataset,XGBoost,0.9,Defaults,Defaults,0.8995600342750549,0.10043995827436447
Ela_metadataset,XGBoost,0.9,Tuning,Tuning,0.22403669357299805,0.775963306427002
Ela_metadataset,XGBoost,0.9,Tuning,Tuning,0.010258674621582031,0.989741325378418
Ela_metadataset,XGBoost,0.9,Defaults,Tuning,0.009075582027435303,0.9909244179725647
Ela_metadataset,XGBoost,0.9,Tuning,Defaults,0.582871675491333,0.417128324508667
Ela_metadataset,XGBoost,0.9,Tuning,Tuning,0.03183215856552124,0.9681678414344788
Ela_metadataset,XGBoost,0.9,Tuning,Tuning,0.0013734102249145508,0.9986265897750854
Ela_metadataset,XGBoost,0.9,Tuning,Defaults,0.9948639273643494,0.005136054940521717
Ela_metadataset,XGBoost,0.9,Tuning,Tuning,0.018973469734191895,0.9810265302658081
Ela_metadataset,XGBoost,0.9,Tuning,Tuning,0.0697176456451416,0.9302823543548584
Ela_metadataset,XGBoost,0.9,Tuning,Tuning,0.1571347713470459,0.8428652286529541
Ela_metadataset,XGBoost,0.9,Tuning,Tuning,0.008388340473175049,0.991611659526825
Ela_metadataset,XGBoost,0.9,Tuning,Tuning,0.0017431378364562988,0.9982568621635437
Ela_metadataset,XGBoost,0.9,Defaults,Tuning,0.18488091230392456,0.8151190876960754
Ela_metadataset,XGBoost,0.9,Tuning,Tuning,0.43628990650177,0.56371009349823
Ela_metadataset,XGBoost,0.9,Defaults,Defaults,0.9249159693717957,0.07508400827646255
Ela_metadataset,XGBoost,0.9,Tuning,Tuning,0.001782834529876709,0.9982171654701233
Ela_metadataset,XGBoost,0.9,Tuning,Tuning,0.015256226062774658,0.9847437739372253
Ela_metadataset,XGBoost,0.9,Tuning,Tuning,0.0069997310638427734,0.9930002689361572
Ela_metadataset,XGBoost,0.9,Tuning,Defaults,0.5473494529724121,0.4526505172252655
Ela_metadataset,XGBoost,0.9,Tuning,Defaults,0.8909845352172852,0.10901547223329544
Ela_metadataset,XGBoost,0.9,Defaults,Tuning,0.027035832405090332,0.9729641675949097
Ela_metadataset,XGBoost,0.9,Tuning,Tuning,0.023075103759765625,0.9769248962402344
Ela_metadataset,XGBoost,0.9,Defaults,Tuning,0.3721235990524292,0.6278764009475708
Ela_metadataset,XGBoost,0.9,Defaults,Defaults,0.6441134214401245,0.3558865487575531
Ela_metadataset,XGBoost,0.9,Defaults,Defaults,0.5678672790527344,0.43213269114494324
Ela_metadataset,XGBoost,0.9,Defaults,Defaults,0.8867970705032349,0.11320292204618454
Ela_metadataset,XGBoost,0.9,Tuning,Tuning,0.017537832260131836,0.9824621677398682
Ela_metadataset,XGBoost,0.9,Tuning,Tuning,0.025269150733947754,0.9747308492660522
Ela_metadataset,XGBoost,0.9,Tuning,Tuning,0.0032126903533935547,0.9967873096466064
Ela_metadataset,XGBoost,0.9,Defaults,Tuning,0.45038241147994995,0.54961758852005
Ela_metadataset,XGBoost,0.9,Defaults,Tuning,0.09686332941055298,0.903136670589447
Ela_metadataset,XGBoost,0.9,Defaults,Tuning,0.222165048122406,0.777834951877594
Ela_metadataset,XGBoost,0.9,Defaults,Defaults,0.997935950756073,0.002064031781628728
Ela_metadataset,XGBoost,0.9,Tuning,Defaults,0.7613248825073242,0.23867513239383698
Ela_metadataset,XGBoost,0.9,Tuning,Defaults,0.5081051588058472,0.4918948709964752
Ela_metadataset,XGBoost,0.9,Defaults,Defaults,0.9655550122261047,0.03444499894976616
Ela_metadataset,XGBoost,0.9,Tuning,Tuning,0.0017292499542236328,0.9982707500457764
Ela_metadataset,XGBoost,0.9,Defaults,Tuning,0.02631521224975586,0.9736847877502441
Ela_metadataset,XGBoost,0.9,Tuning,Tuning,0.004564821720123291,0.9954351782798767
Ela_metadataset,XGBoost,0.9,Tuning,Tuning,0.04555600881576538,0.9544439911842346
Ela_metadataset,XGBoost,0.9,Defaults,Tuning,0.20154982805252075,0.7984501719474792
Ela_metadataset,XGBoost,0.9,Tuning,Tuning,0.2721945643424988,0.7278054356575012
Ela_metadataset,XGBoost,0.9,Defaults,Defaults,0.8560391068458557,0.1439608782529831
Ela_metadataset,XGBoost,0.9,Tuning,Tuning,0.020739972591400146,0.9792600274085999
Ela_metadataset,XGBoost,0.9,Tuning,Tuning,0.009171485900878906,0.9908285140991211
Ela_metadataset,XGBoost,0.9,Tuning,Tuning,0.0688314437866211,0.9311685562133789
Ela_metadataset,XGBoost,0.9,Defaults,Tuning,0.005680441856384277,0.9943195581436157
Ela_metadataset,XGBoost,0.9,Tuning,Tuning,0.020320117473602295,0.9796798825263977
Ela_metadataset,XGBoost,0.9,Tuning,Tuning,0.03318488597869873,0.9668151140213013
Ela_metadataset,XGBoost,0.9,Tuning,Tuning,0.011066913604736328,0.9889330863952637
Ela_metadataset,XGBoost,0.9,Defaults,Tuning,0.007252991199493408,0.9927470088005066
Ela_metadataset,XGBoost,0.9,Tuning,Tuning,0.04403829574584961,0.9559617042541504
Ela_metadataset,XGBoost,0.9,Tuning,Tuning,0.014993488788604736,0.9850065112113953
Ela_metadataset,XGBoost,0.9,Tuning,Tuning,0.0030555129051208496,0.9969444870948792
Ela_metadataset,XGBoost,0.9,Tuning,Tuning,0.03639185428619385,0.9636081457138062
Ela_metadataset,XGBoost,0.9,Tuning,Defaults,0.6873775124549866,0.3126224875450134
Ela_metadataset,XGBoost,0.9,Tuning,Tuning,0.005059719085693359,0.9949402809143066
Ela_metadataset,XGBoost,0.9,Tuning,Tuning,0.025121212005615234,0.9748787879943848
Ela_metadataset,XGBoost,0.9,Defaults,Tuning,0.09118181467056274,0.9088181853294373
Ela_metadataset,XGBoost,0.9,Tuning,Tuning,0.014168024063110352,0.9858319759368896
Ela_metadataset,XGBoost,0.9,Tuning,Tuning,0.0018729567527770996,0.9981270432472229
Ela_metadataset,XGBoost,0.9,Tuning,Tuning,0.02848571538925171,0.9715142846107483
Ela_metadataset,XGBoost,0.9,Tuning,Tuning,0.02909696102142334,0.9709030389785767
Ela_metadataset,XGBoost,0.9,Tuning,Tuning,0.030553162097930908,0.9694468379020691
Ela_metadataset,XGBoost,0.9,Tuning,Tuning,0.0007336735725402832,0.9992663264274597
Ela_metadataset,XGBoost,0.9,Tuning,Tuning,0.11250263452529907,0.8874973654747009
Ela_metadataset,XGBoost,0.9,Tuning,Tuning,0.43464183807373047,0.5653581619262695
Ela_metadataset,XGBoost,0.9,Defaults,Tuning,0.13603246212005615,0.8639675378799438
Ela_metadataset,XGBoost,0.9,Tuning,Tuning,0.015098154544830322,0.9849018454551697
Ela_metadataset,XGBoost,0.9,Defaults,Tuning,0.017495691776275635,0.9825043082237244
Ela_metadataset,XGBoost,0.9,Tuning,Tuning,0.0006161928176879883,0.999383807182312
Ela_metadataset,XGBoost,0.9,Tuning,Tuning,0.427490770816803,0.572509229183197
Ela_metadataset,XGBoost,0.9,Tuning,Tuning,0.0029584765434265137,0.9970415234565735
Ela_metadataset,XGBoost,0.9,Tuning,Tuning,0.11659705638885498,0.883402943611145
Ela_metadataset,XGBoost,0.9,Defaults,Tuning,0.0773499608039856,0.9226500391960144
Ela_metadataset,XGBoost,0.9,Defaults,Defaults,0.8941529393196106,0.10584703832864761
Ela_metadataset,XGBoost,0.9,Tuning,Tuning,0.014049708843231201,0.9859502911567688
Ela_metadataset,XGBoost,0.9,Tuning,Tuning,0.13132983446121216,0.8686701655387878
Ela_metadataset,XGBoost,0.9,Tuning,Tuning,0.0216333270072937,0.9783666729927063
Ela_metadataset,XGBoost,0.9,Tuning,Tuning,0.006076991558074951,0.993923008441925
Ela_metadataset,XGBoost,0.9,Tuning,Tuning,0.05431300401687622,0.9456869959831238
Ela_metadataset,XGBoost,0.9,Tuning,Tuning,0.02196967601776123,0.9780303239822388
Ela_metadataset,XGBoost,0.9,Tuning,Tuning,0.08568716049194336,0.9143128395080566
Ela_metadataset,XGBoost,0.9,Tuning,Tuning,0.21278077363967896,0.787219226360321
Ela_metadataset,XGBoost,0.9,Defaults,Tuning,0.18265116214752197,0.817348837852478
Ela_metadataset,XGBoost,0.9,Tuning,Defaults,0.907869815826416,0.09213020652532578
Ela_metadataset,XGBoost,0.9,Tuning,Defaults,0.7733831405639648,0.22661687433719635
Ela_metadataset,XGBoost,0.9,Tuning,Tuning,0.028527438640594482,0.9714725613594055
Ela_metadataset,XGBoost,0.9,Tuning,Defaults,0.985832691192627,0.01416732370853424
Ela_metadataset,XGBoost,0.9,Defaults,Tuning,0.44079047441482544,0.5592095255851746
Ela_metadataset,XGBoost,0.9,Tuning,Tuning,0.010128796100616455,0.9898712038993835
Ela_metadataset,XGBoost,0.9,Tuning,Tuning,0.014426648616790771,0.9855733513832092
Ela_metadataset,XGBoost,0.9,Tuning,Tuning,0.002798914909362793,0.9972010850906372
Ela_metadataset,XGBoost,0.9,Defaults,Tuning,0.0020588040351867676,0.9979411959648132
Ela_metadataset,XGBoost,0.9,Tuning,Tuning,0.2896338701248169,0.7103661298751831
Ela_metadataset,XGBoost,0.9,Tuning,Tuning,0.07637578248977661,0.9236242175102234
Ela_metadataset,XGBoost,0.9,Tuning,Tuning,0.11675024032592773,0.8832497596740723
Ela_metadataset,XGBoost,0.9,Defaults,Defaults,0.9395608901977539,0.06043911725282669
Ela_metadataset,XGBoost,0.9,Defaults,Defaults,0.7082882523536682,0.2917117476463318
Ela_metadataset,XGBoost,0.9,Tuning,Defaults,0.9478139877319336,0.05218600481748581
Ela_metadataset,XGBoost,0.9,Tuning,Tuning,0.009632110595703125,0.9903678894042969
Ela_metadataset,XGBoost,0.9,Tuning,Tuning,0.011009454727172852,0.9889905452728271
Ela_metadataset,XGBoost,0.9,Defaults,Tuning,0.01872730255126953,0.9812726974487305
Ela_metadataset,XGBoost,0.9,Defaults,Tuning,0.35867881774902344,0.6413211822509766
Ela_metadataset,XGBoost,0.9,Defaults,Defaults,0.9913271069526672,0.008672885596752167
Ela_metadataset,XGBoost,0.9,Tuning,Tuning,0.019230008125305176,0.9807699918746948
Ela_metadataset,XGBoost,0.9,Defaults,Tuning,0.47583556175231934,0.5241644382476807
Ela_metadataset,XGBoost,0.9,Tuning,Tuning,0.39076709747314453,0.6092329025268555
Ela_metadataset,XGBoost,0.9,Tuning,Tuning,0.0032699108123779297,0.9967300891876221
Ela_metadataset,XGBoost,0.9,Defaults,Tuning,0.061001479625701904,0.9389985203742981
Ela_metadataset,XGBoost,0.9,Defaults,Tuning,0.18964749574661255,0.8103525042533875
Ela_metadataset,XGBoost,0.9,Tuning,Defaults,0.5057918429374695,0.4942081570625305
Ela_metadataset,XGBoost,0.9,Tuning,Defaults,0.5502244234085083,0.4497755765914917
Ela_metadataset,XGBoost,0.9,Defaults,Tuning,0.03259432315826416,0.9674056768417358
Ela_metadataset,XGBoost,0.9,Tuning,Tuning,0.0010358095169067383,0.9989641904830933
Ela_metadataset,XGBoost,0.9,Tuning,Tuning,0.22243887186050415,0.7775611281394958
Ela_metadataset,XGBoost,0.9,Tuning,Defaults,0.680599570274353,0.3194003999233246
Ela_metadataset,XGBoost,0.9,Tuning,Tuning,0.021447300910949707,0.9785526990890503
Ela_metadataset,XGBoost,0.95,Tuning,Tuning,0.009656071662902832,0.9903439283370972
Ela_metadataset,XGBoost,0.95,Tuning,Tuning,0.003960132598876953,0.996039867401123
Ela_metadataset,XGBoost,0.95,Defaults,Defaults,0.9677241444587708,0.032275862991809845
Ela_metadataset,XGBoost,0.95,Tuning,Tuning,0.12717288732528687,0.8728271126747131
Ela_metadataset,XGBoost,0.95,Tuning,Tuning,0.0007924437522888184,0.9992075562477112
Ela_metadataset,XGBoost,0.95,Tuning,Tuning,0.022214770317077637,0.9777852296829224
Ela_metadataset,XGBoost,0.95,Tuning,Tuning,0.018992364406585693,0.9810076355934143
Ela_metadataset,XGBoost,0.95,Defaults,Tuning,0.0142134428024292,0.9857865571975708
Ela_metadataset,XGBoost,0.95,Defaults,Defaults,0.6856673359870911,0.31433266401290894
Ela_metadataset,XGBoost,0.95,Tuning,Tuning,0.1061546802520752,0.8938453197479248
Ela_metadataset,XGBoost,0.95,Tuning,Tuning,0.0007810592651367188,0.9992189407348633
Ela_metadataset,XGBoost,0.95,Defaults,Defaults,0.9330725073814392,0.06692750006914139
Ela_metadataset,XGBoost,0.95,Tuning,Tuning,0.028186798095703125,0.9718132019042969
Ela_metadataset,XGBoost,0.95,Tuning,Tuning,0.3794819712638855,0.6205180287361145
Ela_metadataset,XGBoost,0.95,Tuning,Tuning,0.001490771770477295,0.9985092282295227
Ela_metadataset,XGBoost,0.95,Tuning,Tuning,0.002352893352508545,0.9976471066474915
Ela_metadataset,XGBoost,0.95,Defaults,Tuning,0.2650300860404968,0.7349699139595032
Ela_metadataset,XGBoost,0.95,Tuning,Tuning,0.02703934907913208,0.9729606509208679
Ela_metadataset,XGBoost,0.95,Defaults,Defaults,0.6880592107772827,0.3119407892227173
Ela_metadataset,XGBoost,0.95,Tuning,Defaults,0.9766636490821838,0.023336360231041908
Ela_metadataset,XGBoost,0.95,Tuning,Tuning,0.3215944766998291,0.6784055233001709
Ela_metadataset,XGBoost,0.95,Defaults,Defaults,0.9691022038459778,0.030897798016667366
Ela_metadataset,XGBoost,0.95,Tuning,Defaults,0.5496156215667725,0.45038437843322754
Ela_metadataset,XGBoost,0.95,Tuning,Tuning,0.09065693616867065,0.9093430638313293
Ela_metadataset,XGBoost,0.95,Tuning,Tuning,0.007650971412658691,0.9923490285873413
Ela_metadataset,XGBoost,0.95,Tuning,Tuning,0.020929336547851562,0.9790706634521484
Ela_metadataset,XGBoost,0.95,Tuning,Tuning,0.010120034217834473,0.9898799657821655
Ela_metadataset,XGBoost,0.95,Tuning,Tuning,0.10741031169891357,0.8925896883010864
Ela_metadataset,XGBoost,0.95,Tuning,Tuning,0.0028591156005859375,0.9971408843994141
Ela_metadataset,XGBoost,0.95,Tuning,Tuning,0.008420586585998535,0.9915794134140015
Ela_metadataset,XGBoost,0.95,Tuning,Tuning,0.009642302989959717,0.9903576970100403
Ela_metadataset,XGBoost,0.95,Tuning,Tuning,0.0030493736267089844,0.996950626373291
Ela_metadataset,XGBoost,0.95,Defaults,Defaults,0.935029149055481,0.06497084349393845
Ela_metadataset,XGBoost,0.95,Defaults,Defaults,0.981605052947998,0.018394947052001953
Ela_metadataset,XGBoost,0.95,Tuning,Tuning,0.0011307597160339355,0.9988692402839661
Ela_metadataset,XGBoost,0.95,Tuning,Tuning,0.19481825828552246,0.8051817417144775
Ela_metadataset,XGBoost,0.95,Tuning,Tuning,0.029043257236480713,0.9709567427635193
Ela_metadataset,XGBoost,0.95,Defaults,Defaults,0.6012132167816162,0.3987868130207062
Ela_metadataset,XGBoost,0.95,Tuning,Tuning,0.0025034546852111816,0.9974965453147888
Ela_metadataset,XGBoost,0.95,Defaults,Tuning,0.2580101490020752,0.7419898509979248
Ela_metadataset,XGBoost,0.95,Tuning,Tuning,0.006050467491149902,0.9939495325088501
Ela_metadataset,XGBoost,0.95,Tuning,Tuning,0.0017488598823547363,0.9982511401176453
Ela_metadataset,XGBoost,0.95,Tuning,Tuning,0.047754883766174316,0.9522451162338257
Ela_metadataset,XGBoost,0.95,Tuning,Tuning,0.00045305490493774414,0.9995469450950623
Ela_metadataset,XGBoost,0.95,Tuning,Tuning,0.03252202272415161,0.9674779772758484
Ela_metadataset,XGBoost,0.95,Tuning,Tuning,0.018230557441711426,0.9817694425582886
Ela_metadataset,XGBoost,0.95,Tuning,Tuning,0.021979033946990967,0.978020966053009
Ela_metadataset,XGBoost,0.95,Tuning,Tuning,0.009500086307525635,0.9904999136924744
Ela_metadataset,XGBoost,0.95,Tuning,Tuning,0.025897979736328125,0.9741020202636719
Ela_metadataset,XGBoost,0.95,Tuning,Tuning,0.0017861127853393555,0.9982138872146606
Ela_metadataset,XGBoost,0.95,Defaults,Defaults,0.8472996354103088,0.15270037949085236
Ela_metadataset,XGBoost,0.95,Tuning,Tuning,0.14607423543930054,0.8539257645606995
Ela_metadataset,XGBoost,0.95,Tuning,Tuning,0.020801424980163574,0.9791985750198364
Ela_metadataset,XGBoost,0.95,Defaults,Tuning,0.00840914249420166,0.9915908575057983
Ela_metadataset,XGBoost,0.95,Tuning,Tuning,0.25953853130340576,0.7404614686965942
Ela_metadataset,XGBoost,0.95,Tuning,Tuning,0.23172718286514282,0.7682728171348572
Ela_metadataset,XGBoost,0.95,Tuning,Tuning,0.0018303394317626953,0.9981696605682373
Ela_metadataset,XGBoost,0.95,Tuning,Defaults,0.9983754754066467,0.0016244999133050442
Ela_metadataset,XGBoost,0.95,Tuning,Tuning,0.013551771640777588,0.9864482283592224
Ela_metadataset,XGBoost,0.95,Tuning,Tuning,0.0367201566696167,0.9632798433303833
Ela_metadataset,XGBoost,0.95,Tuning,Defaults,0.5829752683639526,0.41702476143836975
Ela_metadataset,XGBoost,0.95,Tuning,Tuning,0.0060689449310302734,0.9939310550689697
Ela_metadataset,XGBoost,0.95,Tuning,Tuning,0.0018208026885986328,0.9981791973114014
Ela_metadataset,XGBoost,0.95,Defaults,Tuning,0.46948426961898804,0.530515730381012
Ela_metadataset,XGBoost,0.95,Tuning,Tuning,0.1590915322303772,0.8409084677696228
Ela_metadataset,XGBoost,0.95,Defaults,Defaults,0.6001819372177124,0.3998180329799652
Ela_metadataset,XGBoost,0.95,Tuning,Tuning,0.0029372572898864746,0.9970627427101135
Ela_metadataset,XGBoost,0.95,Tuning,Tuning,0.011106550693511963,0.988893449306488
Ela_metadataset,XGBoost,0.95,Tuning,Tuning,0.004819512367248535,0.9951804876327515
Ela_metadataset,XGBoost,0.95,Tuning,Tuning,0.33667248487472534,0.6633275151252747
Ela_metadataset,XGBoost,0.95,Tuning,Defaults,0.9605149030685425,0.03948507830500603
Ela_metadataset,XGBoost,0.95,Defaults,Tuning,0.059728026390075684,0.9402719736099243
Ela_metadataset,XGBoost,0.95,Tuning,Tuning,0.10708260536193848,0.8929173946380615
Ela_metadataset,XGBoost,0.95,Defaults,Tuning,0.03617990016937256,0.9638200998306274
Ela_metadataset,XGBoost,0.95,Defaults,Defaults,0.6751471757888794,0.3248527944087982
Ela_metadataset,XGBoost,0.95,Defaults,Tuning,0.2668440341949463,0.7331559658050537
Ela_metadataset,XGBoost,0.95,Defaults,Defaults,0.9652208089828491,0.03477918729186058
Ela_metadataset,XGBoost,0.95,Tuning,Tuning,0.007326781749725342,0.9926732182502747
Ela_metadataset,XGBoost,0.95,Tuning,Tuning,0.00966489315032959,0.9903351068496704
Ela_metadataset,XGBoost,0.95,Tuning,Tuning,0.002103090286254883,0.9978969097137451
Ela_metadataset,XGBoost,0.95,Defaults,Tuning,0.35083961486816406,0.6491603851318359
Ela_metadataset,XGBoost,0.95,Defaults,Tuning,0.08489900827407837,0.9151009917259216
Ela_metadataset,XGBoost,0.95,Defaults,Defaults,0.5014179944992065,0.49858197569847107
Ela_metadataset,XGBoost,0.95,Defaults,Defaults,0.9781395792961121,0.02186042256653309
Ela_metadataset,XGBoost,0.95,Tuning,Defaults,0.6592743396759033,0.34072569012641907
Ela_metadataset,XGBoost,0.95,Tuning,Tuning,0.27366137504577637,0.7263386249542236
Ela_metadataset,XGBoost,0.95,Defaults,Defaults,0.9803988337516785,0.019601184874773026
Ela_metadataset,XGBoost,0.95,Tuning,Tuning,0.0009284019470214844,0.9990715980529785
Ela_metadataset,XGBoost,0.95,Defaults,Tuning,0.2521616220474243,0.7478383779525757
Ela_metadataset,XGBoost,0.95,Tuning,Tuning,0.0025538206100463867,0.9974461793899536
Ela_metadataset,XGBoost,0.95,Tuning,Tuning,0.06752347946166992,0.9324765205383301
Ela_metadataset,XGBoost,0.95,Defaults,Tuning,0.45429563522338867,0.5457043647766113
Ela_metadataset,XGBoost,0.95,Tuning,Defaults,0.7401947975158691,0.25980517268180847
Ela_metadataset,XGBoost,0.95,Defaults,Defaults,0.8407502174377441,0.15924981236457825
Ela_metadataset,XGBoost,0.95,Tuning,Tuning,0.005276203155517578,0.9947237968444824
Ela_metadataset,XGBoost,0.95,Tuning,Tuning,0.00836092233657837,0.9916390776634216
Ela_metadataset,XGBoost,0.95,Tuning,Tuning,0.05705004930496216,0.9429499506950378
Ela_metadataset,XGBoost,0.95,Defaults,Tuning,0.006201326847076416,0.9937986731529236
Ela_metadataset,XGBoost,0.95,Tuning,Tuning,0.006152808666229248,0.9938471913337708
Ela_metadataset,XGBoost,0.95,Tuning,Tuning,0.01783573627471924,0.9821642637252808
Ela_metadataset,XGBoost,0.95,Tuning,Tuning,0.006494641304016113,0.9935053586959839
Ela_metadataset,XGBoost,0.95,Defaults,Tuning,0.00400698184967041,0.9959930181503296
Ela_metadataset,XGBoost,0.95,Tuning,Tuning,0.04248303174972534,0.9575169682502747
Ela_metadataset,XGBoost,0.95,Tuning,Tuning,0.01664203405380249,0.9833579659461975
Ela_metadataset,XGBoost,0.95,Tuning,Tuning,0.002774834632873535,0.9972251653671265
Ela_metadataset,XGBoost,0.95,Tuning,Tuning,0.012736141681671143,0.9872638583183289
Ela_metadataset,XGBoost,0.95,Tuning,Defaults,0.5770751237869263,0.42292484641075134
Ela_metadataset,XGBoost,0.95,Tuning,Tuning,0.03710049390792847,0.9628995060920715
Ela_metadataset,XGBoost,0.95,Tuning,Tuning,0.02484285831451416,0.9751571416854858
Ela_metadataset,XGBoost,0.95,Defaults,Tuning,0.04961955547332764,0.9503804445266724
Ela_metadataset,XGBoost,0.95,Tuning,Tuning,0.06370455026626587,0.9362954497337341
Ela_metadataset,XGBoost,0.95,Tuning,Tuning,0.0009505152702331543,0.9990494847297668
Ela_metadataset,XGBoost,0.95,Tuning,Tuning,0.03998863697052002,0.96001136302948
Ela_metadataset,XGBoost,0.95,Tuning,Tuning,0.04379594326019287,0.9562040567398071
Ela_metadataset,XGBoost,0.95,Tuning,Tuning,0.004046440124511719,0.9959535598754883
Ela_metadataset,XGBoost,0.95,Tuning,Tuning,0.004729568958282471,0.9952704310417175
Ela_metadataset,XGBoost,0.95,Tuning,Tuning,0.2400866150856018,0.7599133849143982
Ela_metadataset,XGBoost,0.95,Tuning,Tuning,0.16650813817977905,0.833491861820221
Ela_metadataset,XGBoost,0.95,Defaults,Tuning,0.10546064376831055,0.8945393562316895
Ela_metadataset,XGBoost,0.95,Tuning,Tuning,0.008904337882995605,0.9910956621170044
Ela_metadataset,XGBoost,0.95,Defaults,Tuning,0.2756339907646179,0.7243660092353821
Ela_metadataset,XGBoost,0.95,Tuning,Tuning,0.0007845163345336914,0.9992154836654663
Ela_metadataset,XGBoost,0.95,Tuning,Tuning,0.08741968870162964,0.9125803112983704
Ela_metadataset,XGBoost,0.95,Tuning,Tuning,0.002367854118347168,0.9976321458816528
Ela_metadataset,XGBoost,0.95,Tuning,Tuning,0.043299734592437744,0.9567002654075623
Ela_metadataset,XGBoost,0.95,Defaults,Tuning,0.37653565406799316,0.6234643459320068
Ela_metadataset,XGBoost,0.95,Defaults,Defaults,0.8354907631874084,0.16450925171375275
Ela_metadataset,XGBoost,0.95,Tuning,Tuning,0.05139315128326416,0.9486068487167358
Ela_metadataset,XGBoost,0.95,Tuning,Tuning,0.0627012848854065,0.9372987151145935
Ela_metadataset,XGBoost,0.95,Tuning,Tuning,0.01922816038131714,0.9807718396186829
Ela_metadataset,XGBoost,0.95,Tuning,Tuning,0.005887091159820557,0.9941129088401794
Ela_metadataset,XGBoost,0.95,Tuning,Tuning,0.015380442142486572,0.9846195578575134
Ela_metadataset,XGBoost,0.95,Tuning,Tuning,0.037523627281188965,0.962476372718811
Ela_metadataset,XGBoost,0.95,Tuning,Tuning,0.0926942229270935,0.9073057770729065
Ela_metadataset,XGBoost,0.95,Tuning,Tuning,0.1636568307876587,0.8363431692123413
Ela_metadataset,XGBoost,0.95,Defaults,Tuning,0.0596887469291687,0.9403112530708313
Ela_metadataset,XGBoost,0.95,Tuning,Defaults,0.8284721970558167,0.17152778804302216
Ela_metadataset,XGBoost,0.95,Tuning,Tuning,0.25024545192718506,0.7497545480728149
Ela_metadataset,XGBoost,0.95,Tuning,Tuning,0.04268735647201538,0.9573126435279846
Ela_metadataset,XGBoost,0.95,Tuning,Defaults,0.9830028414726257,0.016997143626213074
Ela_metadataset,XGBoost,0.95,Defaults,Tuning,0.44696515798568726,0.5530348420143127
Ela_metadataset,XGBoost,0.95,Tuning,Tuning,0.0419011116027832,0.9580988883972168
Ela_metadataset,XGBoost,0.95,Tuning,Tuning,0.009417295455932617,0.9905827045440674
Ela_metadataset,XGBoost,0.95,Tuning,Tuning,0.0013515353202819824,0.998648464679718
Ela_metadataset,XGBoost,0.95,Defaults,Tuning,0.0023246407508850098,0.997675359249115
Ela_metadataset,XGBoost,0.95,Tuning,Tuning,0.23203033208847046,0.7679696679115295
Ela_metadataset,XGBoost,0.95,Tuning,Tuning,0.302304744720459,0.697695255279541
Ela_metadataset,XGBoost,0.95,Tuning,Tuning,0.024935364723205566,0.9750646352767944
Ela_metadataset,XGBoost,0.95,Defaults,Defaults,0.8944869637489319,0.1055130586028099
Ela_metadataset,XGBoost,0.95,Defaults,Tuning,0.49335652589797974,0.5066434741020203
Ela_metadataset,XGBoost,0.95,Tuning,Defaults,0.7730173468589783,0.22698265314102173
Ela_metadataset,XGBoost,0.95,Tuning,Tuning,0.001284956932067871,0.9987150430679321
Ela_metadataset,XGBoost,0.95,Tuning,Tuning,0.008948326110839844,0.9910516738891602
Ela_metadataset,XGBoost,0.95,Defaults,Tuning,0.016270577907562256,0.9837294220924377
Ela_metadataset,XGBoost,0.95,Defaults,Defaults,0.5642484426498413,0.4357515275478363
Ela_metadataset,XGBoost,0.95,Defaults,Defaults,0.9912296533584595,0.008770374581217766
Ela_metadataset,XGBoost,0.95,Tuning,Tuning,0.0016968250274658203,0.9983031749725342
Ela_metadataset,XGBoost,0.95,Defaults,Tuning,0.4421226978302002,0.5578773021697998
Ela_metadataset,XGBoost,0.95,Tuning,Tuning,0.11385136842727661,0.8861486315727234
Ela_metadataset,XGBoost,0.95,Tuning,Tuning,0.0016951560974121094,0.9983048439025879
Ela_metadataset,XGBoost,0.95,Defaults,Tuning,0.07715213298797607,0.9228478670120239
Ela_metadataset,XGBoost,0.95,Defaults,Tuning,0.13388729095458984,0.8661127090454102
Ela_metadataset,XGBoost,0.95,Tuning,Tuning,0.28161531686782837,0.7183846831321716
Ela_metadataset,XGBoost,0.95,Tuning,Tuning,0.45176976919174194,0.5482302308082581
Ela_metadataset,XGBoost,0.95,Defaults,Tuning,0.014709949493408203,0.9852900505065918
Ela_metadataset,XGBoost,0.95,Tuning,Tuning,0.0009308457374572754,0.9990691542625427
Ela_metadataset,XGBoost,0.95,Tuning,Tuning,0.28898197412490845,0.7110180258750916
Ela_metadataset,XGBoost,0.95,Tuning,Tuning,0.4013890027999878,0.5986109972000122
Ela_metadataset,XGBoost,0.95,Tuning,Tuning,0.00946199893951416,0.9905380010604858
